,2025-01-01,2025-01-02,2025-01-03,2025-01-04,2025-01-05,2025-01-06,2025-01-07,2025-01-08,2025-01-09,2025-01-10,2025-01-11,2025-01-12,2025-01-13,2025-01-14,2025-01-15,2025-01-16,2025-01-17,2025-01-18,2025-01-19,2025-01-20,2025-01-21,2025-01-22,2025-01-23,2025-01-24,2025-01-25,2025-01-26,2025-01-27,2025-01-28,2025-01-29,2025-01-30,2025-01-31,2025-02-01,2025-02-02,2025-02-03,2025-02-04,2025-02-05,2025-02-06,2025-02-07,2025-02-08,2025-02-09,2025-02-10,2025-02-11,2025-02-12,2025-02-13,2025-02-14,2025-02-15,2025-02-16,2025-02-17,2025-02-18,2025-02-19,2025-02-20,2025-02-21,2025-02-22,2025-02-23,2025-02-24,2025-02-25,2025-02-26,2025-02-27,2025-02-28,2025-03-01,2025-03-02,2025-03-03,2025-03-04,2025-03-05,2025-03-06,2025-03-07,2025-03-08,2025-03-09,2025-03-10,2025-03-11,2025-03-12,2025-03-13,2025-03-14,2025-03-15,2025-03-16,2025-03-17,2025-03-18,2025-03-19,2025-03-20,2025-03-21,2025-03-22,2025-03-23,2025-03-24,2025-03-25,2025-03-26,2025-03-27,2025-03-28,2025-03-29,2025-03-30,2025-03-31,2025-04-01,2025-04-02,2025-04-03,2025-04-04,2025-04-05,2025-04-06,2025-04-07,2025-04-08,2025-04-09,2025-04-10,2025-04-11,2025-04-12,2025-04-13,2025-04-14,2025-04-15,2025-04-16,2025-04-17,2025-04-18,2025-04-19,2025-04-20,2025-04-21,2025-04-22,2025-04-23,2025-04-24,2025-04-25,2025-04-26,2025-04-27,2025-04-28,2025-04-29,2025-04-30,2025-05-01,2025-05-02,2025-05-03,2025-05-04,2025-05-05,2025-05-06,2025-05-07,2025-05-08,2025-05-09,2025-05-10,2025-05-11,2025-05-12,2025-05-13,2025-05-14,2025-05-15,2025-05-16,2025-05-17,2025-05-18,2025-05-19,2025-05-20,2025-05-21,2025-05-22,2025-05-23,2025-05-24,2025-05-25,2025-05-26,2025-05-27,2025-05-28,2025-05-29,2025-05-30,2025-05-31,2025-06-01,2025-06-02,2025-06-03,2025-06-04,2025-06-05,2025-06-06,2025-06-07,2025-06-08,2025-06-09,2025-06-10,2025-06-11,2025-06-12,2025-06-13,2025-06-14,2025-06-15,2025-06-16,2025-06-17,2025-06-18,2025-06-19,2025-06-20,2025-06-21,2025-06-22,2025-06-23,2025-06-24,2025-06-25,2025-06-26,2025-06-27,2025-06-28,2025-06-29,2025-06-30,2025-07-01,2025-07-02,2025-07-03,2025-07-04,2025-07-05,2025-07-06,2025-07-07,2025-07-08,2025-07-09,2025-07-10,2025-07-11,2025-07-12,2025-07-13,2025-07-14,2025-07-15,2025-07-16,2025-07-17,2025-07-18,2025-07-19,2025-07-20,2025-07-21,2025-07-22,2025-07-23,2025-07-24,2025-07-25,2025-07-26,2025-07-27,2025-07-28,2025-07-29,2025-07-30,2025-07-31,2025-08-01,2025-08-02,2025-08-03,2025-08-04,2025-08-05,2025-08-06,2025-08-07,2025-08-08,2025-08-09,2025-08-10,2025-08-11,2025-08-12,2025-08-13,2025-08-14,2025-08-15,2025-08-16,2025-08-17,2025-08-18,2025-08-19,2025-08-20,2025-08-21,2025-08-22,2025-08-23,2025-08-24,2025-08-25,2025-08-26,2025-08-27,2025-08-28,2025-08-29,2025-08-30,2025-08-31,2025-09-01,2025-09-02,2025-09-03,2025-09-04,2025-09-05,2025-09-06,2025-09-07,2025-09-08,2025-09-09,2025-09-10,2025-09-11,2025-09-12,2025-09-13,2025-09-14,2025-09-15,2025-09-16,2025-09-17,2025-09-18,2025-09-19,2025-09-20,2025-09-21,2025-09-22,2025-09-23,2025-09-24,2025-09-25,2025-09-26,2025-09-27,2025-09-28,2025-09-29,2025-09-30,2025-10-01,2025-10-02,2025-10-03,2025-10-04,2025-10-05,2025-10-06,2025-10-07,2025-10-08,2025-10-09,2025-10-10,2025-10-11,2025-10-12,2025-10-13,2025-10-14,2025-10-15,2025-10-16,2025-10-17,2025-10-18,2025-10-19,2025-10-20,2025-10-21,2025-10-22,2025-10-23,2025-10-24,2025-10-25,2025-10-26,2025-10-27,2025-10-28,2025-10-29,2025-10-30,2025-10-31,2025-11-01,2025-11-02,2025-11-03,2025-11-04,2025-11-05,2025-11-06,2025-11-07,2025-11-08,2025-11-09,2025-11-10,2025-11-11,2025-11-12,2025-11-13,2025-11-14,2025-11-15,2025-11-16,2025-11-17,2025-11-18,2025-11-19,2025-11-20,2025-11-21,2025-11-22,2025-11-23,2025-11-24,2025-11-25,2025-11-26,2025-11-27,2025-11-28,2025-11-29,2025-11-30,2025-12-01,2025-12-02,2025-12-03,2025-12-04,2025-12-05,2025-12-06,2025-12-07,2025-12-08,2025-12-09,2025-12-10,2025-12-11,2025-12-12,2025-12-13,2025-12-14,2025-12-15,2025-12-16,2025-12-17,2025-12-18,2025-12-19,2025-12-20,2025-12-21,2025-12-22,2025-12-23,2025-12-24,2025-12-25,2025-12-26,2025-12-27,2025-12-28,2025-12-29,2025-12-30,2025-12-31
0,7.0838,6.835,11.29,11.3987,6.2919,17.1153,15.5223,14.0668,6.9882,17.1759,19.8918,12.5175,16.8054,11.1902,98.7848,49.35,30.2286,18.8564,17.0662,34.9697,15.4405,17.018,16.8056,10.6048,9.0479,13.4107,7.9718,14.1706,16.4508,7.1163,14.5637,14.44,6.6327,8.1428,10.7866,8.5186,10.0833,11.3127,13.516,9.1327,10.6493,8.3664,8.337,21.0483,8.7598,7.4521,7.3427,12.2015,14.2002,4.18,15.7093,10.1374,4.7896,10.8467,9.2142,11.8093,17.1347,8.3827,16.4778,15.3531,8.0001,16.6781,15.6144,14.6645,13.9294,8.3465,8.0001,11.3568,23.174,8.6072,13.1586,18.4155,5.3696,6.0,16.9652,21.4231,7.59,14.8496,17.6072,7.2895,6.7295,18.8641,20.3268,25.0,21.855,31.7568,17.8967,11.3128,15.0348,9.6117,14.7845,12.7832,13.0897,19.5865,9.3145,13.8122,15.0476,26.7051,20.7591,20.2363,15.2111,37.6561,8.2585,13.2591,16.5712,15.0384,16.7581,18.1402,13.4352,13.3034,15.698,21.9693,15.1183,16.1275,7.6035,14.1817,12.175,11.2599,25.7336,11.2602,12.6266,13.9265,20.6729,10.6765,22.7892,8.2374,8.3441,12.0725,17.28,18.5802,16.7091,5.9445,22.5318,23.6051,14.796,15.0797,23.1574,9.9713,15.2166,18.583,16.8226,13.6384,15.1736,8.8571,24.3104,15.3421,15.1101,14.6196,10.2619,6.0026,18.5202,16.177,10.9911,14.479,9.895,16.8972,15.6666,11.553,11.4774,8.208,7.5553,8.2536,30.7919,13.1203,17.0361,9.9641,16.7122,12.9392,11.0229,9.8725,9.6807,14.7079,9.4377,22.5023,23.5246,15.0493,18.6265,16.8877,17.6127,21.1738,13.1069,8.0037,18.1701,25.0645,14.4564,11.12,18.4256,8.0427,10.9336,17.0192,24.1029,23.7726,17.9555,12.5742,17.7564,13.1184,16.7281,28.5544,18.3486,11.5568,11.9976,12.5711,10.4285,14.9178,19.8271,22.6433,14.0179,9.8238,9.2405,15.5615,13.9574,15.0528,13.7251,27.4045,23.5951,18.8366,14.5876,17.5101,18.2176,12.1343,11.399,9.0104,7.7671,9.0714,13.7402,7.2878,15.3719,13.9106,11.0767,14.2356,10.0458,9.0597,8.8073,8.286,10.3497,6.8298,10.6911,11.8262,20.7604,22.8343,9.2508,12.4066,12.5515,8.9714,6.0703,6.6242,4.6733,8.0574,8.4892,5.1552,5.7826,6.1678,10.1907,9.6726,8.3593,8.3131,6.9436,7.3007,10.7972,12.5542,12.8787,12.4788,14.5117,9.0486,10.5503,8.4391,15.49,11.6335,12.4024,9.2875,9.0362,7.852,10.0009,14.9893,13.405,20.7701,15.1021,10.451,10.074,15.8174,9.3425,11.2863,13.0266,8.5389,10.4491,10.2868,10.262,7.2711,9.2895,8.0151,16.6443,21.1059,7.2954,13.2401,15.0668,32.9074,13.4476,10.1626,12.7295,8.0007,10.8304,27.8293,25.6935,19.7281,11.7907,6.7964,8.6845,15.992,8.0125,16.2112,14.6518,14.3572,16.2028,14.0283,23.9101,9.3316,15.0317,18.3138,11.2871,14.2839,8.0344,13.147,15.0508,10.9204,11.249,20.7457,7.3867,14.4847,7.9634,23.0407,15.0822,17.1906,19.8274,13.3606,16.739,18.4243,17.3714,25.6604,12.7579,9.7753,11.9395,15.5461,16.8368,13.752,22.3775,15.3477,14.2519,13.8962,20.2801,9.3592,27.902,10.4492,15.613,15.2553,15.9877,12.6068,7.9999,9.9835,7.0902,4.8437,9.4033,10.6623,12.1777,14.9243,11.15
1,5.814,7.8391,9.0212,10.7066,5.4045,14.443,10.3844,15.2679,7.9995,9.356,13.4765,15.2809,14.9636,8.6911,56.0202,22.2615,29.1464,18.5428,21.3875,15.0911,14.6379,24.1709,12.5055,7.242,6.3826,7.0631,6.5864,9.4875,6.6832,4.9399,7.4949,10.4994,6.7604,8.0125,8.0,8.0,6.7007,12.8931,12.1186,8.0,8.9928,5.4306,4.908,15.6604,5.7192,5.4938,4.26,10.5017,9.3962,4.26,8.0124,4.9358,4.6814,8.1513,9.8971,8.0,7.9007,10.8337,17.6501,14.5663,8.1606,16.745,16.2379,8.5501,8.0662,6.6378,9.8437,8.4035,22.3338,8.0,11.8752,8.3187,3.2316,9.532,13.7433,9.0209,6.9486,16.7601,6.3769,3.7139,4.992,9.8073,25.0,25.0,25.0,25.33,13.7716,11.7029,14.9752,6.6864,15.5608,16.6211,18.9576,20.9796,7.848,13.6777,12.1154,20.7517,13.5403,22.766,14.193,31.4756,10.7451,10.7048,9.1326,15.0384,18.5647,13.2649,16.4572,7.7075,16.7844,16.456,12.7993,17.1673,8.1389,13.8717,13.7125,11.3222,27.5712,8.2473,12.261,10.2631,20.9221,11.3261,25.9688,8.0096,14.0287,11.2775,14.0156,14.1569,17.0805,4.142,20.3297,30.7063,14.8012,13.6008,17.9818,8.234,10.3233,21.8959,12.4248,10.252,9.8215,8.5274,12.3076,12.3954,15.8375,8.223,8.5771,8.2461,15.0329,12.8623,8.1237,11.4416,6.1746,13.7311,7.2836,10.2138,9.9724,8.0092,6.2008,7.2961,15.4368,9.6833,10.2084,10.8384,13.1476,11.3967,9.5481,11.6701,7.2905,9.1592,12.8338,12.4076,15.1957,11.6434,11.7059,11.0943,11.7095,12.9512,8.8803,8.3184,15.9622,20.5611,11.2396,9.0108,15.6553,6.5132,9.4669,16.4184,12.2616,12.4693,10.8734,9.4458,15.4963,12.3958,11.7019,15.9055,11.3015,7.8127,5.7377,7.8538,5.7445,10.7931,11.5957,12.1664,8.9829,7.7309,9.2794,10.0759,7.4932,15.499,9.2235,18.1097,15.7406,12.2257,7.6677,9.6734,14.078,7.1897,8.9648,5.6876,6.7875,4.9078,9.8661,8.9563,7.9504,12.1786,6.8802,6.8527,6.5697,5.7234,6.3856,6.3628,11.5905,6.2195,10.0521,7.3508,10.2826,12.5438,7.6827,9.8869,8.1454,7.4369,4.6633,5.7496,5.5535,5.4773,7.4477,5.932,4.2345,10.2068,11.2481,4.907,8.0,8.9104,8.0976,7.8296,10.5592,12.0606,11.1674,13.6677,9.9508,8.0097,8.0097,5.8147,6.4028,8.1583,8.6994,4.2403,4.2394,3.8406,4.8008,8.0098,7.8424,17.2338,19.2034,9.9615,8.8676,10.3666,5.3292,6.0826,6.3133,7.3703,6.0632,7.0962,7.9997,4.8591,7.9996,8.0094,13.5267,16.6828,6.3668,17.3792,15.2165,22.3237,8.0092,17.3388,6.7333,7.0625,12.1021,22.9227,21.1119,15.0568,6.0109,6.4788,4.5738,11.1584,8.0,11.0151,10.7396,14.6853,12.1896,11.047,11.9363,9.838,15.5389,15.0535,15.0598,15.0547,12.1599,11.5023,15.0508,10.4637,10.1678,15.3431,8.0898,13.2227,8.274,17.2428,15.0822,15.0948,14.2471,11.2744,13.28,13.576,16.0121,25.7059,8.7286,14.0711,12.8031,15.5273,11.2853,17.1597,17.5638,17.1804,9.966,15.103,12.3602,8.0366,21.3943,10.334,15.804,20.7668,11.8476,10.1452,5.2403,7.4709,6.6604,4.1625,8.0063,7.2428,10.8114,5.5992,10.0483
2,5.9607,6.4476,11.5922,8.7287,5.5129,12.4472,6.9002,16.1155,9.8071,9.9904,12.7379,15.7386,16.6855,10.5859,65.3384,25.9909,15.8455,18.0357,18.4014,11.4809,14.1961,19.2964,11.5264,7.5402,6.2351,7.5069,6.1392,9.9789,3.5969,4.689,6.968,11.5848,6.3381,8.0006,6.3404,7.8542,6.6558,10.743,11.1515,10.8939,8.0006,5.4449,4.5335,13.1859,5.9701,3.9483,2.2009,9.0284,7.534,3.9483,5.8819,4.1744,3.9614,6.1181,8.6037,4.7298,5.8793,11.795,13.4042,12.5976,8.0213,14.3629,17.5578,4.7411,3.0164,4.8304,8.0,11.7887,15.262,5.7744,3.4503,6.4504,7.9995,9.817,11.0071,5.2231,3.9471,7.8847,2.0553,2.4657,2.0438,8.0112,20.3385,15.4907,20.6775,11.9029,7.1138,11.9954,15.7701,11.7813,11.9342,17.4933,14.4369,13.2257,6.3906,12.0076,10.1399,13.6212,8.0423,10.8024,11.1764,12.8267,8.403,8.7479,6.3025,15.0384,11.9195,10.5018,13.9047,8.007,10.5259,6.5718,15.0354,9.9771,7.5363,12.8534,12.8365,13.2545,16.7015,5.2623,10.6523,8.8786,11.7936,7.3402,19.6718,8.825,15.0445,10.9595,8.7569,7.5053,9.1557,3.4264,14.8597,17.0722,6.3915,5.8549,11.607,7.6822,7.2466,19.0734,8.0168,8.0165,6.4112,12.0696,10.1414,11.3783,11.0535,5.7036,7.0642,5.3856,8.2678,8.7039,4.9251,11.2509,4.2467,8.7077,3.7807,8.008,8.712,8.0081,4.2675,4.3025,8.5389,10.578,8.7327,9.1855,10.2186,12.6644,13.1113,12.3537,5.613,6.9316,10.6546,7.297,7.459,9.4398,6.2005,8.2306,8.9101,10.803,7.3772,6.2256,14.9444,17.054,8.0098,6.6071,7.6625,6.5617,6.9371,10.9533,6.5262,7.5734,5.9507,6.6438,8.7598,12.2096,9.1876,10.0237,8.7771,5.4708,4.424,4.8619,4.4107,7.0317,6.1878,5.334,6.3722,8.4634,11.4059,11.7179,10.7164,9.4783,9.6314,9.3515,10.0802,5.4058,5.0064,6.1333,8.2851,6.6564,6.5778,4.4652,5.7743,3.0897,6.5284,8.3878,3.6532,7.6619,4.9962,5.1665,3.3991,3.3431,7.4958,8.775,10.3176,8.8989,9.6431,5.2817,5.3774,6.3267,8.0079,6.0108,4.1684,4.3869,2.7753,3.2741,5.4206,2.9387,6.3349,8.2962,5.2956,7.6198,10.3998,10.8923,6.4271,7.386,8.5234,5.2098,8.6549,9.4153,11.2111,11.4194,5.8202,7.7089,8.0083,10.5998,3.7898,4.9593,6.367,4.5544,5.4533,3.7898,3.7898,7.6698,5.2464,14.0654,10.7565,7.4041,10.3492,8.0092,6.2305,7.3227,3.9117,7.9996,2.1689,6.2562,8.6089,3.4011,6.771,10.3249,10.922,17.7964,8.0093,17.806,20.5351,15.1471,8.0092,13.307,4.225,7.8558,9.8298,17.7898,15.6979,17.9314,3.8227,10.3242,9.8233,10.23,4.2414,9.0061,10.5793,13.6357,11.8114,9.3055,9.7546,8.0717,17.9544,16.4089,15.0598,15.0547,12.1818,8.0571,10.6954,10.6223,11.8147,12.893,11.874,11.0613,10.5935,16.6519,16.7038,15.0948,11.9115,11.5754,13.2177,15.3718,18.4921,23.9945,11.2804,13.9871,12.2485,12.6851,12.1837,25.0,11.8541,13.24,15.0292,15.6464,10.6334,9.5153,15.1117,9.2051,18.5937,20.2819,11.2509,7.2272,5.9173,8.2335,5.916,4.8015,8.1233,8.0394,7.9125,5.4537,8.8356
3,6.6801,5.1375,9.9905,6.2632,4.5628,9.5811,5.685,14.1289,10.753,10.3164,9.8733,14.5214,11.8085,13.2455,54.739,13.9576,11.41,13.9642,15.2076,11.0211,13.412,19.3568,11.4303,6.1187,4.9627,6.0145,6.498,9.9491,2.6688,6.0236,4.4205,11.608,6.4176,2.7508,4.9273,8.0126,4.2705,11.3878,8.3968,12.2048,8.4229,4.9269,4.4662,9.2447,4.587,2.8145,3.9403,9.1987,7.0992,5.3081,3.5003,3.002,3.0565,4.9911,8.5957,3.1789,4.1925,11.1597,16.9357,19.4954,8.3363,9.9617,18.8997,8.124,2.1416,3.327,8.9865,11.5593,11.3942,9.8204,15.1883,4.4206,13.0646,14.291,15.318,6.1333,5.8272,7.6933,2.0557,3.9536,2.0541,8.0131,25.0,25.8167,27.5419,10.6622,4.28,8.063,15.3785,11.142,11.296,9.361,14.2128,9.68,8.0171,8.594,9.4208,12.1563,7.7098,7.8876,13.2777,8.5424,10.0963,11.1407,8.0172,13.0151,8.4972,10.3335,12.0798,8.0172,11.3999,5.0428,11.8006,7.6022,9.9382,10.2017,11.2278,13.195,10.6279,10.033,8.7623,8.4977,6.4644,7.647,14.2624,7.6984,15.9561,11.7386,6.2049,5.2887,6.8448,4.1195,8.1023,9.1853,4.4544,6.9459,7.1246,8.9837,8.4256,17.8569,13.8914,7.749,4.1195,8.7933,7.0688,9.4169,6.9186,2.8192,5.7152,4.1195,4.8551,7.7772,7.7706,10.7369,5.7103,3.1237,5.2338,6.5899,6.2337,7.0516,2.4829,3.8273,4.2472,7.2845,5.2755,6.7151,11.2384,12.5707,11.8877,13.2201,2.2009,4.4355,8.0094,4.1801,4.2494,9.2338,5.4398,8.724,8.0342,7.4058,6.3033,7.1263,12.1262,10.4265,6.5348,6.4215,6.6333,5.4122,4.8846,6.9708,2.0678,3.6295,2.9215,6.5293,9.3113,8.4997,8.4718,4.6498,4.9504,2.1799,2.2592,4.0901,2.4898,3.6557,3.8972,3.3805,5.0733,5.1799,14.1381,13.7975,9.3417,7.7874,5.9505,5.8169,5.0833,3.2225,2.8203,5.3763,3.6589,4.2519,9.1745,3.3984,4.6446,7.0119,3.9568,8.2917,4.2519,3.8834,2.7197,2.2152,3.8689,3.0656,6.3833,8.6716,11.2035,10.4737,10.7901,7.5121,4.2993,3.3772,6.5025,3.8189,3.8689,3.8689,3.9288,3.7718,7.9546,6.3518,4.226,8.6304,8.0123,8.0123,11.3124,8.4188,7.9996,11.378,8.0123,8.0123,7.9996,8.4188,9.8118,11.3124,4.2952,8.0125,8.0123,7.9996,2.0651,3.214,4.3026,3.9287,5.5904,3.9288,3.0302,6.4451,4.5504,8.4712,8.0121,6.3025,7.8251,6.5133,4.8962,7.2774,5.3515,3.5735,4.7948,5.5345,8.0121,3.7301,6.2812,9.5189,8.2936,23.0127,8.0121,8.7358,11.9152,11.2854,8.0121,8.2741,2.1311,5.8335,8.0121,13.5836,10.3727,14.6032,3.9235,11.6444,8.0599,11.5715,4.0946,9.0088,11.9295,11.2786,10.2765,9.0727,4.2018,7.1409,16.8943,9.9116,15.0598,15.1373,9.0819,8.0,12.6229,9.9025,11.0883,9.1977,11.2191,11.0883,9.9134,15.8567,15.0822,16.2383,9.9236,9.6226,12.5188,15.6867,15.9994,18.6025,10.4243,12.1531,11.4203,10.5954,12.7129,19.138,10.6885,10.6078,13.197,13.3786,8.1914,9.647,16.615,15.9751,12.8544,15.5492,8.793,10.3856,7.9995,8.8931,4.7944,6.2649,5.7186,6.7683,7.37,7.2496,8.0126
4,8.8198,5.7065,10.3608,5.5043,3.2519,7.8068,4.7074,11.5046,14.9732,9.4677,8.4268,8.4105,7.1583,9.7628,60.4693,27.9136,9.8722,9.7909,15.2648,10.8285,14.9601,12.8081,11.5046,4.7249,4.2437,4.0383,5.7774,13.0762,2.9948,5.8027,3.7876,11.5687,5.4863,2.5727,7.2654,9.3153,3.0089,9.9433,10.0113,9.6987,8.8684,4.8506,4.9856,5.512,4.3074,5.5152,7.1154,8.0347,8.0145,2.9868,2.0536,2.8607,2.7892,2.0592,10.1303,2.2932,4.9129,8.0,14.5509,15.2369,11.296,7.9995,14.0106,12.1224,2.054,2.5817,13.0063,11.3305,8.3744,6.0,11.7616,3.7863,11.2086,12.1728,11.7003,4.5508,7.6753,13.6576,2.0557,2.6555,2.1664,8.0082,8.1083,15.3306,19.4219,7.0973,2.0405,11.2086,10.7284,8.0082,11.6584,27.6941,17.2247,8.0,9.6537,11.1864,9.1828,10.683,8.0076,3.9067,15.4573,5.2953,8.0483,10.6757,8.4674,8.0841,8.0848,15.0339,11.0785,8.0074,8.2072,8.0,8.3738,5.0,8.0076,9.4491,11.7985,16.4827,6.8071,8.4663,11.8931,8.261,4.0378,7.8342,12.5983,6.9113,13.626,8.8003,4.8181,4.2386,3.7201,4.2386,7.4793,5.9607,6.2787,3.9875,4.2086,15.9721,18.5162,17.8562,13.9113,7.0892,8.0113,9.301,5.6461,16.5178,4.3169,2.053,3.2661,11.2843,3.8783,4.6308,3.9337,10.7379,6.3098,2.0638,5.3734,5.0936,8.5991,4.2479,2.0511,2.9989,2.1022,3.6897,5.4201,6.8018,12.1601,16.5579,12.6264,11.5893,2.2901,2.7812,6.7193,4.0252,6.2615,8.8517,3.8661,8.3481,5.3734,7.3765,4.0501,5.6177,8.0168,6.1583,6.5009,5.0645,4.0807,3.8411,2.2979,3.9833,1.5663,3.391,3.9564,5.9462,10.0389,9.1377,7.5294,3.2111,3.6706,2.598,4.0807,2.7971,2.0621,2.0621,2.0642,3.4169,4.3948,8.0166,11.2203,11.423,9.5193,8.0166,5.5923,4.3809,3.0012,2.751,3.8514,4.9446,2.851,5.2008,7.9999,4.8956,3.7838,7.9999,5.3584,6.3781,5.3584,2.727,2.751,8.8544,3.8514,3.8514,7.2049,8.0102,10.0608,4.5039,8.7284,5.3584,2.9729,2.2009,4.3645,2.4746,2.0545,3.6953,3.9116,3.9918,8.0078,3.5481,3.7706,5.5779,8.0077,8.0077,13.1899,8.0078,11.1971,10.6715,8.0077,8.0079,8.0078,8.0078,11.1971,11.1971,6.1836,7.4048,9.6949,8.425,2.0641,2.066,2.7717,7.0619,5.6261,5.0335,2.0425,6.6953,7.1081,14.0471,8.0135,7.6199,7.418,5.4823,5.4823,8.0904,5.4823,5.4823,5.0722,7.6081,8.0136,3.9028,3.0379,8.0135,10.5002,19.3313,8.0135,11.351,8.8374,7.5495,8.0135,8.0136,2.0631,3.1339,11.3445,9.8019,8.7324,17.4429,3.9729,11.1008,7.9997,10.7655,6.2311,6.8318,8.9503,11.5318,8.7936,7.1133,4.4739,4.9414,17.3828,8.0114,13.1968,16.0266,11.1139,8.0002,12.7403,10.7555,12.1582,6.7494,6.5618,11.1139,8.0114,15.3963,18.821,15.9498,10.0747,10.9574,13.3254,13.8105,12.5805,17.1245,13.2052,10.1825,15.6846,13.3587,8.3355,21.6603,9.8723,12.2515,18.0594,17.279,8.5023,8.7172,13.3034,11.0114,10.8757,12.1071,5.7524,13.1433,11.4448,7.7209,4.925,8.3355,8.6387,6.3948,9.8558,5.4953,8.0111
5,5.7135,5.679,6.2428,4.3664,4.5625,7.0517,5.2917,11.4098,18.9456,9.1913,5.4837,7.9747,12.5951,28.2996,89.3326,49.477,9.9808,9.3182,7.1286,9.0448,12.8413,11.4098,7.0296,3.2984,2.517,2.7558,3.7517,7.4236,2.9018,3.1865,2.077,11.4098,3.8164,8.1104,7.0833,6.3648,3.7708,9.2545,22.6514,29.6478,7.9995,4.2217,4.2133,6.3145,4.2217,7.9995,6.9683,7.0833,10.1401,3.7162,2.0524,2.2116,2.7603,5.2945,7.6261,2.0393,4.0245,8.2808,11.2655,14.7159,11.2086,8.0,14.5076,6.1879,2.0441,2.0543,6.5585,10.3586,6.5352,17.1209,9.8436,7.7851,13.7637,3.4108,7.5138,4.2935,6.5817,14.6874,2.1841,7.495,5.2423,14.7997,8.1083,8.7734,15.3503,5.8386,6.1276,8.4653,18.6007,13.853,28.4949,8.0146,16.0648,5.099,10.9987,9.363,11.3733,8.0149,8.4786,4.9161,16.535,4.9639,10.2579,11.3703,9.5958,9.363,10.2819,10.7523,8.0148,8.0003,7.2114,13.5595,8.0145,7.3697,14.1644,8.0145,8.5045,15.0375,6.6503,10.5551,9.3352,8.0139,3.9851,8.0142,8.4026,15.0449,19.8399,21.4199,11.1979,7.1109,3.5613,5.4948,6.7966,4.4062,7.1109,5.157,3.3514,16.5365,18.5165,21.2113,8.0139,14.505,8.0139,8.0139,8.0139,15.7864,3.785,2.1894,3.063,8.0139,6.7733,3.7096,12.4276,8.0161,11.3606,4.3365,17.2686,5.8418,11.9742,7.5447,2.7948,3.9949,2.9637,8.5605,4.4467,8.8109,13.1299,14.4896,14.4591,10.0137,2.8535,4.6359,5.5048,6.7998,5.7511,8.0142,6.3535,7.9678,8.5605,6.7415,7.087,6.0952,7.2213,2.4972,6.4488,4.4218,2.8796,5.0047,2.3006,3.6193,2.0573,4.0978,3.9132,10.478,12.7225,6.9564,12.0738,2.215,2.3837,2.9421,3.3665,3.0359,2.2862,2.5566,2.0563,2.3666,8.018,13.6335,13.3291,10.2538,7.9353,8.9489,11.3118,3.3423,2.8585,4.0019,5.4764,6.3301,2.8603,8.0143,8.4081,4.4575,5.6802,7.9994,6.3899,7.9994,7.9994,3.9718,6.6369,7.7131,4.6344,4.0019,8.0144,12.2835,12.3177,11.3657,8.2286,4.0019,3.323,2.8687,12.3548,5.0577,2.7967,2.512,4.3149,2.5588,10.9996,3.6793,7.0909,5.2008,8.0133,17.4031,11.3389,11.3389,11.3389,11.3389,8.0133,16.9763,11.3389,10.4226,9.7915,8.0133,4.5269,8.0133,8.4536,7.3654,4.319,3.3755,3.3946,7.9961,5.4745,5.3519,2.2792,6.9969,6.4869,14.1805,10.3863,6.8116,7.2569,4.6754,6.4755,7.9999,5.1033,8.019,5.4755,9.2899,7.5201,4.6265,7.1523,6.3259,8.019,10.9912,8.3093,12.1757,11.1897,4.1657,8.019,12.7734,7.9999,12.7551,11.485,18.4043,10.2843,9.9292,7.9999,8.0124,8.0224,5.6418,8.0101,6.4051,9.6785,11.0081,7.7703,4.805,3.8528,5.2677,15.5157,7.2757,11.7493,15.0547,30.6067,5.76,11.8724,12.4811,11.1008,3.5166,5.9059,11.1008,11.1008,12.4226,15.0822,16.0134,6.3539,10.222,8.6305,12.9333,8.0312,17.4864,21.4635,11.9899,11.7438,14.6072,8.8095,12.947,15.6871,13.6821,9.9447,14.7328,8.0003,6.852,8.2367,8.8417,9.8343,10.0649,8.0003,7.2463,6.1847,5.5091,4.2419,7.3199,4.9837,4.1868,4.9584,2.8835,8.2005
6,7.4129,2.602,9.9502,3.8926,7.9999,6.885,4.8794,19.4388,11.5535,7.1718,7.1718,23.9744,3.3616,53.5202,115.5981,37.5171,26.2186,7.1718,7.1718,12.6029,14.7032,19.5291,4.5088,3.097,2.7808,4.8362,6.9792,4.1545,2.5957,4.2515,2.0769,11.317,4.8575,25.0705,11.0187,7.059,4.3403,11.317,12.3104,8.0,7.8294,7.5253,3.7921,3.3013,6.7967,6.0,6.7103,8.5356,5.751,5.506,5.3637,2.0485,10.193,8.0126,2.2526,2.0393,5.4438,11.5413,20.7604,16.3027,8.0,8.0,18.9462,11.3282,2.0543,3.3949,6.4395,8.0129,5.8482,17.6777,8.384,7.9886,13.0836,6.0,6.7389,2.8779,8.3959,20.5642,2.116,7.2244,5.3296,14.7725,7.9998,8.0064,15.3742,6.0454,3.78,9.1603,28.5401,11.1635,26.6086,8.0074,11.189,5.0849,9.8218,11.189,11.2269,7.9999,8.0077,3.0273,11.189,2.386,8.0558,8.0558,8.0076,8.2074,10.0488,8.0076,8.0076,7.9999,5.6161,9.7836,8.0074,8.0074,8.345,8.1237,9.8648,14.1731,4.6973,10.4618,8.0108,15.3869,2.0526,11.2508,6.5216,15.0449,23.1369,24.4087,7.0851,7.3224,2.5874,7.8513,3.8724,3.3239,8.0107,4.6442,2.2172,13.8239,16.5159,15.9127,17.3746,13.8904,8.0107,8.298,8.0107,14.6194,2.1863,2.0543,2.4953,8.0107,5.2283,2.945,11.2083,8.0082,11.167,4.1565,2.1334,4.8446,8.1255,6.4132,2.5521,3.7293,3.556,9.5021,7.0525,8.3605,9.3579,13.3358,15.0568,7.9913,2.1045,6.4589,4.0655,7.2069,5.7732,11.0444,6.4548,5.3305,6.3804,5.0454,3.7293,9.1962,7.6364,2.0656,8.3344,3.5625,2.0545,4.3234,2.0545,1.7129,2.0555,2.4163,3.2495,8.0123,9.8076,6.3078,7.4705,2.0564,2.0642,2.0566,3.0945,2.664,2.0531,2.0508,2.0535,2.2514,6.7001,11.5936,9.2355,8.0123,6.7977,6.7749,10.8765,2.7978,2.2906,4.2751,5.4109,5.4109,2.0517,4.2762,8.0116,4.1777,5.2168,6.9661,6.2878,8.4189,6.2878,2.877,5.2878,4.9535,5.2878,5.23,7.8101,14.4257,13.8563,10.6936,8.0116,3.9029,2.9671,2.0536,8.0116,3.9029,2.3452,2.1627,3.8311,2.1927,10.4464,7.0757,5.4763,4.228,8.0095,8.2095,11.1696,12.6159,11.2412,11.2412,10.2021,15.8877,8.0095,11.5859,8.0095,8.0095,4.228,8.0096,7.9997,7.9997,2.8285,2.5587,5.0606,11.2412,3.8311,3.8311,2.9829,4.9757,7.9995,9.9472,13.141,7.088,8.0099,3.6041,7.9995,8.2418,7.0791,8.0099,7.0791,8.226,7.0791,2.0504,7.0792,8.0099,8.0099,8.0099,8.0099,8.8221,9.9675,3.3014,7.0791,12.2237,6.6062,10.989,12.9844,11.6809,8.8037,8.4114,6.1908,12.4021,8.0077,6.1049,8.0124,6.3052,7.9999,9.0505,7.9999,3.0389,7.4035,3.9316,15.0317,7.3463,15.0598,15.0547,11.1233,8.0484,11.7809,17.4744,22.725,5.1938,7.9999,15.0718,15.0718,9.3144,15.0822,15.0948,8.1113,8.4179,10.5984,8.2173,15.6699,13.8074,11.1255,15.3984,19.5925,14.7268,11.5102,13.5739,7.9997,13.5034,14.9398,13.1282,10.1977,9.0355,11.1657,8.0126,8.0127,8.9309,8.4954,10.5867,7.9997,4.3263,5.2705,8.2809,5.8274,4.9298,3.3108,5.4084,8.4413
7,6.4253,3.2442,8.0035,2.7932,6.9603,6.7815,4.5673,16.4667,11.2601,8.0004,7.0816,5.856,4.1421,69.2748,81.8015,54.0013,8.0005,7.8361,8.4824,12.6927,18.5845,18.6233,4.4888,2.178,2.1164,3.9905,4.0295,2.2091,2.0,3.857,2.077,11.2782,2.0535,25.0705,5.7317,5.2002,4.2375,7.7708,20.7228,8.1271,5.3895,7.0873,2.0487,3.8819,5.055,3.8819,5.9935,7.9996,5.3895,3.8904,3.8819,2.2217,2.7187,3.3032,2.0426,2.0393,7.9996,20.6136,24.369,19.2366,7.9998,5.2137,17.1652,11.1635,2.1303,2.1305,7.9998,8.0064,4.8473,4.5385,7.9998,4.6346,18.0797,12.6273,6.7514,2.146,10.6341,18.3601,2.4763,6.2507,5.5794,10.7817,8.0392,8.0072,16.5183,6.4357,2.6715,9.1798,21.7058,8.0573,21.5257,16.9582,10.9193,4.6975,8.9001,8.1631,11.3244,8.2807,8.013,3.9452,15.221,3.9452,8.0127,11.1636,8.013,8.0128,8.3782,8.0127,7.1019,7.6301,6.8974,8.4027,8.0127,5.0,14.6263,8.0127,10.538,11.2747,4.8251,8.621,8.0123,16.2597,2.0542,9.1845,3.9669,14.0001,15.0449,14.7217,7.7545,7.0981,2.286,7.0981,3.9291,2.4401,8.0123,3.6564,2.0645,15.4059,12.8574,13.515,13.9114,11.2953,8.0123,8.8787,6.7901,20.3431,2.2596,2.2495,5.3509,8.0123,5.0669,3.9408,11.9258,8.0086,10.9296,3.436,24.2595,4.1645,9.3382,7.784,2.0594,4.1645,4.5875,11.0835,4.1659,8.7191,8.0205,9.1246,15.0568,7.0556,2.0526,6.4789,7.1359,7.1835,9.5571,14.1669,5.2014,4.6055,7.5507,4.7704,2.7385,8.0093,8.0091,2.0655,7.6734,3.8175,2.0546,4.1131,2.0545,1.897,1.6184,2.0454,2.0435,8.0092,8.0091,5.8098,4.2159,2.0647,2.0643,2.0417,3.8175,2.0529,2.0531,2.0508,2.0454,2.1852,7.0726,12.2745,11.2313,8.6774,5.3238,6.1102,8.9029,2.7293,2.2119,4.2192,5.3274,5.3274,2.0517,7.0734,11.2338,4.0317,5.5092,6.2959,6.0272,8.0952,4.6446,2.3716,5.0476,3.821,3.821,6.9753,8.0093,11.2338,12.0831,9.9631,8.0092,4.2146,4.3183,2.1869,7.0734,2.9005,2.0545,2.2551,4.0442,5.944,11.2708,7.085,4.2549,4.7695,8.0106,8.0106,11.2708,11.2708,12.7122,11.2708,10.9759,16.9761,11.2708,10.9921,8.0106,8.0106,4.257,8.0206,6.785,7.085,2.7655,2.0663,7.085,8.9209,2.7655,3.7242,3.8717,7.0891,8.94,9.0439,12.6809,7.089,8.2818,5.2783,11.6914,8.3348,7.089,8.0111,7.089,9.968,8.0111,2.0568,7.089,8.0111,7.089,8.0111,10.1074,8.0111,8.0112,2.9069,8.0112,11.2838,3.8896,11.113,11.2838,14.8599,8.6935,8.0111,7.3875,11.3466,8.0077,6.1416,8.7576,5.5968,4.3679,8.0076,7.061,2.7641,6.7178,3.7671,14.8078,7.061,15.0598,15.0547,11.9496,8.8927,11.0763,15.0574,25.6401,3.35,7.9996,15.0718,15.0718,6.569,15.0823,21.365,7.8693,7.1001,8.9598,5.8563,10.2448,8.4975,11.032,13.0564,11.8576,14.4804,9.9635,11.0746,8.5202,11.2249,14.9162,10.5231,8.0075,8.0595,8.0075,8.0075,8.0076,8.0001,8.0075,8.397,8.0001,3.0251,3.126,4.5598,5.1001,2.938,2.1504,8.0001,8.0075
8,7.0519,4.3505,6.6059,2.0,6.4935,8.0041,4.7872,17.4173,11.3955,8.101,7.1241,5.5537,2.421,41.5503,72.8813,53.8103,10.4554,6.2244,12.7311,13.1526,16.0,9.7669,4.7535,2.2164,2.3548,4.6743,2.9097,2.318,2.0807,5.5537,2.0,13.003,2.6038,25.0705,6.3383,4.5741,4.7881,8.3855,14.1152,8.1598,3.7183,7.0928,2.0483,4.8832,7.0928,2.4942,7.9997,9.0767,4.8403,3.906,3.906,2.0452,7.3311,7.9997,2.0423,4.897,7.9997,13.3005,13.0404,14.5375,6.6045,6.9851,8.0392,11.1631,2.6362,2.9917,9.0072,8.0072,4.1674,6.6779,7.9998,5.8847,12.922,12.6272,6.863,2.3168,9.7358,22.2268,5.1442,6.7762,6.0352,10.4706,13.3652,9.0058,18.4442,6.536,3.702,8.0557,15.1165,8.0558,26.3209,27.4774,8.0088,5.0,13.0866,9.2125,11.2168,14.7785,8.0001,2.816,15.2652,3.7975,8.0086,11.2168,8.0086,8.0086,8.0086,8.0085,8.0002,6.3479,7.2905,8.0085,8.0085,3.7975,8.0085,8.0365,8.0195,8.0086,4.3299,8.1375,7.0944,14.2704,2.0542,8.0618,3.913,13.4616,15.0449,15.8914,8.6298,8.012,2.0617,8.385,2.7361,2.082,8.0118,3.0063,2.2409,5.4213,9.5976,13.9114,13.9114,11.1553,8.0118,8.8751,6.6593,21.4952,2.2442,2.3832,3.913,8.0118,5.0951,3.8728,11.2813,8.011,8.0092,3.4081,3.8178,3.3159,9.8298,7.5901,2.0518,3.8178,6.8351,8.0092,5.3242,8.0093,8.019,10.908,12.1776,5.7383,2.0882,6.9295,7.0727,7.1727,2.0481,9.2099,5.3242,6.227,8.181,7.8314,3.3536,8.4873,8.0159,2.0656,5.7552,4.0579,2.0464,2.5013,2.0467,1.7921,2.0558,2.0797,2.3198,11.4065,8.0159,5.3985,5.6399,2.0647,2.0643,2.0733,4.5353,2.0529,2.0531,2.0508,2.0537,3.9634,7.1275,10.6143,9.5499,8.0159,4.0579,5.5682,8.6038,2.8741,2.3072,4.2075,6.217,5.3099,2.1349,5.3099,11.2213,4.0395,5.3099,5.7849,5.3099,8.0088,4.0924,2.5525,5.217,3.8038,2.9749,7.0694,8.151,10.5916,12.3231,8.5038,8.151,5.217,5.1867,2.177,7.0695,2.767,2.0539,2.0539,3.843,3.8686,10.98,5.3499,4.2352,5.3499,8.0098,8.0098,11.2499,12.7774,14.1827,11.2499,8.235,16.976,11.4353,8.7793,8.235,8.035,5.0314,8.235,9.8447,6.4609,2.0565,2.0663,6.5963,8.0004,2.0568,3.4807,3.0182,8.011,9.2071,6.8394,14.5227,7.0863,8.0109,5.2698,10.3037,9.56,7.0863,7.9999,8.0108,7.9999,8.0108,2.4439,7.588,8.0109,6.0,8.0108,10.0123,8.2203,8.4152,2.0513,8.0109,11.5094,3.8084,13.0328,13.7528,11.2751,8.7757,10.5953,7.9997,9.2966,8.2886,8.2275,8.5608,5.7024,4.1845,8.157,7.1743,3.1626,7.4976,3.8395,15.0317,6.2084,15.0598,15.0547,12.8346,11.1527,10.5788,10.1729,22.4886,3.7911,11.5714,15.0718,15.0718,6.1127,15.0822,19.9588,7.8551,7.2008,9.4332,5.4426,8.3184,8.0854,9.2013,15.3533,14.2342,12.1802,8.0113,8.0111,9.4458,10.108,17.4482,14.1045,6.7087,8.0111,7.4848,11.1111,8.0112,8.4691,15.1285,9.7557,5.3185,2.4872,3.15,4.645,5.8212,2.9294,2.0633,8.0111,8.0111
9,7.0259,2.9008,6.193,2.8635,4.2663,5.7973,4.7371,18.6112,12.8812,9.8401,7.9998,6.5313,2.4842,42.0509,70.8469,48.8433,26.2186,7.9998,14.9159,15.6184,20.7801,17.6351,5.4444,2.277,2.5408,4.8763,2.8074,2.0648,2.238,5.4245,2.0,11.2374,3.3607,11.2374,5.6708,5.4818,5.8535,9.0487,15.2981,8.0095,5.3324,7.0745,2.0483,4.1723,7.0745,2.1893,7.9996,6.9204,3.9175,7.1804,3.9309,2.1892,8.1983,7.7301,2.0426,7.9996,7.4569,13.6833,15.3672,11.1471,7.9998,4.9375,7.9998,11.4382,3.4951,3.8901,9.4936,8.0058,4.2626,6.8432,10.7996,5.1158,10.0646,25.0,6.78,2.1557,8.5945,25.9872,8.0077,8.0077,6.9866,7.2685,13.7599,11.1956,17.8169,7.9994,3.7685,10.767,15.4728,8.0576,23.7881,26.7479,11.2099,5.1286,8.0083,9.2058,10.3807,12.1356,7.9998,3.7881,11.2099,4.3939,9.4546,11.9068,8.0083,8.0083,9.1969,8.0083,8.0082,8.0084,7.6157,8.0083,8.0082,4.6509,8.0339,10.9297,11.0873,8.9936,6.2319,8.0197,6.342,8.0116,3.7874,11.0721,4.1907,15.0449,15.0449,13.4421,9.8179,7.0919,2.0617,8.3618,2.7873,2.0619,8.0115,3.6931,3.4815,6.012,17.8562,13.4688,14.3566,8.0115,8.0115,9.2873,8.0115,15.0733,2.0586,3.4074,3.0766,8.0116,5.4103,3.8808,13.024,8.0109,8.0093,2.897,14.5172,3.7761,9.4403,6.4178,2.0593,4.215,2.235,8.0091,7.0727,8.0095,8.0091,11.2313,15.0568,7.6163,2.6501,6.8191,7.0727,7.5731,2.7772,8.6656,5.2346,5.3238,8.1803,6.4756,3.5701,8.0141,5.7107,2.0655,5.5037,3.669,2.0546,2.2873,2.0545,1.5419,2.0558,2.0706,3.4322,9.8661,5.3528,3.954,5.2568,2.9353,2.0643,2.0649,4.458,2.0529,2.0531,2.0508,2.0554,2.2824,4.5854,8.7354,8.5583,8.0141,3.9939,7.2402,8.1854,2.8011,2.629,4.2794,7.3048,5.8965,2.1763,4.893,8.0119,4.0672,4.9372,5.9521,6.5483,7.9995,4.6955,2.5841,4.5754,5.1764,4.4941,6.2627,8.0118,9.7041,11.3623,8.6009,9.2162,5.291,5.3799,2.791,6.9758,3.143,2.0539,2.0539,4.9076,7.084,8.2867,5.303,3.9074,5.941,8.0105,8.0105,11.2675,15.6292,15.5255,12.2922,8.0105,16.976,13.6171,9.879,11.1812,8.0105,4.6522,8.0106,8.0844,5.3745,2.0565,2.0663,7.0463,6.712,2.0608,3.0899,3.8672,8.8742,8.5883,7.6618,7.9187,7.0681,10.851,5.2128,8.0353,5.5531,7.0681,8.0085,8.0087,7.1561,8.7138,2.1703,8.1749,12.0308,7.9997,8.0085,8.0085,7.9997,8.9713,2.0514,8.0086,16.3608,3.4789,12.7215,10.8793,16.9396,10.5538,11.217,8.0084,11.5556,11.0946,4.2068,9.4295,5.6385,4.0466,8.5484,7.1251,3.991,8.8036,3.8311,15.0317,8.4505,15.0603,15.0547,15.0508,11.0946,11.0946,8.4767,22.3032,5.0203,9.4395,15.0718,15.0718,7.1903,13.848,21.1686,9.175,7.0757,9.3734,7.6947,8.8973,9.6392,11.1042,17.602,13.4369,8.0104,8.1592,12.2808,11.9255,11.998,17.5509,13.671,6.6343,8.0105,7.746,11.1042,8.0105,11.1042,14.1833,9.3811,8.0002,2.3092,2.8152,6.2277,5.5407,2.6829,2.0594,8.0104,8.0104
10,6.7312,5.4177,6.8852,4.2773,8.5247,5.7337,5.2645,23.962,15.9324,10.485,9.7557,23.9735,5.4177,43.9192,88.9191,76.1497,26.2186,8.0117,24.049,18.0117,17.9916,23.1196,9.3935,3.6166,4.0465,5.9194,4.4095,2.1998,2.9031,7.0936,4.5772,7.8233,5.2335,8.0085,6.2979,7.954,5.2985,3.8542,11.2132,8.0086,6.9747,8.0086,3.3048,5.5259,6.9011,4.6281,5.6588,7.3167,8.0084,8.0003,4.5938,3.9921,3.0107,2.055,2.0426,7.4714,8.127,13.4691,20.9078,14.5659,7.9999,6.0006,8.0753,11.6778,4.883,4.0185,9.3989,10.2222,5.2949,13.8313,8.0001,7.3757,11.112,12.6275,8.3768,3.4248,9.1527,11.4307,11.7339,9.3549,10.7319,8.0094,20.4701,12.3302,21.7959,11.9347,6.5152,10.3441,15.1168,9.5908,19.6834,16.9579,13.2272,7.5318,12.0601,11.2542,8.01,11.0461,8.2592,9.7604,12.0514,5.2504,8.0198,8.2478,9.5513,8.01,9.1209,10.822,8.5116,8.0102,9.3738,8.2478,8.01,6.787,8.01,14.4979,12.3287,8.0103,7.3414,9.2493,5.1612,13.8129,9.5441,14.577,3.9373,15.0449,11.2737,15.5094,11.3193,5.1169,2.8402,7.6924,5.3065,3.9309,7.9995,7.2886,6.831,8.0123,8.0123,19.9915,15.1431,14.5048,10.5623,9.2631,8.0123,11.3139,2.0628,4.4106,4.1024,7.9995,6.1619,4.4267,10.0473,7.7482,7.5776,3.5424,8.0104,4.0791,9.4767,5.3688,3.0452,3.3032,2.4131,9.031,8.0206,8.7896,8.137,11.7358,14.7501,11.2634,4.7313,5.3688,7.0827,5.5583,2.8499,22.4656,7.302,8.8883,11.2634,5.8729,2.7582,8.5468,4.8626,2.391,5.3573,4.3031,2.0547,2.2419,2.0546,2.0545,2.0575,2.2666,2.2386,9.6991,8.391,5.4241,6.8011,4.1895,2.0643,3.1797,4.6911,1.4808,2.0739,2.0611,2.0594,2.797,5.6951,9.0659,10.5499,8.1053,2.7694,4.1151,8.0286,2.971,2.3492,3.9613,3.3299,8.0001,2.0528,5.3295,8.7304,3.9613,4.4526,8.7456,5.4705,9.4811,6.3295,2.269,4.9263,6.2421,5.0294,5.4705,8.0132,9.4145,13.5534,8.4885,11.3547,6.209,6.1709,2.9303,8.8534,3.9613,2.0539,2.0539,2.7004,8.2875,7.19,8.0005,5.137,8.0005,8.0105,8.4021,11.7474,16.6436,17.6926,15.282,8.1994,18.058,12.7607,10.88,12.5409,8.0105,4.2541,8.0106,7.2588,8.8957,3.3967,2.7625,6.9502,4.9519,2.0609,2.6618,2.2101,12.3984,9.0803,11.022,16.4431,5.3649,10.5921,7.3577,8.5103,9.5698,7.2627,8.0102,5.6607,7.0818,12.8895,5.4032,6.8735,11.2326,11.5139,10.0724,8.0102,11.6341,8.0002,3.8577,8.0103,21.7499,4.8731,11.1786,11.2606,18.4034,15.1726,18.3426,8.0074,10.2823,15.5445,6.8805,11.6215,6.4875,5.8946,9.5249,7.2167,5.2627,10.4181,8.0001,15.0317,9.6891,15.0598,15.0547,14.735,11.8116,8.0086,11.2427,25.6434,7.9646,8.0002,15.0718,15.0718,9.4837,12.622,19.5996,9.943,6.9955,10.4326,7.0661,15.4689,18.2911,12.7943,24.9621,15.2597,11.3588,8.1195,8.5139,22.6548,20.2092,12.8026,13.6992,8.0083,9.5276,7.1286,11.0826,10.6708,21.9994,14.807,11.6049,9.8779,2.9468,3.2449,8.0989,8.8831,2.6532,2.0471,8.0083,8.0083
11,8.9411,9.4388,9.6031,7.9994,7.9994,5.8004,9.5716,17.632,14.7899,13.4098,13.257,23.9737,9.2383,52.5203,184.6931,103.5793,36.0632,8.2889,24.6305,18.0138,19.5221,20.2392,8.9704,6.6029,7.6248,9.5733,7.1105,3.4155,8.7419,9.3021,8.6021,10.695,7.2196,4.9115,5.3916,7.841,7.5275,10.3328,11.2797,6.3963,4.7379,6.9593,5.3908,7.7709,8.5324,9.8586,12.1946,6.1744,6.8292,6.2842,6.7267,6.1444,5.3916,5.058,3.56,5.1139,8.3227,25.0,14.6181,10.9871,5.0,8.0094,11.5584,8.0001,10.1553,9.2573,11.2389,7.4735,5.4642,15.9205,12.6151,11.2611,6.1885,10.8854,18.632,4.152,17.4488,16.4668,13.622,10.4971,18.629,11.1007,14.1099,16.9979,20.7845,17.9619,12.6619,18.0297,11.7855,10.1401,17.4758,14.204,12.2004,8.0108,14.2878,11.2749,9.8464,14.44,10.6124,8.2546,15.8259,10.2143,8.3085,11.5335,15.0384,10.5059,9.9462,15.6104,11.4991,4.2769,7.423,12.1366,9.3565,8.1645,9.0944,13.5558,13.0005,7.5405,10.3799,9.1035,9.1495,12.2505,11.7424,18.231,3.385,15.0449,13.6424,13.7522,15.4076,5.936,2.8515,5.7754,7.0074,4.7934,8.0003,8.6794,6.5744,8.0112,8.0112,13.0682,18.5162,17.2083,8.343,11.124,8.0112,11.2866,2.0595,3.8004,5.4076,12.1504,8.3909,4.4261,11.2494,9.2076,8.4453,4.03,5.2799,4.8779,8.088,7.2598,3.6617,5.6633,6.0546,8.0079,8.0579,5.4637,8.088,10.9677,15.0568,11.1999,5.4776,3.7744,7.0627,4.9995,5.1566,11.4757,6.4047,6.6924,8.0079,5.2799,2.0408,8.5458,8.0108,3.8752,5.7724,6.2526,2.0467,3.2372,3.0968,3.4638,2.0628,3.4596,3.8752,8.304,8.0107,7.6949,5.7762,4.3446,2.918,4.827,5.3827,1.1425,2.5144,3.0506,4.2551,5.2609,7.4395,8.3995,8.0108,11.0332,7.3709,8.5345,8.5944,2.9475,2.3357,2.9842,7.0621,10.4819,2.8941,5.159,8.0003,3.7716,3.7716,8.3417,7.1877,10.776,7.0621,2.7358,3.9301,5.9749,9.997,9.3553,5.7407,12.8521,17.1692,8.082,5.194,6.8013,6.2624,3.7777,11.1979,5.267,2.0539,2.0464,3.7506,10.2509,8.6738,8.0003,6.2038,8.0003,8.0072,8.2197,14.2316,13.6364,13.0212,14.3369,11.4146,15.6927,12.1276,17.3046,14.7076,9.8854,5.6634,8.0072,5.185,8.1569,6.4511,4.1754,6.8771,7.6617,2.0415,2.7439,3.7506,11.322,10.975,14.6289,13.7742,8.0098,9.6237,6.352,11.2287,13.4653,15.0331,11.9641,8.0005,8.0004,13.5602,9.7211,13.4189,22.3075,21.7841,10.2715,7.8535,11.0871,11.0331,7.697,15.047,17.6177,5.7513,9.2563,11.51,19.3534,19.2763,14.9932,10.683,5.2239,14.4989,8.0513,13.7876,9.1845,12.7769,15.055,6.6076,6.4982,14.8511,8.0513,17.7904,15.9804,15.0603,15.0547,11.2015,16.5088,13.9713,15.0574,21.445,15.3534,12.357,15.0718,15.0718,13.1069,13.6508,21.9253,14.3769,13.7857,13.8644,11.0255,25.2932,13.7605,27.7448,26.2456,16.6887,9.4075,10.8868,15.0804,26.9589,25.0,25.5825,16.7224,9.8313,8.7945,14.3207,13.3426,16.0757,23.9868,17.1946,10.4904,13.6442,5.8602,6.6471,10.5395,11.1215,4.512,2.0649,10.4557,8.3535
12,12.2604,15.6194,19.5493,15.6086,7.9997,8.0259,13.9458,14.5086,16.378,15.4796,26.7863,18.2144,7.7953,66.358,237.0036,151.5804,65.8096,19.1971,22.7196,30.013,12.2966,15.8783,17.3324,12.9146,17.6702,18.5031,8.5429,6.0321,14.2503,12.9204,16.5162,11.8368,8.7548,7.9997,5.7075,15.8115,16.8847,19.6694,13.229,12.5667,7.9998,7.4809,8.4647,11.2172,11.4866,9.7511,11.6218,7.3088,8.0138,6.5035,10.2465,8.4817,7.9997,10.2967,7.7595,4.5329,9.8268,25.0,11.6365,12.2439,5.0,11.2899,15.8231,6.9088,15.7194,11.6558,16.4751,9.874,3.9388,17.6783,8.0118,10.1108,7.1429,10.8289,13.4281,5.1368,15.6642,16.5677,10.9623,10.8886,15.9296,10.851,14.8861,18.9639,20.7442,18.3686,7.8756,19.5416,13.3897,11.3191,11.0977,14.7163,14.7637,13.2923,14.3239,11.3152,11.494,15.6278,11.5768,7.7809,12.0472,8.2633,9.3104,8.1311,15.0384,11.662,8.6688,16.612,10.6789,3.9326,10.5543,13.5769,8.7373,9.1752,8.0124,15.1983,11.0553,5.309,11.0157,11.2979,10.7819,13.9419,13.0111,12.1188,5.3685,8.6644,12.5335,12.5162,19.8016,9.3473,5.771,7.4151,5.4963,11.3265,9.5076,10.9049,8.6973,10.1293,8.0139,17.8565,17.8565,19.8405,9.3472,8.0139,12.1558,8.643,3.2945,6.5083,6.7503,8.5162,8.1282,7.532,13.2819,9.6059,8.6662,5.963,6.4175,6.6837,2.9227,8.0094,4.9381,7.6462,11.6363,11.3655,8.0767,8.9601,8.137,13.0612,15.3292,12.0789,8.5746,9.6052,2.9722,6.3471,9.3265,6.4554,9.796,9.4846,6.4897,4.0341,3.4888,11.1264,12.6001,7.5172,8.6765,7.1828,2.8317,3.5806,5.6033,7.927,5.5145,7.8762,8.7933,11.0262,10.8978,7.7289,6.828,6.4734,4.0978,6.8345,5.9194,2.0516,4.0181,4.2768,6.5156,8.1184,9.4698,10.7927,8.661,14.2721,11.3608,9.3818,7.6889,3.99,3.673,3.99,11.357,11.4482,4.539,8.115,7.0142,3.8566,7.1221,9.3481,9.08,14.2828,11.2306,4.3346,5.9949,7.8092,8.5931,10.3192,7.2061,16.5686,16.3784,8.0142,7.2645,8.158,5.8941,5.2299,8.4984,4.7926,2.2545,2.0464,3.4948,10.305,6.6596,5.6492,7.1128,7.4496,8.012,11.8921,15.7535,8.2418,11.199,12.1813,11.5318,16.9762,11.6332,11.6908,14.882,12.452,6.7066,7.0961,4.5927,6.2194,6.7828,4.3469,6.6368,6.6592,2.0695,2.1995,4.4465,9.4193,10.6916,12.8454,7.9997,8.0096,12.8466,6.0491,8.083,11.9993,10.6849,16.0559,7.8028,3.2221,10.7063,9.7967,17.1335,21.0567,19.6619,11.7141,6.2761,11.707,10.9762,5.7046,15.047,18.852,7.4068,12.4319,11.4166,21.3207,20.6723,15.9492,10.3755,9.5517,10.8812,11.7438,15.2993,17.3834,19.3247,15.9965,6.7117,7.9381,16.7288,15.8137,21.6599,21.1707,19.6173,10.7003,7.1815,18.5025,13.2157,15.0703,21.9132,25.574,16.2524,16.1605,15.0718,15.9055,22.2579,24.3842,19.735,16.3868,14.0025,19.2647,32.2354,25.0,20.9691,38.2372,18.6963,8.3467,18.2244,25.6318,27.6183,33.8498,22.0754,14.2153,17.9604,12.988,21.8733,15.2911,22.3942,27.3474,17.9334,12.6162,18.4646,7.8605,7.562,13.2717,13.1811,5.0707,2.0552,8.0098,10.3199
13,17.0652,7.5286,20.4888,14.6223,11.3815,7.9485,15.078,11.9878,12.006,15.7885,22.3465,17.2557,7.9996,80.4763,223.1742,128.6,36.7055,23.824,25.8526,30.4601,22.6722,11.2713,21.6007,14.0467,16.4203,22.64,10.4605,6.8475,11.2948,9.2376,12.7339,8.6028,9.0798,8.0,5.392,20.8,15.9104,17.7723,16.1314,11.1784,9.3294,8.6634,5.6704,11.4641,8.0,9.8489,12.3439,6.3263,8.2911,6.2247,6.639,6.6689,8.0,9.6475,7.1822,3.8881,10.4545,11.561,10.5652,12.2889,5.0,23.1682,11.9195,6.8622,10.9559,8.0005,16.417,8.5273,3.7732,25.4086,8.0128,8.6224,9.5129,8.9069,15.0934,8.1157,19.2962,17.5045,18.2116,17.2588,11.2147,24.0826,16.2748,23.2058,22.0111,24.6036,12.79,19.1464,13.366,19.7917,18.3817,16.0648,14.9163,21.7182,10.9529,9.5578,13.9573,33.7866,15.2624,11.0748,10.0003,20.757,12.4474,10.3482,16.2655,15.0384,15.3375,14.3091,13.6411,12.864,24.1533,17.2023,11.7127,17.2473,8.4323,12.8187,13.8749,7.5243,23.5976,13.6477,17.0191,15.8608,24.8346,12.4208,16.9487,13.1945,22.499,8.0186,22.7419,20.7861,17.8675,12.965,12.4618,19.9406,11.626,14.0178,16.1653,15.8763,15.5371,10.4651,17.857,16.5398,8.7943,8.1718,15.4782,18.0649,8.2022,13.8682,11.1084,11.4097,11.4945,11.7375,6.2202,9.2562,10.3538,9.397,9.4918,14.3463,11.5876,8.9038,9.7948,10.19,12.397,13.5587,10.818,16.545,11.2166,11.4121,16.5585,9.3564,11.6536,10.169,11.4121,10.9701,14.7381,13.5322,11.1677,9.404,10.5751,10.4671,8.0582,11.8727,16.3708,11.6185,8.4755,8.0192,7.3537,8.0175,7.7716,11.2844,10.0848,10.8701,11.6463,16.3609,14.3251,16.3868,12.2902,8.7067,7.8565,7.3744,5.2889,4.668,5.968,7.8522,8.393,10.8721,11.7264,15.7771,14.1213,14.6638,18.0516,14.7271,13.7279,9.3692,9.9985,8.2725,13.6378,10.8005,7.5277,11.4819,7.7101,4.4804,6.4975,9.1585,11.0873,11.4826,10.1858,7.6841,12.1366,10.8405,7.8478,11.4253,9.7106,18.4402,8.911,12.4301,9.2202,13.0147,11.3624,9.326,10.4113,6.0109,5.55,5.7342,9.2891,10.268,9.0307,7.7727,8.619,8.6976,14.4809,22.1457,18.0113,13.0758,9.9046,8.0009,11.0609,17.0123,11.6025,10.6538,15.0892,14.0012,8.0635,9.0978,6.0953,6.8386,8.1343,6.9948,5.7155,8.007,6.4437,4.1213,6.4265,13.0573,6.8498,16.2959,11.9124,8.3023,13.5505,13.803,8.9675,7.3114,9.5979,8.9233,9.8683,8.9708,13.2909,12.0849,12.8794,18.1393,17.7882,14.3515,6.5248,12.3105,13.404,8.0163,13.5103,24.3206,8.2078,18.7212,9.8032,18.4044,17.4721,16.9141,7.2992,3.7193,12.8323,8.0002,11.3552,19.6092,17.5385,15.055,6.8792,9.3573,14.5934,17.2042,16.1184,21.2781,15.7173,15.0547,6.3131,21.7161,10.483,13.1097,17.2425,25.7854,14.8806,16.4969,15.0718,13.1485,18.3179,27.4354,15.6922,12.3042,14.7539,17.3244,27.2315,24.5396,22.1609,26.1928,12.287,8.6427,15.0964,20.1238,28.48,26.7771,21.6957,16.8402,24.1661,13.9498,14.5578,22.5491,18.7621,24.3973,14.3769,12.7253,17.4066,5.5442,7.0159,12.2524,12.1518,6.9457,5.0115,8.1672,12.9659
14,16.6511,5.5322,19.9233,6.9494,10.1701,8.6972,12.4423,12.3168,11.563,14.0082,16.982,19.2955,8.0168,96.8086,206.0481,124.2338,30.3144,28.8245,21.4169,26.1831,20.5156,12.0995,18.0181,12.4655,12.3445,16.4607,10.2402,9.3163,8.3055,4.3708,6.5299,7.807,5.8188,7.9992,5.9316,17.3411,8.0159,12.475,13.1679,7.9993,12.6858,8.114,7.0504,7.4,7.127,9.2801,12.762,10.9693,13.0308,7.4387,4.8811,6.175,11.0964,12.1295,10.0089,6.652,7.9992,9.4502,13.9785,9.6881,6.6848,15.3558,10.9529,11.6182,12.7386,8.3627,23.4883,13.3494,10.595,16.1049,9.8598,12.221,12.828,10.1909,22.82,14.4942,33.319,21.955,30.2139,23.897,8.9146,29.1623,14.6269,17.0507,16.1947,28.9155,24.5648,19.1905,18.385,23.7553,35.7497,16.5147,10.874,31.5345,17.0405,11.768,12.061,37.6105,23.929,15.8831,14.1428,30.0463,16.0544,16.4964,21.0047,17.2852,21.7206,13.048,8.4371,5.8594,21.1817,14.8833,13.7393,18.7551,9.7016,13.0934,11.1336,8.0207,23.5381,10.8994,15.8233,10.2565,21.3037,8.9018,19.3547,14.2619,35.1623,8.4041,22.5317,13.3708,15.9044,13.7432,6.6376,17.3645,10.1757,9.8263,14.3319,12.9012,26.324,15.4922,17.209,8.3997,8.2456,8.0182,11.1556,16.3991,9.7613,12.1708,7.7356,7.4797,10.8513,10.4605,11.2634,8.7513,6.2498,9.4319,6.8491,8.8318,8.4697,6.9021,6.9932,7.1758,9.0344,8.1331,12.5874,13.3173,11.2063,11.2063,15.0552,7.6185,9.9001,10.5595,9.7098,10.8778,14.3825,17.3868,11.2543,8.6286,13.6618,9.7071,7.7404,10.5002,15.6724,12.7239,6.9623,6.8612,8.0091,6.2252,8.5622,8.3758,11.2205,8.2293,8.6238,14.3793,11.566,12.5053,11.454,8.7385,7.1932,6.0412,5.1072,4.2129,7.0748,8.0291,9.6631,10.6986,11.5098,8.6994,10.9798,15.0502,15.0533,14.4636,14.6336,8.9391,10.421,8.0143,7.6112,8.3566,5.9524,5.8916,4.7009,3.7545,9.7425,9.2676,6.5198,10.0628,9.682,8.4077,8.4577,7.0803,7.8923,9.1049,9.4493,14.0764,6.6485,9.2536,10.3701,14.7442,13.4467,9.8163,5.7687,6.1551,6.101,9.158,12.1934,12.7695,12.0606,9.8981,13.9094,11.4816,17.0946,18.0099,16.7399,19.1346,10.8611,11.8835,9.8061,10.5613,17.4307,14.5321,11.9486,15.1775,13.9278,9.9152,7.8662,11.9681,12.3021,14.5331,16.9952,15.0704,17.7915,10.3802,13.5089,8.9212,19.9465,19.7264,17.6396,10.6509,16.4248,22.8797,20.4824,17.8806,16.7789,13.0279,14.4927,11.036,22.1839,20.5695,18.2651,18.508,21.3635,17.7656,16.4192,19.6296,32.7672,22.0784,12.3079,15.0735,14.9274,30.6752,13.2189,20.9334,15.1211,28.4214,15.779,11.0086,12.1415,8.0188,13.2046,21.4222,13.933,12.9613,8.2005,10.0342,15.8265,19.6208,15.0317,16.2525,15.0598,12.3996,13.0201,14.6696,9.261,14.5088,13.2047,21.9291,9.7099,15.0718,15.0718,11.371,16.3006,27.9565,14.7083,16.7195,17.9751,10.8389,19.8494,21.3821,19.7427,20.4682,12.1063,8.0,17.116,17.8295,26.3516,20.7229,12.5418,17.3688,23.2334,11.7076,9.1908,20.0571,13.3666,20.3358,15.1471,8.01,15.2505,7.084,8.2869,14.8591,10.0654,8.5455,11.9614,8.5807,14.0904
15,14.8796,12.256,20.4445,8.2048,13.7474,9.3698,10.2876,19.2177,11.1499,11.4872,10.7679,19.9621,8.0204,86.8626,152.2402,97.2596,48.2993,33.4921,19.5911,22.0203,10.6952,14.4725,24.5279,13.5034,13.2736,11.4675,11.5778,15.7635,13.508,13.3989,7.4498,11.2867,10.3524,9.6296,6.1435,18.2412,10.9852,10.6534,12.7226,15.6269,17.3782,8.864,21.6338,18.0399,12.9359,17.9999,13.364,8.7378,29.5987,17.5144,13.7023,14.1993,11.8527,20.4599,15.8155,16.257,15.9233,11.7421,16.8283,13.4395,27.9875,19.0572,9.6842,15.0805,18.6015,12.9899,15.6052,19.2053,11.1223,13.6357,11.4524,9.4106,12.1285,8.265,19.5791,5.3838,12.0176,15.2513,21.7607,11.7867,5.6531,13.5458,14.3142,21.8887,18.1155,13.3101,11.6588,16.3895,14.7959,17.6295,21.7593,13.8669,14.0331,15.1166,7.067,9.2428,16.1343,25.8468,13.3092,7.123,8.7734,16.7624,12.024,15.1946,12.7867,19.5847,21.141,16.8451,9.2605,6.7533,9.9534,10.3635,13.8549,11.9117,9.0801,12.3609,9.1638,6.8269,12.4636,11.1046,14.8665,10.7143,15.8583,8.4938,11.6111,14.1602,27.9715,10.8288,8.5927,3.9529,9.7956,6.7468,4.5979,10.0528,6.3235,8.4121,10.9801,9.3391,18.5164,10.1796,19.8834,8.6643,8.4705,7.3301,9.6298,8.0557,7.8216,9.2706,7.6812,7.4857,9.7946,11.4991,9.2455,12.6479,8.0109,9.0546,4.1403,6.9971,7.7467,6.5575,6.2068,4.7654,7.8151,10.2334,14.7785,10.5443,12.0363,14.824,13.6819,10.321,11.0123,11.3566,9.9492,13.0903,12.0315,9.3576,12.6088,9.6065,15.1784,10.8764,7.1774,13.54,15.0563,14.6664,7.4062,4.7988,8.0109,6.402,8.7206,9.5492,12.3605,9.9397,8.8948,14.8161,11.0574,8.9754,15.5054,10.1098,8.1223,6.16,5.6447,4.9042,7.026,7.9103,9.5159,10.1606,10.786,8.6284,9.4935,14.8817,15.0533,15.0517,13.6254,8.717,10.5221,7.0706,8.255,8.5321,6.9067,4.633,4.7755,3.8689,7.0452,8.0548,7.1514,8.1561,9.5083,9.5739,7.8853,6.3513,7.0712,5.6811,9.9747,13.6399,8.0105,7.4802,10.7757,17.5074,13.4297,8.1691,6.1537,5.6437,3.8689,4.4898,3.8714,4.8419,5.9857,7.9154,5.0723,4.3675,5.1416,7.8019,6.7026,11.4208,7.9372,5.708,5.9336,8.025,12.155,8.0664,12.1827,10.9379,12.1592,8.0,10.43,5.9705,8.2476,9.4763,10.1936,11.4719,5.2063,6.8106,8.7798,15.0737,13.15,16.5926,14.3183,10.9661,10.7127,10.5729,9.8775,11.6957,10.0093,9.1323,14.6081,13.0776,18.3397,8.248,9.3001,15.1666,15.7404,13.6189,14.9262,9.9848,30.1145,22.4208,13.7955,15.0608,10.5005,15.6596,17.6448,23.1983,15.0568,23.2195,10.4073,10.9485,17.2301,8.0119,21.9419,24.7533,21.9051,14.0425,13.2954,19.3429,25.8809,20.5521,15.1459,23.8946,25.7429,15.125,16.6488,15.6331,14.2716,21.7009,22.5227,24.0263,25.0723,18.7094,16.046,11.9745,16.9975,31.6436,24.2426,21.8169,26.1288,24.9536,31.4948,24.814,23.1109,29.3431,30.9408,15.549,19.4023,24.0617,29.8341,26.4687,14.2164,21.0961,17.2414,12.4141,15.9676,20.0117,19.1331,23.5134,23.5134,11.9634,19.4079,10.5584,10.649,20.9973,16.3611,10.5998,17.0357,8.2569,8.0192
16,12.2978,16.5302,18.1176,8.0004,16.6428,6.0243,10.5654,9.1015,14.0617,9.7117,10.237,16.4326,8.008,62.3492,115.7476,61.9448,43.6352,26.0029,19.371,18.0079,14.8004,13.5565,21.0468,12.546,12.2696,8.9352,11.4918,14.0727,14.1763,16.2376,10.1119,13.7703,10.5961,9.3684,4.2694,13.9759,14.3032,8.0134,9.4438,9.3408,10.7761,6.6251,14.4392,9.6403,11.6327,15.3812,9.8203,6.8961,23.6897,11.1528,10.5913,18.7778,5.5345,10.9348,10.131,14.1942,15.4874,13.9223,13.5952,12.7569,18.8891,19.2093,7.5972,10.1946,10.2458,8.2634,23.7305,9.2096,6.1589,10.2616,8.5416,4.1444,12.6307,8.3129,9.2292,6.7072,8.9521,8.7414,11.848,10.8997,7.9998,10.121,15.6697,17.3152,18.2438,8.7198,6.2458,11.7072,18.9998,7.8132,17.5774,11.2532,13.1382,8.6828,4.4164,9.7935,14.3279,16.3929,8.2007,4.5519,10.0026,9.932,15.4891,14.5729,16.7886,22.3112,14.1813,16.8463,16.5851,8.0099,8.3944,10.5361,17.2217,12.5492,10.9514,11.7827,10.1098,7.7936,9.0662,11.9147,13.8714,11.0041,21.9284,6.0419,8.8229,15.0445,19.2866,14.6794,10.8177,3.2179,7.8187,4.6257,5.0981,7.3082,6.6008,11.2046,11.5877,11.1062,17.8566,13.3898,21.8962,9.3873,9.4827,12.3208,10.7328,11.393,10.8616,10.1875,8.4345,8.0318,12.0318,11.9745,12.1715,12.2584,9.0149,7.2799,7.0785,9.8893,7.7337,9.8486,7.932,9.2761,8.8412,11.9147,18.2561,11.6499,13.1286,19.3676,16.3172,16.4663,14.1281,13.4811,13.4113,19.8333,15.7778,12.191,16.652,12.9963,18.1033,13.3455,8.8665,16.4606,14.4075,20.2226,10.6609,6.4764,10.107,7.9676,9.9557,8.1617,14.151,12.2283,13.361,15.0542,15.9412,16.1311,18.136,14.4445,7.7775,8.1359,7.0238,6.7109,8.2133,11.3273,10.9509,14.9674,14.5526,10.4957,9.3023,20.7226,17.1729,18.9247,19.8957,18.0264,14.4727,11.2721,10.5222,16.1734,9.7398,8.6753,7.0264,4.0048,5.4932,11.8611,8.3662,9.259,13.0701,11.8046,11.1929,9.4274,10.885,7.3091,13.9623,12.8704,9.4583,9.5435,14.3163,23.9797,18.0,14.3999,10.2836,6.6671,6.9142,4.6322,5.7026,6.5944,6.3733,13.2373,7.0051,6.6358,9.0469,13.3996,7.1362,11.689,9.6575,7.4818,7.8937,9.7117,17.5614,15.9768,12.9954,13.4075,18.14,9.087,8.7133,8.9718,9.2472,10.2796,8.7292,13.2154,2.8182,7.1089,8.8164,13.9265,10.1461,12.4509,14.6924,9.0973,8.0002,6.8544,8.3984,6.1158,7.1714,7.479,13.2469,15.4007,13.0203,7.6541,11.4483,17.0854,17.9923,9.8886,6.3001,12.7758,20.8734,20.272,15.0583,12.5215,4.8768,8.3468,19.5608,21.9378,15.0568,18.0002,6.4624,11.2674,9.3823,8.0002,20.7494,15.3208,13.8493,13.5715,10.5982,14.12,16.6362,10.7559,8.7575,14.527,16.9595,15.0508,15.1479,14.2419,8.0075,16.6082,17.5088,16.5313,17.4138,9.3827,15.0718,11.6279,11.2022,22.5043,12.4427,17.9099,17.303,15.4965,20.1273,25.5326,23.7435,22.8412,29.6451,10.919,16.0799,13.3456,23.3717,24.8137,13.3371,28.694,22.2802,16.5129,16.9028,23.8203,23.698,23.6674,24.5105,10.8157,17.7114,11.0613,9.9104,17.5596,17.197,7.8618,16.0635,11.7419,10.0021
17,7.6539,9.5677,12.4946,4.9531,10.9003,4.7621,13.5665,8.0535,10.807,7.0802,8.3846,22.8105,8.0,55.6069,114.2749,29.1895,28.179,18.3083,17.3698,23.7567,14.4095,16.0992,20.0679,11.2519,8.0703,6.8591,7.83,10.3384,8.3958,9.4092,8.0974,9.5568,5.1381,8.4222,7.1055,11.0745,7.8895,8.0132,8.0005,7.6297,9.0609,5.3931,6.4978,5.0774,5.7375,12.0708,15.7641,7.5738,11.5853,10.432,5.4994,11.039,5.532,7.3395,3.1612,8.0761,8.0132,13.0405,13.2857,9.8098,5.7872,10.9944,8.5338,8.8082,6.9098,6.3776,20.8676,7.1144,4.2677,15.8474,6.5736,4.9777,10.2931,6.3408,8.226,6.1214,9.0347,8.2045,10.5341,8.0097,8.0097,7.9486,18.8576,18.2769,21.837,8.4579,9.7347,13.2088,19.9547,8.3637,23.8856,8.7036,14.1123,7.1463,6.2748,11.2802,13.7954,15.7022,6.6514,6.5324,13.6241,8.553,15.0567,16.7781,15.9573,22.7513,10.7959,21.075,14.404,6.6282,7.837,8.9569,17.1611,12.0778,8.3821,13.2976,10.9791,7.9582,9.9031,14.843,12.3919,10.7147,18.9415,6.2078,8.7812,16.311,25.3128,20.744,8.2811,3.2274,7.1774,3.4414,4.9163,10.563,9.3545,12.5411,11.1232,14.3623,18.5162,16.6206,21.9297,11.604,8.9702,12.6926,10.9013,11.2897,10.7722,11.4298,9.0977,8.2594,12.9665,16.9254,13.1404,17.6613,8.5236,10.1031,9.8338,11.0085,9.8259,11.279,9.093,12.4076,9.7191,15.7039,19.8822,13.3855,15.5426,14.7041,10.8775,18.7698,18.3897,24.1494,16.1951,26.1795,19.1897,14.6296,21.4809,18.1815,15.0606,17.1078,13.0564,18.9659,15.0563,22.307,13.2001,7.1258,10.836,9.5762,9.9645,8.6519,19.1018,18.1924,15.5034,16.7715,10.0621,15.0542,42.1068,18.1265,10.1591,10.5096,9.0942,6.5917,10.2156,11.4812,13.8367,19.4579,12.7957,10.4504,8.8712,13.4239,16.6031,13.7792,25.9436,24.2425,18.6986,14.578,14.4208,25.2162,11.2536,11.121,8.4512,4.7379,6.6606,16.4317,10.557,10.723,14.4606,17.144,15.8155,13.0107,16.3672,11.2044,20.854,14.8641,13.5907,11.0948,20.9616,42.2344,31.6744,18.0868,8.8434,8.8319,7.4152,7.0124,8.1685,8.7976,9.2529,17.9817,7.4634,8.4487,9.2572,14.7106,8.7616,12.4784,9.5727,7.9572,9.7292,11.3456,18.1906,15.9302,15.3845,15.9156,22.0866,10.4985,9.0491,8.8094,7.1575,10.5146,8.1295,13.3152,4.1621,8.5464,10.6712,16.5112,14.0176,13.5214,18.6426,14.695,14.7232,13.3362,12.4695,11.7906,9.1007,11.5164,18.7609,12.8604,14.026,9.2149,10.347,17.671,22.6613,11.4182,9.0455,15.0436,16.5678,24.7636,15.0583,8.0113,9.6853,11.0799,17.6821,22.7979,21.6384,18.914,9.7057,10.3667,10.6265,9.7491,16.261,13.6632,14.568,13.9134,9.1714,11.6593,13.3759,9.5483,8.4495,9.6814,15.0543,14.6556,14.5501,11.266,8.0127,10.7372,12.1037,11.0993,6.7984,8.5252,14.2277,15.6774,7.1013,18.832,8.7227,10.437,12.2604,15.52,17.1254,18.0207,18.5049,12.3792,18.2717,9.4739,13.2669,7.9997,16.1954,18.6751,11.8502,23.4054,20.2164,12.6264,9.7924,20.9446,12.6441,23.3719,16.6899,7.9099,16.7456,7.8961,5.6246,15.0814,9.9977,4.6086,10.1306,8.0117,10.6576
18,5.771,7.3542,8.4897,4.6955,7.1045,5.4441,11.2491,9.4287,11.4416,4.2973,5.4441,15.9973,7.0995,44.8026,89.9497,5.7615,14.1511,14.7993,17.4593,20.7488,11.3595,14.2798,14.8303,7.6395,5.9174,7.1288,4.3599,4.2452,4.743,2.7479,4.7037,4.578,3.8711,6.3321,5.7268,10.5636,5.3631,8.0102,7.9999,5.9555,7.0867,4.2166,2.0983,3.856,3.856,9.1736,9.4652,7.4393,7.7928,7.3311,4.2136,7.8479,7.9999,2.539,5.2728,5.6638,4.2192,11.4661,10.3937,8.4026,3.5241,8.6515,10.193,7.1764,7.6389,4.9661,18.009,4.9135,2.9396,17.5563,6.0198,3.632,11.9656,7.9965,8.2418,7.3201,11.8612,8.2029,10.4609,9.6833,8.0099,7.7549,23.5752,17.6873,13.9503,8.0849,11.0788,9.2915,16.1781,9.257,16.5142,8.6745,11.8551,7.6086,10.4971,10.6192,14.0777,22.3921,7.6789,8.0072,12.2591,7.2943,13.0952,26.2618,15.0384,15.0399,13.0751,17.9899,10.7402,8.0071,9.9928,10.8727,18.5805,16.4336,8.0071,15.7231,10.1493,9.1005,11.7329,16.1316,13.5424,9.4972,17.7112,9.9379,7.8235,22.4893,17.1806,24.5262,9.4899,6.2892,9.439,5.3294,5.026,20.0517,14.3379,15.9003,12.4215,13.1374,18.135,19.5335,14.572,14.9419,11.5584,14.7449,8.0766,12.3782,14.6426,14.7846,10.3092,8.1251,15.627,21.1772,14.3201,15.6348,11.5793,14.969,14.7736,11.6084,12.741,12.0442,8.0394,13.9237,11.0621,20.4512,21.0466,15.1123,17.7477,20.4051,10.2658,22.8454,17.6629,19.7059,13.2126,29.6926,20.1718,20.0009,31.5916,19.985,15.3501,22.998,16.4166,21.982,15.2569,29.7175,17.5088,10.1578,11.4117,10.6774,14.492,12.5266,30.7277,30.2921,19.9747,19.4973,13.0285,22.5467,59.7232,22.8219,15.5671,15.5839,11.823,6.4417,10.7464,18.0417,27.1796,25.0671,15.2465,13.3373,10.6915,15.7576,15.0528,16.9826,36.4405,39.4888,26.4159,22.071,16.9671,32.58,15.3529,12.8431,12.5187,6.5695,9.1427,20.0834,12.282,10.5292,21.1825,23.0829,18.0813,12.055,20.0007,13.0797,19.2575,12.5033,16.9722,16.9518,23.8442,60.3227,49.8161,21.2309,11.5882,13.813,8.9461,8.6947,9.3273,13.4368,8.6708,23.4162,7.5185,10.8863,10.3635,14.3685,10.8139,15.776,12.5004,9.9017,16.8483,14.695,18.8994,19.6794,18.7208,19.3916,25.805,11.5282,8.8198,11.0945,8.1479,11.9694,10.2447,13.0964,5.1703,14.3888,16.7801,16.1709,15.2892,19.9589,23.4962,16.4457,15.1828,21.9931,20.2046,18.7277,15.51,19.7531,22.3598,18.8072,16.5934,9.637,8.5754,20.2495,21.3282,14.5075,13.7921,15.6464,19.2132,27.8253,13.3032,11.7118,10.4597,12.5287,20.4874,32.1694,19.8334,24.8072,10.0058,8.0001,8.2786,10.5431,15.214,14.4635,14.0683,11.8568,9.5868,8.6612,13.28,15.0314,9.1635,8.4778,15.0547,13.4279,15.6929,15.0504,7.9997,8.351,11.2249,9.9478,3.7284,8.7343,16.1733,19.8913,10.0944,11.1064,6.3809,8.4924,8.0115,11.3646,12.8417,10.3518,17.0655,9.9375,10.7666,7.9998,10.9035,7.9998,9.1961,13.1848,13.8585,15.8449,15.0525,15.5125,7.5077,18.4377,8.4995,15.353,15.4314,4.1203,13.0728,9.9754,5.7704,14.4612,6.7092,3.7706,7.3044,10.3261,15.867
19,4.0614,6.0746,7.0457,2.7577,6.2057,5.342,9.0512,8.3844,14.0501,4.229,7.9997,18.1936,6.2395,30.4929,57.9475,5.7327,10.0638,11.0733,15.8556,13.8562,11.0609,13.4757,11.605,6.6036,6.442,7.4737,3.7395,2.9409,3.8353,2.5215,5.539,3.5685,4.5995,7.4357,3.3812,9.0918,4.967,11.2981,7.5833,4.3677,6.1301,4.249,2.1118,3.9091,3.9091,7.5595,8.0117,4.8635,5.5958,5.6419,2.3688,6.1655,8.0003,2.0423,2.2375,4.6047,7.0393,12.4189,9.584,7.9996,6.8185,11.3837,15.5067,7.0501,7.588,4.965,16.3168,5.9463,2.9274,12.3246,5.5805,6.2324,11.061,8.2533,8.2445,7.0849,7.21,6.9488,6.5967,5.9844,8.0106,9.3803,22.1415,11.2706,11.0468,7.142,11.4972,10.4405,15.8303,8.0107,14.4894,9.4094,13.1511,7.3526,8.0119,10.6651,11.3009,19.9801,4.7404,8.0119,10.845,8.0119,14.8001,33.9874,16.4213,13.0086,14.9871,15.0393,14.7182,6.9257,7.693,11.2444,18.8764,13.5483,9.3624,10.6095,9.6321,6.0846,11.5995,15.0445,12.7652,15.6571,16.6218,13.5882,8.6007,18.3409,15.0491,24.8596,10.0293,10.8089,12.12,6.9373,4.9099,26.3257,18.7696,16.7242,15.6054,17.4804,25.0754,21.9305,16.9701,21.5173,8.3625,16.0314,10.064,13.54,15.9391,14.1798,13.185,8.0985,20.7425,18.0645,14.1978,17.2528,14.0172,18.2999,17.6574,12.5868,14.2127,14.7627,11.225,13.2456,11.5769,23.8891,17.8324,18.6537,16.9502,21.5047,8.0094,15.4345,19.0038,18.9074,13.572,34.9633,11.6885,17.8488,32.2694,17.5012,17.9014,22.4136,13.2716,20.7331,14.1302,31.1726,17.0283,11.636,12.499,10.4535,13.6966,13.4419,34.5691,36.463,20.6063,20.5477,15.0542,21.5461,70.4235,24.588,18.0138,16.407,12.4494,8.6051,15.5909,24.6431,35.2209,26.3584,17.4282,17.9429,11.4933,19.2064,15.0528,13.3467,45.7399,48.6288,34.5406,26.3982,28.6399,41.7731,18.9284,8.2714,12.755,8.8902,10.0269,22.8533,12.8285,12.8682,18.604,18.6202,19.6732,13.4163,20.8922,15.6647,14.3495,13.4463,15.6573,16.6853,33.3843,76.5212,66.7646,24.4892,10.2494,16.0563,12.878,9.0773,10.3029,14.3966,8.4897,24.7698,8.6998,11.6644,12.6504,15.2939,11.7714,15.4545,19.6756,10.9074,17.6874,16.0047,16.2257,21.554,17.1449,23.0351,19.4848,11.3646,8.009,10.4991,9.2617,12.1277,10.8034,11.3509,7.2956,20.5673,23.3456,15.7791,16.9534,19.0233,28.4232,17.6922,12.1366,22.297,25.2314,28.9339,17.4841,27.3383,28.717,25.7587,11.3418,10.0461,7.9896,21.503,20.8221,12.1611,15.3454,15.0438,21.9949,30.695,8.01,11.7288,11.265,9.1723,22.8545,23.357,21.0469,20.881,12.0711,7.8439,9.3312,10.0679,10.9374,15.1033,14.0888,11.0366,9.984,9.083,11.2282,14.0408,11.0852,7.2442,15.0543,14.0827,13.7509,15.0504,8.0768,8.139,8.829,6.459,7.0478,6.1663,15.2189,21.601,15.0948,7.7103,2.7946,8.5647,7.1113,11.0377,15.302,15.7275,11.7852,8.7086,8.0,7.0725,12.14,7.0725,5.3225,10.9323,11.4127,11.4081,13.5253,15.9344,7.7073,18.2078,10.4477,9.7146,12.8147,2.9997,9.0103,5.2294,4.9175,12.1741,4.8592,3.3226,6.5118,12.1506,15.5976
20,3.0123,5.1135,4.3082,3.6245,5.0635,5.4887,11.3491,5.4887,12.8449,4.3272,8.0002,18.4363,6.3423,20.9622,33.167,5.7407,8.2325,7.6255,12.4729,10.1782,11.0948,11.4415,8.0137,5.7266,5.6401,7.4076,3.206,2.3172,2.7214,2.3529,8.0137,5.5627,2.5489,7.7828,3.1649,8.1061,7.0499,9.8554,8.0002,5.2043,4.209,4.21,2.0476,3.8451,4.3263,6.2541,10.4618,5.3333,5.8667,3.8259,2.0528,5.2597,7.9742,2.042,2.0393,5.4595,5.2034,13.1267,8.5299,5.556,8.2958,8.8024,11.1793,4.9416,6.5846,5.748,16.6886,5.2768,4.0522,12.4004,8.2993,6.0574,9.0912,7.3532,7.9995,7.9995,3.6431,7.2611,5.8934,5.001,8.0125,11.4975,20.682,11.3917,9.3872,6.6773,11.9471,9.3149,13.0396,8.0125,11.0923,11.3805,13.4573,6.7859,9.373,10.7706,8.0149,18.0,4.0222,8.8492,12.1689,7.6938,13.3313,36.412,15.0384,12.6846,13.2407,24.3786,14.5662,8.0873,8.5902,8.6945,18.3002,12.0901,11.4054,8.7425,13.812,6.418,9.1154,15.0447,14.1705,18.9994,16.1866,12.4482,7.9855,25.2451,15.8247,24.3197,9.8311,11.5974,11.8025,3.2364,4.4839,32.3523,21.1955,19.1497,17.1085,18.1306,18.5166,28.7997,20.056,24.3226,12.5626,19.6749,11.372,13.6649,26.5858,9.5383,11.3177,8.2819,18.3644,19.6233,19.4015,16.9877,14.2483,22.6449,23.2449,13.4409,15.4819,12.7976,10.5848,20.0662,15.9216,32.2061,13.8428,23.2766,17.2081,22.2932,9.0829,15.7195,19.8339,19.161,13.6591,38.4223,14.3839,25.2303,33.9649,17.148,22.8563,20.9668,14.6701,16.2693,17.2643,27.9395,16.1618,11.2435,12.5485,10.6231,15.3726,18.0695,45.1197,41.7634,19.7127,23.7047,16.0922,23.0529,72.899,26.1813,22.2459,19.1531,15.3593,9.2844,19.1142,34.3465,40.4818,31.7794,15.4049,23.176,12.577,22.6565,13.9797,20.0258,51.4781,52.611,39.282,34.6113,39.5792,43.1764,24.1848,18.2637,15.238,12.0078,9.9839,27.5442,11.1428,12.9678,25.3414,20.5011,25.576,12.8476,21.5329,16.2033,14.7344,17.0096,12.869,13.9003,26.1244,73.8437,69.8373,20.5356,14.9267,13.1533,13.9267,10.1573,13.1688,17.9367,15.6407,23.7454,7.6151,13.4735,14.6456,19.2151,15.3282,17.2436,16.1964,14.3128,18.9218,15.1774,19.5714,20.9592,18.5288,25.3326,20.3764,20.7149,8.013,13.5883,11.7376,18.5319,14.4496,11.8868,7.7784,31.1122,28.5235,20.5018,20.1374,23.8544,37.4695,13.9298,16.2829,30.8074,33.7379,31.4665,24.199,37.7462,34.1017,25.7366,9.5368,8.0121,6.05,23.4811,19.3586,11.1976,10.9066,15.0438,29.8758,31.4958,15.75,15.2552,11.6414,10.1944,21.7181,29.8441,15.0569,20.6557,13.1915,7.0601,11.8493,9.5141,10.214,14.4068,15.037,13.5867,11.3527,9.0537,10.4118,12.6543,13.9271,7.6013,15.0543,6.867,10.774,13.6153,5.5238,7.9997,10.949,4.9976,7.9997,5.9886,16.1575,15.0822,15.0948,6.5,5.2895,7.6361,6.2102,10.9087,18.2944,8.1186,10.0076,8.4866,8.0,7.0607,12.1029,7.2072,4.1966,10.0936,10.759,11.4499,10.1444,17.232,8.0076,14.804,9.3666,7.2715,8.7276,3.4374,7.5131,4.1958,3.8631,8.527,4.7432,5.0024,7.6547,12.5279,10.2778
21,2.9928,5.9472,4.7914,4.2243,5.7915,7.3298,13.1631,7.9992,11.04,7.1577,7.9992,14.1023,7.1577,28.0988,22.9213,8.0197,7.9992,6.1888,12.1775,9.3426,11.5026,8.1934,8.1435,5.5109,5.1782,7.4993,3.8173,2.7334,2.7319,2.7823,7.1577,6.3063,2.4301,8.0004,2.8282,6.5526,6.4032,7.9523,8.0119,4.2323,4.2526,4.3017,2.0487,4.1244,2.7965,5.5448,8.8804,6.6751,3.8855,4.7145,2.4742,5.4551,5.4234,2.0463,2.0427,7.8626,5.8154,12.1251,8.2165,3.9171,9.8768,8.871,12.9246,4.7985,5.4221,3.5123,15.812,5.44,5.0828,11.2894,8.8783,6.5093,8.8637,6.6245,9.4167,7.9997,3.3031,7.684,6.2378,4.8154,10.4847,25.0,17.4273,13.9909,9.7969,6.52,10.0217,11.3673,11.6645,8.4713,11.6986,10.1064,16.1134,6.424,14.4023,11.0065,12.3473,20.5518,4.9095,7.5244,15.0399,8.017,10.2814,44.1863,18.1878,15.1565,16.0774,25.6989,16.0879,8.017,9.9177,12.9126,15.5683,11.8621,16.7965,8.6948,14.0212,7.6822,8.5923,11.2815,16.0452,21.9298,12.6761,15.022,7.5426,20.0491,13.7148,22.1677,9.2383,10.491,13.9758,6.7565,4.2943,32.4873,21.2336,23.0212,17.524,26.5138,21.8781,27.0926,21.3984,28.9585,12.2964,21.7402,15.2831,11.3636,25.4393,9.1171,9.6967,8.0109,19.8891,19.9493,23.919,17.2595,16.9869,30.634,26.7142,15.9738,20.5225,15.5074,12.0013,30.3861,19.901,36.4348,14.3641,25.8206,19.0617,22.7491,10.7974,17.2978,19.8535,19.609,19.2429,43.1029,16.0533,31.1009,30.0887,18.8662,26.3128,20.9373,13.6571,14.892,20.1312,23.4248,15.1876,10.7235,11.6365,10.7148,18.9998,25.5006,51.5789,44.6595,21.6485,24.0343,23.0355,21.4122,73.8631,33.3949,23.6005,21.653,18.212,11.7134,27.8383,38.7014,43.1044,34.5193,17.5398,23.0448,15.1515,25.4436,15.0533,21.6505,55.8351,58.296,44.3192,40.3323,42.3832,48.289,34.5837,18.476,15.5623,11.1533,10.7483,38.9236,9.4341,16.3788,22.061,19.1757,30.2054,14.7618,22.3663,19.2691,15.6285,24.5191,17.2686,18.0874,28.2683,62.3202,80.2707,21.0617,16.1087,15.4429,14.2604,7.6114,16.683,18.1423,19.0305,21.6825,10.5825,16.129,16.427,22.3594,26.0761,21.3642,24.074,20.5694,17.8029,15.3311,15.9829,21.192,22.0971,36.7389,22.8117,21.0356,8.0112,14.9238,13.1505,22.0112,15.4312,10.3563,9.9055,33.8816,35.1422,21.5948,14.6418,15.3175,42.8611,18.3616,26.9527,42.821,38.8745,39.3687,27.3543,42.075,36.767,25.7181,9.565,7.9998,7.015,22.3653,20.4215,13.3508,8.9847,14.3096,45.0963,37.4583,14.3546,19.621,12.2947,9.1651,23.9249,29.4433,18.4571,20.1388,14.9948,7.7811,14.3639,10.98,11.8626,12.9056,14.4119,15.2005,13.7522,9.4367,12.6846,13.7489,15.0535,10.9361,14.6495,8.2125,17.8917,13.6204,7.8151,8.0116,13.6943,6.3017,7.9997,8.4322,18.7759,15.0822,15.0948,9.5465,4.8464,10.1536,8.5493,13.7868,11.7835,11.0003,12.0136,9.887,8.0103,8.4892,14.873,9.2852,5.9755,12.248,11.1192,13.1419,9.6668,22.5096,14.715,13.0098,10.7755,7.285,11.0601,3.6288,10.3424,4.2634,4.0256,8.7459,8.6178,7.4017,11.0921,12.3955,10.4653
22,3.0383,8.2931,8.0004,4.728,11.5261,11.2771,17.6895,10.6165,12.9563,13.5775,8.0166,30.751,8.0166,43.7765,15.2453,6.9157,8.0005,7.0887,18.0168,11.025,14.6296,11.4036,8.9309,6.3305,7.7367,8.8235,6.5607,5.1669,2.4933,5.4466,7.5189,6.3661,3.4317,8.3329,5.4887,8.0137,8.5976,8.0002,12.0547,7.1095,4.2916,4.482,5.1911,7.4791,3.9792,5.9213,9.1471,5.6447,3.9792,8.162,4.6966,4.998,5.4887,2.0534,3.2617,13.3724,9.0137,14.9284,8.9403,3.2276,11.6425,11.2605,15.0384,5.7916,6.082,4.7363,8.0114,8.017,4.0162,11.2298,13.96,3.8154,8.0004,5.938,14.0944,8.1758,5.2564,10.0309,6.5697,5.3662,12.5752,25.0,21.6523,14.3519,12.7608,7.7971,11.2298,9.009,11.5039,13.328,16.0279,13.8898,18.1261,6.6163,12.1085,9.4145,15.8855,20.7704,5.1009,9.9979,16.0889,8.4973,8.7583,43.5661,17.5277,18.1089,18.7364,23.1775,15.9439,8.0166,12.4542,11.3538,17.2763,10.8827,12.17,9.7933,12.976,10.1383,9.5454,11.8492,16.8744,20.4213,13.9039,16.6386,8.5845,19.8376,12.5385,20.3636,8.8989,12.4678,12.4582,11.1708,5.3456,32.2551,19.5848,25.3665,17.4492,28.995,18.3762,22.2011,22.996,27.7111,11.8698,16.579,14.6197,10.5895,33.3892,10.1591,8.5845,10.0879,18.7091,15.6969,20.1186,17.741,14.8757,34.4202,28.3155,13.0773,19.2386,16.237,15.2164,34.4193,20.0806,31.4879,13.33,24.1515,20.103,21.5513,10.8056,13.2895,19.4413,20.1903,25.5196,43.8976,17.0212,30.0951,27.5587,15.773,27.5412,22.0196,16.5432,12.6044,21.2788,19.57,14.4435,13.3837,10.6201,12.2885,17.8127,24.5116,40.8133,37.5932,20.2567,24.6661,18.7281,17.0539,59.4536,27.8674,20.565,21.7958,19.9529,14.0134,21.4456,37.0561,40.7521,31.4145,15.2586,16.0675,19.387,25.2304,15.8776,17.6311,50.0305,51.4772,39.8913,37.7724,42.0712,41.2859,32.0904,9.8343,13.6993,10.1545,17.3486,33.428,8.7658,21.8933,19.7742,17.1905,26.9985,22.3624,17.9021,16.7539,10.6858,16.6629,13.2513,15.7341,24.7165,48.1348,66.0647,15.0384,13.2221,14.5192,20.2076,10.1767,17.8449,18.3421,19.5964,14.4661,8.791,17.0165,17.8917,19.1278,25.4964,13.3214,18.242,17.4135,19.0222,13.0889,14.5983,19.2879,21.6235,36.9383,19.7337,16.8354,8.6512,18.4374,9.3052,23.127,15.4786,11.2982,14.8939,38.6367,28.7403,31.889,17.6326,22.4254,35.1572,22.7072,41.7211,45.3985,46.5024,35.0075,26.8493,43.9242,31.3914,32.0997,16.3412,8.0124,9.575,14.2388,25.1275,19.3412,12.2346,22.3735,51.1023,50.7859,23.6154,29.1544,19.0584,11.6111,23.4619,23.2849,15.0569,28.2892,16.6384,8.828,16.5059,10.8811,24.5692,15.4463,13.2828,15.1476,16.7608,14.9808,16.1256,15.0314,19.7226,18.4384,14.9105,12.6284,27.5288,17.8,10.0566,18.9886,23.0872,19.493,9.6752,19.9893,19.8938,15.0829,18.3196,18.0109,12.9614,21.603,19.8242,26.3738,15.5363,12.2638,23.416,16.4987,10.1698,15.0798,23.7276,24.7731,22.8314,21.4621,11.6439,24.7848,17.0573,31.2194,27.0445,27.8571,19.5956,16.6449,14.8475,6.1809,16.2712,6.6318,5.4412,14.267,15.0151,12.7785,19.1838,13.4808,15.9906
23,9.3045,14.5977,15.8585,10.7296,20.2326,23.3388,25.0914,16.2244,27.0605,24.3877,10.4394,24.7947,17.5007,58.5392,29.2664,12.2583,11.0008,15.0211,29.8592,16.4096,23.1969,21.5059,15.7721,10.3942,15.4461,7.6426,13.0207,16.1684,6.6881,12.1684,10.842,10.9246,8.0,12.5665,9.7608,13.7844,12.1505,9.6597,12.9775,7.5215,7.7868,8.3902,12.4017,10.512,8.0,7.6402,9.9113,13.2272,3.9641,14.3005,12.6218,5.3797,6.2709,7.2656,13.4993,16.9332,21.5814,15.4672,15.5294,7.4804,15.204,16.2853,19.52,13.9526,13.6776,3.7854,13.7714,11.0721,6.6952,11.6501,15.8366,3.9561,7.5551,9.3338,12.9925,3.948,8.401,14.047,3.8446,5.5149,15.1173,25.7606,21.6592,22.9032,16.8999,10.5682,10.3681,10.0815,10.9141,11.6583,14.8653,18.3133,16.4461,8.786,15.5498,9.1575,17.8502,19.8924,10.7841,9.9278,15.7112,8.0064,9.3977,32.213,15.0384,15.0399,19.4595,14.5164,13.5861,10.7911,17.8842,13.5936,14.2777,7.7342,14.1504,10.4526,12.8036,16.1074,11.9821,16.2456,14.3532,15.1845,11.8983,19.6333,9.7838,15.0445,11.9536,19.9476,12.9403,14.23,10.6566,14.9228,10.4569,21.9075,13.737,23.2113,18.8626,22.3617,18.8727,17.337,21.438,19.1195,11.4897,22.1518,14.0472,11.7144,24.6038,8.6455,8.3813,11.2894,17.3199,11.2326,15.0226,11.8933,14.3978,31.0524,19.2374,10.6603,11.9735,11.2526,9.7464,33.3348,17.8695,23.7062,11.908,20.3288,17.7042,15.3061,10.7284,11.6818,18.1003,16.0351,21.7931,35.499,19.8645,22.7862,21.0864,15.011,25.9432,18.344,11.9697,14.4678,23.9245,16.1319,11.9381,15.6813,8.7928,11.2375,18.3165,23.7197,33.2117,27.7872,13.1103,21.3212,17.679,15.3213,45.038,23.3407,17.669,18.4814,16.7696,13.1338,19.2192,30.3565,33.7154,24.2976,10.9232,13.0036,19.3605,23.569,14.0602,13.8654,40.2564,37.4695,34.4442,26.7784,32.0706,35.1781,22.1037,16.4229,12.3384,16.8056,16.0601,22.3014,8.0124,18.0311,23.2471,16.2742,20.4137,19.7247,13.0213,13.71,10.6593,14.4853,9.7576,18.2682,17.1491,34.9169,37.6677,12.2198,12.7867,14.0844,14.8477,8.2974,14.2758,12.3307,14.3737,11.3482,6.9922,12.4225,12.2799,16.4191,14.7953,9.5476,13.2489,15.8157,15.3494,7.5804,12.2487,19.9077,18.3475,33.8116,17.3242,14.2467,10.9391,22.4526,11.8614,24.7069,11.9567,11.3744,18.1989,30.4803,22.4689,32.5582,21.9618,24.6226,26.0007,19.9521,32.094,33.6809,31.3085,21.958,16.1138,28.2418,21.1269,19.3986,18.5949,14.1514,8.013,18.6838,27.2111,18.3463,7.9129,19.5608,66.2624,33.9414,17.0481,37.3583,12.3299,8.0161,24.8832,31.6814,26.6726,28.2808,10.7741,12.2075,19.3277,11.4555,28.155,23.2213,17.2565,21.2438,22.8121,31.9065,15.9716,12.7767,28.4283,16.4274,15.5052,15.9866,32.6512,23.2625,10.9193,14.5562,32.3062,20.2334,15.0718,21.9518,37.3157,24.1554,18.0272,24.7534,15.6762,30.0784,33.0243,38.5299,25.0,19.2725,42.5898,20.4897,15.3639,25.0505,19.8752,40.5485,42.0776,26.1215,17.9351,33.3502,22.9734,42.6769,28.5319,33.1109,24.3214,23.268,16.7472,13.2517,20.8544,12.9806,7.6545,15.0463,20.2763,22.5051,28.1723,13.3489,24.7353
24,7.0838,7.0838,6.9594000000000005,8.402933333333333,9.151875,8.57988,10.002450000000001,10.791,11.788571428571428,11.810457142857144,12.651300000000003,13.864600000000001,14.753971428571429,14.709699999999998,14.09082857142857,26.193399999999997,32.245085714285715,34.10975714285714,33.961842857142855,34.61165714285715,37.20655714285715,37.81374285714286,26.13277142857143,21.48357142857143,18.68017142857143,17.27895714285714,16.756742857142857,12.8999,12.718485714285716,12.637457142857143,11.253271428571427,11.81882857142857,12.589128571428573,11.620842857142858,11.645271428571428,11.161842857142858,10.028671428571428,10.452528571428571,9.9881,9.8561,10.213242857142857,10.571314285714285,10.225571428571428,10.199628571428573,11.766057142857141,11.401357142857142,10.535085714285714,10.279371428571427,10.501114285714285,11.334514285714286,10.740657142857142,9.977942857142859,10.174742857142856,9.794385714285713,10.294957142857143,9.8682,9.526642857142857,11.377314285714286,10.330657142857143,11.236428571428572,12.745499999999998,12.338842857142856,13.405114285714287,13.9487,13.595814285714287,14.388200000000001,13.226585714285717,12.176157142857145,12.655685714285719,13.58367142857143,12.582642857142858,12.36751428571429,13.008385714285717,12.583114285714286,12.297385714285713,13.098585714285715,12.848457142857143,12.70314285714286,12.944714285714285,12.829242857142857,13.103514285714287,13.207728571428573,13.479000000000001,13.322385714285714,15.80952857142857,16.8103,18.831671428571433,20.346985714285715,21.001742857142858,20.4547,18.92397142857143,17.464614285714283,16.168642857142856,13.501914285714284,13.743314285714288,13.457842857142856,13.283185714285716,14.05974285714286,15.762685714285714,16.9021,17.923042857142857,17.297985714285716,21.346785714285716,20.553400000000003,20.2979,18.8502,18.032957142857143,17.53607142857143,17.954514285714286,14.494385714285713,15.215085714285712,15.563500000000001,16.334657142857143,16.34607142857143,16.255985714285714,14.750742857142857,14.857385714285714,14.696185714285713,14.06217142857143,14.599928571428572,14.048771428571428,13.548642857142855,14.45192857142857,15.379242857142856,15.165171428571428,16.812214285714287,14.31275714285714,13.896171428571426,13.817014285714285,14.296085714285715,13.997128571428572,14.858928571428569,12.452542857142857,14.494600000000004,16.674742857142856,17.063814285714283,16.749485714285715,17.40337142857143,16.440828571428572,17.765414285714282,17.2013,16.23237142857143,16.067,16.080414285714287,14.037514285714284,16.085957142857144,16.103885714285717,15.607757142857144,15.29304285714286,14.810685714285714,13.50054285714286,14.880985714285716,13.719071428571429,13.097500000000002,13.007342857142858,12.332399999999998,13.280299999999999,14.660871428571427,13.665557142857141,12.994185714285715,12.5966,11.607500000000002,11.373014285714287,13.357971428571428,12.994214285714287,13.777514285714288,13.561328571428573,14.776214285714286,15.545342857142856,15.940957142857144,12.95247142857143,12.4611,12.128499999999999,12.053299999999998,12.880457142857143,14.392657142857145,14.967857142857142,16.218428571428575,17.248,17.662971428571428,19.33955714285714,17.997357142857144,15.780085714285715,16.225914285714286,17.14562857142857,16.7983,15.870771428571429,15.478171428571429,14.754714285714286,15.173271428571429,15.00885714285714,14.871485714285713,16.20237142857143,17.17887142857143,16.342957142857145,17.73062857142857,18.04274285714286,18.001157142857142,18.63708571428571,17.86222857142857,16.948128571428573,16.865757142857145,16.125,15.740728571428573,15.482114285714287,14.235357142857143,14.848885714285714,15.200471428571428,14.889928571428571,14.414128571428572,15.147414285714285,15.010214285714284,14.328171428571427,13.054142857142859,14.966514285714286,16.933842857142857,18.304714285714287,18.165585714285715,18.673114285714288,19.125228571428572,18.897971428571427,16.61147142857143,14.527942857142857,12.946585714285716,12.158557142857143,11.620000000000001,10.0586,10.521114285714287,10.879914285714287,11.1751,12.09917142857143,12.23837142857143,11.569728571428572,11.7868,10.774528571428572,10.265828571428571,9.659128571428571,9.152771428571429,9.407114285714284,11.078642857142857,13.0825,13.22032857142857,13.514171428571428,14.331557142857141,14.085885714285714,13.263614285714286,11.244157142857144,8.649728571428572,8.479242857142859,7.919614285714284,6.863,6.407457142857143,6.421385714285714,6.930885714285714,7.645071428571429,7.6882,7.663042857142856,7.918528571428571,8.135399999999999,8.796742857142856,9.134385714285715,9.5924,10.1809,11.066414285714286,11.36712857142857,11.831357142857144,11.494485714285714,11.913885714285714,11.735999999999999,11.725085714285715,10.978771428571426,10.976999999999999,10.59152857142857,10.814642857142857,10.743114285714286,10.996185714285716,12.191571428571427,13.02222857142857,13.224342857142858,13.541771428571428,14.3727,13.566014285714285,13.263342857142856,12.157128571428572,11.21952857142857,11.219257142857144,11.249657142857144,10.456028571428572,10.160114285714286,9.874857142857142,9.158928571428572,10.316842857142857,11.839242857142855,11.4119,11.837342857142856,12.951014285714285,16.325,17.101071428571426,16.175114285714283,14.978485714285714,15.079242857142857,14.735,16.558214285714286,15.527657142857143,16.42487142857143,16.657457142857144,15.809871428571428,15.907557142857144,16.644928571428572,13.813957142857145,12.459342857142857,11.734157142857143,12.100800000000001,13.444571428571427,14.207971428571428,15.339128571428573,15.527571428571429,15.359071428571427,15.882214285714285,15.443628571428572,15.1695,14.31322857142857,12.77564285714286,13.59267142857143,13.005342857142855,11.996085714285714,13.347314285714287,12.362,13.28347142857143,12.542957142857144,13.684371428571428,14.278914285714288,15.127714285714287,14.996528571428572,15.849942857142858,16.171985714285714,17.666400000000003,16.856500000000004,18.36767142857143,17.73442857142857,16.298414285714284,16.0954,15.924985714285713,15.698199999999998,15.181142857142857,14.71215714285714,15.082128571428571,15.721642857142857,16.00117142857143,16.677457142857143,15.60922857142857,17.630657142857142,15.926614285714288,15.964514285714287,16.107857142857146,16.40664285714286,15.310457142857144,15.116271428571427,12.556485714285714,12.076628571428571,10.538157142857143,9.702157142857143,8.941385714285714,8.880085714285714,9.869285714285715
25,5.814,5.814,6.82655,7.5581000000000005,8.345225000000001,7.75708,8.8714,9.087542857142857,10.4381,10.461014285714285,10.508842857142856,10.904542857142857,12.315457142857142,12.38982857142857,12.147928571428574,17.969685714285713,20.007114285714287,22.83431428571429,23.558071428571427,24.430442857142857,24.448657142857144,25.2982,20.7483,19.354585714285715,16.225385714285714,14.488214285714287,12.44187142857143,11.226914285714285,10.491142857142858,7.9929,6.912100000000001,6.948228571428572,7.5363428571428575,7.4931,7.69682857142857,7.484328571428571,7.6724428571428565,7.923985714285714,8.695157142857143,8.926471428571428,9.103557142857143,9.2436,8.876542857142857,8.434828571428572,9.714785714285714,8.689942857142857,7.743542857142857,7.209257142857142,7.424814285714286,7.991328571428572,7.898757142857143,6.806185714285713,6.694271428571428,6.578214285714286,7.1341142857142845,7.0477428571428575,6.848285714285715,7.368385714285715,7.771428571428572,9.587757142857143,10.999885714285714,11.001214285714285,11.979485714285715,13.156328571428572,13.2491,12.853742857142857,11.280557142857143,10.605900000000002,10.640600000000001,11.438999999999998,10.262157142857143,10.737171428571429,10.773242857142858,10.286642857142857,10.242114285714285,11.00494285714286,9.1031,8.952899999999998,9.650742857142857,9.373342857142857,9.442242857142856,8.793671428571427,8.231385714285715,10.514114285714285,13.092885714285714,14.270014285714284,16.9776,18.414414285714287,19.373114285714284,20.111385714285714,17.495157142857142,16.1467,14.949714285714284,14.039371428571428,15.069085714285716,14.518385714285714,14.33302857142857,15.1086,15.850157142857142,15.410042857142857,15.954099999999999,14.984585714285712,18.359957142857144,17.941014285714285,17.7395,16.07962857142857,16.293642857142856,15.693457142857142,15.560871428571428,13.415385714285714,12.981442857142856,13.849957142857141,14.896157142857144,14.576285714285715,14.376657142857143,13.64437142857143,13.275014285714288,14.13287142857143,13.352557142857142,14.940442857142857,14.290157142857142,13.589257142857141,13.892714285714286,14.899914285714285,14.558999999999997,16.65137142857143,13.856857142857143,14.68277142857143,14.54227142857143,15.078342857142859,14.111885714285714,14.933942857142856,11.81582857142857,13.575842857142858,15.958357142857142,16.461742857142855,16.402485714285714,16.9489,15.685114285714281,16.56815714285714,16.791900000000002,14.180257142857144,13.530371428571428,12.990471428571428,11.639842857142856,12.221785714285716,12.5178,11.652314285714287,11.052057142857143,10.812785714285715,10.58772857142857,11.517085714285715,11.596328571428572,10.986085714285712,10.358099999999999,10.065471428571428,10.801757142857143,10.664257142857142,9.975814285714284,9.562971428571428,9.546614285714286,8.797928571428573,8.958142857142857,9.201814285714287,9.544628571428571,9.543857142857144,9.66757142857143,10.401628571428573,11.1439,11.465614285714285,10.927514285714286,10.585685714285713,10.4358,10.720857142857142,10.615142857142857,11.157857142857143,11.457185714285714,11.4623,12.005700000000003,12.370028571428573,12.386800000000003,11.882900000000003,10.900428571428572,11.517399999999999,12.78242857142857,12.803185714285712,12.417657142857141,12.803957142857142,12.4658,12.629871428571429,12.695042857142855,11.5094,11.68507142857143,11.951157142857143,11.064085714285715,12.347385714285718,12.765799999999999,12.092014285714283,12.612571428571428,12.445742857142859,12.008500000000002,11.47877142857143,10.386985714285714,9.4368,9.30697142857143,8.691285714285716,8.814842857142859,8.982014285714286,9.266757142857143,9.470414285714286,10.089185714285716,9.61777142857143,10.175385714285714,9.754971428571428,11.058800000000002,12.203042857142858,12.62394285714286,12.279914285714286,12.59137142857143,12.388371428571428,12.097828571428574,10.791414285714286,9.35527142857143,8.578385714285714,8.184114285714287,8.211642857142857,7.479971428571427,7.588642857142858,8.047757142857142,8.21812857142857,8.227442857142858,8.464857142857143,7.873042857142856,7.5058,7.278999999999999,7.194985714285715,7.1006,7.557657142857143,7.669242857142857,8.320557142857144,9.2003,9.388857142857145,9.145485714285714,9.420614285714283,9.047014285714285,8.663085714285716,8.015514285714286,7.016900000000001,6.701842857142857,6.3533857142857135,6.037185714285714,5.5797,6.371628571428571,7.157128571428571,7.0647714285714285,7.4251571428571435,7.634114285714285,7.943485714285714,8.457071428571428,8.507414285714287,8.623485714285714,9.51782857142857,10.3275,10.476128571428571,10.463571428571427,10.489299999999998,9.811514285714287,9.003257142857143,8.573385714285715,7.863628571428571,7.047842857142856,6.509228571428571,5.913642857142858,5.768800000000001,5.998371428571429,5.953242857142857,7.1724428571428565,9.310028571428571,10.127471428571429,10.845614285714285,11.640728571428571,11.257785714285715,11.006385714285715,9.446314285714285,7.755871428571427,7.198971428571428,6.945914285714287,6.607785714285714,6.540628571428571,6.8144857142857145,7.056785714285715,7.936271428571429,9.453357142857142,9.349157142857143,10.689085714285714,12.168714285714286,14.215014285714286,14.214985714285714,14.759571428571425,13.338214285714285,13.4376,12.683728571428572,13.784614285714285,13.611499999999998,14.6183,13.000028571428572,12.963671428571429,12.608142857142857,12.47332857142857,10.341514285714286,8.899114285714287,8.282371428571427,9.521571428571429,10.337399999999999,11.262142857142857,11.373271428571428,11.635842857142856,12.2821,12.898371428571428,12.951871428571426,13.361171428571428,13.520157142857142,13.458157142857145,14.202842857142855,13.477814285714286,12.779857142857143,12.820328571428572,11.825342857142857,11.97717142857143,11.515985714285716,11.829128571428571,12.488914285714287,13.19277142857143,13.036200000000003,13.491142857142856,13.499328571428572,14.256757142857143,14.080942857142857,15.598614285714286,14.689157142857143,14.664014285714286,14.8824,15.203442857142857,14.876199999999999,15.040142857142856,13.876985714285713,15.084385714285714,14.497942857142856,14.826499999999998,14.374057142857142,13.909957142857142,14.5149,13.48207142857143,13.285442857142858,14.828414285714286,14.363357142857144,14.046928571428571,13.647457142857144,11.6584,11.1336,9.470528571428572,7.6476000000000015,6.989771428571428,7.084942857142857,7.136214285714284
26,5.9607,5.9607,6.20415,8.000166666666667,8.182300000000001,7.6484200000000016,8.448216666666669,8.22707142857143,9.677757142857143,10.157685714285716,9.928857142857142,10.5016,11.962414285714287,12.567885714285717,13.094414285714288,20.12625714285714,22.43822857142857,23.274671428571427,24.031499999999998,24.411899999999996,23.66838571428571,24.18412857142857,17.6067,15.540342857142857,14.353871428571427,12.668071428571428,11.111714285714287,10.348614285714287,9.746157142857143,7.503371428571428,6.5266,6.444857142857144,7.2091,7.042128571428571,7.308042857142857,6.788257142857143,7.3964428571428575,7.677414285714286,8.2167,8.1548,8.805628571428572,8.805628571428572,8.6777,8.203314285714285,9.136185714285714,8.454342857142858,7.425314285714287,6.183457142857143,6.330285714285714,6.628728571428572,6.545128571428571,5.5017000000000005,5.245171428571429,5.247042857142857,5.806642857142856,5.745971428571429,5.345371428571427,5.6212285714285715,6.4659571428571425,7.7845,9.018242857142857,9.290128571428571,10.112871428571427,11.945442857142856,11.782842857142857,10.528757142857144,9.303928571428571,8.64712857142857,9.18532857142857,9.31377142857143,7.630428571428572,7.446028571428571,7.9366,8.389328571428571,8.6489,8.537242857142857,7.103114285714287,6.842071428571429,7.475557142857143,6.847685714285715,6.057142857142857,4.946685714285714,4.5187,6.678042857142858,8.327128571428572,10.15467142857143,11.561471428571428,12.225485714285714,13.647142857142857,14.755557142857143,13.533100000000001,13.025028571428573,12.570142857142859,12.932142857142859,13.805271428571428,13.004585714285716,12.467085714285714,12.232600000000001,12.473600000000001,11.123457142857143,10.604242857142859,10.311485714285713,11.230928571428572,10.715985714285713,10.517128571428572,9.471599999999999,10.471042857142859,10.630628571428572,10.534257142857143,10.688257142857143,10.631685714285714,10.885685714285712,10.924157142857142,10.92372857142857,10.646242857142855,10.222599999999998,10.072414285714286,10.762342857142857,11.152142857142858,12.599242857142857,11.203085714285715,11.299542857142855,11.491299999999999,11.3399,10.554714285714285,11.47147142857143,10.346257142857143,11.743714285714287,11.787600000000001,11.770214285714287,11.1576,11.416957142857143,9.096185714285713,9.958285714285713,10.247957142857143,9.595385714285714,9.180814285714286,9.76677142857143,9.55627142857143,10.102014285714287,10.70397142857143,9.410342857142856,9.642485714285714,9.721957142857145,9.788042857142857,10.139357142857142,10.729600000000001,9.5839,9.253442857142856,9.1174,8.970885714285714,8.427771428571429,8.222414285714285,7.300528571428572,7.328728571428572,7.120599999999999,7.355385714285715,7.126114285714286,7.089,7.0901571428571435,7.530585714285714,6.532957142857143,6.540928571428572,6.516814285714285,7.487857142857142,7.591385714285714,7.65902857142857,7.974814285714285,9.174371428571428,10.43277142857143,10.977742857142857,10.268457142857143,10.011157142857144,10.221028571428572,9.803657142857144,9.060028571428571,8.53552857142857,7.6565,8.030442857142857,8.313085714285714,8.334285714285715,8.345742857142858,8.169542857142858,8.955914285714286,10.506414285714285,10.47487142857143,10.145871428571429,9.697228571428571,9.58072857142857,9.682371428571429,9.112214285714286,7.608242857142858,7.5459000000000005,7.452128571428572,7.3066,7.620614285714285,8.373828571428572,8.121585714285715,8.62122857142857,8.793185714285714,8.72462857142857,8.407514285714287,7.8506714285714265,6.736542857142857,6.4285571428571435,5.880571428571429,5.3887,5.517471428571429,6.0945285714285715,7.029385714285715,8.073271428571429,8.599657142857144,9.069728571428572,9.683642857142857,10.109257142857144,10.340228571428572,9.48307142857143,8.524285714285714,7.869557142857142,7.6991,7.274099999999999,6.877857142857143,6.0757142857142865,6.128357142857145,5.8545428571428575,5.910985714285714,5.925657142857142,5.496628571428571,5.6515,5.7273571428571435,5.640528571428571,5.684728571428571,5.229685714285714,5.102257142857143,5.8339428571428575,6.213328571428571,6.770857142857142,7.410371428571428,7.679314285714286,7.969928571428571,7.802914285714287,7.693328571428572,7.0780714285714295,6.402285714285713,5.6514,5.293342857142856,4.992871428571428,4.863428571428572,4.139257142857143,4.185557142857143,4.775242857142858,4.905057142857143,5.597128571428572,6.615085714285714,7.396757142857142,7.8951,8.045257142857144,8.077714285714288,8.065457142857145,8.213328571428573,8.072685714285715,8.118228571428572,8.831414285714287,8.607728571428572,8.491371428571428,8.891157142857143,9.168999999999999,8.365357142857142,7.472242857142858,6.750471428571428,6.569642857142857,6.247414285714285,5.644771428571429,4.671914285714286,5.2261999999999995,5.267214285714286,6.366985714285714,7.253,7.5316857142857145,8.468742857142857,9.071514285714285,8.8659,9.162514285714284,7.711985714285715,7.318142857142858,6.570257142857144,5.985542857142858,6.0712142857142855,5.667014285714286,5.5882000000000005,6.504371428571429,6.921857142857143,9.154357142857142,9.4048,10.718671428571428,13.166385714285713,14.362971428571427,14.032157142857143,14.372871428571429,12.434099999999999,12.412171428571428,11.272714285714287,10.880528571428572,10.959214285714285,12.376671428571427,11.021771428571428,11.893085714285714,12.174157142857142,12.231328571428573,10.295842857142857,9.33987142857143,8.28957142857143,9.691428571428572,9.903885714285716,9.829914285714285,9.762,10.309185714285714,11.587514285714287,12.420314285714285,12.623757142857142,13.087085714285712,13.497985714285713,13.255485714285713,13.630299999999997,12.58285714285714,11.926542857142858,11.617,11.162614285714286,11.002542857142856,11.364885714285716,12.215814285714286,13.0846,13.553185714285714,13.412971428571428,13.370314285714286,13.67837142857143,14.360985714285716,14.623871428571428,15.6654,15.120485714285715,15.417,15.51315714285714,15.43707142857143,14.981628571428573,15.911328571428571,14.176985714285715,14.456928571428572,14.6058,15.091214285714287,14.798114285714286,14.416914285714284,13.004299999999999,12.625871428571429,13.390685714285713,14.141071428571431,13.513142857142856,13.026542857142857,12.512542857142856,11.529942857142856,11.06007142857143,9.089757142857144,7.3528142857142855,6.894028571428572,6.991928571428573,6.9257
27,6.6801,6.6801,5.9088,7.269366666666667,7.017825000000001,6.526820000000001,7.035866666666667,6.842885714285715,7.907000000000001,8.709214285714285,8.755771428571428,9.2715,10.694157142857142,11.012357142857141,12.09242857142857,17.89387142857143,18.35167142857143,18.507900000000003,19.092314285714284,19.19034285714286,19.07785714285714,19.101642857142856,14.04704285714286,13.686000000000002,12.9301,11.644171428571429,10.33087142857143,9.684714285714284,9.190014285714284,6.8060142857142845,6.033628571428571,5.791028571428571,6.740357142857142,6.797942857142857,6.262628571428571,5.545228571428572,6.308628571428572,6.058185714285714,7.053514285714286,6.594771428571428,7.421514285714285,8.231814285714284,8.231757142857143,7.725128571428572,8.435728571428573,7.464185714285715,6.666714285714287,5.486071428571428,5.5969,5.907228571428571,6.027499999999999,5.2068714285714295,4.980442857142857,5.015014285714286,5.16512857142857,5.0789857142857135,4.518942857142856,4.359571428571429,5.453771428571429,7.4443,9.792714285714286,10.2706,10.465742857142859,12.711571428571428,13.273214285714285,11.984914285714284,10.040814285714285,8.539542857142857,8.999971428571428,9.204614285714285,7.907571428571429,8.916757142857142,9.24232857142857,10.633414285714284,11.3912,11.928157142857142,11.176599999999999,10.606142857142858,9.53542857142857,9.197585714285713,7.896014285714286,6.147885714285715,5.104328571428572,7.799571428571428,10.655214285714285,13.490728571428571,14.720228571428573,14.766857142857143,15.625271428571429,16.67747142857143,14.697757142857142,12.623371428571428,10.0261,10.533328571428571,11.304757142857142,11.2982,10.328985714285713,10.0831,10.206,9.970114285714287,9.066514285714286,9.580471428571428,9.655514285714286,9.870128571428571,10.11582857142857,9.524528571428572,10.282428571428571,10.369514285714287,9.948914285714286,10.454257142857143,10.157242857142858,10.194271428571428,9.769357142857144,9.595857142857144,9.468,9.41152857142857,9.14322857142857,9.601885714285714,9.858328571428572,10.6562,10.403685714285714,10.569414285714286,10.363628571428569,9.829728571428573,9.318185714285715,9.470671428571427,9.052171428571429,9.89832857142857,10.323514285714285,9.995971428571428,9.828014285714286,9.713414285714284,8.26442857142857,8.322128571428571,7.354871428571428,6.314271428571429,6.420128571428571,6.6824,6.987957142857143,7.603114285714286,8.996628571428571,9.668928571428571,10.139585714285714,9.735814285714286,9.9742,9.700642857142858,9.842257142857145,8.279642857142857,6.6979,6.407357142857143,6.407357142857144,5.8447571428571425,5.945957142857142,5.710771428571428,6.256242857142857,6.669257142857142,6.299042857142857,6.458228571428571,6.706057142857143,6.485557142857142,6.382842857142857,5.2036999999999995,4.9347,5.0952,5.3881571428571435,5.200385714285715,5.269157142857144,5.867271428571429,7.3083857142857145,8.459871428571429,9.741714285714286,9.015485714285715,8.895485714285714,9.080385714285715,8.072057142857142,6.883300000000001,6.504171428571429,5.3927,6.32457142857143,6.838671428571429,6.752442857142857,7.055757142857144,7.466742857142857,7.879942857142857,8.592328571428572,8.279585714285714,8.0492,7.938842857142857,7.8115428571428565,7.4913,6.754814285714285,5.560714285714284,5.145671428571428,4.645671428571428,4.630814285714286,5.187828571428573,5.704271428571429,5.9187,6.2875571428571435,6.476257142857143,6.3703142857142865,5.7603,5.0144142857142855,4.155857142857143,3.467842857142857,3.3603285714285716,3.136057142857143,3.5494,3.9666428571428574,5.4020714285714275,7.017457142857142,7.829742857142857,8.385485714285714,8.752628571428572,8.858857142857143,8.845057142857142,7.285685714285715,5.7175142857142855,5.151028571428571,4.561242857142857,4.318585714285715,4.798242857142857,4.557542857142857,4.7607,5.359499999999999,5.156714285714286,5.818542857142857,5.818542857142858,5.062671428571429,4.965714285714286,4.618657142857143,4.169657142857143,4.042342857142857,3.7697142857142856,4.4011,5.44682857142857,6.554542857142857,7.779528571428572,8.299985714285715,8.476228571428573,8.046785714285715,7.736914285714286,6.681971428571429,5.738428571428571,4.749685714285714,4.237785714285715,4.162428571428571,4.816342857142857,4.794814285714286,4.852971428571428,5.533185714285715,6.125099999999999,6.708457142857142,7.785685714285713,7.8519999999999985,8.087399999999999,9.109114285714286,9.020814285714286,9.020814285714284,9.019,8.605628571428571,8.804628571428571,9.277885714285715,8.266057142857143,8.266085714285714,8.266085714285712,8.266085714285714,7.358414285714285,6.415871428571428,5.414471428571429,5.362114285714285,5.016100000000001,4.432742857142856,3.7228285714285714,4.348542857142857,4.539457142857143,5.134971428571428,5.7183142857142855,5.820042857142857,6.376657142857143,6.874242857142858,6.652971428571428,7.042542857142857,6.596871428571428,5.962785714285715,5.747400000000001,5.420171428571429,5.634285714285714,5.467700000000001,5.325385714285715,5.920728571428572,6.595028571428571,9.197585714285713,9.551528571428573,9.654914285714286,10.824214285714286,11.5391,11.323842857142855,11.321057142857143,8.33797142857143,8.026742857142859,7.923357142857144,8.1617,8.031314285714286,8.972900000000001,8.351385714285714,9.71042857142857,10.028485714285713,10.536971428571428,9.1814,8.986557142857142,8.604600000000001,9.655328571428571,9.459914285714285,9.6046,8.551785714285714,8.986971428571428,10.113471428571428,9.825199999999999,10.36537142857143,11.059771428571427,11.061085714285714,11.603685714285715,12.386828571428572,11.388,11.5561,10.718657142857143,10.158914285714285,10.445542857142856,10.718885714285713,11.18085714285714,11.920814285714286,12.65652857142857,12.76022857142857,12.532157142857143,12.736514285714284,13.561271428571429,13.581657142857141,14.084557142857145,13.253985714285715,13.572485714285715,13.8293,13.554528571428571,13.129700000000001,13.57807142857143,12.447500000000002,12.473714285714285,12.622842857142858,12.902600000000001,12.55917142857143,12.121185714285716,11.760757142857143,12.515985714285714,12.83692857142857,13.172957142857141,12.517871428571429,12.83132857142857,12.595971428571428,11.492842857142858,9.8956,8.954242857142857,7.5498714285714295,7.260628571428571,6.829828571428571,6.722700000000001
28,8.8198,8.8198,7.26315,8.2957,7.59785,6.7286600000000005,6.908350000000001,6.593928571428572,6.977471428571428,8.301285714285713,8.1737,8.591199999999999,9.328142857142856,9.2355,9.9577,16.95265714285714,18.80128571428571,18.85907142857143,19.053942857142857,20.03312857142857,20.557442857142856,21.299914285714287,14.491171428571429,12.147028571428569,11.4117,10.619242857142856,9.01545714285714,8.293871428571428,8.024742857142856,6.622842857142857,5.808285714285715,5.674385714285714,6.720814285714285,6.927671428571429,6.469857142857143,5.639742857142856,6.542671428571429,6.143557142857142,7.022942857142857,6.800457142857143,7.402228571428572,8.301614285714287,7.9566428571428585,7.338114285714286,7.6957,6.890571428571429,6.248271428571429,5.8792285714285715,5.760128571428572,6.212114285714286,5.926571428571429,5.432514285714286,5.225842857142857,4.8364142857142856,4.1141,4.4134714285714285,3.5961428571428575,3.8713,4.720785714285715,6.390814285714286,8.169057142857143,9.4886,9.1842,10.858114285714285,11.888042857142855,11.038614285714285,9.32872857142857,9.010071428571427,9.015,9.068557142857143,7.924185714285715,7.872642857142857,8.120114285714285,9.35252857142857,9.233457142857143,9.286285714285714,8.740057142857143,8.979385714285716,9.250242857142856,9.003014285714286,7.781142857142858,6.351657142857144,5.824214285714286,6.332428571428572,7.426042857142856,8.249514285714286,8.969742857142858,8.881885714285714,10.173628571428571,10.562228571428571,10.547928571428573,10.023328571428573,11.20507142857143,12.651842857142857,13.503199999999998,13.281071428571428,13.3465,13.514300000000002,13.374957142857141,10.5626,8.66002857142857,9.725357142857144,9.102728571428571,8.654428571428571,8.8677,8.551185714285714,8.562114285714285,9.158985714285715,9.0985,9.924671428571429,9.918828571428572,9.566185714285712,9.499414285714286,9.5408,9.100114285714286,8.096357142857142,7.863585714285715,8.40517142857143,9.587385714285716,9.41697142857143,9.430185714285715,10.414914285714286,10.451114285714285,9.67807142857143,9.111742857142858,8.556828571428571,8.571714285714286,9.308814285714286,8.866985714285713,8.375142857142858,8.403828571428571,7.8161,6.621857142857142,6.703,5.607957142857144,5.2477285714285715,5.129071428571429,5.124785714285714,6.875071428571428,8.914728571428572,10.397142857142857,11.532942857142856,11.648728571428572,12.223557142857144,12.95104285714286,11.4759,11.190414285714285,9.25622857142857,7.562185714285714,7.016028571428572,7.483600000000001,6.708928571428572,6.563885714285716,4.766157142857142,5.683442857142857,6.291557142857143,6.119800000000001,5.275385714285714,5.449,6.0159,6.060785714285714,4.819814285714286,4.3468285714285715,4.352314285714285,4.111785714285714,4.158428571428571,3.9016714285714285,5.031985714285715,7.104385714285714,8.479742857142856,9.835042857142856,9.635099999999998,9.258114285714287,9.246328571428572,8.0842,6.6132857142857135,6.0740428571428575,4.970728571428572,5.836157142857144,6.206471428571429,6.300357142857143,6.303914285714286,6.211942857142857,6.092671428571429,6.420128571428571,6.156242857142857,6.112114285714286,5.641285714285715,5.611428571428571,5.1371714285714285,4.560957142857142,3.9049571428571426,3.4606857142857135,3.302385714285714,3.568885714285714,4.454285714285715,5.431400000000001,5.937985714285715,6.172957142857144,6.2129,6.018842857142857,5.752342857142857,4.7177999999999995,3.7070000000000003,2.9259571428571434,2.762114285714286,2.7258714285714283,2.982557142857143,3.5448285714285714,4.748142857142858,6.085414285714286,7.150728571428572,8.00107142857143,8.311842857142858,8.309857142857144,7.5933714285714276,6.383471428571427,5.301814285714285,4.648285714285715,3.910342857142857,3.8544142857142853,4.371414285714286,4.642042857142857,4.789585714285714,5.382228571428572,5.441342857142857,5.945214285714286,5.967728571428572,5.214457142857142,4.908085714285714,5.632457142857143,5.039814285714286,4.824528571428571,4.942642857142857,5.321471428571428,6.3691571428571425,6.619571428571429,6.60157142857143,6.816857142857144,6.691357142857144,5.9765,5.455685714285714,4.371942857142857,4.022028571428572,3.3030142857142857,3.0963285714285713,3.2418857142857145,4.071442857142857,3.954814285714286,4.139957142857143,4.643299999999999,5.259357142857143,5.844514285714285,7.158528571428571,7.158528571428572,8.251242857142858,9.237085714285714,9.5842,9.584228571428572,9.584242857142856,8.843942857142858,9.299557142857143,9.299557142857143,8.658428571428571,8.5723,8.8133,8.8729,8.0238,6.719357142857143,5.515728571428573,5.6411999999999995,5.387099999999999,4.721185714285714,3.8094,4.471,5.1913,6.802071428571429,6.938014285714286,7.222842857142858,7.563485714285714,8.054885714285716,7.881600000000001,8.021928571428573,6.798385714285716,6.436785714285716,6.072828571428573,6.099985714285715,6.4616,6.235957142857143,5.514171428571429,5.875771428571428,6.592614285714285,8.62962857142857,8.687542857142857,9.164314285714285,9.869257142857142,10.513771428571427,10.513771428571427,10.158542857142859,7.691657142857144,6.994571428571428,6.9936428571428575,7.131428571428572,7.300414285714287,8.647471428571428,8.070228571428572,9.361328571428572,10.056442857142857,9.973728571428571,9.463614285714284,9.192099999999998,7.978871428571428,9.058714285714286,8.729114285714285,8.602485714285715,7.703685714285714,7.519442857142858,9.026728571428572,8.8926,9.130457142857143,10.163742857142859,10.735257142857142,11.239014285714287,12.353142857142856,11.406385714285713,11.998785714285715,11.077728571428569,9.725614285714286,9.725614285714284,9.727214285714284,10.106642857142857,11.258857142857142,11.800514285714286,12.275557142857142,12.9035,13.21942857142857,14.04787142857143,13.645614285714286,13.403257142857143,13.01117142857143,13.02657142857143,13.701885714285718,13.706642857142857,12.924499999999998,14.221614285714285,13.185585714285711,13.049342857142856,14.174614285714286,14.402385714285712,13.708614285714287,13.763142857142856,12.5693,12.73202857142857,12.535485714285713,11.685157142857145,10.038499999999999,10.701500000000001,11.091157142857144,10.293657142857143,9.424171428571428,9.061285714285715,8.5658,8.657571428571428,8.187928571428571,7.338
29,5.7135,5.7135,5.69625,5.878433333333334,5.500425,5.31284,5.60265,5.558228571428571,6.371985714285714,8.267214285714285,8.68842857142857,8.848042857142856,9.3355,10.127414285714284,13.414257142857142,24.546085714285713,28.907714285714288,29.0205,29.56828571428571,29.447414285714284,28.94022857142857,26.731899999999996,15.600071428571429,9.536157142857144,8.581528571428573,7.609928571428573,6.985242857142858,6.2290857142857154,5.455128571428572,4.2397,3.6906857142857143,3.5162,4.786600000000001,4.938114285714286,5.560785714285714,5.5121714285714285,6.006885714285715,6.090357142857144,7.115714285714286,8.721657142857142,12.411857142857142,12.396014285714285,11.987214285714286,11.679857142857143,12.043242857142857,11.324271428571427,9.231142857142858,5.991214285714285,5.860328571428573,6.705814285714284,6.6348,6.0259285714285715,5.738771428571428,4.990314285714286,4.7512,4.828742857142857,3.6714857142857147,3.7155285714285715,4.6053,5.898714285714285,7.606657142857142,8.45152857142857,8.504942857142856,10.286128571428572,10.595185714285714,9.70422857142857,8.388342857142858,7.223,7.101571428571428,6.892314285714286,7.265642857142857,7.787885714285714,8.608028571428571,10.2808,9.83112857142857,9.424728571428572,9.104485714285714,7.598885714285715,8.290857142857144,7.490714285714286,6.595185714285714,6.856828571428571,7.897671428571429,8.442642857142857,8.755742857142858,8.850442857142857,9.372514285714287,9.177171428571429,9.6376,10.1806,11.001271428571428,13.818628571428572,12.77067142857143,14.231557142857145,14.084614285714286,14.446528571428573,13.126857142857144,12.772614285714287,9.8469,9.913185714285715,8.320514285714285,9.95422857142857,9.092114285714285,9.219957142857142,9.21952857142857,9.445371428571429,9.571714285714284,10.338257142857142,9.512157142857143,9.947999999999999,9.625485714285714,9.031357142857143,9.5976,9.404957142857143,8.988928571428572,9.476371428571428,9.47632857142857,9.548357142857144,10.666371428571427,9.679342857142856,10.042285714285715,10.323071428571428,9.44442857142857,8.8688,8.798757142857143,7.850914285714286,9.050142857142857,10.376542857142855,12.102928571428569,12.557785714285716,13.004328571428571,12.368200000000002,11.9528,10.77447142857143,8.569657142857142,6.525514285714285,5.662528571428571,5.125457142857143,6.979057142857144,8.8393,10.898542857142857,11.413928571428572,12.470228571428569,12.878357142857144,13.544428571428572,12.32691428571429,11.9369,9.447428571428572,8.615357142857142,6.980785714285715,6.980785714285714,6.803557142857143,6.188657142857143,5.708828571428571,6.313271428571428,7.623442857142857,7.805371428571428,9.127471428571429,8.9944,10.175057142857142,9.477500000000001,8.7316,7.6793571428571425,7.483242857142857,6.239228571428571,6.039928571428571,5.588028571428571,6.385914285714285,8.0566,9.551485714285715,10.558628571428573,9.743342857142855,9.770371428571428,9.298071428571427,8.393771428571428,7.145414285714286,6.224714285714286,5.701828571428572,6.432442857142858,6.993099999999999,7.169771428571429,7.2108,7.259957142857144,7.146685714285715,6.595785714285715,6.378785714285714,5.787542857142857,5.235842857142856,4.938371428571429,4.396285714285715,3.8817142857142852,3.8188714285714283,3.483014285714286,3.410357142857143,4.495842857142857,5.598385714285714,6.2635,7.471285714285714,7.4938142857142855,7.248942857142858,7.110214285714286,6.094285714285713,4.710485714285714,4.043314285714286,2.6837142857142853,2.661042857142857,2.6586,3.383728571428572,4.850442857142857,6.320900000000001,7.459128571428571,8.227514285714285,9.212171428571427,10.490057142857141,9.8221,8.282814285714286,6.9503571428571425,6.267871428571428,6.038557142857143,5.168757142857143,4.697685714285714,5.421371428571428,5.649799999999999,5.889557142857143,6.249985714285715,6.25852857142857,6.992685714285714,6.990557142857143,6.3568,6.668142857142857,6.958557142857143,6.477842857142856,6.136699999999999,6.1388428571428575,6.750857142857143,7.943128571428572,8.61867142857143,8.692314285714286,8.601957142857142,8.504971428571428,7.769871428571427,7.7800571428571415,6.742914285714285,5.518771428571428,4.702114285714286,4.746828571428572,4.637657142857143,5.799214285714285,4.559857142857143,4.850314285714285,5.193757142857144,5.9796571428571434,7.849400000000001,9.1037,9.15217142857143,10.2464,10.853257142857142,11.255042857142858,12.535471428571428,11.669157142857143,11.538257142857143,11.3172,10.842114285714286,9.868971428571427,9.868971428571427,8.651442857142857,8.0838,7.211857142857143,6.295285714285716,5.635471428571429,6.1310714285714285,5.768385714285714,5.325285714285714,4.598685714285715,4.981242857142858,5.4257285714285715,6.966571428571429,7.308028571428571,7.4990428571428565,7.771185714285714,8.1135,8.039014285714286,8.255157142857142,6.9584142857142846,6.620228571428571,6.4293571428571425,6.719785714285714,7.126171428571429,6.862028571428572,6.740942857142857,6.915599999999999,6.9155999999999995,7.703557142857142,7.563471428571428,8.228557142857143,9.166157142857143,8.7395,8.981371428571428,9.660571428571428,9.233242857142857,9.868357142857144,9.769685714285714,10.800342857142855,11.674428571428573,11.947314285714285,11.265385714285713,11.267171428571428,10.591071428571428,9.75632857142857,8.271442857142857,7.717271428571428,7.681457142857142,8.111199999999998,8.076614285714285,7.616985714285714,7.361414285714285,6.9696428571428575,8.271157142857144,7.9279,8.033785714285715,9.074414285714285,12.76037142857143,13.032828571428572,13.976357142857143,13.542842857142858,14.089285714285714,12.913185714285714,11.606214285714286,8.819657142857142,9.582628571428572,9.66122857142857,10.032814285714284,10.734614285714287,11.139942857142856,11.756528571428571,11.403628571428571,11.665414285714288,11.038071428571428,11.381528571428571,12.160114285714286,12.965257142857142,13.182657142857144,14.03647142857143,13.447357142857143,14.149614285714287,13.89257142857143,12.780942857142858,12.488771428571429,12.915771428571428,11.971928571428569,11.692285714285713,11.019385714285715,10.041471428571429,9.491785714285713,9.508957142857142,8.54717142857143,8.439457142857142,8.344128571428572,7.95447142857143,7.297357142857144,6.938157142857142,6.2122714285714284,5.667485714285715,5.340642857142856,4.8690428571428575
30,7.4129,7.4129,5.0074499999999995,6.655033333333333,5.964425,6.37152,6.4571000000000005,6.231714285714285,7.949700000000001,9.228485714285714,8.831571428571428,9.300028571428571,11.582099999999999,11.078757142857143,18.027442857142855,31.764485714285716,35.47357142857143,38.19454285714286,38.19454285714286,35.79417142857143,37.114357142857145,31.56907142857143,17.84492857142857,13.12945714285714,9.826371428571429,9.199085714285715,8.865428571428572,8.062042857142858,6.555085714285714,4.136028571428572,4.099271428571429,3.953542857142857,5.173,5.176042857142858,7.760514285714286,8.741114285714286,9.378728571428573,9.391414285714287,10.711428571428572,10.853342857142858,11.302271428571428,8.839257142857143,8.3402,7.8735,7.725071428571428,7.079314285714285,6.177828571428572,5.9935857142857145,6.0944714285714285,5.841,6.085842857142857,6.380471428571428,5.702157142857142,6.301157142857142,6.4872000000000005,5.589628571428571,5.059385714285715,5.0505,5.933014285714286,8.606142857142858,9.478957142857142,9.477157142857143,10.298214285714286,12.713485714285715,13.554114285714286,12.198828571428573,9.71804285714286,8.309014285714287,8.310857142857143,8.003457142857142,7.822242857142856,7.401642857142858,8.2494,9.6335,9.570714285714287,9.388714285714286,8.964385714285713,7.638414285714284,9.378442857142858,8.5395,7.702471428571429,7.606699999999999,8.754357142857144,9.486057142857144,9.430414285714287,8.688985714285716,9.250328571428572,8.75827142857143,9.305514285714285,11.272314285714286,11.724271428571429,14.38172857142857,13.329328571428572,14.064128571428572,14.25054285714286,14.345042857142857,11.866314285714285,11.875371428571428,9.216985714285714,9.217028571428571,8.05107142857143,8.923085714285714,7.860828571428572,7.413228571428571,6.960214285714286,6.961314285714285,6.989842857142856,7.992914285714285,7.53842857142857,8.341514285714284,8.333528571428571,7.984999999999999,8.238714285714286,8.210142857142857,7.918514285714287,7.966714285714285,7.9833,8.249714285714287,9.472142857142858,8.74552857142857,9.096157142857143,9.096642857142857,10.102628571428571,9.235328571428571,9.433328571428572,8.340257142857142,9.818485714285714,11.629214285714285,13.971771428571428,12.785799999999998,13.538628571428571,12.301,12.490957142857143,10.894885714285712,8.064457142857144,5.721885714285714,5.373185714285714,4.643871428571428,6.249085714285714,7.486885714285713,9.206928571428572,11.21417142857143,12.054128571428572,12.535057142857143,13.403742857142857,12.573285714285714,12.302357142857144,10.341442857142857,8.152828571428572,6.524957142857143,6.524957142857143,6.086428571428571,5.362757142857143,4.875457142857143,5.707157142857143,7.008971428571429,7.246285714285714,6.406671428571429,6.351857142857143,7.091928571428572,6.406914285714286,5.627471428571428,4.5649428571428565,4.479157142857143,5.531828571428571,5.847242857142858,5.880814285714286,6.3014857142857155,7.842014285714286,9.460228571428571,10.093842857142858,9.03704285714286,8.952242857142858,8.338671428571429,8.031385714285715,6.951014285714286,6.377814285714286,6.158314285714285,6.619171428571429,6.607957142857144,6.747942857142857,6.251142857142858,6.740142857142857,6.253285714285715,5.626257142857142,6.0553857142857135,5.6528285714285715,5.225557142857142,5.310428571428571,4.290185714285714,3.443971428571429,3.4425285714285714,2.5970857142857144,2.552371428571429,3.403485714285714,4.186942857142857,4.794557142857143,5.617071428571428,5.617200000000001,5.5668999999999995,5.396485714285715,4.693942857142858,3.673428571428572,3.065614285714286,2.2913714285714284,2.290957142857143,2.3177,2.981057142857143,4.195214285714286,5.134,5.985314285714286,6.663442857142857,7.337928571428572,8.570085714285714,8.012614285714287,6.6836142857142855,5.974985714285714,5.603357142857143,5.405242857142857,4.730499999999999,3.7876,4.532428571428571,4.802014285714286,4.9365428571428565,5.158714285714285,5.283985714285714,6.193585714285715,6.480957142857143,5.7474428571428575,5.906028571428571,5.868414285714286,5.628657142857143,5.477542857142857,5.390571428571429,6.553128571428571,8.121599999999999,8.893857142857142,9.33072857142857,9.132885714285715,8.809614285714288,7.987257142857144,7.070957142857145,5.649042857142857,4.4564142857142865,3.6208571428571426,3.6106000000000003,3.499971428571428,4.698942857142858,4.565242857142858,4.790014285714286,5.058985714285714,5.8942428571428565,6.519728571428572,7.802142857142857,8.11207142857143,8.707142857142857,9.5307,10.384142857142859,11.509599999999997,11.48102857142857,11.540499999999998,10.882442857142857,10.42077142857143,9.418885714285713,9.105671428571428,7.978814285714285,7.977414285714284,6.726357142857141,5.947671428571428,5.526400000000001,6.5282857142857145,5.931357142857143,5.335842857142857,4.6191571428571425,4.9258999999999995,5.703157142857143,6.401242857142857,6.672642857142857,7.137914285714286,7.734885714285715,7.823628571428572,8.2556,8.290214285714287,7.880485714285713,7.147471428571429,7.146199999999999,7.177071428571428,7.6735,6.823628571428571,6.657542857142857,6.790514285714287,6.790514285714286,6.923485714285715,6.892614285714287,7.141614285714286,8.272628571428571,7.732942857142858,7.599971428571428,8.201942857142859,8.001414285714286,8.427000000000001,9.021614285714286,9.266385714285715,10.05242857142857,10.242757142857142,9.380914285714285,10.2089,9.783000000000001,8.800214285714286,8.276142857142856,7.919214285714285,7.860428571428571,8.268957142857143,7.640071428571427,6.930242857142856,7.1157571428571424,6.532785714285715,7.779428571428572,7.686057142857144,8.544528571428572,9.552357142857144,10.70727142857143,10.7994,11.92072857142857,12.269685714285714,14.466642857142858,13.057214285714286,12.049385714285716,12.613457142857143,13.6168,13.264442857142857,12.9227,11.832671428571429,12.249457142857143,12.309171428571428,11.670114285714286,10.6909,11.59882857142857,11.416714285714287,10.849671428571428,11.890685714285713,13.487057142857143,14.076828571428573,14.547242857142859,14.247814285714284,13.418142857142856,13.757842857142858,13.692328571428572,12.768857142857144,12.121842857142855,11.768314285714284,11.424285714285714,11.426128571428572,10.641742857142857,9.783328571428571,9.1215,9.177071428571427,9.0291,8.052042857142856,7.660314285714285,7.698628571428571,7.255271428571429,6.7459,5.706485714285715,5.3363000000000005
31,6.4253,6.4253,4.83475,5.891000000000001,5.11655,5.4853000000000005,5.701333333333333,5.539328571428571,6.973814285714288,8.118942857142859,8.118500000000001,8.731128571428572,8.573371428571429,8.196314285714285,17.440242857142856,26.773785714285715,32.879671428571434,32.87968571428571,32.987471428571425,33.362671428571424,34.58418571428572,27.342714285714283,18.31725714285714,11.244042857142858,10.412257142857142,9.595157142857143,8.953457142857141,7.715857142857141,5.376514285714286,3.001757142857143,2.9114999999999998,2.8970714285714285,4.2059,3.9291857142857145,6.935042857142856,7.4382714285714275,7.895442857142856,7.949799999999999,8.7632,10.112428571428572,10.980085714285712,8.168514285714284,8.362171428571427,7.911957142857141,7.8611571428571425,7.473185714285714,5.067342857142857,4.762542857142857,5.135414285714285,4.892871428571429,5.155971428571428,5.155971428571428,4.751214285714285,4.585042857142857,4.200714285714286,3.3497142857142856,2.8711142857142855,3.458142857142857,5.8483857142857145,9.012285714285714,11.371985714285714,12.042928571428572,12.495942857142856,14.656785714285714,15.108771428571428,12.4683,9.291371428571427,7.686114285714285,7.687057142857142,7.634714285714284,5.8309,5.3789428571428575,5.736699999999999,8.015157142857143,8.67622857142857,8.496942857142857,8.111042857142857,8.981842857142857,10.461885714285716,10.153557142857142,8.463700000000001,7.456857142857143,8.032614285714287,8.874500000000001,8.49922857142857,8.236114285714285,8.801742857142857,8.29042857142857,8.80477142857143,10.365357142857144,10.367942857142856,12.299157142857142,12.362,13.002514285714284,13.291942857142859,13.251985714285714,11.317314285714286,11.78404285714286,9.891900000000001,8.614014285714285,7.6177142857142846,9.121071428571428,8.413228571428572,8.391742857142857,8.36877142857143,8.330528571428571,8.330499999999999,8.963785714285715,7.934028571428572,8.384985714285715,8.330328571428572,7.720871428571428,7.776542857142857,7.776528571428572,7.293928571428571,8.238728571428572,8.368842857142857,8.784257142857143,9.409585714285713,8.8985,8.9854,9.415728571428572,9.649071428571428,8.797857142857143,8.604499999999998,7.560528571428572,8.871242857142859,9.788942857142857,10.747428571428571,9.532399999999999,10.252957142857142,9.267457142857142,9.714771428571428,8.276057142857145,6.475371428571428,5.516885714285714,4.931442857142857,4.212357142857143,6.086628571428571,6.909385714285714,8.2788,9.917557142857143,10.386557142857143,11.008828571428571,11.982285714285712,10.75145714285714,11.820842857142859,10.212928571428572,8.546942857142858,7.697742857142856,7.697742857142856,7.1532,6.746157142857144,5.543685714285714,6.364971428571429,7.604985714285715,7.331428571428572,9.652457142857143,9.523542857142857,10.2946,9.702914285714288,8.853028571428572,7.886585714285715,8.051085714285714,6.1688,6.169,6.080557142857143,6.114342857142857,7.123657142857143,8.6797,9.032285714285715,7.742157142857143,8.072585714285713,7.846414285714286,7.726842857142858,7.788628571428572,7.661499999999999,7.396614285714286,7.761314285714286,7.914428571428571,7.5765,6.9415000000000004,6.7203857142857135,5.8407,5.392714285714286,5.830985714285715,5.297671428571428,4.909700000000001,5.106071428571428,4.2553857142857145,3.382228571428571,3.318357142857143,2.514357142857143,2.2609285714285714,3.1115857142857144,3.668157142857143,4.204628571428571,4.5359,4.599657142857143,4.6023571428571435,4.6021,4.003285714285714,3.1524,2.615728571428572,2.3064285714285715,2.303671428571429,2.320942857142857,3.0396428571428573,4.2477857142857145,5.558985714285714,6.505314285714285,6.972885714285714,7.553571428571428,8.513242857142858,7.892771428571429,6.4552571428571435,5.4535285714285715,4.974957142857143,4.975471428571429,4.395685714285714,4.134328571428571,5.349257142857143,5.609228571428572,5.793514285714286,5.931871428571428,6.031842857142857,6.895200000000001,6.548228571428571,5.2822000000000005,5.427328571428572,5.186157142857143,4.8326,4.968042857142857,4.9557714285714285,5.897085714285715,7.284442857142857,7.986657142857142,8.584971428571428,8.6412,8.26162857142857,7.429857142857143,6.835514285714285,5.523714285714286,4.3939142857142865,3.5719,3.5475571428571433,3.7798000000000003,5.0775,5.0791571428571425,5.2726428571428565,5.6605,6.4827142857142865,7.0493428571428565,7.810314285714285,7.810314285714286,8.6142,9.616471428571428,10.503100000000002,11.783885714285715,12.249628571428572,12.209814285714284,11.744071428571429,11.072414285714284,10.070442857142856,9.648257142857142,8.192385714285715,7.5944142857142865,6.419185714285715,5.57,5.437771428571429,6.104042857142858,5.353314285714286,4.9160571428571425,4.457014285714285,5.0746714285714285,6.056628571428571,6.3364714285714285,6.873614285714285,7.491257142857143,8.142342857142856,8.343285714285715,9.000757142857143,8.9143,8.635028571428572,7.9679142857142855,7.9679142857142855,8.208799999999998,8.5992,7.222828571428572,7.0448571428571425,7.176585714285714,7.0448571428571425,7.176585714285714,7.1964999999999995,7.1964999999999995,8.047128571428571,7.449685714285715,7.449700000000001,8.048957142857144,7.460171428571429,7.603828571428572,8.071357142857142,9.049742857142858,9.8764,9.876385714285714,9.319771428571428,10.385057142857141,9.941442857142858,9.206842857142858,8.335085714285713,7.8927000000000005,7.372242857142858,7.460828571428572,6.848599999999999,6.099514285714285,6.181828571428572,5.4689,6.784757142857143,7.169485714285714,8.176942857142858,9.3189,10.631114285714286,10.941814285714287,11.985985714285716,12.021642857142856,14.675799999999999,13.002971428571428,11.995099999999999,12.44112857142857,13.323857142857142,12.679957142857143,12.683514285714285,12.072785714285715,12.718399999999999,12.589899999999998,11.716757142857142,10.400257142857143,10.925371428571427,9.984685714285714,8.508542857142858,9.249557142857142,9.9292,10.717857142857142,11.304599999999999,11.423142857142855,11.426385714285715,11.45394285714286,11.719628571428574,11.528985714285714,10.604285714285712,10.332285714285716,9.89412857142857,9.820885714285714,9.361271428571428,8.373257142857144,8.013885714285715,8.069528571428572,8.061042857142857,7.349271428571428,6.651914285714286,6.15937142857143,5.745085714285714,5.0208714285714295,4.1285,4.1285
32,7.0519,7.0519,5.7012,6.002766666666666,5.002075,5.3003599999999995,5.750983333333333,5.6133,7.0940714285714295,8.100499999999998,8.314085714285714,9.0461,8.911842857142856,8.114257142857143,13.366128571428572,21.289557142857145,27.34881428571428,27.68515714285714,27.55662857142857,28.581971428571425,30.115057142857143,26.465014285714286,17.448671428571426,10.440557142857143,9.263557142857142,8.710757142857142,7.559785714285715,6.096514285714286,4.141942857142857,3.043914285714286,3.158228571428571,3.1273142857142857,4.648485714285714,4.3527000000000005,7.518528571428571,8.092857142857143,8.449057142857143,8.339685714285716,9.251900000000003,9.410785714285714,10.2045,7.154185714285715,7.261971428571428,6.901142857142856,6.914728571428573,6.7300571428571425,5.069914285714285,5.0470428571428565,5.8125285714285715,5.490742857142857,5.7561285714285715,5.616528571428572,4.895442857142856,5.586428571428571,5.586428571428571,4.581514285714285,4.589614285714286,5.174428571428571,6.5165,8.087242857142858,9.11672857142857,8.917414285714285,9.62352857142857,10.072414285714286,10.52432857142857,9.000857142857145,7.565328571428572,6.775285714285714,6.975671428571428,6.573142857142856,6.378671428571429,5.926771428571429,6.390842857142857,7.809457142857143,8.326600000000001,8.163142857142857,7.898771428571429,8.335614285714286,10.368042857142857,10.262257142857141,9.384285714285713,8.442571428571428,8.957942857142857,10.536285714285713,10.432,9.891628571428571,10.090457142857144,9.651285714285715,9.93992857142857,10.603628571428573,9.845142857142857,12.31872857142857,13.609185714285715,13.819585714285713,14.005014285714285,14.723714285714285,13.880285714285716,14.331857142857144,12.682942857142857,9.90047142857143,9.158642857142857,10.6251,9.298085714285715,9.126100000000001,9.1261,8.158971428571428,8.160185714285713,8.901985714285715,7.865314285714286,8.4657,8.228457142857144,7.6675571428571425,7.667542857142857,7.66752857142857,7.065942857142856,7.065942857142856,7.071128571428572,7.30992857142857,7.412514285714286,6.8870000000000005,6.905428571428573,7.376414285714287,8.270971428571428,7.4163571428571435,7.4224000000000006,6.837314285714285,8.141842857142857,9.128614285714287,10.385328571428571,9.579528571428572,10.430642857142857,9.573485714285715,10.21234285714286,8.680128571428572,6.828285714285714,5.702628571428571,4.89927142857143,4.074828571428571,4.554771428571429,4.728,6.324471428571428,8.014385714285714,8.463457142857141,9.17852857142857,10.126271428571428,10.303128571428571,12.002785714285713,10.336042857142857,8.689157142857143,7.654542857142856,7.654542857142857,7.114542857142857,6.716471428571428,5.2573428571428575,6.081171428571429,6.884885714285715,6.812757142857143,6.213614285714286,5.959442857142856,6.810442857142857,6.283128571428571,5.431814285714286,4.833042857142857,5.322614285714286,5.921385714285714,6.208285714285713,5.948214285714286,6.009485714285714,7.274657142857143,8.468914285714286,8.312228571428571,7.466371428571429,7.6957,7.5619,7.441,6.1753,5.751342857142857,5.6921857142857135,6.283442857142857,6.462228571428571,6.570614285714286,6.025028571428572,6.944914285714285,6.774342857142857,6.308828571428571,6.241428571428571,5.652414285714286,4.825985714285714,4.704228571428572,3.7841428571428577,2.895028571428572,2.893628571428572,2.3685571428571426,2.1202571428571426,3.457414285714286,4.245214285714286,4.724042857142857,5.27372857142857,5.2749999999999995,5.272799999999999,5.237585714285715,4.255985714285714,3.4041285714285716,2.9262142857142863,2.4134857142857142,2.411914285714286,2.683214285714286,3.405242857142858,4.273671428571428,5.344671428571429,6.1965,6.483228571428571,6.9853000000000005,7.6482142857142845,7.040585714285713,5.853857142857143,5.090657142857141,4.833671428571429,5.012528571428571,4.522057142857142,4.051499999999999,5.243957142857142,5.491428571428571,5.6489142857142856,5.587185714285715,5.587185714285714,6.426314285714286,6.252385714285714,5.013985714285715,5.1822,4.967042857142857,4.565614285714285,4.816971428571429,4.837285714285715,5.765742857142857,7.161542857142856,7.631085714285713,8.252114285714285,8.572414285714284,8.303457142857143,7.4500285714285726,6.946871428571429,5.581714285714286,4.660299999999999,3.7892857142857137,3.5929999999999995,3.4046999999999996,4.6622714285714295,4.416614285714286,4.626357142857143,5.097214285714285,5.9480571428571425,6.543314285714286,7.597785714285714,7.854557142857142,9.116385714285714,10.118485714285713,10.530642857142857,11.811528571428571,12.300885714285714,11.94794285714286,11.29902857142857,10.420785714285712,9.532428571428571,9.532428571428571,8.513671428571428,7.803042857142857,6.842642857142858,5.961399999999999,5.755871428571429,6.180014285714285,5.297414285714285,4.388271428571428,3.8964571428571433,4.7471000000000005,5.767214285714286,5.801942857142857,6.7337,7.4521999999999995,8.099371428571429,8.421028571428574,8.748557142857143,8.798971428571429,8.834242857142858,7.902414285714286,8.034485714285713,8.032914285714286,8.424485714285714,7.301657142857143,7.0199428571428575,7.152028571428572,6.8663285714285704,6.866328571428572,7.153814285714286,7.183742857142858,8.036785714285715,7.245828571428571,7.245828571428571,8.032885714285714,7.432542857142856,7.864042857142857,8.6544,9.062957142857142,10.023585714285714,10.392785714285713,9.8914,10.675428571428572,9.997685714285714,9.208357142857142,8.8206,8.381557142857142,7.465728571428571,7.4882,7.185014285714287,6.452728571428572,6.348457142857143,5.673985714285714,7.006742857142858,7.295871428571429,8.281985714285714,9.407757142857141,10.789471428571428,11.311628571428571,12.274385714285714,11.58027142857143,13.906014285714287,12.2962,11.798585714285712,12.118185714285714,12.678057142857142,12.040042857142856,12.741371428571428,12.379971428571428,12.960542857142858,12.33617142857143,11.530657142857143,10.155057142857142,10.470157142857143,9.470614285714285,7.933828571428571,9.005,10.009771428571428,10.402199999999999,10.769157142857143,10.725257142857144,10.9196,11.049128571428572,11.3484,11.329871428571428,10.548228571428572,10.5482,10.473014285714287,10.710914285714285,10.41137142857143,9.128642857142857,9.274928571428571,9.710214285714287,9.325557142857141,8.611614285714285,7.474314285714286,6.993428571428571,6.615157142857142,4.872428571428571,3.7735142857142856,4.158171428571428
33,7.0259,7.0259,4.96335,5.373233333333334,4.745800000000001,4.649900000000001,4.841133333333334,4.826271428571429,6.481314285714286,7.9070857142857145,8.4281,9.161857142857142,9.48542857142857,9.012128571428573,14.342671428571427,21.804914285714286,26.94235714285714,29.282142857142855,29.282142857142855,30.479942857142856,32.356257142857146,29.31757142857143,21.71588571428571,15.516042857142859,12.095814285714285,11.315957142857144,9.881728571428571,8.051585714285714,5.377971428571429,3.178385714285714,3.1755428571428572,3.135971428571428,4.378342857142857,4.161828571428571,5.3661142857142865,5.881257142857143,6.344657142857143,6.405942857142857,7.4129,7.993,8.657114285714286,7.813542857142856,8.014071428571429,7.523571428571429,7.2834,7.001371428571429,5.128685714285715,5.127271428571428,5.3541285714285705,4.903128571428572,5.636285714285714,5.6018,4.9039,5.76232857142857,5.723828571428571,5.027,5.610157142857142,5.6496571428571425,7.042857142857143,8.92542857142857,9.346685714285714,9.385214285714286,9.79877142857143,9.7988,10.367557142857143,8.9121,7.272514285714285,7.0363,7.037157142857143,6.940742857142857,6.775514285714286,6.684285714285714,6.915814285714285,7.797885714285714,10.013085714285713,9.837971428571427,9.536985714285715,9.78717142857143,11.956828571428572,12.369957142857144,12.076114285714286,9.50277142857143,9.572557142857145,11.2303,11.601885714285714,10.434700000000001,10.433514285714285,9.827914285714286,10.367971428571432,11.540014285714287,10.725400000000004,12.52432857142857,13.800185714285714,14.258828571428571,14.453128571428573,14.059028571428573,13.163742857142859,13.495614285714286,11.830971428571429,9.152671428571427,8.092414285714286,8.96117142857143,8.444828571428571,8.480371428571429,8.698385714285715,8.108771428571428,8.109985714285713,8.882671428571427,8.425299999999998,8.941628571428572,8.735028571428572,8.122014285714286,8.122014285714284,8.122000000000002,7.472571428571429,7.476228571428572,7.893585714285714,8.333428571428572,8.530271428571428,8.2765,8.278142857142857,8.51972857142857,8.516542857142857,7.496214285714285,7.494042857142857,6.8079142857142845,8.066914285714285,9.070514285714285,10.084814285714286,10.342857142857142,10.81492857142857,9.527728571428572,10.1236,8.372514285714287,6.5178,5.742,4.8670285714285715,4.3512571428571425,4.915585714285714,6.271928571428572,7.797857142857143,9.554242857142857,9.554242857142857,10.171157142857142,11.000557142857144,11.2862,10.888642857142857,9.258614285714286,7.694442857142858,6.989457142857143,6.989471428571429,6.435614285714285,5.845514285714286,5.552757142857144,6.403085714285714,7.0605,7.034842857142857,7.964214285714286,7.730757142857143,8.524971428571428,7.5812285714285705,6.731,6.188957142857142,6.094385714285715,5.164657142857143,5.635599999999999,5.4312,5.658528571428572,6.968814285714285,8.517642857142857,9.2864,8.520828571428572,8.4846,8.350771428571429,8.288485714285715,7.080757142857143,6.167728571428571,5.827485714285714,6.209442857142856,6.4039,6.318600000000001,5.7467428571428565,6.494871428571429,6.072742857142858,5.620014285714285,5.645714285714286,5.001242857142857,4.369671428571428,4.186414285714285,3.335042857142858,2.7395000000000005,2.7381142857142864,2.2476714285714285,2.2138428571428572,3.3297714285714286,3.7677,4.039057142857144,4.569757142857143,4.695399999999999,4.6945,4.499171428571428,3.7265857142857146,3.255171428571429,2.9836142857142858,2.5256142857142856,2.399914285714286,2.4310714285714288,2.7911428571428574,3.4022000000000006,4.331542857142858,5.183114285714287,5.460699999999998,6.201385714285714,7.044671428571429,6.789771428571428,5.917428571428571,5.306157142857143,5.204828571428571,5.476628571428571,4.753214285714286,4.282871428571428,5.027271428571429,5.232728571428572,5.3267,5.133457142857142,5.226571428571428,6.058457142857143,6.030242857142858,5.254842857142857,5.327442857142858,5.361614285714286,5.153328571428572,5.112528571428571,5.114285714285714,5.8298,7.08382857142857,7.658900000000001,8.236014285714287,8.349857142857143,8.223742857142856,7.477914285714284,7.088157142857142,5.913971428571429,4.978685714285715,3.9555,3.9007285714285707,4.144171428571429,4.929271428571428,4.6903,4.7995,5.3548,6.205742857142858,6.649014285714286,7.246657142857143,8.295585714285716,9.755942857142855,10.953771428571427,11.249414285714286,12.530199999999999,13.33114285714286,13.132785714285715,12.497357142857144,11.423785714285714,10.33235714285714,10.33237142857143,9.062142857142858,7.884628571428572,6.767128571428572,5.464999999999999,5.327257142857143,5.6215142857142855,4.771542857142856,4.0580428571428575,3.842714285714286,4.816671428571429,5.748385714285713,5.836314285714287,6.0087,6.724028571428572,7.832757142857143,8.024985714285714,7.905142857142858,7.4715428571428575,7.386728571428572,7.399557142857143,7.533928571428571,7.006085714285715,7.506228571428571,6.668371428571428,7.042914285714285,7.751871428571428,7.750614285714285,7.750585714285713,7.872357142857141,7.7703428571428566,8.741914285714286,7.867128571428571,7.292528571428571,8.486971428571428,7.839885714285715,8.513171428571429,8.924542857142857,10.062871428571428,11.2775,11.735842857142856,10.542642857142857,11.696457142857142,11.464042857142857,10.510828571428572,9.437957142857144,8.735771428571429,7.711428571428571,7.788571428571429,7.155642857142857,6.140842857142857,6.797528571428572,5.997757142857142,7.339642857142858,7.968771428571428,8.899042857142856,10.031842857142857,11.611814285714285,11.939099999999998,12.976742857142856,12.040314285714286,14.019271428571429,12.584985714285716,11.782814285714286,11.785814285714284,12.353985714285713,11.79622857142857,12.56355714285714,12.401471428571428,12.995000000000001,12.657314285714284,11.843257142857142,10.789385714285714,11.033242857142858,10.431985714285714,8.994214285714287,10.198071428571428,11.106814285714284,10.912099999999999,10.978457142857142,11.461814285714285,11.788428571428572,11.916114285714286,11.908814285714286,11.942257142857143,11.745671428571427,11.724428571428572,11.0766,10.959271428571428,10.389628571428574,9.468671428571428,9.541857142857141,9.934257142857144,9.932785714285716,9.156099999999999,7.971957142857143,7.7172714285714274,6.922485714285713,5.279571428571428,4.233614285714286,4.235071428571429
34,6.7312,6.7312,6.074450000000001,6.3447000000000005,5.827850000000001,6.3672200000000005,6.261633333333333,6.119185714285714,8.58072857142857,10.082828571428573,10.597085714285713,11.379714285714286,13.586685714285716,13.541542857142858,19.063642857142856,28.343228571428572,36.945699999999995,39.193357142857145,38.94421428571429,38.955,40.75414285714286,37.050200000000004,27.650271428571426,18.11367142857143,14.884814285714285,14.318357142857142,11.728414285714283,9.785242857142856,7.529271428571429,4.6411999999999995,4.312642857142857,4.449871428571429,4.989414285714285,4.8914285714285715,5.405571428571428,5.991014285714286,6.712571428571429,6.456128571428571,6.352842857142856,6.837114285714286,7.233557142857143,7.085871428571429,7.330257142857143,6.666085714285714,6.698571428571428,7.133842857142858,6.193114285714286,5.857428571428571,5.906285714285715,5.906257142857143,6.577042857142857,6.443885714285715,6.028314285714287,5.797257142857142,5.282428571428571,4.528985714285715,4.452271428571428,4.470371428571428,5.738271428571428,8.1548,9.805542857142857,10.654814285714284,11.220242857142859,11.306514285714286,11.81377142857143,10.587185714285713,8.174428571428573,7.436285714285715,7.753757142857142,7.652942857142857,8.475228571428572,7.9498428571428565,8.305942857142858,9.3193,9.780528571428572,9.516900000000001,9.24974285714286,8.581371428571428,9.071457142857144,9.694057142857144,9.443042857142858,9.172242857142857,9.119757142857143,11.5548,12.008728571428573,13.48947142857143,13.51815714285714,13.112485714285713,13.057085714285714,14.07242857142857,12.518242857142857,13.568699999999998,12.877557142857142,13.062199999999999,13.20742857142857,13.45257142857143,12.90077142857143,12.674942857142856,11.441042857142858,10.198371428571429,9.703114285714284,10.348771428571428,9.375957142857144,8.9139,8.947871428571428,8.734328571428572,8.69872857142857,8.607371428571428,8.431742857142856,8.897628571428571,8.896257142857142,9.057114285714286,8.8709,8.870899999999999,8.537485714285712,8.135771428571427,8.990957142857143,9.607885714285715,9.4131,9.283614285714284,9.460657142857142,9.228399999999999,10.057385714285715,9.3497,9.670885714285715,9.089028571428571,10.189528571428571,10.478728571428572,11.957042857142856,11.600814285714284,10.968357142857142,9.291671428571428,9.828114285714287,8.436914285714286,7.387942857142858,6.3151,5.739285714285715,5.984157142857144,6.723028571428571,6.76872857142857,8.866585714285716,10.468328571428572,11.397657142857144,11.865328571428572,12.212771428571429,12.212771428571427,12.68442857142857,10.123185714285714,8.58997142857143,7.103914285714287,6.7378,6.294771428571429,5.782542857142857,5.6016,6.413799999999999,6.866228571428571,6.786228571428572,6.787785714285714,6.490242857142856,7.211671428571428,6.5433142857142865,5.871457142857143,5.260828571428571,5.0995,5.2453,5.808371428571428,5.710214285714286,6.105671428571428,7.347185714285715,8.982457142857143,10.246785714285716,9.632542857142857,9.253714285714285,9.00987142857143,8.641485714285716,7.37207142857143,8.474285714285713,7.908371428571429,8.50222857142857,9.344314285714287,9.171485714285714,8.771471428571429,9.585314285714286,7.0706,6.369028571428571,5.8646,4.870271428571429,4.324814285714286,4.251057142857143,3.3236000000000003,2.922442857142858,2.8748,2.433271428571429,2.1383428571428573,3.2304,4.108842857142856,4.5902,5.268285714285715,5.572857142857144,5.543957142857144,5.678400000000001,4.962971428571429,3.9757999999999996,3.4971999999999994,2.820057142857143,2.515757142857143,2.6204285714285716,2.9797714285714285,3.604742857142857,4.900328571428572,5.761957142857143,5.863142857142856,6.156814285714285,6.904185714285712,6.515028571428573,5.555500000000002,4.614271428571429,3.9320714285714287,4.679314285714286,4.3847000000000005,3.9991142857142856,4.821885714285714,5.052185714285714,5.122371428571428,5.896042857142858,5.5346714285714285,6.595857142857143,6.738714285714287,5.815657142857143,5.953514285714285,6.209157142857143,5.678271428571429,5.678271428571429,5.468571428571429,5.909285714285714,7.521342857142857,8.030228571428571,8.7606,8.929114285714286,9.029171428571429,8.303042857142858,8.222885714285715,6.852585714285715,5.933357142857142,4.604671428571429,4.103442857142857,4.4058142857142855,5.014342857142857,4.8925,5.060457142857143,5.9099714285714295,6.7609142857142865,7.575442857142859,8.069714285714285,9.42022857142857,10.804814285714286,12.2541,12.282514285714285,13.71787142857143,14.34052857142857,14.216614285714284,13.630514285714282,12.247357142857144,10.671942857142856,10.644971428571427,9.102228571428572,8.550085714285714,7.481042857142858,6.084128571428573,5.932657142857144,6.032342857142858,5.182385714285713,4.525671428571429,3.570585714285715,4.856542857142857,5.759085714285715,6.340771428571428,7.982371428571429,8.454371428571429,9.587271428571428,10.322642857142856,9.7672,9.837128571428574,9.300085714285714,8.095385714285715,8.137642857142856,7.636171428571429,8.426428571428572,7.982557142857142,7.597371428571428,8.1645,8.66502857142857,9.295271428571427,9.4279,9.248557142857143,9.619557142857142,9.188728571428571,8.728399999999999,10.190685714285715,9.447928571428571,9.900557142857142,9.847199999999999,11.333371428571429,12.949785714285714,14.425828571428573,12.462614285714286,13.235357142857143,13.859057142857145,13.233328571428572,12.264485714285714,11.023757142857141,9.245471428571426,9.46225714285714,9.024314285714285,7.555485714285715,8.060857142857143,7.543514285714287,8.764114285714285,9.306185714285714,10.096885714285714,11.2166,12.569785714285713,12.768857142857142,12.770071428571429,12.228785714285715,14.507971428571427,13.49437142857143,12.486585714285715,12.534699999999999,13.000442857142856,13.211171428571427,13.408214285714283,12.544814285714285,12.827442857142856,12.683914285714284,12.02117142857143,10.8775,11.732528571428572,12.5424,11.570214285714286,13.715799999999998,14.896399999999998,15.028714285714285,15.1792,14.18562857142857,14.809014285714284,15.868285714285713,14.131214285714284,13.908285714285714,13.429642857142857,13.630800000000002,13.432900000000002,11.779728571428572,10.417100000000001,11.730928571428572,11.889185714285714,12.402985714285714,12.453028571428572,11.855628571428571,10.735957142857144,10.368542857142858,8.494785714285715,6.758528571428571,5.393128571428571,5.126042857142857
35,8.9411,8.9411,9.18995,9.327666666666666,8.9956,8.79636,8.297033333333333,8.479114285714287,9.72067142857143,10.485114285714287,11.02892857142857,11.780014285714287,14.062057142857144,14.553185714285716,20.688714285714287,44.554585714285714,57.23878571428571,60.47498571428571,59.76525714285714,59.85908571428571,61.11272857142857,56.398700000000005,32.90528571428572,19.389728571428574,15.181114285714285,15.086242857142855,12.935214285714284,11.3776,9.076657142857142,7.434185714285715,7.481571428571428,7.767171428571429,8.205771428571428,7.869528571428572,7.5553857142857135,7.837685714285714,7.708985714285714,7.455471428571428,7.702714285714286,7.786242857142857,7.668628571428572,7.643828571428571,7.867785714285715,7.517757142857142,7.552528571428572,7.295328571428572,7.092314285714285,7.920642857142857,8.125857142857143,8.107271428571428,8.2349,8.085728571428572,7.744585714285713,7.106442857142857,6.0869285714285715,5.713442857142858,5.468400000000001,5.759614285714286,8.370085714285715,9.580614285714287,10.379971428571428,10.371685714285714,11.007314285714285,11.927957142857142,11.88187142857143,9.761199999999999,8.995371428571428,9.031342857142857,9.384699999999999,9.0211,9.644257142857143,10.303542857142856,10.461514285714285,10.023114285714286,9.972614285714286,11.566685714285715,11.379228571428571,11.597557142857145,12.147800000000002,12.485071428571429,13.100585714285716,14.206814285714286,13.130914285714287,14.553471428571429,14.489057142857144,15.105871428571428,15.725857142857143,16.03511428571429,15.9495,16.047328571428572,15.480214285714286,15.548485714285713,14.608414285714288,13.785342857142856,13.1209,12.586342857142858,12.513400000000003,12.47144285714286,12.037757142857144,11.524671428571427,10.960985714285712,12.077428571428571,11.495499999999998,11.07172857142857,11.31274285714286,11.398228571428572,11.383014285714285,11.624671428571428,11.593885714285715,11.77742857142857,11.201485714285713,10.614271428571428,10.19972857142857,10.035528571428571,9.781000000000002,8.850142857142858,9.143957142857143,10.390185714285716,10.406971428571426,10.156014285714287,10.119871428571429,10.260585714285714,10.711457142857144,10.4524,11.199614285714286,10.605971428571427,11.272400000000001,11.920814285714284,12.578342857142857,13.029357142857142,12.199871428571429,10.002800000000002,10.344285714285716,9.196071428571429,7.93192857142857,7.110228571428572,6.149057142857144,6.240257142857142,6.977357142857143,7.296757142857143,8.162585714285715,10.122985714285715,11.438414285714288,11.390357142857143,12.0403,12.0403,12.508214285714287,10.93554285714286,8.833285714285713,7.147471428571429,7.6913857142857145,7.300942857142857,6.788785714285714,6.783471428571429,7.804628571428571,8.468185714285713,8.271385714285714,7.289885714285715,6.788028571428571,7.311157142857142,6.741214285714285,5.948942857142858,5.551514285714285,5.840742857142858,6.2304571428571425,6.684742857142857,6.309842857142859,6.428157142857144,7.471871428571428,8.8138,9.548842857142859,9.187371428571428,8.575442857142857,8.80387142857143,8.362657142857143,7.5325,7.020914285714285,6.335885714285714,6.509428571428572,7.114214285714286,6.85952857142857,6.436857142857142,6.921028571428571,6.426042857142859,6.064685714285714,5.933257142857142,5.682499999999999,5.220614285714285,5.391528571428572,4.613100000000001,3.9635285714285717,3.704614285714286,3.374214285714286,3.0345857142857144,3.9284857142857144,4.610414285714286,5.2672857142857135,5.597628571428571,5.9236,5.846228571428571,5.9822,5.564871428571428,4.583699999999999,3.8436285714285714,3.4542571428571436,3.4414714285714285,3.7761714285714283,4.149385714285714,4.580357142857143,5.5615428571428565,6.7785142857142855,7.3957,8.007042857142858,8.483257142857143,7.841542857142857,6.975285714285714,6.2572,5.6899,6.13432857142857,5.328557142857143,4.837785714285714,5.559614285714285,5.764742857142856,5.87722857142857,6.06002857142857,5.589428571428571,6.715414285714284,6.987285714285714,6.235214285714285,6.257857142857143,6.572614285714286,6.809085714285715,7.118742857142857,6.399414285714286,7.226557142857144,9.288471428571428,9.8816,9.770042857142856,9.313514285714287,8.871671428571428,8.591242857142857,8.354928571428571,6.6546142857142865,5.793457142857143,5.3438,4.907985714285714,5.477771428571429,6.177214285714285,5.720414285714286,5.854242857142857,6.70372857142857,7.555271428571428,8.193714285714284,8.762385714285713,9.47132857142857,10.1886,11.350471428571428,11.838228571428573,12.936157142857143,13.494428571428573,13.93342857142857,14.086457142857144,13.638485714285716,12.399414285714286,11.912642857142856,10.411542857142859,9.8443,8.293800000000001,6.789199999999998,6.359442857142857,6.644914285714285,5.7926714285714285,5.443942857142856,4.814471428571428,5.510314285714285,6.481685714285715,7.589085714285714,8.4623,9.314914285714286,10.297742857142856,10.669371428571427,10.65604285714286,11.0118,11.069542857142858,10.810957142857143,10.809628571428572,10.57772857142857,11.60747142857143,11.3921,11.385471428571432,12.424671428571429,13.827528571428571,14.151957142857142,14.130971428571428,13.777671428571429,13.965100000000001,13.147685714285714,12.110471428571428,11.515271428571427,10.869528571428573,11.069928571428571,11.130342857142859,12.318957142857142,13.973142857142856,13.965457142857142,12.974785714285714,12.899442857142859,13.648385714285714,13.154285714285717,12.359171428571429,10.917485714285714,10.600871428571427,11.225442857142856,11.423114285714286,10.280157142857144,11.251557142857141,10.432085714285714,11.6615,12.119142857142858,12.1199,13.326628571428571,13.99852857142857,14.235342857142857,15.081057142857144,14.690628571428572,15.471285714285715,15.51315714285714,15.127771428571426,15.68067142857143,15.475385714285713,15.351899999999999,15.150957142857141,15.21957142857143,15.080071428571431,15.284171428571431,15.111685714285715,14.533642857142857,16.274542857142855,16.290214285714285,17.12157142857143,18.8171,19.231814285714286,18.595114285714285,18.5753,17.11632857142857,19.001814285714286,18.6097,18.51497142857143,18.519785714285714,18.58032857142857,18.28142857142857,18.172900000000002,16.22771428571429,14.952814285714286,14.724857142857143,14.792314285714285,14.886471428571427,15.579285714285714,14.370642857142858,13.414142857142858,12.623257142857144,10.785357142857142,8.973557142857143,7.769914285714286,7.314414285714286
36,12.2604,12.2604,13.939900000000002,15.809700000000001,15.759425,14.20748,13.177216666666666,13.287014285714287,13.608185714285714,13.716557142857143,13.135171428571429,14.731985714285715,16.19122857142857,16.158285714285714,23.645742857142857,55.43074285714285,74.74537142857142,81.93537142857143,80.85119999999999,81.49480000000001,84.66875714285716,76.9457,45.35637142857143,26.178085714285714,18.621657142857142,18.403528571428573,17.80117142857143,14.734014285714286,13.839085714285716,13.606514285714285,12.976228571428573,13.490742857142857,12.657399999999999,11.264785714285713,11.187185714285715,11.140814285714287,11.363842857142856,11.930171428571427,12.380628571428572,12.579514285714284,13.124071428571428,13.124085714285712,13.37742857142857,12.327885714285713,11.518242857142855,10.349271428571427,9.852428571428572,9.717442857142856,9.618728571428573,9.694857142857142,9.414685714285714,9.276014285714284,8.846742857142857,8.596542857142856,8.407242857142856,8.471628571428571,7.974357142857143,8.449114285714286,10.556757142857142,11.007442857142857,11.613757142857143,10.857085714285715,11.361428571428572,12.974314285714286,12.557457142857142,11.231657142857143,11.234414285714283,11.838871428571426,12.535157142857143,11.485,11.750028571428572,11.9076,11.106371428571427,10.46167142857143,9.655071428571429,10.1628,10.333942857142857,10.046214285714285,11.268485714285715,11.390128571428573,11.92522857142857,12.653900000000002,12.285742857142859,13.678499999999998,14.149885714285714,14.74652857142857,15.804571428571426,15.374142857142857,15.890142857142859,16.252814285714287,15.74324285714286,14.619500000000002,13.758371428571428,13.243385714285713,14.0172,13.271814285714285,12.975457142857142,13.000442857142858,13.647599999999999,13.199100000000001,12.201557142857144,12.023685714285715,11.157885714285714,10.871485714285715,10.391071428571431,10.306871428571428,10.319042857142858,10.445885714285714,11.097999999999999,11.443085714285713,10.674828571428568,11.020999999999999,10.812214285714285,10.394400000000001,10.466742857142858,9.23822857142857,9.883857142857142,10.901385714285714,10.152057142857144,9.786171428571427,10.151971428571429,10.3815,11.228571428571428,10.916114285714286,11.068042857142858,11.076542857142858,10.740642857142857,10.917157142857144,11.164914285714286,12.002014285714287,11.478614285714286,10.571785714285713,10.864157142857142,10.41157142857143,10.239142857142856,9.809342857142855,8.538385714285713,8.445528571428571,9.068142857142856,9.153685714285714,10.91942857142857,11.852285714285713,13.328414285714286,13.105885714285716,13.008257142857142,13.297757142857145,13.387628571428573,11.307342857142856,9.686171428571429,7.816142857142857,7.6974285714285715,7.713757142857142,7.053214285714286,7.715914285714286,8.617542857142857,8.925814285714285,8.813342857142855,8.513528571428571,8.307171428571428,7.6487,6.895485714285714,6.228657142857143,6.082942857142856,6.893414285714286,7.6002714285714275,7.799271428571428,8.661757142857143,8.679985714285715,9.840428571428571,10.938,11.001228571428571,10.602528571428573,10.820885714285714,9.96547142857143,9.709771428571429,9.176242857142856,7.908557142857142,7.582428571428571,7.712428571428572,7.267357142857143,7.419057142857143,7.010728571428571,7.267857142857143,8.14567142857143,7.820128571428571,7.704685714285715,7.8037,7.631928571428572,7.645042857142856,6.856028571428571,6.188442857142857,5.902342857142857,5.788014285714285,6.018085714285713,7.188728571428571,8.234042857142857,8.5377,8.380700000000001,8.517685714285715,7.977914285714285,7.698085714285713,6.968542857142857,5.7048000000000005,5.1746857142857134,4.810228571428572,4.816257142857142,5.3906285714285715,5.7671,6.463285714285713,7.4074857142857145,8.872342857142858,9.884342857142858,10.293800000000001,10.232442857142857,9.449614285714285,8.432514285714285,7.765228571428572,7.348785714285715,7.361271428571429,6.669442857142857,6.730314285714286,7.162342857142858,7.1885714285714295,7.636014285714286,7.349028571428572,7.010714285714285,8.402685714285715,8.847771428571429,8.46497142857143,8.770442857142857,8.8686,8.760742857142857,8.937771428571429,7.926814285714286,8.689385714285715,10.409928571428571,10.698400000000001,10.620585714285713,10.558428571428573,9.926271428571427,9.643957142857143,8.491071428571429,6.835957142857143,6.013142857142857,5.2677,4.601528571428571,5.231657142857143,5.435900000000001,5.028871428571429,5.360328571428572,6.102485714285714,6.954714285714287,8.154328571428572,8.932685714285714,9.158714285714286,9.951542857142856,10.675614285714286,11.258785714285713,12.539385714285714,12.5024,11.922014285714285,12.870614285714286,13.049614285714286,12.267514285714284,11.633842857142858,9.864771428571428,9.09137142857143,8.39022857142857,6.8852142857142855,6.054471428571428,6.0477,5.329614285714285,4.987728571428571,4.734457142857143,5.1110999999999995,6.017485714285714,6.9044285714285705,7.095928571428571,7.944514285714285,9.46552857142857,9.694471428571429,9.50357142857143,9.690385714285714,9.381742857142857,10.532628571428571,10.503085714285715,9.128157142857143,9.793471428571427,10.038285714285712,10.771742857142856,12.253428571428572,12.768571428571429,13.32732857142857,13.763614285714285,13.906571428571429,14.075071428571432,12.442371428571429,11.583842857142857,11.468142857142857,10.852814285714286,11.732214285714287,11.690728571428574,13.168514285714284,15.306757142857142,15.435642857142858,14.224714285714287,14.531128571428571,14.309600000000001,14.356342857142854,13.496142857142857,13.0263,13.508514285714288,14.311514285714285,13.9058,13.485357142857145,14.1975,14.270985714285715,14.881914285714284,15.145628571428572,15.662885714285716,16.232685714285715,16.1246,16.377985714285714,16.006842857142857,15.065471428571428,15.171542857142857,16.0225,16.81565714285714,18.09837142857143,17.608271428571427,17.992528571428572,19.01932857142857,19.37232857142857,18.53818571428571,18.557385714285715,18.2491,18.848085714285713,21.180928571428574,21.572657142857143,21.084785714285715,23.727957142857143,24.057885714285714,23.249914285714286,23.101300000000002,22.157928571428574,22.53197142857143,24.372071428571434,22.063242857142857,21.4231,22.796485714285716,22.04842857142857,21.5115,19.750471428571426,18.113957142857142,18.8671,19.398257142857144,18.634800000000002,19.41717142857143,17.415342857142857,16.311185714285717,15.007971428571427,12.984214285714286,11.146685714285713,9.63797142857143,8.144428571428572
37,17.0652,17.0652,12.2969,15.027533333333333,14.926224999999999,14.217279999999999,13.172483333333332,13.4447,12.719357142857145,13.358985714285714,12.687514285714286,13.790971428571428,14.630142857142857,14.637442857142856,23.98005714285714,54.149542857142855,70.80582857142858,73.79397142857144,74.00504285714285,75.23317142857142,78.44181428571429,70.18408571428571,39.91224285714286,24.62662857142857,21.389657142857143,20.331985714285715,19.873042857142856,17.015957142857143,14.755285714285714,14.758642857142856,12.992485714285712,12.804942857142857,11.688157142857142,9.750985714285715,9.399485714285715,9.191557142857144,10.549442857142859,11.5027,12.222471428571428,13.297985714285714,13.597785714285715,13.787700000000001,14.255042857142858,12.093671428571428,11.458485714285715,10.062442857142857,9.164942857142858,9.331442857142857,8.90242857142857,8.849242857142857,8.92842857142857,8.239128571428571,8.048971428571429,7.784842857142857,7.399642857142857,7.521914285714287,6.892914285714286,7.497171428571428,8.200314285714287,8.756928571428572,9.369628571428573,8.705699999999998,10.989414285714286,12.136757142857144,11.623571428571429,11.537128571428571,11.170742857142857,11.76047142857143,12.264371428571428,9.493657142857144,11.42067142857143,11.585042857142858,11.251685714285715,11.467742857142857,10.39487142857143,11.332885714285714,11.953242857142858,11.080042857142857,12.435999999999998,13.805885714285713,14.912442857142858,15.24212857142857,16.5263,17.69188571428571,18.2504,18.894199999999994,19.807342857142856,19.16894285714286,20.302042857142855,18.771099999999997,19.27351428571429,18.58435714285714,17.734885714285713,16.350985714285713,17.626442857142855,16.455942857142855,15.911914285714287,15.078428571428573,17.279128571428572,17.1645,16.615714285714287,14.941728571428571,16.342314285714284,16.755114285714285,16.239528571428572,13.736514285714287,13.704514285714286,14.313471428571429,14.929014285714286,13.912457142857141,13.971971428571427,15.944128571428573,16.077957142857144,15.602857142857145,15.875685714285714,15.036142857142858,14.918657142857143,15.063071428571428,12.687499999999998,13.601114285714285,13.877542857142856,13.844942857142858,14.906157142857143,16.622714285714284,16.414985714285713,17.76132857142857,16.27517142857143,17.53964285714286,16.25385714285714,17.23687142857143,16.658514285714286,17.43661428571429,16.86751428571429,16.76284285714286,16.397357142857143,16.9127,15.6664,15.006285714285713,14.721828571428572,15.089271428571427,14.80402857142857,14.506371428571429,15.208342857142856,14.462128571428574,13.320200000000002,13.263328571428572,13.624442857142855,13.30117142857143,12.73134285714286,11.955428571428572,12.329057142857142,12.803728571428573,12.269342857142858,10.577242857142858,10.727814285714288,10.225757142857143,9.981271428571429,9.707285714285714,10.114685714285713,10.093271428571427,10.476642857142858,10.553585714285713,10.530185714285716,10.958757142857143,11.539742857142857,11.0357,11.7439,12.0743,12.305342857142858,13.21512857142857,12.780757142857144,12.5086,12.415885714285716,11.682614285714285,11.6474,12.122542857142857,11.690214285714287,11.94897142857143,11.6276,11.685614285714285,11.550614285714286,11.13462857142857,10.725285714285715,11.130799999999999,11.1952,11.062557142857143,10.69742857142857,10.252657142857142,10.246842857142855,9.660971428571429,8.934342857142855,8.715242857142858,9.057328571428572,9.575485714285715,10.862228571428572,11.763314285714287,12.994057142857145,13.137742857142857,12.940871428571429,12.510357142857144,11.900085714285712,10.318371428571426,8.938785714285713,7.450385714285714,6.816385714285714,6.771571428571428,7.202371428571429,7.824085714285715,9.3224,10.67287142857143,11.915128571428571,13.372185714285715,14.277057142857144,14.685028571428575,14.348285714285717,13.52277142857143,12.687228571428575,12.540657142857144,11.504785714285715,10.476299999999998,10.155442857142857,9.918428571428572,9.130128571428571,8.876557142857143,8.236657142857142,8.27762857142857,8.842614285714285,8.657457142857142,8.653742857142857,9.747485714285714,10.367914285714287,10.18067142857143,10.228957142857142,9.975814285714288,11.155014285714286,11.330285714285713,11.372214285714287,11.140742857142858,11.87887142857143,11.869885714285713,11.814942857142857,10.667957142857142,10.253657142857145,9.270785714285713,8.772785714285714,8.240557142857144,8.084214285714285,8.042028571428572,7.665085714285715,8.037671428571429,8.487328571428572,9.736857142857144,11.573514285714285,12.6797,13.25757142857143,13.562128571428572,13.473828571428571,13.81144285714286,14.17307142857143,12.666899999999998,11.615828571428569,11.903457142857144,12.488685714285714,12.497628571428573,12.217185714285714,10.657614285714285,9.977057142857145,9.617128571428571,8.460785714285715,7.277114285714285,7.269042857142857,6.889885714285713,6.607885714285714,6.549014285714285,7.252299999999999,7.231585714285715,8.743071428571428,9.300985714285716,9.5665,10.913528571428571,11.967314285714284,11.383057142857142,11.449000000000002,10.492142857142857,10.065128571428572,10.288842857142857,9.6346,9.56144285714286,10.006785714285714,10.802214285714285,12.022414285714287,13.28882857142857,13.929285714285713,13.579857142857142,13.439800000000002,13.628242857142856,12.933514285714285,12.27222857142857,13.205428571428572,12.327757142857143,14.0701,13.711914285714286,14.426257142857143,15.777085714285715,16.263342857142856,13.831714285714286,13.1905,12.349228571428572,12.09165714285714,11.08462857142857,11.389928571428571,11.479128571428571,12.587100000000001,13.038514285714285,12.542085714285713,13.483971428571428,14.319542857142858,13.820857142857145,14.355085714285716,14.449699999999998,15.61762857142857,15.182742857142857,16.20027142857143,15.240100000000002,14.810285714285715,14.23377142857143,15.67207142857143,15.647200000000002,17.102028571428573,16.152842857142854,16.53362857142857,17.277657142857144,18.733785714285716,17.2919,16.923842857142855,16.674842857142856,16.996642857142856,19.0085,19.897314285714284,19.143814285714285,20.643900000000002,20.64144285714286,19.768414285714282,19.45012857142857,18.434742857142858,18.997657142857143,19.657114285714282,19.01467142857143,19.66512857142857,21.882757142857145,21.718957142857143,20.923814285714286,20.076542857142858,18.931542857142855,19.317485714285713,18.965585714285712,17.331185714285713,17.825014285714285,16.537357142857143,14.318328571428571,13.388371428571428,11.639014285714284,10.577414285714287,9.475442857142857,8.155528571428572
38,16.6511,16.6511,11.09165,14.035533333333333,12.264,11.84522,11.320549999999999,11.4808,10.861614285714285,11.723157142857143,10.878142857142858,12.31137142857143,13.615,13.5178,25.570128571428572,53.246028571428575,69.34185714285715,71.67131428571429,73.3631,73.66615714285714,76.26134285714285,65.36234285714286,37.6554,22.481728571428572,19.931885714285716,17.5776,16.86957142857143,14.592014285714287,12.992114285714285,12.450114285714287,10.5005,9.652557142857145,9.004342857142857,7.48407142857143,7.163928571428572,6.6804000000000014,7.9712000000000005,8.491928571428572,9.341228571428571,10.107071428571428,10.418571428571429,11.088085714285715,11.399857142857144,9.929757142857142,9.841771428571429,9.077771428571427,8.522371428571429,9.202757142857141,8.957542857142856,9.659942857142857,9.715414285714285,9.355571428571428,9.219571428571427,9.479042857142858,9.388685714285714,9.251485714285716,8.340228571428572,8.4203,9.073028571428573,10.187814285714285,9.986628571428572,9.208814285714286,9.972657142857143,10.587071428571429,11.104071428571428,11.573842857142859,10.771585714285717,12.743042857142855,13.69512857142857,13.015014285714285,13.751014285714286,13.499814285714288,13.425871428571428,14.06377142857143,12.164142857142858,13.517085714285713,14.074114285714286,16.53327142857143,18.261157142857144,20.83157142857143,22.412857142857142,22.23052857142857,23.136571428571425,23.15552857142857,20.831485714285716,20.008585714285715,19.8231,19.918499999999998,21.386485714285715,19.84687142857143,21.150928571428572,23.82221428571429,23.86792857142857,21.29057142857143,22.28624285714286,21.9791,21.03381428571429,19.363200000000003,19.62902857142857,20.688214285714288,21.4038,18.919271428571427,20.777242857142856,21.389585714285715,22.023214285714285,19.65095714285714,18.701842857142854,19.53577142857143,19.379371428571428,16.29234285714286,14.835914285714285,15.505242857142857,14.630757142857146,14.124200000000002,13.700557142857141,13.222499999999998,13.887685714285714,14.641142857142857,12.761,13.9974,13.591700000000001,13.17287142857143,13.252142857142859,14.425042857142857,14.106214285714286,15.72535714285714,14.400185714285714,17.866314285714285,16.806428571428572,18.560028571428575,17.426757142857145,18.42712857142857,17.625485714285713,16.5363,13.993757142857143,14.246842857142857,12.431785714285715,12.569085714285716,12.140057142857144,13.937314285714283,15.20225714285714,15.180042857142857,14.92632857142857,14.700514285714286,13.798557142857144,13.549185714285711,12.131342857142856,11.312642857142858,10.592899999999998,10.498028571428572,10.388614285714285,10.793342857142857,10.694042857142858,9.96037142857143,9.816085714285716,8.970228571428573,9.212557142857145,9.122471428571428,8.833971428571429,8.54957142857143,7.926528571428571,7.675371428571429,7.807657142857143,7.750871428571428,7.9342999999999995,8.470814285714287,9.16332857142857,9.778214285714286,10.380085714285714,11.505714285714285,11.303442857142857,11.555871428571427,11.266171428571427,10.750814285714284,10.703885714285715,11.157628571428571,11.490714285714287,12.010114285714286,11.828471428571431,12.271657142857142,12.271271428571428,11.823071428571426,11.268457142857143,11.023542857142857,11.233485714285715,10.995442857142857,10.023928571428572,9.781357142857143,9.5649,9.288042857142859,8.245671428571429,8.0309,8.211900000000002,8.463700000000001,9.373728571428572,10.136700000000001,10.700000000000001,11.13974285714286,10.785171428571429,10.637157142857143,10.268214285714288,8.94362857142857,7.893185714285713,7.117399999999999,6.628128571428571,6.7602142857142855,7.260985714285714,8.042214285714286,8.555385714285714,9.522085714285714,10.661428571428571,11.664885714285715,12.350671428571427,12.912814285714287,12.545571428571426,12.791514285714284,12.36787142857143,11.305157142857142,10.348485714285713,9.132599999999998,7.883742857142857,7.278285714285713,6.325928571428571,6.572814285714286,6.809442857142857,6.547042857142857,7.1342428571428576,7.675728571428571,8.205271428571429,8.877157142857143,8.496842857142857,8.30037142857143,8.669671428571428,8.582028571428571,9.209800000000001,8.958485714285715,9.072185714285714,9.54215714285714,10.520999999999999,11.141257142857143,11.193685714285715,10.00687142857143,9.936385714285715,9.486014285714287,9.312857142857142,8.948457142857142,8.851714285714285,9.17232857142857,9.762242857142857,10.870000000000001,11.638657142857143,12.772457142857144,13.603385714285713,14.170585714285712,15.181157142857144,15.31872857142857,15.029314285714284,14.789957142857144,13.85662857142857,13.773885714285713,13.458485714285715,12.431914285714285,13.048542857142857,13.340585714285714,13.356171428571429,12.971157142857143,12.190785714285713,11.872214285714284,12.241428571428571,12.5011,12.66432857142857,13.789514285714285,14.148657142857143,14.368771428571426,13.885785714285714,14.659128571428571,15.0493,15.41632857142857,14.396242857142855,15.259757142857145,16.59844285714286,18.25004285714286,17.954914285714285,17.533842857142854,16.87502857142857,17.423857142857145,16.654028571428572,16.55462857142857,16.56707142857143,16.622000000000003,16.869014285714286,18.059814285714285,18.527371428571428,19.2964,18.9315,20.674028571428572,21.218785714285712,20.33305714285714,19.434485714285717,19.029028571428572,21.0656,20.149785714285716,18.45924285714286,17.465342857142858,19.76727142857143,19.86805714285714,19.30822857142857,16.66055714285714,15.917685714285714,14.813571428571427,15.713728571428573,13.643957142857143,13.241428571428571,12.840271428571429,12.539228571428572,13.654614285714286,14.571214285714285,13.658285714285714,13.989642857142856,14.289428571428571,14.8893,15.315857142857142,15.150585714285713,13.670614285714285,13.595914285714287,13.160514285714287,14.141842857142857,13.7576,14.0507,14.108157142857142,14.409585714285713,14.665557142857141,16.77295714285714,15.741414285714283,16.742785714285713,17.157542857142854,16.552842857142856,17.764042857142858,18.48997142857143,17.31657142857143,18.139414285714288,17.480385714285713,16.055371428571426,16.952099999999998,16.663542857142858,17.373471428571428,17.5135,16.38115714285714,17.132942857142858,19.309142857142856,18.536514285714283,17.302414285714285,16.4032,15.352300000000001,16.46572857142857,16.148342857142858,13.973571428571429,14.4797,14.178728571428573,12.497271428571429,12.710485714285713,11.243285714285715,10.3002,10.864685714285715,9.911857142857144
39,14.8796,14.8796,13.5678,15.860033333333334,13.946225,13.906460000000001,13.150350000000001,12.741385714285714,13.361114285714288,13.203100000000001,11.923485714285714,12.289642857142857,13.177457142857142,12.984685714285714,23.92397142857143,42.92718571428571,55.228571428571435,60.48744285714286,63.73375714285714,63.68075714285714,65.68074285714286,54.799685714285715,35.118585714285715,24.728342857142856,19.7575,16.869142857142858,15.708628571428573,14.216842857142856,14.940885714285713,14.803099999999999,13.213242857142857,12.348442857142857,12.064599999999999,11.905299999999999,11.626985714285713,10.2527,10.92887142857143,10.584057142857144,11.041714285714287,11.246842857142855,12.000342857142856,13.107285714285714,13.49592857142857,13.980585714285715,14.988399999999999,15.314471428571432,16.068371428571428,15.745100000000003,14.510757142857143,17.472857142857144,16.88437142857143,16.264714285714284,16.445199999999996,15.567028571428569,16.58072857142857,17.59182857142857,15.68587142857143,15.45857142857143,15.178542857142856,15.554114285714286,15.7808,16.85617142857143,17.31927142857143,16.380300000000002,16.2599,17.239814285714285,16.69147142857143,17.000857142857146,15.746257142857145,14.612700000000002,15.177200000000001,14.658900000000001,13.345914285714287,13.222857142857142,12.174257142857144,12.227657142857142,11.407871428571427,11.176714285714285,11.719414285714285,13.483714285714287,13.434885714285713,13.061757142857143,12.199857142857141,13.47562857142857,14.885785714285715,15.294957142857141,14.087728571428572,14.069457142857145,15.603228571428572,15.781814285714287,16.25542857142857,16.236942857142857,15.63,15.733285714285715,16.227257142857145,14.89547142857143,14.102171428571433,13.888571428571426,14.4725,14.392828571428572,13.405671428571429,12.499500000000001,13.884557142857144,14.28187142857143,14.147628571428571,12.281899999999998,13.1784,15.180971428571427,16.33407142857143,15.262371428571429,14.509414285714286,13.760671428571428,13.4145,12.595957142857143,11.277485714285714,10.1682,10.611114285714285,10.955471428571428,10.50882857142857,10.808842857142858,10.415942857142857,10.838057142857142,11.071514285714285,11.571142857142858,11.475428571428571,12.158885714285715,12.401257142857144,14.810814285714287,14.234,13.930914285714286,12.230142857142855,12.416114285714286,11.721214285714288,10.355171428571428,7.795357142857143,7.151742857142858,7.125942857142858,8.129828571428572,8.064614285714287,9.745985714285714,10.543371428571431,11.947742857142858,12.282142857142858,12.290485714285714,11.769057142857145,11.810585714285716,10.3162,9.979342857142857,8.463228571428573,8.322785714285713,8.1821,8.534171428571428,8.801214285714286,8.971185714285713,9.660657142857143,9.4807,9.676900000000002,9.198985714285714,8.799342857142857,8.263285714285713,7.8792857142857144,6.959128571428571,6.4954857142857145,6.318414285714286,7.1888571428571435,8.300485714285715,8.700142857142856,9.482828571428572,10.713857142857142,11.987642857142857,12.345628571428572,12.4569,11.968057142857143,11.883042857142858,12.033614285714288,11.634685714285713,11.01692857142857,11.343757142857143,11.14292857142857,11.6889,11.821357142857142,10.976657142857144,11.192157142857143,12.006257142857143,12.3002,11.985871428571429,10.503071428571428,10.093714285714286,9.982942857142856,9.294457142857143,8.50772857142857,8.178314285714285,8.540242857142857,9.125385714285715,10.097557142857143,10.762614285714287,10.799014285714284,11.6499,11.328371428571428,11.068742857142857,10.678057142857142,9.367857142857144,8.488828571428572,8.210342857142857,7.125328571428571,7.0404857142857145,7.331671428571428,7.992528571428572,8.418771428571429,9.074385714285714,10.196628571428572,11.217057142857142,12.007885714285715,12.502857142857142,12.207285714285714,12.477814285714285,12.131685714285712,11.185014285714287,10.253414285714285,9.089842857142857,7.805214285714286,7.242142857142858,6.291685714285715,6.288057142857142,6.259457142857143,6.062214285714286,6.240700000000001,6.937171428571429,7.622657142857143,8.196428571428571,8.0973,7.956785714285715,7.746742857142857,8.006542857142858,8.596771428571428,8.37342857142857,8.315557142857143,8.947614285714286,10.438500000000001,11.545442857142858,11.2875,10.218042857142859,9.87992857142857,9.364028571428573,8.466042857142858,6.518042857142858,5.291214285714285,4.9793,5.230971428571428,5.149342857142856,5.220571428571428,5.3136857142857155,5.875185714285714,6.140999999999999,6.9174428571428574,6.920557142857142,7.011371428571428,7.2351,7.647014285714285,8.268885714285714,8.463714285714286,8.572557142857145,9.001228571428571,9.922828571428571,10.218028571428572,10.561599999999999,9.678099999999999,9.703985714285716,9.317357142857144,9.211028571428571,9.112842857142857,8.713742857142856,8.196685714285715,8.598014285714287,9.573171428571428,10.097985714285715,11.012128571428573,11.418757142857142,12.241585714285714,12.79902857142857,13.055185714285715,12.312871428571428,12.105114285714285,11.164642857142857,10.423785714285714,10.944071428571428,11.281914285714288,12.39145714285714,12.158671428571427,11.816442857142858,12.5532,13.497214285714284,13.3559,13.619985714285713,12.42642857142857,15.550214285714285,17.4246,17.228728571428572,17.131642857142857,16.686157142857144,16.790928571428573,17.885214285714287,16.897185714285715,15.845185714285714,17.19147142857143,16.526685714285716,16.590685714285712,16.815042857142856,15.438914285714285,15.259428571428572,16.64464285714286,16.45687142857143,16.976185714285716,17.311457142857144,17.613285714285716,20.166,19.967457142857143,18.59497142857143,18.879185714285715,20.550671428571427,20.812042857142853,20.427171428571427,18.9632,18.065985714285713,19.002414285714284,18.806428571428572,18.561200000000003,19.982242857142857,20.276614285714285,20.3356,20.007442857142856,19.335528571428572,20.638514285714283,20.669414285714286,20.204357142857138,21.264271428571426,22.536785714285713,25.3254,26.44204285714286,25.223085714285713,25.95172857142857,27.255142857142854,25.74374285714286,24.9507,23.888828571428572,24.605985714285715,25.085671428571427,22.924714285714284,21.518328571428576,21.7601,20.76178571428571,19.605485714285713,18.202285714285715,17.154342857142858,18.482485714285712,18.827814285714286,18.07381428571429,19.072928571428573,18.300185714285714,16.962657142857143,17.22897142857143,16.207214285714286,14.362414285714289,15.087028571428574,13.494028571428572
40,12.2978,12.2978,14.414000000000001,15.648533333333333,13.7365,14.317759999999998,12.935516666666665,12.596928571428569,12.140314285714286,11.787671428571429,10.58682857142857,10.906342857142858,10.876314285714287,11.1597,18.557385714285715,33.79254285714286,40.63298571428572,45.4792,47.731471428571425,48.151242857142854,49.5798,42.78711428571429,28.188385714285715,22.345814285714283,17.904500000000002,15.942599999999999,14.45177142857143,13.5209,13.416942857142857,13.505485714285713,12.818457142857142,12.470728571428571,12.685114285714288,12.922385714285715,12.619042857142857,11.218571428571428,11.189942857142857,10.9136,10.613814285714286,9.995742857142858,9.816414285714286,10.017514285714286,10.354042857142858,10.42022857142857,9.7541,10.271142857142857,11.119342857142856,11.187842857142856,10.633557142857143,13.071357142857142,12.601871428571428,12.73772857142857,13.758457142857143,12.351785714285713,12.510999999999997,12.973128571428571,11.616628571428572,12.23585714285714,12.711714285714285,11.971342857142858,13.003114285714288,14.139442857142857,15.436342857142856,14.493914285714286,13.737799999999998,13.212585714285714,12.4509,14.018557142857142,12.635771428571429,10.771428571428572,11.152057142857142,10.915914285714285,10.044285714285715,10.668185714285714,8.465671428571428,8.468471428571428,8.5468,8.35972857142857,8.388271428571429,9.488785714285715,9.2415,9.196771428571427,9.324171428571429,10.604528571428572,11.799257142857144,13.15674285714286,12.709857142857143,12.045014285714286,12.574642857142859,13.843042857142857,12.720685714285713,12.758142857142857,11.759485714285717,12.390685714285713,12.73882857142857,11.697285714285714,10.3821,11.312771428571429,11.143557142857144,10.707485714285713,9.48087142857143,9.669414285714286,10.457357142857145,11.271014285714285,11.306014285714285,11.362542857142857,13.378328571428572,14.753957142857145,15.731628571428573,16.682071428571426,15.613614285714286,14.730971428571427,13.837757142857145,13.110685714285717,12.87752857142857,12.035399999999997,11.349342857142858,11.64932857142857,11.5635,11.353514285714285,10.595371428571427,10.784257142857141,10.791785714285712,12.241171428571429,11.660042857142857,11.807085714285716,12.661128571428572,13.714257142857141,13.829685714285715,13.803057142857144,11.130128571428571,11.383957142857144,10.784357142857143,9.363442857142857,7.652242857142857,6.498157142857144,6.5534285714285705,7.749114285714285,8.218757142857143,10.108885714285716,11.293414285714283,13.377414285714284,13.775485714285713,13.529499999999999,13.63422857142857,13.580885714285714,12.657514285714285,12.296342857142855,10.623671428571427,10.487557142857142,10.280285714285714,10.239,10.416385714285715,10.527600000000001,10.727142857142857,10.559628571428572,10.394685714285714,10.258500000000002,9.952428571428571,9.346599999999999,9.01475714285714,8.3967,8.434014285714285,8.657057142857143,9.347942857142858,10.5432,11.102657142857144,11.571228571428573,13.204885714285714,14.210757142857144,15.300057142857144,15.616257142857142,14.934114285714287,15.185742857142857,16.14355714285714,15.630728571428573,15.041271428571429,15.0678,14.906114285714287,15.566428571428574,15.557028571428575,13.990342857142858,14.087885714285715,14.404528571428571,14.914614285714284,14.580985714285715,12.92,12.457357142857143,12.328942857142858,11.399671428571427,10.507414285714285,9.640042857142857,9.863957142857142,10.84747142857143,11.554214285714286,12.693299999999999,13.575500000000002,15.0004,15.042328571428571,14.4065,13.660057142857145,12.512857142857143,11.194242857142855,10.063128571428573,9.090457142857144,8.59137142857143,9.6185,10.535171428571429,11.031157142857142,11.401357142857142,13.1884,14.023485714285714,15.1626,15.866642857142859,16.3629,16.93104285714286,17.212442857142857,15.755242857142857,15.612457142857142,14.300328571428574,12.697414285714286,11.125985714285715,9.630571428571429,8.805014285714288,8.996285714285715,7.880971428571429,7.812285714285714,8.440114285714285,9.122714285714286,10.149585714285715,10.711614285714287,10.572171428571428,10.421157142857144,11.093057142857143,11.064528571428571,10.729342857142855,10.493714285714287,11.19212857142857,13.062800000000001,14.59007142857143,14.652585714285715,14.283042857142858,13.8843,13.508685714285715,12.125242857142856,9.514228571428571,7.884857142857142,6.7382,7.160157142857143,7.208442857142857,7.168671428571429,7.799342857142858,8.898914285714286,8.976314285714285,9.7357,9.224300000000001,9.292399999999999,9.4721,9.56707142857143,10.161614285714288,11.424557142857143,11.611185714285714,12.1469,13.6695,13.83997142857143,13.697342857142859,12.470257142857145,11.508885714285716,11.120914285714287,10.452585714285716,9.749071428571428,8.853528571428571,8.624328571428572,8.60212857142857,9.2706,9.251528571428574,9.783200000000003,9.994200000000003,10.891214285714286,11.018542857142856,10.738257142857142,9.948528571428572,9.372771428571427,8.618557142857144,7.588071428571429,8.180871428571427,9.238085714285715,10.118928571428572,10.0126,10.774385714285714,12.190671428571429,13.69257142857143,13.212814285714286,11.912728571428572,11.877799999999999,13.766271428571429,15.0268,14.737214285714288,13.955671428571431,13.239700000000001,13.532085714285715,14.50137142857143,14.653428571428572,13.9084,14.328671428571429,13.463085714285715,14.376028571428572,14.523957142857142,12.872442857142858,12.70267142857143,12.740385714285713,12.147400000000001,13.162985714285714,13.067385714285715,13.744200000000001,14.977914285714288,13.55027142857143,12.612657142857143,12.70947142857143,13.193471428571428,13.829557142857142,13.9764,13.634357142857143,13.241728571428572,14.36325714285714,14.78922857142857,14.728057142857143,15.06562857142857,14.242028571428573,14.360585714285714,14.877785714285713,14.105500000000001,14.819142857142856,14.235057142857144,14.305928571428572,15.4374,15.49807142857143,16.71227142857143,18.75947142857143,18.936500000000002,20.422,22.098457142857143,21.186457142857144,21.269800000000004,20.300985714285712,19.992285714285714,20.145171428571427,18.787442857142857,18.651571428571426,20.2746,20.336457142857142,20.84462857142857,20.908714285714286,20.74932857142857,22.225085714285715,21.627442857142857,19.98965714285714,20.160871428571426,19.326371428571427,17.339242857142857,16.46232857142857,15.537985714285714,13.159600000000001,13.909285714285716,13.056500000000002
41,7.6539,7.6539,8.610800000000001,9.9054,8.667325,9.11392,8.388616666666666,9.128314285714286,9.1854,9.362442857142856,8.588957142857144,9.079171428571428,10.78062857142857,11.243185714285714,17.248957142857144,32.42344285714286,35.04951428571429,38.06362857142857,39.48129999999999,38.704057142857145,40.95501428571429,35.06967142857143,21.044571428571427,19.741485714285712,17.32332857142857,15.860757142857144,14.359228571428574,12.083985714285713,11.502399999999998,10.401914285714284,8.879242857142858,8.4286,8.640957142857143,8.395100000000001,8.4797,8.017857142857144,8.400528571428572,8.183428571428573,8.1714,7.949071428571429,8.305014285714286,8.396257142857142,8.15162857142857,7.497814285714285,7.096085714285714,6.770985714285714,7.3524571428571415,8.514514285714286,8.302071428571429,9.186671428571428,9.7487,9.808985714285713,10.566342857142857,9.632228571428572,8.428714285714287,7.798342857142857,7.297028571428571,6.951485714285714,8.028785714285714,8.349742857142857,8.960857142857142,8.739099999999999,9.858128571428571,9.923514285714285,10.037085714285713,9.161271428571428,8.1744,9.754085714285713,9.943685714285715,8.982728571428572,10.027528571428572,9.7083,9.432285714285713,9.991642857142855,7.916385714285715,8.075185714285714,8.34,7.366757142857144,7.599742857142857,8.393514285714286,8.067314285714287,8.305728571428572,8.2661,10.085557142857143,11.405871428571428,13.35337142857143,13.056771428571428,13.3032,14.045928571428572,15.761085714285715,14.261957142857142,15.063199999999998,13.187,13.994771428571429,13.625,12.63442857142857,11.395214285714287,12.171171428571427,11.002114285714287,10.708942857142857,9.6261,10.5515,10.876957142857142,11.416457142857142,11.842557142857142,11.879000000000001,14.178985714285714,14.788057142857143,15.85247142857143,16.68832857142857,15.484257142857144,14.206957142857146,13.206900000000003,12.4083,12.591428571428569,10.778157142857141,10.620099999999999,11.241657142857141,11.25897142857143,11.394142857142857,11.062985714285714,11.107857142857142,11.44108571428571,12.247357142857144,11.56574285714286,11.683314285714287,12.598728571428571,14.094414285714285,15.287571428571429,14.939914285714284,12.695042857142855,12.833557142857144,12.070728571428573,10.442914285714286,8.3358,6.708728571428572,7.3173,8.445271428571429,9.471685714285714,11.62522857142857,13.29727142857143,14.921085714285713,15.242442857142857,14.732314285714285,14.956514285714286,14.462085714285717,13.429728571428571,12.594242857142856,11.094257142857142,10.736214285714286,10.634671428571428,10.6738,11.534385714285714,11.798771428571428,12.78292857142857,12.367757142857142,12.511385714285714,12.7363,12.456585714285714,11.442371428571429,11.176457142857142,9.952414285714285,10.507271428571428,10.452414285714285,11.291,12.558671428571428,13.067185714285715,13.676271428571425,14.477857142857141,14.259271428571427,15.552228571428572,15.935914285714288,16.545514285714287,16.946885714285717,18.466442857142855,19.107242857142857,19.643257142857145,20.03055714285714,20.000814285714284,18.702414285714287,18.8328,16.958071428571426,16.926099999999998,16.987057142857143,17.10507142857143,16.393442857142862,15.2599,14.363928571428572,13.866757142857143,12.580842857142857,11.66592857142857,11.208042857142857,11.921228571428571,13.118028571428571,13.96595714285714,14.035371428571427,14.762471428571429,19.541742857142857,19.402414285714283,18.2548,17.5414,16.44464285714286,15.948871428571428,15.257642857142857,10.882557142857143,10.269728571428573,11.598128571428571,11.924714285714286,12.118457142857142,12.4441,12.902428571428572,13.634128571428572,13.625914285714286,14.552442857142859,16.187700000000003,17.36601428571429,18.181271428571428,18.323685714285716,19.55412857142857,19.19332857142857,17.075814285714284,14.819914285714287,12.825528571428572,11.694471428571429,11.981742857142857,9.887571428571428,9.81177142857143,10.288857142857141,11.530685714285713,13.1132,14.020357142857142,14.011142857142856,14.103628571428569,15.550914285714285,15.60855714285714,15.100942857142858,14.42655714285714,15.5624,19.257714285714286,22.182,21.786685714285714,20.926585714285714,20.24675714285714,19.7211,17.728357142857142,12.8618,9.593685714285714,8.3317,9.63717142857143,9.441671428571428,9.589314285714284,9.91,10.844585714285715,10.839442857142856,11.30022857142857,10.098942857142857,10.169485714285713,10.352414285714286,10.650757142857143,11.147899999999998,12.171985714285713,12.587142857142856,13.493271428571429,15.511757142857144,15.621657142857142,15.293585714285713,13.953414285714286,12.700171428571428,12.00447142857143,10.892171428571427,9.639114285714285,8.733914285714286,8.662099999999999,8.928071428571428,10.264314285714287,10.764742857142858,11.535014285714285,12.296071428571429,13.800771428571428,14.683171428571429,15.063885714285716,14.486500000000001,14.168357142857143,13.536828571428572,12.5188,13.099642857142856,12.833528571428571,12.93207142857143,12.467128571428573,12.260899999999998,13.485228571428573,15.077357142857142,14.028400000000001,13.483414285714286,13.628785714285714,14.6792,16.738714285714284,16.36547142857143,14.272614285714287,14.025057142857145,14.315685714285715,14.692614285714285,15.58262857142857,15.136171428571428,15.686985714285713,15.929042857142857,16.026385714285716,15.961614285714287,14.828328571428573,13.894485714285716,12.75517142857143,12.134314285714286,12.735414285714285,12.564657142857143,12.7122,13.230314285714286,12.271357142857141,11.526542857142857,10.828457142857143,10.991442857142857,11.774899999999999,12.187871428571427,11.886457142857143,11.667085714285715,11.9939,12.339942857142857,11.774942857142857,10.652485714285715,9.791785714285714,10.214885714285714,11.309842857142856,10.790428571428572,11.751614285714286,11.4121,11.9319,12.4655,12.650114285714285,12.856971428571429,14.416885714285714,14.370157142857144,14.892514285714286,16.011757142857142,15.613685714285712,15.291814285714285,13.988142857142856,13.727385714285715,13.7517,13.676128571428572,14.409514285714286,15.944157142857145,15.852657142857142,16.108757142857144,16.78721428571429,15.925642857142856,17.571599999999997,16.612242857142856,14.854171428571428,15.442628571428571,15.17172857142857,12.983157142857143,13.33134285714286,11.420742857142855,9.694842857142858,10.012085714285716,8.764385714285714
42,5.771,5.771,6.5626,7.2049666666666665,6.5775999999999994,6.682979999999999,6.476499999999999,7.158299999999999,7.68082857142857,8.264742857142856,7.665828571428571,7.772771428571429,9.043171428571428,9.279657142857143,14.073014285714285,25.576014285714287,24.764571428571433,26.172257142857145,27.508714285714287,27.717571428571432,29.667471428571424,24.889885714285715,14.079899999999999,15.375442857142856,14.445214285714284,13.176371428571429,11.700585714285713,9.359314285714285,8.342985714285714,6.980585714285715,5.254528571428572,4.835128571428571,4.643785714285714,4.178400000000001,4.460142857142857,4.6718,5.5033142857142865,5.876914285714286,6.349271428571429,6.838114285714285,7.135885714285714,7.243685714285715,7.027942857142857,5.818614285714287,5.603314285714286,5.009857142857143,5.177528571428573,5.678914285714285,5.729285714285715,6.240171428571428,6.9877142857142855,7.0388,7.609071428571428,7.4414,6.451942857142858,6.142442857142858,5.838300000000001,5.393742857142857,6.429814285714286,6.793500000000001,6.8510285714285715,6.991757142857142,7.474428571428571,8.121457142857142,8.543914285714285,7.997171428571429,7.2218,8.594142857142858,8.79262857142857,7.976642857142857,9.028542857142858,8.863314285714285,8.2909,9.290828571428571,7.8604714285714286,8.335942857142857,8.961728571428571,8.148142857142856,8.460014285714285,9.435571428571427,9.109528571428571,9.111442857142858,9.041885714285716,11.364042857142858,12.196342857142858,13.0174,12.677971428571428,12.877328571428574,13.060414285714286,14.26372857142857,12.218271428571429,12.050685714285715,11.296999999999999,11.8356,11.339857142857142,11.512085714285714,10.717957142857143,11.40662857142857,12.246328571428572,12.1041,11.5544,12.218757142857143,11.761214285714285,12.11492857142857,13.855514285714284,12.804985714285712,13.856557142857142,14.58054285714286,15.399228571428571,15.891500000000002,15.16462857142857,12.840485714285714,12.245385714285714,12.751185714285715,13.230971428571427,11.804857142857143,12.5167,12.82272857142857,12.695257142857143,12.818142857142858,12.4683,12.05527142857143,12.268142857142854,12.552157142857142,12.521957142857143,12.339528571428572,13.876157142857142,14.026014285714284,15.595128571428573,15.594085714285717,13.962371428571428,13.891099999999998,13.534799999999999,11.040042857142856,11.450199999999999,9.99472857142857,10.910499999999999,11.786542857142857,12.314885714285714,14.144257142857143,16.216757142857144,15.433942857142858,15.520228571428573,14.899957142857145,15.231871428571429,14.5089,13.686499999999999,12.987799999999998,13.01817142857143,12.356357142857144,11.865885714285715,11.9919,13.863414285714285,14.140828571428573,14.282571428571428,13.82467142857143,14.49035714285714,15.440142857142858,14.866057142857143,13.660885714285714,13.335757142857144,12.2507,12.585614285714286,12.027485714285714,12.838571428571429,14.186885714285713,14.525642857142858,15.340428571428571,17.106957142857144,16.5844,18.26772857142857,17.869400000000002,17.67787142857143,17.40648571428571,19.1129,19.079571428571427,20.4703,21.71975714285714,22.051485714285718,21.42922857142857,22.827142857142857,20.930571428571426,21.18917142857143,20.511457142857147,20.24372857142857,19.889985714285718,19.14822857142857,17.493042857142857,16.673157142857143,15.603157142857144,15.213114285714287,15.35742857142857,17.183614285714288,18.586028571428574,19.741114285714286,20.076985714285712,21.22765714285714,27.97002857142857,26.84062857142857,24.737057142857143,24.1098,23.013471428571428,22.072499999999998,20.386742857142853,14.432242857142853,15.054771428571428,16.411914285714285,16.363714285714284,16.580042857142857,17.187157142857142,17.903042857142857,17.476057142857144,16.019342857142856,17.644114285714288,21.107300000000002,22.975671428571424,24.601314285714288,24.774099999999997,27.277985714285713,27.04517142857143,23.674114285714285,19.82124285714286,16.986042857142856,15.139142857142858,15.584328571428571,12.684614285714286,11.995514285714284,13.186857142857145,14.696028571428572,16.34057142857143,16.756614285714285,16.744799999999998,16.858757142857144,18.105657142857144,16.865771428571428,15.992814285714285,15.831457142857143,17.51562857142857,23.275914285714286,28.52397142857143,28.805885714285715,28.67515714285714,28.223842857142852,27.080171428571425,24.915957142857142,17.6309,12.433857142857144,10.639557142857143,12.32927142857143,11.430057142857143,11.707228571428573,11.945628571428573,12.665799999999999,12.291100000000002,13.306128571428571,11.746728571428571,12.087185714285713,12.9389,13.557685714285713,14.204957142857143,15.471457142857142,15.892142857142856,16.8766,19.148500000000002,18.388485714285714,17.549171428571427,16.434185714285714,14.786828571428572,13.822342857142859,12.515642857142856,10.700128571428573,9.791857142857141,10.587428571428571,11.399657142857142,12.545800000000002,13.020057142857143,14.4078,15.893485714285715,17.504257142857142,17.617685714285717,18.3624,18.938642857142856,19.429857142857145,18.7943,18.25957142857143,19.104442857142857,19.622214285714286,18.85082857142857,17.341171428571425,15.890842857142859,16.567914285714284,16.792928571428572,15.671171428571427,14.954728571428571,14.819442857142857,16.187471428571428,18.937457142857145,17.945128571428572,16.571357142857142,15.9931,15.812614285714286,16.504185714285715,18.355071428571428,17.213371428571428,18.8568,18.613085714285713,18.261714285714284,17.654557142857144,16.233942857142857,13.811742857142857,13.044614285714287,11.510485714285712,11.774914285714285,12.001585714285714,12.056242857142857,12.447228571428571,12.421142857142856,11.664,10.865357142857144,11.322199999999999,11.87092857142857,12.875457142857142,13.128371428571429,12.123842857142858,12.007771428571429,12.400214285714286,11.670657142857142,10.285014285714283,9.290928571428571,9.451342857142858,11.150142857142857,11.399199999999999,11.38227142857143,10.872714285714286,11.553285714285716,11.450028571428572,10.763071428571427,9.755985714285714,9.792757142857143,10.644057142857141,11.152142857142858,11.477028571428571,11.47535714285714,11.409485714285712,10.717785714285712,10.552685714285714,9.9983,10.558442857142856,11.283914285714285,12.291442857142856,12.949871428571429,12.879571428571428,14.199799999999998,13.530471428571428,13.743971428571427,13.684899999999999,12.12315714285714,11.77462857142857,12.127157142857142,10.317542857142858,11.169214285714286,9.934385714285714,8.268557142857144,8.723428571428572,8.331042857142858
43,4.0614,4.0614,5.068,5.727233333333333,4.98485,5.22902,5.24785,5.791185714285715,6.408757142857143,7.548114285714285,7.145728571428571,7.894585714285713,9.607142857142858,9.735357142857143,12.798457142857142,19.878899999999998,18.690699999999996,19.524242857142855,19.963328571428573,19.629328571428573,20.71742857142857,17.94142857142857,11.588314285714286,12.427214285714287,11.932900000000002,11.271285714285714,10.073871428571428,8.628628571428571,7.468628571428572,6.091428571428572,4.793785714285714,4.6417,4.2312,3.8205999999999998,4.348628571428572,4.411528571428572,5.162457142857143,5.511814285714286,6.334542857142857,6.908085714285714,6.8749714285714285,6.688457142857142,6.812428571428571,5.815285714285715,5.664157142857143,4.608585714285714,4.605185714285715,5.125757142857142,4.944814285714286,5.137214285714285,5.641514285714286,5.421471428571429,5.7438142857142855,5.806785714285714,4.954014285714286,4.578871428571428,4.437285714285714,4.636914285714285,6.072642857142857,6.561000000000001,6.560899999999999,7.243214285714286,8.549814285714286,10.107242857142856,10.108785714285714,9.418657142857143,8.758799999999999,9.946971428571429,9.822371428571428,8.61432857142857,8.159742857142858,7.949800000000001,7.756142857142857,8.627,7.47507142857143,7.803385714285715,8.397314285714286,7.666657142857142,7.8621285714285705,7.914171428571428,7.188942857142857,7.154271428571428,7.316528571428572,9.467471428571429,10.047557142857142,10.632985714285715,10.710885714285714,11.498428571428573,11.845557142857142,12.766985714285713,10.748299999999999,11.208128571428572,10.974214285714286,11.832657142857144,11.240571428571428,10.89362857142857,10.155742857142856,10.62577142857143,11.410157142857143,10.743157142857143,10.008985714285714,10.507900000000001,10.507900000000001,11.098614285714286,14.339542857142858,13.83114285714286,15.012314285714288,16.00877142857143,16.607957142857142,17.566,16.441085714285713,12.684742857142856,11.945185714285714,12.783442857142859,12.5779,11.766914285714284,11.179957142857143,11.566585714285713,11.336814285714285,11.38754285714286,10.84012857142857,10.728257142857144,11.6275,12.4864,13.051557142857144,13.411,14.374057142857144,14.374714285714287,16.102485714285713,15.298514285714285,14.468100000000002,14.258357142857145,14.020728571428569,12.102014285714287,13.71295714285714,12.842957142857143,13.799371428571428,14.484585714285714,15.250357142857142,17.841514285714286,20.273028571428572,18.936514285714285,19.32904285714286,18.134514285714282,18.19537142857143,17.135885714285713,15.487971428571427,14.63205714285714,14.233442857142856,13.043114285714285,13.0054,13.678414285714284,14.821342857142856,14.915314285714286,15.102985714285714,15.079757142857144,15.810457142857144,17.176014285714285,16.010914285714286,15.460657142857142,15.54135714285714,14.680242857142856,14.570014285714283,13.609585714285712,14.499828571428571,15.249199999999998,15.883628571428572,16.19612857142857,17.66465714285714,16.91662857142857,17.467714285714287,16.769814285714286,16.92338571428571,16.19742857142857,18.77072857142857,17.368414285714287,18.77404285714286,21.17902857142857,20.964371428571432,20.82065714285714,22.083742857142855,18.984928571428572,20.277014285714284,19.745785714285716,19.5891,19.521542857142858,18.626485714285714,17.210114285714287,16.80752857142857,15.802314285714287,15.703985714285716,16.1892,18.965585714285712,20.24705714285714,21.396871428571426,22.054114285714288,23.175471428571427,31.3157,29.88982857142857,27.25422857142857,26.654328571428575,25.49742857142857,24.576128571428573,23.725385714285718,17.185328571428574,18.704314285714286,19.8964,20.042285714285715,20.82707142857143,21.23967142857143,21.75617142857143,20.38612857142857,17.261242857142857,20.03002857142857,24.487257142857143,26.858357142857137,28.98762857142857,30.335271428571428,34.15245714285714,34.949842857142855,29.597200000000004,24.472371428571428,20.80802857142857,18.469271428571428,17.642614285714284,13.50767142857143,12.641928571428574,14.118014285714287,14.955899999999998,16.49632857142857,16.98052857142857,16.70037142857143,17.105542857142858,17.317157142857145,16.580342857142856,16.15707142857143,15.73022857142857,18.5828,26.529799999999998,33.82978571428571,35.27831428571429,34.82161428571429,34.878614285714285,34.33471428571429,30.86228571428572,21.402528571428572,13.92138571428571,11.635742857142857,13.710085714285714,12.659157142857142,12.485785714285713,12.996228571428572,13.70922857142857,13.334200000000001,14.329171428571428,13.601428571428572,13.916799999999999,14.77722857142857,15.256414285714285,15.389528571428572,16.787042857142858,17.028528571428573,17.508457142857143,18.733800000000002,17.83054285714286,16.6883,15.870214285714283,14.114171428571428,13.397428571428573,11.650042857142855,10.488057142857143,9.906771428571428,11.700814285714285,13.536028571428572,14.467085714285714,15.15647142857143,16.33074285714286,18.76964285714286,20.25487142857143,19.050485714285717,18.900685714285714,20.251014285714287,21.962514285714285,21.742628571428575,21.587642857142857,23.162614285714287,25.10862857142857,23.5436,21.37427142857143,18.382228571428573,18.956357142857144,18.025471428571425,15.660342857142856,14.17272857142857,14.701585714285715,16.408557142857145,19.652185714285714,17.724614285714285,16.425571428571427,16.297557142857144,15.415685714285713,16.531499999999998,16.726085714285713,15.347785714285711,17.1865,17.2354,16.746671428571428,16.76937142857143,14.942714285714285,13.168485714285712,12.319400000000002,11.349085714285717,11.201300000000003,11.507028571428572,11.471571428571426,11.637328571428572,12.08067142857143,11.506657142857142,10.528857142857145,11.102814285714286,11.688342857142858,12.355185714285714,12.901214285714286,12.049214285714287,11.628328571428572,11.854728571428572,10.626828571428572,9.621842857142855,8.538328571428574,8.5624,10.49442857142857,11.488114285714286,11.328299999999999,10.804814285714286,11.021514285714286,11.156514285714286,10.5592,9.659342857142857,9.749728571428571,10.331857142857142,11.176714285714285,11.096042857142859,11.090500000000002,11.24797142857143,10.07232857142857,8.585899999999999,8.464057142857142,8.850357142857142,9.33722857142857,10.259057142857142,10.801114285714286,10.8918,12.732557142857145,12.663328571428574,12.420742857142859,12.621685714285716,11.118028571428571,10.128871428571427,9.774885714285714,7.876271428571428,8.1229,7.429271428571427,6.073257142857144,6.574985714285715,7.0236
44,3.0123,3.0123,4.0629,4.144666666666667,4.0146250000000006,4.224400000000001,4.435116666666667,5.422828571428572,5.7766,6.881085714285716,6.8838,7.5089,9.419300000000002,9.541242857142857,10.914542857142859,14.868585714285715,13.853700000000002,14.411600000000002,14.35807142857143,13.506157142857143,14.054142857142859,12.644514285714289,9.54087142857143,9.865585714285714,9.507599999999998,9.223971428571428,8.500357142857142,7.504328571428571,6.250385714285715,5.004657142857144,4.195971428571428,4.5227,4.511642857142857,3.817542857142857,4.4713714285714286,4.592471428571429,5.361714285714286,6.0327142857142855,6.295814285714286,6.644028571428571,7.023371428571429,6.512828571428571,6.662128571428573,5.796628571428571,5.3388,4.548928571428571,4.299485714285714,5.0505571428571425,5.211171428571428,5.447842857142858,5.701885714285714,5.445842857142857,5.579185714285715,5.824914285714286,4.622085714285714,4.151514285714286,4.093342857142858,4.290128571428572,5.872114285714285,6.339285714285714,5.993828571428571,6.8872285714285715,7.8533857142857135,8.670499999999999,8.633099999999999,7.698514285714286,7.3011,8.891471428571428,8.460185714285714,7.781585714285714,7.956028571428571,8.4357,8.360385714285714,8.837985714285715,7.504357142857144,7.893314285714285,8.457214285714285,7.2061714285714285,7.057857142857143,7.034428571428571,6.450114285714285,6.544299999999999,7.044014285714286,8.8558,9.962742857142857,10.266471428571426,10.378457142857144,11.370757142857142,11.556814285714285,11.777114285714285,9.967185714285716,9.924414285714287,10.209171428571429,11.177742857142858,10.440428571428571,10.448728571428571,10.124585714285713,10.12492857142857,11.111742857142858,10.060557142857144,9.402257142857142,10.171257142857144,9.931371428571428,10.297185714285716,14.353914285714287,13.930828571428572,15.168314285714285,15.795671428571428,17.539914285714286,18.521685714285717,17.772542857142856,13.797999999999998,12.89172857142857,13.693957142857144,13.529585714285714,11.676271428571427,10.844314285714287,11.662128571428571,11.351814285714287,11.411942857142858,10.946871428571429,11.244071428571429,12.328928571428573,13.392371428571428,13.197542857142855,13.421471428571431,15.725714285714288,15.83714285714286,17.28702857142857,15.977271428571429,15.32167142857143,15.229428571428569,14.550985714285712,11.5851,13.946185714285717,13.499871428571428,14.831100000000001,15.6184,16.522414285714284,18.705299999999998,22.178985714285712,20.42237142857143,20.8691,19.928085714285714,20.29471428571429,19.329199999999997,18.636100000000003,18.319828571428577,16.817299999999996,14.959457142857142,14.34792857142857,14.160714285714283,15.339471428571429,16.158985714285713,14.787828571428573,15.460685714285715,17.078857142857142,19.216428571428573,18.51307142857143,17.921442857142857,16.97802857142857,16.063328571428574,16.894457142857142,15.933985714285713,17.214157142857143,17.271571428571427,18.385099999999998,19.015171428571428,20.6878,19.11875714285714,19.089885714285714,17.32242857142857,18.082171428571428,16.708242857142857,19.738842857142856,18.60894285714286,20.91571428571428,23.522199999999998,23.1385,23.666400000000003,24.710357142857145,21.31718571428571,21.586528571428573,20.44852857142857,19.587757142857146,19.446871428571423,17.7879,16.585285714285714,16.00714285714286,15.879042857142858,15.99407142857143,18.448385714285713,22.10575714285714,23.31564285714286,24.909385714285715,25.690685714285713,26.787871428571425,34.62065714285714,31.915171428571426,29.126957142857144,29.047014285714283,27.854814285714287,26.882271428571425,26.3196,20.812099999999997,22.85502857142857,24.216957142857144,23.6815,24.79817142857143,25.268542857142855,25.77458571428571,22.86504285714286,19.94275714285714,22.756857142857143,28.072014285714285,30.372871428571425,33.52062857142857,35.93815714285714,40.109114285714284,40.70325714285714,35.95834285714286,30.619342857142858,26.723028571428575,23.20482857142857,21.485542857142857,16.909314285714284,15.306885714285713,16.317985714285715,17.069857142857142,19.008171428571426,19.41727142857143,18.55851428571429,19.281442857142856,19.533814285714282,18.343557142857144,17.253257142857144,15.5853,17.481985714285713,24.954957142857147,32.616957142857146,33.4457,33.14814285714286,33.18875714285714,33.192528571428575,30.911514285714283,22.243671428571428,14.829300000000002,14.13002857142857,15.389842857142856,14.598671428571427,14.533928571428572,15.175114285714287,16.03887142857143,15.66622857142857,15.895214285714287,14.816785714285714,15.7736,16.551928571428572,16.6279,16.678800000000003,17.483228571428572,17.66682857142857,18.972,19.838228571428573,20.094385714285718,19.070899999999998,18.216171428571432,16.8988,16.89924285714286,15.34452857142857,14.131728571428571,12.283657142857143,15.583542857142858,17.717142857142857,18.96917142857143,19.19852857142857,20.54207142857143,24.19674285714285,25.075514285714284,22.95704285714286,23.283314285714287,25.174185714285716,26.79262857142857,26.841857142857144,26.88138571428572,29.76308571428572,31.113614285714284,28.074957142857148,24.399842857142858,20.768914285714285,20.666357142857144,18.03955714285714,14.767542857142855,12.648971428571427,13.435685714285713,16.559071428571432,20.194185714285712,19.089742857142856,18.503542857142858,18.56694285714286,18.465200000000003,19.41867142857143,19.414142857142856,17.065728571428572,17.766542857142856,17.47172857142857,16.817257142857144,17.05367142857143,15.310242857142859,12.505942857142857,12.41307142857143,11.6104,11.666857142857143,12.280085714285715,11.880714285714285,12.008957142857144,12.35757142857143,12.289042857142856,11.226799999999999,11.43645714285714,10.795642857142857,11.0414,11.499042857142856,10.4804,9.633628571428572,10.111871428571428,8.675199999999998,8.837014285714284,8.153385714285713,8.516557142857142,9.882042857142858,10.89562857142857,10.260057142857145,10.301757142857143,10.249814285714285,10.281471428571427,9.531642857142856,9.990528571428571,8.99392857142857,9.495014285714285,9.951742857142857,10.00372857142857,10.12522857142857,10.295828571428572,8.711942857142857,8.151657142857143,8.163942857142859,8.48857142857143,8.981414285714285,9.421942857142856,10.154671428571428,10.269014285714286,11.784357142857143,11.6805,11.182285714285715,10.793385714285714,9.835242857142855,8.44682857142857,7.902285714285713,6.339300000000001,6.219357142857143,5.858171428571429,5.3260000000000005,5.928471428571428,6.644871428571429
45,2.9928,2.9928,4.47,4.577133333333333,4.488925,4.74944,5.1795,6.320014285714286,7.035214285714285,7.762757142857143,8.1008,8.640071428571428,9.827328571428572,9.802742857142858,11.936414285714287,14.068142857142858,13.636671428571429,13.756885714285715,13.498257142857144,13.223285714285714,13.535414285714285,11.164528571428573,9.060542857142858,9.078228571428571,8.722757142857143,8.578385714285714,7.910071428571428,7.120742857142857,5.868000000000001,5.087785714285714,4.3219,4.557157142857143,4.7183142857142855,3.994142857142857,4.591728571428571,4.605271428571429,5.151085714285714,5.668357142857142,5.781871428571429,6.0255285714285725,6.282985714285714,5.747585714285714,5.9580857142857155,5.314671428571428,4.989128571428572,4.252585714285715,3.9001428571428574,4.564157142857143,4.910228571428571,4.850771428571428,5.2316,4.995857142857143,5.375657142857143,5.358314285714286,4.382014285714286,3.720242857142857,4.2884,4.445671428571428,5.824371428571429,6.218857142857142,6.003671428571428,7.122314285714286,8.097785714285713,8.820928571428572,8.675657142857142,7.7180857142857135,7.046057142857143,8.745328571428571,8.1115,7.57032857142857,7.336728571428571,7.919557142857144,8.074871428571427,8.839357142857143,7.526857142857142,8.094957142857142,8.511657142857143,7.370757142857143,7.200142857142857,7.161357142857142,6.583028571428571,7.134485714285715,9.360671428571427,10.707471428571427,12.234300000000001,12.536142857142854,12.57645714285714,13.320214285714286,13.446299999999999,11.541228571428572,10.2618,9.934328571428571,9.978542857142855,11.34902857142857,10.83507142857143,11.268642857142856,11.174642857142857,11.728357142857144,12.9931,12.250685714285714,11.023685714285714,12.254528571428574,11.342342857142857,11.238757142857143,15.787185714285714,15.449471428571428,16.913328571428572,18.13518571428571,19.6579,20.810885714285714,20.487399999999997,15.591885714285713,14.838285714285714,14.897114285714284,14.294928571428569,13.023157142857144,11.966999999999999,12.824742857142857,12.505385714285714,11.8882,11.2758,11.873385714285714,12.606714285714288,13.175471428571429,13.318442857142859,13.298500000000002,14.935185714285712,15.282799999999998,16.157442857142858,14.344371428571426,14.032214285714284,13.882757142857141,13.770457142857142,11.519771428571431,14.201557142857142,14.068114285714286,16.0371,17.041814285714285,18.832957142857143,20.993185714285712,24.250085714285714,22.665957142857145,23.769514285714283,22.237400000000004,22.839714285714283,21.23532857142857,19.733257142857145,19.497071428571427,17.742600000000003,14.990914285714284,14.378699999999997,14.114257142857142,14.780857142857144,16.57448571428571,15.405942857142858,16.5302,19.52124285714286,22.193142857142863,21.633814285714287,21.715700000000002,20.514042857142858,19.76287142857143,21.677042857142858,20.143757142857144,21.532414285714285,21.302457142857143,22.059328571428573,22.567085714285714,24.102485714285713,21.304100000000002,20.932214285714284,18.563457142857143,19.312728571428572,18.37305714285714,21.807514285714284,20.85097142857143,23.751471428571428,25.578742857142856,25.4377,26.395385714285712,26.637442857142855,22.4309,22.265000000000004,20.697899999999997,19.745914285714285,19.2204,16.993357142857146,15.66467142857143,15.244342857142858,15.831171428571427,16.59822857142857,20.62024285714286,24.830514285714287,26.391228571428574,28.162342857142857,29.92244285714285,30.267071428571423,37.175999999999995,34.57828571428571,31.56985714285715,31.570500000000003,30.738742857142856,29.121299999999998,30.039314285714287,25.016214285714288,26.403285714285715,27.963114285714287,27.375514285714285,28.06591428571429,28.557071428571426,28.21497142857143,24.83667142857143,21.771828571428568,24.816942857142855,30.639257142857137,33.67845714285714,37.27571428571428,39.695657142857144,44.44361428571428,46.29121428571428,40.9542,34.84938571428571,30.1114,25.885114285714284,25.390885714285712,19.840185714285717,17.239485714285713,17.751628571428572,18.26782857142857,20.989557142857144,21.56291428571429,19.19758571428571,20.602585714285713,20.495399999999997,20.846557142857144,20.574114285714284,18.842971428571428,20.772471428571432,26.480171428571428,35.19468571428572,35.97085714285714,34.769371428571425,34.50855714285714,33.961842857142855,31.010857142857144,24.491257142857144,15.615771428571431,15.325600000000003,16.121857142857145,15.427514285714285,15.694457142857145,16.953828571428573,17.764742857142856,18.898142857142858,19.231528571428573,19.57317142857143,20.999871428571428,21.238999999999997,21.08244285714286,20.171514285714288,19.473785714285714,19.578485714285716,21.38775714285714,21.708085714285716,22.169899999999995,21.124200000000002,20.972900000000003,19.824114285714284,19.811842857142857,16.767885714285715,14.988542857142859,13.398528571428573,17.0943,19.982642857142856,21.188971428571428,20.1362,20.119957142857146,24.7635,25.971514285714285,24.981671428571428,26.078642857142857,28.547171428571428,32.07958571428571,33.79912857142857,33.68682857142857,36.31617142857142,36.139799999999994,31.388942857142858,26.978271428571425,22.356314285714284,21.643599999999996,18.550242857142855,15.205071428571427,12.814585714285714,13.492385714285716,18.791885714285716,23.14092857142857,21.99654285714286,21.88218571428572,21.73131428571429,21.75708571428572,23.130699999999997,20.894557142857142,18.1801,19.00641428571429,18.34552857142857,17.700728571428574,18.443414285714283,16.59414285714286,14.082614285714286,13.289542857142859,12.471414285714287,12.5008,13.353814285714288,12.649928571428573,12.893442857142857,13.162914285714288,13.469757142857144,12.973214285714286,12.894499999999999,12.103114285714286,13.310971428571431,13.444657142857142,12.59697142857143,11.590985714285713,11.985014285714286,10.792471428571428,10.76207142857143,9.410714285714286,10.147214285714284,11.185371428571429,12.197257142857142,11.604714285714284,11.396814285714285,11.704514285714286,11.721242857142858,11.008514285714286,10.53727142857143,9.952342857142856,10.304785714285714,11.024871428571428,10.718685714285714,10.710099999999999,10.865271428571429,10.508371428571431,9.790542857142857,9.824028571428572,10.000057142857143,10.733142857142857,10.901371428571426,11.992314285714286,12.768,13.772899999999998,13.562542857142857,13.014799999999997,12.7174,11.854828571428571,10.116657142857145,8.623571428571427,7.340114285714284,7.050171428571427,7.240571428571429,6.717942857142858,7.784128571428572,8.077428571428571
46,3.0383,3.0383,5.6657,6.443933333333334,6.014950000000001,7.11718,7.8105,9.221785714285714,10.304385714285715,10.970557142857142,11.767285714285716,12.237085714285714,14.983500000000001,14.517714285714286,18.24442857142857,18.905685714285713,18.04274285714286,17.24602857142857,17.11347142857143,15.294300000000002,15.724071428571431,11.560228571428572,11.011414285714284,11.299299999999999,11.06072857142857,11.1533,9.83997142857143,9.202214285714286,7.8504,6.577499999999999,6.079742857142857,6.249514285714286,6.053714285714286,5.283457142857143,5.5366285714285715,5.5826,6.371228571428572,6.821371428571429,6.890128571428571,7.702785714285715,8.228185714285713,7.650857142857142,7.507042857142857,7.103814285714286,6.944028571428572,6.3696,5.4934,5.784485714285714,5.977785714285714,5.905957142857142,6.330371428571428,5.9328714285714295,6.0784142857142855,6.016614285714286,5.003228571428571,4.6628,6.004685714285714,6.1263571428571435,7.588042857142857,8.151228571428572,7.828214285714286,9.198085714285714,10.34077142857143,10.578771428571429,10.118471428571429,8.854700000000001,8.254128571428572,8.937528571428572,8.4196,7.3847,6.8406142857142855,8.00752857142857,7.6837285714285715,8.150028571428571,7.853828571428571,8.722028571428572,9.316257142857143,8.462914285714286,7.901614285714286,8.295085714285715,7.918771428571428,8.866942857142858,10.424885714285717,12.3501,13.649457142857143,14.039442857142857,14.214785714285714,15.052442857142859,14.542985714285715,12.614971428571428,11.425785714285714,11.665214285714287,11.8265,13.302071428571427,12.643,13.085785714285711,12.7873,13.152657142857143,13.830157142857145,12.5746,11.41342857142857,12.766657142857142,12.250771428571428,12.157028571428572,16.1114,15.648157142857142,17.506442857142854,18.754799999999996,19.767457142857147,20.831257142857144,20.7253,16.280742857142858,15.39875714285714,15.279814285714284,14.157857142857141,12.585357142857143,11.7067,12.415185714285714,12.084342857142857,11.825999999999999,11.0507,11.906657142857142,13.085414285714288,13.672642857142856,14.195871428571431,13.9739,15.444214285714285,15.542685714285714,16.041142857142855,14.395085714285715,14.18992857142857,13.592728571428571,13.9622,11.891914285714288,14.708571428571428,14.597314285714285,16.949828571428572,17.66145714285714,20.023857142857143,21.0532,23.46112857142857,22.1384,23.299299999999995,21.371199999999998,21.246885714285717,19.19327142857143,18.080885714285714,19.679185714285715,17.845342857142857,15.112971428571429,14.858414285714288,15.162714285714287,15.316600000000003,16.6779,14.442442857142856,15.116242857142856,18.80705714285714,21.411,20.606457142857142,21.112414285714287,20.5579,20.197242857142857,22.989185714285714,20.940671428571427,21.39387142857143,21.42997142857143,22.131814285714285,22.6841,23.589085714285712,20.2157,19.24554285714286,17.5246,18.50464285714286,18.700085714285713,22.099314285714286,21.452157142857143,24.2078,26.24625714285714,25.72221428571429,26.772342857142856,26.272342857142856,22.36457142857143,21.7336,20.47412857142857,19.332885714285712,19.142957142857142,17.12045714285714,15.491957142857144,14.88414285714286,15.628185714285715,16.090014285714286,19.124771428571428,22.43187142857143,23.41372857142857,25.420299999999997,26.340242857142858,26.23184285714286,31.223557142857143,29.374142857142857,26.941542857142856,27.16141428571429,26.4881,25.81457142857143,26.441957142857145,23.242314285714286,25.082985714285712,26.632914285714286,25.699028571428574,25.14397142857143,25.91162857142857,26.452314285714287,23.426814285714283,20.123814285714285,22.78324285714286,27.957328571428576,31.360728571428577,33.98721428571429,36.39304285714286,40.022800000000004,42.088414285714286,36.34610000000001,30.949257142857142,26.70114285714286,23.783457142857145,22.548714285714286,17.902985714285716,16.446257142857142,17.866242857142854,18.364985714285712,20.771271428571428,21.487528571428573,19.269542857142856,20.410700000000002,18.809628571428572,18.365157142857147,17.802414285714285,16.193214285714284,16.529514285714285,20.84847142857143,27.892871428571432,28.51467142857143,28.023128571428572,28.20425714285715,28.84332857142857,26.766214285714288,22.439085714285714,15.621571428571428,16.272714285714283,16.45042857142857,15.632114285714284,15.176242857142856,16.27838571428571,16.461657142857142,17.4837,16.58727142857143,17.126685714285717,18.358471428571427,18.645000000000003,17.958885714285714,17.311814285714284,16.424885714285715,17.610899999999997,20.2818,20.613257142857144,20.300857142857144,19.6669,20.21534285714286,18.789242857142856,19.00402857142857,15.938357142857141,14.733285714285714,14.45592857142857,18.739571428571427,20.211414285714284,23.437671428571427,22.652757142857144,23.64515714285714,27.05358571428571,28.16977142857143,28.6104,30.990142857142853,33.07777142857143,35.5599,36.19188571428571,37.44431428571429,38.68491428571428,37.310428571428574,33.15938571428571,27.66081428571429,24.0276,22.2261,19.540857142857142,17.819399999999998,14.981528571428571,15.843285714285713,21.998985714285716,27.886257142857147,29.225771428571427,29.801042857142857,29.76064285714286,29.67157142857143,29.827057142857143,25.853142857142853,20.749000000000002,21.416685714285713,19.628685714285716,18.1672,18.866457142857143,17.069200000000002,17.25267142857143,17.3083,15.164528571428571,14.951557142857142,16.084814285714284,15.866942857142858,16.616157142857144,15.253614285714287,15.864514285714284,16.60102857142857,16.56715714285714,15.976814285714285,17.769385714285715,18.008585714285715,17.297900000000002,17.19304285714286,17.857157142857144,18.5118,18.089914285714286,17.012842857142857,17.311957142857143,18.029999999999998,17.934428571428572,17.209242857142858,16.27615714285714,17.980128571428573,17.956542857142857,18.882257142857146,18.947028571428575,18.081914285714287,18.854071428571427,19.3594,17.726085714285713,17.048314285714287,16.670285714285715,17.98982857142857,19.499485714285715,19.220357142857143,18.526814285714288,20.614671428571427,20.897171428571426,21.96742857142857,22.291914285714284,23.009871428571426,22.74322857142857,23.45765714285714,22.03804285714286,20.48427142857143,18.348814285714287,15.432714285714285,12.230442857142856,11.469214285714285,11.236385714285715,10.940814285714286,12.798371428571429,12.399742857142858
47,9.3045,9.3045,11.9511,13.253566666666666,12.622575,14.14458,15.67695,17.021871428571426,18.010428571428573,19.79082857142857,21.009285714285717,20.967828571428576,21.619557142857143,20.785542857142854,25.563799999999997,27.426942857142855,25.312342857142855,23.39992857142857,24.05445714285714,24.77795714285714,24.622085714285713,19.57318571428571,18.464542857142856,18.966514285714286,18.87985714285714,18.940571428571424,15.766771428571428,15.282642857142859,14.278571428571427,12.161742857142857,11.646928571428573,11.710899999999999,11.064971428571427,11.11602857142857,11.051142857142855,10.135771428571429,11.149528571428572,11.14697142857143,10.978071428571427,11.271342857142855,11.202985714285715,10.520171428571429,10.324371428571428,10.126842857142858,9.89277142857143,9.655671428571427,8.8932,9.2346,10.0118,9.379499999999998,9.650757142857143,9.952157142857143,9.577828571428572,9.382214285714285,9.004257142857142,9.043128571428571,10.89585714285714,11.935985714285716,12.342471428571429,13.792428571428571,13.965214285714286,15.099271428571427,15.497271428571432,15.866814285714288,14.776985714285715,14.521328571428572,12.843614285714285,13.74232857142857,13.152057142857144,11.782042857142857,10.657771428571428,10.926914285714286,9.538128571428572,10.076657142857144,9.442714285714287,9.717057142857142,9.3246,8.860442857142857,8.604785714285713,8.588857142857142,8.2974,9.123614285714286,10.94762857142857,13.4778,15.549542857142857,15.9571,16.917614285714286,17.61092857142857,16.891528571428573,14.770600000000002,13.341899999999999,12.193628571428572,12.395542857142857,13.23524285714286,13.00922857142857,13.790414285714288,13.53947142857143,14.424028571428574,15.142185714285715,14.066585714285713,13.1354,14.124714285714287,13.047085714285714,13.0814,15.133228571428573,14.4398,15.047771428571428,16.409442857142857,16.238757142857143,17.035857142857147,17.234914285714286,15.187942857142856,14.981542857142855,14.872657142857141,13.197614285714284,13.145328571428573,12.697685714285715,12.985185714285716,12.731357142857144,12.501142857142858,12.782271428571429,13.727842857142857,13.87557142857143,14.0821,15.05777142857143,14.154399999999999,14.591885714285713,13.978742857142857,14.777942857142856,14.457342857142859,14.790442857142859,13.508057142857144,14.242199999999999,13.58682857142857,15.008814285714285,14.121585714285715,15.588871428571426,16.25067142857143,17.92282857142857,18.4871,19.469971428571426,19.4029,20.17182857142857,18.497314285714285,18.9672,17.77941428571429,16.756800000000002,17.794914285714288,15.967414285714284,14.433385714285714,14.404771428571427,13.714500000000001,13.312414285714286,13.785014285714286,11.969228571428571,12.790985714285714,16.029714285714284,17.165142857142857,16.21377142857143,16.319614285714287,15.781042857142856,15.474342857142858,18.17962857142857,16.296357142857143,16.934757142857144,17.113,18.306614285714286,19.228271428571425,20.022514285714287,16.79302857142857,15.909071428571428,15.108228571428572,15.697814285714285,15.907,18.449114285714284,19.100314285714287,20.822857142857142,22.16637142857143,21.725042857142856,23.140485714285713,22.647757142857138,19.28642857142857,18.51547142857143,18.678085714285714,17.970299999999998,17.531314285714284,16.065328571428573,14.70087142857143,14.596271428571427,15.146085714285714,15.116828571428572,17.556800000000003,19.820957142857146,19.45367142857143,21.243442857142856,22.163657142857144,21.73577142857143,24.78124285714286,23.371100000000002,21.925642857142858,22.69294285714286,22.042714285714283,21.393399999999996,21.950242857142857,19.852885714285716,21.334985714285715,22.281928571428573,21.202185714285715,20.664185714285715,21.553714285714285,22.175114285714283,19.847071428571432,17.01135714285714,19.291185714285714,23.08351428571428,26.14645714285714,27.206157142857144,28.42067142857143,31.437514285714286,32.61441428571428,29.20962857142857,25.619471428571426,23.09967142857143,21.568485714285714,20.172885714285716,16.29207142857143,15.710271428571428,16.685157142857143,17.247414285714285,17.762857142857143,18.286371428571425,16.960642857142854,17.774585714285713,16.721471428571427,15.469785714285715,14.538842857142855,14.232342857142855,13.864400000000002,16.99234285714286,20.414871428571427,20.6378,20.395142857142854,21.01325714285714,20.524614285714282,19.26008571428571,16.311357142857144,12.691785714285714,12.999485714285715,12.793985714285714,11.780814285714287,11.434357142857142,12.003285714285713,12.309471428571428,12.661557142857143,11.972114285714285,12.243642857142857,13.504142857142856,13.922271428571431,13.250914285714286,12.655142857142858,13.385485714285712,14.642614285714286,17.580142857142857,17.79564285714286,17.638114285714288,18.11792857142857,19.575628571428574,18.426157142857143,19.334642857142857,16.21251428571429,15.362542857142857,15.927142857142856,18.718742857142853,18.721071428571427,21.677757142857143,21.2856,23.095014285714285,25.18448571428571,25.434942857142858,25.66547142857143,27.267185714285713,27.088657142857148,27.088114285714287,25.87257142857143,26.19272857142857,26.360557142857147,24.54692857142857,22.39178571428571,19.940771428571427,17.94862857142857,18.315771428571427,18.16852857142857,17.7713,16.130485714285715,16.268471428571427,23.712899999999998,27.416957142857143,27.183285714285713,28.632885714285717,27.7734,27.788142857142855,28.548485714285714,23.608342857142855,22.569942857142856,24.174614285714284,20.37687142857143,20.359385714285715,21.975328571428573,20.057085714285712,19.553314285714286,19.06027142857143,17.48537142857143,18.981042857142857,20.495985714285716,22.292957142857144,22.938114285714285,20.741214285714285,21.485071428571427,21.366628571428574,20.546828571428573,19.571757142857145,19.67814285714286,20.719699999999996,20.45435714285714,18.472628571428572,20.741028571428576,21.416485714285717,21.2858,19.757314285714283,21.764914285714287,23.65578571428571,24.151642857142853,23.07267142857143,22.42164285714286,24.565442857142852,26.14722857142857,26.320685714285712,26.44134285714286,26.619242857142858,29.1673,29.854942857142856,27.752871428571428,26.613757142857143,23.948800000000002,26.170014285714284,29.42788571428571,27.075271428571426,26.71032857142857,29.279799999999998,28.983071428571428,32.240457142857146,30.5238,29.242842857142858,28.985685714285715,29.747528571428575,27.375671428571426,25.98685714285714,22.869357142857144,20.647742857142855,17.011114285714285,15.686099999999998,15.258714285714287,16.081271428571426,18.21278571428571,17.140571428571427
48,7.0838,7.0838,6.9594000000000005,8.402933333333333,9.151875,8.57988,10.002450000000001,10.791,11.788571428571428,11.810457142857144,12.651300000000003,13.864600000000001,14.753971428571429,14.709699999999998,14.09082857142857,26.193399999999997,32.245085714285715,34.10975714285714,33.961842857142855,34.61165714285715,37.20655714285715,37.81374285714286,26.13277142857143,21.48357142857143,18.68017142857143,17.27895714285714,16.756742857142857,12.8999,12.718485714285716,12.637457142857143,11.253271428571427,11.81882857142857,12.589128571428573,11.620842857142858,11.645271428571428,11.161842857142858,10.028671428571428,10.452528571428571,9.9881,9.8561,10.213242857142857,10.571314285714285,10.225571428571428,10.199628571428573,11.766057142857141,11.401357142857142,10.535085714285714,10.279371428571427,10.501114285714285,11.334514285714286,10.740657142857142,9.977942857142859,10.174742857142856,9.794385714285713,10.294957142857143,9.8682,9.526642857142857,11.377314285714286,10.330657142857143,11.236428571428572,12.745499999999998,12.338842857142856,13.405114285714287,13.9487,13.595814285714287,14.388200000000001,13.226585714285717,12.176157142857145,12.655685714285719,13.58367142857143,12.582642857142858,12.36751428571429,13.008385714285717,12.583114285714286,12.297385714285713,13.098585714285715,12.848457142857143,12.70314285714286,12.944714285714285,12.829242857142857,13.103514285714287,13.207728571428573,13.479000000000001,13.322385714285714,15.80952857142857,16.8103,18.831671428571433,20.346985714285715,21.001742857142858,20.4547,18.92397142857143,17.464614285714283,16.168642857142856,13.501914285714284,13.743314285714288,13.457842857142856,13.283185714285716,14.05974285714286,15.762685714285714,16.9021,17.923042857142857,17.297985714285716,21.346785714285716,20.553400000000003,20.2979,18.8502,18.032957142857143,17.53607142857143,17.954514285714286,14.494385714285713,15.215085714285712,15.563500000000001,16.334657142857143,16.34607142857143,16.255985714285714,14.750742857142857,14.857385714285714,14.696185714285713,14.06217142857143,14.599928571428572,14.048771428571428,13.548642857142855,14.45192857142857,15.379242857142856,15.165171428571428,16.812214285714287,14.31275714285714,13.896171428571426,13.817014285714285,14.296085714285715,13.997128571428572,14.858928571428569,12.452542857142857,14.494600000000004,16.674742857142856,17.063814285714283,16.749485714285715,17.40337142857143,16.440828571428572,17.765414285714282,17.2013,16.23237142857143,16.067,16.080414285714287,14.037514285714284,16.085957142857144,16.103885714285717,15.607757142857144,15.29304285714286,14.810685714285714,13.50054285714286,14.880985714285716,13.719071428571429,13.097500000000002,13.007342857142858,12.332399999999998,13.280299999999999,14.660871428571427,13.665557142857141,12.994185714285715,12.5966,11.607500000000002,11.373014285714287,13.357971428571428,12.994214285714287,13.777514285714288,13.561328571428573,14.776214285714286,15.545342857142856,15.940957142857144,12.95247142857143,12.4611,12.128499999999999,12.053299999999998,12.880457142857143,14.392657142857145,14.967857142857142,16.218428571428575,17.248,17.662971428571428,19.33955714285714,17.997357142857144,15.780085714285715,16.225914285714286,17.14562857142857,16.7983,15.870771428571429,15.478171428571429,14.754714285714286,15.173271428571429,15.00885714285714,14.871485714285713,16.20237142857143,17.17887142857143,16.342957142857145,17.73062857142857,18.04274285714286,18.001157142857142,18.63708571428571,17.86222857142857,16.948128571428573,16.865757142857145,16.125,15.740728571428573,15.482114285714287,14.235357142857143,14.848885714285714,15.200471428571428,14.889928571428571,14.414128571428572,15.147414285714285,15.010214285714284,14.328171428571427,13.054142857142859,14.966514285714286,16.933842857142857,18.304714285714287,18.165585714285715,18.673114285714288,19.125228571428572,18.897971428571427,16.61147142857143,14.527942857142857,12.946585714285716,12.158557142857143,11.620000000000001,10.0586,10.521114285714287,10.879914285714287,11.1751,12.09917142857143,12.23837142857143,11.569728571428572,11.7868,10.774528571428572,10.265828571428571,9.659128571428571,9.152771428571429,9.407114285714284,11.078642857142857,13.0825,13.22032857142857,13.514171428571428,14.331557142857141,14.085885714285714,13.263614285714286,11.244157142857144,8.649728571428572,8.479242857142859,7.919614285714284,6.863,6.407457142857143,6.421385714285714,6.930885714285714,7.645071428571429,7.6882,7.663042857142856,7.918528571428571,8.135399999999999,8.796742857142856,9.134385714285715,9.5924,10.1809,11.066414285714286,11.36712857142857,11.831357142857144,11.494485714285714,11.913885714285714,11.735999999999999,11.725085714285715,10.978771428571426,10.976999999999999,10.59152857142857,10.814642857142857,10.743114285714286,10.996185714285716,12.191571428571427,13.02222857142857,13.224342857142858,13.541771428571428,14.3727,13.566014285714285,13.263342857142856,12.157128571428572,11.21952857142857,11.219257142857144,11.249657142857144,10.456028571428572,10.160114285714286,9.874857142857142,9.158928571428572,10.316842857142857,11.839242857142855,11.4119,11.837342857142856,12.951014285714285,16.325,17.101071428571426,16.175114285714283,14.978485714285714,15.079242857142857,14.735,16.558214285714286,15.527657142857143,16.42487142857143,16.657457142857144,15.809871428571428,15.907557142857144,16.644928571428572,13.813957142857145,12.459342857142857,11.734157142857143,12.100800000000001,13.444571428571427,14.207971428571428,15.339128571428573,15.527571428571429,15.359071428571427,15.882214285714285,15.443628571428572,15.1695,14.31322857142857,12.77564285714286,13.59267142857143,13.005342857142855,11.996085714285714,13.347314285714287,12.362,13.28347142857143,12.542957142857144,13.684371428571428,14.278914285714288,15.127714285714287,14.996528571428572,15.849942857142858,16.171985714285714,17.666400000000003,16.856500000000004,18.36767142857143,17.73442857142857,16.298414285714284,16.0954,15.924985714285713,15.698199999999998,15.181142857142857,14.71215714285714,15.082128571428571,15.721642857142857,16.00117142857143,16.677457142857143,15.60922857142857,17.630657142857142,15.926614285714288,15.964514285714287,16.107857142857146,16.40664285714286,15.310457142857144,15.116271428571427,12.556485714285714,12.076628571428571,10.538157142857143,9.702157142857143,8.941385714285714,8.880085714285714,9.869285714285715
49,5.814,5.814,6.82655,7.5581000000000005,8.345225000000001,7.75708,8.8714,9.087542857142857,10.4381,10.461014285714285,10.508842857142856,10.904542857142857,12.315457142857142,12.38982857142857,12.147928571428574,17.969685714285713,20.007114285714287,22.83431428571429,23.558071428571427,24.430442857142857,24.448657142857144,25.2982,20.7483,19.354585714285715,16.225385714285714,14.488214285714287,12.44187142857143,11.226914285714285,10.491142857142858,7.9929,6.912100000000001,6.948228571428572,7.5363428571428575,7.4931,7.69682857142857,7.484328571428571,7.6724428571428565,7.923985714285714,8.695157142857143,8.926471428571428,9.103557142857143,9.2436,8.876542857142857,8.434828571428572,9.714785714285714,8.689942857142857,7.743542857142857,7.209257142857142,7.424814285714286,7.991328571428572,7.898757142857143,6.806185714285713,6.694271428571428,6.578214285714286,7.1341142857142845,7.0477428571428575,6.848285714285715,7.368385714285715,7.771428571428572,9.587757142857143,10.999885714285714,11.001214285714285,11.979485714285715,13.156328571428572,13.2491,12.853742857142857,11.280557142857143,10.605900000000002,10.640600000000001,11.438999999999998,10.262157142857143,10.737171428571429,10.773242857142858,10.286642857142857,10.242114285714285,11.00494285714286,9.1031,8.952899999999998,9.650742857142857,9.373342857142857,9.442242857142856,8.793671428571427,8.231385714285715,10.514114285714285,13.092885714285714,14.270014285714284,16.9776,18.414414285714287,19.373114285714284,20.111385714285714,17.495157142857142,16.1467,14.949714285714284,14.039371428571428,15.069085714285716,14.518385714285714,14.33302857142857,15.1086,15.850157142857142,15.410042857142857,15.954099999999999,14.984585714285712,18.359957142857144,17.941014285714285,17.7395,16.07962857142857,16.293642857142856,15.693457142857142,15.560871428571428,13.415385714285714,12.981442857142856,13.849957142857141,14.896157142857144,14.576285714285715,14.376657142857143,13.64437142857143,13.275014285714288,14.13287142857143,13.352557142857142,14.940442857142857,14.290157142857142,13.589257142857141,13.892714285714286,14.899914285714285,14.558999999999997,16.65137142857143,13.856857142857143,14.68277142857143,14.54227142857143,15.078342857142859,14.111885714285714,14.933942857142856,11.81582857142857,13.575842857142858,15.958357142857142,16.461742857142855,16.402485714285714,16.9489,15.685114285714281,16.56815714285714,16.791900000000002,14.180257142857144,13.530371428571428,12.990471428571428,11.639842857142856,12.221785714285716,12.5178,11.652314285714287,11.052057142857143,10.812785714285715,10.58772857142857,11.517085714285715,11.596328571428572,10.986085714285712,10.358099999999999,10.065471428571428,10.801757142857143,10.664257142857142,9.975814285714284,9.562971428571428,9.546614285714286,8.797928571428573,8.958142857142857,9.201814285714287,9.544628571428571,9.543857142857144,9.66757142857143,10.401628571428573,11.1439,11.465614285714285,10.927514285714286,10.585685714285713,10.4358,10.720857142857142,10.615142857142857,11.157857142857143,11.457185714285714,11.4623,12.005700000000003,12.370028571428573,12.386800000000003,11.882900000000003,10.900428571428572,11.517399999999999,12.78242857142857,12.803185714285712,12.417657142857141,12.803957142857142,12.4658,12.629871428571429,12.695042857142855,11.5094,11.68507142857143,11.951157142857143,11.064085714285715,12.347385714285718,12.765799999999999,12.092014285714283,12.612571428571428,12.445742857142859,12.008500000000002,11.47877142857143,10.386985714285714,9.4368,9.30697142857143,8.691285714285716,8.814842857142859,8.982014285714286,9.266757142857143,9.470414285714286,10.089185714285716,9.61777142857143,10.175385714285714,9.754971428571428,11.058800000000002,12.203042857142858,12.62394285714286,12.279914285714286,12.59137142857143,12.388371428571428,12.097828571428574,10.791414285714286,9.35527142857143,8.578385714285714,8.184114285714287,8.211642857142857,7.479971428571427,7.588642857142858,8.047757142857142,8.21812857142857,8.227442857142858,8.464857142857143,7.873042857142856,7.5058,7.278999999999999,7.194985714285715,7.1006,7.557657142857143,7.669242857142857,8.320557142857144,9.2003,9.388857142857145,9.145485714285714,9.420614285714283,9.047014285714285,8.663085714285716,8.015514285714286,7.016900000000001,6.701842857142857,6.3533857142857135,6.037185714285714,5.5797,6.371628571428571,7.157128571428571,7.0647714285714285,7.4251571428571435,7.634114285714285,7.943485714285714,8.457071428571428,8.507414285714287,8.623485714285714,9.51782857142857,10.3275,10.476128571428571,10.463571428571427,10.489299999999998,9.811514285714287,9.003257142857143,8.573385714285715,7.863628571428571,7.047842857142856,6.509228571428571,5.913642857142858,5.768800000000001,5.998371428571429,5.953242857142857,7.1724428571428565,9.310028571428571,10.127471428571429,10.845614285714285,11.640728571428571,11.257785714285715,11.006385714285715,9.446314285714285,7.755871428571427,7.198971428571428,6.945914285714287,6.607785714285714,6.540628571428571,6.8144857142857145,7.056785714285715,7.936271428571429,9.453357142857142,9.349157142857143,10.689085714285714,12.168714285714286,14.215014285714286,14.214985714285714,14.759571428571425,13.338214285714285,13.4376,12.683728571428572,13.784614285714285,13.611499999999998,14.6183,13.000028571428572,12.963671428571429,12.608142857142857,12.47332857142857,10.341514285714286,8.899114285714287,8.282371428571427,9.521571428571429,10.337399999999999,11.262142857142857,11.373271428571428,11.635842857142856,12.2821,12.898371428571428,12.951871428571426,13.361171428571428,13.520157142857142,13.458157142857145,14.202842857142855,13.477814285714286,12.779857142857143,12.820328571428572,11.825342857142857,11.97717142857143,11.515985714285716,11.829128571428571,12.488914285714287,13.19277142857143,13.036200000000003,13.491142857142856,13.499328571428572,14.256757142857143,14.080942857142857,15.598614285714286,14.689157142857143,14.664014285714286,14.8824,15.203442857142857,14.876199999999999,15.040142857142856,13.876985714285713,15.084385714285714,14.497942857142856,14.826499999999998,14.374057142857142,13.909957142857142,14.5149,13.48207142857143,13.285442857142858,14.828414285714286,14.363357142857144,14.046928571428571,13.647457142857144,11.6584,11.1336,9.470528571428572,7.6476000000000015,6.989771428571428,7.084942857142857,7.136214285714284
50,5.9607,5.9607,6.20415,8.000166666666667,8.182300000000001,7.6484200000000016,8.448216666666669,8.22707142857143,9.677757142857143,10.157685714285716,9.928857142857142,10.5016,11.962414285714287,12.567885714285717,13.094414285714288,20.12625714285714,22.43822857142857,23.274671428571427,24.031499999999998,24.411899999999996,23.66838571428571,24.18412857142857,17.6067,15.540342857142857,14.353871428571427,12.668071428571428,11.111714285714287,10.348614285714287,9.746157142857143,7.503371428571428,6.5266,6.444857142857144,7.2091,7.042128571428571,7.308042857142857,6.788257142857143,7.3964428571428575,7.677414285714286,8.2167,8.1548,8.805628571428572,8.805628571428572,8.6777,8.203314285714285,9.136185714285714,8.454342857142858,7.425314285714287,6.183457142857143,6.330285714285714,6.628728571428572,6.545128571428571,5.5017000000000005,5.245171428571429,5.247042857142857,5.806642857142856,5.745971428571429,5.345371428571427,5.6212285714285715,6.4659571428571425,7.7845,9.018242857142857,9.290128571428571,10.112871428571427,11.945442857142856,11.782842857142857,10.528757142857144,9.303928571428571,8.64712857142857,9.18532857142857,9.31377142857143,7.630428571428572,7.446028571428571,7.9366,8.389328571428571,8.6489,8.537242857142857,7.103114285714287,6.842071428571429,7.475557142857143,6.847685714285715,6.057142857142857,4.946685714285714,4.5187,6.678042857142858,8.327128571428572,10.15467142857143,11.561471428571428,12.225485714285714,13.647142857142857,14.755557142857143,13.533100000000001,13.025028571428573,12.570142857142859,12.932142857142859,13.805271428571428,13.004585714285716,12.467085714285714,12.232600000000001,12.473600000000001,11.123457142857143,10.604242857142859,10.311485714285713,11.230928571428572,10.715985714285713,10.517128571428572,9.471599999999999,10.471042857142859,10.630628571428572,10.534257142857143,10.688257142857143,10.631685714285714,10.885685714285712,10.924157142857142,10.92372857142857,10.646242857142855,10.222599999999998,10.072414285714286,10.762342857142857,11.152142857142858,12.599242857142857,11.203085714285715,11.299542857142855,11.491299999999999,11.3399,10.554714285714285,11.47147142857143,10.346257142857143,11.743714285714287,11.787600000000001,11.770214285714287,11.1576,11.416957142857143,9.096185714285713,9.958285714285713,10.247957142857143,9.595385714285714,9.180814285714286,9.76677142857143,9.55627142857143,10.102014285714287,10.70397142857143,9.410342857142856,9.642485714285714,9.721957142857145,9.788042857142857,10.139357142857142,10.729600000000001,9.5839,9.253442857142856,9.1174,8.970885714285714,8.427771428571429,8.222414285714285,7.300528571428572,7.328728571428572,7.120599999999999,7.355385714285715,7.126114285714286,7.089,7.0901571428571435,7.530585714285714,6.532957142857143,6.540928571428572,6.516814285714285,7.487857142857142,7.591385714285714,7.65902857142857,7.974814285714285,9.174371428571428,10.43277142857143,10.977742857142857,10.268457142857143,10.011157142857144,10.221028571428572,9.803657142857144,9.060028571428571,8.53552857142857,7.6565,8.030442857142857,8.313085714285714,8.334285714285715,8.345742857142858,8.169542857142858,8.955914285714286,10.506414285714285,10.47487142857143,10.145871428571429,9.697228571428571,9.58072857142857,9.682371428571429,9.112214285714286,7.608242857142858,7.5459000000000005,7.452128571428572,7.3066,7.620614285714285,8.373828571428572,8.121585714285715,8.62122857142857,8.793185714285714,8.72462857142857,8.407514285714287,7.8506714285714265,6.736542857142857,6.4285571428571435,5.880571428571429,5.3887,5.517471428571429,6.0945285714285715,7.029385714285715,8.073271428571429,8.599657142857144,9.069728571428572,9.683642857142857,10.109257142857144,10.340228571428572,9.48307142857143,8.524285714285714,7.869557142857142,7.6991,7.274099999999999,6.877857142857143,6.0757142857142865,6.128357142857145,5.8545428571428575,5.910985714285714,5.925657142857142,5.496628571428571,5.6515,5.7273571428571435,5.640528571428571,5.684728571428571,5.229685714285714,5.102257142857143,5.8339428571428575,6.213328571428571,6.770857142857142,7.410371428571428,7.679314285714286,7.969928571428571,7.802914285714287,7.693328571428572,7.0780714285714295,6.402285714285713,5.6514,5.293342857142856,4.992871428571428,4.863428571428572,4.139257142857143,4.185557142857143,4.775242857142858,4.905057142857143,5.597128571428572,6.615085714285714,7.396757142857142,7.8951,8.045257142857144,8.077714285714288,8.065457142857145,8.213328571428573,8.072685714285715,8.118228571428572,8.831414285714287,8.607728571428572,8.491371428571428,8.891157142857143,9.168999999999999,8.365357142857142,7.472242857142858,6.750471428571428,6.569642857142857,6.247414285714285,5.644771428571429,4.671914285714286,5.2261999999999995,5.267214285714286,6.366985714285714,7.253,7.5316857142857145,8.468742857142857,9.071514285714285,8.8659,9.162514285714284,7.711985714285715,7.318142857142858,6.570257142857144,5.985542857142858,6.0712142857142855,5.667014285714286,5.5882000000000005,6.504371428571429,6.921857142857143,9.154357142857142,9.4048,10.718671428571428,13.166385714285713,14.362971428571427,14.032157142857143,14.372871428571429,12.434099999999999,12.412171428571428,11.272714285714287,10.880528571428572,10.959214285714285,12.376671428571427,11.021771428571428,11.893085714285714,12.174157142857142,12.231328571428573,10.295842857142857,9.33987142857143,8.28957142857143,9.691428571428572,9.903885714285716,9.829914285714285,9.762,10.309185714285714,11.587514285714287,12.420314285714285,12.623757142857142,13.087085714285712,13.497985714285713,13.255485714285713,13.630299999999997,12.58285714285714,11.926542857142858,11.617,11.162614285714286,11.002542857142856,11.364885714285716,12.215814285714286,13.0846,13.553185714285714,13.412971428571428,13.370314285714286,13.67837142857143,14.360985714285716,14.623871428571428,15.6654,15.120485714285715,15.417,15.51315714285714,15.43707142857143,14.981628571428573,15.911328571428571,14.176985714285715,14.456928571428572,14.6058,15.091214285714287,14.798114285714286,14.416914285714284,13.004299999999999,12.625871428571429,13.390685714285713,14.141071428571431,13.513142857142856,13.026542857142857,12.512542857142856,11.529942857142856,11.06007142857143,9.089757142857144,7.3528142857142855,6.894028571428572,6.991928571428573,6.9257
51,6.6801,6.6801,5.9088,7.269366666666667,7.017825000000001,6.526820000000001,7.035866666666667,6.842885714285715,7.907000000000001,8.709214285714285,8.755771428571428,9.2715,10.694157142857142,11.012357142857141,12.09242857142857,17.89387142857143,18.35167142857143,18.507900000000003,19.092314285714284,19.19034285714286,19.07785714285714,19.101642857142856,14.04704285714286,13.686000000000002,12.9301,11.644171428571429,10.33087142857143,9.684714285714284,9.190014285714284,6.8060142857142845,6.033628571428571,5.791028571428571,6.740357142857142,6.797942857142857,6.262628571428571,5.545228571428572,6.308628571428572,6.058185714285714,7.053514285714286,6.594771428571428,7.421514285714285,8.231814285714284,8.231757142857143,7.725128571428572,8.435728571428573,7.464185714285715,6.666714285714287,5.486071428571428,5.5969,5.907228571428571,6.027499999999999,5.2068714285714295,4.980442857142857,5.015014285714286,5.16512857142857,5.0789857142857135,4.518942857142856,4.359571428571429,5.453771428571429,7.4443,9.792714285714286,10.2706,10.465742857142859,12.711571428571428,13.273214285714285,11.984914285714284,10.040814285714285,8.539542857142857,8.999971428571428,9.204614285714285,7.907571428571429,8.916757142857142,9.24232857142857,10.633414285714284,11.3912,11.928157142857142,11.176599999999999,10.606142857142858,9.53542857142857,9.197585714285713,7.896014285714286,6.147885714285715,5.104328571428572,7.799571428571428,10.655214285714285,13.490728571428571,14.720228571428573,14.766857142857143,15.625271428571429,16.67747142857143,14.697757142857142,12.623371428571428,10.0261,10.533328571428571,11.304757142857142,11.2982,10.328985714285713,10.0831,10.206,9.970114285714287,9.066514285714286,9.580471428571428,9.655514285714286,9.870128571428571,10.11582857142857,9.524528571428572,10.282428571428571,10.369514285714287,9.948914285714286,10.454257142857143,10.157242857142858,10.194271428571428,9.769357142857144,9.595857142857144,9.468,9.41152857142857,9.14322857142857,9.601885714285714,9.858328571428572,10.6562,10.403685714285714,10.569414285714286,10.363628571428569,9.829728571428573,9.318185714285715,9.470671428571427,9.052171428571429,9.89832857142857,10.323514285714285,9.995971428571428,9.828014285714286,9.713414285714284,8.26442857142857,8.322128571428571,7.354871428571428,6.314271428571429,6.420128571428571,6.6824,6.987957142857143,7.603114285714286,8.996628571428571,9.668928571428571,10.139585714285714,9.735814285714286,9.9742,9.700642857142858,9.842257142857145,8.279642857142857,6.6979,6.407357142857143,6.407357142857144,5.8447571428571425,5.945957142857142,5.710771428571428,6.256242857142857,6.669257142857142,6.299042857142857,6.458228571428571,6.706057142857143,6.485557142857142,6.382842857142857,5.2036999999999995,4.9347,5.0952,5.3881571428571435,5.200385714285715,5.269157142857144,5.867271428571429,7.3083857142857145,8.459871428571429,9.741714285714286,9.015485714285715,8.895485714285714,9.080385714285715,8.072057142857142,6.883300000000001,6.504171428571429,5.3927,6.32457142857143,6.838671428571429,6.752442857142857,7.055757142857144,7.466742857142857,7.879942857142857,8.592328571428572,8.279585714285714,8.0492,7.938842857142857,7.8115428571428565,7.4913,6.754814285714285,5.560714285714284,5.145671428571428,4.645671428571428,4.630814285714286,5.187828571428573,5.704271428571429,5.9187,6.2875571428571435,6.476257142857143,6.3703142857142865,5.7603,5.0144142857142855,4.155857142857143,3.467842857142857,3.3603285714285716,3.136057142857143,3.5494,3.9666428571428574,5.4020714285714275,7.017457142857142,7.829742857142857,8.385485714285714,8.752628571428572,8.858857142857143,8.845057142857142,7.285685714285715,5.7175142857142855,5.151028571428571,4.561242857142857,4.318585714285715,4.798242857142857,4.557542857142857,4.7607,5.359499999999999,5.156714285714286,5.818542857142857,5.818542857142858,5.062671428571429,4.965714285714286,4.618657142857143,4.169657142857143,4.042342857142857,3.7697142857142856,4.4011,5.44682857142857,6.554542857142857,7.779528571428572,8.299985714285715,8.476228571428573,8.046785714285715,7.736914285714286,6.681971428571429,5.738428571428571,4.749685714285714,4.237785714285715,4.162428571428571,4.816342857142857,4.794814285714286,4.852971428571428,5.533185714285715,6.125099999999999,6.708457142857142,7.785685714285713,7.8519999999999985,8.087399999999999,9.109114285714286,9.020814285714286,9.020814285714284,9.019,8.605628571428571,8.804628571428571,9.277885714285715,8.266057142857143,8.266085714285714,8.266085714285712,8.266085714285714,7.358414285714285,6.415871428571428,5.414471428571429,5.362114285714285,5.016100000000001,4.432742857142856,3.7228285714285714,4.348542857142857,4.539457142857143,5.134971428571428,5.7183142857142855,5.820042857142857,6.376657142857143,6.874242857142858,6.652971428571428,7.042542857142857,6.596871428571428,5.962785714285715,5.747400000000001,5.420171428571429,5.634285714285714,5.467700000000001,5.325385714285715,5.920728571428572,6.595028571428571,9.197585714285713,9.551528571428573,9.654914285714286,10.824214285714286,11.5391,11.323842857142855,11.321057142857143,8.33797142857143,8.026742857142859,7.923357142857144,8.1617,8.031314285714286,8.972900000000001,8.351385714285714,9.71042857142857,10.028485714285713,10.536971428571428,9.1814,8.986557142857142,8.604600000000001,9.655328571428571,9.459914285714285,9.6046,8.551785714285714,8.986971428571428,10.113471428571428,9.825199999999999,10.36537142857143,11.059771428571427,11.061085714285714,11.603685714285715,12.386828571428572,11.388,11.5561,10.718657142857143,10.158914285714285,10.445542857142856,10.718885714285713,11.18085714285714,11.920814285714286,12.65652857142857,12.76022857142857,12.532157142857143,12.736514285714284,13.561271428571429,13.581657142857141,14.084557142857145,13.253985714285715,13.572485714285715,13.8293,13.554528571428571,13.129700000000001,13.57807142857143,12.447500000000002,12.473714285714285,12.622842857142858,12.902600000000001,12.55917142857143,12.121185714285716,11.760757142857143,12.515985714285714,12.83692857142857,13.172957142857141,12.517871428571429,12.83132857142857,12.595971428571428,11.492842857142858,9.8956,8.954242857142857,7.5498714285714295,7.260628571428571,6.829828571428571,6.722700000000001
52,8.8198,8.8198,7.26315,8.2957,7.59785,6.7286600000000005,6.908350000000001,6.593928571428572,6.977471428571428,8.301285714285713,8.1737,8.591199999999999,9.328142857142856,9.2355,9.9577,16.95265714285714,18.80128571428571,18.85907142857143,19.053942857142857,20.03312857142857,20.557442857142856,21.299914285714287,14.491171428571429,12.147028571428569,11.4117,10.619242857142856,9.01545714285714,8.293871428571428,8.024742857142856,6.622842857142857,5.808285714285715,5.674385714285714,6.720814285714285,6.927671428571429,6.469857142857143,5.639742857142856,6.542671428571429,6.143557142857142,7.022942857142857,6.800457142857143,7.402228571428572,8.301614285714287,7.9566428571428585,7.338114285714286,7.6957,6.890571428571429,6.248271428571429,5.8792285714285715,5.760128571428572,6.212114285714286,5.926571428571429,5.432514285714286,5.225842857142857,4.8364142857142856,4.1141,4.4134714285714285,3.5961428571428575,3.8713,4.720785714285715,6.390814285714286,8.169057142857143,9.4886,9.1842,10.858114285714285,11.888042857142855,11.038614285714285,9.32872857142857,9.010071428571427,9.015,9.068557142857143,7.924185714285715,7.872642857142857,8.120114285714285,9.35252857142857,9.233457142857143,9.286285714285714,8.740057142857143,8.979385714285716,9.250242857142856,9.003014285714286,7.781142857142858,6.351657142857144,5.824214285714286,6.332428571428572,7.426042857142856,8.249514285714286,8.969742857142858,8.881885714285714,10.173628571428571,10.562228571428571,10.547928571428573,10.023328571428573,11.20507142857143,12.651842857142857,13.503199999999998,13.281071428571428,13.3465,13.514300000000002,13.374957142857141,10.5626,8.66002857142857,9.725357142857144,9.102728571428571,8.654428571428571,8.8677,8.551185714285714,8.562114285714285,9.158985714285715,9.0985,9.924671428571429,9.918828571428572,9.566185714285712,9.499414285714286,9.5408,9.100114285714286,8.096357142857142,7.863585714285715,8.40517142857143,9.587385714285716,9.41697142857143,9.430185714285715,10.414914285714286,10.451114285714285,9.67807142857143,9.111742857142858,8.556828571428571,8.571714285714286,9.308814285714286,8.866985714285713,8.375142857142858,8.403828571428571,7.8161,6.621857142857142,6.703,5.607957142857144,5.2477285714285715,5.129071428571429,5.124785714285714,6.875071428571428,8.914728571428572,10.397142857142857,11.532942857142856,11.648728571428572,12.223557142857144,12.95104285714286,11.4759,11.190414285714285,9.25622857142857,7.562185714285714,7.016028571428572,7.483600000000001,6.708928571428572,6.563885714285716,4.766157142857142,5.683442857142857,6.291557142857143,6.119800000000001,5.275385714285714,5.449,6.0159,6.060785714285714,4.819814285714286,4.3468285714285715,4.352314285714285,4.111785714285714,4.158428571428571,3.9016714285714285,5.031985714285715,7.104385714285714,8.479742857142856,9.835042857142856,9.635099999999998,9.258114285714287,9.246328571428572,8.0842,6.6132857142857135,6.0740428571428575,4.970728571428572,5.836157142857144,6.206471428571429,6.300357142857143,6.303914285714286,6.211942857142857,6.092671428571429,6.420128571428571,6.156242857142857,6.112114285714286,5.641285714285715,5.611428571428571,5.1371714285714285,4.560957142857142,3.9049571428571426,3.4606857142857135,3.302385714285714,3.568885714285714,4.454285714285715,5.431400000000001,5.937985714285715,6.172957142857144,6.2129,6.018842857142857,5.752342857142857,4.7177999999999995,3.7070000000000003,2.9259571428571434,2.762114285714286,2.7258714285714283,2.982557142857143,3.5448285714285714,4.748142857142858,6.085414285714286,7.150728571428572,8.00107142857143,8.311842857142858,8.309857142857144,7.5933714285714276,6.383471428571427,5.301814285714285,4.648285714285715,3.910342857142857,3.8544142857142853,4.371414285714286,4.642042857142857,4.789585714285714,5.382228571428572,5.441342857142857,5.945214285714286,5.967728571428572,5.214457142857142,4.908085714285714,5.632457142857143,5.039814285714286,4.824528571428571,4.942642857142857,5.321471428571428,6.3691571428571425,6.619571428571429,6.60157142857143,6.816857142857144,6.691357142857144,5.9765,5.455685714285714,4.371942857142857,4.022028571428572,3.3030142857142857,3.0963285714285713,3.2418857142857145,4.071442857142857,3.954814285714286,4.139957142857143,4.643299999999999,5.259357142857143,5.844514285714285,7.158528571428571,7.158528571428572,8.251242857142858,9.237085714285714,9.5842,9.584228571428572,9.584242857142856,8.843942857142858,9.299557142857143,9.299557142857143,8.658428571428571,8.5723,8.8133,8.8729,8.0238,6.719357142857143,5.515728571428573,5.6411999999999995,5.387099999999999,4.721185714285714,3.8094,4.471,5.1913,6.802071428571429,6.938014285714286,7.222842857142858,7.563485714285714,8.054885714285716,7.881600000000001,8.021928571428573,6.798385714285716,6.436785714285716,6.072828571428573,6.099985714285715,6.4616,6.235957142857143,5.514171428571429,5.875771428571428,6.592614285714285,8.62962857142857,8.687542857142857,9.164314285714285,9.869257142857142,10.513771428571427,10.513771428571427,10.158542857142859,7.691657142857144,6.994571428571428,6.9936428571428575,7.131428571428572,7.300414285714287,8.647471428571428,8.070228571428572,9.361328571428572,10.056442857142857,9.973728571428571,9.463614285714284,9.192099999999998,7.978871428571428,9.058714285714286,8.729114285714285,8.602485714285715,7.703685714285714,7.519442857142858,9.026728571428572,8.8926,9.130457142857143,10.163742857142859,10.735257142857142,11.239014285714287,12.353142857142856,11.406385714285713,11.998785714285715,11.077728571428569,9.725614285714286,9.725614285714284,9.727214285714284,10.106642857142857,11.258857142857142,11.800514285714286,12.275557142857142,12.9035,13.21942857142857,14.04787142857143,13.645614285714286,13.403257142857143,13.01117142857143,13.02657142857143,13.701885714285718,13.706642857142857,12.924499999999998,14.221614285714285,13.185585714285711,13.049342857142856,14.174614285714286,14.402385714285712,13.708614285714287,13.763142857142856,12.5693,12.73202857142857,12.535485714285713,11.685157142857145,10.038499999999999,10.701500000000001,11.091157142857144,10.293657142857143,9.424171428571428,9.061285714285715,8.5658,8.657571428571428,8.187928571428571,7.338
53,5.7135,5.7135,5.69625,5.878433333333334,5.500425,5.31284,5.60265,5.558228571428571,6.371985714285714,8.267214285714285,8.68842857142857,8.848042857142856,9.3355,10.127414285714284,13.414257142857142,24.546085714285713,28.907714285714288,29.0205,29.56828571428571,29.447414285714284,28.94022857142857,26.731899999999996,15.600071428571429,9.536157142857144,8.581528571428573,7.609928571428573,6.985242857142858,6.2290857142857154,5.455128571428572,4.2397,3.6906857142857143,3.5162,4.786600000000001,4.938114285714286,5.560785714285714,5.5121714285714285,6.006885714285715,6.090357142857144,7.115714285714286,8.721657142857142,12.411857142857142,12.396014285714285,11.987214285714286,11.679857142857143,12.043242857142857,11.324271428571427,9.231142857142858,5.991214285714285,5.860328571428573,6.705814285714284,6.6348,6.0259285714285715,5.738771428571428,4.990314285714286,4.7512,4.828742857142857,3.6714857142857147,3.7155285714285715,4.6053,5.898714285714285,7.606657142857142,8.45152857142857,8.504942857142856,10.286128571428572,10.595185714285714,9.70422857142857,8.388342857142858,7.223,7.101571428571428,6.892314285714286,7.265642857142857,7.787885714285714,8.608028571428571,10.2808,9.83112857142857,9.424728571428572,9.104485714285714,7.598885714285715,8.290857142857144,7.490714285714286,6.595185714285714,6.856828571428571,7.897671428571429,8.442642857142857,8.755742857142858,8.850442857142857,9.372514285714287,9.177171428571429,9.6376,10.1806,11.001271428571428,13.818628571428572,12.77067142857143,14.231557142857145,14.084614285714286,14.446528571428573,13.126857142857144,12.772614285714287,9.8469,9.913185714285715,8.320514285714285,9.95422857142857,9.092114285714285,9.219957142857142,9.21952857142857,9.445371428571429,9.571714285714284,10.338257142857142,9.512157142857143,9.947999999999999,9.625485714285714,9.031357142857143,9.5976,9.404957142857143,8.988928571428572,9.476371428571428,9.47632857142857,9.548357142857144,10.666371428571427,9.679342857142856,10.042285714285715,10.323071428571428,9.44442857142857,8.8688,8.798757142857143,7.850914285714286,9.050142857142857,10.376542857142855,12.102928571428569,12.557785714285716,13.004328571428571,12.368200000000002,11.9528,10.77447142857143,8.569657142857142,6.525514285714285,5.662528571428571,5.125457142857143,6.979057142857144,8.8393,10.898542857142857,11.413928571428572,12.470228571428569,12.878357142857144,13.544428571428572,12.32691428571429,11.9369,9.447428571428572,8.615357142857142,6.980785714285715,6.980785714285714,6.803557142857143,6.188657142857143,5.708828571428571,6.313271428571428,7.623442857142857,7.805371428571428,9.127471428571429,8.9944,10.175057142857142,9.477500000000001,8.7316,7.6793571428571425,7.483242857142857,6.239228571428571,6.039928571428571,5.588028571428571,6.385914285714285,8.0566,9.551485714285715,10.558628571428573,9.743342857142855,9.770371428571428,9.298071428571427,8.393771428571428,7.145414285714286,6.224714285714286,5.701828571428572,6.432442857142858,6.993099999999999,7.169771428571429,7.2108,7.259957142857144,7.146685714285715,6.595785714285715,6.378785714285714,5.787542857142857,5.235842857142856,4.938371428571429,4.396285714285715,3.8817142857142852,3.8188714285714283,3.483014285714286,3.410357142857143,4.495842857142857,5.598385714285714,6.2635,7.471285714285714,7.4938142857142855,7.248942857142858,7.110214285714286,6.094285714285713,4.710485714285714,4.043314285714286,2.6837142857142853,2.661042857142857,2.6586,3.383728571428572,4.850442857142857,6.320900000000001,7.459128571428571,8.227514285714285,9.212171428571427,10.490057142857141,9.8221,8.282814285714286,6.9503571428571425,6.267871428571428,6.038557142857143,5.168757142857143,4.697685714285714,5.421371428571428,5.649799999999999,5.889557142857143,6.249985714285715,6.25852857142857,6.992685714285714,6.990557142857143,6.3568,6.668142857142857,6.958557142857143,6.477842857142856,6.136699999999999,6.1388428571428575,6.750857142857143,7.943128571428572,8.61867142857143,8.692314285714286,8.601957142857142,8.504971428571428,7.769871428571427,7.7800571428571415,6.742914285714285,5.518771428571428,4.702114285714286,4.746828571428572,4.637657142857143,5.799214285714285,4.559857142857143,4.850314285714285,5.193757142857144,5.9796571428571434,7.849400000000001,9.1037,9.15217142857143,10.2464,10.853257142857142,11.255042857142858,12.535471428571428,11.669157142857143,11.538257142857143,11.3172,10.842114285714286,9.868971428571427,9.868971428571427,8.651442857142857,8.0838,7.211857142857143,6.295285714285716,5.635471428571429,6.1310714285714285,5.768385714285714,5.325285714285714,4.598685714285715,4.981242857142858,5.4257285714285715,6.966571428571429,7.308028571428571,7.4990428571428565,7.771185714285714,8.1135,8.039014285714286,8.255157142857142,6.9584142857142846,6.620228571428571,6.4293571428571425,6.719785714285714,7.126171428571429,6.862028571428572,6.740942857142857,6.915599999999999,6.9155999999999995,7.703557142857142,7.563471428571428,8.228557142857143,9.166157142857143,8.7395,8.981371428571428,9.660571428571428,9.233242857142857,9.868357142857144,9.769685714285714,10.800342857142855,11.674428571428573,11.947314285714285,11.265385714285713,11.267171428571428,10.591071428571428,9.75632857142857,8.271442857142857,7.717271428571428,7.681457142857142,8.111199999999998,8.076614285714285,7.616985714285714,7.361414285714285,6.9696428571428575,8.271157142857144,7.9279,8.033785714285715,9.074414285714285,12.76037142857143,13.032828571428572,13.976357142857143,13.542842857142858,14.089285714285714,12.913185714285714,11.606214285714286,8.819657142857142,9.582628571428572,9.66122857142857,10.032814285714284,10.734614285714287,11.139942857142856,11.756528571428571,11.403628571428571,11.665414285714288,11.038071428571428,11.381528571428571,12.160114285714286,12.965257142857142,13.182657142857144,14.03647142857143,13.447357142857143,14.149614285714287,13.89257142857143,12.780942857142858,12.488771428571429,12.915771428571428,11.971928571428569,11.692285714285713,11.019385714285715,10.041471428571429,9.491785714285713,9.508957142857142,8.54717142857143,8.439457142857142,8.344128571428572,7.95447142857143,7.297357142857144,6.938157142857142,6.2122714285714284,5.667485714285715,5.340642857142856,4.8690428571428575
54,7.4129,7.4129,5.0074499999999995,6.655033333333333,5.964425,6.37152,6.4571000000000005,6.231714285714285,7.949700000000001,9.228485714285714,8.831571428571428,9.300028571428571,11.582099999999999,11.078757142857143,18.027442857142855,31.764485714285716,35.47357142857143,38.19454285714286,38.19454285714286,35.79417142857143,37.114357142857145,31.56907142857143,17.84492857142857,13.12945714285714,9.826371428571429,9.199085714285715,8.865428571428572,8.062042857142858,6.555085714285714,4.136028571428572,4.099271428571429,3.953542857142857,5.173,5.176042857142858,7.760514285714286,8.741114285714286,9.378728571428573,9.391414285714287,10.711428571428572,10.853342857142858,11.302271428571428,8.839257142857143,8.3402,7.8735,7.725071428571428,7.079314285714285,6.177828571428572,5.9935857142857145,6.0944714285714285,5.841,6.085842857142857,6.380471428571428,5.702157142857142,6.301157142857142,6.4872000000000005,5.589628571428571,5.059385714285715,5.0505,5.933014285714286,8.606142857142858,9.478957142857142,9.477157142857143,10.298214285714286,12.713485714285715,13.554114285714286,12.198828571428573,9.71804285714286,8.309014285714287,8.310857142857143,8.003457142857142,7.822242857142856,7.401642857142858,8.2494,9.6335,9.570714285714287,9.388714285714286,8.964385714285713,7.638414285714284,9.378442857142858,8.5395,7.702471428571429,7.606699999999999,8.754357142857144,9.486057142857144,9.430414285714287,8.688985714285716,9.250328571428572,8.75827142857143,9.305514285714285,11.272314285714286,11.724271428571429,14.38172857142857,13.329328571428572,14.064128571428572,14.25054285714286,14.345042857142857,11.866314285714285,11.875371428571428,9.216985714285714,9.217028571428571,8.05107142857143,8.923085714285714,7.860828571428572,7.413228571428571,6.960214285714286,6.961314285714285,6.989842857142856,7.992914285714285,7.53842857142857,8.341514285714284,8.333528571428571,7.984999999999999,8.238714285714286,8.210142857142857,7.918514285714287,7.966714285714285,7.9833,8.249714285714287,9.472142857142858,8.74552857142857,9.096157142857143,9.096642857142857,10.102628571428571,9.235328571428571,9.433328571428572,8.340257142857142,9.818485714285714,11.629214285714285,13.971771428571428,12.785799999999998,13.538628571428571,12.301,12.490957142857143,10.894885714285712,8.064457142857144,5.721885714285714,5.373185714285714,4.643871428571428,6.249085714285714,7.486885714285713,9.206928571428572,11.21417142857143,12.054128571428572,12.535057142857143,13.403742857142857,12.573285714285714,12.302357142857144,10.341442857142857,8.152828571428572,6.524957142857143,6.524957142857143,6.086428571428571,5.362757142857143,4.875457142857143,5.707157142857143,7.008971428571429,7.246285714285714,6.406671428571429,6.351857142857143,7.091928571428572,6.406914285714286,5.627471428571428,4.5649428571428565,4.479157142857143,5.531828571428571,5.847242857142858,5.880814285714286,6.3014857142857155,7.842014285714286,9.460228571428571,10.093842857142858,9.03704285714286,8.952242857142858,8.338671428571429,8.031385714285715,6.951014285714286,6.377814285714286,6.158314285714285,6.619171428571429,6.607957142857144,6.747942857142857,6.251142857142858,6.740142857142857,6.253285714285715,5.626257142857142,6.0553857142857135,5.6528285714285715,5.225557142857142,5.310428571428571,4.290185714285714,3.443971428571429,3.4425285714285714,2.5970857142857144,2.552371428571429,3.403485714285714,4.186942857142857,4.794557142857143,5.617071428571428,5.617200000000001,5.5668999999999995,5.396485714285715,4.693942857142858,3.673428571428572,3.065614285714286,2.2913714285714284,2.290957142857143,2.3177,2.981057142857143,4.195214285714286,5.134,5.985314285714286,6.663442857142857,7.337928571428572,8.570085714285714,8.012614285714287,6.6836142857142855,5.974985714285714,5.603357142857143,5.405242857142857,4.730499999999999,3.7876,4.532428571428571,4.802014285714286,4.9365428571428565,5.158714285714285,5.283985714285714,6.193585714285715,6.480957142857143,5.7474428571428575,5.906028571428571,5.868414285714286,5.628657142857143,5.477542857142857,5.390571428571429,6.553128571428571,8.121599999999999,8.893857142857142,9.33072857142857,9.132885714285715,8.809614285714288,7.987257142857144,7.070957142857145,5.649042857142857,4.4564142857142865,3.6208571428571426,3.6106000000000003,3.499971428571428,4.698942857142858,4.565242857142858,4.790014285714286,5.058985714285714,5.8942428571428565,6.519728571428572,7.802142857142857,8.11207142857143,8.707142857142857,9.5307,10.384142857142859,11.509599999999997,11.48102857142857,11.540499999999998,10.882442857142857,10.42077142857143,9.418885714285713,9.105671428571428,7.978814285714285,7.977414285714284,6.726357142857141,5.947671428571428,5.526400000000001,6.5282857142857145,5.931357142857143,5.335842857142857,4.6191571428571425,4.9258999999999995,5.703157142857143,6.401242857142857,6.672642857142857,7.137914285714286,7.734885714285715,7.823628571428572,8.2556,8.290214285714287,7.880485714285713,7.147471428571429,7.146199999999999,7.177071428571428,7.6735,6.823628571428571,6.657542857142857,6.790514285714287,6.790514285714286,6.923485714285715,6.892614285714287,7.141614285714286,8.272628571428571,7.732942857142858,7.599971428571428,8.201942857142859,8.001414285714286,8.427000000000001,9.021614285714286,9.266385714285715,10.05242857142857,10.242757142857142,9.380914285714285,10.2089,9.783000000000001,8.800214285714286,8.276142857142856,7.919214285714285,7.860428571428571,8.268957142857143,7.640071428571427,6.930242857142856,7.1157571428571424,6.532785714285715,7.779428571428572,7.686057142857144,8.544528571428572,9.552357142857144,10.70727142857143,10.7994,11.92072857142857,12.269685714285714,14.466642857142858,13.057214285714286,12.049385714285716,12.613457142857143,13.6168,13.264442857142857,12.9227,11.832671428571429,12.249457142857143,12.309171428571428,11.670114285714286,10.6909,11.59882857142857,11.416714285714287,10.849671428571428,11.890685714285713,13.487057142857143,14.076828571428573,14.547242857142859,14.247814285714284,13.418142857142856,13.757842857142858,13.692328571428572,12.768857142857144,12.121842857142855,11.768314285714284,11.424285714285714,11.426128571428572,10.641742857142857,9.783328571428571,9.1215,9.177071428571427,9.0291,8.052042857142856,7.660314285714285,7.698628571428571,7.255271428571429,6.7459,5.706485714285715,5.3363000000000005
55,6.4253,6.4253,4.83475,5.891000000000001,5.11655,5.4853000000000005,5.701333333333333,5.539328571428571,6.973814285714288,8.118942857142859,8.118500000000001,8.731128571428572,8.573371428571429,8.196314285714285,17.440242857142856,26.773785714285715,32.879671428571434,32.87968571428571,32.987471428571425,33.362671428571424,34.58418571428572,27.342714285714283,18.31725714285714,11.244042857142858,10.412257142857142,9.595157142857143,8.953457142857141,7.715857142857141,5.376514285714286,3.001757142857143,2.9114999999999998,2.8970714285714285,4.2059,3.9291857142857145,6.935042857142856,7.4382714285714275,7.895442857142856,7.949799999999999,8.7632,10.112428571428572,10.980085714285712,8.168514285714284,8.362171428571427,7.911957142857141,7.8611571428571425,7.473185714285714,5.067342857142857,4.762542857142857,5.135414285714285,4.892871428571429,5.155971428571428,5.155971428571428,4.751214285714285,4.585042857142857,4.200714285714286,3.3497142857142856,2.8711142857142855,3.458142857142857,5.8483857142857145,9.012285714285714,11.371985714285714,12.042928571428572,12.495942857142856,14.656785714285714,15.108771428571428,12.4683,9.291371428571427,7.686114285714285,7.687057142857142,7.634714285714284,5.8309,5.3789428571428575,5.736699999999999,8.015157142857143,8.67622857142857,8.496942857142857,8.111042857142857,8.981842857142857,10.461885714285716,10.153557142857142,8.463700000000001,7.456857142857143,8.032614285714287,8.874500000000001,8.49922857142857,8.236114285714285,8.801742857142857,8.29042857142857,8.80477142857143,10.365357142857144,10.367942857142856,12.299157142857142,12.362,13.002514285714284,13.291942857142859,13.251985714285714,11.317314285714286,11.78404285714286,9.891900000000001,8.614014285714285,7.6177142857142846,9.121071428571428,8.413228571428572,8.391742857142857,8.36877142857143,8.330528571428571,8.330499999999999,8.963785714285715,7.934028571428572,8.384985714285715,8.330328571428572,7.720871428571428,7.776542857142857,7.776528571428572,7.293928571428571,8.238728571428572,8.368842857142857,8.784257142857143,9.409585714285713,8.8985,8.9854,9.415728571428572,9.649071428571428,8.797857142857143,8.604499999999998,7.560528571428572,8.871242857142859,9.788942857142857,10.747428571428571,9.532399999999999,10.252957142857142,9.267457142857142,9.714771428571428,8.276057142857145,6.475371428571428,5.516885714285714,4.931442857142857,4.212357142857143,6.086628571428571,6.909385714285714,8.2788,9.917557142857143,10.386557142857143,11.008828571428571,11.982285714285712,10.75145714285714,11.820842857142859,10.212928571428572,8.546942857142858,7.697742857142856,7.697742857142856,7.1532,6.746157142857144,5.543685714285714,6.364971428571429,7.604985714285715,7.331428571428572,9.652457142857143,9.523542857142857,10.2946,9.702914285714288,8.853028571428572,7.886585714285715,8.051085714285714,6.1688,6.169,6.080557142857143,6.114342857142857,7.123657142857143,8.6797,9.032285714285715,7.742157142857143,8.072585714285713,7.846414285714286,7.726842857142858,7.788628571428572,7.661499999999999,7.396614285714286,7.761314285714286,7.914428571428571,7.5765,6.9415000000000004,6.7203857142857135,5.8407,5.392714285714286,5.830985714285715,5.297671428571428,4.909700000000001,5.106071428571428,4.2553857142857145,3.382228571428571,3.318357142857143,2.514357142857143,2.2609285714285714,3.1115857142857144,3.668157142857143,4.204628571428571,4.5359,4.599657142857143,4.6023571428571435,4.6021,4.003285714285714,3.1524,2.615728571428572,2.3064285714285715,2.303671428571429,2.320942857142857,3.0396428571428573,4.2477857142857145,5.558985714285714,6.505314285714285,6.972885714285714,7.553571428571428,8.513242857142858,7.892771428571429,6.4552571428571435,5.4535285714285715,4.974957142857143,4.975471428571429,4.395685714285714,4.134328571428571,5.349257142857143,5.609228571428572,5.793514285714286,5.931871428571428,6.031842857142857,6.895200000000001,6.548228571428571,5.2822000000000005,5.427328571428572,5.186157142857143,4.8326,4.968042857142857,4.9557714285714285,5.897085714285715,7.284442857142857,7.986657142857142,8.584971428571428,8.6412,8.26162857142857,7.429857142857143,6.835514285714285,5.523714285714286,4.3939142857142865,3.5719,3.5475571428571433,3.7798000000000003,5.0775,5.0791571428571425,5.2726428571428565,5.6605,6.4827142857142865,7.0493428571428565,7.810314285714285,7.810314285714286,8.6142,9.616471428571428,10.503100000000002,11.783885714285715,12.249628571428572,12.209814285714284,11.744071428571429,11.072414285714284,10.070442857142856,9.648257142857142,8.192385714285715,7.5944142857142865,6.419185714285715,5.57,5.437771428571429,6.104042857142858,5.353314285714286,4.9160571428571425,4.457014285714285,5.0746714285714285,6.056628571428571,6.3364714285714285,6.873614285714285,7.491257142857143,8.142342857142856,8.343285714285715,9.000757142857143,8.9143,8.635028571428572,7.9679142857142855,7.9679142857142855,8.208799999999998,8.5992,7.222828571428572,7.0448571428571425,7.176585714285714,7.0448571428571425,7.176585714285714,7.1964999999999995,7.1964999999999995,8.047128571428571,7.449685714285715,7.449700000000001,8.048957142857144,7.460171428571429,7.603828571428572,8.071357142857142,9.049742857142858,9.8764,9.876385714285714,9.319771428571428,10.385057142857141,9.941442857142858,9.206842857142858,8.335085714285713,7.8927000000000005,7.372242857142858,7.460828571428572,6.848599999999999,6.099514285714285,6.181828571428572,5.4689,6.784757142857143,7.169485714285714,8.176942857142858,9.3189,10.631114285714286,10.941814285714287,11.985985714285716,12.021642857142856,14.675799999999999,13.002971428571428,11.995099999999999,12.44112857142857,13.323857142857142,12.679957142857143,12.683514285714285,12.072785714285715,12.718399999999999,12.589899999999998,11.716757142857142,10.400257142857143,10.925371428571427,9.984685714285714,8.508542857142858,9.249557142857142,9.9292,10.717857142857142,11.304599999999999,11.423142857142855,11.426385714285715,11.45394285714286,11.719628571428574,11.528985714285714,10.604285714285712,10.332285714285716,9.89412857142857,9.820885714285714,9.361271428571428,8.373257142857144,8.013885714285715,8.069528571428572,8.061042857142857,7.349271428571428,6.651914285714286,6.15937142857143,5.745085714285714,5.0208714285714295,4.1285,4.1285
56,7.0519,7.0519,5.7012,6.002766666666666,5.002075,5.3003599999999995,5.750983333333333,5.6133,7.0940714285714295,8.100499999999998,8.314085714285714,9.0461,8.911842857142856,8.114257142857143,13.366128571428572,21.289557142857145,27.34881428571428,27.68515714285714,27.55662857142857,28.581971428571425,30.115057142857143,26.465014285714286,17.448671428571426,10.440557142857143,9.263557142857142,8.710757142857142,7.559785714285715,6.096514285714286,4.141942857142857,3.043914285714286,3.158228571428571,3.1273142857142857,4.648485714285714,4.3527000000000005,7.518528571428571,8.092857142857143,8.449057142857143,8.339685714285716,9.251900000000003,9.410785714285714,10.2045,7.154185714285715,7.261971428571428,6.901142857142856,6.914728571428573,6.7300571428571425,5.069914285714285,5.0470428571428565,5.8125285714285715,5.490742857142857,5.7561285714285715,5.616528571428572,4.895442857142856,5.586428571428571,5.586428571428571,4.581514285714285,4.589614285714286,5.174428571428571,6.5165,8.087242857142858,9.11672857142857,8.917414285714285,9.62352857142857,10.072414285714286,10.52432857142857,9.000857142857145,7.565328571428572,6.775285714285714,6.975671428571428,6.573142857142856,6.378671428571429,5.926771428571429,6.390842857142857,7.809457142857143,8.326600000000001,8.163142857142857,7.898771428571429,8.335614285714286,10.368042857142857,10.262257142857141,9.384285714285713,8.442571428571428,8.957942857142857,10.536285714285713,10.432,9.891628571428571,10.090457142857144,9.651285714285715,9.93992857142857,10.603628571428573,9.845142857142857,12.31872857142857,13.609185714285715,13.819585714285713,14.005014285714285,14.723714285714285,13.880285714285716,14.331857142857144,12.682942857142857,9.90047142857143,9.158642857142857,10.6251,9.298085714285715,9.126100000000001,9.1261,8.158971428571428,8.160185714285713,8.901985714285715,7.865314285714286,8.4657,8.228457142857144,7.6675571428571425,7.667542857142857,7.66752857142857,7.065942857142856,7.065942857142856,7.071128571428572,7.30992857142857,7.412514285714286,6.8870000000000005,6.905428571428573,7.376414285714287,8.270971428571428,7.4163571428571435,7.4224000000000006,6.837314285714285,8.141842857142857,9.128614285714287,10.385328571428571,9.579528571428572,10.430642857142857,9.573485714285715,10.21234285714286,8.680128571428572,6.828285714285714,5.702628571428571,4.89927142857143,4.074828571428571,4.554771428571429,4.728,6.324471428571428,8.014385714285714,8.463457142857141,9.17852857142857,10.126271428571428,10.303128571428571,12.002785714285713,10.336042857142857,8.689157142857143,7.654542857142856,7.654542857142857,7.114542857142857,6.716471428571428,5.2573428571428575,6.081171428571429,6.884885714285715,6.812757142857143,6.213614285714286,5.959442857142856,6.810442857142857,6.283128571428571,5.431814285714286,4.833042857142857,5.322614285714286,5.921385714285714,6.208285714285713,5.948214285714286,6.009485714285714,7.274657142857143,8.468914285714286,8.312228571428571,7.466371428571429,7.6957,7.5619,7.441,6.1753,5.751342857142857,5.6921857142857135,6.283442857142857,6.462228571428571,6.570614285714286,6.025028571428572,6.944914285714285,6.774342857142857,6.308828571428571,6.241428571428571,5.652414285714286,4.825985714285714,4.704228571428572,3.7841428571428577,2.895028571428572,2.893628571428572,2.3685571428571426,2.1202571428571426,3.457414285714286,4.245214285714286,4.724042857142857,5.27372857142857,5.2749999999999995,5.272799999999999,5.237585714285715,4.255985714285714,3.4041285714285716,2.9262142857142863,2.4134857142857142,2.411914285714286,2.683214285714286,3.405242857142858,4.273671428571428,5.344671428571429,6.1965,6.483228571428571,6.9853000000000005,7.6482142857142845,7.040585714285713,5.853857142857143,5.090657142857141,4.833671428571429,5.012528571428571,4.522057142857142,4.051499999999999,5.243957142857142,5.491428571428571,5.6489142857142856,5.587185714285715,5.587185714285714,6.426314285714286,6.252385714285714,5.013985714285715,5.1822,4.967042857142857,4.565614285714285,4.816971428571429,4.837285714285715,5.765742857142857,7.161542857142856,7.631085714285713,8.252114285714285,8.572414285714284,8.303457142857143,7.4500285714285726,6.946871428571429,5.581714285714286,4.660299999999999,3.7892857142857137,3.5929999999999995,3.4046999999999996,4.6622714285714295,4.416614285714286,4.626357142857143,5.097214285714285,5.9480571428571425,6.543314285714286,7.597785714285714,7.854557142857142,9.116385714285714,10.118485714285713,10.530642857142857,11.811528571428571,12.300885714285714,11.94794285714286,11.29902857142857,10.420785714285712,9.532428571428571,9.532428571428571,8.513671428571428,7.803042857142857,6.842642857142858,5.961399999999999,5.755871428571429,6.180014285714285,5.297414285714285,4.388271428571428,3.8964571428571433,4.7471000000000005,5.767214285714286,5.801942857142857,6.7337,7.4521999999999995,8.099371428571429,8.421028571428574,8.748557142857143,8.798971428571429,8.834242857142858,7.902414285714286,8.034485714285713,8.032914285714286,8.424485714285714,7.301657142857143,7.0199428571428575,7.152028571428572,6.8663285714285704,6.866328571428572,7.153814285714286,7.183742857142858,8.036785714285715,7.245828571428571,7.245828571428571,8.032885714285714,7.432542857142856,7.864042857142857,8.6544,9.062957142857142,10.023585714285714,10.392785714285713,9.8914,10.675428571428572,9.997685714285714,9.208357142857142,8.8206,8.381557142857142,7.465728571428571,7.4882,7.185014285714287,6.452728571428572,6.348457142857143,5.673985714285714,7.006742857142858,7.295871428571429,8.281985714285714,9.407757142857141,10.789471428571428,11.311628571428571,12.274385714285714,11.58027142857143,13.906014285714287,12.2962,11.798585714285712,12.118185714285714,12.678057142857142,12.040042857142856,12.741371428571428,12.379971428571428,12.960542857142858,12.33617142857143,11.530657142857143,10.155057142857142,10.470157142857143,9.470614285714285,7.933828571428571,9.005,10.009771428571428,10.402199999999999,10.769157142857143,10.725257142857144,10.9196,11.049128571428572,11.3484,11.329871428571428,10.548228571428572,10.5482,10.473014285714287,10.710914285714285,10.41137142857143,9.128642857142857,9.274928571428571,9.710214285714287,9.325557142857141,8.611614285714285,7.474314285714286,6.993428571428571,6.615157142857142,4.872428571428571,3.7735142857142856,4.158171428571428
57,7.0259,7.0259,4.96335,5.373233333333334,4.745800000000001,4.649900000000001,4.841133333333334,4.826271428571429,6.481314285714286,7.9070857142857145,8.4281,9.161857142857142,9.48542857142857,9.012128571428573,14.342671428571427,21.804914285714286,26.94235714285714,29.282142857142855,29.282142857142855,30.479942857142856,32.356257142857146,29.31757142857143,21.71588571428571,15.516042857142859,12.095814285714285,11.315957142857144,9.881728571428571,8.051585714285714,5.377971428571429,3.178385714285714,3.1755428571428572,3.135971428571428,4.378342857142857,4.161828571428571,5.3661142857142865,5.881257142857143,6.344657142857143,6.405942857142857,7.4129,7.993,8.657114285714286,7.813542857142856,8.014071428571429,7.523571428571429,7.2834,7.001371428571429,5.128685714285715,5.127271428571428,5.3541285714285705,4.903128571428572,5.636285714285714,5.6018,4.9039,5.76232857142857,5.723828571428571,5.027,5.610157142857142,5.6496571428571425,7.042857142857143,8.92542857142857,9.346685714285714,9.385214285714286,9.79877142857143,9.7988,10.367557142857143,8.9121,7.272514285714285,7.0363,7.037157142857143,6.940742857142857,6.775514285714286,6.684285714285714,6.915814285714285,7.797885714285714,10.013085714285713,9.837971428571427,9.536985714285715,9.78717142857143,11.956828571428572,12.369957142857144,12.076114285714286,9.50277142857143,9.572557142857145,11.2303,11.601885714285714,10.434700000000001,10.433514285714285,9.827914285714286,10.367971428571432,11.540014285714287,10.725400000000004,12.52432857142857,13.800185714285714,14.258828571428571,14.453128571428573,14.059028571428573,13.163742857142859,13.495614285714286,11.830971428571429,9.152671428571427,8.092414285714286,8.96117142857143,8.444828571428571,8.480371428571429,8.698385714285715,8.108771428571428,8.109985714285713,8.882671428571427,8.425299999999998,8.941628571428572,8.735028571428572,8.122014285714286,8.122014285714284,8.122000000000002,7.472571428571429,7.476228571428572,7.893585714285714,8.333428571428572,8.530271428571428,8.2765,8.278142857142857,8.51972857142857,8.516542857142857,7.496214285714285,7.494042857142857,6.8079142857142845,8.066914285714285,9.070514285714285,10.084814285714286,10.342857142857142,10.81492857142857,9.527728571428572,10.1236,8.372514285714287,6.5178,5.742,4.8670285714285715,4.3512571428571425,4.915585714285714,6.271928571428572,7.797857142857143,9.554242857142857,9.554242857142857,10.171157142857142,11.000557142857144,11.2862,10.888642857142857,9.258614285714286,7.694442857142858,6.989457142857143,6.989471428571429,6.435614285714285,5.845514285714286,5.552757142857144,6.403085714285714,7.0605,7.034842857142857,7.964214285714286,7.730757142857143,8.524971428571428,7.5812285714285705,6.731,6.188957142857142,6.094385714285715,5.164657142857143,5.635599999999999,5.4312,5.658528571428572,6.968814285714285,8.517642857142857,9.2864,8.520828571428572,8.4846,8.350771428571429,8.288485714285715,7.080757142857143,6.167728571428571,5.827485714285714,6.209442857142856,6.4039,6.318600000000001,5.7467428571428565,6.494871428571429,6.072742857142858,5.620014285714285,5.645714285714286,5.001242857142857,4.369671428571428,4.186414285714285,3.335042857142858,2.7395000000000005,2.7381142857142864,2.2476714285714285,2.2138428571428572,3.3297714285714286,3.7677,4.039057142857144,4.569757142857143,4.695399999999999,4.6945,4.499171428571428,3.7265857142857146,3.255171428571429,2.9836142857142858,2.5256142857142856,2.399914285714286,2.4310714285714288,2.7911428571428574,3.4022000000000006,4.331542857142858,5.183114285714287,5.460699999999998,6.201385714285714,7.044671428571429,6.789771428571428,5.917428571428571,5.306157142857143,5.204828571428571,5.476628571428571,4.753214285714286,4.282871428571428,5.027271428571429,5.232728571428572,5.3267,5.133457142857142,5.226571428571428,6.058457142857143,6.030242857142858,5.254842857142857,5.327442857142858,5.361614285714286,5.153328571428572,5.112528571428571,5.114285714285714,5.8298,7.08382857142857,7.658900000000001,8.236014285714287,8.349857142857143,8.223742857142856,7.477914285714284,7.088157142857142,5.913971428571429,4.978685714285715,3.9555,3.9007285714285707,4.144171428571429,4.929271428571428,4.6903,4.7995,5.3548,6.205742857142858,6.649014285714286,7.246657142857143,8.295585714285716,9.755942857142855,10.953771428571427,11.249414285714286,12.530199999999999,13.33114285714286,13.132785714285715,12.497357142857144,11.423785714285714,10.33235714285714,10.33237142857143,9.062142857142858,7.884628571428572,6.767128571428572,5.464999999999999,5.327257142857143,5.6215142857142855,4.771542857142856,4.0580428571428575,3.842714285714286,4.816671428571429,5.748385714285713,5.836314285714287,6.0087,6.724028571428572,7.832757142857143,8.024985714285714,7.905142857142858,7.4715428571428575,7.386728571428572,7.399557142857143,7.533928571428571,7.006085714285715,7.506228571428571,6.668371428571428,7.042914285714285,7.751871428571428,7.750614285714285,7.750585714285713,7.872357142857141,7.7703428571428566,8.741914285714286,7.867128571428571,7.292528571428571,8.486971428571428,7.839885714285715,8.513171428571429,8.924542857142857,10.062871428571428,11.2775,11.735842857142856,10.542642857142857,11.696457142857142,11.464042857142857,10.510828571428572,9.437957142857144,8.735771428571429,7.711428571428571,7.788571428571429,7.155642857142857,6.140842857142857,6.797528571428572,5.997757142857142,7.339642857142858,7.968771428571428,8.899042857142856,10.031842857142857,11.611814285714285,11.939099999999998,12.976742857142856,12.040314285714286,14.019271428571429,12.584985714285716,11.782814285714286,11.785814285714284,12.353985714285713,11.79622857142857,12.56355714285714,12.401471428571428,12.995000000000001,12.657314285714284,11.843257142857142,10.789385714285714,11.033242857142858,10.431985714285714,8.994214285714287,10.198071428571428,11.106814285714284,10.912099999999999,10.978457142857142,11.461814285714285,11.788428571428572,11.916114285714286,11.908814285714286,11.942257142857143,11.745671428571427,11.724428571428572,11.0766,10.959271428571428,10.389628571428574,9.468671428571428,9.541857142857141,9.934257142857144,9.932785714285716,9.156099999999999,7.971957142857143,7.7172714285714274,6.922485714285713,5.279571428571428,4.233614285714286,4.235071428571429
58,6.7312,6.7312,6.074450000000001,6.3447000000000005,5.827850000000001,6.3672200000000005,6.261633333333333,6.119185714285714,8.58072857142857,10.082828571428573,10.597085714285713,11.379714285714286,13.586685714285716,13.541542857142858,19.063642857142856,28.343228571428572,36.945699999999995,39.193357142857145,38.94421428571429,38.955,40.75414285714286,37.050200000000004,27.650271428571426,18.11367142857143,14.884814285714285,14.318357142857142,11.728414285714283,9.785242857142856,7.529271428571429,4.6411999999999995,4.312642857142857,4.449871428571429,4.989414285714285,4.8914285714285715,5.405571428571428,5.991014285714286,6.712571428571429,6.456128571428571,6.352842857142856,6.837114285714286,7.233557142857143,7.085871428571429,7.330257142857143,6.666085714285714,6.698571428571428,7.133842857142858,6.193114285714286,5.857428571428571,5.906285714285715,5.906257142857143,6.577042857142857,6.443885714285715,6.028314285714287,5.797257142857142,5.282428571428571,4.528985714285715,4.452271428571428,4.470371428571428,5.738271428571428,8.1548,9.805542857142857,10.654814285714284,11.220242857142859,11.306514285714286,11.81377142857143,10.587185714285713,8.174428571428573,7.436285714285715,7.753757142857142,7.652942857142857,8.475228571428572,7.9498428571428565,8.305942857142858,9.3193,9.780528571428572,9.516900000000001,9.24974285714286,8.581371428571428,9.071457142857144,9.694057142857144,9.443042857142858,9.172242857142857,9.119757142857143,11.5548,12.008728571428573,13.48947142857143,13.51815714285714,13.112485714285713,13.057085714285714,14.07242857142857,12.518242857142857,13.568699999999998,12.877557142857142,13.062199999999999,13.20742857142857,13.45257142857143,12.90077142857143,12.674942857142856,11.441042857142858,10.198371428571429,9.703114285714284,10.348771428571428,9.375957142857144,8.9139,8.947871428571428,8.734328571428572,8.69872857142857,8.607371428571428,8.431742857142856,8.897628571428571,8.896257142857142,9.057114285714286,8.8709,8.870899999999999,8.537485714285712,8.135771428571427,8.990957142857143,9.607885714285715,9.4131,9.283614285714284,9.460657142857142,9.228399999999999,10.057385714285715,9.3497,9.670885714285715,9.089028571428571,10.189528571428571,10.478728571428572,11.957042857142856,11.600814285714284,10.968357142857142,9.291671428571428,9.828114285714287,8.436914285714286,7.387942857142858,6.3151,5.739285714285715,5.984157142857144,6.723028571428571,6.76872857142857,8.866585714285716,10.468328571428572,11.397657142857144,11.865328571428572,12.212771428571429,12.212771428571427,12.68442857142857,10.123185714285714,8.58997142857143,7.103914285714287,6.7378,6.294771428571429,5.782542857142857,5.6016,6.413799999999999,6.866228571428571,6.786228571428572,6.787785714285714,6.490242857142856,7.211671428571428,6.5433142857142865,5.871457142857143,5.260828571428571,5.0995,5.2453,5.808371428571428,5.710214285714286,6.105671428571428,7.347185714285715,8.982457142857143,10.246785714285716,9.632542857142857,9.253714285714285,9.00987142857143,8.641485714285716,7.37207142857143,8.474285714285713,7.908371428571429,8.50222857142857,9.344314285714287,9.171485714285714,8.771471428571429,9.585314285714286,7.0706,6.369028571428571,5.8646,4.870271428571429,4.324814285714286,4.251057142857143,3.3236000000000003,2.922442857142858,2.8748,2.433271428571429,2.1383428571428573,3.2304,4.108842857142856,4.5902,5.268285714285715,5.572857142857144,5.543957142857144,5.678400000000001,4.962971428571429,3.9757999999999996,3.4971999999999994,2.820057142857143,2.515757142857143,2.6204285714285716,2.9797714285714285,3.604742857142857,4.900328571428572,5.761957142857143,5.863142857142856,6.156814285714285,6.904185714285712,6.515028571428573,5.555500000000002,4.614271428571429,3.9320714285714287,4.679314285714286,4.3847000000000005,3.9991142857142856,4.821885714285714,5.052185714285714,5.122371428571428,5.896042857142858,5.5346714285714285,6.595857142857143,6.738714285714287,5.815657142857143,5.953514285714285,6.209157142857143,5.678271428571429,5.678271428571429,5.468571428571429,5.909285714285714,7.521342857142857,8.030228571428571,8.7606,8.929114285714286,9.029171428571429,8.303042857142858,8.222885714285715,6.852585714285715,5.933357142857142,4.604671428571429,4.103442857142857,4.4058142857142855,5.014342857142857,4.8925,5.060457142857143,5.9099714285714295,6.7609142857142865,7.575442857142859,8.069714285714285,9.42022857142857,10.804814285714286,12.2541,12.282514285714285,13.71787142857143,14.34052857142857,14.216614285714284,13.630514285714282,12.247357142857144,10.671942857142856,10.644971428571427,9.102228571428572,8.550085714285714,7.481042857142858,6.084128571428573,5.932657142857144,6.032342857142858,5.182385714285713,4.525671428571429,3.570585714285715,4.856542857142857,5.759085714285715,6.340771428571428,7.982371428571429,8.454371428571429,9.587271428571428,10.322642857142856,9.7672,9.837128571428574,9.300085714285714,8.095385714285715,8.137642857142856,7.636171428571429,8.426428571428572,7.982557142857142,7.597371428571428,8.1645,8.66502857142857,9.295271428571427,9.4279,9.248557142857143,9.619557142857142,9.188728571428571,8.728399999999999,10.190685714285715,9.447928571428571,9.900557142857142,9.847199999999999,11.333371428571429,12.949785714285714,14.425828571428573,12.462614285714286,13.235357142857143,13.859057142857145,13.233328571428572,12.264485714285714,11.023757142857141,9.245471428571426,9.46225714285714,9.024314285714285,7.555485714285715,8.060857142857143,7.543514285714287,8.764114285714285,9.306185714285714,10.096885714285714,11.2166,12.569785714285713,12.768857142857142,12.770071428571429,12.228785714285715,14.507971428571427,13.49437142857143,12.486585714285715,12.534699999999999,13.000442857142856,13.211171428571427,13.408214285714283,12.544814285714285,12.827442857142856,12.683914285714284,12.02117142857143,10.8775,11.732528571428572,12.5424,11.570214285714286,13.715799999999998,14.896399999999998,15.028714285714285,15.1792,14.18562857142857,14.809014285714284,15.868285714285713,14.131214285714284,13.908285714285714,13.429642857142857,13.630800000000002,13.432900000000002,11.779728571428572,10.417100000000001,11.730928571428572,11.889185714285714,12.402985714285714,12.453028571428572,11.855628571428571,10.735957142857144,10.368542857142858,8.494785714285715,6.758528571428571,5.393128571428571,5.126042857142857
59,8.9411,8.9411,9.18995,9.327666666666666,8.9956,8.79636,8.297033333333333,8.479114285714287,9.72067142857143,10.485114285714287,11.02892857142857,11.780014285714287,14.062057142857144,14.553185714285716,20.688714285714287,44.554585714285714,57.23878571428571,60.47498571428571,59.76525714285714,59.85908571428571,61.11272857142857,56.398700000000005,32.90528571428572,19.389728571428574,15.181114285714285,15.086242857142855,12.935214285714284,11.3776,9.076657142857142,7.434185714285715,7.481571428571428,7.767171428571429,8.205771428571428,7.869528571428572,7.5553857142857135,7.837685714285714,7.708985714285714,7.455471428571428,7.702714285714286,7.786242857142857,7.668628571428572,7.643828571428571,7.867785714285715,7.517757142857142,7.552528571428572,7.295328571428572,7.092314285714285,7.920642857142857,8.125857142857143,8.107271428571428,8.2349,8.085728571428572,7.744585714285713,7.106442857142857,6.0869285714285715,5.713442857142858,5.468400000000001,5.759614285714286,8.370085714285715,9.580614285714287,10.379971428571428,10.371685714285714,11.007314285714285,11.927957142857142,11.88187142857143,9.761199999999999,8.995371428571428,9.031342857142857,9.384699999999999,9.0211,9.644257142857143,10.303542857142856,10.461514285714285,10.023114285714286,9.972614285714286,11.566685714285715,11.379228571428571,11.597557142857145,12.147800000000002,12.485071428571429,13.100585714285716,14.206814285714286,13.130914285714287,14.553471428571429,14.489057142857144,15.105871428571428,15.725857142857143,16.03511428571429,15.9495,16.047328571428572,15.480214285714286,15.548485714285713,14.608414285714288,13.785342857142856,13.1209,12.586342857142858,12.513400000000003,12.47144285714286,12.037757142857144,11.524671428571427,10.960985714285712,12.077428571428571,11.495499999999998,11.07172857142857,11.31274285714286,11.398228571428572,11.383014285714285,11.624671428571428,11.593885714285715,11.77742857142857,11.201485714285713,10.614271428571428,10.19972857142857,10.035528571428571,9.781000000000002,8.850142857142858,9.143957142857143,10.390185714285716,10.406971428571426,10.156014285714287,10.119871428571429,10.260585714285714,10.711457142857144,10.4524,11.199614285714286,10.605971428571427,11.272400000000001,11.920814285714284,12.578342857142857,13.029357142857142,12.199871428571429,10.002800000000002,10.344285714285716,9.196071428571429,7.93192857142857,7.110228571428572,6.149057142857144,6.240257142857142,6.977357142857143,7.296757142857143,8.162585714285715,10.122985714285715,11.438414285714288,11.390357142857143,12.0403,12.0403,12.508214285714287,10.93554285714286,8.833285714285713,7.147471428571429,7.6913857142857145,7.300942857142857,6.788785714285714,6.783471428571429,7.804628571428571,8.468185714285713,8.271385714285714,7.289885714285715,6.788028571428571,7.311157142857142,6.741214285714285,5.948942857142858,5.551514285714285,5.840742857142858,6.2304571428571425,6.684742857142857,6.309842857142859,6.428157142857144,7.471871428571428,8.8138,9.548842857142859,9.187371428571428,8.575442857142857,8.80387142857143,8.362657142857143,7.5325,7.020914285714285,6.335885714285714,6.509428571428572,7.114214285714286,6.85952857142857,6.436857142857142,6.921028571428571,6.426042857142859,6.064685714285714,5.933257142857142,5.682499999999999,5.220614285714285,5.391528571428572,4.613100000000001,3.9635285714285717,3.704614285714286,3.374214285714286,3.0345857142857144,3.9284857142857144,4.610414285714286,5.2672857142857135,5.597628571428571,5.9236,5.846228571428571,5.9822,5.564871428571428,4.583699999999999,3.8436285714285714,3.4542571428571436,3.4414714285714285,3.7761714285714283,4.149385714285714,4.580357142857143,5.5615428571428565,6.7785142857142855,7.3957,8.007042857142858,8.483257142857143,7.841542857142857,6.975285714285714,6.2572,5.6899,6.13432857142857,5.328557142857143,4.837785714285714,5.559614285714285,5.764742857142856,5.87722857142857,6.06002857142857,5.589428571428571,6.715414285714284,6.987285714285714,6.235214285714285,6.257857142857143,6.572614285714286,6.809085714285715,7.118742857142857,6.399414285714286,7.226557142857144,9.288471428571428,9.8816,9.770042857142856,9.313514285714287,8.871671428571428,8.591242857142857,8.354928571428571,6.6546142857142865,5.793457142857143,5.3438,4.907985714285714,5.477771428571429,6.177214285714285,5.720414285714286,5.854242857142857,6.70372857142857,7.555271428571428,8.193714285714284,8.762385714285713,9.47132857142857,10.1886,11.350471428571428,11.838228571428573,12.936157142857143,13.494428571428573,13.93342857142857,14.086457142857144,13.638485714285716,12.399414285714286,11.912642857142856,10.411542857142859,9.8443,8.293800000000001,6.789199999999998,6.359442857142857,6.644914285714285,5.7926714285714285,5.443942857142856,4.814471428571428,5.510314285714285,6.481685714285715,7.589085714285714,8.4623,9.314914285714286,10.297742857142856,10.669371428571427,10.65604285714286,11.0118,11.069542857142858,10.810957142857143,10.809628571428572,10.57772857142857,11.60747142857143,11.3921,11.385471428571432,12.424671428571429,13.827528571428571,14.151957142857142,14.130971428571428,13.777671428571429,13.965100000000001,13.147685714285714,12.110471428571428,11.515271428571427,10.869528571428573,11.069928571428571,11.130342857142859,12.318957142857142,13.973142857142856,13.965457142857142,12.974785714285714,12.899442857142859,13.648385714285714,13.154285714285717,12.359171428571429,10.917485714285714,10.600871428571427,11.225442857142856,11.423114285714286,10.280157142857144,11.251557142857141,10.432085714285714,11.6615,12.119142857142858,12.1199,13.326628571428571,13.99852857142857,14.235342857142857,15.081057142857144,14.690628571428572,15.471285714285715,15.51315714285714,15.127771428571426,15.68067142857143,15.475385714285713,15.351899999999999,15.150957142857141,15.21957142857143,15.080071428571431,15.284171428571431,15.111685714285715,14.533642857142857,16.274542857142855,16.290214285714285,17.12157142857143,18.8171,19.231814285714286,18.595114285714285,18.5753,17.11632857142857,19.001814285714286,18.6097,18.51497142857143,18.519785714285714,18.58032857142857,18.28142857142857,18.172900000000002,16.22771428571429,14.952814285714286,14.724857142857143,14.792314285714285,14.886471428571427,15.579285714285714,14.370642857142858,13.414142857142858,12.623257142857144,10.785357142857142,8.973557142857143,7.769914285714286,7.314414285714286
60,12.2604,12.2604,13.939900000000002,15.809700000000001,15.759425,14.20748,13.177216666666666,13.287014285714287,13.608185714285714,13.716557142857143,13.135171428571429,14.731985714285715,16.19122857142857,16.158285714285714,23.645742857142857,55.43074285714285,74.74537142857142,81.93537142857143,80.85119999999999,81.49480000000001,84.66875714285716,76.9457,45.35637142857143,26.178085714285714,18.621657142857142,18.403528571428573,17.80117142857143,14.734014285714286,13.839085714285716,13.606514285714285,12.976228571428573,13.490742857142857,12.657399999999999,11.264785714285713,11.187185714285715,11.140814285714287,11.363842857142856,11.930171428571427,12.380628571428572,12.579514285714284,13.124071428571428,13.124085714285712,13.37742857142857,12.327885714285713,11.518242857142855,10.349271428571427,9.852428571428572,9.717442857142856,9.618728571428573,9.694857142857142,9.414685714285714,9.276014285714284,8.846742857142857,8.596542857142856,8.407242857142856,8.471628571428571,7.974357142857143,8.449114285714286,10.556757142857142,11.007442857142857,11.613757142857143,10.857085714285715,11.361428571428572,12.974314285714286,12.557457142857142,11.231657142857143,11.234414285714283,11.838871428571426,12.535157142857143,11.485,11.750028571428572,11.9076,11.106371428571427,10.46167142857143,9.655071428571429,10.1628,10.333942857142857,10.046214285714285,11.268485714285715,11.390128571428573,11.92522857142857,12.653900000000002,12.285742857142859,13.678499999999998,14.149885714285714,14.74652857142857,15.804571428571426,15.374142857142857,15.890142857142859,16.252814285714287,15.74324285714286,14.619500000000002,13.758371428571428,13.243385714285713,14.0172,13.271814285714285,12.975457142857142,13.000442857142858,13.647599999999999,13.199100000000001,12.201557142857144,12.023685714285715,11.157885714285714,10.871485714285715,10.391071428571431,10.306871428571428,10.319042857142858,10.445885714285714,11.097999999999999,11.443085714285713,10.674828571428568,11.020999999999999,10.812214285714285,10.394400000000001,10.466742857142858,9.23822857142857,9.883857142857142,10.901385714285714,10.152057142857144,9.786171428571427,10.151971428571429,10.3815,11.228571428571428,10.916114285714286,11.068042857142858,11.076542857142858,10.740642857142857,10.917157142857144,11.164914285714286,12.002014285714287,11.478614285714286,10.571785714285713,10.864157142857142,10.41157142857143,10.239142857142856,9.809342857142855,8.538385714285713,8.445528571428571,9.068142857142856,9.153685714285714,10.91942857142857,11.852285714285713,13.328414285714286,13.105885714285716,13.008257142857142,13.297757142857145,13.387628571428573,11.307342857142856,9.686171428571429,7.816142857142857,7.6974285714285715,7.713757142857142,7.053214285714286,7.715914285714286,8.617542857142857,8.925814285714285,8.813342857142855,8.513528571428571,8.307171428571428,7.6487,6.895485714285714,6.228657142857143,6.082942857142856,6.893414285714286,7.6002714285714275,7.799271428571428,8.661757142857143,8.679985714285715,9.840428571428571,10.938,11.001228571428571,10.602528571428573,10.820885714285714,9.96547142857143,9.709771428571429,9.176242857142856,7.908557142857142,7.582428571428571,7.712428571428572,7.267357142857143,7.419057142857143,7.010728571428571,7.267857142857143,8.14567142857143,7.820128571428571,7.704685714285715,7.8037,7.631928571428572,7.645042857142856,6.856028571428571,6.188442857142857,5.902342857142857,5.788014285714285,6.018085714285713,7.188728571428571,8.234042857142857,8.5377,8.380700000000001,8.517685714285715,7.977914285714285,7.698085714285713,6.968542857142857,5.7048000000000005,5.1746857142857134,4.810228571428572,4.816257142857142,5.3906285714285715,5.7671,6.463285714285713,7.4074857142857145,8.872342857142858,9.884342857142858,10.293800000000001,10.232442857142857,9.449614285714285,8.432514285714285,7.765228571428572,7.348785714285715,7.361271428571429,6.669442857142857,6.730314285714286,7.162342857142858,7.1885714285714295,7.636014285714286,7.349028571428572,7.010714285714285,8.402685714285715,8.847771428571429,8.46497142857143,8.770442857142857,8.8686,8.760742857142857,8.937771428571429,7.926814285714286,8.689385714285715,10.409928571428571,10.698400000000001,10.620585714285713,10.558428571428573,9.926271428571427,9.643957142857143,8.491071428571429,6.835957142857143,6.013142857142857,5.2677,4.601528571428571,5.231657142857143,5.435900000000001,5.028871428571429,5.360328571428572,6.102485714285714,6.954714285714287,8.154328571428572,8.932685714285714,9.158714285714286,9.951542857142856,10.675614285714286,11.258785714285713,12.539385714285714,12.5024,11.922014285714285,12.870614285714286,13.049614285714286,12.267514285714284,11.633842857142858,9.864771428571428,9.09137142857143,8.39022857142857,6.8852142857142855,6.054471428571428,6.0477,5.329614285714285,4.987728571428571,4.734457142857143,5.1110999999999995,6.017485714285714,6.9044285714285705,7.095928571428571,7.944514285714285,9.46552857142857,9.694471428571429,9.50357142857143,9.690385714285714,9.381742857142857,10.532628571428571,10.503085714285715,9.128157142857143,9.793471428571427,10.038285714285712,10.771742857142856,12.253428571428572,12.768571428571429,13.32732857142857,13.763614285714285,13.906571428571429,14.075071428571432,12.442371428571429,11.583842857142857,11.468142857142857,10.852814285714286,11.732214285714287,11.690728571428574,13.168514285714284,15.306757142857142,15.435642857142858,14.224714285714287,14.531128571428571,14.309600000000001,14.356342857142854,13.496142857142857,13.0263,13.508514285714288,14.311514285714285,13.9058,13.485357142857145,14.1975,14.270985714285715,14.881914285714284,15.145628571428572,15.662885714285716,16.232685714285715,16.1246,16.377985714285714,16.006842857142857,15.065471428571428,15.171542857142857,16.0225,16.81565714285714,18.09837142857143,17.608271428571427,17.992528571428572,19.01932857142857,19.37232857142857,18.53818571428571,18.557385714285715,18.2491,18.848085714285713,21.180928571428574,21.572657142857143,21.084785714285715,23.727957142857143,24.057885714285714,23.249914285714286,23.101300000000002,22.157928571428574,22.53197142857143,24.372071428571434,22.063242857142857,21.4231,22.796485714285716,22.04842857142857,21.5115,19.750471428571426,18.113957142857142,18.8671,19.398257142857144,18.634800000000002,19.41717142857143,17.415342857142857,16.311185714285717,15.007971428571427,12.984214285714286,11.146685714285713,9.63797142857143,8.144428571428572
61,17.0652,17.0652,12.2969,15.027533333333333,14.926224999999999,14.217279999999999,13.172483333333332,13.4447,12.719357142857145,13.358985714285714,12.687514285714286,13.790971428571428,14.630142857142857,14.637442857142856,23.98005714285714,54.149542857142855,70.80582857142858,73.79397142857144,74.00504285714285,75.23317142857142,78.44181428571429,70.18408571428571,39.91224285714286,24.62662857142857,21.389657142857143,20.331985714285715,19.873042857142856,17.015957142857143,14.755285714285714,14.758642857142856,12.992485714285712,12.804942857142857,11.688157142857142,9.750985714285715,9.399485714285715,9.191557142857144,10.549442857142859,11.5027,12.222471428571428,13.297985714285714,13.597785714285715,13.787700000000001,14.255042857142858,12.093671428571428,11.458485714285715,10.062442857142857,9.164942857142858,9.331442857142857,8.90242857142857,8.849242857142857,8.92842857142857,8.239128571428571,8.048971428571429,7.784842857142857,7.399642857142857,7.521914285714287,6.892914285714286,7.497171428571428,8.200314285714287,8.756928571428572,9.369628571428573,8.705699999999998,10.989414285714286,12.136757142857144,11.623571428571429,11.537128571428571,11.170742857142857,11.76047142857143,12.264371428571428,9.493657142857144,11.42067142857143,11.585042857142858,11.251685714285715,11.467742857142857,10.39487142857143,11.332885714285714,11.953242857142858,11.080042857142857,12.435999999999998,13.805885714285713,14.912442857142858,15.24212857142857,16.5263,17.69188571428571,18.2504,18.894199999999994,19.807342857142856,19.16894285714286,20.302042857142855,18.771099999999997,19.27351428571429,18.58435714285714,17.734885714285713,16.350985714285713,17.626442857142855,16.455942857142855,15.911914285714287,15.078428571428573,17.279128571428572,17.1645,16.615714285714287,14.941728571428571,16.342314285714284,16.755114285714285,16.239528571428572,13.736514285714287,13.704514285714286,14.313471428571429,14.929014285714286,13.912457142857141,13.971971428571427,15.944128571428573,16.077957142857144,15.602857142857145,15.875685714285714,15.036142857142858,14.918657142857143,15.063071428571428,12.687499999999998,13.601114285714285,13.877542857142856,13.844942857142858,14.906157142857143,16.622714285714284,16.414985714285713,17.76132857142857,16.27517142857143,17.53964285714286,16.25385714285714,17.23687142857143,16.658514285714286,17.43661428571429,16.86751428571429,16.76284285714286,16.397357142857143,16.9127,15.6664,15.006285714285713,14.721828571428572,15.089271428571427,14.80402857142857,14.506371428571429,15.208342857142856,14.462128571428574,13.320200000000002,13.263328571428572,13.624442857142855,13.30117142857143,12.73134285714286,11.955428571428572,12.329057142857142,12.803728571428573,12.269342857142858,10.577242857142858,10.727814285714288,10.225757142857143,9.981271428571429,9.707285714285714,10.114685714285713,10.093271428571427,10.476642857142858,10.553585714285713,10.530185714285716,10.958757142857143,11.539742857142857,11.0357,11.7439,12.0743,12.305342857142858,13.21512857142857,12.780757142857144,12.5086,12.415885714285716,11.682614285714285,11.6474,12.122542857142857,11.690214285714287,11.94897142857143,11.6276,11.685614285714285,11.550614285714286,11.13462857142857,10.725285714285715,11.130799999999999,11.1952,11.062557142857143,10.69742857142857,10.252657142857142,10.246842857142855,9.660971428571429,8.934342857142855,8.715242857142858,9.057328571428572,9.575485714285715,10.862228571428572,11.763314285714287,12.994057142857145,13.137742857142857,12.940871428571429,12.510357142857144,11.900085714285712,10.318371428571426,8.938785714285713,7.450385714285714,6.816385714285714,6.771571428571428,7.202371428571429,7.824085714285715,9.3224,10.67287142857143,11.915128571428571,13.372185714285715,14.277057142857144,14.685028571428575,14.348285714285717,13.52277142857143,12.687228571428575,12.540657142857144,11.504785714285715,10.476299999999998,10.155442857142857,9.918428571428572,9.130128571428571,8.876557142857143,8.236657142857142,8.27762857142857,8.842614285714285,8.657457142857142,8.653742857142857,9.747485714285714,10.367914285714287,10.18067142857143,10.228957142857142,9.975814285714288,11.155014285714286,11.330285714285713,11.372214285714287,11.140742857142858,11.87887142857143,11.869885714285713,11.814942857142857,10.667957142857142,10.253657142857145,9.270785714285713,8.772785714285714,8.240557142857144,8.084214285714285,8.042028571428572,7.665085714285715,8.037671428571429,8.487328571428572,9.736857142857144,11.573514285714285,12.6797,13.25757142857143,13.562128571428572,13.473828571428571,13.81144285714286,14.17307142857143,12.666899999999998,11.615828571428569,11.903457142857144,12.488685714285714,12.497628571428573,12.217185714285714,10.657614285714285,9.977057142857145,9.617128571428571,8.460785714285715,7.277114285714285,7.269042857142857,6.889885714285713,6.607885714285714,6.549014285714285,7.252299999999999,7.231585714285715,8.743071428571428,9.300985714285716,9.5665,10.913528571428571,11.967314285714284,11.383057142857142,11.449000000000002,10.492142857142857,10.065128571428572,10.288842857142857,9.6346,9.56144285714286,10.006785714285714,10.802214285714285,12.022414285714287,13.28882857142857,13.929285714285713,13.579857142857142,13.439800000000002,13.628242857142856,12.933514285714285,12.27222857142857,13.205428571428572,12.327757142857143,14.0701,13.711914285714286,14.426257142857143,15.777085714285715,16.263342857142856,13.831714285714286,13.1905,12.349228571428572,12.09165714285714,11.08462857142857,11.389928571428571,11.479128571428571,12.587100000000001,13.038514285714285,12.542085714285713,13.483971428571428,14.319542857142858,13.820857142857145,14.355085714285716,14.449699999999998,15.61762857142857,15.182742857142857,16.20027142857143,15.240100000000002,14.810285714285715,14.23377142857143,15.67207142857143,15.647200000000002,17.102028571428573,16.152842857142854,16.53362857142857,17.277657142857144,18.733785714285716,17.2919,16.923842857142855,16.674842857142856,16.996642857142856,19.0085,19.897314285714284,19.143814285714285,20.643900000000002,20.64144285714286,19.768414285714282,19.45012857142857,18.434742857142858,18.997657142857143,19.657114285714282,19.01467142857143,19.66512857142857,21.882757142857145,21.718957142857143,20.923814285714286,20.076542857142858,18.931542857142855,19.317485714285713,18.965585714285712,17.331185714285713,17.825014285714285,16.537357142857143,14.318328571428571,13.388371428571428,11.639014285714284,10.577414285714287,9.475442857142857,8.155528571428572
62,16.6511,16.6511,11.09165,14.035533333333333,12.264,11.84522,11.320549999999999,11.4808,10.861614285714285,11.723157142857143,10.878142857142858,12.31137142857143,13.615,13.5178,25.570128571428572,53.246028571428575,69.34185714285715,71.67131428571429,73.3631,73.66615714285714,76.26134285714285,65.36234285714286,37.6554,22.481728571428572,19.931885714285716,17.5776,16.86957142857143,14.592014285714287,12.992114285714285,12.450114285714287,10.5005,9.652557142857145,9.004342857142857,7.48407142857143,7.163928571428572,6.6804000000000014,7.9712000000000005,8.491928571428572,9.341228571428571,10.107071428571428,10.418571428571429,11.088085714285715,11.399857142857144,9.929757142857142,9.841771428571429,9.077771428571427,8.522371428571429,9.202757142857141,8.957542857142856,9.659942857142857,9.715414285714285,9.355571428571428,9.219571428571427,9.479042857142858,9.388685714285714,9.251485714285716,8.340228571428572,8.4203,9.073028571428573,10.187814285714285,9.986628571428572,9.208814285714286,9.972657142857143,10.587071428571429,11.104071428571428,11.573842857142859,10.771585714285717,12.743042857142855,13.69512857142857,13.015014285714285,13.751014285714286,13.499814285714288,13.425871428571428,14.06377142857143,12.164142857142858,13.517085714285713,14.074114285714286,16.53327142857143,18.261157142857144,20.83157142857143,22.412857142857142,22.23052857142857,23.136571428571425,23.15552857142857,20.831485714285716,20.008585714285715,19.8231,19.918499999999998,21.386485714285715,19.84687142857143,21.150928571428572,23.82221428571429,23.86792857142857,21.29057142857143,22.28624285714286,21.9791,21.03381428571429,19.363200000000003,19.62902857142857,20.688214285714288,21.4038,18.919271428571427,20.777242857142856,21.389585714285715,22.023214285714285,19.65095714285714,18.701842857142854,19.53577142857143,19.379371428571428,16.29234285714286,14.835914285714285,15.505242857142857,14.630757142857146,14.124200000000002,13.700557142857141,13.222499999999998,13.887685714285714,14.641142857142857,12.761,13.9974,13.591700000000001,13.17287142857143,13.252142857142859,14.425042857142857,14.106214285714286,15.72535714285714,14.400185714285714,17.866314285714285,16.806428571428572,18.560028571428575,17.426757142857145,18.42712857142857,17.625485714285713,16.5363,13.993757142857143,14.246842857142857,12.431785714285715,12.569085714285716,12.140057142857144,13.937314285714283,15.20225714285714,15.180042857142857,14.92632857142857,14.700514285714286,13.798557142857144,13.549185714285711,12.131342857142856,11.312642857142858,10.592899999999998,10.498028571428572,10.388614285714285,10.793342857142857,10.694042857142858,9.96037142857143,9.816085714285716,8.970228571428573,9.212557142857145,9.122471428571428,8.833971428571429,8.54957142857143,7.926528571428571,7.675371428571429,7.807657142857143,7.750871428571428,7.9342999999999995,8.470814285714287,9.16332857142857,9.778214285714286,10.380085714285714,11.505714285714285,11.303442857142857,11.555871428571427,11.266171428571427,10.750814285714284,10.703885714285715,11.157628571428571,11.490714285714287,12.010114285714286,11.828471428571431,12.271657142857142,12.271271428571428,11.823071428571426,11.268457142857143,11.023542857142857,11.233485714285715,10.995442857142857,10.023928571428572,9.781357142857143,9.5649,9.288042857142859,8.245671428571429,8.0309,8.211900000000002,8.463700000000001,9.373728571428572,10.136700000000001,10.700000000000001,11.13974285714286,10.785171428571429,10.637157142857143,10.268214285714288,8.94362857142857,7.893185714285713,7.117399999999999,6.628128571428571,6.7602142857142855,7.260985714285714,8.042214285714286,8.555385714285714,9.522085714285714,10.661428571428571,11.664885714285715,12.350671428571427,12.912814285714287,12.545571428571426,12.791514285714284,12.36787142857143,11.305157142857142,10.348485714285713,9.132599999999998,7.883742857142857,7.278285714285713,6.325928571428571,6.572814285714286,6.809442857142857,6.547042857142857,7.1342428571428576,7.675728571428571,8.205271428571429,8.877157142857143,8.496842857142857,8.30037142857143,8.669671428571428,8.582028571428571,9.209800000000001,8.958485714285715,9.072185714285714,9.54215714285714,10.520999999999999,11.141257142857143,11.193685714285715,10.00687142857143,9.936385714285715,9.486014285714287,9.312857142857142,8.948457142857142,8.851714285714285,9.17232857142857,9.762242857142857,10.870000000000001,11.638657142857143,12.772457142857144,13.603385714285713,14.170585714285712,15.181157142857144,15.31872857142857,15.029314285714284,14.789957142857144,13.85662857142857,13.773885714285713,13.458485714285715,12.431914285714285,13.048542857142857,13.340585714285714,13.356171428571429,12.971157142857143,12.190785714285713,11.872214285714284,12.241428571428571,12.5011,12.66432857142857,13.789514285714285,14.148657142857143,14.368771428571426,13.885785714285714,14.659128571428571,15.0493,15.41632857142857,14.396242857142855,15.259757142857145,16.59844285714286,18.25004285714286,17.954914285714285,17.533842857142854,16.87502857142857,17.423857142857145,16.654028571428572,16.55462857142857,16.56707142857143,16.622000000000003,16.869014285714286,18.059814285714285,18.527371428571428,19.2964,18.9315,20.674028571428572,21.218785714285712,20.33305714285714,19.434485714285717,19.029028571428572,21.0656,20.149785714285716,18.45924285714286,17.465342857142858,19.76727142857143,19.86805714285714,19.30822857142857,16.66055714285714,15.917685714285714,14.813571428571427,15.713728571428573,13.643957142857143,13.241428571428571,12.840271428571429,12.539228571428572,13.654614285714286,14.571214285714285,13.658285714285714,13.989642857142856,14.289428571428571,14.8893,15.315857142857142,15.150585714285713,13.670614285714285,13.595914285714287,13.160514285714287,14.141842857142857,13.7576,14.0507,14.108157142857142,14.409585714285713,14.665557142857141,16.77295714285714,15.741414285714283,16.742785714285713,17.157542857142854,16.552842857142856,17.764042857142858,18.48997142857143,17.31657142857143,18.139414285714288,17.480385714285713,16.055371428571426,16.952099999999998,16.663542857142858,17.373471428571428,17.5135,16.38115714285714,17.132942857142858,19.309142857142856,18.536514285714283,17.302414285714285,16.4032,15.352300000000001,16.46572857142857,16.148342857142858,13.973571428571429,14.4797,14.178728571428573,12.497271428571429,12.710485714285713,11.243285714285715,10.3002,10.864685714285715,9.911857142857144
63,14.8796,14.8796,13.5678,15.860033333333334,13.946225,13.906460000000001,13.150350000000001,12.741385714285714,13.361114285714288,13.203100000000001,11.923485714285714,12.289642857142857,13.177457142857142,12.984685714285714,23.92397142857143,42.92718571428571,55.228571428571435,60.48744285714286,63.73375714285714,63.68075714285714,65.68074285714286,54.799685714285715,35.118585714285715,24.728342857142856,19.7575,16.869142857142858,15.708628571428573,14.216842857142856,14.940885714285713,14.803099999999999,13.213242857142857,12.348442857142857,12.064599999999999,11.905299999999999,11.626985714285713,10.2527,10.92887142857143,10.584057142857144,11.041714285714287,11.246842857142855,12.000342857142856,13.107285714285714,13.49592857142857,13.980585714285715,14.988399999999999,15.314471428571432,16.068371428571428,15.745100000000003,14.510757142857143,17.472857142857144,16.88437142857143,16.264714285714284,16.445199999999996,15.567028571428569,16.58072857142857,17.59182857142857,15.68587142857143,15.45857142857143,15.178542857142856,15.554114285714286,15.7808,16.85617142857143,17.31927142857143,16.380300000000002,16.2599,17.239814285714285,16.69147142857143,17.000857142857146,15.746257142857145,14.612700000000002,15.177200000000001,14.658900000000001,13.345914285714287,13.222857142857142,12.174257142857144,12.227657142857142,11.407871428571427,11.176714285714285,11.719414285714285,13.483714285714287,13.434885714285713,13.061757142857143,12.199857142857141,13.47562857142857,14.885785714285715,15.294957142857141,14.087728571428572,14.069457142857145,15.603228571428572,15.781814285714287,16.25542857142857,16.236942857142857,15.63,15.733285714285715,16.227257142857145,14.89547142857143,14.102171428571433,13.888571428571426,14.4725,14.392828571428572,13.405671428571429,12.499500000000001,13.884557142857144,14.28187142857143,14.147628571428571,12.281899999999998,13.1784,15.180971428571427,16.33407142857143,15.262371428571429,14.509414285714286,13.760671428571428,13.4145,12.595957142857143,11.277485714285714,10.1682,10.611114285714285,10.955471428571428,10.50882857142857,10.808842857142858,10.415942857142857,10.838057142857142,11.071514285714285,11.571142857142858,11.475428571428571,12.158885714285715,12.401257142857144,14.810814285714287,14.234,13.930914285714286,12.230142857142855,12.416114285714286,11.721214285714288,10.355171428571428,7.795357142857143,7.151742857142858,7.125942857142858,8.129828571428572,8.064614285714287,9.745985714285714,10.543371428571431,11.947742857142858,12.282142857142858,12.290485714285714,11.769057142857145,11.810585714285716,10.3162,9.979342857142857,8.463228571428573,8.322785714285713,8.1821,8.534171428571428,8.801214285714286,8.971185714285713,9.660657142857143,9.4807,9.676900000000002,9.198985714285714,8.799342857142857,8.263285714285713,7.8792857142857144,6.959128571428571,6.4954857142857145,6.318414285714286,7.1888571428571435,8.300485714285715,8.700142857142856,9.482828571428572,10.713857142857142,11.987642857142857,12.345628571428572,12.4569,11.968057142857143,11.883042857142858,12.033614285714288,11.634685714285713,11.01692857142857,11.343757142857143,11.14292857142857,11.6889,11.821357142857142,10.976657142857144,11.192157142857143,12.006257142857143,12.3002,11.985871428571429,10.503071428571428,10.093714285714286,9.982942857142856,9.294457142857143,8.50772857142857,8.178314285714285,8.540242857142857,9.125385714285715,10.097557142857143,10.762614285714287,10.799014285714284,11.6499,11.328371428571428,11.068742857142857,10.678057142857142,9.367857142857144,8.488828571428572,8.210342857142857,7.125328571428571,7.0404857142857145,7.331671428571428,7.992528571428572,8.418771428571429,9.074385714285714,10.196628571428572,11.217057142857142,12.007885714285715,12.502857142857142,12.207285714285714,12.477814285714285,12.131685714285712,11.185014285714287,10.253414285714285,9.089842857142857,7.805214285714286,7.242142857142858,6.291685714285715,6.288057142857142,6.259457142857143,6.062214285714286,6.240700000000001,6.937171428571429,7.622657142857143,8.196428571428571,8.0973,7.956785714285715,7.746742857142857,8.006542857142858,8.596771428571428,8.37342857142857,8.315557142857143,8.947614285714286,10.438500000000001,11.545442857142858,11.2875,10.218042857142859,9.87992857142857,9.364028571428573,8.466042857142858,6.518042857142858,5.291214285714285,4.9793,5.230971428571428,5.149342857142856,5.220571428571428,5.3136857142857155,5.875185714285714,6.140999999999999,6.9174428571428574,6.920557142857142,7.011371428571428,7.2351,7.647014285714285,8.268885714285714,8.463714285714286,8.572557142857145,9.001228571428571,9.922828571428571,10.218028571428572,10.561599999999999,9.678099999999999,9.703985714285716,9.317357142857144,9.211028571428571,9.112842857142857,8.713742857142856,8.196685714285715,8.598014285714287,9.573171428571428,10.097985714285715,11.012128571428573,11.418757142857142,12.241585714285714,12.79902857142857,13.055185714285715,12.312871428571428,12.105114285714285,11.164642857142857,10.423785714285714,10.944071428571428,11.281914285714288,12.39145714285714,12.158671428571427,11.816442857142858,12.5532,13.497214285714284,13.3559,13.619985714285713,12.42642857142857,15.550214285714285,17.4246,17.228728571428572,17.131642857142857,16.686157142857144,16.790928571428573,17.885214285714287,16.897185714285715,15.845185714285714,17.19147142857143,16.526685714285716,16.590685714285712,16.815042857142856,15.438914285714285,15.259428571428572,16.64464285714286,16.45687142857143,16.976185714285716,17.311457142857144,17.613285714285716,20.166,19.967457142857143,18.59497142857143,18.879185714285715,20.550671428571427,20.812042857142853,20.427171428571427,18.9632,18.065985714285713,19.002414285714284,18.806428571428572,18.561200000000003,19.982242857142857,20.276614285714285,20.3356,20.007442857142856,19.335528571428572,20.638514285714283,20.669414285714286,20.204357142857138,21.264271428571426,22.536785714285713,25.3254,26.44204285714286,25.223085714285713,25.95172857142857,27.255142857142854,25.74374285714286,24.9507,23.888828571428572,24.605985714285715,25.085671428571427,22.924714285714284,21.518328571428576,21.7601,20.76178571428571,19.605485714285713,18.202285714285715,17.154342857142858,18.482485714285712,18.827814285714286,18.07381428571429,19.072928571428573,18.300185714285714,16.962657142857143,17.22897142857143,16.207214285714286,14.362414285714289,15.087028571428574,13.494028571428572
64,12.2978,12.2978,14.414000000000001,15.648533333333333,13.7365,14.317759999999998,12.935516666666665,12.596928571428569,12.140314285714286,11.787671428571429,10.58682857142857,10.906342857142858,10.876314285714287,11.1597,18.557385714285715,33.79254285714286,40.63298571428572,45.4792,47.731471428571425,48.151242857142854,49.5798,42.78711428571429,28.188385714285715,22.345814285714283,17.904500000000002,15.942599999999999,14.45177142857143,13.5209,13.416942857142857,13.505485714285713,12.818457142857142,12.470728571428571,12.685114285714288,12.922385714285715,12.619042857142857,11.218571428571428,11.189942857142857,10.9136,10.613814285714286,9.995742857142858,9.816414285714286,10.017514285714286,10.354042857142858,10.42022857142857,9.7541,10.271142857142857,11.119342857142856,11.187842857142856,10.633557142857143,13.071357142857142,12.601871428571428,12.73772857142857,13.758457142857143,12.351785714285713,12.510999999999997,12.973128571428571,11.616628571428572,12.23585714285714,12.711714285714285,11.971342857142858,13.003114285714288,14.139442857142857,15.436342857142856,14.493914285714286,13.737799999999998,13.212585714285714,12.4509,14.018557142857142,12.635771428571429,10.771428571428572,11.152057142857142,10.915914285714285,10.044285714285715,10.668185714285714,8.465671428571428,8.468471428571428,8.5468,8.35972857142857,8.388271428571429,9.488785714285715,9.2415,9.196771428571427,9.324171428571429,10.604528571428572,11.799257142857144,13.15674285714286,12.709857142857143,12.045014285714286,12.574642857142859,13.843042857142857,12.720685714285713,12.758142857142857,11.759485714285717,12.390685714285713,12.73882857142857,11.697285714285714,10.3821,11.312771428571429,11.143557142857144,10.707485714285713,9.48087142857143,9.669414285714286,10.457357142857145,11.271014285714285,11.306014285714285,11.362542857142857,13.378328571428572,14.753957142857145,15.731628571428573,16.682071428571426,15.613614285714286,14.730971428571427,13.837757142857145,13.110685714285717,12.87752857142857,12.035399999999997,11.349342857142858,11.64932857142857,11.5635,11.353514285714285,10.595371428571427,10.784257142857141,10.791785714285712,12.241171428571429,11.660042857142857,11.807085714285716,12.661128571428572,13.714257142857141,13.829685714285715,13.803057142857144,11.130128571428571,11.383957142857144,10.784357142857143,9.363442857142857,7.652242857142857,6.498157142857144,6.5534285714285705,7.749114285714285,8.218757142857143,10.108885714285716,11.293414285714283,13.377414285714284,13.775485714285713,13.529499999999999,13.63422857142857,13.580885714285714,12.657514285714285,12.296342857142855,10.623671428571427,10.487557142857142,10.280285714285714,10.239,10.416385714285715,10.527600000000001,10.727142857142857,10.559628571428572,10.394685714285714,10.258500000000002,9.952428571428571,9.346599999999999,9.01475714285714,8.3967,8.434014285714285,8.657057142857143,9.347942857142858,10.5432,11.102657142857144,11.571228571428573,13.204885714285714,14.210757142857144,15.300057142857144,15.616257142857142,14.934114285714287,15.185742857142857,16.14355714285714,15.630728571428573,15.041271428571429,15.0678,14.906114285714287,15.566428571428574,15.557028571428575,13.990342857142858,14.087885714285715,14.404528571428571,14.914614285714284,14.580985714285715,12.92,12.457357142857143,12.328942857142858,11.399671428571427,10.507414285714285,9.640042857142857,9.863957142857142,10.84747142857143,11.554214285714286,12.693299999999999,13.575500000000002,15.0004,15.042328571428571,14.4065,13.660057142857145,12.512857142857143,11.194242857142855,10.063128571428573,9.090457142857144,8.59137142857143,9.6185,10.535171428571429,11.031157142857142,11.401357142857142,13.1884,14.023485714285714,15.1626,15.866642857142859,16.3629,16.93104285714286,17.212442857142857,15.755242857142857,15.612457142857142,14.300328571428574,12.697414285714286,11.125985714285715,9.630571428571429,8.805014285714288,8.996285714285715,7.880971428571429,7.812285714285714,8.440114285714285,9.122714285714286,10.149585714285715,10.711614285714287,10.572171428571428,10.421157142857144,11.093057142857143,11.064528571428571,10.729342857142855,10.493714285714287,11.19212857142857,13.062800000000001,14.59007142857143,14.652585714285715,14.283042857142858,13.8843,13.508685714285715,12.125242857142856,9.514228571428571,7.884857142857142,6.7382,7.160157142857143,7.208442857142857,7.168671428571429,7.799342857142858,8.898914285714286,8.976314285714285,9.7357,9.224300000000001,9.292399999999999,9.4721,9.56707142857143,10.161614285714288,11.424557142857143,11.611185714285714,12.1469,13.6695,13.83997142857143,13.697342857142859,12.470257142857145,11.508885714285716,11.120914285714287,10.452585714285716,9.749071428571428,8.853528571428571,8.624328571428572,8.60212857142857,9.2706,9.251528571428574,9.783200000000003,9.994200000000003,10.891214285714286,11.018542857142856,10.738257142857142,9.948528571428572,9.372771428571427,8.618557142857144,7.588071428571429,8.180871428571427,9.238085714285715,10.118928571428572,10.0126,10.774385714285714,12.190671428571429,13.69257142857143,13.212814285714286,11.912728571428572,11.877799999999999,13.766271428571429,15.0268,14.737214285714288,13.955671428571431,13.239700000000001,13.532085714285715,14.50137142857143,14.653428571428572,13.9084,14.328671428571429,13.463085714285715,14.376028571428572,14.523957142857142,12.872442857142858,12.70267142857143,12.740385714285713,12.147400000000001,13.162985714285714,13.067385714285715,13.744200000000001,14.977914285714288,13.55027142857143,12.612657142857143,12.70947142857143,13.193471428571428,13.829557142857142,13.9764,13.634357142857143,13.241728571428572,14.36325714285714,14.78922857142857,14.728057142857143,15.06562857142857,14.242028571428573,14.360585714285714,14.877785714285713,14.105500000000001,14.819142857142856,14.235057142857144,14.305928571428572,15.4374,15.49807142857143,16.71227142857143,18.75947142857143,18.936500000000002,20.422,22.098457142857143,21.186457142857144,21.269800000000004,20.300985714285712,19.992285714285714,20.145171428571427,18.787442857142857,18.651571428571426,20.2746,20.336457142857142,20.84462857142857,20.908714285714286,20.74932857142857,22.225085714285715,21.627442857142857,19.98965714285714,20.160871428571426,19.326371428571427,17.339242857142857,16.46232857142857,15.537985714285714,13.159600000000001,13.909285714285716,13.056500000000002
65,7.6539,7.6539,8.610800000000001,9.9054,8.667325,9.11392,8.388616666666666,9.128314285714286,9.1854,9.362442857142856,8.588957142857144,9.079171428571428,10.78062857142857,11.243185714285714,17.248957142857144,32.42344285714286,35.04951428571429,38.06362857142857,39.48129999999999,38.704057142857145,40.95501428571429,35.06967142857143,21.044571428571427,19.741485714285712,17.32332857142857,15.860757142857144,14.359228571428574,12.083985714285713,11.502399999999998,10.401914285714284,8.879242857142858,8.4286,8.640957142857143,8.395100000000001,8.4797,8.017857142857144,8.400528571428572,8.183428571428573,8.1714,7.949071428571429,8.305014285714286,8.396257142857142,8.15162857142857,7.497814285714285,7.096085714285714,6.770985714285714,7.3524571428571415,8.514514285714286,8.302071428571429,9.186671428571428,9.7487,9.808985714285713,10.566342857142857,9.632228571428572,8.428714285714287,7.798342857142857,7.297028571428571,6.951485714285714,8.028785714285714,8.349742857142857,8.960857142857142,8.739099999999999,9.858128571428571,9.923514285714285,10.037085714285713,9.161271428571428,8.1744,9.754085714285713,9.943685714285715,8.982728571428572,10.027528571428572,9.7083,9.432285714285713,9.991642857142855,7.916385714285715,8.075185714285714,8.34,7.366757142857144,7.599742857142857,8.393514285714286,8.067314285714287,8.305728571428572,8.2661,10.085557142857143,11.405871428571428,13.35337142857143,13.056771428571428,13.3032,14.045928571428572,15.761085714285715,14.261957142857142,15.063199999999998,13.187,13.994771428571429,13.625,12.63442857142857,11.395214285714287,12.171171428571427,11.002114285714287,10.708942857142857,9.6261,10.5515,10.876957142857142,11.416457142857142,11.842557142857142,11.879000000000001,14.178985714285714,14.788057142857143,15.85247142857143,16.68832857142857,15.484257142857144,14.206957142857146,13.206900000000003,12.4083,12.591428571428569,10.778157142857141,10.620099999999999,11.241657142857141,11.25897142857143,11.394142857142857,11.062985714285714,11.107857142857142,11.44108571428571,12.247357142857144,11.56574285714286,11.683314285714287,12.598728571428571,14.094414285714285,15.287571428571429,14.939914285714284,12.695042857142855,12.833557142857144,12.070728571428573,10.442914285714286,8.3358,6.708728571428572,7.3173,8.445271428571429,9.471685714285714,11.62522857142857,13.29727142857143,14.921085714285713,15.242442857142857,14.732314285714285,14.956514285714286,14.462085714285717,13.429728571428571,12.594242857142856,11.094257142857142,10.736214285714286,10.634671428571428,10.6738,11.534385714285714,11.798771428571428,12.78292857142857,12.367757142857142,12.511385714285714,12.7363,12.456585714285714,11.442371428571429,11.176457142857142,9.952414285714285,10.507271428571428,10.452414285714285,11.291,12.558671428571428,13.067185714285715,13.676271428571425,14.477857142857141,14.259271428571427,15.552228571428572,15.935914285714288,16.545514285714287,16.946885714285717,18.466442857142855,19.107242857142857,19.643257142857145,20.03055714285714,20.000814285714284,18.702414285714287,18.8328,16.958071428571426,16.926099999999998,16.987057142857143,17.10507142857143,16.393442857142862,15.2599,14.363928571428572,13.866757142857143,12.580842857142857,11.66592857142857,11.208042857142857,11.921228571428571,13.118028571428571,13.96595714285714,14.035371428571427,14.762471428571429,19.541742857142857,19.402414285714283,18.2548,17.5414,16.44464285714286,15.948871428571428,15.257642857142857,10.882557142857143,10.269728571428573,11.598128571428571,11.924714285714286,12.118457142857142,12.4441,12.902428571428572,13.634128571428572,13.625914285714286,14.552442857142859,16.187700000000003,17.36601428571429,18.181271428571428,18.323685714285716,19.55412857142857,19.19332857142857,17.075814285714284,14.819914285714287,12.825528571428572,11.694471428571429,11.981742857142857,9.887571428571428,9.81177142857143,10.288857142857141,11.530685714285713,13.1132,14.020357142857142,14.011142857142856,14.103628571428569,15.550914285714285,15.60855714285714,15.100942857142858,14.42655714285714,15.5624,19.257714285714286,22.182,21.786685714285714,20.926585714285714,20.24675714285714,19.7211,17.728357142857142,12.8618,9.593685714285714,8.3317,9.63717142857143,9.441671428571428,9.589314285714284,9.91,10.844585714285715,10.839442857142856,11.30022857142857,10.098942857142857,10.169485714285713,10.352414285714286,10.650757142857143,11.147899999999998,12.171985714285713,12.587142857142856,13.493271428571429,15.511757142857144,15.621657142857142,15.293585714285713,13.953414285714286,12.700171428571428,12.00447142857143,10.892171428571427,9.639114285714285,8.733914285714286,8.662099999999999,8.928071428571428,10.264314285714287,10.764742857142858,11.535014285714285,12.296071428571429,13.800771428571428,14.683171428571429,15.063885714285716,14.486500000000001,14.168357142857143,13.536828571428572,12.5188,13.099642857142856,12.833528571428571,12.93207142857143,12.467128571428573,12.260899999999998,13.485228571428573,15.077357142857142,14.028400000000001,13.483414285714286,13.628785714285714,14.6792,16.738714285714284,16.36547142857143,14.272614285714287,14.025057142857145,14.315685714285715,14.692614285714285,15.58262857142857,15.136171428571428,15.686985714285713,15.929042857142857,16.026385714285716,15.961614285714287,14.828328571428573,13.894485714285716,12.75517142857143,12.134314285714286,12.735414285714285,12.564657142857143,12.7122,13.230314285714286,12.271357142857141,11.526542857142857,10.828457142857143,10.991442857142857,11.774899999999999,12.187871428571427,11.886457142857143,11.667085714285715,11.9939,12.339942857142857,11.774942857142857,10.652485714285715,9.791785714285714,10.214885714285714,11.309842857142856,10.790428571428572,11.751614285714286,11.4121,11.9319,12.4655,12.650114285714285,12.856971428571429,14.416885714285714,14.370157142857144,14.892514285714286,16.011757142857142,15.613685714285712,15.291814285714285,13.988142857142856,13.727385714285715,13.7517,13.676128571428572,14.409514285714286,15.944157142857145,15.852657142857142,16.108757142857144,16.78721428571429,15.925642857142856,17.571599999999997,16.612242857142856,14.854171428571428,15.442628571428571,15.17172857142857,12.983157142857143,13.33134285714286,11.420742857142855,9.694842857142858,10.012085714285716,8.764385714285714
66,5.771,5.771,6.5626,7.2049666666666665,6.5775999999999994,6.682979999999999,6.476499999999999,7.158299999999999,7.68082857142857,8.264742857142856,7.665828571428571,7.772771428571429,9.043171428571428,9.279657142857143,14.073014285714285,25.576014285714287,24.764571428571433,26.172257142857145,27.508714285714287,27.717571428571432,29.667471428571424,24.889885714285715,14.079899999999999,15.375442857142856,14.445214285714284,13.176371428571429,11.700585714285713,9.359314285714285,8.342985714285714,6.980585714285715,5.254528571428572,4.835128571428571,4.643785714285714,4.178400000000001,4.460142857142857,4.6718,5.5033142857142865,5.876914285714286,6.349271428571429,6.838114285714285,7.135885714285714,7.243685714285715,7.027942857142857,5.818614285714287,5.603314285714286,5.009857142857143,5.177528571428573,5.678914285714285,5.729285714285715,6.240171428571428,6.9877142857142855,7.0388,7.609071428571428,7.4414,6.451942857142858,6.142442857142858,5.838300000000001,5.393742857142857,6.429814285714286,6.793500000000001,6.8510285714285715,6.991757142857142,7.474428571428571,8.121457142857142,8.543914285714285,7.997171428571429,7.2218,8.594142857142858,8.79262857142857,7.976642857142857,9.028542857142858,8.863314285714285,8.2909,9.290828571428571,7.8604714285714286,8.335942857142857,8.961728571428571,8.148142857142856,8.460014285714285,9.435571428571427,9.109528571428571,9.111442857142858,9.041885714285716,11.364042857142858,12.196342857142858,13.0174,12.677971428571428,12.877328571428574,13.060414285714286,14.26372857142857,12.218271428571429,12.050685714285715,11.296999999999999,11.8356,11.339857142857142,11.512085714285714,10.717957142857143,11.40662857142857,12.246328571428572,12.1041,11.5544,12.218757142857143,11.761214285714285,12.11492857142857,13.855514285714284,12.804985714285712,13.856557142857142,14.58054285714286,15.399228571428571,15.891500000000002,15.16462857142857,12.840485714285714,12.245385714285714,12.751185714285715,13.230971428571427,11.804857142857143,12.5167,12.82272857142857,12.695257142857143,12.818142857142858,12.4683,12.05527142857143,12.268142857142854,12.552157142857142,12.521957142857143,12.339528571428572,13.876157142857142,14.026014285714284,15.595128571428573,15.594085714285717,13.962371428571428,13.891099999999998,13.534799999999999,11.040042857142856,11.450199999999999,9.99472857142857,10.910499999999999,11.786542857142857,12.314885714285714,14.144257142857143,16.216757142857144,15.433942857142858,15.520228571428573,14.899957142857145,15.231871428571429,14.5089,13.686499999999999,12.987799999999998,13.01817142857143,12.356357142857144,11.865885714285715,11.9919,13.863414285714285,14.140828571428573,14.282571428571428,13.82467142857143,14.49035714285714,15.440142857142858,14.866057142857143,13.660885714285714,13.335757142857144,12.2507,12.585614285714286,12.027485714285714,12.838571428571429,14.186885714285713,14.525642857142858,15.340428571428571,17.106957142857144,16.5844,18.26772857142857,17.869400000000002,17.67787142857143,17.40648571428571,19.1129,19.079571428571427,20.4703,21.71975714285714,22.051485714285718,21.42922857142857,22.827142857142857,20.930571428571426,21.18917142857143,20.511457142857147,20.24372857142857,19.889985714285718,19.14822857142857,17.493042857142857,16.673157142857143,15.603157142857144,15.213114285714287,15.35742857142857,17.183614285714288,18.586028571428574,19.741114285714286,20.076985714285712,21.22765714285714,27.97002857142857,26.84062857142857,24.737057142857143,24.1098,23.013471428571428,22.072499999999998,20.386742857142853,14.432242857142853,15.054771428571428,16.411914285714285,16.363714285714284,16.580042857142857,17.187157142857142,17.903042857142857,17.476057142857144,16.019342857142856,17.644114285714288,21.107300000000002,22.975671428571424,24.601314285714288,24.774099999999997,27.277985714285713,27.04517142857143,23.674114285714285,19.82124285714286,16.986042857142856,15.139142857142858,15.584328571428571,12.684614285714286,11.995514285714284,13.186857142857145,14.696028571428572,16.34057142857143,16.756614285714285,16.744799999999998,16.858757142857144,18.105657142857144,16.865771428571428,15.992814285714285,15.831457142857143,17.51562857142857,23.275914285714286,28.52397142857143,28.805885714285715,28.67515714285714,28.223842857142852,27.080171428571425,24.915957142857142,17.6309,12.433857142857144,10.639557142857143,12.32927142857143,11.430057142857143,11.707228571428573,11.945628571428573,12.665799999999999,12.291100000000002,13.306128571428571,11.746728571428571,12.087185714285713,12.9389,13.557685714285713,14.204957142857143,15.471457142857142,15.892142857142856,16.8766,19.148500000000002,18.388485714285714,17.549171428571427,16.434185714285714,14.786828571428572,13.822342857142859,12.515642857142856,10.700128571428573,9.791857142857141,10.587428571428571,11.399657142857142,12.545800000000002,13.020057142857143,14.4078,15.893485714285715,17.504257142857142,17.617685714285717,18.3624,18.938642857142856,19.429857142857145,18.7943,18.25957142857143,19.104442857142857,19.622214285714286,18.85082857142857,17.341171428571425,15.890842857142859,16.567914285714284,16.792928571428572,15.671171428571427,14.954728571428571,14.819442857142857,16.187471428571428,18.937457142857145,17.945128571428572,16.571357142857142,15.9931,15.812614285714286,16.504185714285715,18.355071428571428,17.213371428571428,18.8568,18.613085714285713,18.261714285714284,17.654557142857144,16.233942857142857,13.811742857142857,13.044614285714287,11.510485714285712,11.774914285714285,12.001585714285714,12.056242857142857,12.447228571428571,12.421142857142856,11.664,10.865357142857144,11.322199999999999,11.87092857142857,12.875457142857142,13.128371428571429,12.123842857142858,12.007771428571429,12.400214285714286,11.670657142857142,10.285014285714283,9.290928571428571,9.451342857142858,11.150142857142857,11.399199999999999,11.38227142857143,10.872714285714286,11.553285714285716,11.450028571428572,10.763071428571427,9.755985714285714,9.792757142857143,10.644057142857141,11.152142857142858,11.477028571428571,11.47535714285714,11.409485714285712,10.717785714285712,10.552685714285714,9.9983,10.558442857142856,11.283914285714285,12.291442857142856,12.949871428571429,12.879571428571428,14.199799999999998,13.530471428571428,13.743971428571427,13.684899999999999,12.12315714285714,11.77462857142857,12.127157142857142,10.317542857142858,11.169214285714286,9.934385714285714,8.268557142857144,8.723428571428572,8.331042857142858
67,4.0614,4.0614,5.068,5.727233333333333,4.98485,5.22902,5.24785,5.791185714285715,6.408757142857143,7.548114285714285,7.145728571428571,7.894585714285713,9.607142857142858,9.735357142857143,12.798457142857142,19.878899999999998,18.690699999999996,19.524242857142855,19.963328571428573,19.629328571428573,20.71742857142857,17.94142857142857,11.588314285714286,12.427214285714287,11.932900000000002,11.271285714285714,10.073871428571428,8.628628571428571,7.468628571428572,6.091428571428572,4.793785714285714,4.6417,4.2312,3.8205999999999998,4.348628571428572,4.411528571428572,5.162457142857143,5.511814285714286,6.334542857142857,6.908085714285714,6.8749714285714285,6.688457142857142,6.812428571428571,5.815285714285715,5.664157142857143,4.608585714285714,4.605185714285715,5.125757142857142,4.944814285714286,5.137214285714285,5.641514285714286,5.421471428571429,5.7438142857142855,5.806785714285714,4.954014285714286,4.578871428571428,4.437285714285714,4.636914285714285,6.072642857142857,6.561000000000001,6.560899999999999,7.243214285714286,8.549814285714286,10.107242857142856,10.108785714285714,9.418657142857143,8.758799999999999,9.946971428571429,9.822371428571428,8.61432857142857,8.159742857142858,7.949800000000001,7.756142857142857,8.627,7.47507142857143,7.803385714285715,8.397314285714286,7.666657142857142,7.8621285714285705,7.914171428571428,7.188942857142857,7.154271428571428,7.316528571428572,9.467471428571429,10.047557142857142,10.632985714285715,10.710885714285714,11.498428571428573,11.845557142857142,12.766985714285713,10.748299999999999,11.208128571428572,10.974214285714286,11.832657142857144,11.240571428571428,10.89362857142857,10.155742857142856,10.62577142857143,11.410157142857143,10.743157142857143,10.008985714285714,10.507900000000001,10.507900000000001,11.098614285714286,14.339542857142858,13.83114285714286,15.012314285714288,16.00877142857143,16.607957142857142,17.566,16.441085714285713,12.684742857142856,11.945185714285714,12.783442857142859,12.5779,11.766914285714284,11.179957142857143,11.566585714285713,11.336814285714285,11.38754285714286,10.84012857142857,10.728257142857144,11.6275,12.4864,13.051557142857144,13.411,14.374057142857144,14.374714285714287,16.102485714285713,15.298514285714285,14.468100000000002,14.258357142857145,14.020728571428569,12.102014285714287,13.71295714285714,12.842957142857143,13.799371428571428,14.484585714285714,15.250357142857142,17.841514285714286,20.273028571428572,18.936514285714285,19.32904285714286,18.134514285714282,18.19537142857143,17.135885714285713,15.487971428571427,14.63205714285714,14.233442857142856,13.043114285714285,13.0054,13.678414285714284,14.821342857142856,14.915314285714286,15.102985714285714,15.079757142857144,15.810457142857144,17.176014285714285,16.010914285714286,15.460657142857142,15.54135714285714,14.680242857142856,14.570014285714283,13.609585714285712,14.499828571428571,15.249199999999998,15.883628571428572,16.19612857142857,17.66465714285714,16.91662857142857,17.467714285714287,16.769814285714286,16.92338571428571,16.19742857142857,18.77072857142857,17.368414285714287,18.77404285714286,21.17902857142857,20.964371428571432,20.82065714285714,22.083742857142855,18.984928571428572,20.277014285714284,19.745785714285716,19.5891,19.521542857142858,18.626485714285714,17.210114285714287,16.80752857142857,15.802314285714287,15.703985714285716,16.1892,18.965585714285712,20.24705714285714,21.396871428571426,22.054114285714288,23.175471428571427,31.3157,29.88982857142857,27.25422857142857,26.654328571428575,25.49742857142857,24.576128571428573,23.725385714285718,17.185328571428574,18.704314285714286,19.8964,20.042285714285715,20.82707142857143,21.23967142857143,21.75617142857143,20.38612857142857,17.261242857142857,20.03002857142857,24.487257142857143,26.858357142857137,28.98762857142857,30.335271428571428,34.15245714285714,34.949842857142855,29.597200000000004,24.472371428571428,20.80802857142857,18.469271428571428,17.642614285714284,13.50767142857143,12.641928571428574,14.118014285714287,14.955899999999998,16.49632857142857,16.98052857142857,16.70037142857143,17.105542857142858,17.317157142857145,16.580342857142856,16.15707142857143,15.73022857142857,18.5828,26.529799999999998,33.82978571428571,35.27831428571429,34.82161428571429,34.878614285714285,34.33471428571429,30.86228571428572,21.402528571428572,13.92138571428571,11.635742857142857,13.710085714285714,12.659157142857142,12.485785714285713,12.996228571428572,13.70922857142857,13.334200000000001,14.329171428571428,13.601428571428572,13.916799999999999,14.77722857142857,15.256414285714285,15.389528571428572,16.787042857142858,17.028528571428573,17.508457142857143,18.733800000000002,17.83054285714286,16.6883,15.870214285714283,14.114171428571428,13.397428571428573,11.650042857142855,10.488057142857143,9.906771428571428,11.700814285714285,13.536028571428572,14.467085714285714,15.15647142857143,16.33074285714286,18.76964285714286,20.25487142857143,19.050485714285717,18.900685714285714,20.251014285714287,21.962514285714285,21.742628571428575,21.587642857142857,23.162614285714287,25.10862857142857,23.5436,21.37427142857143,18.382228571428573,18.956357142857144,18.025471428571425,15.660342857142856,14.17272857142857,14.701585714285715,16.408557142857145,19.652185714285714,17.724614285714285,16.425571428571427,16.297557142857144,15.415685714285713,16.531499999999998,16.726085714285713,15.347785714285711,17.1865,17.2354,16.746671428571428,16.76937142857143,14.942714285714285,13.168485714285712,12.319400000000002,11.349085714285717,11.201300000000003,11.507028571428572,11.471571428571426,11.637328571428572,12.08067142857143,11.506657142857142,10.528857142857145,11.102814285714286,11.688342857142858,12.355185714285714,12.901214285714286,12.049214285714287,11.628328571428572,11.854728571428572,10.626828571428572,9.621842857142855,8.538328571428574,8.5624,10.49442857142857,11.488114285714286,11.328299999999999,10.804814285714286,11.021514285714286,11.156514285714286,10.5592,9.659342857142857,9.749728571428571,10.331857142857142,11.176714285714285,11.096042857142859,11.090500000000002,11.24797142857143,10.07232857142857,8.585899999999999,8.464057142857142,8.850357142857142,9.33722857142857,10.259057142857142,10.801114285714286,10.8918,12.732557142857145,12.663328571428574,12.420742857142859,12.621685714285716,11.118028571428571,10.128871428571427,9.774885714285714,7.876271428571428,8.1229,7.429271428571427,6.073257142857144,6.574985714285715,7.0236
68,3.0123,3.0123,4.0629,4.144666666666667,4.0146250000000006,4.224400000000001,4.435116666666667,5.422828571428572,5.7766,6.881085714285716,6.8838,7.5089,9.419300000000002,9.541242857142857,10.914542857142859,14.868585714285715,13.853700000000002,14.411600000000002,14.35807142857143,13.506157142857143,14.054142857142859,12.644514285714289,9.54087142857143,9.865585714285714,9.507599999999998,9.223971428571428,8.500357142857142,7.504328571428571,6.250385714285715,5.004657142857144,4.195971428571428,4.5227,4.511642857142857,3.817542857142857,4.4713714285714286,4.592471428571429,5.361714285714286,6.0327142857142855,6.295814285714286,6.644028571428571,7.023371428571429,6.512828571428571,6.662128571428573,5.796628571428571,5.3388,4.548928571428571,4.299485714285714,5.0505571428571425,5.211171428571428,5.447842857142858,5.701885714285714,5.445842857142857,5.579185714285715,5.824914285714286,4.622085714285714,4.151514285714286,4.093342857142858,4.290128571428572,5.872114285714285,6.339285714285714,5.993828571428571,6.8872285714285715,7.8533857142857135,8.670499999999999,8.633099999999999,7.698514285714286,7.3011,8.891471428571428,8.460185714285714,7.781585714285714,7.956028571428571,8.4357,8.360385714285714,8.837985714285715,7.504357142857144,7.893314285714285,8.457214285714285,7.2061714285714285,7.057857142857143,7.034428571428571,6.450114285714285,6.544299999999999,7.044014285714286,8.8558,9.962742857142857,10.266471428571426,10.378457142857144,11.370757142857142,11.556814285714285,11.777114285714285,9.967185714285716,9.924414285714287,10.209171428571429,11.177742857142858,10.440428571428571,10.448728571428571,10.124585714285713,10.12492857142857,11.111742857142858,10.060557142857144,9.402257142857142,10.171257142857144,9.931371428571428,10.297185714285716,14.353914285714287,13.930828571428572,15.168314285714285,15.795671428571428,17.539914285714286,18.521685714285717,17.772542857142856,13.797999999999998,12.89172857142857,13.693957142857144,13.529585714285714,11.676271428571427,10.844314285714287,11.662128571428571,11.351814285714287,11.411942857142858,10.946871428571429,11.244071428571429,12.328928571428573,13.392371428571428,13.197542857142855,13.421471428571431,15.725714285714288,15.83714285714286,17.28702857142857,15.977271428571429,15.32167142857143,15.229428571428569,14.550985714285712,11.5851,13.946185714285717,13.499871428571428,14.831100000000001,15.6184,16.522414285714284,18.705299999999998,22.178985714285712,20.42237142857143,20.8691,19.928085714285714,20.29471428571429,19.329199999999997,18.636100000000003,18.319828571428577,16.817299999999996,14.959457142857142,14.34792857142857,14.160714285714283,15.339471428571429,16.158985714285713,14.787828571428573,15.460685714285715,17.078857142857142,19.216428571428573,18.51307142857143,17.921442857142857,16.97802857142857,16.063328571428574,16.894457142857142,15.933985714285713,17.214157142857143,17.271571428571427,18.385099999999998,19.015171428571428,20.6878,19.11875714285714,19.089885714285714,17.32242857142857,18.082171428571428,16.708242857142857,19.738842857142856,18.60894285714286,20.91571428571428,23.522199999999998,23.1385,23.666400000000003,24.710357142857145,21.31718571428571,21.586528571428573,20.44852857142857,19.587757142857146,19.446871428571423,17.7879,16.585285714285714,16.00714285714286,15.879042857142858,15.99407142857143,18.448385714285713,22.10575714285714,23.31564285714286,24.909385714285715,25.690685714285713,26.787871428571425,34.62065714285714,31.915171428571426,29.126957142857144,29.047014285714283,27.854814285714287,26.882271428571425,26.3196,20.812099999999997,22.85502857142857,24.216957142857144,23.6815,24.79817142857143,25.268542857142855,25.77458571428571,22.86504285714286,19.94275714285714,22.756857142857143,28.072014285714285,30.372871428571425,33.52062857142857,35.93815714285714,40.109114285714284,40.70325714285714,35.95834285714286,30.619342857142858,26.723028571428575,23.20482857142857,21.485542857142857,16.909314285714284,15.306885714285713,16.317985714285715,17.069857142857142,19.008171428571426,19.41727142857143,18.55851428571429,19.281442857142856,19.533814285714282,18.343557142857144,17.253257142857144,15.5853,17.481985714285713,24.954957142857147,32.616957142857146,33.4457,33.14814285714286,33.18875714285714,33.192528571428575,30.911514285714283,22.243671428571428,14.829300000000002,14.13002857142857,15.389842857142856,14.598671428571427,14.533928571428572,15.175114285714287,16.03887142857143,15.66622857142857,15.895214285714287,14.816785714285714,15.7736,16.551928571428572,16.6279,16.678800000000003,17.483228571428572,17.66682857142857,18.972,19.838228571428573,20.094385714285718,19.070899999999998,18.216171428571432,16.8988,16.89924285714286,15.34452857142857,14.131728571428571,12.283657142857143,15.583542857142858,17.717142857142857,18.96917142857143,19.19852857142857,20.54207142857143,24.19674285714285,25.075514285714284,22.95704285714286,23.283314285714287,25.174185714285716,26.79262857142857,26.841857142857144,26.88138571428572,29.76308571428572,31.113614285714284,28.074957142857148,24.399842857142858,20.768914285714285,20.666357142857144,18.03955714285714,14.767542857142855,12.648971428571427,13.435685714285713,16.559071428571432,20.194185714285712,19.089742857142856,18.503542857142858,18.56694285714286,18.465200000000003,19.41867142857143,19.414142857142856,17.065728571428572,17.766542857142856,17.47172857142857,16.817257142857144,17.05367142857143,15.310242857142859,12.505942857142857,12.41307142857143,11.6104,11.666857142857143,12.280085714285715,11.880714285714285,12.008957142857144,12.35757142857143,12.289042857142856,11.226799999999999,11.43645714285714,10.795642857142857,11.0414,11.499042857142856,10.4804,9.633628571428572,10.111871428571428,8.675199999999998,8.837014285714284,8.153385714285713,8.516557142857142,9.882042857142858,10.89562857142857,10.260057142857145,10.301757142857143,10.249814285714285,10.281471428571427,9.531642857142856,9.990528571428571,8.99392857142857,9.495014285714285,9.951742857142857,10.00372857142857,10.12522857142857,10.295828571428572,8.711942857142857,8.151657142857143,8.163942857142859,8.48857142857143,8.981414285714285,9.421942857142856,10.154671428571428,10.269014285714286,11.784357142857143,11.6805,11.182285714285715,10.793385714285714,9.835242857142855,8.44682857142857,7.902285714285713,6.339300000000001,6.219357142857143,5.858171428571429,5.3260000000000005,5.928471428571428,6.644871428571429
69,2.9928,2.9928,4.47,4.577133333333333,4.488925,4.74944,5.1795,6.320014285714286,7.035214285714285,7.762757142857143,8.1008,8.640071428571428,9.827328571428572,9.802742857142858,11.936414285714287,14.068142857142858,13.636671428571429,13.756885714285715,13.498257142857144,13.223285714285714,13.535414285714285,11.164528571428573,9.060542857142858,9.078228571428571,8.722757142857143,8.578385714285714,7.910071428571428,7.120742857142857,5.868000000000001,5.087785714285714,4.3219,4.557157142857143,4.7183142857142855,3.994142857142857,4.591728571428571,4.605271428571429,5.151085714285714,5.668357142857142,5.781871428571429,6.0255285714285725,6.282985714285714,5.747585714285714,5.9580857142857155,5.314671428571428,4.989128571428572,4.252585714285715,3.9001428571428574,4.564157142857143,4.910228571428571,4.850771428571428,5.2316,4.995857142857143,5.375657142857143,5.358314285714286,4.382014285714286,3.720242857142857,4.2884,4.445671428571428,5.824371428571429,6.218857142857142,6.003671428571428,7.122314285714286,8.097785714285713,8.820928571428572,8.675657142857142,7.7180857142857135,7.046057142857143,8.745328571428571,8.1115,7.57032857142857,7.336728571428571,7.919557142857144,8.074871428571427,8.839357142857143,7.526857142857142,8.094957142857142,8.511657142857143,7.370757142857143,7.200142857142857,7.161357142857142,6.583028571428571,7.134485714285715,9.360671428571427,10.707471428571427,12.234300000000001,12.536142857142854,12.57645714285714,13.320214285714286,13.446299999999999,11.541228571428572,10.2618,9.934328571428571,9.978542857142855,11.34902857142857,10.83507142857143,11.268642857142856,11.174642857142857,11.728357142857144,12.9931,12.250685714285714,11.023685714285714,12.254528571428574,11.342342857142857,11.238757142857143,15.787185714285714,15.449471428571428,16.913328571428572,18.13518571428571,19.6579,20.810885714285714,20.487399999999997,15.591885714285713,14.838285714285714,14.897114285714284,14.294928571428569,13.023157142857144,11.966999999999999,12.824742857142857,12.505385714285714,11.8882,11.2758,11.873385714285714,12.606714285714288,13.175471428571429,13.318442857142859,13.298500000000002,14.935185714285712,15.282799999999998,16.157442857142858,14.344371428571426,14.032214285714284,13.882757142857141,13.770457142857142,11.519771428571431,14.201557142857142,14.068114285714286,16.0371,17.041814285714285,18.832957142857143,20.993185714285712,24.250085714285714,22.665957142857145,23.769514285714283,22.237400000000004,22.839714285714283,21.23532857142857,19.733257142857145,19.497071428571427,17.742600000000003,14.990914285714284,14.378699999999997,14.114257142857142,14.780857142857144,16.57448571428571,15.405942857142858,16.5302,19.52124285714286,22.193142857142863,21.633814285714287,21.715700000000002,20.514042857142858,19.76287142857143,21.677042857142858,20.143757142857144,21.532414285714285,21.302457142857143,22.059328571428573,22.567085714285714,24.102485714285713,21.304100000000002,20.932214285714284,18.563457142857143,19.312728571428572,18.37305714285714,21.807514285714284,20.85097142857143,23.751471428571428,25.578742857142856,25.4377,26.395385714285712,26.637442857142855,22.4309,22.265000000000004,20.697899999999997,19.745914285714285,19.2204,16.993357142857146,15.66467142857143,15.244342857142858,15.831171428571427,16.59822857142857,20.62024285714286,24.830514285714287,26.391228571428574,28.162342857142857,29.92244285714285,30.267071428571423,37.175999999999995,34.57828571428571,31.56985714285715,31.570500000000003,30.738742857142856,29.121299999999998,30.039314285714287,25.016214285714288,26.403285714285715,27.963114285714287,27.375514285714285,28.06591428571429,28.557071428571426,28.21497142857143,24.83667142857143,21.771828571428568,24.816942857142855,30.639257142857137,33.67845714285714,37.27571428571428,39.695657142857144,44.44361428571428,46.29121428571428,40.9542,34.84938571428571,30.1114,25.885114285714284,25.390885714285712,19.840185714285717,17.239485714285713,17.751628571428572,18.26782857142857,20.989557142857144,21.56291428571429,19.19758571428571,20.602585714285713,20.495399999999997,20.846557142857144,20.574114285714284,18.842971428571428,20.772471428571432,26.480171428571428,35.19468571428572,35.97085714285714,34.769371428571425,34.50855714285714,33.961842857142855,31.010857142857144,24.491257142857144,15.615771428571431,15.325600000000003,16.121857142857145,15.427514285714285,15.694457142857145,16.953828571428573,17.764742857142856,18.898142857142858,19.231528571428573,19.57317142857143,20.999871428571428,21.238999999999997,21.08244285714286,20.171514285714288,19.473785714285714,19.578485714285716,21.38775714285714,21.708085714285716,22.169899999999995,21.124200000000002,20.972900000000003,19.824114285714284,19.811842857142857,16.767885714285715,14.988542857142859,13.398528571428573,17.0943,19.982642857142856,21.188971428571428,20.1362,20.119957142857146,24.7635,25.971514285714285,24.981671428571428,26.078642857142857,28.547171428571428,32.07958571428571,33.79912857142857,33.68682857142857,36.31617142857142,36.139799999999994,31.388942857142858,26.978271428571425,22.356314285714284,21.643599999999996,18.550242857142855,15.205071428571427,12.814585714285714,13.492385714285716,18.791885714285716,23.14092857142857,21.99654285714286,21.88218571428572,21.73131428571429,21.75708571428572,23.130699999999997,20.894557142857142,18.1801,19.00641428571429,18.34552857142857,17.700728571428574,18.443414285714283,16.59414285714286,14.082614285714286,13.289542857142859,12.471414285714287,12.5008,13.353814285714288,12.649928571428573,12.893442857142857,13.162914285714288,13.469757142857144,12.973214285714286,12.894499999999999,12.103114285714286,13.310971428571431,13.444657142857142,12.59697142857143,11.590985714285713,11.985014285714286,10.792471428571428,10.76207142857143,9.410714285714286,10.147214285714284,11.185371428571429,12.197257142857142,11.604714285714284,11.396814285714285,11.704514285714286,11.721242857142858,11.008514285714286,10.53727142857143,9.952342857142856,10.304785714285714,11.024871428571428,10.718685714285714,10.710099999999999,10.865271428571429,10.508371428571431,9.790542857142857,9.824028571428572,10.000057142857143,10.733142857142857,10.901371428571426,11.992314285714286,12.768,13.772899999999998,13.562542857142857,13.014799999999997,12.7174,11.854828571428571,10.116657142857145,8.623571428571427,7.340114285714284,7.050171428571427,7.240571428571429,6.717942857142858,7.784128571428572,8.077428571428571
70,3.0383,3.0383,5.6657,6.443933333333334,6.014950000000001,7.11718,7.8105,9.221785714285714,10.304385714285715,10.970557142857142,11.767285714285716,12.237085714285714,14.983500000000001,14.517714285714286,18.24442857142857,18.905685714285713,18.04274285714286,17.24602857142857,17.11347142857143,15.294300000000002,15.724071428571431,11.560228571428572,11.011414285714284,11.299299999999999,11.06072857142857,11.1533,9.83997142857143,9.202214285714286,7.8504,6.577499999999999,6.079742857142857,6.249514285714286,6.053714285714286,5.283457142857143,5.5366285714285715,5.5826,6.371228571428572,6.821371428571429,6.890128571428571,7.702785714285715,8.228185714285713,7.650857142857142,7.507042857142857,7.103814285714286,6.944028571428572,6.3696,5.4934,5.784485714285714,5.977785714285714,5.905957142857142,6.330371428571428,5.9328714285714295,6.0784142857142855,6.016614285714286,5.003228571428571,4.6628,6.004685714285714,6.1263571428571435,7.588042857142857,8.151228571428572,7.828214285714286,9.198085714285714,10.34077142857143,10.578771428571429,10.118471428571429,8.854700000000001,8.254128571428572,8.937528571428572,8.4196,7.3847,6.8406142857142855,8.00752857142857,7.6837285714285715,8.150028571428571,7.853828571428571,8.722028571428572,9.316257142857143,8.462914285714286,7.901614285714286,8.295085714285715,7.918771428571428,8.866942857142858,10.424885714285717,12.3501,13.649457142857143,14.039442857142857,14.214785714285714,15.052442857142859,14.542985714285715,12.614971428571428,11.425785714285714,11.665214285714287,11.8265,13.302071428571427,12.643,13.085785714285711,12.7873,13.152657142857143,13.830157142857145,12.5746,11.41342857142857,12.766657142857142,12.250771428571428,12.157028571428572,16.1114,15.648157142857142,17.506442857142854,18.754799999999996,19.767457142857147,20.831257142857144,20.7253,16.280742857142858,15.39875714285714,15.279814285714284,14.157857142857141,12.585357142857143,11.7067,12.415185714285714,12.084342857142857,11.825999999999999,11.0507,11.906657142857142,13.085414285714288,13.672642857142856,14.195871428571431,13.9739,15.444214285714285,15.542685714285714,16.041142857142855,14.395085714285715,14.18992857142857,13.592728571428571,13.9622,11.891914285714288,14.708571428571428,14.597314285714285,16.949828571428572,17.66145714285714,20.023857142857143,21.0532,23.46112857142857,22.1384,23.299299999999995,21.371199999999998,21.246885714285717,19.19327142857143,18.080885714285714,19.679185714285715,17.845342857142857,15.112971428571429,14.858414285714288,15.162714285714287,15.316600000000003,16.6779,14.442442857142856,15.116242857142856,18.80705714285714,21.411,20.606457142857142,21.112414285714287,20.5579,20.197242857142857,22.989185714285714,20.940671428571427,21.39387142857143,21.42997142857143,22.131814285714285,22.6841,23.589085714285712,20.2157,19.24554285714286,17.5246,18.50464285714286,18.700085714285713,22.099314285714286,21.452157142857143,24.2078,26.24625714285714,25.72221428571429,26.772342857142856,26.272342857142856,22.36457142857143,21.7336,20.47412857142857,19.332885714285712,19.142957142857142,17.12045714285714,15.491957142857144,14.88414285714286,15.628185714285715,16.090014285714286,19.124771428571428,22.43187142857143,23.41372857142857,25.420299999999997,26.340242857142858,26.23184285714286,31.223557142857143,29.374142857142857,26.941542857142856,27.16141428571429,26.4881,25.81457142857143,26.441957142857145,23.242314285714286,25.082985714285712,26.632914285714286,25.699028571428574,25.14397142857143,25.91162857142857,26.452314285714287,23.426814285714283,20.123814285714285,22.78324285714286,27.957328571428576,31.360728571428577,33.98721428571429,36.39304285714286,40.022800000000004,42.088414285714286,36.34610000000001,30.949257142857142,26.70114285714286,23.783457142857145,22.548714285714286,17.902985714285716,16.446257142857142,17.866242857142854,18.364985714285712,20.771271428571428,21.487528571428573,19.269542857142856,20.410700000000002,18.809628571428572,18.365157142857147,17.802414285714285,16.193214285714284,16.529514285714285,20.84847142857143,27.892871428571432,28.51467142857143,28.023128571428572,28.20425714285715,28.84332857142857,26.766214285714288,22.439085714285714,15.621571428571428,16.272714285714283,16.45042857142857,15.632114285714284,15.176242857142856,16.27838571428571,16.461657142857142,17.4837,16.58727142857143,17.126685714285717,18.358471428571427,18.645000000000003,17.958885714285714,17.311814285714284,16.424885714285715,17.610899999999997,20.2818,20.613257142857144,20.300857142857144,19.6669,20.21534285714286,18.789242857142856,19.00402857142857,15.938357142857141,14.733285714285714,14.45592857142857,18.739571428571427,20.211414285714284,23.437671428571427,22.652757142857144,23.64515714285714,27.05358571428571,28.16977142857143,28.6104,30.990142857142853,33.07777142857143,35.5599,36.19188571428571,37.44431428571429,38.68491428571428,37.310428571428574,33.15938571428571,27.66081428571429,24.0276,22.2261,19.540857142857142,17.819399999999998,14.981528571428571,15.843285714285713,21.998985714285716,27.886257142857147,29.225771428571427,29.801042857142857,29.76064285714286,29.67157142857143,29.827057142857143,25.853142857142853,20.749000000000002,21.416685714285713,19.628685714285716,18.1672,18.866457142857143,17.069200000000002,17.25267142857143,17.3083,15.164528571428571,14.951557142857142,16.084814285714284,15.866942857142858,16.616157142857144,15.253614285714287,15.864514285714284,16.60102857142857,16.56715714285714,15.976814285714285,17.769385714285715,18.008585714285715,17.297900000000002,17.19304285714286,17.857157142857144,18.5118,18.089914285714286,17.012842857142857,17.311957142857143,18.029999999999998,17.934428571428572,17.209242857142858,16.27615714285714,17.980128571428573,17.956542857142857,18.882257142857146,18.947028571428575,18.081914285714287,18.854071428571427,19.3594,17.726085714285713,17.048314285714287,16.670285714285715,17.98982857142857,19.499485714285715,19.220357142857143,18.526814285714288,20.614671428571427,20.897171428571426,21.96742857142857,22.291914285714284,23.009871428571426,22.74322857142857,23.45765714285714,22.03804285714286,20.48427142857143,18.348814285714287,15.432714285714285,12.230442857142856,11.469214285714285,11.236385714285715,10.940814285714286,12.798371428571429,12.399742857142858
71,9.3045,9.3045,11.9511,13.253566666666666,12.622575,14.14458,15.67695,17.021871428571426,18.010428571428573,19.79082857142857,21.009285714285717,20.967828571428576,21.619557142857143,20.785542857142854,25.563799999999997,27.426942857142855,25.312342857142855,23.39992857142857,24.05445714285714,24.77795714285714,24.622085714285713,19.57318571428571,18.464542857142856,18.966514285714286,18.87985714285714,18.940571428571424,15.766771428571428,15.282642857142859,14.278571428571427,12.161742857142857,11.646928571428573,11.710899999999999,11.064971428571427,11.11602857142857,11.051142857142855,10.135771428571429,11.149528571428572,11.14697142857143,10.978071428571427,11.271342857142855,11.202985714285715,10.520171428571429,10.324371428571428,10.126842857142858,9.89277142857143,9.655671428571427,8.8932,9.2346,10.0118,9.379499999999998,9.650757142857143,9.952157142857143,9.577828571428572,9.382214285714285,9.004257142857142,9.043128571428571,10.89585714285714,11.935985714285716,12.342471428571429,13.792428571428571,13.965214285714286,15.099271428571427,15.497271428571432,15.866814285714288,14.776985714285715,14.521328571428572,12.843614285714285,13.74232857142857,13.152057142857144,11.782042857142857,10.657771428571428,10.926914285714286,9.538128571428572,10.076657142857144,9.442714285714287,9.717057142857142,9.3246,8.860442857142857,8.604785714285713,8.588857142857142,8.2974,9.123614285714286,10.94762857142857,13.4778,15.549542857142857,15.9571,16.917614285714286,17.61092857142857,16.891528571428573,14.770600000000002,13.341899999999999,12.193628571428572,12.395542857142857,13.23524285714286,13.00922857142857,13.790414285714288,13.53947142857143,14.424028571428574,15.142185714285715,14.066585714285713,13.1354,14.124714285714287,13.047085714285714,13.0814,15.133228571428573,14.4398,15.047771428571428,16.409442857142857,16.238757142857143,17.035857142857147,17.234914285714286,15.187942857142856,14.981542857142855,14.872657142857141,13.197614285714284,13.145328571428573,12.697685714285715,12.985185714285716,12.731357142857144,12.501142857142858,12.782271428571429,13.727842857142857,13.87557142857143,14.0821,15.05777142857143,14.154399999999999,14.591885714285713,13.978742857142857,14.777942857142856,14.457342857142859,14.790442857142859,13.508057142857144,14.242199999999999,13.58682857142857,15.008814285714285,14.121585714285715,15.588871428571426,16.25067142857143,17.92282857142857,18.4871,19.469971428571426,19.4029,20.17182857142857,18.497314285714285,18.9672,17.77941428571429,16.756800000000002,17.794914285714288,15.967414285714284,14.433385714285714,14.404771428571427,13.714500000000001,13.312414285714286,13.785014285714286,11.969228571428571,12.790985714285714,16.029714285714284,17.165142857142857,16.21377142857143,16.319614285714287,15.781042857142856,15.474342857142858,18.17962857142857,16.296357142857143,16.934757142857144,17.113,18.306614285714286,19.228271428571425,20.022514285714287,16.79302857142857,15.909071428571428,15.108228571428572,15.697814285714285,15.907,18.449114285714284,19.100314285714287,20.822857142857142,22.16637142857143,21.725042857142856,23.140485714285713,22.647757142857138,19.28642857142857,18.51547142857143,18.678085714285714,17.970299999999998,17.531314285714284,16.065328571428573,14.70087142857143,14.596271428571427,15.146085714285714,15.116828571428572,17.556800000000003,19.820957142857146,19.45367142857143,21.243442857142856,22.163657142857144,21.73577142857143,24.78124285714286,23.371100000000002,21.925642857142858,22.69294285714286,22.042714285714283,21.393399999999996,21.950242857142857,19.852885714285716,21.334985714285715,22.281928571428573,21.202185714285715,20.664185714285715,21.553714285714285,22.175114285714283,19.847071428571432,17.01135714285714,19.291185714285714,23.08351428571428,26.14645714285714,27.206157142857144,28.42067142857143,31.437514285714286,32.61441428571428,29.20962857142857,25.619471428571426,23.09967142857143,21.568485714285714,20.172885714285716,16.29207142857143,15.710271428571428,16.685157142857143,17.247414285714285,17.762857142857143,18.286371428571425,16.960642857142854,17.774585714285713,16.721471428571427,15.469785714285715,14.538842857142855,14.232342857142855,13.864400000000002,16.99234285714286,20.414871428571427,20.6378,20.395142857142854,21.01325714285714,20.524614285714282,19.26008571428571,16.311357142857144,12.691785714285714,12.999485714285715,12.793985714285714,11.780814285714287,11.434357142857142,12.003285714285713,12.309471428571428,12.661557142857143,11.972114285714285,12.243642857142857,13.504142857142856,13.922271428571431,13.250914285714286,12.655142857142858,13.385485714285712,14.642614285714286,17.580142857142857,17.79564285714286,17.638114285714288,18.11792857142857,19.575628571428574,18.426157142857143,19.334642857142857,16.21251428571429,15.362542857142857,15.927142857142856,18.718742857142853,18.721071428571427,21.677757142857143,21.2856,23.095014285714285,25.18448571428571,25.434942857142858,25.66547142857143,27.267185714285713,27.088657142857148,27.088114285714287,25.87257142857143,26.19272857142857,26.360557142857147,24.54692857142857,22.39178571428571,19.940771428571427,17.94862857142857,18.315771428571427,18.16852857142857,17.7713,16.130485714285715,16.268471428571427,23.712899999999998,27.416957142857143,27.183285714285713,28.632885714285717,27.7734,27.788142857142855,28.548485714285714,23.608342857142855,22.569942857142856,24.174614285714284,20.37687142857143,20.359385714285715,21.975328571428573,20.057085714285712,19.553314285714286,19.06027142857143,17.48537142857143,18.981042857142857,20.495985714285716,22.292957142857144,22.938114285714285,20.741214285714285,21.485071428571427,21.366628571428574,20.546828571428573,19.571757142857145,19.67814285714286,20.719699999999996,20.45435714285714,18.472628571428572,20.741028571428576,21.416485714285717,21.2858,19.757314285714283,21.764914285714287,23.65578571428571,24.151642857142853,23.07267142857143,22.42164285714286,24.565442857142852,26.14722857142857,26.320685714285712,26.44134285714286,26.619242857142858,29.1673,29.854942857142856,27.752871428571428,26.613757142857143,23.948800000000002,26.170014285714284,29.42788571428571,27.075271428571426,26.71032857142857,29.279799999999998,28.983071428571428,32.240457142857146,30.5238,29.242842857142858,28.985685714285715,29.747528571428575,27.375671428571426,25.98685714285714,22.869357142857144,20.647742857142855,17.011114285714285,15.686099999999998,15.258714285714287,16.081271428571426,18.21278571428571,17.140571428571427
72,7.0838,7.0838,6.9594000000000005,8.402933333333333,9.151875,8.57988,10.002450000000001,10.791,11.788571428571428,11.810457142857144,12.651300000000003,13.864600000000001,14.753971428571429,14.709699999999998,14.09082857142857,26.193399999999997,32.245085714285715,34.10975714285714,33.961842857142855,34.61165714285715,37.20655714285715,37.81374285714286,26.13277142857143,21.48357142857143,18.68017142857143,17.27895714285714,16.756742857142857,12.8999,12.718485714285716,12.637457142857143,11.253271428571427,11.81882857142857,12.589128571428573,11.620842857142858,11.645271428571428,11.161842857142858,10.028671428571428,10.452528571428571,9.9881,9.8561,10.213242857142857,10.571314285714285,10.225571428571428,10.199628571428573,11.766057142857141,11.401357142857142,10.535085714285714,10.279371428571427,10.501114285714285,11.334514285714286,10.740657142857142,9.977942857142859,10.174742857142856,9.794385714285713,10.294957142857143,9.8682,9.526642857142857,11.377314285714286,10.330657142857143,11.236428571428572,12.745499999999998,12.338842857142856,13.405114285714287,13.9487,13.595814285714287,14.388200000000001,13.226585714285717,12.176157142857145,12.655685714285719,13.58367142857143,12.582642857142858,12.36751428571429,13.008385714285717,12.583114285714286,12.297385714285713,13.098585714285715,12.848457142857143,12.70314285714286,12.944714285714285,12.829242857142857,13.103514285714287,13.207728571428573,13.479000000000001,13.322385714285714,15.80952857142857,16.8103,18.831671428571433,20.346985714285715,21.001742857142858,20.4547,18.92397142857143,17.464614285714283,16.168642857142856,13.501914285714284,13.743314285714288,13.457842857142856,13.283185714285716,14.05974285714286,15.762685714285714,16.9021,17.923042857142857,17.297985714285716,21.346785714285716,20.553400000000003,20.2979,18.8502,18.032957142857143,17.53607142857143,17.954514285714286,14.494385714285713,15.215085714285712,15.563500000000001,16.334657142857143,16.34607142857143,16.255985714285714,14.750742857142857,14.857385714285714,14.696185714285713,14.06217142857143,14.599928571428572,14.048771428571428,13.548642857142855,14.45192857142857,15.379242857142856,15.165171428571428,16.812214285714287,14.31275714285714,13.896171428571426,13.817014285714285,14.296085714285715,13.997128571428572,14.858928571428569,12.452542857142857,14.494600000000004,16.674742857142856,17.063814285714283,16.749485714285715,17.40337142857143,16.440828571428572,17.765414285714282,17.2013,16.23237142857143,16.067,16.080414285714287,14.037514285714284,16.085957142857144,16.103885714285717,15.607757142857144,15.29304285714286,14.810685714285714,13.50054285714286,14.880985714285716,13.719071428571429,13.097500000000002,13.007342857142858,12.332399999999998,13.280299999999999,14.660871428571427,13.665557142857141,12.994185714285715,12.5966,11.607500000000002,11.373014285714287,13.357971428571428,12.994214285714287,13.777514285714288,13.561328571428573,14.776214285714286,15.545342857142856,15.940957142857144,12.95247142857143,12.4611,12.128499999999999,12.053299999999998,12.880457142857143,14.392657142857145,14.967857142857142,16.218428571428575,17.248,17.662971428571428,19.33955714285714,17.997357142857144,15.780085714285715,16.225914285714286,17.14562857142857,16.7983,15.870771428571429,15.478171428571429,14.754714285714286,15.173271428571429,15.00885714285714,14.871485714285713,16.20237142857143,17.17887142857143,16.342957142857145,17.73062857142857,18.04274285714286,18.001157142857142,18.63708571428571,17.86222857142857,16.948128571428573,16.865757142857145,16.125,15.740728571428573,15.482114285714287,14.235357142857143,14.848885714285714,15.200471428571428,14.889928571428571,14.414128571428572,15.147414285714285,15.010214285714284,14.328171428571427,13.054142857142859,14.966514285714286,16.933842857142857,18.304714285714287,18.165585714285715,18.673114285714288,19.125228571428572,18.897971428571427,16.61147142857143,14.527942857142857,12.946585714285716,12.158557142857143,11.620000000000001,10.0586,10.521114285714287,10.879914285714287,11.1751,12.09917142857143,12.23837142857143,11.569728571428572,11.7868,10.774528571428572,10.265828571428571,9.659128571428571,9.152771428571429,9.407114285714284,11.078642857142857,13.0825,13.22032857142857,13.514171428571428,14.331557142857141,14.085885714285714,13.263614285714286,11.244157142857144,8.649728571428572,8.479242857142859,7.919614285714284,6.863,6.407457142857143,6.421385714285714,6.930885714285714,7.645071428571429,7.6882,7.663042857142856,7.918528571428571,8.135399999999999,8.796742857142856,9.134385714285715,9.5924,10.1809,11.066414285714286,11.36712857142857,11.831357142857144,11.494485714285714,11.913885714285714,11.735999999999999,11.725085714285715,10.978771428571426,10.976999999999999,10.59152857142857,10.814642857142857,10.743114285714286,10.996185714285716,12.191571428571427,13.02222857142857,13.224342857142858,13.541771428571428,14.3727,13.566014285714285,13.263342857142856,12.157128571428572,11.21952857142857,11.219257142857144,11.249657142857144,10.456028571428572,10.160114285714286,9.874857142857142,9.158928571428572,10.316842857142857,11.839242857142855,11.4119,11.837342857142856,12.951014285714285,16.325,17.101071428571426,16.175114285714283,14.978485714285714,15.079242857142857,14.735,16.558214285714286,15.527657142857143,16.42487142857143,16.657457142857144,15.809871428571428,15.907557142857144,16.644928571428572,13.813957142857145,12.459342857142857,11.734157142857143,12.100800000000001,13.444571428571427,14.207971428571428,15.339128571428573,15.527571428571429,15.359071428571427,15.882214285714285,15.443628571428572,15.1695,14.31322857142857,12.77564285714286,13.59267142857143,13.005342857142855,11.996085714285714,13.347314285714287,12.362,13.28347142857143,12.542957142857144,13.684371428571428,14.278914285714288,15.127714285714287,14.996528571428572,15.849942857142858,16.171985714285714,17.666400000000003,16.856500000000004,18.36767142857143,17.73442857142857,16.298414285714284,16.0954,15.924985714285713,15.698199999999998,15.181142857142857,14.71215714285714,15.082128571428571,15.721642857142857,16.00117142857143,16.677457142857143,15.60922857142857,17.630657142857142,15.926614285714288,15.964514285714287,16.107857142857146,16.40664285714286,15.310457142857144,15.116271428571427,12.556485714285714,12.076628571428571,10.538157142857143,9.702157142857143,8.941385714285714,8.880085714285714,9.869285714285715
73,5.814,5.814,6.82655,7.5581000000000005,8.345225000000001,7.75708,8.8714,9.087542857142857,10.4381,10.461014285714285,10.508842857142856,10.904542857142857,12.315457142857142,12.38982857142857,12.147928571428574,17.969685714285713,20.007114285714287,22.83431428571429,23.558071428571427,24.430442857142857,24.448657142857144,25.2982,20.7483,19.354585714285715,16.225385714285714,14.488214285714287,12.44187142857143,11.226914285714285,10.491142857142858,7.9929,6.912100000000001,6.948228571428572,7.5363428571428575,7.4931,7.69682857142857,7.484328571428571,7.6724428571428565,7.923985714285714,8.695157142857143,8.926471428571428,9.103557142857143,9.2436,8.876542857142857,8.434828571428572,9.714785714285714,8.689942857142857,7.743542857142857,7.209257142857142,7.424814285714286,7.991328571428572,7.898757142857143,6.806185714285713,6.694271428571428,6.578214285714286,7.1341142857142845,7.0477428571428575,6.848285714285715,7.368385714285715,7.771428571428572,9.587757142857143,10.999885714285714,11.001214285714285,11.979485714285715,13.156328571428572,13.2491,12.853742857142857,11.280557142857143,10.605900000000002,10.640600000000001,11.438999999999998,10.262157142857143,10.737171428571429,10.773242857142858,10.286642857142857,10.242114285714285,11.00494285714286,9.1031,8.952899999999998,9.650742857142857,9.373342857142857,9.442242857142856,8.793671428571427,8.231385714285715,10.514114285714285,13.092885714285714,14.270014285714284,16.9776,18.414414285714287,19.373114285714284,20.111385714285714,17.495157142857142,16.1467,14.949714285714284,14.039371428571428,15.069085714285716,14.518385714285714,14.33302857142857,15.1086,15.850157142857142,15.410042857142857,15.954099999999999,14.984585714285712,18.359957142857144,17.941014285714285,17.7395,16.07962857142857,16.293642857142856,15.693457142857142,15.560871428571428,13.415385714285714,12.981442857142856,13.849957142857141,14.896157142857144,14.576285714285715,14.376657142857143,13.64437142857143,13.275014285714288,14.13287142857143,13.352557142857142,14.940442857142857,14.290157142857142,13.589257142857141,13.892714285714286,14.899914285714285,14.558999999999997,16.65137142857143,13.856857142857143,14.68277142857143,14.54227142857143,15.078342857142859,14.111885714285714,14.933942857142856,11.81582857142857,13.575842857142858,15.958357142857142,16.461742857142855,16.402485714285714,16.9489,15.685114285714281,16.56815714285714,16.791900000000002,14.180257142857144,13.530371428571428,12.990471428571428,11.639842857142856,12.221785714285716,12.5178,11.652314285714287,11.052057142857143,10.812785714285715,10.58772857142857,11.517085714285715,11.596328571428572,10.986085714285712,10.358099999999999,10.065471428571428,10.801757142857143,10.664257142857142,9.975814285714284,9.562971428571428,9.546614285714286,8.797928571428573,8.958142857142857,9.201814285714287,9.544628571428571,9.543857142857144,9.66757142857143,10.401628571428573,11.1439,11.465614285714285,10.927514285714286,10.585685714285713,10.4358,10.720857142857142,10.615142857142857,11.157857142857143,11.457185714285714,11.4623,12.005700000000003,12.370028571428573,12.386800000000003,11.882900000000003,10.900428571428572,11.517399999999999,12.78242857142857,12.803185714285712,12.417657142857141,12.803957142857142,12.4658,12.629871428571429,12.695042857142855,11.5094,11.68507142857143,11.951157142857143,11.064085714285715,12.347385714285718,12.765799999999999,12.092014285714283,12.612571428571428,12.445742857142859,12.008500000000002,11.47877142857143,10.386985714285714,9.4368,9.30697142857143,8.691285714285716,8.814842857142859,8.982014285714286,9.266757142857143,9.470414285714286,10.089185714285716,9.61777142857143,10.175385714285714,9.754971428571428,11.058800000000002,12.203042857142858,12.62394285714286,12.279914285714286,12.59137142857143,12.388371428571428,12.097828571428574,10.791414285714286,9.35527142857143,8.578385714285714,8.184114285714287,8.211642857142857,7.479971428571427,7.588642857142858,8.047757142857142,8.21812857142857,8.227442857142858,8.464857142857143,7.873042857142856,7.5058,7.278999999999999,7.194985714285715,7.1006,7.557657142857143,7.669242857142857,8.320557142857144,9.2003,9.388857142857145,9.145485714285714,9.420614285714283,9.047014285714285,8.663085714285716,8.015514285714286,7.016900000000001,6.701842857142857,6.3533857142857135,6.037185714285714,5.5797,6.371628571428571,7.157128571428571,7.0647714285714285,7.4251571428571435,7.634114285714285,7.943485714285714,8.457071428571428,8.507414285714287,8.623485714285714,9.51782857142857,10.3275,10.476128571428571,10.463571428571427,10.489299999999998,9.811514285714287,9.003257142857143,8.573385714285715,7.863628571428571,7.047842857142856,6.509228571428571,5.913642857142858,5.768800000000001,5.998371428571429,5.953242857142857,7.1724428571428565,9.310028571428571,10.127471428571429,10.845614285714285,11.640728571428571,11.257785714285715,11.006385714285715,9.446314285714285,7.755871428571427,7.198971428571428,6.945914285714287,6.607785714285714,6.540628571428571,6.8144857142857145,7.056785714285715,7.936271428571429,9.453357142857142,9.349157142857143,10.689085714285714,12.168714285714286,14.215014285714286,14.214985714285714,14.759571428571425,13.338214285714285,13.4376,12.683728571428572,13.784614285714285,13.611499999999998,14.6183,13.000028571428572,12.963671428571429,12.608142857142857,12.47332857142857,10.341514285714286,8.899114285714287,8.282371428571427,9.521571428571429,10.337399999999999,11.262142857142857,11.373271428571428,11.635842857142856,12.2821,12.898371428571428,12.951871428571426,13.361171428571428,13.520157142857142,13.458157142857145,14.202842857142855,13.477814285714286,12.779857142857143,12.820328571428572,11.825342857142857,11.97717142857143,11.515985714285716,11.829128571428571,12.488914285714287,13.19277142857143,13.036200000000003,13.491142857142856,13.499328571428572,14.256757142857143,14.080942857142857,15.598614285714286,14.689157142857143,14.664014285714286,14.8824,15.203442857142857,14.876199999999999,15.040142857142856,13.876985714285713,15.084385714285714,14.497942857142856,14.826499999999998,14.374057142857142,13.909957142857142,14.5149,13.48207142857143,13.285442857142858,14.828414285714286,14.363357142857144,14.046928571428571,13.647457142857144,11.6584,11.1336,9.470528571428572,7.6476000000000015,6.989771428571428,7.084942857142857,7.136214285714284
74,5.9607,5.9607,6.20415,8.000166666666667,8.182300000000001,7.6484200000000016,8.448216666666669,8.22707142857143,9.677757142857143,10.157685714285716,9.928857142857142,10.5016,11.962414285714287,12.567885714285717,13.094414285714288,20.12625714285714,22.43822857142857,23.274671428571427,24.031499999999998,24.411899999999996,23.66838571428571,24.18412857142857,17.6067,15.540342857142857,14.353871428571427,12.668071428571428,11.111714285714287,10.348614285714287,9.746157142857143,7.503371428571428,6.5266,6.444857142857144,7.2091,7.042128571428571,7.308042857142857,6.788257142857143,7.3964428571428575,7.677414285714286,8.2167,8.1548,8.805628571428572,8.805628571428572,8.6777,8.203314285714285,9.136185714285714,8.454342857142858,7.425314285714287,6.183457142857143,6.330285714285714,6.628728571428572,6.545128571428571,5.5017000000000005,5.245171428571429,5.247042857142857,5.806642857142856,5.745971428571429,5.345371428571427,5.6212285714285715,6.4659571428571425,7.7845,9.018242857142857,9.290128571428571,10.112871428571427,11.945442857142856,11.782842857142857,10.528757142857144,9.303928571428571,8.64712857142857,9.18532857142857,9.31377142857143,7.630428571428572,7.446028571428571,7.9366,8.389328571428571,8.6489,8.537242857142857,7.103114285714287,6.842071428571429,7.475557142857143,6.847685714285715,6.057142857142857,4.946685714285714,4.5187,6.678042857142858,8.327128571428572,10.15467142857143,11.561471428571428,12.225485714285714,13.647142857142857,14.755557142857143,13.533100000000001,13.025028571428573,12.570142857142859,12.932142857142859,13.805271428571428,13.004585714285716,12.467085714285714,12.232600000000001,12.473600000000001,11.123457142857143,10.604242857142859,10.311485714285713,11.230928571428572,10.715985714285713,10.517128571428572,9.471599999999999,10.471042857142859,10.630628571428572,10.534257142857143,10.688257142857143,10.631685714285714,10.885685714285712,10.924157142857142,10.92372857142857,10.646242857142855,10.222599999999998,10.072414285714286,10.762342857142857,11.152142857142858,12.599242857142857,11.203085714285715,11.299542857142855,11.491299999999999,11.3399,10.554714285714285,11.47147142857143,10.346257142857143,11.743714285714287,11.787600000000001,11.770214285714287,11.1576,11.416957142857143,9.096185714285713,9.958285714285713,10.247957142857143,9.595385714285714,9.180814285714286,9.76677142857143,9.55627142857143,10.102014285714287,10.70397142857143,9.410342857142856,9.642485714285714,9.721957142857145,9.788042857142857,10.139357142857142,10.729600000000001,9.5839,9.253442857142856,9.1174,8.970885714285714,8.427771428571429,8.222414285714285,7.300528571428572,7.328728571428572,7.120599999999999,7.355385714285715,7.126114285714286,7.089,7.0901571428571435,7.530585714285714,6.532957142857143,6.540928571428572,6.516814285714285,7.487857142857142,7.591385714285714,7.65902857142857,7.974814285714285,9.174371428571428,10.43277142857143,10.977742857142857,10.268457142857143,10.011157142857144,10.221028571428572,9.803657142857144,9.060028571428571,8.53552857142857,7.6565,8.030442857142857,8.313085714285714,8.334285714285715,8.345742857142858,8.169542857142858,8.955914285714286,10.506414285714285,10.47487142857143,10.145871428571429,9.697228571428571,9.58072857142857,9.682371428571429,9.112214285714286,7.608242857142858,7.5459000000000005,7.452128571428572,7.3066,7.620614285714285,8.373828571428572,8.121585714285715,8.62122857142857,8.793185714285714,8.72462857142857,8.407514285714287,7.8506714285714265,6.736542857142857,6.4285571428571435,5.880571428571429,5.3887,5.517471428571429,6.0945285714285715,7.029385714285715,8.073271428571429,8.599657142857144,9.069728571428572,9.683642857142857,10.109257142857144,10.340228571428572,9.48307142857143,8.524285714285714,7.869557142857142,7.6991,7.274099999999999,6.877857142857143,6.0757142857142865,6.128357142857145,5.8545428571428575,5.910985714285714,5.925657142857142,5.496628571428571,5.6515,5.7273571428571435,5.640528571428571,5.684728571428571,5.229685714285714,5.102257142857143,5.8339428571428575,6.213328571428571,6.770857142857142,7.410371428571428,7.679314285714286,7.969928571428571,7.802914285714287,7.693328571428572,7.0780714285714295,6.402285714285713,5.6514,5.293342857142856,4.992871428571428,4.863428571428572,4.139257142857143,4.185557142857143,4.775242857142858,4.905057142857143,5.597128571428572,6.615085714285714,7.396757142857142,7.8951,8.045257142857144,8.077714285714288,8.065457142857145,8.213328571428573,8.072685714285715,8.118228571428572,8.831414285714287,8.607728571428572,8.491371428571428,8.891157142857143,9.168999999999999,8.365357142857142,7.472242857142858,6.750471428571428,6.569642857142857,6.247414285714285,5.644771428571429,4.671914285714286,5.2261999999999995,5.267214285714286,6.366985714285714,7.253,7.5316857142857145,8.468742857142857,9.071514285714285,8.8659,9.162514285714284,7.711985714285715,7.318142857142858,6.570257142857144,5.985542857142858,6.0712142857142855,5.667014285714286,5.5882000000000005,6.504371428571429,6.921857142857143,9.154357142857142,9.4048,10.718671428571428,13.166385714285713,14.362971428571427,14.032157142857143,14.372871428571429,12.434099999999999,12.412171428571428,11.272714285714287,10.880528571428572,10.959214285714285,12.376671428571427,11.021771428571428,11.893085714285714,12.174157142857142,12.231328571428573,10.295842857142857,9.33987142857143,8.28957142857143,9.691428571428572,9.903885714285716,9.829914285714285,9.762,10.309185714285714,11.587514285714287,12.420314285714285,12.623757142857142,13.087085714285712,13.497985714285713,13.255485714285713,13.630299999999997,12.58285714285714,11.926542857142858,11.617,11.162614285714286,11.002542857142856,11.364885714285716,12.215814285714286,13.0846,13.553185714285714,13.412971428571428,13.370314285714286,13.67837142857143,14.360985714285716,14.623871428571428,15.6654,15.120485714285715,15.417,15.51315714285714,15.43707142857143,14.981628571428573,15.911328571428571,14.176985714285715,14.456928571428572,14.6058,15.091214285714287,14.798114285714286,14.416914285714284,13.004299999999999,12.625871428571429,13.390685714285713,14.141071428571431,13.513142857142856,13.026542857142857,12.512542857142856,11.529942857142856,11.06007142857143,9.089757142857144,7.3528142857142855,6.894028571428572,6.991928571428573,6.9257
75,6.6801,6.6801,5.9088,7.269366666666667,7.017825000000001,6.526820000000001,7.035866666666667,6.842885714285715,7.907000000000001,8.709214285714285,8.755771428571428,9.2715,10.694157142857142,11.012357142857141,12.09242857142857,17.89387142857143,18.35167142857143,18.507900000000003,19.092314285714284,19.19034285714286,19.07785714285714,19.101642857142856,14.04704285714286,13.686000000000002,12.9301,11.644171428571429,10.33087142857143,9.684714285714284,9.190014285714284,6.8060142857142845,6.033628571428571,5.791028571428571,6.740357142857142,6.797942857142857,6.262628571428571,5.545228571428572,6.308628571428572,6.058185714285714,7.053514285714286,6.594771428571428,7.421514285714285,8.231814285714284,8.231757142857143,7.725128571428572,8.435728571428573,7.464185714285715,6.666714285714287,5.486071428571428,5.5969,5.907228571428571,6.027499999999999,5.2068714285714295,4.980442857142857,5.015014285714286,5.16512857142857,5.0789857142857135,4.518942857142856,4.359571428571429,5.453771428571429,7.4443,9.792714285714286,10.2706,10.465742857142859,12.711571428571428,13.273214285714285,11.984914285714284,10.040814285714285,8.539542857142857,8.999971428571428,9.204614285714285,7.907571428571429,8.916757142857142,9.24232857142857,10.633414285714284,11.3912,11.928157142857142,11.176599999999999,10.606142857142858,9.53542857142857,9.197585714285713,7.896014285714286,6.147885714285715,5.104328571428572,7.799571428571428,10.655214285714285,13.490728571428571,14.720228571428573,14.766857142857143,15.625271428571429,16.67747142857143,14.697757142857142,12.623371428571428,10.0261,10.533328571428571,11.304757142857142,11.2982,10.328985714285713,10.0831,10.206,9.970114285714287,9.066514285714286,9.580471428571428,9.655514285714286,9.870128571428571,10.11582857142857,9.524528571428572,10.282428571428571,10.369514285714287,9.948914285714286,10.454257142857143,10.157242857142858,10.194271428571428,9.769357142857144,9.595857142857144,9.468,9.41152857142857,9.14322857142857,9.601885714285714,9.858328571428572,10.6562,10.403685714285714,10.569414285714286,10.363628571428569,9.829728571428573,9.318185714285715,9.470671428571427,9.052171428571429,9.89832857142857,10.323514285714285,9.995971428571428,9.828014285714286,9.713414285714284,8.26442857142857,8.322128571428571,7.354871428571428,6.314271428571429,6.420128571428571,6.6824,6.987957142857143,7.603114285714286,8.996628571428571,9.668928571428571,10.139585714285714,9.735814285714286,9.9742,9.700642857142858,9.842257142857145,8.279642857142857,6.6979,6.407357142857143,6.407357142857144,5.8447571428571425,5.945957142857142,5.710771428571428,6.256242857142857,6.669257142857142,6.299042857142857,6.458228571428571,6.706057142857143,6.485557142857142,6.382842857142857,5.2036999999999995,4.9347,5.0952,5.3881571428571435,5.200385714285715,5.269157142857144,5.867271428571429,7.3083857142857145,8.459871428571429,9.741714285714286,9.015485714285715,8.895485714285714,9.080385714285715,8.072057142857142,6.883300000000001,6.504171428571429,5.3927,6.32457142857143,6.838671428571429,6.752442857142857,7.055757142857144,7.466742857142857,7.879942857142857,8.592328571428572,8.279585714285714,8.0492,7.938842857142857,7.8115428571428565,7.4913,6.754814285714285,5.560714285714284,5.145671428571428,4.645671428571428,4.630814285714286,5.187828571428573,5.704271428571429,5.9187,6.2875571428571435,6.476257142857143,6.3703142857142865,5.7603,5.0144142857142855,4.155857142857143,3.467842857142857,3.3603285714285716,3.136057142857143,3.5494,3.9666428571428574,5.4020714285714275,7.017457142857142,7.829742857142857,8.385485714285714,8.752628571428572,8.858857142857143,8.845057142857142,7.285685714285715,5.7175142857142855,5.151028571428571,4.561242857142857,4.318585714285715,4.798242857142857,4.557542857142857,4.7607,5.359499999999999,5.156714285714286,5.818542857142857,5.818542857142858,5.062671428571429,4.965714285714286,4.618657142857143,4.169657142857143,4.042342857142857,3.7697142857142856,4.4011,5.44682857142857,6.554542857142857,7.779528571428572,8.299985714285715,8.476228571428573,8.046785714285715,7.736914285714286,6.681971428571429,5.738428571428571,4.749685714285714,4.237785714285715,4.162428571428571,4.816342857142857,4.794814285714286,4.852971428571428,5.533185714285715,6.125099999999999,6.708457142857142,7.785685714285713,7.8519999999999985,8.087399999999999,9.109114285714286,9.020814285714286,9.020814285714284,9.019,8.605628571428571,8.804628571428571,9.277885714285715,8.266057142857143,8.266085714285714,8.266085714285712,8.266085714285714,7.358414285714285,6.415871428571428,5.414471428571429,5.362114285714285,5.016100000000001,4.432742857142856,3.7228285714285714,4.348542857142857,4.539457142857143,5.134971428571428,5.7183142857142855,5.820042857142857,6.376657142857143,6.874242857142858,6.652971428571428,7.042542857142857,6.596871428571428,5.962785714285715,5.747400000000001,5.420171428571429,5.634285714285714,5.467700000000001,5.325385714285715,5.920728571428572,6.595028571428571,9.197585714285713,9.551528571428573,9.654914285714286,10.824214285714286,11.5391,11.323842857142855,11.321057142857143,8.33797142857143,8.026742857142859,7.923357142857144,8.1617,8.031314285714286,8.972900000000001,8.351385714285714,9.71042857142857,10.028485714285713,10.536971428571428,9.1814,8.986557142857142,8.604600000000001,9.655328571428571,9.459914285714285,9.6046,8.551785714285714,8.986971428571428,10.113471428571428,9.825199999999999,10.36537142857143,11.059771428571427,11.061085714285714,11.603685714285715,12.386828571428572,11.388,11.5561,10.718657142857143,10.158914285714285,10.445542857142856,10.718885714285713,11.18085714285714,11.920814285714286,12.65652857142857,12.76022857142857,12.532157142857143,12.736514285714284,13.561271428571429,13.581657142857141,14.084557142857145,13.253985714285715,13.572485714285715,13.8293,13.554528571428571,13.129700000000001,13.57807142857143,12.447500000000002,12.473714285714285,12.622842857142858,12.902600000000001,12.55917142857143,12.121185714285716,11.760757142857143,12.515985714285714,12.83692857142857,13.172957142857141,12.517871428571429,12.83132857142857,12.595971428571428,11.492842857142858,9.8956,8.954242857142857,7.5498714285714295,7.260628571428571,6.829828571428571,6.722700000000001
76,8.8198,8.8198,7.26315,8.2957,7.59785,6.7286600000000005,6.908350000000001,6.593928571428572,6.977471428571428,8.301285714285713,8.1737,8.591199999999999,9.328142857142856,9.2355,9.9577,16.95265714285714,18.80128571428571,18.85907142857143,19.053942857142857,20.03312857142857,20.557442857142856,21.299914285714287,14.491171428571429,12.147028571428569,11.4117,10.619242857142856,9.01545714285714,8.293871428571428,8.024742857142856,6.622842857142857,5.808285714285715,5.674385714285714,6.720814285714285,6.927671428571429,6.469857142857143,5.639742857142856,6.542671428571429,6.143557142857142,7.022942857142857,6.800457142857143,7.402228571428572,8.301614285714287,7.9566428571428585,7.338114285714286,7.6957,6.890571428571429,6.248271428571429,5.8792285714285715,5.760128571428572,6.212114285714286,5.926571428571429,5.432514285714286,5.225842857142857,4.8364142857142856,4.1141,4.4134714285714285,3.5961428571428575,3.8713,4.720785714285715,6.390814285714286,8.169057142857143,9.4886,9.1842,10.858114285714285,11.888042857142855,11.038614285714285,9.32872857142857,9.010071428571427,9.015,9.068557142857143,7.924185714285715,7.872642857142857,8.120114285714285,9.35252857142857,9.233457142857143,9.286285714285714,8.740057142857143,8.979385714285716,9.250242857142856,9.003014285714286,7.781142857142858,6.351657142857144,5.824214285714286,6.332428571428572,7.426042857142856,8.249514285714286,8.969742857142858,8.881885714285714,10.173628571428571,10.562228571428571,10.547928571428573,10.023328571428573,11.20507142857143,12.651842857142857,13.503199999999998,13.281071428571428,13.3465,13.514300000000002,13.374957142857141,10.5626,8.66002857142857,9.725357142857144,9.102728571428571,8.654428571428571,8.8677,8.551185714285714,8.562114285714285,9.158985714285715,9.0985,9.924671428571429,9.918828571428572,9.566185714285712,9.499414285714286,9.5408,9.100114285714286,8.096357142857142,7.863585714285715,8.40517142857143,9.587385714285716,9.41697142857143,9.430185714285715,10.414914285714286,10.451114285714285,9.67807142857143,9.111742857142858,8.556828571428571,8.571714285714286,9.308814285714286,8.866985714285713,8.375142857142858,8.403828571428571,7.8161,6.621857142857142,6.703,5.607957142857144,5.2477285714285715,5.129071428571429,5.124785714285714,6.875071428571428,8.914728571428572,10.397142857142857,11.532942857142856,11.648728571428572,12.223557142857144,12.95104285714286,11.4759,11.190414285714285,9.25622857142857,7.562185714285714,7.016028571428572,7.483600000000001,6.708928571428572,6.563885714285716,4.766157142857142,5.683442857142857,6.291557142857143,6.119800000000001,5.275385714285714,5.449,6.0159,6.060785714285714,4.819814285714286,4.3468285714285715,4.352314285714285,4.111785714285714,4.158428571428571,3.9016714285714285,5.031985714285715,7.104385714285714,8.479742857142856,9.835042857142856,9.635099999999998,9.258114285714287,9.246328571428572,8.0842,6.6132857142857135,6.0740428571428575,4.970728571428572,5.836157142857144,6.206471428571429,6.300357142857143,6.303914285714286,6.211942857142857,6.092671428571429,6.420128571428571,6.156242857142857,6.112114285714286,5.641285714285715,5.611428571428571,5.1371714285714285,4.560957142857142,3.9049571428571426,3.4606857142857135,3.302385714285714,3.568885714285714,4.454285714285715,5.431400000000001,5.937985714285715,6.172957142857144,6.2129,6.018842857142857,5.752342857142857,4.7177999999999995,3.7070000000000003,2.9259571428571434,2.762114285714286,2.7258714285714283,2.982557142857143,3.5448285714285714,4.748142857142858,6.085414285714286,7.150728571428572,8.00107142857143,8.311842857142858,8.309857142857144,7.5933714285714276,6.383471428571427,5.301814285714285,4.648285714285715,3.910342857142857,3.8544142857142853,4.371414285714286,4.642042857142857,4.789585714285714,5.382228571428572,5.441342857142857,5.945214285714286,5.967728571428572,5.214457142857142,4.908085714285714,5.632457142857143,5.039814285714286,4.824528571428571,4.942642857142857,5.321471428571428,6.3691571428571425,6.619571428571429,6.60157142857143,6.816857142857144,6.691357142857144,5.9765,5.455685714285714,4.371942857142857,4.022028571428572,3.3030142857142857,3.0963285714285713,3.2418857142857145,4.071442857142857,3.954814285714286,4.139957142857143,4.643299999999999,5.259357142857143,5.844514285714285,7.158528571428571,7.158528571428572,8.251242857142858,9.237085714285714,9.5842,9.584228571428572,9.584242857142856,8.843942857142858,9.299557142857143,9.299557142857143,8.658428571428571,8.5723,8.8133,8.8729,8.0238,6.719357142857143,5.515728571428573,5.6411999999999995,5.387099999999999,4.721185714285714,3.8094,4.471,5.1913,6.802071428571429,6.938014285714286,7.222842857142858,7.563485714285714,8.054885714285716,7.881600000000001,8.021928571428573,6.798385714285716,6.436785714285716,6.072828571428573,6.099985714285715,6.4616,6.235957142857143,5.514171428571429,5.875771428571428,6.592614285714285,8.62962857142857,8.687542857142857,9.164314285714285,9.869257142857142,10.513771428571427,10.513771428571427,10.158542857142859,7.691657142857144,6.994571428571428,6.9936428571428575,7.131428571428572,7.300414285714287,8.647471428571428,8.070228571428572,9.361328571428572,10.056442857142857,9.973728571428571,9.463614285714284,9.192099999999998,7.978871428571428,9.058714285714286,8.729114285714285,8.602485714285715,7.703685714285714,7.519442857142858,9.026728571428572,8.8926,9.130457142857143,10.163742857142859,10.735257142857142,11.239014285714287,12.353142857142856,11.406385714285713,11.998785714285715,11.077728571428569,9.725614285714286,9.725614285714284,9.727214285714284,10.106642857142857,11.258857142857142,11.800514285714286,12.275557142857142,12.9035,13.21942857142857,14.04787142857143,13.645614285714286,13.403257142857143,13.01117142857143,13.02657142857143,13.701885714285718,13.706642857142857,12.924499999999998,14.221614285714285,13.185585714285711,13.049342857142856,14.174614285714286,14.402385714285712,13.708614285714287,13.763142857142856,12.5693,12.73202857142857,12.535485714285713,11.685157142857145,10.038499999999999,10.701500000000001,11.091157142857144,10.293657142857143,9.424171428571428,9.061285714285715,8.5658,8.657571428571428,8.187928571428571,7.338
77,5.7135,5.7135,5.69625,5.878433333333334,5.500425,5.31284,5.60265,5.558228571428571,6.371985714285714,8.267214285714285,8.68842857142857,8.848042857142856,9.3355,10.127414285714284,13.414257142857142,24.546085714285713,28.907714285714288,29.0205,29.56828571428571,29.447414285714284,28.94022857142857,26.731899999999996,15.600071428571429,9.536157142857144,8.581528571428573,7.609928571428573,6.985242857142858,6.2290857142857154,5.455128571428572,4.2397,3.6906857142857143,3.5162,4.786600000000001,4.938114285714286,5.560785714285714,5.5121714285714285,6.006885714285715,6.090357142857144,7.115714285714286,8.721657142857142,12.411857142857142,12.396014285714285,11.987214285714286,11.679857142857143,12.043242857142857,11.324271428571427,9.231142857142858,5.991214285714285,5.860328571428573,6.705814285714284,6.6348,6.0259285714285715,5.738771428571428,4.990314285714286,4.7512,4.828742857142857,3.6714857142857147,3.7155285714285715,4.6053,5.898714285714285,7.606657142857142,8.45152857142857,8.504942857142856,10.286128571428572,10.595185714285714,9.70422857142857,8.388342857142858,7.223,7.101571428571428,6.892314285714286,7.265642857142857,7.787885714285714,8.608028571428571,10.2808,9.83112857142857,9.424728571428572,9.104485714285714,7.598885714285715,8.290857142857144,7.490714285714286,6.595185714285714,6.856828571428571,7.897671428571429,8.442642857142857,8.755742857142858,8.850442857142857,9.372514285714287,9.177171428571429,9.6376,10.1806,11.001271428571428,13.818628571428572,12.77067142857143,14.231557142857145,14.084614285714286,14.446528571428573,13.126857142857144,12.772614285714287,9.8469,9.913185714285715,8.320514285714285,9.95422857142857,9.092114285714285,9.219957142857142,9.21952857142857,9.445371428571429,9.571714285714284,10.338257142857142,9.512157142857143,9.947999999999999,9.625485714285714,9.031357142857143,9.5976,9.404957142857143,8.988928571428572,9.476371428571428,9.47632857142857,9.548357142857144,10.666371428571427,9.679342857142856,10.042285714285715,10.323071428571428,9.44442857142857,8.8688,8.798757142857143,7.850914285714286,9.050142857142857,10.376542857142855,12.102928571428569,12.557785714285716,13.004328571428571,12.368200000000002,11.9528,10.77447142857143,8.569657142857142,6.525514285714285,5.662528571428571,5.125457142857143,6.979057142857144,8.8393,10.898542857142857,11.413928571428572,12.470228571428569,12.878357142857144,13.544428571428572,12.32691428571429,11.9369,9.447428571428572,8.615357142857142,6.980785714285715,6.980785714285714,6.803557142857143,6.188657142857143,5.708828571428571,6.313271428571428,7.623442857142857,7.805371428571428,9.127471428571429,8.9944,10.175057142857142,9.477500000000001,8.7316,7.6793571428571425,7.483242857142857,6.239228571428571,6.039928571428571,5.588028571428571,6.385914285714285,8.0566,9.551485714285715,10.558628571428573,9.743342857142855,9.770371428571428,9.298071428571427,8.393771428571428,7.145414285714286,6.224714285714286,5.701828571428572,6.432442857142858,6.993099999999999,7.169771428571429,7.2108,7.259957142857144,7.146685714285715,6.595785714285715,6.378785714285714,5.787542857142857,5.235842857142856,4.938371428571429,4.396285714285715,3.8817142857142852,3.8188714285714283,3.483014285714286,3.410357142857143,4.495842857142857,5.598385714285714,6.2635,7.471285714285714,7.4938142857142855,7.248942857142858,7.110214285714286,6.094285714285713,4.710485714285714,4.043314285714286,2.6837142857142853,2.661042857142857,2.6586,3.383728571428572,4.850442857142857,6.320900000000001,7.459128571428571,8.227514285714285,9.212171428571427,10.490057142857141,9.8221,8.282814285714286,6.9503571428571425,6.267871428571428,6.038557142857143,5.168757142857143,4.697685714285714,5.421371428571428,5.649799999999999,5.889557142857143,6.249985714285715,6.25852857142857,6.992685714285714,6.990557142857143,6.3568,6.668142857142857,6.958557142857143,6.477842857142856,6.136699999999999,6.1388428571428575,6.750857142857143,7.943128571428572,8.61867142857143,8.692314285714286,8.601957142857142,8.504971428571428,7.769871428571427,7.7800571428571415,6.742914285714285,5.518771428571428,4.702114285714286,4.746828571428572,4.637657142857143,5.799214285714285,4.559857142857143,4.850314285714285,5.193757142857144,5.9796571428571434,7.849400000000001,9.1037,9.15217142857143,10.2464,10.853257142857142,11.255042857142858,12.535471428571428,11.669157142857143,11.538257142857143,11.3172,10.842114285714286,9.868971428571427,9.868971428571427,8.651442857142857,8.0838,7.211857142857143,6.295285714285716,5.635471428571429,6.1310714285714285,5.768385714285714,5.325285714285714,4.598685714285715,4.981242857142858,5.4257285714285715,6.966571428571429,7.308028571428571,7.4990428571428565,7.771185714285714,8.1135,8.039014285714286,8.255157142857142,6.9584142857142846,6.620228571428571,6.4293571428571425,6.719785714285714,7.126171428571429,6.862028571428572,6.740942857142857,6.915599999999999,6.9155999999999995,7.703557142857142,7.563471428571428,8.228557142857143,9.166157142857143,8.7395,8.981371428571428,9.660571428571428,9.233242857142857,9.868357142857144,9.769685714285714,10.800342857142855,11.674428571428573,11.947314285714285,11.265385714285713,11.267171428571428,10.591071428571428,9.75632857142857,8.271442857142857,7.717271428571428,7.681457142857142,8.111199999999998,8.076614285714285,7.616985714285714,7.361414285714285,6.9696428571428575,8.271157142857144,7.9279,8.033785714285715,9.074414285714285,12.76037142857143,13.032828571428572,13.976357142857143,13.542842857142858,14.089285714285714,12.913185714285714,11.606214285714286,8.819657142857142,9.582628571428572,9.66122857142857,10.032814285714284,10.734614285714287,11.139942857142856,11.756528571428571,11.403628571428571,11.665414285714288,11.038071428571428,11.381528571428571,12.160114285714286,12.965257142857142,13.182657142857144,14.03647142857143,13.447357142857143,14.149614285714287,13.89257142857143,12.780942857142858,12.488771428571429,12.915771428571428,11.971928571428569,11.692285714285713,11.019385714285715,10.041471428571429,9.491785714285713,9.508957142857142,8.54717142857143,8.439457142857142,8.344128571428572,7.95447142857143,7.297357142857144,6.938157142857142,6.2122714285714284,5.667485714285715,5.340642857142856,4.8690428571428575
78,7.4129,7.4129,5.0074499999999995,6.655033333333333,5.964425,6.37152,6.4571000000000005,6.231714285714285,7.949700000000001,9.228485714285714,8.831571428571428,9.300028571428571,11.582099999999999,11.078757142857143,18.027442857142855,31.764485714285716,35.47357142857143,38.19454285714286,38.19454285714286,35.79417142857143,37.114357142857145,31.56907142857143,17.84492857142857,13.12945714285714,9.826371428571429,9.199085714285715,8.865428571428572,8.062042857142858,6.555085714285714,4.136028571428572,4.099271428571429,3.953542857142857,5.173,5.176042857142858,7.760514285714286,8.741114285714286,9.378728571428573,9.391414285714287,10.711428571428572,10.853342857142858,11.302271428571428,8.839257142857143,8.3402,7.8735,7.725071428571428,7.079314285714285,6.177828571428572,5.9935857142857145,6.0944714285714285,5.841,6.085842857142857,6.380471428571428,5.702157142857142,6.301157142857142,6.4872000000000005,5.589628571428571,5.059385714285715,5.0505,5.933014285714286,8.606142857142858,9.478957142857142,9.477157142857143,10.298214285714286,12.713485714285715,13.554114285714286,12.198828571428573,9.71804285714286,8.309014285714287,8.310857142857143,8.003457142857142,7.822242857142856,7.401642857142858,8.2494,9.6335,9.570714285714287,9.388714285714286,8.964385714285713,7.638414285714284,9.378442857142858,8.5395,7.702471428571429,7.606699999999999,8.754357142857144,9.486057142857144,9.430414285714287,8.688985714285716,9.250328571428572,8.75827142857143,9.305514285714285,11.272314285714286,11.724271428571429,14.38172857142857,13.329328571428572,14.064128571428572,14.25054285714286,14.345042857142857,11.866314285714285,11.875371428571428,9.216985714285714,9.217028571428571,8.05107142857143,8.923085714285714,7.860828571428572,7.413228571428571,6.960214285714286,6.961314285714285,6.989842857142856,7.992914285714285,7.53842857142857,8.341514285714284,8.333528571428571,7.984999999999999,8.238714285714286,8.210142857142857,7.918514285714287,7.966714285714285,7.9833,8.249714285714287,9.472142857142858,8.74552857142857,9.096157142857143,9.096642857142857,10.102628571428571,9.235328571428571,9.433328571428572,8.340257142857142,9.818485714285714,11.629214285714285,13.971771428571428,12.785799999999998,13.538628571428571,12.301,12.490957142857143,10.894885714285712,8.064457142857144,5.721885714285714,5.373185714285714,4.643871428571428,6.249085714285714,7.486885714285713,9.206928571428572,11.21417142857143,12.054128571428572,12.535057142857143,13.403742857142857,12.573285714285714,12.302357142857144,10.341442857142857,8.152828571428572,6.524957142857143,6.524957142857143,6.086428571428571,5.362757142857143,4.875457142857143,5.707157142857143,7.008971428571429,7.246285714285714,6.406671428571429,6.351857142857143,7.091928571428572,6.406914285714286,5.627471428571428,4.5649428571428565,4.479157142857143,5.531828571428571,5.847242857142858,5.880814285714286,6.3014857142857155,7.842014285714286,9.460228571428571,10.093842857142858,9.03704285714286,8.952242857142858,8.338671428571429,8.031385714285715,6.951014285714286,6.377814285714286,6.158314285714285,6.619171428571429,6.607957142857144,6.747942857142857,6.251142857142858,6.740142857142857,6.253285714285715,5.626257142857142,6.0553857142857135,5.6528285714285715,5.225557142857142,5.310428571428571,4.290185714285714,3.443971428571429,3.4425285714285714,2.5970857142857144,2.552371428571429,3.403485714285714,4.186942857142857,4.794557142857143,5.617071428571428,5.617200000000001,5.5668999999999995,5.396485714285715,4.693942857142858,3.673428571428572,3.065614285714286,2.2913714285714284,2.290957142857143,2.3177,2.981057142857143,4.195214285714286,5.134,5.985314285714286,6.663442857142857,7.337928571428572,8.570085714285714,8.012614285714287,6.6836142857142855,5.974985714285714,5.603357142857143,5.405242857142857,4.730499999999999,3.7876,4.532428571428571,4.802014285714286,4.9365428571428565,5.158714285714285,5.283985714285714,6.193585714285715,6.480957142857143,5.7474428571428575,5.906028571428571,5.868414285714286,5.628657142857143,5.477542857142857,5.390571428571429,6.553128571428571,8.121599999999999,8.893857142857142,9.33072857142857,9.132885714285715,8.809614285714288,7.987257142857144,7.070957142857145,5.649042857142857,4.4564142857142865,3.6208571428571426,3.6106000000000003,3.499971428571428,4.698942857142858,4.565242857142858,4.790014285714286,5.058985714285714,5.8942428571428565,6.519728571428572,7.802142857142857,8.11207142857143,8.707142857142857,9.5307,10.384142857142859,11.509599999999997,11.48102857142857,11.540499999999998,10.882442857142857,10.42077142857143,9.418885714285713,9.105671428571428,7.978814285714285,7.977414285714284,6.726357142857141,5.947671428571428,5.526400000000001,6.5282857142857145,5.931357142857143,5.335842857142857,4.6191571428571425,4.9258999999999995,5.703157142857143,6.401242857142857,6.672642857142857,7.137914285714286,7.734885714285715,7.823628571428572,8.2556,8.290214285714287,7.880485714285713,7.147471428571429,7.146199999999999,7.177071428571428,7.6735,6.823628571428571,6.657542857142857,6.790514285714287,6.790514285714286,6.923485714285715,6.892614285714287,7.141614285714286,8.272628571428571,7.732942857142858,7.599971428571428,8.201942857142859,8.001414285714286,8.427000000000001,9.021614285714286,9.266385714285715,10.05242857142857,10.242757142857142,9.380914285714285,10.2089,9.783000000000001,8.800214285714286,8.276142857142856,7.919214285714285,7.860428571428571,8.268957142857143,7.640071428571427,6.930242857142856,7.1157571428571424,6.532785714285715,7.779428571428572,7.686057142857144,8.544528571428572,9.552357142857144,10.70727142857143,10.7994,11.92072857142857,12.269685714285714,14.466642857142858,13.057214285714286,12.049385714285716,12.613457142857143,13.6168,13.264442857142857,12.9227,11.832671428571429,12.249457142857143,12.309171428571428,11.670114285714286,10.6909,11.59882857142857,11.416714285714287,10.849671428571428,11.890685714285713,13.487057142857143,14.076828571428573,14.547242857142859,14.247814285714284,13.418142857142856,13.757842857142858,13.692328571428572,12.768857142857144,12.121842857142855,11.768314285714284,11.424285714285714,11.426128571428572,10.641742857142857,9.783328571428571,9.1215,9.177071428571427,9.0291,8.052042857142856,7.660314285714285,7.698628571428571,7.255271428571429,6.7459,5.706485714285715,5.3363000000000005
79,6.4253,6.4253,4.83475,5.891000000000001,5.11655,5.4853000000000005,5.701333333333333,5.539328571428571,6.973814285714288,8.118942857142859,8.118500000000001,8.731128571428572,8.573371428571429,8.196314285714285,17.440242857142856,26.773785714285715,32.879671428571434,32.87968571428571,32.987471428571425,33.362671428571424,34.58418571428572,27.342714285714283,18.31725714285714,11.244042857142858,10.412257142857142,9.595157142857143,8.953457142857141,7.715857142857141,5.376514285714286,3.001757142857143,2.9114999999999998,2.8970714285714285,4.2059,3.9291857142857145,6.935042857142856,7.4382714285714275,7.895442857142856,7.949799999999999,8.7632,10.112428571428572,10.980085714285712,8.168514285714284,8.362171428571427,7.911957142857141,7.8611571428571425,7.473185714285714,5.067342857142857,4.762542857142857,5.135414285714285,4.892871428571429,5.155971428571428,5.155971428571428,4.751214285714285,4.585042857142857,4.200714285714286,3.3497142857142856,2.8711142857142855,3.458142857142857,5.8483857142857145,9.012285714285714,11.371985714285714,12.042928571428572,12.495942857142856,14.656785714285714,15.108771428571428,12.4683,9.291371428571427,7.686114285714285,7.687057142857142,7.634714285714284,5.8309,5.3789428571428575,5.736699999999999,8.015157142857143,8.67622857142857,8.496942857142857,8.111042857142857,8.981842857142857,10.461885714285716,10.153557142857142,8.463700000000001,7.456857142857143,8.032614285714287,8.874500000000001,8.49922857142857,8.236114285714285,8.801742857142857,8.29042857142857,8.80477142857143,10.365357142857144,10.367942857142856,12.299157142857142,12.362,13.002514285714284,13.291942857142859,13.251985714285714,11.317314285714286,11.78404285714286,9.891900000000001,8.614014285714285,7.6177142857142846,9.121071428571428,8.413228571428572,8.391742857142857,8.36877142857143,8.330528571428571,8.330499999999999,8.963785714285715,7.934028571428572,8.384985714285715,8.330328571428572,7.720871428571428,7.776542857142857,7.776528571428572,7.293928571428571,8.238728571428572,8.368842857142857,8.784257142857143,9.409585714285713,8.8985,8.9854,9.415728571428572,9.649071428571428,8.797857142857143,8.604499999999998,7.560528571428572,8.871242857142859,9.788942857142857,10.747428571428571,9.532399999999999,10.252957142857142,9.267457142857142,9.714771428571428,8.276057142857145,6.475371428571428,5.516885714285714,4.931442857142857,4.212357142857143,6.086628571428571,6.909385714285714,8.2788,9.917557142857143,10.386557142857143,11.008828571428571,11.982285714285712,10.75145714285714,11.820842857142859,10.212928571428572,8.546942857142858,7.697742857142856,7.697742857142856,7.1532,6.746157142857144,5.543685714285714,6.364971428571429,7.604985714285715,7.331428571428572,9.652457142857143,9.523542857142857,10.2946,9.702914285714288,8.853028571428572,7.886585714285715,8.051085714285714,6.1688,6.169,6.080557142857143,6.114342857142857,7.123657142857143,8.6797,9.032285714285715,7.742157142857143,8.072585714285713,7.846414285714286,7.726842857142858,7.788628571428572,7.661499999999999,7.396614285714286,7.761314285714286,7.914428571428571,7.5765,6.9415000000000004,6.7203857142857135,5.8407,5.392714285714286,5.830985714285715,5.297671428571428,4.909700000000001,5.106071428571428,4.2553857142857145,3.382228571428571,3.318357142857143,2.514357142857143,2.2609285714285714,3.1115857142857144,3.668157142857143,4.204628571428571,4.5359,4.599657142857143,4.6023571428571435,4.6021,4.003285714285714,3.1524,2.615728571428572,2.3064285714285715,2.303671428571429,2.320942857142857,3.0396428571428573,4.2477857142857145,5.558985714285714,6.505314285714285,6.972885714285714,7.553571428571428,8.513242857142858,7.892771428571429,6.4552571428571435,5.4535285714285715,4.974957142857143,4.975471428571429,4.395685714285714,4.134328571428571,5.349257142857143,5.609228571428572,5.793514285714286,5.931871428571428,6.031842857142857,6.895200000000001,6.548228571428571,5.2822000000000005,5.427328571428572,5.186157142857143,4.8326,4.968042857142857,4.9557714285714285,5.897085714285715,7.284442857142857,7.986657142857142,8.584971428571428,8.6412,8.26162857142857,7.429857142857143,6.835514285714285,5.523714285714286,4.3939142857142865,3.5719,3.5475571428571433,3.7798000000000003,5.0775,5.0791571428571425,5.2726428571428565,5.6605,6.4827142857142865,7.0493428571428565,7.810314285714285,7.810314285714286,8.6142,9.616471428571428,10.503100000000002,11.783885714285715,12.249628571428572,12.209814285714284,11.744071428571429,11.072414285714284,10.070442857142856,9.648257142857142,8.192385714285715,7.5944142857142865,6.419185714285715,5.57,5.437771428571429,6.104042857142858,5.353314285714286,4.9160571428571425,4.457014285714285,5.0746714285714285,6.056628571428571,6.3364714285714285,6.873614285714285,7.491257142857143,8.142342857142856,8.343285714285715,9.000757142857143,8.9143,8.635028571428572,7.9679142857142855,7.9679142857142855,8.208799999999998,8.5992,7.222828571428572,7.0448571428571425,7.176585714285714,7.0448571428571425,7.176585714285714,7.1964999999999995,7.1964999999999995,8.047128571428571,7.449685714285715,7.449700000000001,8.048957142857144,7.460171428571429,7.603828571428572,8.071357142857142,9.049742857142858,9.8764,9.876385714285714,9.319771428571428,10.385057142857141,9.941442857142858,9.206842857142858,8.335085714285713,7.8927000000000005,7.372242857142858,7.460828571428572,6.848599999999999,6.099514285714285,6.181828571428572,5.4689,6.784757142857143,7.169485714285714,8.176942857142858,9.3189,10.631114285714286,10.941814285714287,11.985985714285716,12.021642857142856,14.675799999999999,13.002971428571428,11.995099999999999,12.44112857142857,13.323857142857142,12.679957142857143,12.683514285714285,12.072785714285715,12.718399999999999,12.589899999999998,11.716757142857142,10.400257142857143,10.925371428571427,9.984685714285714,8.508542857142858,9.249557142857142,9.9292,10.717857142857142,11.304599999999999,11.423142857142855,11.426385714285715,11.45394285714286,11.719628571428574,11.528985714285714,10.604285714285712,10.332285714285716,9.89412857142857,9.820885714285714,9.361271428571428,8.373257142857144,8.013885714285715,8.069528571428572,8.061042857142857,7.349271428571428,6.651914285714286,6.15937142857143,5.745085714285714,5.0208714285714295,4.1285,4.1285
80,7.0519,7.0519,5.7012,6.002766666666666,5.002075,5.3003599999999995,5.750983333333333,5.6133,7.0940714285714295,8.100499999999998,8.314085714285714,9.0461,8.911842857142856,8.114257142857143,13.366128571428572,21.289557142857145,27.34881428571428,27.68515714285714,27.55662857142857,28.581971428571425,30.115057142857143,26.465014285714286,17.448671428571426,10.440557142857143,9.263557142857142,8.710757142857142,7.559785714285715,6.096514285714286,4.141942857142857,3.043914285714286,3.158228571428571,3.1273142857142857,4.648485714285714,4.3527000000000005,7.518528571428571,8.092857142857143,8.449057142857143,8.339685714285716,9.251900000000003,9.410785714285714,10.2045,7.154185714285715,7.261971428571428,6.901142857142856,6.914728571428573,6.7300571428571425,5.069914285714285,5.0470428571428565,5.8125285714285715,5.490742857142857,5.7561285714285715,5.616528571428572,4.895442857142856,5.586428571428571,5.586428571428571,4.581514285714285,4.589614285714286,5.174428571428571,6.5165,8.087242857142858,9.11672857142857,8.917414285714285,9.62352857142857,10.072414285714286,10.52432857142857,9.000857142857145,7.565328571428572,6.775285714285714,6.975671428571428,6.573142857142856,6.378671428571429,5.926771428571429,6.390842857142857,7.809457142857143,8.326600000000001,8.163142857142857,7.898771428571429,8.335614285714286,10.368042857142857,10.262257142857141,9.384285714285713,8.442571428571428,8.957942857142857,10.536285714285713,10.432,9.891628571428571,10.090457142857144,9.651285714285715,9.93992857142857,10.603628571428573,9.845142857142857,12.31872857142857,13.609185714285715,13.819585714285713,14.005014285714285,14.723714285714285,13.880285714285716,14.331857142857144,12.682942857142857,9.90047142857143,9.158642857142857,10.6251,9.298085714285715,9.126100000000001,9.1261,8.158971428571428,8.160185714285713,8.901985714285715,7.865314285714286,8.4657,8.228457142857144,7.6675571428571425,7.667542857142857,7.66752857142857,7.065942857142856,7.065942857142856,7.071128571428572,7.30992857142857,7.412514285714286,6.8870000000000005,6.905428571428573,7.376414285714287,8.270971428571428,7.4163571428571435,7.4224000000000006,6.837314285714285,8.141842857142857,9.128614285714287,10.385328571428571,9.579528571428572,10.430642857142857,9.573485714285715,10.21234285714286,8.680128571428572,6.828285714285714,5.702628571428571,4.89927142857143,4.074828571428571,4.554771428571429,4.728,6.324471428571428,8.014385714285714,8.463457142857141,9.17852857142857,10.126271428571428,10.303128571428571,12.002785714285713,10.336042857142857,8.689157142857143,7.654542857142856,7.654542857142857,7.114542857142857,6.716471428571428,5.2573428571428575,6.081171428571429,6.884885714285715,6.812757142857143,6.213614285714286,5.959442857142856,6.810442857142857,6.283128571428571,5.431814285714286,4.833042857142857,5.322614285714286,5.921385714285714,6.208285714285713,5.948214285714286,6.009485714285714,7.274657142857143,8.468914285714286,8.312228571428571,7.466371428571429,7.6957,7.5619,7.441,6.1753,5.751342857142857,5.6921857142857135,6.283442857142857,6.462228571428571,6.570614285714286,6.025028571428572,6.944914285714285,6.774342857142857,6.308828571428571,6.241428571428571,5.652414285714286,4.825985714285714,4.704228571428572,3.7841428571428577,2.895028571428572,2.893628571428572,2.3685571428571426,2.1202571428571426,3.457414285714286,4.245214285714286,4.724042857142857,5.27372857142857,5.2749999999999995,5.272799999999999,5.237585714285715,4.255985714285714,3.4041285714285716,2.9262142857142863,2.4134857142857142,2.411914285714286,2.683214285714286,3.405242857142858,4.273671428571428,5.344671428571429,6.1965,6.483228571428571,6.9853000000000005,7.6482142857142845,7.040585714285713,5.853857142857143,5.090657142857141,4.833671428571429,5.012528571428571,4.522057142857142,4.051499999999999,5.243957142857142,5.491428571428571,5.6489142857142856,5.587185714285715,5.587185714285714,6.426314285714286,6.252385714285714,5.013985714285715,5.1822,4.967042857142857,4.565614285714285,4.816971428571429,4.837285714285715,5.765742857142857,7.161542857142856,7.631085714285713,8.252114285714285,8.572414285714284,8.303457142857143,7.4500285714285726,6.946871428571429,5.581714285714286,4.660299999999999,3.7892857142857137,3.5929999999999995,3.4046999999999996,4.6622714285714295,4.416614285714286,4.626357142857143,5.097214285714285,5.9480571428571425,6.543314285714286,7.597785714285714,7.854557142857142,9.116385714285714,10.118485714285713,10.530642857142857,11.811528571428571,12.300885714285714,11.94794285714286,11.29902857142857,10.420785714285712,9.532428571428571,9.532428571428571,8.513671428571428,7.803042857142857,6.842642857142858,5.961399999999999,5.755871428571429,6.180014285714285,5.297414285714285,4.388271428571428,3.8964571428571433,4.7471000000000005,5.767214285714286,5.801942857142857,6.7337,7.4521999999999995,8.099371428571429,8.421028571428574,8.748557142857143,8.798971428571429,8.834242857142858,7.902414285714286,8.034485714285713,8.032914285714286,8.424485714285714,7.301657142857143,7.0199428571428575,7.152028571428572,6.8663285714285704,6.866328571428572,7.153814285714286,7.183742857142858,8.036785714285715,7.245828571428571,7.245828571428571,8.032885714285714,7.432542857142856,7.864042857142857,8.6544,9.062957142857142,10.023585714285714,10.392785714285713,9.8914,10.675428571428572,9.997685714285714,9.208357142857142,8.8206,8.381557142857142,7.465728571428571,7.4882,7.185014285714287,6.452728571428572,6.348457142857143,5.673985714285714,7.006742857142858,7.295871428571429,8.281985714285714,9.407757142857141,10.789471428571428,11.311628571428571,12.274385714285714,11.58027142857143,13.906014285714287,12.2962,11.798585714285712,12.118185714285714,12.678057142857142,12.040042857142856,12.741371428571428,12.379971428571428,12.960542857142858,12.33617142857143,11.530657142857143,10.155057142857142,10.470157142857143,9.470614285714285,7.933828571428571,9.005,10.009771428571428,10.402199999999999,10.769157142857143,10.725257142857144,10.9196,11.049128571428572,11.3484,11.329871428571428,10.548228571428572,10.5482,10.473014285714287,10.710914285714285,10.41137142857143,9.128642857142857,9.274928571428571,9.710214285714287,9.325557142857141,8.611614285714285,7.474314285714286,6.993428571428571,6.615157142857142,4.872428571428571,3.7735142857142856,4.158171428571428
81,7.0259,7.0259,4.96335,5.373233333333334,4.745800000000001,4.649900000000001,4.841133333333334,4.826271428571429,6.481314285714286,7.9070857142857145,8.4281,9.161857142857142,9.48542857142857,9.012128571428573,14.342671428571427,21.804914285714286,26.94235714285714,29.282142857142855,29.282142857142855,30.479942857142856,32.356257142857146,29.31757142857143,21.71588571428571,15.516042857142859,12.095814285714285,11.315957142857144,9.881728571428571,8.051585714285714,5.377971428571429,3.178385714285714,3.1755428571428572,3.135971428571428,4.378342857142857,4.161828571428571,5.3661142857142865,5.881257142857143,6.344657142857143,6.405942857142857,7.4129,7.993,8.657114285714286,7.813542857142856,8.014071428571429,7.523571428571429,7.2834,7.001371428571429,5.128685714285715,5.127271428571428,5.3541285714285705,4.903128571428572,5.636285714285714,5.6018,4.9039,5.76232857142857,5.723828571428571,5.027,5.610157142857142,5.6496571428571425,7.042857142857143,8.92542857142857,9.346685714285714,9.385214285714286,9.79877142857143,9.7988,10.367557142857143,8.9121,7.272514285714285,7.0363,7.037157142857143,6.940742857142857,6.775514285714286,6.684285714285714,6.915814285714285,7.797885714285714,10.013085714285713,9.837971428571427,9.536985714285715,9.78717142857143,11.956828571428572,12.369957142857144,12.076114285714286,9.50277142857143,9.572557142857145,11.2303,11.601885714285714,10.434700000000001,10.433514285714285,9.827914285714286,10.367971428571432,11.540014285714287,10.725400000000004,12.52432857142857,13.800185714285714,14.258828571428571,14.453128571428573,14.059028571428573,13.163742857142859,13.495614285714286,11.830971428571429,9.152671428571427,8.092414285714286,8.96117142857143,8.444828571428571,8.480371428571429,8.698385714285715,8.108771428571428,8.109985714285713,8.882671428571427,8.425299999999998,8.941628571428572,8.735028571428572,8.122014285714286,8.122014285714284,8.122000000000002,7.472571428571429,7.476228571428572,7.893585714285714,8.333428571428572,8.530271428571428,8.2765,8.278142857142857,8.51972857142857,8.516542857142857,7.496214285714285,7.494042857142857,6.8079142857142845,8.066914285714285,9.070514285714285,10.084814285714286,10.342857142857142,10.81492857142857,9.527728571428572,10.1236,8.372514285714287,6.5178,5.742,4.8670285714285715,4.3512571428571425,4.915585714285714,6.271928571428572,7.797857142857143,9.554242857142857,9.554242857142857,10.171157142857142,11.000557142857144,11.2862,10.888642857142857,9.258614285714286,7.694442857142858,6.989457142857143,6.989471428571429,6.435614285714285,5.845514285714286,5.552757142857144,6.403085714285714,7.0605,7.034842857142857,7.964214285714286,7.730757142857143,8.524971428571428,7.5812285714285705,6.731,6.188957142857142,6.094385714285715,5.164657142857143,5.635599999999999,5.4312,5.658528571428572,6.968814285714285,8.517642857142857,9.2864,8.520828571428572,8.4846,8.350771428571429,8.288485714285715,7.080757142857143,6.167728571428571,5.827485714285714,6.209442857142856,6.4039,6.318600000000001,5.7467428571428565,6.494871428571429,6.072742857142858,5.620014285714285,5.645714285714286,5.001242857142857,4.369671428571428,4.186414285714285,3.335042857142858,2.7395000000000005,2.7381142857142864,2.2476714285714285,2.2138428571428572,3.3297714285714286,3.7677,4.039057142857144,4.569757142857143,4.695399999999999,4.6945,4.499171428571428,3.7265857142857146,3.255171428571429,2.9836142857142858,2.5256142857142856,2.399914285714286,2.4310714285714288,2.7911428571428574,3.4022000000000006,4.331542857142858,5.183114285714287,5.460699999999998,6.201385714285714,7.044671428571429,6.789771428571428,5.917428571428571,5.306157142857143,5.204828571428571,5.476628571428571,4.753214285714286,4.282871428571428,5.027271428571429,5.232728571428572,5.3267,5.133457142857142,5.226571428571428,6.058457142857143,6.030242857142858,5.254842857142857,5.327442857142858,5.361614285714286,5.153328571428572,5.112528571428571,5.114285714285714,5.8298,7.08382857142857,7.658900000000001,8.236014285714287,8.349857142857143,8.223742857142856,7.477914285714284,7.088157142857142,5.913971428571429,4.978685714285715,3.9555,3.9007285714285707,4.144171428571429,4.929271428571428,4.6903,4.7995,5.3548,6.205742857142858,6.649014285714286,7.246657142857143,8.295585714285716,9.755942857142855,10.953771428571427,11.249414285714286,12.530199999999999,13.33114285714286,13.132785714285715,12.497357142857144,11.423785714285714,10.33235714285714,10.33237142857143,9.062142857142858,7.884628571428572,6.767128571428572,5.464999999999999,5.327257142857143,5.6215142857142855,4.771542857142856,4.0580428571428575,3.842714285714286,4.816671428571429,5.748385714285713,5.836314285714287,6.0087,6.724028571428572,7.832757142857143,8.024985714285714,7.905142857142858,7.4715428571428575,7.386728571428572,7.399557142857143,7.533928571428571,7.006085714285715,7.506228571428571,6.668371428571428,7.042914285714285,7.751871428571428,7.750614285714285,7.750585714285713,7.872357142857141,7.7703428571428566,8.741914285714286,7.867128571428571,7.292528571428571,8.486971428571428,7.839885714285715,8.513171428571429,8.924542857142857,10.062871428571428,11.2775,11.735842857142856,10.542642857142857,11.696457142857142,11.464042857142857,10.510828571428572,9.437957142857144,8.735771428571429,7.711428571428571,7.788571428571429,7.155642857142857,6.140842857142857,6.797528571428572,5.997757142857142,7.339642857142858,7.968771428571428,8.899042857142856,10.031842857142857,11.611814285714285,11.939099999999998,12.976742857142856,12.040314285714286,14.019271428571429,12.584985714285716,11.782814285714286,11.785814285714284,12.353985714285713,11.79622857142857,12.56355714285714,12.401471428571428,12.995000000000001,12.657314285714284,11.843257142857142,10.789385714285714,11.033242857142858,10.431985714285714,8.994214285714287,10.198071428571428,11.106814285714284,10.912099999999999,10.978457142857142,11.461814285714285,11.788428571428572,11.916114285714286,11.908814285714286,11.942257142857143,11.745671428571427,11.724428571428572,11.0766,10.959271428571428,10.389628571428574,9.468671428571428,9.541857142857141,9.934257142857144,9.932785714285716,9.156099999999999,7.971957142857143,7.7172714285714274,6.922485714285713,5.279571428571428,4.233614285714286,4.235071428571429
82,6.7312,6.7312,6.074450000000001,6.3447000000000005,5.827850000000001,6.3672200000000005,6.261633333333333,6.119185714285714,8.58072857142857,10.082828571428573,10.597085714285713,11.379714285714286,13.586685714285716,13.541542857142858,19.063642857142856,28.343228571428572,36.945699999999995,39.193357142857145,38.94421428571429,38.955,40.75414285714286,37.050200000000004,27.650271428571426,18.11367142857143,14.884814285714285,14.318357142857142,11.728414285714283,9.785242857142856,7.529271428571429,4.6411999999999995,4.312642857142857,4.449871428571429,4.989414285714285,4.8914285714285715,5.405571428571428,5.991014285714286,6.712571428571429,6.456128571428571,6.352842857142856,6.837114285714286,7.233557142857143,7.085871428571429,7.330257142857143,6.666085714285714,6.698571428571428,7.133842857142858,6.193114285714286,5.857428571428571,5.906285714285715,5.906257142857143,6.577042857142857,6.443885714285715,6.028314285714287,5.797257142857142,5.282428571428571,4.528985714285715,4.452271428571428,4.470371428571428,5.738271428571428,8.1548,9.805542857142857,10.654814285714284,11.220242857142859,11.306514285714286,11.81377142857143,10.587185714285713,8.174428571428573,7.436285714285715,7.753757142857142,7.652942857142857,8.475228571428572,7.9498428571428565,8.305942857142858,9.3193,9.780528571428572,9.516900000000001,9.24974285714286,8.581371428571428,9.071457142857144,9.694057142857144,9.443042857142858,9.172242857142857,9.119757142857143,11.5548,12.008728571428573,13.48947142857143,13.51815714285714,13.112485714285713,13.057085714285714,14.07242857142857,12.518242857142857,13.568699999999998,12.877557142857142,13.062199999999999,13.20742857142857,13.45257142857143,12.90077142857143,12.674942857142856,11.441042857142858,10.198371428571429,9.703114285714284,10.348771428571428,9.375957142857144,8.9139,8.947871428571428,8.734328571428572,8.69872857142857,8.607371428571428,8.431742857142856,8.897628571428571,8.896257142857142,9.057114285714286,8.8709,8.870899999999999,8.537485714285712,8.135771428571427,8.990957142857143,9.607885714285715,9.4131,9.283614285714284,9.460657142857142,9.228399999999999,10.057385714285715,9.3497,9.670885714285715,9.089028571428571,10.189528571428571,10.478728571428572,11.957042857142856,11.600814285714284,10.968357142857142,9.291671428571428,9.828114285714287,8.436914285714286,7.387942857142858,6.3151,5.739285714285715,5.984157142857144,6.723028571428571,6.76872857142857,8.866585714285716,10.468328571428572,11.397657142857144,11.865328571428572,12.212771428571429,12.212771428571427,12.68442857142857,10.123185714285714,8.58997142857143,7.103914285714287,6.7378,6.294771428571429,5.782542857142857,5.6016,6.413799999999999,6.866228571428571,6.786228571428572,6.787785714285714,6.490242857142856,7.211671428571428,6.5433142857142865,5.871457142857143,5.260828571428571,5.0995,5.2453,5.808371428571428,5.710214285714286,6.105671428571428,7.347185714285715,8.982457142857143,10.246785714285716,9.632542857142857,9.253714285714285,9.00987142857143,8.641485714285716,7.37207142857143,8.474285714285713,7.908371428571429,8.50222857142857,9.344314285714287,9.171485714285714,8.771471428571429,9.585314285714286,7.0706,6.369028571428571,5.8646,4.870271428571429,4.324814285714286,4.251057142857143,3.3236000000000003,2.922442857142858,2.8748,2.433271428571429,2.1383428571428573,3.2304,4.108842857142856,4.5902,5.268285714285715,5.572857142857144,5.543957142857144,5.678400000000001,4.962971428571429,3.9757999999999996,3.4971999999999994,2.820057142857143,2.515757142857143,2.6204285714285716,2.9797714285714285,3.604742857142857,4.900328571428572,5.761957142857143,5.863142857142856,6.156814285714285,6.904185714285712,6.515028571428573,5.555500000000002,4.614271428571429,3.9320714285714287,4.679314285714286,4.3847000000000005,3.9991142857142856,4.821885714285714,5.052185714285714,5.122371428571428,5.896042857142858,5.5346714285714285,6.595857142857143,6.738714285714287,5.815657142857143,5.953514285714285,6.209157142857143,5.678271428571429,5.678271428571429,5.468571428571429,5.909285714285714,7.521342857142857,8.030228571428571,8.7606,8.929114285714286,9.029171428571429,8.303042857142858,8.222885714285715,6.852585714285715,5.933357142857142,4.604671428571429,4.103442857142857,4.4058142857142855,5.014342857142857,4.8925,5.060457142857143,5.9099714285714295,6.7609142857142865,7.575442857142859,8.069714285714285,9.42022857142857,10.804814285714286,12.2541,12.282514285714285,13.71787142857143,14.34052857142857,14.216614285714284,13.630514285714282,12.247357142857144,10.671942857142856,10.644971428571427,9.102228571428572,8.550085714285714,7.481042857142858,6.084128571428573,5.932657142857144,6.032342857142858,5.182385714285713,4.525671428571429,3.570585714285715,4.856542857142857,5.759085714285715,6.340771428571428,7.982371428571429,8.454371428571429,9.587271428571428,10.322642857142856,9.7672,9.837128571428574,9.300085714285714,8.095385714285715,8.137642857142856,7.636171428571429,8.426428571428572,7.982557142857142,7.597371428571428,8.1645,8.66502857142857,9.295271428571427,9.4279,9.248557142857143,9.619557142857142,9.188728571428571,8.728399999999999,10.190685714285715,9.447928571428571,9.900557142857142,9.847199999999999,11.333371428571429,12.949785714285714,14.425828571428573,12.462614285714286,13.235357142857143,13.859057142857145,13.233328571428572,12.264485714285714,11.023757142857141,9.245471428571426,9.46225714285714,9.024314285714285,7.555485714285715,8.060857142857143,7.543514285714287,8.764114285714285,9.306185714285714,10.096885714285714,11.2166,12.569785714285713,12.768857142857142,12.770071428571429,12.228785714285715,14.507971428571427,13.49437142857143,12.486585714285715,12.534699999999999,13.000442857142856,13.211171428571427,13.408214285714283,12.544814285714285,12.827442857142856,12.683914285714284,12.02117142857143,10.8775,11.732528571428572,12.5424,11.570214285714286,13.715799999999998,14.896399999999998,15.028714285714285,15.1792,14.18562857142857,14.809014285714284,15.868285714285713,14.131214285714284,13.908285714285714,13.429642857142857,13.630800000000002,13.432900000000002,11.779728571428572,10.417100000000001,11.730928571428572,11.889185714285714,12.402985714285714,12.453028571428572,11.855628571428571,10.735957142857144,10.368542857142858,8.494785714285715,6.758528571428571,5.393128571428571,5.126042857142857
83,8.9411,8.9411,9.18995,9.327666666666666,8.9956,8.79636,8.297033333333333,8.479114285714287,9.72067142857143,10.485114285714287,11.02892857142857,11.780014285714287,14.062057142857144,14.553185714285716,20.688714285714287,44.554585714285714,57.23878571428571,60.47498571428571,59.76525714285714,59.85908571428571,61.11272857142857,56.398700000000005,32.90528571428572,19.389728571428574,15.181114285714285,15.086242857142855,12.935214285714284,11.3776,9.076657142857142,7.434185714285715,7.481571428571428,7.767171428571429,8.205771428571428,7.869528571428572,7.5553857142857135,7.837685714285714,7.708985714285714,7.455471428571428,7.702714285714286,7.786242857142857,7.668628571428572,7.643828571428571,7.867785714285715,7.517757142857142,7.552528571428572,7.295328571428572,7.092314285714285,7.920642857142857,8.125857142857143,8.107271428571428,8.2349,8.085728571428572,7.744585714285713,7.106442857142857,6.0869285714285715,5.713442857142858,5.468400000000001,5.759614285714286,8.370085714285715,9.580614285714287,10.379971428571428,10.371685714285714,11.007314285714285,11.927957142857142,11.88187142857143,9.761199999999999,8.995371428571428,9.031342857142857,9.384699999999999,9.0211,9.644257142857143,10.303542857142856,10.461514285714285,10.023114285714286,9.972614285714286,11.566685714285715,11.379228571428571,11.597557142857145,12.147800000000002,12.485071428571429,13.100585714285716,14.206814285714286,13.130914285714287,14.553471428571429,14.489057142857144,15.105871428571428,15.725857142857143,16.03511428571429,15.9495,16.047328571428572,15.480214285714286,15.548485714285713,14.608414285714288,13.785342857142856,13.1209,12.586342857142858,12.513400000000003,12.47144285714286,12.037757142857144,11.524671428571427,10.960985714285712,12.077428571428571,11.495499999999998,11.07172857142857,11.31274285714286,11.398228571428572,11.383014285714285,11.624671428571428,11.593885714285715,11.77742857142857,11.201485714285713,10.614271428571428,10.19972857142857,10.035528571428571,9.781000000000002,8.850142857142858,9.143957142857143,10.390185714285716,10.406971428571426,10.156014285714287,10.119871428571429,10.260585714285714,10.711457142857144,10.4524,11.199614285714286,10.605971428571427,11.272400000000001,11.920814285714284,12.578342857142857,13.029357142857142,12.199871428571429,10.002800000000002,10.344285714285716,9.196071428571429,7.93192857142857,7.110228571428572,6.149057142857144,6.240257142857142,6.977357142857143,7.296757142857143,8.162585714285715,10.122985714285715,11.438414285714288,11.390357142857143,12.0403,12.0403,12.508214285714287,10.93554285714286,8.833285714285713,7.147471428571429,7.6913857142857145,7.300942857142857,6.788785714285714,6.783471428571429,7.804628571428571,8.468185714285713,8.271385714285714,7.289885714285715,6.788028571428571,7.311157142857142,6.741214285714285,5.948942857142858,5.551514285714285,5.840742857142858,6.2304571428571425,6.684742857142857,6.309842857142859,6.428157142857144,7.471871428571428,8.8138,9.548842857142859,9.187371428571428,8.575442857142857,8.80387142857143,8.362657142857143,7.5325,7.020914285714285,6.335885714285714,6.509428571428572,7.114214285714286,6.85952857142857,6.436857142857142,6.921028571428571,6.426042857142859,6.064685714285714,5.933257142857142,5.682499999999999,5.220614285714285,5.391528571428572,4.613100000000001,3.9635285714285717,3.704614285714286,3.374214285714286,3.0345857142857144,3.9284857142857144,4.610414285714286,5.2672857142857135,5.597628571428571,5.9236,5.846228571428571,5.9822,5.564871428571428,4.583699999999999,3.8436285714285714,3.4542571428571436,3.4414714285714285,3.7761714285714283,4.149385714285714,4.580357142857143,5.5615428571428565,6.7785142857142855,7.3957,8.007042857142858,8.483257142857143,7.841542857142857,6.975285714285714,6.2572,5.6899,6.13432857142857,5.328557142857143,4.837785714285714,5.559614285714285,5.764742857142856,5.87722857142857,6.06002857142857,5.589428571428571,6.715414285714284,6.987285714285714,6.235214285714285,6.257857142857143,6.572614285714286,6.809085714285715,7.118742857142857,6.399414285714286,7.226557142857144,9.288471428571428,9.8816,9.770042857142856,9.313514285714287,8.871671428571428,8.591242857142857,8.354928571428571,6.6546142857142865,5.793457142857143,5.3438,4.907985714285714,5.477771428571429,6.177214285714285,5.720414285714286,5.854242857142857,6.70372857142857,7.555271428571428,8.193714285714284,8.762385714285713,9.47132857142857,10.1886,11.350471428571428,11.838228571428573,12.936157142857143,13.494428571428573,13.93342857142857,14.086457142857144,13.638485714285716,12.399414285714286,11.912642857142856,10.411542857142859,9.8443,8.293800000000001,6.789199999999998,6.359442857142857,6.644914285714285,5.7926714285714285,5.443942857142856,4.814471428571428,5.510314285714285,6.481685714285715,7.589085714285714,8.4623,9.314914285714286,10.297742857142856,10.669371428571427,10.65604285714286,11.0118,11.069542857142858,10.810957142857143,10.809628571428572,10.57772857142857,11.60747142857143,11.3921,11.385471428571432,12.424671428571429,13.827528571428571,14.151957142857142,14.130971428571428,13.777671428571429,13.965100000000001,13.147685714285714,12.110471428571428,11.515271428571427,10.869528571428573,11.069928571428571,11.130342857142859,12.318957142857142,13.973142857142856,13.965457142857142,12.974785714285714,12.899442857142859,13.648385714285714,13.154285714285717,12.359171428571429,10.917485714285714,10.600871428571427,11.225442857142856,11.423114285714286,10.280157142857144,11.251557142857141,10.432085714285714,11.6615,12.119142857142858,12.1199,13.326628571428571,13.99852857142857,14.235342857142857,15.081057142857144,14.690628571428572,15.471285714285715,15.51315714285714,15.127771428571426,15.68067142857143,15.475385714285713,15.351899999999999,15.150957142857141,15.21957142857143,15.080071428571431,15.284171428571431,15.111685714285715,14.533642857142857,16.274542857142855,16.290214285714285,17.12157142857143,18.8171,19.231814285714286,18.595114285714285,18.5753,17.11632857142857,19.001814285714286,18.6097,18.51497142857143,18.519785714285714,18.58032857142857,18.28142857142857,18.172900000000002,16.22771428571429,14.952814285714286,14.724857142857143,14.792314285714285,14.886471428571427,15.579285714285714,14.370642857142858,13.414142857142858,12.623257142857144,10.785357142857142,8.973557142857143,7.769914285714286,7.314414285714286
84,12.2604,12.2604,13.939900000000002,15.809700000000001,15.759425,14.20748,13.177216666666666,13.287014285714287,13.608185714285714,13.716557142857143,13.135171428571429,14.731985714285715,16.19122857142857,16.158285714285714,23.645742857142857,55.43074285714285,74.74537142857142,81.93537142857143,80.85119999999999,81.49480000000001,84.66875714285716,76.9457,45.35637142857143,26.178085714285714,18.621657142857142,18.403528571428573,17.80117142857143,14.734014285714286,13.839085714285716,13.606514285714285,12.976228571428573,13.490742857142857,12.657399999999999,11.264785714285713,11.187185714285715,11.140814285714287,11.363842857142856,11.930171428571427,12.380628571428572,12.579514285714284,13.124071428571428,13.124085714285712,13.37742857142857,12.327885714285713,11.518242857142855,10.349271428571427,9.852428571428572,9.717442857142856,9.618728571428573,9.694857142857142,9.414685714285714,9.276014285714284,8.846742857142857,8.596542857142856,8.407242857142856,8.471628571428571,7.974357142857143,8.449114285714286,10.556757142857142,11.007442857142857,11.613757142857143,10.857085714285715,11.361428571428572,12.974314285714286,12.557457142857142,11.231657142857143,11.234414285714283,11.838871428571426,12.535157142857143,11.485,11.750028571428572,11.9076,11.106371428571427,10.46167142857143,9.655071428571429,10.1628,10.333942857142857,10.046214285714285,11.268485714285715,11.390128571428573,11.92522857142857,12.653900000000002,12.285742857142859,13.678499999999998,14.149885714285714,14.74652857142857,15.804571428571426,15.374142857142857,15.890142857142859,16.252814285714287,15.74324285714286,14.619500000000002,13.758371428571428,13.243385714285713,14.0172,13.271814285714285,12.975457142857142,13.000442857142858,13.647599999999999,13.199100000000001,12.201557142857144,12.023685714285715,11.157885714285714,10.871485714285715,10.391071428571431,10.306871428571428,10.319042857142858,10.445885714285714,11.097999999999999,11.443085714285713,10.674828571428568,11.020999999999999,10.812214285714285,10.394400000000001,10.466742857142858,9.23822857142857,9.883857142857142,10.901385714285714,10.152057142857144,9.786171428571427,10.151971428571429,10.3815,11.228571428571428,10.916114285714286,11.068042857142858,11.076542857142858,10.740642857142857,10.917157142857144,11.164914285714286,12.002014285714287,11.478614285714286,10.571785714285713,10.864157142857142,10.41157142857143,10.239142857142856,9.809342857142855,8.538385714285713,8.445528571428571,9.068142857142856,9.153685714285714,10.91942857142857,11.852285714285713,13.328414285714286,13.105885714285716,13.008257142857142,13.297757142857145,13.387628571428573,11.307342857142856,9.686171428571429,7.816142857142857,7.6974285714285715,7.713757142857142,7.053214285714286,7.715914285714286,8.617542857142857,8.925814285714285,8.813342857142855,8.513528571428571,8.307171428571428,7.6487,6.895485714285714,6.228657142857143,6.082942857142856,6.893414285714286,7.6002714285714275,7.799271428571428,8.661757142857143,8.679985714285715,9.840428571428571,10.938,11.001228571428571,10.602528571428573,10.820885714285714,9.96547142857143,9.709771428571429,9.176242857142856,7.908557142857142,7.582428571428571,7.712428571428572,7.267357142857143,7.419057142857143,7.010728571428571,7.267857142857143,8.14567142857143,7.820128571428571,7.704685714285715,7.8037,7.631928571428572,7.645042857142856,6.856028571428571,6.188442857142857,5.902342857142857,5.788014285714285,6.018085714285713,7.188728571428571,8.234042857142857,8.5377,8.380700000000001,8.517685714285715,7.977914285714285,7.698085714285713,6.968542857142857,5.7048000000000005,5.1746857142857134,4.810228571428572,4.816257142857142,5.3906285714285715,5.7671,6.463285714285713,7.4074857142857145,8.872342857142858,9.884342857142858,10.293800000000001,10.232442857142857,9.449614285714285,8.432514285714285,7.765228571428572,7.348785714285715,7.361271428571429,6.669442857142857,6.730314285714286,7.162342857142858,7.1885714285714295,7.636014285714286,7.349028571428572,7.010714285714285,8.402685714285715,8.847771428571429,8.46497142857143,8.770442857142857,8.8686,8.760742857142857,8.937771428571429,7.926814285714286,8.689385714285715,10.409928571428571,10.698400000000001,10.620585714285713,10.558428571428573,9.926271428571427,9.643957142857143,8.491071428571429,6.835957142857143,6.013142857142857,5.2677,4.601528571428571,5.231657142857143,5.435900000000001,5.028871428571429,5.360328571428572,6.102485714285714,6.954714285714287,8.154328571428572,8.932685714285714,9.158714285714286,9.951542857142856,10.675614285714286,11.258785714285713,12.539385714285714,12.5024,11.922014285714285,12.870614285714286,13.049614285714286,12.267514285714284,11.633842857142858,9.864771428571428,9.09137142857143,8.39022857142857,6.8852142857142855,6.054471428571428,6.0477,5.329614285714285,4.987728571428571,4.734457142857143,5.1110999999999995,6.017485714285714,6.9044285714285705,7.095928571428571,7.944514285714285,9.46552857142857,9.694471428571429,9.50357142857143,9.690385714285714,9.381742857142857,10.532628571428571,10.503085714285715,9.128157142857143,9.793471428571427,10.038285714285712,10.771742857142856,12.253428571428572,12.768571428571429,13.32732857142857,13.763614285714285,13.906571428571429,14.075071428571432,12.442371428571429,11.583842857142857,11.468142857142857,10.852814285714286,11.732214285714287,11.690728571428574,13.168514285714284,15.306757142857142,15.435642857142858,14.224714285714287,14.531128571428571,14.309600000000001,14.356342857142854,13.496142857142857,13.0263,13.508514285714288,14.311514285714285,13.9058,13.485357142857145,14.1975,14.270985714285715,14.881914285714284,15.145628571428572,15.662885714285716,16.232685714285715,16.1246,16.377985714285714,16.006842857142857,15.065471428571428,15.171542857142857,16.0225,16.81565714285714,18.09837142857143,17.608271428571427,17.992528571428572,19.01932857142857,19.37232857142857,18.53818571428571,18.557385714285715,18.2491,18.848085714285713,21.180928571428574,21.572657142857143,21.084785714285715,23.727957142857143,24.057885714285714,23.249914285714286,23.101300000000002,22.157928571428574,22.53197142857143,24.372071428571434,22.063242857142857,21.4231,22.796485714285716,22.04842857142857,21.5115,19.750471428571426,18.113957142857142,18.8671,19.398257142857144,18.634800000000002,19.41717142857143,17.415342857142857,16.311185714285717,15.007971428571427,12.984214285714286,11.146685714285713,9.63797142857143,8.144428571428572
85,17.0652,17.0652,12.2969,15.027533333333333,14.926224999999999,14.217279999999999,13.172483333333332,13.4447,12.719357142857145,13.358985714285714,12.687514285714286,13.790971428571428,14.630142857142857,14.637442857142856,23.98005714285714,54.149542857142855,70.80582857142858,73.79397142857144,74.00504285714285,75.23317142857142,78.44181428571429,70.18408571428571,39.91224285714286,24.62662857142857,21.389657142857143,20.331985714285715,19.873042857142856,17.015957142857143,14.755285714285714,14.758642857142856,12.992485714285712,12.804942857142857,11.688157142857142,9.750985714285715,9.399485714285715,9.191557142857144,10.549442857142859,11.5027,12.222471428571428,13.297985714285714,13.597785714285715,13.787700000000001,14.255042857142858,12.093671428571428,11.458485714285715,10.062442857142857,9.164942857142858,9.331442857142857,8.90242857142857,8.849242857142857,8.92842857142857,8.239128571428571,8.048971428571429,7.784842857142857,7.399642857142857,7.521914285714287,6.892914285714286,7.497171428571428,8.200314285714287,8.756928571428572,9.369628571428573,8.705699999999998,10.989414285714286,12.136757142857144,11.623571428571429,11.537128571428571,11.170742857142857,11.76047142857143,12.264371428571428,9.493657142857144,11.42067142857143,11.585042857142858,11.251685714285715,11.467742857142857,10.39487142857143,11.332885714285714,11.953242857142858,11.080042857142857,12.435999999999998,13.805885714285713,14.912442857142858,15.24212857142857,16.5263,17.69188571428571,18.2504,18.894199999999994,19.807342857142856,19.16894285714286,20.302042857142855,18.771099999999997,19.27351428571429,18.58435714285714,17.734885714285713,16.350985714285713,17.626442857142855,16.455942857142855,15.911914285714287,15.078428571428573,17.279128571428572,17.1645,16.615714285714287,14.941728571428571,16.342314285714284,16.755114285714285,16.239528571428572,13.736514285714287,13.704514285714286,14.313471428571429,14.929014285714286,13.912457142857141,13.971971428571427,15.944128571428573,16.077957142857144,15.602857142857145,15.875685714285714,15.036142857142858,14.918657142857143,15.063071428571428,12.687499999999998,13.601114285714285,13.877542857142856,13.844942857142858,14.906157142857143,16.622714285714284,16.414985714285713,17.76132857142857,16.27517142857143,17.53964285714286,16.25385714285714,17.23687142857143,16.658514285714286,17.43661428571429,16.86751428571429,16.76284285714286,16.397357142857143,16.9127,15.6664,15.006285714285713,14.721828571428572,15.089271428571427,14.80402857142857,14.506371428571429,15.208342857142856,14.462128571428574,13.320200000000002,13.263328571428572,13.624442857142855,13.30117142857143,12.73134285714286,11.955428571428572,12.329057142857142,12.803728571428573,12.269342857142858,10.577242857142858,10.727814285714288,10.225757142857143,9.981271428571429,9.707285714285714,10.114685714285713,10.093271428571427,10.476642857142858,10.553585714285713,10.530185714285716,10.958757142857143,11.539742857142857,11.0357,11.7439,12.0743,12.305342857142858,13.21512857142857,12.780757142857144,12.5086,12.415885714285716,11.682614285714285,11.6474,12.122542857142857,11.690214285714287,11.94897142857143,11.6276,11.685614285714285,11.550614285714286,11.13462857142857,10.725285714285715,11.130799999999999,11.1952,11.062557142857143,10.69742857142857,10.252657142857142,10.246842857142855,9.660971428571429,8.934342857142855,8.715242857142858,9.057328571428572,9.575485714285715,10.862228571428572,11.763314285714287,12.994057142857145,13.137742857142857,12.940871428571429,12.510357142857144,11.900085714285712,10.318371428571426,8.938785714285713,7.450385714285714,6.816385714285714,6.771571428571428,7.202371428571429,7.824085714285715,9.3224,10.67287142857143,11.915128571428571,13.372185714285715,14.277057142857144,14.685028571428575,14.348285714285717,13.52277142857143,12.687228571428575,12.540657142857144,11.504785714285715,10.476299999999998,10.155442857142857,9.918428571428572,9.130128571428571,8.876557142857143,8.236657142857142,8.27762857142857,8.842614285714285,8.657457142857142,8.653742857142857,9.747485714285714,10.367914285714287,10.18067142857143,10.228957142857142,9.975814285714288,11.155014285714286,11.330285714285713,11.372214285714287,11.140742857142858,11.87887142857143,11.869885714285713,11.814942857142857,10.667957142857142,10.253657142857145,9.270785714285713,8.772785714285714,8.240557142857144,8.084214285714285,8.042028571428572,7.665085714285715,8.037671428571429,8.487328571428572,9.736857142857144,11.573514285714285,12.6797,13.25757142857143,13.562128571428572,13.473828571428571,13.81144285714286,14.17307142857143,12.666899999999998,11.615828571428569,11.903457142857144,12.488685714285714,12.497628571428573,12.217185714285714,10.657614285714285,9.977057142857145,9.617128571428571,8.460785714285715,7.277114285714285,7.269042857142857,6.889885714285713,6.607885714285714,6.549014285714285,7.252299999999999,7.231585714285715,8.743071428571428,9.300985714285716,9.5665,10.913528571428571,11.967314285714284,11.383057142857142,11.449000000000002,10.492142857142857,10.065128571428572,10.288842857142857,9.6346,9.56144285714286,10.006785714285714,10.802214285714285,12.022414285714287,13.28882857142857,13.929285714285713,13.579857142857142,13.439800000000002,13.628242857142856,12.933514285714285,12.27222857142857,13.205428571428572,12.327757142857143,14.0701,13.711914285714286,14.426257142857143,15.777085714285715,16.263342857142856,13.831714285714286,13.1905,12.349228571428572,12.09165714285714,11.08462857142857,11.389928571428571,11.479128571428571,12.587100000000001,13.038514285714285,12.542085714285713,13.483971428571428,14.319542857142858,13.820857142857145,14.355085714285716,14.449699999999998,15.61762857142857,15.182742857142857,16.20027142857143,15.240100000000002,14.810285714285715,14.23377142857143,15.67207142857143,15.647200000000002,17.102028571428573,16.152842857142854,16.53362857142857,17.277657142857144,18.733785714285716,17.2919,16.923842857142855,16.674842857142856,16.996642857142856,19.0085,19.897314285714284,19.143814285714285,20.643900000000002,20.64144285714286,19.768414285714282,19.45012857142857,18.434742857142858,18.997657142857143,19.657114285714282,19.01467142857143,19.66512857142857,21.882757142857145,21.718957142857143,20.923814285714286,20.076542857142858,18.931542857142855,19.317485714285713,18.965585714285712,17.331185714285713,17.825014285714285,16.537357142857143,14.318328571428571,13.388371428571428,11.639014285714284,10.577414285714287,9.475442857142857,8.155528571428572
86,16.6511,16.6511,11.09165,14.035533333333333,12.264,11.84522,11.320549999999999,11.4808,10.861614285714285,11.723157142857143,10.878142857142858,12.31137142857143,13.615,13.5178,25.570128571428572,53.246028571428575,69.34185714285715,71.67131428571429,73.3631,73.66615714285714,76.26134285714285,65.36234285714286,37.6554,22.481728571428572,19.931885714285716,17.5776,16.86957142857143,14.592014285714287,12.992114285714285,12.450114285714287,10.5005,9.652557142857145,9.004342857142857,7.48407142857143,7.163928571428572,6.6804000000000014,7.9712000000000005,8.491928571428572,9.341228571428571,10.107071428571428,10.418571428571429,11.088085714285715,11.399857142857144,9.929757142857142,9.841771428571429,9.077771428571427,8.522371428571429,9.202757142857141,8.957542857142856,9.659942857142857,9.715414285714285,9.355571428571428,9.219571428571427,9.479042857142858,9.388685714285714,9.251485714285716,8.340228571428572,8.4203,9.073028571428573,10.187814285714285,9.986628571428572,9.208814285714286,9.972657142857143,10.587071428571429,11.104071428571428,11.573842857142859,10.771585714285717,12.743042857142855,13.69512857142857,13.015014285714285,13.751014285714286,13.499814285714288,13.425871428571428,14.06377142857143,12.164142857142858,13.517085714285713,14.074114285714286,16.53327142857143,18.261157142857144,20.83157142857143,22.412857142857142,22.23052857142857,23.136571428571425,23.15552857142857,20.831485714285716,20.008585714285715,19.8231,19.918499999999998,21.386485714285715,19.84687142857143,21.150928571428572,23.82221428571429,23.86792857142857,21.29057142857143,22.28624285714286,21.9791,21.03381428571429,19.363200000000003,19.62902857142857,20.688214285714288,21.4038,18.919271428571427,20.777242857142856,21.389585714285715,22.023214285714285,19.65095714285714,18.701842857142854,19.53577142857143,19.379371428571428,16.29234285714286,14.835914285714285,15.505242857142857,14.630757142857146,14.124200000000002,13.700557142857141,13.222499999999998,13.887685714285714,14.641142857142857,12.761,13.9974,13.591700000000001,13.17287142857143,13.252142857142859,14.425042857142857,14.106214285714286,15.72535714285714,14.400185714285714,17.866314285714285,16.806428571428572,18.560028571428575,17.426757142857145,18.42712857142857,17.625485714285713,16.5363,13.993757142857143,14.246842857142857,12.431785714285715,12.569085714285716,12.140057142857144,13.937314285714283,15.20225714285714,15.180042857142857,14.92632857142857,14.700514285714286,13.798557142857144,13.549185714285711,12.131342857142856,11.312642857142858,10.592899999999998,10.498028571428572,10.388614285714285,10.793342857142857,10.694042857142858,9.96037142857143,9.816085714285716,8.970228571428573,9.212557142857145,9.122471428571428,8.833971428571429,8.54957142857143,7.926528571428571,7.675371428571429,7.807657142857143,7.750871428571428,7.9342999999999995,8.470814285714287,9.16332857142857,9.778214285714286,10.380085714285714,11.505714285714285,11.303442857142857,11.555871428571427,11.266171428571427,10.750814285714284,10.703885714285715,11.157628571428571,11.490714285714287,12.010114285714286,11.828471428571431,12.271657142857142,12.271271428571428,11.823071428571426,11.268457142857143,11.023542857142857,11.233485714285715,10.995442857142857,10.023928571428572,9.781357142857143,9.5649,9.288042857142859,8.245671428571429,8.0309,8.211900000000002,8.463700000000001,9.373728571428572,10.136700000000001,10.700000000000001,11.13974285714286,10.785171428571429,10.637157142857143,10.268214285714288,8.94362857142857,7.893185714285713,7.117399999999999,6.628128571428571,6.7602142857142855,7.260985714285714,8.042214285714286,8.555385714285714,9.522085714285714,10.661428571428571,11.664885714285715,12.350671428571427,12.912814285714287,12.545571428571426,12.791514285714284,12.36787142857143,11.305157142857142,10.348485714285713,9.132599999999998,7.883742857142857,7.278285714285713,6.325928571428571,6.572814285714286,6.809442857142857,6.547042857142857,7.1342428571428576,7.675728571428571,8.205271428571429,8.877157142857143,8.496842857142857,8.30037142857143,8.669671428571428,8.582028571428571,9.209800000000001,8.958485714285715,9.072185714285714,9.54215714285714,10.520999999999999,11.141257142857143,11.193685714285715,10.00687142857143,9.936385714285715,9.486014285714287,9.312857142857142,8.948457142857142,8.851714285714285,9.17232857142857,9.762242857142857,10.870000000000001,11.638657142857143,12.772457142857144,13.603385714285713,14.170585714285712,15.181157142857144,15.31872857142857,15.029314285714284,14.789957142857144,13.85662857142857,13.773885714285713,13.458485714285715,12.431914285714285,13.048542857142857,13.340585714285714,13.356171428571429,12.971157142857143,12.190785714285713,11.872214285714284,12.241428571428571,12.5011,12.66432857142857,13.789514285714285,14.148657142857143,14.368771428571426,13.885785714285714,14.659128571428571,15.0493,15.41632857142857,14.396242857142855,15.259757142857145,16.59844285714286,18.25004285714286,17.954914285714285,17.533842857142854,16.87502857142857,17.423857142857145,16.654028571428572,16.55462857142857,16.56707142857143,16.622000000000003,16.869014285714286,18.059814285714285,18.527371428571428,19.2964,18.9315,20.674028571428572,21.218785714285712,20.33305714285714,19.434485714285717,19.029028571428572,21.0656,20.149785714285716,18.45924285714286,17.465342857142858,19.76727142857143,19.86805714285714,19.30822857142857,16.66055714285714,15.917685714285714,14.813571428571427,15.713728571428573,13.643957142857143,13.241428571428571,12.840271428571429,12.539228571428572,13.654614285714286,14.571214285714285,13.658285714285714,13.989642857142856,14.289428571428571,14.8893,15.315857142857142,15.150585714285713,13.670614285714285,13.595914285714287,13.160514285714287,14.141842857142857,13.7576,14.0507,14.108157142857142,14.409585714285713,14.665557142857141,16.77295714285714,15.741414285714283,16.742785714285713,17.157542857142854,16.552842857142856,17.764042857142858,18.48997142857143,17.31657142857143,18.139414285714288,17.480385714285713,16.055371428571426,16.952099999999998,16.663542857142858,17.373471428571428,17.5135,16.38115714285714,17.132942857142858,19.309142857142856,18.536514285714283,17.302414285714285,16.4032,15.352300000000001,16.46572857142857,16.148342857142858,13.973571428571429,14.4797,14.178728571428573,12.497271428571429,12.710485714285713,11.243285714285715,10.3002,10.864685714285715,9.911857142857144
87,14.8796,14.8796,13.5678,15.860033333333334,13.946225,13.906460000000001,13.150350000000001,12.741385714285714,13.361114285714288,13.203100000000001,11.923485714285714,12.289642857142857,13.177457142857142,12.984685714285714,23.92397142857143,42.92718571428571,55.228571428571435,60.48744285714286,63.73375714285714,63.68075714285714,65.68074285714286,54.799685714285715,35.118585714285715,24.728342857142856,19.7575,16.869142857142858,15.708628571428573,14.216842857142856,14.940885714285713,14.803099999999999,13.213242857142857,12.348442857142857,12.064599999999999,11.905299999999999,11.626985714285713,10.2527,10.92887142857143,10.584057142857144,11.041714285714287,11.246842857142855,12.000342857142856,13.107285714285714,13.49592857142857,13.980585714285715,14.988399999999999,15.314471428571432,16.068371428571428,15.745100000000003,14.510757142857143,17.472857142857144,16.88437142857143,16.264714285714284,16.445199999999996,15.567028571428569,16.58072857142857,17.59182857142857,15.68587142857143,15.45857142857143,15.178542857142856,15.554114285714286,15.7808,16.85617142857143,17.31927142857143,16.380300000000002,16.2599,17.239814285714285,16.69147142857143,17.000857142857146,15.746257142857145,14.612700000000002,15.177200000000001,14.658900000000001,13.345914285714287,13.222857142857142,12.174257142857144,12.227657142857142,11.407871428571427,11.176714285714285,11.719414285714285,13.483714285714287,13.434885714285713,13.061757142857143,12.199857142857141,13.47562857142857,14.885785714285715,15.294957142857141,14.087728571428572,14.069457142857145,15.603228571428572,15.781814285714287,16.25542857142857,16.236942857142857,15.63,15.733285714285715,16.227257142857145,14.89547142857143,14.102171428571433,13.888571428571426,14.4725,14.392828571428572,13.405671428571429,12.499500000000001,13.884557142857144,14.28187142857143,14.147628571428571,12.281899999999998,13.1784,15.180971428571427,16.33407142857143,15.262371428571429,14.509414285714286,13.760671428571428,13.4145,12.595957142857143,11.277485714285714,10.1682,10.611114285714285,10.955471428571428,10.50882857142857,10.808842857142858,10.415942857142857,10.838057142857142,11.071514285714285,11.571142857142858,11.475428571428571,12.158885714285715,12.401257142857144,14.810814285714287,14.234,13.930914285714286,12.230142857142855,12.416114285714286,11.721214285714288,10.355171428571428,7.795357142857143,7.151742857142858,7.125942857142858,8.129828571428572,8.064614285714287,9.745985714285714,10.543371428571431,11.947742857142858,12.282142857142858,12.290485714285714,11.769057142857145,11.810585714285716,10.3162,9.979342857142857,8.463228571428573,8.322785714285713,8.1821,8.534171428571428,8.801214285714286,8.971185714285713,9.660657142857143,9.4807,9.676900000000002,9.198985714285714,8.799342857142857,8.263285714285713,7.8792857142857144,6.959128571428571,6.4954857142857145,6.318414285714286,7.1888571428571435,8.300485714285715,8.700142857142856,9.482828571428572,10.713857142857142,11.987642857142857,12.345628571428572,12.4569,11.968057142857143,11.883042857142858,12.033614285714288,11.634685714285713,11.01692857142857,11.343757142857143,11.14292857142857,11.6889,11.821357142857142,10.976657142857144,11.192157142857143,12.006257142857143,12.3002,11.985871428571429,10.503071428571428,10.093714285714286,9.982942857142856,9.294457142857143,8.50772857142857,8.178314285714285,8.540242857142857,9.125385714285715,10.097557142857143,10.762614285714287,10.799014285714284,11.6499,11.328371428571428,11.068742857142857,10.678057142857142,9.367857142857144,8.488828571428572,8.210342857142857,7.125328571428571,7.0404857142857145,7.331671428571428,7.992528571428572,8.418771428571429,9.074385714285714,10.196628571428572,11.217057142857142,12.007885714285715,12.502857142857142,12.207285714285714,12.477814285714285,12.131685714285712,11.185014285714287,10.253414285714285,9.089842857142857,7.805214285714286,7.242142857142858,6.291685714285715,6.288057142857142,6.259457142857143,6.062214285714286,6.240700000000001,6.937171428571429,7.622657142857143,8.196428571428571,8.0973,7.956785714285715,7.746742857142857,8.006542857142858,8.596771428571428,8.37342857142857,8.315557142857143,8.947614285714286,10.438500000000001,11.545442857142858,11.2875,10.218042857142859,9.87992857142857,9.364028571428573,8.466042857142858,6.518042857142858,5.291214285714285,4.9793,5.230971428571428,5.149342857142856,5.220571428571428,5.3136857142857155,5.875185714285714,6.140999999999999,6.9174428571428574,6.920557142857142,7.011371428571428,7.2351,7.647014285714285,8.268885714285714,8.463714285714286,8.572557142857145,9.001228571428571,9.922828571428571,10.218028571428572,10.561599999999999,9.678099999999999,9.703985714285716,9.317357142857144,9.211028571428571,9.112842857142857,8.713742857142856,8.196685714285715,8.598014285714287,9.573171428571428,10.097985714285715,11.012128571428573,11.418757142857142,12.241585714285714,12.79902857142857,13.055185714285715,12.312871428571428,12.105114285714285,11.164642857142857,10.423785714285714,10.944071428571428,11.281914285714288,12.39145714285714,12.158671428571427,11.816442857142858,12.5532,13.497214285714284,13.3559,13.619985714285713,12.42642857142857,15.550214285714285,17.4246,17.228728571428572,17.131642857142857,16.686157142857144,16.790928571428573,17.885214285714287,16.897185714285715,15.845185714285714,17.19147142857143,16.526685714285716,16.590685714285712,16.815042857142856,15.438914285714285,15.259428571428572,16.64464285714286,16.45687142857143,16.976185714285716,17.311457142857144,17.613285714285716,20.166,19.967457142857143,18.59497142857143,18.879185714285715,20.550671428571427,20.812042857142853,20.427171428571427,18.9632,18.065985714285713,19.002414285714284,18.806428571428572,18.561200000000003,19.982242857142857,20.276614285714285,20.3356,20.007442857142856,19.335528571428572,20.638514285714283,20.669414285714286,20.204357142857138,21.264271428571426,22.536785714285713,25.3254,26.44204285714286,25.223085714285713,25.95172857142857,27.255142857142854,25.74374285714286,24.9507,23.888828571428572,24.605985714285715,25.085671428571427,22.924714285714284,21.518328571428576,21.7601,20.76178571428571,19.605485714285713,18.202285714285715,17.154342857142858,18.482485714285712,18.827814285714286,18.07381428571429,19.072928571428573,18.300185714285714,16.962657142857143,17.22897142857143,16.207214285714286,14.362414285714289,15.087028571428574,13.494028571428572
88,12.2978,12.2978,14.414000000000001,15.648533333333333,13.7365,14.317759999999998,12.935516666666665,12.596928571428569,12.140314285714286,11.787671428571429,10.58682857142857,10.906342857142858,10.876314285714287,11.1597,18.557385714285715,33.79254285714286,40.63298571428572,45.4792,47.731471428571425,48.151242857142854,49.5798,42.78711428571429,28.188385714285715,22.345814285714283,17.904500000000002,15.942599999999999,14.45177142857143,13.5209,13.416942857142857,13.505485714285713,12.818457142857142,12.470728571428571,12.685114285714288,12.922385714285715,12.619042857142857,11.218571428571428,11.189942857142857,10.9136,10.613814285714286,9.995742857142858,9.816414285714286,10.017514285714286,10.354042857142858,10.42022857142857,9.7541,10.271142857142857,11.119342857142856,11.187842857142856,10.633557142857143,13.071357142857142,12.601871428571428,12.73772857142857,13.758457142857143,12.351785714285713,12.510999999999997,12.973128571428571,11.616628571428572,12.23585714285714,12.711714285714285,11.971342857142858,13.003114285714288,14.139442857142857,15.436342857142856,14.493914285714286,13.737799999999998,13.212585714285714,12.4509,14.018557142857142,12.635771428571429,10.771428571428572,11.152057142857142,10.915914285714285,10.044285714285715,10.668185714285714,8.465671428571428,8.468471428571428,8.5468,8.35972857142857,8.388271428571429,9.488785714285715,9.2415,9.196771428571427,9.324171428571429,10.604528571428572,11.799257142857144,13.15674285714286,12.709857142857143,12.045014285714286,12.574642857142859,13.843042857142857,12.720685714285713,12.758142857142857,11.759485714285717,12.390685714285713,12.73882857142857,11.697285714285714,10.3821,11.312771428571429,11.143557142857144,10.707485714285713,9.48087142857143,9.669414285714286,10.457357142857145,11.271014285714285,11.306014285714285,11.362542857142857,13.378328571428572,14.753957142857145,15.731628571428573,16.682071428571426,15.613614285714286,14.730971428571427,13.837757142857145,13.110685714285717,12.87752857142857,12.035399999999997,11.349342857142858,11.64932857142857,11.5635,11.353514285714285,10.595371428571427,10.784257142857141,10.791785714285712,12.241171428571429,11.660042857142857,11.807085714285716,12.661128571428572,13.714257142857141,13.829685714285715,13.803057142857144,11.130128571428571,11.383957142857144,10.784357142857143,9.363442857142857,7.652242857142857,6.498157142857144,6.5534285714285705,7.749114285714285,8.218757142857143,10.108885714285716,11.293414285714283,13.377414285714284,13.775485714285713,13.529499999999999,13.63422857142857,13.580885714285714,12.657514285714285,12.296342857142855,10.623671428571427,10.487557142857142,10.280285714285714,10.239,10.416385714285715,10.527600000000001,10.727142857142857,10.559628571428572,10.394685714285714,10.258500000000002,9.952428571428571,9.346599999999999,9.01475714285714,8.3967,8.434014285714285,8.657057142857143,9.347942857142858,10.5432,11.102657142857144,11.571228571428573,13.204885714285714,14.210757142857144,15.300057142857144,15.616257142857142,14.934114285714287,15.185742857142857,16.14355714285714,15.630728571428573,15.041271428571429,15.0678,14.906114285714287,15.566428571428574,15.557028571428575,13.990342857142858,14.087885714285715,14.404528571428571,14.914614285714284,14.580985714285715,12.92,12.457357142857143,12.328942857142858,11.399671428571427,10.507414285714285,9.640042857142857,9.863957142857142,10.84747142857143,11.554214285714286,12.693299999999999,13.575500000000002,15.0004,15.042328571428571,14.4065,13.660057142857145,12.512857142857143,11.194242857142855,10.063128571428573,9.090457142857144,8.59137142857143,9.6185,10.535171428571429,11.031157142857142,11.401357142857142,13.1884,14.023485714285714,15.1626,15.866642857142859,16.3629,16.93104285714286,17.212442857142857,15.755242857142857,15.612457142857142,14.300328571428574,12.697414285714286,11.125985714285715,9.630571428571429,8.805014285714288,8.996285714285715,7.880971428571429,7.812285714285714,8.440114285714285,9.122714285714286,10.149585714285715,10.711614285714287,10.572171428571428,10.421157142857144,11.093057142857143,11.064528571428571,10.729342857142855,10.493714285714287,11.19212857142857,13.062800000000001,14.59007142857143,14.652585714285715,14.283042857142858,13.8843,13.508685714285715,12.125242857142856,9.514228571428571,7.884857142857142,6.7382,7.160157142857143,7.208442857142857,7.168671428571429,7.799342857142858,8.898914285714286,8.976314285714285,9.7357,9.224300000000001,9.292399999999999,9.4721,9.56707142857143,10.161614285714288,11.424557142857143,11.611185714285714,12.1469,13.6695,13.83997142857143,13.697342857142859,12.470257142857145,11.508885714285716,11.120914285714287,10.452585714285716,9.749071428571428,8.853528571428571,8.624328571428572,8.60212857142857,9.2706,9.251528571428574,9.783200000000003,9.994200000000003,10.891214285714286,11.018542857142856,10.738257142857142,9.948528571428572,9.372771428571427,8.618557142857144,7.588071428571429,8.180871428571427,9.238085714285715,10.118928571428572,10.0126,10.774385714285714,12.190671428571429,13.69257142857143,13.212814285714286,11.912728571428572,11.877799999999999,13.766271428571429,15.0268,14.737214285714288,13.955671428571431,13.239700000000001,13.532085714285715,14.50137142857143,14.653428571428572,13.9084,14.328671428571429,13.463085714285715,14.376028571428572,14.523957142857142,12.872442857142858,12.70267142857143,12.740385714285713,12.147400000000001,13.162985714285714,13.067385714285715,13.744200000000001,14.977914285714288,13.55027142857143,12.612657142857143,12.70947142857143,13.193471428571428,13.829557142857142,13.9764,13.634357142857143,13.241728571428572,14.36325714285714,14.78922857142857,14.728057142857143,15.06562857142857,14.242028571428573,14.360585714285714,14.877785714285713,14.105500000000001,14.819142857142856,14.235057142857144,14.305928571428572,15.4374,15.49807142857143,16.71227142857143,18.75947142857143,18.936500000000002,20.422,22.098457142857143,21.186457142857144,21.269800000000004,20.300985714285712,19.992285714285714,20.145171428571427,18.787442857142857,18.651571428571426,20.2746,20.336457142857142,20.84462857142857,20.908714285714286,20.74932857142857,22.225085714285715,21.627442857142857,19.98965714285714,20.160871428571426,19.326371428571427,17.339242857142857,16.46232857142857,15.537985714285714,13.159600000000001,13.909285714285716,13.056500000000002
89,7.6539,7.6539,8.610800000000001,9.9054,8.667325,9.11392,8.388616666666666,9.128314285714286,9.1854,9.362442857142856,8.588957142857144,9.079171428571428,10.78062857142857,11.243185714285714,17.248957142857144,32.42344285714286,35.04951428571429,38.06362857142857,39.48129999999999,38.704057142857145,40.95501428571429,35.06967142857143,21.044571428571427,19.741485714285712,17.32332857142857,15.860757142857144,14.359228571428574,12.083985714285713,11.502399999999998,10.401914285714284,8.879242857142858,8.4286,8.640957142857143,8.395100000000001,8.4797,8.017857142857144,8.400528571428572,8.183428571428573,8.1714,7.949071428571429,8.305014285714286,8.396257142857142,8.15162857142857,7.497814285714285,7.096085714285714,6.770985714285714,7.3524571428571415,8.514514285714286,8.302071428571429,9.186671428571428,9.7487,9.808985714285713,10.566342857142857,9.632228571428572,8.428714285714287,7.798342857142857,7.297028571428571,6.951485714285714,8.028785714285714,8.349742857142857,8.960857142857142,8.739099999999999,9.858128571428571,9.923514285714285,10.037085714285713,9.161271428571428,8.1744,9.754085714285713,9.943685714285715,8.982728571428572,10.027528571428572,9.7083,9.432285714285713,9.991642857142855,7.916385714285715,8.075185714285714,8.34,7.366757142857144,7.599742857142857,8.393514285714286,8.067314285714287,8.305728571428572,8.2661,10.085557142857143,11.405871428571428,13.35337142857143,13.056771428571428,13.3032,14.045928571428572,15.761085714285715,14.261957142857142,15.063199999999998,13.187,13.994771428571429,13.625,12.63442857142857,11.395214285714287,12.171171428571427,11.002114285714287,10.708942857142857,9.6261,10.5515,10.876957142857142,11.416457142857142,11.842557142857142,11.879000000000001,14.178985714285714,14.788057142857143,15.85247142857143,16.68832857142857,15.484257142857144,14.206957142857146,13.206900000000003,12.4083,12.591428571428569,10.778157142857141,10.620099999999999,11.241657142857141,11.25897142857143,11.394142857142857,11.062985714285714,11.107857142857142,11.44108571428571,12.247357142857144,11.56574285714286,11.683314285714287,12.598728571428571,14.094414285714285,15.287571428571429,14.939914285714284,12.695042857142855,12.833557142857144,12.070728571428573,10.442914285714286,8.3358,6.708728571428572,7.3173,8.445271428571429,9.471685714285714,11.62522857142857,13.29727142857143,14.921085714285713,15.242442857142857,14.732314285714285,14.956514285714286,14.462085714285717,13.429728571428571,12.594242857142856,11.094257142857142,10.736214285714286,10.634671428571428,10.6738,11.534385714285714,11.798771428571428,12.78292857142857,12.367757142857142,12.511385714285714,12.7363,12.456585714285714,11.442371428571429,11.176457142857142,9.952414285714285,10.507271428571428,10.452414285714285,11.291,12.558671428571428,13.067185714285715,13.676271428571425,14.477857142857141,14.259271428571427,15.552228571428572,15.935914285714288,16.545514285714287,16.946885714285717,18.466442857142855,19.107242857142857,19.643257142857145,20.03055714285714,20.000814285714284,18.702414285714287,18.8328,16.958071428571426,16.926099999999998,16.987057142857143,17.10507142857143,16.393442857142862,15.2599,14.363928571428572,13.866757142857143,12.580842857142857,11.66592857142857,11.208042857142857,11.921228571428571,13.118028571428571,13.96595714285714,14.035371428571427,14.762471428571429,19.541742857142857,19.402414285714283,18.2548,17.5414,16.44464285714286,15.948871428571428,15.257642857142857,10.882557142857143,10.269728571428573,11.598128571428571,11.924714285714286,12.118457142857142,12.4441,12.902428571428572,13.634128571428572,13.625914285714286,14.552442857142859,16.187700000000003,17.36601428571429,18.181271428571428,18.323685714285716,19.55412857142857,19.19332857142857,17.075814285714284,14.819914285714287,12.825528571428572,11.694471428571429,11.981742857142857,9.887571428571428,9.81177142857143,10.288857142857141,11.530685714285713,13.1132,14.020357142857142,14.011142857142856,14.103628571428569,15.550914285714285,15.60855714285714,15.100942857142858,14.42655714285714,15.5624,19.257714285714286,22.182,21.786685714285714,20.926585714285714,20.24675714285714,19.7211,17.728357142857142,12.8618,9.593685714285714,8.3317,9.63717142857143,9.441671428571428,9.589314285714284,9.91,10.844585714285715,10.839442857142856,11.30022857142857,10.098942857142857,10.169485714285713,10.352414285714286,10.650757142857143,11.147899999999998,12.171985714285713,12.587142857142856,13.493271428571429,15.511757142857144,15.621657142857142,15.293585714285713,13.953414285714286,12.700171428571428,12.00447142857143,10.892171428571427,9.639114285714285,8.733914285714286,8.662099999999999,8.928071428571428,10.264314285714287,10.764742857142858,11.535014285714285,12.296071428571429,13.800771428571428,14.683171428571429,15.063885714285716,14.486500000000001,14.168357142857143,13.536828571428572,12.5188,13.099642857142856,12.833528571428571,12.93207142857143,12.467128571428573,12.260899999999998,13.485228571428573,15.077357142857142,14.028400000000001,13.483414285714286,13.628785714285714,14.6792,16.738714285714284,16.36547142857143,14.272614285714287,14.025057142857145,14.315685714285715,14.692614285714285,15.58262857142857,15.136171428571428,15.686985714285713,15.929042857142857,16.026385714285716,15.961614285714287,14.828328571428573,13.894485714285716,12.75517142857143,12.134314285714286,12.735414285714285,12.564657142857143,12.7122,13.230314285714286,12.271357142857141,11.526542857142857,10.828457142857143,10.991442857142857,11.774899999999999,12.187871428571427,11.886457142857143,11.667085714285715,11.9939,12.339942857142857,11.774942857142857,10.652485714285715,9.791785714285714,10.214885714285714,11.309842857142856,10.790428571428572,11.751614285714286,11.4121,11.9319,12.4655,12.650114285714285,12.856971428571429,14.416885714285714,14.370157142857144,14.892514285714286,16.011757142857142,15.613685714285712,15.291814285714285,13.988142857142856,13.727385714285715,13.7517,13.676128571428572,14.409514285714286,15.944157142857145,15.852657142857142,16.108757142857144,16.78721428571429,15.925642857142856,17.571599999999997,16.612242857142856,14.854171428571428,15.442628571428571,15.17172857142857,12.983157142857143,13.33134285714286,11.420742857142855,9.694842857142858,10.012085714285716,8.764385714285714
90,5.771,5.771,6.5626,7.2049666666666665,6.5775999999999994,6.682979999999999,6.476499999999999,7.158299999999999,7.68082857142857,8.264742857142856,7.665828571428571,7.772771428571429,9.043171428571428,9.279657142857143,14.073014285714285,25.576014285714287,24.764571428571433,26.172257142857145,27.508714285714287,27.717571428571432,29.667471428571424,24.889885714285715,14.079899999999999,15.375442857142856,14.445214285714284,13.176371428571429,11.700585714285713,9.359314285714285,8.342985714285714,6.980585714285715,5.254528571428572,4.835128571428571,4.643785714285714,4.178400000000001,4.460142857142857,4.6718,5.5033142857142865,5.876914285714286,6.349271428571429,6.838114285714285,7.135885714285714,7.243685714285715,7.027942857142857,5.818614285714287,5.603314285714286,5.009857142857143,5.177528571428573,5.678914285714285,5.729285714285715,6.240171428571428,6.9877142857142855,7.0388,7.609071428571428,7.4414,6.451942857142858,6.142442857142858,5.838300000000001,5.393742857142857,6.429814285714286,6.793500000000001,6.8510285714285715,6.991757142857142,7.474428571428571,8.121457142857142,8.543914285714285,7.997171428571429,7.2218,8.594142857142858,8.79262857142857,7.976642857142857,9.028542857142858,8.863314285714285,8.2909,9.290828571428571,7.8604714285714286,8.335942857142857,8.961728571428571,8.148142857142856,8.460014285714285,9.435571428571427,9.109528571428571,9.111442857142858,9.041885714285716,11.364042857142858,12.196342857142858,13.0174,12.677971428571428,12.877328571428574,13.060414285714286,14.26372857142857,12.218271428571429,12.050685714285715,11.296999999999999,11.8356,11.339857142857142,11.512085714285714,10.717957142857143,11.40662857142857,12.246328571428572,12.1041,11.5544,12.218757142857143,11.761214285714285,12.11492857142857,13.855514285714284,12.804985714285712,13.856557142857142,14.58054285714286,15.399228571428571,15.891500000000002,15.16462857142857,12.840485714285714,12.245385714285714,12.751185714285715,13.230971428571427,11.804857142857143,12.5167,12.82272857142857,12.695257142857143,12.818142857142858,12.4683,12.05527142857143,12.268142857142854,12.552157142857142,12.521957142857143,12.339528571428572,13.876157142857142,14.026014285714284,15.595128571428573,15.594085714285717,13.962371428571428,13.891099999999998,13.534799999999999,11.040042857142856,11.450199999999999,9.99472857142857,10.910499999999999,11.786542857142857,12.314885714285714,14.144257142857143,16.216757142857144,15.433942857142858,15.520228571428573,14.899957142857145,15.231871428571429,14.5089,13.686499999999999,12.987799999999998,13.01817142857143,12.356357142857144,11.865885714285715,11.9919,13.863414285714285,14.140828571428573,14.282571428571428,13.82467142857143,14.49035714285714,15.440142857142858,14.866057142857143,13.660885714285714,13.335757142857144,12.2507,12.585614285714286,12.027485714285714,12.838571428571429,14.186885714285713,14.525642857142858,15.340428571428571,17.106957142857144,16.5844,18.26772857142857,17.869400000000002,17.67787142857143,17.40648571428571,19.1129,19.079571428571427,20.4703,21.71975714285714,22.051485714285718,21.42922857142857,22.827142857142857,20.930571428571426,21.18917142857143,20.511457142857147,20.24372857142857,19.889985714285718,19.14822857142857,17.493042857142857,16.673157142857143,15.603157142857144,15.213114285714287,15.35742857142857,17.183614285714288,18.586028571428574,19.741114285714286,20.076985714285712,21.22765714285714,27.97002857142857,26.84062857142857,24.737057142857143,24.1098,23.013471428571428,22.072499999999998,20.386742857142853,14.432242857142853,15.054771428571428,16.411914285714285,16.363714285714284,16.580042857142857,17.187157142857142,17.903042857142857,17.476057142857144,16.019342857142856,17.644114285714288,21.107300000000002,22.975671428571424,24.601314285714288,24.774099999999997,27.277985714285713,27.04517142857143,23.674114285714285,19.82124285714286,16.986042857142856,15.139142857142858,15.584328571428571,12.684614285714286,11.995514285714284,13.186857142857145,14.696028571428572,16.34057142857143,16.756614285714285,16.744799999999998,16.858757142857144,18.105657142857144,16.865771428571428,15.992814285714285,15.831457142857143,17.51562857142857,23.275914285714286,28.52397142857143,28.805885714285715,28.67515714285714,28.223842857142852,27.080171428571425,24.915957142857142,17.6309,12.433857142857144,10.639557142857143,12.32927142857143,11.430057142857143,11.707228571428573,11.945628571428573,12.665799999999999,12.291100000000002,13.306128571428571,11.746728571428571,12.087185714285713,12.9389,13.557685714285713,14.204957142857143,15.471457142857142,15.892142857142856,16.8766,19.148500000000002,18.388485714285714,17.549171428571427,16.434185714285714,14.786828571428572,13.822342857142859,12.515642857142856,10.700128571428573,9.791857142857141,10.587428571428571,11.399657142857142,12.545800000000002,13.020057142857143,14.4078,15.893485714285715,17.504257142857142,17.617685714285717,18.3624,18.938642857142856,19.429857142857145,18.7943,18.25957142857143,19.104442857142857,19.622214285714286,18.85082857142857,17.341171428571425,15.890842857142859,16.567914285714284,16.792928571428572,15.671171428571427,14.954728571428571,14.819442857142857,16.187471428571428,18.937457142857145,17.945128571428572,16.571357142857142,15.9931,15.812614285714286,16.504185714285715,18.355071428571428,17.213371428571428,18.8568,18.613085714285713,18.261714285714284,17.654557142857144,16.233942857142857,13.811742857142857,13.044614285714287,11.510485714285712,11.774914285714285,12.001585714285714,12.056242857142857,12.447228571428571,12.421142857142856,11.664,10.865357142857144,11.322199999999999,11.87092857142857,12.875457142857142,13.128371428571429,12.123842857142858,12.007771428571429,12.400214285714286,11.670657142857142,10.285014285714283,9.290928571428571,9.451342857142858,11.150142857142857,11.399199999999999,11.38227142857143,10.872714285714286,11.553285714285716,11.450028571428572,10.763071428571427,9.755985714285714,9.792757142857143,10.644057142857141,11.152142857142858,11.477028571428571,11.47535714285714,11.409485714285712,10.717785714285712,10.552685714285714,9.9983,10.558442857142856,11.283914285714285,12.291442857142856,12.949871428571429,12.879571428571428,14.199799999999998,13.530471428571428,13.743971428571427,13.684899999999999,12.12315714285714,11.77462857142857,12.127157142857142,10.317542857142858,11.169214285714286,9.934385714285714,8.268557142857144,8.723428571428572,8.331042857142858
91,4.0614,4.0614,5.068,5.727233333333333,4.98485,5.22902,5.24785,5.791185714285715,6.408757142857143,7.548114285714285,7.145728571428571,7.894585714285713,9.607142857142858,9.735357142857143,12.798457142857142,19.878899999999998,18.690699999999996,19.524242857142855,19.963328571428573,19.629328571428573,20.71742857142857,17.94142857142857,11.588314285714286,12.427214285714287,11.932900000000002,11.271285714285714,10.073871428571428,8.628628571428571,7.468628571428572,6.091428571428572,4.793785714285714,4.6417,4.2312,3.8205999999999998,4.348628571428572,4.411528571428572,5.162457142857143,5.511814285714286,6.334542857142857,6.908085714285714,6.8749714285714285,6.688457142857142,6.812428571428571,5.815285714285715,5.664157142857143,4.608585714285714,4.605185714285715,5.125757142857142,4.944814285714286,5.137214285714285,5.641514285714286,5.421471428571429,5.7438142857142855,5.806785714285714,4.954014285714286,4.578871428571428,4.437285714285714,4.636914285714285,6.072642857142857,6.561000000000001,6.560899999999999,7.243214285714286,8.549814285714286,10.107242857142856,10.108785714285714,9.418657142857143,8.758799999999999,9.946971428571429,9.822371428571428,8.61432857142857,8.159742857142858,7.949800000000001,7.756142857142857,8.627,7.47507142857143,7.803385714285715,8.397314285714286,7.666657142857142,7.8621285714285705,7.914171428571428,7.188942857142857,7.154271428571428,7.316528571428572,9.467471428571429,10.047557142857142,10.632985714285715,10.710885714285714,11.498428571428573,11.845557142857142,12.766985714285713,10.748299999999999,11.208128571428572,10.974214285714286,11.832657142857144,11.240571428571428,10.89362857142857,10.155742857142856,10.62577142857143,11.410157142857143,10.743157142857143,10.008985714285714,10.507900000000001,10.507900000000001,11.098614285714286,14.339542857142858,13.83114285714286,15.012314285714288,16.00877142857143,16.607957142857142,17.566,16.441085714285713,12.684742857142856,11.945185714285714,12.783442857142859,12.5779,11.766914285714284,11.179957142857143,11.566585714285713,11.336814285714285,11.38754285714286,10.84012857142857,10.728257142857144,11.6275,12.4864,13.051557142857144,13.411,14.374057142857144,14.374714285714287,16.102485714285713,15.298514285714285,14.468100000000002,14.258357142857145,14.020728571428569,12.102014285714287,13.71295714285714,12.842957142857143,13.799371428571428,14.484585714285714,15.250357142857142,17.841514285714286,20.273028571428572,18.936514285714285,19.32904285714286,18.134514285714282,18.19537142857143,17.135885714285713,15.487971428571427,14.63205714285714,14.233442857142856,13.043114285714285,13.0054,13.678414285714284,14.821342857142856,14.915314285714286,15.102985714285714,15.079757142857144,15.810457142857144,17.176014285714285,16.010914285714286,15.460657142857142,15.54135714285714,14.680242857142856,14.570014285714283,13.609585714285712,14.499828571428571,15.249199999999998,15.883628571428572,16.19612857142857,17.66465714285714,16.91662857142857,17.467714285714287,16.769814285714286,16.92338571428571,16.19742857142857,18.77072857142857,17.368414285714287,18.77404285714286,21.17902857142857,20.964371428571432,20.82065714285714,22.083742857142855,18.984928571428572,20.277014285714284,19.745785714285716,19.5891,19.521542857142858,18.626485714285714,17.210114285714287,16.80752857142857,15.802314285714287,15.703985714285716,16.1892,18.965585714285712,20.24705714285714,21.396871428571426,22.054114285714288,23.175471428571427,31.3157,29.88982857142857,27.25422857142857,26.654328571428575,25.49742857142857,24.576128571428573,23.725385714285718,17.185328571428574,18.704314285714286,19.8964,20.042285714285715,20.82707142857143,21.23967142857143,21.75617142857143,20.38612857142857,17.261242857142857,20.03002857142857,24.487257142857143,26.858357142857137,28.98762857142857,30.335271428571428,34.15245714285714,34.949842857142855,29.597200000000004,24.472371428571428,20.80802857142857,18.469271428571428,17.642614285714284,13.50767142857143,12.641928571428574,14.118014285714287,14.955899999999998,16.49632857142857,16.98052857142857,16.70037142857143,17.105542857142858,17.317157142857145,16.580342857142856,16.15707142857143,15.73022857142857,18.5828,26.529799999999998,33.82978571428571,35.27831428571429,34.82161428571429,34.878614285714285,34.33471428571429,30.86228571428572,21.402528571428572,13.92138571428571,11.635742857142857,13.710085714285714,12.659157142857142,12.485785714285713,12.996228571428572,13.70922857142857,13.334200000000001,14.329171428571428,13.601428571428572,13.916799999999999,14.77722857142857,15.256414285714285,15.389528571428572,16.787042857142858,17.028528571428573,17.508457142857143,18.733800000000002,17.83054285714286,16.6883,15.870214285714283,14.114171428571428,13.397428571428573,11.650042857142855,10.488057142857143,9.906771428571428,11.700814285714285,13.536028571428572,14.467085714285714,15.15647142857143,16.33074285714286,18.76964285714286,20.25487142857143,19.050485714285717,18.900685714285714,20.251014285714287,21.962514285714285,21.742628571428575,21.587642857142857,23.162614285714287,25.10862857142857,23.5436,21.37427142857143,18.382228571428573,18.956357142857144,18.025471428571425,15.660342857142856,14.17272857142857,14.701585714285715,16.408557142857145,19.652185714285714,17.724614285714285,16.425571428571427,16.297557142857144,15.415685714285713,16.531499999999998,16.726085714285713,15.347785714285711,17.1865,17.2354,16.746671428571428,16.76937142857143,14.942714285714285,13.168485714285712,12.319400000000002,11.349085714285717,11.201300000000003,11.507028571428572,11.471571428571426,11.637328571428572,12.08067142857143,11.506657142857142,10.528857142857145,11.102814285714286,11.688342857142858,12.355185714285714,12.901214285714286,12.049214285714287,11.628328571428572,11.854728571428572,10.626828571428572,9.621842857142855,8.538328571428574,8.5624,10.49442857142857,11.488114285714286,11.328299999999999,10.804814285714286,11.021514285714286,11.156514285714286,10.5592,9.659342857142857,9.749728571428571,10.331857142857142,11.176714285714285,11.096042857142859,11.090500000000002,11.24797142857143,10.07232857142857,8.585899999999999,8.464057142857142,8.850357142857142,9.33722857142857,10.259057142857142,10.801114285714286,10.8918,12.732557142857145,12.663328571428574,12.420742857142859,12.621685714285716,11.118028571428571,10.128871428571427,9.774885714285714,7.876271428571428,8.1229,7.429271428571427,6.073257142857144,6.574985714285715,7.0236
92,3.0123,3.0123,4.0629,4.144666666666667,4.0146250000000006,4.224400000000001,4.435116666666667,5.422828571428572,5.7766,6.881085714285716,6.8838,7.5089,9.419300000000002,9.541242857142857,10.914542857142859,14.868585714285715,13.853700000000002,14.411600000000002,14.35807142857143,13.506157142857143,14.054142857142859,12.644514285714289,9.54087142857143,9.865585714285714,9.507599999999998,9.223971428571428,8.500357142857142,7.504328571428571,6.250385714285715,5.004657142857144,4.195971428571428,4.5227,4.511642857142857,3.817542857142857,4.4713714285714286,4.592471428571429,5.361714285714286,6.0327142857142855,6.295814285714286,6.644028571428571,7.023371428571429,6.512828571428571,6.662128571428573,5.796628571428571,5.3388,4.548928571428571,4.299485714285714,5.0505571428571425,5.211171428571428,5.447842857142858,5.701885714285714,5.445842857142857,5.579185714285715,5.824914285714286,4.622085714285714,4.151514285714286,4.093342857142858,4.290128571428572,5.872114285714285,6.339285714285714,5.993828571428571,6.8872285714285715,7.8533857142857135,8.670499999999999,8.633099999999999,7.698514285714286,7.3011,8.891471428571428,8.460185714285714,7.781585714285714,7.956028571428571,8.4357,8.360385714285714,8.837985714285715,7.504357142857144,7.893314285714285,8.457214285714285,7.2061714285714285,7.057857142857143,7.034428571428571,6.450114285714285,6.544299999999999,7.044014285714286,8.8558,9.962742857142857,10.266471428571426,10.378457142857144,11.370757142857142,11.556814285714285,11.777114285714285,9.967185714285716,9.924414285714287,10.209171428571429,11.177742857142858,10.440428571428571,10.448728571428571,10.124585714285713,10.12492857142857,11.111742857142858,10.060557142857144,9.402257142857142,10.171257142857144,9.931371428571428,10.297185714285716,14.353914285714287,13.930828571428572,15.168314285714285,15.795671428571428,17.539914285714286,18.521685714285717,17.772542857142856,13.797999999999998,12.89172857142857,13.693957142857144,13.529585714285714,11.676271428571427,10.844314285714287,11.662128571428571,11.351814285714287,11.411942857142858,10.946871428571429,11.244071428571429,12.328928571428573,13.392371428571428,13.197542857142855,13.421471428571431,15.725714285714288,15.83714285714286,17.28702857142857,15.977271428571429,15.32167142857143,15.229428571428569,14.550985714285712,11.5851,13.946185714285717,13.499871428571428,14.831100000000001,15.6184,16.522414285714284,18.705299999999998,22.178985714285712,20.42237142857143,20.8691,19.928085714285714,20.29471428571429,19.329199999999997,18.636100000000003,18.319828571428577,16.817299999999996,14.959457142857142,14.34792857142857,14.160714285714283,15.339471428571429,16.158985714285713,14.787828571428573,15.460685714285715,17.078857142857142,19.216428571428573,18.51307142857143,17.921442857142857,16.97802857142857,16.063328571428574,16.894457142857142,15.933985714285713,17.214157142857143,17.271571428571427,18.385099999999998,19.015171428571428,20.6878,19.11875714285714,19.089885714285714,17.32242857142857,18.082171428571428,16.708242857142857,19.738842857142856,18.60894285714286,20.91571428571428,23.522199999999998,23.1385,23.666400000000003,24.710357142857145,21.31718571428571,21.586528571428573,20.44852857142857,19.587757142857146,19.446871428571423,17.7879,16.585285714285714,16.00714285714286,15.879042857142858,15.99407142857143,18.448385714285713,22.10575714285714,23.31564285714286,24.909385714285715,25.690685714285713,26.787871428571425,34.62065714285714,31.915171428571426,29.126957142857144,29.047014285714283,27.854814285714287,26.882271428571425,26.3196,20.812099999999997,22.85502857142857,24.216957142857144,23.6815,24.79817142857143,25.268542857142855,25.77458571428571,22.86504285714286,19.94275714285714,22.756857142857143,28.072014285714285,30.372871428571425,33.52062857142857,35.93815714285714,40.109114285714284,40.70325714285714,35.95834285714286,30.619342857142858,26.723028571428575,23.20482857142857,21.485542857142857,16.909314285714284,15.306885714285713,16.317985714285715,17.069857142857142,19.008171428571426,19.41727142857143,18.55851428571429,19.281442857142856,19.533814285714282,18.343557142857144,17.253257142857144,15.5853,17.481985714285713,24.954957142857147,32.616957142857146,33.4457,33.14814285714286,33.18875714285714,33.192528571428575,30.911514285714283,22.243671428571428,14.829300000000002,14.13002857142857,15.389842857142856,14.598671428571427,14.533928571428572,15.175114285714287,16.03887142857143,15.66622857142857,15.895214285714287,14.816785714285714,15.7736,16.551928571428572,16.6279,16.678800000000003,17.483228571428572,17.66682857142857,18.972,19.838228571428573,20.094385714285718,19.070899999999998,18.216171428571432,16.8988,16.89924285714286,15.34452857142857,14.131728571428571,12.283657142857143,15.583542857142858,17.717142857142857,18.96917142857143,19.19852857142857,20.54207142857143,24.19674285714285,25.075514285714284,22.95704285714286,23.283314285714287,25.174185714285716,26.79262857142857,26.841857142857144,26.88138571428572,29.76308571428572,31.113614285714284,28.074957142857148,24.399842857142858,20.768914285714285,20.666357142857144,18.03955714285714,14.767542857142855,12.648971428571427,13.435685714285713,16.559071428571432,20.194185714285712,19.089742857142856,18.503542857142858,18.56694285714286,18.465200000000003,19.41867142857143,19.414142857142856,17.065728571428572,17.766542857142856,17.47172857142857,16.817257142857144,17.05367142857143,15.310242857142859,12.505942857142857,12.41307142857143,11.6104,11.666857142857143,12.280085714285715,11.880714285714285,12.008957142857144,12.35757142857143,12.289042857142856,11.226799999999999,11.43645714285714,10.795642857142857,11.0414,11.499042857142856,10.4804,9.633628571428572,10.111871428571428,8.675199999999998,8.837014285714284,8.153385714285713,8.516557142857142,9.882042857142858,10.89562857142857,10.260057142857145,10.301757142857143,10.249814285714285,10.281471428571427,9.531642857142856,9.990528571428571,8.99392857142857,9.495014285714285,9.951742857142857,10.00372857142857,10.12522857142857,10.295828571428572,8.711942857142857,8.151657142857143,8.163942857142859,8.48857142857143,8.981414285714285,9.421942857142856,10.154671428571428,10.269014285714286,11.784357142857143,11.6805,11.182285714285715,10.793385714285714,9.835242857142855,8.44682857142857,7.902285714285713,6.339300000000001,6.219357142857143,5.858171428571429,5.3260000000000005,5.928471428571428,6.644871428571429
93,2.9928,2.9928,4.47,4.577133333333333,4.488925,4.74944,5.1795,6.320014285714286,7.035214285714285,7.762757142857143,8.1008,8.640071428571428,9.827328571428572,9.802742857142858,11.936414285714287,14.068142857142858,13.636671428571429,13.756885714285715,13.498257142857144,13.223285714285714,13.535414285714285,11.164528571428573,9.060542857142858,9.078228571428571,8.722757142857143,8.578385714285714,7.910071428571428,7.120742857142857,5.868000000000001,5.087785714285714,4.3219,4.557157142857143,4.7183142857142855,3.994142857142857,4.591728571428571,4.605271428571429,5.151085714285714,5.668357142857142,5.781871428571429,6.0255285714285725,6.282985714285714,5.747585714285714,5.9580857142857155,5.314671428571428,4.989128571428572,4.252585714285715,3.9001428571428574,4.564157142857143,4.910228571428571,4.850771428571428,5.2316,4.995857142857143,5.375657142857143,5.358314285714286,4.382014285714286,3.720242857142857,4.2884,4.445671428571428,5.824371428571429,6.218857142857142,6.003671428571428,7.122314285714286,8.097785714285713,8.820928571428572,8.675657142857142,7.7180857142857135,7.046057142857143,8.745328571428571,8.1115,7.57032857142857,7.336728571428571,7.919557142857144,8.074871428571427,8.839357142857143,7.526857142857142,8.094957142857142,8.511657142857143,7.370757142857143,7.200142857142857,7.161357142857142,6.583028571428571,7.134485714285715,9.360671428571427,10.707471428571427,12.234300000000001,12.536142857142854,12.57645714285714,13.320214285714286,13.446299999999999,11.541228571428572,10.2618,9.934328571428571,9.978542857142855,11.34902857142857,10.83507142857143,11.268642857142856,11.174642857142857,11.728357142857144,12.9931,12.250685714285714,11.023685714285714,12.254528571428574,11.342342857142857,11.238757142857143,15.787185714285714,15.449471428571428,16.913328571428572,18.13518571428571,19.6579,20.810885714285714,20.487399999999997,15.591885714285713,14.838285714285714,14.897114285714284,14.294928571428569,13.023157142857144,11.966999999999999,12.824742857142857,12.505385714285714,11.8882,11.2758,11.873385714285714,12.606714285714288,13.175471428571429,13.318442857142859,13.298500000000002,14.935185714285712,15.282799999999998,16.157442857142858,14.344371428571426,14.032214285714284,13.882757142857141,13.770457142857142,11.519771428571431,14.201557142857142,14.068114285714286,16.0371,17.041814285714285,18.832957142857143,20.993185714285712,24.250085714285714,22.665957142857145,23.769514285714283,22.237400000000004,22.839714285714283,21.23532857142857,19.733257142857145,19.497071428571427,17.742600000000003,14.990914285714284,14.378699999999997,14.114257142857142,14.780857142857144,16.57448571428571,15.405942857142858,16.5302,19.52124285714286,22.193142857142863,21.633814285714287,21.715700000000002,20.514042857142858,19.76287142857143,21.677042857142858,20.143757142857144,21.532414285714285,21.302457142857143,22.059328571428573,22.567085714285714,24.102485714285713,21.304100000000002,20.932214285714284,18.563457142857143,19.312728571428572,18.37305714285714,21.807514285714284,20.85097142857143,23.751471428571428,25.578742857142856,25.4377,26.395385714285712,26.637442857142855,22.4309,22.265000000000004,20.697899999999997,19.745914285714285,19.2204,16.993357142857146,15.66467142857143,15.244342857142858,15.831171428571427,16.59822857142857,20.62024285714286,24.830514285714287,26.391228571428574,28.162342857142857,29.92244285714285,30.267071428571423,37.175999999999995,34.57828571428571,31.56985714285715,31.570500000000003,30.738742857142856,29.121299999999998,30.039314285714287,25.016214285714288,26.403285714285715,27.963114285714287,27.375514285714285,28.06591428571429,28.557071428571426,28.21497142857143,24.83667142857143,21.771828571428568,24.816942857142855,30.639257142857137,33.67845714285714,37.27571428571428,39.695657142857144,44.44361428571428,46.29121428571428,40.9542,34.84938571428571,30.1114,25.885114285714284,25.390885714285712,19.840185714285717,17.239485714285713,17.751628571428572,18.26782857142857,20.989557142857144,21.56291428571429,19.19758571428571,20.602585714285713,20.495399999999997,20.846557142857144,20.574114285714284,18.842971428571428,20.772471428571432,26.480171428571428,35.19468571428572,35.97085714285714,34.769371428571425,34.50855714285714,33.961842857142855,31.010857142857144,24.491257142857144,15.615771428571431,15.325600000000003,16.121857142857145,15.427514285714285,15.694457142857145,16.953828571428573,17.764742857142856,18.898142857142858,19.231528571428573,19.57317142857143,20.999871428571428,21.238999999999997,21.08244285714286,20.171514285714288,19.473785714285714,19.578485714285716,21.38775714285714,21.708085714285716,22.169899999999995,21.124200000000002,20.972900000000003,19.824114285714284,19.811842857142857,16.767885714285715,14.988542857142859,13.398528571428573,17.0943,19.982642857142856,21.188971428571428,20.1362,20.119957142857146,24.7635,25.971514285714285,24.981671428571428,26.078642857142857,28.547171428571428,32.07958571428571,33.79912857142857,33.68682857142857,36.31617142857142,36.139799999999994,31.388942857142858,26.978271428571425,22.356314285714284,21.643599999999996,18.550242857142855,15.205071428571427,12.814585714285714,13.492385714285716,18.791885714285716,23.14092857142857,21.99654285714286,21.88218571428572,21.73131428571429,21.75708571428572,23.130699999999997,20.894557142857142,18.1801,19.00641428571429,18.34552857142857,17.700728571428574,18.443414285714283,16.59414285714286,14.082614285714286,13.289542857142859,12.471414285714287,12.5008,13.353814285714288,12.649928571428573,12.893442857142857,13.162914285714288,13.469757142857144,12.973214285714286,12.894499999999999,12.103114285714286,13.310971428571431,13.444657142857142,12.59697142857143,11.590985714285713,11.985014285714286,10.792471428571428,10.76207142857143,9.410714285714286,10.147214285714284,11.185371428571429,12.197257142857142,11.604714285714284,11.396814285714285,11.704514285714286,11.721242857142858,11.008514285714286,10.53727142857143,9.952342857142856,10.304785714285714,11.024871428571428,10.718685714285714,10.710099999999999,10.865271428571429,10.508371428571431,9.790542857142857,9.824028571428572,10.000057142857143,10.733142857142857,10.901371428571426,11.992314285714286,12.768,13.772899999999998,13.562542857142857,13.014799999999997,12.7174,11.854828571428571,10.116657142857145,8.623571428571427,7.340114285714284,7.050171428571427,7.240571428571429,6.717942857142858,7.784128571428572,8.077428571428571
94,3.0383,3.0383,5.6657,6.443933333333334,6.014950000000001,7.11718,7.8105,9.221785714285714,10.304385714285715,10.970557142857142,11.767285714285716,12.237085714285714,14.983500000000001,14.517714285714286,18.24442857142857,18.905685714285713,18.04274285714286,17.24602857142857,17.11347142857143,15.294300000000002,15.724071428571431,11.560228571428572,11.011414285714284,11.299299999999999,11.06072857142857,11.1533,9.83997142857143,9.202214285714286,7.8504,6.577499999999999,6.079742857142857,6.249514285714286,6.053714285714286,5.283457142857143,5.5366285714285715,5.5826,6.371228571428572,6.821371428571429,6.890128571428571,7.702785714285715,8.228185714285713,7.650857142857142,7.507042857142857,7.103814285714286,6.944028571428572,6.3696,5.4934,5.784485714285714,5.977785714285714,5.905957142857142,6.330371428571428,5.9328714285714295,6.0784142857142855,6.016614285714286,5.003228571428571,4.6628,6.004685714285714,6.1263571428571435,7.588042857142857,8.151228571428572,7.828214285714286,9.198085714285714,10.34077142857143,10.578771428571429,10.118471428571429,8.854700000000001,8.254128571428572,8.937528571428572,8.4196,7.3847,6.8406142857142855,8.00752857142857,7.6837285714285715,8.150028571428571,7.853828571428571,8.722028571428572,9.316257142857143,8.462914285714286,7.901614285714286,8.295085714285715,7.918771428571428,8.866942857142858,10.424885714285717,12.3501,13.649457142857143,14.039442857142857,14.214785714285714,15.052442857142859,14.542985714285715,12.614971428571428,11.425785714285714,11.665214285714287,11.8265,13.302071428571427,12.643,13.085785714285711,12.7873,13.152657142857143,13.830157142857145,12.5746,11.41342857142857,12.766657142857142,12.250771428571428,12.157028571428572,16.1114,15.648157142857142,17.506442857142854,18.754799999999996,19.767457142857147,20.831257142857144,20.7253,16.280742857142858,15.39875714285714,15.279814285714284,14.157857142857141,12.585357142857143,11.7067,12.415185714285714,12.084342857142857,11.825999999999999,11.0507,11.906657142857142,13.085414285714288,13.672642857142856,14.195871428571431,13.9739,15.444214285714285,15.542685714285714,16.041142857142855,14.395085714285715,14.18992857142857,13.592728571428571,13.9622,11.891914285714288,14.708571428571428,14.597314285714285,16.949828571428572,17.66145714285714,20.023857142857143,21.0532,23.46112857142857,22.1384,23.299299999999995,21.371199999999998,21.246885714285717,19.19327142857143,18.080885714285714,19.679185714285715,17.845342857142857,15.112971428571429,14.858414285714288,15.162714285714287,15.316600000000003,16.6779,14.442442857142856,15.116242857142856,18.80705714285714,21.411,20.606457142857142,21.112414285714287,20.5579,20.197242857142857,22.989185714285714,20.940671428571427,21.39387142857143,21.42997142857143,22.131814285714285,22.6841,23.589085714285712,20.2157,19.24554285714286,17.5246,18.50464285714286,18.700085714285713,22.099314285714286,21.452157142857143,24.2078,26.24625714285714,25.72221428571429,26.772342857142856,26.272342857142856,22.36457142857143,21.7336,20.47412857142857,19.332885714285712,19.142957142857142,17.12045714285714,15.491957142857144,14.88414285714286,15.628185714285715,16.090014285714286,19.124771428571428,22.43187142857143,23.41372857142857,25.420299999999997,26.340242857142858,26.23184285714286,31.223557142857143,29.374142857142857,26.941542857142856,27.16141428571429,26.4881,25.81457142857143,26.441957142857145,23.242314285714286,25.082985714285712,26.632914285714286,25.699028571428574,25.14397142857143,25.91162857142857,26.452314285714287,23.426814285714283,20.123814285714285,22.78324285714286,27.957328571428576,31.360728571428577,33.98721428571429,36.39304285714286,40.022800000000004,42.088414285714286,36.34610000000001,30.949257142857142,26.70114285714286,23.783457142857145,22.548714285714286,17.902985714285716,16.446257142857142,17.866242857142854,18.364985714285712,20.771271428571428,21.487528571428573,19.269542857142856,20.410700000000002,18.809628571428572,18.365157142857147,17.802414285714285,16.193214285714284,16.529514285714285,20.84847142857143,27.892871428571432,28.51467142857143,28.023128571428572,28.20425714285715,28.84332857142857,26.766214285714288,22.439085714285714,15.621571428571428,16.272714285714283,16.45042857142857,15.632114285714284,15.176242857142856,16.27838571428571,16.461657142857142,17.4837,16.58727142857143,17.126685714285717,18.358471428571427,18.645000000000003,17.958885714285714,17.311814285714284,16.424885714285715,17.610899999999997,20.2818,20.613257142857144,20.300857142857144,19.6669,20.21534285714286,18.789242857142856,19.00402857142857,15.938357142857141,14.733285714285714,14.45592857142857,18.739571428571427,20.211414285714284,23.437671428571427,22.652757142857144,23.64515714285714,27.05358571428571,28.16977142857143,28.6104,30.990142857142853,33.07777142857143,35.5599,36.19188571428571,37.44431428571429,38.68491428571428,37.310428571428574,33.15938571428571,27.66081428571429,24.0276,22.2261,19.540857142857142,17.819399999999998,14.981528571428571,15.843285714285713,21.998985714285716,27.886257142857147,29.225771428571427,29.801042857142857,29.76064285714286,29.67157142857143,29.827057142857143,25.853142857142853,20.749000000000002,21.416685714285713,19.628685714285716,18.1672,18.866457142857143,17.069200000000002,17.25267142857143,17.3083,15.164528571428571,14.951557142857142,16.084814285714284,15.866942857142858,16.616157142857144,15.253614285714287,15.864514285714284,16.60102857142857,16.56715714285714,15.976814285714285,17.769385714285715,18.008585714285715,17.297900000000002,17.19304285714286,17.857157142857144,18.5118,18.089914285714286,17.012842857142857,17.311957142857143,18.029999999999998,17.934428571428572,17.209242857142858,16.27615714285714,17.980128571428573,17.956542857142857,18.882257142857146,18.947028571428575,18.081914285714287,18.854071428571427,19.3594,17.726085714285713,17.048314285714287,16.670285714285715,17.98982857142857,19.499485714285715,19.220357142857143,18.526814285714288,20.614671428571427,20.897171428571426,21.96742857142857,22.291914285714284,23.009871428571426,22.74322857142857,23.45765714285714,22.03804285714286,20.48427142857143,18.348814285714287,15.432714285714285,12.230442857142856,11.469214285714285,11.236385714285715,10.940814285714286,12.798371428571429,12.399742857142858
95,9.3045,9.3045,11.9511,13.253566666666666,12.622575,14.14458,15.67695,17.021871428571426,18.010428571428573,19.79082857142857,21.009285714285717,20.967828571428576,21.619557142857143,20.785542857142854,25.563799999999997,27.426942857142855,25.312342857142855,23.39992857142857,24.05445714285714,24.77795714285714,24.622085714285713,19.57318571428571,18.464542857142856,18.966514285714286,18.87985714285714,18.940571428571424,15.766771428571428,15.282642857142859,14.278571428571427,12.161742857142857,11.646928571428573,11.710899999999999,11.064971428571427,11.11602857142857,11.051142857142855,10.135771428571429,11.149528571428572,11.14697142857143,10.978071428571427,11.271342857142855,11.202985714285715,10.520171428571429,10.324371428571428,10.126842857142858,9.89277142857143,9.655671428571427,8.8932,9.2346,10.0118,9.379499999999998,9.650757142857143,9.952157142857143,9.577828571428572,9.382214285714285,9.004257142857142,9.043128571428571,10.89585714285714,11.935985714285716,12.342471428571429,13.792428571428571,13.965214285714286,15.099271428571427,15.497271428571432,15.866814285714288,14.776985714285715,14.521328571428572,12.843614285714285,13.74232857142857,13.152057142857144,11.782042857142857,10.657771428571428,10.926914285714286,9.538128571428572,10.076657142857144,9.442714285714287,9.717057142857142,9.3246,8.860442857142857,8.604785714285713,8.588857142857142,8.2974,9.123614285714286,10.94762857142857,13.4778,15.549542857142857,15.9571,16.917614285714286,17.61092857142857,16.891528571428573,14.770600000000002,13.341899999999999,12.193628571428572,12.395542857142857,13.23524285714286,13.00922857142857,13.790414285714288,13.53947142857143,14.424028571428574,15.142185714285715,14.066585714285713,13.1354,14.124714285714287,13.047085714285714,13.0814,15.133228571428573,14.4398,15.047771428571428,16.409442857142857,16.238757142857143,17.035857142857147,17.234914285714286,15.187942857142856,14.981542857142855,14.872657142857141,13.197614285714284,13.145328571428573,12.697685714285715,12.985185714285716,12.731357142857144,12.501142857142858,12.782271428571429,13.727842857142857,13.87557142857143,14.0821,15.05777142857143,14.154399999999999,14.591885714285713,13.978742857142857,14.777942857142856,14.457342857142859,14.790442857142859,13.508057142857144,14.242199999999999,13.58682857142857,15.008814285714285,14.121585714285715,15.588871428571426,16.25067142857143,17.92282857142857,18.4871,19.469971428571426,19.4029,20.17182857142857,18.497314285714285,18.9672,17.77941428571429,16.756800000000002,17.794914285714288,15.967414285714284,14.433385714285714,14.404771428571427,13.714500000000001,13.312414285714286,13.785014285714286,11.969228571428571,12.790985714285714,16.029714285714284,17.165142857142857,16.21377142857143,16.319614285714287,15.781042857142856,15.474342857142858,18.17962857142857,16.296357142857143,16.934757142857144,17.113,18.306614285714286,19.228271428571425,20.022514285714287,16.79302857142857,15.909071428571428,15.108228571428572,15.697814285714285,15.907,18.449114285714284,19.100314285714287,20.822857142857142,22.16637142857143,21.725042857142856,23.140485714285713,22.647757142857138,19.28642857142857,18.51547142857143,18.678085714285714,17.970299999999998,17.531314285714284,16.065328571428573,14.70087142857143,14.596271428571427,15.146085714285714,15.116828571428572,17.556800000000003,19.820957142857146,19.45367142857143,21.243442857142856,22.163657142857144,21.73577142857143,24.78124285714286,23.371100000000002,21.925642857142858,22.69294285714286,22.042714285714283,21.393399999999996,21.950242857142857,19.852885714285716,21.334985714285715,22.281928571428573,21.202185714285715,20.664185714285715,21.553714285714285,22.175114285714283,19.847071428571432,17.01135714285714,19.291185714285714,23.08351428571428,26.14645714285714,27.206157142857144,28.42067142857143,31.437514285714286,32.61441428571428,29.20962857142857,25.619471428571426,23.09967142857143,21.568485714285714,20.172885714285716,16.29207142857143,15.710271428571428,16.685157142857143,17.247414285714285,17.762857142857143,18.286371428571425,16.960642857142854,17.774585714285713,16.721471428571427,15.469785714285715,14.538842857142855,14.232342857142855,13.864400000000002,16.99234285714286,20.414871428571427,20.6378,20.395142857142854,21.01325714285714,20.524614285714282,19.26008571428571,16.311357142857144,12.691785714285714,12.999485714285715,12.793985714285714,11.780814285714287,11.434357142857142,12.003285714285713,12.309471428571428,12.661557142857143,11.972114285714285,12.243642857142857,13.504142857142856,13.922271428571431,13.250914285714286,12.655142857142858,13.385485714285712,14.642614285714286,17.580142857142857,17.79564285714286,17.638114285714288,18.11792857142857,19.575628571428574,18.426157142857143,19.334642857142857,16.21251428571429,15.362542857142857,15.927142857142856,18.718742857142853,18.721071428571427,21.677757142857143,21.2856,23.095014285714285,25.18448571428571,25.434942857142858,25.66547142857143,27.267185714285713,27.088657142857148,27.088114285714287,25.87257142857143,26.19272857142857,26.360557142857147,24.54692857142857,22.39178571428571,19.940771428571427,17.94862857142857,18.315771428571427,18.16852857142857,17.7713,16.130485714285715,16.268471428571427,23.712899999999998,27.416957142857143,27.183285714285713,28.632885714285717,27.7734,27.788142857142855,28.548485714285714,23.608342857142855,22.569942857142856,24.174614285714284,20.37687142857143,20.359385714285715,21.975328571428573,20.057085714285712,19.553314285714286,19.06027142857143,17.48537142857143,18.981042857142857,20.495985714285716,22.292957142857144,22.938114285714285,20.741214285714285,21.485071428571427,21.366628571428574,20.546828571428573,19.571757142857145,19.67814285714286,20.719699999999996,20.45435714285714,18.472628571428572,20.741028571428576,21.416485714285717,21.2858,19.757314285714283,21.764914285714287,23.65578571428571,24.151642857142853,23.07267142857143,22.42164285714286,24.565442857142852,26.14722857142857,26.320685714285712,26.44134285714286,26.619242857142858,29.1673,29.854942857142856,27.752871428571428,26.613757142857143,23.948800000000002,26.170014285714284,29.42788571428571,27.075271428571426,26.71032857142857,29.279799999999998,28.983071428571428,32.240457142857146,30.5238,29.242842857142858,28.985685714285715,29.747528571428575,27.375671428571426,25.98685714285714,22.869357142857144,20.647742857142855,17.011114285714285,15.686099999999998,15.258714285714287,16.081271428571426,18.21278571428571,17.140571428571427
96,7.0838,7.0838,6.9594000000000005,8.402933333333333,9.151875,8.57988,10.002450000000001,10.791,11.788571428571428,11.810457142857144,12.651300000000003,13.864600000000001,14.753971428571429,14.709699999999998,14.09082857142857,26.193399999999997,32.245085714285715,34.10975714285714,33.961842857142855,34.61165714285715,37.20655714285715,37.81374285714286,26.13277142857143,21.48357142857143,18.68017142857143,17.27895714285714,16.756742857142857,12.8999,12.718485714285716,12.637457142857143,11.253271428571427,11.81882857142857,12.589128571428573,11.620842857142858,11.645271428571428,11.161842857142858,10.028671428571428,10.452528571428571,9.9881,9.8561,10.213242857142857,10.571314285714285,10.225571428571428,10.199628571428573,11.766057142857141,11.401357142857142,10.535085714285714,10.279371428571427,10.501114285714285,11.334514285714286,10.740657142857142,9.977942857142859,10.174742857142856,9.794385714285713,10.294957142857143,9.8682,9.526642857142857,11.377314285714286,10.330657142857143,11.236428571428572,12.745499999999998,12.338842857142856,13.405114285714287,13.9487,13.595814285714287,14.388200000000001,13.226585714285717,12.176157142857145,12.655685714285719,13.58367142857143,12.582642857142858,12.36751428571429,13.008385714285717,12.583114285714286,12.297385714285713,13.098585714285715,12.848457142857143,12.70314285714286,12.944714285714285,12.829242857142857,13.103514285714287,13.207728571428573,13.479000000000001,13.322385714285714,15.80952857142857,16.8103,18.831671428571433,20.346985714285715,21.001742857142858,20.4547,18.92397142857143,17.464614285714283,16.168642857142856,13.501914285714284,13.743314285714288,13.457842857142856,13.283185714285716,14.05974285714286,15.762685714285714,16.9021,17.923042857142857,17.297985714285716,21.346785714285716,20.553400000000003,20.2979,18.8502,18.032957142857143,17.53607142857143,17.954514285714286,14.494385714285713,15.215085714285712,15.563500000000001,16.334657142857143,16.34607142857143,16.255985714285714,14.750742857142857,14.857385714285714,14.696185714285713,14.06217142857143,14.599928571428572,14.048771428571428,13.548642857142855,14.45192857142857,15.379242857142856,15.165171428571428,16.812214285714287,14.31275714285714,13.896171428571426,13.817014285714285,14.296085714285715,13.997128571428572,14.858928571428569,12.452542857142857,14.494600000000004,16.674742857142856,17.063814285714283,16.749485714285715,17.40337142857143,16.440828571428572,17.765414285714282,17.2013,16.23237142857143,16.067,16.080414285714287,14.037514285714284,16.085957142857144,16.103885714285717,15.607757142857144,15.29304285714286,14.810685714285714,13.50054285714286,14.880985714285716,13.719071428571429,13.097500000000002,13.007342857142858,12.332399999999998,13.280299999999999,14.660871428571427,13.665557142857141,12.994185714285715,12.5966,11.607500000000002,11.373014285714287,13.357971428571428,12.994214285714287,13.777514285714288,13.561328571428573,14.776214285714286,15.545342857142856,15.940957142857144,12.95247142857143,12.4611,12.128499999999999,12.053299999999998,12.880457142857143,14.392657142857145,14.967857142857142,16.218428571428575,17.248,17.662971428571428,19.33955714285714,17.997357142857144,15.780085714285715,16.225914285714286,17.14562857142857,16.7983,15.870771428571429,15.478171428571429,14.754714285714286,15.173271428571429,15.00885714285714,14.871485714285713,16.20237142857143,17.17887142857143,16.342957142857145,17.73062857142857,18.04274285714286,18.001157142857142,18.63708571428571,17.86222857142857,16.948128571428573,16.865757142857145,16.125,15.740728571428573,15.482114285714287,14.235357142857143,14.848885714285714,15.200471428571428,14.889928571428571,14.414128571428572,15.147414285714285,15.010214285714284,14.328171428571427,13.054142857142859,14.966514285714286,16.933842857142857,18.304714285714287,18.165585714285715,18.673114285714288,19.125228571428572,18.897971428571427,16.61147142857143,14.527942857142857,12.946585714285716,12.158557142857143,11.620000000000001,10.0586,10.521114285714287,10.879914285714287,11.1751,12.09917142857143,12.23837142857143,11.569728571428572,11.7868,10.774528571428572,10.265828571428571,9.659128571428571,9.152771428571429,9.407114285714284,11.078642857142857,13.0825,13.22032857142857,13.514171428571428,14.331557142857141,14.085885714285714,13.263614285714286,11.244157142857144,8.649728571428572,8.479242857142859,7.919614285714284,6.863,6.407457142857143,6.421385714285714,6.930885714285714,7.645071428571429,7.6882,7.663042857142856,7.918528571428571,8.135399999999999,8.796742857142856,9.134385714285715,9.5924,10.1809,11.066414285714286,11.36712857142857,11.831357142857144,11.494485714285714,11.913885714285714,11.735999999999999,11.725085714285715,10.978771428571426,10.976999999999999,10.59152857142857,10.814642857142857,10.743114285714286,10.996185714285716,12.191571428571427,13.02222857142857,13.224342857142858,13.541771428571428,14.3727,13.566014285714285,13.263342857142856,12.157128571428572,11.21952857142857,11.219257142857144,11.249657142857144,10.456028571428572,10.160114285714286,9.874857142857142,9.158928571428572,10.316842857142857,11.839242857142855,11.4119,11.837342857142856,12.951014285714285,16.325,17.101071428571426,16.175114285714283,14.978485714285714,15.079242857142857,14.735,16.558214285714286,15.527657142857143,16.42487142857143,16.657457142857144,15.809871428571428,15.907557142857144,16.644928571428572,13.813957142857145,12.459342857142857,11.734157142857143,12.100800000000001,13.444571428571427,14.207971428571428,15.339128571428573,15.527571428571429,15.359071428571427,15.882214285714285,15.443628571428572,15.1695,14.31322857142857,12.77564285714286,13.59267142857143,13.005342857142855,11.996085714285714,13.347314285714287,12.362,13.28347142857143,12.542957142857144,13.684371428571428,14.278914285714288,15.127714285714287,14.996528571428572,15.849942857142858,16.171985714285714,17.666400000000003,16.856500000000004,18.36767142857143,17.73442857142857,16.298414285714284,16.0954,15.924985714285713,15.698199999999998,15.181142857142857,14.71215714285714,15.082128571428571,15.721642857142857,16.00117142857143,16.677457142857143,15.60922857142857,17.630657142857142,15.926614285714288,15.964514285714287,16.107857142857146,16.40664285714286,15.310457142857144,15.116271428571427,12.556485714285714,12.076628571428571,10.538157142857143,9.702157142857143,8.941385714285714,8.880085714285714,9.869285714285715
97,5.814,5.814,6.82655,7.5581000000000005,8.345225000000001,7.75708,8.8714,9.087542857142857,10.4381,10.461014285714285,10.508842857142856,10.904542857142857,12.315457142857142,12.38982857142857,12.147928571428574,17.969685714285713,20.007114285714287,22.83431428571429,23.558071428571427,24.430442857142857,24.448657142857144,25.2982,20.7483,19.354585714285715,16.225385714285714,14.488214285714287,12.44187142857143,11.226914285714285,10.491142857142858,7.9929,6.912100000000001,6.948228571428572,7.5363428571428575,7.4931,7.69682857142857,7.484328571428571,7.6724428571428565,7.923985714285714,8.695157142857143,8.926471428571428,9.103557142857143,9.2436,8.876542857142857,8.434828571428572,9.714785714285714,8.689942857142857,7.743542857142857,7.209257142857142,7.424814285714286,7.991328571428572,7.898757142857143,6.806185714285713,6.694271428571428,6.578214285714286,7.1341142857142845,7.0477428571428575,6.848285714285715,7.368385714285715,7.771428571428572,9.587757142857143,10.999885714285714,11.001214285714285,11.979485714285715,13.156328571428572,13.2491,12.853742857142857,11.280557142857143,10.605900000000002,10.640600000000001,11.438999999999998,10.262157142857143,10.737171428571429,10.773242857142858,10.286642857142857,10.242114285714285,11.00494285714286,9.1031,8.952899999999998,9.650742857142857,9.373342857142857,9.442242857142856,8.793671428571427,8.231385714285715,10.514114285714285,13.092885714285714,14.270014285714284,16.9776,18.414414285714287,19.373114285714284,20.111385714285714,17.495157142857142,16.1467,14.949714285714284,14.039371428571428,15.069085714285716,14.518385714285714,14.33302857142857,15.1086,15.850157142857142,15.410042857142857,15.954099999999999,14.984585714285712,18.359957142857144,17.941014285714285,17.7395,16.07962857142857,16.293642857142856,15.693457142857142,15.560871428571428,13.415385714285714,12.981442857142856,13.849957142857141,14.896157142857144,14.576285714285715,14.376657142857143,13.64437142857143,13.275014285714288,14.13287142857143,13.352557142857142,14.940442857142857,14.290157142857142,13.589257142857141,13.892714285714286,14.899914285714285,14.558999999999997,16.65137142857143,13.856857142857143,14.68277142857143,14.54227142857143,15.078342857142859,14.111885714285714,14.933942857142856,11.81582857142857,13.575842857142858,15.958357142857142,16.461742857142855,16.402485714285714,16.9489,15.685114285714281,16.56815714285714,16.791900000000002,14.180257142857144,13.530371428571428,12.990471428571428,11.639842857142856,12.221785714285716,12.5178,11.652314285714287,11.052057142857143,10.812785714285715,10.58772857142857,11.517085714285715,11.596328571428572,10.986085714285712,10.358099999999999,10.065471428571428,10.801757142857143,10.664257142857142,9.975814285714284,9.562971428571428,9.546614285714286,8.797928571428573,8.958142857142857,9.201814285714287,9.544628571428571,9.543857142857144,9.66757142857143,10.401628571428573,11.1439,11.465614285714285,10.927514285714286,10.585685714285713,10.4358,10.720857142857142,10.615142857142857,11.157857142857143,11.457185714285714,11.4623,12.005700000000003,12.370028571428573,12.386800000000003,11.882900000000003,10.900428571428572,11.517399999999999,12.78242857142857,12.803185714285712,12.417657142857141,12.803957142857142,12.4658,12.629871428571429,12.695042857142855,11.5094,11.68507142857143,11.951157142857143,11.064085714285715,12.347385714285718,12.765799999999999,12.092014285714283,12.612571428571428,12.445742857142859,12.008500000000002,11.47877142857143,10.386985714285714,9.4368,9.30697142857143,8.691285714285716,8.814842857142859,8.982014285714286,9.266757142857143,9.470414285714286,10.089185714285716,9.61777142857143,10.175385714285714,9.754971428571428,11.058800000000002,12.203042857142858,12.62394285714286,12.279914285714286,12.59137142857143,12.388371428571428,12.097828571428574,10.791414285714286,9.35527142857143,8.578385714285714,8.184114285714287,8.211642857142857,7.479971428571427,7.588642857142858,8.047757142857142,8.21812857142857,8.227442857142858,8.464857142857143,7.873042857142856,7.5058,7.278999999999999,7.194985714285715,7.1006,7.557657142857143,7.669242857142857,8.320557142857144,9.2003,9.388857142857145,9.145485714285714,9.420614285714283,9.047014285714285,8.663085714285716,8.015514285714286,7.016900000000001,6.701842857142857,6.3533857142857135,6.037185714285714,5.5797,6.371628571428571,7.157128571428571,7.0647714285714285,7.4251571428571435,7.634114285714285,7.943485714285714,8.457071428571428,8.507414285714287,8.623485714285714,9.51782857142857,10.3275,10.476128571428571,10.463571428571427,10.489299999999998,9.811514285714287,9.003257142857143,8.573385714285715,7.863628571428571,7.047842857142856,6.509228571428571,5.913642857142858,5.768800000000001,5.998371428571429,5.953242857142857,7.1724428571428565,9.310028571428571,10.127471428571429,10.845614285714285,11.640728571428571,11.257785714285715,11.006385714285715,9.446314285714285,7.755871428571427,7.198971428571428,6.945914285714287,6.607785714285714,6.540628571428571,6.8144857142857145,7.056785714285715,7.936271428571429,9.453357142857142,9.349157142857143,10.689085714285714,12.168714285714286,14.215014285714286,14.214985714285714,14.759571428571425,13.338214285714285,13.4376,12.683728571428572,13.784614285714285,13.611499999999998,14.6183,13.000028571428572,12.963671428571429,12.608142857142857,12.47332857142857,10.341514285714286,8.899114285714287,8.282371428571427,9.521571428571429,10.337399999999999,11.262142857142857,11.373271428571428,11.635842857142856,12.2821,12.898371428571428,12.951871428571426,13.361171428571428,13.520157142857142,13.458157142857145,14.202842857142855,13.477814285714286,12.779857142857143,12.820328571428572,11.825342857142857,11.97717142857143,11.515985714285716,11.829128571428571,12.488914285714287,13.19277142857143,13.036200000000003,13.491142857142856,13.499328571428572,14.256757142857143,14.080942857142857,15.598614285714286,14.689157142857143,14.664014285714286,14.8824,15.203442857142857,14.876199999999999,15.040142857142856,13.876985714285713,15.084385714285714,14.497942857142856,14.826499999999998,14.374057142857142,13.909957142857142,14.5149,13.48207142857143,13.285442857142858,14.828414285714286,14.363357142857144,14.046928571428571,13.647457142857144,11.6584,11.1336,9.470528571428572,7.6476000000000015,6.989771428571428,7.084942857142857,7.136214285714284
98,5.9607,5.9607,6.20415,8.000166666666667,8.182300000000001,7.6484200000000016,8.448216666666669,8.22707142857143,9.677757142857143,10.157685714285716,9.928857142857142,10.5016,11.962414285714287,12.567885714285717,13.094414285714288,20.12625714285714,22.43822857142857,23.274671428571427,24.031499999999998,24.411899999999996,23.66838571428571,24.18412857142857,17.6067,15.540342857142857,14.353871428571427,12.668071428571428,11.111714285714287,10.348614285714287,9.746157142857143,7.503371428571428,6.5266,6.444857142857144,7.2091,7.042128571428571,7.308042857142857,6.788257142857143,7.3964428571428575,7.677414285714286,8.2167,8.1548,8.805628571428572,8.805628571428572,8.6777,8.203314285714285,9.136185714285714,8.454342857142858,7.425314285714287,6.183457142857143,6.330285714285714,6.628728571428572,6.545128571428571,5.5017000000000005,5.245171428571429,5.247042857142857,5.806642857142856,5.745971428571429,5.345371428571427,5.6212285714285715,6.4659571428571425,7.7845,9.018242857142857,9.290128571428571,10.112871428571427,11.945442857142856,11.782842857142857,10.528757142857144,9.303928571428571,8.64712857142857,9.18532857142857,9.31377142857143,7.630428571428572,7.446028571428571,7.9366,8.389328571428571,8.6489,8.537242857142857,7.103114285714287,6.842071428571429,7.475557142857143,6.847685714285715,6.057142857142857,4.946685714285714,4.5187,6.678042857142858,8.327128571428572,10.15467142857143,11.561471428571428,12.225485714285714,13.647142857142857,14.755557142857143,13.533100000000001,13.025028571428573,12.570142857142859,12.932142857142859,13.805271428571428,13.004585714285716,12.467085714285714,12.232600000000001,12.473600000000001,11.123457142857143,10.604242857142859,10.311485714285713,11.230928571428572,10.715985714285713,10.517128571428572,9.471599999999999,10.471042857142859,10.630628571428572,10.534257142857143,10.688257142857143,10.631685714285714,10.885685714285712,10.924157142857142,10.92372857142857,10.646242857142855,10.222599999999998,10.072414285714286,10.762342857142857,11.152142857142858,12.599242857142857,11.203085714285715,11.299542857142855,11.491299999999999,11.3399,10.554714285714285,11.47147142857143,10.346257142857143,11.743714285714287,11.787600000000001,11.770214285714287,11.1576,11.416957142857143,9.096185714285713,9.958285714285713,10.247957142857143,9.595385714285714,9.180814285714286,9.76677142857143,9.55627142857143,10.102014285714287,10.70397142857143,9.410342857142856,9.642485714285714,9.721957142857145,9.788042857142857,10.139357142857142,10.729600000000001,9.5839,9.253442857142856,9.1174,8.970885714285714,8.427771428571429,8.222414285714285,7.300528571428572,7.328728571428572,7.120599999999999,7.355385714285715,7.126114285714286,7.089,7.0901571428571435,7.530585714285714,6.532957142857143,6.540928571428572,6.516814285714285,7.487857142857142,7.591385714285714,7.65902857142857,7.974814285714285,9.174371428571428,10.43277142857143,10.977742857142857,10.268457142857143,10.011157142857144,10.221028571428572,9.803657142857144,9.060028571428571,8.53552857142857,7.6565,8.030442857142857,8.313085714285714,8.334285714285715,8.345742857142858,8.169542857142858,8.955914285714286,10.506414285714285,10.47487142857143,10.145871428571429,9.697228571428571,9.58072857142857,9.682371428571429,9.112214285714286,7.608242857142858,7.5459000000000005,7.452128571428572,7.3066,7.620614285714285,8.373828571428572,8.121585714285715,8.62122857142857,8.793185714285714,8.72462857142857,8.407514285714287,7.8506714285714265,6.736542857142857,6.4285571428571435,5.880571428571429,5.3887,5.517471428571429,6.0945285714285715,7.029385714285715,8.073271428571429,8.599657142857144,9.069728571428572,9.683642857142857,10.109257142857144,10.340228571428572,9.48307142857143,8.524285714285714,7.869557142857142,7.6991,7.274099999999999,6.877857142857143,6.0757142857142865,6.128357142857145,5.8545428571428575,5.910985714285714,5.925657142857142,5.496628571428571,5.6515,5.7273571428571435,5.640528571428571,5.684728571428571,5.229685714285714,5.102257142857143,5.8339428571428575,6.213328571428571,6.770857142857142,7.410371428571428,7.679314285714286,7.969928571428571,7.802914285714287,7.693328571428572,7.0780714285714295,6.402285714285713,5.6514,5.293342857142856,4.992871428571428,4.863428571428572,4.139257142857143,4.185557142857143,4.775242857142858,4.905057142857143,5.597128571428572,6.615085714285714,7.396757142857142,7.8951,8.045257142857144,8.077714285714288,8.065457142857145,8.213328571428573,8.072685714285715,8.118228571428572,8.831414285714287,8.607728571428572,8.491371428571428,8.891157142857143,9.168999999999999,8.365357142857142,7.472242857142858,6.750471428571428,6.569642857142857,6.247414285714285,5.644771428571429,4.671914285714286,5.2261999999999995,5.267214285714286,6.366985714285714,7.253,7.5316857142857145,8.468742857142857,9.071514285714285,8.8659,9.162514285714284,7.711985714285715,7.318142857142858,6.570257142857144,5.985542857142858,6.0712142857142855,5.667014285714286,5.5882000000000005,6.504371428571429,6.921857142857143,9.154357142857142,9.4048,10.718671428571428,13.166385714285713,14.362971428571427,14.032157142857143,14.372871428571429,12.434099999999999,12.412171428571428,11.272714285714287,10.880528571428572,10.959214285714285,12.376671428571427,11.021771428571428,11.893085714285714,12.174157142857142,12.231328571428573,10.295842857142857,9.33987142857143,8.28957142857143,9.691428571428572,9.903885714285716,9.829914285714285,9.762,10.309185714285714,11.587514285714287,12.420314285714285,12.623757142857142,13.087085714285712,13.497985714285713,13.255485714285713,13.630299999999997,12.58285714285714,11.926542857142858,11.617,11.162614285714286,11.002542857142856,11.364885714285716,12.215814285714286,13.0846,13.553185714285714,13.412971428571428,13.370314285714286,13.67837142857143,14.360985714285716,14.623871428571428,15.6654,15.120485714285715,15.417,15.51315714285714,15.43707142857143,14.981628571428573,15.911328571428571,14.176985714285715,14.456928571428572,14.6058,15.091214285714287,14.798114285714286,14.416914285714284,13.004299999999999,12.625871428571429,13.390685714285713,14.141071428571431,13.513142857142856,13.026542857142857,12.512542857142856,11.529942857142856,11.06007142857143,9.089757142857144,7.3528142857142855,6.894028571428572,6.991928571428573,6.9257
99,6.6801,6.6801,5.9088,7.269366666666667,7.017825000000001,6.526820000000001,7.035866666666667,6.842885714285715,7.907000000000001,8.709214285714285,8.755771428571428,9.2715,10.694157142857142,11.012357142857141,12.09242857142857,17.89387142857143,18.35167142857143,18.507900000000003,19.092314285714284,19.19034285714286,19.07785714285714,19.101642857142856,14.04704285714286,13.686000000000002,12.9301,11.644171428571429,10.33087142857143,9.684714285714284,9.190014285714284,6.8060142857142845,6.033628571428571,5.791028571428571,6.740357142857142,6.797942857142857,6.262628571428571,5.545228571428572,6.308628571428572,6.058185714285714,7.053514285714286,6.594771428571428,7.421514285714285,8.231814285714284,8.231757142857143,7.725128571428572,8.435728571428573,7.464185714285715,6.666714285714287,5.486071428571428,5.5969,5.907228571428571,6.027499999999999,5.2068714285714295,4.980442857142857,5.015014285714286,5.16512857142857,5.0789857142857135,4.518942857142856,4.359571428571429,5.453771428571429,7.4443,9.792714285714286,10.2706,10.465742857142859,12.711571428571428,13.273214285714285,11.984914285714284,10.040814285714285,8.539542857142857,8.999971428571428,9.204614285714285,7.907571428571429,8.916757142857142,9.24232857142857,10.633414285714284,11.3912,11.928157142857142,11.176599999999999,10.606142857142858,9.53542857142857,9.197585714285713,7.896014285714286,6.147885714285715,5.104328571428572,7.799571428571428,10.655214285714285,13.490728571428571,14.720228571428573,14.766857142857143,15.625271428571429,16.67747142857143,14.697757142857142,12.623371428571428,10.0261,10.533328571428571,11.304757142857142,11.2982,10.328985714285713,10.0831,10.206,9.970114285714287,9.066514285714286,9.580471428571428,9.655514285714286,9.870128571428571,10.11582857142857,9.524528571428572,10.282428571428571,10.369514285714287,9.948914285714286,10.454257142857143,10.157242857142858,10.194271428571428,9.769357142857144,9.595857142857144,9.468,9.41152857142857,9.14322857142857,9.601885714285714,9.858328571428572,10.6562,10.403685714285714,10.569414285714286,10.363628571428569,9.829728571428573,9.318185714285715,9.470671428571427,9.052171428571429,9.89832857142857,10.323514285714285,9.995971428571428,9.828014285714286,9.713414285714284,8.26442857142857,8.322128571428571,7.354871428571428,6.314271428571429,6.420128571428571,6.6824,6.987957142857143,7.603114285714286,8.996628571428571,9.668928571428571,10.139585714285714,9.735814285714286,9.9742,9.700642857142858,9.842257142857145,8.279642857142857,6.6979,6.407357142857143,6.407357142857144,5.8447571428571425,5.945957142857142,5.710771428571428,6.256242857142857,6.669257142857142,6.299042857142857,6.458228571428571,6.706057142857143,6.485557142857142,6.382842857142857,5.2036999999999995,4.9347,5.0952,5.3881571428571435,5.200385714285715,5.269157142857144,5.867271428571429,7.3083857142857145,8.459871428571429,9.741714285714286,9.015485714285715,8.895485714285714,9.080385714285715,8.072057142857142,6.883300000000001,6.504171428571429,5.3927,6.32457142857143,6.838671428571429,6.752442857142857,7.055757142857144,7.466742857142857,7.879942857142857,8.592328571428572,8.279585714285714,8.0492,7.938842857142857,7.8115428571428565,7.4913,6.754814285714285,5.560714285714284,5.145671428571428,4.645671428571428,4.630814285714286,5.187828571428573,5.704271428571429,5.9187,6.2875571428571435,6.476257142857143,6.3703142857142865,5.7603,5.0144142857142855,4.155857142857143,3.467842857142857,3.3603285714285716,3.136057142857143,3.5494,3.9666428571428574,5.4020714285714275,7.017457142857142,7.829742857142857,8.385485714285714,8.752628571428572,8.858857142857143,8.845057142857142,7.285685714285715,5.7175142857142855,5.151028571428571,4.561242857142857,4.318585714285715,4.798242857142857,4.557542857142857,4.7607,5.359499999999999,5.156714285714286,5.818542857142857,5.818542857142858,5.062671428571429,4.965714285714286,4.618657142857143,4.169657142857143,4.042342857142857,3.7697142857142856,4.4011,5.44682857142857,6.554542857142857,7.779528571428572,8.299985714285715,8.476228571428573,8.046785714285715,7.736914285714286,6.681971428571429,5.738428571428571,4.749685714285714,4.237785714285715,4.162428571428571,4.816342857142857,4.794814285714286,4.852971428571428,5.533185714285715,6.125099999999999,6.708457142857142,7.785685714285713,7.8519999999999985,8.087399999999999,9.109114285714286,9.020814285714286,9.020814285714284,9.019,8.605628571428571,8.804628571428571,9.277885714285715,8.266057142857143,8.266085714285714,8.266085714285712,8.266085714285714,7.358414285714285,6.415871428571428,5.414471428571429,5.362114285714285,5.016100000000001,4.432742857142856,3.7228285714285714,4.348542857142857,4.539457142857143,5.134971428571428,5.7183142857142855,5.820042857142857,6.376657142857143,6.874242857142858,6.652971428571428,7.042542857142857,6.596871428571428,5.962785714285715,5.747400000000001,5.420171428571429,5.634285714285714,5.467700000000001,5.325385714285715,5.920728571428572,6.595028571428571,9.197585714285713,9.551528571428573,9.654914285714286,10.824214285714286,11.5391,11.323842857142855,11.321057142857143,8.33797142857143,8.026742857142859,7.923357142857144,8.1617,8.031314285714286,8.972900000000001,8.351385714285714,9.71042857142857,10.028485714285713,10.536971428571428,9.1814,8.986557142857142,8.604600000000001,9.655328571428571,9.459914285714285,9.6046,8.551785714285714,8.986971428571428,10.113471428571428,9.825199999999999,10.36537142857143,11.059771428571427,11.061085714285714,11.603685714285715,12.386828571428572,11.388,11.5561,10.718657142857143,10.158914285714285,10.445542857142856,10.718885714285713,11.18085714285714,11.920814285714286,12.65652857142857,12.76022857142857,12.532157142857143,12.736514285714284,13.561271428571429,13.581657142857141,14.084557142857145,13.253985714285715,13.572485714285715,13.8293,13.554528571428571,13.129700000000001,13.57807142857143,12.447500000000002,12.473714285714285,12.622842857142858,12.902600000000001,12.55917142857143,12.121185714285716,11.760757142857143,12.515985714285714,12.83692857142857,13.172957142857141,12.517871428571429,12.83132857142857,12.595971428571428,11.492842857142858,9.8956,8.954242857142857,7.5498714285714295,7.260628571428571,6.829828571428571,6.722700000000001
100,8.8198,8.8198,7.26315,8.2957,7.59785,6.7286600000000005,6.908350000000001,6.593928571428572,6.977471428571428,8.301285714285713,8.1737,8.591199999999999,9.328142857142856,9.2355,9.9577,16.95265714285714,18.80128571428571,18.85907142857143,19.053942857142857,20.03312857142857,20.557442857142856,21.299914285714287,14.491171428571429,12.147028571428569,11.4117,10.619242857142856,9.01545714285714,8.293871428571428,8.024742857142856,6.622842857142857,5.808285714285715,5.674385714285714,6.720814285714285,6.927671428571429,6.469857142857143,5.639742857142856,6.542671428571429,6.143557142857142,7.022942857142857,6.800457142857143,7.402228571428572,8.301614285714287,7.9566428571428585,7.338114285714286,7.6957,6.890571428571429,6.248271428571429,5.8792285714285715,5.760128571428572,6.212114285714286,5.926571428571429,5.432514285714286,5.225842857142857,4.8364142857142856,4.1141,4.4134714285714285,3.5961428571428575,3.8713,4.720785714285715,6.390814285714286,8.169057142857143,9.4886,9.1842,10.858114285714285,11.888042857142855,11.038614285714285,9.32872857142857,9.010071428571427,9.015,9.068557142857143,7.924185714285715,7.872642857142857,8.120114285714285,9.35252857142857,9.233457142857143,9.286285714285714,8.740057142857143,8.979385714285716,9.250242857142856,9.003014285714286,7.781142857142858,6.351657142857144,5.824214285714286,6.332428571428572,7.426042857142856,8.249514285714286,8.969742857142858,8.881885714285714,10.173628571428571,10.562228571428571,10.547928571428573,10.023328571428573,11.20507142857143,12.651842857142857,13.503199999999998,13.281071428571428,13.3465,13.514300000000002,13.374957142857141,10.5626,8.66002857142857,9.725357142857144,9.102728571428571,8.654428571428571,8.8677,8.551185714285714,8.562114285714285,9.158985714285715,9.0985,9.924671428571429,9.918828571428572,9.566185714285712,9.499414285714286,9.5408,9.100114285714286,8.096357142857142,7.863585714285715,8.40517142857143,9.587385714285716,9.41697142857143,9.430185714285715,10.414914285714286,10.451114285714285,9.67807142857143,9.111742857142858,8.556828571428571,8.571714285714286,9.308814285714286,8.866985714285713,8.375142857142858,8.403828571428571,7.8161,6.621857142857142,6.703,5.607957142857144,5.2477285714285715,5.129071428571429,5.124785714285714,6.875071428571428,8.914728571428572,10.397142857142857,11.532942857142856,11.648728571428572,12.223557142857144,12.95104285714286,11.4759,11.190414285714285,9.25622857142857,7.562185714285714,7.016028571428572,7.483600000000001,6.708928571428572,6.563885714285716,4.766157142857142,5.683442857142857,6.291557142857143,6.119800000000001,5.275385714285714,5.449,6.0159,6.060785714285714,4.819814285714286,4.3468285714285715,4.352314285714285,4.111785714285714,4.158428571428571,3.9016714285714285,5.031985714285715,7.104385714285714,8.479742857142856,9.835042857142856,9.635099999999998,9.258114285714287,9.246328571428572,8.0842,6.6132857142857135,6.0740428571428575,4.970728571428572,5.836157142857144,6.206471428571429,6.300357142857143,6.303914285714286,6.211942857142857,6.092671428571429,6.420128571428571,6.156242857142857,6.112114285714286,5.641285714285715,5.611428571428571,5.1371714285714285,4.560957142857142,3.9049571428571426,3.4606857142857135,3.302385714285714,3.568885714285714,4.454285714285715,5.431400000000001,5.937985714285715,6.172957142857144,6.2129,6.018842857142857,5.752342857142857,4.7177999999999995,3.7070000000000003,2.9259571428571434,2.762114285714286,2.7258714285714283,2.982557142857143,3.5448285714285714,4.748142857142858,6.085414285714286,7.150728571428572,8.00107142857143,8.311842857142858,8.309857142857144,7.5933714285714276,6.383471428571427,5.301814285714285,4.648285714285715,3.910342857142857,3.8544142857142853,4.371414285714286,4.642042857142857,4.789585714285714,5.382228571428572,5.441342857142857,5.945214285714286,5.967728571428572,5.214457142857142,4.908085714285714,5.632457142857143,5.039814285714286,4.824528571428571,4.942642857142857,5.321471428571428,6.3691571428571425,6.619571428571429,6.60157142857143,6.816857142857144,6.691357142857144,5.9765,5.455685714285714,4.371942857142857,4.022028571428572,3.3030142857142857,3.0963285714285713,3.2418857142857145,4.071442857142857,3.954814285714286,4.139957142857143,4.643299999999999,5.259357142857143,5.844514285714285,7.158528571428571,7.158528571428572,8.251242857142858,9.237085714285714,9.5842,9.584228571428572,9.584242857142856,8.843942857142858,9.299557142857143,9.299557142857143,8.658428571428571,8.5723,8.8133,8.8729,8.0238,6.719357142857143,5.515728571428573,5.6411999999999995,5.387099999999999,4.721185714285714,3.8094,4.471,5.1913,6.802071428571429,6.938014285714286,7.222842857142858,7.563485714285714,8.054885714285716,7.881600000000001,8.021928571428573,6.798385714285716,6.436785714285716,6.072828571428573,6.099985714285715,6.4616,6.235957142857143,5.514171428571429,5.875771428571428,6.592614285714285,8.62962857142857,8.687542857142857,9.164314285714285,9.869257142857142,10.513771428571427,10.513771428571427,10.158542857142859,7.691657142857144,6.994571428571428,6.9936428571428575,7.131428571428572,7.300414285714287,8.647471428571428,8.070228571428572,9.361328571428572,10.056442857142857,9.973728571428571,9.463614285714284,9.192099999999998,7.978871428571428,9.058714285714286,8.729114285714285,8.602485714285715,7.703685714285714,7.519442857142858,9.026728571428572,8.8926,9.130457142857143,10.163742857142859,10.735257142857142,11.239014285714287,12.353142857142856,11.406385714285713,11.998785714285715,11.077728571428569,9.725614285714286,9.725614285714284,9.727214285714284,10.106642857142857,11.258857142857142,11.800514285714286,12.275557142857142,12.9035,13.21942857142857,14.04787142857143,13.645614285714286,13.403257142857143,13.01117142857143,13.02657142857143,13.701885714285718,13.706642857142857,12.924499999999998,14.221614285714285,13.185585714285711,13.049342857142856,14.174614285714286,14.402385714285712,13.708614285714287,13.763142857142856,12.5693,12.73202857142857,12.535485714285713,11.685157142857145,10.038499999999999,10.701500000000001,11.091157142857144,10.293657142857143,9.424171428571428,9.061285714285715,8.5658,8.657571428571428,8.187928571428571,7.338
101,5.7135,5.7135,5.69625,5.878433333333334,5.500425,5.31284,5.60265,5.558228571428571,6.371985714285714,8.267214285714285,8.68842857142857,8.848042857142856,9.3355,10.127414285714284,13.414257142857142,24.546085714285713,28.907714285714288,29.0205,29.56828571428571,29.447414285714284,28.94022857142857,26.731899999999996,15.600071428571429,9.536157142857144,8.581528571428573,7.609928571428573,6.985242857142858,6.2290857142857154,5.455128571428572,4.2397,3.6906857142857143,3.5162,4.786600000000001,4.938114285714286,5.560785714285714,5.5121714285714285,6.006885714285715,6.090357142857144,7.115714285714286,8.721657142857142,12.411857142857142,12.396014285714285,11.987214285714286,11.679857142857143,12.043242857142857,11.324271428571427,9.231142857142858,5.991214285714285,5.860328571428573,6.705814285714284,6.6348,6.0259285714285715,5.738771428571428,4.990314285714286,4.7512,4.828742857142857,3.6714857142857147,3.7155285714285715,4.6053,5.898714285714285,7.606657142857142,8.45152857142857,8.504942857142856,10.286128571428572,10.595185714285714,9.70422857142857,8.388342857142858,7.223,7.101571428571428,6.892314285714286,7.265642857142857,7.787885714285714,8.608028571428571,10.2808,9.83112857142857,9.424728571428572,9.104485714285714,7.598885714285715,8.290857142857144,7.490714285714286,6.595185714285714,6.856828571428571,7.897671428571429,8.442642857142857,8.755742857142858,8.850442857142857,9.372514285714287,9.177171428571429,9.6376,10.1806,11.001271428571428,13.818628571428572,12.77067142857143,14.231557142857145,14.084614285714286,14.446528571428573,13.126857142857144,12.772614285714287,9.8469,9.913185714285715,8.320514285714285,9.95422857142857,9.092114285714285,9.219957142857142,9.21952857142857,9.445371428571429,9.571714285714284,10.338257142857142,9.512157142857143,9.947999999999999,9.625485714285714,9.031357142857143,9.5976,9.404957142857143,8.988928571428572,9.476371428571428,9.47632857142857,9.548357142857144,10.666371428571427,9.679342857142856,10.042285714285715,10.323071428571428,9.44442857142857,8.8688,8.798757142857143,7.850914285714286,9.050142857142857,10.376542857142855,12.102928571428569,12.557785714285716,13.004328571428571,12.368200000000002,11.9528,10.77447142857143,8.569657142857142,6.525514285714285,5.662528571428571,5.125457142857143,6.979057142857144,8.8393,10.898542857142857,11.413928571428572,12.470228571428569,12.878357142857144,13.544428571428572,12.32691428571429,11.9369,9.447428571428572,8.615357142857142,6.980785714285715,6.980785714285714,6.803557142857143,6.188657142857143,5.708828571428571,6.313271428571428,7.623442857142857,7.805371428571428,9.127471428571429,8.9944,10.175057142857142,9.477500000000001,8.7316,7.6793571428571425,7.483242857142857,6.239228571428571,6.039928571428571,5.588028571428571,6.385914285714285,8.0566,9.551485714285715,10.558628571428573,9.743342857142855,9.770371428571428,9.298071428571427,8.393771428571428,7.145414285714286,6.224714285714286,5.701828571428572,6.432442857142858,6.993099999999999,7.169771428571429,7.2108,7.259957142857144,7.146685714285715,6.595785714285715,6.378785714285714,5.787542857142857,5.235842857142856,4.938371428571429,4.396285714285715,3.8817142857142852,3.8188714285714283,3.483014285714286,3.410357142857143,4.495842857142857,5.598385714285714,6.2635,7.471285714285714,7.4938142857142855,7.248942857142858,7.110214285714286,6.094285714285713,4.710485714285714,4.043314285714286,2.6837142857142853,2.661042857142857,2.6586,3.383728571428572,4.850442857142857,6.320900000000001,7.459128571428571,8.227514285714285,9.212171428571427,10.490057142857141,9.8221,8.282814285714286,6.9503571428571425,6.267871428571428,6.038557142857143,5.168757142857143,4.697685714285714,5.421371428571428,5.649799999999999,5.889557142857143,6.249985714285715,6.25852857142857,6.992685714285714,6.990557142857143,6.3568,6.668142857142857,6.958557142857143,6.477842857142856,6.136699999999999,6.1388428571428575,6.750857142857143,7.943128571428572,8.61867142857143,8.692314285714286,8.601957142857142,8.504971428571428,7.769871428571427,7.7800571428571415,6.742914285714285,5.518771428571428,4.702114285714286,4.746828571428572,4.637657142857143,5.799214285714285,4.559857142857143,4.850314285714285,5.193757142857144,5.9796571428571434,7.849400000000001,9.1037,9.15217142857143,10.2464,10.853257142857142,11.255042857142858,12.535471428571428,11.669157142857143,11.538257142857143,11.3172,10.842114285714286,9.868971428571427,9.868971428571427,8.651442857142857,8.0838,7.211857142857143,6.295285714285716,5.635471428571429,6.1310714285714285,5.768385714285714,5.325285714285714,4.598685714285715,4.981242857142858,5.4257285714285715,6.966571428571429,7.308028571428571,7.4990428571428565,7.771185714285714,8.1135,8.039014285714286,8.255157142857142,6.9584142857142846,6.620228571428571,6.4293571428571425,6.719785714285714,7.126171428571429,6.862028571428572,6.740942857142857,6.915599999999999,6.9155999999999995,7.703557142857142,7.563471428571428,8.228557142857143,9.166157142857143,8.7395,8.981371428571428,9.660571428571428,9.233242857142857,9.868357142857144,9.769685714285714,10.800342857142855,11.674428571428573,11.947314285714285,11.265385714285713,11.267171428571428,10.591071428571428,9.75632857142857,8.271442857142857,7.717271428571428,7.681457142857142,8.111199999999998,8.076614285714285,7.616985714285714,7.361414285714285,6.9696428571428575,8.271157142857144,7.9279,8.033785714285715,9.074414285714285,12.76037142857143,13.032828571428572,13.976357142857143,13.542842857142858,14.089285714285714,12.913185714285714,11.606214285714286,8.819657142857142,9.582628571428572,9.66122857142857,10.032814285714284,10.734614285714287,11.139942857142856,11.756528571428571,11.403628571428571,11.665414285714288,11.038071428571428,11.381528571428571,12.160114285714286,12.965257142857142,13.182657142857144,14.03647142857143,13.447357142857143,14.149614285714287,13.89257142857143,12.780942857142858,12.488771428571429,12.915771428571428,11.971928571428569,11.692285714285713,11.019385714285715,10.041471428571429,9.491785714285713,9.508957142857142,8.54717142857143,8.439457142857142,8.344128571428572,7.95447142857143,7.297357142857144,6.938157142857142,6.2122714285714284,5.667485714285715,5.340642857142856,4.8690428571428575
102,7.4129,7.4129,5.0074499999999995,6.655033333333333,5.964425,6.37152,6.4571000000000005,6.231714285714285,7.949700000000001,9.228485714285714,8.831571428571428,9.300028571428571,11.582099999999999,11.078757142857143,18.027442857142855,31.764485714285716,35.47357142857143,38.19454285714286,38.19454285714286,35.79417142857143,37.114357142857145,31.56907142857143,17.84492857142857,13.12945714285714,9.826371428571429,9.199085714285715,8.865428571428572,8.062042857142858,6.555085714285714,4.136028571428572,4.099271428571429,3.953542857142857,5.173,5.176042857142858,7.760514285714286,8.741114285714286,9.378728571428573,9.391414285714287,10.711428571428572,10.853342857142858,11.302271428571428,8.839257142857143,8.3402,7.8735,7.725071428571428,7.079314285714285,6.177828571428572,5.9935857142857145,6.0944714285714285,5.841,6.085842857142857,6.380471428571428,5.702157142857142,6.301157142857142,6.4872000000000005,5.589628571428571,5.059385714285715,5.0505,5.933014285714286,8.606142857142858,9.478957142857142,9.477157142857143,10.298214285714286,12.713485714285715,13.554114285714286,12.198828571428573,9.71804285714286,8.309014285714287,8.310857142857143,8.003457142857142,7.822242857142856,7.401642857142858,8.2494,9.6335,9.570714285714287,9.388714285714286,8.964385714285713,7.638414285714284,9.378442857142858,8.5395,7.702471428571429,7.606699999999999,8.754357142857144,9.486057142857144,9.430414285714287,8.688985714285716,9.250328571428572,8.75827142857143,9.305514285714285,11.272314285714286,11.724271428571429,14.38172857142857,13.329328571428572,14.064128571428572,14.25054285714286,14.345042857142857,11.866314285714285,11.875371428571428,9.216985714285714,9.217028571428571,8.05107142857143,8.923085714285714,7.860828571428572,7.413228571428571,6.960214285714286,6.961314285714285,6.989842857142856,7.992914285714285,7.53842857142857,8.341514285714284,8.333528571428571,7.984999999999999,8.238714285714286,8.210142857142857,7.918514285714287,7.966714285714285,7.9833,8.249714285714287,9.472142857142858,8.74552857142857,9.096157142857143,9.096642857142857,10.102628571428571,9.235328571428571,9.433328571428572,8.340257142857142,9.818485714285714,11.629214285714285,13.971771428571428,12.785799999999998,13.538628571428571,12.301,12.490957142857143,10.894885714285712,8.064457142857144,5.721885714285714,5.373185714285714,4.643871428571428,6.249085714285714,7.486885714285713,9.206928571428572,11.21417142857143,12.054128571428572,12.535057142857143,13.403742857142857,12.573285714285714,12.302357142857144,10.341442857142857,8.152828571428572,6.524957142857143,6.524957142857143,6.086428571428571,5.362757142857143,4.875457142857143,5.707157142857143,7.008971428571429,7.246285714285714,6.406671428571429,6.351857142857143,7.091928571428572,6.406914285714286,5.627471428571428,4.5649428571428565,4.479157142857143,5.531828571428571,5.847242857142858,5.880814285714286,6.3014857142857155,7.842014285714286,9.460228571428571,10.093842857142858,9.03704285714286,8.952242857142858,8.338671428571429,8.031385714285715,6.951014285714286,6.377814285714286,6.158314285714285,6.619171428571429,6.607957142857144,6.747942857142857,6.251142857142858,6.740142857142857,6.253285714285715,5.626257142857142,6.0553857142857135,5.6528285714285715,5.225557142857142,5.310428571428571,4.290185714285714,3.443971428571429,3.4425285714285714,2.5970857142857144,2.552371428571429,3.403485714285714,4.186942857142857,4.794557142857143,5.617071428571428,5.617200000000001,5.5668999999999995,5.396485714285715,4.693942857142858,3.673428571428572,3.065614285714286,2.2913714285714284,2.290957142857143,2.3177,2.981057142857143,4.195214285714286,5.134,5.985314285714286,6.663442857142857,7.337928571428572,8.570085714285714,8.012614285714287,6.6836142857142855,5.974985714285714,5.603357142857143,5.405242857142857,4.730499999999999,3.7876,4.532428571428571,4.802014285714286,4.9365428571428565,5.158714285714285,5.283985714285714,6.193585714285715,6.480957142857143,5.7474428571428575,5.906028571428571,5.868414285714286,5.628657142857143,5.477542857142857,5.390571428571429,6.553128571428571,8.121599999999999,8.893857142857142,9.33072857142857,9.132885714285715,8.809614285714288,7.987257142857144,7.070957142857145,5.649042857142857,4.4564142857142865,3.6208571428571426,3.6106000000000003,3.499971428571428,4.698942857142858,4.565242857142858,4.790014285714286,5.058985714285714,5.8942428571428565,6.519728571428572,7.802142857142857,8.11207142857143,8.707142857142857,9.5307,10.384142857142859,11.509599999999997,11.48102857142857,11.540499999999998,10.882442857142857,10.42077142857143,9.418885714285713,9.105671428571428,7.978814285714285,7.977414285714284,6.726357142857141,5.947671428571428,5.526400000000001,6.5282857142857145,5.931357142857143,5.335842857142857,4.6191571428571425,4.9258999999999995,5.703157142857143,6.401242857142857,6.672642857142857,7.137914285714286,7.734885714285715,7.823628571428572,8.2556,8.290214285714287,7.880485714285713,7.147471428571429,7.146199999999999,7.177071428571428,7.6735,6.823628571428571,6.657542857142857,6.790514285714287,6.790514285714286,6.923485714285715,6.892614285714287,7.141614285714286,8.272628571428571,7.732942857142858,7.599971428571428,8.201942857142859,8.001414285714286,8.427000000000001,9.021614285714286,9.266385714285715,10.05242857142857,10.242757142857142,9.380914285714285,10.2089,9.783000000000001,8.800214285714286,8.276142857142856,7.919214285714285,7.860428571428571,8.268957142857143,7.640071428571427,6.930242857142856,7.1157571428571424,6.532785714285715,7.779428571428572,7.686057142857144,8.544528571428572,9.552357142857144,10.70727142857143,10.7994,11.92072857142857,12.269685714285714,14.466642857142858,13.057214285714286,12.049385714285716,12.613457142857143,13.6168,13.264442857142857,12.9227,11.832671428571429,12.249457142857143,12.309171428571428,11.670114285714286,10.6909,11.59882857142857,11.416714285714287,10.849671428571428,11.890685714285713,13.487057142857143,14.076828571428573,14.547242857142859,14.247814285714284,13.418142857142856,13.757842857142858,13.692328571428572,12.768857142857144,12.121842857142855,11.768314285714284,11.424285714285714,11.426128571428572,10.641742857142857,9.783328571428571,9.1215,9.177071428571427,9.0291,8.052042857142856,7.660314285714285,7.698628571428571,7.255271428571429,6.7459,5.706485714285715,5.3363000000000005
103,6.4253,6.4253,4.83475,5.891000000000001,5.11655,5.4853000000000005,5.701333333333333,5.539328571428571,6.973814285714288,8.118942857142859,8.118500000000001,8.731128571428572,8.573371428571429,8.196314285714285,17.440242857142856,26.773785714285715,32.879671428571434,32.87968571428571,32.987471428571425,33.362671428571424,34.58418571428572,27.342714285714283,18.31725714285714,11.244042857142858,10.412257142857142,9.595157142857143,8.953457142857141,7.715857142857141,5.376514285714286,3.001757142857143,2.9114999999999998,2.8970714285714285,4.2059,3.9291857142857145,6.935042857142856,7.4382714285714275,7.895442857142856,7.949799999999999,8.7632,10.112428571428572,10.980085714285712,8.168514285714284,8.362171428571427,7.911957142857141,7.8611571428571425,7.473185714285714,5.067342857142857,4.762542857142857,5.135414285714285,4.892871428571429,5.155971428571428,5.155971428571428,4.751214285714285,4.585042857142857,4.200714285714286,3.3497142857142856,2.8711142857142855,3.458142857142857,5.8483857142857145,9.012285714285714,11.371985714285714,12.042928571428572,12.495942857142856,14.656785714285714,15.108771428571428,12.4683,9.291371428571427,7.686114285714285,7.687057142857142,7.634714285714284,5.8309,5.3789428571428575,5.736699999999999,8.015157142857143,8.67622857142857,8.496942857142857,8.111042857142857,8.981842857142857,10.461885714285716,10.153557142857142,8.463700000000001,7.456857142857143,8.032614285714287,8.874500000000001,8.49922857142857,8.236114285714285,8.801742857142857,8.29042857142857,8.80477142857143,10.365357142857144,10.367942857142856,12.299157142857142,12.362,13.002514285714284,13.291942857142859,13.251985714285714,11.317314285714286,11.78404285714286,9.891900000000001,8.614014285714285,7.6177142857142846,9.121071428571428,8.413228571428572,8.391742857142857,8.36877142857143,8.330528571428571,8.330499999999999,8.963785714285715,7.934028571428572,8.384985714285715,8.330328571428572,7.720871428571428,7.776542857142857,7.776528571428572,7.293928571428571,8.238728571428572,8.368842857142857,8.784257142857143,9.409585714285713,8.8985,8.9854,9.415728571428572,9.649071428571428,8.797857142857143,8.604499999999998,7.560528571428572,8.871242857142859,9.788942857142857,10.747428571428571,9.532399999999999,10.252957142857142,9.267457142857142,9.714771428571428,8.276057142857145,6.475371428571428,5.516885714285714,4.931442857142857,4.212357142857143,6.086628571428571,6.909385714285714,8.2788,9.917557142857143,10.386557142857143,11.008828571428571,11.982285714285712,10.75145714285714,11.820842857142859,10.212928571428572,8.546942857142858,7.697742857142856,7.697742857142856,7.1532,6.746157142857144,5.543685714285714,6.364971428571429,7.604985714285715,7.331428571428572,9.652457142857143,9.523542857142857,10.2946,9.702914285714288,8.853028571428572,7.886585714285715,8.051085714285714,6.1688,6.169,6.080557142857143,6.114342857142857,7.123657142857143,8.6797,9.032285714285715,7.742157142857143,8.072585714285713,7.846414285714286,7.726842857142858,7.788628571428572,7.661499999999999,7.396614285714286,7.761314285714286,7.914428571428571,7.5765,6.9415000000000004,6.7203857142857135,5.8407,5.392714285714286,5.830985714285715,5.297671428571428,4.909700000000001,5.106071428571428,4.2553857142857145,3.382228571428571,3.318357142857143,2.514357142857143,2.2609285714285714,3.1115857142857144,3.668157142857143,4.204628571428571,4.5359,4.599657142857143,4.6023571428571435,4.6021,4.003285714285714,3.1524,2.615728571428572,2.3064285714285715,2.303671428571429,2.320942857142857,3.0396428571428573,4.2477857142857145,5.558985714285714,6.505314285714285,6.972885714285714,7.553571428571428,8.513242857142858,7.892771428571429,6.4552571428571435,5.4535285714285715,4.974957142857143,4.975471428571429,4.395685714285714,4.134328571428571,5.349257142857143,5.609228571428572,5.793514285714286,5.931871428571428,6.031842857142857,6.895200000000001,6.548228571428571,5.2822000000000005,5.427328571428572,5.186157142857143,4.8326,4.968042857142857,4.9557714285714285,5.897085714285715,7.284442857142857,7.986657142857142,8.584971428571428,8.6412,8.26162857142857,7.429857142857143,6.835514285714285,5.523714285714286,4.3939142857142865,3.5719,3.5475571428571433,3.7798000000000003,5.0775,5.0791571428571425,5.2726428571428565,5.6605,6.4827142857142865,7.0493428571428565,7.810314285714285,7.810314285714286,8.6142,9.616471428571428,10.503100000000002,11.783885714285715,12.249628571428572,12.209814285714284,11.744071428571429,11.072414285714284,10.070442857142856,9.648257142857142,8.192385714285715,7.5944142857142865,6.419185714285715,5.57,5.437771428571429,6.104042857142858,5.353314285714286,4.9160571428571425,4.457014285714285,5.0746714285714285,6.056628571428571,6.3364714285714285,6.873614285714285,7.491257142857143,8.142342857142856,8.343285714285715,9.000757142857143,8.9143,8.635028571428572,7.9679142857142855,7.9679142857142855,8.208799999999998,8.5992,7.222828571428572,7.0448571428571425,7.176585714285714,7.0448571428571425,7.176585714285714,7.1964999999999995,7.1964999999999995,8.047128571428571,7.449685714285715,7.449700000000001,8.048957142857144,7.460171428571429,7.603828571428572,8.071357142857142,9.049742857142858,9.8764,9.876385714285714,9.319771428571428,10.385057142857141,9.941442857142858,9.206842857142858,8.335085714285713,7.8927000000000005,7.372242857142858,7.460828571428572,6.848599999999999,6.099514285714285,6.181828571428572,5.4689,6.784757142857143,7.169485714285714,8.176942857142858,9.3189,10.631114285714286,10.941814285714287,11.985985714285716,12.021642857142856,14.675799999999999,13.002971428571428,11.995099999999999,12.44112857142857,13.323857142857142,12.679957142857143,12.683514285714285,12.072785714285715,12.718399999999999,12.589899999999998,11.716757142857142,10.400257142857143,10.925371428571427,9.984685714285714,8.508542857142858,9.249557142857142,9.9292,10.717857142857142,11.304599999999999,11.423142857142855,11.426385714285715,11.45394285714286,11.719628571428574,11.528985714285714,10.604285714285712,10.332285714285716,9.89412857142857,9.820885714285714,9.361271428571428,8.373257142857144,8.013885714285715,8.069528571428572,8.061042857142857,7.349271428571428,6.651914285714286,6.15937142857143,5.745085714285714,5.0208714285714295,4.1285,4.1285
104,7.0519,7.0519,5.7012,6.002766666666666,5.002075,5.3003599999999995,5.750983333333333,5.6133,7.0940714285714295,8.100499999999998,8.314085714285714,9.0461,8.911842857142856,8.114257142857143,13.366128571428572,21.289557142857145,27.34881428571428,27.68515714285714,27.55662857142857,28.581971428571425,30.115057142857143,26.465014285714286,17.448671428571426,10.440557142857143,9.263557142857142,8.710757142857142,7.559785714285715,6.096514285714286,4.141942857142857,3.043914285714286,3.158228571428571,3.1273142857142857,4.648485714285714,4.3527000000000005,7.518528571428571,8.092857142857143,8.449057142857143,8.339685714285716,9.251900000000003,9.410785714285714,10.2045,7.154185714285715,7.261971428571428,6.901142857142856,6.914728571428573,6.7300571428571425,5.069914285714285,5.0470428571428565,5.8125285714285715,5.490742857142857,5.7561285714285715,5.616528571428572,4.895442857142856,5.586428571428571,5.586428571428571,4.581514285714285,4.589614285714286,5.174428571428571,6.5165,8.087242857142858,9.11672857142857,8.917414285714285,9.62352857142857,10.072414285714286,10.52432857142857,9.000857142857145,7.565328571428572,6.775285714285714,6.975671428571428,6.573142857142856,6.378671428571429,5.926771428571429,6.390842857142857,7.809457142857143,8.326600000000001,8.163142857142857,7.898771428571429,8.335614285714286,10.368042857142857,10.262257142857141,9.384285714285713,8.442571428571428,8.957942857142857,10.536285714285713,10.432,9.891628571428571,10.090457142857144,9.651285714285715,9.93992857142857,10.603628571428573,9.845142857142857,12.31872857142857,13.609185714285715,13.819585714285713,14.005014285714285,14.723714285714285,13.880285714285716,14.331857142857144,12.682942857142857,9.90047142857143,9.158642857142857,10.6251,9.298085714285715,9.126100000000001,9.1261,8.158971428571428,8.160185714285713,8.901985714285715,7.865314285714286,8.4657,8.228457142857144,7.6675571428571425,7.667542857142857,7.66752857142857,7.065942857142856,7.065942857142856,7.071128571428572,7.30992857142857,7.412514285714286,6.8870000000000005,6.905428571428573,7.376414285714287,8.270971428571428,7.4163571428571435,7.4224000000000006,6.837314285714285,8.141842857142857,9.128614285714287,10.385328571428571,9.579528571428572,10.430642857142857,9.573485714285715,10.21234285714286,8.680128571428572,6.828285714285714,5.702628571428571,4.89927142857143,4.074828571428571,4.554771428571429,4.728,6.324471428571428,8.014385714285714,8.463457142857141,9.17852857142857,10.126271428571428,10.303128571428571,12.002785714285713,10.336042857142857,8.689157142857143,7.654542857142856,7.654542857142857,7.114542857142857,6.716471428571428,5.2573428571428575,6.081171428571429,6.884885714285715,6.812757142857143,6.213614285714286,5.959442857142856,6.810442857142857,6.283128571428571,5.431814285714286,4.833042857142857,5.322614285714286,5.921385714285714,6.208285714285713,5.948214285714286,6.009485714285714,7.274657142857143,8.468914285714286,8.312228571428571,7.466371428571429,7.6957,7.5619,7.441,6.1753,5.751342857142857,5.6921857142857135,6.283442857142857,6.462228571428571,6.570614285714286,6.025028571428572,6.944914285714285,6.774342857142857,6.308828571428571,6.241428571428571,5.652414285714286,4.825985714285714,4.704228571428572,3.7841428571428577,2.895028571428572,2.893628571428572,2.3685571428571426,2.1202571428571426,3.457414285714286,4.245214285714286,4.724042857142857,5.27372857142857,5.2749999999999995,5.272799999999999,5.237585714285715,4.255985714285714,3.4041285714285716,2.9262142857142863,2.4134857142857142,2.411914285714286,2.683214285714286,3.405242857142858,4.273671428571428,5.344671428571429,6.1965,6.483228571428571,6.9853000000000005,7.6482142857142845,7.040585714285713,5.853857142857143,5.090657142857141,4.833671428571429,5.012528571428571,4.522057142857142,4.051499999999999,5.243957142857142,5.491428571428571,5.6489142857142856,5.587185714285715,5.587185714285714,6.426314285714286,6.252385714285714,5.013985714285715,5.1822,4.967042857142857,4.565614285714285,4.816971428571429,4.837285714285715,5.765742857142857,7.161542857142856,7.631085714285713,8.252114285714285,8.572414285714284,8.303457142857143,7.4500285714285726,6.946871428571429,5.581714285714286,4.660299999999999,3.7892857142857137,3.5929999999999995,3.4046999999999996,4.6622714285714295,4.416614285714286,4.626357142857143,5.097214285714285,5.9480571428571425,6.543314285714286,7.597785714285714,7.854557142857142,9.116385714285714,10.118485714285713,10.530642857142857,11.811528571428571,12.300885714285714,11.94794285714286,11.29902857142857,10.420785714285712,9.532428571428571,9.532428571428571,8.513671428571428,7.803042857142857,6.842642857142858,5.961399999999999,5.755871428571429,6.180014285714285,5.297414285714285,4.388271428571428,3.8964571428571433,4.7471000000000005,5.767214285714286,5.801942857142857,6.7337,7.4521999999999995,8.099371428571429,8.421028571428574,8.748557142857143,8.798971428571429,8.834242857142858,7.902414285714286,8.034485714285713,8.032914285714286,8.424485714285714,7.301657142857143,7.0199428571428575,7.152028571428572,6.8663285714285704,6.866328571428572,7.153814285714286,7.183742857142858,8.036785714285715,7.245828571428571,7.245828571428571,8.032885714285714,7.432542857142856,7.864042857142857,8.6544,9.062957142857142,10.023585714285714,10.392785714285713,9.8914,10.675428571428572,9.997685714285714,9.208357142857142,8.8206,8.381557142857142,7.465728571428571,7.4882,7.185014285714287,6.452728571428572,6.348457142857143,5.673985714285714,7.006742857142858,7.295871428571429,8.281985714285714,9.407757142857141,10.789471428571428,11.311628571428571,12.274385714285714,11.58027142857143,13.906014285714287,12.2962,11.798585714285712,12.118185714285714,12.678057142857142,12.040042857142856,12.741371428571428,12.379971428571428,12.960542857142858,12.33617142857143,11.530657142857143,10.155057142857142,10.470157142857143,9.470614285714285,7.933828571428571,9.005,10.009771428571428,10.402199999999999,10.769157142857143,10.725257142857144,10.9196,11.049128571428572,11.3484,11.329871428571428,10.548228571428572,10.5482,10.473014285714287,10.710914285714285,10.41137142857143,9.128642857142857,9.274928571428571,9.710214285714287,9.325557142857141,8.611614285714285,7.474314285714286,6.993428571428571,6.615157142857142,4.872428571428571,3.7735142857142856,4.158171428571428
105,7.0259,7.0259,4.96335,5.373233333333334,4.745800000000001,4.649900000000001,4.841133333333334,4.826271428571429,6.481314285714286,7.9070857142857145,8.4281,9.161857142857142,9.48542857142857,9.012128571428573,14.342671428571427,21.804914285714286,26.94235714285714,29.282142857142855,29.282142857142855,30.479942857142856,32.356257142857146,29.31757142857143,21.71588571428571,15.516042857142859,12.095814285714285,11.315957142857144,9.881728571428571,8.051585714285714,5.377971428571429,3.178385714285714,3.1755428571428572,3.135971428571428,4.378342857142857,4.161828571428571,5.3661142857142865,5.881257142857143,6.344657142857143,6.405942857142857,7.4129,7.993,8.657114285714286,7.813542857142856,8.014071428571429,7.523571428571429,7.2834,7.001371428571429,5.128685714285715,5.127271428571428,5.3541285714285705,4.903128571428572,5.636285714285714,5.6018,4.9039,5.76232857142857,5.723828571428571,5.027,5.610157142857142,5.6496571428571425,7.042857142857143,8.92542857142857,9.346685714285714,9.385214285714286,9.79877142857143,9.7988,10.367557142857143,8.9121,7.272514285714285,7.0363,7.037157142857143,6.940742857142857,6.775514285714286,6.684285714285714,6.915814285714285,7.797885714285714,10.013085714285713,9.837971428571427,9.536985714285715,9.78717142857143,11.956828571428572,12.369957142857144,12.076114285714286,9.50277142857143,9.572557142857145,11.2303,11.601885714285714,10.434700000000001,10.433514285714285,9.827914285714286,10.367971428571432,11.540014285714287,10.725400000000004,12.52432857142857,13.800185714285714,14.258828571428571,14.453128571428573,14.059028571428573,13.163742857142859,13.495614285714286,11.830971428571429,9.152671428571427,8.092414285714286,8.96117142857143,8.444828571428571,8.480371428571429,8.698385714285715,8.108771428571428,8.109985714285713,8.882671428571427,8.425299999999998,8.941628571428572,8.735028571428572,8.122014285714286,8.122014285714284,8.122000000000002,7.472571428571429,7.476228571428572,7.893585714285714,8.333428571428572,8.530271428571428,8.2765,8.278142857142857,8.51972857142857,8.516542857142857,7.496214285714285,7.494042857142857,6.8079142857142845,8.066914285714285,9.070514285714285,10.084814285714286,10.342857142857142,10.81492857142857,9.527728571428572,10.1236,8.372514285714287,6.5178,5.742,4.8670285714285715,4.3512571428571425,4.915585714285714,6.271928571428572,7.797857142857143,9.554242857142857,9.554242857142857,10.171157142857142,11.000557142857144,11.2862,10.888642857142857,9.258614285714286,7.694442857142858,6.989457142857143,6.989471428571429,6.435614285714285,5.845514285714286,5.552757142857144,6.403085714285714,7.0605,7.034842857142857,7.964214285714286,7.730757142857143,8.524971428571428,7.5812285714285705,6.731,6.188957142857142,6.094385714285715,5.164657142857143,5.635599999999999,5.4312,5.658528571428572,6.968814285714285,8.517642857142857,9.2864,8.520828571428572,8.4846,8.350771428571429,8.288485714285715,7.080757142857143,6.167728571428571,5.827485714285714,6.209442857142856,6.4039,6.318600000000001,5.7467428571428565,6.494871428571429,6.072742857142858,5.620014285714285,5.645714285714286,5.001242857142857,4.369671428571428,4.186414285714285,3.335042857142858,2.7395000000000005,2.7381142857142864,2.2476714285714285,2.2138428571428572,3.3297714285714286,3.7677,4.039057142857144,4.569757142857143,4.695399999999999,4.6945,4.499171428571428,3.7265857142857146,3.255171428571429,2.9836142857142858,2.5256142857142856,2.399914285714286,2.4310714285714288,2.7911428571428574,3.4022000000000006,4.331542857142858,5.183114285714287,5.460699999999998,6.201385714285714,7.044671428571429,6.789771428571428,5.917428571428571,5.306157142857143,5.204828571428571,5.476628571428571,4.753214285714286,4.282871428571428,5.027271428571429,5.232728571428572,5.3267,5.133457142857142,5.226571428571428,6.058457142857143,6.030242857142858,5.254842857142857,5.327442857142858,5.361614285714286,5.153328571428572,5.112528571428571,5.114285714285714,5.8298,7.08382857142857,7.658900000000001,8.236014285714287,8.349857142857143,8.223742857142856,7.477914285714284,7.088157142857142,5.913971428571429,4.978685714285715,3.9555,3.9007285714285707,4.144171428571429,4.929271428571428,4.6903,4.7995,5.3548,6.205742857142858,6.649014285714286,7.246657142857143,8.295585714285716,9.755942857142855,10.953771428571427,11.249414285714286,12.530199999999999,13.33114285714286,13.132785714285715,12.497357142857144,11.423785714285714,10.33235714285714,10.33237142857143,9.062142857142858,7.884628571428572,6.767128571428572,5.464999999999999,5.327257142857143,5.6215142857142855,4.771542857142856,4.0580428571428575,3.842714285714286,4.816671428571429,5.748385714285713,5.836314285714287,6.0087,6.724028571428572,7.832757142857143,8.024985714285714,7.905142857142858,7.4715428571428575,7.386728571428572,7.399557142857143,7.533928571428571,7.006085714285715,7.506228571428571,6.668371428571428,7.042914285714285,7.751871428571428,7.750614285714285,7.750585714285713,7.872357142857141,7.7703428571428566,8.741914285714286,7.867128571428571,7.292528571428571,8.486971428571428,7.839885714285715,8.513171428571429,8.924542857142857,10.062871428571428,11.2775,11.735842857142856,10.542642857142857,11.696457142857142,11.464042857142857,10.510828571428572,9.437957142857144,8.735771428571429,7.711428571428571,7.788571428571429,7.155642857142857,6.140842857142857,6.797528571428572,5.997757142857142,7.339642857142858,7.968771428571428,8.899042857142856,10.031842857142857,11.611814285714285,11.939099999999998,12.976742857142856,12.040314285714286,14.019271428571429,12.584985714285716,11.782814285714286,11.785814285714284,12.353985714285713,11.79622857142857,12.56355714285714,12.401471428571428,12.995000000000001,12.657314285714284,11.843257142857142,10.789385714285714,11.033242857142858,10.431985714285714,8.994214285714287,10.198071428571428,11.106814285714284,10.912099999999999,10.978457142857142,11.461814285714285,11.788428571428572,11.916114285714286,11.908814285714286,11.942257142857143,11.745671428571427,11.724428571428572,11.0766,10.959271428571428,10.389628571428574,9.468671428571428,9.541857142857141,9.934257142857144,9.932785714285716,9.156099999999999,7.971957142857143,7.7172714285714274,6.922485714285713,5.279571428571428,4.233614285714286,4.235071428571429
106,6.7312,6.7312,6.074450000000001,6.3447000000000005,5.827850000000001,6.3672200000000005,6.261633333333333,6.119185714285714,8.58072857142857,10.082828571428573,10.597085714285713,11.379714285714286,13.586685714285716,13.541542857142858,19.063642857142856,28.343228571428572,36.945699999999995,39.193357142857145,38.94421428571429,38.955,40.75414285714286,37.050200000000004,27.650271428571426,18.11367142857143,14.884814285714285,14.318357142857142,11.728414285714283,9.785242857142856,7.529271428571429,4.6411999999999995,4.312642857142857,4.449871428571429,4.989414285714285,4.8914285714285715,5.405571428571428,5.991014285714286,6.712571428571429,6.456128571428571,6.352842857142856,6.837114285714286,7.233557142857143,7.085871428571429,7.330257142857143,6.666085714285714,6.698571428571428,7.133842857142858,6.193114285714286,5.857428571428571,5.906285714285715,5.906257142857143,6.577042857142857,6.443885714285715,6.028314285714287,5.797257142857142,5.282428571428571,4.528985714285715,4.452271428571428,4.470371428571428,5.738271428571428,8.1548,9.805542857142857,10.654814285714284,11.220242857142859,11.306514285714286,11.81377142857143,10.587185714285713,8.174428571428573,7.436285714285715,7.753757142857142,7.652942857142857,8.475228571428572,7.9498428571428565,8.305942857142858,9.3193,9.780528571428572,9.516900000000001,9.24974285714286,8.581371428571428,9.071457142857144,9.694057142857144,9.443042857142858,9.172242857142857,9.119757142857143,11.5548,12.008728571428573,13.48947142857143,13.51815714285714,13.112485714285713,13.057085714285714,14.07242857142857,12.518242857142857,13.568699999999998,12.877557142857142,13.062199999999999,13.20742857142857,13.45257142857143,12.90077142857143,12.674942857142856,11.441042857142858,10.198371428571429,9.703114285714284,10.348771428571428,9.375957142857144,8.9139,8.947871428571428,8.734328571428572,8.69872857142857,8.607371428571428,8.431742857142856,8.897628571428571,8.896257142857142,9.057114285714286,8.8709,8.870899999999999,8.537485714285712,8.135771428571427,8.990957142857143,9.607885714285715,9.4131,9.283614285714284,9.460657142857142,9.228399999999999,10.057385714285715,9.3497,9.670885714285715,9.089028571428571,10.189528571428571,10.478728571428572,11.957042857142856,11.600814285714284,10.968357142857142,9.291671428571428,9.828114285714287,8.436914285714286,7.387942857142858,6.3151,5.739285714285715,5.984157142857144,6.723028571428571,6.76872857142857,8.866585714285716,10.468328571428572,11.397657142857144,11.865328571428572,12.212771428571429,12.212771428571427,12.68442857142857,10.123185714285714,8.58997142857143,7.103914285714287,6.7378,6.294771428571429,5.782542857142857,5.6016,6.413799999999999,6.866228571428571,6.786228571428572,6.787785714285714,6.490242857142856,7.211671428571428,6.5433142857142865,5.871457142857143,5.260828571428571,5.0995,5.2453,5.808371428571428,5.710214285714286,6.105671428571428,7.347185714285715,8.982457142857143,10.246785714285716,9.632542857142857,9.253714285714285,9.00987142857143,8.641485714285716,7.37207142857143,8.474285714285713,7.908371428571429,8.50222857142857,9.344314285714287,9.171485714285714,8.771471428571429,9.585314285714286,7.0706,6.369028571428571,5.8646,4.870271428571429,4.324814285714286,4.251057142857143,3.3236000000000003,2.922442857142858,2.8748,2.433271428571429,2.1383428571428573,3.2304,4.108842857142856,4.5902,5.268285714285715,5.572857142857144,5.543957142857144,5.678400000000001,4.962971428571429,3.9757999999999996,3.4971999999999994,2.820057142857143,2.515757142857143,2.6204285714285716,2.9797714285714285,3.604742857142857,4.900328571428572,5.761957142857143,5.863142857142856,6.156814285714285,6.904185714285712,6.515028571428573,5.555500000000002,4.614271428571429,3.9320714285714287,4.679314285714286,4.3847000000000005,3.9991142857142856,4.821885714285714,5.052185714285714,5.122371428571428,5.896042857142858,5.5346714285714285,6.595857142857143,6.738714285714287,5.815657142857143,5.953514285714285,6.209157142857143,5.678271428571429,5.678271428571429,5.468571428571429,5.909285714285714,7.521342857142857,8.030228571428571,8.7606,8.929114285714286,9.029171428571429,8.303042857142858,8.222885714285715,6.852585714285715,5.933357142857142,4.604671428571429,4.103442857142857,4.4058142857142855,5.014342857142857,4.8925,5.060457142857143,5.9099714285714295,6.7609142857142865,7.575442857142859,8.069714285714285,9.42022857142857,10.804814285714286,12.2541,12.282514285714285,13.71787142857143,14.34052857142857,14.216614285714284,13.630514285714282,12.247357142857144,10.671942857142856,10.644971428571427,9.102228571428572,8.550085714285714,7.481042857142858,6.084128571428573,5.932657142857144,6.032342857142858,5.182385714285713,4.525671428571429,3.570585714285715,4.856542857142857,5.759085714285715,6.340771428571428,7.982371428571429,8.454371428571429,9.587271428571428,10.322642857142856,9.7672,9.837128571428574,9.300085714285714,8.095385714285715,8.137642857142856,7.636171428571429,8.426428571428572,7.982557142857142,7.597371428571428,8.1645,8.66502857142857,9.295271428571427,9.4279,9.248557142857143,9.619557142857142,9.188728571428571,8.728399999999999,10.190685714285715,9.447928571428571,9.900557142857142,9.847199999999999,11.333371428571429,12.949785714285714,14.425828571428573,12.462614285714286,13.235357142857143,13.859057142857145,13.233328571428572,12.264485714285714,11.023757142857141,9.245471428571426,9.46225714285714,9.024314285714285,7.555485714285715,8.060857142857143,7.543514285714287,8.764114285714285,9.306185714285714,10.096885714285714,11.2166,12.569785714285713,12.768857142857142,12.770071428571429,12.228785714285715,14.507971428571427,13.49437142857143,12.486585714285715,12.534699999999999,13.000442857142856,13.211171428571427,13.408214285714283,12.544814285714285,12.827442857142856,12.683914285714284,12.02117142857143,10.8775,11.732528571428572,12.5424,11.570214285714286,13.715799999999998,14.896399999999998,15.028714285714285,15.1792,14.18562857142857,14.809014285714284,15.868285714285713,14.131214285714284,13.908285714285714,13.429642857142857,13.630800000000002,13.432900000000002,11.779728571428572,10.417100000000001,11.730928571428572,11.889185714285714,12.402985714285714,12.453028571428572,11.855628571428571,10.735957142857144,10.368542857142858,8.494785714285715,6.758528571428571,5.393128571428571,5.126042857142857
107,8.9411,8.9411,9.18995,9.327666666666666,8.9956,8.79636,8.297033333333333,8.479114285714287,9.72067142857143,10.485114285714287,11.02892857142857,11.780014285714287,14.062057142857144,14.553185714285716,20.688714285714287,44.554585714285714,57.23878571428571,60.47498571428571,59.76525714285714,59.85908571428571,61.11272857142857,56.398700000000005,32.90528571428572,19.389728571428574,15.181114285714285,15.086242857142855,12.935214285714284,11.3776,9.076657142857142,7.434185714285715,7.481571428571428,7.767171428571429,8.205771428571428,7.869528571428572,7.5553857142857135,7.837685714285714,7.708985714285714,7.455471428571428,7.702714285714286,7.786242857142857,7.668628571428572,7.643828571428571,7.867785714285715,7.517757142857142,7.552528571428572,7.295328571428572,7.092314285714285,7.920642857142857,8.125857142857143,8.107271428571428,8.2349,8.085728571428572,7.744585714285713,7.106442857142857,6.0869285714285715,5.713442857142858,5.468400000000001,5.759614285714286,8.370085714285715,9.580614285714287,10.379971428571428,10.371685714285714,11.007314285714285,11.927957142857142,11.88187142857143,9.761199999999999,8.995371428571428,9.031342857142857,9.384699999999999,9.0211,9.644257142857143,10.303542857142856,10.461514285714285,10.023114285714286,9.972614285714286,11.566685714285715,11.379228571428571,11.597557142857145,12.147800000000002,12.485071428571429,13.100585714285716,14.206814285714286,13.130914285714287,14.553471428571429,14.489057142857144,15.105871428571428,15.725857142857143,16.03511428571429,15.9495,16.047328571428572,15.480214285714286,15.548485714285713,14.608414285714288,13.785342857142856,13.1209,12.586342857142858,12.513400000000003,12.47144285714286,12.037757142857144,11.524671428571427,10.960985714285712,12.077428571428571,11.495499999999998,11.07172857142857,11.31274285714286,11.398228571428572,11.383014285714285,11.624671428571428,11.593885714285715,11.77742857142857,11.201485714285713,10.614271428571428,10.19972857142857,10.035528571428571,9.781000000000002,8.850142857142858,9.143957142857143,10.390185714285716,10.406971428571426,10.156014285714287,10.119871428571429,10.260585714285714,10.711457142857144,10.4524,11.199614285714286,10.605971428571427,11.272400000000001,11.920814285714284,12.578342857142857,13.029357142857142,12.199871428571429,10.002800000000002,10.344285714285716,9.196071428571429,7.93192857142857,7.110228571428572,6.149057142857144,6.240257142857142,6.977357142857143,7.296757142857143,8.162585714285715,10.122985714285715,11.438414285714288,11.390357142857143,12.0403,12.0403,12.508214285714287,10.93554285714286,8.833285714285713,7.147471428571429,7.6913857142857145,7.300942857142857,6.788785714285714,6.783471428571429,7.804628571428571,8.468185714285713,8.271385714285714,7.289885714285715,6.788028571428571,7.311157142857142,6.741214285714285,5.948942857142858,5.551514285714285,5.840742857142858,6.2304571428571425,6.684742857142857,6.309842857142859,6.428157142857144,7.471871428571428,8.8138,9.548842857142859,9.187371428571428,8.575442857142857,8.80387142857143,8.362657142857143,7.5325,7.020914285714285,6.335885714285714,6.509428571428572,7.114214285714286,6.85952857142857,6.436857142857142,6.921028571428571,6.426042857142859,6.064685714285714,5.933257142857142,5.682499999999999,5.220614285714285,5.391528571428572,4.613100000000001,3.9635285714285717,3.704614285714286,3.374214285714286,3.0345857142857144,3.9284857142857144,4.610414285714286,5.2672857142857135,5.597628571428571,5.9236,5.846228571428571,5.9822,5.564871428571428,4.583699999999999,3.8436285714285714,3.4542571428571436,3.4414714285714285,3.7761714285714283,4.149385714285714,4.580357142857143,5.5615428571428565,6.7785142857142855,7.3957,8.007042857142858,8.483257142857143,7.841542857142857,6.975285714285714,6.2572,5.6899,6.13432857142857,5.328557142857143,4.837785714285714,5.559614285714285,5.764742857142856,5.87722857142857,6.06002857142857,5.589428571428571,6.715414285714284,6.987285714285714,6.235214285714285,6.257857142857143,6.572614285714286,6.809085714285715,7.118742857142857,6.399414285714286,7.226557142857144,9.288471428571428,9.8816,9.770042857142856,9.313514285714287,8.871671428571428,8.591242857142857,8.354928571428571,6.6546142857142865,5.793457142857143,5.3438,4.907985714285714,5.477771428571429,6.177214285714285,5.720414285714286,5.854242857142857,6.70372857142857,7.555271428571428,8.193714285714284,8.762385714285713,9.47132857142857,10.1886,11.350471428571428,11.838228571428573,12.936157142857143,13.494428571428573,13.93342857142857,14.086457142857144,13.638485714285716,12.399414285714286,11.912642857142856,10.411542857142859,9.8443,8.293800000000001,6.789199999999998,6.359442857142857,6.644914285714285,5.7926714285714285,5.443942857142856,4.814471428571428,5.510314285714285,6.481685714285715,7.589085714285714,8.4623,9.314914285714286,10.297742857142856,10.669371428571427,10.65604285714286,11.0118,11.069542857142858,10.810957142857143,10.809628571428572,10.57772857142857,11.60747142857143,11.3921,11.385471428571432,12.424671428571429,13.827528571428571,14.151957142857142,14.130971428571428,13.777671428571429,13.965100000000001,13.147685714285714,12.110471428571428,11.515271428571427,10.869528571428573,11.069928571428571,11.130342857142859,12.318957142857142,13.973142857142856,13.965457142857142,12.974785714285714,12.899442857142859,13.648385714285714,13.154285714285717,12.359171428571429,10.917485714285714,10.600871428571427,11.225442857142856,11.423114285714286,10.280157142857144,11.251557142857141,10.432085714285714,11.6615,12.119142857142858,12.1199,13.326628571428571,13.99852857142857,14.235342857142857,15.081057142857144,14.690628571428572,15.471285714285715,15.51315714285714,15.127771428571426,15.68067142857143,15.475385714285713,15.351899999999999,15.150957142857141,15.21957142857143,15.080071428571431,15.284171428571431,15.111685714285715,14.533642857142857,16.274542857142855,16.290214285714285,17.12157142857143,18.8171,19.231814285714286,18.595114285714285,18.5753,17.11632857142857,19.001814285714286,18.6097,18.51497142857143,18.519785714285714,18.58032857142857,18.28142857142857,18.172900000000002,16.22771428571429,14.952814285714286,14.724857142857143,14.792314285714285,14.886471428571427,15.579285714285714,14.370642857142858,13.414142857142858,12.623257142857144,10.785357142857142,8.973557142857143,7.769914285714286,7.314414285714286
108,12.2604,12.2604,13.939900000000002,15.809700000000001,15.759425,14.20748,13.177216666666666,13.287014285714287,13.608185714285714,13.716557142857143,13.135171428571429,14.731985714285715,16.19122857142857,16.158285714285714,23.645742857142857,55.43074285714285,74.74537142857142,81.93537142857143,80.85119999999999,81.49480000000001,84.66875714285716,76.9457,45.35637142857143,26.178085714285714,18.621657142857142,18.403528571428573,17.80117142857143,14.734014285714286,13.839085714285716,13.606514285714285,12.976228571428573,13.490742857142857,12.657399999999999,11.264785714285713,11.187185714285715,11.140814285714287,11.363842857142856,11.930171428571427,12.380628571428572,12.579514285714284,13.124071428571428,13.124085714285712,13.37742857142857,12.327885714285713,11.518242857142855,10.349271428571427,9.852428571428572,9.717442857142856,9.618728571428573,9.694857142857142,9.414685714285714,9.276014285714284,8.846742857142857,8.596542857142856,8.407242857142856,8.471628571428571,7.974357142857143,8.449114285714286,10.556757142857142,11.007442857142857,11.613757142857143,10.857085714285715,11.361428571428572,12.974314285714286,12.557457142857142,11.231657142857143,11.234414285714283,11.838871428571426,12.535157142857143,11.485,11.750028571428572,11.9076,11.106371428571427,10.46167142857143,9.655071428571429,10.1628,10.333942857142857,10.046214285714285,11.268485714285715,11.390128571428573,11.92522857142857,12.653900000000002,12.285742857142859,13.678499999999998,14.149885714285714,14.74652857142857,15.804571428571426,15.374142857142857,15.890142857142859,16.252814285714287,15.74324285714286,14.619500000000002,13.758371428571428,13.243385714285713,14.0172,13.271814285714285,12.975457142857142,13.000442857142858,13.647599999999999,13.199100000000001,12.201557142857144,12.023685714285715,11.157885714285714,10.871485714285715,10.391071428571431,10.306871428571428,10.319042857142858,10.445885714285714,11.097999999999999,11.443085714285713,10.674828571428568,11.020999999999999,10.812214285714285,10.394400000000001,10.466742857142858,9.23822857142857,9.883857142857142,10.901385714285714,10.152057142857144,9.786171428571427,10.151971428571429,10.3815,11.228571428571428,10.916114285714286,11.068042857142858,11.076542857142858,10.740642857142857,10.917157142857144,11.164914285714286,12.002014285714287,11.478614285714286,10.571785714285713,10.864157142857142,10.41157142857143,10.239142857142856,9.809342857142855,8.538385714285713,8.445528571428571,9.068142857142856,9.153685714285714,10.91942857142857,11.852285714285713,13.328414285714286,13.105885714285716,13.008257142857142,13.297757142857145,13.387628571428573,11.307342857142856,9.686171428571429,7.816142857142857,7.6974285714285715,7.713757142857142,7.053214285714286,7.715914285714286,8.617542857142857,8.925814285714285,8.813342857142855,8.513528571428571,8.307171428571428,7.6487,6.895485714285714,6.228657142857143,6.082942857142856,6.893414285714286,7.6002714285714275,7.799271428571428,8.661757142857143,8.679985714285715,9.840428571428571,10.938,11.001228571428571,10.602528571428573,10.820885714285714,9.96547142857143,9.709771428571429,9.176242857142856,7.908557142857142,7.582428571428571,7.712428571428572,7.267357142857143,7.419057142857143,7.010728571428571,7.267857142857143,8.14567142857143,7.820128571428571,7.704685714285715,7.8037,7.631928571428572,7.645042857142856,6.856028571428571,6.188442857142857,5.902342857142857,5.788014285714285,6.018085714285713,7.188728571428571,8.234042857142857,8.5377,8.380700000000001,8.517685714285715,7.977914285714285,7.698085714285713,6.968542857142857,5.7048000000000005,5.1746857142857134,4.810228571428572,4.816257142857142,5.3906285714285715,5.7671,6.463285714285713,7.4074857142857145,8.872342857142858,9.884342857142858,10.293800000000001,10.232442857142857,9.449614285714285,8.432514285714285,7.765228571428572,7.348785714285715,7.361271428571429,6.669442857142857,6.730314285714286,7.162342857142858,7.1885714285714295,7.636014285714286,7.349028571428572,7.010714285714285,8.402685714285715,8.847771428571429,8.46497142857143,8.770442857142857,8.8686,8.760742857142857,8.937771428571429,7.926814285714286,8.689385714285715,10.409928571428571,10.698400000000001,10.620585714285713,10.558428571428573,9.926271428571427,9.643957142857143,8.491071428571429,6.835957142857143,6.013142857142857,5.2677,4.601528571428571,5.231657142857143,5.435900000000001,5.028871428571429,5.360328571428572,6.102485714285714,6.954714285714287,8.154328571428572,8.932685714285714,9.158714285714286,9.951542857142856,10.675614285714286,11.258785714285713,12.539385714285714,12.5024,11.922014285714285,12.870614285714286,13.049614285714286,12.267514285714284,11.633842857142858,9.864771428571428,9.09137142857143,8.39022857142857,6.8852142857142855,6.054471428571428,6.0477,5.329614285714285,4.987728571428571,4.734457142857143,5.1110999999999995,6.017485714285714,6.9044285714285705,7.095928571428571,7.944514285714285,9.46552857142857,9.694471428571429,9.50357142857143,9.690385714285714,9.381742857142857,10.532628571428571,10.503085714285715,9.128157142857143,9.793471428571427,10.038285714285712,10.771742857142856,12.253428571428572,12.768571428571429,13.32732857142857,13.763614285714285,13.906571428571429,14.075071428571432,12.442371428571429,11.583842857142857,11.468142857142857,10.852814285714286,11.732214285714287,11.690728571428574,13.168514285714284,15.306757142857142,15.435642857142858,14.224714285714287,14.531128571428571,14.309600000000001,14.356342857142854,13.496142857142857,13.0263,13.508514285714288,14.311514285714285,13.9058,13.485357142857145,14.1975,14.270985714285715,14.881914285714284,15.145628571428572,15.662885714285716,16.232685714285715,16.1246,16.377985714285714,16.006842857142857,15.065471428571428,15.171542857142857,16.0225,16.81565714285714,18.09837142857143,17.608271428571427,17.992528571428572,19.01932857142857,19.37232857142857,18.53818571428571,18.557385714285715,18.2491,18.848085714285713,21.180928571428574,21.572657142857143,21.084785714285715,23.727957142857143,24.057885714285714,23.249914285714286,23.101300000000002,22.157928571428574,22.53197142857143,24.372071428571434,22.063242857142857,21.4231,22.796485714285716,22.04842857142857,21.5115,19.750471428571426,18.113957142857142,18.8671,19.398257142857144,18.634800000000002,19.41717142857143,17.415342857142857,16.311185714285717,15.007971428571427,12.984214285714286,11.146685714285713,9.63797142857143,8.144428571428572
109,17.0652,17.0652,12.2969,15.027533333333333,14.926224999999999,14.217279999999999,13.172483333333332,13.4447,12.719357142857145,13.358985714285714,12.687514285714286,13.790971428571428,14.630142857142857,14.637442857142856,23.98005714285714,54.149542857142855,70.80582857142858,73.79397142857144,74.00504285714285,75.23317142857142,78.44181428571429,70.18408571428571,39.91224285714286,24.62662857142857,21.389657142857143,20.331985714285715,19.873042857142856,17.015957142857143,14.755285714285714,14.758642857142856,12.992485714285712,12.804942857142857,11.688157142857142,9.750985714285715,9.399485714285715,9.191557142857144,10.549442857142859,11.5027,12.222471428571428,13.297985714285714,13.597785714285715,13.787700000000001,14.255042857142858,12.093671428571428,11.458485714285715,10.062442857142857,9.164942857142858,9.331442857142857,8.90242857142857,8.849242857142857,8.92842857142857,8.239128571428571,8.048971428571429,7.784842857142857,7.399642857142857,7.521914285714287,6.892914285714286,7.497171428571428,8.200314285714287,8.756928571428572,9.369628571428573,8.705699999999998,10.989414285714286,12.136757142857144,11.623571428571429,11.537128571428571,11.170742857142857,11.76047142857143,12.264371428571428,9.493657142857144,11.42067142857143,11.585042857142858,11.251685714285715,11.467742857142857,10.39487142857143,11.332885714285714,11.953242857142858,11.080042857142857,12.435999999999998,13.805885714285713,14.912442857142858,15.24212857142857,16.5263,17.69188571428571,18.2504,18.894199999999994,19.807342857142856,19.16894285714286,20.302042857142855,18.771099999999997,19.27351428571429,18.58435714285714,17.734885714285713,16.350985714285713,17.626442857142855,16.455942857142855,15.911914285714287,15.078428571428573,17.279128571428572,17.1645,16.615714285714287,14.941728571428571,16.342314285714284,16.755114285714285,16.239528571428572,13.736514285714287,13.704514285714286,14.313471428571429,14.929014285714286,13.912457142857141,13.971971428571427,15.944128571428573,16.077957142857144,15.602857142857145,15.875685714285714,15.036142857142858,14.918657142857143,15.063071428571428,12.687499999999998,13.601114285714285,13.877542857142856,13.844942857142858,14.906157142857143,16.622714285714284,16.414985714285713,17.76132857142857,16.27517142857143,17.53964285714286,16.25385714285714,17.23687142857143,16.658514285714286,17.43661428571429,16.86751428571429,16.76284285714286,16.397357142857143,16.9127,15.6664,15.006285714285713,14.721828571428572,15.089271428571427,14.80402857142857,14.506371428571429,15.208342857142856,14.462128571428574,13.320200000000002,13.263328571428572,13.624442857142855,13.30117142857143,12.73134285714286,11.955428571428572,12.329057142857142,12.803728571428573,12.269342857142858,10.577242857142858,10.727814285714288,10.225757142857143,9.981271428571429,9.707285714285714,10.114685714285713,10.093271428571427,10.476642857142858,10.553585714285713,10.530185714285716,10.958757142857143,11.539742857142857,11.0357,11.7439,12.0743,12.305342857142858,13.21512857142857,12.780757142857144,12.5086,12.415885714285716,11.682614285714285,11.6474,12.122542857142857,11.690214285714287,11.94897142857143,11.6276,11.685614285714285,11.550614285714286,11.13462857142857,10.725285714285715,11.130799999999999,11.1952,11.062557142857143,10.69742857142857,10.252657142857142,10.246842857142855,9.660971428571429,8.934342857142855,8.715242857142858,9.057328571428572,9.575485714285715,10.862228571428572,11.763314285714287,12.994057142857145,13.137742857142857,12.940871428571429,12.510357142857144,11.900085714285712,10.318371428571426,8.938785714285713,7.450385714285714,6.816385714285714,6.771571428571428,7.202371428571429,7.824085714285715,9.3224,10.67287142857143,11.915128571428571,13.372185714285715,14.277057142857144,14.685028571428575,14.348285714285717,13.52277142857143,12.687228571428575,12.540657142857144,11.504785714285715,10.476299999999998,10.155442857142857,9.918428571428572,9.130128571428571,8.876557142857143,8.236657142857142,8.27762857142857,8.842614285714285,8.657457142857142,8.653742857142857,9.747485714285714,10.367914285714287,10.18067142857143,10.228957142857142,9.975814285714288,11.155014285714286,11.330285714285713,11.372214285714287,11.140742857142858,11.87887142857143,11.869885714285713,11.814942857142857,10.667957142857142,10.253657142857145,9.270785714285713,8.772785714285714,8.240557142857144,8.084214285714285,8.042028571428572,7.665085714285715,8.037671428571429,8.487328571428572,9.736857142857144,11.573514285714285,12.6797,13.25757142857143,13.562128571428572,13.473828571428571,13.81144285714286,14.17307142857143,12.666899999999998,11.615828571428569,11.903457142857144,12.488685714285714,12.497628571428573,12.217185714285714,10.657614285714285,9.977057142857145,9.617128571428571,8.460785714285715,7.277114285714285,7.269042857142857,6.889885714285713,6.607885714285714,6.549014285714285,7.252299999999999,7.231585714285715,8.743071428571428,9.300985714285716,9.5665,10.913528571428571,11.967314285714284,11.383057142857142,11.449000000000002,10.492142857142857,10.065128571428572,10.288842857142857,9.6346,9.56144285714286,10.006785714285714,10.802214285714285,12.022414285714287,13.28882857142857,13.929285714285713,13.579857142857142,13.439800000000002,13.628242857142856,12.933514285714285,12.27222857142857,13.205428571428572,12.327757142857143,14.0701,13.711914285714286,14.426257142857143,15.777085714285715,16.263342857142856,13.831714285714286,13.1905,12.349228571428572,12.09165714285714,11.08462857142857,11.389928571428571,11.479128571428571,12.587100000000001,13.038514285714285,12.542085714285713,13.483971428571428,14.319542857142858,13.820857142857145,14.355085714285716,14.449699999999998,15.61762857142857,15.182742857142857,16.20027142857143,15.240100000000002,14.810285714285715,14.23377142857143,15.67207142857143,15.647200000000002,17.102028571428573,16.152842857142854,16.53362857142857,17.277657142857144,18.733785714285716,17.2919,16.923842857142855,16.674842857142856,16.996642857142856,19.0085,19.897314285714284,19.143814285714285,20.643900000000002,20.64144285714286,19.768414285714282,19.45012857142857,18.434742857142858,18.997657142857143,19.657114285714282,19.01467142857143,19.66512857142857,21.882757142857145,21.718957142857143,20.923814285714286,20.076542857142858,18.931542857142855,19.317485714285713,18.965585714285712,17.331185714285713,17.825014285714285,16.537357142857143,14.318328571428571,13.388371428571428,11.639014285714284,10.577414285714287,9.475442857142857,8.155528571428572
110,16.6511,16.6511,11.09165,14.035533333333333,12.264,11.84522,11.320549999999999,11.4808,10.861614285714285,11.723157142857143,10.878142857142858,12.31137142857143,13.615,13.5178,25.570128571428572,53.246028571428575,69.34185714285715,71.67131428571429,73.3631,73.66615714285714,76.26134285714285,65.36234285714286,37.6554,22.481728571428572,19.931885714285716,17.5776,16.86957142857143,14.592014285714287,12.992114285714285,12.450114285714287,10.5005,9.652557142857145,9.004342857142857,7.48407142857143,7.163928571428572,6.6804000000000014,7.9712000000000005,8.491928571428572,9.341228571428571,10.107071428571428,10.418571428571429,11.088085714285715,11.399857142857144,9.929757142857142,9.841771428571429,9.077771428571427,8.522371428571429,9.202757142857141,8.957542857142856,9.659942857142857,9.715414285714285,9.355571428571428,9.219571428571427,9.479042857142858,9.388685714285714,9.251485714285716,8.340228571428572,8.4203,9.073028571428573,10.187814285714285,9.986628571428572,9.208814285714286,9.972657142857143,10.587071428571429,11.104071428571428,11.573842857142859,10.771585714285717,12.743042857142855,13.69512857142857,13.015014285714285,13.751014285714286,13.499814285714288,13.425871428571428,14.06377142857143,12.164142857142858,13.517085714285713,14.074114285714286,16.53327142857143,18.261157142857144,20.83157142857143,22.412857142857142,22.23052857142857,23.136571428571425,23.15552857142857,20.831485714285716,20.008585714285715,19.8231,19.918499999999998,21.386485714285715,19.84687142857143,21.150928571428572,23.82221428571429,23.86792857142857,21.29057142857143,22.28624285714286,21.9791,21.03381428571429,19.363200000000003,19.62902857142857,20.688214285714288,21.4038,18.919271428571427,20.777242857142856,21.389585714285715,22.023214285714285,19.65095714285714,18.701842857142854,19.53577142857143,19.379371428571428,16.29234285714286,14.835914285714285,15.505242857142857,14.630757142857146,14.124200000000002,13.700557142857141,13.222499999999998,13.887685714285714,14.641142857142857,12.761,13.9974,13.591700000000001,13.17287142857143,13.252142857142859,14.425042857142857,14.106214285714286,15.72535714285714,14.400185714285714,17.866314285714285,16.806428571428572,18.560028571428575,17.426757142857145,18.42712857142857,17.625485714285713,16.5363,13.993757142857143,14.246842857142857,12.431785714285715,12.569085714285716,12.140057142857144,13.937314285714283,15.20225714285714,15.180042857142857,14.92632857142857,14.700514285714286,13.798557142857144,13.549185714285711,12.131342857142856,11.312642857142858,10.592899999999998,10.498028571428572,10.388614285714285,10.793342857142857,10.694042857142858,9.96037142857143,9.816085714285716,8.970228571428573,9.212557142857145,9.122471428571428,8.833971428571429,8.54957142857143,7.926528571428571,7.675371428571429,7.807657142857143,7.750871428571428,7.9342999999999995,8.470814285714287,9.16332857142857,9.778214285714286,10.380085714285714,11.505714285714285,11.303442857142857,11.555871428571427,11.266171428571427,10.750814285714284,10.703885714285715,11.157628571428571,11.490714285714287,12.010114285714286,11.828471428571431,12.271657142857142,12.271271428571428,11.823071428571426,11.268457142857143,11.023542857142857,11.233485714285715,10.995442857142857,10.023928571428572,9.781357142857143,9.5649,9.288042857142859,8.245671428571429,8.0309,8.211900000000002,8.463700000000001,9.373728571428572,10.136700000000001,10.700000000000001,11.13974285714286,10.785171428571429,10.637157142857143,10.268214285714288,8.94362857142857,7.893185714285713,7.117399999999999,6.628128571428571,6.7602142857142855,7.260985714285714,8.042214285714286,8.555385714285714,9.522085714285714,10.661428571428571,11.664885714285715,12.350671428571427,12.912814285714287,12.545571428571426,12.791514285714284,12.36787142857143,11.305157142857142,10.348485714285713,9.132599999999998,7.883742857142857,7.278285714285713,6.325928571428571,6.572814285714286,6.809442857142857,6.547042857142857,7.1342428571428576,7.675728571428571,8.205271428571429,8.877157142857143,8.496842857142857,8.30037142857143,8.669671428571428,8.582028571428571,9.209800000000001,8.958485714285715,9.072185714285714,9.54215714285714,10.520999999999999,11.141257142857143,11.193685714285715,10.00687142857143,9.936385714285715,9.486014285714287,9.312857142857142,8.948457142857142,8.851714285714285,9.17232857142857,9.762242857142857,10.870000000000001,11.638657142857143,12.772457142857144,13.603385714285713,14.170585714285712,15.181157142857144,15.31872857142857,15.029314285714284,14.789957142857144,13.85662857142857,13.773885714285713,13.458485714285715,12.431914285714285,13.048542857142857,13.340585714285714,13.356171428571429,12.971157142857143,12.190785714285713,11.872214285714284,12.241428571428571,12.5011,12.66432857142857,13.789514285714285,14.148657142857143,14.368771428571426,13.885785714285714,14.659128571428571,15.0493,15.41632857142857,14.396242857142855,15.259757142857145,16.59844285714286,18.25004285714286,17.954914285714285,17.533842857142854,16.87502857142857,17.423857142857145,16.654028571428572,16.55462857142857,16.56707142857143,16.622000000000003,16.869014285714286,18.059814285714285,18.527371428571428,19.2964,18.9315,20.674028571428572,21.218785714285712,20.33305714285714,19.434485714285717,19.029028571428572,21.0656,20.149785714285716,18.45924285714286,17.465342857142858,19.76727142857143,19.86805714285714,19.30822857142857,16.66055714285714,15.917685714285714,14.813571428571427,15.713728571428573,13.643957142857143,13.241428571428571,12.840271428571429,12.539228571428572,13.654614285714286,14.571214285714285,13.658285714285714,13.989642857142856,14.289428571428571,14.8893,15.315857142857142,15.150585714285713,13.670614285714285,13.595914285714287,13.160514285714287,14.141842857142857,13.7576,14.0507,14.108157142857142,14.409585714285713,14.665557142857141,16.77295714285714,15.741414285714283,16.742785714285713,17.157542857142854,16.552842857142856,17.764042857142858,18.48997142857143,17.31657142857143,18.139414285714288,17.480385714285713,16.055371428571426,16.952099999999998,16.663542857142858,17.373471428571428,17.5135,16.38115714285714,17.132942857142858,19.309142857142856,18.536514285714283,17.302414285714285,16.4032,15.352300000000001,16.46572857142857,16.148342857142858,13.973571428571429,14.4797,14.178728571428573,12.497271428571429,12.710485714285713,11.243285714285715,10.3002,10.864685714285715,9.911857142857144
111,14.8796,14.8796,13.5678,15.860033333333334,13.946225,13.906460000000001,13.150350000000001,12.741385714285714,13.361114285714288,13.203100000000001,11.923485714285714,12.289642857142857,13.177457142857142,12.984685714285714,23.92397142857143,42.92718571428571,55.228571428571435,60.48744285714286,63.73375714285714,63.68075714285714,65.68074285714286,54.799685714285715,35.118585714285715,24.728342857142856,19.7575,16.869142857142858,15.708628571428573,14.216842857142856,14.940885714285713,14.803099999999999,13.213242857142857,12.348442857142857,12.064599999999999,11.905299999999999,11.626985714285713,10.2527,10.92887142857143,10.584057142857144,11.041714285714287,11.246842857142855,12.000342857142856,13.107285714285714,13.49592857142857,13.980585714285715,14.988399999999999,15.314471428571432,16.068371428571428,15.745100000000003,14.510757142857143,17.472857142857144,16.88437142857143,16.264714285714284,16.445199999999996,15.567028571428569,16.58072857142857,17.59182857142857,15.68587142857143,15.45857142857143,15.178542857142856,15.554114285714286,15.7808,16.85617142857143,17.31927142857143,16.380300000000002,16.2599,17.239814285714285,16.69147142857143,17.000857142857146,15.746257142857145,14.612700000000002,15.177200000000001,14.658900000000001,13.345914285714287,13.222857142857142,12.174257142857144,12.227657142857142,11.407871428571427,11.176714285714285,11.719414285714285,13.483714285714287,13.434885714285713,13.061757142857143,12.199857142857141,13.47562857142857,14.885785714285715,15.294957142857141,14.087728571428572,14.069457142857145,15.603228571428572,15.781814285714287,16.25542857142857,16.236942857142857,15.63,15.733285714285715,16.227257142857145,14.89547142857143,14.102171428571433,13.888571428571426,14.4725,14.392828571428572,13.405671428571429,12.499500000000001,13.884557142857144,14.28187142857143,14.147628571428571,12.281899999999998,13.1784,15.180971428571427,16.33407142857143,15.262371428571429,14.509414285714286,13.760671428571428,13.4145,12.595957142857143,11.277485714285714,10.1682,10.611114285714285,10.955471428571428,10.50882857142857,10.808842857142858,10.415942857142857,10.838057142857142,11.071514285714285,11.571142857142858,11.475428571428571,12.158885714285715,12.401257142857144,14.810814285714287,14.234,13.930914285714286,12.230142857142855,12.416114285714286,11.721214285714288,10.355171428571428,7.795357142857143,7.151742857142858,7.125942857142858,8.129828571428572,8.064614285714287,9.745985714285714,10.543371428571431,11.947742857142858,12.282142857142858,12.290485714285714,11.769057142857145,11.810585714285716,10.3162,9.979342857142857,8.463228571428573,8.322785714285713,8.1821,8.534171428571428,8.801214285714286,8.971185714285713,9.660657142857143,9.4807,9.676900000000002,9.198985714285714,8.799342857142857,8.263285714285713,7.8792857142857144,6.959128571428571,6.4954857142857145,6.318414285714286,7.1888571428571435,8.300485714285715,8.700142857142856,9.482828571428572,10.713857142857142,11.987642857142857,12.345628571428572,12.4569,11.968057142857143,11.883042857142858,12.033614285714288,11.634685714285713,11.01692857142857,11.343757142857143,11.14292857142857,11.6889,11.821357142857142,10.976657142857144,11.192157142857143,12.006257142857143,12.3002,11.985871428571429,10.503071428571428,10.093714285714286,9.982942857142856,9.294457142857143,8.50772857142857,8.178314285714285,8.540242857142857,9.125385714285715,10.097557142857143,10.762614285714287,10.799014285714284,11.6499,11.328371428571428,11.068742857142857,10.678057142857142,9.367857142857144,8.488828571428572,8.210342857142857,7.125328571428571,7.0404857142857145,7.331671428571428,7.992528571428572,8.418771428571429,9.074385714285714,10.196628571428572,11.217057142857142,12.007885714285715,12.502857142857142,12.207285714285714,12.477814285714285,12.131685714285712,11.185014285714287,10.253414285714285,9.089842857142857,7.805214285714286,7.242142857142858,6.291685714285715,6.288057142857142,6.259457142857143,6.062214285714286,6.240700000000001,6.937171428571429,7.622657142857143,8.196428571428571,8.0973,7.956785714285715,7.746742857142857,8.006542857142858,8.596771428571428,8.37342857142857,8.315557142857143,8.947614285714286,10.438500000000001,11.545442857142858,11.2875,10.218042857142859,9.87992857142857,9.364028571428573,8.466042857142858,6.518042857142858,5.291214285714285,4.9793,5.230971428571428,5.149342857142856,5.220571428571428,5.3136857142857155,5.875185714285714,6.140999999999999,6.9174428571428574,6.920557142857142,7.011371428571428,7.2351,7.647014285714285,8.268885714285714,8.463714285714286,8.572557142857145,9.001228571428571,9.922828571428571,10.218028571428572,10.561599999999999,9.678099999999999,9.703985714285716,9.317357142857144,9.211028571428571,9.112842857142857,8.713742857142856,8.196685714285715,8.598014285714287,9.573171428571428,10.097985714285715,11.012128571428573,11.418757142857142,12.241585714285714,12.79902857142857,13.055185714285715,12.312871428571428,12.105114285714285,11.164642857142857,10.423785714285714,10.944071428571428,11.281914285714288,12.39145714285714,12.158671428571427,11.816442857142858,12.5532,13.497214285714284,13.3559,13.619985714285713,12.42642857142857,15.550214285714285,17.4246,17.228728571428572,17.131642857142857,16.686157142857144,16.790928571428573,17.885214285714287,16.897185714285715,15.845185714285714,17.19147142857143,16.526685714285716,16.590685714285712,16.815042857142856,15.438914285714285,15.259428571428572,16.64464285714286,16.45687142857143,16.976185714285716,17.311457142857144,17.613285714285716,20.166,19.967457142857143,18.59497142857143,18.879185714285715,20.550671428571427,20.812042857142853,20.427171428571427,18.9632,18.065985714285713,19.002414285714284,18.806428571428572,18.561200000000003,19.982242857142857,20.276614285714285,20.3356,20.007442857142856,19.335528571428572,20.638514285714283,20.669414285714286,20.204357142857138,21.264271428571426,22.536785714285713,25.3254,26.44204285714286,25.223085714285713,25.95172857142857,27.255142857142854,25.74374285714286,24.9507,23.888828571428572,24.605985714285715,25.085671428571427,22.924714285714284,21.518328571428576,21.7601,20.76178571428571,19.605485714285713,18.202285714285715,17.154342857142858,18.482485714285712,18.827814285714286,18.07381428571429,19.072928571428573,18.300185714285714,16.962657142857143,17.22897142857143,16.207214285714286,14.362414285714289,15.087028571428574,13.494028571428572
112,12.2978,12.2978,14.414000000000001,15.648533333333333,13.7365,14.317759999999998,12.935516666666665,12.596928571428569,12.140314285714286,11.787671428571429,10.58682857142857,10.906342857142858,10.876314285714287,11.1597,18.557385714285715,33.79254285714286,40.63298571428572,45.4792,47.731471428571425,48.151242857142854,49.5798,42.78711428571429,28.188385714285715,22.345814285714283,17.904500000000002,15.942599999999999,14.45177142857143,13.5209,13.416942857142857,13.505485714285713,12.818457142857142,12.470728571428571,12.685114285714288,12.922385714285715,12.619042857142857,11.218571428571428,11.189942857142857,10.9136,10.613814285714286,9.995742857142858,9.816414285714286,10.017514285714286,10.354042857142858,10.42022857142857,9.7541,10.271142857142857,11.119342857142856,11.187842857142856,10.633557142857143,13.071357142857142,12.601871428571428,12.73772857142857,13.758457142857143,12.351785714285713,12.510999999999997,12.973128571428571,11.616628571428572,12.23585714285714,12.711714285714285,11.971342857142858,13.003114285714288,14.139442857142857,15.436342857142856,14.493914285714286,13.737799999999998,13.212585714285714,12.4509,14.018557142857142,12.635771428571429,10.771428571428572,11.152057142857142,10.915914285714285,10.044285714285715,10.668185714285714,8.465671428571428,8.468471428571428,8.5468,8.35972857142857,8.388271428571429,9.488785714285715,9.2415,9.196771428571427,9.324171428571429,10.604528571428572,11.799257142857144,13.15674285714286,12.709857142857143,12.045014285714286,12.574642857142859,13.843042857142857,12.720685714285713,12.758142857142857,11.759485714285717,12.390685714285713,12.73882857142857,11.697285714285714,10.3821,11.312771428571429,11.143557142857144,10.707485714285713,9.48087142857143,9.669414285714286,10.457357142857145,11.271014285714285,11.306014285714285,11.362542857142857,13.378328571428572,14.753957142857145,15.731628571428573,16.682071428571426,15.613614285714286,14.730971428571427,13.837757142857145,13.110685714285717,12.87752857142857,12.035399999999997,11.349342857142858,11.64932857142857,11.5635,11.353514285714285,10.595371428571427,10.784257142857141,10.791785714285712,12.241171428571429,11.660042857142857,11.807085714285716,12.661128571428572,13.714257142857141,13.829685714285715,13.803057142857144,11.130128571428571,11.383957142857144,10.784357142857143,9.363442857142857,7.652242857142857,6.498157142857144,6.5534285714285705,7.749114285714285,8.218757142857143,10.108885714285716,11.293414285714283,13.377414285714284,13.775485714285713,13.529499999999999,13.63422857142857,13.580885714285714,12.657514285714285,12.296342857142855,10.623671428571427,10.487557142857142,10.280285714285714,10.239,10.416385714285715,10.527600000000001,10.727142857142857,10.559628571428572,10.394685714285714,10.258500000000002,9.952428571428571,9.346599999999999,9.01475714285714,8.3967,8.434014285714285,8.657057142857143,9.347942857142858,10.5432,11.102657142857144,11.571228571428573,13.204885714285714,14.210757142857144,15.300057142857144,15.616257142857142,14.934114285714287,15.185742857142857,16.14355714285714,15.630728571428573,15.041271428571429,15.0678,14.906114285714287,15.566428571428574,15.557028571428575,13.990342857142858,14.087885714285715,14.404528571428571,14.914614285714284,14.580985714285715,12.92,12.457357142857143,12.328942857142858,11.399671428571427,10.507414285714285,9.640042857142857,9.863957142857142,10.84747142857143,11.554214285714286,12.693299999999999,13.575500000000002,15.0004,15.042328571428571,14.4065,13.660057142857145,12.512857142857143,11.194242857142855,10.063128571428573,9.090457142857144,8.59137142857143,9.6185,10.535171428571429,11.031157142857142,11.401357142857142,13.1884,14.023485714285714,15.1626,15.866642857142859,16.3629,16.93104285714286,17.212442857142857,15.755242857142857,15.612457142857142,14.300328571428574,12.697414285714286,11.125985714285715,9.630571428571429,8.805014285714288,8.996285714285715,7.880971428571429,7.812285714285714,8.440114285714285,9.122714285714286,10.149585714285715,10.711614285714287,10.572171428571428,10.421157142857144,11.093057142857143,11.064528571428571,10.729342857142855,10.493714285714287,11.19212857142857,13.062800000000001,14.59007142857143,14.652585714285715,14.283042857142858,13.8843,13.508685714285715,12.125242857142856,9.514228571428571,7.884857142857142,6.7382,7.160157142857143,7.208442857142857,7.168671428571429,7.799342857142858,8.898914285714286,8.976314285714285,9.7357,9.224300000000001,9.292399999999999,9.4721,9.56707142857143,10.161614285714288,11.424557142857143,11.611185714285714,12.1469,13.6695,13.83997142857143,13.697342857142859,12.470257142857145,11.508885714285716,11.120914285714287,10.452585714285716,9.749071428571428,8.853528571428571,8.624328571428572,8.60212857142857,9.2706,9.251528571428574,9.783200000000003,9.994200000000003,10.891214285714286,11.018542857142856,10.738257142857142,9.948528571428572,9.372771428571427,8.618557142857144,7.588071428571429,8.180871428571427,9.238085714285715,10.118928571428572,10.0126,10.774385714285714,12.190671428571429,13.69257142857143,13.212814285714286,11.912728571428572,11.877799999999999,13.766271428571429,15.0268,14.737214285714288,13.955671428571431,13.239700000000001,13.532085714285715,14.50137142857143,14.653428571428572,13.9084,14.328671428571429,13.463085714285715,14.376028571428572,14.523957142857142,12.872442857142858,12.70267142857143,12.740385714285713,12.147400000000001,13.162985714285714,13.067385714285715,13.744200000000001,14.977914285714288,13.55027142857143,12.612657142857143,12.70947142857143,13.193471428571428,13.829557142857142,13.9764,13.634357142857143,13.241728571428572,14.36325714285714,14.78922857142857,14.728057142857143,15.06562857142857,14.242028571428573,14.360585714285714,14.877785714285713,14.105500000000001,14.819142857142856,14.235057142857144,14.305928571428572,15.4374,15.49807142857143,16.71227142857143,18.75947142857143,18.936500000000002,20.422,22.098457142857143,21.186457142857144,21.269800000000004,20.300985714285712,19.992285714285714,20.145171428571427,18.787442857142857,18.651571428571426,20.2746,20.336457142857142,20.84462857142857,20.908714285714286,20.74932857142857,22.225085714285715,21.627442857142857,19.98965714285714,20.160871428571426,19.326371428571427,17.339242857142857,16.46232857142857,15.537985714285714,13.159600000000001,13.909285714285716,13.056500000000002
113,7.6539,7.6539,8.610800000000001,9.9054,8.667325,9.11392,8.388616666666666,9.128314285714286,9.1854,9.362442857142856,8.588957142857144,9.079171428571428,10.78062857142857,11.243185714285714,17.248957142857144,32.42344285714286,35.04951428571429,38.06362857142857,39.48129999999999,38.704057142857145,40.95501428571429,35.06967142857143,21.044571428571427,19.741485714285712,17.32332857142857,15.860757142857144,14.359228571428574,12.083985714285713,11.502399999999998,10.401914285714284,8.879242857142858,8.4286,8.640957142857143,8.395100000000001,8.4797,8.017857142857144,8.400528571428572,8.183428571428573,8.1714,7.949071428571429,8.305014285714286,8.396257142857142,8.15162857142857,7.497814285714285,7.096085714285714,6.770985714285714,7.3524571428571415,8.514514285714286,8.302071428571429,9.186671428571428,9.7487,9.808985714285713,10.566342857142857,9.632228571428572,8.428714285714287,7.798342857142857,7.297028571428571,6.951485714285714,8.028785714285714,8.349742857142857,8.960857142857142,8.739099999999999,9.858128571428571,9.923514285714285,10.037085714285713,9.161271428571428,8.1744,9.754085714285713,9.943685714285715,8.982728571428572,10.027528571428572,9.7083,9.432285714285713,9.991642857142855,7.916385714285715,8.075185714285714,8.34,7.366757142857144,7.599742857142857,8.393514285714286,8.067314285714287,8.305728571428572,8.2661,10.085557142857143,11.405871428571428,13.35337142857143,13.056771428571428,13.3032,14.045928571428572,15.761085714285715,14.261957142857142,15.063199999999998,13.187,13.994771428571429,13.625,12.63442857142857,11.395214285714287,12.171171428571427,11.002114285714287,10.708942857142857,9.6261,10.5515,10.876957142857142,11.416457142857142,11.842557142857142,11.879000000000001,14.178985714285714,14.788057142857143,15.85247142857143,16.68832857142857,15.484257142857144,14.206957142857146,13.206900000000003,12.4083,12.591428571428569,10.778157142857141,10.620099999999999,11.241657142857141,11.25897142857143,11.394142857142857,11.062985714285714,11.107857142857142,11.44108571428571,12.247357142857144,11.56574285714286,11.683314285714287,12.598728571428571,14.094414285714285,15.287571428571429,14.939914285714284,12.695042857142855,12.833557142857144,12.070728571428573,10.442914285714286,8.3358,6.708728571428572,7.3173,8.445271428571429,9.471685714285714,11.62522857142857,13.29727142857143,14.921085714285713,15.242442857142857,14.732314285714285,14.956514285714286,14.462085714285717,13.429728571428571,12.594242857142856,11.094257142857142,10.736214285714286,10.634671428571428,10.6738,11.534385714285714,11.798771428571428,12.78292857142857,12.367757142857142,12.511385714285714,12.7363,12.456585714285714,11.442371428571429,11.176457142857142,9.952414285714285,10.507271428571428,10.452414285714285,11.291,12.558671428571428,13.067185714285715,13.676271428571425,14.477857142857141,14.259271428571427,15.552228571428572,15.935914285714288,16.545514285714287,16.946885714285717,18.466442857142855,19.107242857142857,19.643257142857145,20.03055714285714,20.000814285714284,18.702414285714287,18.8328,16.958071428571426,16.926099999999998,16.987057142857143,17.10507142857143,16.393442857142862,15.2599,14.363928571428572,13.866757142857143,12.580842857142857,11.66592857142857,11.208042857142857,11.921228571428571,13.118028571428571,13.96595714285714,14.035371428571427,14.762471428571429,19.541742857142857,19.402414285714283,18.2548,17.5414,16.44464285714286,15.948871428571428,15.257642857142857,10.882557142857143,10.269728571428573,11.598128571428571,11.924714285714286,12.118457142857142,12.4441,12.902428571428572,13.634128571428572,13.625914285714286,14.552442857142859,16.187700000000003,17.36601428571429,18.181271428571428,18.323685714285716,19.55412857142857,19.19332857142857,17.075814285714284,14.819914285714287,12.825528571428572,11.694471428571429,11.981742857142857,9.887571428571428,9.81177142857143,10.288857142857141,11.530685714285713,13.1132,14.020357142857142,14.011142857142856,14.103628571428569,15.550914285714285,15.60855714285714,15.100942857142858,14.42655714285714,15.5624,19.257714285714286,22.182,21.786685714285714,20.926585714285714,20.24675714285714,19.7211,17.728357142857142,12.8618,9.593685714285714,8.3317,9.63717142857143,9.441671428571428,9.589314285714284,9.91,10.844585714285715,10.839442857142856,11.30022857142857,10.098942857142857,10.169485714285713,10.352414285714286,10.650757142857143,11.147899999999998,12.171985714285713,12.587142857142856,13.493271428571429,15.511757142857144,15.621657142857142,15.293585714285713,13.953414285714286,12.700171428571428,12.00447142857143,10.892171428571427,9.639114285714285,8.733914285714286,8.662099999999999,8.928071428571428,10.264314285714287,10.764742857142858,11.535014285714285,12.296071428571429,13.800771428571428,14.683171428571429,15.063885714285716,14.486500000000001,14.168357142857143,13.536828571428572,12.5188,13.099642857142856,12.833528571428571,12.93207142857143,12.467128571428573,12.260899999999998,13.485228571428573,15.077357142857142,14.028400000000001,13.483414285714286,13.628785714285714,14.6792,16.738714285714284,16.36547142857143,14.272614285714287,14.025057142857145,14.315685714285715,14.692614285714285,15.58262857142857,15.136171428571428,15.686985714285713,15.929042857142857,16.026385714285716,15.961614285714287,14.828328571428573,13.894485714285716,12.75517142857143,12.134314285714286,12.735414285714285,12.564657142857143,12.7122,13.230314285714286,12.271357142857141,11.526542857142857,10.828457142857143,10.991442857142857,11.774899999999999,12.187871428571427,11.886457142857143,11.667085714285715,11.9939,12.339942857142857,11.774942857142857,10.652485714285715,9.791785714285714,10.214885714285714,11.309842857142856,10.790428571428572,11.751614285714286,11.4121,11.9319,12.4655,12.650114285714285,12.856971428571429,14.416885714285714,14.370157142857144,14.892514285714286,16.011757142857142,15.613685714285712,15.291814285714285,13.988142857142856,13.727385714285715,13.7517,13.676128571428572,14.409514285714286,15.944157142857145,15.852657142857142,16.108757142857144,16.78721428571429,15.925642857142856,17.571599999999997,16.612242857142856,14.854171428571428,15.442628571428571,15.17172857142857,12.983157142857143,13.33134285714286,11.420742857142855,9.694842857142858,10.012085714285716,8.764385714285714
114,5.771,5.771,6.5626,7.2049666666666665,6.5775999999999994,6.682979999999999,6.476499999999999,7.158299999999999,7.68082857142857,8.264742857142856,7.665828571428571,7.772771428571429,9.043171428571428,9.279657142857143,14.073014285714285,25.576014285714287,24.764571428571433,26.172257142857145,27.508714285714287,27.717571428571432,29.667471428571424,24.889885714285715,14.079899999999999,15.375442857142856,14.445214285714284,13.176371428571429,11.700585714285713,9.359314285714285,8.342985714285714,6.980585714285715,5.254528571428572,4.835128571428571,4.643785714285714,4.178400000000001,4.460142857142857,4.6718,5.5033142857142865,5.876914285714286,6.349271428571429,6.838114285714285,7.135885714285714,7.243685714285715,7.027942857142857,5.818614285714287,5.603314285714286,5.009857142857143,5.177528571428573,5.678914285714285,5.729285714285715,6.240171428571428,6.9877142857142855,7.0388,7.609071428571428,7.4414,6.451942857142858,6.142442857142858,5.838300000000001,5.393742857142857,6.429814285714286,6.793500000000001,6.8510285714285715,6.991757142857142,7.474428571428571,8.121457142857142,8.543914285714285,7.997171428571429,7.2218,8.594142857142858,8.79262857142857,7.976642857142857,9.028542857142858,8.863314285714285,8.2909,9.290828571428571,7.8604714285714286,8.335942857142857,8.961728571428571,8.148142857142856,8.460014285714285,9.435571428571427,9.109528571428571,9.111442857142858,9.041885714285716,11.364042857142858,12.196342857142858,13.0174,12.677971428571428,12.877328571428574,13.060414285714286,14.26372857142857,12.218271428571429,12.050685714285715,11.296999999999999,11.8356,11.339857142857142,11.512085714285714,10.717957142857143,11.40662857142857,12.246328571428572,12.1041,11.5544,12.218757142857143,11.761214285714285,12.11492857142857,13.855514285714284,12.804985714285712,13.856557142857142,14.58054285714286,15.399228571428571,15.891500000000002,15.16462857142857,12.840485714285714,12.245385714285714,12.751185714285715,13.230971428571427,11.804857142857143,12.5167,12.82272857142857,12.695257142857143,12.818142857142858,12.4683,12.05527142857143,12.268142857142854,12.552157142857142,12.521957142857143,12.339528571428572,13.876157142857142,14.026014285714284,15.595128571428573,15.594085714285717,13.962371428571428,13.891099999999998,13.534799999999999,11.040042857142856,11.450199999999999,9.99472857142857,10.910499999999999,11.786542857142857,12.314885714285714,14.144257142857143,16.216757142857144,15.433942857142858,15.520228571428573,14.899957142857145,15.231871428571429,14.5089,13.686499999999999,12.987799999999998,13.01817142857143,12.356357142857144,11.865885714285715,11.9919,13.863414285714285,14.140828571428573,14.282571428571428,13.82467142857143,14.49035714285714,15.440142857142858,14.866057142857143,13.660885714285714,13.335757142857144,12.2507,12.585614285714286,12.027485714285714,12.838571428571429,14.186885714285713,14.525642857142858,15.340428571428571,17.106957142857144,16.5844,18.26772857142857,17.869400000000002,17.67787142857143,17.40648571428571,19.1129,19.079571428571427,20.4703,21.71975714285714,22.051485714285718,21.42922857142857,22.827142857142857,20.930571428571426,21.18917142857143,20.511457142857147,20.24372857142857,19.889985714285718,19.14822857142857,17.493042857142857,16.673157142857143,15.603157142857144,15.213114285714287,15.35742857142857,17.183614285714288,18.586028571428574,19.741114285714286,20.076985714285712,21.22765714285714,27.97002857142857,26.84062857142857,24.737057142857143,24.1098,23.013471428571428,22.072499999999998,20.386742857142853,14.432242857142853,15.054771428571428,16.411914285714285,16.363714285714284,16.580042857142857,17.187157142857142,17.903042857142857,17.476057142857144,16.019342857142856,17.644114285714288,21.107300000000002,22.975671428571424,24.601314285714288,24.774099999999997,27.277985714285713,27.04517142857143,23.674114285714285,19.82124285714286,16.986042857142856,15.139142857142858,15.584328571428571,12.684614285714286,11.995514285714284,13.186857142857145,14.696028571428572,16.34057142857143,16.756614285714285,16.744799999999998,16.858757142857144,18.105657142857144,16.865771428571428,15.992814285714285,15.831457142857143,17.51562857142857,23.275914285714286,28.52397142857143,28.805885714285715,28.67515714285714,28.223842857142852,27.080171428571425,24.915957142857142,17.6309,12.433857142857144,10.639557142857143,12.32927142857143,11.430057142857143,11.707228571428573,11.945628571428573,12.665799999999999,12.291100000000002,13.306128571428571,11.746728571428571,12.087185714285713,12.9389,13.557685714285713,14.204957142857143,15.471457142857142,15.892142857142856,16.8766,19.148500000000002,18.388485714285714,17.549171428571427,16.434185714285714,14.786828571428572,13.822342857142859,12.515642857142856,10.700128571428573,9.791857142857141,10.587428571428571,11.399657142857142,12.545800000000002,13.020057142857143,14.4078,15.893485714285715,17.504257142857142,17.617685714285717,18.3624,18.938642857142856,19.429857142857145,18.7943,18.25957142857143,19.104442857142857,19.622214285714286,18.85082857142857,17.341171428571425,15.890842857142859,16.567914285714284,16.792928571428572,15.671171428571427,14.954728571428571,14.819442857142857,16.187471428571428,18.937457142857145,17.945128571428572,16.571357142857142,15.9931,15.812614285714286,16.504185714285715,18.355071428571428,17.213371428571428,18.8568,18.613085714285713,18.261714285714284,17.654557142857144,16.233942857142857,13.811742857142857,13.044614285714287,11.510485714285712,11.774914285714285,12.001585714285714,12.056242857142857,12.447228571428571,12.421142857142856,11.664,10.865357142857144,11.322199999999999,11.87092857142857,12.875457142857142,13.128371428571429,12.123842857142858,12.007771428571429,12.400214285714286,11.670657142857142,10.285014285714283,9.290928571428571,9.451342857142858,11.150142857142857,11.399199999999999,11.38227142857143,10.872714285714286,11.553285714285716,11.450028571428572,10.763071428571427,9.755985714285714,9.792757142857143,10.644057142857141,11.152142857142858,11.477028571428571,11.47535714285714,11.409485714285712,10.717785714285712,10.552685714285714,9.9983,10.558442857142856,11.283914285714285,12.291442857142856,12.949871428571429,12.879571428571428,14.199799999999998,13.530471428571428,13.743971428571427,13.684899999999999,12.12315714285714,11.77462857142857,12.127157142857142,10.317542857142858,11.169214285714286,9.934385714285714,8.268557142857144,8.723428571428572,8.331042857142858
115,4.0614,4.0614,5.068,5.727233333333333,4.98485,5.22902,5.24785,5.791185714285715,6.408757142857143,7.548114285714285,7.145728571428571,7.894585714285713,9.607142857142858,9.735357142857143,12.798457142857142,19.878899999999998,18.690699999999996,19.524242857142855,19.963328571428573,19.629328571428573,20.71742857142857,17.94142857142857,11.588314285714286,12.427214285714287,11.932900000000002,11.271285714285714,10.073871428571428,8.628628571428571,7.468628571428572,6.091428571428572,4.793785714285714,4.6417,4.2312,3.8205999999999998,4.348628571428572,4.411528571428572,5.162457142857143,5.511814285714286,6.334542857142857,6.908085714285714,6.8749714285714285,6.688457142857142,6.812428571428571,5.815285714285715,5.664157142857143,4.608585714285714,4.605185714285715,5.125757142857142,4.944814285714286,5.137214285714285,5.641514285714286,5.421471428571429,5.7438142857142855,5.806785714285714,4.954014285714286,4.578871428571428,4.437285714285714,4.636914285714285,6.072642857142857,6.561000000000001,6.560899999999999,7.243214285714286,8.549814285714286,10.107242857142856,10.108785714285714,9.418657142857143,8.758799999999999,9.946971428571429,9.822371428571428,8.61432857142857,8.159742857142858,7.949800000000001,7.756142857142857,8.627,7.47507142857143,7.803385714285715,8.397314285714286,7.666657142857142,7.8621285714285705,7.914171428571428,7.188942857142857,7.154271428571428,7.316528571428572,9.467471428571429,10.047557142857142,10.632985714285715,10.710885714285714,11.498428571428573,11.845557142857142,12.766985714285713,10.748299999999999,11.208128571428572,10.974214285714286,11.832657142857144,11.240571428571428,10.89362857142857,10.155742857142856,10.62577142857143,11.410157142857143,10.743157142857143,10.008985714285714,10.507900000000001,10.507900000000001,11.098614285714286,14.339542857142858,13.83114285714286,15.012314285714288,16.00877142857143,16.607957142857142,17.566,16.441085714285713,12.684742857142856,11.945185714285714,12.783442857142859,12.5779,11.766914285714284,11.179957142857143,11.566585714285713,11.336814285714285,11.38754285714286,10.84012857142857,10.728257142857144,11.6275,12.4864,13.051557142857144,13.411,14.374057142857144,14.374714285714287,16.102485714285713,15.298514285714285,14.468100000000002,14.258357142857145,14.020728571428569,12.102014285714287,13.71295714285714,12.842957142857143,13.799371428571428,14.484585714285714,15.250357142857142,17.841514285714286,20.273028571428572,18.936514285714285,19.32904285714286,18.134514285714282,18.19537142857143,17.135885714285713,15.487971428571427,14.63205714285714,14.233442857142856,13.043114285714285,13.0054,13.678414285714284,14.821342857142856,14.915314285714286,15.102985714285714,15.079757142857144,15.810457142857144,17.176014285714285,16.010914285714286,15.460657142857142,15.54135714285714,14.680242857142856,14.570014285714283,13.609585714285712,14.499828571428571,15.249199999999998,15.883628571428572,16.19612857142857,17.66465714285714,16.91662857142857,17.467714285714287,16.769814285714286,16.92338571428571,16.19742857142857,18.77072857142857,17.368414285714287,18.77404285714286,21.17902857142857,20.964371428571432,20.82065714285714,22.083742857142855,18.984928571428572,20.277014285714284,19.745785714285716,19.5891,19.521542857142858,18.626485714285714,17.210114285714287,16.80752857142857,15.802314285714287,15.703985714285716,16.1892,18.965585714285712,20.24705714285714,21.396871428571426,22.054114285714288,23.175471428571427,31.3157,29.88982857142857,27.25422857142857,26.654328571428575,25.49742857142857,24.576128571428573,23.725385714285718,17.185328571428574,18.704314285714286,19.8964,20.042285714285715,20.82707142857143,21.23967142857143,21.75617142857143,20.38612857142857,17.261242857142857,20.03002857142857,24.487257142857143,26.858357142857137,28.98762857142857,30.335271428571428,34.15245714285714,34.949842857142855,29.597200000000004,24.472371428571428,20.80802857142857,18.469271428571428,17.642614285714284,13.50767142857143,12.641928571428574,14.118014285714287,14.955899999999998,16.49632857142857,16.98052857142857,16.70037142857143,17.105542857142858,17.317157142857145,16.580342857142856,16.15707142857143,15.73022857142857,18.5828,26.529799999999998,33.82978571428571,35.27831428571429,34.82161428571429,34.878614285714285,34.33471428571429,30.86228571428572,21.402528571428572,13.92138571428571,11.635742857142857,13.710085714285714,12.659157142857142,12.485785714285713,12.996228571428572,13.70922857142857,13.334200000000001,14.329171428571428,13.601428571428572,13.916799999999999,14.77722857142857,15.256414285714285,15.389528571428572,16.787042857142858,17.028528571428573,17.508457142857143,18.733800000000002,17.83054285714286,16.6883,15.870214285714283,14.114171428571428,13.397428571428573,11.650042857142855,10.488057142857143,9.906771428571428,11.700814285714285,13.536028571428572,14.467085714285714,15.15647142857143,16.33074285714286,18.76964285714286,20.25487142857143,19.050485714285717,18.900685714285714,20.251014285714287,21.962514285714285,21.742628571428575,21.587642857142857,23.162614285714287,25.10862857142857,23.5436,21.37427142857143,18.382228571428573,18.956357142857144,18.025471428571425,15.660342857142856,14.17272857142857,14.701585714285715,16.408557142857145,19.652185714285714,17.724614285714285,16.425571428571427,16.297557142857144,15.415685714285713,16.531499999999998,16.726085714285713,15.347785714285711,17.1865,17.2354,16.746671428571428,16.76937142857143,14.942714285714285,13.168485714285712,12.319400000000002,11.349085714285717,11.201300000000003,11.507028571428572,11.471571428571426,11.637328571428572,12.08067142857143,11.506657142857142,10.528857142857145,11.102814285714286,11.688342857142858,12.355185714285714,12.901214285714286,12.049214285714287,11.628328571428572,11.854728571428572,10.626828571428572,9.621842857142855,8.538328571428574,8.5624,10.49442857142857,11.488114285714286,11.328299999999999,10.804814285714286,11.021514285714286,11.156514285714286,10.5592,9.659342857142857,9.749728571428571,10.331857142857142,11.176714285714285,11.096042857142859,11.090500000000002,11.24797142857143,10.07232857142857,8.585899999999999,8.464057142857142,8.850357142857142,9.33722857142857,10.259057142857142,10.801114285714286,10.8918,12.732557142857145,12.663328571428574,12.420742857142859,12.621685714285716,11.118028571428571,10.128871428571427,9.774885714285714,7.876271428571428,8.1229,7.429271428571427,6.073257142857144,6.574985714285715,7.0236
116,3.0123,3.0123,4.0629,4.144666666666667,4.0146250000000006,4.224400000000001,4.435116666666667,5.422828571428572,5.7766,6.881085714285716,6.8838,7.5089,9.419300000000002,9.541242857142857,10.914542857142859,14.868585714285715,13.853700000000002,14.411600000000002,14.35807142857143,13.506157142857143,14.054142857142859,12.644514285714289,9.54087142857143,9.865585714285714,9.507599999999998,9.223971428571428,8.500357142857142,7.504328571428571,6.250385714285715,5.004657142857144,4.195971428571428,4.5227,4.511642857142857,3.817542857142857,4.4713714285714286,4.592471428571429,5.361714285714286,6.0327142857142855,6.295814285714286,6.644028571428571,7.023371428571429,6.512828571428571,6.662128571428573,5.796628571428571,5.3388,4.548928571428571,4.299485714285714,5.0505571428571425,5.211171428571428,5.447842857142858,5.701885714285714,5.445842857142857,5.579185714285715,5.824914285714286,4.622085714285714,4.151514285714286,4.093342857142858,4.290128571428572,5.872114285714285,6.339285714285714,5.993828571428571,6.8872285714285715,7.8533857142857135,8.670499999999999,8.633099999999999,7.698514285714286,7.3011,8.891471428571428,8.460185714285714,7.781585714285714,7.956028571428571,8.4357,8.360385714285714,8.837985714285715,7.504357142857144,7.893314285714285,8.457214285714285,7.2061714285714285,7.057857142857143,7.034428571428571,6.450114285714285,6.544299999999999,7.044014285714286,8.8558,9.962742857142857,10.266471428571426,10.378457142857144,11.370757142857142,11.556814285714285,11.777114285714285,9.967185714285716,9.924414285714287,10.209171428571429,11.177742857142858,10.440428571428571,10.448728571428571,10.124585714285713,10.12492857142857,11.111742857142858,10.060557142857144,9.402257142857142,10.171257142857144,9.931371428571428,10.297185714285716,14.353914285714287,13.930828571428572,15.168314285714285,15.795671428571428,17.539914285714286,18.521685714285717,17.772542857142856,13.797999999999998,12.89172857142857,13.693957142857144,13.529585714285714,11.676271428571427,10.844314285714287,11.662128571428571,11.351814285714287,11.411942857142858,10.946871428571429,11.244071428571429,12.328928571428573,13.392371428571428,13.197542857142855,13.421471428571431,15.725714285714288,15.83714285714286,17.28702857142857,15.977271428571429,15.32167142857143,15.229428571428569,14.550985714285712,11.5851,13.946185714285717,13.499871428571428,14.831100000000001,15.6184,16.522414285714284,18.705299999999998,22.178985714285712,20.42237142857143,20.8691,19.928085714285714,20.29471428571429,19.329199999999997,18.636100000000003,18.319828571428577,16.817299999999996,14.959457142857142,14.34792857142857,14.160714285714283,15.339471428571429,16.158985714285713,14.787828571428573,15.460685714285715,17.078857142857142,19.216428571428573,18.51307142857143,17.921442857142857,16.97802857142857,16.063328571428574,16.894457142857142,15.933985714285713,17.214157142857143,17.271571428571427,18.385099999999998,19.015171428571428,20.6878,19.11875714285714,19.089885714285714,17.32242857142857,18.082171428571428,16.708242857142857,19.738842857142856,18.60894285714286,20.91571428571428,23.522199999999998,23.1385,23.666400000000003,24.710357142857145,21.31718571428571,21.586528571428573,20.44852857142857,19.587757142857146,19.446871428571423,17.7879,16.585285714285714,16.00714285714286,15.879042857142858,15.99407142857143,18.448385714285713,22.10575714285714,23.31564285714286,24.909385714285715,25.690685714285713,26.787871428571425,34.62065714285714,31.915171428571426,29.126957142857144,29.047014285714283,27.854814285714287,26.882271428571425,26.3196,20.812099999999997,22.85502857142857,24.216957142857144,23.6815,24.79817142857143,25.268542857142855,25.77458571428571,22.86504285714286,19.94275714285714,22.756857142857143,28.072014285714285,30.372871428571425,33.52062857142857,35.93815714285714,40.109114285714284,40.70325714285714,35.95834285714286,30.619342857142858,26.723028571428575,23.20482857142857,21.485542857142857,16.909314285714284,15.306885714285713,16.317985714285715,17.069857142857142,19.008171428571426,19.41727142857143,18.55851428571429,19.281442857142856,19.533814285714282,18.343557142857144,17.253257142857144,15.5853,17.481985714285713,24.954957142857147,32.616957142857146,33.4457,33.14814285714286,33.18875714285714,33.192528571428575,30.911514285714283,22.243671428571428,14.829300000000002,14.13002857142857,15.389842857142856,14.598671428571427,14.533928571428572,15.175114285714287,16.03887142857143,15.66622857142857,15.895214285714287,14.816785714285714,15.7736,16.551928571428572,16.6279,16.678800000000003,17.483228571428572,17.66682857142857,18.972,19.838228571428573,20.094385714285718,19.070899999999998,18.216171428571432,16.8988,16.89924285714286,15.34452857142857,14.131728571428571,12.283657142857143,15.583542857142858,17.717142857142857,18.96917142857143,19.19852857142857,20.54207142857143,24.19674285714285,25.075514285714284,22.95704285714286,23.283314285714287,25.174185714285716,26.79262857142857,26.841857142857144,26.88138571428572,29.76308571428572,31.113614285714284,28.074957142857148,24.399842857142858,20.768914285714285,20.666357142857144,18.03955714285714,14.767542857142855,12.648971428571427,13.435685714285713,16.559071428571432,20.194185714285712,19.089742857142856,18.503542857142858,18.56694285714286,18.465200000000003,19.41867142857143,19.414142857142856,17.065728571428572,17.766542857142856,17.47172857142857,16.817257142857144,17.05367142857143,15.310242857142859,12.505942857142857,12.41307142857143,11.6104,11.666857142857143,12.280085714285715,11.880714285714285,12.008957142857144,12.35757142857143,12.289042857142856,11.226799999999999,11.43645714285714,10.795642857142857,11.0414,11.499042857142856,10.4804,9.633628571428572,10.111871428571428,8.675199999999998,8.837014285714284,8.153385714285713,8.516557142857142,9.882042857142858,10.89562857142857,10.260057142857145,10.301757142857143,10.249814285714285,10.281471428571427,9.531642857142856,9.990528571428571,8.99392857142857,9.495014285714285,9.951742857142857,10.00372857142857,10.12522857142857,10.295828571428572,8.711942857142857,8.151657142857143,8.163942857142859,8.48857142857143,8.981414285714285,9.421942857142856,10.154671428571428,10.269014285714286,11.784357142857143,11.6805,11.182285714285715,10.793385714285714,9.835242857142855,8.44682857142857,7.902285714285713,6.339300000000001,6.219357142857143,5.858171428571429,5.3260000000000005,5.928471428571428,6.644871428571429
117,2.9928,2.9928,4.47,4.577133333333333,4.488925,4.74944,5.1795,6.320014285714286,7.035214285714285,7.762757142857143,8.1008,8.640071428571428,9.827328571428572,9.802742857142858,11.936414285714287,14.068142857142858,13.636671428571429,13.756885714285715,13.498257142857144,13.223285714285714,13.535414285714285,11.164528571428573,9.060542857142858,9.078228571428571,8.722757142857143,8.578385714285714,7.910071428571428,7.120742857142857,5.868000000000001,5.087785714285714,4.3219,4.557157142857143,4.7183142857142855,3.994142857142857,4.591728571428571,4.605271428571429,5.151085714285714,5.668357142857142,5.781871428571429,6.0255285714285725,6.282985714285714,5.747585714285714,5.9580857142857155,5.314671428571428,4.989128571428572,4.252585714285715,3.9001428571428574,4.564157142857143,4.910228571428571,4.850771428571428,5.2316,4.995857142857143,5.375657142857143,5.358314285714286,4.382014285714286,3.720242857142857,4.2884,4.445671428571428,5.824371428571429,6.218857142857142,6.003671428571428,7.122314285714286,8.097785714285713,8.820928571428572,8.675657142857142,7.7180857142857135,7.046057142857143,8.745328571428571,8.1115,7.57032857142857,7.336728571428571,7.919557142857144,8.074871428571427,8.839357142857143,7.526857142857142,8.094957142857142,8.511657142857143,7.370757142857143,7.200142857142857,7.161357142857142,6.583028571428571,7.134485714285715,9.360671428571427,10.707471428571427,12.234300000000001,12.536142857142854,12.57645714285714,13.320214285714286,13.446299999999999,11.541228571428572,10.2618,9.934328571428571,9.978542857142855,11.34902857142857,10.83507142857143,11.268642857142856,11.174642857142857,11.728357142857144,12.9931,12.250685714285714,11.023685714285714,12.254528571428574,11.342342857142857,11.238757142857143,15.787185714285714,15.449471428571428,16.913328571428572,18.13518571428571,19.6579,20.810885714285714,20.487399999999997,15.591885714285713,14.838285714285714,14.897114285714284,14.294928571428569,13.023157142857144,11.966999999999999,12.824742857142857,12.505385714285714,11.8882,11.2758,11.873385714285714,12.606714285714288,13.175471428571429,13.318442857142859,13.298500000000002,14.935185714285712,15.282799999999998,16.157442857142858,14.344371428571426,14.032214285714284,13.882757142857141,13.770457142857142,11.519771428571431,14.201557142857142,14.068114285714286,16.0371,17.041814285714285,18.832957142857143,20.993185714285712,24.250085714285714,22.665957142857145,23.769514285714283,22.237400000000004,22.839714285714283,21.23532857142857,19.733257142857145,19.497071428571427,17.742600000000003,14.990914285714284,14.378699999999997,14.114257142857142,14.780857142857144,16.57448571428571,15.405942857142858,16.5302,19.52124285714286,22.193142857142863,21.633814285714287,21.715700000000002,20.514042857142858,19.76287142857143,21.677042857142858,20.143757142857144,21.532414285714285,21.302457142857143,22.059328571428573,22.567085714285714,24.102485714285713,21.304100000000002,20.932214285714284,18.563457142857143,19.312728571428572,18.37305714285714,21.807514285714284,20.85097142857143,23.751471428571428,25.578742857142856,25.4377,26.395385714285712,26.637442857142855,22.4309,22.265000000000004,20.697899999999997,19.745914285714285,19.2204,16.993357142857146,15.66467142857143,15.244342857142858,15.831171428571427,16.59822857142857,20.62024285714286,24.830514285714287,26.391228571428574,28.162342857142857,29.92244285714285,30.267071428571423,37.175999999999995,34.57828571428571,31.56985714285715,31.570500000000003,30.738742857142856,29.121299999999998,30.039314285714287,25.016214285714288,26.403285714285715,27.963114285714287,27.375514285714285,28.06591428571429,28.557071428571426,28.21497142857143,24.83667142857143,21.771828571428568,24.816942857142855,30.639257142857137,33.67845714285714,37.27571428571428,39.695657142857144,44.44361428571428,46.29121428571428,40.9542,34.84938571428571,30.1114,25.885114285714284,25.390885714285712,19.840185714285717,17.239485714285713,17.751628571428572,18.26782857142857,20.989557142857144,21.56291428571429,19.19758571428571,20.602585714285713,20.495399999999997,20.846557142857144,20.574114285714284,18.842971428571428,20.772471428571432,26.480171428571428,35.19468571428572,35.97085714285714,34.769371428571425,34.50855714285714,33.961842857142855,31.010857142857144,24.491257142857144,15.615771428571431,15.325600000000003,16.121857142857145,15.427514285714285,15.694457142857145,16.953828571428573,17.764742857142856,18.898142857142858,19.231528571428573,19.57317142857143,20.999871428571428,21.238999999999997,21.08244285714286,20.171514285714288,19.473785714285714,19.578485714285716,21.38775714285714,21.708085714285716,22.169899999999995,21.124200000000002,20.972900000000003,19.824114285714284,19.811842857142857,16.767885714285715,14.988542857142859,13.398528571428573,17.0943,19.982642857142856,21.188971428571428,20.1362,20.119957142857146,24.7635,25.971514285714285,24.981671428571428,26.078642857142857,28.547171428571428,32.07958571428571,33.79912857142857,33.68682857142857,36.31617142857142,36.139799999999994,31.388942857142858,26.978271428571425,22.356314285714284,21.643599999999996,18.550242857142855,15.205071428571427,12.814585714285714,13.492385714285716,18.791885714285716,23.14092857142857,21.99654285714286,21.88218571428572,21.73131428571429,21.75708571428572,23.130699999999997,20.894557142857142,18.1801,19.00641428571429,18.34552857142857,17.700728571428574,18.443414285714283,16.59414285714286,14.082614285714286,13.289542857142859,12.471414285714287,12.5008,13.353814285714288,12.649928571428573,12.893442857142857,13.162914285714288,13.469757142857144,12.973214285714286,12.894499999999999,12.103114285714286,13.310971428571431,13.444657142857142,12.59697142857143,11.590985714285713,11.985014285714286,10.792471428571428,10.76207142857143,9.410714285714286,10.147214285714284,11.185371428571429,12.197257142857142,11.604714285714284,11.396814285714285,11.704514285714286,11.721242857142858,11.008514285714286,10.53727142857143,9.952342857142856,10.304785714285714,11.024871428571428,10.718685714285714,10.710099999999999,10.865271428571429,10.508371428571431,9.790542857142857,9.824028571428572,10.000057142857143,10.733142857142857,10.901371428571426,11.992314285714286,12.768,13.772899999999998,13.562542857142857,13.014799999999997,12.7174,11.854828571428571,10.116657142857145,8.623571428571427,7.340114285714284,7.050171428571427,7.240571428571429,6.717942857142858,7.784128571428572,8.077428571428571
118,3.0383,3.0383,5.6657,6.443933333333334,6.014950000000001,7.11718,7.8105,9.221785714285714,10.304385714285715,10.970557142857142,11.767285714285716,12.237085714285714,14.983500000000001,14.517714285714286,18.24442857142857,18.905685714285713,18.04274285714286,17.24602857142857,17.11347142857143,15.294300000000002,15.724071428571431,11.560228571428572,11.011414285714284,11.299299999999999,11.06072857142857,11.1533,9.83997142857143,9.202214285714286,7.8504,6.577499999999999,6.079742857142857,6.249514285714286,6.053714285714286,5.283457142857143,5.5366285714285715,5.5826,6.371228571428572,6.821371428571429,6.890128571428571,7.702785714285715,8.228185714285713,7.650857142857142,7.507042857142857,7.103814285714286,6.944028571428572,6.3696,5.4934,5.784485714285714,5.977785714285714,5.905957142857142,6.330371428571428,5.9328714285714295,6.0784142857142855,6.016614285714286,5.003228571428571,4.6628,6.004685714285714,6.1263571428571435,7.588042857142857,8.151228571428572,7.828214285714286,9.198085714285714,10.34077142857143,10.578771428571429,10.118471428571429,8.854700000000001,8.254128571428572,8.937528571428572,8.4196,7.3847,6.8406142857142855,8.00752857142857,7.6837285714285715,8.150028571428571,7.853828571428571,8.722028571428572,9.316257142857143,8.462914285714286,7.901614285714286,8.295085714285715,7.918771428571428,8.866942857142858,10.424885714285717,12.3501,13.649457142857143,14.039442857142857,14.214785714285714,15.052442857142859,14.542985714285715,12.614971428571428,11.425785714285714,11.665214285714287,11.8265,13.302071428571427,12.643,13.085785714285711,12.7873,13.152657142857143,13.830157142857145,12.5746,11.41342857142857,12.766657142857142,12.250771428571428,12.157028571428572,16.1114,15.648157142857142,17.506442857142854,18.754799999999996,19.767457142857147,20.831257142857144,20.7253,16.280742857142858,15.39875714285714,15.279814285714284,14.157857142857141,12.585357142857143,11.7067,12.415185714285714,12.084342857142857,11.825999999999999,11.0507,11.906657142857142,13.085414285714288,13.672642857142856,14.195871428571431,13.9739,15.444214285714285,15.542685714285714,16.041142857142855,14.395085714285715,14.18992857142857,13.592728571428571,13.9622,11.891914285714288,14.708571428571428,14.597314285714285,16.949828571428572,17.66145714285714,20.023857142857143,21.0532,23.46112857142857,22.1384,23.299299999999995,21.371199999999998,21.246885714285717,19.19327142857143,18.080885714285714,19.679185714285715,17.845342857142857,15.112971428571429,14.858414285714288,15.162714285714287,15.316600000000003,16.6779,14.442442857142856,15.116242857142856,18.80705714285714,21.411,20.606457142857142,21.112414285714287,20.5579,20.197242857142857,22.989185714285714,20.940671428571427,21.39387142857143,21.42997142857143,22.131814285714285,22.6841,23.589085714285712,20.2157,19.24554285714286,17.5246,18.50464285714286,18.700085714285713,22.099314285714286,21.452157142857143,24.2078,26.24625714285714,25.72221428571429,26.772342857142856,26.272342857142856,22.36457142857143,21.7336,20.47412857142857,19.332885714285712,19.142957142857142,17.12045714285714,15.491957142857144,14.88414285714286,15.628185714285715,16.090014285714286,19.124771428571428,22.43187142857143,23.41372857142857,25.420299999999997,26.340242857142858,26.23184285714286,31.223557142857143,29.374142857142857,26.941542857142856,27.16141428571429,26.4881,25.81457142857143,26.441957142857145,23.242314285714286,25.082985714285712,26.632914285714286,25.699028571428574,25.14397142857143,25.91162857142857,26.452314285714287,23.426814285714283,20.123814285714285,22.78324285714286,27.957328571428576,31.360728571428577,33.98721428571429,36.39304285714286,40.022800000000004,42.088414285714286,36.34610000000001,30.949257142857142,26.70114285714286,23.783457142857145,22.548714285714286,17.902985714285716,16.446257142857142,17.866242857142854,18.364985714285712,20.771271428571428,21.487528571428573,19.269542857142856,20.410700000000002,18.809628571428572,18.365157142857147,17.802414285714285,16.193214285714284,16.529514285714285,20.84847142857143,27.892871428571432,28.51467142857143,28.023128571428572,28.20425714285715,28.84332857142857,26.766214285714288,22.439085714285714,15.621571428571428,16.272714285714283,16.45042857142857,15.632114285714284,15.176242857142856,16.27838571428571,16.461657142857142,17.4837,16.58727142857143,17.126685714285717,18.358471428571427,18.645000000000003,17.958885714285714,17.311814285714284,16.424885714285715,17.610899999999997,20.2818,20.613257142857144,20.300857142857144,19.6669,20.21534285714286,18.789242857142856,19.00402857142857,15.938357142857141,14.733285714285714,14.45592857142857,18.739571428571427,20.211414285714284,23.437671428571427,22.652757142857144,23.64515714285714,27.05358571428571,28.16977142857143,28.6104,30.990142857142853,33.07777142857143,35.5599,36.19188571428571,37.44431428571429,38.68491428571428,37.310428571428574,33.15938571428571,27.66081428571429,24.0276,22.2261,19.540857142857142,17.819399999999998,14.981528571428571,15.843285714285713,21.998985714285716,27.886257142857147,29.225771428571427,29.801042857142857,29.76064285714286,29.67157142857143,29.827057142857143,25.853142857142853,20.749000000000002,21.416685714285713,19.628685714285716,18.1672,18.866457142857143,17.069200000000002,17.25267142857143,17.3083,15.164528571428571,14.951557142857142,16.084814285714284,15.866942857142858,16.616157142857144,15.253614285714287,15.864514285714284,16.60102857142857,16.56715714285714,15.976814285714285,17.769385714285715,18.008585714285715,17.297900000000002,17.19304285714286,17.857157142857144,18.5118,18.089914285714286,17.012842857142857,17.311957142857143,18.029999999999998,17.934428571428572,17.209242857142858,16.27615714285714,17.980128571428573,17.956542857142857,18.882257142857146,18.947028571428575,18.081914285714287,18.854071428571427,19.3594,17.726085714285713,17.048314285714287,16.670285714285715,17.98982857142857,19.499485714285715,19.220357142857143,18.526814285714288,20.614671428571427,20.897171428571426,21.96742857142857,22.291914285714284,23.009871428571426,22.74322857142857,23.45765714285714,22.03804285714286,20.48427142857143,18.348814285714287,15.432714285714285,12.230442857142856,11.469214285714285,11.236385714285715,10.940814285714286,12.798371428571429,12.399742857142858
119,9.3045,9.3045,11.9511,13.253566666666666,12.622575,14.14458,15.67695,17.021871428571426,18.010428571428573,19.79082857142857,21.009285714285717,20.967828571428576,21.619557142857143,20.785542857142854,25.563799999999997,27.426942857142855,25.312342857142855,23.39992857142857,24.05445714285714,24.77795714285714,24.622085714285713,19.57318571428571,18.464542857142856,18.966514285714286,18.87985714285714,18.940571428571424,15.766771428571428,15.282642857142859,14.278571428571427,12.161742857142857,11.646928571428573,11.710899999999999,11.064971428571427,11.11602857142857,11.051142857142855,10.135771428571429,11.149528571428572,11.14697142857143,10.978071428571427,11.271342857142855,11.202985714285715,10.520171428571429,10.324371428571428,10.126842857142858,9.89277142857143,9.655671428571427,8.8932,9.2346,10.0118,9.379499999999998,9.650757142857143,9.952157142857143,9.577828571428572,9.382214285714285,9.004257142857142,9.043128571428571,10.89585714285714,11.935985714285716,12.342471428571429,13.792428571428571,13.965214285714286,15.099271428571427,15.497271428571432,15.866814285714288,14.776985714285715,14.521328571428572,12.843614285714285,13.74232857142857,13.152057142857144,11.782042857142857,10.657771428571428,10.926914285714286,9.538128571428572,10.076657142857144,9.442714285714287,9.717057142857142,9.3246,8.860442857142857,8.604785714285713,8.588857142857142,8.2974,9.123614285714286,10.94762857142857,13.4778,15.549542857142857,15.9571,16.917614285714286,17.61092857142857,16.891528571428573,14.770600000000002,13.341899999999999,12.193628571428572,12.395542857142857,13.23524285714286,13.00922857142857,13.790414285714288,13.53947142857143,14.424028571428574,15.142185714285715,14.066585714285713,13.1354,14.124714285714287,13.047085714285714,13.0814,15.133228571428573,14.4398,15.047771428571428,16.409442857142857,16.238757142857143,17.035857142857147,17.234914285714286,15.187942857142856,14.981542857142855,14.872657142857141,13.197614285714284,13.145328571428573,12.697685714285715,12.985185714285716,12.731357142857144,12.501142857142858,12.782271428571429,13.727842857142857,13.87557142857143,14.0821,15.05777142857143,14.154399999999999,14.591885714285713,13.978742857142857,14.777942857142856,14.457342857142859,14.790442857142859,13.508057142857144,14.242199999999999,13.58682857142857,15.008814285714285,14.121585714285715,15.588871428571426,16.25067142857143,17.92282857142857,18.4871,19.469971428571426,19.4029,20.17182857142857,18.497314285714285,18.9672,17.77941428571429,16.756800000000002,17.794914285714288,15.967414285714284,14.433385714285714,14.404771428571427,13.714500000000001,13.312414285714286,13.785014285714286,11.969228571428571,12.790985714285714,16.029714285714284,17.165142857142857,16.21377142857143,16.319614285714287,15.781042857142856,15.474342857142858,18.17962857142857,16.296357142857143,16.934757142857144,17.113,18.306614285714286,19.228271428571425,20.022514285714287,16.79302857142857,15.909071428571428,15.108228571428572,15.697814285714285,15.907,18.449114285714284,19.100314285714287,20.822857142857142,22.16637142857143,21.725042857142856,23.140485714285713,22.647757142857138,19.28642857142857,18.51547142857143,18.678085714285714,17.970299999999998,17.531314285714284,16.065328571428573,14.70087142857143,14.596271428571427,15.146085714285714,15.116828571428572,17.556800000000003,19.820957142857146,19.45367142857143,21.243442857142856,22.163657142857144,21.73577142857143,24.78124285714286,23.371100000000002,21.925642857142858,22.69294285714286,22.042714285714283,21.393399999999996,21.950242857142857,19.852885714285716,21.334985714285715,22.281928571428573,21.202185714285715,20.664185714285715,21.553714285714285,22.175114285714283,19.847071428571432,17.01135714285714,19.291185714285714,23.08351428571428,26.14645714285714,27.206157142857144,28.42067142857143,31.437514285714286,32.61441428571428,29.20962857142857,25.619471428571426,23.09967142857143,21.568485714285714,20.172885714285716,16.29207142857143,15.710271428571428,16.685157142857143,17.247414285714285,17.762857142857143,18.286371428571425,16.960642857142854,17.774585714285713,16.721471428571427,15.469785714285715,14.538842857142855,14.232342857142855,13.864400000000002,16.99234285714286,20.414871428571427,20.6378,20.395142857142854,21.01325714285714,20.524614285714282,19.26008571428571,16.311357142857144,12.691785714285714,12.999485714285715,12.793985714285714,11.780814285714287,11.434357142857142,12.003285714285713,12.309471428571428,12.661557142857143,11.972114285714285,12.243642857142857,13.504142857142856,13.922271428571431,13.250914285714286,12.655142857142858,13.385485714285712,14.642614285714286,17.580142857142857,17.79564285714286,17.638114285714288,18.11792857142857,19.575628571428574,18.426157142857143,19.334642857142857,16.21251428571429,15.362542857142857,15.927142857142856,18.718742857142853,18.721071428571427,21.677757142857143,21.2856,23.095014285714285,25.18448571428571,25.434942857142858,25.66547142857143,27.267185714285713,27.088657142857148,27.088114285714287,25.87257142857143,26.19272857142857,26.360557142857147,24.54692857142857,22.39178571428571,19.940771428571427,17.94862857142857,18.315771428571427,18.16852857142857,17.7713,16.130485714285715,16.268471428571427,23.712899999999998,27.416957142857143,27.183285714285713,28.632885714285717,27.7734,27.788142857142855,28.548485714285714,23.608342857142855,22.569942857142856,24.174614285714284,20.37687142857143,20.359385714285715,21.975328571428573,20.057085714285712,19.553314285714286,19.06027142857143,17.48537142857143,18.981042857142857,20.495985714285716,22.292957142857144,22.938114285714285,20.741214285714285,21.485071428571427,21.366628571428574,20.546828571428573,19.571757142857145,19.67814285714286,20.719699999999996,20.45435714285714,18.472628571428572,20.741028571428576,21.416485714285717,21.2858,19.757314285714283,21.764914285714287,23.65578571428571,24.151642857142853,23.07267142857143,22.42164285714286,24.565442857142852,26.14722857142857,26.320685714285712,26.44134285714286,26.619242857142858,29.1673,29.854942857142856,27.752871428571428,26.613757142857143,23.948800000000002,26.170014285714284,29.42788571428571,27.075271428571426,26.71032857142857,29.279799999999998,28.983071428571428,32.240457142857146,30.5238,29.242842857142858,28.985685714285715,29.747528571428575,27.375671428571426,25.98685714285714,22.869357142857144,20.647742857142855,17.011114285714285,15.686099999999998,15.258714285714287,16.081271428571426,18.21278571428571,17.140571428571427
120,7.0838,7.0838,6.9594000000000005,8.402933333333333,9.151875,8.57988,10.002450000000001,10.791,11.788571428571428,11.810457142857144,12.651300000000003,13.864600000000001,14.753971428571429,14.709699999999998,14.09082857142857,26.193399999999997,32.245085714285715,34.10975714285714,33.961842857142855,34.61165714285715,37.20655714285715,37.81374285714286,26.13277142857143,21.48357142857143,18.68017142857143,17.27895714285714,16.756742857142857,12.8999,12.718485714285716,12.637457142857143,11.253271428571427,11.81882857142857,12.589128571428573,11.620842857142858,11.645271428571428,11.161842857142858,10.028671428571428,10.452528571428571,9.9881,9.8561,10.213242857142857,10.571314285714285,10.225571428571428,10.199628571428573,11.766057142857141,11.401357142857142,10.535085714285714,10.279371428571427,10.501114285714285,11.334514285714286,10.740657142857142,9.977942857142859,10.174742857142856,9.794385714285713,10.294957142857143,9.8682,9.526642857142857,11.377314285714286,10.330657142857143,11.236428571428572,12.745499999999998,12.338842857142856,13.405114285714287,13.9487,13.595814285714287,14.388200000000001,13.226585714285717,12.176157142857145,12.655685714285719,13.58367142857143,12.582642857142858,12.36751428571429,13.008385714285717,12.583114285714286,12.297385714285713,13.098585714285715,12.848457142857143,12.70314285714286,12.944714285714285,12.829242857142857,13.103514285714287,13.207728571428573,13.479000000000001,13.322385714285714,15.80952857142857,16.8103,18.831671428571433,20.346985714285715,21.001742857142858,20.4547,18.92397142857143,17.464614285714283,16.168642857142856,13.501914285714284,13.743314285714288,13.457842857142856,13.283185714285716,14.05974285714286,15.762685714285714,16.9021,17.923042857142857,17.297985714285716,21.346785714285716,20.553400000000003,20.2979,18.8502,18.032957142857143,17.53607142857143,17.954514285714286,14.494385714285713,15.215085714285712,15.563500000000001,16.334657142857143,16.34607142857143,16.255985714285714,14.750742857142857,14.857385714285714,14.696185714285713,14.06217142857143,14.599928571428572,14.048771428571428,13.548642857142855,14.45192857142857,15.379242857142856,15.165171428571428,16.812214285714287,14.31275714285714,13.896171428571426,13.817014285714285,14.296085714285715,13.997128571428572,14.858928571428569,12.452542857142857,14.494600000000004,16.674742857142856,17.063814285714283,16.749485714285715,17.40337142857143,16.440828571428572,17.765414285714282,17.2013,16.23237142857143,16.067,16.080414285714287,14.037514285714284,16.085957142857144,16.103885714285717,15.607757142857144,15.29304285714286,14.810685714285714,13.50054285714286,14.880985714285716,13.719071428571429,13.097500000000002,13.007342857142858,12.332399999999998,13.280299999999999,14.660871428571427,13.665557142857141,12.994185714285715,12.5966,11.607500000000002,11.373014285714287,13.357971428571428,12.994214285714287,13.777514285714288,13.561328571428573,14.776214285714286,15.545342857142856,15.940957142857144,12.95247142857143,12.4611,12.128499999999999,12.053299999999998,12.880457142857143,14.392657142857145,14.967857142857142,16.218428571428575,17.248,17.662971428571428,19.33955714285714,17.997357142857144,15.780085714285715,16.225914285714286,17.14562857142857,16.7983,15.870771428571429,15.478171428571429,14.754714285714286,15.173271428571429,15.00885714285714,14.871485714285713,16.20237142857143,17.17887142857143,16.342957142857145,17.73062857142857,18.04274285714286,18.001157142857142,18.63708571428571,17.86222857142857,16.948128571428573,16.865757142857145,16.125,15.740728571428573,15.482114285714287,14.235357142857143,14.848885714285714,15.200471428571428,14.889928571428571,14.414128571428572,15.147414285714285,15.010214285714284,14.328171428571427,13.054142857142859,14.966514285714286,16.933842857142857,18.304714285714287,18.165585714285715,18.673114285714288,19.125228571428572,18.897971428571427,16.61147142857143,14.527942857142857,12.946585714285716,12.158557142857143,11.620000000000001,10.0586,10.521114285714287,10.879914285714287,11.1751,12.09917142857143,12.23837142857143,11.569728571428572,11.7868,10.774528571428572,10.265828571428571,9.659128571428571,9.152771428571429,9.407114285714284,11.078642857142857,13.0825,13.22032857142857,13.514171428571428,14.331557142857141,14.085885714285714,13.263614285714286,11.244157142857144,8.649728571428572,8.479242857142859,7.919614285714284,6.863,6.407457142857143,6.421385714285714,6.930885714285714,7.645071428571429,7.6882,7.663042857142856,7.918528571428571,8.135399999999999,8.796742857142856,9.134385714285715,9.5924,10.1809,11.066414285714286,11.36712857142857,11.831357142857144,11.494485714285714,11.913885714285714,11.735999999999999,11.725085714285715,10.978771428571426,10.976999999999999,10.59152857142857,10.814642857142857,10.743114285714286,10.996185714285716,12.191571428571427,13.02222857142857,13.224342857142858,13.541771428571428,14.3727,13.566014285714285,13.263342857142856,12.157128571428572,11.21952857142857,11.219257142857144,11.249657142857144,10.456028571428572,10.160114285714286,9.874857142857142,9.158928571428572,10.316842857142857,11.839242857142855,11.4119,11.837342857142856,12.951014285714285,16.325,17.101071428571426,16.175114285714283,14.978485714285714,15.079242857142857,14.735,16.558214285714286,15.527657142857143,16.42487142857143,16.657457142857144,15.809871428571428,15.907557142857144,16.644928571428572,13.813957142857145,12.459342857142857,11.734157142857143,12.100800000000001,13.444571428571427,14.207971428571428,15.339128571428573,15.527571428571429,15.359071428571427,15.882214285714285,15.443628571428572,15.1695,14.31322857142857,12.77564285714286,13.59267142857143,13.005342857142855,11.996085714285714,13.347314285714287,12.362,13.28347142857143,12.542957142857144,13.684371428571428,14.278914285714288,15.127714285714287,14.996528571428572,15.849942857142858,16.171985714285714,17.666400000000003,16.856500000000004,18.36767142857143,17.73442857142857,16.298414285714284,16.0954,15.924985714285713,15.698199999999998,15.181142857142857,14.71215714285714,15.082128571428571,15.721642857142857,16.00117142857143,16.677457142857143,15.60922857142857,17.630657142857142,15.926614285714288,15.964514285714287,16.107857142857146,16.40664285714286,15.310457142857144,15.116271428571427,12.556485714285714,12.076628571428571,10.538157142857143,9.702157142857143,8.941385714285714,8.880085714285714,9.869285714285715
121,5.814,5.814,6.82655,7.5581000000000005,8.345225000000001,7.75708,8.8714,9.087542857142857,10.4381,10.461014285714285,10.508842857142856,10.904542857142857,12.315457142857142,12.38982857142857,12.147928571428574,17.969685714285713,20.007114285714287,22.83431428571429,23.558071428571427,24.430442857142857,24.448657142857144,25.2982,20.7483,19.354585714285715,16.225385714285714,14.488214285714287,12.44187142857143,11.226914285714285,10.491142857142858,7.9929,6.912100000000001,6.948228571428572,7.5363428571428575,7.4931,7.69682857142857,7.484328571428571,7.6724428571428565,7.923985714285714,8.695157142857143,8.926471428571428,9.103557142857143,9.2436,8.876542857142857,8.434828571428572,9.714785714285714,8.689942857142857,7.743542857142857,7.209257142857142,7.424814285714286,7.991328571428572,7.898757142857143,6.806185714285713,6.694271428571428,6.578214285714286,7.1341142857142845,7.0477428571428575,6.848285714285715,7.368385714285715,7.771428571428572,9.587757142857143,10.999885714285714,11.001214285714285,11.979485714285715,13.156328571428572,13.2491,12.853742857142857,11.280557142857143,10.605900000000002,10.640600000000001,11.438999999999998,10.262157142857143,10.737171428571429,10.773242857142858,10.286642857142857,10.242114285714285,11.00494285714286,9.1031,8.952899999999998,9.650742857142857,9.373342857142857,9.442242857142856,8.793671428571427,8.231385714285715,10.514114285714285,13.092885714285714,14.270014285714284,16.9776,18.414414285714287,19.373114285714284,20.111385714285714,17.495157142857142,16.1467,14.949714285714284,14.039371428571428,15.069085714285716,14.518385714285714,14.33302857142857,15.1086,15.850157142857142,15.410042857142857,15.954099999999999,14.984585714285712,18.359957142857144,17.941014285714285,17.7395,16.07962857142857,16.293642857142856,15.693457142857142,15.560871428571428,13.415385714285714,12.981442857142856,13.849957142857141,14.896157142857144,14.576285714285715,14.376657142857143,13.64437142857143,13.275014285714288,14.13287142857143,13.352557142857142,14.940442857142857,14.290157142857142,13.589257142857141,13.892714285714286,14.899914285714285,14.558999999999997,16.65137142857143,13.856857142857143,14.68277142857143,14.54227142857143,15.078342857142859,14.111885714285714,14.933942857142856,11.81582857142857,13.575842857142858,15.958357142857142,16.461742857142855,16.402485714285714,16.9489,15.685114285714281,16.56815714285714,16.791900000000002,14.180257142857144,13.530371428571428,12.990471428571428,11.639842857142856,12.221785714285716,12.5178,11.652314285714287,11.052057142857143,10.812785714285715,10.58772857142857,11.517085714285715,11.596328571428572,10.986085714285712,10.358099999999999,10.065471428571428,10.801757142857143,10.664257142857142,9.975814285714284,9.562971428571428,9.546614285714286,8.797928571428573,8.958142857142857,9.201814285714287,9.544628571428571,9.543857142857144,9.66757142857143,10.401628571428573,11.1439,11.465614285714285,10.927514285714286,10.585685714285713,10.4358,10.720857142857142,10.615142857142857,11.157857142857143,11.457185714285714,11.4623,12.005700000000003,12.370028571428573,12.386800000000003,11.882900000000003,10.900428571428572,11.517399999999999,12.78242857142857,12.803185714285712,12.417657142857141,12.803957142857142,12.4658,12.629871428571429,12.695042857142855,11.5094,11.68507142857143,11.951157142857143,11.064085714285715,12.347385714285718,12.765799999999999,12.092014285714283,12.612571428571428,12.445742857142859,12.008500000000002,11.47877142857143,10.386985714285714,9.4368,9.30697142857143,8.691285714285716,8.814842857142859,8.982014285714286,9.266757142857143,9.470414285714286,10.089185714285716,9.61777142857143,10.175385714285714,9.754971428571428,11.058800000000002,12.203042857142858,12.62394285714286,12.279914285714286,12.59137142857143,12.388371428571428,12.097828571428574,10.791414285714286,9.35527142857143,8.578385714285714,8.184114285714287,8.211642857142857,7.479971428571427,7.588642857142858,8.047757142857142,8.21812857142857,8.227442857142858,8.464857142857143,7.873042857142856,7.5058,7.278999999999999,7.194985714285715,7.1006,7.557657142857143,7.669242857142857,8.320557142857144,9.2003,9.388857142857145,9.145485714285714,9.420614285714283,9.047014285714285,8.663085714285716,8.015514285714286,7.016900000000001,6.701842857142857,6.3533857142857135,6.037185714285714,5.5797,6.371628571428571,7.157128571428571,7.0647714285714285,7.4251571428571435,7.634114285714285,7.943485714285714,8.457071428571428,8.507414285714287,8.623485714285714,9.51782857142857,10.3275,10.476128571428571,10.463571428571427,10.489299999999998,9.811514285714287,9.003257142857143,8.573385714285715,7.863628571428571,7.047842857142856,6.509228571428571,5.913642857142858,5.768800000000001,5.998371428571429,5.953242857142857,7.1724428571428565,9.310028571428571,10.127471428571429,10.845614285714285,11.640728571428571,11.257785714285715,11.006385714285715,9.446314285714285,7.755871428571427,7.198971428571428,6.945914285714287,6.607785714285714,6.540628571428571,6.8144857142857145,7.056785714285715,7.936271428571429,9.453357142857142,9.349157142857143,10.689085714285714,12.168714285714286,14.215014285714286,14.214985714285714,14.759571428571425,13.338214285714285,13.4376,12.683728571428572,13.784614285714285,13.611499999999998,14.6183,13.000028571428572,12.963671428571429,12.608142857142857,12.47332857142857,10.341514285714286,8.899114285714287,8.282371428571427,9.521571428571429,10.337399999999999,11.262142857142857,11.373271428571428,11.635842857142856,12.2821,12.898371428571428,12.951871428571426,13.361171428571428,13.520157142857142,13.458157142857145,14.202842857142855,13.477814285714286,12.779857142857143,12.820328571428572,11.825342857142857,11.97717142857143,11.515985714285716,11.829128571428571,12.488914285714287,13.19277142857143,13.036200000000003,13.491142857142856,13.499328571428572,14.256757142857143,14.080942857142857,15.598614285714286,14.689157142857143,14.664014285714286,14.8824,15.203442857142857,14.876199999999999,15.040142857142856,13.876985714285713,15.084385714285714,14.497942857142856,14.826499999999998,14.374057142857142,13.909957142857142,14.5149,13.48207142857143,13.285442857142858,14.828414285714286,14.363357142857144,14.046928571428571,13.647457142857144,11.6584,11.1336,9.470528571428572,7.6476000000000015,6.989771428571428,7.084942857142857,7.136214285714284
122,5.9607,5.9607,6.20415,8.000166666666667,8.182300000000001,7.6484200000000016,8.448216666666669,8.22707142857143,9.677757142857143,10.157685714285716,9.928857142857142,10.5016,11.962414285714287,12.567885714285717,13.094414285714288,20.12625714285714,22.43822857142857,23.274671428571427,24.031499999999998,24.411899999999996,23.66838571428571,24.18412857142857,17.6067,15.540342857142857,14.353871428571427,12.668071428571428,11.111714285714287,10.348614285714287,9.746157142857143,7.503371428571428,6.5266,6.444857142857144,7.2091,7.042128571428571,7.308042857142857,6.788257142857143,7.3964428571428575,7.677414285714286,8.2167,8.1548,8.805628571428572,8.805628571428572,8.6777,8.203314285714285,9.136185714285714,8.454342857142858,7.425314285714287,6.183457142857143,6.330285714285714,6.628728571428572,6.545128571428571,5.5017000000000005,5.245171428571429,5.247042857142857,5.806642857142856,5.745971428571429,5.345371428571427,5.6212285714285715,6.4659571428571425,7.7845,9.018242857142857,9.290128571428571,10.112871428571427,11.945442857142856,11.782842857142857,10.528757142857144,9.303928571428571,8.64712857142857,9.18532857142857,9.31377142857143,7.630428571428572,7.446028571428571,7.9366,8.389328571428571,8.6489,8.537242857142857,7.103114285714287,6.842071428571429,7.475557142857143,6.847685714285715,6.057142857142857,4.946685714285714,4.5187,6.678042857142858,8.327128571428572,10.15467142857143,11.561471428571428,12.225485714285714,13.647142857142857,14.755557142857143,13.533100000000001,13.025028571428573,12.570142857142859,12.932142857142859,13.805271428571428,13.004585714285716,12.467085714285714,12.232600000000001,12.473600000000001,11.123457142857143,10.604242857142859,10.311485714285713,11.230928571428572,10.715985714285713,10.517128571428572,9.471599999999999,10.471042857142859,10.630628571428572,10.534257142857143,10.688257142857143,10.631685714285714,10.885685714285712,10.924157142857142,10.92372857142857,10.646242857142855,10.222599999999998,10.072414285714286,10.762342857142857,11.152142857142858,12.599242857142857,11.203085714285715,11.299542857142855,11.491299999999999,11.3399,10.554714285714285,11.47147142857143,10.346257142857143,11.743714285714287,11.787600000000001,11.770214285714287,11.1576,11.416957142857143,9.096185714285713,9.958285714285713,10.247957142857143,9.595385714285714,9.180814285714286,9.76677142857143,9.55627142857143,10.102014285714287,10.70397142857143,9.410342857142856,9.642485714285714,9.721957142857145,9.788042857142857,10.139357142857142,10.729600000000001,9.5839,9.253442857142856,9.1174,8.970885714285714,8.427771428571429,8.222414285714285,7.300528571428572,7.328728571428572,7.120599999999999,7.355385714285715,7.126114285714286,7.089,7.0901571428571435,7.530585714285714,6.532957142857143,6.540928571428572,6.516814285714285,7.487857142857142,7.591385714285714,7.65902857142857,7.974814285714285,9.174371428571428,10.43277142857143,10.977742857142857,10.268457142857143,10.011157142857144,10.221028571428572,9.803657142857144,9.060028571428571,8.53552857142857,7.6565,8.030442857142857,8.313085714285714,8.334285714285715,8.345742857142858,8.169542857142858,8.955914285714286,10.506414285714285,10.47487142857143,10.145871428571429,9.697228571428571,9.58072857142857,9.682371428571429,9.112214285714286,7.608242857142858,7.5459000000000005,7.452128571428572,7.3066,7.620614285714285,8.373828571428572,8.121585714285715,8.62122857142857,8.793185714285714,8.72462857142857,8.407514285714287,7.8506714285714265,6.736542857142857,6.4285571428571435,5.880571428571429,5.3887,5.517471428571429,6.0945285714285715,7.029385714285715,8.073271428571429,8.599657142857144,9.069728571428572,9.683642857142857,10.109257142857144,10.340228571428572,9.48307142857143,8.524285714285714,7.869557142857142,7.6991,7.274099999999999,6.877857142857143,6.0757142857142865,6.128357142857145,5.8545428571428575,5.910985714285714,5.925657142857142,5.496628571428571,5.6515,5.7273571428571435,5.640528571428571,5.684728571428571,5.229685714285714,5.102257142857143,5.8339428571428575,6.213328571428571,6.770857142857142,7.410371428571428,7.679314285714286,7.969928571428571,7.802914285714287,7.693328571428572,7.0780714285714295,6.402285714285713,5.6514,5.293342857142856,4.992871428571428,4.863428571428572,4.139257142857143,4.185557142857143,4.775242857142858,4.905057142857143,5.597128571428572,6.615085714285714,7.396757142857142,7.8951,8.045257142857144,8.077714285714288,8.065457142857145,8.213328571428573,8.072685714285715,8.118228571428572,8.831414285714287,8.607728571428572,8.491371428571428,8.891157142857143,9.168999999999999,8.365357142857142,7.472242857142858,6.750471428571428,6.569642857142857,6.247414285714285,5.644771428571429,4.671914285714286,5.2261999999999995,5.267214285714286,6.366985714285714,7.253,7.5316857142857145,8.468742857142857,9.071514285714285,8.8659,9.162514285714284,7.711985714285715,7.318142857142858,6.570257142857144,5.985542857142858,6.0712142857142855,5.667014285714286,5.5882000000000005,6.504371428571429,6.921857142857143,9.154357142857142,9.4048,10.718671428571428,13.166385714285713,14.362971428571427,14.032157142857143,14.372871428571429,12.434099999999999,12.412171428571428,11.272714285714287,10.880528571428572,10.959214285714285,12.376671428571427,11.021771428571428,11.893085714285714,12.174157142857142,12.231328571428573,10.295842857142857,9.33987142857143,8.28957142857143,9.691428571428572,9.903885714285716,9.829914285714285,9.762,10.309185714285714,11.587514285714287,12.420314285714285,12.623757142857142,13.087085714285712,13.497985714285713,13.255485714285713,13.630299999999997,12.58285714285714,11.926542857142858,11.617,11.162614285714286,11.002542857142856,11.364885714285716,12.215814285714286,13.0846,13.553185714285714,13.412971428571428,13.370314285714286,13.67837142857143,14.360985714285716,14.623871428571428,15.6654,15.120485714285715,15.417,15.51315714285714,15.43707142857143,14.981628571428573,15.911328571428571,14.176985714285715,14.456928571428572,14.6058,15.091214285714287,14.798114285714286,14.416914285714284,13.004299999999999,12.625871428571429,13.390685714285713,14.141071428571431,13.513142857142856,13.026542857142857,12.512542857142856,11.529942857142856,11.06007142857143,9.089757142857144,7.3528142857142855,6.894028571428572,6.991928571428573,6.9257
123,6.6801,6.6801,5.9088,7.269366666666667,7.017825000000001,6.526820000000001,7.035866666666667,6.842885714285715,7.907000000000001,8.709214285714285,8.755771428571428,9.2715,10.694157142857142,11.012357142857141,12.09242857142857,17.89387142857143,18.35167142857143,18.507900000000003,19.092314285714284,19.19034285714286,19.07785714285714,19.101642857142856,14.04704285714286,13.686000000000002,12.9301,11.644171428571429,10.33087142857143,9.684714285714284,9.190014285714284,6.8060142857142845,6.033628571428571,5.791028571428571,6.740357142857142,6.797942857142857,6.262628571428571,5.545228571428572,6.308628571428572,6.058185714285714,7.053514285714286,6.594771428571428,7.421514285714285,8.231814285714284,8.231757142857143,7.725128571428572,8.435728571428573,7.464185714285715,6.666714285714287,5.486071428571428,5.5969,5.907228571428571,6.027499999999999,5.2068714285714295,4.980442857142857,5.015014285714286,5.16512857142857,5.0789857142857135,4.518942857142856,4.359571428571429,5.453771428571429,7.4443,9.792714285714286,10.2706,10.465742857142859,12.711571428571428,13.273214285714285,11.984914285714284,10.040814285714285,8.539542857142857,8.999971428571428,9.204614285714285,7.907571428571429,8.916757142857142,9.24232857142857,10.633414285714284,11.3912,11.928157142857142,11.176599999999999,10.606142857142858,9.53542857142857,9.197585714285713,7.896014285714286,6.147885714285715,5.104328571428572,7.799571428571428,10.655214285714285,13.490728571428571,14.720228571428573,14.766857142857143,15.625271428571429,16.67747142857143,14.697757142857142,12.623371428571428,10.0261,10.533328571428571,11.304757142857142,11.2982,10.328985714285713,10.0831,10.206,9.970114285714287,9.066514285714286,9.580471428571428,9.655514285714286,9.870128571428571,10.11582857142857,9.524528571428572,10.282428571428571,10.369514285714287,9.948914285714286,10.454257142857143,10.157242857142858,10.194271428571428,9.769357142857144,9.595857142857144,9.468,9.41152857142857,9.14322857142857,9.601885714285714,9.858328571428572,10.6562,10.403685714285714,10.569414285714286,10.363628571428569,9.829728571428573,9.318185714285715,9.470671428571427,9.052171428571429,9.89832857142857,10.323514285714285,9.995971428571428,9.828014285714286,9.713414285714284,8.26442857142857,8.322128571428571,7.354871428571428,6.314271428571429,6.420128571428571,6.6824,6.987957142857143,7.603114285714286,8.996628571428571,9.668928571428571,10.139585714285714,9.735814285714286,9.9742,9.700642857142858,9.842257142857145,8.279642857142857,6.6979,6.407357142857143,6.407357142857144,5.8447571428571425,5.945957142857142,5.710771428571428,6.256242857142857,6.669257142857142,6.299042857142857,6.458228571428571,6.706057142857143,6.485557142857142,6.382842857142857,5.2036999999999995,4.9347,5.0952,5.3881571428571435,5.200385714285715,5.269157142857144,5.867271428571429,7.3083857142857145,8.459871428571429,9.741714285714286,9.015485714285715,8.895485714285714,9.080385714285715,8.072057142857142,6.883300000000001,6.504171428571429,5.3927,6.32457142857143,6.838671428571429,6.752442857142857,7.055757142857144,7.466742857142857,7.879942857142857,8.592328571428572,8.279585714285714,8.0492,7.938842857142857,7.8115428571428565,7.4913,6.754814285714285,5.560714285714284,5.145671428571428,4.645671428571428,4.630814285714286,5.187828571428573,5.704271428571429,5.9187,6.2875571428571435,6.476257142857143,6.3703142857142865,5.7603,5.0144142857142855,4.155857142857143,3.467842857142857,3.3603285714285716,3.136057142857143,3.5494,3.9666428571428574,5.4020714285714275,7.017457142857142,7.829742857142857,8.385485714285714,8.752628571428572,8.858857142857143,8.845057142857142,7.285685714285715,5.7175142857142855,5.151028571428571,4.561242857142857,4.318585714285715,4.798242857142857,4.557542857142857,4.7607,5.359499999999999,5.156714285714286,5.818542857142857,5.818542857142858,5.062671428571429,4.965714285714286,4.618657142857143,4.169657142857143,4.042342857142857,3.7697142857142856,4.4011,5.44682857142857,6.554542857142857,7.779528571428572,8.299985714285715,8.476228571428573,8.046785714285715,7.736914285714286,6.681971428571429,5.738428571428571,4.749685714285714,4.237785714285715,4.162428571428571,4.816342857142857,4.794814285714286,4.852971428571428,5.533185714285715,6.125099999999999,6.708457142857142,7.785685714285713,7.8519999999999985,8.087399999999999,9.109114285714286,9.020814285714286,9.020814285714284,9.019,8.605628571428571,8.804628571428571,9.277885714285715,8.266057142857143,8.266085714285714,8.266085714285712,8.266085714285714,7.358414285714285,6.415871428571428,5.414471428571429,5.362114285714285,5.016100000000001,4.432742857142856,3.7228285714285714,4.348542857142857,4.539457142857143,5.134971428571428,5.7183142857142855,5.820042857142857,6.376657142857143,6.874242857142858,6.652971428571428,7.042542857142857,6.596871428571428,5.962785714285715,5.747400000000001,5.420171428571429,5.634285714285714,5.467700000000001,5.325385714285715,5.920728571428572,6.595028571428571,9.197585714285713,9.551528571428573,9.654914285714286,10.824214285714286,11.5391,11.323842857142855,11.321057142857143,8.33797142857143,8.026742857142859,7.923357142857144,8.1617,8.031314285714286,8.972900000000001,8.351385714285714,9.71042857142857,10.028485714285713,10.536971428571428,9.1814,8.986557142857142,8.604600000000001,9.655328571428571,9.459914285714285,9.6046,8.551785714285714,8.986971428571428,10.113471428571428,9.825199999999999,10.36537142857143,11.059771428571427,11.061085714285714,11.603685714285715,12.386828571428572,11.388,11.5561,10.718657142857143,10.158914285714285,10.445542857142856,10.718885714285713,11.18085714285714,11.920814285714286,12.65652857142857,12.76022857142857,12.532157142857143,12.736514285714284,13.561271428571429,13.581657142857141,14.084557142857145,13.253985714285715,13.572485714285715,13.8293,13.554528571428571,13.129700000000001,13.57807142857143,12.447500000000002,12.473714285714285,12.622842857142858,12.902600000000001,12.55917142857143,12.121185714285716,11.760757142857143,12.515985714285714,12.83692857142857,13.172957142857141,12.517871428571429,12.83132857142857,12.595971428571428,11.492842857142858,9.8956,8.954242857142857,7.5498714285714295,7.260628571428571,6.829828571428571,6.722700000000001
124,8.8198,8.8198,7.26315,8.2957,7.59785,6.7286600000000005,6.908350000000001,6.593928571428572,6.977471428571428,8.301285714285713,8.1737,8.591199999999999,9.328142857142856,9.2355,9.9577,16.95265714285714,18.80128571428571,18.85907142857143,19.053942857142857,20.03312857142857,20.557442857142856,21.299914285714287,14.491171428571429,12.147028571428569,11.4117,10.619242857142856,9.01545714285714,8.293871428571428,8.024742857142856,6.622842857142857,5.808285714285715,5.674385714285714,6.720814285714285,6.927671428571429,6.469857142857143,5.639742857142856,6.542671428571429,6.143557142857142,7.022942857142857,6.800457142857143,7.402228571428572,8.301614285714287,7.9566428571428585,7.338114285714286,7.6957,6.890571428571429,6.248271428571429,5.8792285714285715,5.760128571428572,6.212114285714286,5.926571428571429,5.432514285714286,5.225842857142857,4.8364142857142856,4.1141,4.4134714285714285,3.5961428571428575,3.8713,4.720785714285715,6.390814285714286,8.169057142857143,9.4886,9.1842,10.858114285714285,11.888042857142855,11.038614285714285,9.32872857142857,9.010071428571427,9.015,9.068557142857143,7.924185714285715,7.872642857142857,8.120114285714285,9.35252857142857,9.233457142857143,9.286285714285714,8.740057142857143,8.979385714285716,9.250242857142856,9.003014285714286,7.781142857142858,6.351657142857144,5.824214285714286,6.332428571428572,7.426042857142856,8.249514285714286,8.969742857142858,8.881885714285714,10.173628571428571,10.562228571428571,10.547928571428573,10.023328571428573,11.20507142857143,12.651842857142857,13.503199999999998,13.281071428571428,13.3465,13.514300000000002,13.374957142857141,10.5626,8.66002857142857,9.725357142857144,9.102728571428571,8.654428571428571,8.8677,8.551185714285714,8.562114285714285,9.158985714285715,9.0985,9.924671428571429,9.918828571428572,9.566185714285712,9.499414285714286,9.5408,9.100114285714286,8.096357142857142,7.863585714285715,8.40517142857143,9.587385714285716,9.41697142857143,9.430185714285715,10.414914285714286,10.451114285714285,9.67807142857143,9.111742857142858,8.556828571428571,8.571714285714286,9.308814285714286,8.866985714285713,8.375142857142858,8.403828571428571,7.8161,6.621857142857142,6.703,5.607957142857144,5.2477285714285715,5.129071428571429,5.124785714285714,6.875071428571428,8.914728571428572,10.397142857142857,11.532942857142856,11.648728571428572,12.223557142857144,12.95104285714286,11.4759,11.190414285714285,9.25622857142857,7.562185714285714,7.016028571428572,7.483600000000001,6.708928571428572,6.563885714285716,4.766157142857142,5.683442857142857,6.291557142857143,6.119800000000001,5.275385714285714,5.449,6.0159,6.060785714285714,4.819814285714286,4.3468285714285715,4.352314285714285,4.111785714285714,4.158428571428571,3.9016714285714285,5.031985714285715,7.104385714285714,8.479742857142856,9.835042857142856,9.635099999999998,9.258114285714287,9.246328571428572,8.0842,6.6132857142857135,6.0740428571428575,4.970728571428572,5.836157142857144,6.206471428571429,6.300357142857143,6.303914285714286,6.211942857142857,6.092671428571429,6.420128571428571,6.156242857142857,6.112114285714286,5.641285714285715,5.611428571428571,5.1371714285714285,4.560957142857142,3.9049571428571426,3.4606857142857135,3.302385714285714,3.568885714285714,4.454285714285715,5.431400000000001,5.937985714285715,6.172957142857144,6.2129,6.018842857142857,5.752342857142857,4.7177999999999995,3.7070000000000003,2.9259571428571434,2.762114285714286,2.7258714285714283,2.982557142857143,3.5448285714285714,4.748142857142858,6.085414285714286,7.150728571428572,8.00107142857143,8.311842857142858,8.309857142857144,7.5933714285714276,6.383471428571427,5.301814285714285,4.648285714285715,3.910342857142857,3.8544142857142853,4.371414285714286,4.642042857142857,4.789585714285714,5.382228571428572,5.441342857142857,5.945214285714286,5.967728571428572,5.214457142857142,4.908085714285714,5.632457142857143,5.039814285714286,4.824528571428571,4.942642857142857,5.321471428571428,6.3691571428571425,6.619571428571429,6.60157142857143,6.816857142857144,6.691357142857144,5.9765,5.455685714285714,4.371942857142857,4.022028571428572,3.3030142857142857,3.0963285714285713,3.2418857142857145,4.071442857142857,3.954814285714286,4.139957142857143,4.643299999999999,5.259357142857143,5.844514285714285,7.158528571428571,7.158528571428572,8.251242857142858,9.237085714285714,9.5842,9.584228571428572,9.584242857142856,8.843942857142858,9.299557142857143,9.299557142857143,8.658428571428571,8.5723,8.8133,8.8729,8.0238,6.719357142857143,5.515728571428573,5.6411999999999995,5.387099999999999,4.721185714285714,3.8094,4.471,5.1913,6.802071428571429,6.938014285714286,7.222842857142858,7.563485714285714,8.054885714285716,7.881600000000001,8.021928571428573,6.798385714285716,6.436785714285716,6.072828571428573,6.099985714285715,6.4616,6.235957142857143,5.514171428571429,5.875771428571428,6.592614285714285,8.62962857142857,8.687542857142857,9.164314285714285,9.869257142857142,10.513771428571427,10.513771428571427,10.158542857142859,7.691657142857144,6.994571428571428,6.9936428571428575,7.131428571428572,7.300414285714287,8.647471428571428,8.070228571428572,9.361328571428572,10.056442857142857,9.973728571428571,9.463614285714284,9.192099999999998,7.978871428571428,9.058714285714286,8.729114285714285,8.602485714285715,7.703685714285714,7.519442857142858,9.026728571428572,8.8926,9.130457142857143,10.163742857142859,10.735257142857142,11.239014285714287,12.353142857142856,11.406385714285713,11.998785714285715,11.077728571428569,9.725614285714286,9.725614285714284,9.727214285714284,10.106642857142857,11.258857142857142,11.800514285714286,12.275557142857142,12.9035,13.21942857142857,14.04787142857143,13.645614285714286,13.403257142857143,13.01117142857143,13.02657142857143,13.701885714285718,13.706642857142857,12.924499999999998,14.221614285714285,13.185585714285711,13.049342857142856,14.174614285714286,14.402385714285712,13.708614285714287,13.763142857142856,12.5693,12.73202857142857,12.535485714285713,11.685157142857145,10.038499999999999,10.701500000000001,11.091157142857144,10.293657142857143,9.424171428571428,9.061285714285715,8.5658,8.657571428571428,8.187928571428571,7.338
125,5.7135,5.7135,5.69625,5.878433333333334,5.500425,5.31284,5.60265,5.558228571428571,6.371985714285714,8.267214285714285,8.68842857142857,8.848042857142856,9.3355,10.127414285714284,13.414257142857142,24.546085714285713,28.907714285714288,29.0205,29.56828571428571,29.447414285714284,28.94022857142857,26.731899999999996,15.600071428571429,9.536157142857144,8.581528571428573,7.609928571428573,6.985242857142858,6.2290857142857154,5.455128571428572,4.2397,3.6906857142857143,3.5162,4.786600000000001,4.938114285714286,5.560785714285714,5.5121714285714285,6.006885714285715,6.090357142857144,7.115714285714286,8.721657142857142,12.411857142857142,12.396014285714285,11.987214285714286,11.679857142857143,12.043242857142857,11.324271428571427,9.231142857142858,5.991214285714285,5.860328571428573,6.705814285714284,6.6348,6.0259285714285715,5.738771428571428,4.990314285714286,4.7512,4.828742857142857,3.6714857142857147,3.7155285714285715,4.6053,5.898714285714285,7.606657142857142,8.45152857142857,8.504942857142856,10.286128571428572,10.595185714285714,9.70422857142857,8.388342857142858,7.223,7.101571428571428,6.892314285714286,7.265642857142857,7.787885714285714,8.608028571428571,10.2808,9.83112857142857,9.424728571428572,9.104485714285714,7.598885714285715,8.290857142857144,7.490714285714286,6.595185714285714,6.856828571428571,7.897671428571429,8.442642857142857,8.755742857142858,8.850442857142857,9.372514285714287,9.177171428571429,9.6376,10.1806,11.001271428571428,13.818628571428572,12.77067142857143,14.231557142857145,14.084614285714286,14.446528571428573,13.126857142857144,12.772614285714287,9.8469,9.913185714285715,8.320514285714285,9.95422857142857,9.092114285714285,9.219957142857142,9.21952857142857,9.445371428571429,9.571714285714284,10.338257142857142,9.512157142857143,9.947999999999999,9.625485714285714,9.031357142857143,9.5976,9.404957142857143,8.988928571428572,9.476371428571428,9.47632857142857,9.548357142857144,10.666371428571427,9.679342857142856,10.042285714285715,10.323071428571428,9.44442857142857,8.8688,8.798757142857143,7.850914285714286,9.050142857142857,10.376542857142855,12.102928571428569,12.557785714285716,13.004328571428571,12.368200000000002,11.9528,10.77447142857143,8.569657142857142,6.525514285714285,5.662528571428571,5.125457142857143,6.979057142857144,8.8393,10.898542857142857,11.413928571428572,12.470228571428569,12.878357142857144,13.544428571428572,12.32691428571429,11.9369,9.447428571428572,8.615357142857142,6.980785714285715,6.980785714285714,6.803557142857143,6.188657142857143,5.708828571428571,6.313271428571428,7.623442857142857,7.805371428571428,9.127471428571429,8.9944,10.175057142857142,9.477500000000001,8.7316,7.6793571428571425,7.483242857142857,6.239228571428571,6.039928571428571,5.588028571428571,6.385914285714285,8.0566,9.551485714285715,10.558628571428573,9.743342857142855,9.770371428571428,9.298071428571427,8.393771428571428,7.145414285714286,6.224714285714286,5.701828571428572,6.432442857142858,6.993099999999999,7.169771428571429,7.2108,7.259957142857144,7.146685714285715,6.595785714285715,6.378785714285714,5.787542857142857,5.235842857142856,4.938371428571429,4.396285714285715,3.8817142857142852,3.8188714285714283,3.483014285714286,3.410357142857143,4.495842857142857,5.598385714285714,6.2635,7.471285714285714,7.4938142857142855,7.248942857142858,7.110214285714286,6.094285714285713,4.710485714285714,4.043314285714286,2.6837142857142853,2.661042857142857,2.6586,3.383728571428572,4.850442857142857,6.320900000000001,7.459128571428571,8.227514285714285,9.212171428571427,10.490057142857141,9.8221,8.282814285714286,6.9503571428571425,6.267871428571428,6.038557142857143,5.168757142857143,4.697685714285714,5.421371428571428,5.649799999999999,5.889557142857143,6.249985714285715,6.25852857142857,6.992685714285714,6.990557142857143,6.3568,6.668142857142857,6.958557142857143,6.477842857142856,6.136699999999999,6.1388428571428575,6.750857142857143,7.943128571428572,8.61867142857143,8.692314285714286,8.601957142857142,8.504971428571428,7.769871428571427,7.7800571428571415,6.742914285714285,5.518771428571428,4.702114285714286,4.746828571428572,4.637657142857143,5.799214285714285,4.559857142857143,4.850314285714285,5.193757142857144,5.9796571428571434,7.849400000000001,9.1037,9.15217142857143,10.2464,10.853257142857142,11.255042857142858,12.535471428571428,11.669157142857143,11.538257142857143,11.3172,10.842114285714286,9.868971428571427,9.868971428571427,8.651442857142857,8.0838,7.211857142857143,6.295285714285716,5.635471428571429,6.1310714285714285,5.768385714285714,5.325285714285714,4.598685714285715,4.981242857142858,5.4257285714285715,6.966571428571429,7.308028571428571,7.4990428571428565,7.771185714285714,8.1135,8.039014285714286,8.255157142857142,6.9584142857142846,6.620228571428571,6.4293571428571425,6.719785714285714,7.126171428571429,6.862028571428572,6.740942857142857,6.915599999999999,6.9155999999999995,7.703557142857142,7.563471428571428,8.228557142857143,9.166157142857143,8.7395,8.981371428571428,9.660571428571428,9.233242857142857,9.868357142857144,9.769685714285714,10.800342857142855,11.674428571428573,11.947314285714285,11.265385714285713,11.267171428571428,10.591071428571428,9.75632857142857,8.271442857142857,7.717271428571428,7.681457142857142,8.111199999999998,8.076614285714285,7.616985714285714,7.361414285714285,6.9696428571428575,8.271157142857144,7.9279,8.033785714285715,9.074414285714285,12.76037142857143,13.032828571428572,13.976357142857143,13.542842857142858,14.089285714285714,12.913185714285714,11.606214285714286,8.819657142857142,9.582628571428572,9.66122857142857,10.032814285714284,10.734614285714287,11.139942857142856,11.756528571428571,11.403628571428571,11.665414285714288,11.038071428571428,11.381528571428571,12.160114285714286,12.965257142857142,13.182657142857144,14.03647142857143,13.447357142857143,14.149614285714287,13.89257142857143,12.780942857142858,12.488771428571429,12.915771428571428,11.971928571428569,11.692285714285713,11.019385714285715,10.041471428571429,9.491785714285713,9.508957142857142,8.54717142857143,8.439457142857142,8.344128571428572,7.95447142857143,7.297357142857144,6.938157142857142,6.2122714285714284,5.667485714285715,5.340642857142856,4.8690428571428575
126,7.4129,7.4129,5.0074499999999995,6.655033333333333,5.964425,6.37152,6.4571000000000005,6.231714285714285,7.949700000000001,9.228485714285714,8.831571428571428,9.300028571428571,11.582099999999999,11.078757142857143,18.027442857142855,31.764485714285716,35.47357142857143,38.19454285714286,38.19454285714286,35.79417142857143,37.114357142857145,31.56907142857143,17.84492857142857,13.12945714285714,9.826371428571429,9.199085714285715,8.865428571428572,8.062042857142858,6.555085714285714,4.136028571428572,4.099271428571429,3.953542857142857,5.173,5.176042857142858,7.760514285714286,8.741114285714286,9.378728571428573,9.391414285714287,10.711428571428572,10.853342857142858,11.302271428571428,8.839257142857143,8.3402,7.8735,7.725071428571428,7.079314285714285,6.177828571428572,5.9935857142857145,6.0944714285714285,5.841,6.085842857142857,6.380471428571428,5.702157142857142,6.301157142857142,6.4872000000000005,5.589628571428571,5.059385714285715,5.0505,5.933014285714286,8.606142857142858,9.478957142857142,9.477157142857143,10.298214285714286,12.713485714285715,13.554114285714286,12.198828571428573,9.71804285714286,8.309014285714287,8.310857142857143,8.003457142857142,7.822242857142856,7.401642857142858,8.2494,9.6335,9.570714285714287,9.388714285714286,8.964385714285713,7.638414285714284,9.378442857142858,8.5395,7.702471428571429,7.606699999999999,8.754357142857144,9.486057142857144,9.430414285714287,8.688985714285716,9.250328571428572,8.75827142857143,9.305514285714285,11.272314285714286,11.724271428571429,14.38172857142857,13.329328571428572,14.064128571428572,14.25054285714286,14.345042857142857,11.866314285714285,11.875371428571428,9.216985714285714,9.217028571428571,8.05107142857143,8.923085714285714,7.860828571428572,7.413228571428571,6.960214285714286,6.961314285714285,6.989842857142856,7.992914285714285,7.53842857142857,8.341514285714284,8.333528571428571,7.984999999999999,8.238714285714286,8.210142857142857,7.918514285714287,7.966714285714285,7.9833,8.249714285714287,9.472142857142858,8.74552857142857,9.096157142857143,9.096642857142857,10.102628571428571,9.235328571428571,9.433328571428572,8.340257142857142,9.818485714285714,11.629214285714285,13.971771428571428,12.785799999999998,13.538628571428571,12.301,12.490957142857143,10.894885714285712,8.064457142857144,5.721885714285714,5.373185714285714,4.643871428571428,6.249085714285714,7.486885714285713,9.206928571428572,11.21417142857143,12.054128571428572,12.535057142857143,13.403742857142857,12.573285714285714,12.302357142857144,10.341442857142857,8.152828571428572,6.524957142857143,6.524957142857143,6.086428571428571,5.362757142857143,4.875457142857143,5.707157142857143,7.008971428571429,7.246285714285714,6.406671428571429,6.351857142857143,7.091928571428572,6.406914285714286,5.627471428571428,4.5649428571428565,4.479157142857143,5.531828571428571,5.847242857142858,5.880814285714286,6.3014857142857155,7.842014285714286,9.460228571428571,10.093842857142858,9.03704285714286,8.952242857142858,8.338671428571429,8.031385714285715,6.951014285714286,6.377814285714286,6.158314285714285,6.619171428571429,6.607957142857144,6.747942857142857,6.251142857142858,6.740142857142857,6.253285714285715,5.626257142857142,6.0553857142857135,5.6528285714285715,5.225557142857142,5.310428571428571,4.290185714285714,3.443971428571429,3.4425285714285714,2.5970857142857144,2.552371428571429,3.403485714285714,4.186942857142857,4.794557142857143,5.617071428571428,5.617200000000001,5.5668999999999995,5.396485714285715,4.693942857142858,3.673428571428572,3.065614285714286,2.2913714285714284,2.290957142857143,2.3177,2.981057142857143,4.195214285714286,5.134,5.985314285714286,6.663442857142857,7.337928571428572,8.570085714285714,8.012614285714287,6.6836142857142855,5.974985714285714,5.603357142857143,5.405242857142857,4.730499999999999,3.7876,4.532428571428571,4.802014285714286,4.9365428571428565,5.158714285714285,5.283985714285714,6.193585714285715,6.480957142857143,5.7474428571428575,5.906028571428571,5.868414285714286,5.628657142857143,5.477542857142857,5.390571428571429,6.553128571428571,8.121599999999999,8.893857142857142,9.33072857142857,9.132885714285715,8.809614285714288,7.987257142857144,7.070957142857145,5.649042857142857,4.4564142857142865,3.6208571428571426,3.6106000000000003,3.499971428571428,4.698942857142858,4.565242857142858,4.790014285714286,5.058985714285714,5.8942428571428565,6.519728571428572,7.802142857142857,8.11207142857143,8.707142857142857,9.5307,10.384142857142859,11.509599999999997,11.48102857142857,11.540499999999998,10.882442857142857,10.42077142857143,9.418885714285713,9.105671428571428,7.978814285714285,7.977414285714284,6.726357142857141,5.947671428571428,5.526400000000001,6.5282857142857145,5.931357142857143,5.335842857142857,4.6191571428571425,4.9258999999999995,5.703157142857143,6.401242857142857,6.672642857142857,7.137914285714286,7.734885714285715,7.823628571428572,8.2556,8.290214285714287,7.880485714285713,7.147471428571429,7.146199999999999,7.177071428571428,7.6735,6.823628571428571,6.657542857142857,6.790514285714287,6.790514285714286,6.923485714285715,6.892614285714287,7.141614285714286,8.272628571428571,7.732942857142858,7.599971428571428,8.201942857142859,8.001414285714286,8.427000000000001,9.021614285714286,9.266385714285715,10.05242857142857,10.242757142857142,9.380914285714285,10.2089,9.783000000000001,8.800214285714286,8.276142857142856,7.919214285714285,7.860428571428571,8.268957142857143,7.640071428571427,6.930242857142856,7.1157571428571424,6.532785714285715,7.779428571428572,7.686057142857144,8.544528571428572,9.552357142857144,10.70727142857143,10.7994,11.92072857142857,12.269685714285714,14.466642857142858,13.057214285714286,12.049385714285716,12.613457142857143,13.6168,13.264442857142857,12.9227,11.832671428571429,12.249457142857143,12.309171428571428,11.670114285714286,10.6909,11.59882857142857,11.416714285714287,10.849671428571428,11.890685714285713,13.487057142857143,14.076828571428573,14.547242857142859,14.247814285714284,13.418142857142856,13.757842857142858,13.692328571428572,12.768857142857144,12.121842857142855,11.768314285714284,11.424285714285714,11.426128571428572,10.641742857142857,9.783328571428571,9.1215,9.177071428571427,9.0291,8.052042857142856,7.660314285714285,7.698628571428571,7.255271428571429,6.7459,5.706485714285715,5.3363000000000005
127,6.4253,6.4253,4.83475,5.891000000000001,5.11655,5.4853000000000005,5.701333333333333,5.539328571428571,6.973814285714288,8.118942857142859,8.118500000000001,8.731128571428572,8.573371428571429,8.196314285714285,17.440242857142856,26.773785714285715,32.879671428571434,32.87968571428571,32.987471428571425,33.362671428571424,34.58418571428572,27.342714285714283,18.31725714285714,11.244042857142858,10.412257142857142,9.595157142857143,8.953457142857141,7.715857142857141,5.376514285714286,3.001757142857143,2.9114999999999998,2.8970714285714285,4.2059,3.9291857142857145,6.935042857142856,7.4382714285714275,7.895442857142856,7.949799999999999,8.7632,10.112428571428572,10.980085714285712,8.168514285714284,8.362171428571427,7.911957142857141,7.8611571428571425,7.473185714285714,5.067342857142857,4.762542857142857,5.135414285714285,4.892871428571429,5.155971428571428,5.155971428571428,4.751214285714285,4.585042857142857,4.200714285714286,3.3497142857142856,2.8711142857142855,3.458142857142857,5.8483857142857145,9.012285714285714,11.371985714285714,12.042928571428572,12.495942857142856,14.656785714285714,15.108771428571428,12.4683,9.291371428571427,7.686114285714285,7.687057142857142,7.634714285714284,5.8309,5.3789428571428575,5.736699999999999,8.015157142857143,8.67622857142857,8.496942857142857,8.111042857142857,8.981842857142857,10.461885714285716,10.153557142857142,8.463700000000001,7.456857142857143,8.032614285714287,8.874500000000001,8.49922857142857,8.236114285714285,8.801742857142857,8.29042857142857,8.80477142857143,10.365357142857144,10.367942857142856,12.299157142857142,12.362,13.002514285714284,13.291942857142859,13.251985714285714,11.317314285714286,11.78404285714286,9.891900000000001,8.614014285714285,7.6177142857142846,9.121071428571428,8.413228571428572,8.391742857142857,8.36877142857143,8.330528571428571,8.330499999999999,8.963785714285715,7.934028571428572,8.384985714285715,8.330328571428572,7.720871428571428,7.776542857142857,7.776528571428572,7.293928571428571,8.238728571428572,8.368842857142857,8.784257142857143,9.409585714285713,8.8985,8.9854,9.415728571428572,9.649071428571428,8.797857142857143,8.604499999999998,7.560528571428572,8.871242857142859,9.788942857142857,10.747428571428571,9.532399999999999,10.252957142857142,9.267457142857142,9.714771428571428,8.276057142857145,6.475371428571428,5.516885714285714,4.931442857142857,4.212357142857143,6.086628571428571,6.909385714285714,8.2788,9.917557142857143,10.386557142857143,11.008828571428571,11.982285714285712,10.75145714285714,11.820842857142859,10.212928571428572,8.546942857142858,7.697742857142856,7.697742857142856,7.1532,6.746157142857144,5.543685714285714,6.364971428571429,7.604985714285715,7.331428571428572,9.652457142857143,9.523542857142857,10.2946,9.702914285714288,8.853028571428572,7.886585714285715,8.051085714285714,6.1688,6.169,6.080557142857143,6.114342857142857,7.123657142857143,8.6797,9.032285714285715,7.742157142857143,8.072585714285713,7.846414285714286,7.726842857142858,7.788628571428572,7.661499999999999,7.396614285714286,7.761314285714286,7.914428571428571,7.5765,6.9415000000000004,6.7203857142857135,5.8407,5.392714285714286,5.830985714285715,5.297671428571428,4.909700000000001,5.106071428571428,4.2553857142857145,3.382228571428571,3.318357142857143,2.514357142857143,2.2609285714285714,3.1115857142857144,3.668157142857143,4.204628571428571,4.5359,4.599657142857143,4.6023571428571435,4.6021,4.003285714285714,3.1524,2.615728571428572,2.3064285714285715,2.303671428571429,2.320942857142857,3.0396428571428573,4.2477857142857145,5.558985714285714,6.505314285714285,6.972885714285714,7.553571428571428,8.513242857142858,7.892771428571429,6.4552571428571435,5.4535285714285715,4.974957142857143,4.975471428571429,4.395685714285714,4.134328571428571,5.349257142857143,5.609228571428572,5.793514285714286,5.931871428571428,6.031842857142857,6.895200000000001,6.548228571428571,5.2822000000000005,5.427328571428572,5.186157142857143,4.8326,4.968042857142857,4.9557714285714285,5.897085714285715,7.284442857142857,7.986657142857142,8.584971428571428,8.6412,8.26162857142857,7.429857142857143,6.835514285714285,5.523714285714286,4.3939142857142865,3.5719,3.5475571428571433,3.7798000000000003,5.0775,5.0791571428571425,5.2726428571428565,5.6605,6.4827142857142865,7.0493428571428565,7.810314285714285,7.810314285714286,8.6142,9.616471428571428,10.503100000000002,11.783885714285715,12.249628571428572,12.209814285714284,11.744071428571429,11.072414285714284,10.070442857142856,9.648257142857142,8.192385714285715,7.5944142857142865,6.419185714285715,5.57,5.437771428571429,6.104042857142858,5.353314285714286,4.9160571428571425,4.457014285714285,5.0746714285714285,6.056628571428571,6.3364714285714285,6.873614285714285,7.491257142857143,8.142342857142856,8.343285714285715,9.000757142857143,8.9143,8.635028571428572,7.9679142857142855,7.9679142857142855,8.208799999999998,8.5992,7.222828571428572,7.0448571428571425,7.176585714285714,7.0448571428571425,7.176585714285714,7.1964999999999995,7.1964999999999995,8.047128571428571,7.449685714285715,7.449700000000001,8.048957142857144,7.460171428571429,7.603828571428572,8.071357142857142,9.049742857142858,9.8764,9.876385714285714,9.319771428571428,10.385057142857141,9.941442857142858,9.206842857142858,8.335085714285713,7.8927000000000005,7.372242857142858,7.460828571428572,6.848599999999999,6.099514285714285,6.181828571428572,5.4689,6.784757142857143,7.169485714285714,8.176942857142858,9.3189,10.631114285714286,10.941814285714287,11.985985714285716,12.021642857142856,14.675799999999999,13.002971428571428,11.995099999999999,12.44112857142857,13.323857142857142,12.679957142857143,12.683514285714285,12.072785714285715,12.718399999999999,12.589899999999998,11.716757142857142,10.400257142857143,10.925371428571427,9.984685714285714,8.508542857142858,9.249557142857142,9.9292,10.717857142857142,11.304599999999999,11.423142857142855,11.426385714285715,11.45394285714286,11.719628571428574,11.528985714285714,10.604285714285712,10.332285714285716,9.89412857142857,9.820885714285714,9.361271428571428,8.373257142857144,8.013885714285715,8.069528571428572,8.061042857142857,7.349271428571428,6.651914285714286,6.15937142857143,5.745085714285714,5.0208714285714295,4.1285,4.1285
128,7.0519,7.0519,5.7012,6.002766666666666,5.002075,5.3003599999999995,5.750983333333333,5.6133,7.0940714285714295,8.100499999999998,8.314085714285714,9.0461,8.911842857142856,8.114257142857143,13.366128571428572,21.289557142857145,27.34881428571428,27.68515714285714,27.55662857142857,28.581971428571425,30.115057142857143,26.465014285714286,17.448671428571426,10.440557142857143,9.263557142857142,8.710757142857142,7.559785714285715,6.096514285714286,4.141942857142857,3.043914285714286,3.158228571428571,3.1273142857142857,4.648485714285714,4.3527000000000005,7.518528571428571,8.092857142857143,8.449057142857143,8.339685714285716,9.251900000000003,9.410785714285714,10.2045,7.154185714285715,7.261971428571428,6.901142857142856,6.914728571428573,6.7300571428571425,5.069914285714285,5.0470428571428565,5.8125285714285715,5.490742857142857,5.7561285714285715,5.616528571428572,4.895442857142856,5.586428571428571,5.586428571428571,4.581514285714285,4.589614285714286,5.174428571428571,6.5165,8.087242857142858,9.11672857142857,8.917414285714285,9.62352857142857,10.072414285714286,10.52432857142857,9.000857142857145,7.565328571428572,6.775285714285714,6.975671428571428,6.573142857142856,6.378671428571429,5.926771428571429,6.390842857142857,7.809457142857143,8.326600000000001,8.163142857142857,7.898771428571429,8.335614285714286,10.368042857142857,10.262257142857141,9.384285714285713,8.442571428571428,8.957942857142857,10.536285714285713,10.432,9.891628571428571,10.090457142857144,9.651285714285715,9.93992857142857,10.603628571428573,9.845142857142857,12.31872857142857,13.609185714285715,13.819585714285713,14.005014285714285,14.723714285714285,13.880285714285716,14.331857142857144,12.682942857142857,9.90047142857143,9.158642857142857,10.6251,9.298085714285715,9.126100000000001,9.1261,8.158971428571428,8.160185714285713,8.901985714285715,7.865314285714286,8.4657,8.228457142857144,7.6675571428571425,7.667542857142857,7.66752857142857,7.065942857142856,7.065942857142856,7.071128571428572,7.30992857142857,7.412514285714286,6.8870000000000005,6.905428571428573,7.376414285714287,8.270971428571428,7.4163571428571435,7.4224000000000006,6.837314285714285,8.141842857142857,9.128614285714287,10.385328571428571,9.579528571428572,10.430642857142857,9.573485714285715,10.21234285714286,8.680128571428572,6.828285714285714,5.702628571428571,4.89927142857143,4.074828571428571,4.554771428571429,4.728,6.324471428571428,8.014385714285714,8.463457142857141,9.17852857142857,10.126271428571428,10.303128571428571,12.002785714285713,10.336042857142857,8.689157142857143,7.654542857142856,7.654542857142857,7.114542857142857,6.716471428571428,5.2573428571428575,6.081171428571429,6.884885714285715,6.812757142857143,6.213614285714286,5.959442857142856,6.810442857142857,6.283128571428571,5.431814285714286,4.833042857142857,5.322614285714286,5.921385714285714,6.208285714285713,5.948214285714286,6.009485714285714,7.274657142857143,8.468914285714286,8.312228571428571,7.466371428571429,7.6957,7.5619,7.441,6.1753,5.751342857142857,5.6921857142857135,6.283442857142857,6.462228571428571,6.570614285714286,6.025028571428572,6.944914285714285,6.774342857142857,6.308828571428571,6.241428571428571,5.652414285714286,4.825985714285714,4.704228571428572,3.7841428571428577,2.895028571428572,2.893628571428572,2.3685571428571426,2.1202571428571426,3.457414285714286,4.245214285714286,4.724042857142857,5.27372857142857,5.2749999999999995,5.272799999999999,5.237585714285715,4.255985714285714,3.4041285714285716,2.9262142857142863,2.4134857142857142,2.411914285714286,2.683214285714286,3.405242857142858,4.273671428571428,5.344671428571429,6.1965,6.483228571428571,6.9853000000000005,7.6482142857142845,7.040585714285713,5.853857142857143,5.090657142857141,4.833671428571429,5.012528571428571,4.522057142857142,4.051499999999999,5.243957142857142,5.491428571428571,5.6489142857142856,5.587185714285715,5.587185714285714,6.426314285714286,6.252385714285714,5.013985714285715,5.1822,4.967042857142857,4.565614285714285,4.816971428571429,4.837285714285715,5.765742857142857,7.161542857142856,7.631085714285713,8.252114285714285,8.572414285714284,8.303457142857143,7.4500285714285726,6.946871428571429,5.581714285714286,4.660299999999999,3.7892857142857137,3.5929999999999995,3.4046999999999996,4.6622714285714295,4.416614285714286,4.626357142857143,5.097214285714285,5.9480571428571425,6.543314285714286,7.597785714285714,7.854557142857142,9.116385714285714,10.118485714285713,10.530642857142857,11.811528571428571,12.300885714285714,11.94794285714286,11.29902857142857,10.420785714285712,9.532428571428571,9.532428571428571,8.513671428571428,7.803042857142857,6.842642857142858,5.961399999999999,5.755871428571429,6.180014285714285,5.297414285714285,4.388271428571428,3.8964571428571433,4.7471000000000005,5.767214285714286,5.801942857142857,6.7337,7.4521999999999995,8.099371428571429,8.421028571428574,8.748557142857143,8.798971428571429,8.834242857142858,7.902414285714286,8.034485714285713,8.032914285714286,8.424485714285714,7.301657142857143,7.0199428571428575,7.152028571428572,6.8663285714285704,6.866328571428572,7.153814285714286,7.183742857142858,8.036785714285715,7.245828571428571,7.245828571428571,8.032885714285714,7.432542857142856,7.864042857142857,8.6544,9.062957142857142,10.023585714285714,10.392785714285713,9.8914,10.675428571428572,9.997685714285714,9.208357142857142,8.8206,8.381557142857142,7.465728571428571,7.4882,7.185014285714287,6.452728571428572,6.348457142857143,5.673985714285714,7.006742857142858,7.295871428571429,8.281985714285714,9.407757142857141,10.789471428571428,11.311628571428571,12.274385714285714,11.58027142857143,13.906014285714287,12.2962,11.798585714285712,12.118185714285714,12.678057142857142,12.040042857142856,12.741371428571428,12.379971428571428,12.960542857142858,12.33617142857143,11.530657142857143,10.155057142857142,10.470157142857143,9.470614285714285,7.933828571428571,9.005,10.009771428571428,10.402199999999999,10.769157142857143,10.725257142857144,10.9196,11.049128571428572,11.3484,11.329871428571428,10.548228571428572,10.5482,10.473014285714287,10.710914285714285,10.41137142857143,9.128642857142857,9.274928571428571,9.710214285714287,9.325557142857141,8.611614285714285,7.474314285714286,6.993428571428571,6.615157142857142,4.872428571428571,3.7735142857142856,4.158171428571428
129,7.0259,7.0259,4.96335,5.373233333333334,4.745800000000001,4.649900000000001,4.841133333333334,4.826271428571429,6.481314285714286,7.9070857142857145,8.4281,9.161857142857142,9.48542857142857,9.012128571428573,14.342671428571427,21.804914285714286,26.94235714285714,29.282142857142855,29.282142857142855,30.479942857142856,32.356257142857146,29.31757142857143,21.71588571428571,15.516042857142859,12.095814285714285,11.315957142857144,9.881728571428571,8.051585714285714,5.377971428571429,3.178385714285714,3.1755428571428572,3.135971428571428,4.378342857142857,4.161828571428571,5.3661142857142865,5.881257142857143,6.344657142857143,6.405942857142857,7.4129,7.993,8.657114285714286,7.813542857142856,8.014071428571429,7.523571428571429,7.2834,7.001371428571429,5.128685714285715,5.127271428571428,5.3541285714285705,4.903128571428572,5.636285714285714,5.6018,4.9039,5.76232857142857,5.723828571428571,5.027,5.610157142857142,5.6496571428571425,7.042857142857143,8.92542857142857,9.346685714285714,9.385214285714286,9.79877142857143,9.7988,10.367557142857143,8.9121,7.272514285714285,7.0363,7.037157142857143,6.940742857142857,6.775514285714286,6.684285714285714,6.915814285714285,7.797885714285714,10.013085714285713,9.837971428571427,9.536985714285715,9.78717142857143,11.956828571428572,12.369957142857144,12.076114285714286,9.50277142857143,9.572557142857145,11.2303,11.601885714285714,10.434700000000001,10.433514285714285,9.827914285714286,10.367971428571432,11.540014285714287,10.725400000000004,12.52432857142857,13.800185714285714,14.258828571428571,14.453128571428573,14.059028571428573,13.163742857142859,13.495614285714286,11.830971428571429,9.152671428571427,8.092414285714286,8.96117142857143,8.444828571428571,8.480371428571429,8.698385714285715,8.108771428571428,8.109985714285713,8.882671428571427,8.425299999999998,8.941628571428572,8.735028571428572,8.122014285714286,8.122014285714284,8.122000000000002,7.472571428571429,7.476228571428572,7.893585714285714,8.333428571428572,8.530271428571428,8.2765,8.278142857142857,8.51972857142857,8.516542857142857,7.496214285714285,7.494042857142857,6.8079142857142845,8.066914285714285,9.070514285714285,10.084814285714286,10.342857142857142,10.81492857142857,9.527728571428572,10.1236,8.372514285714287,6.5178,5.742,4.8670285714285715,4.3512571428571425,4.915585714285714,6.271928571428572,7.797857142857143,9.554242857142857,9.554242857142857,10.171157142857142,11.000557142857144,11.2862,10.888642857142857,9.258614285714286,7.694442857142858,6.989457142857143,6.989471428571429,6.435614285714285,5.845514285714286,5.552757142857144,6.403085714285714,7.0605,7.034842857142857,7.964214285714286,7.730757142857143,8.524971428571428,7.5812285714285705,6.731,6.188957142857142,6.094385714285715,5.164657142857143,5.635599999999999,5.4312,5.658528571428572,6.968814285714285,8.517642857142857,9.2864,8.520828571428572,8.4846,8.350771428571429,8.288485714285715,7.080757142857143,6.167728571428571,5.827485714285714,6.209442857142856,6.4039,6.318600000000001,5.7467428571428565,6.494871428571429,6.072742857142858,5.620014285714285,5.645714285714286,5.001242857142857,4.369671428571428,4.186414285714285,3.335042857142858,2.7395000000000005,2.7381142857142864,2.2476714285714285,2.2138428571428572,3.3297714285714286,3.7677,4.039057142857144,4.569757142857143,4.695399999999999,4.6945,4.499171428571428,3.7265857142857146,3.255171428571429,2.9836142857142858,2.5256142857142856,2.399914285714286,2.4310714285714288,2.7911428571428574,3.4022000000000006,4.331542857142858,5.183114285714287,5.460699999999998,6.201385714285714,7.044671428571429,6.789771428571428,5.917428571428571,5.306157142857143,5.204828571428571,5.476628571428571,4.753214285714286,4.282871428571428,5.027271428571429,5.232728571428572,5.3267,5.133457142857142,5.226571428571428,6.058457142857143,6.030242857142858,5.254842857142857,5.327442857142858,5.361614285714286,5.153328571428572,5.112528571428571,5.114285714285714,5.8298,7.08382857142857,7.658900000000001,8.236014285714287,8.349857142857143,8.223742857142856,7.477914285714284,7.088157142857142,5.913971428571429,4.978685714285715,3.9555,3.9007285714285707,4.144171428571429,4.929271428571428,4.6903,4.7995,5.3548,6.205742857142858,6.649014285714286,7.246657142857143,8.295585714285716,9.755942857142855,10.953771428571427,11.249414285714286,12.530199999999999,13.33114285714286,13.132785714285715,12.497357142857144,11.423785714285714,10.33235714285714,10.33237142857143,9.062142857142858,7.884628571428572,6.767128571428572,5.464999999999999,5.327257142857143,5.6215142857142855,4.771542857142856,4.0580428571428575,3.842714285714286,4.816671428571429,5.748385714285713,5.836314285714287,6.0087,6.724028571428572,7.832757142857143,8.024985714285714,7.905142857142858,7.4715428571428575,7.386728571428572,7.399557142857143,7.533928571428571,7.006085714285715,7.506228571428571,6.668371428571428,7.042914285714285,7.751871428571428,7.750614285714285,7.750585714285713,7.872357142857141,7.7703428571428566,8.741914285714286,7.867128571428571,7.292528571428571,8.486971428571428,7.839885714285715,8.513171428571429,8.924542857142857,10.062871428571428,11.2775,11.735842857142856,10.542642857142857,11.696457142857142,11.464042857142857,10.510828571428572,9.437957142857144,8.735771428571429,7.711428571428571,7.788571428571429,7.155642857142857,6.140842857142857,6.797528571428572,5.997757142857142,7.339642857142858,7.968771428571428,8.899042857142856,10.031842857142857,11.611814285714285,11.939099999999998,12.976742857142856,12.040314285714286,14.019271428571429,12.584985714285716,11.782814285714286,11.785814285714284,12.353985714285713,11.79622857142857,12.56355714285714,12.401471428571428,12.995000000000001,12.657314285714284,11.843257142857142,10.789385714285714,11.033242857142858,10.431985714285714,8.994214285714287,10.198071428571428,11.106814285714284,10.912099999999999,10.978457142857142,11.461814285714285,11.788428571428572,11.916114285714286,11.908814285714286,11.942257142857143,11.745671428571427,11.724428571428572,11.0766,10.959271428571428,10.389628571428574,9.468671428571428,9.541857142857141,9.934257142857144,9.932785714285716,9.156099999999999,7.971957142857143,7.7172714285714274,6.922485714285713,5.279571428571428,4.233614285714286,4.235071428571429
130,6.7312,6.7312,6.074450000000001,6.3447000000000005,5.827850000000001,6.3672200000000005,6.261633333333333,6.119185714285714,8.58072857142857,10.082828571428573,10.597085714285713,11.379714285714286,13.586685714285716,13.541542857142858,19.063642857142856,28.343228571428572,36.945699999999995,39.193357142857145,38.94421428571429,38.955,40.75414285714286,37.050200000000004,27.650271428571426,18.11367142857143,14.884814285714285,14.318357142857142,11.728414285714283,9.785242857142856,7.529271428571429,4.6411999999999995,4.312642857142857,4.449871428571429,4.989414285714285,4.8914285714285715,5.405571428571428,5.991014285714286,6.712571428571429,6.456128571428571,6.352842857142856,6.837114285714286,7.233557142857143,7.085871428571429,7.330257142857143,6.666085714285714,6.698571428571428,7.133842857142858,6.193114285714286,5.857428571428571,5.906285714285715,5.906257142857143,6.577042857142857,6.443885714285715,6.028314285714287,5.797257142857142,5.282428571428571,4.528985714285715,4.452271428571428,4.470371428571428,5.738271428571428,8.1548,9.805542857142857,10.654814285714284,11.220242857142859,11.306514285714286,11.81377142857143,10.587185714285713,8.174428571428573,7.436285714285715,7.753757142857142,7.652942857142857,8.475228571428572,7.9498428571428565,8.305942857142858,9.3193,9.780528571428572,9.516900000000001,9.24974285714286,8.581371428571428,9.071457142857144,9.694057142857144,9.443042857142858,9.172242857142857,9.119757142857143,11.5548,12.008728571428573,13.48947142857143,13.51815714285714,13.112485714285713,13.057085714285714,14.07242857142857,12.518242857142857,13.568699999999998,12.877557142857142,13.062199999999999,13.20742857142857,13.45257142857143,12.90077142857143,12.674942857142856,11.441042857142858,10.198371428571429,9.703114285714284,10.348771428571428,9.375957142857144,8.9139,8.947871428571428,8.734328571428572,8.69872857142857,8.607371428571428,8.431742857142856,8.897628571428571,8.896257142857142,9.057114285714286,8.8709,8.870899999999999,8.537485714285712,8.135771428571427,8.990957142857143,9.607885714285715,9.4131,9.283614285714284,9.460657142857142,9.228399999999999,10.057385714285715,9.3497,9.670885714285715,9.089028571428571,10.189528571428571,10.478728571428572,11.957042857142856,11.600814285714284,10.968357142857142,9.291671428571428,9.828114285714287,8.436914285714286,7.387942857142858,6.3151,5.739285714285715,5.984157142857144,6.723028571428571,6.76872857142857,8.866585714285716,10.468328571428572,11.397657142857144,11.865328571428572,12.212771428571429,12.212771428571427,12.68442857142857,10.123185714285714,8.58997142857143,7.103914285714287,6.7378,6.294771428571429,5.782542857142857,5.6016,6.413799999999999,6.866228571428571,6.786228571428572,6.787785714285714,6.490242857142856,7.211671428571428,6.5433142857142865,5.871457142857143,5.260828571428571,5.0995,5.2453,5.808371428571428,5.710214285714286,6.105671428571428,7.347185714285715,8.982457142857143,10.246785714285716,9.632542857142857,9.253714285714285,9.00987142857143,8.641485714285716,7.37207142857143,8.474285714285713,7.908371428571429,8.50222857142857,9.344314285714287,9.171485714285714,8.771471428571429,9.585314285714286,7.0706,6.369028571428571,5.8646,4.870271428571429,4.324814285714286,4.251057142857143,3.3236000000000003,2.922442857142858,2.8748,2.433271428571429,2.1383428571428573,3.2304,4.108842857142856,4.5902,5.268285714285715,5.572857142857144,5.543957142857144,5.678400000000001,4.962971428571429,3.9757999999999996,3.4971999999999994,2.820057142857143,2.515757142857143,2.6204285714285716,2.9797714285714285,3.604742857142857,4.900328571428572,5.761957142857143,5.863142857142856,6.156814285714285,6.904185714285712,6.515028571428573,5.555500000000002,4.614271428571429,3.9320714285714287,4.679314285714286,4.3847000000000005,3.9991142857142856,4.821885714285714,5.052185714285714,5.122371428571428,5.896042857142858,5.5346714285714285,6.595857142857143,6.738714285714287,5.815657142857143,5.953514285714285,6.209157142857143,5.678271428571429,5.678271428571429,5.468571428571429,5.909285714285714,7.521342857142857,8.030228571428571,8.7606,8.929114285714286,9.029171428571429,8.303042857142858,8.222885714285715,6.852585714285715,5.933357142857142,4.604671428571429,4.103442857142857,4.4058142857142855,5.014342857142857,4.8925,5.060457142857143,5.9099714285714295,6.7609142857142865,7.575442857142859,8.069714285714285,9.42022857142857,10.804814285714286,12.2541,12.282514285714285,13.71787142857143,14.34052857142857,14.216614285714284,13.630514285714282,12.247357142857144,10.671942857142856,10.644971428571427,9.102228571428572,8.550085714285714,7.481042857142858,6.084128571428573,5.932657142857144,6.032342857142858,5.182385714285713,4.525671428571429,3.570585714285715,4.856542857142857,5.759085714285715,6.340771428571428,7.982371428571429,8.454371428571429,9.587271428571428,10.322642857142856,9.7672,9.837128571428574,9.300085714285714,8.095385714285715,8.137642857142856,7.636171428571429,8.426428571428572,7.982557142857142,7.597371428571428,8.1645,8.66502857142857,9.295271428571427,9.4279,9.248557142857143,9.619557142857142,9.188728571428571,8.728399999999999,10.190685714285715,9.447928571428571,9.900557142857142,9.847199999999999,11.333371428571429,12.949785714285714,14.425828571428573,12.462614285714286,13.235357142857143,13.859057142857145,13.233328571428572,12.264485714285714,11.023757142857141,9.245471428571426,9.46225714285714,9.024314285714285,7.555485714285715,8.060857142857143,7.543514285714287,8.764114285714285,9.306185714285714,10.096885714285714,11.2166,12.569785714285713,12.768857142857142,12.770071428571429,12.228785714285715,14.507971428571427,13.49437142857143,12.486585714285715,12.534699999999999,13.000442857142856,13.211171428571427,13.408214285714283,12.544814285714285,12.827442857142856,12.683914285714284,12.02117142857143,10.8775,11.732528571428572,12.5424,11.570214285714286,13.715799999999998,14.896399999999998,15.028714285714285,15.1792,14.18562857142857,14.809014285714284,15.868285714285713,14.131214285714284,13.908285714285714,13.429642857142857,13.630800000000002,13.432900000000002,11.779728571428572,10.417100000000001,11.730928571428572,11.889185714285714,12.402985714285714,12.453028571428572,11.855628571428571,10.735957142857144,10.368542857142858,8.494785714285715,6.758528571428571,5.393128571428571,5.126042857142857
131,8.9411,8.9411,9.18995,9.327666666666666,8.9956,8.79636,8.297033333333333,8.479114285714287,9.72067142857143,10.485114285714287,11.02892857142857,11.780014285714287,14.062057142857144,14.553185714285716,20.688714285714287,44.554585714285714,57.23878571428571,60.47498571428571,59.76525714285714,59.85908571428571,61.11272857142857,56.398700000000005,32.90528571428572,19.389728571428574,15.181114285714285,15.086242857142855,12.935214285714284,11.3776,9.076657142857142,7.434185714285715,7.481571428571428,7.767171428571429,8.205771428571428,7.869528571428572,7.5553857142857135,7.837685714285714,7.708985714285714,7.455471428571428,7.702714285714286,7.786242857142857,7.668628571428572,7.643828571428571,7.867785714285715,7.517757142857142,7.552528571428572,7.295328571428572,7.092314285714285,7.920642857142857,8.125857142857143,8.107271428571428,8.2349,8.085728571428572,7.744585714285713,7.106442857142857,6.0869285714285715,5.713442857142858,5.468400000000001,5.759614285714286,8.370085714285715,9.580614285714287,10.379971428571428,10.371685714285714,11.007314285714285,11.927957142857142,11.88187142857143,9.761199999999999,8.995371428571428,9.031342857142857,9.384699999999999,9.0211,9.644257142857143,10.303542857142856,10.461514285714285,10.023114285714286,9.972614285714286,11.566685714285715,11.379228571428571,11.597557142857145,12.147800000000002,12.485071428571429,13.100585714285716,14.206814285714286,13.130914285714287,14.553471428571429,14.489057142857144,15.105871428571428,15.725857142857143,16.03511428571429,15.9495,16.047328571428572,15.480214285714286,15.548485714285713,14.608414285714288,13.785342857142856,13.1209,12.586342857142858,12.513400000000003,12.47144285714286,12.037757142857144,11.524671428571427,10.960985714285712,12.077428571428571,11.495499999999998,11.07172857142857,11.31274285714286,11.398228571428572,11.383014285714285,11.624671428571428,11.593885714285715,11.77742857142857,11.201485714285713,10.614271428571428,10.19972857142857,10.035528571428571,9.781000000000002,8.850142857142858,9.143957142857143,10.390185714285716,10.406971428571426,10.156014285714287,10.119871428571429,10.260585714285714,10.711457142857144,10.4524,11.199614285714286,10.605971428571427,11.272400000000001,11.920814285714284,12.578342857142857,13.029357142857142,12.199871428571429,10.002800000000002,10.344285714285716,9.196071428571429,7.93192857142857,7.110228571428572,6.149057142857144,6.240257142857142,6.977357142857143,7.296757142857143,8.162585714285715,10.122985714285715,11.438414285714288,11.390357142857143,12.0403,12.0403,12.508214285714287,10.93554285714286,8.833285714285713,7.147471428571429,7.6913857142857145,7.300942857142857,6.788785714285714,6.783471428571429,7.804628571428571,8.468185714285713,8.271385714285714,7.289885714285715,6.788028571428571,7.311157142857142,6.741214285714285,5.948942857142858,5.551514285714285,5.840742857142858,6.2304571428571425,6.684742857142857,6.309842857142859,6.428157142857144,7.471871428571428,8.8138,9.548842857142859,9.187371428571428,8.575442857142857,8.80387142857143,8.362657142857143,7.5325,7.020914285714285,6.335885714285714,6.509428571428572,7.114214285714286,6.85952857142857,6.436857142857142,6.921028571428571,6.426042857142859,6.064685714285714,5.933257142857142,5.682499999999999,5.220614285714285,5.391528571428572,4.613100000000001,3.9635285714285717,3.704614285714286,3.374214285714286,3.0345857142857144,3.9284857142857144,4.610414285714286,5.2672857142857135,5.597628571428571,5.9236,5.846228571428571,5.9822,5.564871428571428,4.583699999999999,3.8436285714285714,3.4542571428571436,3.4414714285714285,3.7761714285714283,4.149385714285714,4.580357142857143,5.5615428571428565,6.7785142857142855,7.3957,8.007042857142858,8.483257142857143,7.841542857142857,6.975285714285714,6.2572,5.6899,6.13432857142857,5.328557142857143,4.837785714285714,5.559614285714285,5.764742857142856,5.87722857142857,6.06002857142857,5.589428571428571,6.715414285714284,6.987285714285714,6.235214285714285,6.257857142857143,6.572614285714286,6.809085714285715,7.118742857142857,6.399414285714286,7.226557142857144,9.288471428571428,9.8816,9.770042857142856,9.313514285714287,8.871671428571428,8.591242857142857,8.354928571428571,6.6546142857142865,5.793457142857143,5.3438,4.907985714285714,5.477771428571429,6.177214285714285,5.720414285714286,5.854242857142857,6.70372857142857,7.555271428571428,8.193714285714284,8.762385714285713,9.47132857142857,10.1886,11.350471428571428,11.838228571428573,12.936157142857143,13.494428571428573,13.93342857142857,14.086457142857144,13.638485714285716,12.399414285714286,11.912642857142856,10.411542857142859,9.8443,8.293800000000001,6.789199999999998,6.359442857142857,6.644914285714285,5.7926714285714285,5.443942857142856,4.814471428571428,5.510314285714285,6.481685714285715,7.589085714285714,8.4623,9.314914285714286,10.297742857142856,10.669371428571427,10.65604285714286,11.0118,11.069542857142858,10.810957142857143,10.809628571428572,10.57772857142857,11.60747142857143,11.3921,11.385471428571432,12.424671428571429,13.827528571428571,14.151957142857142,14.130971428571428,13.777671428571429,13.965100000000001,13.147685714285714,12.110471428571428,11.515271428571427,10.869528571428573,11.069928571428571,11.130342857142859,12.318957142857142,13.973142857142856,13.965457142857142,12.974785714285714,12.899442857142859,13.648385714285714,13.154285714285717,12.359171428571429,10.917485714285714,10.600871428571427,11.225442857142856,11.423114285714286,10.280157142857144,11.251557142857141,10.432085714285714,11.6615,12.119142857142858,12.1199,13.326628571428571,13.99852857142857,14.235342857142857,15.081057142857144,14.690628571428572,15.471285714285715,15.51315714285714,15.127771428571426,15.68067142857143,15.475385714285713,15.351899999999999,15.150957142857141,15.21957142857143,15.080071428571431,15.284171428571431,15.111685714285715,14.533642857142857,16.274542857142855,16.290214285714285,17.12157142857143,18.8171,19.231814285714286,18.595114285714285,18.5753,17.11632857142857,19.001814285714286,18.6097,18.51497142857143,18.519785714285714,18.58032857142857,18.28142857142857,18.172900000000002,16.22771428571429,14.952814285714286,14.724857142857143,14.792314285714285,14.886471428571427,15.579285714285714,14.370642857142858,13.414142857142858,12.623257142857144,10.785357142857142,8.973557142857143,7.769914285714286,7.314414285714286
132,12.2604,12.2604,13.939900000000002,15.809700000000001,15.759425,14.20748,13.177216666666666,13.287014285714287,13.608185714285714,13.716557142857143,13.135171428571429,14.731985714285715,16.19122857142857,16.158285714285714,23.645742857142857,55.43074285714285,74.74537142857142,81.93537142857143,80.85119999999999,81.49480000000001,84.66875714285716,76.9457,45.35637142857143,26.178085714285714,18.621657142857142,18.403528571428573,17.80117142857143,14.734014285714286,13.839085714285716,13.606514285714285,12.976228571428573,13.490742857142857,12.657399999999999,11.264785714285713,11.187185714285715,11.140814285714287,11.363842857142856,11.930171428571427,12.380628571428572,12.579514285714284,13.124071428571428,13.124085714285712,13.37742857142857,12.327885714285713,11.518242857142855,10.349271428571427,9.852428571428572,9.717442857142856,9.618728571428573,9.694857142857142,9.414685714285714,9.276014285714284,8.846742857142857,8.596542857142856,8.407242857142856,8.471628571428571,7.974357142857143,8.449114285714286,10.556757142857142,11.007442857142857,11.613757142857143,10.857085714285715,11.361428571428572,12.974314285714286,12.557457142857142,11.231657142857143,11.234414285714283,11.838871428571426,12.535157142857143,11.485,11.750028571428572,11.9076,11.106371428571427,10.46167142857143,9.655071428571429,10.1628,10.333942857142857,10.046214285714285,11.268485714285715,11.390128571428573,11.92522857142857,12.653900000000002,12.285742857142859,13.678499999999998,14.149885714285714,14.74652857142857,15.804571428571426,15.374142857142857,15.890142857142859,16.252814285714287,15.74324285714286,14.619500000000002,13.758371428571428,13.243385714285713,14.0172,13.271814285714285,12.975457142857142,13.000442857142858,13.647599999999999,13.199100000000001,12.201557142857144,12.023685714285715,11.157885714285714,10.871485714285715,10.391071428571431,10.306871428571428,10.319042857142858,10.445885714285714,11.097999999999999,11.443085714285713,10.674828571428568,11.020999999999999,10.812214285714285,10.394400000000001,10.466742857142858,9.23822857142857,9.883857142857142,10.901385714285714,10.152057142857144,9.786171428571427,10.151971428571429,10.3815,11.228571428571428,10.916114285714286,11.068042857142858,11.076542857142858,10.740642857142857,10.917157142857144,11.164914285714286,12.002014285714287,11.478614285714286,10.571785714285713,10.864157142857142,10.41157142857143,10.239142857142856,9.809342857142855,8.538385714285713,8.445528571428571,9.068142857142856,9.153685714285714,10.91942857142857,11.852285714285713,13.328414285714286,13.105885714285716,13.008257142857142,13.297757142857145,13.387628571428573,11.307342857142856,9.686171428571429,7.816142857142857,7.6974285714285715,7.713757142857142,7.053214285714286,7.715914285714286,8.617542857142857,8.925814285714285,8.813342857142855,8.513528571428571,8.307171428571428,7.6487,6.895485714285714,6.228657142857143,6.082942857142856,6.893414285714286,7.6002714285714275,7.799271428571428,8.661757142857143,8.679985714285715,9.840428571428571,10.938,11.001228571428571,10.602528571428573,10.820885714285714,9.96547142857143,9.709771428571429,9.176242857142856,7.908557142857142,7.582428571428571,7.712428571428572,7.267357142857143,7.419057142857143,7.010728571428571,7.267857142857143,8.14567142857143,7.820128571428571,7.704685714285715,7.8037,7.631928571428572,7.645042857142856,6.856028571428571,6.188442857142857,5.902342857142857,5.788014285714285,6.018085714285713,7.188728571428571,8.234042857142857,8.5377,8.380700000000001,8.517685714285715,7.977914285714285,7.698085714285713,6.968542857142857,5.7048000000000005,5.1746857142857134,4.810228571428572,4.816257142857142,5.3906285714285715,5.7671,6.463285714285713,7.4074857142857145,8.872342857142858,9.884342857142858,10.293800000000001,10.232442857142857,9.449614285714285,8.432514285714285,7.765228571428572,7.348785714285715,7.361271428571429,6.669442857142857,6.730314285714286,7.162342857142858,7.1885714285714295,7.636014285714286,7.349028571428572,7.010714285714285,8.402685714285715,8.847771428571429,8.46497142857143,8.770442857142857,8.8686,8.760742857142857,8.937771428571429,7.926814285714286,8.689385714285715,10.409928571428571,10.698400000000001,10.620585714285713,10.558428571428573,9.926271428571427,9.643957142857143,8.491071428571429,6.835957142857143,6.013142857142857,5.2677,4.601528571428571,5.231657142857143,5.435900000000001,5.028871428571429,5.360328571428572,6.102485714285714,6.954714285714287,8.154328571428572,8.932685714285714,9.158714285714286,9.951542857142856,10.675614285714286,11.258785714285713,12.539385714285714,12.5024,11.922014285714285,12.870614285714286,13.049614285714286,12.267514285714284,11.633842857142858,9.864771428571428,9.09137142857143,8.39022857142857,6.8852142857142855,6.054471428571428,6.0477,5.329614285714285,4.987728571428571,4.734457142857143,5.1110999999999995,6.017485714285714,6.9044285714285705,7.095928571428571,7.944514285714285,9.46552857142857,9.694471428571429,9.50357142857143,9.690385714285714,9.381742857142857,10.532628571428571,10.503085714285715,9.128157142857143,9.793471428571427,10.038285714285712,10.771742857142856,12.253428571428572,12.768571428571429,13.32732857142857,13.763614285714285,13.906571428571429,14.075071428571432,12.442371428571429,11.583842857142857,11.468142857142857,10.852814285714286,11.732214285714287,11.690728571428574,13.168514285714284,15.306757142857142,15.435642857142858,14.224714285714287,14.531128571428571,14.309600000000001,14.356342857142854,13.496142857142857,13.0263,13.508514285714288,14.311514285714285,13.9058,13.485357142857145,14.1975,14.270985714285715,14.881914285714284,15.145628571428572,15.662885714285716,16.232685714285715,16.1246,16.377985714285714,16.006842857142857,15.065471428571428,15.171542857142857,16.0225,16.81565714285714,18.09837142857143,17.608271428571427,17.992528571428572,19.01932857142857,19.37232857142857,18.53818571428571,18.557385714285715,18.2491,18.848085714285713,21.180928571428574,21.572657142857143,21.084785714285715,23.727957142857143,24.057885714285714,23.249914285714286,23.101300000000002,22.157928571428574,22.53197142857143,24.372071428571434,22.063242857142857,21.4231,22.796485714285716,22.04842857142857,21.5115,19.750471428571426,18.113957142857142,18.8671,19.398257142857144,18.634800000000002,19.41717142857143,17.415342857142857,16.311185714285717,15.007971428571427,12.984214285714286,11.146685714285713,9.63797142857143,8.144428571428572
133,17.0652,17.0652,12.2969,15.027533333333333,14.926224999999999,14.217279999999999,13.172483333333332,13.4447,12.719357142857145,13.358985714285714,12.687514285714286,13.790971428571428,14.630142857142857,14.637442857142856,23.98005714285714,54.149542857142855,70.80582857142858,73.79397142857144,74.00504285714285,75.23317142857142,78.44181428571429,70.18408571428571,39.91224285714286,24.62662857142857,21.389657142857143,20.331985714285715,19.873042857142856,17.015957142857143,14.755285714285714,14.758642857142856,12.992485714285712,12.804942857142857,11.688157142857142,9.750985714285715,9.399485714285715,9.191557142857144,10.549442857142859,11.5027,12.222471428571428,13.297985714285714,13.597785714285715,13.787700000000001,14.255042857142858,12.093671428571428,11.458485714285715,10.062442857142857,9.164942857142858,9.331442857142857,8.90242857142857,8.849242857142857,8.92842857142857,8.239128571428571,8.048971428571429,7.784842857142857,7.399642857142857,7.521914285714287,6.892914285714286,7.497171428571428,8.200314285714287,8.756928571428572,9.369628571428573,8.705699999999998,10.989414285714286,12.136757142857144,11.623571428571429,11.537128571428571,11.170742857142857,11.76047142857143,12.264371428571428,9.493657142857144,11.42067142857143,11.585042857142858,11.251685714285715,11.467742857142857,10.39487142857143,11.332885714285714,11.953242857142858,11.080042857142857,12.435999999999998,13.805885714285713,14.912442857142858,15.24212857142857,16.5263,17.69188571428571,18.2504,18.894199999999994,19.807342857142856,19.16894285714286,20.302042857142855,18.771099999999997,19.27351428571429,18.58435714285714,17.734885714285713,16.350985714285713,17.626442857142855,16.455942857142855,15.911914285714287,15.078428571428573,17.279128571428572,17.1645,16.615714285714287,14.941728571428571,16.342314285714284,16.755114285714285,16.239528571428572,13.736514285714287,13.704514285714286,14.313471428571429,14.929014285714286,13.912457142857141,13.971971428571427,15.944128571428573,16.077957142857144,15.602857142857145,15.875685714285714,15.036142857142858,14.918657142857143,15.063071428571428,12.687499999999998,13.601114285714285,13.877542857142856,13.844942857142858,14.906157142857143,16.622714285714284,16.414985714285713,17.76132857142857,16.27517142857143,17.53964285714286,16.25385714285714,17.23687142857143,16.658514285714286,17.43661428571429,16.86751428571429,16.76284285714286,16.397357142857143,16.9127,15.6664,15.006285714285713,14.721828571428572,15.089271428571427,14.80402857142857,14.506371428571429,15.208342857142856,14.462128571428574,13.320200000000002,13.263328571428572,13.624442857142855,13.30117142857143,12.73134285714286,11.955428571428572,12.329057142857142,12.803728571428573,12.269342857142858,10.577242857142858,10.727814285714288,10.225757142857143,9.981271428571429,9.707285714285714,10.114685714285713,10.093271428571427,10.476642857142858,10.553585714285713,10.530185714285716,10.958757142857143,11.539742857142857,11.0357,11.7439,12.0743,12.305342857142858,13.21512857142857,12.780757142857144,12.5086,12.415885714285716,11.682614285714285,11.6474,12.122542857142857,11.690214285714287,11.94897142857143,11.6276,11.685614285714285,11.550614285714286,11.13462857142857,10.725285714285715,11.130799999999999,11.1952,11.062557142857143,10.69742857142857,10.252657142857142,10.246842857142855,9.660971428571429,8.934342857142855,8.715242857142858,9.057328571428572,9.575485714285715,10.862228571428572,11.763314285714287,12.994057142857145,13.137742857142857,12.940871428571429,12.510357142857144,11.900085714285712,10.318371428571426,8.938785714285713,7.450385714285714,6.816385714285714,6.771571428571428,7.202371428571429,7.824085714285715,9.3224,10.67287142857143,11.915128571428571,13.372185714285715,14.277057142857144,14.685028571428575,14.348285714285717,13.52277142857143,12.687228571428575,12.540657142857144,11.504785714285715,10.476299999999998,10.155442857142857,9.918428571428572,9.130128571428571,8.876557142857143,8.236657142857142,8.27762857142857,8.842614285714285,8.657457142857142,8.653742857142857,9.747485714285714,10.367914285714287,10.18067142857143,10.228957142857142,9.975814285714288,11.155014285714286,11.330285714285713,11.372214285714287,11.140742857142858,11.87887142857143,11.869885714285713,11.814942857142857,10.667957142857142,10.253657142857145,9.270785714285713,8.772785714285714,8.240557142857144,8.084214285714285,8.042028571428572,7.665085714285715,8.037671428571429,8.487328571428572,9.736857142857144,11.573514285714285,12.6797,13.25757142857143,13.562128571428572,13.473828571428571,13.81144285714286,14.17307142857143,12.666899999999998,11.615828571428569,11.903457142857144,12.488685714285714,12.497628571428573,12.217185714285714,10.657614285714285,9.977057142857145,9.617128571428571,8.460785714285715,7.277114285714285,7.269042857142857,6.889885714285713,6.607885714285714,6.549014285714285,7.252299999999999,7.231585714285715,8.743071428571428,9.300985714285716,9.5665,10.913528571428571,11.967314285714284,11.383057142857142,11.449000000000002,10.492142857142857,10.065128571428572,10.288842857142857,9.6346,9.56144285714286,10.006785714285714,10.802214285714285,12.022414285714287,13.28882857142857,13.929285714285713,13.579857142857142,13.439800000000002,13.628242857142856,12.933514285714285,12.27222857142857,13.205428571428572,12.327757142857143,14.0701,13.711914285714286,14.426257142857143,15.777085714285715,16.263342857142856,13.831714285714286,13.1905,12.349228571428572,12.09165714285714,11.08462857142857,11.389928571428571,11.479128571428571,12.587100000000001,13.038514285714285,12.542085714285713,13.483971428571428,14.319542857142858,13.820857142857145,14.355085714285716,14.449699999999998,15.61762857142857,15.182742857142857,16.20027142857143,15.240100000000002,14.810285714285715,14.23377142857143,15.67207142857143,15.647200000000002,17.102028571428573,16.152842857142854,16.53362857142857,17.277657142857144,18.733785714285716,17.2919,16.923842857142855,16.674842857142856,16.996642857142856,19.0085,19.897314285714284,19.143814285714285,20.643900000000002,20.64144285714286,19.768414285714282,19.45012857142857,18.434742857142858,18.997657142857143,19.657114285714282,19.01467142857143,19.66512857142857,21.882757142857145,21.718957142857143,20.923814285714286,20.076542857142858,18.931542857142855,19.317485714285713,18.965585714285712,17.331185714285713,17.825014285714285,16.537357142857143,14.318328571428571,13.388371428571428,11.639014285714284,10.577414285714287,9.475442857142857,8.155528571428572
134,16.6511,16.6511,11.09165,14.035533333333333,12.264,11.84522,11.320549999999999,11.4808,10.861614285714285,11.723157142857143,10.878142857142858,12.31137142857143,13.615,13.5178,25.570128571428572,53.246028571428575,69.34185714285715,71.67131428571429,73.3631,73.66615714285714,76.26134285714285,65.36234285714286,37.6554,22.481728571428572,19.931885714285716,17.5776,16.86957142857143,14.592014285714287,12.992114285714285,12.450114285714287,10.5005,9.652557142857145,9.004342857142857,7.48407142857143,7.163928571428572,6.6804000000000014,7.9712000000000005,8.491928571428572,9.341228571428571,10.107071428571428,10.418571428571429,11.088085714285715,11.399857142857144,9.929757142857142,9.841771428571429,9.077771428571427,8.522371428571429,9.202757142857141,8.957542857142856,9.659942857142857,9.715414285714285,9.355571428571428,9.219571428571427,9.479042857142858,9.388685714285714,9.251485714285716,8.340228571428572,8.4203,9.073028571428573,10.187814285714285,9.986628571428572,9.208814285714286,9.972657142857143,10.587071428571429,11.104071428571428,11.573842857142859,10.771585714285717,12.743042857142855,13.69512857142857,13.015014285714285,13.751014285714286,13.499814285714288,13.425871428571428,14.06377142857143,12.164142857142858,13.517085714285713,14.074114285714286,16.53327142857143,18.261157142857144,20.83157142857143,22.412857142857142,22.23052857142857,23.136571428571425,23.15552857142857,20.831485714285716,20.008585714285715,19.8231,19.918499999999998,21.386485714285715,19.84687142857143,21.150928571428572,23.82221428571429,23.86792857142857,21.29057142857143,22.28624285714286,21.9791,21.03381428571429,19.363200000000003,19.62902857142857,20.688214285714288,21.4038,18.919271428571427,20.777242857142856,21.389585714285715,22.023214285714285,19.65095714285714,18.701842857142854,19.53577142857143,19.379371428571428,16.29234285714286,14.835914285714285,15.505242857142857,14.630757142857146,14.124200000000002,13.700557142857141,13.222499999999998,13.887685714285714,14.641142857142857,12.761,13.9974,13.591700000000001,13.17287142857143,13.252142857142859,14.425042857142857,14.106214285714286,15.72535714285714,14.400185714285714,17.866314285714285,16.806428571428572,18.560028571428575,17.426757142857145,18.42712857142857,17.625485714285713,16.5363,13.993757142857143,14.246842857142857,12.431785714285715,12.569085714285716,12.140057142857144,13.937314285714283,15.20225714285714,15.180042857142857,14.92632857142857,14.700514285714286,13.798557142857144,13.549185714285711,12.131342857142856,11.312642857142858,10.592899999999998,10.498028571428572,10.388614285714285,10.793342857142857,10.694042857142858,9.96037142857143,9.816085714285716,8.970228571428573,9.212557142857145,9.122471428571428,8.833971428571429,8.54957142857143,7.926528571428571,7.675371428571429,7.807657142857143,7.750871428571428,7.9342999999999995,8.470814285714287,9.16332857142857,9.778214285714286,10.380085714285714,11.505714285714285,11.303442857142857,11.555871428571427,11.266171428571427,10.750814285714284,10.703885714285715,11.157628571428571,11.490714285714287,12.010114285714286,11.828471428571431,12.271657142857142,12.271271428571428,11.823071428571426,11.268457142857143,11.023542857142857,11.233485714285715,10.995442857142857,10.023928571428572,9.781357142857143,9.5649,9.288042857142859,8.245671428571429,8.0309,8.211900000000002,8.463700000000001,9.373728571428572,10.136700000000001,10.700000000000001,11.13974285714286,10.785171428571429,10.637157142857143,10.268214285714288,8.94362857142857,7.893185714285713,7.117399999999999,6.628128571428571,6.7602142857142855,7.260985714285714,8.042214285714286,8.555385714285714,9.522085714285714,10.661428571428571,11.664885714285715,12.350671428571427,12.912814285714287,12.545571428571426,12.791514285714284,12.36787142857143,11.305157142857142,10.348485714285713,9.132599999999998,7.883742857142857,7.278285714285713,6.325928571428571,6.572814285714286,6.809442857142857,6.547042857142857,7.1342428571428576,7.675728571428571,8.205271428571429,8.877157142857143,8.496842857142857,8.30037142857143,8.669671428571428,8.582028571428571,9.209800000000001,8.958485714285715,9.072185714285714,9.54215714285714,10.520999999999999,11.141257142857143,11.193685714285715,10.00687142857143,9.936385714285715,9.486014285714287,9.312857142857142,8.948457142857142,8.851714285714285,9.17232857142857,9.762242857142857,10.870000000000001,11.638657142857143,12.772457142857144,13.603385714285713,14.170585714285712,15.181157142857144,15.31872857142857,15.029314285714284,14.789957142857144,13.85662857142857,13.773885714285713,13.458485714285715,12.431914285714285,13.048542857142857,13.340585714285714,13.356171428571429,12.971157142857143,12.190785714285713,11.872214285714284,12.241428571428571,12.5011,12.66432857142857,13.789514285714285,14.148657142857143,14.368771428571426,13.885785714285714,14.659128571428571,15.0493,15.41632857142857,14.396242857142855,15.259757142857145,16.59844285714286,18.25004285714286,17.954914285714285,17.533842857142854,16.87502857142857,17.423857142857145,16.654028571428572,16.55462857142857,16.56707142857143,16.622000000000003,16.869014285714286,18.059814285714285,18.527371428571428,19.2964,18.9315,20.674028571428572,21.218785714285712,20.33305714285714,19.434485714285717,19.029028571428572,21.0656,20.149785714285716,18.45924285714286,17.465342857142858,19.76727142857143,19.86805714285714,19.30822857142857,16.66055714285714,15.917685714285714,14.813571428571427,15.713728571428573,13.643957142857143,13.241428571428571,12.840271428571429,12.539228571428572,13.654614285714286,14.571214285714285,13.658285714285714,13.989642857142856,14.289428571428571,14.8893,15.315857142857142,15.150585714285713,13.670614285714285,13.595914285714287,13.160514285714287,14.141842857142857,13.7576,14.0507,14.108157142857142,14.409585714285713,14.665557142857141,16.77295714285714,15.741414285714283,16.742785714285713,17.157542857142854,16.552842857142856,17.764042857142858,18.48997142857143,17.31657142857143,18.139414285714288,17.480385714285713,16.055371428571426,16.952099999999998,16.663542857142858,17.373471428571428,17.5135,16.38115714285714,17.132942857142858,19.309142857142856,18.536514285714283,17.302414285714285,16.4032,15.352300000000001,16.46572857142857,16.148342857142858,13.973571428571429,14.4797,14.178728571428573,12.497271428571429,12.710485714285713,11.243285714285715,10.3002,10.864685714285715,9.911857142857144
135,14.8796,14.8796,13.5678,15.860033333333334,13.946225,13.906460000000001,13.150350000000001,12.741385714285714,13.361114285714288,13.203100000000001,11.923485714285714,12.289642857142857,13.177457142857142,12.984685714285714,23.92397142857143,42.92718571428571,55.228571428571435,60.48744285714286,63.73375714285714,63.68075714285714,65.68074285714286,54.799685714285715,35.118585714285715,24.728342857142856,19.7575,16.869142857142858,15.708628571428573,14.216842857142856,14.940885714285713,14.803099999999999,13.213242857142857,12.348442857142857,12.064599999999999,11.905299999999999,11.626985714285713,10.2527,10.92887142857143,10.584057142857144,11.041714285714287,11.246842857142855,12.000342857142856,13.107285714285714,13.49592857142857,13.980585714285715,14.988399999999999,15.314471428571432,16.068371428571428,15.745100000000003,14.510757142857143,17.472857142857144,16.88437142857143,16.264714285714284,16.445199999999996,15.567028571428569,16.58072857142857,17.59182857142857,15.68587142857143,15.45857142857143,15.178542857142856,15.554114285714286,15.7808,16.85617142857143,17.31927142857143,16.380300000000002,16.2599,17.239814285714285,16.69147142857143,17.000857142857146,15.746257142857145,14.612700000000002,15.177200000000001,14.658900000000001,13.345914285714287,13.222857142857142,12.174257142857144,12.227657142857142,11.407871428571427,11.176714285714285,11.719414285714285,13.483714285714287,13.434885714285713,13.061757142857143,12.199857142857141,13.47562857142857,14.885785714285715,15.294957142857141,14.087728571428572,14.069457142857145,15.603228571428572,15.781814285714287,16.25542857142857,16.236942857142857,15.63,15.733285714285715,16.227257142857145,14.89547142857143,14.102171428571433,13.888571428571426,14.4725,14.392828571428572,13.405671428571429,12.499500000000001,13.884557142857144,14.28187142857143,14.147628571428571,12.281899999999998,13.1784,15.180971428571427,16.33407142857143,15.262371428571429,14.509414285714286,13.760671428571428,13.4145,12.595957142857143,11.277485714285714,10.1682,10.611114285714285,10.955471428571428,10.50882857142857,10.808842857142858,10.415942857142857,10.838057142857142,11.071514285714285,11.571142857142858,11.475428571428571,12.158885714285715,12.401257142857144,14.810814285714287,14.234,13.930914285714286,12.230142857142855,12.416114285714286,11.721214285714288,10.355171428571428,7.795357142857143,7.151742857142858,7.125942857142858,8.129828571428572,8.064614285714287,9.745985714285714,10.543371428571431,11.947742857142858,12.282142857142858,12.290485714285714,11.769057142857145,11.810585714285716,10.3162,9.979342857142857,8.463228571428573,8.322785714285713,8.1821,8.534171428571428,8.801214285714286,8.971185714285713,9.660657142857143,9.4807,9.676900000000002,9.198985714285714,8.799342857142857,8.263285714285713,7.8792857142857144,6.959128571428571,6.4954857142857145,6.318414285714286,7.1888571428571435,8.300485714285715,8.700142857142856,9.482828571428572,10.713857142857142,11.987642857142857,12.345628571428572,12.4569,11.968057142857143,11.883042857142858,12.033614285714288,11.634685714285713,11.01692857142857,11.343757142857143,11.14292857142857,11.6889,11.821357142857142,10.976657142857144,11.192157142857143,12.006257142857143,12.3002,11.985871428571429,10.503071428571428,10.093714285714286,9.982942857142856,9.294457142857143,8.50772857142857,8.178314285714285,8.540242857142857,9.125385714285715,10.097557142857143,10.762614285714287,10.799014285714284,11.6499,11.328371428571428,11.068742857142857,10.678057142857142,9.367857142857144,8.488828571428572,8.210342857142857,7.125328571428571,7.0404857142857145,7.331671428571428,7.992528571428572,8.418771428571429,9.074385714285714,10.196628571428572,11.217057142857142,12.007885714285715,12.502857142857142,12.207285714285714,12.477814285714285,12.131685714285712,11.185014285714287,10.253414285714285,9.089842857142857,7.805214285714286,7.242142857142858,6.291685714285715,6.288057142857142,6.259457142857143,6.062214285714286,6.240700000000001,6.937171428571429,7.622657142857143,8.196428571428571,8.0973,7.956785714285715,7.746742857142857,8.006542857142858,8.596771428571428,8.37342857142857,8.315557142857143,8.947614285714286,10.438500000000001,11.545442857142858,11.2875,10.218042857142859,9.87992857142857,9.364028571428573,8.466042857142858,6.518042857142858,5.291214285714285,4.9793,5.230971428571428,5.149342857142856,5.220571428571428,5.3136857142857155,5.875185714285714,6.140999999999999,6.9174428571428574,6.920557142857142,7.011371428571428,7.2351,7.647014285714285,8.268885714285714,8.463714285714286,8.572557142857145,9.001228571428571,9.922828571428571,10.218028571428572,10.561599999999999,9.678099999999999,9.703985714285716,9.317357142857144,9.211028571428571,9.112842857142857,8.713742857142856,8.196685714285715,8.598014285714287,9.573171428571428,10.097985714285715,11.012128571428573,11.418757142857142,12.241585714285714,12.79902857142857,13.055185714285715,12.312871428571428,12.105114285714285,11.164642857142857,10.423785714285714,10.944071428571428,11.281914285714288,12.39145714285714,12.158671428571427,11.816442857142858,12.5532,13.497214285714284,13.3559,13.619985714285713,12.42642857142857,15.550214285714285,17.4246,17.228728571428572,17.131642857142857,16.686157142857144,16.790928571428573,17.885214285714287,16.897185714285715,15.845185714285714,17.19147142857143,16.526685714285716,16.590685714285712,16.815042857142856,15.438914285714285,15.259428571428572,16.64464285714286,16.45687142857143,16.976185714285716,17.311457142857144,17.613285714285716,20.166,19.967457142857143,18.59497142857143,18.879185714285715,20.550671428571427,20.812042857142853,20.427171428571427,18.9632,18.065985714285713,19.002414285714284,18.806428571428572,18.561200000000003,19.982242857142857,20.276614285714285,20.3356,20.007442857142856,19.335528571428572,20.638514285714283,20.669414285714286,20.204357142857138,21.264271428571426,22.536785714285713,25.3254,26.44204285714286,25.223085714285713,25.95172857142857,27.255142857142854,25.74374285714286,24.9507,23.888828571428572,24.605985714285715,25.085671428571427,22.924714285714284,21.518328571428576,21.7601,20.76178571428571,19.605485714285713,18.202285714285715,17.154342857142858,18.482485714285712,18.827814285714286,18.07381428571429,19.072928571428573,18.300185714285714,16.962657142857143,17.22897142857143,16.207214285714286,14.362414285714289,15.087028571428574,13.494028571428572
136,12.2978,12.2978,14.414000000000001,15.648533333333333,13.7365,14.317759999999998,12.935516666666665,12.596928571428569,12.140314285714286,11.787671428571429,10.58682857142857,10.906342857142858,10.876314285714287,11.1597,18.557385714285715,33.79254285714286,40.63298571428572,45.4792,47.731471428571425,48.151242857142854,49.5798,42.78711428571429,28.188385714285715,22.345814285714283,17.904500000000002,15.942599999999999,14.45177142857143,13.5209,13.416942857142857,13.505485714285713,12.818457142857142,12.470728571428571,12.685114285714288,12.922385714285715,12.619042857142857,11.218571428571428,11.189942857142857,10.9136,10.613814285714286,9.995742857142858,9.816414285714286,10.017514285714286,10.354042857142858,10.42022857142857,9.7541,10.271142857142857,11.119342857142856,11.187842857142856,10.633557142857143,13.071357142857142,12.601871428571428,12.73772857142857,13.758457142857143,12.351785714285713,12.510999999999997,12.973128571428571,11.616628571428572,12.23585714285714,12.711714285714285,11.971342857142858,13.003114285714288,14.139442857142857,15.436342857142856,14.493914285714286,13.737799999999998,13.212585714285714,12.4509,14.018557142857142,12.635771428571429,10.771428571428572,11.152057142857142,10.915914285714285,10.044285714285715,10.668185714285714,8.465671428571428,8.468471428571428,8.5468,8.35972857142857,8.388271428571429,9.488785714285715,9.2415,9.196771428571427,9.324171428571429,10.604528571428572,11.799257142857144,13.15674285714286,12.709857142857143,12.045014285714286,12.574642857142859,13.843042857142857,12.720685714285713,12.758142857142857,11.759485714285717,12.390685714285713,12.73882857142857,11.697285714285714,10.3821,11.312771428571429,11.143557142857144,10.707485714285713,9.48087142857143,9.669414285714286,10.457357142857145,11.271014285714285,11.306014285714285,11.362542857142857,13.378328571428572,14.753957142857145,15.731628571428573,16.682071428571426,15.613614285714286,14.730971428571427,13.837757142857145,13.110685714285717,12.87752857142857,12.035399999999997,11.349342857142858,11.64932857142857,11.5635,11.353514285714285,10.595371428571427,10.784257142857141,10.791785714285712,12.241171428571429,11.660042857142857,11.807085714285716,12.661128571428572,13.714257142857141,13.829685714285715,13.803057142857144,11.130128571428571,11.383957142857144,10.784357142857143,9.363442857142857,7.652242857142857,6.498157142857144,6.5534285714285705,7.749114285714285,8.218757142857143,10.108885714285716,11.293414285714283,13.377414285714284,13.775485714285713,13.529499999999999,13.63422857142857,13.580885714285714,12.657514285714285,12.296342857142855,10.623671428571427,10.487557142857142,10.280285714285714,10.239,10.416385714285715,10.527600000000001,10.727142857142857,10.559628571428572,10.394685714285714,10.258500000000002,9.952428571428571,9.346599999999999,9.01475714285714,8.3967,8.434014285714285,8.657057142857143,9.347942857142858,10.5432,11.102657142857144,11.571228571428573,13.204885714285714,14.210757142857144,15.300057142857144,15.616257142857142,14.934114285714287,15.185742857142857,16.14355714285714,15.630728571428573,15.041271428571429,15.0678,14.906114285714287,15.566428571428574,15.557028571428575,13.990342857142858,14.087885714285715,14.404528571428571,14.914614285714284,14.580985714285715,12.92,12.457357142857143,12.328942857142858,11.399671428571427,10.507414285714285,9.640042857142857,9.863957142857142,10.84747142857143,11.554214285714286,12.693299999999999,13.575500000000002,15.0004,15.042328571428571,14.4065,13.660057142857145,12.512857142857143,11.194242857142855,10.063128571428573,9.090457142857144,8.59137142857143,9.6185,10.535171428571429,11.031157142857142,11.401357142857142,13.1884,14.023485714285714,15.1626,15.866642857142859,16.3629,16.93104285714286,17.212442857142857,15.755242857142857,15.612457142857142,14.300328571428574,12.697414285714286,11.125985714285715,9.630571428571429,8.805014285714288,8.996285714285715,7.880971428571429,7.812285714285714,8.440114285714285,9.122714285714286,10.149585714285715,10.711614285714287,10.572171428571428,10.421157142857144,11.093057142857143,11.064528571428571,10.729342857142855,10.493714285714287,11.19212857142857,13.062800000000001,14.59007142857143,14.652585714285715,14.283042857142858,13.8843,13.508685714285715,12.125242857142856,9.514228571428571,7.884857142857142,6.7382,7.160157142857143,7.208442857142857,7.168671428571429,7.799342857142858,8.898914285714286,8.976314285714285,9.7357,9.224300000000001,9.292399999999999,9.4721,9.56707142857143,10.161614285714288,11.424557142857143,11.611185714285714,12.1469,13.6695,13.83997142857143,13.697342857142859,12.470257142857145,11.508885714285716,11.120914285714287,10.452585714285716,9.749071428571428,8.853528571428571,8.624328571428572,8.60212857142857,9.2706,9.251528571428574,9.783200000000003,9.994200000000003,10.891214285714286,11.018542857142856,10.738257142857142,9.948528571428572,9.372771428571427,8.618557142857144,7.588071428571429,8.180871428571427,9.238085714285715,10.118928571428572,10.0126,10.774385714285714,12.190671428571429,13.69257142857143,13.212814285714286,11.912728571428572,11.877799999999999,13.766271428571429,15.0268,14.737214285714288,13.955671428571431,13.239700000000001,13.532085714285715,14.50137142857143,14.653428571428572,13.9084,14.328671428571429,13.463085714285715,14.376028571428572,14.523957142857142,12.872442857142858,12.70267142857143,12.740385714285713,12.147400000000001,13.162985714285714,13.067385714285715,13.744200000000001,14.977914285714288,13.55027142857143,12.612657142857143,12.70947142857143,13.193471428571428,13.829557142857142,13.9764,13.634357142857143,13.241728571428572,14.36325714285714,14.78922857142857,14.728057142857143,15.06562857142857,14.242028571428573,14.360585714285714,14.877785714285713,14.105500000000001,14.819142857142856,14.235057142857144,14.305928571428572,15.4374,15.49807142857143,16.71227142857143,18.75947142857143,18.936500000000002,20.422,22.098457142857143,21.186457142857144,21.269800000000004,20.300985714285712,19.992285714285714,20.145171428571427,18.787442857142857,18.651571428571426,20.2746,20.336457142857142,20.84462857142857,20.908714285714286,20.74932857142857,22.225085714285715,21.627442857142857,19.98965714285714,20.160871428571426,19.326371428571427,17.339242857142857,16.46232857142857,15.537985714285714,13.159600000000001,13.909285714285716,13.056500000000002
137,7.6539,7.6539,8.610800000000001,9.9054,8.667325,9.11392,8.388616666666666,9.128314285714286,9.1854,9.362442857142856,8.588957142857144,9.079171428571428,10.78062857142857,11.243185714285714,17.248957142857144,32.42344285714286,35.04951428571429,38.06362857142857,39.48129999999999,38.704057142857145,40.95501428571429,35.06967142857143,21.044571428571427,19.741485714285712,17.32332857142857,15.860757142857144,14.359228571428574,12.083985714285713,11.502399999999998,10.401914285714284,8.879242857142858,8.4286,8.640957142857143,8.395100000000001,8.4797,8.017857142857144,8.400528571428572,8.183428571428573,8.1714,7.949071428571429,8.305014285714286,8.396257142857142,8.15162857142857,7.497814285714285,7.096085714285714,6.770985714285714,7.3524571428571415,8.514514285714286,8.302071428571429,9.186671428571428,9.7487,9.808985714285713,10.566342857142857,9.632228571428572,8.428714285714287,7.798342857142857,7.297028571428571,6.951485714285714,8.028785714285714,8.349742857142857,8.960857142857142,8.739099999999999,9.858128571428571,9.923514285714285,10.037085714285713,9.161271428571428,8.1744,9.754085714285713,9.943685714285715,8.982728571428572,10.027528571428572,9.7083,9.432285714285713,9.991642857142855,7.916385714285715,8.075185714285714,8.34,7.366757142857144,7.599742857142857,8.393514285714286,8.067314285714287,8.305728571428572,8.2661,10.085557142857143,11.405871428571428,13.35337142857143,13.056771428571428,13.3032,14.045928571428572,15.761085714285715,14.261957142857142,15.063199999999998,13.187,13.994771428571429,13.625,12.63442857142857,11.395214285714287,12.171171428571427,11.002114285714287,10.708942857142857,9.6261,10.5515,10.876957142857142,11.416457142857142,11.842557142857142,11.879000000000001,14.178985714285714,14.788057142857143,15.85247142857143,16.68832857142857,15.484257142857144,14.206957142857146,13.206900000000003,12.4083,12.591428571428569,10.778157142857141,10.620099999999999,11.241657142857141,11.25897142857143,11.394142857142857,11.062985714285714,11.107857142857142,11.44108571428571,12.247357142857144,11.56574285714286,11.683314285714287,12.598728571428571,14.094414285714285,15.287571428571429,14.939914285714284,12.695042857142855,12.833557142857144,12.070728571428573,10.442914285714286,8.3358,6.708728571428572,7.3173,8.445271428571429,9.471685714285714,11.62522857142857,13.29727142857143,14.921085714285713,15.242442857142857,14.732314285714285,14.956514285714286,14.462085714285717,13.429728571428571,12.594242857142856,11.094257142857142,10.736214285714286,10.634671428571428,10.6738,11.534385714285714,11.798771428571428,12.78292857142857,12.367757142857142,12.511385714285714,12.7363,12.456585714285714,11.442371428571429,11.176457142857142,9.952414285714285,10.507271428571428,10.452414285714285,11.291,12.558671428571428,13.067185714285715,13.676271428571425,14.477857142857141,14.259271428571427,15.552228571428572,15.935914285714288,16.545514285714287,16.946885714285717,18.466442857142855,19.107242857142857,19.643257142857145,20.03055714285714,20.000814285714284,18.702414285714287,18.8328,16.958071428571426,16.926099999999998,16.987057142857143,17.10507142857143,16.393442857142862,15.2599,14.363928571428572,13.866757142857143,12.580842857142857,11.66592857142857,11.208042857142857,11.921228571428571,13.118028571428571,13.96595714285714,14.035371428571427,14.762471428571429,19.541742857142857,19.402414285714283,18.2548,17.5414,16.44464285714286,15.948871428571428,15.257642857142857,10.882557142857143,10.269728571428573,11.598128571428571,11.924714285714286,12.118457142857142,12.4441,12.902428571428572,13.634128571428572,13.625914285714286,14.552442857142859,16.187700000000003,17.36601428571429,18.181271428571428,18.323685714285716,19.55412857142857,19.19332857142857,17.075814285714284,14.819914285714287,12.825528571428572,11.694471428571429,11.981742857142857,9.887571428571428,9.81177142857143,10.288857142857141,11.530685714285713,13.1132,14.020357142857142,14.011142857142856,14.103628571428569,15.550914285714285,15.60855714285714,15.100942857142858,14.42655714285714,15.5624,19.257714285714286,22.182,21.786685714285714,20.926585714285714,20.24675714285714,19.7211,17.728357142857142,12.8618,9.593685714285714,8.3317,9.63717142857143,9.441671428571428,9.589314285714284,9.91,10.844585714285715,10.839442857142856,11.30022857142857,10.098942857142857,10.169485714285713,10.352414285714286,10.650757142857143,11.147899999999998,12.171985714285713,12.587142857142856,13.493271428571429,15.511757142857144,15.621657142857142,15.293585714285713,13.953414285714286,12.700171428571428,12.00447142857143,10.892171428571427,9.639114285714285,8.733914285714286,8.662099999999999,8.928071428571428,10.264314285714287,10.764742857142858,11.535014285714285,12.296071428571429,13.800771428571428,14.683171428571429,15.063885714285716,14.486500000000001,14.168357142857143,13.536828571428572,12.5188,13.099642857142856,12.833528571428571,12.93207142857143,12.467128571428573,12.260899999999998,13.485228571428573,15.077357142857142,14.028400000000001,13.483414285714286,13.628785714285714,14.6792,16.738714285714284,16.36547142857143,14.272614285714287,14.025057142857145,14.315685714285715,14.692614285714285,15.58262857142857,15.136171428571428,15.686985714285713,15.929042857142857,16.026385714285716,15.961614285714287,14.828328571428573,13.894485714285716,12.75517142857143,12.134314285714286,12.735414285714285,12.564657142857143,12.7122,13.230314285714286,12.271357142857141,11.526542857142857,10.828457142857143,10.991442857142857,11.774899999999999,12.187871428571427,11.886457142857143,11.667085714285715,11.9939,12.339942857142857,11.774942857142857,10.652485714285715,9.791785714285714,10.214885714285714,11.309842857142856,10.790428571428572,11.751614285714286,11.4121,11.9319,12.4655,12.650114285714285,12.856971428571429,14.416885714285714,14.370157142857144,14.892514285714286,16.011757142857142,15.613685714285712,15.291814285714285,13.988142857142856,13.727385714285715,13.7517,13.676128571428572,14.409514285714286,15.944157142857145,15.852657142857142,16.108757142857144,16.78721428571429,15.925642857142856,17.571599999999997,16.612242857142856,14.854171428571428,15.442628571428571,15.17172857142857,12.983157142857143,13.33134285714286,11.420742857142855,9.694842857142858,10.012085714285716,8.764385714285714
138,5.771,5.771,6.5626,7.2049666666666665,6.5775999999999994,6.682979999999999,6.476499999999999,7.158299999999999,7.68082857142857,8.264742857142856,7.665828571428571,7.772771428571429,9.043171428571428,9.279657142857143,14.073014285714285,25.576014285714287,24.764571428571433,26.172257142857145,27.508714285714287,27.717571428571432,29.667471428571424,24.889885714285715,14.079899999999999,15.375442857142856,14.445214285714284,13.176371428571429,11.700585714285713,9.359314285714285,8.342985714285714,6.980585714285715,5.254528571428572,4.835128571428571,4.643785714285714,4.178400000000001,4.460142857142857,4.6718,5.5033142857142865,5.876914285714286,6.349271428571429,6.838114285714285,7.135885714285714,7.243685714285715,7.027942857142857,5.818614285714287,5.603314285714286,5.009857142857143,5.177528571428573,5.678914285714285,5.729285714285715,6.240171428571428,6.9877142857142855,7.0388,7.609071428571428,7.4414,6.451942857142858,6.142442857142858,5.838300000000001,5.393742857142857,6.429814285714286,6.793500000000001,6.8510285714285715,6.991757142857142,7.474428571428571,8.121457142857142,8.543914285714285,7.997171428571429,7.2218,8.594142857142858,8.79262857142857,7.976642857142857,9.028542857142858,8.863314285714285,8.2909,9.290828571428571,7.8604714285714286,8.335942857142857,8.961728571428571,8.148142857142856,8.460014285714285,9.435571428571427,9.109528571428571,9.111442857142858,9.041885714285716,11.364042857142858,12.196342857142858,13.0174,12.677971428571428,12.877328571428574,13.060414285714286,14.26372857142857,12.218271428571429,12.050685714285715,11.296999999999999,11.8356,11.339857142857142,11.512085714285714,10.717957142857143,11.40662857142857,12.246328571428572,12.1041,11.5544,12.218757142857143,11.761214285714285,12.11492857142857,13.855514285714284,12.804985714285712,13.856557142857142,14.58054285714286,15.399228571428571,15.891500000000002,15.16462857142857,12.840485714285714,12.245385714285714,12.751185714285715,13.230971428571427,11.804857142857143,12.5167,12.82272857142857,12.695257142857143,12.818142857142858,12.4683,12.05527142857143,12.268142857142854,12.552157142857142,12.521957142857143,12.339528571428572,13.876157142857142,14.026014285714284,15.595128571428573,15.594085714285717,13.962371428571428,13.891099999999998,13.534799999999999,11.040042857142856,11.450199999999999,9.99472857142857,10.910499999999999,11.786542857142857,12.314885714285714,14.144257142857143,16.216757142857144,15.433942857142858,15.520228571428573,14.899957142857145,15.231871428571429,14.5089,13.686499999999999,12.987799999999998,13.01817142857143,12.356357142857144,11.865885714285715,11.9919,13.863414285714285,14.140828571428573,14.282571428571428,13.82467142857143,14.49035714285714,15.440142857142858,14.866057142857143,13.660885714285714,13.335757142857144,12.2507,12.585614285714286,12.027485714285714,12.838571428571429,14.186885714285713,14.525642857142858,15.340428571428571,17.106957142857144,16.5844,18.26772857142857,17.869400000000002,17.67787142857143,17.40648571428571,19.1129,19.079571428571427,20.4703,21.71975714285714,22.051485714285718,21.42922857142857,22.827142857142857,20.930571428571426,21.18917142857143,20.511457142857147,20.24372857142857,19.889985714285718,19.14822857142857,17.493042857142857,16.673157142857143,15.603157142857144,15.213114285714287,15.35742857142857,17.183614285714288,18.586028571428574,19.741114285714286,20.076985714285712,21.22765714285714,27.97002857142857,26.84062857142857,24.737057142857143,24.1098,23.013471428571428,22.072499999999998,20.386742857142853,14.432242857142853,15.054771428571428,16.411914285714285,16.363714285714284,16.580042857142857,17.187157142857142,17.903042857142857,17.476057142857144,16.019342857142856,17.644114285714288,21.107300000000002,22.975671428571424,24.601314285714288,24.774099999999997,27.277985714285713,27.04517142857143,23.674114285714285,19.82124285714286,16.986042857142856,15.139142857142858,15.584328571428571,12.684614285714286,11.995514285714284,13.186857142857145,14.696028571428572,16.34057142857143,16.756614285714285,16.744799999999998,16.858757142857144,18.105657142857144,16.865771428571428,15.992814285714285,15.831457142857143,17.51562857142857,23.275914285714286,28.52397142857143,28.805885714285715,28.67515714285714,28.223842857142852,27.080171428571425,24.915957142857142,17.6309,12.433857142857144,10.639557142857143,12.32927142857143,11.430057142857143,11.707228571428573,11.945628571428573,12.665799999999999,12.291100000000002,13.306128571428571,11.746728571428571,12.087185714285713,12.9389,13.557685714285713,14.204957142857143,15.471457142857142,15.892142857142856,16.8766,19.148500000000002,18.388485714285714,17.549171428571427,16.434185714285714,14.786828571428572,13.822342857142859,12.515642857142856,10.700128571428573,9.791857142857141,10.587428571428571,11.399657142857142,12.545800000000002,13.020057142857143,14.4078,15.893485714285715,17.504257142857142,17.617685714285717,18.3624,18.938642857142856,19.429857142857145,18.7943,18.25957142857143,19.104442857142857,19.622214285714286,18.85082857142857,17.341171428571425,15.890842857142859,16.567914285714284,16.792928571428572,15.671171428571427,14.954728571428571,14.819442857142857,16.187471428571428,18.937457142857145,17.945128571428572,16.571357142857142,15.9931,15.812614285714286,16.504185714285715,18.355071428571428,17.213371428571428,18.8568,18.613085714285713,18.261714285714284,17.654557142857144,16.233942857142857,13.811742857142857,13.044614285714287,11.510485714285712,11.774914285714285,12.001585714285714,12.056242857142857,12.447228571428571,12.421142857142856,11.664,10.865357142857144,11.322199999999999,11.87092857142857,12.875457142857142,13.128371428571429,12.123842857142858,12.007771428571429,12.400214285714286,11.670657142857142,10.285014285714283,9.290928571428571,9.451342857142858,11.150142857142857,11.399199999999999,11.38227142857143,10.872714285714286,11.553285714285716,11.450028571428572,10.763071428571427,9.755985714285714,9.792757142857143,10.644057142857141,11.152142857142858,11.477028571428571,11.47535714285714,11.409485714285712,10.717785714285712,10.552685714285714,9.9983,10.558442857142856,11.283914285714285,12.291442857142856,12.949871428571429,12.879571428571428,14.199799999999998,13.530471428571428,13.743971428571427,13.684899999999999,12.12315714285714,11.77462857142857,12.127157142857142,10.317542857142858,11.169214285714286,9.934385714285714,8.268557142857144,8.723428571428572,8.331042857142858
139,4.0614,4.0614,5.068,5.727233333333333,4.98485,5.22902,5.24785,5.791185714285715,6.408757142857143,7.548114285714285,7.145728571428571,7.894585714285713,9.607142857142858,9.735357142857143,12.798457142857142,19.878899999999998,18.690699999999996,19.524242857142855,19.963328571428573,19.629328571428573,20.71742857142857,17.94142857142857,11.588314285714286,12.427214285714287,11.932900000000002,11.271285714285714,10.073871428571428,8.628628571428571,7.468628571428572,6.091428571428572,4.793785714285714,4.6417,4.2312,3.8205999999999998,4.348628571428572,4.411528571428572,5.162457142857143,5.511814285714286,6.334542857142857,6.908085714285714,6.8749714285714285,6.688457142857142,6.812428571428571,5.815285714285715,5.664157142857143,4.608585714285714,4.605185714285715,5.125757142857142,4.944814285714286,5.137214285714285,5.641514285714286,5.421471428571429,5.7438142857142855,5.806785714285714,4.954014285714286,4.578871428571428,4.437285714285714,4.636914285714285,6.072642857142857,6.561000000000001,6.560899999999999,7.243214285714286,8.549814285714286,10.107242857142856,10.108785714285714,9.418657142857143,8.758799999999999,9.946971428571429,9.822371428571428,8.61432857142857,8.159742857142858,7.949800000000001,7.756142857142857,8.627,7.47507142857143,7.803385714285715,8.397314285714286,7.666657142857142,7.8621285714285705,7.914171428571428,7.188942857142857,7.154271428571428,7.316528571428572,9.467471428571429,10.047557142857142,10.632985714285715,10.710885714285714,11.498428571428573,11.845557142857142,12.766985714285713,10.748299999999999,11.208128571428572,10.974214285714286,11.832657142857144,11.240571428571428,10.89362857142857,10.155742857142856,10.62577142857143,11.410157142857143,10.743157142857143,10.008985714285714,10.507900000000001,10.507900000000001,11.098614285714286,14.339542857142858,13.83114285714286,15.012314285714288,16.00877142857143,16.607957142857142,17.566,16.441085714285713,12.684742857142856,11.945185714285714,12.783442857142859,12.5779,11.766914285714284,11.179957142857143,11.566585714285713,11.336814285714285,11.38754285714286,10.84012857142857,10.728257142857144,11.6275,12.4864,13.051557142857144,13.411,14.374057142857144,14.374714285714287,16.102485714285713,15.298514285714285,14.468100000000002,14.258357142857145,14.020728571428569,12.102014285714287,13.71295714285714,12.842957142857143,13.799371428571428,14.484585714285714,15.250357142857142,17.841514285714286,20.273028571428572,18.936514285714285,19.32904285714286,18.134514285714282,18.19537142857143,17.135885714285713,15.487971428571427,14.63205714285714,14.233442857142856,13.043114285714285,13.0054,13.678414285714284,14.821342857142856,14.915314285714286,15.102985714285714,15.079757142857144,15.810457142857144,17.176014285714285,16.010914285714286,15.460657142857142,15.54135714285714,14.680242857142856,14.570014285714283,13.609585714285712,14.499828571428571,15.249199999999998,15.883628571428572,16.19612857142857,17.66465714285714,16.91662857142857,17.467714285714287,16.769814285714286,16.92338571428571,16.19742857142857,18.77072857142857,17.368414285714287,18.77404285714286,21.17902857142857,20.964371428571432,20.82065714285714,22.083742857142855,18.984928571428572,20.277014285714284,19.745785714285716,19.5891,19.521542857142858,18.626485714285714,17.210114285714287,16.80752857142857,15.802314285714287,15.703985714285716,16.1892,18.965585714285712,20.24705714285714,21.396871428571426,22.054114285714288,23.175471428571427,31.3157,29.88982857142857,27.25422857142857,26.654328571428575,25.49742857142857,24.576128571428573,23.725385714285718,17.185328571428574,18.704314285714286,19.8964,20.042285714285715,20.82707142857143,21.23967142857143,21.75617142857143,20.38612857142857,17.261242857142857,20.03002857142857,24.487257142857143,26.858357142857137,28.98762857142857,30.335271428571428,34.15245714285714,34.949842857142855,29.597200000000004,24.472371428571428,20.80802857142857,18.469271428571428,17.642614285714284,13.50767142857143,12.641928571428574,14.118014285714287,14.955899999999998,16.49632857142857,16.98052857142857,16.70037142857143,17.105542857142858,17.317157142857145,16.580342857142856,16.15707142857143,15.73022857142857,18.5828,26.529799999999998,33.82978571428571,35.27831428571429,34.82161428571429,34.878614285714285,34.33471428571429,30.86228571428572,21.402528571428572,13.92138571428571,11.635742857142857,13.710085714285714,12.659157142857142,12.485785714285713,12.996228571428572,13.70922857142857,13.334200000000001,14.329171428571428,13.601428571428572,13.916799999999999,14.77722857142857,15.256414285714285,15.389528571428572,16.787042857142858,17.028528571428573,17.508457142857143,18.733800000000002,17.83054285714286,16.6883,15.870214285714283,14.114171428571428,13.397428571428573,11.650042857142855,10.488057142857143,9.906771428571428,11.700814285714285,13.536028571428572,14.467085714285714,15.15647142857143,16.33074285714286,18.76964285714286,20.25487142857143,19.050485714285717,18.900685714285714,20.251014285714287,21.962514285714285,21.742628571428575,21.587642857142857,23.162614285714287,25.10862857142857,23.5436,21.37427142857143,18.382228571428573,18.956357142857144,18.025471428571425,15.660342857142856,14.17272857142857,14.701585714285715,16.408557142857145,19.652185714285714,17.724614285714285,16.425571428571427,16.297557142857144,15.415685714285713,16.531499999999998,16.726085714285713,15.347785714285711,17.1865,17.2354,16.746671428571428,16.76937142857143,14.942714285714285,13.168485714285712,12.319400000000002,11.349085714285717,11.201300000000003,11.507028571428572,11.471571428571426,11.637328571428572,12.08067142857143,11.506657142857142,10.528857142857145,11.102814285714286,11.688342857142858,12.355185714285714,12.901214285714286,12.049214285714287,11.628328571428572,11.854728571428572,10.626828571428572,9.621842857142855,8.538328571428574,8.5624,10.49442857142857,11.488114285714286,11.328299999999999,10.804814285714286,11.021514285714286,11.156514285714286,10.5592,9.659342857142857,9.749728571428571,10.331857142857142,11.176714285714285,11.096042857142859,11.090500000000002,11.24797142857143,10.07232857142857,8.585899999999999,8.464057142857142,8.850357142857142,9.33722857142857,10.259057142857142,10.801114285714286,10.8918,12.732557142857145,12.663328571428574,12.420742857142859,12.621685714285716,11.118028571428571,10.128871428571427,9.774885714285714,7.876271428571428,8.1229,7.429271428571427,6.073257142857144,6.574985714285715,7.0236
140,3.0123,3.0123,4.0629,4.144666666666667,4.0146250000000006,4.224400000000001,4.435116666666667,5.422828571428572,5.7766,6.881085714285716,6.8838,7.5089,9.419300000000002,9.541242857142857,10.914542857142859,14.868585714285715,13.853700000000002,14.411600000000002,14.35807142857143,13.506157142857143,14.054142857142859,12.644514285714289,9.54087142857143,9.865585714285714,9.507599999999998,9.223971428571428,8.500357142857142,7.504328571428571,6.250385714285715,5.004657142857144,4.195971428571428,4.5227,4.511642857142857,3.817542857142857,4.4713714285714286,4.592471428571429,5.361714285714286,6.0327142857142855,6.295814285714286,6.644028571428571,7.023371428571429,6.512828571428571,6.662128571428573,5.796628571428571,5.3388,4.548928571428571,4.299485714285714,5.0505571428571425,5.211171428571428,5.447842857142858,5.701885714285714,5.445842857142857,5.579185714285715,5.824914285714286,4.622085714285714,4.151514285714286,4.093342857142858,4.290128571428572,5.872114285714285,6.339285714285714,5.993828571428571,6.8872285714285715,7.8533857142857135,8.670499999999999,8.633099999999999,7.698514285714286,7.3011,8.891471428571428,8.460185714285714,7.781585714285714,7.956028571428571,8.4357,8.360385714285714,8.837985714285715,7.504357142857144,7.893314285714285,8.457214285714285,7.2061714285714285,7.057857142857143,7.034428571428571,6.450114285714285,6.544299999999999,7.044014285714286,8.8558,9.962742857142857,10.266471428571426,10.378457142857144,11.370757142857142,11.556814285714285,11.777114285714285,9.967185714285716,9.924414285714287,10.209171428571429,11.177742857142858,10.440428571428571,10.448728571428571,10.124585714285713,10.12492857142857,11.111742857142858,10.060557142857144,9.402257142857142,10.171257142857144,9.931371428571428,10.297185714285716,14.353914285714287,13.930828571428572,15.168314285714285,15.795671428571428,17.539914285714286,18.521685714285717,17.772542857142856,13.797999999999998,12.89172857142857,13.693957142857144,13.529585714285714,11.676271428571427,10.844314285714287,11.662128571428571,11.351814285714287,11.411942857142858,10.946871428571429,11.244071428571429,12.328928571428573,13.392371428571428,13.197542857142855,13.421471428571431,15.725714285714288,15.83714285714286,17.28702857142857,15.977271428571429,15.32167142857143,15.229428571428569,14.550985714285712,11.5851,13.946185714285717,13.499871428571428,14.831100000000001,15.6184,16.522414285714284,18.705299999999998,22.178985714285712,20.42237142857143,20.8691,19.928085714285714,20.29471428571429,19.329199999999997,18.636100000000003,18.319828571428577,16.817299999999996,14.959457142857142,14.34792857142857,14.160714285714283,15.339471428571429,16.158985714285713,14.787828571428573,15.460685714285715,17.078857142857142,19.216428571428573,18.51307142857143,17.921442857142857,16.97802857142857,16.063328571428574,16.894457142857142,15.933985714285713,17.214157142857143,17.271571428571427,18.385099999999998,19.015171428571428,20.6878,19.11875714285714,19.089885714285714,17.32242857142857,18.082171428571428,16.708242857142857,19.738842857142856,18.60894285714286,20.91571428571428,23.522199999999998,23.1385,23.666400000000003,24.710357142857145,21.31718571428571,21.586528571428573,20.44852857142857,19.587757142857146,19.446871428571423,17.7879,16.585285714285714,16.00714285714286,15.879042857142858,15.99407142857143,18.448385714285713,22.10575714285714,23.31564285714286,24.909385714285715,25.690685714285713,26.787871428571425,34.62065714285714,31.915171428571426,29.126957142857144,29.047014285714283,27.854814285714287,26.882271428571425,26.3196,20.812099999999997,22.85502857142857,24.216957142857144,23.6815,24.79817142857143,25.268542857142855,25.77458571428571,22.86504285714286,19.94275714285714,22.756857142857143,28.072014285714285,30.372871428571425,33.52062857142857,35.93815714285714,40.109114285714284,40.70325714285714,35.95834285714286,30.619342857142858,26.723028571428575,23.20482857142857,21.485542857142857,16.909314285714284,15.306885714285713,16.317985714285715,17.069857142857142,19.008171428571426,19.41727142857143,18.55851428571429,19.281442857142856,19.533814285714282,18.343557142857144,17.253257142857144,15.5853,17.481985714285713,24.954957142857147,32.616957142857146,33.4457,33.14814285714286,33.18875714285714,33.192528571428575,30.911514285714283,22.243671428571428,14.829300000000002,14.13002857142857,15.389842857142856,14.598671428571427,14.533928571428572,15.175114285714287,16.03887142857143,15.66622857142857,15.895214285714287,14.816785714285714,15.7736,16.551928571428572,16.6279,16.678800000000003,17.483228571428572,17.66682857142857,18.972,19.838228571428573,20.094385714285718,19.070899999999998,18.216171428571432,16.8988,16.89924285714286,15.34452857142857,14.131728571428571,12.283657142857143,15.583542857142858,17.717142857142857,18.96917142857143,19.19852857142857,20.54207142857143,24.19674285714285,25.075514285714284,22.95704285714286,23.283314285714287,25.174185714285716,26.79262857142857,26.841857142857144,26.88138571428572,29.76308571428572,31.113614285714284,28.074957142857148,24.399842857142858,20.768914285714285,20.666357142857144,18.03955714285714,14.767542857142855,12.648971428571427,13.435685714285713,16.559071428571432,20.194185714285712,19.089742857142856,18.503542857142858,18.56694285714286,18.465200000000003,19.41867142857143,19.414142857142856,17.065728571428572,17.766542857142856,17.47172857142857,16.817257142857144,17.05367142857143,15.310242857142859,12.505942857142857,12.41307142857143,11.6104,11.666857142857143,12.280085714285715,11.880714285714285,12.008957142857144,12.35757142857143,12.289042857142856,11.226799999999999,11.43645714285714,10.795642857142857,11.0414,11.499042857142856,10.4804,9.633628571428572,10.111871428571428,8.675199999999998,8.837014285714284,8.153385714285713,8.516557142857142,9.882042857142858,10.89562857142857,10.260057142857145,10.301757142857143,10.249814285714285,10.281471428571427,9.531642857142856,9.990528571428571,8.99392857142857,9.495014285714285,9.951742857142857,10.00372857142857,10.12522857142857,10.295828571428572,8.711942857142857,8.151657142857143,8.163942857142859,8.48857142857143,8.981414285714285,9.421942857142856,10.154671428571428,10.269014285714286,11.784357142857143,11.6805,11.182285714285715,10.793385714285714,9.835242857142855,8.44682857142857,7.902285714285713,6.339300000000001,6.219357142857143,5.858171428571429,5.3260000000000005,5.928471428571428,6.644871428571429
141,2.9928,2.9928,4.47,4.577133333333333,4.488925,4.74944,5.1795,6.320014285714286,7.035214285714285,7.762757142857143,8.1008,8.640071428571428,9.827328571428572,9.802742857142858,11.936414285714287,14.068142857142858,13.636671428571429,13.756885714285715,13.498257142857144,13.223285714285714,13.535414285714285,11.164528571428573,9.060542857142858,9.078228571428571,8.722757142857143,8.578385714285714,7.910071428571428,7.120742857142857,5.868000000000001,5.087785714285714,4.3219,4.557157142857143,4.7183142857142855,3.994142857142857,4.591728571428571,4.605271428571429,5.151085714285714,5.668357142857142,5.781871428571429,6.0255285714285725,6.282985714285714,5.747585714285714,5.9580857142857155,5.314671428571428,4.989128571428572,4.252585714285715,3.9001428571428574,4.564157142857143,4.910228571428571,4.850771428571428,5.2316,4.995857142857143,5.375657142857143,5.358314285714286,4.382014285714286,3.720242857142857,4.2884,4.445671428571428,5.824371428571429,6.218857142857142,6.003671428571428,7.122314285714286,8.097785714285713,8.820928571428572,8.675657142857142,7.7180857142857135,7.046057142857143,8.745328571428571,8.1115,7.57032857142857,7.336728571428571,7.919557142857144,8.074871428571427,8.839357142857143,7.526857142857142,8.094957142857142,8.511657142857143,7.370757142857143,7.200142857142857,7.161357142857142,6.583028571428571,7.134485714285715,9.360671428571427,10.707471428571427,12.234300000000001,12.536142857142854,12.57645714285714,13.320214285714286,13.446299999999999,11.541228571428572,10.2618,9.934328571428571,9.978542857142855,11.34902857142857,10.83507142857143,11.268642857142856,11.174642857142857,11.728357142857144,12.9931,12.250685714285714,11.023685714285714,12.254528571428574,11.342342857142857,11.238757142857143,15.787185714285714,15.449471428571428,16.913328571428572,18.13518571428571,19.6579,20.810885714285714,20.487399999999997,15.591885714285713,14.838285714285714,14.897114285714284,14.294928571428569,13.023157142857144,11.966999999999999,12.824742857142857,12.505385714285714,11.8882,11.2758,11.873385714285714,12.606714285714288,13.175471428571429,13.318442857142859,13.298500000000002,14.935185714285712,15.282799999999998,16.157442857142858,14.344371428571426,14.032214285714284,13.882757142857141,13.770457142857142,11.519771428571431,14.201557142857142,14.068114285714286,16.0371,17.041814285714285,18.832957142857143,20.993185714285712,24.250085714285714,22.665957142857145,23.769514285714283,22.237400000000004,22.839714285714283,21.23532857142857,19.733257142857145,19.497071428571427,17.742600000000003,14.990914285714284,14.378699999999997,14.114257142857142,14.780857142857144,16.57448571428571,15.405942857142858,16.5302,19.52124285714286,22.193142857142863,21.633814285714287,21.715700000000002,20.514042857142858,19.76287142857143,21.677042857142858,20.143757142857144,21.532414285714285,21.302457142857143,22.059328571428573,22.567085714285714,24.102485714285713,21.304100000000002,20.932214285714284,18.563457142857143,19.312728571428572,18.37305714285714,21.807514285714284,20.85097142857143,23.751471428571428,25.578742857142856,25.4377,26.395385714285712,26.637442857142855,22.4309,22.265000000000004,20.697899999999997,19.745914285714285,19.2204,16.993357142857146,15.66467142857143,15.244342857142858,15.831171428571427,16.59822857142857,20.62024285714286,24.830514285714287,26.391228571428574,28.162342857142857,29.92244285714285,30.267071428571423,37.175999999999995,34.57828571428571,31.56985714285715,31.570500000000003,30.738742857142856,29.121299999999998,30.039314285714287,25.016214285714288,26.403285714285715,27.963114285714287,27.375514285714285,28.06591428571429,28.557071428571426,28.21497142857143,24.83667142857143,21.771828571428568,24.816942857142855,30.639257142857137,33.67845714285714,37.27571428571428,39.695657142857144,44.44361428571428,46.29121428571428,40.9542,34.84938571428571,30.1114,25.885114285714284,25.390885714285712,19.840185714285717,17.239485714285713,17.751628571428572,18.26782857142857,20.989557142857144,21.56291428571429,19.19758571428571,20.602585714285713,20.495399999999997,20.846557142857144,20.574114285714284,18.842971428571428,20.772471428571432,26.480171428571428,35.19468571428572,35.97085714285714,34.769371428571425,34.50855714285714,33.961842857142855,31.010857142857144,24.491257142857144,15.615771428571431,15.325600000000003,16.121857142857145,15.427514285714285,15.694457142857145,16.953828571428573,17.764742857142856,18.898142857142858,19.231528571428573,19.57317142857143,20.999871428571428,21.238999999999997,21.08244285714286,20.171514285714288,19.473785714285714,19.578485714285716,21.38775714285714,21.708085714285716,22.169899999999995,21.124200000000002,20.972900000000003,19.824114285714284,19.811842857142857,16.767885714285715,14.988542857142859,13.398528571428573,17.0943,19.982642857142856,21.188971428571428,20.1362,20.119957142857146,24.7635,25.971514285714285,24.981671428571428,26.078642857142857,28.547171428571428,32.07958571428571,33.79912857142857,33.68682857142857,36.31617142857142,36.139799999999994,31.388942857142858,26.978271428571425,22.356314285714284,21.643599999999996,18.550242857142855,15.205071428571427,12.814585714285714,13.492385714285716,18.791885714285716,23.14092857142857,21.99654285714286,21.88218571428572,21.73131428571429,21.75708571428572,23.130699999999997,20.894557142857142,18.1801,19.00641428571429,18.34552857142857,17.700728571428574,18.443414285714283,16.59414285714286,14.082614285714286,13.289542857142859,12.471414285714287,12.5008,13.353814285714288,12.649928571428573,12.893442857142857,13.162914285714288,13.469757142857144,12.973214285714286,12.894499999999999,12.103114285714286,13.310971428571431,13.444657142857142,12.59697142857143,11.590985714285713,11.985014285714286,10.792471428571428,10.76207142857143,9.410714285714286,10.147214285714284,11.185371428571429,12.197257142857142,11.604714285714284,11.396814285714285,11.704514285714286,11.721242857142858,11.008514285714286,10.53727142857143,9.952342857142856,10.304785714285714,11.024871428571428,10.718685714285714,10.710099999999999,10.865271428571429,10.508371428571431,9.790542857142857,9.824028571428572,10.000057142857143,10.733142857142857,10.901371428571426,11.992314285714286,12.768,13.772899999999998,13.562542857142857,13.014799999999997,12.7174,11.854828571428571,10.116657142857145,8.623571428571427,7.340114285714284,7.050171428571427,7.240571428571429,6.717942857142858,7.784128571428572,8.077428571428571
142,3.0383,3.0383,5.6657,6.443933333333334,6.014950000000001,7.11718,7.8105,9.221785714285714,10.304385714285715,10.970557142857142,11.767285714285716,12.237085714285714,14.983500000000001,14.517714285714286,18.24442857142857,18.905685714285713,18.04274285714286,17.24602857142857,17.11347142857143,15.294300000000002,15.724071428571431,11.560228571428572,11.011414285714284,11.299299999999999,11.06072857142857,11.1533,9.83997142857143,9.202214285714286,7.8504,6.577499999999999,6.079742857142857,6.249514285714286,6.053714285714286,5.283457142857143,5.5366285714285715,5.5826,6.371228571428572,6.821371428571429,6.890128571428571,7.702785714285715,8.228185714285713,7.650857142857142,7.507042857142857,7.103814285714286,6.944028571428572,6.3696,5.4934,5.784485714285714,5.977785714285714,5.905957142857142,6.330371428571428,5.9328714285714295,6.0784142857142855,6.016614285714286,5.003228571428571,4.6628,6.004685714285714,6.1263571428571435,7.588042857142857,8.151228571428572,7.828214285714286,9.198085714285714,10.34077142857143,10.578771428571429,10.118471428571429,8.854700000000001,8.254128571428572,8.937528571428572,8.4196,7.3847,6.8406142857142855,8.00752857142857,7.6837285714285715,8.150028571428571,7.853828571428571,8.722028571428572,9.316257142857143,8.462914285714286,7.901614285714286,8.295085714285715,7.918771428571428,8.866942857142858,10.424885714285717,12.3501,13.649457142857143,14.039442857142857,14.214785714285714,15.052442857142859,14.542985714285715,12.614971428571428,11.425785714285714,11.665214285714287,11.8265,13.302071428571427,12.643,13.085785714285711,12.7873,13.152657142857143,13.830157142857145,12.5746,11.41342857142857,12.766657142857142,12.250771428571428,12.157028571428572,16.1114,15.648157142857142,17.506442857142854,18.754799999999996,19.767457142857147,20.831257142857144,20.7253,16.280742857142858,15.39875714285714,15.279814285714284,14.157857142857141,12.585357142857143,11.7067,12.415185714285714,12.084342857142857,11.825999999999999,11.0507,11.906657142857142,13.085414285714288,13.672642857142856,14.195871428571431,13.9739,15.444214285714285,15.542685714285714,16.041142857142855,14.395085714285715,14.18992857142857,13.592728571428571,13.9622,11.891914285714288,14.708571428571428,14.597314285714285,16.949828571428572,17.66145714285714,20.023857142857143,21.0532,23.46112857142857,22.1384,23.299299999999995,21.371199999999998,21.246885714285717,19.19327142857143,18.080885714285714,19.679185714285715,17.845342857142857,15.112971428571429,14.858414285714288,15.162714285714287,15.316600000000003,16.6779,14.442442857142856,15.116242857142856,18.80705714285714,21.411,20.606457142857142,21.112414285714287,20.5579,20.197242857142857,22.989185714285714,20.940671428571427,21.39387142857143,21.42997142857143,22.131814285714285,22.6841,23.589085714285712,20.2157,19.24554285714286,17.5246,18.50464285714286,18.700085714285713,22.099314285714286,21.452157142857143,24.2078,26.24625714285714,25.72221428571429,26.772342857142856,26.272342857142856,22.36457142857143,21.7336,20.47412857142857,19.332885714285712,19.142957142857142,17.12045714285714,15.491957142857144,14.88414285714286,15.628185714285715,16.090014285714286,19.124771428571428,22.43187142857143,23.41372857142857,25.420299999999997,26.340242857142858,26.23184285714286,31.223557142857143,29.374142857142857,26.941542857142856,27.16141428571429,26.4881,25.81457142857143,26.441957142857145,23.242314285714286,25.082985714285712,26.632914285714286,25.699028571428574,25.14397142857143,25.91162857142857,26.452314285714287,23.426814285714283,20.123814285714285,22.78324285714286,27.957328571428576,31.360728571428577,33.98721428571429,36.39304285714286,40.022800000000004,42.088414285714286,36.34610000000001,30.949257142857142,26.70114285714286,23.783457142857145,22.548714285714286,17.902985714285716,16.446257142857142,17.866242857142854,18.364985714285712,20.771271428571428,21.487528571428573,19.269542857142856,20.410700000000002,18.809628571428572,18.365157142857147,17.802414285714285,16.193214285714284,16.529514285714285,20.84847142857143,27.892871428571432,28.51467142857143,28.023128571428572,28.20425714285715,28.84332857142857,26.766214285714288,22.439085714285714,15.621571428571428,16.272714285714283,16.45042857142857,15.632114285714284,15.176242857142856,16.27838571428571,16.461657142857142,17.4837,16.58727142857143,17.126685714285717,18.358471428571427,18.645000000000003,17.958885714285714,17.311814285714284,16.424885714285715,17.610899999999997,20.2818,20.613257142857144,20.300857142857144,19.6669,20.21534285714286,18.789242857142856,19.00402857142857,15.938357142857141,14.733285714285714,14.45592857142857,18.739571428571427,20.211414285714284,23.437671428571427,22.652757142857144,23.64515714285714,27.05358571428571,28.16977142857143,28.6104,30.990142857142853,33.07777142857143,35.5599,36.19188571428571,37.44431428571429,38.68491428571428,37.310428571428574,33.15938571428571,27.66081428571429,24.0276,22.2261,19.540857142857142,17.819399999999998,14.981528571428571,15.843285714285713,21.998985714285716,27.886257142857147,29.225771428571427,29.801042857142857,29.76064285714286,29.67157142857143,29.827057142857143,25.853142857142853,20.749000000000002,21.416685714285713,19.628685714285716,18.1672,18.866457142857143,17.069200000000002,17.25267142857143,17.3083,15.164528571428571,14.951557142857142,16.084814285714284,15.866942857142858,16.616157142857144,15.253614285714287,15.864514285714284,16.60102857142857,16.56715714285714,15.976814285714285,17.769385714285715,18.008585714285715,17.297900000000002,17.19304285714286,17.857157142857144,18.5118,18.089914285714286,17.012842857142857,17.311957142857143,18.029999999999998,17.934428571428572,17.209242857142858,16.27615714285714,17.980128571428573,17.956542857142857,18.882257142857146,18.947028571428575,18.081914285714287,18.854071428571427,19.3594,17.726085714285713,17.048314285714287,16.670285714285715,17.98982857142857,19.499485714285715,19.220357142857143,18.526814285714288,20.614671428571427,20.897171428571426,21.96742857142857,22.291914285714284,23.009871428571426,22.74322857142857,23.45765714285714,22.03804285714286,20.48427142857143,18.348814285714287,15.432714285714285,12.230442857142856,11.469214285714285,11.236385714285715,10.940814285714286,12.798371428571429,12.399742857142858
143,9.3045,9.3045,11.9511,13.253566666666666,12.622575,14.14458,15.67695,17.021871428571426,18.010428571428573,19.79082857142857,21.009285714285717,20.967828571428576,21.619557142857143,20.785542857142854,25.563799999999997,27.426942857142855,25.312342857142855,23.39992857142857,24.05445714285714,24.77795714285714,24.622085714285713,19.57318571428571,18.464542857142856,18.966514285714286,18.87985714285714,18.940571428571424,15.766771428571428,15.282642857142859,14.278571428571427,12.161742857142857,11.646928571428573,11.710899999999999,11.064971428571427,11.11602857142857,11.051142857142855,10.135771428571429,11.149528571428572,11.14697142857143,10.978071428571427,11.271342857142855,11.202985714285715,10.520171428571429,10.324371428571428,10.126842857142858,9.89277142857143,9.655671428571427,8.8932,9.2346,10.0118,9.379499999999998,9.650757142857143,9.952157142857143,9.577828571428572,9.382214285714285,9.004257142857142,9.043128571428571,10.89585714285714,11.935985714285716,12.342471428571429,13.792428571428571,13.965214285714286,15.099271428571427,15.497271428571432,15.866814285714288,14.776985714285715,14.521328571428572,12.843614285714285,13.74232857142857,13.152057142857144,11.782042857142857,10.657771428571428,10.926914285714286,9.538128571428572,10.076657142857144,9.442714285714287,9.717057142857142,9.3246,8.860442857142857,8.604785714285713,8.588857142857142,8.2974,9.123614285714286,10.94762857142857,13.4778,15.549542857142857,15.9571,16.917614285714286,17.61092857142857,16.891528571428573,14.770600000000002,13.341899999999999,12.193628571428572,12.395542857142857,13.23524285714286,13.00922857142857,13.790414285714288,13.53947142857143,14.424028571428574,15.142185714285715,14.066585714285713,13.1354,14.124714285714287,13.047085714285714,13.0814,15.133228571428573,14.4398,15.047771428571428,16.409442857142857,16.238757142857143,17.035857142857147,17.234914285714286,15.187942857142856,14.981542857142855,14.872657142857141,13.197614285714284,13.145328571428573,12.697685714285715,12.985185714285716,12.731357142857144,12.501142857142858,12.782271428571429,13.727842857142857,13.87557142857143,14.0821,15.05777142857143,14.154399999999999,14.591885714285713,13.978742857142857,14.777942857142856,14.457342857142859,14.790442857142859,13.508057142857144,14.242199999999999,13.58682857142857,15.008814285714285,14.121585714285715,15.588871428571426,16.25067142857143,17.92282857142857,18.4871,19.469971428571426,19.4029,20.17182857142857,18.497314285714285,18.9672,17.77941428571429,16.756800000000002,17.794914285714288,15.967414285714284,14.433385714285714,14.404771428571427,13.714500000000001,13.312414285714286,13.785014285714286,11.969228571428571,12.790985714285714,16.029714285714284,17.165142857142857,16.21377142857143,16.319614285714287,15.781042857142856,15.474342857142858,18.17962857142857,16.296357142857143,16.934757142857144,17.113,18.306614285714286,19.228271428571425,20.022514285714287,16.79302857142857,15.909071428571428,15.108228571428572,15.697814285714285,15.907,18.449114285714284,19.100314285714287,20.822857142857142,22.16637142857143,21.725042857142856,23.140485714285713,22.647757142857138,19.28642857142857,18.51547142857143,18.678085714285714,17.970299999999998,17.531314285714284,16.065328571428573,14.70087142857143,14.596271428571427,15.146085714285714,15.116828571428572,17.556800000000003,19.820957142857146,19.45367142857143,21.243442857142856,22.163657142857144,21.73577142857143,24.78124285714286,23.371100000000002,21.925642857142858,22.69294285714286,22.042714285714283,21.393399999999996,21.950242857142857,19.852885714285716,21.334985714285715,22.281928571428573,21.202185714285715,20.664185714285715,21.553714285714285,22.175114285714283,19.847071428571432,17.01135714285714,19.291185714285714,23.08351428571428,26.14645714285714,27.206157142857144,28.42067142857143,31.437514285714286,32.61441428571428,29.20962857142857,25.619471428571426,23.09967142857143,21.568485714285714,20.172885714285716,16.29207142857143,15.710271428571428,16.685157142857143,17.247414285714285,17.762857142857143,18.286371428571425,16.960642857142854,17.774585714285713,16.721471428571427,15.469785714285715,14.538842857142855,14.232342857142855,13.864400000000002,16.99234285714286,20.414871428571427,20.6378,20.395142857142854,21.01325714285714,20.524614285714282,19.26008571428571,16.311357142857144,12.691785714285714,12.999485714285715,12.793985714285714,11.780814285714287,11.434357142857142,12.003285714285713,12.309471428571428,12.661557142857143,11.972114285714285,12.243642857142857,13.504142857142856,13.922271428571431,13.250914285714286,12.655142857142858,13.385485714285712,14.642614285714286,17.580142857142857,17.79564285714286,17.638114285714288,18.11792857142857,19.575628571428574,18.426157142857143,19.334642857142857,16.21251428571429,15.362542857142857,15.927142857142856,18.718742857142853,18.721071428571427,21.677757142857143,21.2856,23.095014285714285,25.18448571428571,25.434942857142858,25.66547142857143,27.267185714285713,27.088657142857148,27.088114285714287,25.87257142857143,26.19272857142857,26.360557142857147,24.54692857142857,22.39178571428571,19.940771428571427,17.94862857142857,18.315771428571427,18.16852857142857,17.7713,16.130485714285715,16.268471428571427,23.712899999999998,27.416957142857143,27.183285714285713,28.632885714285717,27.7734,27.788142857142855,28.548485714285714,23.608342857142855,22.569942857142856,24.174614285714284,20.37687142857143,20.359385714285715,21.975328571428573,20.057085714285712,19.553314285714286,19.06027142857143,17.48537142857143,18.981042857142857,20.495985714285716,22.292957142857144,22.938114285714285,20.741214285714285,21.485071428571427,21.366628571428574,20.546828571428573,19.571757142857145,19.67814285714286,20.719699999999996,20.45435714285714,18.472628571428572,20.741028571428576,21.416485714285717,21.2858,19.757314285714283,21.764914285714287,23.65578571428571,24.151642857142853,23.07267142857143,22.42164285714286,24.565442857142852,26.14722857142857,26.320685714285712,26.44134285714286,26.619242857142858,29.1673,29.854942857142856,27.752871428571428,26.613757142857143,23.948800000000002,26.170014285714284,29.42788571428571,27.075271428571426,26.71032857142857,29.279799999999998,28.983071428571428,32.240457142857146,30.5238,29.242842857142858,28.985685714285715,29.747528571428575,27.375671428571426,25.98685714285714,22.869357142857144,20.647742857142855,17.011114285714285,15.686099999999998,15.258714285714287,16.081271428571426,18.21278571428571,17.140571428571427
144,7.0838,7.0838,6.9594000000000005,8.402933333333333,9.151875,8.57988,10.002450000000001,10.791,11.788571428571428,11.810457142857144,12.651300000000003,13.864600000000001,14.753971428571429,14.709699999999998,14.09082857142857,26.193399999999997,32.245085714285715,34.10975714285714,33.961842857142855,34.61165714285715,37.20655714285715,37.81374285714286,26.13277142857143,21.48357142857143,18.68017142857143,17.27895714285714,16.756742857142857,12.8999,12.718485714285716,12.637457142857143,11.253271428571427,11.81882857142857,12.589128571428573,11.620842857142858,11.645271428571428,11.161842857142858,10.028671428571428,10.452528571428571,9.9881,9.8561,10.213242857142857,10.571314285714285,10.225571428571428,10.199628571428573,11.766057142857141,11.401357142857142,10.535085714285714,10.279371428571427,10.501114285714285,11.334514285714286,10.740657142857142,9.977942857142859,10.174742857142856,9.794385714285713,10.294957142857143,9.8682,9.526642857142857,11.377314285714286,10.330657142857143,11.236428571428572,12.745499999999998,12.338842857142856,13.405114285714287,13.9487,13.595814285714287,14.388200000000001,13.226585714285717,12.176157142857145,12.655685714285719,13.58367142857143,12.582642857142858,12.36751428571429,13.008385714285717,12.583114285714286,12.297385714285713,13.098585714285715,12.848457142857143,12.70314285714286,12.944714285714285,12.829242857142857,13.103514285714287,13.207728571428573,13.479000000000001,13.322385714285714,15.80952857142857,16.8103,18.831671428571433,20.346985714285715,21.001742857142858,20.4547,18.92397142857143,17.464614285714283,16.168642857142856,13.501914285714284,13.743314285714288,13.457842857142856,13.283185714285716,14.05974285714286,15.762685714285714,16.9021,17.923042857142857,17.297985714285716,21.346785714285716,20.553400000000003,20.2979,18.8502,18.032957142857143,17.53607142857143,17.954514285714286,14.494385714285713,15.215085714285712,15.563500000000001,16.334657142857143,16.34607142857143,16.255985714285714,14.750742857142857,14.857385714285714,14.696185714285713,14.06217142857143,14.599928571428572,14.048771428571428,13.548642857142855,14.45192857142857,15.379242857142856,15.165171428571428,16.812214285714287,14.31275714285714,13.896171428571426,13.817014285714285,14.296085714285715,13.997128571428572,14.858928571428569,12.452542857142857,14.494600000000004,16.674742857142856,17.063814285714283,16.749485714285715,17.40337142857143,16.440828571428572,17.765414285714282,17.2013,16.23237142857143,16.067,16.080414285714287,14.037514285714284,16.085957142857144,16.103885714285717,15.607757142857144,15.29304285714286,14.810685714285714,13.50054285714286,14.880985714285716,13.719071428571429,13.097500000000002,13.007342857142858,12.332399999999998,13.280299999999999,14.660871428571427,13.665557142857141,12.994185714285715,12.5966,11.607500000000002,11.373014285714287,13.357971428571428,12.994214285714287,13.777514285714288,13.561328571428573,14.776214285714286,15.545342857142856,15.940957142857144,12.95247142857143,12.4611,12.128499999999999,12.053299999999998,12.880457142857143,14.392657142857145,14.967857142857142,16.218428571428575,17.248,17.662971428571428,19.33955714285714,17.997357142857144,15.780085714285715,16.225914285714286,17.14562857142857,16.7983,15.870771428571429,15.478171428571429,14.754714285714286,15.173271428571429,15.00885714285714,14.871485714285713,16.20237142857143,17.17887142857143,16.342957142857145,17.73062857142857,18.04274285714286,18.001157142857142,18.63708571428571,17.86222857142857,16.948128571428573,16.865757142857145,16.125,15.740728571428573,15.482114285714287,14.235357142857143,14.848885714285714,15.200471428571428,14.889928571428571,14.414128571428572,15.147414285714285,15.010214285714284,14.328171428571427,13.054142857142859,14.966514285714286,16.933842857142857,18.304714285714287,18.165585714285715,18.673114285714288,19.125228571428572,18.897971428571427,16.61147142857143,14.527942857142857,12.946585714285716,12.158557142857143,11.620000000000001,10.0586,10.521114285714287,10.879914285714287,11.1751,12.09917142857143,12.23837142857143,11.569728571428572,11.7868,10.774528571428572,10.265828571428571,9.659128571428571,9.152771428571429,9.407114285714284,11.078642857142857,13.0825,13.22032857142857,13.514171428571428,14.331557142857141,14.085885714285714,13.263614285714286,11.244157142857144,8.649728571428572,8.479242857142859,7.919614285714284,6.863,6.407457142857143,6.421385714285714,6.930885714285714,7.645071428571429,7.6882,7.663042857142856,7.918528571428571,8.135399999999999,8.796742857142856,9.134385714285715,9.5924,10.1809,11.066414285714286,11.36712857142857,11.831357142857144,11.494485714285714,11.913885714285714,11.735999999999999,11.725085714285715,10.978771428571426,10.976999999999999,10.59152857142857,10.814642857142857,10.743114285714286,10.996185714285716,12.191571428571427,13.02222857142857,13.224342857142858,13.541771428571428,14.3727,13.566014285714285,13.263342857142856,12.157128571428572,11.21952857142857,11.219257142857144,11.249657142857144,10.456028571428572,10.160114285714286,9.874857142857142,9.158928571428572,10.316842857142857,11.839242857142855,11.4119,11.837342857142856,12.951014285714285,16.325,17.101071428571426,16.175114285714283,14.978485714285714,15.079242857142857,14.735,16.558214285714286,15.527657142857143,16.42487142857143,16.657457142857144,15.809871428571428,15.907557142857144,16.644928571428572,13.813957142857145,12.459342857142857,11.734157142857143,12.100800000000001,13.444571428571427,14.207971428571428,15.339128571428573,15.527571428571429,15.359071428571427,15.882214285714285,15.443628571428572,15.1695,14.31322857142857,12.77564285714286,13.59267142857143,13.005342857142855,11.996085714285714,13.347314285714287,12.362,13.28347142857143,12.542957142857144,13.684371428571428,14.278914285714288,15.127714285714287,14.996528571428572,15.849942857142858,16.171985714285714,17.666400000000003,16.856500000000004,18.36767142857143,17.73442857142857,16.298414285714284,16.0954,15.924985714285713,15.698199999999998,15.181142857142857,14.71215714285714,15.082128571428571,15.721642857142857,16.00117142857143,16.677457142857143,15.60922857142857,17.630657142857142,15.926614285714288,15.964514285714287,16.107857142857146,16.40664285714286,15.310457142857144,15.116271428571427,12.556485714285714,12.076628571428571,10.538157142857143,9.702157142857143,8.941385714285714,8.880085714285714,9.869285714285715
145,5.814,5.814,6.82655,7.5581000000000005,8.345225000000001,7.75708,8.8714,9.087542857142857,10.4381,10.461014285714285,10.508842857142856,10.904542857142857,12.315457142857142,12.38982857142857,12.147928571428574,17.969685714285713,20.007114285714287,22.83431428571429,23.558071428571427,24.430442857142857,24.448657142857144,25.2982,20.7483,19.354585714285715,16.225385714285714,14.488214285714287,12.44187142857143,11.226914285714285,10.491142857142858,7.9929,6.912100000000001,6.948228571428572,7.5363428571428575,7.4931,7.69682857142857,7.484328571428571,7.6724428571428565,7.923985714285714,8.695157142857143,8.926471428571428,9.103557142857143,9.2436,8.876542857142857,8.434828571428572,9.714785714285714,8.689942857142857,7.743542857142857,7.209257142857142,7.424814285714286,7.991328571428572,7.898757142857143,6.806185714285713,6.694271428571428,6.578214285714286,7.1341142857142845,7.0477428571428575,6.848285714285715,7.368385714285715,7.771428571428572,9.587757142857143,10.999885714285714,11.001214285714285,11.979485714285715,13.156328571428572,13.2491,12.853742857142857,11.280557142857143,10.605900000000002,10.640600000000001,11.438999999999998,10.262157142857143,10.737171428571429,10.773242857142858,10.286642857142857,10.242114285714285,11.00494285714286,9.1031,8.952899999999998,9.650742857142857,9.373342857142857,9.442242857142856,8.793671428571427,8.231385714285715,10.514114285714285,13.092885714285714,14.270014285714284,16.9776,18.414414285714287,19.373114285714284,20.111385714285714,17.495157142857142,16.1467,14.949714285714284,14.039371428571428,15.069085714285716,14.518385714285714,14.33302857142857,15.1086,15.850157142857142,15.410042857142857,15.954099999999999,14.984585714285712,18.359957142857144,17.941014285714285,17.7395,16.07962857142857,16.293642857142856,15.693457142857142,15.560871428571428,13.415385714285714,12.981442857142856,13.849957142857141,14.896157142857144,14.576285714285715,14.376657142857143,13.64437142857143,13.275014285714288,14.13287142857143,13.352557142857142,14.940442857142857,14.290157142857142,13.589257142857141,13.892714285714286,14.899914285714285,14.558999999999997,16.65137142857143,13.856857142857143,14.68277142857143,14.54227142857143,15.078342857142859,14.111885714285714,14.933942857142856,11.81582857142857,13.575842857142858,15.958357142857142,16.461742857142855,16.402485714285714,16.9489,15.685114285714281,16.56815714285714,16.791900000000002,14.180257142857144,13.530371428571428,12.990471428571428,11.639842857142856,12.221785714285716,12.5178,11.652314285714287,11.052057142857143,10.812785714285715,10.58772857142857,11.517085714285715,11.596328571428572,10.986085714285712,10.358099999999999,10.065471428571428,10.801757142857143,10.664257142857142,9.975814285714284,9.562971428571428,9.546614285714286,8.797928571428573,8.958142857142857,9.201814285714287,9.544628571428571,9.543857142857144,9.66757142857143,10.401628571428573,11.1439,11.465614285714285,10.927514285714286,10.585685714285713,10.4358,10.720857142857142,10.615142857142857,11.157857142857143,11.457185714285714,11.4623,12.005700000000003,12.370028571428573,12.386800000000003,11.882900000000003,10.900428571428572,11.517399999999999,12.78242857142857,12.803185714285712,12.417657142857141,12.803957142857142,12.4658,12.629871428571429,12.695042857142855,11.5094,11.68507142857143,11.951157142857143,11.064085714285715,12.347385714285718,12.765799999999999,12.092014285714283,12.612571428571428,12.445742857142859,12.008500000000002,11.47877142857143,10.386985714285714,9.4368,9.30697142857143,8.691285714285716,8.814842857142859,8.982014285714286,9.266757142857143,9.470414285714286,10.089185714285716,9.61777142857143,10.175385714285714,9.754971428571428,11.058800000000002,12.203042857142858,12.62394285714286,12.279914285714286,12.59137142857143,12.388371428571428,12.097828571428574,10.791414285714286,9.35527142857143,8.578385714285714,8.184114285714287,8.211642857142857,7.479971428571427,7.588642857142858,8.047757142857142,8.21812857142857,8.227442857142858,8.464857142857143,7.873042857142856,7.5058,7.278999999999999,7.194985714285715,7.1006,7.557657142857143,7.669242857142857,8.320557142857144,9.2003,9.388857142857145,9.145485714285714,9.420614285714283,9.047014285714285,8.663085714285716,8.015514285714286,7.016900000000001,6.701842857142857,6.3533857142857135,6.037185714285714,5.5797,6.371628571428571,7.157128571428571,7.0647714285714285,7.4251571428571435,7.634114285714285,7.943485714285714,8.457071428571428,8.507414285714287,8.623485714285714,9.51782857142857,10.3275,10.476128571428571,10.463571428571427,10.489299999999998,9.811514285714287,9.003257142857143,8.573385714285715,7.863628571428571,7.047842857142856,6.509228571428571,5.913642857142858,5.768800000000001,5.998371428571429,5.953242857142857,7.1724428571428565,9.310028571428571,10.127471428571429,10.845614285714285,11.640728571428571,11.257785714285715,11.006385714285715,9.446314285714285,7.755871428571427,7.198971428571428,6.945914285714287,6.607785714285714,6.540628571428571,6.8144857142857145,7.056785714285715,7.936271428571429,9.453357142857142,9.349157142857143,10.689085714285714,12.168714285714286,14.215014285714286,14.214985714285714,14.759571428571425,13.338214285714285,13.4376,12.683728571428572,13.784614285714285,13.611499999999998,14.6183,13.000028571428572,12.963671428571429,12.608142857142857,12.47332857142857,10.341514285714286,8.899114285714287,8.282371428571427,9.521571428571429,10.337399999999999,11.262142857142857,11.373271428571428,11.635842857142856,12.2821,12.898371428571428,12.951871428571426,13.361171428571428,13.520157142857142,13.458157142857145,14.202842857142855,13.477814285714286,12.779857142857143,12.820328571428572,11.825342857142857,11.97717142857143,11.515985714285716,11.829128571428571,12.488914285714287,13.19277142857143,13.036200000000003,13.491142857142856,13.499328571428572,14.256757142857143,14.080942857142857,15.598614285714286,14.689157142857143,14.664014285714286,14.8824,15.203442857142857,14.876199999999999,15.040142857142856,13.876985714285713,15.084385714285714,14.497942857142856,14.826499999999998,14.374057142857142,13.909957142857142,14.5149,13.48207142857143,13.285442857142858,14.828414285714286,14.363357142857144,14.046928571428571,13.647457142857144,11.6584,11.1336,9.470528571428572,7.6476000000000015,6.989771428571428,7.084942857142857,7.136214285714284
146,5.9607,5.9607,6.20415,8.000166666666667,8.182300000000001,7.6484200000000016,8.448216666666669,8.22707142857143,9.677757142857143,10.157685714285716,9.928857142857142,10.5016,11.962414285714287,12.567885714285717,13.094414285714288,20.12625714285714,22.43822857142857,23.274671428571427,24.031499999999998,24.411899999999996,23.66838571428571,24.18412857142857,17.6067,15.540342857142857,14.353871428571427,12.668071428571428,11.111714285714287,10.348614285714287,9.746157142857143,7.503371428571428,6.5266,6.444857142857144,7.2091,7.042128571428571,7.308042857142857,6.788257142857143,7.3964428571428575,7.677414285714286,8.2167,8.1548,8.805628571428572,8.805628571428572,8.6777,8.203314285714285,9.136185714285714,8.454342857142858,7.425314285714287,6.183457142857143,6.330285714285714,6.628728571428572,6.545128571428571,5.5017000000000005,5.245171428571429,5.247042857142857,5.806642857142856,5.745971428571429,5.345371428571427,5.6212285714285715,6.4659571428571425,7.7845,9.018242857142857,9.290128571428571,10.112871428571427,11.945442857142856,11.782842857142857,10.528757142857144,9.303928571428571,8.64712857142857,9.18532857142857,9.31377142857143,7.630428571428572,7.446028571428571,7.9366,8.389328571428571,8.6489,8.537242857142857,7.103114285714287,6.842071428571429,7.475557142857143,6.847685714285715,6.057142857142857,4.946685714285714,4.5187,6.678042857142858,8.327128571428572,10.15467142857143,11.561471428571428,12.225485714285714,13.647142857142857,14.755557142857143,13.533100000000001,13.025028571428573,12.570142857142859,12.932142857142859,13.805271428571428,13.004585714285716,12.467085714285714,12.232600000000001,12.473600000000001,11.123457142857143,10.604242857142859,10.311485714285713,11.230928571428572,10.715985714285713,10.517128571428572,9.471599999999999,10.471042857142859,10.630628571428572,10.534257142857143,10.688257142857143,10.631685714285714,10.885685714285712,10.924157142857142,10.92372857142857,10.646242857142855,10.222599999999998,10.072414285714286,10.762342857142857,11.152142857142858,12.599242857142857,11.203085714285715,11.299542857142855,11.491299999999999,11.3399,10.554714285714285,11.47147142857143,10.346257142857143,11.743714285714287,11.787600000000001,11.770214285714287,11.1576,11.416957142857143,9.096185714285713,9.958285714285713,10.247957142857143,9.595385714285714,9.180814285714286,9.76677142857143,9.55627142857143,10.102014285714287,10.70397142857143,9.410342857142856,9.642485714285714,9.721957142857145,9.788042857142857,10.139357142857142,10.729600000000001,9.5839,9.253442857142856,9.1174,8.970885714285714,8.427771428571429,8.222414285714285,7.300528571428572,7.328728571428572,7.120599999999999,7.355385714285715,7.126114285714286,7.089,7.0901571428571435,7.530585714285714,6.532957142857143,6.540928571428572,6.516814285714285,7.487857142857142,7.591385714285714,7.65902857142857,7.974814285714285,9.174371428571428,10.43277142857143,10.977742857142857,10.268457142857143,10.011157142857144,10.221028571428572,9.803657142857144,9.060028571428571,8.53552857142857,7.6565,8.030442857142857,8.313085714285714,8.334285714285715,8.345742857142858,8.169542857142858,8.955914285714286,10.506414285714285,10.47487142857143,10.145871428571429,9.697228571428571,9.58072857142857,9.682371428571429,9.112214285714286,7.608242857142858,7.5459000000000005,7.452128571428572,7.3066,7.620614285714285,8.373828571428572,8.121585714285715,8.62122857142857,8.793185714285714,8.72462857142857,8.407514285714287,7.8506714285714265,6.736542857142857,6.4285571428571435,5.880571428571429,5.3887,5.517471428571429,6.0945285714285715,7.029385714285715,8.073271428571429,8.599657142857144,9.069728571428572,9.683642857142857,10.109257142857144,10.340228571428572,9.48307142857143,8.524285714285714,7.869557142857142,7.6991,7.274099999999999,6.877857142857143,6.0757142857142865,6.128357142857145,5.8545428571428575,5.910985714285714,5.925657142857142,5.496628571428571,5.6515,5.7273571428571435,5.640528571428571,5.684728571428571,5.229685714285714,5.102257142857143,5.8339428571428575,6.213328571428571,6.770857142857142,7.410371428571428,7.679314285714286,7.969928571428571,7.802914285714287,7.693328571428572,7.0780714285714295,6.402285714285713,5.6514,5.293342857142856,4.992871428571428,4.863428571428572,4.139257142857143,4.185557142857143,4.775242857142858,4.905057142857143,5.597128571428572,6.615085714285714,7.396757142857142,7.8951,8.045257142857144,8.077714285714288,8.065457142857145,8.213328571428573,8.072685714285715,8.118228571428572,8.831414285714287,8.607728571428572,8.491371428571428,8.891157142857143,9.168999999999999,8.365357142857142,7.472242857142858,6.750471428571428,6.569642857142857,6.247414285714285,5.644771428571429,4.671914285714286,5.2261999999999995,5.267214285714286,6.366985714285714,7.253,7.5316857142857145,8.468742857142857,9.071514285714285,8.8659,9.162514285714284,7.711985714285715,7.318142857142858,6.570257142857144,5.985542857142858,6.0712142857142855,5.667014285714286,5.5882000000000005,6.504371428571429,6.921857142857143,9.154357142857142,9.4048,10.718671428571428,13.166385714285713,14.362971428571427,14.032157142857143,14.372871428571429,12.434099999999999,12.412171428571428,11.272714285714287,10.880528571428572,10.959214285714285,12.376671428571427,11.021771428571428,11.893085714285714,12.174157142857142,12.231328571428573,10.295842857142857,9.33987142857143,8.28957142857143,9.691428571428572,9.903885714285716,9.829914285714285,9.762,10.309185714285714,11.587514285714287,12.420314285714285,12.623757142857142,13.087085714285712,13.497985714285713,13.255485714285713,13.630299999999997,12.58285714285714,11.926542857142858,11.617,11.162614285714286,11.002542857142856,11.364885714285716,12.215814285714286,13.0846,13.553185714285714,13.412971428571428,13.370314285714286,13.67837142857143,14.360985714285716,14.623871428571428,15.6654,15.120485714285715,15.417,15.51315714285714,15.43707142857143,14.981628571428573,15.911328571428571,14.176985714285715,14.456928571428572,14.6058,15.091214285714287,14.798114285714286,14.416914285714284,13.004299999999999,12.625871428571429,13.390685714285713,14.141071428571431,13.513142857142856,13.026542857142857,12.512542857142856,11.529942857142856,11.06007142857143,9.089757142857144,7.3528142857142855,6.894028571428572,6.991928571428573,6.9257
147,6.6801,6.6801,5.9088,7.269366666666667,7.017825000000001,6.526820000000001,7.035866666666667,6.842885714285715,7.907000000000001,8.709214285714285,8.755771428571428,9.2715,10.694157142857142,11.012357142857141,12.09242857142857,17.89387142857143,18.35167142857143,18.507900000000003,19.092314285714284,19.19034285714286,19.07785714285714,19.101642857142856,14.04704285714286,13.686000000000002,12.9301,11.644171428571429,10.33087142857143,9.684714285714284,9.190014285714284,6.8060142857142845,6.033628571428571,5.791028571428571,6.740357142857142,6.797942857142857,6.262628571428571,5.545228571428572,6.308628571428572,6.058185714285714,7.053514285714286,6.594771428571428,7.421514285714285,8.231814285714284,8.231757142857143,7.725128571428572,8.435728571428573,7.464185714285715,6.666714285714287,5.486071428571428,5.5969,5.907228571428571,6.027499999999999,5.2068714285714295,4.980442857142857,5.015014285714286,5.16512857142857,5.0789857142857135,4.518942857142856,4.359571428571429,5.453771428571429,7.4443,9.792714285714286,10.2706,10.465742857142859,12.711571428571428,13.273214285714285,11.984914285714284,10.040814285714285,8.539542857142857,8.999971428571428,9.204614285714285,7.907571428571429,8.916757142857142,9.24232857142857,10.633414285714284,11.3912,11.928157142857142,11.176599999999999,10.606142857142858,9.53542857142857,9.197585714285713,7.896014285714286,6.147885714285715,5.104328571428572,7.799571428571428,10.655214285714285,13.490728571428571,14.720228571428573,14.766857142857143,15.625271428571429,16.67747142857143,14.697757142857142,12.623371428571428,10.0261,10.533328571428571,11.304757142857142,11.2982,10.328985714285713,10.0831,10.206,9.970114285714287,9.066514285714286,9.580471428571428,9.655514285714286,9.870128571428571,10.11582857142857,9.524528571428572,10.282428571428571,10.369514285714287,9.948914285714286,10.454257142857143,10.157242857142858,10.194271428571428,9.769357142857144,9.595857142857144,9.468,9.41152857142857,9.14322857142857,9.601885714285714,9.858328571428572,10.6562,10.403685714285714,10.569414285714286,10.363628571428569,9.829728571428573,9.318185714285715,9.470671428571427,9.052171428571429,9.89832857142857,10.323514285714285,9.995971428571428,9.828014285714286,9.713414285714284,8.26442857142857,8.322128571428571,7.354871428571428,6.314271428571429,6.420128571428571,6.6824,6.987957142857143,7.603114285714286,8.996628571428571,9.668928571428571,10.139585714285714,9.735814285714286,9.9742,9.700642857142858,9.842257142857145,8.279642857142857,6.6979,6.407357142857143,6.407357142857144,5.8447571428571425,5.945957142857142,5.710771428571428,6.256242857142857,6.669257142857142,6.299042857142857,6.458228571428571,6.706057142857143,6.485557142857142,6.382842857142857,5.2036999999999995,4.9347,5.0952,5.3881571428571435,5.200385714285715,5.269157142857144,5.867271428571429,7.3083857142857145,8.459871428571429,9.741714285714286,9.015485714285715,8.895485714285714,9.080385714285715,8.072057142857142,6.883300000000001,6.504171428571429,5.3927,6.32457142857143,6.838671428571429,6.752442857142857,7.055757142857144,7.466742857142857,7.879942857142857,8.592328571428572,8.279585714285714,8.0492,7.938842857142857,7.8115428571428565,7.4913,6.754814285714285,5.560714285714284,5.145671428571428,4.645671428571428,4.630814285714286,5.187828571428573,5.704271428571429,5.9187,6.2875571428571435,6.476257142857143,6.3703142857142865,5.7603,5.0144142857142855,4.155857142857143,3.467842857142857,3.3603285714285716,3.136057142857143,3.5494,3.9666428571428574,5.4020714285714275,7.017457142857142,7.829742857142857,8.385485714285714,8.752628571428572,8.858857142857143,8.845057142857142,7.285685714285715,5.7175142857142855,5.151028571428571,4.561242857142857,4.318585714285715,4.798242857142857,4.557542857142857,4.7607,5.359499999999999,5.156714285714286,5.818542857142857,5.818542857142858,5.062671428571429,4.965714285714286,4.618657142857143,4.169657142857143,4.042342857142857,3.7697142857142856,4.4011,5.44682857142857,6.554542857142857,7.779528571428572,8.299985714285715,8.476228571428573,8.046785714285715,7.736914285714286,6.681971428571429,5.738428571428571,4.749685714285714,4.237785714285715,4.162428571428571,4.816342857142857,4.794814285714286,4.852971428571428,5.533185714285715,6.125099999999999,6.708457142857142,7.785685714285713,7.8519999999999985,8.087399999999999,9.109114285714286,9.020814285714286,9.020814285714284,9.019,8.605628571428571,8.804628571428571,9.277885714285715,8.266057142857143,8.266085714285714,8.266085714285712,8.266085714285714,7.358414285714285,6.415871428571428,5.414471428571429,5.362114285714285,5.016100000000001,4.432742857142856,3.7228285714285714,4.348542857142857,4.539457142857143,5.134971428571428,5.7183142857142855,5.820042857142857,6.376657142857143,6.874242857142858,6.652971428571428,7.042542857142857,6.596871428571428,5.962785714285715,5.747400000000001,5.420171428571429,5.634285714285714,5.467700000000001,5.325385714285715,5.920728571428572,6.595028571428571,9.197585714285713,9.551528571428573,9.654914285714286,10.824214285714286,11.5391,11.323842857142855,11.321057142857143,8.33797142857143,8.026742857142859,7.923357142857144,8.1617,8.031314285714286,8.972900000000001,8.351385714285714,9.71042857142857,10.028485714285713,10.536971428571428,9.1814,8.986557142857142,8.604600000000001,9.655328571428571,9.459914285714285,9.6046,8.551785714285714,8.986971428571428,10.113471428571428,9.825199999999999,10.36537142857143,11.059771428571427,11.061085714285714,11.603685714285715,12.386828571428572,11.388,11.5561,10.718657142857143,10.158914285714285,10.445542857142856,10.718885714285713,11.18085714285714,11.920814285714286,12.65652857142857,12.76022857142857,12.532157142857143,12.736514285714284,13.561271428571429,13.581657142857141,14.084557142857145,13.253985714285715,13.572485714285715,13.8293,13.554528571428571,13.129700000000001,13.57807142857143,12.447500000000002,12.473714285714285,12.622842857142858,12.902600000000001,12.55917142857143,12.121185714285716,11.760757142857143,12.515985714285714,12.83692857142857,13.172957142857141,12.517871428571429,12.83132857142857,12.595971428571428,11.492842857142858,9.8956,8.954242857142857,7.5498714285714295,7.260628571428571,6.829828571428571,6.722700000000001
148,8.8198,8.8198,7.26315,8.2957,7.59785,6.7286600000000005,6.908350000000001,6.593928571428572,6.977471428571428,8.301285714285713,8.1737,8.591199999999999,9.328142857142856,9.2355,9.9577,16.95265714285714,18.80128571428571,18.85907142857143,19.053942857142857,20.03312857142857,20.557442857142856,21.299914285714287,14.491171428571429,12.147028571428569,11.4117,10.619242857142856,9.01545714285714,8.293871428571428,8.024742857142856,6.622842857142857,5.808285714285715,5.674385714285714,6.720814285714285,6.927671428571429,6.469857142857143,5.639742857142856,6.542671428571429,6.143557142857142,7.022942857142857,6.800457142857143,7.402228571428572,8.301614285714287,7.9566428571428585,7.338114285714286,7.6957,6.890571428571429,6.248271428571429,5.8792285714285715,5.760128571428572,6.212114285714286,5.926571428571429,5.432514285714286,5.225842857142857,4.8364142857142856,4.1141,4.4134714285714285,3.5961428571428575,3.8713,4.720785714285715,6.390814285714286,8.169057142857143,9.4886,9.1842,10.858114285714285,11.888042857142855,11.038614285714285,9.32872857142857,9.010071428571427,9.015,9.068557142857143,7.924185714285715,7.872642857142857,8.120114285714285,9.35252857142857,9.233457142857143,9.286285714285714,8.740057142857143,8.979385714285716,9.250242857142856,9.003014285714286,7.781142857142858,6.351657142857144,5.824214285714286,6.332428571428572,7.426042857142856,8.249514285714286,8.969742857142858,8.881885714285714,10.173628571428571,10.562228571428571,10.547928571428573,10.023328571428573,11.20507142857143,12.651842857142857,13.503199999999998,13.281071428571428,13.3465,13.514300000000002,13.374957142857141,10.5626,8.66002857142857,9.725357142857144,9.102728571428571,8.654428571428571,8.8677,8.551185714285714,8.562114285714285,9.158985714285715,9.0985,9.924671428571429,9.918828571428572,9.566185714285712,9.499414285714286,9.5408,9.100114285714286,8.096357142857142,7.863585714285715,8.40517142857143,9.587385714285716,9.41697142857143,9.430185714285715,10.414914285714286,10.451114285714285,9.67807142857143,9.111742857142858,8.556828571428571,8.571714285714286,9.308814285714286,8.866985714285713,8.375142857142858,8.403828571428571,7.8161,6.621857142857142,6.703,5.607957142857144,5.2477285714285715,5.129071428571429,5.124785714285714,6.875071428571428,8.914728571428572,10.397142857142857,11.532942857142856,11.648728571428572,12.223557142857144,12.95104285714286,11.4759,11.190414285714285,9.25622857142857,7.562185714285714,7.016028571428572,7.483600000000001,6.708928571428572,6.563885714285716,4.766157142857142,5.683442857142857,6.291557142857143,6.119800000000001,5.275385714285714,5.449,6.0159,6.060785714285714,4.819814285714286,4.3468285714285715,4.352314285714285,4.111785714285714,4.158428571428571,3.9016714285714285,5.031985714285715,7.104385714285714,8.479742857142856,9.835042857142856,9.635099999999998,9.258114285714287,9.246328571428572,8.0842,6.6132857142857135,6.0740428571428575,4.970728571428572,5.836157142857144,6.206471428571429,6.300357142857143,6.303914285714286,6.211942857142857,6.092671428571429,6.420128571428571,6.156242857142857,6.112114285714286,5.641285714285715,5.611428571428571,5.1371714285714285,4.560957142857142,3.9049571428571426,3.4606857142857135,3.302385714285714,3.568885714285714,4.454285714285715,5.431400000000001,5.937985714285715,6.172957142857144,6.2129,6.018842857142857,5.752342857142857,4.7177999999999995,3.7070000000000003,2.9259571428571434,2.762114285714286,2.7258714285714283,2.982557142857143,3.5448285714285714,4.748142857142858,6.085414285714286,7.150728571428572,8.00107142857143,8.311842857142858,8.309857142857144,7.5933714285714276,6.383471428571427,5.301814285714285,4.648285714285715,3.910342857142857,3.8544142857142853,4.371414285714286,4.642042857142857,4.789585714285714,5.382228571428572,5.441342857142857,5.945214285714286,5.967728571428572,5.214457142857142,4.908085714285714,5.632457142857143,5.039814285714286,4.824528571428571,4.942642857142857,5.321471428571428,6.3691571428571425,6.619571428571429,6.60157142857143,6.816857142857144,6.691357142857144,5.9765,5.455685714285714,4.371942857142857,4.022028571428572,3.3030142857142857,3.0963285714285713,3.2418857142857145,4.071442857142857,3.954814285714286,4.139957142857143,4.643299999999999,5.259357142857143,5.844514285714285,7.158528571428571,7.158528571428572,8.251242857142858,9.237085714285714,9.5842,9.584228571428572,9.584242857142856,8.843942857142858,9.299557142857143,9.299557142857143,8.658428571428571,8.5723,8.8133,8.8729,8.0238,6.719357142857143,5.515728571428573,5.6411999999999995,5.387099999999999,4.721185714285714,3.8094,4.471,5.1913,6.802071428571429,6.938014285714286,7.222842857142858,7.563485714285714,8.054885714285716,7.881600000000001,8.021928571428573,6.798385714285716,6.436785714285716,6.072828571428573,6.099985714285715,6.4616,6.235957142857143,5.514171428571429,5.875771428571428,6.592614285714285,8.62962857142857,8.687542857142857,9.164314285714285,9.869257142857142,10.513771428571427,10.513771428571427,10.158542857142859,7.691657142857144,6.994571428571428,6.9936428571428575,7.131428571428572,7.300414285714287,8.647471428571428,8.070228571428572,9.361328571428572,10.056442857142857,9.973728571428571,9.463614285714284,9.192099999999998,7.978871428571428,9.058714285714286,8.729114285714285,8.602485714285715,7.703685714285714,7.519442857142858,9.026728571428572,8.8926,9.130457142857143,10.163742857142859,10.735257142857142,11.239014285714287,12.353142857142856,11.406385714285713,11.998785714285715,11.077728571428569,9.725614285714286,9.725614285714284,9.727214285714284,10.106642857142857,11.258857142857142,11.800514285714286,12.275557142857142,12.9035,13.21942857142857,14.04787142857143,13.645614285714286,13.403257142857143,13.01117142857143,13.02657142857143,13.701885714285718,13.706642857142857,12.924499999999998,14.221614285714285,13.185585714285711,13.049342857142856,14.174614285714286,14.402385714285712,13.708614285714287,13.763142857142856,12.5693,12.73202857142857,12.535485714285713,11.685157142857145,10.038499999999999,10.701500000000001,11.091157142857144,10.293657142857143,9.424171428571428,9.061285714285715,8.5658,8.657571428571428,8.187928571428571,7.338
149,5.7135,5.7135,5.69625,5.878433333333334,5.500425,5.31284,5.60265,5.558228571428571,6.371985714285714,8.267214285714285,8.68842857142857,8.848042857142856,9.3355,10.127414285714284,13.414257142857142,24.546085714285713,28.907714285714288,29.0205,29.56828571428571,29.447414285714284,28.94022857142857,26.731899999999996,15.600071428571429,9.536157142857144,8.581528571428573,7.609928571428573,6.985242857142858,6.2290857142857154,5.455128571428572,4.2397,3.6906857142857143,3.5162,4.786600000000001,4.938114285714286,5.560785714285714,5.5121714285714285,6.006885714285715,6.090357142857144,7.115714285714286,8.721657142857142,12.411857142857142,12.396014285714285,11.987214285714286,11.679857142857143,12.043242857142857,11.324271428571427,9.231142857142858,5.991214285714285,5.860328571428573,6.705814285714284,6.6348,6.0259285714285715,5.738771428571428,4.990314285714286,4.7512,4.828742857142857,3.6714857142857147,3.7155285714285715,4.6053,5.898714285714285,7.606657142857142,8.45152857142857,8.504942857142856,10.286128571428572,10.595185714285714,9.70422857142857,8.388342857142858,7.223,7.101571428571428,6.892314285714286,7.265642857142857,7.787885714285714,8.608028571428571,10.2808,9.83112857142857,9.424728571428572,9.104485714285714,7.598885714285715,8.290857142857144,7.490714285714286,6.595185714285714,6.856828571428571,7.897671428571429,8.442642857142857,8.755742857142858,8.850442857142857,9.372514285714287,9.177171428571429,9.6376,10.1806,11.001271428571428,13.818628571428572,12.77067142857143,14.231557142857145,14.084614285714286,14.446528571428573,13.126857142857144,12.772614285714287,9.8469,9.913185714285715,8.320514285714285,9.95422857142857,9.092114285714285,9.219957142857142,9.21952857142857,9.445371428571429,9.571714285714284,10.338257142857142,9.512157142857143,9.947999999999999,9.625485714285714,9.031357142857143,9.5976,9.404957142857143,8.988928571428572,9.476371428571428,9.47632857142857,9.548357142857144,10.666371428571427,9.679342857142856,10.042285714285715,10.323071428571428,9.44442857142857,8.8688,8.798757142857143,7.850914285714286,9.050142857142857,10.376542857142855,12.102928571428569,12.557785714285716,13.004328571428571,12.368200000000002,11.9528,10.77447142857143,8.569657142857142,6.525514285714285,5.662528571428571,5.125457142857143,6.979057142857144,8.8393,10.898542857142857,11.413928571428572,12.470228571428569,12.878357142857144,13.544428571428572,12.32691428571429,11.9369,9.447428571428572,8.615357142857142,6.980785714285715,6.980785714285714,6.803557142857143,6.188657142857143,5.708828571428571,6.313271428571428,7.623442857142857,7.805371428571428,9.127471428571429,8.9944,10.175057142857142,9.477500000000001,8.7316,7.6793571428571425,7.483242857142857,6.239228571428571,6.039928571428571,5.588028571428571,6.385914285714285,8.0566,9.551485714285715,10.558628571428573,9.743342857142855,9.770371428571428,9.298071428571427,8.393771428571428,7.145414285714286,6.224714285714286,5.701828571428572,6.432442857142858,6.993099999999999,7.169771428571429,7.2108,7.259957142857144,7.146685714285715,6.595785714285715,6.378785714285714,5.787542857142857,5.235842857142856,4.938371428571429,4.396285714285715,3.8817142857142852,3.8188714285714283,3.483014285714286,3.410357142857143,4.495842857142857,5.598385714285714,6.2635,7.471285714285714,7.4938142857142855,7.248942857142858,7.110214285714286,6.094285714285713,4.710485714285714,4.043314285714286,2.6837142857142853,2.661042857142857,2.6586,3.383728571428572,4.850442857142857,6.320900000000001,7.459128571428571,8.227514285714285,9.212171428571427,10.490057142857141,9.8221,8.282814285714286,6.9503571428571425,6.267871428571428,6.038557142857143,5.168757142857143,4.697685714285714,5.421371428571428,5.649799999999999,5.889557142857143,6.249985714285715,6.25852857142857,6.992685714285714,6.990557142857143,6.3568,6.668142857142857,6.958557142857143,6.477842857142856,6.136699999999999,6.1388428571428575,6.750857142857143,7.943128571428572,8.61867142857143,8.692314285714286,8.601957142857142,8.504971428571428,7.769871428571427,7.7800571428571415,6.742914285714285,5.518771428571428,4.702114285714286,4.746828571428572,4.637657142857143,5.799214285714285,4.559857142857143,4.850314285714285,5.193757142857144,5.9796571428571434,7.849400000000001,9.1037,9.15217142857143,10.2464,10.853257142857142,11.255042857142858,12.535471428571428,11.669157142857143,11.538257142857143,11.3172,10.842114285714286,9.868971428571427,9.868971428571427,8.651442857142857,8.0838,7.211857142857143,6.295285714285716,5.635471428571429,6.1310714285714285,5.768385714285714,5.325285714285714,4.598685714285715,4.981242857142858,5.4257285714285715,6.966571428571429,7.308028571428571,7.4990428571428565,7.771185714285714,8.1135,8.039014285714286,8.255157142857142,6.9584142857142846,6.620228571428571,6.4293571428571425,6.719785714285714,7.126171428571429,6.862028571428572,6.740942857142857,6.915599999999999,6.9155999999999995,7.703557142857142,7.563471428571428,8.228557142857143,9.166157142857143,8.7395,8.981371428571428,9.660571428571428,9.233242857142857,9.868357142857144,9.769685714285714,10.800342857142855,11.674428571428573,11.947314285714285,11.265385714285713,11.267171428571428,10.591071428571428,9.75632857142857,8.271442857142857,7.717271428571428,7.681457142857142,8.111199999999998,8.076614285714285,7.616985714285714,7.361414285714285,6.9696428571428575,8.271157142857144,7.9279,8.033785714285715,9.074414285714285,12.76037142857143,13.032828571428572,13.976357142857143,13.542842857142858,14.089285714285714,12.913185714285714,11.606214285714286,8.819657142857142,9.582628571428572,9.66122857142857,10.032814285714284,10.734614285714287,11.139942857142856,11.756528571428571,11.403628571428571,11.665414285714288,11.038071428571428,11.381528571428571,12.160114285714286,12.965257142857142,13.182657142857144,14.03647142857143,13.447357142857143,14.149614285714287,13.89257142857143,12.780942857142858,12.488771428571429,12.915771428571428,11.971928571428569,11.692285714285713,11.019385714285715,10.041471428571429,9.491785714285713,9.508957142857142,8.54717142857143,8.439457142857142,8.344128571428572,7.95447142857143,7.297357142857144,6.938157142857142,6.2122714285714284,5.667485714285715,5.340642857142856,4.8690428571428575
150,7.4129,7.4129,5.0074499999999995,6.655033333333333,5.964425,6.37152,6.4571000000000005,6.231714285714285,7.949700000000001,9.228485714285714,8.831571428571428,9.300028571428571,11.582099999999999,11.078757142857143,18.027442857142855,31.764485714285716,35.47357142857143,38.19454285714286,38.19454285714286,35.79417142857143,37.114357142857145,31.56907142857143,17.84492857142857,13.12945714285714,9.826371428571429,9.199085714285715,8.865428571428572,8.062042857142858,6.555085714285714,4.136028571428572,4.099271428571429,3.953542857142857,5.173,5.176042857142858,7.760514285714286,8.741114285714286,9.378728571428573,9.391414285714287,10.711428571428572,10.853342857142858,11.302271428571428,8.839257142857143,8.3402,7.8735,7.725071428571428,7.079314285714285,6.177828571428572,5.9935857142857145,6.0944714285714285,5.841,6.085842857142857,6.380471428571428,5.702157142857142,6.301157142857142,6.4872000000000005,5.589628571428571,5.059385714285715,5.0505,5.933014285714286,8.606142857142858,9.478957142857142,9.477157142857143,10.298214285714286,12.713485714285715,13.554114285714286,12.198828571428573,9.71804285714286,8.309014285714287,8.310857142857143,8.003457142857142,7.822242857142856,7.401642857142858,8.2494,9.6335,9.570714285714287,9.388714285714286,8.964385714285713,7.638414285714284,9.378442857142858,8.5395,7.702471428571429,7.606699999999999,8.754357142857144,9.486057142857144,9.430414285714287,8.688985714285716,9.250328571428572,8.75827142857143,9.305514285714285,11.272314285714286,11.724271428571429,14.38172857142857,13.329328571428572,14.064128571428572,14.25054285714286,14.345042857142857,11.866314285714285,11.875371428571428,9.216985714285714,9.217028571428571,8.05107142857143,8.923085714285714,7.860828571428572,7.413228571428571,6.960214285714286,6.961314285714285,6.989842857142856,7.992914285714285,7.53842857142857,8.341514285714284,8.333528571428571,7.984999999999999,8.238714285714286,8.210142857142857,7.918514285714287,7.966714285714285,7.9833,8.249714285714287,9.472142857142858,8.74552857142857,9.096157142857143,9.096642857142857,10.102628571428571,9.235328571428571,9.433328571428572,8.340257142857142,9.818485714285714,11.629214285714285,13.971771428571428,12.785799999999998,13.538628571428571,12.301,12.490957142857143,10.894885714285712,8.064457142857144,5.721885714285714,5.373185714285714,4.643871428571428,6.249085714285714,7.486885714285713,9.206928571428572,11.21417142857143,12.054128571428572,12.535057142857143,13.403742857142857,12.573285714285714,12.302357142857144,10.341442857142857,8.152828571428572,6.524957142857143,6.524957142857143,6.086428571428571,5.362757142857143,4.875457142857143,5.707157142857143,7.008971428571429,7.246285714285714,6.406671428571429,6.351857142857143,7.091928571428572,6.406914285714286,5.627471428571428,4.5649428571428565,4.479157142857143,5.531828571428571,5.847242857142858,5.880814285714286,6.3014857142857155,7.842014285714286,9.460228571428571,10.093842857142858,9.03704285714286,8.952242857142858,8.338671428571429,8.031385714285715,6.951014285714286,6.377814285714286,6.158314285714285,6.619171428571429,6.607957142857144,6.747942857142857,6.251142857142858,6.740142857142857,6.253285714285715,5.626257142857142,6.0553857142857135,5.6528285714285715,5.225557142857142,5.310428571428571,4.290185714285714,3.443971428571429,3.4425285714285714,2.5970857142857144,2.552371428571429,3.403485714285714,4.186942857142857,4.794557142857143,5.617071428571428,5.617200000000001,5.5668999999999995,5.396485714285715,4.693942857142858,3.673428571428572,3.065614285714286,2.2913714285714284,2.290957142857143,2.3177,2.981057142857143,4.195214285714286,5.134,5.985314285714286,6.663442857142857,7.337928571428572,8.570085714285714,8.012614285714287,6.6836142857142855,5.974985714285714,5.603357142857143,5.405242857142857,4.730499999999999,3.7876,4.532428571428571,4.802014285714286,4.9365428571428565,5.158714285714285,5.283985714285714,6.193585714285715,6.480957142857143,5.7474428571428575,5.906028571428571,5.868414285714286,5.628657142857143,5.477542857142857,5.390571428571429,6.553128571428571,8.121599999999999,8.893857142857142,9.33072857142857,9.132885714285715,8.809614285714288,7.987257142857144,7.070957142857145,5.649042857142857,4.4564142857142865,3.6208571428571426,3.6106000000000003,3.499971428571428,4.698942857142858,4.565242857142858,4.790014285714286,5.058985714285714,5.8942428571428565,6.519728571428572,7.802142857142857,8.11207142857143,8.707142857142857,9.5307,10.384142857142859,11.509599999999997,11.48102857142857,11.540499999999998,10.882442857142857,10.42077142857143,9.418885714285713,9.105671428571428,7.978814285714285,7.977414285714284,6.726357142857141,5.947671428571428,5.526400000000001,6.5282857142857145,5.931357142857143,5.335842857142857,4.6191571428571425,4.9258999999999995,5.703157142857143,6.401242857142857,6.672642857142857,7.137914285714286,7.734885714285715,7.823628571428572,8.2556,8.290214285714287,7.880485714285713,7.147471428571429,7.146199999999999,7.177071428571428,7.6735,6.823628571428571,6.657542857142857,6.790514285714287,6.790514285714286,6.923485714285715,6.892614285714287,7.141614285714286,8.272628571428571,7.732942857142858,7.599971428571428,8.201942857142859,8.001414285714286,8.427000000000001,9.021614285714286,9.266385714285715,10.05242857142857,10.242757142857142,9.380914285714285,10.2089,9.783000000000001,8.800214285714286,8.276142857142856,7.919214285714285,7.860428571428571,8.268957142857143,7.640071428571427,6.930242857142856,7.1157571428571424,6.532785714285715,7.779428571428572,7.686057142857144,8.544528571428572,9.552357142857144,10.70727142857143,10.7994,11.92072857142857,12.269685714285714,14.466642857142858,13.057214285714286,12.049385714285716,12.613457142857143,13.6168,13.264442857142857,12.9227,11.832671428571429,12.249457142857143,12.309171428571428,11.670114285714286,10.6909,11.59882857142857,11.416714285714287,10.849671428571428,11.890685714285713,13.487057142857143,14.076828571428573,14.547242857142859,14.247814285714284,13.418142857142856,13.757842857142858,13.692328571428572,12.768857142857144,12.121842857142855,11.768314285714284,11.424285714285714,11.426128571428572,10.641742857142857,9.783328571428571,9.1215,9.177071428571427,9.0291,8.052042857142856,7.660314285714285,7.698628571428571,7.255271428571429,6.7459,5.706485714285715,5.3363000000000005
151,6.4253,6.4253,4.83475,5.891000000000001,5.11655,5.4853000000000005,5.701333333333333,5.539328571428571,6.973814285714288,8.118942857142859,8.118500000000001,8.731128571428572,8.573371428571429,8.196314285714285,17.440242857142856,26.773785714285715,32.879671428571434,32.87968571428571,32.987471428571425,33.362671428571424,34.58418571428572,27.342714285714283,18.31725714285714,11.244042857142858,10.412257142857142,9.595157142857143,8.953457142857141,7.715857142857141,5.376514285714286,3.001757142857143,2.9114999999999998,2.8970714285714285,4.2059,3.9291857142857145,6.935042857142856,7.4382714285714275,7.895442857142856,7.949799999999999,8.7632,10.112428571428572,10.980085714285712,8.168514285714284,8.362171428571427,7.911957142857141,7.8611571428571425,7.473185714285714,5.067342857142857,4.762542857142857,5.135414285714285,4.892871428571429,5.155971428571428,5.155971428571428,4.751214285714285,4.585042857142857,4.200714285714286,3.3497142857142856,2.8711142857142855,3.458142857142857,5.8483857142857145,9.012285714285714,11.371985714285714,12.042928571428572,12.495942857142856,14.656785714285714,15.108771428571428,12.4683,9.291371428571427,7.686114285714285,7.687057142857142,7.634714285714284,5.8309,5.3789428571428575,5.736699999999999,8.015157142857143,8.67622857142857,8.496942857142857,8.111042857142857,8.981842857142857,10.461885714285716,10.153557142857142,8.463700000000001,7.456857142857143,8.032614285714287,8.874500000000001,8.49922857142857,8.236114285714285,8.801742857142857,8.29042857142857,8.80477142857143,10.365357142857144,10.367942857142856,12.299157142857142,12.362,13.002514285714284,13.291942857142859,13.251985714285714,11.317314285714286,11.78404285714286,9.891900000000001,8.614014285714285,7.6177142857142846,9.121071428571428,8.413228571428572,8.391742857142857,8.36877142857143,8.330528571428571,8.330499999999999,8.963785714285715,7.934028571428572,8.384985714285715,8.330328571428572,7.720871428571428,7.776542857142857,7.776528571428572,7.293928571428571,8.238728571428572,8.368842857142857,8.784257142857143,9.409585714285713,8.8985,8.9854,9.415728571428572,9.649071428571428,8.797857142857143,8.604499999999998,7.560528571428572,8.871242857142859,9.788942857142857,10.747428571428571,9.532399999999999,10.252957142857142,9.267457142857142,9.714771428571428,8.276057142857145,6.475371428571428,5.516885714285714,4.931442857142857,4.212357142857143,6.086628571428571,6.909385714285714,8.2788,9.917557142857143,10.386557142857143,11.008828571428571,11.982285714285712,10.75145714285714,11.820842857142859,10.212928571428572,8.546942857142858,7.697742857142856,7.697742857142856,7.1532,6.746157142857144,5.543685714285714,6.364971428571429,7.604985714285715,7.331428571428572,9.652457142857143,9.523542857142857,10.2946,9.702914285714288,8.853028571428572,7.886585714285715,8.051085714285714,6.1688,6.169,6.080557142857143,6.114342857142857,7.123657142857143,8.6797,9.032285714285715,7.742157142857143,8.072585714285713,7.846414285714286,7.726842857142858,7.788628571428572,7.661499999999999,7.396614285714286,7.761314285714286,7.914428571428571,7.5765,6.9415000000000004,6.7203857142857135,5.8407,5.392714285714286,5.830985714285715,5.297671428571428,4.909700000000001,5.106071428571428,4.2553857142857145,3.382228571428571,3.318357142857143,2.514357142857143,2.2609285714285714,3.1115857142857144,3.668157142857143,4.204628571428571,4.5359,4.599657142857143,4.6023571428571435,4.6021,4.003285714285714,3.1524,2.615728571428572,2.3064285714285715,2.303671428571429,2.320942857142857,3.0396428571428573,4.2477857142857145,5.558985714285714,6.505314285714285,6.972885714285714,7.553571428571428,8.513242857142858,7.892771428571429,6.4552571428571435,5.4535285714285715,4.974957142857143,4.975471428571429,4.395685714285714,4.134328571428571,5.349257142857143,5.609228571428572,5.793514285714286,5.931871428571428,6.031842857142857,6.895200000000001,6.548228571428571,5.2822000000000005,5.427328571428572,5.186157142857143,4.8326,4.968042857142857,4.9557714285714285,5.897085714285715,7.284442857142857,7.986657142857142,8.584971428571428,8.6412,8.26162857142857,7.429857142857143,6.835514285714285,5.523714285714286,4.3939142857142865,3.5719,3.5475571428571433,3.7798000000000003,5.0775,5.0791571428571425,5.2726428571428565,5.6605,6.4827142857142865,7.0493428571428565,7.810314285714285,7.810314285714286,8.6142,9.616471428571428,10.503100000000002,11.783885714285715,12.249628571428572,12.209814285714284,11.744071428571429,11.072414285714284,10.070442857142856,9.648257142857142,8.192385714285715,7.5944142857142865,6.419185714285715,5.57,5.437771428571429,6.104042857142858,5.353314285714286,4.9160571428571425,4.457014285714285,5.0746714285714285,6.056628571428571,6.3364714285714285,6.873614285714285,7.491257142857143,8.142342857142856,8.343285714285715,9.000757142857143,8.9143,8.635028571428572,7.9679142857142855,7.9679142857142855,8.208799999999998,8.5992,7.222828571428572,7.0448571428571425,7.176585714285714,7.0448571428571425,7.176585714285714,7.1964999999999995,7.1964999999999995,8.047128571428571,7.449685714285715,7.449700000000001,8.048957142857144,7.460171428571429,7.603828571428572,8.071357142857142,9.049742857142858,9.8764,9.876385714285714,9.319771428571428,10.385057142857141,9.941442857142858,9.206842857142858,8.335085714285713,7.8927000000000005,7.372242857142858,7.460828571428572,6.848599999999999,6.099514285714285,6.181828571428572,5.4689,6.784757142857143,7.169485714285714,8.176942857142858,9.3189,10.631114285714286,10.941814285714287,11.985985714285716,12.021642857142856,14.675799999999999,13.002971428571428,11.995099999999999,12.44112857142857,13.323857142857142,12.679957142857143,12.683514285714285,12.072785714285715,12.718399999999999,12.589899999999998,11.716757142857142,10.400257142857143,10.925371428571427,9.984685714285714,8.508542857142858,9.249557142857142,9.9292,10.717857142857142,11.304599999999999,11.423142857142855,11.426385714285715,11.45394285714286,11.719628571428574,11.528985714285714,10.604285714285712,10.332285714285716,9.89412857142857,9.820885714285714,9.361271428571428,8.373257142857144,8.013885714285715,8.069528571428572,8.061042857142857,7.349271428571428,6.651914285714286,6.15937142857143,5.745085714285714,5.0208714285714295,4.1285,4.1285
152,7.0519,7.0519,5.7012,6.002766666666666,5.002075,5.3003599999999995,5.750983333333333,5.6133,7.0940714285714295,8.100499999999998,8.314085714285714,9.0461,8.911842857142856,8.114257142857143,13.366128571428572,21.289557142857145,27.34881428571428,27.68515714285714,27.55662857142857,28.581971428571425,30.115057142857143,26.465014285714286,17.448671428571426,10.440557142857143,9.263557142857142,8.710757142857142,7.559785714285715,6.096514285714286,4.141942857142857,3.043914285714286,3.158228571428571,3.1273142857142857,4.648485714285714,4.3527000000000005,7.518528571428571,8.092857142857143,8.449057142857143,8.339685714285716,9.251900000000003,9.410785714285714,10.2045,7.154185714285715,7.261971428571428,6.901142857142856,6.914728571428573,6.7300571428571425,5.069914285714285,5.0470428571428565,5.8125285714285715,5.490742857142857,5.7561285714285715,5.616528571428572,4.895442857142856,5.586428571428571,5.586428571428571,4.581514285714285,4.589614285714286,5.174428571428571,6.5165,8.087242857142858,9.11672857142857,8.917414285714285,9.62352857142857,10.072414285714286,10.52432857142857,9.000857142857145,7.565328571428572,6.775285714285714,6.975671428571428,6.573142857142856,6.378671428571429,5.926771428571429,6.390842857142857,7.809457142857143,8.326600000000001,8.163142857142857,7.898771428571429,8.335614285714286,10.368042857142857,10.262257142857141,9.384285714285713,8.442571428571428,8.957942857142857,10.536285714285713,10.432,9.891628571428571,10.090457142857144,9.651285714285715,9.93992857142857,10.603628571428573,9.845142857142857,12.31872857142857,13.609185714285715,13.819585714285713,14.005014285714285,14.723714285714285,13.880285714285716,14.331857142857144,12.682942857142857,9.90047142857143,9.158642857142857,10.6251,9.298085714285715,9.126100000000001,9.1261,8.158971428571428,8.160185714285713,8.901985714285715,7.865314285714286,8.4657,8.228457142857144,7.6675571428571425,7.667542857142857,7.66752857142857,7.065942857142856,7.065942857142856,7.071128571428572,7.30992857142857,7.412514285714286,6.8870000000000005,6.905428571428573,7.376414285714287,8.270971428571428,7.4163571428571435,7.4224000000000006,6.837314285714285,8.141842857142857,9.128614285714287,10.385328571428571,9.579528571428572,10.430642857142857,9.573485714285715,10.21234285714286,8.680128571428572,6.828285714285714,5.702628571428571,4.89927142857143,4.074828571428571,4.554771428571429,4.728,6.324471428571428,8.014385714285714,8.463457142857141,9.17852857142857,10.126271428571428,10.303128571428571,12.002785714285713,10.336042857142857,8.689157142857143,7.654542857142856,7.654542857142857,7.114542857142857,6.716471428571428,5.2573428571428575,6.081171428571429,6.884885714285715,6.812757142857143,6.213614285714286,5.959442857142856,6.810442857142857,6.283128571428571,5.431814285714286,4.833042857142857,5.322614285714286,5.921385714285714,6.208285714285713,5.948214285714286,6.009485714285714,7.274657142857143,8.468914285714286,8.312228571428571,7.466371428571429,7.6957,7.5619,7.441,6.1753,5.751342857142857,5.6921857142857135,6.283442857142857,6.462228571428571,6.570614285714286,6.025028571428572,6.944914285714285,6.774342857142857,6.308828571428571,6.241428571428571,5.652414285714286,4.825985714285714,4.704228571428572,3.7841428571428577,2.895028571428572,2.893628571428572,2.3685571428571426,2.1202571428571426,3.457414285714286,4.245214285714286,4.724042857142857,5.27372857142857,5.2749999999999995,5.272799999999999,5.237585714285715,4.255985714285714,3.4041285714285716,2.9262142857142863,2.4134857142857142,2.411914285714286,2.683214285714286,3.405242857142858,4.273671428571428,5.344671428571429,6.1965,6.483228571428571,6.9853000000000005,7.6482142857142845,7.040585714285713,5.853857142857143,5.090657142857141,4.833671428571429,5.012528571428571,4.522057142857142,4.051499999999999,5.243957142857142,5.491428571428571,5.6489142857142856,5.587185714285715,5.587185714285714,6.426314285714286,6.252385714285714,5.013985714285715,5.1822,4.967042857142857,4.565614285714285,4.816971428571429,4.837285714285715,5.765742857142857,7.161542857142856,7.631085714285713,8.252114285714285,8.572414285714284,8.303457142857143,7.4500285714285726,6.946871428571429,5.581714285714286,4.660299999999999,3.7892857142857137,3.5929999999999995,3.4046999999999996,4.6622714285714295,4.416614285714286,4.626357142857143,5.097214285714285,5.9480571428571425,6.543314285714286,7.597785714285714,7.854557142857142,9.116385714285714,10.118485714285713,10.530642857142857,11.811528571428571,12.300885714285714,11.94794285714286,11.29902857142857,10.420785714285712,9.532428571428571,9.532428571428571,8.513671428571428,7.803042857142857,6.842642857142858,5.961399999999999,5.755871428571429,6.180014285714285,5.297414285714285,4.388271428571428,3.8964571428571433,4.7471000000000005,5.767214285714286,5.801942857142857,6.7337,7.4521999999999995,8.099371428571429,8.421028571428574,8.748557142857143,8.798971428571429,8.834242857142858,7.902414285714286,8.034485714285713,8.032914285714286,8.424485714285714,7.301657142857143,7.0199428571428575,7.152028571428572,6.8663285714285704,6.866328571428572,7.153814285714286,7.183742857142858,8.036785714285715,7.245828571428571,7.245828571428571,8.032885714285714,7.432542857142856,7.864042857142857,8.6544,9.062957142857142,10.023585714285714,10.392785714285713,9.8914,10.675428571428572,9.997685714285714,9.208357142857142,8.8206,8.381557142857142,7.465728571428571,7.4882,7.185014285714287,6.452728571428572,6.348457142857143,5.673985714285714,7.006742857142858,7.295871428571429,8.281985714285714,9.407757142857141,10.789471428571428,11.311628571428571,12.274385714285714,11.58027142857143,13.906014285714287,12.2962,11.798585714285712,12.118185714285714,12.678057142857142,12.040042857142856,12.741371428571428,12.379971428571428,12.960542857142858,12.33617142857143,11.530657142857143,10.155057142857142,10.470157142857143,9.470614285714285,7.933828571428571,9.005,10.009771428571428,10.402199999999999,10.769157142857143,10.725257142857144,10.9196,11.049128571428572,11.3484,11.329871428571428,10.548228571428572,10.5482,10.473014285714287,10.710914285714285,10.41137142857143,9.128642857142857,9.274928571428571,9.710214285714287,9.325557142857141,8.611614285714285,7.474314285714286,6.993428571428571,6.615157142857142,4.872428571428571,3.7735142857142856,4.158171428571428
153,7.0259,7.0259,4.96335,5.373233333333334,4.745800000000001,4.649900000000001,4.841133333333334,4.826271428571429,6.481314285714286,7.9070857142857145,8.4281,9.161857142857142,9.48542857142857,9.012128571428573,14.342671428571427,21.804914285714286,26.94235714285714,29.282142857142855,29.282142857142855,30.479942857142856,32.356257142857146,29.31757142857143,21.71588571428571,15.516042857142859,12.095814285714285,11.315957142857144,9.881728571428571,8.051585714285714,5.377971428571429,3.178385714285714,3.1755428571428572,3.135971428571428,4.378342857142857,4.161828571428571,5.3661142857142865,5.881257142857143,6.344657142857143,6.405942857142857,7.4129,7.993,8.657114285714286,7.813542857142856,8.014071428571429,7.523571428571429,7.2834,7.001371428571429,5.128685714285715,5.127271428571428,5.3541285714285705,4.903128571428572,5.636285714285714,5.6018,4.9039,5.76232857142857,5.723828571428571,5.027,5.610157142857142,5.6496571428571425,7.042857142857143,8.92542857142857,9.346685714285714,9.385214285714286,9.79877142857143,9.7988,10.367557142857143,8.9121,7.272514285714285,7.0363,7.037157142857143,6.940742857142857,6.775514285714286,6.684285714285714,6.915814285714285,7.797885714285714,10.013085714285713,9.837971428571427,9.536985714285715,9.78717142857143,11.956828571428572,12.369957142857144,12.076114285714286,9.50277142857143,9.572557142857145,11.2303,11.601885714285714,10.434700000000001,10.433514285714285,9.827914285714286,10.367971428571432,11.540014285714287,10.725400000000004,12.52432857142857,13.800185714285714,14.258828571428571,14.453128571428573,14.059028571428573,13.163742857142859,13.495614285714286,11.830971428571429,9.152671428571427,8.092414285714286,8.96117142857143,8.444828571428571,8.480371428571429,8.698385714285715,8.108771428571428,8.109985714285713,8.882671428571427,8.425299999999998,8.941628571428572,8.735028571428572,8.122014285714286,8.122014285714284,8.122000000000002,7.472571428571429,7.476228571428572,7.893585714285714,8.333428571428572,8.530271428571428,8.2765,8.278142857142857,8.51972857142857,8.516542857142857,7.496214285714285,7.494042857142857,6.8079142857142845,8.066914285714285,9.070514285714285,10.084814285714286,10.342857142857142,10.81492857142857,9.527728571428572,10.1236,8.372514285714287,6.5178,5.742,4.8670285714285715,4.3512571428571425,4.915585714285714,6.271928571428572,7.797857142857143,9.554242857142857,9.554242857142857,10.171157142857142,11.000557142857144,11.2862,10.888642857142857,9.258614285714286,7.694442857142858,6.989457142857143,6.989471428571429,6.435614285714285,5.845514285714286,5.552757142857144,6.403085714285714,7.0605,7.034842857142857,7.964214285714286,7.730757142857143,8.524971428571428,7.5812285714285705,6.731,6.188957142857142,6.094385714285715,5.164657142857143,5.635599999999999,5.4312,5.658528571428572,6.968814285714285,8.517642857142857,9.2864,8.520828571428572,8.4846,8.350771428571429,8.288485714285715,7.080757142857143,6.167728571428571,5.827485714285714,6.209442857142856,6.4039,6.318600000000001,5.7467428571428565,6.494871428571429,6.072742857142858,5.620014285714285,5.645714285714286,5.001242857142857,4.369671428571428,4.186414285714285,3.335042857142858,2.7395000000000005,2.7381142857142864,2.2476714285714285,2.2138428571428572,3.3297714285714286,3.7677,4.039057142857144,4.569757142857143,4.695399999999999,4.6945,4.499171428571428,3.7265857142857146,3.255171428571429,2.9836142857142858,2.5256142857142856,2.399914285714286,2.4310714285714288,2.7911428571428574,3.4022000000000006,4.331542857142858,5.183114285714287,5.460699999999998,6.201385714285714,7.044671428571429,6.789771428571428,5.917428571428571,5.306157142857143,5.204828571428571,5.476628571428571,4.753214285714286,4.282871428571428,5.027271428571429,5.232728571428572,5.3267,5.133457142857142,5.226571428571428,6.058457142857143,6.030242857142858,5.254842857142857,5.327442857142858,5.361614285714286,5.153328571428572,5.112528571428571,5.114285714285714,5.8298,7.08382857142857,7.658900000000001,8.236014285714287,8.349857142857143,8.223742857142856,7.477914285714284,7.088157142857142,5.913971428571429,4.978685714285715,3.9555,3.9007285714285707,4.144171428571429,4.929271428571428,4.6903,4.7995,5.3548,6.205742857142858,6.649014285714286,7.246657142857143,8.295585714285716,9.755942857142855,10.953771428571427,11.249414285714286,12.530199999999999,13.33114285714286,13.132785714285715,12.497357142857144,11.423785714285714,10.33235714285714,10.33237142857143,9.062142857142858,7.884628571428572,6.767128571428572,5.464999999999999,5.327257142857143,5.6215142857142855,4.771542857142856,4.0580428571428575,3.842714285714286,4.816671428571429,5.748385714285713,5.836314285714287,6.0087,6.724028571428572,7.832757142857143,8.024985714285714,7.905142857142858,7.4715428571428575,7.386728571428572,7.399557142857143,7.533928571428571,7.006085714285715,7.506228571428571,6.668371428571428,7.042914285714285,7.751871428571428,7.750614285714285,7.750585714285713,7.872357142857141,7.7703428571428566,8.741914285714286,7.867128571428571,7.292528571428571,8.486971428571428,7.839885714285715,8.513171428571429,8.924542857142857,10.062871428571428,11.2775,11.735842857142856,10.542642857142857,11.696457142857142,11.464042857142857,10.510828571428572,9.437957142857144,8.735771428571429,7.711428571428571,7.788571428571429,7.155642857142857,6.140842857142857,6.797528571428572,5.997757142857142,7.339642857142858,7.968771428571428,8.899042857142856,10.031842857142857,11.611814285714285,11.939099999999998,12.976742857142856,12.040314285714286,14.019271428571429,12.584985714285716,11.782814285714286,11.785814285714284,12.353985714285713,11.79622857142857,12.56355714285714,12.401471428571428,12.995000000000001,12.657314285714284,11.843257142857142,10.789385714285714,11.033242857142858,10.431985714285714,8.994214285714287,10.198071428571428,11.106814285714284,10.912099999999999,10.978457142857142,11.461814285714285,11.788428571428572,11.916114285714286,11.908814285714286,11.942257142857143,11.745671428571427,11.724428571428572,11.0766,10.959271428571428,10.389628571428574,9.468671428571428,9.541857142857141,9.934257142857144,9.932785714285716,9.156099999999999,7.971957142857143,7.7172714285714274,6.922485714285713,5.279571428571428,4.233614285714286,4.235071428571429
154,6.7312,6.7312,6.074450000000001,6.3447000000000005,5.827850000000001,6.3672200000000005,6.261633333333333,6.119185714285714,8.58072857142857,10.082828571428573,10.597085714285713,11.379714285714286,13.586685714285716,13.541542857142858,19.063642857142856,28.343228571428572,36.945699999999995,39.193357142857145,38.94421428571429,38.955,40.75414285714286,37.050200000000004,27.650271428571426,18.11367142857143,14.884814285714285,14.318357142857142,11.728414285714283,9.785242857142856,7.529271428571429,4.6411999999999995,4.312642857142857,4.449871428571429,4.989414285714285,4.8914285714285715,5.405571428571428,5.991014285714286,6.712571428571429,6.456128571428571,6.352842857142856,6.837114285714286,7.233557142857143,7.085871428571429,7.330257142857143,6.666085714285714,6.698571428571428,7.133842857142858,6.193114285714286,5.857428571428571,5.906285714285715,5.906257142857143,6.577042857142857,6.443885714285715,6.028314285714287,5.797257142857142,5.282428571428571,4.528985714285715,4.452271428571428,4.470371428571428,5.738271428571428,8.1548,9.805542857142857,10.654814285714284,11.220242857142859,11.306514285714286,11.81377142857143,10.587185714285713,8.174428571428573,7.436285714285715,7.753757142857142,7.652942857142857,8.475228571428572,7.9498428571428565,8.305942857142858,9.3193,9.780528571428572,9.516900000000001,9.24974285714286,8.581371428571428,9.071457142857144,9.694057142857144,9.443042857142858,9.172242857142857,9.119757142857143,11.5548,12.008728571428573,13.48947142857143,13.51815714285714,13.112485714285713,13.057085714285714,14.07242857142857,12.518242857142857,13.568699999999998,12.877557142857142,13.062199999999999,13.20742857142857,13.45257142857143,12.90077142857143,12.674942857142856,11.441042857142858,10.198371428571429,9.703114285714284,10.348771428571428,9.375957142857144,8.9139,8.947871428571428,8.734328571428572,8.69872857142857,8.607371428571428,8.431742857142856,8.897628571428571,8.896257142857142,9.057114285714286,8.8709,8.870899999999999,8.537485714285712,8.135771428571427,8.990957142857143,9.607885714285715,9.4131,9.283614285714284,9.460657142857142,9.228399999999999,10.057385714285715,9.3497,9.670885714285715,9.089028571428571,10.189528571428571,10.478728571428572,11.957042857142856,11.600814285714284,10.968357142857142,9.291671428571428,9.828114285714287,8.436914285714286,7.387942857142858,6.3151,5.739285714285715,5.984157142857144,6.723028571428571,6.76872857142857,8.866585714285716,10.468328571428572,11.397657142857144,11.865328571428572,12.212771428571429,12.212771428571427,12.68442857142857,10.123185714285714,8.58997142857143,7.103914285714287,6.7378,6.294771428571429,5.782542857142857,5.6016,6.413799999999999,6.866228571428571,6.786228571428572,6.787785714285714,6.490242857142856,7.211671428571428,6.5433142857142865,5.871457142857143,5.260828571428571,5.0995,5.2453,5.808371428571428,5.710214285714286,6.105671428571428,7.347185714285715,8.982457142857143,10.246785714285716,9.632542857142857,9.253714285714285,9.00987142857143,8.641485714285716,7.37207142857143,8.474285714285713,7.908371428571429,8.50222857142857,9.344314285714287,9.171485714285714,8.771471428571429,9.585314285714286,7.0706,6.369028571428571,5.8646,4.870271428571429,4.324814285714286,4.251057142857143,3.3236000000000003,2.922442857142858,2.8748,2.433271428571429,2.1383428571428573,3.2304,4.108842857142856,4.5902,5.268285714285715,5.572857142857144,5.543957142857144,5.678400000000001,4.962971428571429,3.9757999999999996,3.4971999999999994,2.820057142857143,2.515757142857143,2.6204285714285716,2.9797714285714285,3.604742857142857,4.900328571428572,5.761957142857143,5.863142857142856,6.156814285714285,6.904185714285712,6.515028571428573,5.555500000000002,4.614271428571429,3.9320714285714287,4.679314285714286,4.3847000000000005,3.9991142857142856,4.821885714285714,5.052185714285714,5.122371428571428,5.896042857142858,5.5346714285714285,6.595857142857143,6.738714285714287,5.815657142857143,5.953514285714285,6.209157142857143,5.678271428571429,5.678271428571429,5.468571428571429,5.909285714285714,7.521342857142857,8.030228571428571,8.7606,8.929114285714286,9.029171428571429,8.303042857142858,8.222885714285715,6.852585714285715,5.933357142857142,4.604671428571429,4.103442857142857,4.4058142857142855,5.014342857142857,4.8925,5.060457142857143,5.9099714285714295,6.7609142857142865,7.575442857142859,8.069714285714285,9.42022857142857,10.804814285714286,12.2541,12.282514285714285,13.71787142857143,14.34052857142857,14.216614285714284,13.630514285714282,12.247357142857144,10.671942857142856,10.644971428571427,9.102228571428572,8.550085714285714,7.481042857142858,6.084128571428573,5.932657142857144,6.032342857142858,5.182385714285713,4.525671428571429,3.570585714285715,4.856542857142857,5.759085714285715,6.340771428571428,7.982371428571429,8.454371428571429,9.587271428571428,10.322642857142856,9.7672,9.837128571428574,9.300085714285714,8.095385714285715,8.137642857142856,7.636171428571429,8.426428571428572,7.982557142857142,7.597371428571428,8.1645,8.66502857142857,9.295271428571427,9.4279,9.248557142857143,9.619557142857142,9.188728571428571,8.728399999999999,10.190685714285715,9.447928571428571,9.900557142857142,9.847199999999999,11.333371428571429,12.949785714285714,14.425828571428573,12.462614285714286,13.235357142857143,13.859057142857145,13.233328571428572,12.264485714285714,11.023757142857141,9.245471428571426,9.46225714285714,9.024314285714285,7.555485714285715,8.060857142857143,7.543514285714287,8.764114285714285,9.306185714285714,10.096885714285714,11.2166,12.569785714285713,12.768857142857142,12.770071428571429,12.228785714285715,14.507971428571427,13.49437142857143,12.486585714285715,12.534699999999999,13.000442857142856,13.211171428571427,13.408214285714283,12.544814285714285,12.827442857142856,12.683914285714284,12.02117142857143,10.8775,11.732528571428572,12.5424,11.570214285714286,13.715799999999998,14.896399999999998,15.028714285714285,15.1792,14.18562857142857,14.809014285714284,15.868285714285713,14.131214285714284,13.908285714285714,13.429642857142857,13.630800000000002,13.432900000000002,11.779728571428572,10.417100000000001,11.730928571428572,11.889185714285714,12.402985714285714,12.453028571428572,11.855628571428571,10.735957142857144,10.368542857142858,8.494785714285715,6.758528571428571,5.393128571428571,5.126042857142857
155,8.9411,8.9411,9.18995,9.327666666666666,8.9956,8.79636,8.297033333333333,8.479114285714287,9.72067142857143,10.485114285714287,11.02892857142857,11.780014285714287,14.062057142857144,14.553185714285716,20.688714285714287,44.554585714285714,57.23878571428571,60.47498571428571,59.76525714285714,59.85908571428571,61.11272857142857,56.398700000000005,32.90528571428572,19.389728571428574,15.181114285714285,15.086242857142855,12.935214285714284,11.3776,9.076657142857142,7.434185714285715,7.481571428571428,7.767171428571429,8.205771428571428,7.869528571428572,7.5553857142857135,7.837685714285714,7.708985714285714,7.455471428571428,7.702714285714286,7.786242857142857,7.668628571428572,7.643828571428571,7.867785714285715,7.517757142857142,7.552528571428572,7.295328571428572,7.092314285714285,7.920642857142857,8.125857142857143,8.107271428571428,8.2349,8.085728571428572,7.744585714285713,7.106442857142857,6.0869285714285715,5.713442857142858,5.468400000000001,5.759614285714286,8.370085714285715,9.580614285714287,10.379971428571428,10.371685714285714,11.007314285714285,11.927957142857142,11.88187142857143,9.761199999999999,8.995371428571428,9.031342857142857,9.384699999999999,9.0211,9.644257142857143,10.303542857142856,10.461514285714285,10.023114285714286,9.972614285714286,11.566685714285715,11.379228571428571,11.597557142857145,12.147800000000002,12.485071428571429,13.100585714285716,14.206814285714286,13.130914285714287,14.553471428571429,14.489057142857144,15.105871428571428,15.725857142857143,16.03511428571429,15.9495,16.047328571428572,15.480214285714286,15.548485714285713,14.608414285714288,13.785342857142856,13.1209,12.586342857142858,12.513400000000003,12.47144285714286,12.037757142857144,11.524671428571427,10.960985714285712,12.077428571428571,11.495499999999998,11.07172857142857,11.31274285714286,11.398228571428572,11.383014285714285,11.624671428571428,11.593885714285715,11.77742857142857,11.201485714285713,10.614271428571428,10.19972857142857,10.035528571428571,9.781000000000002,8.850142857142858,9.143957142857143,10.390185714285716,10.406971428571426,10.156014285714287,10.119871428571429,10.260585714285714,10.711457142857144,10.4524,11.199614285714286,10.605971428571427,11.272400000000001,11.920814285714284,12.578342857142857,13.029357142857142,12.199871428571429,10.002800000000002,10.344285714285716,9.196071428571429,7.93192857142857,7.110228571428572,6.149057142857144,6.240257142857142,6.977357142857143,7.296757142857143,8.162585714285715,10.122985714285715,11.438414285714288,11.390357142857143,12.0403,12.0403,12.508214285714287,10.93554285714286,8.833285714285713,7.147471428571429,7.6913857142857145,7.300942857142857,6.788785714285714,6.783471428571429,7.804628571428571,8.468185714285713,8.271385714285714,7.289885714285715,6.788028571428571,7.311157142857142,6.741214285714285,5.948942857142858,5.551514285714285,5.840742857142858,6.2304571428571425,6.684742857142857,6.309842857142859,6.428157142857144,7.471871428571428,8.8138,9.548842857142859,9.187371428571428,8.575442857142857,8.80387142857143,8.362657142857143,7.5325,7.020914285714285,6.335885714285714,6.509428571428572,7.114214285714286,6.85952857142857,6.436857142857142,6.921028571428571,6.426042857142859,6.064685714285714,5.933257142857142,5.682499999999999,5.220614285714285,5.391528571428572,4.613100000000001,3.9635285714285717,3.704614285714286,3.374214285714286,3.0345857142857144,3.9284857142857144,4.610414285714286,5.2672857142857135,5.597628571428571,5.9236,5.846228571428571,5.9822,5.564871428571428,4.583699999999999,3.8436285714285714,3.4542571428571436,3.4414714285714285,3.7761714285714283,4.149385714285714,4.580357142857143,5.5615428571428565,6.7785142857142855,7.3957,8.007042857142858,8.483257142857143,7.841542857142857,6.975285714285714,6.2572,5.6899,6.13432857142857,5.328557142857143,4.837785714285714,5.559614285714285,5.764742857142856,5.87722857142857,6.06002857142857,5.589428571428571,6.715414285714284,6.987285714285714,6.235214285714285,6.257857142857143,6.572614285714286,6.809085714285715,7.118742857142857,6.399414285714286,7.226557142857144,9.288471428571428,9.8816,9.770042857142856,9.313514285714287,8.871671428571428,8.591242857142857,8.354928571428571,6.6546142857142865,5.793457142857143,5.3438,4.907985714285714,5.477771428571429,6.177214285714285,5.720414285714286,5.854242857142857,6.70372857142857,7.555271428571428,8.193714285714284,8.762385714285713,9.47132857142857,10.1886,11.350471428571428,11.838228571428573,12.936157142857143,13.494428571428573,13.93342857142857,14.086457142857144,13.638485714285716,12.399414285714286,11.912642857142856,10.411542857142859,9.8443,8.293800000000001,6.789199999999998,6.359442857142857,6.644914285714285,5.7926714285714285,5.443942857142856,4.814471428571428,5.510314285714285,6.481685714285715,7.589085714285714,8.4623,9.314914285714286,10.297742857142856,10.669371428571427,10.65604285714286,11.0118,11.069542857142858,10.810957142857143,10.809628571428572,10.57772857142857,11.60747142857143,11.3921,11.385471428571432,12.424671428571429,13.827528571428571,14.151957142857142,14.130971428571428,13.777671428571429,13.965100000000001,13.147685714285714,12.110471428571428,11.515271428571427,10.869528571428573,11.069928571428571,11.130342857142859,12.318957142857142,13.973142857142856,13.965457142857142,12.974785714285714,12.899442857142859,13.648385714285714,13.154285714285717,12.359171428571429,10.917485714285714,10.600871428571427,11.225442857142856,11.423114285714286,10.280157142857144,11.251557142857141,10.432085714285714,11.6615,12.119142857142858,12.1199,13.326628571428571,13.99852857142857,14.235342857142857,15.081057142857144,14.690628571428572,15.471285714285715,15.51315714285714,15.127771428571426,15.68067142857143,15.475385714285713,15.351899999999999,15.150957142857141,15.21957142857143,15.080071428571431,15.284171428571431,15.111685714285715,14.533642857142857,16.274542857142855,16.290214285714285,17.12157142857143,18.8171,19.231814285714286,18.595114285714285,18.5753,17.11632857142857,19.001814285714286,18.6097,18.51497142857143,18.519785714285714,18.58032857142857,18.28142857142857,18.172900000000002,16.22771428571429,14.952814285714286,14.724857142857143,14.792314285714285,14.886471428571427,15.579285714285714,14.370642857142858,13.414142857142858,12.623257142857144,10.785357142857142,8.973557142857143,7.769914285714286,7.314414285714286
156,12.2604,12.2604,13.939900000000002,15.809700000000001,15.759425,14.20748,13.177216666666666,13.287014285714287,13.608185714285714,13.716557142857143,13.135171428571429,14.731985714285715,16.19122857142857,16.158285714285714,23.645742857142857,55.43074285714285,74.74537142857142,81.93537142857143,80.85119999999999,81.49480000000001,84.66875714285716,76.9457,45.35637142857143,26.178085714285714,18.621657142857142,18.403528571428573,17.80117142857143,14.734014285714286,13.839085714285716,13.606514285714285,12.976228571428573,13.490742857142857,12.657399999999999,11.264785714285713,11.187185714285715,11.140814285714287,11.363842857142856,11.930171428571427,12.380628571428572,12.579514285714284,13.124071428571428,13.124085714285712,13.37742857142857,12.327885714285713,11.518242857142855,10.349271428571427,9.852428571428572,9.717442857142856,9.618728571428573,9.694857142857142,9.414685714285714,9.276014285714284,8.846742857142857,8.596542857142856,8.407242857142856,8.471628571428571,7.974357142857143,8.449114285714286,10.556757142857142,11.007442857142857,11.613757142857143,10.857085714285715,11.361428571428572,12.974314285714286,12.557457142857142,11.231657142857143,11.234414285714283,11.838871428571426,12.535157142857143,11.485,11.750028571428572,11.9076,11.106371428571427,10.46167142857143,9.655071428571429,10.1628,10.333942857142857,10.046214285714285,11.268485714285715,11.390128571428573,11.92522857142857,12.653900000000002,12.285742857142859,13.678499999999998,14.149885714285714,14.74652857142857,15.804571428571426,15.374142857142857,15.890142857142859,16.252814285714287,15.74324285714286,14.619500000000002,13.758371428571428,13.243385714285713,14.0172,13.271814285714285,12.975457142857142,13.000442857142858,13.647599999999999,13.199100000000001,12.201557142857144,12.023685714285715,11.157885714285714,10.871485714285715,10.391071428571431,10.306871428571428,10.319042857142858,10.445885714285714,11.097999999999999,11.443085714285713,10.674828571428568,11.020999999999999,10.812214285714285,10.394400000000001,10.466742857142858,9.23822857142857,9.883857142857142,10.901385714285714,10.152057142857144,9.786171428571427,10.151971428571429,10.3815,11.228571428571428,10.916114285714286,11.068042857142858,11.076542857142858,10.740642857142857,10.917157142857144,11.164914285714286,12.002014285714287,11.478614285714286,10.571785714285713,10.864157142857142,10.41157142857143,10.239142857142856,9.809342857142855,8.538385714285713,8.445528571428571,9.068142857142856,9.153685714285714,10.91942857142857,11.852285714285713,13.328414285714286,13.105885714285716,13.008257142857142,13.297757142857145,13.387628571428573,11.307342857142856,9.686171428571429,7.816142857142857,7.6974285714285715,7.713757142857142,7.053214285714286,7.715914285714286,8.617542857142857,8.925814285714285,8.813342857142855,8.513528571428571,8.307171428571428,7.6487,6.895485714285714,6.228657142857143,6.082942857142856,6.893414285714286,7.6002714285714275,7.799271428571428,8.661757142857143,8.679985714285715,9.840428571428571,10.938,11.001228571428571,10.602528571428573,10.820885714285714,9.96547142857143,9.709771428571429,9.176242857142856,7.908557142857142,7.582428571428571,7.712428571428572,7.267357142857143,7.419057142857143,7.010728571428571,7.267857142857143,8.14567142857143,7.820128571428571,7.704685714285715,7.8037,7.631928571428572,7.645042857142856,6.856028571428571,6.188442857142857,5.902342857142857,5.788014285714285,6.018085714285713,7.188728571428571,8.234042857142857,8.5377,8.380700000000001,8.517685714285715,7.977914285714285,7.698085714285713,6.968542857142857,5.7048000000000005,5.1746857142857134,4.810228571428572,4.816257142857142,5.3906285714285715,5.7671,6.463285714285713,7.4074857142857145,8.872342857142858,9.884342857142858,10.293800000000001,10.232442857142857,9.449614285714285,8.432514285714285,7.765228571428572,7.348785714285715,7.361271428571429,6.669442857142857,6.730314285714286,7.162342857142858,7.1885714285714295,7.636014285714286,7.349028571428572,7.010714285714285,8.402685714285715,8.847771428571429,8.46497142857143,8.770442857142857,8.8686,8.760742857142857,8.937771428571429,7.926814285714286,8.689385714285715,10.409928571428571,10.698400000000001,10.620585714285713,10.558428571428573,9.926271428571427,9.643957142857143,8.491071428571429,6.835957142857143,6.013142857142857,5.2677,4.601528571428571,5.231657142857143,5.435900000000001,5.028871428571429,5.360328571428572,6.102485714285714,6.954714285714287,8.154328571428572,8.932685714285714,9.158714285714286,9.951542857142856,10.675614285714286,11.258785714285713,12.539385714285714,12.5024,11.922014285714285,12.870614285714286,13.049614285714286,12.267514285714284,11.633842857142858,9.864771428571428,9.09137142857143,8.39022857142857,6.8852142857142855,6.054471428571428,6.0477,5.329614285714285,4.987728571428571,4.734457142857143,5.1110999999999995,6.017485714285714,6.9044285714285705,7.095928571428571,7.944514285714285,9.46552857142857,9.694471428571429,9.50357142857143,9.690385714285714,9.381742857142857,10.532628571428571,10.503085714285715,9.128157142857143,9.793471428571427,10.038285714285712,10.771742857142856,12.253428571428572,12.768571428571429,13.32732857142857,13.763614285714285,13.906571428571429,14.075071428571432,12.442371428571429,11.583842857142857,11.468142857142857,10.852814285714286,11.732214285714287,11.690728571428574,13.168514285714284,15.306757142857142,15.435642857142858,14.224714285714287,14.531128571428571,14.309600000000001,14.356342857142854,13.496142857142857,13.0263,13.508514285714288,14.311514285714285,13.9058,13.485357142857145,14.1975,14.270985714285715,14.881914285714284,15.145628571428572,15.662885714285716,16.232685714285715,16.1246,16.377985714285714,16.006842857142857,15.065471428571428,15.171542857142857,16.0225,16.81565714285714,18.09837142857143,17.608271428571427,17.992528571428572,19.01932857142857,19.37232857142857,18.53818571428571,18.557385714285715,18.2491,18.848085714285713,21.180928571428574,21.572657142857143,21.084785714285715,23.727957142857143,24.057885714285714,23.249914285714286,23.101300000000002,22.157928571428574,22.53197142857143,24.372071428571434,22.063242857142857,21.4231,22.796485714285716,22.04842857142857,21.5115,19.750471428571426,18.113957142857142,18.8671,19.398257142857144,18.634800000000002,19.41717142857143,17.415342857142857,16.311185714285717,15.007971428571427,12.984214285714286,11.146685714285713,9.63797142857143,8.144428571428572
157,17.0652,17.0652,12.2969,15.027533333333333,14.926224999999999,14.217279999999999,13.172483333333332,13.4447,12.719357142857145,13.358985714285714,12.687514285714286,13.790971428571428,14.630142857142857,14.637442857142856,23.98005714285714,54.149542857142855,70.80582857142858,73.79397142857144,74.00504285714285,75.23317142857142,78.44181428571429,70.18408571428571,39.91224285714286,24.62662857142857,21.389657142857143,20.331985714285715,19.873042857142856,17.015957142857143,14.755285714285714,14.758642857142856,12.992485714285712,12.804942857142857,11.688157142857142,9.750985714285715,9.399485714285715,9.191557142857144,10.549442857142859,11.5027,12.222471428571428,13.297985714285714,13.597785714285715,13.787700000000001,14.255042857142858,12.093671428571428,11.458485714285715,10.062442857142857,9.164942857142858,9.331442857142857,8.90242857142857,8.849242857142857,8.92842857142857,8.239128571428571,8.048971428571429,7.784842857142857,7.399642857142857,7.521914285714287,6.892914285714286,7.497171428571428,8.200314285714287,8.756928571428572,9.369628571428573,8.705699999999998,10.989414285714286,12.136757142857144,11.623571428571429,11.537128571428571,11.170742857142857,11.76047142857143,12.264371428571428,9.493657142857144,11.42067142857143,11.585042857142858,11.251685714285715,11.467742857142857,10.39487142857143,11.332885714285714,11.953242857142858,11.080042857142857,12.435999999999998,13.805885714285713,14.912442857142858,15.24212857142857,16.5263,17.69188571428571,18.2504,18.894199999999994,19.807342857142856,19.16894285714286,20.302042857142855,18.771099999999997,19.27351428571429,18.58435714285714,17.734885714285713,16.350985714285713,17.626442857142855,16.455942857142855,15.911914285714287,15.078428571428573,17.279128571428572,17.1645,16.615714285714287,14.941728571428571,16.342314285714284,16.755114285714285,16.239528571428572,13.736514285714287,13.704514285714286,14.313471428571429,14.929014285714286,13.912457142857141,13.971971428571427,15.944128571428573,16.077957142857144,15.602857142857145,15.875685714285714,15.036142857142858,14.918657142857143,15.063071428571428,12.687499999999998,13.601114285714285,13.877542857142856,13.844942857142858,14.906157142857143,16.622714285714284,16.414985714285713,17.76132857142857,16.27517142857143,17.53964285714286,16.25385714285714,17.23687142857143,16.658514285714286,17.43661428571429,16.86751428571429,16.76284285714286,16.397357142857143,16.9127,15.6664,15.006285714285713,14.721828571428572,15.089271428571427,14.80402857142857,14.506371428571429,15.208342857142856,14.462128571428574,13.320200000000002,13.263328571428572,13.624442857142855,13.30117142857143,12.73134285714286,11.955428571428572,12.329057142857142,12.803728571428573,12.269342857142858,10.577242857142858,10.727814285714288,10.225757142857143,9.981271428571429,9.707285714285714,10.114685714285713,10.093271428571427,10.476642857142858,10.553585714285713,10.530185714285716,10.958757142857143,11.539742857142857,11.0357,11.7439,12.0743,12.305342857142858,13.21512857142857,12.780757142857144,12.5086,12.415885714285716,11.682614285714285,11.6474,12.122542857142857,11.690214285714287,11.94897142857143,11.6276,11.685614285714285,11.550614285714286,11.13462857142857,10.725285714285715,11.130799999999999,11.1952,11.062557142857143,10.69742857142857,10.252657142857142,10.246842857142855,9.660971428571429,8.934342857142855,8.715242857142858,9.057328571428572,9.575485714285715,10.862228571428572,11.763314285714287,12.994057142857145,13.137742857142857,12.940871428571429,12.510357142857144,11.900085714285712,10.318371428571426,8.938785714285713,7.450385714285714,6.816385714285714,6.771571428571428,7.202371428571429,7.824085714285715,9.3224,10.67287142857143,11.915128571428571,13.372185714285715,14.277057142857144,14.685028571428575,14.348285714285717,13.52277142857143,12.687228571428575,12.540657142857144,11.504785714285715,10.476299999999998,10.155442857142857,9.918428571428572,9.130128571428571,8.876557142857143,8.236657142857142,8.27762857142857,8.842614285714285,8.657457142857142,8.653742857142857,9.747485714285714,10.367914285714287,10.18067142857143,10.228957142857142,9.975814285714288,11.155014285714286,11.330285714285713,11.372214285714287,11.140742857142858,11.87887142857143,11.869885714285713,11.814942857142857,10.667957142857142,10.253657142857145,9.270785714285713,8.772785714285714,8.240557142857144,8.084214285714285,8.042028571428572,7.665085714285715,8.037671428571429,8.487328571428572,9.736857142857144,11.573514285714285,12.6797,13.25757142857143,13.562128571428572,13.473828571428571,13.81144285714286,14.17307142857143,12.666899999999998,11.615828571428569,11.903457142857144,12.488685714285714,12.497628571428573,12.217185714285714,10.657614285714285,9.977057142857145,9.617128571428571,8.460785714285715,7.277114285714285,7.269042857142857,6.889885714285713,6.607885714285714,6.549014285714285,7.252299999999999,7.231585714285715,8.743071428571428,9.300985714285716,9.5665,10.913528571428571,11.967314285714284,11.383057142857142,11.449000000000002,10.492142857142857,10.065128571428572,10.288842857142857,9.6346,9.56144285714286,10.006785714285714,10.802214285714285,12.022414285714287,13.28882857142857,13.929285714285713,13.579857142857142,13.439800000000002,13.628242857142856,12.933514285714285,12.27222857142857,13.205428571428572,12.327757142857143,14.0701,13.711914285714286,14.426257142857143,15.777085714285715,16.263342857142856,13.831714285714286,13.1905,12.349228571428572,12.09165714285714,11.08462857142857,11.389928571428571,11.479128571428571,12.587100000000001,13.038514285714285,12.542085714285713,13.483971428571428,14.319542857142858,13.820857142857145,14.355085714285716,14.449699999999998,15.61762857142857,15.182742857142857,16.20027142857143,15.240100000000002,14.810285714285715,14.23377142857143,15.67207142857143,15.647200000000002,17.102028571428573,16.152842857142854,16.53362857142857,17.277657142857144,18.733785714285716,17.2919,16.923842857142855,16.674842857142856,16.996642857142856,19.0085,19.897314285714284,19.143814285714285,20.643900000000002,20.64144285714286,19.768414285714282,19.45012857142857,18.434742857142858,18.997657142857143,19.657114285714282,19.01467142857143,19.66512857142857,21.882757142857145,21.718957142857143,20.923814285714286,20.076542857142858,18.931542857142855,19.317485714285713,18.965585714285712,17.331185714285713,17.825014285714285,16.537357142857143,14.318328571428571,13.388371428571428,11.639014285714284,10.577414285714287,9.475442857142857,8.155528571428572
158,16.6511,16.6511,11.09165,14.035533333333333,12.264,11.84522,11.320549999999999,11.4808,10.861614285714285,11.723157142857143,10.878142857142858,12.31137142857143,13.615,13.5178,25.570128571428572,53.246028571428575,69.34185714285715,71.67131428571429,73.3631,73.66615714285714,76.26134285714285,65.36234285714286,37.6554,22.481728571428572,19.931885714285716,17.5776,16.86957142857143,14.592014285714287,12.992114285714285,12.450114285714287,10.5005,9.652557142857145,9.004342857142857,7.48407142857143,7.163928571428572,6.6804000000000014,7.9712000000000005,8.491928571428572,9.341228571428571,10.107071428571428,10.418571428571429,11.088085714285715,11.399857142857144,9.929757142857142,9.841771428571429,9.077771428571427,8.522371428571429,9.202757142857141,8.957542857142856,9.659942857142857,9.715414285714285,9.355571428571428,9.219571428571427,9.479042857142858,9.388685714285714,9.251485714285716,8.340228571428572,8.4203,9.073028571428573,10.187814285714285,9.986628571428572,9.208814285714286,9.972657142857143,10.587071428571429,11.104071428571428,11.573842857142859,10.771585714285717,12.743042857142855,13.69512857142857,13.015014285714285,13.751014285714286,13.499814285714288,13.425871428571428,14.06377142857143,12.164142857142858,13.517085714285713,14.074114285714286,16.53327142857143,18.261157142857144,20.83157142857143,22.412857142857142,22.23052857142857,23.136571428571425,23.15552857142857,20.831485714285716,20.008585714285715,19.8231,19.918499999999998,21.386485714285715,19.84687142857143,21.150928571428572,23.82221428571429,23.86792857142857,21.29057142857143,22.28624285714286,21.9791,21.03381428571429,19.363200000000003,19.62902857142857,20.688214285714288,21.4038,18.919271428571427,20.777242857142856,21.389585714285715,22.023214285714285,19.65095714285714,18.701842857142854,19.53577142857143,19.379371428571428,16.29234285714286,14.835914285714285,15.505242857142857,14.630757142857146,14.124200000000002,13.700557142857141,13.222499999999998,13.887685714285714,14.641142857142857,12.761,13.9974,13.591700000000001,13.17287142857143,13.252142857142859,14.425042857142857,14.106214285714286,15.72535714285714,14.400185714285714,17.866314285714285,16.806428571428572,18.560028571428575,17.426757142857145,18.42712857142857,17.625485714285713,16.5363,13.993757142857143,14.246842857142857,12.431785714285715,12.569085714285716,12.140057142857144,13.937314285714283,15.20225714285714,15.180042857142857,14.92632857142857,14.700514285714286,13.798557142857144,13.549185714285711,12.131342857142856,11.312642857142858,10.592899999999998,10.498028571428572,10.388614285714285,10.793342857142857,10.694042857142858,9.96037142857143,9.816085714285716,8.970228571428573,9.212557142857145,9.122471428571428,8.833971428571429,8.54957142857143,7.926528571428571,7.675371428571429,7.807657142857143,7.750871428571428,7.9342999999999995,8.470814285714287,9.16332857142857,9.778214285714286,10.380085714285714,11.505714285714285,11.303442857142857,11.555871428571427,11.266171428571427,10.750814285714284,10.703885714285715,11.157628571428571,11.490714285714287,12.010114285714286,11.828471428571431,12.271657142857142,12.271271428571428,11.823071428571426,11.268457142857143,11.023542857142857,11.233485714285715,10.995442857142857,10.023928571428572,9.781357142857143,9.5649,9.288042857142859,8.245671428571429,8.0309,8.211900000000002,8.463700000000001,9.373728571428572,10.136700000000001,10.700000000000001,11.13974285714286,10.785171428571429,10.637157142857143,10.268214285714288,8.94362857142857,7.893185714285713,7.117399999999999,6.628128571428571,6.7602142857142855,7.260985714285714,8.042214285714286,8.555385714285714,9.522085714285714,10.661428571428571,11.664885714285715,12.350671428571427,12.912814285714287,12.545571428571426,12.791514285714284,12.36787142857143,11.305157142857142,10.348485714285713,9.132599999999998,7.883742857142857,7.278285714285713,6.325928571428571,6.572814285714286,6.809442857142857,6.547042857142857,7.1342428571428576,7.675728571428571,8.205271428571429,8.877157142857143,8.496842857142857,8.30037142857143,8.669671428571428,8.582028571428571,9.209800000000001,8.958485714285715,9.072185714285714,9.54215714285714,10.520999999999999,11.141257142857143,11.193685714285715,10.00687142857143,9.936385714285715,9.486014285714287,9.312857142857142,8.948457142857142,8.851714285714285,9.17232857142857,9.762242857142857,10.870000000000001,11.638657142857143,12.772457142857144,13.603385714285713,14.170585714285712,15.181157142857144,15.31872857142857,15.029314285714284,14.789957142857144,13.85662857142857,13.773885714285713,13.458485714285715,12.431914285714285,13.048542857142857,13.340585714285714,13.356171428571429,12.971157142857143,12.190785714285713,11.872214285714284,12.241428571428571,12.5011,12.66432857142857,13.789514285714285,14.148657142857143,14.368771428571426,13.885785714285714,14.659128571428571,15.0493,15.41632857142857,14.396242857142855,15.259757142857145,16.59844285714286,18.25004285714286,17.954914285714285,17.533842857142854,16.87502857142857,17.423857142857145,16.654028571428572,16.55462857142857,16.56707142857143,16.622000000000003,16.869014285714286,18.059814285714285,18.527371428571428,19.2964,18.9315,20.674028571428572,21.218785714285712,20.33305714285714,19.434485714285717,19.029028571428572,21.0656,20.149785714285716,18.45924285714286,17.465342857142858,19.76727142857143,19.86805714285714,19.30822857142857,16.66055714285714,15.917685714285714,14.813571428571427,15.713728571428573,13.643957142857143,13.241428571428571,12.840271428571429,12.539228571428572,13.654614285714286,14.571214285714285,13.658285714285714,13.989642857142856,14.289428571428571,14.8893,15.315857142857142,15.150585714285713,13.670614285714285,13.595914285714287,13.160514285714287,14.141842857142857,13.7576,14.0507,14.108157142857142,14.409585714285713,14.665557142857141,16.77295714285714,15.741414285714283,16.742785714285713,17.157542857142854,16.552842857142856,17.764042857142858,18.48997142857143,17.31657142857143,18.139414285714288,17.480385714285713,16.055371428571426,16.952099999999998,16.663542857142858,17.373471428571428,17.5135,16.38115714285714,17.132942857142858,19.309142857142856,18.536514285714283,17.302414285714285,16.4032,15.352300000000001,16.46572857142857,16.148342857142858,13.973571428571429,14.4797,14.178728571428573,12.497271428571429,12.710485714285713,11.243285714285715,10.3002,10.864685714285715,9.911857142857144
159,14.8796,14.8796,13.5678,15.860033333333334,13.946225,13.906460000000001,13.150350000000001,12.741385714285714,13.361114285714288,13.203100000000001,11.923485714285714,12.289642857142857,13.177457142857142,12.984685714285714,23.92397142857143,42.92718571428571,55.228571428571435,60.48744285714286,63.73375714285714,63.68075714285714,65.68074285714286,54.799685714285715,35.118585714285715,24.728342857142856,19.7575,16.869142857142858,15.708628571428573,14.216842857142856,14.940885714285713,14.803099999999999,13.213242857142857,12.348442857142857,12.064599999999999,11.905299999999999,11.626985714285713,10.2527,10.92887142857143,10.584057142857144,11.041714285714287,11.246842857142855,12.000342857142856,13.107285714285714,13.49592857142857,13.980585714285715,14.988399999999999,15.314471428571432,16.068371428571428,15.745100000000003,14.510757142857143,17.472857142857144,16.88437142857143,16.264714285714284,16.445199999999996,15.567028571428569,16.58072857142857,17.59182857142857,15.68587142857143,15.45857142857143,15.178542857142856,15.554114285714286,15.7808,16.85617142857143,17.31927142857143,16.380300000000002,16.2599,17.239814285714285,16.69147142857143,17.000857142857146,15.746257142857145,14.612700000000002,15.177200000000001,14.658900000000001,13.345914285714287,13.222857142857142,12.174257142857144,12.227657142857142,11.407871428571427,11.176714285714285,11.719414285714285,13.483714285714287,13.434885714285713,13.061757142857143,12.199857142857141,13.47562857142857,14.885785714285715,15.294957142857141,14.087728571428572,14.069457142857145,15.603228571428572,15.781814285714287,16.25542857142857,16.236942857142857,15.63,15.733285714285715,16.227257142857145,14.89547142857143,14.102171428571433,13.888571428571426,14.4725,14.392828571428572,13.405671428571429,12.499500000000001,13.884557142857144,14.28187142857143,14.147628571428571,12.281899999999998,13.1784,15.180971428571427,16.33407142857143,15.262371428571429,14.509414285714286,13.760671428571428,13.4145,12.595957142857143,11.277485714285714,10.1682,10.611114285714285,10.955471428571428,10.50882857142857,10.808842857142858,10.415942857142857,10.838057142857142,11.071514285714285,11.571142857142858,11.475428571428571,12.158885714285715,12.401257142857144,14.810814285714287,14.234,13.930914285714286,12.230142857142855,12.416114285714286,11.721214285714288,10.355171428571428,7.795357142857143,7.151742857142858,7.125942857142858,8.129828571428572,8.064614285714287,9.745985714285714,10.543371428571431,11.947742857142858,12.282142857142858,12.290485714285714,11.769057142857145,11.810585714285716,10.3162,9.979342857142857,8.463228571428573,8.322785714285713,8.1821,8.534171428571428,8.801214285714286,8.971185714285713,9.660657142857143,9.4807,9.676900000000002,9.198985714285714,8.799342857142857,8.263285714285713,7.8792857142857144,6.959128571428571,6.4954857142857145,6.318414285714286,7.1888571428571435,8.300485714285715,8.700142857142856,9.482828571428572,10.713857142857142,11.987642857142857,12.345628571428572,12.4569,11.968057142857143,11.883042857142858,12.033614285714288,11.634685714285713,11.01692857142857,11.343757142857143,11.14292857142857,11.6889,11.821357142857142,10.976657142857144,11.192157142857143,12.006257142857143,12.3002,11.985871428571429,10.503071428571428,10.093714285714286,9.982942857142856,9.294457142857143,8.50772857142857,8.178314285714285,8.540242857142857,9.125385714285715,10.097557142857143,10.762614285714287,10.799014285714284,11.6499,11.328371428571428,11.068742857142857,10.678057142857142,9.367857142857144,8.488828571428572,8.210342857142857,7.125328571428571,7.0404857142857145,7.331671428571428,7.992528571428572,8.418771428571429,9.074385714285714,10.196628571428572,11.217057142857142,12.007885714285715,12.502857142857142,12.207285714285714,12.477814285714285,12.131685714285712,11.185014285714287,10.253414285714285,9.089842857142857,7.805214285714286,7.242142857142858,6.291685714285715,6.288057142857142,6.259457142857143,6.062214285714286,6.240700000000001,6.937171428571429,7.622657142857143,8.196428571428571,8.0973,7.956785714285715,7.746742857142857,8.006542857142858,8.596771428571428,8.37342857142857,8.315557142857143,8.947614285714286,10.438500000000001,11.545442857142858,11.2875,10.218042857142859,9.87992857142857,9.364028571428573,8.466042857142858,6.518042857142858,5.291214285714285,4.9793,5.230971428571428,5.149342857142856,5.220571428571428,5.3136857142857155,5.875185714285714,6.140999999999999,6.9174428571428574,6.920557142857142,7.011371428571428,7.2351,7.647014285714285,8.268885714285714,8.463714285714286,8.572557142857145,9.001228571428571,9.922828571428571,10.218028571428572,10.561599999999999,9.678099999999999,9.703985714285716,9.317357142857144,9.211028571428571,9.112842857142857,8.713742857142856,8.196685714285715,8.598014285714287,9.573171428571428,10.097985714285715,11.012128571428573,11.418757142857142,12.241585714285714,12.79902857142857,13.055185714285715,12.312871428571428,12.105114285714285,11.164642857142857,10.423785714285714,10.944071428571428,11.281914285714288,12.39145714285714,12.158671428571427,11.816442857142858,12.5532,13.497214285714284,13.3559,13.619985714285713,12.42642857142857,15.550214285714285,17.4246,17.228728571428572,17.131642857142857,16.686157142857144,16.790928571428573,17.885214285714287,16.897185714285715,15.845185714285714,17.19147142857143,16.526685714285716,16.590685714285712,16.815042857142856,15.438914285714285,15.259428571428572,16.64464285714286,16.45687142857143,16.976185714285716,17.311457142857144,17.613285714285716,20.166,19.967457142857143,18.59497142857143,18.879185714285715,20.550671428571427,20.812042857142853,20.427171428571427,18.9632,18.065985714285713,19.002414285714284,18.806428571428572,18.561200000000003,19.982242857142857,20.276614285714285,20.3356,20.007442857142856,19.335528571428572,20.638514285714283,20.669414285714286,20.204357142857138,21.264271428571426,22.536785714285713,25.3254,26.44204285714286,25.223085714285713,25.95172857142857,27.255142857142854,25.74374285714286,24.9507,23.888828571428572,24.605985714285715,25.085671428571427,22.924714285714284,21.518328571428576,21.7601,20.76178571428571,19.605485714285713,18.202285714285715,17.154342857142858,18.482485714285712,18.827814285714286,18.07381428571429,19.072928571428573,18.300185714285714,16.962657142857143,17.22897142857143,16.207214285714286,14.362414285714289,15.087028571428574,13.494028571428572
160,12.2978,12.2978,14.414000000000001,15.648533333333333,13.7365,14.317759999999998,12.935516666666665,12.596928571428569,12.140314285714286,11.787671428571429,10.58682857142857,10.906342857142858,10.876314285714287,11.1597,18.557385714285715,33.79254285714286,40.63298571428572,45.4792,47.731471428571425,48.151242857142854,49.5798,42.78711428571429,28.188385714285715,22.345814285714283,17.904500000000002,15.942599999999999,14.45177142857143,13.5209,13.416942857142857,13.505485714285713,12.818457142857142,12.470728571428571,12.685114285714288,12.922385714285715,12.619042857142857,11.218571428571428,11.189942857142857,10.9136,10.613814285714286,9.995742857142858,9.816414285714286,10.017514285714286,10.354042857142858,10.42022857142857,9.7541,10.271142857142857,11.119342857142856,11.187842857142856,10.633557142857143,13.071357142857142,12.601871428571428,12.73772857142857,13.758457142857143,12.351785714285713,12.510999999999997,12.973128571428571,11.616628571428572,12.23585714285714,12.711714285714285,11.971342857142858,13.003114285714288,14.139442857142857,15.436342857142856,14.493914285714286,13.737799999999998,13.212585714285714,12.4509,14.018557142857142,12.635771428571429,10.771428571428572,11.152057142857142,10.915914285714285,10.044285714285715,10.668185714285714,8.465671428571428,8.468471428571428,8.5468,8.35972857142857,8.388271428571429,9.488785714285715,9.2415,9.196771428571427,9.324171428571429,10.604528571428572,11.799257142857144,13.15674285714286,12.709857142857143,12.045014285714286,12.574642857142859,13.843042857142857,12.720685714285713,12.758142857142857,11.759485714285717,12.390685714285713,12.73882857142857,11.697285714285714,10.3821,11.312771428571429,11.143557142857144,10.707485714285713,9.48087142857143,9.669414285714286,10.457357142857145,11.271014285714285,11.306014285714285,11.362542857142857,13.378328571428572,14.753957142857145,15.731628571428573,16.682071428571426,15.613614285714286,14.730971428571427,13.837757142857145,13.110685714285717,12.87752857142857,12.035399999999997,11.349342857142858,11.64932857142857,11.5635,11.353514285714285,10.595371428571427,10.784257142857141,10.791785714285712,12.241171428571429,11.660042857142857,11.807085714285716,12.661128571428572,13.714257142857141,13.829685714285715,13.803057142857144,11.130128571428571,11.383957142857144,10.784357142857143,9.363442857142857,7.652242857142857,6.498157142857144,6.5534285714285705,7.749114285714285,8.218757142857143,10.108885714285716,11.293414285714283,13.377414285714284,13.775485714285713,13.529499999999999,13.63422857142857,13.580885714285714,12.657514285714285,12.296342857142855,10.623671428571427,10.487557142857142,10.280285714285714,10.239,10.416385714285715,10.527600000000001,10.727142857142857,10.559628571428572,10.394685714285714,10.258500000000002,9.952428571428571,9.346599999999999,9.01475714285714,8.3967,8.434014285714285,8.657057142857143,9.347942857142858,10.5432,11.102657142857144,11.571228571428573,13.204885714285714,14.210757142857144,15.300057142857144,15.616257142857142,14.934114285714287,15.185742857142857,16.14355714285714,15.630728571428573,15.041271428571429,15.0678,14.906114285714287,15.566428571428574,15.557028571428575,13.990342857142858,14.087885714285715,14.404528571428571,14.914614285714284,14.580985714285715,12.92,12.457357142857143,12.328942857142858,11.399671428571427,10.507414285714285,9.640042857142857,9.863957142857142,10.84747142857143,11.554214285714286,12.693299999999999,13.575500000000002,15.0004,15.042328571428571,14.4065,13.660057142857145,12.512857142857143,11.194242857142855,10.063128571428573,9.090457142857144,8.59137142857143,9.6185,10.535171428571429,11.031157142857142,11.401357142857142,13.1884,14.023485714285714,15.1626,15.866642857142859,16.3629,16.93104285714286,17.212442857142857,15.755242857142857,15.612457142857142,14.300328571428574,12.697414285714286,11.125985714285715,9.630571428571429,8.805014285714288,8.996285714285715,7.880971428571429,7.812285714285714,8.440114285714285,9.122714285714286,10.149585714285715,10.711614285714287,10.572171428571428,10.421157142857144,11.093057142857143,11.064528571428571,10.729342857142855,10.493714285714287,11.19212857142857,13.062800000000001,14.59007142857143,14.652585714285715,14.283042857142858,13.8843,13.508685714285715,12.125242857142856,9.514228571428571,7.884857142857142,6.7382,7.160157142857143,7.208442857142857,7.168671428571429,7.799342857142858,8.898914285714286,8.976314285714285,9.7357,9.224300000000001,9.292399999999999,9.4721,9.56707142857143,10.161614285714288,11.424557142857143,11.611185714285714,12.1469,13.6695,13.83997142857143,13.697342857142859,12.470257142857145,11.508885714285716,11.120914285714287,10.452585714285716,9.749071428571428,8.853528571428571,8.624328571428572,8.60212857142857,9.2706,9.251528571428574,9.783200000000003,9.994200000000003,10.891214285714286,11.018542857142856,10.738257142857142,9.948528571428572,9.372771428571427,8.618557142857144,7.588071428571429,8.180871428571427,9.238085714285715,10.118928571428572,10.0126,10.774385714285714,12.190671428571429,13.69257142857143,13.212814285714286,11.912728571428572,11.877799999999999,13.766271428571429,15.0268,14.737214285714288,13.955671428571431,13.239700000000001,13.532085714285715,14.50137142857143,14.653428571428572,13.9084,14.328671428571429,13.463085714285715,14.376028571428572,14.523957142857142,12.872442857142858,12.70267142857143,12.740385714285713,12.147400000000001,13.162985714285714,13.067385714285715,13.744200000000001,14.977914285714288,13.55027142857143,12.612657142857143,12.70947142857143,13.193471428571428,13.829557142857142,13.9764,13.634357142857143,13.241728571428572,14.36325714285714,14.78922857142857,14.728057142857143,15.06562857142857,14.242028571428573,14.360585714285714,14.877785714285713,14.105500000000001,14.819142857142856,14.235057142857144,14.305928571428572,15.4374,15.49807142857143,16.71227142857143,18.75947142857143,18.936500000000002,20.422,22.098457142857143,21.186457142857144,21.269800000000004,20.300985714285712,19.992285714285714,20.145171428571427,18.787442857142857,18.651571428571426,20.2746,20.336457142857142,20.84462857142857,20.908714285714286,20.74932857142857,22.225085714285715,21.627442857142857,19.98965714285714,20.160871428571426,19.326371428571427,17.339242857142857,16.46232857142857,15.537985714285714,13.159600000000001,13.909285714285716,13.056500000000002
161,7.6539,7.6539,8.610800000000001,9.9054,8.667325,9.11392,8.388616666666666,9.128314285714286,9.1854,9.362442857142856,8.588957142857144,9.079171428571428,10.78062857142857,11.243185714285714,17.248957142857144,32.42344285714286,35.04951428571429,38.06362857142857,39.48129999999999,38.704057142857145,40.95501428571429,35.06967142857143,21.044571428571427,19.741485714285712,17.32332857142857,15.860757142857144,14.359228571428574,12.083985714285713,11.502399999999998,10.401914285714284,8.879242857142858,8.4286,8.640957142857143,8.395100000000001,8.4797,8.017857142857144,8.400528571428572,8.183428571428573,8.1714,7.949071428571429,8.305014285714286,8.396257142857142,8.15162857142857,7.497814285714285,7.096085714285714,6.770985714285714,7.3524571428571415,8.514514285714286,8.302071428571429,9.186671428571428,9.7487,9.808985714285713,10.566342857142857,9.632228571428572,8.428714285714287,7.798342857142857,7.297028571428571,6.951485714285714,8.028785714285714,8.349742857142857,8.960857142857142,8.739099999999999,9.858128571428571,9.923514285714285,10.037085714285713,9.161271428571428,8.1744,9.754085714285713,9.943685714285715,8.982728571428572,10.027528571428572,9.7083,9.432285714285713,9.991642857142855,7.916385714285715,8.075185714285714,8.34,7.366757142857144,7.599742857142857,8.393514285714286,8.067314285714287,8.305728571428572,8.2661,10.085557142857143,11.405871428571428,13.35337142857143,13.056771428571428,13.3032,14.045928571428572,15.761085714285715,14.261957142857142,15.063199999999998,13.187,13.994771428571429,13.625,12.63442857142857,11.395214285714287,12.171171428571427,11.002114285714287,10.708942857142857,9.6261,10.5515,10.876957142857142,11.416457142857142,11.842557142857142,11.879000000000001,14.178985714285714,14.788057142857143,15.85247142857143,16.68832857142857,15.484257142857144,14.206957142857146,13.206900000000003,12.4083,12.591428571428569,10.778157142857141,10.620099999999999,11.241657142857141,11.25897142857143,11.394142857142857,11.062985714285714,11.107857142857142,11.44108571428571,12.247357142857144,11.56574285714286,11.683314285714287,12.598728571428571,14.094414285714285,15.287571428571429,14.939914285714284,12.695042857142855,12.833557142857144,12.070728571428573,10.442914285714286,8.3358,6.708728571428572,7.3173,8.445271428571429,9.471685714285714,11.62522857142857,13.29727142857143,14.921085714285713,15.242442857142857,14.732314285714285,14.956514285714286,14.462085714285717,13.429728571428571,12.594242857142856,11.094257142857142,10.736214285714286,10.634671428571428,10.6738,11.534385714285714,11.798771428571428,12.78292857142857,12.367757142857142,12.511385714285714,12.7363,12.456585714285714,11.442371428571429,11.176457142857142,9.952414285714285,10.507271428571428,10.452414285714285,11.291,12.558671428571428,13.067185714285715,13.676271428571425,14.477857142857141,14.259271428571427,15.552228571428572,15.935914285714288,16.545514285714287,16.946885714285717,18.466442857142855,19.107242857142857,19.643257142857145,20.03055714285714,20.000814285714284,18.702414285714287,18.8328,16.958071428571426,16.926099999999998,16.987057142857143,17.10507142857143,16.393442857142862,15.2599,14.363928571428572,13.866757142857143,12.580842857142857,11.66592857142857,11.208042857142857,11.921228571428571,13.118028571428571,13.96595714285714,14.035371428571427,14.762471428571429,19.541742857142857,19.402414285714283,18.2548,17.5414,16.44464285714286,15.948871428571428,15.257642857142857,10.882557142857143,10.269728571428573,11.598128571428571,11.924714285714286,12.118457142857142,12.4441,12.902428571428572,13.634128571428572,13.625914285714286,14.552442857142859,16.187700000000003,17.36601428571429,18.181271428571428,18.323685714285716,19.55412857142857,19.19332857142857,17.075814285714284,14.819914285714287,12.825528571428572,11.694471428571429,11.981742857142857,9.887571428571428,9.81177142857143,10.288857142857141,11.530685714285713,13.1132,14.020357142857142,14.011142857142856,14.103628571428569,15.550914285714285,15.60855714285714,15.100942857142858,14.42655714285714,15.5624,19.257714285714286,22.182,21.786685714285714,20.926585714285714,20.24675714285714,19.7211,17.728357142857142,12.8618,9.593685714285714,8.3317,9.63717142857143,9.441671428571428,9.589314285714284,9.91,10.844585714285715,10.839442857142856,11.30022857142857,10.098942857142857,10.169485714285713,10.352414285714286,10.650757142857143,11.147899999999998,12.171985714285713,12.587142857142856,13.493271428571429,15.511757142857144,15.621657142857142,15.293585714285713,13.953414285714286,12.700171428571428,12.00447142857143,10.892171428571427,9.639114285714285,8.733914285714286,8.662099999999999,8.928071428571428,10.264314285714287,10.764742857142858,11.535014285714285,12.296071428571429,13.800771428571428,14.683171428571429,15.063885714285716,14.486500000000001,14.168357142857143,13.536828571428572,12.5188,13.099642857142856,12.833528571428571,12.93207142857143,12.467128571428573,12.260899999999998,13.485228571428573,15.077357142857142,14.028400000000001,13.483414285714286,13.628785714285714,14.6792,16.738714285714284,16.36547142857143,14.272614285714287,14.025057142857145,14.315685714285715,14.692614285714285,15.58262857142857,15.136171428571428,15.686985714285713,15.929042857142857,16.026385714285716,15.961614285714287,14.828328571428573,13.894485714285716,12.75517142857143,12.134314285714286,12.735414285714285,12.564657142857143,12.7122,13.230314285714286,12.271357142857141,11.526542857142857,10.828457142857143,10.991442857142857,11.774899999999999,12.187871428571427,11.886457142857143,11.667085714285715,11.9939,12.339942857142857,11.774942857142857,10.652485714285715,9.791785714285714,10.214885714285714,11.309842857142856,10.790428571428572,11.751614285714286,11.4121,11.9319,12.4655,12.650114285714285,12.856971428571429,14.416885714285714,14.370157142857144,14.892514285714286,16.011757142857142,15.613685714285712,15.291814285714285,13.988142857142856,13.727385714285715,13.7517,13.676128571428572,14.409514285714286,15.944157142857145,15.852657142857142,16.108757142857144,16.78721428571429,15.925642857142856,17.571599999999997,16.612242857142856,14.854171428571428,15.442628571428571,15.17172857142857,12.983157142857143,13.33134285714286,11.420742857142855,9.694842857142858,10.012085714285716,8.764385714285714
162,5.771,5.771,6.5626,7.2049666666666665,6.5775999999999994,6.682979999999999,6.476499999999999,7.158299999999999,7.68082857142857,8.264742857142856,7.665828571428571,7.772771428571429,9.043171428571428,9.279657142857143,14.073014285714285,25.576014285714287,24.764571428571433,26.172257142857145,27.508714285714287,27.717571428571432,29.667471428571424,24.889885714285715,14.079899999999999,15.375442857142856,14.445214285714284,13.176371428571429,11.700585714285713,9.359314285714285,8.342985714285714,6.980585714285715,5.254528571428572,4.835128571428571,4.643785714285714,4.178400000000001,4.460142857142857,4.6718,5.5033142857142865,5.876914285714286,6.349271428571429,6.838114285714285,7.135885714285714,7.243685714285715,7.027942857142857,5.818614285714287,5.603314285714286,5.009857142857143,5.177528571428573,5.678914285714285,5.729285714285715,6.240171428571428,6.9877142857142855,7.0388,7.609071428571428,7.4414,6.451942857142858,6.142442857142858,5.838300000000001,5.393742857142857,6.429814285714286,6.793500000000001,6.8510285714285715,6.991757142857142,7.474428571428571,8.121457142857142,8.543914285714285,7.997171428571429,7.2218,8.594142857142858,8.79262857142857,7.976642857142857,9.028542857142858,8.863314285714285,8.2909,9.290828571428571,7.8604714285714286,8.335942857142857,8.961728571428571,8.148142857142856,8.460014285714285,9.435571428571427,9.109528571428571,9.111442857142858,9.041885714285716,11.364042857142858,12.196342857142858,13.0174,12.677971428571428,12.877328571428574,13.060414285714286,14.26372857142857,12.218271428571429,12.050685714285715,11.296999999999999,11.8356,11.339857142857142,11.512085714285714,10.717957142857143,11.40662857142857,12.246328571428572,12.1041,11.5544,12.218757142857143,11.761214285714285,12.11492857142857,13.855514285714284,12.804985714285712,13.856557142857142,14.58054285714286,15.399228571428571,15.891500000000002,15.16462857142857,12.840485714285714,12.245385714285714,12.751185714285715,13.230971428571427,11.804857142857143,12.5167,12.82272857142857,12.695257142857143,12.818142857142858,12.4683,12.05527142857143,12.268142857142854,12.552157142857142,12.521957142857143,12.339528571428572,13.876157142857142,14.026014285714284,15.595128571428573,15.594085714285717,13.962371428571428,13.891099999999998,13.534799999999999,11.040042857142856,11.450199999999999,9.99472857142857,10.910499999999999,11.786542857142857,12.314885714285714,14.144257142857143,16.216757142857144,15.433942857142858,15.520228571428573,14.899957142857145,15.231871428571429,14.5089,13.686499999999999,12.987799999999998,13.01817142857143,12.356357142857144,11.865885714285715,11.9919,13.863414285714285,14.140828571428573,14.282571428571428,13.82467142857143,14.49035714285714,15.440142857142858,14.866057142857143,13.660885714285714,13.335757142857144,12.2507,12.585614285714286,12.027485714285714,12.838571428571429,14.186885714285713,14.525642857142858,15.340428571428571,17.106957142857144,16.5844,18.26772857142857,17.869400000000002,17.67787142857143,17.40648571428571,19.1129,19.079571428571427,20.4703,21.71975714285714,22.051485714285718,21.42922857142857,22.827142857142857,20.930571428571426,21.18917142857143,20.511457142857147,20.24372857142857,19.889985714285718,19.14822857142857,17.493042857142857,16.673157142857143,15.603157142857144,15.213114285714287,15.35742857142857,17.183614285714288,18.586028571428574,19.741114285714286,20.076985714285712,21.22765714285714,27.97002857142857,26.84062857142857,24.737057142857143,24.1098,23.013471428571428,22.072499999999998,20.386742857142853,14.432242857142853,15.054771428571428,16.411914285714285,16.363714285714284,16.580042857142857,17.187157142857142,17.903042857142857,17.476057142857144,16.019342857142856,17.644114285714288,21.107300000000002,22.975671428571424,24.601314285714288,24.774099999999997,27.277985714285713,27.04517142857143,23.674114285714285,19.82124285714286,16.986042857142856,15.139142857142858,15.584328571428571,12.684614285714286,11.995514285714284,13.186857142857145,14.696028571428572,16.34057142857143,16.756614285714285,16.744799999999998,16.858757142857144,18.105657142857144,16.865771428571428,15.992814285714285,15.831457142857143,17.51562857142857,23.275914285714286,28.52397142857143,28.805885714285715,28.67515714285714,28.223842857142852,27.080171428571425,24.915957142857142,17.6309,12.433857142857144,10.639557142857143,12.32927142857143,11.430057142857143,11.707228571428573,11.945628571428573,12.665799999999999,12.291100000000002,13.306128571428571,11.746728571428571,12.087185714285713,12.9389,13.557685714285713,14.204957142857143,15.471457142857142,15.892142857142856,16.8766,19.148500000000002,18.388485714285714,17.549171428571427,16.434185714285714,14.786828571428572,13.822342857142859,12.515642857142856,10.700128571428573,9.791857142857141,10.587428571428571,11.399657142857142,12.545800000000002,13.020057142857143,14.4078,15.893485714285715,17.504257142857142,17.617685714285717,18.3624,18.938642857142856,19.429857142857145,18.7943,18.25957142857143,19.104442857142857,19.622214285714286,18.85082857142857,17.341171428571425,15.890842857142859,16.567914285714284,16.792928571428572,15.671171428571427,14.954728571428571,14.819442857142857,16.187471428571428,18.937457142857145,17.945128571428572,16.571357142857142,15.9931,15.812614285714286,16.504185714285715,18.355071428571428,17.213371428571428,18.8568,18.613085714285713,18.261714285714284,17.654557142857144,16.233942857142857,13.811742857142857,13.044614285714287,11.510485714285712,11.774914285714285,12.001585714285714,12.056242857142857,12.447228571428571,12.421142857142856,11.664,10.865357142857144,11.322199999999999,11.87092857142857,12.875457142857142,13.128371428571429,12.123842857142858,12.007771428571429,12.400214285714286,11.670657142857142,10.285014285714283,9.290928571428571,9.451342857142858,11.150142857142857,11.399199999999999,11.38227142857143,10.872714285714286,11.553285714285716,11.450028571428572,10.763071428571427,9.755985714285714,9.792757142857143,10.644057142857141,11.152142857142858,11.477028571428571,11.47535714285714,11.409485714285712,10.717785714285712,10.552685714285714,9.9983,10.558442857142856,11.283914285714285,12.291442857142856,12.949871428571429,12.879571428571428,14.199799999999998,13.530471428571428,13.743971428571427,13.684899999999999,12.12315714285714,11.77462857142857,12.127157142857142,10.317542857142858,11.169214285714286,9.934385714285714,8.268557142857144,8.723428571428572,8.331042857142858
163,4.0614,4.0614,5.068,5.727233333333333,4.98485,5.22902,5.24785,5.791185714285715,6.408757142857143,7.548114285714285,7.145728571428571,7.894585714285713,9.607142857142858,9.735357142857143,12.798457142857142,19.878899999999998,18.690699999999996,19.524242857142855,19.963328571428573,19.629328571428573,20.71742857142857,17.94142857142857,11.588314285714286,12.427214285714287,11.932900000000002,11.271285714285714,10.073871428571428,8.628628571428571,7.468628571428572,6.091428571428572,4.793785714285714,4.6417,4.2312,3.8205999999999998,4.348628571428572,4.411528571428572,5.162457142857143,5.511814285714286,6.334542857142857,6.908085714285714,6.8749714285714285,6.688457142857142,6.812428571428571,5.815285714285715,5.664157142857143,4.608585714285714,4.605185714285715,5.125757142857142,4.944814285714286,5.137214285714285,5.641514285714286,5.421471428571429,5.7438142857142855,5.806785714285714,4.954014285714286,4.578871428571428,4.437285714285714,4.636914285714285,6.072642857142857,6.561000000000001,6.560899999999999,7.243214285714286,8.549814285714286,10.107242857142856,10.108785714285714,9.418657142857143,8.758799999999999,9.946971428571429,9.822371428571428,8.61432857142857,8.159742857142858,7.949800000000001,7.756142857142857,8.627,7.47507142857143,7.803385714285715,8.397314285714286,7.666657142857142,7.8621285714285705,7.914171428571428,7.188942857142857,7.154271428571428,7.316528571428572,9.467471428571429,10.047557142857142,10.632985714285715,10.710885714285714,11.498428571428573,11.845557142857142,12.766985714285713,10.748299999999999,11.208128571428572,10.974214285714286,11.832657142857144,11.240571428571428,10.89362857142857,10.155742857142856,10.62577142857143,11.410157142857143,10.743157142857143,10.008985714285714,10.507900000000001,10.507900000000001,11.098614285714286,14.339542857142858,13.83114285714286,15.012314285714288,16.00877142857143,16.607957142857142,17.566,16.441085714285713,12.684742857142856,11.945185714285714,12.783442857142859,12.5779,11.766914285714284,11.179957142857143,11.566585714285713,11.336814285714285,11.38754285714286,10.84012857142857,10.728257142857144,11.6275,12.4864,13.051557142857144,13.411,14.374057142857144,14.374714285714287,16.102485714285713,15.298514285714285,14.468100000000002,14.258357142857145,14.020728571428569,12.102014285714287,13.71295714285714,12.842957142857143,13.799371428571428,14.484585714285714,15.250357142857142,17.841514285714286,20.273028571428572,18.936514285714285,19.32904285714286,18.134514285714282,18.19537142857143,17.135885714285713,15.487971428571427,14.63205714285714,14.233442857142856,13.043114285714285,13.0054,13.678414285714284,14.821342857142856,14.915314285714286,15.102985714285714,15.079757142857144,15.810457142857144,17.176014285714285,16.010914285714286,15.460657142857142,15.54135714285714,14.680242857142856,14.570014285714283,13.609585714285712,14.499828571428571,15.249199999999998,15.883628571428572,16.19612857142857,17.66465714285714,16.91662857142857,17.467714285714287,16.769814285714286,16.92338571428571,16.19742857142857,18.77072857142857,17.368414285714287,18.77404285714286,21.17902857142857,20.964371428571432,20.82065714285714,22.083742857142855,18.984928571428572,20.277014285714284,19.745785714285716,19.5891,19.521542857142858,18.626485714285714,17.210114285714287,16.80752857142857,15.802314285714287,15.703985714285716,16.1892,18.965585714285712,20.24705714285714,21.396871428571426,22.054114285714288,23.175471428571427,31.3157,29.88982857142857,27.25422857142857,26.654328571428575,25.49742857142857,24.576128571428573,23.725385714285718,17.185328571428574,18.704314285714286,19.8964,20.042285714285715,20.82707142857143,21.23967142857143,21.75617142857143,20.38612857142857,17.261242857142857,20.03002857142857,24.487257142857143,26.858357142857137,28.98762857142857,30.335271428571428,34.15245714285714,34.949842857142855,29.597200000000004,24.472371428571428,20.80802857142857,18.469271428571428,17.642614285714284,13.50767142857143,12.641928571428574,14.118014285714287,14.955899999999998,16.49632857142857,16.98052857142857,16.70037142857143,17.105542857142858,17.317157142857145,16.580342857142856,16.15707142857143,15.73022857142857,18.5828,26.529799999999998,33.82978571428571,35.27831428571429,34.82161428571429,34.878614285714285,34.33471428571429,30.86228571428572,21.402528571428572,13.92138571428571,11.635742857142857,13.710085714285714,12.659157142857142,12.485785714285713,12.996228571428572,13.70922857142857,13.334200000000001,14.329171428571428,13.601428571428572,13.916799999999999,14.77722857142857,15.256414285714285,15.389528571428572,16.787042857142858,17.028528571428573,17.508457142857143,18.733800000000002,17.83054285714286,16.6883,15.870214285714283,14.114171428571428,13.397428571428573,11.650042857142855,10.488057142857143,9.906771428571428,11.700814285714285,13.536028571428572,14.467085714285714,15.15647142857143,16.33074285714286,18.76964285714286,20.25487142857143,19.050485714285717,18.900685714285714,20.251014285714287,21.962514285714285,21.742628571428575,21.587642857142857,23.162614285714287,25.10862857142857,23.5436,21.37427142857143,18.382228571428573,18.956357142857144,18.025471428571425,15.660342857142856,14.17272857142857,14.701585714285715,16.408557142857145,19.652185714285714,17.724614285714285,16.425571428571427,16.297557142857144,15.415685714285713,16.531499999999998,16.726085714285713,15.347785714285711,17.1865,17.2354,16.746671428571428,16.76937142857143,14.942714285714285,13.168485714285712,12.319400000000002,11.349085714285717,11.201300000000003,11.507028571428572,11.471571428571426,11.637328571428572,12.08067142857143,11.506657142857142,10.528857142857145,11.102814285714286,11.688342857142858,12.355185714285714,12.901214285714286,12.049214285714287,11.628328571428572,11.854728571428572,10.626828571428572,9.621842857142855,8.538328571428574,8.5624,10.49442857142857,11.488114285714286,11.328299999999999,10.804814285714286,11.021514285714286,11.156514285714286,10.5592,9.659342857142857,9.749728571428571,10.331857142857142,11.176714285714285,11.096042857142859,11.090500000000002,11.24797142857143,10.07232857142857,8.585899999999999,8.464057142857142,8.850357142857142,9.33722857142857,10.259057142857142,10.801114285714286,10.8918,12.732557142857145,12.663328571428574,12.420742857142859,12.621685714285716,11.118028571428571,10.128871428571427,9.774885714285714,7.876271428571428,8.1229,7.429271428571427,6.073257142857144,6.574985714285715,7.0236
164,3.0123,3.0123,4.0629,4.144666666666667,4.0146250000000006,4.224400000000001,4.435116666666667,5.422828571428572,5.7766,6.881085714285716,6.8838,7.5089,9.419300000000002,9.541242857142857,10.914542857142859,14.868585714285715,13.853700000000002,14.411600000000002,14.35807142857143,13.506157142857143,14.054142857142859,12.644514285714289,9.54087142857143,9.865585714285714,9.507599999999998,9.223971428571428,8.500357142857142,7.504328571428571,6.250385714285715,5.004657142857144,4.195971428571428,4.5227,4.511642857142857,3.817542857142857,4.4713714285714286,4.592471428571429,5.361714285714286,6.0327142857142855,6.295814285714286,6.644028571428571,7.023371428571429,6.512828571428571,6.662128571428573,5.796628571428571,5.3388,4.548928571428571,4.299485714285714,5.0505571428571425,5.211171428571428,5.447842857142858,5.701885714285714,5.445842857142857,5.579185714285715,5.824914285714286,4.622085714285714,4.151514285714286,4.093342857142858,4.290128571428572,5.872114285714285,6.339285714285714,5.993828571428571,6.8872285714285715,7.8533857142857135,8.670499999999999,8.633099999999999,7.698514285714286,7.3011,8.891471428571428,8.460185714285714,7.781585714285714,7.956028571428571,8.4357,8.360385714285714,8.837985714285715,7.504357142857144,7.893314285714285,8.457214285714285,7.2061714285714285,7.057857142857143,7.034428571428571,6.450114285714285,6.544299999999999,7.044014285714286,8.8558,9.962742857142857,10.266471428571426,10.378457142857144,11.370757142857142,11.556814285714285,11.777114285714285,9.967185714285716,9.924414285714287,10.209171428571429,11.177742857142858,10.440428571428571,10.448728571428571,10.124585714285713,10.12492857142857,11.111742857142858,10.060557142857144,9.402257142857142,10.171257142857144,9.931371428571428,10.297185714285716,14.353914285714287,13.930828571428572,15.168314285714285,15.795671428571428,17.539914285714286,18.521685714285717,17.772542857142856,13.797999999999998,12.89172857142857,13.693957142857144,13.529585714285714,11.676271428571427,10.844314285714287,11.662128571428571,11.351814285714287,11.411942857142858,10.946871428571429,11.244071428571429,12.328928571428573,13.392371428571428,13.197542857142855,13.421471428571431,15.725714285714288,15.83714285714286,17.28702857142857,15.977271428571429,15.32167142857143,15.229428571428569,14.550985714285712,11.5851,13.946185714285717,13.499871428571428,14.831100000000001,15.6184,16.522414285714284,18.705299999999998,22.178985714285712,20.42237142857143,20.8691,19.928085714285714,20.29471428571429,19.329199999999997,18.636100000000003,18.319828571428577,16.817299999999996,14.959457142857142,14.34792857142857,14.160714285714283,15.339471428571429,16.158985714285713,14.787828571428573,15.460685714285715,17.078857142857142,19.216428571428573,18.51307142857143,17.921442857142857,16.97802857142857,16.063328571428574,16.894457142857142,15.933985714285713,17.214157142857143,17.271571428571427,18.385099999999998,19.015171428571428,20.6878,19.11875714285714,19.089885714285714,17.32242857142857,18.082171428571428,16.708242857142857,19.738842857142856,18.60894285714286,20.91571428571428,23.522199999999998,23.1385,23.666400000000003,24.710357142857145,21.31718571428571,21.586528571428573,20.44852857142857,19.587757142857146,19.446871428571423,17.7879,16.585285714285714,16.00714285714286,15.879042857142858,15.99407142857143,18.448385714285713,22.10575714285714,23.31564285714286,24.909385714285715,25.690685714285713,26.787871428571425,34.62065714285714,31.915171428571426,29.126957142857144,29.047014285714283,27.854814285714287,26.882271428571425,26.3196,20.812099999999997,22.85502857142857,24.216957142857144,23.6815,24.79817142857143,25.268542857142855,25.77458571428571,22.86504285714286,19.94275714285714,22.756857142857143,28.072014285714285,30.372871428571425,33.52062857142857,35.93815714285714,40.109114285714284,40.70325714285714,35.95834285714286,30.619342857142858,26.723028571428575,23.20482857142857,21.485542857142857,16.909314285714284,15.306885714285713,16.317985714285715,17.069857142857142,19.008171428571426,19.41727142857143,18.55851428571429,19.281442857142856,19.533814285714282,18.343557142857144,17.253257142857144,15.5853,17.481985714285713,24.954957142857147,32.616957142857146,33.4457,33.14814285714286,33.18875714285714,33.192528571428575,30.911514285714283,22.243671428571428,14.829300000000002,14.13002857142857,15.389842857142856,14.598671428571427,14.533928571428572,15.175114285714287,16.03887142857143,15.66622857142857,15.895214285714287,14.816785714285714,15.7736,16.551928571428572,16.6279,16.678800000000003,17.483228571428572,17.66682857142857,18.972,19.838228571428573,20.094385714285718,19.070899999999998,18.216171428571432,16.8988,16.89924285714286,15.34452857142857,14.131728571428571,12.283657142857143,15.583542857142858,17.717142857142857,18.96917142857143,19.19852857142857,20.54207142857143,24.19674285714285,25.075514285714284,22.95704285714286,23.283314285714287,25.174185714285716,26.79262857142857,26.841857142857144,26.88138571428572,29.76308571428572,31.113614285714284,28.074957142857148,24.399842857142858,20.768914285714285,20.666357142857144,18.03955714285714,14.767542857142855,12.648971428571427,13.435685714285713,16.559071428571432,20.194185714285712,19.089742857142856,18.503542857142858,18.56694285714286,18.465200000000003,19.41867142857143,19.414142857142856,17.065728571428572,17.766542857142856,17.47172857142857,16.817257142857144,17.05367142857143,15.310242857142859,12.505942857142857,12.41307142857143,11.6104,11.666857142857143,12.280085714285715,11.880714285714285,12.008957142857144,12.35757142857143,12.289042857142856,11.226799999999999,11.43645714285714,10.795642857142857,11.0414,11.499042857142856,10.4804,9.633628571428572,10.111871428571428,8.675199999999998,8.837014285714284,8.153385714285713,8.516557142857142,9.882042857142858,10.89562857142857,10.260057142857145,10.301757142857143,10.249814285714285,10.281471428571427,9.531642857142856,9.990528571428571,8.99392857142857,9.495014285714285,9.951742857142857,10.00372857142857,10.12522857142857,10.295828571428572,8.711942857142857,8.151657142857143,8.163942857142859,8.48857142857143,8.981414285714285,9.421942857142856,10.154671428571428,10.269014285714286,11.784357142857143,11.6805,11.182285714285715,10.793385714285714,9.835242857142855,8.44682857142857,7.902285714285713,6.339300000000001,6.219357142857143,5.858171428571429,5.3260000000000005,5.928471428571428,6.644871428571429
165,2.9928,2.9928,4.47,4.577133333333333,4.488925,4.74944,5.1795,6.320014285714286,7.035214285714285,7.762757142857143,8.1008,8.640071428571428,9.827328571428572,9.802742857142858,11.936414285714287,14.068142857142858,13.636671428571429,13.756885714285715,13.498257142857144,13.223285714285714,13.535414285714285,11.164528571428573,9.060542857142858,9.078228571428571,8.722757142857143,8.578385714285714,7.910071428571428,7.120742857142857,5.868000000000001,5.087785714285714,4.3219,4.557157142857143,4.7183142857142855,3.994142857142857,4.591728571428571,4.605271428571429,5.151085714285714,5.668357142857142,5.781871428571429,6.0255285714285725,6.282985714285714,5.747585714285714,5.9580857142857155,5.314671428571428,4.989128571428572,4.252585714285715,3.9001428571428574,4.564157142857143,4.910228571428571,4.850771428571428,5.2316,4.995857142857143,5.375657142857143,5.358314285714286,4.382014285714286,3.720242857142857,4.2884,4.445671428571428,5.824371428571429,6.218857142857142,6.003671428571428,7.122314285714286,8.097785714285713,8.820928571428572,8.675657142857142,7.7180857142857135,7.046057142857143,8.745328571428571,8.1115,7.57032857142857,7.336728571428571,7.919557142857144,8.074871428571427,8.839357142857143,7.526857142857142,8.094957142857142,8.511657142857143,7.370757142857143,7.200142857142857,7.161357142857142,6.583028571428571,7.134485714285715,9.360671428571427,10.707471428571427,12.234300000000001,12.536142857142854,12.57645714285714,13.320214285714286,13.446299999999999,11.541228571428572,10.2618,9.934328571428571,9.978542857142855,11.34902857142857,10.83507142857143,11.268642857142856,11.174642857142857,11.728357142857144,12.9931,12.250685714285714,11.023685714285714,12.254528571428574,11.342342857142857,11.238757142857143,15.787185714285714,15.449471428571428,16.913328571428572,18.13518571428571,19.6579,20.810885714285714,20.487399999999997,15.591885714285713,14.838285714285714,14.897114285714284,14.294928571428569,13.023157142857144,11.966999999999999,12.824742857142857,12.505385714285714,11.8882,11.2758,11.873385714285714,12.606714285714288,13.175471428571429,13.318442857142859,13.298500000000002,14.935185714285712,15.282799999999998,16.157442857142858,14.344371428571426,14.032214285714284,13.882757142857141,13.770457142857142,11.519771428571431,14.201557142857142,14.068114285714286,16.0371,17.041814285714285,18.832957142857143,20.993185714285712,24.250085714285714,22.665957142857145,23.769514285714283,22.237400000000004,22.839714285714283,21.23532857142857,19.733257142857145,19.497071428571427,17.742600000000003,14.990914285714284,14.378699999999997,14.114257142857142,14.780857142857144,16.57448571428571,15.405942857142858,16.5302,19.52124285714286,22.193142857142863,21.633814285714287,21.715700000000002,20.514042857142858,19.76287142857143,21.677042857142858,20.143757142857144,21.532414285714285,21.302457142857143,22.059328571428573,22.567085714285714,24.102485714285713,21.304100000000002,20.932214285714284,18.563457142857143,19.312728571428572,18.37305714285714,21.807514285714284,20.85097142857143,23.751471428571428,25.578742857142856,25.4377,26.395385714285712,26.637442857142855,22.4309,22.265000000000004,20.697899999999997,19.745914285714285,19.2204,16.993357142857146,15.66467142857143,15.244342857142858,15.831171428571427,16.59822857142857,20.62024285714286,24.830514285714287,26.391228571428574,28.162342857142857,29.92244285714285,30.267071428571423,37.175999999999995,34.57828571428571,31.56985714285715,31.570500000000003,30.738742857142856,29.121299999999998,30.039314285714287,25.016214285714288,26.403285714285715,27.963114285714287,27.375514285714285,28.06591428571429,28.557071428571426,28.21497142857143,24.83667142857143,21.771828571428568,24.816942857142855,30.639257142857137,33.67845714285714,37.27571428571428,39.695657142857144,44.44361428571428,46.29121428571428,40.9542,34.84938571428571,30.1114,25.885114285714284,25.390885714285712,19.840185714285717,17.239485714285713,17.751628571428572,18.26782857142857,20.989557142857144,21.56291428571429,19.19758571428571,20.602585714285713,20.495399999999997,20.846557142857144,20.574114285714284,18.842971428571428,20.772471428571432,26.480171428571428,35.19468571428572,35.97085714285714,34.769371428571425,34.50855714285714,33.961842857142855,31.010857142857144,24.491257142857144,15.615771428571431,15.325600000000003,16.121857142857145,15.427514285714285,15.694457142857145,16.953828571428573,17.764742857142856,18.898142857142858,19.231528571428573,19.57317142857143,20.999871428571428,21.238999999999997,21.08244285714286,20.171514285714288,19.473785714285714,19.578485714285716,21.38775714285714,21.708085714285716,22.169899999999995,21.124200000000002,20.972900000000003,19.824114285714284,19.811842857142857,16.767885714285715,14.988542857142859,13.398528571428573,17.0943,19.982642857142856,21.188971428571428,20.1362,20.119957142857146,24.7635,25.971514285714285,24.981671428571428,26.078642857142857,28.547171428571428,32.07958571428571,33.79912857142857,33.68682857142857,36.31617142857142,36.139799999999994,31.388942857142858,26.978271428571425,22.356314285714284,21.643599999999996,18.550242857142855,15.205071428571427,12.814585714285714,13.492385714285716,18.791885714285716,23.14092857142857,21.99654285714286,21.88218571428572,21.73131428571429,21.75708571428572,23.130699999999997,20.894557142857142,18.1801,19.00641428571429,18.34552857142857,17.700728571428574,18.443414285714283,16.59414285714286,14.082614285714286,13.289542857142859,12.471414285714287,12.5008,13.353814285714288,12.649928571428573,12.893442857142857,13.162914285714288,13.469757142857144,12.973214285714286,12.894499999999999,12.103114285714286,13.310971428571431,13.444657142857142,12.59697142857143,11.590985714285713,11.985014285714286,10.792471428571428,10.76207142857143,9.410714285714286,10.147214285714284,11.185371428571429,12.197257142857142,11.604714285714284,11.396814285714285,11.704514285714286,11.721242857142858,11.008514285714286,10.53727142857143,9.952342857142856,10.304785714285714,11.024871428571428,10.718685714285714,10.710099999999999,10.865271428571429,10.508371428571431,9.790542857142857,9.824028571428572,10.000057142857143,10.733142857142857,10.901371428571426,11.992314285714286,12.768,13.772899999999998,13.562542857142857,13.014799999999997,12.7174,11.854828571428571,10.116657142857145,8.623571428571427,7.340114285714284,7.050171428571427,7.240571428571429,6.717942857142858,7.784128571428572,8.077428571428571
166,3.0383,3.0383,5.6657,6.443933333333334,6.014950000000001,7.11718,7.8105,9.221785714285714,10.304385714285715,10.970557142857142,11.767285714285716,12.237085714285714,14.983500000000001,14.517714285714286,18.24442857142857,18.905685714285713,18.04274285714286,17.24602857142857,17.11347142857143,15.294300000000002,15.724071428571431,11.560228571428572,11.011414285714284,11.299299999999999,11.06072857142857,11.1533,9.83997142857143,9.202214285714286,7.8504,6.577499999999999,6.079742857142857,6.249514285714286,6.053714285714286,5.283457142857143,5.5366285714285715,5.5826,6.371228571428572,6.821371428571429,6.890128571428571,7.702785714285715,8.228185714285713,7.650857142857142,7.507042857142857,7.103814285714286,6.944028571428572,6.3696,5.4934,5.784485714285714,5.977785714285714,5.905957142857142,6.330371428571428,5.9328714285714295,6.0784142857142855,6.016614285714286,5.003228571428571,4.6628,6.004685714285714,6.1263571428571435,7.588042857142857,8.151228571428572,7.828214285714286,9.198085714285714,10.34077142857143,10.578771428571429,10.118471428571429,8.854700000000001,8.254128571428572,8.937528571428572,8.4196,7.3847,6.8406142857142855,8.00752857142857,7.6837285714285715,8.150028571428571,7.853828571428571,8.722028571428572,9.316257142857143,8.462914285714286,7.901614285714286,8.295085714285715,7.918771428571428,8.866942857142858,10.424885714285717,12.3501,13.649457142857143,14.039442857142857,14.214785714285714,15.052442857142859,14.542985714285715,12.614971428571428,11.425785714285714,11.665214285714287,11.8265,13.302071428571427,12.643,13.085785714285711,12.7873,13.152657142857143,13.830157142857145,12.5746,11.41342857142857,12.766657142857142,12.250771428571428,12.157028571428572,16.1114,15.648157142857142,17.506442857142854,18.754799999999996,19.767457142857147,20.831257142857144,20.7253,16.280742857142858,15.39875714285714,15.279814285714284,14.157857142857141,12.585357142857143,11.7067,12.415185714285714,12.084342857142857,11.825999999999999,11.0507,11.906657142857142,13.085414285714288,13.672642857142856,14.195871428571431,13.9739,15.444214285714285,15.542685714285714,16.041142857142855,14.395085714285715,14.18992857142857,13.592728571428571,13.9622,11.891914285714288,14.708571428571428,14.597314285714285,16.949828571428572,17.66145714285714,20.023857142857143,21.0532,23.46112857142857,22.1384,23.299299999999995,21.371199999999998,21.246885714285717,19.19327142857143,18.080885714285714,19.679185714285715,17.845342857142857,15.112971428571429,14.858414285714288,15.162714285714287,15.316600000000003,16.6779,14.442442857142856,15.116242857142856,18.80705714285714,21.411,20.606457142857142,21.112414285714287,20.5579,20.197242857142857,22.989185714285714,20.940671428571427,21.39387142857143,21.42997142857143,22.131814285714285,22.6841,23.589085714285712,20.2157,19.24554285714286,17.5246,18.50464285714286,18.700085714285713,22.099314285714286,21.452157142857143,24.2078,26.24625714285714,25.72221428571429,26.772342857142856,26.272342857142856,22.36457142857143,21.7336,20.47412857142857,19.332885714285712,19.142957142857142,17.12045714285714,15.491957142857144,14.88414285714286,15.628185714285715,16.090014285714286,19.124771428571428,22.43187142857143,23.41372857142857,25.420299999999997,26.340242857142858,26.23184285714286,31.223557142857143,29.374142857142857,26.941542857142856,27.16141428571429,26.4881,25.81457142857143,26.441957142857145,23.242314285714286,25.082985714285712,26.632914285714286,25.699028571428574,25.14397142857143,25.91162857142857,26.452314285714287,23.426814285714283,20.123814285714285,22.78324285714286,27.957328571428576,31.360728571428577,33.98721428571429,36.39304285714286,40.022800000000004,42.088414285714286,36.34610000000001,30.949257142857142,26.70114285714286,23.783457142857145,22.548714285714286,17.902985714285716,16.446257142857142,17.866242857142854,18.364985714285712,20.771271428571428,21.487528571428573,19.269542857142856,20.410700000000002,18.809628571428572,18.365157142857147,17.802414285714285,16.193214285714284,16.529514285714285,20.84847142857143,27.892871428571432,28.51467142857143,28.023128571428572,28.20425714285715,28.84332857142857,26.766214285714288,22.439085714285714,15.621571428571428,16.272714285714283,16.45042857142857,15.632114285714284,15.176242857142856,16.27838571428571,16.461657142857142,17.4837,16.58727142857143,17.126685714285717,18.358471428571427,18.645000000000003,17.958885714285714,17.311814285714284,16.424885714285715,17.610899999999997,20.2818,20.613257142857144,20.300857142857144,19.6669,20.21534285714286,18.789242857142856,19.00402857142857,15.938357142857141,14.733285714285714,14.45592857142857,18.739571428571427,20.211414285714284,23.437671428571427,22.652757142857144,23.64515714285714,27.05358571428571,28.16977142857143,28.6104,30.990142857142853,33.07777142857143,35.5599,36.19188571428571,37.44431428571429,38.68491428571428,37.310428571428574,33.15938571428571,27.66081428571429,24.0276,22.2261,19.540857142857142,17.819399999999998,14.981528571428571,15.843285714285713,21.998985714285716,27.886257142857147,29.225771428571427,29.801042857142857,29.76064285714286,29.67157142857143,29.827057142857143,25.853142857142853,20.749000000000002,21.416685714285713,19.628685714285716,18.1672,18.866457142857143,17.069200000000002,17.25267142857143,17.3083,15.164528571428571,14.951557142857142,16.084814285714284,15.866942857142858,16.616157142857144,15.253614285714287,15.864514285714284,16.60102857142857,16.56715714285714,15.976814285714285,17.769385714285715,18.008585714285715,17.297900000000002,17.19304285714286,17.857157142857144,18.5118,18.089914285714286,17.012842857142857,17.311957142857143,18.029999999999998,17.934428571428572,17.209242857142858,16.27615714285714,17.980128571428573,17.956542857142857,18.882257142857146,18.947028571428575,18.081914285714287,18.854071428571427,19.3594,17.726085714285713,17.048314285714287,16.670285714285715,17.98982857142857,19.499485714285715,19.220357142857143,18.526814285714288,20.614671428571427,20.897171428571426,21.96742857142857,22.291914285714284,23.009871428571426,22.74322857142857,23.45765714285714,22.03804285714286,20.48427142857143,18.348814285714287,15.432714285714285,12.230442857142856,11.469214285714285,11.236385714285715,10.940814285714286,12.798371428571429,12.399742857142858
167,9.3045,9.3045,11.9511,13.253566666666666,12.622575,14.14458,15.67695,17.021871428571426,18.010428571428573,19.79082857142857,21.009285714285717,20.967828571428576,21.619557142857143,20.785542857142854,25.563799999999997,27.426942857142855,25.312342857142855,23.39992857142857,24.05445714285714,24.77795714285714,24.622085714285713,19.57318571428571,18.464542857142856,18.966514285714286,18.87985714285714,18.940571428571424,15.766771428571428,15.282642857142859,14.278571428571427,12.161742857142857,11.646928571428573,11.710899999999999,11.064971428571427,11.11602857142857,11.051142857142855,10.135771428571429,11.149528571428572,11.14697142857143,10.978071428571427,11.271342857142855,11.202985714285715,10.520171428571429,10.324371428571428,10.126842857142858,9.89277142857143,9.655671428571427,8.8932,9.2346,10.0118,9.379499999999998,9.650757142857143,9.952157142857143,9.577828571428572,9.382214285714285,9.004257142857142,9.043128571428571,10.89585714285714,11.935985714285716,12.342471428571429,13.792428571428571,13.965214285714286,15.099271428571427,15.497271428571432,15.866814285714288,14.776985714285715,14.521328571428572,12.843614285714285,13.74232857142857,13.152057142857144,11.782042857142857,10.657771428571428,10.926914285714286,9.538128571428572,10.076657142857144,9.442714285714287,9.717057142857142,9.3246,8.860442857142857,8.604785714285713,8.588857142857142,8.2974,9.123614285714286,10.94762857142857,13.4778,15.549542857142857,15.9571,16.917614285714286,17.61092857142857,16.891528571428573,14.770600000000002,13.341899999999999,12.193628571428572,12.395542857142857,13.23524285714286,13.00922857142857,13.790414285714288,13.53947142857143,14.424028571428574,15.142185714285715,14.066585714285713,13.1354,14.124714285714287,13.047085714285714,13.0814,15.133228571428573,14.4398,15.047771428571428,16.409442857142857,16.238757142857143,17.035857142857147,17.234914285714286,15.187942857142856,14.981542857142855,14.872657142857141,13.197614285714284,13.145328571428573,12.697685714285715,12.985185714285716,12.731357142857144,12.501142857142858,12.782271428571429,13.727842857142857,13.87557142857143,14.0821,15.05777142857143,14.154399999999999,14.591885714285713,13.978742857142857,14.777942857142856,14.457342857142859,14.790442857142859,13.508057142857144,14.242199999999999,13.58682857142857,15.008814285714285,14.121585714285715,15.588871428571426,16.25067142857143,17.92282857142857,18.4871,19.469971428571426,19.4029,20.17182857142857,18.497314285714285,18.9672,17.77941428571429,16.756800000000002,17.794914285714288,15.967414285714284,14.433385714285714,14.404771428571427,13.714500000000001,13.312414285714286,13.785014285714286,11.969228571428571,12.790985714285714,16.029714285714284,17.165142857142857,16.21377142857143,16.319614285714287,15.781042857142856,15.474342857142858,18.17962857142857,16.296357142857143,16.934757142857144,17.113,18.306614285714286,19.228271428571425,20.022514285714287,16.79302857142857,15.909071428571428,15.108228571428572,15.697814285714285,15.907,18.449114285714284,19.100314285714287,20.822857142857142,22.16637142857143,21.725042857142856,23.140485714285713,22.647757142857138,19.28642857142857,18.51547142857143,18.678085714285714,17.970299999999998,17.531314285714284,16.065328571428573,14.70087142857143,14.596271428571427,15.146085714285714,15.116828571428572,17.556800000000003,19.820957142857146,19.45367142857143,21.243442857142856,22.163657142857144,21.73577142857143,24.78124285714286,23.371100000000002,21.925642857142858,22.69294285714286,22.042714285714283,21.393399999999996,21.950242857142857,19.852885714285716,21.334985714285715,22.281928571428573,21.202185714285715,20.664185714285715,21.553714285714285,22.175114285714283,19.847071428571432,17.01135714285714,19.291185714285714,23.08351428571428,26.14645714285714,27.206157142857144,28.42067142857143,31.437514285714286,32.61441428571428,29.20962857142857,25.619471428571426,23.09967142857143,21.568485714285714,20.172885714285716,16.29207142857143,15.710271428571428,16.685157142857143,17.247414285714285,17.762857142857143,18.286371428571425,16.960642857142854,17.774585714285713,16.721471428571427,15.469785714285715,14.538842857142855,14.232342857142855,13.864400000000002,16.99234285714286,20.414871428571427,20.6378,20.395142857142854,21.01325714285714,20.524614285714282,19.26008571428571,16.311357142857144,12.691785714285714,12.999485714285715,12.793985714285714,11.780814285714287,11.434357142857142,12.003285714285713,12.309471428571428,12.661557142857143,11.972114285714285,12.243642857142857,13.504142857142856,13.922271428571431,13.250914285714286,12.655142857142858,13.385485714285712,14.642614285714286,17.580142857142857,17.79564285714286,17.638114285714288,18.11792857142857,19.575628571428574,18.426157142857143,19.334642857142857,16.21251428571429,15.362542857142857,15.927142857142856,18.718742857142853,18.721071428571427,21.677757142857143,21.2856,23.095014285714285,25.18448571428571,25.434942857142858,25.66547142857143,27.267185714285713,27.088657142857148,27.088114285714287,25.87257142857143,26.19272857142857,26.360557142857147,24.54692857142857,22.39178571428571,19.940771428571427,17.94862857142857,18.315771428571427,18.16852857142857,17.7713,16.130485714285715,16.268471428571427,23.712899999999998,27.416957142857143,27.183285714285713,28.632885714285717,27.7734,27.788142857142855,28.548485714285714,23.608342857142855,22.569942857142856,24.174614285714284,20.37687142857143,20.359385714285715,21.975328571428573,20.057085714285712,19.553314285714286,19.06027142857143,17.48537142857143,18.981042857142857,20.495985714285716,22.292957142857144,22.938114285714285,20.741214285714285,21.485071428571427,21.366628571428574,20.546828571428573,19.571757142857145,19.67814285714286,20.719699999999996,20.45435714285714,18.472628571428572,20.741028571428576,21.416485714285717,21.2858,19.757314285714283,21.764914285714287,23.65578571428571,24.151642857142853,23.07267142857143,22.42164285714286,24.565442857142852,26.14722857142857,26.320685714285712,26.44134285714286,26.619242857142858,29.1673,29.854942857142856,27.752871428571428,26.613757142857143,23.948800000000002,26.170014285714284,29.42788571428571,27.075271428571426,26.71032857142857,29.279799999999998,28.983071428571428,32.240457142857146,30.5238,29.242842857142858,28.985685714285715,29.747528571428575,27.375671428571426,25.98685714285714,22.869357142857144,20.647742857142855,17.011114285714285,15.686099999999998,15.258714285714287,16.081271428571426,18.21278571428571,17.140571428571427
