,2025-01-01,2025-01-02,2025-01-03,2025-01-04,2025-01-05,2025-01-06,2025-01-07,2025-01-08,2025-01-09,2025-01-10,2025-01-11,2025-01-12,2025-01-13,2025-01-14,2025-01-15,2025-01-16,2025-01-17,2025-01-18,2025-01-19,2025-01-20,2025-01-21,2025-01-22,2025-01-23,2025-01-24,2025-01-25,2025-01-26,2025-01-27,2025-01-28,2025-01-29,2025-01-30,2025-01-31,2025-02-01,2025-02-02,2025-02-03,2025-02-04,2025-02-05,2025-02-06,2025-02-07,2025-02-08,2025-02-09,2025-02-10,2025-02-11,2025-02-12,2025-02-13,2025-02-14,2025-02-15,2025-02-16,2025-02-17,2025-02-18,2025-02-19,2025-02-20,2025-02-21,2025-02-22,2025-02-23,2025-02-24,2025-02-25,2025-02-26,2025-02-27,2025-02-28,2025-03-01,2025-03-02,2025-03-03,2025-03-04,2025-03-05,2025-03-06,2025-03-07,2025-03-08,2025-03-09,2025-03-10,2025-03-11,2025-03-12,2025-03-13,2025-03-14,2025-03-15,2025-03-16,2025-03-17,2025-03-18,2025-03-19,2025-03-20,2025-03-21,2025-03-22,2025-03-23,2025-03-24,2025-03-25,2025-03-26,2025-03-27,2025-03-28,2025-03-29,2025-03-30,2025-03-31,2025-04-01,2025-04-02,2025-04-03,2025-04-04,2025-04-05,2025-04-06,2025-04-07,2025-04-08,2025-04-09,2025-04-10,2025-04-11,2025-04-12,2025-04-13,2025-04-14,2025-04-15,2025-04-16,2025-04-17,2025-04-18,2025-04-19,2025-04-20,2025-04-21,2025-04-22,2025-04-23,2025-04-24,2025-04-25,2025-04-26,2025-04-27,2025-04-28,2025-04-29,2025-04-30,2025-05-01,2025-05-02,2025-05-03,2025-05-04,2025-05-05,2025-05-06,2025-05-07,2025-05-08,2025-05-09,2025-05-10,2025-05-11,2025-05-12,2025-05-13,2025-05-14,2025-05-15,2025-05-16,2025-05-17,2025-05-18,2025-05-19,2025-05-20,2025-05-21,2025-05-22,2025-05-23,2025-05-24,2025-05-25,2025-05-26,2025-05-27,2025-05-28,2025-05-29,2025-05-30,2025-05-31,2025-06-01,2025-06-02,2025-06-03,2025-06-04,2025-06-05,2025-06-06,2025-06-07,2025-06-08,2025-06-09,2025-06-10,2025-06-11,2025-06-12,2025-06-13,2025-06-14,2025-06-15,2025-06-16,2025-06-17,2025-06-18,2025-06-19,2025-06-20,2025-06-21,2025-06-22,2025-06-23,2025-06-24,2025-06-25,2025-06-26,2025-06-27,2025-06-28,2025-06-29,2025-06-30,2025-07-01,2025-07-02,2025-07-03,2025-07-04,2025-07-05,2025-07-06,2025-07-07,2025-07-08,2025-07-09,2025-07-10,2025-07-11,2025-07-12,2025-07-13,2025-07-14,2025-07-15,2025-07-16,2025-07-17,2025-07-18,2025-07-19,2025-07-20,2025-07-21,2025-07-22,2025-07-23,2025-07-24,2025-07-25,2025-07-26,2025-07-27,2025-07-28,2025-07-29,2025-07-30,2025-07-31,2025-08-01,2025-08-02,2025-08-03,2025-08-04,2025-08-05,2025-08-06,2025-08-07,2025-08-08,2025-08-09,2025-08-10,2025-08-11,2025-08-12,2025-08-13,2025-08-14,2025-08-15,2025-08-16,2025-08-17,2025-08-18,2025-08-19,2025-08-20,2025-08-21,2025-08-22,2025-08-23,2025-08-24,2025-08-25,2025-08-26,2025-08-27,2025-08-28,2025-08-29,2025-08-30,2025-08-31,2025-09-01,2025-09-02,2025-09-03,2025-09-04,2025-09-05,2025-09-06,2025-09-07,2025-09-08,2025-09-09,2025-09-10,2025-09-11,2025-09-12,2025-09-13,2025-09-14,2025-09-15,2025-09-16,2025-09-17,2025-09-18,2025-09-19,2025-09-20,2025-09-21,2025-09-22,2025-09-23,2025-09-24,2025-09-25,2025-09-26,2025-09-27,2025-09-28,2025-09-29,2025-09-30,2025-10-01,2025-10-02,2025-10-03,2025-10-04,2025-10-05,2025-10-06,2025-10-07,2025-10-08,2025-10-09,2025-10-10,2025-10-11,2025-10-12,2025-10-13,2025-10-14,2025-10-15,2025-10-16,2025-10-17,2025-10-18,2025-10-19,2025-10-20,2025-10-21,2025-10-22,2025-10-23,2025-10-24,2025-10-25,2025-10-26,2025-10-27,2025-10-28,2025-10-29,2025-10-30,2025-10-31,2025-11-01,2025-11-02,2025-11-03,2025-11-04,2025-11-05,2025-11-06,2025-11-07,2025-11-08,2025-11-09,2025-11-10,2025-11-11,2025-11-12,2025-11-13,2025-11-14,2025-11-15,2025-11-16,2025-11-17,2025-11-18,2025-11-19,2025-11-20,2025-11-21,2025-11-22,2025-11-23,2025-11-24,2025-11-25,2025-11-26,2025-11-27,2025-11-28,2025-11-29,2025-11-30,2025-12-01,2025-12-02,2025-12-03,2025-12-04,2025-12-05,2025-12-06,2025-12-07,2025-12-08,2025-12-09,2025-12-10,2025-12-11,2025-12-12,2025-12-13,2025-12-14,2025-12-15,2025-12-16,2025-12-17,2025-12-18,2025-12-19,2025-12-20,2025-12-21,2025-12-22,2025-12-23,2025-12-24,2025-12-25,2025-12-26,2025-12-27,2025-12-28,2025-12-29,2025-12-30,2025-12-31
0,2.0,3.6537,2.0,2.0699,2.4024,1.0812,2.0,3.003,2.4025,2.0775,2.4024,2.5,2.4025,2.5,2.5,8.0202,11.5131,2.5,11.3376,2.0792,4.4809,4.4769,1.1582,2.0531,2.0625,2.0513,2.4024,2.0648,2.0643,2.0748,2.0765,9.9833,2.3596,9.9807,2.3597,2.3596,2.0503,7.1438,9.9808,2.062,2.3597,2.3597,2.3596,0.9636,2.3597,2.5,2.3597,6.329,2.0001,2.5001,2.0438,2.3657,2.9493,3.601,2.0522,2.5,2.0365,2.3646,2.5,8.015,2.4346,9.9825,10.7763,2.0427,4.592,2.0539,2.3628,9.9822,2.0423,2.5001,13.0754,2.055,2.3018,2.5952,2.0333,8.5544,2.0393,2.0376,2.3792,2.3018,2.3018,2.3019,11.5091,15.778,11.3848,2.0,1.051,9.9818,8.0004,2.3018,4.1064,5.4426,2.3541,2.0424,2.0433,11.4514,9.987,2.354,2.0464,2.354,3.721,2.0501,2.3541,8.0178,2.0458,8.524,8.0179,2.3541,7.9242,2.0473,2.0429,1.8886,9.2999,2.354,2.354,7.1416,7.7568,2.5,2.037,2.0301,5.0,2.3147,2.0526,2.2202,2.0449,2.8146,2.5001,2.3147,2.05,2.3146,2.0501,2.0611,2.0612,2.0614,2.0618,2.06,2.0438,2.3146,2.3146,2.5,2.3146,2.3146,2.0622,2.5,2.0591,2.3146,2.3146,2.0467,2.0528,2.5,2.0544,2.0426,2.0388,2.2188,2.033,2.0444,2.0464,1.4254,2.1834,2.0587,2.0506,2.0518,2.0561,2.1834,2.1834,2.1834,2.1835,2.5,4.2183,4.8532,2.05,2.0589,2.1835,2.06,2.0497,7.3872,2.0798,2.0713,2.1845,2.0597,2.061,2.0703,2.193,2.0564,2.0493,2.1896,2.0371,2.0545,1.1692,1.0775,1.0775,2.0576,2.0597,2.1896,8.0095,2.1896,2.1898,2.0538,1.0775,1.0718,2.0521,1.0525,0.7439,1.0775,1.0718,1.2026,2.0561,2.1896,2.1896,2.1896,2.048,2.1896,2.0607,1.0756,2.0582,2.0552,2.0642,2.0659,2.0512,2.0642,2.13,1.0756,2.0531,2.13,2.0622,2.13,2.0645,2.0537,2.0631,2.0621,2.13,2.13,2.13,2.1301,2.13,2.13,2.13,2.13,2.0437,2.0514,2.13,2.0556,1.0799,0.8693,2.0493,2.058,2.1596,2.0598,2.0552,2.1596,2.1596,2.1597,2.5,3.8086,2.1597,2.5,2.0624,2.0661,2.1597,2.1597,2.1597,2.1597,2.0705,2.1597,2.1596,2.1597,2.0556,2.066,2.0672,2.1596,2.081,2.0771,2.0769,2.0791,2.0711,2.5,2.1896,2.0825,2.5,2.0797,2.1897,2.1896,2.5,2.5,2.1896,2.1896,2.0759,2.0669,2.1896,8.3159,9.9808,2.1897,2.1896,4.2228,2.1896,1.4417,2.5,4.1889,2.0622,2.1896,9.5165,2.1897,8.0096,2.1936,2.0617,6.8229,8.0138,2.5,2.1809,2.1808,2.1808,2.5,2.1846,2.1808,0.4679,2.1809,8.0091,2.1808,5.226,9.9839,3.4808,2.0488,9.9457,8.009,9.1981,2.07,2.5,9.9839,4.2587,2.0727,5.725,9.9826,2.1807,7.0723,2.0001,2.0,2.0,23.8601,2.2592,2.3467,2.8239,9.984,7.9995,10.013,2.0,2.5,2.5,9.9806,2.0795,2.268,2.0001,2.2593,2.2593,2.2589,2.2712,2.5,2.5,2.0,2.0831,2.0804,2.5,2.0,2.2434,2.2591,9.9839
1,2.0,4.9507,1.0812,2.1851,2.3152,1.0812,2.0,2.5001,2.3266,2.3152,2.3152,2.3153,2.33,2.5,2.3403,7.9353,19.72,2.3374,9.9856,2.093,7.1261,4.3735,2.0771,2.0,2.0639,2.0687,2.3152,2.0001,2.0648,2.3153,2.0767,9.9858,2.5,9.9864,2.3253,2.3253,2.0503,7.1301,9.9846,2.5001,3.0353,2.3256,2.3252,1.0102,2.3316,7.9337,2.5001,7.1301,2.0432,7.1301,2.0441,4.0743,4.0522,2.5,2.0423,7.1301,2.039,10.5363,8.7195,8.7241,9.9818,11.3848,9.9818,2.3018,2.3018,2.3018,2.4632,9.9818,2.0432,9.9813,15.747,2.0553,5.919,8.4188,2.0335,2.0382,2.0494,11.6848,2.0555,2.245,2.245,2.4265,11.2251,13.7975,11.4045,2.0,2.0001,10.5208,8.0123,2.645,8.0123,9.5821,2.2426,2.0525,2.0635,10.7277,9.9854,2.2426,2.0571,2.2426,3.1792,2.0506,8.0005,8.0122,2.2427,9.9854,8.0122,5.0,5.3033,2.5,2.0429,2.0001,9.9854,2.2426,2.2426,9.9854,7.9383,2.5,2.0362,2.2426,3.1641,2.3323,2.0526,2.3322,2.0533,3.769,4.3455,2.3381,2.0596,2.3322,2.0504,2.2239,2.0613,2.3322,2.0645,2.0601,2.0438,2.3322,2.3322,2.3381,3.2322,2.3322,2.3322,4.7394,2.0592,2.3322,2.2737,4.0814,2.0529,5.6897,2.3324,2.0426,2.047,2.3127,2.0468,2.0531,2.0575,2.0507,2.2756,2.2756,2.0508,2.0524,2.0582,2.2757,2.2756,2.2757,2.2757,2.5,8.1735,6.2534,2.0516,2.0516,2.2757,2.0585,3.153,2.2756,2.2756,2.2756,2.2757,2.0701,2.1035,2.2756,2.3169,2.0564,2.0508,2.311,2.0371,2.3111,2.0453,1.0775,2.0594,2.0681,2.311,2.3111,2.311,2.311,2.311,2.0618,2.0567,2.0572,2.0604,1.2212,0.8919,1.2214,2.0554,2.0674,2.311,2.311,2.311,2.311,2.311,2.3111,2.311,2.0546,2.0648,2.0643,2.2524,2.2524,2.0592,2.2524,2.2524,2.0551,2.0547,2.2524,2.2524,2.2525,2.0666,2.054,2.2524,2.2524,2.2524,2.2524,2.2524,2.5,2.2525,2.2525,2.2525,2.2524,2.0526,2.1245,2.2583,2.0555,1.2203,1.6884,2.2492,2.2492,2.2534,2.5,2.0557,2.2492,2.2492,7.0997,9.9838,9.9838,4.2978,6.2718,4.4901,2.2493,2.2493,2.2492,4.3004,2.5,2.5,2.5,2.2492,2.2492,2.0562,2.065,2.0788,2.2492,2.2492,2.2492,2.2492,2.2492,2.8613,8.0144,9.9851,2.5,8.0144,2.2891,3.5574,7.9998,7.9998,9.9801,4.8505,2.289,2.289,2.289,2.5,9.9851,9.9851,2.289,2.5,9.9851,2.289,2.0447,2.5,9.9851,2.289,2.289,10.0145,4.092,9.9851,2.2957,2.289,8.0183,8.5046,2.5,2.2757,2.2756,2.2757,2.3271,2.2757,2.2756,1.2639,2.039,8.0138,2.2786,8.5335,11.0574,7.1102,2.0503,9.9868,7.3488,9.9868,2.07,2.5001,13.1299,8.5335,2.0731,4.7672,9.5535,2.2756,7.1102,2.0001,2.0,2.3669,17.7245,2.367,2.5,2.9586,9.9863,6.4551,11.1835,5.0,4.4753,2.5,9.9837,2.0811,2.3794,2.0001,2.3671,2.5,4.479,2.4382,2.5,2.3673,1.1631,2.367,2.2608,2.5,2.367,2.367,2.3671,9.9877
2,1.3891,4.1854,1.0812,2.2332,2.2333,1.0812,2.0,2.5,2.5001,2.2332,2.2333,2.2332,3.0965,2.9619,2.2333,7.0933,12.5618,2.2336,10.5684,2.0783,7.0933,4.2764,2.0676,1.0792,1.8391,1.1884,2.2332,2.0001,2.2333,2.2392,1.0792,9.982,2.5,9.9852,2.2373,2.2373,2.0597,8.0119,9.9846,8.0119,2.5001,2.2373,2.2372,2.0476,2.2418,5.1718,2.8372,7.5416,2.0438,9.9845,2.0535,3.4864,6.9751,2.2373,2.0423,9.3765,2.0393,11.4081,11.3024,7.0949,9.9813,11.3124,10.1549,2.2458,2.245,2.245,2.2451,9.9803,2.0432,9.9883,9.9826,2.2694,10.4846,9.9826,2.0341,2.0393,2.0393,8.6003,5.3368,2.2695,3.4561,8.0135,11.3473,11.3435,12.8036,2.0402,2.0405,9.9886,9.9826,8.0006,9.9826,11.3195,2.2541,2.0526,2.5001,11.3195,9.9848,2.2506,2.2507,2.2506,3.2179,2.0524,9.985,9.9841,8.0125,9.9848,8.0125,9.9841,6.9014,6.9463,1.5566,2.2506,9.9848,2.2506,3.5732,9.9848,9.9848,9.1441,2.0375,2.2507,2.5,3.0492,2.0539,2.2921,2.0456,7.1168,8.0146,2.5,2.292,2.292,2.0419,2.292,2.0614,2.0616,2.2924,2.0601,2.0609,2.5,2.5001,2.5,8.0146,2.8959,2.292,8.9847,2.292,2.5001,2.0528,2.292,2.292,6.4422,2.2921,2.0441,2.3266,2.5002,2.5,2.0531,8.0132,2.0502,2.2643,2.2642,2.2642,2.2642,3.3642,3.9895,2.2643,2.5,2.5,4.3144,8.0133,7.8228,2.059,2.059,2.2691,2.0729,2.2642,2.5001,2.2642,2.2642,2.5,2.2642,2.2642,2.2643,2.5,2.0564,2.0508,2.368,2.0371,2.368,2.0467,1.0718,2.0558,2.368,2.3681,2.5001,2.3746,2.5,2.3681,2.0647,2.057,2.368,2.368,1.4456,1.0552,1.688,2.0557,2.368,2.5,2.5001,2.5,2.96,2.5,2.9598,2.368,2.0641,2.0676,2.2677,2.3623,2.5942,2.3562,2.3562,2.3562,2.0646,2.3562,2.3562,2.3562,6.2526,2.3562,2.0629,2.3562,2.5,2.3634,2.3563,2.3962,7.142,2.3563,2.5,2.3563,2.3612,2.202,2.3562,2.5,2.3562,2.0464,2.0469,2.288,2.288,7.1152,4.287,2.288,2.3154,8.0989,7.1152,9.9866,9.9866,9.9866,7.7565,8.0144,2.5,5.7871,7.0967,8.3848,5.491,2.288,3.4585,2.2881,2.2881,2.064,2.0653,2.5,2.5,2.288,2.2879,2.288,2.5,2.2854,7.1142,8.0143,5.8446,9.9882,4.3525,7.3136,8.0143,4.9633,9.9885,3.733,2.5,2.2855,2.5,2.5382,9.9885,9.9882,2.2855,6.1228,7.1142,2.2855,2.0515,3.3083,7.5098,2.2854,2.2854,10.0143,5.3048,9.9872,2.8568,2.5,8.5815,9.984,2.5,2.3663,2.3663,2.3662,2.5,2.5,2.3662,2.0001,2.039,8.0183,2.3662,8.0183,12.7123,7.1465,2.0582,8.9303,8.0183,9.9829,2.07,2.5,15.8599,9.9829,2.0731,5.1221,9.3908,2.3662,7.1465,2.0001,2.0,2.0,11.592,2.3184,2.3185,2.5001,9.9861,7.1274,9.9861,8.694,4.4123,3.5155,8.694,2.3183,2.0952,2.0,2.3185,4.4092,2.3322,2.3187,2.5,2.3184,1.0086,2.102,1.8113,2.3182,2.3184,2.3184,2.8982,9.9888
3,1.4891,7.1177,1.0812,2.2942,2.3019,2.0,2.2941,2.5,2.5001,2.2942,2.2942,2.5,4.3649,5.5252,2.3176,2.8676,11.3751,2.3146,8.9745,2.0868,7.1177,4.3486,2.0771,1.0792,1.0792,2.0,2.2942,2.0001,2.2943,2.2943,1.6952,8.6032,2.5,9.9816,2.2314,2.2314,2.2315,9.986,9.986,11.295,2.4499,2.2315,2.2314,2.0,2.5,7.6954,2.5001,8.1585,2.9288,9.9868,2.0537,3.014,5.2467,2.5,2.0417,9.986,2.2315,9.986,10.2818,12.3275,9.9826,11.3435,10.2445,2.5001,2.2694,2.2695,2.2695,9.9826,2.0428,11.2983,14.0154,2.234,11.2983,9.9878,2.0341,2.0394,2.2096,25.7824,4.9498,2.5,5.0728,8.103,17.2361,19.7091,17.1626,2.0402,2.0405,9.9878,11.8011,8.0117,9.9878,8.0127,2.2582,2.0527,5.2209,12.1766,9.9888,2.2547,2.2547,2.2546,9.4831,2.0557,10.0128,9.9888,9.9889,9.9897,8.0128,9.9888,8.0128,8.0127,2.0429,2.5,9.9888,2.2547,8.0128,9.9897,9.9869,9.313,2.0379,7.0653,3.2173,7.4459,2.3398,2.6729,2.0458,9.1509,10.3922,6.7965,2.3398,2.3398,2.0519,2.3455,2.0616,2.0617,2.5,2.1316,2.3398,8.0171,2.5001,3.115,8.0171,2.5,2.5,9.9826,2.3398,2.5001,2.915,2.3398,2.3398,8.017,2.3399,2.0441,2.3136,3.4539,3.4793,2.0534,11.2077,2.0568,2.2823,2.277,2.277,2.5,2.277,2.5,2.2779,2.5,5.5085,2.5,9.9831,2.9142,2.277,2.277,3.1071,2.277,2.2771,2.5001,2.277,2.277,2.5,2.2847,2.277,5.7681,2.5,2.0564,2.2322,2.2322,2.0371,2.2322,2.0467,1.0775,2.0558,2.2322,2.2323,2.5,2.2323,2.237,2.2323,2.1184,2.2322,2.2322,2.2322,1.4207,1.0525,1.4317,2.2322,2.2323,4.2384,3.5972,7.0929,4.2752,2.7901,3.1351,2.2323,2.2578,2.193,2.2578,2.5,6.0987,2.2578,2.2579,2.2579,2.0646,2.2578,2.2578,2.2578,7.3339,2.2578,2.0629,2.2578,2.2578,2.2579,2.2578,2.7916,7.5666,2.2579,3.7856,5.3223,2.2579,2.2578,2.2579,4.6334,2.2578,2.045,2.0469,2.5,2.2123,4.0473,3.6964,2.2085,2.2084,2.6182,9.9819,9.9813,9.9819,11.2657,9.9819,9.9813,2.5,8.7532,8.0104,9.9813,7.0834,2.2119,6.7511,2.2085,2.2084,2.0641,2.0746,2.5,2.5,2.2084,2.0573,2.2084,2.2084,2.2196,2.5,8.011,10.6306,9.981,2.2196,2.8628,8.3235,7.0878,9.9815,7.2834,2.2196,2.2197,3.3793,3.4133,9.9815,9.981,7.2461,8.3663,3.9091,4.2423,2.0515,7.0878,9.5048,2.2196,2.2197,9.9837,8.9981,9.981,2.7745,2.5,7.0904,9.9876,2.8474,2.2885,2.2884,2.2884,2.5,2.5,2.2884,2.0,2.2884,8.0145,2.2918,8.0144,13.7698,3.0218,2.2884,9.984,8.1041,9.445,2.0703,2.2886,17.1788,9.984,2.0731,6.487,9.984,2.2885,4.3845,2.0,2.0,2.0,10.0106,2.2102,2.2102,2.7626,9.9816,7.0841,11.1051,8.0105,6.4879,2.2102,8.1483,2.041,2.2103,2.0803,2.5001,4.2702,2.2102,2.5,2.5,2.2104,0.6661,2.0674,0.5996,2.0001,2.063,2.2191,2.5001,9.9876
4,1.2492,8.3999,1.9746,2.3136,2.3219,1.6159,2.3136,2.892,8.0157,2.3246,2.3136,8.0158,2.5522,2.5,2.3142,7.1254,11.3168,2.3137,8.2228,2.0792,7.1254,4.3716,1.6157,1.4903,1.0792,2.0,2.3136,2.0,2.3136,2.5,2.077,7.5793,2.5,9.9843,2.3038,2.3038,2.3093,9.9888,9.9888,10.9988,2.3039,2.3039,2.3038,2.0476,2.5001,9.2844,2.8798,8.0152,9.989,9.9888,2.3039,7.0885,4.8754,3.7628,2.0423,9.9846,2.5,9.9888,9.9888,11.3873,9.9826,9.9878,9.9878,2.5001,2.234,2.5,2.2341,9.9846,2.0432,9.9889,9.9889,2.5,19.7245,14.5836,2.0341,2.351,2.351,25.7824,4.0686,2.351,3.5106,8.0176,10.0177,10.0176,15.0589,2.0402,2.351,12.7662,9.9817,9.9817,9.9877,22.8268,2.326,2.3261,9.9131,18.1958,10.4021,6.4658,2.3308,2.326,9.9894,2.326,11.1272,9.9894,10.0164,9.9894,9.9846,10.0163,9.9846,8.0163,2.0492,8.6246,11.0633,2.3261,9.9873,11.9289,9.9894,10.0165,2.0422,9.9846,7.1304,9.9836,2.3896,7.1558,2.0549,9.9836,12.668,6.9735,2.3896,2.3896,2.0624,2.5,2.3896,2.1144,2.5,2.3896,2.3896,9.8114,7.1558,6.452,9.9836,2.5,7.4662,10.0562,2.3896,5.4871,3.3448,2.3896,2.3896,11.4967,2.3896,2.0441,2.5,3.9689,9.9843,2.0639,10.0141,2.0569,8.0141,2.2822,2.2822,6.6683,2.2822,5.7838,2.2876,5.2737,8.8381,8.0141,9.9893,6.277,2.2822,2.2822,3.3093,2.2822,2.5,5.4605,2.2822,2.2822,2.5,2.2822,2.2822,9.9978,3.9172,2.0567,2.3056,2.3056,2.0448,2.3056,2.0467,2.0453,2.057,2.3056,2.3116,2.3057,2.5,2.5,2.3057,2.3056,2.3056,2.3056,2.3056,2.0526,2.0529,2.5955,2.3056,2.3056,4.3637,2.5001,7.1222,3.5059,4.089,5.3821,2.3057,2.2993,2.2992,2.2993,2.5,3.1974,2.2992,2.2993,2.2993,2.2992,2.2992,2.2992,2.2992,7.1197,2.2992,2.063,2.2992,2.2993,2.2993,2.2992,7.1197,9.9835,2.2993,4.4919,7.1197,2.2993,2.2992,2.2992,5.4502,2.2992,2.0538,2.0469,2.5,2.5,3.7399,5.5773,2.2939,2.3044,6.9755,9.9838,9.9838,9.9838,10.0147,9.9838,9.9838,6.2827,9.9838,10.662,10.0147,9.9809,2.2938,3.209,2.2939,2.2939,2.0641,2.2938,2.383,2.2938,2.2938,2.2938,2.2938,2.5,2.5,9.9834,7.0854,9.9836,9.9868,2.3464,4.8717,9.9836,9.9834,9.9836,9.4248,2.5,2.5,5.8272,2.5,9.9852,9.9868,9.9852,9.9852,9.9834,3.9263,4.2508,2.5,4.6712,2.2134,2.5,9.9868,5.6959,9.9834,2.2135,4.358,4.5674,9.9849,3.1497,2.5001,2.226,2.226,2.5,2.5,2.226,2.0,2.5,9.9806,2.492,8.0002,16.3112,9.9806,2.2261,9.9899,9.9876,9.9858,2.0,2.226,16.7184,10.4442,2.0731,8.3475,9.9806,2.226,4.6532,2.0,2.249,2.0,11.13,2.5,2.5502,7.0996,9.9801,3.6886,11.1245,9.9831,4.3225,2.2491,8.3629,2.5,2.7236,2.0,4.6782,7.0996,2.2491,2.5,2.5,2.2491,0.7766,2.0797,1.4157,2.0001,2.0747,2.5001,5.3109,9.9853
5,2.0,9.6215,1.0812,2.3162,2.3163,2.0,2.3162,7.8792,9.9845,2.5,2.5503,9.9845,2.5,5.5645,2.3163,7.1265,16.6257,2.5,8.4195,2.0933,5.9671,4.3747,2.0771,1.5031,1.822,2.0805,2.3243,2.0001,2.5,2.5,2.1397,9.9858,2.5021,11.8447,2.3192,2.3192,2.3193,13.6732,9.9849,17.3383,2.899,2.3192,2.3193,2.3192,4.34,9.9836,2.5001,8.8794,11.407,9.9836,2.5,8.697,9.9836,9.5443,2.0423,9.9829,5.9404,9.9836,9.9836,9.9836,9.9817,9.9877,11.755,2.5001,2.3511,2.5322,4.8284,9.9817,2.351,20.9994,9.9806,2.6762,18.8967,9.9888,2.0341,2.5,2.0387,15.3199,6.5547,2.847,2.3066,2.3066,9.9819,14.4546,10.3124,2.0402,2.3066,9.9888,10.0154,9.9806,11.3889,9.981,8.0153,2.0422,9.981,14.2196,10.4017,6.554,7.897,2.305,10.0153,2.305,10.0153,9.982,9.9879,12.3843,4.3359,9.9879,7.122,4.0288,2.0494,9.981,9.982,2.3051,10.4362,9.982,9.982,9.981,2.0383,9.981,7.1373,9.9861,2.3432,9.9828,2.055,9.9875,15.0445,18.565,5.3758,4.7419,2.0529,4.3672,2.3432,2.0616,5.1031,2.3432,2.3432,9.9875,9.9861,9.7997,9.9861,10.771,9.9861,11.1867,2.3432,9.9828,2.3491,2.3432,2.3432,12.8593,2.3432,2.0439,9.982,4.7342,12.1195,2.2408,17.8516,2.2409,7.4763,2.2409,2.0592,2.5,2.5,7.0963,2.2409,2.6476,9.9836,9.9836,9.9836,3.8579,2.3097,2.2408,7.0963,2.2408,10.3942,7.0963,2.2408,2.2408,9.9818,2.2408,2.2408,9.1692,2.6062,2.3218,2.3218,2.3218,2.045,2.3219,2.0462,1.2028,2.6801,2.3218,3.2328,2.5,2.887,5.5723,2.5,2.0646,2.3219,2.3218,2.3273,2.0513,1.9701,2.0524,2.3218,4.8779,7.5629,6.6268,3.5856,3.5863,2.5,2.5001,3.8665,2.0641,2.2094,2.2094,3.5793,2.5001,2.2094,2.5,2.2094,2.2094,2.2094,2.2094,2.2094,7.0838,2.2095,2.2094,2.2094,2.5,2.2097,2.9138,9.9829,9.9829,2.5001,9.9829,3.8143,2.2094,2.2094,2.2095,2.2142,2.2094,2.0462,2.0469,2.5,2.1795,9.9803,2.5,2.1794,2.1794,9.988,10.8473,9.988,9.988,9.988,9.988,9.9813,8.009,9.985,9.9803,9.988,9.9803,2.1794,8.009,2.1794,2.1794,2.1794,2.1794,2.5,2.5,2.1793,2.1794,5.1573,2.1461,2.5001,9.9826,9.9803,10.0073,9.9866,2.146,3.7131,9.9803,6.3328,9.9866,9.9803,2.5,2.1461,5.5549,9.5354,9.9826,9.9866,8.5038,11.6196,9.9866,9.5305,3.4255,2.146,9.9803,2.146,2.5,9.9866,9.9803,9.9803,2.146,9.9829,6.5042,9.9873,2.5,2.7738,2.2653,2.2652,2.5,3.9194,2.2653,1.9526,5.1318,9.9849,2.5808,8.0005,19.6755,9.9826,2.5,9.9849,14.2158,9.9849,2.0,2.2652,14.243,21.4648,2.0731,8.4945,9.9826,2.2652,2.2653,2.2652,2.3434,2.0,10.0172,7.1374,2.9291,2.9662,9.9812,6.6909,9.9812,9.983,7.1374,2.3435,9.9812,3.6571,2.5,2.0,8.7805,9.9812,2.5,2.5,2.7586,3.9229,2.0,2.1099,1.5489,2.3434,2.1031,2.3437,5.9168,10.4525
6,1.0814,2.3041,1.1046,2.304,2.5001,2.304,2.304,5.3238,9.982,2.5,2.3041,9.9863,5.3604,2.3286,2.3756,5.38,23.7516,4.4074,9.9863,2.0897,4.3602,4.532,0.919,1.4646,1.0882,0.9882,2.304,2.0,2.304,5.1444,2.304,9.9836,6.8518,12.0043,2.3312,2.0681,2.3312,9.9855,9.9855,9.9838,2.3313,2.3316,2.0483,2.3315,2.5,9.9838,2.3313,7.2755,8.0166,9.9853,2.3312,2.6329,9.9818,9.9818,2.0526,6.6713,9.9853,9.9918,9.9838,15.6969,9.9806,9.9824,10.6956,2.3067,2.3066,2.3117,5.3307,8.6498,2.3066,23.2527,9.9818,5.9275,12.5556,9.988,2.0337,2.5,2.0387,20.4867,2.9852,2.5,2.2836,2.331,9.988,9.988,10.7988,2.0402,2.9206,9.9894,18.2464,9.9818,11.4381,9.9818,9.9836,2.0422,11.4381,17.1697,11.1658,5.5313,7.2293,2.3436,10.0172,2.3436,10.0172,9.9849,10.3125,12.0128,6.1591,9.9855,7.9902,2.5,2.0494,9.9849,17.7434,2.3437,14.6267,9.9849,9.9849,9.9849,2.0385,9.9849,7.127,12.294,2.3175,8.53,2.0551,9.9838,13.2595,20.1883,2.5,8.016,2.0529,5.7772,2.3174,2.0618,7.5892,2.0606,2.3174,9.9838,9.9803,7.8607,9.9803,6.3768,9.9803,9.9803,3.7418,9.9803,2.081,2.3174,2.3174,9.988,2.0778,2.0439,9.985,8.0177,14.6068,2.5,9.9876,2.3088,6.7321,2.3086,2.0756,3.6515,3.4045,9.9873,2.3086,3.7802,9.9893,9.9876,11.3935,3.9739,2.2487,2.3086,5.7943,2.3086,13.1854,8.8442,2.3086,2.3086,9.9876,2.3087,2.3086,11.358,8.3458,2.3422,2.3422,2.3422,2.0462,2.3422,2.0464,1.0528,2.2006,2.3422,2.5,6.6052,2.3423,11.3671,2.3422,2.0646,2.0642,2.3423,2.3422,2.0513,1.3443,2.0508,2.3422,4.0186,7.1369,2.5001,5.0569,2.9403,2.3479,2.5001,2.8328,2.0798,2.2662,2.2662,9.5281,2.2663,2.2662,2.5,2.2662,2.2662,2.2662,2.2662,2.2662,7.9278,2.2663,2.2662,2.2662,2.2663,2.2662,2.5,9.9834,9.8978,3.2759,11.2612,6.3823,2.2662,2.2662,2.2662,2.5,2.2662,2.0462,2.046,2.5,3.2837,8.3977,2.1973,2.1972,2.1972,9.9872,9.9898,9.9872,9.9872,9.9898,9.9898,9.9827,7.1466,9.9872,9.9802,9.9898,9.9827,2.1972,8.9061,2.1972,2.1972,2.0565,2.1972,2.5,2.1972,2.1971,2.0542,7.8307,2.2074,4.7066,9.9859,9.9832,11.4776,9.9859,2.2074,4.2853,9.9859,7.738,9.9859,9.9859,2.6349,2.2074,6.8259,4.857,11.5826,9.9859,8.3638,12.1927,9.9859,9.4741,2.2075,2.2074,9.9859,2.2074,2.5,9.9859,9.9832,7.083,4.7387,9.9815,5.4319,9.6315,2.8498,7.3693,2.0404,2.3068,7.121,9.9829,2.3025,1.428,9.9829,9.9873,2.3097,8.0151,19.3808,14.11,2.6676,9.9829,17.9623,9.9829,2.0,8.0008,12.8673,20.8896,2.0731,2.878,2.6887,2.0001,7.121,2.0,2.5,2.0,26.8401,2.5001,7.1262,9.9839,9.9838,2.3815,9.9832,9.987,7.1262,2.3156,10.1071,2.5,2.5,2.0,9.9832,11.1578,3.053,2.3162,2.5001,2.316,0.9918,1.3684,0.8626,1.0784,0.6925,2.3286,8.0158,16.3335
7,1.1042,2.3552,1.0812,2.3645,2.3553,2.3552,2.3552,2.5,9.9814,2.5,2.3553,4.92,4.8809,2.3553,2.5708,3.1926,5.7665,2.6808,9.9814,2.098,2.372,2.5,1.0734,1.1043,2.0,1.0191,2.5,2.0,2.0923,2.3553,2.077,9.98,3.7003,31.3068,2.3198,2.3198,2.3198,9.9887,9.9887,9.9845,2.3199,2.3199,2.3203,2.5001,2.3199,9.9845,2.3199,2.5,4.42,9.9847,2.3199,4.5405,9.9847,9.7179,2.0526,4.7059,9.9887,9.9847,9.9847,16.3569,9.9815,9.988,9.988,2.331,2.331,2.331,2.5001,9.9818,2.3026,9.9828,9.9866,3.2353,15.2718,9.9866,2.0337,2.6819,2.0385,15.7546,2.3026,2.3026,2.0542,2.3026,9.9871,9.9866,6.1924,2.0402,2.3026,9.9871,15.7899,9.8232,11.3593,24.6007,9.9819,2.0422,10.6667,15.268,11.4,2.2819,8.0142,2.5,9.9883,2.2818,9.9885,9.9865,9.9885,11.0586,10.3729,9.9883,5.577,2.5,2.0495,9.9865,9.9883,2.2819,16.3076,9.9819,9.9885,9.9819,2.0373,9.9819,5.4303,16.9325,2.3217,8.9482,2.0461,9.988,15.2355,9.6443,2.5,9.988,2.0514,4.3441,2.3216,2.0618,2.5001,2.0608,2.3216,22.7365,9.9823,8.431,9.988,9.7441,9.988,9.988,6.954,18.9132,2.0821,2.3216,2.3216,9.9894,2.0788,2.0439,10.0164,8.0165,12.8399,3.1052,16.4256,2.2926,9.9818,2.2872,2.0704,2.5,5.1667,9.9818,2.2873,3.9182,9.9892,9.9831,10.1403,4.2251,2.0775,2.2873,9.9818,2.2872,19.7714,14.7232,2.2872,2.2872,11.4493,2.5,2.2872,10.0167,7.133,2.3326,2.3326,2.3326,2.0464,2.9197,2.0464,0.9543,2.3326,2.3326,2.5504,6.1351,3.6941,9.9404,2.3326,2.0564,2.0643,2.3326,2.3326,1.3064,1.0525,2.0508,2.3326,4.1114,7.1331,3.4603,7.7417,4.3637,8.6192,5.4159,2.8508,2.2231,2.2806,2.2806,9.5458,2.2807,2.2806,2.5,2.2806,2.2806,2.2806,2.2806,2.2806,7.1122,2.2807,2.2806,2.2806,2.2806,2.5,2.2808,9.9896,9.1396,2.5001,10.5095,6.6576,2.2806,2.2806,2.2806,2.5,2.2806,2.0538,2.0462,3.8321,2.5,9.544,2.1892,2.1892,2.1892,9.9848,9.9893,9.9893,9.9893,9.9893,9.9893,9.9833,7.9514,9.9893,9.9833,9.9893,9.9833,2.1892,10.0096,2.1892,2.1892,2.0565,2.0663,2.5,2.1892,2.1892,2.052,9.9283,6.9763,6.0021,9.9878,8.0107,13.8215,9.9805,2.2136,4.7607,9.9805,6.8278,9.989,9.9805,7.3349,2.8327,6.0082,2.767,11.0887,11.4039,7.8962,17.0499,9.9874,8.5766,2.2136,2.2137,9.9805,2.2136,2.2139,9.9878,9.9805,2.3683,7.4483,9.9864,2.5001,9.9815,4.5531,6.3162,2.035,2.2835,2.5,9.9815,2.2835,0.8059,9.9815,9.9825,2.5,8.0002,17.9168,14.3459,7.4909,9.9815,17.9622,9.9815,2.0,4.751,13.0264,15.2856,2.0731,7.826,8.0002,2.0001,8.0002,1.0773,2.2578,2.0,13.9256,2.2578,6.6027,9.0095,9.9844,2.0786,9.9836,9.9844,2.2582,2.5,9.9844,3.7628,9.9836,1.2572,9.9836,9.988,2.7577,5.2393,2.7852,2.2578,1.3636,1.4392,1.315,0.97,0.5399,2.2581,9.9844,16.2282
8,1.0754,2.5,0.9898,2.2727,2.2729,2.2728,2.2728,2.5,8.912,2.5,2.5,4.3368,4.6765,2.2729,2.5,5.6448,4.3658,2.3051,10.4641,2.0805,2.5,2.2728,0.7874,1.0792,1.4894,0.7874,2.5,2.0527,2.2097,2.9829,2.0,9.9822,2.5,11.435,2.2852,2.2852,2.2852,9.9848,9.9848,9.9818,2.4826,2.5001,2.5,2.2904,2.2905,9.9818,2.5,2.8046,5.546,9.9818,2.2852,3.0972,9.9848,9.4111,2.0527,2.5,9.9848,9.9848,9.9818,11.1412,9.9866,9.9866,9.9866,2.3026,2.0544,2.3026,7.6451,9.9866,2.3914,9.9814,9.9872,3.941,11.9023,9.9889,2.0337,5.8827,2.0387,17.2739,2.3915,2.3914,2.0438,2.3914,9.9889,15.0025,3.264,2.0402,2.3915,9.9889,9.9814,8.0197,11.4139,28.5988,9.9835,2.0424,12.2145,9.9884,11.8091,2.3246,9.604,2.33,9.9884,2.3246,9.9884,9.9835,12.269,9.9884,8.668,9.9875,3.2852,2.5,2.0494,9.9859,9.9884,2.5,14.9895,9.9835,9.9884,6.5628,2.0375,9.9859,3.0888,14.8682,2.3559,6.3811,2.0461,9.9817,13.2133,8.8369,2.3559,9.9806,2.0516,2.5,2.3558,2.0619,2.5,2.0609,2.3558,9.9853,9.9805,5.4449,9.9805,9.4608,9.9805,9.9805,4.6249,24.6317,2.0793,2.3558,2.0908,9.9817,2.0872,2.0426,9.9807,2.3267,8.0144,2.5,9.9855,2.069,9.9829,2.2874,2.0594,2.469,5.1429,9.9855,2.2874,3.6861,12.6201,9.9855,13.4909,2.8684,2.0776,2.2874,9.9829,2.2874,9.9821,22.3297,2.2874,2.2874,24.6406,6.6333,2.2874,11.073,7.2404,3.0752,2.2264,2.2264,2.0464,2.6905,2.0467,0.9117,2.1147,2.2264,2.5,8.2588,4.687,9.9825,3.6723,2.0567,2.0643,2.2264,2.2264,2.0513,0.8892,1.5346,2.2264,3.4275,7.7461,5.2568,7.0906,3.6149,9.1992,5.4608,2.5,2.0641,2.283,2.283,9.5816,2.283,2.283,2.5,2.283,2.056,2.283,2.283,2.2831,7.2815,2.283,2.283,2.283,2.283,2.5,2.2831,9.9706,9.0752,4.4729,10.0143,3.2464,2.283,2.0489,2.283,2.5,2.0557,2.0464,2.0462,3.9017,2.5,9.0963,2.184,2.184,2.184,9.9832,9.9844,9.9841,9.9841,9.9844,9.9841,9.9831,2.5059,9.9831,8.978,9.9831,9.9831,2.184,10.0093,4.2199,2.184,2.149,2.0663,2.5,2.184,2.184,2.0506,6.6706,7.0798,8.7912,9.9879,8.0101,10.5737,9.9824,2.1994,2.5,9.9824,4.9528,9.9838,7.0799,9.1874,3.0651,5.5915,1.5969,9.9879,9.9879,7.3184,14.5317,9.9879,9.9014,2.1994,2.1994,4.0575,2.1994,2.1995,9.9879,9.9838,2.1995,5.3439,9.981,2.2269,9.9864,6.6731,6.1684,2.035,2.1858,2.5,9.9864,2.1859,0.4806,9.9864,9.9864,2.1858,2.5001,21.6206,9.9054,9.9864,9.9864,12.2129,7.1557,2.0,4.1432,9.9864,19.1502,2.0731,7.0743,8.0003,1.0773,6.6416,0.9634,2.2354,2.0,11.7385,2.2356,6.275,8.3828,9.9837,2.0718,9.9837,9.9837,2.2354,2.7941,9.7136,2.5,9.9837,1.4224,10.0118,9.9861,2.2457,2.2355,3.2781,2.2354,1.7755,1.3453,1.0784,0.6721,0.4696,2.2357,9.9993,20.5096
9,1.0754,2.3458,1.4353,2.0898,2.3459,2.3459,2.3458,2.5,9.6064,3.8309,2.5,4.8043,4.8576,2.3459,2.4278,3.1081,23.3441,2.3459,10.1728,2.0792,2.5,2.3458,0.9175,1.0792,1.0792,0.9303,2.5,2.3458,2.3458,3.556,2.0,8.2928,2.5,14.1301,2.0596,2.0596,2.3536,9.9898,9.9898,9.9806,2.5,2.5001,2.3537,2.3537,2.5,7.4999,2.5702,4.2504,3.9239,9.9806,2.3536,2.3537,9.9898,9.1423,2.0423,2.3537,9.9898,9.9898,9.9806,14.4471,9.9872,9.9889,9.9872,2.3914,2.0543,2.3915,9.9814,9.9872,2.3534,9.9815,9.9861,2.6738,10.0177,9.9861,2.0337,3.5277,2.0,18.295,2.3534,2.3534,2.0432,2.3534,9.9861,15.3171,3.5993,2.0,2.3534,9.9861,8.0177,5.7327,10.0214,19.4667,9.0606,2.0424,11.5398,9.9855,11.2625,2.4234,8.1554,2.4234,10.0212,2.4234,9.9808,9.9808,11.3154,9.9855,13.6322,10.0213,2.4235,2.5,2.0494,9.9808,12.6414,2.4235,13.9747,9.9808,9.9855,7.1694,2.0375,9.9808,2.9476,6.6195,2.3582,4.4926,2.0447,9.9865,13.233,2.5,2.3583,8.0179,2.0516,2.5,2.3583,2.0619,2.5,2.0607,2.3582,9.9891,9.9849,2.5,9.9849,5.3037,9.9849,9.9849,2.3582,16.5019,2.0531,2.0914,2.0914,9.9849,2.0546,2.0426,9.9841,2.3126,5.3578,2.5,12.0743,2.0677,9.9819,2.2818,2.0593,2.5,2.5341,9.9865,2.2818,2.5,11.7062,9.9819,12.9316,2.2879,2.0526,2.2818,9.9819,2.2819,9.9819,20.033,2.2818,2.2818,11.1761,5.6384,2.2818,11.1612,7.1161,2.357,2.2902,2.2902,2.0464,3.5401,2.046,1.0528,2.0573,2.2902,2.5,10.2978,2.2902,7.9961,2.0654,2.057,2.0643,2.2902,2.0639,1.1148,0.8179,1.0904,2.2902,2.2903,2.416,2.5686,7.1161,2.2903,5.3628,5.6059,2.273,2.0554,2.2678,2.2678,7.8616,2.2678,2.2678,2.2679,2.2678,2.0557,2.2678,2.2678,2.2678,6.6883,2.2678,2.2678,2.2678,2.2679,2.2679,2.2678,8.1039,7.8014,2.5,9.983,2.5,2.2678,2.0489,2.2678,2.5,2.0487,2.0464,2.0462,5.1598,2.2171,6.9691,2.05,2.217,2.217,9.9825,9.9834,9.9833,10.0109,9.9834,9.9825,8.2759,2.5,7.7991,8.0109,9.9825,8.9779,2.217,10.0059,2.217,2.217,2.0565,2.217,2.2625,2.0629,2.217,2.0597,6.1425,8.0126,8.4158,9.9838,2.5354,10.3595,6.9444,2.25,2.25,8.4375,5.1893,9.9838,2.8122,9.9825,2.25,2.294,2.064,9.9838,10.3808,7.2368,10.2664,9.9838,8.1202,2.2501,2.25,2.5,2.25,2.25,9.9838,9.9825,2.2501,2.2501,9.9801,2.2791,9.981,2.5,2.5001,2.0404,2.2266,2.8681,9.981,2.2266,0.6452,9.981,9.981,2.0545,2.7831,20.9579,4.6803,9.981,9.9818,12.7447,7.0906,2.0,2.5475,11.133,16.3515,2.0731,2.2267,4.7097,2.0001,4.4897,1.0297,2.6726,2.0,19.8388,2.5001,5.7833,8.0126,7.2738,2.4791,9.9844,9.9844,2.2522,4.6253,6.5846,3.0908,10.1664,2.0,12.1827,9.9844,2.2523,2.2522,2.5001,2.0797,2.0795,1.4918,0.7193,0.7201,0.5029,6.0812,9.9898,20.2173
10,1.0754,2.0005,2.0,2.0,2.3589,2.3588,2.3588,2.5,8.0179,3.9267,2.5,9.9814,7.1435,2.3589,2.3589,3.1837,8.0179,2.3589,4.4216,2.0792,2.5,8.2067,1.0792,1.0734,1.0792,0.9664,2.3674,2.3588,2.3588,2.5,2.6954,2.827,2.5,11.6363,2.4034,2.2307,2.4034,11.796,10.4054,9.9809,2.5,4.4297,2.4034,2.4035,2.4035,2.5001,4.52,2.4214,2.5,6.8538,2.4034,2.3989,9.9839,2.5,2.0528,2.5,9.9816,9.9816,8.2319,11.4506,9.9815,9.9861,9.9861,2.3534,2.0441,2.3536,9.9815,9.9854,2.3814,19.6392,9.9803,2.5,6.3392,9.984,2.0337,2.5,2.0387,11.4863,2.0559,2.3814,2.0438,2.3814,9.984,11.4863,4.4407,2.0001,2.3814,9.984,5.8621,4.2406,2.5001,18.2829,8.0205,2.0424,9.192,9.99,10.6708,2.0492,7.1637,2.4092,9.9882,2.4092,9.9882,9.8826,9.9882,9.99,2.5,9.9882,2.0715,2.4093,2.0429,9.9862,9.9882,2.4092,13.3385,8.0205,15.4076,6.4789,2.0377,9.9862,2.4788,2.4787,2.0454,2.4788,2.0461,9.9817,8.024,2.4786,2.4786,2.5,2.0532,2.4883,2.4786,2.0617,2.4871,2.0607,2.0613,9.9817,6.5971,2.5,9.9817,2.5,7.1915,11.4012,2.4786,5.5983,2.0531,2.0531,2.0531,7.8519,2.0455,2.0355,9.9801,2.3282,2.2967,2.2966,9.9849,2.0712,9.9849,2.2966,2.0593,2.2967,2.2967,9.9849,2.2966,2.2967,9.9883,9.9851,11.3782,2.2966,2.051,2.0803,7.8531,2.2966,5.3469,16.8367,2.0802,2.2966,12.1836,4.5742,2.2966,10.018,2.5,2.0656,2.3582,2.3582,2.0464,3.9654,2.0448,1.0349,2.0575,2.3582,2.3583,5.6771,2.5,5.9491,2.3582,1.4504,2.0567,2.0825,1.2924,0.9887,0.9884,1.0396,2.0554,2.3582,2.3582,2.3582,7.1433,2.3583,2.5,2.3653,2.292,2.0554,2.0588,2.292,3.0824,2.292,2.292,2.292,2.292,2.0557,2.292,2.292,2.292,2.7028,2.292,2.0554,2.292,2.292,2.292,2.292,6.8733,2.7717,2.292,9.8574,2.2921,2.0633,2.0447,2.292,2.292,2.0472,2.0464,2.0462,2.8435,2.2682,2.2683,2.0617,2.2682,2.2682,7.8971,9.9804,9.9804,10.0134,9.9804,8.3278,3.4594,2.2683,2.5,2.5,7.9203,3.3781,2.2682,5.584,2.2682,2.2682,2.0562,2.2682,2.2682,2.0778,2.8649,2.0738,2.9155,9.1984,7.0034,9.9821,2.2716,10.0136,6.0007,2.2716,2.2716,2.2716,2.2717,7.2899,2.2716,9.8633,2.0696,2.0696,1.0776,8.8023,9.9832,6.2697,6.0277,9.9821,2.2717,2.2716,2.2717,2.2717,2.2716,2.2716,9.9832,9.9821,2.2717,2.0651,8.0162,2.3248,9.9801,2.5,2.2791,2.0404,2.279,2.5,9.5857,2.279,0.7946,9.9801,9.9801,2.0002,2.8488,20.406,5.0216,9.9801,9.9803,14.1872,8.8779,2.0,2.8488,9.9801,10.3313,2.0731,2.279,2.5,2.0,2.8488,1.0773,2.2917,2.2914,11.7535,2.2916,8.2807,7.1166,9.9817,2.9186,7.4705,8.0149,2.2914,2.5,3.0633,3.5425,9.9894,2.2914,9.3544,9.9844,2.0948,2.4585,7.1166,2.0921,1.2839,1.6572,0.82,0.7225,0.6396,6.5485,10.1452,14.0536
11,1.0754,2.0007,2.0661,2.0,2.3344,2.3345,2.3344,2.5001,7.1338,2.8088,2.5,2.9178,11.4264,2.3345,2.3345,2.967,2.0001,2.3345,2.5,2.0792,2.5,2.3343,1.0111,1.0388,1.0792,0.9594,2.5,2.0,1.927,2.3345,2.0,2.402,2.402,10.5707,2.402,2.0503,2.402,9.985,9.0075,4.2607,2.402,2.5,2.402,2.4021,2.5,2.402,7.1711,2.402,2.4091,2.5,2.0438,2.402,9.985,2.402,2.0423,2.4021,9.985,9.985,2.4074,3.8147,8.0191,9.984,11.7056,2.3816,2.0441,2.3814,9.9803,4.4496,2.4428,14.7715,2.7432,2.4428,2.042,9.7213,9.1695,2.5,2.0387,9.987,2.0447,2.4428,2.0432,2.0426,10.0224,12.6513,2.5,2.0001,2.4429,9.6559,2.4428,8.0222,2.4486,10.0222,8.0222,2.0426,10.9861,9.9833,9.9833,2.4431,7.1772,2.443,9.9819,2.443,9.9833,7.0264,9.9833,9.9833,2.0407,9.9819,2.0494,2.443,2.0429,9.9819,9.4464,2.443,13.8273,7.1772,10.0222,8.0222,2.0377,9.9809,2.4728,2.4728,2.0542,2.4728,2.0461,9.9844,7.9998,2.4728,2.4728,2.5,2.0519,2.4728,2.4728,2.0619,2.4728,2.0608,2.0612,9.9844,9.9844,2.5,9.9844,2.4811,2.8649,8.5277,2.4728,9.969,2.1206,2.0532,2.0531,2.5,2.0469,2.0355,9.9806,2.3704,2.3206,2.3206,2.5806,2.3206,9.98,2.3206,2.0593,2.3206,2.3206,8.4096,2.3206,2.5,9.9895,9.9836,9.9895,2.3206,2.0526,2.0868,8.0161,2.085,2.5,10.88,2.085,2.0902,11.5403,4.8362,2.3206,7.1693,2.4233,2.0656,2.4232,2.3695,2.0467,6.4407,2.0462,1.0064,2.0575,2.4232,2.4232,2.5,3.0721,5.1675,2.0634,1.2799,1.2354,2.0974,2.3242,1.1679,1.1194,1.1593,2.0557,2.1018,2.4232,2.4232,5.1489,2.625,2.4232,2.4232,2.4536,2.0641,2.4536,2.4536,2.4536,2.4536,2.4536,2.4536,2.4536,2.4536,2.4536,2.4536,2.4536,2.4537,2.4536,2.0554,2.4536,2.4536,2.4536,2.4536,3.462,2.7325,2.4536,7.5083,2.4538,2.0978,2.0447,2.4536,2.4536,2.0487,2.0539,2.0464,5.9166,2.0857,2.0516,2.0514,2.3792,2.3792,4.1397,9.9833,9.0127,7.9284,9.8577,7.1517,2.5,2.3793,2.3792,2.3793,6.6478,2.5,2.0987,3.7925,2.3791,2.0929,2.0929,2.3792,2.1103,1.7,5.1526,2.3792,2.3792,7.647,7.6349,9.983,2.3698,9.9895,3.6454,2.1017,2.1017,2.3698,2.3698,2.3698,2.0946,5.1389,1.9147,2.0946,2.0683,9.986,5.7847,2.3699,5.6761,4.694,2.3698,2.3698,7.1479,2.3699,2.3698,2.3698,9.983,9.986,2.3699,2.0593,4.9361,2.3556,3.8028,2.0391,2.3249,2.0404,2.3248,2.325,8.0162,2.0318,0.8784,9.9804,5.909,2.0,2.906,10.7443,2.0515,9.9856,9.9856,15.0234,2.5,2.0,2.3248,8.726,11.8633,2.0731,2.3349,2.5,1.3214,2.3249,1.0228,2.2514,2.2514,7.1006,2.2514,5.4598,7.9998,8.0126,4.488,2.0767,2.5,2.2046,2.5,5.2597,7.2193,9.9896,2.2514,3.4982,9.9849,2.2514,2.2633,2.8787,2.0001,0.7899,1.4296,0.7174,0.6233,0.6196,4.2168,6.7181,9.9896
12,1.0814,2.0001,1.9852,2.0,2.0001,2.3625,2.3624,2.5,5.4532,2.5,3.2575,2.5,9.7679,2.3626,2.3625,2.3624,2.0002,2.3623,2.5,2.0792,2.3624,2.1052,1.0958,1.7153,1.0734,1.0792,2.3624,1.1262,2.0,2.0884,2.0,2.4016,2.0639,9.2323,2.4016,2.0503,2.4016,7.1606,7.1606,2.5001,2.4017,2.5577,2.0476,2.4017,2.5,2.4016,3.6155,2.0435,2.4017,2.4016,2.3345,2.2397,9.9876,2.4016,2.0423,2.0494,11.2569,9.9876,2.4016,2.4428,2.5001,9.987,2.881,2.4428,2.0441,2.4429,7.1771,2.4429,2.261,11.3328,2.261,2.261,2.0413,4.153,3.4427,2.2651,2.0387,8.1541,2.0,2.0447,2.0542,2.0,10.0133,11.3051,2.5,2.0001,2.2611,8.0132,2.2611,7.1044,2.3146,9.9814,8.0157,2.0001,8.3595,9.9885,11.4011,2.0492,4.2889,2.054,9.9814,2.3146,9.9818,2.3155,9.9818,9.9838,2.0324,9.9814,2.0429,2.3146,2.0001,9.9818,6.9582,2.3146,9.9885,7.3145,10.1431,3.7405,2.0377,6.6853,2.2796,2.2796,2.0542,2.2796,2.0447,9.9812,4.2615,2.2796,2.2796,2.0615,1.0579,2.0618,2.2796,2.0525,2.2796,2.0606,2.0611,5.6895,2.5001,2.2796,8.5485,2.2796,2.5,4.105,2.2796,3.1972,2.053,2.0491,2.0529,2.2797,2.0455,1.0528,9.9832,2.0472,2.0472,2.064,2.2608,2.0627,2.3058,2.2608,2.0526,2.0518,2.2608,2.2609,1.0779,2.2609,9.9817,8.0131,9.9835,2.2608,1.4559,2.0708,2.2609,1.0531,2.2678,2.2609,1.5322,2.0734,7.1043,2.2609,2.2608,2.5,2.2514,1.5385,2.2514,2.2514,2.045,2.2515,2.045,0.5977,1.0432,2.0629,2.9179,2.2516,2.2515,2.257,2.0634,1.0432,1.0525,1.0525,0.75,0.7216,0.7215,0.7219,2.0554,2.0606,2.2514,2.2514,2.2545,2.2514,2.2515,2.2514,2.2158,2.0554,2.0588,2.2158,2.2158,2.2158,2.2158,2.2158,2.2158,2.2158,2.2158,2.0539,2.2158,2.2158,2.2158,2.0554,2.0732,2.2158,2.0627,2.2158,2.2159,2.2159,2.2158,3.492,2.2158,2.0449,2.0433,2.2158,2.2158,2.0472,2.0539,2.0464,2.5,2.0461,2.05,2.0514,2.2032,2.048,2.5,2.5,4.6106,2.5,7.0813,5.2397,2.2075,2.2032,2.2032,2.2032,4.9439,2.5,2.0529,2.446,2.2032,2.0565,2.2031,2.2032,2.0592,2.0589,4.5039,2.0559,2.2032,2.5,7.1081,2.5,2.2702,9.9873,2.2702,2.0743,2.0743,2.2702,2.2702,2.2702,1.8423,2.2703,0.7721,2.2702,2.0683,9.9865,2.5,2.2702,2.5,2.2703,2.2702,2.2702,2.2703,2.2702,2.2702,2.2702,8.1979,9.9838,2.2703,2.0593,3.335,2.4034,2.36,2.0391,2.0,2.0404,2.3556,2.3557,8.0178,2.0,0.9323,8.0005,3.3808,2.054,2.5001,11.1778,2.0515,9.9808,6.6233,7.1422,2.3556,2.0,2.3556,8.8335,9.9808,2.3556,2.0837,2.1122,2.0001,2.3556,0.8587,2.2518,1.0515,9.1523,2.078,2.5,4.9704,6.0874,2.5,2.0768,2.2518,2.078,2.2518,2.7635,8.0126,9.9824,2.2518,2.2595,10.0126,2.2518,1.0674,2.5001,2.0001,0.8264,1.4319,0.7507,0.6244,0.9167,2.5,3.1518,9.1963
13,1.0754,2.0001,1.0259,2.1587,2.0,2.3567,2.3566,2.5001,5.4459,2.8792,3.432,2.5,8.0181,2.3567,2.9459,2.3568,2.0001,2.1462,2.5,2.0792,4.4226,2.1035,1.0792,1.6879,1.0792,2.0,2.3566,1.0792,2.0,2.0754,2.0552,2.272,2.0535,7.1333,2.272,2.0503,2.272,7.1088,7.1088,2.7953,2.6296,2.5,2.272,2.272,2.8398,2.272,3.533,2.0432,2.272,2.272,2.2719,2.1384,9.9806,2.272,2.0423,2.0493,8.0136,9.9806,2.0393,2.261,2.3094,9.9856,2.5001,2.2611,2.0441,2.261,7.1044,2.0456,2.0539,22.4845,2.2263,2.2262,2.0521,2.2264,4.3236,2.0494,2.0387,7.3846,2.0,2.0445,2.0541,2.0,10.0114,22.5023,2.5,1.051,3.87,5.6138,1.258,3.4674,2.1814,8.1803,2.1815,0.8658,2.1816,9.985,9.9813,2.0492,2.1814,2.0476,3.5236,2.1814,8.1803,2.1814,5.2265,8.0091,2.0324,8.0092,2.0429,2.1814,2.0002,9.9813,2.5,2.1814,9.9813,2.1815,5.9007,2.0424,2.0,5.0,2.1916,2.1916,2.0452,2.0533,2.0447,8.0097,2.055,2.0571,2.06,2.0613,2.0419,0.5502,2.0617,2.0428,2.0529,2.0605,2.061,2.0698,2.1916,2.1916,2.1916,2.1952,2.0623,2.1916,2.1916,2.1915,2.0393,2.0486,2.0489,2.0593,2.0381,0.3921,2.5,2.033,1.8252,1.042,1.0779,2.0571,2.1476,1.3252,1.0531,2.0498,1.0779,2.0621,0.5683,2.068,2.5,3.5044,9.9885,2.0554,1.0531,2.0399,2.1476,0.3988,2.0399,2.0728,1.0531,1.0531,2.1479,0.722,0.9312,2.1942,2.1938,1.0775,2.059,1.1864,0.4616,2.0401,0.6417,0.4383,0.4526,0.8068,1.0775,2.0666,2.0633,2.0634,1.1945,0.5859,0.5561,0.5454,0.5502,0.4731,0.5123,0.4768,0.5838,0.9208,2.0555,2.0649,2.1938,3.8391,2.1938,2.1974,2.0521,1.4622,1.0756,1.0799,2.054,1.3434,1.7706,2.0642,2.0669,2.0646,2.0629,1.4325,2.0625,2.2952,1.9348,1.2316,1.0799,2.0624,1.9352,2.0627,2.0688,2.2892,2.2893,2.2893,2.0489,2.0447,1.1035,1.8323,2.0585,1.1367,2.0462,2.045,2.0518,2.0351,2.0513,1.0287,2.0383,2.037,2.156,2.156,2.156,2.0658,2.1596,2.1561,2.0625,2.156,2.056,2.0664,2.156,2.156,2.061,2.0642,2.156,2.0548,2.0382,2.0594,0.9553,0.9498,2.156,0.5221,2.077,2.124,2.1241,2.124,2.124,9.9819,2.124,2.0798,2.0,1.5257,2.0339,2.0335,0.7253,2.1241,0.2939,2.124,2.001,9.9834,2.124,2.124,2.0263,2.1241,2.1241,2.0458,2.1241,2.1241,1.4684,2.124,7.0496,2.1241,2.1272,2.0,2.169,2.169,2.4036,2.0391,2.0,2.035,2.4034,2.4035,7.1614,2.0,1.0159,7.9997,8.0202,2.0,3.0041,9.9809,2.0515,9.0128,2.5,8.0204,2.4034,2.0,2.4162,6.226,8.0203,2.4034,2.4034,2.4035,2.0001,2.4034,1.0155,2.0761,4.8296,8.6343,2.0773,2.5,5.0722,9.4479,2.5,2.5,2.2496,2.0773,2.5,2.2583,8.0125,9.9813,2.2496,2.0,5.0001,2.0857,0.7468,3.0982,1.0784,0.8196,1.8739,1.0784,0.6857,0.6147,2.0712,2.5001,5.6361
14,0.6632,2.0001,0.5337,2.2019,1.039,2.2018,2.2018,2.202,2.5,2.2095,2.5,2.5001,4.4995,2.5641,2.2019,2.2166,2.224,2.0001,2.0912,2.098,2.5001,2.0586,1.0792,2.0,2.0625,1.0792,2.0,1.0734,2.0643,2.0752,2.2017,2.2342,2.0638,3.9904,2.2342,2.0418,2.2342,9.9815,7.0937,2.2343,2.0477,2.2343,2.0,2.2341,2.5,2.0591,4.5581,2.0435,2.0,2.0538,2.2342,2.0534,9.9815,2.2342,2.0423,2.0393,5.0606,7.2875,2.0387,2.2132,2.0555,2.2263,2.2263,2.0529,2.0435,2.2262,9.9803,2.0456,2.0536,8.2802,2.1946,2.0523,2.0315,2.1946,8.0,2.0492,2.0387,4.1029,2.0,2.0428,2.0524,2.0001,11.244,11.2481,4.0376,2.0,2.0528,3.7388,0.872,2.1946,2.0443,2.5,2.1802,0.3352,2.1802,8.009,8.009,0.4291,2.1802,2.0537,2.9219,2.0491,2.1803,0.4305,5.2253,5.0929,2.0298,8.2561,2.0007,2.1802,2.0002,9.9828,2.1802,2.054,10.0091,2.1803,2.5609,2.0422,2.0,5.0,2.0538,2.2084,2.0437,2.1853,2.0445,9.9813,2.0484,2.0508,2.0612,2.0509,2.0519,0.5981,2.0803,2.0438,2.0603,2.0,2.0501,2.0437,2.2084,2.2125,2.2084,2.0625,2.056,2.212,2.0531,2.7605,2.0393,2.047,2.0527,2.0545,1.0528,0.6079,2.3124,1.2254,1.4221,1.6989,1.0779,2.0656,2.0645,1.0531,1.0531,1.0531,2.0554,2.0549,0.6946,2.2629,2.2629,2.5,8.1642,2.0524,1.2482,2.2628,2.2628,0.7105,0.754,2.08,1.0722,1.5922,2.1546,0.7699,0.8157,2.3397,2.3395,1.0718,2.0935,1.0528,0.779,0.9567,0.8321,0.7977,0.7924,1.0262,1.0775,2.0632,2.0632,2.0633,1.2136,0.8892,0.8891,1.0525,0.904,0.8282,0.8283,0.8976,0.9745,1.0526,1.23,1.3409,2.9242,2.2731,3.4814,3.6968,2.0549,1.1776,1.0756,0.9017,2.0535,1.0799,1.3505,2.0341,1.5546,0.9455,2.0628,2.0523,2.0139,2.0758,2.0134,1.0013,0.9009,0.9784,1.0799,2.0339,2.0654,2.329,2.0572,2.2377,2.0428,1.0799,1.0799,1.3423,2.0338,0.8858,1.1679,1.046,2.0581,1.0924,1.0803,1.0759,1.6259,0.7783,1.1364,2.0659,2.0661,1.9553,2.0617,2.0625,1.5519,2.0662,2.0563,2.2676,2.2676,2.0705,2.0537,2.0634,2.0656,1.0708,0.7783,0.757,0.7783,0.7666,1.0759,0.7783,1.0759,2.2452,2.0843,2.0741,2.0766,2.2452,1.4359,0.7391,0.5766,0.7041,0.7391,1.2617,0.583,2.0625,0.5373,1.7547,0.6373,9.985,2.2452,1.4357,1.4362,2.2453,2.0437,2.0463,2.2452,2.2453,0.7391,1.0754,2.2452,2.2454,2.2453,1.0776,1.9862,2.233,2.1691,2.0391,0.9422,2.0343,2.169,2.1692,4.119,0.961,0.3225,5.2113,5.3105,2.0,2.169,9.9835,2.05,8.0085,2.4616,4.0641,2.7113,2.0,2.1693,2.5001,3.3494,2.169,2.1689,2.169,2.0,2.1689,0.8626,2.0,2.5,3.623,2.0868,2.8653,2.5,5.451,7.1169,2.4605,2.0,2.0,2.5,2.103,7.8214,7.1169,2.2922,2.2923,5.0001,2.0,0.9429,2.306,2.0001,0.959,1.6617,0.8448,0.8343,0.641,2.0836,2.2922,3.6581
15,0.5183,2.0,0.524,2.0822,0.5471,0.6723,2.207,2.207,2.2071,2.5001,2.207,2.4084,9.986,0.5479,2.2071,2.2225,2.1523,2.0,2.0988,2.06,2.2071,1.0734,1.0734,2.0,1.0552,1.0605,1.0792,0.5768,1.0734,1.2497,1.2949,2.0639,2.0563,2.1344,2.1344,0.8653,2.1344,3.8573,7.0538,2.0481,2.0483,2.1345,1.9589,2.0489,2.1344,2.0423,4.1174,2.0441,1.0714,2.0438,2.0535,2.0514,2.8974,2.0423,2.0387,2.032,2.2252,7.866,2.0372,2.0556,2.0526,2.1947,2.0523,2.0541,2.0001,2.0583,7.0778,2.0002,2.0438,7.0863,2.2158,2.0423,2.0322,2.2167,7.9999,2.2158,2.0387,2.2158,1.0518,1.2002,2.2158,2.0402,10.0111,11.185,2.2158,2.0,2.0429,2.2159,1.0506,2.2158,2.0471,2.3115,2.3114,0.545,2.3114,9.98,8.0156,0.7452,2.0536,2.0627,2.3116,2.0443,2.3115,0.7419,5.1393,3.7781,2.0298,8.1843,2.0461,2.3114,0.8955,9.9893,2.3114,2.0539,8.0156,4.6566,2.3115,2.0421,2.0,3.7609,2.2302,2.3122,2.0432,2.3068,2.0443,8.0154,4.0369,2.0488,2.3068,2.0504,2.0428,2.053,2.3068,0.8815,2.0426,0.8091,2.0501,2.0571,2.5001,2.057,2.3068,2.0623,3.4519,2.3068,2.3068,3.2428,2.0465,2.0479,2.0592,2.0545,1.0528,0.6378,2.2892,1.276,1.0779,1.0531,2.051,2.2445,2.0588,1.0531,1.7896,1.0779,2.0673,2.0549,1.213,2.2445,2.2444,2.2445,7.0978,2.0422,1.5805,2.2444,2.2444,0.6911,1.1033,1.8927,1.1294,2.0784,2.0703,0.7377,0.7584,2.2986,2.0653,1.0718,2.054,0.8559,1.0528,1.0528,1.0528,0.6849,0.6962,1.0775,1.2156,1.84,1.2349,1.0775,1.5088,0.7818,0.7817,1.0775,1.0525,0.7893,0.7284,0.78,0.8559,0.8931,2.0549,2.0488,2.873,2.0591,4.6548,2.0606,1.0756,1.0799,0.8701,0.8704,1.4373,1.0799,1.4281,1.9259,1.0756,0.8735,2.0628,1.2347,2.0683,2.3103,1.3031,1.0756,0.8707,1.0799,1.0799,1.8792,2.0572,2.304,2.0485,2.0486,1.8603,1.0799,1.0647,1.0799,2.0555,0.7237,1.1147,0.8284,2.0518,0.9707,1.5698,1.0803,2.0655,0.8481,2.0711,2.2963,2.0575,2.0576,2.1087,2.0541,1.963,2.0662,2.056,2.2962,2.2962,2.0771,2.0535,2.2963,2.2962,0.8482,0.8483,0.7387,0.8614,0.8284,0.8481,0.6432,1.0759,2.5,2.0845,2.084,1.8128,2.5,1.8121,0.7487,0.6633,0.7979,0.8202,0.7983,0.6056,2.2792,0.6108,2.279,1.2465,8.733,2.279,0.6857,2.0428,2.279,2.0444,2.0459,2.279,2.8488,0.7031,0.7983,2.2791,2.2791,2.2849,0.7983,2.0358,2.358,2.233,2.039,0.7178,1.1077,2.233,2.233,2.5,0.6632,0.4187,2.2335,3.7674,1.0483,2.233,2.2331,0.6634,2.5,2.0676,2.0001,0.6636,0.7178,2.0001,2.233,2.5,2.233,2.0965,2.0001,0.7178,0.6918,0.4833,2.0,2.7156,2.9588,2.0527,2.7158,2.0001,4.2251,7.069,2.0,2.0,2.0001,2.1775,1.8615,2.5,2.0004,1.0784,2.0,2.0001,1.8615,0.5278,2.0544,0.5473,0.4925,0.4921,0.4739,0.379,0.335,0.974,2.0495,2.0546
16,1.0268,2.0001,1.0137,2.0001,1.0792,1.0812,2.4096,2.4097,2.5,2.4096,2.4097,3.3639,9.8658,1.0753,2.5,2.4397,2.4379,2.0001,2.1209,2.078,4.4854,1.2727,1.118,2.0,1.1163,1.1096,1.1423,1.083,1.1297,1.1401,2.0676,2.0635,2.0558,2.5,2.2764,0.9613,2.0658,7.1106,7.1106,2.2765,1.0715,2.5,0.7406,2.0598,2.2765,2.0423,2.5,2.0432,0.7937,2.0432,2.0438,2.0429,4.2331,2.0423,2.0393,1.7491,2.0487,10.216,2.0,2.0456,2.0428,2.2159,2.0424,2.0441,1.3058,2.0584,9.0444,2.0428,2.0532,7.0539,2.2892,2.042,2.0322,2.2893,4.5393,5.6042,2.0387,2.2892,0.967,2.0421,5.5617,2.0402,11.3687,13.5323,2.0402,2.0,2.2893,5.0,0.6862,2.2927,2.0351,2.3226,2.3188,0.7344,2.5,9.9859,7.5453,2.0,2.0535,2.3188,2.3251,2.3188,3.1115,0.7306,8.1757,2.5,2.0367,8.0583,2.0362,2.3188,0.7631,9.9862,2.3189,2.0544,8.0159,5.0037,2.3189,2.0422,2.0005,2.5,2.2692,2.0536,2.0428,2.0548,2.0443,9.2869,5.0,2.0485,2.2692,2.0514,2.0428,2.0525,2.2692,2.0438,2.0426,0.7729,2.0501,2.0437,2.5,2.057,2.2692,2.0432,5.4807,2.2744,2.8365,2.2692,2.046,2.0474,2.0522,2.2692,1.3122,0.7332,2.3102,1.0779,1.0779,1.0779,2.0507,2.2505,2.0488,1.0531,1.6188,1.0779,2.2006,2.0567,2.0591,2.2505,2.2504,2.2505,6.7656,2.0422,2.0502,2.2505,2.0729,0.7186,2.0786,2.0798,1.1573,2.2505,2.0702,0.7762,0.6509,2.2663,4.0662,1.0775,1.2314,0.7758,1.0775,1.0775,0.632,0.6579,0.7637,1.1084,1.1197,2.0633,2.0632,1.0775,1.1274,0.7635,0.6975,0.7758,0.755,0.6494,0.6492,0.7318,0.7758,1.0802,2.0646,2.0503,2.8328,1.754,2.0608,2.0606,0.6141,0.9111,0.8907,1.0799,1.3657,1.0075,1.0756,2.0666,0.8962,0.6856,2.0627,1.0528,1.0799,1.4363,1.0849,1.1148,1.0301,1.0174,1.0799,1.0259,1.0087,2.0575,1.3258,2.0426,1.0127,0.614,1.0756,1.3591,2.2146,0.6138,0.8056,1.9211,2.0516,0.8727,1.3537,1.0803,2.0654,0.7916,1.3577,2.0657,2.066,2.057,2.2281,2.0624,1.0803,2.0548,2.0661,2.2234,2.2234,2.06,2.0639,2.2235,2.2234,0.701,1.0759,0.6321,0.701,1.0058,2.2234,0.5314,0.9855,2.1916,2.5,2.1916,1.1216,4.2367,1.8958,0.6453,0.4556,0.5509,0.8685,0.8579,0.4199,2.1916,0.4201,2.1916,2.0653,9.9813,2.1916,1.0776,2.0451,2.1917,2.0442,1.122,2.1916,2.1916,0.4829,0.4808,2.1917,2.1918,2.1961,0.5475,1.4109,2.0392,2.358,2.039,0.5706,2.0427,2.3581,2.358,2.3583,0.859,0.5982,2.5,2.9203,1.0194,2.358,2.5001,0.6839,2.5001,2.0675,2.0005,0.775,1.0247,2.0004,2.0952,2.3579,2.2296,2.3583,2.0,1.4743,1.4778,1.0585,2.0001,4.5574,2.0989,2.0822,2.5,2.0001,2.651,7.1722,2.0,2.0,2.0001,4.7287,2.0792,3.6197,2.0001,1.1418,2.0799,1.2278,1.3892,1.2281,2.0002,1.0632,1.1097,0.9381,1.0632,0.9441,0.8587,1.0784,2.123,2.5
17,0.9528,1.0883,0.9706,2.0822,0.9969,2.0001,2.3784,2.3918,2.5,2.3784,2.3784,2.5,9.9801,2.4088,4.3787,2.3786,2.3784,2.1067,2.1117,2.0947,2.3785,1.089,2.0001,1.8859,1.0514,1.025,1.0892,1.0419,1.0734,1.0587,1.0854,2.0535,2.0674,2.3404,2.3404,1.0714,2.3404,9.9835,7.1362,2.5001,1.3199,2.3405,0.8135,2.0598,2.3405,2.0423,6.4581,2.0432,0.9057,2.0432,2.0531,1.058,3.8335,2.0521,2.3404,2.032,2.0486,9.4627,2.0372,2.0453,2.2892,2.2892,2.0415,2.0537,2.0453,2.2892,9.9824,2.0426,2.2846,17.6785,2.0551,2.2846,2.0322,2.2847,2.0489,9.9806,2.0001,3.4387,1.0518,1.5831,8.0142,2.0507,10.014,15.6735,2.0506,2.0001,7.1139,2.9807,0.5602,2.2883,2.0354,2.3083,2.3036,0.5798,4.2772,9.9851,7.147,2.0,2.3036,2.5,2.5,2.3037,5.3795,0.6934,9.9807,3.0774,2.0376,8.1564,2.0362,2.3036,0.7267,9.9807,2.3037,2.3036,7.3035,5.7829,2.3037,2.037,2.0002,2.5001,2.3354,2.0534,2.0426,3.4814,2.0362,12.8461,12.0485,2.0483,2.3354,2.0511,2.0506,2.0611,2.3354,2.0438,2.0601,1.6122,2.0501,2.0571,2.5,2.3354,7.5005,2.0432,7.2179,2.3355,2.3354,2.3355,2.0582,2.0484,2.0529,2.3354,2.0355,0.8138,2.2958,2.0024,1.0531,1.3202,2.0507,2.26,2.05,1.0531,1.7689,1.1458,2.0622,2.0567,2.0708,2.2601,2.26,2.26,3.3556,2.0422,2.0516,2.265,2.0726,0.7354,6.3611,2.0694,1.32,2.2601,2.0702,1.781,1.0722,2.2206,2.2191,1.0528,2.054,0.6859,1.0718,1.0528,0.851,0.6155,0.6155,1.0539,1.0591,2.0632,0.8891,2.0631,0.889,0.6268,0.6152,0.6091,0.5923,0.524,0.524,0.6157,0.6859,1.1201,2.0647,2.0591,2.2148,1.0802,2.2148,2.051,0.963,0.8188,1.0756,1.0756,1.4382,0.7055,1.0799,1.431,1.0718,1.0756,1.3968,1.0799,1.1457,1.5739,2.0537,2.0546,0.9663,1.0756,1.1622,0.7055,1.2672,2.0575,2.0493,2.0437,1.7721,0.7055,0.5375,2.0485,2.2261,0.6469,0.8484,2.049,2.0516,0.7629,2.0493,1.0803,2.0655,0.7629,1.0803,2.0657,2.0569,2.0585,3.2762,2.0535,1.2158,2.0558,2.066,2.2588,2.2588,2.2242,2.0659,2.2589,2.2588,1.0354,1.8772,0.7411,1.3592,1.3603,2.2588,0.7371,0.7404,1.3444,6.0641,2.089,1.105,7.0643,1.1953,0.5818,0.6112,0.6674,1.1957,0.9145,0.5757,2.2042,0.447,2.2042,1.0776,9.9854,2.2042,1.0776,2.0435,2.2043,1.9134,2.0466,2.2043,2.0594,0.5143,0.5125,2.2043,2.2043,2.7553,0.4854,1.206,2.2098,2.3483,2.0324,0.3803,2.0413,2.2267,2.2267,2.2268,0.4329,0.3231,2.5,2.5,2.0585,6.4426,2.5,0.374,6.4968,2.2267,1.411,0.7066,0.6695,2.0829,2.0604,2.2264,7.0906,2.7834,2.0001,2.2266,1.0515,0.7724,1.0517,4.3435,2.0987,2.0807,2.2641,1.0387,2.5,8.0132,2.5,1.0516,2.2642,7.1057,1.0784,2.2642,2.0518,1.0784,2.0,0.7534,0.7796,0.8093,1.6264,0.7541,0.6813,0.585,0.6548,0.5799,0.5285,0.7542,2.2644,2.0834
18,0.9589,1.0812,0.9589,2.082,0.9804,2.1747,2.3708,2.3839,2.3709,2.3708,2.3708,2.5,9.9806,2.4007,8.0186,2.3985,2.2004,2.1065,2.3708,2.3708,3.0567,1.0792,1.7627,1.8481,1.8904,1.0045,1.9946,1.0212,1.0341,1.0675,2.0674,2.0633,2.9873,2.353,2.353,1.0096,2.3531,9.9876,7.1412,2.5001,2.0483,3.6219,1.4164,2.3531,3.053,2.0423,4.0445,2.0432,2.0,2.0432,2.5446,2.0429,4.6547,2.489,5.4826,2.032,2.3576,6.7788,2.0372,2.0454,2.6436,2.2847,2.0413,2.0536,2.0453,2.2846,9.9806,2.0423,2.3052,22.559,2.055,2.3004,2.0421,2.4773,2.0488,9.9835,2.0382,2.8361,1.6711,2.0358,8.015,2.5,11.383,14.0205,2.04,2.0001,4.8008,2.6116,0.7893,2.3005,2.0356,2.3777,2.3776,0.661,7.151,9.9837,5.0,2.0,2.3776,6.0073,2.3849,2.3456,5.3644,0.9001,9.9837,2.3845,2.0376,8.019,2.0362,2.0489,0.9039,14.5034,2.3776,2.0537,7.1511,8.0189,2.3778,2.0362,2.0301,3.8116,2.3062,2.0534,2.0423,2.0545,2.0362,12.6676,5.0631,2.048,2.3062,2.0493,2.0519,2.3062,2.3062,2.0438,2.0508,1.4718,2.0693,2.0572,2.3116,1.9201,2.3065,2.0432,8.0005,2.0589,2.3062,2.0526,0.7281,2.0484,2.0527,2.3062,2.0511,1.4172,2.3035,1.9195,1.6848,1.2964,4.94,2.2606,2.05,1.8818,1.9618,1.0531,2.2606,2.0567,2.2606,2.2607,2.2606,2.2607,3.418,2.05,2.0516,2.2607,2.0603,0.7048,8.0131,2.0672,1.0531,2.2613,2.07,2.0497,2.0497,2.5,2.2427,1.0775,2.054,0.9359,1.0951,1.0528,0.5641,1.0718,0.5233,0.9902,1.0775,2.0633,2.0537,3.2104,0.9843,0.6939,0.682,0.6813,0.656,0.5798,0.6281,0.722,1.0775,1.1304,2.3102,2.0503,2.2378,1.0802,2.2379,2.0605,1.0756,1.3313,1.3173,1.0813,1.8174,0.7589,1.3282,2.0666,1.0876,1.0799,1.2164,2.0523,2.0681,2.0643,2.0537,2.8255,1.0799,2.064,2.052,0.791,2.0546,2.0574,2.049,2.0485,2.0424,1.0799,0.7446,2.0498,2.2605,0.9766,0.7531,1.2211,2.0513,0.7847,2.0493,1.982,2.0655,0.5753,1.0803,2.201,2.0657,2.0582,2.2011,2.0519,2.0541,2.0558,2.0661,2.201,2.201,2.0579,2.201,2.2013,2.201,0.8041,2.0647,0.6618,1.224,1.3742,2.201,0.5726,0.5414,2.0345,3.6731,2.0889,1.3884,4.2641,2.0242,0.6087,0.6107,1.0756,2.0743,1.2519,1.2518,2.0755,0.4678,2.2139,0.6556,9.9823,2.9214,2.0435,2.0433,2.2139,2.0437,2.0463,2.767,2.0607,0.5384,0.6842,2.2138,2.2139,2.2139,0.508,1.84,2.2144,2.2098,2.0317,0.5426,1.587,2.2099,2.2099,2.4674,0.4008,0.3073,2.6112,2.5,2.0583,9.9803,2.5,0.3462,8.0106,2.0674,2.5,1.8161,0.6771,2.0828,2.0557,2.0832,7.9998,7.9998,2.0,2.299,1.0515,0.6621,1.0517,8.0101,1.2385,2.0001,2.0,1.3269,2.5,9.8244,2.5,1.0516,2.2012,10.0247,1.0784,1.9122,1.0784,2.0929,2.0,0.5914,0.5739,0.6867,1.1738,0.5745,0.5187,1.1443,0.553,0.4952,0.4054,0.5745,4.5367,1.1791
19,1.3259,1.0812,1.0802,2.0819,1.1239,2.4266,2.5,2.4266,2.5,2.4267,2.4267,2.4462,9.9869,2.4266,9.0998,2.5,2.4265,2.1303,2.4267,2.124,3.9675,1.1984,2.0,1.1495,1.1498,1.128,1.9869,1.0734,1.1282,1.1102,3.033,2.0631,6.4633,2.3188,2.3188,0.9116,2.3189,9.9852,7.283,4.5062,2.0483,4.3505,0.9631,2.3189,2.6864,2.0423,7.1275,2.0432,2.0419,2.043,2.319,2.0518,6.6823,5.2914,9.9852,2.032,2.5,6.7106,2.0371,2.0554,11.0424,3.1144,2.0413,2.0535,2.0453,2.3004,9.9859,2.0394,2.3414,20.1174,2.0548,2.3361,3.8647,2.5,2.0488,9.8027,2.038,2.5,2.0438,2.0411,7.7554,8.0168,13.0801,11.6806,2.0,2.0,7.1344,7.1344,0.7975,2.5001,2.0443,2.3079,2.3032,0.5792,9.6382,9.983,2.5,1.7706,2.3085,9.6457,2.3035,2.0485,8.0153,0.7227,8.1743,2.3075,2.0374,8.0156,2.0362,2.0489,0.7257,14.0656,2.3032,2.0536,6.9146,5.804,2.3034,2.0301,2.0357,3.5403,2.3393,2.0536,2.0528,2.0544,2.0546,12.6678,7.3393,2.0495,2.3392,2.0419,2.0535,2.1278,2.3392,1.6191,2.0506,1.6309,2.0695,2.0572,2.5,2.0437,2.0638,2.062,5.4239,2.0589,2.3392,2.0526,0.7116,2.0529,2.0592,2.3392,1.7682,1.0779,2.3062,2.033,1.0779,1.6437,7.2279,2.2658,2.05,2.0508,2.05,1.0779,2.0621,2.0567,2.2658,2.2659,2.2658,2.422,3.5307,2.0516,2.0513,2.2658,2.06,0.7516,1.3672,2.0669,1.0531,2.2662,2.0579,2.0497,2.06,2.5001,2.0651,1.0775,2.054,1.0528,1.9246,1.0528,0.4434,1.0528,0.4545,0.8043,1.0775,2.0632,2.063,2.1932,0.7996,0.7991,1.0525,0.5534,0.5327,0.4713,0.5532,0.5864,0.5798,1.0802,3.8381,2.0503,2.1932,1.0802,2.1932,1.6277,1.1862,1.3207,1.1138,1.0799,1.1136,0.5101,1.0799,2.0664,0.8296,0.7363,1.081,0.8762,2.0683,2.0644,0.7447,2.054,1.0756,2.064,2.052,0.8364,2.0652,2.175,2.057,2.0485,2.0435,2.0424,0.6674,2.0498,2.1783,1.0799,0.4159,2.0506,2.0511,1.0971,2.0509,2.0535,2.0361,0.6856,1.0803,2.2146,2.0656,2.0672,2.2149,2.0519,2.0555,2.0555,2.2146,2.2146,2.2147,2.0594,2.0637,2.2146,2.2146,0.8585,1.3035,0.6856,1.1268,1.4675,2.2146,0.614,2.0791,2.0726,2.2008,2.1259,1.2813,7.9999,2.0719,0.5735,1.0668,1.1759,2.0743,1.1759,1.9629,2.0754,0.4555,2.2008,1.1754,9.9838,5.251,1.3857,2.0446,2.2009,2.0437,2.0461,2.5,0.6614,0.5056,1.1754,2.2008,2.2009,2.2009,0.4379,1.3868,2.1855,2.2143,2.0325,0.3591,1.0179,2.2143,2.2142,2.5,0.409,0.3591,2.5,2.5,2.058,9.9802,2.2195,0.3535,8.0108,2.2143,2.2192,0.6849,0.6849,2.2142,2.0569,2.0001,8.0002,9.9802,1.0773,2.5001,0.9,0.7886,1.3242,9.1194,1.0773,2.0001,2.0,2.092,6.9049,10.0098,2.8671,1.0516,2.1015,9.9813,1.0784,1.2053,1.0784,2.0927,2.0,0.5586,0.5777,0.6526,2.0003,0.5593,0.5049,2.1959,0.5379,0.4841,0.3944,0.6526,5.5111,1.0882
20,0.9786,0.9054,0.8727,2.2309,0.8996,2.0837,2.5,2.3403,2.5,2.3403,2.3402,2.3403,9.9806,2.3402,8.0176,2.5,2.407,2.6669,2.3403,2.0989,3.0756,0.9559,1.6167,1.0792,1.058,1.0792,2.0753,0.8846,0.9488,0.9054,2.9255,2.306,9.4652,2.306,2.5918,0.6913,2.3061,9.9872,5.5523,6.9396,2.0605,4.3259,1.2953,2.306,2.8823,2.0423,9.9807,2.0432,2.0521,2.0428,2.306,2.0521,9.9807,8.5752,9.9872,2.032,3.4988,9.1033,2.0369,2.0553,9.9843,11.4284,2.0424,2.0537,2.0447,2.336,9.9843,2.0421,2.2456,20.9886,2.0547,2.2457,2.032,2.2486,2.0488,9.4029,2.0378,2.2457,2.045,2.0421,8.0123,9.6165,17.3479,10.0127,2.0398,2.0,8.0123,5.8619,1.0506,2.5001,5.0596,5.852,2.2702,1.5888,10.5122,9.9814,2.2708,0.6463,2.5,9.9814,2.2705,2.2703,6.1853,0.646,8.1554,2.8375,2.0401,8.1393,2.0362,2.0489,0.6467,10.0631,2.2703,2.0536,7.1081,2.9011,2.2703,2.0362,2.0443,2.3269,2.3005,2.0535,3.3897,2.0447,2.0547,19.3941,7.9998,2.0495,2.3004,2.0419,2.0532,2.0609,2.3004,0.7928,2.0506,2.0,2.0694,2.0572,2.5,1.8838,2.3004,1.8916,13.3663,1.8914,2.3004,2.3004,0.6783,2.0529,2.0592,2.0544,1.5719,2.033,2.349,2.033,1.0779,1.1109,5.3332,2.2908,2.0586,2.0511,2.0498,0.8189,2.0623,2.0567,2.2908,2.2975,2.2908,2.5,5.0574,2.0516,2.0513,2.2908,2.0585,0.8223,0.8217,2.0669,1.0722,2.5,2.0576,3.502,2.06,8.0119,2.0651,2.0506,2.054,1.0881,2.0543,1.0775,0.5429,1.0528,0.6723,1.0107,2.0555,2.2371,2.063,2.237,1.0038,0.6916,0.6916,0.7248,0.5783,0.5782,0.6534,0.6792,0.6793,1.0802,3.1933,8.0006,2.237,2.048,2.2416,2.0605,1.4081,1.3751,1.3533,1.1598,1.1586,0.7472,1.3546,2.1823,0.8638,0.6289,1.1257,0.9128,2.1822,2.0644,1.0799,2.3747,1.0519,2.9389,1.7632,0.773,2.1822,2.1822,2.1823,2.1822,2.0435,2.0435,1.0756,2.0498,2.0554,1.0799,0.6289,2.0503,2.058,2.0579,2.0493,2.0549,1.8356,0.6124,0.8769,2.1728,2.0656,2.0672,2.1729,2.0517,2.0555,2.066,2.1728,2.1728,2.5,2.0594,2.0637,2.1728,2.1728,0.6912,1.0493,0.6124,0.7804,1.221,2.077,0.4944,1.0759,1.4525,2.1568,2.0888,0.6176,2.1573,1.0179,0.4475,0.8333,1.0182,2.0743,1.2893,2.0633,2.0753,0.3564,2.2509,2.0724,9.98,3.0052,2.0435,2.0446,2.1568,1.9486,2.0461,2.1568,0.4062,0.3949,2.1568,2.1568,2.1569,2.1569,0.3417,1.6138,2.5,2.1816,2.0325,0.5164,0.6278,2.1817,2.1818,2.1817,0.3467,0.3263,2.5,2.5,0.6278,9.9806,5.876,0.347,8.0092,2.1859,2.1859,0.5168,0.6278,7.0726,2.0483,2.0,7.8313,9.9814,0.6513,2.1817,0.5393,0.6926,1.0517,9.9824,1.2341,1.0515,2.0,2.0919,6.2847,9.9824,4.2853,2.0,2.2186,9.9824,0.6926,1.2352,0.6926,2.0927,2.0,0.6234,1.0784,0.6926,2.069,0.6224,0.5637,2.0678,0.6007,0.5387,0.4399,0.4981,9.625,1.1641
21,1.5385,0.669,0.676,2.0817,0.7568,1.5384,2.5,2.2671,2.267,2.2671,3.7349,2.3778,9.9873,2.267,7.1068,2.5,2.2847,5.2619,2.0789,2.5,4.3164,0.8408,1.2691,1.0734,2.0687,1.4587,1.3988,0.6502,0.7446,0.7059,2.267,2.0633,9.9808,2.0645,2.6429,0.6861,2.3203,9.9852,3.1992,2.5001,2.3148,5.2124,0.9834,2.3041,2.5724,2.0506,8.5179,2.0432,2.0438,2.0426,2.0614,2.3148,9.8489,8.5615,9.9822,2.032,2.7207,3.0407,1.4976,2.2456,11.3131,11.3131,2.0413,2.0537,2.0453,2.2457,9.9815,2.0,2.2556,18.6914,2.0459,2.5,2.033,2.0341,3.9829,7.2129,2.0376,2.045,2.045,2.0421,2.2556,20.6535,15.717,10.013,0.7307,1.4219,8.3213,6.5273,2.0355,2.7842,2.5,2.2909,2.2876,0.8275,11.3667,9.9866,2.2877,2.0,2.2876,8.0144,2.0551,2.2877,6.8901,0.827,8.1425,2.8593,2.0401,8.1698,2.0362,2.0425,0.6881,9.9808,2.2877,2.0537,7.1151,2.5,2.2877,2.0301,2.0301,3.38,2.4131,2.0534,2.413,2.0447,2.4131,12.6682,7.5613,2.051,2.4131,2.0419,2.0532,2.061,2.413,1.9709,2.0506,2.0,2.0694,2.0571,2.5,2.0437,2.4131,1.2832,9.0488,2.059,2.4131,2.4131,0.933,2.0529,2.0593,2.0544,1.0528,2.033,2.2892,2.033,0.7394,0.6316,5.438,2.2455,2.0498,2.0495,2.0513,0.7394,2.2454,2.0567,2.2454,2.2509,2.2454,2.6992,5.0574,2.0513,2.0513,2.2454,2.0585,2.0726,0.6931,2.0665,2.059,2.2455,2.0579,2.0588,2.0597,7.1346,2.0552,2.049,2.2501,1.0775,2.0457,1.0775,0.5939,0.6178,1.0775,1.0528,2.0573,2.25,2.063,2.0629,1.0718,1.0346,1.0353,0.7094,0.6897,0.6097,0.9816,0.759,0.6683,1.0526,3.2588,8.0,2.25,2.048,2.0609,2.051,0.9424,2.0561,1.5931,2.0529,1.3257,1.0756,1.3281,2.1787,0.9053,0.834,2.0624,0.7252,2.1786,2.0644,1.1812,2.0546,2.0514,1.8562,2.0536,1.1794,2.1786,2.1787,2.1786,2.1786,2.0435,2.0435,0.6809,2.0585,2.0555,1.0756,0.7484,2.049,2.0511,2.0579,2.0509,2.0549,2.0657,0.552,1.0803,2.1358,2.0657,2.0673,3.5166,2.0517,2.0555,2.1358,2.1358,2.1359,3.2802,2.0594,2.0638,2.1358,2.1358,0.5477,0.8947,0.5477,0.7127,1.6566,2.077,0.5477,1.0759,1.0624,2.155,2.0889,0.6163,2.5,1.2453,0.4424,0.4641,1.0845,2.0743,1.7428,2.0633,1.5465,0.3523,2.6936,2.0725,7.9507,2.1551,2.0446,2.0446,2.1551,0.4015,2.0475,2.155,0.4016,0.3904,2.155,2.1551,2.1551,2.1551,0.4013,1.097,2.5,2.2014,2.0327,0.5211,0.6625,2.2015,2.2016,2.0388,0.3843,0.3735,2.5,2.2015,0.5731,9.9811,3.2368,0.3854,2.5001,2.5,2.0495,0.6121,0.5764,6.1429,2.0535,2.0,2.7518,9.9811,0.7223,2.0634,0.5943,0.5386,2.0,9.9819,1.0515,1.0515,2.0,2.092,2.5,8.0095,3.4185,0.6404,2.1888,9.9819,0.5465,0.5392,0.5429,0.4019,2.0,0.5084,0.6404,0.5872,1.4187,0.4257,0.4868,2.0586,0.5387,0.4652,0.3769,0.3796,9.082,0.6404
22,2.0747,0.6638,0.6103,2.0818,0.6108,0.7143,2.5,2.2311,2.0,2.0753,2.231,4.2865,9.3895,2.231,7.0924,2.5,2.231,6.923,2.0682,4.276,4.2737,1.0792,2.0,1.0734,0.6291,1.6991,0.6438,0.6107,0.7143,0.604,2.231,2.0535,8.0165,2.0675,2.3294,1.0559,2.5,9.9823,2.3295,2.3543,2.3295,2.5,0.784,2.0596,2.5,2.0506,7.1623,2.0,2.0438,2.0426,2.0625,2.3294,4.2769,7.0842,5.1789,1.0714,2.3298,2.3298,2.0367,2.2556,11.2781,11.3259,2.0415,2.0536,2.0453,2.2556,2.2557,2.0,2.0531,12.9808,2.0458,2.3,2.042,2.0339,5.8534,8.015,2.032,2.037,2.0453,2.0423,2.3,18.0986,14.6404,10.0106,0.8587,1.2111,8.9059,2.8469,2.0412,2.5001,5.3713,2.2971,2.297,1.0846,11.6139,9.9829,2.2971,2.0,2.1217,3.5394,1.8444,2.297,5.3713,2.0311,8.1471,2.8713,2.297,8.015,2.0454,2.0001,0.7107,10.4484,2.297,2.0538,5.3713,2.4023,2.297,2.0362,2.0301,2.5,2.3227,2.043,2.3166,2.0434,2.8166,13.3003,4.3739,2.051,2.0609,1.0528,2.0532,2.0532,2.0612,2.0438,2.0506,2.0,2.0695,2.0437,2.3223,2.057,2.3166,1.9935,5.5615,1.9936,2.3166,2.3166,0.7152,2.0529,2.0593,2.0543,0.9832,2.039,2.3005,2.0384,0.6818,0.6392,7.2627,2.2424,2.05,2.0493,2.0513,0.7342,2.0622,2.2424,2.2424,2.2425,2.2424,2.8028,5.0574,2.0516,2.0513,2.2424,2.0582,2.803,1.0531,2.0665,2.059,2.2424,2.0699,5.0,2.0597,4.2885,2.0552,2.0506,2.2404,1.0775,2.0455,1.0528,0.9521,0.5718,0.6891,1.0528,2.057,2.2405,3.2236,3.9207,1.0775,1.0528,0.7307,0.7307,0.7307,0.6628,1.0525,0.6893,0.6889,1.0526,2.0646,2.2404,2.2404,2.048,2.0609,2.0494,1.2894,2.0647,2.0535,2.0529,1.4123,1.0756,2.0532,2.1902,1.0799,1.0756,2.1903,1.0756,2.1902,2.0645,2.052,2.0546,1.9596,2.0622,2.0623,1.6835,2.1902,2.1902,2.1902,2.1902,2.0487,2.0435,1.0799,2.0584,2.1903,0.92,1.0799,2.0506,2.0511,2.0506,2.0493,2.0552,2.0658,0.805,2.0573,2.1978,2.0657,2.0672,2.1979,2.0517,2.0555,2.1978,2.1978,2.1978,2.1979,2.0594,2.1978,2.1978,2.1978,0.7916,1.0759,0.6562,1.0759,0.8943,2.077,0.6562,2.0548,1.8792,2.166,2.089,0.7424,2.0792,1.078,0.6005,1.1071,1.3786,2.0747,2.0654,2.0633,1.7992,0.3774,2.1661,2.0726,8.0603,2.1661,2.0448,2.0505,2.1661,0.4305,2.0475,2.1661,0.9719,0.4183,2.166,2.166,2.6733,2.1661,0.474,1.2199,2.5,2.1908,2.0389,0.6439,1.0773,2.1909,2.191,2.0388,1.1755,0.5433,2.5,2.1908,1.0773,8.7401,4.1114,0.3743,5.5097,2.3759,2.0693,1.0773,2.0,7.0763,2.1967,2.0,2.5001,8.5018,1.0773,2.1908,0.8051,0.6795,1.0517,8.1322,2.0001,2.0,2.0,2.5,4.3783,8.0084,2.0,0.401,2.1686,7.9544,1.0784,1.038,2.0001,0.4285,2.0792,0.6051,1.8155,2.0,1.2467,0.4811,0.5358,2.0523,2.0001,0.4815,0.4805,0.3837,7.0674,2.0002
23,2.459,2.0,2.0,2.459,1.3013,2.0001,2.6465,2.459,2.0769,2.459,2.459,2.459,9.2213,2.4591,7.1836,8.0002,2.5,7.1836,2.0988,4.5485,4.5439,2.0771,2.0531,1.3212,1.3171,2.0833,1.2805,1.2802,2.0746,1.278,4.7926,2.4946,9.9811,2.4947,2.4946,2.0418,3.131,9.9865,2.0532,2.5001,2.4947,2.4947,1.1818,2.0597,2.5,2.0509,7.4593,2.0,2.0535,2.0428,2.4946,2.4947,2.5452,2.0965,2.5,1.3251,2.4946,2.5,2.0372,2.3001,9.981,8.625,2.0417,2.0538,2.0453,2.3,9.981,2.0,2.196,14.026,2.0458,2.3628,2.5,2.0332,2.5591,5.7865,2.032,1.3576,2.0551,2.0423,2.3628,19.7111,13.985,10.0127,1.051,0.7614,8.8605,4.623,2.3628,2.5001,7.6656,2.385,2.3645,1.2768,13.5544,9.9855,2.3804,2.0,2.3804,3.849,0.9592,2.3805,7.1214,2.0384,8.0194,7.4989,2.0403,8.0191,2.0456,2.0427,1.0129,10.9655,2.3804,2.0538,4.4273,4.9383,2.3805,2.0364,2.0067,5.0001,2.3107,2.0357,2.3106,2.0434,2.8106,8.8506,3.0044,2.0495,2.3106,2.0419,2.0525,2.0611,2.0506,2.0438,2.06,2.0,2.0694,2.0571,2.3161,4.0436,2.3106,2.0621,4.0961,2.0432,2.3106,2.0526,5.5544,2.0479,2.3107,2.0543,2.0355,2.0388,2.2266,2.0382,1.0779,0.5422,8.2088,2.1891,2.0587,2.0493,2.0516,1.0531,2.1891,2.189,2.189,2.1891,2.1892,4.2249,4.8791,2.0513,2.0621,2.189,2.0582,2.3334,11.241,2.0683,2.0709,2.189,2.0591,2.0607,2.0616,2.2019,2.0552,2.0506,2.1968,2.0371,1.2129,1.0775,1.0775,0.564,2.0647,2.0585,2.0665,2.1969,2.0632,3.3243,1.0775,0.9285,1.0525,1.0525,0.9027,0.5637,1.0525,0.5977,0.5911,1.1665,2.1968,2.1968,2.1968,2.048,2.1968,2.0606,1.3988,1.3663,2.0535,2.0546,1.933,1.0799,2.0546,2.181,1.0799,1.0799,2.181,2.0523,2.181,2.0644,1.1975,2.0546,2.0528,2.1423,2.181,2.064,2.181,2.181,2.181,2.181,2.0487,2.1812,1.0799,2.0585,2.181,0.8751,0.6267,2.0579,2.058,2.058,2.0493,2.0552,2.1991,2.0564,2.0575,2.199,2.066,2.199,2.199,2.0533,2.0558,2.199,2.199,2.199,2.1991,2.0594,2.199,2.199,2.199,1.2082,2.0653,1.0759,3.0428,1.2121,2.077,2.0652,2.0665,2.0726,2.2062,2.2063,2.0758,2.5,2.0723,2.0701,2.0738,2.2062,2.2062,2.0745,2.0754,2.0355,0.5811,2.2063,2.5868,9.9808,2.2062,2.0451,2.2062,2.2063,1.5848,2.2062,2.5,2.0594,2.0645,2.2062,2.2062,4.2475,2.2063,2.0562,2.726,5.6477,2.2122,2.2122,2.0348,2.0425,2.2123,2.5,2.0389,0.3933,2.0307,5.2653,2.2122,2.2122,9.9828,3.7954,1.0351,7.0849,2.5001,2.5,2.0,2.2122,9.9828,5.1208,2.0731,2.7653,7.7014,2.0001,2.2123,1.0515,2.0,2.0,16.9314,2.099,2.0,2.5,9.9812,7.071,10.0089,2.0001,1.0784,2.1833,7.6205,2.0,2.095,2.0001,1.2349,2.0799,2.0,2.1605,5.0,2.0561,2.0,2.0,1.3698,2.0784,0.9436,2.0001,1.0784,9.0078,2.0002
24,3.6537,2.0,2.0699,2.4024,1.0812,2.0,3.003,2.4025,2.0775,2.4024,2.5,2.4025,2.5,2.5,8.0202,11.5131,2.5,11.3376,2.0792,4.4809,4.4769,1.1582,2.0531,2.0625,2.0513,2.4024,2.0648,2.0643,2.0748,2.0765,9.9833,2.3596,9.9807,2.3597,2.3596,2.0503,7.1438,9.9808,2.062,2.3597,2.3597,2.3596,0.9636,2.3597,2.5,2.3597,6.329,2.0001,2.5001,2.0438,2.3657,2.9493,3.601,2.0522,2.5,2.0365,2.3646,2.5,8.015,2.4346,9.9825,10.7763,2.0427,4.592,2.0539,2.3628,9.9822,2.0423,2.5001,13.0754,2.055,2.3018,2.5952,2.0333,8.5544,2.0393,2.0376,2.3792,2.3018,2.3018,2.3019,11.5091,15.778,11.3848,2.0,1.051,9.9818,8.0004,2.3018,4.1064,5.4426,2.3541,2.0424,2.0433,11.4514,9.987,2.354,2.0464,2.354,3.721,2.0501,2.3541,8.0178,2.0458,8.524,8.0179,2.3541,7.9242,2.0473,2.0429,1.8886,9.2999,2.354,2.354,7.1416,7.7568,2.5,2.037,2.0301,5.0,2.3147,2.0526,2.2202,2.0449,2.8146,2.5001,2.3147,2.05,2.3146,2.0501,2.0611,2.0612,2.0614,2.0618,2.06,2.0438,2.3146,2.3146,2.5,2.3146,2.3146,2.0622,2.5,2.0591,2.3146,2.3146,2.0467,2.0528,2.5,2.0544,2.0426,2.0388,2.2188,2.033,2.0444,2.0464,1.4254,2.1834,2.0587,2.0506,2.0518,2.0561,2.1834,2.1834,2.1834,2.1835,2.5,4.2183,4.8532,2.05,2.0589,2.1835,2.06,2.0497,7.3872,2.0798,2.0713,2.1845,2.0597,2.061,2.0703,2.193,2.0564,2.0493,2.1896,2.0371,2.0545,1.1692,1.0775,1.0775,2.0576,2.0597,2.1896,8.0095,2.1896,2.1898,2.0538,1.0775,1.0718,2.0521,1.0525,0.7439,1.0775,1.0718,1.2026,2.0561,2.1896,2.1896,2.1896,2.048,2.1896,2.0607,1.0756,2.0582,2.0552,2.0642,2.0659,2.0512,2.0642,2.13,1.0756,2.0531,2.13,2.0622,2.13,2.0645,2.0537,2.0631,2.0621,2.13,2.13,2.13,2.1301,2.13,2.13,2.13,2.13,2.0437,2.0514,2.13,2.0556,1.0799,0.8693,2.0493,2.058,2.1596,2.0598,2.0552,2.1596,2.1596,2.1597,2.5,3.8086,2.1597,2.5,2.0624,2.0661,2.1597,2.1597,2.1597,2.1597,2.0705,2.1597,2.1596,2.1597,2.0556,2.066,2.0672,2.1596,2.081,2.0771,2.0769,2.0791,2.0711,2.5,2.1896,2.0825,2.5,2.0797,2.1897,2.1896,2.5,2.5,2.1896,2.1896,2.0759,2.0669,2.1896,8.3159,9.9808,2.1897,2.1896,4.2228,2.1896,1.4417,2.5,4.1889,2.0622,2.1896,9.5165,2.1897,8.0096,2.1936,2.0617,6.8229,8.0138,2.5,2.1809,2.1808,2.1808,2.5,2.1846,2.1808,0.4679,2.1809,8.0091,2.1808,5.226,9.9839,3.4808,2.0488,9.9457,8.009,9.1981,2.07,2.5,9.9839,4.2587,2.0727,5.725,9.9826,2.1807,7.0723,2.0001,2.0,2.0,23.8601,2.2592,2.3467,2.8239,9.984,7.9995,10.013,2.0,2.5,2.5,9.9806,2.0795,2.268,2.0001,2.2593,2.2593,2.2589,2.2712,2.5,2.5,2.0,2.0831,2.0804,2.5,2.0,2.2434,2.2591,9.9839,9.9839
25,4.9507,1.0812,2.1851,2.3152,1.0812,2.0,2.5001,2.3266,2.3152,2.3152,2.3153,2.33,2.5,2.3403,7.9353,19.72,2.3374,9.9856,2.093,7.1261,4.3735,2.0771,2.0,2.0639,2.0687,2.3152,2.0001,2.0648,2.3153,2.0767,9.9858,2.5,9.9864,2.3253,2.3253,2.0503,7.1301,9.9846,2.5001,3.0353,2.3256,2.3252,1.0102,2.3316,7.9337,2.5001,7.1301,2.0432,7.1301,2.0441,4.0743,4.0522,2.5,2.0423,7.1301,2.039,10.5363,8.7195,8.7241,9.9818,11.3848,9.9818,2.3018,2.3018,2.3018,2.4632,9.9818,2.0432,9.9813,15.747,2.0553,5.919,8.4188,2.0335,2.0382,2.0494,11.6848,2.0555,2.245,2.245,2.4265,11.2251,13.7975,11.4045,2.0,2.0001,10.5208,8.0123,2.645,8.0123,9.5821,2.2426,2.0525,2.0635,10.7277,9.9854,2.2426,2.0571,2.2426,3.1792,2.0506,8.0005,8.0122,2.2427,9.9854,8.0122,5.0,5.3033,2.5,2.0429,2.0001,9.9854,2.2426,2.2426,9.9854,7.9383,2.5,2.0362,2.2426,3.1641,2.3323,2.0526,2.3322,2.0533,3.769,4.3455,2.3381,2.0596,2.3322,2.0504,2.2239,2.0613,2.3322,2.0645,2.0601,2.0438,2.3322,2.3322,2.3381,3.2322,2.3322,2.3322,4.7394,2.0592,2.3322,2.2737,4.0814,2.0529,5.6897,2.3324,2.0426,2.047,2.3127,2.0468,2.0531,2.0575,2.0507,2.2756,2.2756,2.0508,2.0524,2.0582,2.2757,2.2756,2.2757,2.2757,2.5,8.1735,6.2534,2.0516,2.0516,2.2757,2.0585,3.153,2.2756,2.2756,2.2756,2.2757,2.0701,2.1035,2.2756,2.3169,2.0564,2.0508,2.311,2.0371,2.3111,2.0453,1.0775,2.0594,2.0681,2.311,2.3111,2.311,2.311,2.311,2.0618,2.0567,2.0572,2.0604,1.2212,0.8919,1.2214,2.0554,2.0674,2.311,2.311,2.311,2.311,2.311,2.3111,2.311,2.0546,2.0648,2.0643,2.2524,2.2524,2.0592,2.2524,2.2524,2.0551,2.0547,2.2524,2.2524,2.2525,2.0666,2.054,2.2524,2.2524,2.2524,2.2524,2.2524,2.5,2.2525,2.2525,2.2525,2.2524,2.0526,2.1245,2.2583,2.0555,1.2203,1.6884,2.2492,2.2492,2.2534,2.5,2.0557,2.2492,2.2492,7.0997,9.9838,9.9838,4.2978,6.2718,4.4901,2.2493,2.2493,2.2492,4.3004,2.5,2.5,2.5,2.2492,2.2492,2.0562,2.065,2.0788,2.2492,2.2492,2.2492,2.2492,2.2492,2.8613,8.0144,9.9851,2.5,8.0144,2.2891,3.5574,7.9998,7.9998,9.9801,4.8505,2.289,2.289,2.289,2.5,9.9851,9.9851,2.289,2.5,9.9851,2.289,2.0447,2.5,9.9851,2.289,2.289,10.0145,4.092,9.9851,2.2957,2.289,8.0183,8.5046,2.5,2.2757,2.2756,2.2757,2.3271,2.2757,2.2756,1.2639,2.039,8.0138,2.2786,8.5335,11.0574,7.1102,2.0503,9.9868,7.3488,9.9868,2.07,2.5001,13.1299,8.5335,2.0731,4.7672,9.5535,2.2756,7.1102,2.0001,2.0,2.3669,17.7245,2.367,2.5,2.9586,9.9863,6.4551,11.1835,5.0,4.4753,2.5,9.9837,2.0811,2.3794,2.0001,2.3671,2.5,4.479,2.4382,2.5,2.3673,1.1631,2.367,2.2608,2.5,2.367,2.367,2.3671,9.9877,9.9877
26,4.1854,1.0812,2.2332,2.2333,1.0812,2.0,2.5,2.5001,2.2332,2.2333,2.2332,3.0965,2.9619,2.2333,7.0933,12.5618,2.2336,10.5684,2.0783,7.0933,4.2764,2.0676,1.0792,1.8391,1.1884,2.2332,2.0001,2.2333,2.2392,1.0792,9.982,2.5,9.9852,2.2373,2.2373,2.0597,8.0119,9.9846,8.0119,2.5001,2.2373,2.2372,2.0476,2.2418,5.1718,2.8372,7.5416,2.0438,9.9845,2.0535,3.4864,6.9751,2.2373,2.0423,9.3765,2.0393,11.4081,11.3024,7.0949,9.9813,11.3124,10.1549,2.2458,2.245,2.245,2.2451,9.9803,2.0432,9.9883,9.9826,2.2694,10.4846,9.9826,2.0341,2.0393,2.0393,8.6003,5.3368,2.2695,3.4561,8.0135,11.3473,11.3435,12.8036,2.0402,2.0405,9.9886,9.9826,8.0006,9.9826,11.3195,2.2541,2.0526,2.5001,11.3195,9.9848,2.2506,2.2507,2.2506,3.2179,2.0524,9.985,9.9841,8.0125,9.9848,8.0125,9.9841,6.9014,6.9463,1.5566,2.2506,9.9848,2.2506,3.5732,9.9848,9.9848,9.1441,2.0375,2.2507,2.5,3.0492,2.0539,2.2921,2.0456,7.1168,8.0146,2.5,2.292,2.292,2.0419,2.292,2.0614,2.0616,2.2924,2.0601,2.0609,2.5,2.5001,2.5,8.0146,2.8959,2.292,8.9847,2.292,2.5001,2.0528,2.292,2.292,6.4422,2.2921,2.0441,2.3266,2.5002,2.5,2.0531,8.0132,2.0502,2.2643,2.2642,2.2642,2.2642,3.3642,3.9895,2.2643,2.5,2.5,4.3144,8.0133,7.8228,2.059,2.059,2.2691,2.0729,2.2642,2.5001,2.2642,2.2642,2.5,2.2642,2.2642,2.2643,2.5,2.0564,2.0508,2.368,2.0371,2.368,2.0467,1.0718,2.0558,2.368,2.3681,2.5001,2.3746,2.5,2.3681,2.0647,2.057,2.368,2.368,1.4456,1.0552,1.688,2.0557,2.368,2.5,2.5001,2.5,2.96,2.5,2.9598,2.368,2.0641,2.0676,2.2677,2.3623,2.5942,2.3562,2.3562,2.3562,2.0646,2.3562,2.3562,2.3562,6.2526,2.3562,2.0629,2.3562,2.5,2.3634,2.3563,2.3962,7.142,2.3563,2.5,2.3563,2.3612,2.202,2.3562,2.5,2.3562,2.0464,2.0469,2.288,2.288,7.1152,4.287,2.288,2.3154,8.0989,7.1152,9.9866,9.9866,9.9866,7.7565,8.0144,2.5,5.7871,7.0967,8.3848,5.491,2.288,3.4585,2.2881,2.2881,2.064,2.0653,2.5,2.5,2.288,2.2879,2.288,2.5,2.2854,7.1142,8.0143,5.8446,9.9882,4.3525,7.3136,8.0143,4.9633,9.9885,3.733,2.5,2.2855,2.5,2.5382,9.9885,9.9882,2.2855,6.1228,7.1142,2.2855,2.0515,3.3083,7.5098,2.2854,2.2854,10.0143,5.3048,9.9872,2.8568,2.5,8.5815,9.984,2.5,2.3663,2.3663,2.3662,2.5,2.5,2.3662,2.0001,2.039,8.0183,2.3662,8.0183,12.7123,7.1465,2.0582,8.9303,8.0183,9.9829,2.07,2.5,15.8599,9.9829,2.0731,5.1221,9.3908,2.3662,7.1465,2.0001,2.0,2.0,11.592,2.3184,2.3185,2.5001,9.9861,7.1274,9.9861,8.694,4.4123,3.5155,8.694,2.3183,2.0952,2.0,2.3185,4.4092,2.3322,2.3187,2.5,2.3184,1.0086,2.102,1.8113,2.3182,2.3184,2.3184,2.8982,9.9888,9.9888
27,7.1177,1.0812,2.2942,2.3019,2.0,2.2941,2.5,2.5001,2.2942,2.2942,2.5,4.3649,5.5252,2.3176,2.8676,11.3751,2.3146,8.9745,2.0868,7.1177,4.3486,2.0771,1.0792,1.0792,2.0,2.2942,2.0001,2.2943,2.2943,1.6952,8.6032,2.5,9.9816,2.2314,2.2314,2.2315,9.986,9.986,11.295,2.4499,2.2315,2.2314,2.0,2.5,7.6954,2.5001,8.1585,2.9288,9.9868,2.0537,3.014,5.2467,2.5,2.0417,9.986,2.2315,9.986,10.2818,12.3275,9.9826,11.3435,10.2445,2.5001,2.2694,2.2695,2.2695,9.9826,2.0428,11.2983,14.0154,2.234,11.2983,9.9878,2.0341,2.0394,2.2096,25.7824,4.9498,2.5,5.0728,8.103,17.2361,19.7091,17.1626,2.0402,2.0405,9.9878,11.8011,8.0117,9.9878,8.0127,2.2582,2.0527,5.2209,12.1766,9.9888,2.2547,2.2547,2.2546,9.4831,2.0557,10.0128,9.9888,9.9889,9.9897,8.0128,9.9888,8.0128,8.0127,2.0429,2.5,9.9888,2.2547,8.0128,9.9897,9.9869,9.313,2.0379,7.0653,3.2173,7.4459,2.3398,2.6729,2.0458,9.1509,10.3922,6.7965,2.3398,2.3398,2.0519,2.3455,2.0616,2.0617,2.5,2.1316,2.3398,8.0171,2.5001,3.115,8.0171,2.5,2.5,9.9826,2.3398,2.5001,2.915,2.3398,2.3398,8.017,2.3399,2.0441,2.3136,3.4539,3.4793,2.0534,11.2077,2.0568,2.2823,2.277,2.277,2.5,2.277,2.5,2.2779,2.5,5.5085,2.5,9.9831,2.9142,2.277,2.277,3.1071,2.277,2.2771,2.5001,2.277,2.277,2.5,2.2847,2.277,5.7681,2.5,2.0564,2.2322,2.2322,2.0371,2.2322,2.0467,1.0775,2.0558,2.2322,2.2323,2.5,2.2323,2.237,2.2323,2.1184,2.2322,2.2322,2.2322,1.4207,1.0525,1.4317,2.2322,2.2323,4.2384,3.5972,7.0929,4.2752,2.7901,3.1351,2.2323,2.2578,2.193,2.2578,2.5,6.0987,2.2578,2.2579,2.2579,2.0646,2.2578,2.2578,2.2578,7.3339,2.2578,2.0629,2.2578,2.2578,2.2579,2.2578,2.7916,7.5666,2.2579,3.7856,5.3223,2.2579,2.2578,2.2579,4.6334,2.2578,2.045,2.0469,2.5,2.2123,4.0473,3.6964,2.2085,2.2084,2.6182,9.9819,9.9813,9.9819,11.2657,9.9819,9.9813,2.5,8.7532,8.0104,9.9813,7.0834,2.2119,6.7511,2.2085,2.2084,2.0641,2.0746,2.5,2.5,2.2084,2.0573,2.2084,2.2084,2.2196,2.5,8.011,10.6306,9.981,2.2196,2.8628,8.3235,7.0878,9.9815,7.2834,2.2196,2.2197,3.3793,3.4133,9.9815,9.981,7.2461,8.3663,3.9091,4.2423,2.0515,7.0878,9.5048,2.2196,2.2197,9.9837,8.9981,9.981,2.7745,2.5,7.0904,9.9876,2.8474,2.2885,2.2884,2.2884,2.5,2.5,2.2884,2.0,2.2884,8.0145,2.2918,8.0144,13.7698,3.0218,2.2884,9.984,8.1041,9.445,2.0703,2.2886,17.1788,9.984,2.0731,6.487,9.984,2.2885,4.3845,2.0,2.0,2.0,10.0106,2.2102,2.2102,2.7626,9.9816,7.0841,11.1051,8.0105,6.4879,2.2102,8.1483,2.041,2.2103,2.0803,2.5001,4.2702,2.2102,2.5,2.5,2.2104,0.6661,2.0674,0.5996,2.0001,2.063,2.2191,2.5001,9.9876,9.9876
28,8.3999,1.9746,2.3136,2.3219,1.6159,2.3136,2.892,8.0157,2.3246,2.3136,8.0158,2.5522,2.5,2.3142,7.1254,11.3168,2.3137,8.2228,2.0792,7.1254,4.3716,1.6157,1.4903,1.0792,2.0,2.3136,2.0,2.3136,2.5,2.077,7.5793,2.5,9.9843,2.3038,2.3038,2.3093,9.9888,9.9888,10.9988,2.3039,2.3039,2.3038,2.0476,2.5001,9.2844,2.8798,8.0152,9.989,9.9888,2.3039,7.0885,4.8754,3.7628,2.0423,9.9846,2.5,9.9888,9.9888,11.3873,9.9826,9.9878,9.9878,2.5001,2.234,2.5,2.2341,9.9846,2.0432,9.9889,9.9889,2.5,19.7245,14.5836,2.0341,2.351,2.351,25.7824,4.0686,2.351,3.5106,8.0176,10.0177,10.0176,15.0589,2.0402,2.351,12.7662,9.9817,9.9817,9.9877,22.8268,2.326,2.3261,9.9131,18.1958,10.4021,6.4658,2.3308,2.326,9.9894,2.326,11.1272,9.9894,10.0164,9.9894,9.9846,10.0163,9.9846,8.0163,2.0492,8.6246,11.0633,2.3261,9.9873,11.9289,9.9894,10.0165,2.0422,9.9846,7.1304,9.9836,2.3896,7.1558,2.0549,9.9836,12.668,6.9735,2.3896,2.3896,2.0624,2.5,2.3896,2.1144,2.5,2.3896,2.3896,9.8114,7.1558,6.452,9.9836,2.5,7.4662,10.0562,2.3896,5.4871,3.3448,2.3896,2.3896,11.4967,2.3896,2.0441,2.5,3.9689,9.9843,2.0639,10.0141,2.0569,8.0141,2.2822,2.2822,6.6683,2.2822,5.7838,2.2876,5.2737,8.8381,8.0141,9.9893,6.277,2.2822,2.2822,3.3093,2.2822,2.5,5.4605,2.2822,2.2822,2.5,2.2822,2.2822,9.9978,3.9172,2.0567,2.3056,2.3056,2.0448,2.3056,2.0467,2.0453,2.057,2.3056,2.3116,2.3057,2.5,2.5,2.3057,2.3056,2.3056,2.3056,2.3056,2.0526,2.0529,2.5955,2.3056,2.3056,4.3637,2.5001,7.1222,3.5059,4.089,5.3821,2.3057,2.2993,2.2992,2.2993,2.5,3.1974,2.2992,2.2993,2.2993,2.2992,2.2992,2.2992,2.2992,7.1197,2.2992,2.063,2.2992,2.2993,2.2993,2.2992,7.1197,9.9835,2.2993,4.4919,7.1197,2.2993,2.2992,2.2992,5.4502,2.2992,2.0538,2.0469,2.5,2.5,3.7399,5.5773,2.2939,2.3044,6.9755,9.9838,9.9838,9.9838,10.0147,9.9838,9.9838,6.2827,9.9838,10.662,10.0147,9.9809,2.2938,3.209,2.2939,2.2939,2.0641,2.2938,2.383,2.2938,2.2938,2.2938,2.2938,2.5,2.5,9.9834,7.0854,9.9836,9.9868,2.3464,4.8717,9.9836,9.9834,9.9836,9.4248,2.5,2.5,5.8272,2.5,9.9852,9.9868,9.9852,9.9852,9.9834,3.9263,4.2508,2.5,4.6712,2.2134,2.5,9.9868,5.6959,9.9834,2.2135,4.358,4.5674,9.9849,3.1497,2.5001,2.226,2.226,2.5,2.5,2.226,2.0,2.5,9.9806,2.492,8.0002,16.3112,9.9806,2.2261,9.9899,9.9876,9.9858,2.0,2.226,16.7184,10.4442,2.0731,8.3475,9.9806,2.226,4.6532,2.0,2.249,2.0,11.13,2.5,2.5502,7.0996,9.9801,3.6886,11.1245,9.9831,4.3225,2.2491,8.3629,2.5,2.7236,2.0,4.6782,7.0996,2.2491,2.5,2.5,2.2491,0.7766,2.0797,1.4157,2.0001,2.0747,2.5001,5.3109,9.9853,9.9853
29,9.6215,1.0812,2.3162,2.3163,2.0,2.3162,7.8792,9.9845,2.5,2.5503,9.9845,2.5,5.5645,2.3163,7.1265,16.6257,2.5,8.4195,2.0933,5.9671,4.3747,2.0771,1.5031,1.822,2.0805,2.3243,2.0001,2.5,2.5,2.1397,9.9858,2.5021,11.8447,2.3192,2.3192,2.3193,13.6732,9.9849,17.3383,2.899,2.3192,2.3193,2.3192,4.34,9.9836,2.5001,8.8794,11.407,9.9836,2.5,8.697,9.9836,9.5443,2.0423,9.9829,5.9404,9.9836,9.9836,9.9836,9.9817,9.9877,11.755,2.5001,2.3511,2.5322,4.8284,9.9817,2.351,20.9994,9.9806,2.6762,18.8967,9.9888,2.0341,2.5,2.0387,15.3199,6.5547,2.847,2.3066,2.3066,9.9819,14.4546,10.3124,2.0402,2.3066,9.9888,10.0154,9.9806,11.3889,9.981,8.0153,2.0422,9.981,14.2196,10.4017,6.554,7.897,2.305,10.0153,2.305,10.0153,9.982,9.9879,12.3843,4.3359,9.9879,7.122,4.0288,2.0494,9.981,9.982,2.3051,10.4362,9.982,9.982,9.981,2.0383,9.981,7.1373,9.9861,2.3432,9.9828,2.055,9.9875,15.0445,18.565,5.3758,4.7419,2.0529,4.3672,2.3432,2.0616,5.1031,2.3432,2.3432,9.9875,9.9861,9.7997,9.9861,10.771,9.9861,11.1867,2.3432,9.9828,2.3491,2.3432,2.3432,12.8593,2.3432,2.0439,9.982,4.7342,12.1195,2.2408,17.8516,2.2409,7.4763,2.2409,2.0592,2.5,2.5,7.0963,2.2409,2.6476,9.9836,9.9836,9.9836,3.8579,2.3097,2.2408,7.0963,2.2408,10.3942,7.0963,2.2408,2.2408,9.9818,2.2408,2.2408,9.1692,2.6062,2.3218,2.3218,2.3218,2.045,2.3219,2.0462,1.2028,2.6801,2.3218,3.2328,2.5,2.887,5.5723,2.5,2.0646,2.3219,2.3218,2.3273,2.0513,1.9701,2.0524,2.3218,4.8779,7.5629,6.6268,3.5856,3.5863,2.5,2.5001,3.8665,2.0641,2.2094,2.2094,3.5793,2.5001,2.2094,2.5,2.2094,2.2094,2.2094,2.2094,2.2094,7.0838,2.2095,2.2094,2.2094,2.5,2.2097,2.9138,9.9829,9.9829,2.5001,9.9829,3.8143,2.2094,2.2094,2.2095,2.2142,2.2094,2.0462,2.0469,2.5,2.1795,9.9803,2.5,2.1794,2.1794,9.988,10.8473,9.988,9.988,9.988,9.988,9.9813,8.009,9.985,9.9803,9.988,9.9803,2.1794,8.009,2.1794,2.1794,2.1794,2.1794,2.5,2.5,2.1793,2.1794,5.1573,2.1461,2.5001,9.9826,9.9803,10.0073,9.9866,2.146,3.7131,9.9803,6.3328,9.9866,9.9803,2.5,2.1461,5.5549,9.5354,9.9826,9.9866,8.5038,11.6196,9.9866,9.5305,3.4255,2.146,9.9803,2.146,2.5,9.9866,9.9803,9.9803,2.146,9.9829,6.5042,9.9873,2.5,2.7738,2.2653,2.2652,2.5,3.9194,2.2653,1.9526,5.1318,9.9849,2.5808,8.0005,19.6755,9.9826,2.5,9.9849,14.2158,9.9849,2.0,2.2652,14.243,21.4648,2.0731,8.4945,9.9826,2.2652,2.2653,2.2652,2.3434,2.0,10.0172,7.1374,2.9291,2.9662,9.9812,6.6909,9.9812,9.983,7.1374,2.3435,9.9812,3.6571,2.5,2.0,8.7805,9.9812,2.5,2.5,2.7586,3.9229,2.0,2.1099,1.5489,2.3434,2.1031,2.3437,5.9168,10.4525,10.4525
30,2.3041,1.1046,2.304,2.5001,2.304,2.304,5.3238,9.982,2.5,2.3041,9.9863,5.3604,2.3286,2.3756,5.38,23.7516,4.4074,9.9863,2.0897,4.3602,4.532,0.919,1.4646,1.0882,0.9882,2.304,2.0,2.304,5.1444,2.304,9.9836,6.8518,12.0043,2.3312,2.0681,2.3312,9.9855,9.9855,9.9838,2.3313,2.3316,2.0483,2.3315,2.5,9.9838,2.3313,7.2755,8.0166,9.9853,2.3312,2.6329,9.9818,9.9818,2.0526,6.6713,9.9853,9.9918,9.9838,15.6969,9.9806,9.9824,10.6956,2.3067,2.3066,2.3117,5.3307,8.6498,2.3066,23.2527,9.9818,5.9275,12.5556,9.988,2.0337,2.5,2.0387,20.4867,2.9852,2.5,2.2836,2.331,9.988,9.988,10.7988,2.0402,2.9206,9.9894,18.2464,9.9818,11.4381,9.9818,9.9836,2.0422,11.4381,17.1697,11.1658,5.5313,7.2293,2.3436,10.0172,2.3436,10.0172,9.9849,10.3125,12.0128,6.1591,9.9855,7.9902,2.5,2.0494,9.9849,17.7434,2.3437,14.6267,9.9849,9.9849,9.9849,2.0385,9.9849,7.127,12.294,2.3175,8.53,2.0551,9.9838,13.2595,20.1883,2.5,8.016,2.0529,5.7772,2.3174,2.0618,7.5892,2.0606,2.3174,9.9838,9.9803,7.8607,9.9803,6.3768,9.9803,9.9803,3.7418,9.9803,2.081,2.3174,2.3174,9.988,2.0778,2.0439,9.985,8.0177,14.6068,2.5,9.9876,2.3088,6.7321,2.3086,2.0756,3.6515,3.4045,9.9873,2.3086,3.7802,9.9893,9.9876,11.3935,3.9739,2.2487,2.3086,5.7943,2.3086,13.1854,8.8442,2.3086,2.3086,9.9876,2.3087,2.3086,11.358,8.3458,2.3422,2.3422,2.3422,2.0462,2.3422,2.0464,1.0528,2.2006,2.3422,2.5,6.6052,2.3423,11.3671,2.3422,2.0646,2.0642,2.3423,2.3422,2.0513,1.3443,2.0508,2.3422,4.0186,7.1369,2.5001,5.0569,2.9403,2.3479,2.5001,2.8328,2.0798,2.2662,2.2662,9.5281,2.2663,2.2662,2.5,2.2662,2.2662,2.2662,2.2662,2.2662,7.9278,2.2663,2.2662,2.2662,2.2663,2.2662,2.5,9.9834,9.8978,3.2759,11.2612,6.3823,2.2662,2.2662,2.2662,2.5,2.2662,2.0462,2.046,2.5,3.2837,8.3977,2.1973,2.1972,2.1972,9.9872,9.9898,9.9872,9.9872,9.9898,9.9898,9.9827,7.1466,9.9872,9.9802,9.9898,9.9827,2.1972,8.9061,2.1972,2.1972,2.0565,2.1972,2.5,2.1972,2.1971,2.0542,7.8307,2.2074,4.7066,9.9859,9.9832,11.4776,9.9859,2.2074,4.2853,9.9859,7.738,9.9859,9.9859,2.6349,2.2074,6.8259,4.857,11.5826,9.9859,8.3638,12.1927,9.9859,9.4741,2.2075,2.2074,9.9859,2.2074,2.5,9.9859,9.9832,7.083,4.7387,9.9815,5.4319,9.6315,2.8498,7.3693,2.0404,2.3068,7.121,9.9829,2.3025,1.428,9.9829,9.9873,2.3097,8.0151,19.3808,14.11,2.6676,9.9829,17.9623,9.9829,2.0,8.0008,12.8673,20.8896,2.0731,2.878,2.6887,2.0001,7.121,2.0,2.5,2.0,26.8401,2.5001,7.1262,9.9839,9.9838,2.3815,9.9832,9.987,7.1262,2.3156,10.1071,2.5,2.5,2.0,9.9832,11.1578,3.053,2.3162,2.5001,2.316,0.9918,1.3684,0.8626,1.0784,0.6925,2.3286,8.0158,16.3335,16.3335
31,2.3552,1.0812,2.3645,2.3553,2.3552,2.3552,2.5,9.9814,2.5,2.3553,4.92,4.8809,2.3553,2.5708,3.1926,5.7665,2.6808,9.9814,2.098,2.372,2.5,1.0734,1.1043,2.0,1.0191,2.5,2.0,2.0923,2.3553,2.077,9.98,3.7003,31.3068,2.3198,2.3198,2.3198,9.9887,9.9887,9.9845,2.3199,2.3199,2.3203,2.5001,2.3199,9.9845,2.3199,2.5,4.42,9.9847,2.3199,4.5405,9.9847,9.7179,2.0526,4.7059,9.9887,9.9847,9.9847,16.3569,9.9815,9.988,9.988,2.331,2.331,2.331,2.5001,9.9818,2.3026,9.9828,9.9866,3.2353,15.2718,9.9866,2.0337,2.6819,2.0385,15.7546,2.3026,2.3026,2.0542,2.3026,9.9871,9.9866,6.1924,2.0402,2.3026,9.9871,15.7899,9.8232,11.3593,24.6007,9.9819,2.0422,10.6667,15.268,11.4,2.2819,8.0142,2.5,9.9883,2.2818,9.9885,9.9865,9.9885,11.0586,10.3729,9.9883,5.577,2.5,2.0495,9.9865,9.9883,2.2819,16.3076,9.9819,9.9885,9.9819,2.0373,9.9819,5.4303,16.9325,2.3217,8.9482,2.0461,9.988,15.2355,9.6443,2.5,9.988,2.0514,4.3441,2.3216,2.0618,2.5001,2.0608,2.3216,22.7365,9.9823,8.431,9.988,9.7441,9.988,9.988,6.954,18.9132,2.0821,2.3216,2.3216,9.9894,2.0788,2.0439,10.0164,8.0165,12.8399,3.1052,16.4256,2.2926,9.9818,2.2872,2.0704,2.5,5.1667,9.9818,2.2873,3.9182,9.9892,9.9831,10.1403,4.2251,2.0775,2.2873,9.9818,2.2872,19.7714,14.7232,2.2872,2.2872,11.4493,2.5,2.2872,10.0167,7.133,2.3326,2.3326,2.3326,2.0464,2.9197,2.0464,0.9543,2.3326,2.3326,2.5504,6.1351,3.6941,9.9404,2.3326,2.0564,2.0643,2.3326,2.3326,1.3064,1.0525,2.0508,2.3326,4.1114,7.1331,3.4603,7.7417,4.3637,8.6192,5.4159,2.8508,2.2231,2.2806,2.2806,9.5458,2.2807,2.2806,2.5,2.2806,2.2806,2.2806,2.2806,2.2806,7.1122,2.2807,2.2806,2.2806,2.2806,2.5,2.2808,9.9896,9.1396,2.5001,10.5095,6.6576,2.2806,2.2806,2.2806,2.5,2.2806,2.0538,2.0462,3.8321,2.5,9.544,2.1892,2.1892,2.1892,9.9848,9.9893,9.9893,9.9893,9.9893,9.9893,9.9833,7.9514,9.9893,9.9833,9.9893,9.9833,2.1892,10.0096,2.1892,2.1892,2.0565,2.0663,2.5,2.1892,2.1892,2.052,9.9283,6.9763,6.0021,9.9878,8.0107,13.8215,9.9805,2.2136,4.7607,9.9805,6.8278,9.989,9.9805,7.3349,2.8327,6.0082,2.767,11.0887,11.4039,7.8962,17.0499,9.9874,8.5766,2.2136,2.2137,9.9805,2.2136,2.2139,9.9878,9.9805,2.3683,7.4483,9.9864,2.5001,9.9815,4.5531,6.3162,2.035,2.2835,2.5,9.9815,2.2835,0.8059,9.9815,9.9825,2.5,8.0002,17.9168,14.3459,7.4909,9.9815,17.9622,9.9815,2.0,4.751,13.0264,15.2856,2.0731,7.826,8.0002,2.0001,8.0002,1.0773,2.2578,2.0,13.9256,2.2578,6.6027,9.0095,9.9844,2.0786,9.9836,9.9844,2.2582,2.5,9.9844,3.7628,9.9836,1.2572,9.9836,9.988,2.7577,5.2393,2.7852,2.2578,1.3636,1.4392,1.315,0.97,0.5399,2.2581,9.9844,16.2282,16.2282
32,2.5,0.9898,2.2727,2.2729,2.2728,2.2728,2.5,8.912,2.5,2.5,4.3368,4.6765,2.2729,2.5,5.6448,4.3658,2.3051,10.4641,2.0805,2.5,2.2728,0.7874,1.0792,1.4894,0.7874,2.5,2.0527,2.2097,2.9829,2.0,9.9822,2.5,11.435,2.2852,2.2852,2.2852,9.9848,9.9848,9.9818,2.4826,2.5001,2.5,2.2904,2.2905,9.9818,2.5,2.8046,5.546,9.9818,2.2852,3.0972,9.9848,9.4111,2.0527,2.5,9.9848,9.9848,9.9818,11.1412,9.9866,9.9866,9.9866,2.3026,2.0544,2.3026,7.6451,9.9866,2.3914,9.9814,9.9872,3.941,11.9023,9.9889,2.0337,5.8827,2.0387,17.2739,2.3915,2.3914,2.0438,2.3914,9.9889,15.0025,3.264,2.0402,2.3915,9.9889,9.9814,8.0197,11.4139,28.5988,9.9835,2.0424,12.2145,9.9884,11.8091,2.3246,9.604,2.33,9.9884,2.3246,9.9884,9.9835,12.269,9.9884,8.668,9.9875,3.2852,2.5,2.0494,9.9859,9.9884,2.5,14.9895,9.9835,9.9884,6.5628,2.0375,9.9859,3.0888,14.8682,2.3559,6.3811,2.0461,9.9817,13.2133,8.8369,2.3559,9.9806,2.0516,2.5,2.3558,2.0619,2.5,2.0609,2.3558,9.9853,9.9805,5.4449,9.9805,9.4608,9.9805,9.9805,4.6249,24.6317,2.0793,2.3558,2.0908,9.9817,2.0872,2.0426,9.9807,2.3267,8.0144,2.5,9.9855,2.069,9.9829,2.2874,2.0594,2.469,5.1429,9.9855,2.2874,3.6861,12.6201,9.9855,13.4909,2.8684,2.0776,2.2874,9.9829,2.2874,9.9821,22.3297,2.2874,2.2874,24.6406,6.6333,2.2874,11.073,7.2404,3.0752,2.2264,2.2264,2.0464,2.6905,2.0467,0.9117,2.1147,2.2264,2.5,8.2588,4.687,9.9825,3.6723,2.0567,2.0643,2.2264,2.2264,2.0513,0.8892,1.5346,2.2264,3.4275,7.7461,5.2568,7.0906,3.6149,9.1992,5.4608,2.5,2.0641,2.283,2.283,9.5816,2.283,2.283,2.5,2.283,2.056,2.283,2.283,2.2831,7.2815,2.283,2.283,2.283,2.283,2.5,2.2831,9.9706,9.0752,4.4729,10.0143,3.2464,2.283,2.0489,2.283,2.5,2.0557,2.0464,2.0462,3.9017,2.5,9.0963,2.184,2.184,2.184,9.9832,9.9844,9.9841,9.9841,9.9844,9.9841,9.9831,2.5059,9.9831,8.978,9.9831,9.9831,2.184,10.0093,4.2199,2.184,2.149,2.0663,2.5,2.184,2.184,2.0506,6.6706,7.0798,8.7912,9.9879,8.0101,10.5737,9.9824,2.1994,2.5,9.9824,4.9528,9.9838,7.0799,9.1874,3.0651,5.5915,1.5969,9.9879,9.9879,7.3184,14.5317,9.9879,9.9014,2.1994,2.1994,4.0575,2.1994,2.1995,9.9879,9.9838,2.1995,5.3439,9.981,2.2269,9.9864,6.6731,6.1684,2.035,2.1858,2.5,9.9864,2.1859,0.4806,9.9864,9.9864,2.1858,2.5001,21.6206,9.9054,9.9864,9.9864,12.2129,7.1557,2.0,4.1432,9.9864,19.1502,2.0731,7.0743,8.0003,1.0773,6.6416,0.9634,2.2354,2.0,11.7385,2.2356,6.275,8.3828,9.9837,2.0718,9.9837,9.9837,2.2354,2.7941,9.7136,2.5,9.9837,1.4224,10.0118,9.9861,2.2457,2.2355,3.2781,2.2354,1.7755,1.3453,1.0784,0.6721,0.4696,2.2357,9.9993,20.5096,20.5096
33,2.3458,1.4353,2.0898,2.3459,2.3459,2.3458,2.5,9.6064,3.8309,2.5,4.8043,4.8576,2.3459,2.4278,3.1081,23.3441,2.3459,10.1728,2.0792,2.5,2.3458,0.9175,1.0792,1.0792,0.9303,2.5,2.3458,2.3458,3.556,2.0,8.2928,2.5,14.1301,2.0596,2.0596,2.3536,9.9898,9.9898,9.9806,2.5,2.5001,2.3537,2.3537,2.5,7.4999,2.5702,4.2504,3.9239,9.9806,2.3536,2.3537,9.9898,9.1423,2.0423,2.3537,9.9898,9.9898,9.9806,14.4471,9.9872,9.9889,9.9872,2.3914,2.0543,2.3915,9.9814,9.9872,2.3534,9.9815,9.9861,2.6738,10.0177,9.9861,2.0337,3.5277,2.0,18.295,2.3534,2.3534,2.0432,2.3534,9.9861,15.3171,3.5993,2.0,2.3534,9.9861,8.0177,5.7327,10.0214,19.4667,9.0606,2.0424,11.5398,9.9855,11.2625,2.4234,8.1554,2.4234,10.0212,2.4234,9.9808,9.9808,11.3154,9.9855,13.6322,10.0213,2.4235,2.5,2.0494,9.9808,12.6414,2.4235,13.9747,9.9808,9.9855,7.1694,2.0375,9.9808,2.9476,6.6195,2.3582,4.4926,2.0447,9.9865,13.233,2.5,2.3583,8.0179,2.0516,2.5,2.3583,2.0619,2.5,2.0607,2.3582,9.9891,9.9849,2.5,9.9849,5.3037,9.9849,9.9849,2.3582,16.5019,2.0531,2.0914,2.0914,9.9849,2.0546,2.0426,9.9841,2.3126,5.3578,2.5,12.0743,2.0677,9.9819,2.2818,2.0593,2.5,2.5341,9.9865,2.2818,2.5,11.7062,9.9819,12.9316,2.2879,2.0526,2.2818,9.9819,2.2819,9.9819,20.033,2.2818,2.2818,11.1761,5.6384,2.2818,11.1612,7.1161,2.357,2.2902,2.2902,2.0464,3.5401,2.046,1.0528,2.0573,2.2902,2.5,10.2978,2.2902,7.9961,2.0654,2.057,2.0643,2.2902,2.0639,1.1148,0.8179,1.0904,2.2902,2.2903,2.416,2.5686,7.1161,2.2903,5.3628,5.6059,2.273,2.0554,2.2678,2.2678,7.8616,2.2678,2.2678,2.2679,2.2678,2.0557,2.2678,2.2678,2.2678,6.6883,2.2678,2.2678,2.2678,2.2679,2.2679,2.2678,8.1039,7.8014,2.5,9.983,2.5,2.2678,2.0489,2.2678,2.5,2.0487,2.0464,2.0462,5.1598,2.2171,6.9691,2.05,2.217,2.217,9.9825,9.9834,9.9833,10.0109,9.9834,9.9825,8.2759,2.5,7.7991,8.0109,9.9825,8.9779,2.217,10.0059,2.217,2.217,2.0565,2.217,2.2625,2.0629,2.217,2.0597,6.1425,8.0126,8.4158,9.9838,2.5354,10.3595,6.9444,2.25,2.25,8.4375,5.1893,9.9838,2.8122,9.9825,2.25,2.294,2.064,9.9838,10.3808,7.2368,10.2664,9.9838,8.1202,2.2501,2.25,2.5,2.25,2.25,9.9838,9.9825,2.2501,2.2501,9.9801,2.2791,9.981,2.5,2.5001,2.0404,2.2266,2.8681,9.981,2.2266,0.6452,9.981,9.981,2.0545,2.7831,20.9579,4.6803,9.981,9.9818,12.7447,7.0906,2.0,2.5475,11.133,16.3515,2.0731,2.2267,4.7097,2.0001,4.4897,1.0297,2.6726,2.0,19.8388,2.5001,5.7833,8.0126,7.2738,2.4791,9.9844,9.9844,2.2522,4.6253,6.5846,3.0908,10.1664,2.0,12.1827,9.9844,2.2523,2.2522,2.5001,2.0797,2.0795,1.4918,0.7193,0.7201,0.5029,6.0812,9.9898,20.2173,20.2173
34,2.0005,2.0,2.0,2.3589,2.3588,2.3588,2.5,8.0179,3.9267,2.5,9.9814,7.1435,2.3589,2.3589,3.1837,8.0179,2.3589,4.4216,2.0792,2.5,8.2067,1.0792,1.0734,1.0792,0.9664,2.3674,2.3588,2.3588,2.5,2.6954,2.827,2.5,11.6363,2.4034,2.2307,2.4034,11.796,10.4054,9.9809,2.5,4.4297,2.4034,2.4035,2.4035,2.5001,4.52,2.4214,2.5,6.8538,2.4034,2.3989,9.9839,2.5,2.0528,2.5,9.9816,9.9816,8.2319,11.4506,9.9815,9.9861,9.9861,2.3534,2.0441,2.3536,9.9815,9.9854,2.3814,19.6392,9.9803,2.5,6.3392,9.984,2.0337,2.5,2.0387,11.4863,2.0559,2.3814,2.0438,2.3814,9.984,11.4863,4.4407,2.0001,2.3814,9.984,5.8621,4.2406,2.5001,18.2829,8.0205,2.0424,9.192,9.99,10.6708,2.0492,7.1637,2.4092,9.9882,2.4092,9.9882,9.8826,9.9882,9.99,2.5,9.9882,2.0715,2.4093,2.0429,9.9862,9.9882,2.4092,13.3385,8.0205,15.4076,6.4789,2.0377,9.9862,2.4788,2.4787,2.0454,2.4788,2.0461,9.9817,8.024,2.4786,2.4786,2.5,2.0532,2.4883,2.4786,2.0617,2.4871,2.0607,2.0613,9.9817,6.5971,2.5,9.9817,2.5,7.1915,11.4012,2.4786,5.5983,2.0531,2.0531,2.0531,7.8519,2.0455,2.0355,9.9801,2.3282,2.2967,2.2966,9.9849,2.0712,9.9849,2.2966,2.0593,2.2967,2.2967,9.9849,2.2966,2.2967,9.9883,9.9851,11.3782,2.2966,2.051,2.0803,7.8531,2.2966,5.3469,16.8367,2.0802,2.2966,12.1836,4.5742,2.2966,10.018,2.5,2.0656,2.3582,2.3582,2.0464,3.9654,2.0448,1.0349,2.0575,2.3582,2.3583,5.6771,2.5,5.9491,2.3582,1.4504,2.0567,2.0825,1.2924,0.9887,0.9884,1.0396,2.0554,2.3582,2.3582,2.3582,7.1433,2.3583,2.5,2.3653,2.292,2.0554,2.0588,2.292,3.0824,2.292,2.292,2.292,2.292,2.0557,2.292,2.292,2.292,2.7028,2.292,2.0554,2.292,2.292,2.292,2.292,6.8733,2.7717,2.292,9.8574,2.2921,2.0633,2.0447,2.292,2.292,2.0472,2.0464,2.0462,2.8435,2.2682,2.2683,2.0617,2.2682,2.2682,7.8971,9.9804,9.9804,10.0134,9.9804,8.3278,3.4594,2.2683,2.5,2.5,7.9203,3.3781,2.2682,5.584,2.2682,2.2682,2.0562,2.2682,2.2682,2.0778,2.8649,2.0738,2.9155,9.1984,7.0034,9.9821,2.2716,10.0136,6.0007,2.2716,2.2716,2.2716,2.2717,7.2899,2.2716,9.8633,2.0696,2.0696,1.0776,8.8023,9.9832,6.2697,6.0277,9.9821,2.2717,2.2716,2.2717,2.2717,2.2716,2.2716,9.9832,9.9821,2.2717,2.0651,8.0162,2.3248,9.9801,2.5,2.2791,2.0404,2.279,2.5,9.5857,2.279,0.7946,9.9801,9.9801,2.0002,2.8488,20.406,5.0216,9.9801,9.9803,14.1872,8.8779,2.0,2.8488,9.9801,10.3313,2.0731,2.279,2.5,2.0,2.8488,1.0773,2.2917,2.2914,11.7535,2.2916,8.2807,7.1166,9.9817,2.9186,7.4705,8.0149,2.2914,2.5,3.0633,3.5425,9.9894,2.2914,9.3544,9.9844,2.0948,2.4585,7.1166,2.0921,1.2839,1.6572,0.82,0.7225,0.6396,6.5485,10.1452,14.0536,14.0536
35,2.0007,2.0661,2.0,2.3344,2.3345,2.3344,2.5001,7.1338,2.8088,2.5,2.9178,11.4264,2.3345,2.3345,2.967,2.0001,2.3345,2.5,2.0792,2.5,2.3343,1.0111,1.0388,1.0792,0.9594,2.5,2.0,1.927,2.3345,2.0,2.402,2.402,10.5707,2.402,2.0503,2.402,9.985,9.0075,4.2607,2.402,2.5,2.402,2.4021,2.5,2.402,7.1711,2.402,2.4091,2.5,2.0438,2.402,9.985,2.402,2.0423,2.4021,9.985,9.985,2.4074,3.8147,8.0191,9.984,11.7056,2.3816,2.0441,2.3814,9.9803,4.4496,2.4428,14.7715,2.7432,2.4428,2.042,9.7213,9.1695,2.5,2.0387,9.987,2.0447,2.4428,2.0432,2.0426,10.0224,12.6513,2.5,2.0001,2.4429,9.6559,2.4428,8.0222,2.4486,10.0222,8.0222,2.0426,10.9861,9.9833,9.9833,2.4431,7.1772,2.443,9.9819,2.443,9.9833,7.0264,9.9833,9.9833,2.0407,9.9819,2.0494,2.443,2.0429,9.9819,9.4464,2.443,13.8273,7.1772,10.0222,8.0222,2.0377,9.9809,2.4728,2.4728,2.0542,2.4728,2.0461,9.9844,7.9998,2.4728,2.4728,2.5,2.0519,2.4728,2.4728,2.0619,2.4728,2.0608,2.0612,9.9844,9.9844,2.5,9.9844,2.4811,2.8649,8.5277,2.4728,9.969,2.1206,2.0532,2.0531,2.5,2.0469,2.0355,9.9806,2.3704,2.3206,2.3206,2.5806,2.3206,9.98,2.3206,2.0593,2.3206,2.3206,8.4096,2.3206,2.5,9.9895,9.9836,9.9895,2.3206,2.0526,2.0868,8.0161,2.085,2.5,10.88,2.085,2.0902,11.5403,4.8362,2.3206,7.1693,2.4233,2.0656,2.4232,2.3695,2.0467,6.4407,2.0462,1.0064,2.0575,2.4232,2.4232,2.5,3.0721,5.1675,2.0634,1.2799,1.2354,2.0974,2.3242,1.1679,1.1194,1.1593,2.0557,2.1018,2.4232,2.4232,5.1489,2.625,2.4232,2.4232,2.4536,2.0641,2.4536,2.4536,2.4536,2.4536,2.4536,2.4536,2.4536,2.4536,2.4536,2.4536,2.4536,2.4537,2.4536,2.0554,2.4536,2.4536,2.4536,2.4536,3.462,2.7325,2.4536,7.5083,2.4538,2.0978,2.0447,2.4536,2.4536,2.0487,2.0539,2.0464,5.9166,2.0857,2.0516,2.0514,2.3792,2.3792,4.1397,9.9833,9.0127,7.9284,9.8577,7.1517,2.5,2.3793,2.3792,2.3793,6.6478,2.5,2.0987,3.7925,2.3791,2.0929,2.0929,2.3792,2.1103,1.7,5.1526,2.3792,2.3792,7.647,7.6349,9.983,2.3698,9.9895,3.6454,2.1017,2.1017,2.3698,2.3698,2.3698,2.0946,5.1389,1.9147,2.0946,2.0683,9.986,5.7847,2.3699,5.6761,4.694,2.3698,2.3698,7.1479,2.3699,2.3698,2.3698,9.983,9.986,2.3699,2.0593,4.9361,2.3556,3.8028,2.0391,2.3249,2.0404,2.3248,2.325,8.0162,2.0318,0.8784,9.9804,5.909,2.0,2.906,10.7443,2.0515,9.9856,9.9856,15.0234,2.5,2.0,2.3248,8.726,11.8633,2.0731,2.3349,2.5,1.3214,2.3249,1.0228,2.2514,2.2514,7.1006,2.2514,5.4598,7.9998,8.0126,4.488,2.0767,2.5,2.2046,2.5,5.2597,7.2193,9.9896,2.2514,3.4982,9.9849,2.2514,2.2633,2.8787,2.0001,0.7899,1.4296,0.7174,0.6233,0.6196,4.2168,6.7181,9.9896,9.9896
36,2.0001,1.9852,2.0,2.0001,2.3625,2.3624,2.5,5.4532,2.5,3.2575,2.5,9.7679,2.3626,2.3625,2.3624,2.0002,2.3623,2.5,2.0792,2.3624,2.1052,1.0958,1.7153,1.0734,1.0792,2.3624,1.1262,2.0,2.0884,2.0,2.4016,2.0639,9.2323,2.4016,2.0503,2.4016,7.1606,7.1606,2.5001,2.4017,2.5577,2.0476,2.4017,2.5,2.4016,3.6155,2.0435,2.4017,2.4016,2.3345,2.2397,9.9876,2.4016,2.0423,2.0494,11.2569,9.9876,2.4016,2.4428,2.5001,9.987,2.881,2.4428,2.0441,2.4429,7.1771,2.4429,2.261,11.3328,2.261,2.261,2.0413,4.153,3.4427,2.2651,2.0387,8.1541,2.0,2.0447,2.0542,2.0,10.0133,11.3051,2.5,2.0001,2.2611,8.0132,2.2611,7.1044,2.3146,9.9814,8.0157,2.0001,8.3595,9.9885,11.4011,2.0492,4.2889,2.054,9.9814,2.3146,9.9818,2.3155,9.9818,9.9838,2.0324,9.9814,2.0429,2.3146,2.0001,9.9818,6.9582,2.3146,9.9885,7.3145,10.1431,3.7405,2.0377,6.6853,2.2796,2.2796,2.0542,2.2796,2.0447,9.9812,4.2615,2.2796,2.2796,2.0615,1.0579,2.0618,2.2796,2.0525,2.2796,2.0606,2.0611,5.6895,2.5001,2.2796,8.5485,2.2796,2.5,4.105,2.2796,3.1972,2.053,2.0491,2.0529,2.2797,2.0455,1.0528,9.9832,2.0472,2.0472,2.064,2.2608,2.0627,2.3058,2.2608,2.0526,2.0518,2.2608,2.2609,1.0779,2.2609,9.9817,8.0131,9.9835,2.2608,1.4559,2.0708,2.2609,1.0531,2.2678,2.2609,1.5322,2.0734,7.1043,2.2609,2.2608,2.5,2.2514,1.5385,2.2514,2.2514,2.045,2.2515,2.045,0.5977,1.0432,2.0629,2.9179,2.2516,2.2515,2.257,2.0634,1.0432,1.0525,1.0525,0.75,0.7216,0.7215,0.7219,2.0554,2.0606,2.2514,2.2514,2.2545,2.2514,2.2515,2.2514,2.2158,2.0554,2.0588,2.2158,2.2158,2.2158,2.2158,2.2158,2.2158,2.2158,2.2158,2.0539,2.2158,2.2158,2.2158,2.0554,2.0732,2.2158,2.0627,2.2158,2.2159,2.2159,2.2158,3.492,2.2158,2.0449,2.0433,2.2158,2.2158,2.0472,2.0539,2.0464,2.5,2.0461,2.05,2.0514,2.2032,2.048,2.5,2.5,4.6106,2.5,7.0813,5.2397,2.2075,2.2032,2.2032,2.2032,4.9439,2.5,2.0529,2.446,2.2032,2.0565,2.2031,2.2032,2.0592,2.0589,4.5039,2.0559,2.2032,2.5,7.1081,2.5,2.2702,9.9873,2.2702,2.0743,2.0743,2.2702,2.2702,2.2702,1.8423,2.2703,0.7721,2.2702,2.0683,9.9865,2.5,2.2702,2.5,2.2703,2.2702,2.2702,2.2703,2.2702,2.2702,2.2702,8.1979,9.9838,2.2703,2.0593,3.335,2.4034,2.36,2.0391,2.0,2.0404,2.3556,2.3557,8.0178,2.0,0.9323,8.0005,3.3808,2.054,2.5001,11.1778,2.0515,9.9808,6.6233,7.1422,2.3556,2.0,2.3556,8.8335,9.9808,2.3556,2.0837,2.1122,2.0001,2.3556,0.8587,2.2518,1.0515,9.1523,2.078,2.5,4.9704,6.0874,2.5,2.0768,2.2518,2.078,2.2518,2.7635,8.0126,9.9824,2.2518,2.2595,10.0126,2.2518,1.0674,2.5001,2.0001,0.8264,1.4319,0.7507,0.6244,0.9167,2.5,3.1518,9.1963,9.1963
37,2.0001,1.0259,2.1587,2.0,2.3567,2.3566,2.5001,5.4459,2.8792,3.432,2.5,8.0181,2.3567,2.9459,2.3568,2.0001,2.1462,2.5,2.0792,4.4226,2.1035,1.0792,1.6879,1.0792,2.0,2.3566,1.0792,2.0,2.0754,2.0552,2.272,2.0535,7.1333,2.272,2.0503,2.272,7.1088,7.1088,2.7953,2.6296,2.5,2.272,2.272,2.8398,2.272,3.533,2.0432,2.272,2.272,2.2719,2.1384,9.9806,2.272,2.0423,2.0493,8.0136,9.9806,2.0393,2.261,2.3094,9.9856,2.5001,2.2611,2.0441,2.261,7.1044,2.0456,2.0539,22.4845,2.2263,2.2262,2.0521,2.2264,4.3236,2.0494,2.0387,7.3846,2.0,2.0445,2.0541,2.0,10.0114,22.5023,2.5,1.051,3.87,5.6138,1.258,3.4674,2.1814,8.1803,2.1815,0.8658,2.1816,9.985,9.9813,2.0492,2.1814,2.0476,3.5236,2.1814,8.1803,2.1814,5.2265,8.0091,2.0324,8.0092,2.0429,2.1814,2.0002,9.9813,2.5,2.1814,9.9813,2.1815,5.9007,2.0424,2.0,5.0,2.1916,2.1916,2.0452,2.0533,2.0447,8.0097,2.055,2.0571,2.06,2.0613,2.0419,0.5502,2.0617,2.0428,2.0529,2.0605,2.061,2.0698,2.1916,2.1916,2.1916,2.1952,2.0623,2.1916,2.1916,2.1915,2.0393,2.0486,2.0489,2.0593,2.0381,0.3921,2.5,2.033,1.8252,1.042,1.0779,2.0571,2.1476,1.3252,1.0531,2.0498,1.0779,2.0621,0.5683,2.068,2.5,3.5044,9.9885,2.0554,1.0531,2.0399,2.1476,0.3988,2.0399,2.0728,1.0531,1.0531,2.1479,0.722,0.9312,2.1942,2.1938,1.0775,2.059,1.1864,0.4616,2.0401,0.6417,0.4383,0.4526,0.8068,1.0775,2.0666,2.0633,2.0634,1.1945,0.5859,0.5561,0.5454,0.5502,0.4731,0.5123,0.4768,0.5838,0.9208,2.0555,2.0649,2.1938,3.8391,2.1938,2.1974,2.0521,1.4622,1.0756,1.0799,2.054,1.3434,1.7706,2.0642,2.0669,2.0646,2.0629,1.4325,2.0625,2.2952,1.9348,1.2316,1.0799,2.0624,1.9352,2.0627,2.0688,2.2892,2.2893,2.2893,2.0489,2.0447,1.1035,1.8323,2.0585,1.1367,2.0462,2.045,2.0518,2.0351,2.0513,1.0287,2.0383,2.037,2.156,2.156,2.156,2.0658,2.1596,2.1561,2.0625,2.156,2.056,2.0664,2.156,2.156,2.061,2.0642,2.156,2.0548,2.0382,2.0594,0.9553,0.9498,2.156,0.5221,2.077,2.124,2.1241,2.124,2.124,9.9819,2.124,2.0798,2.0,1.5257,2.0339,2.0335,0.7253,2.1241,0.2939,2.124,2.001,9.9834,2.124,2.124,2.0263,2.1241,2.1241,2.0458,2.1241,2.1241,1.4684,2.124,7.0496,2.1241,2.1272,2.0,2.169,2.169,2.4036,2.0391,2.0,2.035,2.4034,2.4035,7.1614,2.0,1.0159,7.9997,8.0202,2.0,3.0041,9.9809,2.0515,9.0128,2.5,8.0204,2.4034,2.0,2.4162,6.226,8.0203,2.4034,2.4034,2.4035,2.0001,2.4034,1.0155,2.0761,4.8296,8.6343,2.0773,2.5,5.0722,9.4479,2.5,2.5,2.2496,2.0773,2.5,2.2583,8.0125,9.9813,2.2496,2.0,5.0001,2.0857,0.7468,3.0982,1.0784,0.8196,1.8739,1.0784,0.6857,0.6147,2.0712,2.5001,5.6361,5.6361
38,2.0001,0.5337,2.2019,1.039,2.2018,2.2018,2.202,2.5,2.2095,2.5,2.5001,4.4995,2.5641,2.2019,2.2166,2.224,2.0001,2.0912,2.098,2.5001,2.0586,1.0792,2.0,2.0625,1.0792,2.0,1.0734,2.0643,2.0752,2.2017,2.2342,2.0638,3.9904,2.2342,2.0418,2.2342,9.9815,7.0937,2.2343,2.0477,2.2343,2.0,2.2341,2.5,2.0591,4.5581,2.0435,2.0,2.0538,2.2342,2.0534,9.9815,2.2342,2.0423,2.0393,5.0606,7.2875,2.0387,2.2132,2.0555,2.2263,2.2263,2.0529,2.0435,2.2262,9.9803,2.0456,2.0536,8.2802,2.1946,2.0523,2.0315,2.1946,8.0,2.0492,2.0387,4.1029,2.0,2.0428,2.0524,2.0001,11.244,11.2481,4.0376,2.0,2.0528,3.7388,0.872,2.1946,2.0443,2.5,2.1802,0.3352,2.1802,8.009,8.009,0.4291,2.1802,2.0537,2.9219,2.0491,2.1803,0.4305,5.2253,5.0929,2.0298,8.2561,2.0007,2.1802,2.0002,9.9828,2.1802,2.054,10.0091,2.1803,2.5609,2.0422,2.0,5.0,2.0538,2.2084,2.0437,2.1853,2.0445,9.9813,2.0484,2.0508,2.0612,2.0509,2.0519,0.5981,2.0803,2.0438,2.0603,2.0,2.0501,2.0437,2.2084,2.2125,2.2084,2.0625,2.056,2.212,2.0531,2.7605,2.0393,2.047,2.0527,2.0545,1.0528,0.6079,2.3124,1.2254,1.4221,1.6989,1.0779,2.0656,2.0645,1.0531,1.0531,1.0531,2.0554,2.0549,0.6946,2.2629,2.2629,2.5,8.1642,2.0524,1.2482,2.2628,2.2628,0.7105,0.754,2.08,1.0722,1.5922,2.1546,0.7699,0.8157,2.3397,2.3395,1.0718,2.0935,1.0528,0.779,0.9567,0.8321,0.7977,0.7924,1.0262,1.0775,2.0632,2.0632,2.0633,1.2136,0.8892,0.8891,1.0525,0.904,0.8282,0.8283,0.8976,0.9745,1.0526,1.23,1.3409,2.9242,2.2731,3.4814,3.6968,2.0549,1.1776,1.0756,0.9017,2.0535,1.0799,1.3505,2.0341,1.5546,0.9455,2.0628,2.0523,2.0139,2.0758,2.0134,1.0013,0.9009,0.9784,1.0799,2.0339,2.0654,2.329,2.0572,2.2377,2.0428,1.0799,1.0799,1.3423,2.0338,0.8858,1.1679,1.046,2.0581,1.0924,1.0803,1.0759,1.6259,0.7783,1.1364,2.0659,2.0661,1.9553,2.0617,2.0625,1.5519,2.0662,2.0563,2.2676,2.2676,2.0705,2.0537,2.0634,2.0656,1.0708,0.7783,0.757,0.7783,0.7666,1.0759,0.7783,1.0759,2.2452,2.0843,2.0741,2.0766,2.2452,1.4359,0.7391,0.5766,0.7041,0.7391,1.2617,0.583,2.0625,0.5373,1.7547,0.6373,9.985,2.2452,1.4357,1.4362,2.2453,2.0437,2.0463,2.2452,2.2453,0.7391,1.0754,2.2452,2.2454,2.2453,1.0776,1.9862,2.233,2.1691,2.0391,0.9422,2.0343,2.169,2.1692,4.119,0.961,0.3225,5.2113,5.3105,2.0,2.169,9.9835,2.05,8.0085,2.4616,4.0641,2.7113,2.0,2.1693,2.5001,3.3494,2.169,2.1689,2.169,2.0,2.1689,0.8626,2.0,2.5,3.623,2.0868,2.8653,2.5,5.451,7.1169,2.4605,2.0,2.0,2.5,2.103,7.8214,7.1169,2.2922,2.2923,5.0001,2.0,0.9429,2.306,2.0001,0.959,1.6617,0.8448,0.8343,0.641,2.0836,2.2922,3.6581,3.6581
39,2.0,0.524,2.0822,0.5471,0.6723,2.207,2.207,2.2071,2.5001,2.207,2.4084,9.986,0.5479,2.2071,2.2225,2.1523,2.0,2.0988,2.06,2.2071,1.0734,1.0734,2.0,1.0552,1.0605,1.0792,0.5768,1.0734,1.2497,1.2949,2.0639,2.0563,2.1344,2.1344,0.8653,2.1344,3.8573,7.0538,2.0481,2.0483,2.1345,1.9589,2.0489,2.1344,2.0423,4.1174,2.0441,1.0714,2.0438,2.0535,2.0514,2.8974,2.0423,2.0387,2.032,2.2252,7.866,2.0372,2.0556,2.0526,2.1947,2.0523,2.0541,2.0001,2.0583,7.0778,2.0002,2.0438,7.0863,2.2158,2.0423,2.0322,2.2167,7.9999,2.2158,2.0387,2.2158,1.0518,1.2002,2.2158,2.0402,10.0111,11.185,2.2158,2.0,2.0429,2.2159,1.0506,2.2158,2.0471,2.3115,2.3114,0.545,2.3114,9.98,8.0156,0.7452,2.0536,2.0627,2.3116,2.0443,2.3115,0.7419,5.1393,3.7781,2.0298,8.1843,2.0461,2.3114,0.8955,9.9893,2.3114,2.0539,8.0156,4.6566,2.3115,2.0421,2.0,3.7609,2.2302,2.3122,2.0432,2.3068,2.0443,8.0154,4.0369,2.0488,2.3068,2.0504,2.0428,2.053,2.3068,0.8815,2.0426,0.8091,2.0501,2.0571,2.5001,2.057,2.3068,2.0623,3.4519,2.3068,2.3068,3.2428,2.0465,2.0479,2.0592,2.0545,1.0528,0.6378,2.2892,1.276,1.0779,1.0531,2.051,2.2445,2.0588,1.0531,1.7896,1.0779,2.0673,2.0549,1.213,2.2445,2.2444,2.2445,7.0978,2.0422,1.5805,2.2444,2.2444,0.6911,1.1033,1.8927,1.1294,2.0784,2.0703,0.7377,0.7584,2.2986,2.0653,1.0718,2.054,0.8559,1.0528,1.0528,1.0528,0.6849,0.6962,1.0775,1.2156,1.84,1.2349,1.0775,1.5088,0.7818,0.7817,1.0775,1.0525,0.7893,0.7284,0.78,0.8559,0.8931,2.0549,2.0488,2.873,2.0591,4.6548,2.0606,1.0756,1.0799,0.8701,0.8704,1.4373,1.0799,1.4281,1.9259,1.0756,0.8735,2.0628,1.2347,2.0683,2.3103,1.3031,1.0756,0.8707,1.0799,1.0799,1.8792,2.0572,2.304,2.0485,2.0486,1.8603,1.0799,1.0647,1.0799,2.0555,0.7237,1.1147,0.8284,2.0518,0.9707,1.5698,1.0803,2.0655,0.8481,2.0711,2.2963,2.0575,2.0576,2.1087,2.0541,1.963,2.0662,2.056,2.2962,2.2962,2.0771,2.0535,2.2963,2.2962,0.8482,0.8483,0.7387,0.8614,0.8284,0.8481,0.6432,1.0759,2.5,2.0845,2.084,1.8128,2.5,1.8121,0.7487,0.6633,0.7979,0.8202,0.7983,0.6056,2.2792,0.6108,2.279,1.2465,8.733,2.279,0.6857,2.0428,2.279,2.0444,2.0459,2.279,2.8488,0.7031,0.7983,2.2791,2.2791,2.2849,0.7983,2.0358,2.358,2.233,2.039,0.7178,1.1077,2.233,2.233,2.5,0.6632,0.4187,2.2335,3.7674,1.0483,2.233,2.2331,0.6634,2.5,2.0676,2.0001,0.6636,0.7178,2.0001,2.233,2.5,2.233,2.0965,2.0001,0.7178,0.6918,0.4833,2.0,2.7156,2.9588,2.0527,2.7158,2.0001,4.2251,7.069,2.0,2.0,2.0001,2.1775,1.8615,2.5,2.0004,1.0784,2.0,2.0001,1.8615,0.5278,2.0544,0.5473,0.4925,0.4921,0.4739,0.379,0.335,0.974,2.0495,2.0546,2.0546
40,2.0001,1.0137,2.0001,1.0792,1.0812,2.4096,2.4097,2.5,2.4096,2.4097,3.3639,9.8658,1.0753,2.5,2.4397,2.4379,2.0001,2.1209,2.078,4.4854,1.2727,1.118,2.0,1.1163,1.1096,1.1423,1.083,1.1297,1.1401,2.0676,2.0635,2.0558,2.5,2.2764,0.9613,2.0658,7.1106,7.1106,2.2765,1.0715,2.5,0.7406,2.0598,2.2765,2.0423,2.5,2.0432,0.7937,2.0432,2.0438,2.0429,4.2331,2.0423,2.0393,1.7491,2.0487,10.216,2.0,2.0456,2.0428,2.2159,2.0424,2.0441,1.3058,2.0584,9.0444,2.0428,2.0532,7.0539,2.2892,2.042,2.0322,2.2893,4.5393,5.6042,2.0387,2.2892,0.967,2.0421,5.5617,2.0402,11.3687,13.5323,2.0402,2.0,2.2893,5.0,0.6862,2.2927,2.0351,2.3226,2.3188,0.7344,2.5,9.9859,7.5453,2.0,2.0535,2.3188,2.3251,2.3188,3.1115,0.7306,8.1757,2.5,2.0367,8.0583,2.0362,2.3188,0.7631,9.9862,2.3189,2.0544,8.0159,5.0037,2.3189,2.0422,2.0005,2.5,2.2692,2.0536,2.0428,2.0548,2.0443,9.2869,5.0,2.0485,2.2692,2.0514,2.0428,2.0525,2.2692,2.0438,2.0426,0.7729,2.0501,2.0437,2.5,2.057,2.2692,2.0432,5.4807,2.2744,2.8365,2.2692,2.046,2.0474,2.0522,2.2692,1.3122,0.7332,2.3102,1.0779,1.0779,1.0779,2.0507,2.2505,2.0488,1.0531,1.6188,1.0779,2.2006,2.0567,2.0591,2.2505,2.2504,2.2505,6.7656,2.0422,2.0502,2.2505,2.0729,0.7186,2.0786,2.0798,1.1573,2.2505,2.0702,0.7762,0.6509,2.2663,4.0662,1.0775,1.2314,0.7758,1.0775,1.0775,0.632,0.6579,0.7637,1.1084,1.1197,2.0633,2.0632,1.0775,1.1274,0.7635,0.6975,0.7758,0.755,0.6494,0.6492,0.7318,0.7758,1.0802,2.0646,2.0503,2.8328,1.754,2.0608,2.0606,0.6141,0.9111,0.8907,1.0799,1.3657,1.0075,1.0756,2.0666,0.8962,0.6856,2.0627,1.0528,1.0799,1.4363,1.0849,1.1148,1.0301,1.0174,1.0799,1.0259,1.0087,2.0575,1.3258,2.0426,1.0127,0.614,1.0756,1.3591,2.2146,0.6138,0.8056,1.9211,2.0516,0.8727,1.3537,1.0803,2.0654,0.7916,1.3577,2.0657,2.066,2.057,2.2281,2.0624,1.0803,2.0548,2.0661,2.2234,2.2234,2.06,2.0639,2.2235,2.2234,0.701,1.0759,0.6321,0.701,1.0058,2.2234,0.5314,0.9855,2.1916,2.5,2.1916,1.1216,4.2367,1.8958,0.6453,0.4556,0.5509,0.8685,0.8579,0.4199,2.1916,0.4201,2.1916,2.0653,9.9813,2.1916,1.0776,2.0451,2.1917,2.0442,1.122,2.1916,2.1916,0.4829,0.4808,2.1917,2.1918,2.1961,0.5475,1.4109,2.0392,2.358,2.039,0.5706,2.0427,2.3581,2.358,2.3583,0.859,0.5982,2.5,2.9203,1.0194,2.358,2.5001,0.6839,2.5001,2.0675,2.0005,0.775,1.0247,2.0004,2.0952,2.3579,2.2296,2.3583,2.0,1.4743,1.4778,1.0585,2.0001,4.5574,2.0989,2.0822,2.5,2.0001,2.651,7.1722,2.0,2.0,2.0001,4.7287,2.0792,3.6197,2.0001,1.1418,2.0799,1.2278,1.3892,1.2281,2.0002,1.0632,1.1097,0.9381,1.0632,0.9441,0.8587,1.0784,2.123,2.5,2.5
41,1.0883,0.9706,2.0822,0.9969,2.0001,2.3784,2.3918,2.5,2.3784,2.3784,2.5,9.9801,2.4088,4.3787,2.3786,2.3784,2.1067,2.1117,2.0947,2.3785,1.089,2.0001,1.8859,1.0514,1.025,1.0892,1.0419,1.0734,1.0587,1.0854,2.0535,2.0674,2.3404,2.3404,1.0714,2.3404,9.9835,7.1362,2.5001,1.3199,2.3405,0.8135,2.0598,2.3405,2.0423,6.4581,2.0432,0.9057,2.0432,2.0531,1.058,3.8335,2.0521,2.3404,2.032,2.0486,9.4627,2.0372,2.0453,2.2892,2.2892,2.0415,2.0537,2.0453,2.2892,9.9824,2.0426,2.2846,17.6785,2.0551,2.2846,2.0322,2.2847,2.0489,9.9806,2.0001,3.4387,1.0518,1.5831,8.0142,2.0507,10.014,15.6735,2.0506,2.0001,7.1139,2.9807,0.5602,2.2883,2.0354,2.3083,2.3036,0.5798,4.2772,9.9851,7.147,2.0,2.3036,2.5,2.5,2.3037,5.3795,0.6934,9.9807,3.0774,2.0376,8.1564,2.0362,2.3036,0.7267,9.9807,2.3037,2.3036,7.3035,5.7829,2.3037,2.037,2.0002,2.5001,2.3354,2.0534,2.0426,3.4814,2.0362,12.8461,12.0485,2.0483,2.3354,2.0511,2.0506,2.0611,2.3354,2.0438,2.0601,1.6122,2.0501,2.0571,2.5,2.3354,7.5005,2.0432,7.2179,2.3355,2.3354,2.3355,2.0582,2.0484,2.0529,2.3354,2.0355,0.8138,2.2958,2.0024,1.0531,1.3202,2.0507,2.26,2.05,1.0531,1.7689,1.1458,2.0622,2.0567,2.0708,2.2601,2.26,2.26,3.3556,2.0422,2.0516,2.265,2.0726,0.7354,6.3611,2.0694,1.32,2.2601,2.0702,1.781,1.0722,2.2206,2.2191,1.0528,2.054,0.6859,1.0718,1.0528,0.851,0.6155,0.6155,1.0539,1.0591,2.0632,0.8891,2.0631,0.889,0.6268,0.6152,0.6091,0.5923,0.524,0.524,0.6157,0.6859,1.1201,2.0647,2.0591,2.2148,1.0802,2.2148,2.051,0.963,0.8188,1.0756,1.0756,1.4382,0.7055,1.0799,1.431,1.0718,1.0756,1.3968,1.0799,1.1457,1.5739,2.0537,2.0546,0.9663,1.0756,1.1622,0.7055,1.2672,2.0575,2.0493,2.0437,1.7721,0.7055,0.5375,2.0485,2.2261,0.6469,0.8484,2.049,2.0516,0.7629,2.0493,1.0803,2.0655,0.7629,1.0803,2.0657,2.0569,2.0585,3.2762,2.0535,1.2158,2.0558,2.066,2.2588,2.2588,2.2242,2.0659,2.2589,2.2588,1.0354,1.8772,0.7411,1.3592,1.3603,2.2588,0.7371,0.7404,1.3444,6.0641,2.089,1.105,7.0643,1.1953,0.5818,0.6112,0.6674,1.1957,0.9145,0.5757,2.2042,0.447,2.2042,1.0776,9.9854,2.2042,1.0776,2.0435,2.2043,1.9134,2.0466,2.2043,2.0594,0.5143,0.5125,2.2043,2.2043,2.7553,0.4854,1.206,2.2098,2.3483,2.0324,0.3803,2.0413,2.2267,2.2267,2.2268,0.4329,0.3231,2.5,2.5,2.0585,6.4426,2.5,0.374,6.4968,2.2267,1.411,0.7066,0.6695,2.0829,2.0604,2.2264,7.0906,2.7834,2.0001,2.2266,1.0515,0.7724,1.0517,4.3435,2.0987,2.0807,2.2641,1.0387,2.5,8.0132,2.5,1.0516,2.2642,7.1057,1.0784,2.2642,2.0518,1.0784,2.0,0.7534,0.7796,0.8093,1.6264,0.7541,0.6813,0.585,0.6548,0.5799,0.5285,0.7542,2.2644,2.0834,2.0834
42,1.0812,0.9589,2.082,0.9804,2.1747,2.3708,2.3839,2.3709,2.3708,2.3708,2.5,9.9806,2.4007,8.0186,2.3985,2.2004,2.1065,2.3708,2.3708,3.0567,1.0792,1.7627,1.8481,1.8904,1.0045,1.9946,1.0212,1.0341,1.0675,2.0674,2.0633,2.9873,2.353,2.353,1.0096,2.3531,9.9876,7.1412,2.5001,2.0483,3.6219,1.4164,2.3531,3.053,2.0423,4.0445,2.0432,2.0,2.0432,2.5446,2.0429,4.6547,2.489,5.4826,2.032,2.3576,6.7788,2.0372,2.0454,2.6436,2.2847,2.0413,2.0536,2.0453,2.2846,9.9806,2.0423,2.3052,22.559,2.055,2.3004,2.0421,2.4773,2.0488,9.9835,2.0382,2.8361,1.6711,2.0358,8.015,2.5,11.383,14.0205,2.04,2.0001,4.8008,2.6116,0.7893,2.3005,2.0356,2.3777,2.3776,0.661,7.151,9.9837,5.0,2.0,2.3776,6.0073,2.3849,2.3456,5.3644,0.9001,9.9837,2.3845,2.0376,8.019,2.0362,2.0489,0.9039,14.5034,2.3776,2.0537,7.1511,8.0189,2.3778,2.0362,2.0301,3.8116,2.3062,2.0534,2.0423,2.0545,2.0362,12.6676,5.0631,2.048,2.3062,2.0493,2.0519,2.3062,2.3062,2.0438,2.0508,1.4718,2.0693,2.0572,2.3116,1.9201,2.3065,2.0432,8.0005,2.0589,2.3062,2.0526,0.7281,2.0484,2.0527,2.3062,2.0511,1.4172,2.3035,1.9195,1.6848,1.2964,4.94,2.2606,2.05,1.8818,1.9618,1.0531,2.2606,2.0567,2.2606,2.2607,2.2606,2.2607,3.418,2.05,2.0516,2.2607,2.0603,0.7048,8.0131,2.0672,1.0531,2.2613,2.07,2.0497,2.0497,2.5,2.2427,1.0775,2.054,0.9359,1.0951,1.0528,0.5641,1.0718,0.5233,0.9902,1.0775,2.0633,2.0537,3.2104,0.9843,0.6939,0.682,0.6813,0.656,0.5798,0.6281,0.722,1.0775,1.1304,2.3102,2.0503,2.2378,1.0802,2.2379,2.0605,1.0756,1.3313,1.3173,1.0813,1.8174,0.7589,1.3282,2.0666,1.0876,1.0799,1.2164,2.0523,2.0681,2.0643,2.0537,2.8255,1.0799,2.064,2.052,0.791,2.0546,2.0574,2.049,2.0485,2.0424,1.0799,0.7446,2.0498,2.2605,0.9766,0.7531,1.2211,2.0513,0.7847,2.0493,1.982,2.0655,0.5753,1.0803,2.201,2.0657,2.0582,2.2011,2.0519,2.0541,2.0558,2.0661,2.201,2.201,2.0579,2.201,2.2013,2.201,0.8041,2.0647,0.6618,1.224,1.3742,2.201,0.5726,0.5414,2.0345,3.6731,2.0889,1.3884,4.2641,2.0242,0.6087,0.6107,1.0756,2.0743,1.2519,1.2518,2.0755,0.4678,2.2139,0.6556,9.9823,2.9214,2.0435,2.0433,2.2139,2.0437,2.0463,2.767,2.0607,0.5384,0.6842,2.2138,2.2139,2.2139,0.508,1.84,2.2144,2.2098,2.0317,0.5426,1.587,2.2099,2.2099,2.4674,0.4008,0.3073,2.6112,2.5,2.0583,9.9803,2.5,0.3462,8.0106,2.0674,2.5,1.8161,0.6771,2.0828,2.0557,2.0832,7.9998,7.9998,2.0,2.299,1.0515,0.6621,1.0517,8.0101,1.2385,2.0001,2.0,1.3269,2.5,9.8244,2.5,1.0516,2.2012,10.0247,1.0784,1.9122,1.0784,2.0929,2.0,0.5914,0.5739,0.6867,1.1738,0.5745,0.5187,1.1443,0.553,0.4952,0.4054,0.5745,4.5367,1.1791,1.1791
43,1.0812,1.0802,2.0819,1.1239,2.4266,2.5,2.4266,2.5,2.4267,2.4267,2.4462,9.9869,2.4266,9.0998,2.5,2.4265,2.1303,2.4267,2.124,3.9675,1.1984,2.0,1.1495,1.1498,1.128,1.9869,1.0734,1.1282,1.1102,3.033,2.0631,6.4633,2.3188,2.3188,0.9116,2.3189,9.9852,7.283,4.5062,2.0483,4.3505,0.9631,2.3189,2.6864,2.0423,7.1275,2.0432,2.0419,2.043,2.319,2.0518,6.6823,5.2914,9.9852,2.032,2.5,6.7106,2.0371,2.0554,11.0424,3.1144,2.0413,2.0535,2.0453,2.3004,9.9859,2.0394,2.3414,20.1174,2.0548,2.3361,3.8647,2.5,2.0488,9.8027,2.038,2.5,2.0438,2.0411,7.7554,8.0168,13.0801,11.6806,2.0,2.0,7.1344,7.1344,0.7975,2.5001,2.0443,2.3079,2.3032,0.5792,9.6382,9.983,2.5,1.7706,2.3085,9.6457,2.3035,2.0485,8.0153,0.7227,8.1743,2.3075,2.0374,8.0156,2.0362,2.0489,0.7257,14.0656,2.3032,2.0536,6.9146,5.804,2.3034,2.0301,2.0357,3.5403,2.3393,2.0536,2.0528,2.0544,2.0546,12.6678,7.3393,2.0495,2.3392,2.0419,2.0535,2.1278,2.3392,1.6191,2.0506,1.6309,2.0695,2.0572,2.5,2.0437,2.0638,2.062,5.4239,2.0589,2.3392,2.0526,0.7116,2.0529,2.0592,2.3392,1.7682,1.0779,2.3062,2.033,1.0779,1.6437,7.2279,2.2658,2.05,2.0508,2.05,1.0779,2.0621,2.0567,2.2658,2.2659,2.2658,2.422,3.5307,2.0516,2.0513,2.2658,2.06,0.7516,1.3672,2.0669,1.0531,2.2662,2.0579,2.0497,2.06,2.5001,2.0651,1.0775,2.054,1.0528,1.9246,1.0528,0.4434,1.0528,0.4545,0.8043,1.0775,2.0632,2.063,2.1932,0.7996,0.7991,1.0525,0.5534,0.5327,0.4713,0.5532,0.5864,0.5798,1.0802,3.8381,2.0503,2.1932,1.0802,2.1932,1.6277,1.1862,1.3207,1.1138,1.0799,1.1136,0.5101,1.0799,2.0664,0.8296,0.7363,1.081,0.8762,2.0683,2.0644,0.7447,2.054,1.0756,2.064,2.052,0.8364,2.0652,2.175,2.057,2.0485,2.0435,2.0424,0.6674,2.0498,2.1783,1.0799,0.4159,2.0506,2.0511,1.0971,2.0509,2.0535,2.0361,0.6856,1.0803,2.2146,2.0656,2.0672,2.2149,2.0519,2.0555,2.0555,2.2146,2.2146,2.2147,2.0594,2.0637,2.2146,2.2146,0.8585,1.3035,0.6856,1.1268,1.4675,2.2146,0.614,2.0791,2.0726,2.2008,2.1259,1.2813,7.9999,2.0719,0.5735,1.0668,1.1759,2.0743,1.1759,1.9629,2.0754,0.4555,2.2008,1.1754,9.9838,5.251,1.3857,2.0446,2.2009,2.0437,2.0461,2.5,0.6614,0.5056,1.1754,2.2008,2.2009,2.2009,0.4379,1.3868,2.1855,2.2143,2.0325,0.3591,1.0179,2.2143,2.2142,2.5,0.409,0.3591,2.5,2.5,2.058,9.9802,2.2195,0.3535,8.0108,2.2143,2.2192,0.6849,0.6849,2.2142,2.0569,2.0001,8.0002,9.9802,1.0773,2.5001,0.9,0.7886,1.3242,9.1194,1.0773,2.0001,2.0,2.092,6.9049,10.0098,2.8671,1.0516,2.1015,9.9813,1.0784,1.2053,1.0784,2.0927,2.0,0.5586,0.5777,0.6526,2.0003,0.5593,0.5049,2.1959,0.5379,0.4841,0.3944,0.6526,5.5111,1.0882,1.0882
44,0.9054,0.8727,2.2309,0.8996,2.0837,2.5,2.3403,2.5,2.3403,2.3402,2.3403,9.9806,2.3402,8.0176,2.5,2.407,2.6669,2.3403,2.0989,3.0756,0.9559,1.6167,1.0792,1.058,1.0792,2.0753,0.8846,0.9488,0.9054,2.9255,2.306,9.4652,2.306,2.5918,0.6913,2.3061,9.9872,5.5523,6.9396,2.0605,4.3259,1.2953,2.306,2.8823,2.0423,9.9807,2.0432,2.0521,2.0428,2.306,2.0521,9.9807,8.5752,9.9872,2.032,3.4988,9.1033,2.0369,2.0553,9.9843,11.4284,2.0424,2.0537,2.0447,2.336,9.9843,2.0421,2.2456,20.9886,2.0547,2.2457,2.032,2.2486,2.0488,9.4029,2.0378,2.2457,2.045,2.0421,8.0123,9.6165,17.3479,10.0127,2.0398,2.0,8.0123,5.8619,1.0506,2.5001,5.0596,5.852,2.2702,1.5888,10.5122,9.9814,2.2708,0.6463,2.5,9.9814,2.2705,2.2703,6.1853,0.646,8.1554,2.8375,2.0401,8.1393,2.0362,2.0489,0.6467,10.0631,2.2703,2.0536,7.1081,2.9011,2.2703,2.0362,2.0443,2.3269,2.3005,2.0535,3.3897,2.0447,2.0547,19.3941,7.9998,2.0495,2.3004,2.0419,2.0532,2.0609,2.3004,0.7928,2.0506,2.0,2.0694,2.0572,2.5,1.8838,2.3004,1.8916,13.3663,1.8914,2.3004,2.3004,0.6783,2.0529,2.0592,2.0544,1.5719,2.033,2.349,2.033,1.0779,1.1109,5.3332,2.2908,2.0586,2.0511,2.0498,0.8189,2.0623,2.0567,2.2908,2.2975,2.2908,2.5,5.0574,2.0516,2.0513,2.2908,2.0585,0.8223,0.8217,2.0669,1.0722,2.5,2.0576,3.502,2.06,8.0119,2.0651,2.0506,2.054,1.0881,2.0543,1.0775,0.5429,1.0528,0.6723,1.0107,2.0555,2.2371,2.063,2.237,1.0038,0.6916,0.6916,0.7248,0.5783,0.5782,0.6534,0.6792,0.6793,1.0802,3.1933,8.0006,2.237,2.048,2.2416,2.0605,1.4081,1.3751,1.3533,1.1598,1.1586,0.7472,1.3546,2.1823,0.8638,0.6289,1.1257,0.9128,2.1822,2.0644,1.0799,2.3747,1.0519,2.9389,1.7632,0.773,2.1822,2.1822,2.1823,2.1822,2.0435,2.0435,1.0756,2.0498,2.0554,1.0799,0.6289,2.0503,2.058,2.0579,2.0493,2.0549,1.8356,0.6124,0.8769,2.1728,2.0656,2.0672,2.1729,2.0517,2.0555,2.066,2.1728,2.1728,2.5,2.0594,2.0637,2.1728,2.1728,0.6912,1.0493,0.6124,0.7804,1.221,2.077,0.4944,1.0759,1.4525,2.1568,2.0888,0.6176,2.1573,1.0179,0.4475,0.8333,1.0182,2.0743,1.2893,2.0633,2.0753,0.3564,2.2509,2.0724,9.98,3.0052,2.0435,2.0446,2.1568,1.9486,2.0461,2.1568,0.4062,0.3949,2.1568,2.1568,2.1569,2.1569,0.3417,1.6138,2.5,2.1816,2.0325,0.5164,0.6278,2.1817,2.1818,2.1817,0.3467,0.3263,2.5,2.5,0.6278,9.9806,5.876,0.347,8.0092,2.1859,2.1859,0.5168,0.6278,7.0726,2.0483,2.0,7.8313,9.9814,0.6513,2.1817,0.5393,0.6926,1.0517,9.9824,1.2341,1.0515,2.0,2.0919,6.2847,9.9824,4.2853,2.0,2.2186,9.9824,0.6926,1.2352,0.6926,2.0927,2.0,0.6234,1.0784,0.6926,2.069,0.6224,0.5637,2.0678,0.6007,0.5387,0.4399,0.4981,9.625,1.1641,1.1641
45,0.669,0.676,2.0817,0.7568,1.5384,2.5,2.2671,2.267,2.2671,3.7349,2.3778,9.9873,2.267,7.1068,2.5,2.2847,5.2619,2.0789,2.5,4.3164,0.8408,1.2691,1.0734,2.0687,1.4587,1.3988,0.6502,0.7446,0.7059,2.267,2.0633,9.9808,2.0645,2.6429,0.6861,2.3203,9.9852,3.1992,2.5001,2.3148,5.2124,0.9834,2.3041,2.5724,2.0506,8.5179,2.0432,2.0438,2.0426,2.0614,2.3148,9.8489,8.5615,9.9822,2.032,2.7207,3.0407,1.4976,2.2456,11.3131,11.3131,2.0413,2.0537,2.0453,2.2457,9.9815,2.0,2.2556,18.6914,2.0459,2.5,2.033,2.0341,3.9829,7.2129,2.0376,2.045,2.045,2.0421,2.2556,20.6535,15.717,10.013,0.7307,1.4219,8.3213,6.5273,2.0355,2.7842,2.5,2.2909,2.2876,0.8275,11.3667,9.9866,2.2877,2.0,2.2876,8.0144,2.0551,2.2877,6.8901,0.827,8.1425,2.8593,2.0401,8.1698,2.0362,2.0425,0.6881,9.9808,2.2877,2.0537,7.1151,2.5,2.2877,2.0301,2.0301,3.38,2.4131,2.0534,2.413,2.0447,2.4131,12.6682,7.5613,2.051,2.4131,2.0419,2.0532,2.061,2.413,1.9709,2.0506,2.0,2.0694,2.0571,2.5,2.0437,2.4131,1.2832,9.0488,2.059,2.4131,2.4131,0.933,2.0529,2.0593,2.0544,1.0528,2.033,2.2892,2.033,0.7394,0.6316,5.438,2.2455,2.0498,2.0495,2.0513,0.7394,2.2454,2.0567,2.2454,2.2509,2.2454,2.6992,5.0574,2.0513,2.0513,2.2454,2.0585,2.0726,0.6931,2.0665,2.059,2.2455,2.0579,2.0588,2.0597,7.1346,2.0552,2.049,2.2501,1.0775,2.0457,1.0775,0.5939,0.6178,1.0775,1.0528,2.0573,2.25,2.063,2.0629,1.0718,1.0346,1.0353,0.7094,0.6897,0.6097,0.9816,0.759,0.6683,1.0526,3.2588,8.0,2.25,2.048,2.0609,2.051,0.9424,2.0561,1.5931,2.0529,1.3257,1.0756,1.3281,2.1787,0.9053,0.834,2.0624,0.7252,2.1786,2.0644,1.1812,2.0546,2.0514,1.8562,2.0536,1.1794,2.1786,2.1787,2.1786,2.1786,2.0435,2.0435,0.6809,2.0585,2.0555,1.0756,0.7484,2.049,2.0511,2.0579,2.0509,2.0549,2.0657,0.552,1.0803,2.1358,2.0657,2.0673,3.5166,2.0517,2.0555,2.1358,2.1358,2.1359,3.2802,2.0594,2.0638,2.1358,2.1358,0.5477,0.8947,0.5477,0.7127,1.6566,2.077,0.5477,1.0759,1.0624,2.155,2.0889,0.6163,2.5,1.2453,0.4424,0.4641,1.0845,2.0743,1.7428,2.0633,1.5465,0.3523,2.6936,2.0725,7.9507,2.1551,2.0446,2.0446,2.1551,0.4015,2.0475,2.155,0.4016,0.3904,2.155,2.1551,2.1551,2.1551,0.4013,1.097,2.5,2.2014,2.0327,0.5211,0.6625,2.2015,2.2016,2.0388,0.3843,0.3735,2.5,2.2015,0.5731,9.9811,3.2368,0.3854,2.5001,2.5,2.0495,0.6121,0.5764,6.1429,2.0535,2.0,2.7518,9.9811,0.7223,2.0634,0.5943,0.5386,2.0,9.9819,1.0515,1.0515,2.0,2.092,2.5,8.0095,3.4185,0.6404,2.1888,9.9819,0.5465,0.5392,0.5429,0.4019,2.0,0.5084,0.6404,0.5872,1.4187,0.4257,0.4868,2.0586,0.5387,0.4652,0.3769,0.3796,9.082,0.6404,0.6404
46,0.6638,0.6103,2.0818,0.6108,0.7143,2.5,2.2311,2.0,2.0753,2.231,4.2865,9.3895,2.231,7.0924,2.5,2.231,6.923,2.0682,4.276,4.2737,1.0792,2.0,1.0734,0.6291,1.6991,0.6438,0.6107,0.7143,0.604,2.231,2.0535,8.0165,2.0675,2.3294,1.0559,2.5,9.9823,2.3295,2.3543,2.3295,2.5,0.784,2.0596,2.5,2.0506,7.1623,2.0,2.0438,2.0426,2.0625,2.3294,4.2769,7.0842,5.1789,1.0714,2.3298,2.3298,2.0367,2.2556,11.2781,11.3259,2.0415,2.0536,2.0453,2.2556,2.2557,2.0,2.0531,12.9808,2.0458,2.3,2.042,2.0339,5.8534,8.015,2.032,2.037,2.0453,2.0423,2.3,18.0986,14.6404,10.0106,0.8587,1.2111,8.9059,2.8469,2.0412,2.5001,5.3713,2.2971,2.297,1.0846,11.6139,9.9829,2.2971,2.0,2.1217,3.5394,1.8444,2.297,5.3713,2.0311,8.1471,2.8713,2.297,8.015,2.0454,2.0001,0.7107,10.4484,2.297,2.0538,5.3713,2.4023,2.297,2.0362,2.0301,2.5,2.3227,2.043,2.3166,2.0434,2.8166,13.3003,4.3739,2.051,2.0609,1.0528,2.0532,2.0532,2.0612,2.0438,2.0506,2.0,2.0695,2.0437,2.3223,2.057,2.3166,1.9935,5.5615,1.9936,2.3166,2.3166,0.7152,2.0529,2.0593,2.0543,0.9832,2.039,2.3005,2.0384,0.6818,0.6392,7.2627,2.2424,2.05,2.0493,2.0513,0.7342,2.0622,2.2424,2.2424,2.2425,2.2424,2.8028,5.0574,2.0516,2.0513,2.2424,2.0582,2.803,1.0531,2.0665,2.059,2.2424,2.0699,5.0,2.0597,4.2885,2.0552,2.0506,2.2404,1.0775,2.0455,1.0528,0.9521,0.5718,0.6891,1.0528,2.057,2.2405,3.2236,3.9207,1.0775,1.0528,0.7307,0.7307,0.7307,0.6628,1.0525,0.6893,0.6889,1.0526,2.0646,2.2404,2.2404,2.048,2.0609,2.0494,1.2894,2.0647,2.0535,2.0529,1.4123,1.0756,2.0532,2.1902,1.0799,1.0756,2.1903,1.0756,2.1902,2.0645,2.052,2.0546,1.9596,2.0622,2.0623,1.6835,2.1902,2.1902,2.1902,2.1902,2.0487,2.0435,1.0799,2.0584,2.1903,0.92,1.0799,2.0506,2.0511,2.0506,2.0493,2.0552,2.0658,0.805,2.0573,2.1978,2.0657,2.0672,2.1979,2.0517,2.0555,2.1978,2.1978,2.1978,2.1979,2.0594,2.1978,2.1978,2.1978,0.7916,1.0759,0.6562,1.0759,0.8943,2.077,0.6562,2.0548,1.8792,2.166,2.089,0.7424,2.0792,1.078,0.6005,1.1071,1.3786,2.0747,2.0654,2.0633,1.7992,0.3774,2.1661,2.0726,8.0603,2.1661,2.0448,2.0505,2.1661,0.4305,2.0475,2.1661,0.9719,0.4183,2.166,2.166,2.6733,2.1661,0.474,1.2199,2.5,2.1908,2.0389,0.6439,1.0773,2.1909,2.191,2.0388,1.1755,0.5433,2.5,2.1908,1.0773,8.7401,4.1114,0.3743,5.5097,2.3759,2.0693,1.0773,2.0,7.0763,2.1967,2.0,2.5001,8.5018,1.0773,2.1908,0.8051,0.6795,1.0517,8.1322,2.0001,2.0,2.0,2.5,4.3783,8.0084,2.0,0.401,2.1686,7.9544,1.0784,1.038,2.0001,0.4285,2.0792,0.6051,1.8155,2.0,1.2467,0.4811,0.5358,2.0523,2.0001,0.4815,0.4805,0.3837,7.0674,2.0002,2.0002
47,2.0,2.0,2.459,1.3013,2.0001,2.6465,2.459,2.0769,2.459,2.459,2.459,9.2213,2.4591,7.1836,8.0002,2.5,7.1836,2.0988,4.5485,4.5439,2.0771,2.0531,1.3212,1.3171,2.0833,1.2805,1.2802,2.0746,1.278,4.7926,2.4946,9.9811,2.4947,2.4946,2.0418,3.131,9.9865,2.0532,2.5001,2.4947,2.4947,1.1818,2.0597,2.5,2.0509,7.4593,2.0,2.0535,2.0428,2.4946,2.4947,2.5452,2.0965,2.5,1.3251,2.4946,2.5,2.0372,2.3001,9.981,8.625,2.0417,2.0538,2.0453,2.3,9.981,2.0,2.196,14.026,2.0458,2.3628,2.5,2.0332,2.5591,5.7865,2.032,1.3576,2.0551,2.0423,2.3628,19.7111,13.985,10.0127,1.051,0.7614,8.8605,4.623,2.3628,2.5001,7.6656,2.385,2.3645,1.2768,13.5544,9.9855,2.3804,2.0,2.3804,3.849,0.9592,2.3805,7.1214,2.0384,8.0194,7.4989,2.0403,8.0191,2.0456,2.0427,1.0129,10.9655,2.3804,2.0538,4.4273,4.9383,2.3805,2.0364,2.0067,5.0001,2.3107,2.0357,2.3106,2.0434,2.8106,8.8506,3.0044,2.0495,2.3106,2.0419,2.0525,2.0611,2.0506,2.0438,2.06,2.0,2.0694,2.0571,2.3161,4.0436,2.3106,2.0621,4.0961,2.0432,2.3106,2.0526,5.5544,2.0479,2.3107,2.0543,2.0355,2.0388,2.2266,2.0382,1.0779,0.5422,8.2088,2.1891,2.0587,2.0493,2.0516,1.0531,2.1891,2.189,2.189,2.1891,2.1892,4.2249,4.8791,2.0513,2.0621,2.189,2.0582,2.3334,11.241,2.0683,2.0709,2.189,2.0591,2.0607,2.0616,2.2019,2.0552,2.0506,2.1968,2.0371,1.2129,1.0775,1.0775,0.564,2.0647,2.0585,2.0665,2.1969,2.0632,3.3243,1.0775,0.9285,1.0525,1.0525,0.9027,0.5637,1.0525,0.5977,0.5911,1.1665,2.1968,2.1968,2.1968,2.048,2.1968,2.0606,1.3988,1.3663,2.0535,2.0546,1.933,1.0799,2.0546,2.181,1.0799,1.0799,2.181,2.0523,2.181,2.0644,1.1975,2.0546,2.0528,2.1423,2.181,2.064,2.181,2.181,2.181,2.181,2.0487,2.1812,1.0799,2.0585,2.181,0.8751,0.6267,2.0579,2.058,2.058,2.0493,2.0552,2.1991,2.0564,2.0575,2.199,2.066,2.199,2.199,2.0533,2.0558,2.199,2.199,2.199,2.1991,2.0594,2.199,2.199,2.199,1.2082,2.0653,1.0759,3.0428,1.2121,2.077,2.0652,2.0665,2.0726,2.2062,2.2063,2.0758,2.5,2.0723,2.0701,2.0738,2.2062,2.2062,2.0745,2.0754,2.0355,0.5811,2.2063,2.5868,9.9808,2.2062,2.0451,2.2062,2.2063,1.5848,2.2062,2.5,2.0594,2.0645,2.2062,2.2062,4.2475,2.2063,2.0562,2.726,5.6477,2.2122,2.2122,2.0348,2.0425,2.2123,2.5,2.0389,0.3933,2.0307,5.2653,2.2122,2.2122,9.9828,3.7954,1.0351,7.0849,2.5001,2.5,2.0,2.2122,9.9828,5.1208,2.0731,2.7653,7.7014,2.0001,2.2123,1.0515,2.0,2.0,16.9314,2.099,2.0,2.5,9.9812,7.071,10.0089,2.0001,1.0784,2.1833,7.6205,2.0,2.095,2.0001,1.2349,2.0799,2.0,2.1605,5.0,2.0561,2.0,2.0,1.3698,2.0784,0.9436,2.0001,1.0784,9.0078,2.0002,2.0002
48,2.0,2.0699,2.4024,1.0812,2.0,3.003,2.4025,2.0775,2.4024,2.5,2.4025,2.5,2.5,8.0202,11.5131,2.5,11.3376,2.0792,4.4809,4.4769,1.1582,2.0531,2.0625,2.0513,2.4024,2.0648,2.0643,2.0748,2.0765,9.9833,2.3596,9.9807,2.3597,2.3596,2.0503,7.1438,9.9808,2.062,2.3597,2.3597,2.3596,0.9636,2.3597,2.5,2.3597,6.329,2.0001,2.5001,2.0438,2.3657,2.9493,3.601,2.0522,2.5,2.0365,2.3646,2.5,8.015,2.4346,9.9825,10.7763,2.0427,4.592,2.0539,2.3628,9.9822,2.0423,2.5001,13.0754,2.055,2.3018,2.5952,2.0333,8.5544,2.0393,2.0376,2.3792,2.3018,2.3018,2.3019,11.5091,15.778,11.3848,2.0,1.051,9.9818,8.0004,2.3018,4.1064,5.4426,2.3541,2.0424,2.0433,11.4514,9.987,2.354,2.0464,2.354,3.721,2.0501,2.3541,8.0178,2.0458,8.524,8.0179,2.3541,7.9242,2.0473,2.0429,1.8886,9.2999,2.354,2.354,7.1416,7.7568,2.5,2.037,2.0301,5.0,2.3147,2.0526,2.2202,2.0449,2.8146,2.5001,2.3147,2.05,2.3146,2.0501,2.0611,2.0612,2.0614,2.0618,2.06,2.0438,2.3146,2.3146,2.5,2.3146,2.3146,2.0622,2.5,2.0591,2.3146,2.3146,2.0467,2.0528,2.5,2.0544,2.0426,2.0388,2.2188,2.033,2.0444,2.0464,1.4254,2.1834,2.0587,2.0506,2.0518,2.0561,2.1834,2.1834,2.1834,2.1835,2.5,4.2183,4.8532,2.05,2.0589,2.1835,2.06,2.0497,7.3872,2.0798,2.0713,2.1845,2.0597,2.061,2.0703,2.193,2.0564,2.0493,2.1896,2.0371,2.0545,1.1692,1.0775,1.0775,2.0576,2.0597,2.1896,8.0095,2.1896,2.1898,2.0538,1.0775,1.0718,2.0521,1.0525,0.7439,1.0775,1.0718,1.2026,2.0561,2.1896,2.1896,2.1896,2.048,2.1896,2.0607,1.0756,2.0582,2.0552,2.0642,2.0659,2.0512,2.0642,2.13,1.0756,2.0531,2.13,2.0622,2.13,2.0645,2.0537,2.0631,2.0621,2.13,2.13,2.13,2.1301,2.13,2.13,2.13,2.13,2.0437,2.0514,2.13,2.0556,1.0799,0.8693,2.0493,2.058,2.1596,2.0598,2.0552,2.1596,2.1596,2.1597,2.5,3.8086,2.1597,2.5,2.0624,2.0661,2.1597,2.1597,2.1597,2.1597,2.0705,2.1597,2.1596,2.1597,2.0556,2.066,2.0672,2.1596,2.081,2.0771,2.0769,2.0791,2.0711,2.5,2.1896,2.0825,2.5,2.0797,2.1897,2.1896,2.5,2.5,2.1896,2.1896,2.0759,2.0669,2.1896,8.3159,9.9808,2.1897,2.1896,4.2228,2.1896,1.4417,2.5,4.1889,2.0622,2.1896,9.5165,2.1897,8.0096,2.1936,2.0617,6.8229,8.0138,2.5,2.1809,2.1808,2.1808,2.5,2.1846,2.1808,0.4679,2.1809,8.0091,2.1808,5.226,9.9839,3.4808,2.0488,9.9457,8.009,9.1981,2.07,2.5,9.9839,4.2587,2.0727,5.725,9.9826,2.1807,7.0723,2.0001,2.0,2.0,23.8601,2.2592,2.3467,2.8239,9.984,7.9995,10.013,2.0,2.5,2.5,9.9806,2.0795,2.268,2.0001,2.2593,2.2593,2.2589,2.2712,2.5,2.5,2.0,2.0831,2.0804,2.5,2.0,2.2434,2.2591,9.9839,9.9839,9.9839
49,1.0812,2.1851,2.3152,1.0812,2.0,2.5001,2.3266,2.3152,2.3152,2.3153,2.33,2.5,2.3403,7.9353,19.72,2.3374,9.9856,2.093,7.1261,4.3735,2.0771,2.0,2.0639,2.0687,2.3152,2.0001,2.0648,2.3153,2.0767,9.9858,2.5,9.9864,2.3253,2.3253,2.0503,7.1301,9.9846,2.5001,3.0353,2.3256,2.3252,1.0102,2.3316,7.9337,2.5001,7.1301,2.0432,7.1301,2.0441,4.0743,4.0522,2.5,2.0423,7.1301,2.039,10.5363,8.7195,8.7241,9.9818,11.3848,9.9818,2.3018,2.3018,2.3018,2.4632,9.9818,2.0432,9.9813,15.747,2.0553,5.919,8.4188,2.0335,2.0382,2.0494,11.6848,2.0555,2.245,2.245,2.4265,11.2251,13.7975,11.4045,2.0,2.0001,10.5208,8.0123,2.645,8.0123,9.5821,2.2426,2.0525,2.0635,10.7277,9.9854,2.2426,2.0571,2.2426,3.1792,2.0506,8.0005,8.0122,2.2427,9.9854,8.0122,5.0,5.3033,2.5,2.0429,2.0001,9.9854,2.2426,2.2426,9.9854,7.9383,2.5,2.0362,2.2426,3.1641,2.3323,2.0526,2.3322,2.0533,3.769,4.3455,2.3381,2.0596,2.3322,2.0504,2.2239,2.0613,2.3322,2.0645,2.0601,2.0438,2.3322,2.3322,2.3381,3.2322,2.3322,2.3322,4.7394,2.0592,2.3322,2.2737,4.0814,2.0529,5.6897,2.3324,2.0426,2.047,2.3127,2.0468,2.0531,2.0575,2.0507,2.2756,2.2756,2.0508,2.0524,2.0582,2.2757,2.2756,2.2757,2.2757,2.5,8.1735,6.2534,2.0516,2.0516,2.2757,2.0585,3.153,2.2756,2.2756,2.2756,2.2757,2.0701,2.1035,2.2756,2.3169,2.0564,2.0508,2.311,2.0371,2.3111,2.0453,1.0775,2.0594,2.0681,2.311,2.3111,2.311,2.311,2.311,2.0618,2.0567,2.0572,2.0604,1.2212,0.8919,1.2214,2.0554,2.0674,2.311,2.311,2.311,2.311,2.311,2.3111,2.311,2.0546,2.0648,2.0643,2.2524,2.2524,2.0592,2.2524,2.2524,2.0551,2.0547,2.2524,2.2524,2.2525,2.0666,2.054,2.2524,2.2524,2.2524,2.2524,2.2524,2.5,2.2525,2.2525,2.2525,2.2524,2.0526,2.1245,2.2583,2.0555,1.2203,1.6884,2.2492,2.2492,2.2534,2.5,2.0557,2.2492,2.2492,7.0997,9.9838,9.9838,4.2978,6.2718,4.4901,2.2493,2.2493,2.2492,4.3004,2.5,2.5,2.5,2.2492,2.2492,2.0562,2.065,2.0788,2.2492,2.2492,2.2492,2.2492,2.2492,2.8613,8.0144,9.9851,2.5,8.0144,2.2891,3.5574,7.9998,7.9998,9.9801,4.8505,2.289,2.289,2.289,2.5,9.9851,9.9851,2.289,2.5,9.9851,2.289,2.0447,2.5,9.9851,2.289,2.289,10.0145,4.092,9.9851,2.2957,2.289,8.0183,8.5046,2.5,2.2757,2.2756,2.2757,2.3271,2.2757,2.2756,1.2639,2.039,8.0138,2.2786,8.5335,11.0574,7.1102,2.0503,9.9868,7.3488,9.9868,2.07,2.5001,13.1299,8.5335,2.0731,4.7672,9.5535,2.2756,7.1102,2.0001,2.0,2.3669,17.7245,2.367,2.5,2.9586,9.9863,6.4551,11.1835,5.0,4.4753,2.5,9.9837,2.0811,2.3794,2.0001,2.3671,2.5,4.479,2.4382,2.5,2.3673,1.1631,2.367,2.2608,2.5,2.367,2.367,2.3671,9.9877,9.9877,9.9877
50,1.0812,2.2332,2.2333,1.0812,2.0,2.5,2.5001,2.2332,2.2333,2.2332,3.0965,2.9619,2.2333,7.0933,12.5618,2.2336,10.5684,2.0783,7.0933,4.2764,2.0676,1.0792,1.8391,1.1884,2.2332,2.0001,2.2333,2.2392,1.0792,9.982,2.5,9.9852,2.2373,2.2373,2.0597,8.0119,9.9846,8.0119,2.5001,2.2373,2.2372,2.0476,2.2418,5.1718,2.8372,7.5416,2.0438,9.9845,2.0535,3.4864,6.9751,2.2373,2.0423,9.3765,2.0393,11.4081,11.3024,7.0949,9.9813,11.3124,10.1549,2.2458,2.245,2.245,2.2451,9.9803,2.0432,9.9883,9.9826,2.2694,10.4846,9.9826,2.0341,2.0393,2.0393,8.6003,5.3368,2.2695,3.4561,8.0135,11.3473,11.3435,12.8036,2.0402,2.0405,9.9886,9.9826,8.0006,9.9826,11.3195,2.2541,2.0526,2.5001,11.3195,9.9848,2.2506,2.2507,2.2506,3.2179,2.0524,9.985,9.9841,8.0125,9.9848,8.0125,9.9841,6.9014,6.9463,1.5566,2.2506,9.9848,2.2506,3.5732,9.9848,9.9848,9.1441,2.0375,2.2507,2.5,3.0492,2.0539,2.2921,2.0456,7.1168,8.0146,2.5,2.292,2.292,2.0419,2.292,2.0614,2.0616,2.2924,2.0601,2.0609,2.5,2.5001,2.5,8.0146,2.8959,2.292,8.9847,2.292,2.5001,2.0528,2.292,2.292,6.4422,2.2921,2.0441,2.3266,2.5002,2.5,2.0531,8.0132,2.0502,2.2643,2.2642,2.2642,2.2642,3.3642,3.9895,2.2643,2.5,2.5,4.3144,8.0133,7.8228,2.059,2.059,2.2691,2.0729,2.2642,2.5001,2.2642,2.2642,2.5,2.2642,2.2642,2.2643,2.5,2.0564,2.0508,2.368,2.0371,2.368,2.0467,1.0718,2.0558,2.368,2.3681,2.5001,2.3746,2.5,2.3681,2.0647,2.057,2.368,2.368,1.4456,1.0552,1.688,2.0557,2.368,2.5,2.5001,2.5,2.96,2.5,2.9598,2.368,2.0641,2.0676,2.2677,2.3623,2.5942,2.3562,2.3562,2.3562,2.0646,2.3562,2.3562,2.3562,6.2526,2.3562,2.0629,2.3562,2.5,2.3634,2.3563,2.3962,7.142,2.3563,2.5,2.3563,2.3612,2.202,2.3562,2.5,2.3562,2.0464,2.0469,2.288,2.288,7.1152,4.287,2.288,2.3154,8.0989,7.1152,9.9866,9.9866,9.9866,7.7565,8.0144,2.5,5.7871,7.0967,8.3848,5.491,2.288,3.4585,2.2881,2.2881,2.064,2.0653,2.5,2.5,2.288,2.2879,2.288,2.5,2.2854,7.1142,8.0143,5.8446,9.9882,4.3525,7.3136,8.0143,4.9633,9.9885,3.733,2.5,2.2855,2.5,2.5382,9.9885,9.9882,2.2855,6.1228,7.1142,2.2855,2.0515,3.3083,7.5098,2.2854,2.2854,10.0143,5.3048,9.9872,2.8568,2.5,8.5815,9.984,2.5,2.3663,2.3663,2.3662,2.5,2.5,2.3662,2.0001,2.039,8.0183,2.3662,8.0183,12.7123,7.1465,2.0582,8.9303,8.0183,9.9829,2.07,2.5,15.8599,9.9829,2.0731,5.1221,9.3908,2.3662,7.1465,2.0001,2.0,2.0,11.592,2.3184,2.3185,2.5001,9.9861,7.1274,9.9861,8.694,4.4123,3.5155,8.694,2.3183,2.0952,2.0,2.3185,4.4092,2.3322,2.3187,2.5,2.3184,1.0086,2.102,1.8113,2.3182,2.3184,2.3184,2.8982,9.9888,9.9888,9.9888
51,1.0812,2.2942,2.3019,2.0,2.2941,2.5,2.5001,2.2942,2.2942,2.5,4.3649,5.5252,2.3176,2.8676,11.3751,2.3146,8.9745,2.0868,7.1177,4.3486,2.0771,1.0792,1.0792,2.0,2.2942,2.0001,2.2943,2.2943,1.6952,8.6032,2.5,9.9816,2.2314,2.2314,2.2315,9.986,9.986,11.295,2.4499,2.2315,2.2314,2.0,2.5,7.6954,2.5001,8.1585,2.9288,9.9868,2.0537,3.014,5.2467,2.5,2.0417,9.986,2.2315,9.986,10.2818,12.3275,9.9826,11.3435,10.2445,2.5001,2.2694,2.2695,2.2695,9.9826,2.0428,11.2983,14.0154,2.234,11.2983,9.9878,2.0341,2.0394,2.2096,25.7824,4.9498,2.5,5.0728,8.103,17.2361,19.7091,17.1626,2.0402,2.0405,9.9878,11.8011,8.0117,9.9878,8.0127,2.2582,2.0527,5.2209,12.1766,9.9888,2.2547,2.2547,2.2546,9.4831,2.0557,10.0128,9.9888,9.9889,9.9897,8.0128,9.9888,8.0128,8.0127,2.0429,2.5,9.9888,2.2547,8.0128,9.9897,9.9869,9.313,2.0379,7.0653,3.2173,7.4459,2.3398,2.6729,2.0458,9.1509,10.3922,6.7965,2.3398,2.3398,2.0519,2.3455,2.0616,2.0617,2.5,2.1316,2.3398,8.0171,2.5001,3.115,8.0171,2.5,2.5,9.9826,2.3398,2.5001,2.915,2.3398,2.3398,8.017,2.3399,2.0441,2.3136,3.4539,3.4793,2.0534,11.2077,2.0568,2.2823,2.277,2.277,2.5,2.277,2.5,2.2779,2.5,5.5085,2.5,9.9831,2.9142,2.277,2.277,3.1071,2.277,2.2771,2.5001,2.277,2.277,2.5,2.2847,2.277,5.7681,2.5,2.0564,2.2322,2.2322,2.0371,2.2322,2.0467,1.0775,2.0558,2.2322,2.2323,2.5,2.2323,2.237,2.2323,2.1184,2.2322,2.2322,2.2322,1.4207,1.0525,1.4317,2.2322,2.2323,4.2384,3.5972,7.0929,4.2752,2.7901,3.1351,2.2323,2.2578,2.193,2.2578,2.5,6.0987,2.2578,2.2579,2.2579,2.0646,2.2578,2.2578,2.2578,7.3339,2.2578,2.0629,2.2578,2.2578,2.2579,2.2578,2.7916,7.5666,2.2579,3.7856,5.3223,2.2579,2.2578,2.2579,4.6334,2.2578,2.045,2.0469,2.5,2.2123,4.0473,3.6964,2.2085,2.2084,2.6182,9.9819,9.9813,9.9819,11.2657,9.9819,9.9813,2.5,8.7532,8.0104,9.9813,7.0834,2.2119,6.7511,2.2085,2.2084,2.0641,2.0746,2.5,2.5,2.2084,2.0573,2.2084,2.2084,2.2196,2.5,8.011,10.6306,9.981,2.2196,2.8628,8.3235,7.0878,9.9815,7.2834,2.2196,2.2197,3.3793,3.4133,9.9815,9.981,7.2461,8.3663,3.9091,4.2423,2.0515,7.0878,9.5048,2.2196,2.2197,9.9837,8.9981,9.981,2.7745,2.5,7.0904,9.9876,2.8474,2.2885,2.2884,2.2884,2.5,2.5,2.2884,2.0,2.2884,8.0145,2.2918,8.0144,13.7698,3.0218,2.2884,9.984,8.1041,9.445,2.0703,2.2886,17.1788,9.984,2.0731,6.487,9.984,2.2885,4.3845,2.0,2.0,2.0,10.0106,2.2102,2.2102,2.7626,9.9816,7.0841,11.1051,8.0105,6.4879,2.2102,8.1483,2.041,2.2103,2.0803,2.5001,4.2702,2.2102,2.5,2.5,2.2104,0.6661,2.0674,0.5996,2.0001,2.063,2.2191,2.5001,9.9876,9.9876,9.9876
52,1.9746,2.3136,2.3219,1.6159,2.3136,2.892,8.0157,2.3246,2.3136,8.0158,2.5522,2.5,2.3142,7.1254,11.3168,2.3137,8.2228,2.0792,7.1254,4.3716,1.6157,1.4903,1.0792,2.0,2.3136,2.0,2.3136,2.5,2.077,7.5793,2.5,9.9843,2.3038,2.3038,2.3093,9.9888,9.9888,10.9988,2.3039,2.3039,2.3038,2.0476,2.5001,9.2844,2.8798,8.0152,9.989,9.9888,2.3039,7.0885,4.8754,3.7628,2.0423,9.9846,2.5,9.9888,9.9888,11.3873,9.9826,9.9878,9.9878,2.5001,2.234,2.5,2.2341,9.9846,2.0432,9.9889,9.9889,2.5,19.7245,14.5836,2.0341,2.351,2.351,25.7824,4.0686,2.351,3.5106,8.0176,10.0177,10.0176,15.0589,2.0402,2.351,12.7662,9.9817,9.9817,9.9877,22.8268,2.326,2.3261,9.9131,18.1958,10.4021,6.4658,2.3308,2.326,9.9894,2.326,11.1272,9.9894,10.0164,9.9894,9.9846,10.0163,9.9846,8.0163,2.0492,8.6246,11.0633,2.3261,9.9873,11.9289,9.9894,10.0165,2.0422,9.9846,7.1304,9.9836,2.3896,7.1558,2.0549,9.9836,12.668,6.9735,2.3896,2.3896,2.0624,2.5,2.3896,2.1144,2.5,2.3896,2.3896,9.8114,7.1558,6.452,9.9836,2.5,7.4662,10.0562,2.3896,5.4871,3.3448,2.3896,2.3896,11.4967,2.3896,2.0441,2.5,3.9689,9.9843,2.0639,10.0141,2.0569,8.0141,2.2822,2.2822,6.6683,2.2822,5.7838,2.2876,5.2737,8.8381,8.0141,9.9893,6.277,2.2822,2.2822,3.3093,2.2822,2.5,5.4605,2.2822,2.2822,2.5,2.2822,2.2822,9.9978,3.9172,2.0567,2.3056,2.3056,2.0448,2.3056,2.0467,2.0453,2.057,2.3056,2.3116,2.3057,2.5,2.5,2.3057,2.3056,2.3056,2.3056,2.3056,2.0526,2.0529,2.5955,2.3056,2.3056,4.3637,2.5001,7.1222,3.5059,4.089,5.3821,2.3057,2.2993,2.2992,2.2993,2.5,3.1974,2.2992,2.2993,2.2993,2.2992,2.2992,2.2992,2.2992,7.1197,2.2992,2.063,2.2992,2.2993,2.2993,2.2992,7.1197,9.9835,2.2993,4.4919,7.1197,2.2993,2.2992,2.2992,5.4502,2.2992,2.0538,2.0469,2.5,2.5,3.7399,5.5773,2.2939,2.3044,6.9755,9.9838,9.9838,9.9838,10.0147,9.9838,9.9838,6.2827,9.9838,10.662,10.0147,9.9809,2.2938,3.209,2.2939,2.2939,2.0641,2.2938,2.383,2.2938,2.2938,2.2938,2.2938,2.5,2.5,9.9834,7.0854,9.9836,9.9868,2.3464,4.8717,9.9836,9.9834,9.9836,9.4248,2.5,2.5,5.8272,2.5,9.9852,9.9868,9.9852,9.9852,9.9834,3.9263,4.2508,2.5,4.6712,2.2134,2.5,9.9868,5.6959,9.9834,2.2135,4.358,4.5674,9.9849,3.1497,2.5001,2.226,2.226,2.5,2.5,2.226,2.0,2.5,9.9806,2.492,8.0002,16.3112,9.9806,2.2261,9.9899,9.9876,9.9858,2.0,2.226,16.7184,10.4442,2.0731,8.3475,9.9806,2.226,4.6532,2.0,2.249,2.0,11.13,2.5,2.5502,7.0996,9.9801,3.6886,11.1245,9.9831,4.3225,2.2491,8.3629,2.5,2.7236,2.0,4.6782,7.0996,2.2491,2.5,2.5,2.2491,0.7766,2.0797,1.4157,2.0001,2.0747,2.5001,5.3109,9.9853,9.9853,9.9853
53,1.0812,2.3162,2.3163,2.0,2.3162,7.8792,9.9845,2.5,2.5503,9.9845,2.5,5.5645,2.3163,7.1265,16.6257,2.5,8.4195,2.0933,5.9671,4.3747,2.0771,1.5031,1.822,2.0805,2.3243,2.0001,2.5,2.5,2.1397,9.9858,2.5021,11.8447,2.3192,2.3192,2.3193,13.6732,9.9849,17.3383,2.899,2.3192,2.3193,2.3192,4.34,9.9836,2.5001,8.8794,11.407,9.9836,2.5,8.697,9.9836,9.5443,2.0423,9.9829,5.9404,9.9836,9.9836,9.9836,9.9817,9.9877,11.755,2.5001,2.3511,2.5322,4.8284,9.9817,2.351,20.9994,9.9806,2.6762,18.8967,9.9888,2.0341,2.5,2.0387,15.3199,6.5547,2.847,2.3066,2.3066,9.9819,14.4546,10.3124,2.0402,2.3066,9.9888,10.0154,9.9806,11.3889,9.981,8.0153,2.0422,9.981,14.2196,10.4017,6.554,7.897,2.305,10.0153,2.305,10.0153,9.982,9.9879,12.3843,4.3359,9.9879,7.122,4.0288,2.0494,9.981,9.982,2.3051,10.4362,9.982,9.982,9.981,2.0383,9.981,7.1373,9.9861,2.3432,9.9828,2.055,9.9875,15.0445,18.565,5.3758,4.7419,2.0529,4.3672,2.3432,2.0616,5.1031,2.3432,2.3432,9.9875,9.9861,9.7997,9.9861,10.771,9.9861,11.1867,2.3432,9.9828,2.3491,2.3432,2.3432,12.8593,2.3432,2.0439,9.982,4.7342,12.1195,2.2408,17.8516,2.2409,7.4763,2.2409,2.0592,2.5,2.5,7.0963,2.2409,2.6476,9.9836,9.9836,9.9836,3.8579,2.3097,2.2408,7.0963,2.2408,10.3942,7.0963,2.2408,2.2408,9.9818,2.2408,2.2408,9.1692,2.6062,2.3218,2.3218,2.3218,2.045,2.3219,2.0462,1.2028,2.6801,2.3218,3.2328,2.5,2.887,5.5723,2.5,2.0646,2.3219,2.3218,2.3273,2.0513,1.9701,2.0524,2.3218,4.8779,7.5629,6.6268,3.5856,3.5863,2.5,2.5001,3.8665,2.0641,2.2094,2.2094,3.5793,2.5001,2.2094,2.5,2.2094,2.2094,2.2094,2.2094,2.2094,7.0838,2.2095,2.2094,2.2094,2.5,2.2097,2.9138,9.9829,9.9829,2.5001,9.9829,3.8143,2.2094,2.2094,2.2095,2.2142,2.2094,2.0462,2.0469,2.5,2.1795,9.9803,2.5,2.1794,2.1794,9.988,10.8473,9.988,9.988,9.988,9.988,9.9813,8.009,9.985,9.9803,9.988,9.9803,2.1794,8.009,2.1794,2.1794,2.1794,2.1794,2.5,2.5,2.1793,2.1794,5.1573,2.1461,2.5001,9.9826,9.9803,10.0073,9.9866,2.146,3.7131,9.9803,6.3328,9.9866,9.9803,2.5,2.1461,5.5549,9.5354,9.9826,9.9866,8.5038,11.6196,9.9866,9.5305,3.4255,2.146,9.9803,2.146,2.5,9.9866,9.9803,9.9803,2.146,9.9829,6.5042,9.9873,2.5,2.7738,2.2653,2.2652,2.5,3.9194,2.2653,1.9526,5.1318,9.9849,2.5808,8.0005,19.6755,9.9826,2.5,9.9849,14.2158,9.9849,2.0,2.2652,14.243,21.4648,2.0731,8.4945,9.9826,2.2652,2.2653,2.2652,2.3434,2.0,10.0172,7.1374,2.9291,2.9662,9.9812,6.6909,9.9812,9.983,7.1374,2.3435,9.9812,3.6571,2.5,2.0,8.7805,9.9812,2.5,2.5,2.7586,3.9229,2.0,2.1099,1.5489,2.3434,2.1031,2.3437,5.9168,10.4525,10.4525,10.4525
54,1.1046,2.304,2.5001,2.304,2.304,5.3238,9.982,2.5,2.3041,9.9863,5.3604,2.3286,2.3756,5.38,23.7516,4.4074,9.9863,2.0897,4.3602,4.532,0.919,1.4646,1.0882,0.9882,2.304,2.0,2.304,5.1444,2.304,9.9836,6.8518,12.0043,2.3312,2.0681,2.3312,9.9855,9.9855,9.9838,2.3313,2.3316,2.0483,2.3315,2.5,9.9838,2.3313,7.2755,8.0166,9.9853,2.3312,2.6329,9.9818,9.9818,2.0526,6.6713,9.9853,9.9918,9.9838,15.6969,9.9806,9.9824,10.6956,2.3067,2.3066,2.3117,5.3307,8.6498,2.3066,23.2527,9.9818,5.9275,12.5556,9.988,2.0337,2.5,2.0387,20.4867,2.9852,2.5,2.2836,2.331,9.988,9.988,10.7988,2.0402,2.9206,9.9894,18.2464,9.9818,11.4381,9.9818,9.9836,2.0422,11.4381,17.1697,11.1658,5.5313,7.2293,2.3436,10.0172,2.3436,10.0172,9.9849,10.3125,12.0128,6.1591,9.9855,7.9902,2.5,2.0494,9.9849,17.7434,2.3437,14.6267,9.9849,9.9849,9.9849,2.0385,9.9849,7.127,12.294,2.3175,8.53,2.0551,9.9838,13.2595,20.1883,2.5,8.016,2.0529,5.7772,2.3174,2.0618,7.5892,2.0606,2.3174,9.9838,9.9803,7.8607,9.9803,6.3768,9.9803,9.9803,3.7418,9.9803,2.081,2.3174,2.3174,9.988,2.0778,2.0439,9.985,8.0177,14.6068,2.5,9.9876,2.3088,6.7321,2.3086,2.0756,3.6515,3.4045,9.9873,2.3086,3.7802,9.9893,9.9876,11.3935,3.9739,2.2487,2.3086,5.7943,2.3086,13.1854,8.8442,2.3086,2.3086,9.9876,2.3087,2.3086,11.358,8.3458,2.3422,2.3422,2.3422,2.0462,2.3422,2.0464,1.0528,2.2006,2.3422,2.5,6.6052,2.3423,11.3671,2.3422,2.0646,2.0642,2.3423,2.3422,2.0513,1.3443,2.0508,2.3422,4.0186,7.1369,2.5001,5.0569,2.9403,2.3479,2.5001,2.8328,2.0798,2.2662,2.2662,9.5281,2.2663,2.2662,2.5,2.2662,2.2662,2.2662,2.2662,2.2662,7.9278,2.2663,2.2662,2.2662,2.2663,2.2662,2.5,9.9834,9.8978,3.2759,11.2612,6.3823,2.2662,2.2662,2.2662,2.5,2.2662,2.0462,2.046,2.5,3.2837,8.3977,2.1973,2.1972,2.1972,9.9872,9.9898,9.9872,9.9872,9.9898,9.9898,9.9827,7.1466,9.9872,9.9802,9.9898,9.9827,2.1972,8.9061,2.1972,2.1972,2.0565,2.1972,2.5,2.1972,2.1971,2.0542,7.8307,2.2074,4.7066,9.9859,9.9832,11.4776,9.9859,2.2074,4.2853,9.9859,7.738,9.9859,9.9859,2.6349,2.2074,6.8259,4.857,11.5826,9.9859,8.3638,12.1927,9.9859,9.4741,2.2075,2.2074,9.9859,2.2074,2.5,9.9859,9.9832,7.083,4.7387,9.9815,5.4319,9.6315,2.8498,7.3693,2.0404,2.3068,7.121,9.9829,2.3025,1.428,9.9829,9.9873,2.3097,8.0151,19.3808,14.11,2.6676,9.9829,17.9623,9.9829,2.0,8.0008,12.8673,20.8896,2.0731,2.878,2.6887,2.0001,7.121,2.0,2.5,2.0,26.8401,2.5001,7.1262,9.9839,9.9838,2.3815,9.9832,9.987,7.1262,2.3156,10.1071,2.5,2.5,2.0,9.9832,11.1578,3.053,2.3162,2.5001,2.316,0.9918,1.3684,0.8626,1.0784,0.6925,2.3286,8.0158,16.3335,16.3335,16.3335
55,1.0812,2.3645,2.3553,2.3552,2.3552,2.5,9.9814,2.5,2.3553,4.92,4.8809,2.3553,2.5708,3.1926,5.7665,2.6808,9.9814,2.098,2.372,2.5,1.0734,1.1043,2.0,1.0191,2.5,2.0,2.0923,2.3553,2.077,9.98,3.7003,31.3068,2.3198,2.3198,2.3198,9.9887,9.9887,9.9845,2.3199,2.3199,2.3203,2.5001,2.3199,9.9845,2.3199,2.5,4.42,9.9847,2.3199,4.5405,9.9847,9.7179,2.0526,4.7059,9.9887,9.9847,9.9847,16.3569,9.9815,9.988,9.988,2.331,2.331,2.331,2.5001,9.9818,2.3026,9.9828,9.9866,3.2353,15.2718,9.9866,2.0337,2.6819,2.0385,15.7546,2.3026,2.3026,2.0542,2.3026,9.9871,9.9866,6.1924,2.0402,2.3026,9.9871,15.7899,9.8232,11.3593,24.6007,9.9819,2.0422,10.6667,15.268,11.4,2.2819,8.0142,2.5,9.9883,2.2818,9.9885,9.9865,9.9885,11.0586,10.3729,9.9883,5.577,2.5,2.0495,9.9865,9.9883,2.2819,16.3076,9.9819,9.9885,9.9819,2.0373,9.9819,5.4303,16.9325,2.3217,8.9482,2.0461,9.988,15.2355,9.6443,2.5,9.988,2.0514,4.3441,2.3216,2.0618,2.5001,2.0608,2.3216,22.7365,9.9823,8.431,9.988,9.7441,9.988,9.988,6.954,18.9132,2.0821,2.3216,2.3216,9.9894,2.0788,2.0439,10.0164,8.0165,12.8399,3.1052,16.4256,2.2926,9.9818,2.2872,2.0704,2.5,5.1667,9.9818,2.2873,3.9182,9.9892,9.9831,10.1403,4.2251,2.0775,2.2873,9.9818,2.2872,19.7714,14.7232,2.2872,2.2872,11.4493,2.5,2.2872,10.0167,7.133,2.3326,2.3326,2.3326,2.0464,2.9197,2.0464,0.9543,2.3326,2.3326,2.5504,6.1351,3.6941,9.9404,2.3326,2.0564,2.0643,2.3326,2.3326,1.3064,1.0525,2.0508,2.3326,4.1114,7.1331,3.4603,7.7417,4.3637,8.6192,5.4159,2.8508,2.2231,2.2806,2.2806,9.5458,2.2807,2.2806,2.5,2.2806,2.2806,2.2806,2.2806,2.2806,7.1122,2.2807,2.2806,2.2806,2.2806,2.5,2.2808,9.9896,9.1396,2.5001,10.5095,6.6576,2.2806,2.2806,2.2806,2.5,2.2806,2.0538,2.0462,3.8321,2.5,9.544,2.1892,2.1892,2.1892,9.9848,9.9893,9.9893,9.9893,9.9893,9.9893,9.9833,7.9514,9.9893,9.9833,9.9893,9.9833,2.1892,10.0096,2.1892,2.1892,2.0565,2.0663,2.5,2.1892,2.1892,2.052,9.9283,6.9763,6.0021,9.9878,8.0107,13.8215,9.9805,2.2136,4.7607,9.9805,6.8278,9.989,9.9805,7.3349,2.8327,6.0082,2.767,11.0887,11.4039,7.8962,17.0499,9.9874,8.5766,2.2136,2.2137,9.9805,2.2136,2.2139,9.9878,9.9805,2.3683,7.4483,9.9864,2.5001,9.9815,4.5531,6.3162,2.035,2.2835,2.5,9.9815,2.2835,0.8059,9.9815,9.9825,2.5,8.0002,17.9168,14.3459,7.4909,9.9815,17.9622,9.9815,2.0,4.751,13.0264,15.2856,2.0731,7.826,8.0002,2.0001,8.0002,1.0773,2.2578,2.0,13.9256,2.2578,6.6027,9.0095,9.9844,2.0786,9.9836,9.9844,2.2582,2.5,9.9844,3.7628,9.9836,1.2572,9.9836,9.988,2.7577,5.2393,2.7852,2.2578,1.3636,1.4392,1.315,0.97,0.5399,2.2581,9.9844,16.2282,16.2282,16.2282
56,0.9898,2.2727,2.2729,2.2728,2.2728,2.5,8.912,2.5,2.5,4.3368,4.6765,2.2729,2.5,5.6448,4.3658,2.3051,10.4641,2.0805,2.5,2.2728,0.7874,1.0792,1.4894,0.7874,2.5,2.0527,2.2097,2.9829,2.0,9.9822,2.5,11.435,2.2852,2.2852,2.2852,9.9848,9.9848,9.9818,2.4826,2.5001,2.5,2.2904,2.2905,9.9818,2.5,2.8046,5.546,9.9818,2.2852,3.0972,9.9848,9.4111,2.0527,2.5,9.9848,9.9848,9.9818,11.1412,9.9866,9.9866,9.9866,2.3026,2.0544,2.3026,7.6451,9.9866,2.3914,9.9814,9.9872,3.941,11.9023,9.9889,2.0337,5.8827,2.0387,17.2739,2.3915,2.3914,2.0438,2.3914,9.9889,15.0025,3.264,2.0402,2.3915,9.9889,9.9814,8.0197,11.4139,28.5988,9.9835,2.0424,12.2145,9.9884,11.8091,2.3246,9.604,2.33,9.9884,2.3246,9.9884,9.9835,12.269,9.9884,8.668,9.9875,3.2852,2.5,2.0494,9.9859,9.9884,2.5,14.9895,9.9835,9.9884,6.5628,2.0375,9.9859,3.0888,14.8682,2.3559,6.3811,2.0461,9.9817,13.2133,8.8369,2.3559,9.9806,2.0516,2.5,2.3558,2.0619,2.5,2.0609,2.3558,9.9853,9.9805,5.4449,9.9805,9.4608,9.9805,9.9805,4.6249,24.6317,2.0793,2.3558,2.0908,9.9817,2.0872,2.0426,9.9807,2.3267,8.0144,2.5,9.9855,2.069,9.9829,2.2874,2.0594,2.469,5.1429,9.9855,2.2874,3.6861,12.6201,9.9855,13.4909,2.8684,2.0776,2.2874,9.9829,2.2874,9.9821,22.3297,2.2874,2.2874,24.6406,6.6333,2.2874,11.073,7.2404,3.0752,2.2264,2.2264,2.0464,2.6905,2.0467,0.9117,2.1147,2.2264,2.5,8.2588,4.687,9.9825,3.6723,2.0567,2.0643,2.2264,2.2264,2.0513,0.8892,1.5346,2.2264,3.4275,7.7461,5.2568,7.0906,3.6149,9.1992,5.4608,2.5,2.0641,2.283,2.283,9.5816,2.283,2.283,2.5,2.283,2.056,2.283,2.283,2.2831,7.2815,2.283,2.283,2.283,2.283,2.5,2.2831,9.9706,9.0752,4.4729,10.0143,3.2464,2.283,2.0489,2.283,2.5,2.0557,2.0464,2.0462,3.9017,2.5,9.0963,2.184,2.184,2.184,9.9832,9.9844,9.9841,9.9841,9.9844,9.9841,9.9831,2.5059,9.9831,8.978,9.9831,9.9831,2.184,10.0093,4.2199,2.184,2.149,2.0663,2.5,2.184,2.184,2.0506,6.6706,7.0798,8.7912,9.9879,8.0101,10.5737,9.9824,2.1994,2.5,9.9824,4.9528,9.9838,7.0799,9.1874,3.0651,5.5915,1.5969,9.9879,9.9879,7.3184,14.5317,9.9879,9.9014,2.1994,2.1994,4.0575,2.1994,2.1995,9.9879,9.9838,2.1995,5.3439,9.981,2.2269,9.9864,6.6731,6.1684,2.035,2.1858,2.5,9.9864,2.1859,0.4806,9.9864,9.9864,2.1858,2.5001,21.6206,9.9054,9.9864,9.9864,12.2129,7.1557,2.0,4.1432,9.9864,19.1502,2.0731,7.0743,8.0003,1.0773,6.6416,0.9634,2.2354,2.0,11.7385,2.2356,6.275,8.3828,9.9837,2.0718,9.9837,9.9837,2.2354,2.7941,9.7136,2.5,9.9837,1.4224,10.0118,9.9861,2.2457,2.2355,3.2781,2.2354,1.7755,1.3453,1.0784,0.6721,0.4696,2.2357,9.9993,20.5096,20.5096,20.5096
57,1.4353,2.0898,2.3459,2.3459,2.3458,2.5,9.6064,3.8309,2.5,4.8043,4.8576,2.3459,2.4278,3.1081,23.3441,2.3459,10.1728,2.0792,2.5,2.3458,0.9175,1.0792,1.0792,0.9303,2.5,2.3458,2.3458,3.556,2.0,8.2928,2.5,14.1301,2.0596,2.0596,2.3536,9.9898,9.9898,9.9806,2.5,2.5001,2.3537,2.3537,2.5,7.4999,2.5702,4.2504,3.9239,9.9806,2.3536,2.3537,9.9898,9.1423,2.0423,2.3537,9.9898,9.9898,9.9806,14.4471,9.9872,9.9889,9.9872,2.3914,2.0543,2.3915,9.9814,9.9872,2.3534,9.9815,9.9861,2.6738,10.0177,9.9861,2.0337,3.5277,2.0,18.295,2.3534,2.3534,2.0432,2.3534,9.9861,15.3171,3.5993,2.0,2.3534,9.9861,8.0177,5.7327,10.0214,19.4667,9.0606,2.0424,11.5398,9.9855,11.2625,2.4234,8.1554,2.4234,10.0212,2.4234,9.9808,9.9808,11.3154,9.9855,13.6322,10.0213,2.4235,2.5,2.0494,9.9808,12.6414,2.4235,13.9747,9.9808,9.9855,7.1694,2.0375,9.9808,2.9476,6.6195,2.3582,4.4926,2.0447,9.9865,13.233,2.5,2.3583,8.0179,2.0516,2.5,2.3583,2.0619,2.5,2.0607,2.3582,9.9891,9.9849,2.5,9.9849,5.3037,9.9849,9.9849,2.3582,16.5019,2.0531,2.0914,2.0914,9.9849,2.0546,2.0426,9.9841,2.3126,5.3578,2.5,12.0743,2.0677,9.9819,2.2818,2.0593,2.5,2.5341,9.9865,2.2818,2.5,11.7062,9.9819,12.9316,2.2879,2.0526,2.2818,9.9819,2.2819,9.9819,20.033,2.2818,2.2818,11.1761,5.6384,2.2818,11.1612,7.1161,2.357,2.2902,2.2902,2.0464,3.5401,2.046,1.0528,2.0573,2.2902,2.5,10.2978,2.2902,7.9961,2.0654,2.057,2.0643,2.2902,2.0639,1.1148,0.8179,1.0904,2.2902,2.2903,2.416,2.5686,7.1161,2.2903,5.3628,5.6059,2.273,2.0554,2.2678,2.2678,7.8616,2.2678,2.2678,2.2679,2.2678,2.0557,2.2678,2.2678,2.2678,6.6883,2.2678,2.2678,2.2678,2.2679,2.2679,2.2678,8.1039,7.8014,2.5,9.983,2.5,2.2678,2.0489,2.2678,2.5,2.0487,2.0464,2.0462,5.1598,2.2171,6.9691,2.05,2.217,2.217,9.9825,9.9834,9.9833,10.0109,9.9834,9.9825,8.2759,2.5,7.7991,8.0109,9.9825,8.9779,2.217,10.0059,2.217,2.217,2.0565,2.217,2.2625,2.0629,2.217,2.0597,6.1425,8.0126,8.4158,9.9838,2.5354,10.3595,6.9444,2.25,2.25,8.4375,5.1893,9.9838,2.8122,9.9825,2.25,2.294,2.064,9.9838,10.3808,7.2368,10.2664,9.9838,8.1202,2.2501,2.25,2.5,2.25,2.25,9.9838,9.9825,2.2501,2.2501,9.9801,2.2791,9.981,2.5,2.5001,2.0404,2.2266,2.8681,9.981,2.2266,0.6452,9.981,9.981,2.0545,2.7831,20.9579,4.6803,9.981,9.9818,12.7447,7.0906,2.0,2.5475,11.133,16.3515,2.0731,2.2267,4.7097,2.0001,4.4897,1.0297,2.6726,2.0,19.8388,2.5001,5.7833,8.0126,7.2738,2.4791,9.9844,9.9844,2.2522,4.6253,6.5846,3.0908,10.1664,2.0,12.1827,9.9844,2.2523,2.2522,2.5001,2.0797,2.0795,1.4918,0.7193,0.7201,0.5029,6.0812,9.9898,20.2173,20.2173,20.2173
58,2.0,2.0,2.3589,2.3588,2.3588,2.5,8.0179,3.9267,2.5,9.9814,7.1435,2.3589,2.3589,3.1837,8.0179,2.3589,4.4216,2.0792,2.5,8.2067,1.0792,1.0734,1.0792,0.9664,2.3674,2.3588,2.3588,2.5,2.6954,2.827,2.5,11.6363,2.4034,2.2307,2.4034,11.796,10.4054,9.9809,2.5,4.4297,2.4034,2.4035,2.4035,2.5001,4.52,2.4214,2.5,6.8538,2.4034,2.3989,9.9839,2.5,2.0528,2.5,9.9816,9.9816,8.2319,11.4506,9.9815,9.9861,9.9861,2.3534,2.0441,2.3536,9.9815,9.9854,2.3814,19.6392,9.9803,2.5,6.3392,9.984,2.0337,2.5,2.0387,11.4863,2.0559,2.3814,2.0438,2.3814,9.984,11.4863,4.4407,2.0001,2.3814,9.984,5.8621,4.2406,2.5001,18.2829,8.0205,2.0424,9.192,9.99,10.6708,2.0492,7.1637,2.4092,9.9882,2.4092,9.9882,9.8826,9.9882,9.99,2.5,9.9882,2.0715,2.4093,2.0429,9.9862,9.9882,2.4092,13.3385,8.0205,15.4076,6.4789,2.0377,9.9862,2.4788,2.4787,2.0454,2.4788,2.0461,9.9817,8.024,2.4786,2.4786,2.5,2.0532,2.4883,2.4786,2.0617,2.4871,2.0607,2.0613,9.9817,6.5971,2.5,9.9817,2.5,7.1915,11.4012,2.4786,5.5983,2.0531,2.0531,2.0531,7.8519,2.0455,2.0355,9.9801,2.3282,2.2967,2.2966,9.9849,2.0712,9.9849,2.2966,2.0593,2.2967,2.2967,9.9849,2.2966,2.2967,9.9883,9.9851,11.3782,2.2966,2.051,2.0803,7.8531,2.2966,5.3469,16.8367,2.0802,2.2966,12.1836,4.5742,2.2966,10.018,2.5,2.0656,2.3582,2.3582,2.0464,3.9654,2.0448,1.0349,2.0575,2.3582,2.3583,5.6771,2.5,5.9491,2.3582,1.4504,2.0567,2.0825,1.2924,0.9887,0.9884,1.0396,2.0554,2.3582,2.3582,2.3582,7.1433,2.3583,2.5,2.3653,2.292,2.0554,2.0588,2.292,3.0824,2.292,2.292,2.292,2.292,2.0557,2.292,2.292,2.292,2.7028,2.292,2.0554,2.292,2.292,2.292,2.292,6.8733,2.7717,2.292,9.8574,2.2921,2.0633,2.0447,2.292,2.292,2.0472,2.0464,2.0462,2.8435,2.2682,2.2683,2.0617,2.2682,2.2682,7.8971,9.9804,9.9804,10.0134,9.9804,8.3278,3.4594,2.2683,2.5,2.5,7.9203,3.3781,2.2682,5.584,2.2682,2.2682,2.0562,2.2682,2.2682,2.0778,2.8649,2.0738,2.9155,9.1984,7.0034,9.9821,2.2716,10.0136,6.0007,2.2716,2.2716,2.2716,2.2717,7.2899,2.2716,9.8633,2.0696,2.0696,1.0776,8.8023,9.9832,6.2697,6.0277,9.9821,2.2717,2.2716,2.2717,2.2717,2.2716,2.2716,9.9832,9.9821,2.2717,2.0651,8.0162,2.3248,9.9801,2.5,2.2791,2.0404,2.279,2.5,9.5857,2.279,0.7946,9.9801,9.9801,2.0002,2.8488,20.406,5.0216,9.9801,9.9803,14.1872,8.8779,2.0,2.8488,9.9801,10.3313,2.0731,2.279,2.5,2.0,2.8488,1.0773,2.2917,2.2914,11.7535,2.2916,8.2807,7.1166,9.9817,2.9186,7.4705,8.0149,2.2914,2.5,3.0633,3.5425,9.9894,2.2914,9.3544,9.9844,2.0948,2.4585,7.1166,2.0921,1.2839,1.6572,0.82,0.7225,0.6396,6.5485,10.1452,14.0536,14.0536,14.0536
59,2.0661,2.0,2.3344,2.3345,2.3344,2.5001,7.1338,2.8088,2.5,2.9178,11.4264,2.3345,2.3345,2.967,2.0001,2.3345,2.5,2.0792,2.5,2.3343,1.0111,1.0388,1.0792,0.9594,2.5,2.0,1.927,2.3345,2.0,2.402,2.402,10.5707,2.402,2.0503,2.402,9.985,9.0075,4.2607,2.402,2.5,2.402,2.4021,2.5,2.402,7.1711,2.402,2.4091,2.5,2.0438,2.402,9.985,2.402,2.0423,2.4021,9.985,9.985,2.4074,3.8147,8.0191,9.984,11.7056,2.3816,2.0441,2.3814,9.9803,4.4496,2.4428,14.7715,2.7432,2.4428,2.042,9.7213,9.1695,2.5,2.0387,9.987,2.0447,2.4428,2.0432,2.0426,10.0224,12.6513,2.5,2.0001,2.4429,9.6559,2.4428,8.0222,2.4486,10.0222,8.0222,2.0426,10.9861,9.9833,9.9833,2.4431,7.1772,2.443,9.9819,2.443,9.9833,7.0264,9.9833,9.9833,2.0407,9.9819,2.0494,2.443,2.0429,9.9819,9.4464,2.443,13.8273,7.1772,10.0222,8.0222,2.0377,9.9809,2.4728,2.4728,2.0542,2.4728,2.0461,9.9844,7.9998,2.4728,2.4728,2.5,2.0519,2.4728,2.4728,2.0619,2.4728,2.0608,2.0612,9.9844,9.9844,2.5,9.9844,2.4811,2.8649,8.5277,2.4728,9.969,2.1206,2.0532,2.0531,2.5,2.0469,2.0355,9.9806,2.3704,2.3206,2.3206,2.5806,2.3206,9.98,2.3206,2.0593,2.3206,2.3206,8.4096,2.3206,2.5,9.9895,9.9836,9.9895,2.3206,2.0526,2.0868,8.0161,2.085,2.5,10.88,2.085,2.0902,11.5403,4.8362,2.3206,7.1693,2.4233,2.0656,2.4232,2.3695,2.0467,6.4407,2.0462,1.0064,2.0575,2.4232,2.4232,2.5,3.0721,5.1675,2.0634,1.2799,1.2354,2.0974,2.3242,1.1679,1.1194,1.1593,2.0557,2.1018,2.4232,2.4232,5.1489,2.625,2.4232,2.4232,2.4536,2.0641,2.4536,2.4536,2.4536,2.4536,2.4536,2.4536,2.4536,2.4536,2.4536,2.4536,2.4536,2.4537,2.4536,2.0554,2.4536,2.4536,2.4536,2.4536,3.462,2.7325,2.4536,7.5083,2.4538,2.0978,2.0447,2.4536,2.4536,2.0487,2.0539,2.0464,5.9166,2.0857,2.0516,2.0514,2.3792,2.3792,4.1397,9.9833,9.0127,7.9284,9.8577,7.1517,2.5,2.3793,2.3792,2.3793,6.6478,2.5,2.0987,3.7925,2.3791,2.0929,2.0929,2.3792,2.1103,1.7,5.1526,2.3792,2.3792,7.647,7.6349,9.983,2.3698,9.9895,3.6454,2.1017,2.1017,2.3698,2.3698,2.3698,2.0946,5.1389,1.9147,2.0946,2.0683,9.986,5.7847,2.3699,5.6761,4.694,2.3698,2.3698,7.1479,2.3699,2.3698,2.3698,9.983,9.986,2.3699,2.0593,4.9361,2.3556,3.8028,2.0391,2.3249,2.0404,2.3248,2.325,8.0162,2.0318,0.8784,9.9804,5.909,2.0,2.906,10.7443,2.0515,9.9856,9.9856,15.0234,2.5,2.0,2.3248,8.726,11.8633,2.0731,2.3349,2.5,1.3214,2.3249,1.0228,2.2514,2.2514,7.1006,2.2514,5.4598,7.9998,8.0126,4.488,2.0767,2.5,2.2046,2.5,5.2597,7.2193,9.9896,2.2514,3.4982,9.9849,2.2514,2.2633,2.8787,2.0001,0.7899,1.4296,0.7174,0.6233,0.6196,4.2168,6.7181,9.9896,9.9896,9.9896
60,1.9852,2.0,2.0001,2.3625,2.3624,2.5,5.4532,2.5,3.2575,2.5,9.7679,2.3626,2.3625,2.3624,2.0002,2.3623,2.5,2.0792,2.3624,2.1052,1.0958,1.7153,1.0734,1.0792,2.3624,1.1262,2.0,2.0884,2.0,2.4016,2.0639,9.2323,2.4016,2.0503,2.4016,7.1606,7.1606,2.5001,2.4017,2.5577,2.0476,2.4017,2.5,2.4016,3.6155,2.0435,2.4017,2.4016,2.3345,2.2397,9.9876,2.4016,2.0423,2.0494,11.2569,9.9876,2.4016,2.4428,2.5001,9.987,2.881,2.4428,2.0441,2.4429,7.1771,2.4429,2.261,11.3328,2.261,2.261,2.0413,4.153,3.4427,2.2651,2.0387,8.1541,2.0,2.0447,2.0542,2.0,10.0133,11.3051,2.5,2.0001,2.2611,8.0132,2.2611,7.1044,2.3146,9.9814,8.0157,2.0001,8.3595,9.9885,11.4011,2.0492,4.2889,2.054,9.9814,2.3146,9.9818,2.3155,9.9818,9.9838,2.0324,9.9814,2.0429,2.3146,2.0001,9.9818,6.9582,2.3146,9.9885,7.3145,10.1431,3.7405,2.0377,6.6853,2.2796,2.2796,2.0542,2.2796,2.0447,9.9812,4.2615,2.2796,2.2796,2.0615,1.0579,2.0618,2.2796,2.0525,2.2796,2.0606,2.0611,5.6895,2.5001,2.2796,8.5485,2.2796,2.5,4.105,2.2796,3.1972,2.053,2.0491,2.0529,2.2797,2.0455,1.0528,9.9832,2.0472,2.0472,2.064,2.2608,2.0627,2.3058,2.2608,2.0526,2.0518,2.2608,2.2609,1.0779,2.2609,9.9817,8.0131,9.9835,2.2608,1.4559,2.0708,2.2609,1.0531,2.2678,2.2609,1.5322,2.0734,7.1043,2.2609,2.2608,2.5,2.2514,1.5385,2.2514,2.2514,2.045,2.2515,2.045,0.5977,1.0432,2.0629,2.9179,2.2516,2.2515,2.257,2.0634,1.0432,1.0525,1.0525,0.75,0.7216,0.7215,0.7219,2.0554,2.0606,2.2514,2.2514,2.2545,2.2514,2.2515,2.2514,2.2158,2.0554,2.0588,2.2158,2.2158,2.2158,2.2158,2.2158,2.2158,2.2158,2.2158,2.0539,2.2158,2.2158,2.2158,2.0554,2.0732,2.2158,2.0627,2.2158,2.2159,2.2159,2.2158,3.492,2.2158,2.0449,2.0433,2.2158,2.2158,2.0472,2.0539,2.0464,2.5,2.0461,2.05,2.0514,2.2032,2.048,2.5,2.5,4.6106,2.5,7.0813,5.2397,2.2075,2.2032,2.2032,2.2032,4.9439,2.5,2.0529,2.446,2.2032,2.0565,2.2031,2.2032,2.0592,2.0589,4.5039,2.0559,2.2032,2.5,7.1081,2.5,2.2702,9.9873,2.2702,2.0743,2.0743,2.2702,2.2702,2.2702,1.8423,2.2703,0.7721,2.2702,2.0683,9.9865,2.5,2.2702,2.5,2.2703,2.2702,2.2702,2.2703,2.2702,2.2702,2.2702,8.1979,9.9838,2.2703,2.0593,3.335,2.4034,2.36,2.0391,2.0,2.0404,2.3556,2.3557,8.0178,2.0,0.9323,8.0005,3.3808,2.054,2.5001,11.1778,2.0515,9.9808,6.6233,7.1422,2.3556,2.0,2.3556,8.8335,9.9808,2.3556,2.0837,2.1122,2.0001,2.3556,0.8587,2.2518,1.0515,9.1523,2.078,2.5,4.9704,6.0874,2.5,2.0768,2.2518,2.078,2.2518,2.7635,8.0126,9.9824,2.2518,2.2595,10.0126,2.2518,1.0674,2.5001,2.0001,0.8264,1.4319,0.7507,0.6244,0.9167,2.5,3.1518,9.1963,9.1963,9.1963
61,1.0259,2.1587,2.0,2.3567,2.3566,2.5001,5.4459,2.8792,3.432,2.5,8.0181,2.3567,2.9459,2.3568,2.0001,2.1462,2.5,2.0792,4.4226,2.1035,1.0792,1.6879,1.0792,2.0,2.3566,1.0792,2.0,2.0754,2.0552,2.272,2.0535,7.1333,2.272,2.0503,2.272,7.1088,7.1088,2.7953,2.6296,2.5,2.272,2.272,2.8398,2.272,3.533,2.0432,2.272,2.272,2.2719,2.1384,9.9806,2.272,2.0423,2.0493,8.0136,9.9806,2.0393,2.261,2.3094,9.9856,2.5001,2.2611,2.0441,2.261,7.1044,2.0456,2.0539,22.4845,2.2263,2.2262,2.0521,2.2264,4.3236,2.0494,2.0387,7.3846,2.0,2.0445,2.0541,2.0,10.0114,22.5023,2.5,1.051,3.87,5.6138,1.258,3.4674,2.1814,8.1803,2.1815,0.8658,2.1816,9.985,9.9813,2.0492,2.1814,2.0476,3.5236,2.1814,8.1803,2.1814,5.2265,8.0091,2.0324,8.0092,2.0429,2.1814,2.0002,9.9813,2.5,2.1814,9.9813,2.1815,5.9007,2.0424,2.0,5.0,2.1916,2.1916,2.0452,2.0533,2.0447,8.0097,2.055,2.0571,2.06,2.0613,2.0419,0.5502,2.0617,2.0428,2.0529,2.0605,2.061,2.0698,2.1916,2.1916,2.1916,2.1952,2.0623,2.1916,2.1916,2.1915,2.0393,2.0486,2.0489,2.0593,2.0381,0.3921,2.5,2.033,1.8252,1.042,1.0779,2.0571,2.1476,1.3252,1.0531,2.0498,1.0779,2.0621,0.5683,2.068,2.5,3.5044,9.9885,2.0554,1.0531,2.0399,2.1476,0.3988,2.0399,2.0728,1.0531,1.0531,2.1479,0.722,0.9312,2.1942,2.1938,1.0775,2.059,1.1864,0.4616,2.0401,0.6417,0.4383,0.4526,0.8068,1.0775,2.0666,2.0633,2.0634,1.1945,0.5859,0.5561,0.5454,0.5502,0.4731,0.5123,0.4768,0.5838,0.9208,2.0555,2.0649,2.1938,3.8391,2.1938,2.1974,2.0521,1.4622,1.0756,1.0799,2.054,1.3434,1.7706,2.0642,2.0669,2.0646,2.0629,1.4325,2.0625,2.2952,1.9348,1.2316,1.0799,2.0624,1.9352,2.0627,2.0688,2.2892,2.2893,2.2893,2.0489,2.0447,1.1035,1.8323,2.0585,1.1367,2.0462,2.045,2.0518,2.0351,2.0513,1.0287,2.0383,2.037,2.156,2.156,2.156,2.0658,2.1596,2.1561,2.0625,2.156,2.056,2.0664,2.156,2.156,2.061,2.0642,2.156,2.0548,2.0382,2.0594,0.9553,0.9498,2.156,0.5221,2.077,2.124,2.1241,2.124,2.124,9.9819,2.124,2.0798,2.0,1.5257,2.0339,2.0335,0.7253,2.1241,0.2939,2.124,2.001,9.9834,2.124,2.124,2.0263,2.1241,2.1241,2.0458,2.1241,2.1241,1.4684,2.124,7.0496,2.1241,2.1272,2.0,2.169,2.169,2.4036,2.0391,2.0,2.035,2.4034,2.4035,7.1614,2.0,1.0159,7.9997,8.0202,2.0,3.0041,9.9809,2.0515,9.0128,2.5,8.0204,2.4034,2.0,2.4162,6.226,8.0203,2.4034,2.4034,2.4035,2.0001,2.4034,1.0155,2.0761,4.8296,8.6343,2.0773,2.5,5.0722,9.4479,2.5,2.5,2.2496,2.0773,2.5,2.2583,8.0125,9.9813,2.2496,2.0,5.0001,2.0857,0.7468,3.0982,1.0784,0.8196,1.8739,1.0784,0.6857,0.6147,2.0712,2.5001,5.6361,5.6361,5.6361
62,0.5337,2.2019,1.039,2.2018,2.2018,2.202,2.5,2.2095,2.5,2.5001,4.4995,2.5641,2.2019,2.2166,2.224,2.0001,2.0912,2.098,2.5001,2.0586,1.0792,2.0,2.0625,1.0792,2.0,1.0734,2.0643,2.0752,2.2017,2.2342,2.0638,3.9904,2.2342,2.0418,2.2342,9.9815,7.0937,2.2343,2.0477,2.2343,2.0,2.2341,2.5,2.0591,4.5581,2.0435,2.0,2.0538,2.2342,2.0534,9.9815,2.2342,2.0423,2.0393,5.0606,7.2875,2.0387,2.2132,2.0555,2.2263,2.2263,2.0529,2.0435,2.2262,9.9803,2.0456,2.0536,8.2802,2.1946,2.0523,2.0315,2.1946,8.0,2.0492,2.0387,4.1029,2.0,2.0428,2.0524,2.0001,11.244,11.2481,4.0376,2.0,2.0528,3.7388,0.872,2.1946,2.0443,2.5,2.1802,0.3352,2.1802,8.009,8.009,0.4291,2.1802,2.0537,2.9219,2.0491,2.1803,0.4305,5.2253,5.0929,2.0298,8.2561,2.0007,2.1802,2.0002,9.9828,2.1802,2.054,10.0091,2.1803,2.5609,2.0422,2.0,5.0,2.0538,2.2084,2.0437,2.1853,2.0445,9.9813,2.0484,2.0508,2.0612,2.0509,2.0519,0.5981,2.0803,2.0438,2.0603,2.0,2.0501,2.0437,2.2084,2.2125,2.2084,2.0625,2.056,2.212,2.0531,2.7605,2.0393,2.047,2.0527,2.0545,1.0528,0.6079,2.3124,1.2254,1.4221,1.6989,1.0779,2.0656,2.0645,1.0531,1.0531,1.0531,2.0554,2.0549,0.6946,2.2629,2.2629,2.5,8.1642,2.0524,1.2482,2.2628,2.2628,0.7105,0.754,2.08,1.0722,1.5922,2.1546,0.7699,0.8157,2.3397,2.3395,1.0718,2.0935,1.0528,0.779,0.9567,0.8321,0.7977,0.7924,1.0262,1.0775,2.0632,2.0632,2.0633,1.2136,0.8892,0.8891,1.0525,0.904,0.8282,0.8283,0.8976,0.9745,1.0526,1.23,1.3409,2.9242,2.2731,3.4814,3.6968,2.0549,1.1776,1.0756,0.9017,2.0535,1.0799,1.3505,2.0341,1.5546,0.9455,2.0628,2.0523,2.0139,2.0758,2.0134,1.0013,0.9009,0.9784,1.0799,2.0339,2.0654,2.329,2.0572,2.2377,2.0428,1.0799,1.0799,1.3423,2.0338,0.8858,1.1679,1.046,2.0581,1.0924,1.0803,1.0759,1.6259,0.7783,1.1364,2.0659,2.0661,1.9553,2.0617,2.0625,1.5519,2.0662,2.0563,2.2676,2.2676,2.0705,2.0537,2.0634,2.0656,1.0708,0.7783,0.757,0.7783,0.7666,1.0759,0.7783,1.0759,2.2452,2.0843,2.0741,2.0766,2.2452,1.4359,0.7391,0.5766,0.7041,0.7391,1.2617,0.583,2.0625,0.5373,1.7547,0.6373,9.985,2.2452,1.4357,1.4362,2.2453,2.0437,2.0463,2.2452,2.2453,0.7391,1.0754,2.2452,2.2454,2.2453,1.0776,1.9862,2.233,2.1691,2.0391,0.9422,2.0343,2.169,2.1692,4.119,0.961,0.3225,5.2113,5.3105,2.0,2.169,9.9835,2.05,8.0085,2.4616,4.0641,2.7113,2.0,2.1693,2.5001,3.3494,2.169,2.1689,2.169,2.0,2.1689,0.8626,2.0,2.5,3.623,2.0868,2.8653,2.5,5.451,7.1169,2.4605,2.0,2.0,2.5,2.103,7.8214,7.1169,2.2922,2.2923,5.0001,2.0,0.9429,2.306,2.0001,0.959,1.6617,0.8448,0.8343,0.641,2.0836,2.2922,3.6581,3.6581,3.6581
63,0.524,2.0822,0.5471,0.6723,2.207,2.207,2.2071,2.5001,2.207,2.4084,9.986,0.5479,2.2071,2.2225,2.1523,2.0,2.0988,2.06,2.2071,1.0734,1.0734,2.0,1.0552,1.0605,1.0792,0.5768,1.0734,1.2497,1.2949,2.0639,2.0563,2.1344,2.1344,0.8653,2.1344,3.8573,7.0538,2.0481,2.0483,2.1345,1.9589,2.0489,2.1344,2.0423,4.1174,2.0441,1.0714,2.0438,2.0535,2.0514,2.8974,2.0423,2.0387,2.032,2.2252,7.866,2.0372,2.0556,2.0526,2.1947,2.0523,2.0541,2.0001,2.0583,7.0778,2.0002,2.0438,7.0863,2.2158,2.0423,2.0322,2.2167,7.9999,2.2158,2.0387,2.2158,1.0518,1.2002,2.2158,2.0402,10.0111,11.185,2.2158,2.0,2.0429,2.2159,1.0506,2.2158,2.0471,2.3115,2.3114,0.545,2.3114,9.98,8.0156,0.7452,2.0536,2.0627,2.3116,2.0443,2.3115,0.7419,5.1393,3.7781,2.0298,8.1843,2.0461,2.3114,0.8955,9.9893,2.3114,2.0539,8.0156,4.6566,2.3115,2.0421,2.0,3.7609,2.2302,2.3122,2.0432,2.3068,2.0443,8.0154,4.0369,2.0488,2.3068,2.0504,2.0428,2.053,2.3068,0.8815,2.0426,0.8091,2.0501,2.0571,2.5001,2.057,2.3068,2.0623,3.4519,2.3068,2.3068,3.2428,2.0465,2.0479,2.0592,2.0545,1.0528,0.6378,2.2892,1.276,1.0779,1.0531,2.051,2.2445,2.0588,1.0531,1.7896,1.0779,2.0673,2.0549,1.213,2.2445,2.2444,2.2445,7.0978,2.0422,1.5805,2.2444,2.2444,0.6911,1.1033,1.8927,1.1294,2.0784,2.0703,0.7377,0.7584,2.2986,2.0653,1.0718,2.054,0.8559,1.0528,1.0528,1.0528,0.6849,0.6962,1.0775,1.2156,1.84,1.2349,1.0775,1.5088,0.7818,0.7817,1.0775,1.0525,0.7893,0.7284,0.78,0.8559,0.8931,2.0549,2.0488,2.873,2.0591,4.6548,2.0606,1.0756,1.0799,0.8701,0.8704,1.4373,1.0799,1.4281,1.9259,1.0756,0.8735,2.0628,1.2347,2.0683,2.3103,1.3031,1.0756,0.8707,1.0799,1.0799,1.8792,2.0572,2.304,2.0485,2.0486,1.8603,1.0799,1.0647,1.0799,2.0555,0.7237,1.1147,0.8284,2.0518,0.9707,1.5698,1.0803,2.0655,0.8481,2.0711,2.2963,2.0575,2.0576,2.1087,2.0541,1.963,2.0662,2.056,2.2962,2.2962,2.0771,2.0535,2.2963,2.2962,0.8482,0.8483,0.7387,0.8614,0.8284,0.8481,0.6432,1.0759,2.5,2.0845,2.084,1.8128,2.5,1.8121,0.7487,0.6633,0.7979,0.8202,0.7983,0.6056,2.2792,0.6108,2.279,1.2465,8.733,2.279,0.6857,2.0428,2.279,2.0444,2.0459,2.279,2.8488,0.7031,0.7983,2.2791,2.2791,2.2849,0.7983,2.0358,2.358,2.233,2.039,0.7178,1.1077,2.233,2.233,2.5,0.6632,0.4187,2.2335,3.7674,1.0483,2.233,2.2331,0.6634,2.5,2.0676,2.0001,0.6636,0.7178,2.0001,2.233,2.5,2.233,2.0965,2.0001,0.7178,0.6918,0.4833,2.0,2.7156,2.9588,2.0527,2.7158,2.0001,4.2251,7.069,2.0,2.0,2.0001,2.1775,1.8615,2.5,2.0004,1.0784,2.0,2.0001,1.8615,0.5278,2.0544,0.5473,0.4925,0.4921,0.4739,0.379,0.335,0.974,2.0495,2.0546,2.0546,2.0546
64,1.0137,2.0001,1.0792,1.0812,2.4096,2.4097,2.5,2.4096,2.4097,3.3639,9.8658,1.0753,2.5,2.4397,2.4379,2.0001,2.1209,2.078,4.4854,1.2727,1.118,2.0,1.1163,1.1096,1.1423,1.083,1.1297,1.1401,2.0676,2.0635,2.0558,2.5,2.2764,0.9613,2.0658,7.1106,7.1106,2.2765,1.0715,2.5,0.7406,2.0598,2.2765,2.0423,2.5,2.0432,0.7937,2.0432,2.0438,2.0429,4.2331,2.0423,2.0393,1.7491,2.0487,10.216,2.0,2.0456,2.0428,2.2159,2.0424,2.0441,1.3058,2.0584,9.0444,2.0428,2.0532,7.0539,2.2892,2.042,2.0322,2.2893,4.5393,5.6042,2.0387,2.2892,0.967,2.0421,5.5617,2.0402,11.3687,13.5323,2.0402,2.0,2.2893,5.0,0.6862,2.2927,2.0351,2.3226,2.3188,0.7344,2.5,9.9859,7.5453,2.0,2.0535,2.3188,2.3251,2.3188,3.1115,0.7306,8.1757,2.5,2.0367,8.0583,2.0362,2.3188,0.7631,9.9862,2.3189,2.0544,8.0159,5.0037,2.3189,2.0422,2.0005,2.5,2.2692,2.0536,2.0428,2.0548,2.0443,9.2869,5.0,2.0485,2.2692,2.0514,2.0428,2.0525,2.2692,2.0438,2.0426,0.7729,2.0501,2.0437,2.5,2.057,2.2692,2.0432,5.4807,2.2744,2.8365,2.2692,2.046,2.0474,2.0522,2.2692,1.3122,0.7332,2.3102,1.0779,1.0779,1.0779,2.0507,2.2505,2.0488,1.0531,1.6188,1.0779,2.2006,2.0567,2.0591,2.2505,2.2504,2.2505,6.7656,2.0422,2.0502,2.2505,2.0729,0.7186,2.0786,2.0798,1.1573,2.2505,2.0702,0.7762,0.6509,2.2663,4.0662,1.0775,1.2314,0.7758,1.0775,1.0775,0.632,0.6579,0.7637,1.1084,1.1197,2.0633,2.0632,1.0775,1.1274,0.7635,0.6975,0.7758,0.755,0.6494,0.6492,0.7318,0.7758,1.0802,2.0646,2.0503,2.8328,1.754,2.0608,2.0606,0.6141,0.9111,0.8907,1.0799,1.3657,1.0075,1.0756,2.0666,0.8962,0.6856,2.0627,1.0528,1.0799,1.4363,1.0849,1.1148,1.0301,1.0174,1.0799,1.0259,1.0087,2.0575,1.3258,2.0426,1.0127,0.614,1.0756,1.3591,2.2146,0.6138,0.8056,1.9211,2.0516,0.8727,1.3537,1.0803,2.0654,0.7916,1.3577,2.0657,2.066,2.057,2.2281,2.0624,1.0803,2.0548,2.0661,2.2234,2.2234,2.06,2.0639,2.2235,2.2234,0.701,1.0759,0.6321,0.701,1.0058,2.2234,0.5314,0.9855,2.1916,2.5,2.1916,1.1216,4.2367,1.8958,0.6453,0.4556,0.5509,0.8685,0.8579,0.4199,2.1916,0.4201,2.1916,2.0653,9.9813,2.1916,1.0776,2.0451,2.1917,2.0442,1.122,2.1916,2.1916,0.4829,0.4808,2.1917,2.1918,2.1961,0.5475,1.4109,2.0392,2.358,2.039,0.5706,2.0427,2.3581,2.358,2.3583,0.859,0.5982,2.5,2.9203,1.0194,2.358,2.5001,0.6839,2.5001,2.0675,2.0005,0.775,1.0247,2.0004,2.0952,2.3579,2.2296,2.3583,2.0,1.4743,1.4778,1.0585,2.0001,4.5574,2.0989,2.0822,2.5,2.0001,2.651,7.1722,2.0,2.0,2.0001,4.7287,2.0792,3.6197,2.0001,1.1418,2.0799,1.2278,1.3892,1.2281,2.0002,1.0632,1.1097,0.9381,1.0632,0.9441,0.8587,1.0784,2.123,2.5,2.5,2.5
65,0.9706,2.0822,0.9969,2.0001,2.3784,2.3918,2.5,2.3784,2.3784,2.5,9.9801,2.4088,4.3787,2.3786,2.3784,2.1067,2.1117,2.0947,2.3785,1.089,2.0001,1.8859,1.0514,1.025,1.0892,1.0419,1.0734,1.0587,1.0854,2.0535,2.0674,2.3404,2.3404,1.0714,2.3404,9.9835,7.1362,2.5001,1.3199,2.3405,0.8135,2.0598,2.3405,2.0423,6.4581,2.0432,0.9057,2.0432,2.0531,1.058,3.8335,2.0521,2.3404,2.032,2.0486,9.4627,2.0372,2.0453,2.2892,2.2892,2.0415,2.0537,2.0453,2.2892,9.9824,2.0426,2.2846,17.6785,2.0551,2.2846,2.0322,2.2847,2.0489,9.9806,2.0001,3.4387,1.0518,1.5831,8.0142,2.0507,10.014,15.6735,2.0506,2.0001,7.1139,2.9807,0.5602,2.2883,2.0354,2.3083,2.3036,0.5798,4.2772,9.9851,7.147,2.0,2.3036,2.5,2.5,2.3037,5.3795,0.6934,9.9807,3.0774,2.0376,8.1564,2.0362,2.3036,0.7267,9.9807,2.3037,2.3036,7.3035,5.7829,2.3037,2.037,2.0002,2.5001,2.3354,2.0534,2.0426,3.4814,2.0362,12.8461,12.0485,2.0483,2.3354,2.0511,2.0506,2.0611,2.3354,2.0438,2.0601,1.6122,2.0501,2.0571,2.5,2.3354,7.5005,2.0432,7.2179,2.3355,2.3354,2.3355,2.0582,2.0484,2.0529,2.3354,2.0355,0.8138,2.2958,2.0024,1.0531,1.3202,2.0507,2.26,2.05,1.0531,1.7689,1.1458,2.0622,2.0567,2.0708,2.2601,2.26,2.26,3.3556,2.0422,2.0516,2.265,2.0726,0.7354,6.3611,2.0694,1.32,2.2601,2.0702,1.781,1.0722,2.2206,2.2191,1.0528,2.054,0.6859,1.0718,1.0528,0.851,0.6155,0.6155,1.0539,1.0591,2.0632,0.8891,2.0631,0.889,0.6268,0.6152,0.6091,0.5923,0.524,0.524,0.6157,0.6859,1.1201,2.0647,2.0591,2.2148,1.0802,2.2148,2.051,0.963,0.8188,1.0756,1.0756,1.4382,0.7055,1.0799,1.431,1.0718,1.0756,1.3968,1.0799,1.1457,1.5739,2.0537,2.0546,0.9663,1.0756,1.1622,0.7055,1.2672,2.0575,2.0493,2.0437,1.7721,0.7055,0.5375,2.0485,2.2261,0.6469,0.8484,2.049,2.0516,0.7629,2.0493,1.0803,2.0655,0.7629,1.0803,2.0657,2.0569,2.0585,3.2762,2.0535,1.2158,2.0558,2.066,2.2588,2.2588,2.2242,2.0659,2.2589,2.2588,1.0354,1.8772,0.7411,1.3592,1.3603,2.2588,0.7371,0.7404,1.3444,6.0641,2.089,1.105,7.0643,1.1953,0.5818,0.6112,0.6674,1.1957,0.9145,0.5757,2.2042,0.447,2.2042,1.0776,9.9854,2.2042,1.0776,2.0435,2.2043,1.9134,2.0466,2.2043,2.0594,0.5143,0.5125,2.2043,2.2043,2.7553,0.4854,1.206,2.2098,2.3483,2.0324,0.3803,2.0413,2.2267,2.2267,2.2268,0.4329,0.3231,2.5,2.5,2.0585,6.4426,2.5,0.374,6.4968,2.2267,1.411,0.7066,0.6695,2.0829,2.0604,2.2264,7.0906,2.7834,2.0001,2.2266,1.0515,0.7724,1.0517,4.3435,2.0987,2.0807,2.2641,1.0387,2.5,8.0132,2.5,1.0516,2.2642,7.1057,1.0784,2.2642,2.0518,1.0784,2.0,0.7534,0.7796,0.8093,1.6264,0.7541,0.6813,0.585,0.6548,0.5799,0.5285,0.7542,2.2644,2.0834,2.0834,2.0834
66,0.9589,2.082,0.9804,2.1747,2.3708,2.3839,2.3709,2.3708,2.3708,2.5,9.9806,2.4007,8.0186,2.3985,2.2004,2.1065,2.3708,2.3708,3.0567,1.0792,1.7627,1.8481,1.8904,1.0045,1.9946,1.0212,1.0341,1.0675,2.0674,2.0633,2.9873,2.353,2.353,1.0096,2.3531,9.9876,7.1412,2.5001,2.0483,3.6219,1.4164,2.3531,3.053,2.0423,4.0445,2.0432,2.0,2.0432,2.5446,2.0429,4.6547,2.489,5.4826,2.032,2.3576,6.7788,2.0372,2.0454,2.6436,2.2847,2.0413,2.0536,2.0453,2.2846,9.9806,2.0423,2.3052,22.559,2.055,2.3004,2.0421,2.4773,2.0488,9.9835,2.0382,2.8361,1.6711,2.0358,8.015,2.5,11.383,14.0205,2.04,2.0001,4.8008,2.6116,0.7893,2.3005,2.0356,2.3777,2.3776,0.661,7.151,9.9837,5.0,2.0,2.3776,6.0073,2.3849,2.3456,5.3644,0.9001,9.9837,2.3845,2.0376,8.019,2.0362,2.0489,0.9039,14.5034,2.3776,2.0537,7.1511,8.0189,2.3778,2.0362,2.0301,3.8116,2.3062,2.0534,2.0423,2.0545,2.0362,12.6676,5.0631,2.048,2.3062,2.0493,2.0519,2.3062,2.3062,2.0438,2.0508,1.4718,2.0693,2.0572,2.3116,1.9201,2.3065,2.0432,8.0005,2.0589,2.3062,2.0526,0.7281,2.0484,2.0527,2.3062,2.0511,1.4172,2.3035,1.9195,1.6848,1.2964,4.94,2.2606,2.05,1.8818,1.9618,1.0531,2.2606,2.0567,2.2606,2.2607,2.2606,2.2607,3.418,2.05,2.0516,2.2607,2.0603,0.7048,8.0131,2.0672,1.0531,2.2613,2.07,2.0497,2.0497,2.5,2.2427,1.0775,2.054,0.9359,1.0951,1.0528,0.5641,1.0718,0.5233,0.9902,1.0775,2.0633,2.0537,3.2104,0.9843,0.6939,0.682,0.6813,0.656,0.5798,0.6281,0.722,1.0775,1.1304,2.3102,2.0503,2.2378,1.0802,2.2379,2.0605,1.0756,1.3313,1.3173,1.0813,1.8174,0.7589,1.3282,2.0666,1.0876,1.0799,1.2164,2.0523,2.0681,2.0643,2.0537,2.8255,1.0799,2.064,2.052,0.791,2.0546,2.0574,2.049,2.0485,2.0424,1.0799,0.7446,2.0498,2.2605,0.9766,0.7531,1.2211,2.0513,0.7847,2.0493,1.982,2.0655,0.5753,1.0803,2.201,2.0657,2.0582,2.2011,2.0519,2.0541,2.0558,2.0661,2.201,2.201,2.0579,2.201,2.2013,2.201,0.8041,2.0647,0.6618,1.224,1.3742,2.201,0.5726,0.5414,2.0345,3.6731,2.0889,1.3884,4.2641,2.0242,0.6087,0.6107,1.0756,2.0743,1.2519,1.2518,2.0755,0.4678,2.2139,0.6556,9.9823,2.9214,2.0435,2.0433,2.2139,2.0437,2.0463,2.767,2.0607,0.5384,0.6842,2.2138,2.2139,2.2139,0.508,1.84,2.2144,2.2098,2.0317,0.5426,1.587,2.2099,2.2099,2.4674,0.4008,0.3073,2.6112,2.5,2.0583,9.9803,2.5,0.3462,8.0106,2.0674,2.5,1.8161,0.6771,2.0828,2.0557,2.0832,7.9998,7.9998,2.0,2.299,1.0515,0.6621,1.0517,8.0101,1.2385,2.0001,2.0,1.3269,2.5,9.8244,2.5,1.0516,2.2012,10.0247,1.0784,1.9122,1.0784,2.0929,2.0,0.5914,0.5739,0.6867,1.1738,0.5745,0.5187,1.1443,0.553,0.4952,0.4054,0.5745,4.5367,1.1791,1.1791,1.1791
67,1.0802,2.0819,1.1239,2.4266,2.5,2.4266,2.5,2.4267,2.4267,2.4462,9.9869,2.4266,9.0998,2.5,2.4265,2.1303,2.4267,2.124,3.9675,1.1984,2.0,1.1495,1.1498,1.128,1.9869,1.0734,1.1282,1.1102,3.033,2.0631,6.4633,2.3188,2.3188,0.9116,2.3189,9.9852,7.283,4.5062,2.0483,4.3505,0.9631,2.3189,2.6864,2.0423,7.1275,2.0432,2.0419,2.043,2.319,2.0518,6.6823,5.2914,9.9852,2.032,2.5,6.7106,2.0371,2.0554,11.0424,3.1144,2.0413,2.0535,2.0453,2.3004,9.9859,2.0394,2.3414,20.1174,2.0548,2.3361,3.8647,2.5,2.0488,9.8027,2.038,2.5,2.0438,2.0411,7.7554,8.0168,13.0801,11.6806,2.0,2.0,7.1344,7.1344,0.7975,2.5001,2.0443,2.3079,2.3032,0.5792,9.6382,9.983,2.5,1.7706,2.3085,9.6457,2.3035,2.0485,8.0153,0.7227,8.1743,2.3075,2.0374,8.0156,2.0362,2.0489,0.7257,14.0656,2.3032,2.0536,6.9146,5.804,2.3034,2.0301,2.0357,3.5403,2.3393,2.0536,2.0528,2.0544,2.0546,12.6678,7.3393,2.0495,2.3392,2.0419,2.0535,2.1278,2.3392,1.6191,2.0506,1.6309,2.0695,2.0572,2.5,2.0437,2.0638,2.062,5.4239,2.0589,2.3392,2.0526,0.7116,2.0529,2.0592,2.3392,1.7682,1.0779,2.3062,2.033,1.0779,1.6437,7.2279,2.2658,2.05,2.0508,2.05,1.0779,2.0621,2.0567,2.2658,2.2659,2.2658,2.422,3.5307,2.0516,2.0513,2.2658,2.06,0.7516,1.3672,2.0669,1.0531,2.2662,2.0579,2.0497,2.06,2.5001,2.0651,1.0775,2.054,1.0528,1.9246,1.0528,0.4434,1.0528,0.4545,0.8043,1.0775,2.0632,2.063,2.1932,0.7996,0.7991,1.0525,0.5534,0.5327,0.4713,0.5532,0.5864,0.5798,1.0802,3.8381,2.0503,2.1932,1.0802,2.1932,1.6277,1.1862,1.3207,1.1138,1.0799,1.1136,0.5101,1.0799,2.0664,0.8296,0.7363,1.081,0.8762,2.0683,2.0644,0.7447,2.054,1.0756,2.064,2.052,0.8364,2.0652,2.175,2.057,2.0485,2.0435,2.0424,0.6674,2.0498,2.1783,1.0799,0.4159,2.0506,2.0511,1.0971,2.0509,2.0535,2.0361,0.6856,1.0803,2.2146,2.0656,2.0672,2.2149,2.0519,2.0555,2.0555,2.2146,2.2146,2.2147,2.0594,2.0637,2.2146,2.2146,0.8585,1.3035,0.6856,1.1268,1.4675,2.2146,0.614,2.0791,2.0726,2.2008,2.1259,1.2813,7.9999,2.0719,0.5735,1.0668,1.1759,2.0743,1.1759,1.9629,2.0754,0.4555,2.2008,1.1754,9.9838,5.251,1.3857,2.0446,2.2009,2.0437,2.0461,2.5,0.6614,0.5056,1.1754,2.2008,2.2009,2.2009,0.4379,1.3868,2.1855,2.2143,2.0325,0.3591,1.0179,2.2143,2.2142,2.5,0.409,0.3591,2.5,2.5,2.058,9.9802,2.2195,0.3535,8.0108,2.2143,2.2192,0.6849,0.6849,2.2142,2.0569,2.0001,8.0002,9.9802,1.0773,2.5001,0.9,0.7886,1.3242,9.1194,1.0773,2.0001,2.0,2.092,6.9049,10.0098,2.8671,1.0516,2.1015,9.9813,1.0784,1.2053,1.0784,2.0927,2.0,0.5586,0.5777,0.6526,2.0003,0.5593,0.5049,2.1959,0.5379,0.4841,0.3944,0.6526,5.5111,1.0882,1.0882,1.0882
68,0.8727,2.2309,0.8996,2.0837,2.5,2.3403,2.5,2.3403,2.3402,2.3403,9.9806,2.3402,8.0176,2.5,2.407,2.6669,2.3403,2.0989,3.0756,0.9559,1.6167,1.0792,1.058,1.0792,2.0753,0.8846,0.9488,0.9054,2.9255,2.306,9.4652,2.306,2.5918,0.6913,2.3061,9.9872,5.5523,6.9396,2.0605,4.3259,1.2953,2.306,2.8823,2.0423,9.9807,2.0432,2.0521,2.0428,2.306,2.0521,9.9807,8.5752,9.9872,2.032,3.4988,9.1033,2.0369,2.0553,9.9843,11.4284,2.0424,2.0537,2.0447,2.336,9.9843,2.0421,2.2456,20.9886,2.0547,2.2457,2.032,2.2486,2.0488,9.4029,2.0378,2.2457,2.045,2.0421,8.0123,9.6165,17.3479,10.0127,2.0398,2.0,8.0123,5.8619,1.0506,2.5001,5.0596,5.852,2.2702,1.5888,10.5122,9.9814,2.2708,0.6463,2.5,9.9814,2.2705,2.2703,6.1853,0.646,8.1554,2.8375,2.0401,8.1393,2.0362,2.0489,0.6467,10.0631,2.2703,2.0536,7.1081,2.9011,2.2703,2.0362,2.0443,2.3269,2.3005,2.0535,3.3897,2.0447,2.0547,19.3941,7.9998,2.0495,2.3004,2.0419,2.0532,2.0609,2.3004,0.7928,2.0506,2.0,2.0694,2.0572,2.5,1.8838,2.3004,1.8916,13.3663,1.8914,2.3004,2.3004,0.6783,2.0529,2.0592,2.0544,1.5719,2.033,2.349,2.033,1.0779,1.1109,5.3332,2.2908,2.0586,2.0511,2.0498,0.8189,2.0623,2.0567,2.2908,2.2975,2.2908,2.5,5.0574,2.0516,2.0513,2.2908,2.0585,0.8223,0.8217,2.0669,1.0722,2.5,2.0576,3.502,2.06,8.0119,2.0651,2.0506,2.054,1.0881,2.0543,1.0775,0.5429,1.0528,0.6723,1.0107,2.0555,2.2371,2.063,2.237,1.0038,0.6916,0.6916,0.7248,0.5783,0.5782,0.6534,0.6792,0.6793,1.0802,3.1933,8.0006,2.237,2.048,2.2416,2.0605,1.4081,1.3751,1.3533,1.1598,1.1586,0.7472,1.3546,2.1823,0.8638,0.6289,1.1257,0.9128,2.1822,2.0644,1.0799,2.3747,1.0519,2.9389,1.7632,0.773,2.1822,2.1822,2.1823,2.1822,2.0435,2.0435,1.0756,2.0498,2.0554,1.0799,0.6289,2.0503,2.058,2.0579,2.0493,2.0549,1.8356,0.6124,0.8769,2.1728,2.0656,2.0672,2.1729,2.0517,2.0555,2.066,2.1728,2.1728,2.5,2.0594,2.0637,2.1728,2.1728,0.6912,1.0493,0.6124,0.7804,1.221,2.077,0.4944,1.0759,1.4525,2.1568,2.0888,0.6176,2.1573,1.0179,0.4475,0.8333,1.0182,2.0743,1.2893,2.0633,2.0753,0.3564,2.2509,2.0724,9.98,3.0052,2.0435,2.0446,2.1568,1.9486,2.0461,2.1568,0.4062,0.3949,2.1568,2.1568,2.1569,2.1569,0.3417,1.6138,2.5,2.1816,2.0325,0.5164,0.6278,2.1817,2.1818,2.1817,0.3467,0.3263,2.5,2.5,0.6278,9.9806,5.876,0.347,8.0092,2.1859,2.1859,0.5168,0.6278,7.0726,2.0483,2.0,7.8313,9.9814,0.6513,2.1817,0.5393,0.6926,1.0517,9.9824,1.2341,1.0515,2.0,2.0919,6.2847,9.9824,4.2853,2.0,2.2186,9.9824,0.6926,1.2352,0.6926,2.0927,2.0,0.6234,1.0784,0.6926,2.069,0.6224,0.5637,2.0678,0.6007,0.5387,0.4399,0.4981,9.625,1.1641,1.1641,1.1641
69,0.676,2.0817,0.7568,1.5384,2.5,2.2671,2.267,2.2671,3.7349,2.3778,9.9873,2.267,7.1068,2.5,2.2847,5.2619,2.0789,2.5,4.3164,0.8408,1.2691,1.0734,2.0687,1.4587,1.3988,0.6502,0.7446,0.7059,2.267,2.0633,9.9808,2.0645,2.6429,0.6861,2.3203,9.9852,3.1992,2.5001,2.3148,5.2124,0.9834,2.3041,2.5724,2.0506,8.5179,2.0432,2.0438,2.0426,2.0614,2.3148,9.8489,8.5615,9.9822,2.032,2.7207,3.0407,1.4976,2.2456,11.3131,11.3131,2.0413,2.0537,2.0453,2.2457,9.9815,2.0,2.2556,18.6914,2.0459,2.5,2.033,2.0341,3.9829,7.2129,2.0376,2.045,2.045,2.0421,2.2556,20.6535,15.717,10.013,0.7307,1.4219,8.3213,6.5273,2.0355,2.7842,2.5,2.2909,2.2876,0.8275,11.3667,9.9866,2.2877,2.0,2.2876,8.0144,2.0551,2.2877,6.8901,0.827,8.1425,2.8593,2.0401,8.1698,2.0362,2.0425,0.6881,9.9808,2.2877,2.0537,7.1151,2.5,2.2877,2.0301,2.0301,3.38,2.4131,2.0534,2.413,2.0447,2.4131,12.6682,7.5613,2.051,2.4131,2.0419,2.0532,2.061,2.413,1.9709,2.0506,2.0,2.0694,2.0571,2.5,2.0437,2.4131,1.2832,9.0488,2.059,2.4131,2.4131,0.933,2.0529,2.0593,2.0544,1.0528,2.033,2.2892,2.033,0.7394,0.6316,5.438,2.2455,2.0498,2.0495,2.0513,0.7394,2.2454,2.0567,2.2454,2.2509,2.2454,2.6992,5.0574,2.0513,2.0513,2.2454,2.0585,2.0726,0.6931,2.0665,2.059,2.2455,2.0579,2.0588,2.0597,7.1346,2.0552,2.049,2.2501,1.0775,2.0457,1.0775,0.5939,0.6178,1.0775,1.0528,2.0573,2.25,2.063,2.0629,1.0718,1.0346,1.0353,0.7094,0.6897,0.6097,0.9816,0.759,0.6683,1.0526,3.2588,8.0,2.25,2.048,2.0609,2.051,0.9424,2.0561,1.5931,2.0529,1.3257,1.0756,1.3281,2.1787,0.9053,0.834,2.0624,0.7252,2.1786,2.0644,1.1812,2.0546,2.0514,1.8562,2.0536,1.1794,2.1786,2.1787,2.1786,2.1786,2.0435,2.0435,0.6809,2.0585,2.0555,1.0756,0.7484,2.049,2.0511,2.0579,2.0509,2.0549,2.0657,0.552,1.0803,2.1358,2.0657,2.0673,3.5166,2.0517,2.0555,2.1358,2.1358,2.1359,3.2802,2.0594,2.0638,2.1358,2.1358,0.5477,0.8947,0.5477,0.7127,1.6566,2.077,0.5477,1.0759,1.0624,2.155,2.0889,0.6163,2.5,1.2453,0.4424,0.4641,1.0845,2.0743,1.7428,2.0633,1.5465,0.3523,2.6936,2.0725,7.9507,2.1551,2.0446,2.0446,2.1551,0.4015,2.0475,2.155,0.4016,0.3904,2.155,2.1551,2.1551,2.1551,0.4013,1.097,2.5,2.2014,2.0327,0.5211,0.6625,2.2015,2.2016,2.0388,0.3843,0.3735,2.5,2.2015,0.5731,9.9811,3.2368,0.3854,2.5001,2.5,2.0495,0.6121,0.5764,6.1429,2.0535,2.0,2.7518,9.9811,0.7223,2.0634,0.5943,0.5386,2.0,9.9819,1.0515,1.0515,2.0,2.092,2.5,8.0095,3.4185,0.6404,2.1888,9.9819,0.5465,0.5392,0.5429,0.4019,2.0,0.5084,0.6404,0.5872,1.4187,0.4257,0.4868,2.0586,0.5387,0.4652,0.3769,0.3796,9.082,0.6404,0.6404,0.6404
70,0.6103,2.0818,0.6108,0.7143,2.5,2.2311,2.0,2.0753,2.231,4.2865,9.3895,2.231,7.0924,2.5,2.231,6.923,2.0682,4.276,4.2737,1.0792,2.0,1.0734,0.6291,1.6991,0.6438,0.6107,0.7143,0.604,2.231,2.0535,8.0165,2.0675,2.3294,1.0559,2.5,9.9823,2.3295,2.3543,2.3295,2.5,0.784,2.0596,2.5,2.0506,7.1623,2.0,2.0438,2.0426,2.0625,2.3294,4.2769,7.0842,5.1789,1.0714,2.3298,2.3298,2.0367,2.2556,11.2781,11.3259,2.0415,2.0536,2.0453,2.2556,2.2557,2.0,2.0531,12.9808,2.0458,2.3,2.042,2.0339,5.8534,8.015,2.032,2.037,2.0453,2.0423,2.3,18.0986,14.6404,10.0106,0.8587,1.2111,8.9059,2.8469,2.0412,2.5001,5.3713,2.2971,2.297,1.0846,11.6139,9.9829,2.2971,2.0,2.1217,3.5394,1.8444,2.297,5.3713,2.0311,8.1471,2.8713,2.297,8.015,2.0454,2.0001,0.7107,10.4484,2.297,2.0538,5.3713,2.4023,2.297,2.0362,2.0301,2.5,2.3227,2.043,2.3166,2.0434,2.8166,13.3003,4.3739,2.051,2.0609,1.0528,2.0532,2.0532,2.0612,2.0438,2.0506,2.0,2.0695,2.0437,2.3223,2.057,2.3166,1.9935,5.5615,1.9936,2.3166,2.3166,0.7152,2.0529,2.0593,2.0543,0.9832,2.039,2.3005,2.0384,0.6818,0.6392,7.2627,2.2424,2.05,2.0493,2.0513,0.7342,2.0622,2.2424,2.2424,2.2425,2.2424,2.8028,5.0574,2.0516,2.0513,2.2424,2.0582,2.803,1.0531,2.0665,2.059,2.2424,2.0699,5.0,2.0597,4.2885,2.0552,2.0506,2.2404,1.0775,2.0455,1.0528,0.9521,0.5718,0.6891,1.0528,2.057,2.2405,3.2236,3.9207,1.0775,1.0528,0.7307,0.7307,0.7307,0.6628,1.0525,0.6893,0.6889,1.0526,2.0646,2.2404,2.2404,2.048,2.0609,2.0494,1.2894,2.0647,2.0535,2.0529,1.4123,1.0756,2.0532,2.1902,1.0799,1.0756,2.1903,1.0756,2.1902,2.0645,2.052,2.0546,1.9596,2.0622,2.0623,1.6835,2.1902,2.1902,2.1902,2.1902,2.0487,2.0435,1.0799,2.0584,2.1903,0.92,1.0799,2.0506,2.0511,2.0506,2.0493,2.0552,2.0658,0.805,2.0573,2.1978,2.0657,2.0672,2.1979,2.0517,2.0555,2.1978,2.1978,2.1978,2.1979,2.0594,2.1978,2.1978,2.1978,0.7916,1.0759,0.6562,1.0759,0.8943,2.077,0.6562,2.0548,1.8792,2.166,2.089,0.7424,2.0792,1.078,0.6005,1.1071,1.3786,2.0747,2.0654,2.0633,1.7992,0.3774,2.1661,2.0726,8.0603,2.1661,2.0448,2.0505,2.1661,0.4305,2.0475,2.1661,0.9719,0.4183,2.166,2.166,2.6733,2.1661,0.474,1.2199,2.5,2.1908,2.0389,0.6439,1.0773,2.1909,2.191,2.0388,1.1755,0.5433,2.5,2.1908,1.0773,8.7401,4.1114,0.3743,5.5097,2.3759,2.0693,1.0773,2.0,7.0763,2.1967,2.0,2.5001,8.5018,1.0773,2.1908,0.8051,0.6795,1.0517,8.1322,2.0001,2.0,2.0,2.5,4.3783,8.0084,2.0,0.401,2.1686,7.9544,1.0784,1.038,2.0001,0.4285,2.0792,0.6051,1.8155,2.0,1.2467,0.4811,0.5358,2.0523,2.0001,0.4815,0.4805,0.3837,7.0674,2.0002,2.0002,2.0002
71,2.0,2.459,1.3013,2.0001,2.6465,2.459,2.0769,2.459,2.459,2.459,9.2213,2.4591,7.1836,8.0002,2.5,7.1836,2.0988,4.5485,4.5439,2.0771,2.0531,1.3212,1.3171,2.0833,1.2805,1.2802,2.0746,1.278,4.7926,2.4946,9.9811,2.4947,2.4946,2.0418,3.131,9.9865,2.0532,2.5001,2.4947,2.4947,1.1818,2.0597,2.5,2.0509,7.4593,2.0,2.0535,2.0428,2.4946,2.4947,2.5452,2.0965,2.5,1.3251,2.4946,2.5,2.0372,2.3001,9.981,8.625,2.0417,2.0538,2.0453,2.3,9.981,2.0,2.196,14.026,2.0458,2.3628,2.5,2.0332,2.5591,5.7865,2.032,1.3576,2.0551,2.0423,2.3628,19.7111,13.985,10.0127,1.051,0.7614,8.8605,4.623,2.3628,2.5001,7.6656,2.385,2.3645,1.2768,13.5544,9.9855,2.3804,2.0,2.3804,3.849,0.9592,2.3805,7.1214,2.0384,8.0194,7.4989,2.0403,8.0191,2.0456,2.0427,1.0129,10.9655,2.3804,2.0538,4.4273,4.9383,2.3805,2.0364,2.0067,5.0001,2.3107,2.0357,2.3106,2.0434,2.8106,8.8506,3.0044,2.0495,2.3106,2.0419,2.0525,2.0611,2.0506,2.0438,2.06,2.0,2.0694,2.0571,2.3161,4.0436,2.3106,2.0621,4.0961,2.0432,2.3106,2.0526,5.5544,2.0479,2.3107,2.0543,2.0355,2.0388,2.2266,2.0382,1.0779,0.5422,8.2088,2.1891,2.0587,2.0493,2.0516,1.0531,2.1891,2.189,2.189,2.1891,2.1892,4.2249,4.8791,2.0513,2.0621,2.189,2.0582,2.3334,11.241,2.0683,2.0709,2.189,2.0591,2.0607,2.0616,2.2019,2.0552,2.0506,2.1968,2.0371,1.2129,1.0775,1.0775,0.564,2.0647,2.0585,2.0665,2.1969,2.0632,3.3243,1.0775,0.9285,1.0525,1.0525,0.9027,0.5637,1.0525,0.5977,0.5911,1.1665,2.1968,2.1968,2.1968,2.048,2.1968,2.0606,1.3988,1.3663,2.0535,2.0546,1.933,1.0799,2.0546,2.181,1.0799,1.0799,2.181,2.0523,2.181,2.0644,1.1975,2.0546,2.0528,2.1423,2.181,2.064,2.181,2.181,2.181,2.181,2.0487,2.1812,1.0799,2.0585,2.181,0.8751,0.6267,2.0579,2.058,2.058,2.0493,2.0552,2.1991,2.0564,2.0575,2.199,2.066,2.199,2.199,2.0533,2.0558,2.199,2.199,2.199,2.1991,2.0594,2.199,2.199,2.199,1.2082,2.0653,1.0759,3.0428,1.2121,2.077,2.0652,2.0665,2.0726,2.2062,2.2063,2.0758,2.5,2.0723,2.0701,2.0738,2.2062,2.2062,2.0745,2.0754,2.0355,0.5811,2.2063,2.5868,9.9808,2.2062,2.0451,2.2062,2.2063,1.5848,2.2062,2.5,2.0594,2.0645,2.2062,2.2062,4.2475,2.2063,2.0562,2.726,5.6477,2.2122,2.2122,2.0348,2.0425,2.2123,2.5,2.0389,0.3933,2.0307,5.2653,2.2122,2.2122,9.9828,3.7954,1.0351,7.0849,2.5001,2.5,2.0,2.2122,9.9828,5.1208,2.0731,2.7653,7.7014,2.0001,2.2123,1.0515,2.0,2.0,16.9314,2.099,2.0,2.5,9.9812,7.071,10.0089,2.0001,1.0784,2.1833,7.6205,2.0,2.095,2.0001,1.2349,2.0799,2.0,2.1605,5.0,2.0561,2.0,2.0,1.3698,2.0784,0.9436,2.0001,1.0784,9.0078,2.0002,2.0002,2.0002
72,2.0699,2.4024,1.0812,2.0,3.003,2.4025,2.0775,2.4024,2.5,2.4025,2.5,2.5,8.0202,11.5131,2.5,11.3376,2.0792,4.4809,4.4769,1.1582,2.0531,2.0625,2.0513,2.4024,2.0648,2.0643,2.0748,2.0765,9.9833,2.3596,9.9807,2.3597,2.3596,2.0503,7.1438,9.9808,2.062,2.3597,2.3597,2.3596,0.9636,2.3597,2.5,2.3597,6.329,2.0001,2.5001,2.0438,2.3657,2.9493,3.601,2.0522,2.5,2.0365,2.3646,2.5,8.015,2.4346,9.9825,10.7763,2.0427,4.592,2.0539,2.3628,9.9822,2.0423,2.5001,13.0754,2.055,2.3018,2.5952,2.0333,8.5544,2.0393,2.0376,2.3792,2.3018,2.3018,2.3019,11.5091,15.778,11.3848,2.0,1.051,9.9818,8.0004,2.3018,4.1064,5.4426,2.3541,2.0424,2.0433,11.4514,9.987,2.354,2.0464,2.354,3.721,2.0501,2.3541,8.0178,2.0458,8.524,8.0179,2.3541,7.9242,2.0473,2.0429,1.8886,9.2999,2.354,2.354,7.1416,7.7568,2.5,2.037,2.0301,5.0,2.3147,2.0526,2.2202,2.0449,2.8146,2.5001,2.3147,2.05,2.3146,2.0501,2.0611,2.0612,2.0614,2.0618,2.06,2.0438,2.3146,2.3146,2.5,2.3146,2.3146,2.0622,2.5,2.0591,2.3146,2.3146,2.0467,2.0528,2.5,2.0544,2.0426,2.0388,2.2188,2.033,2.0444,2.0464,1.4254,2.1834,2.0587,2.0506,2.0518,2.0561,2.1834,2.1834,2.1834,2.1835,2.5,4.2183,4.8532,2.05,2.0589,2.1835,2.06,2.0497,7.3872,2.0798,2.0713,2.1845,2.0597,2.061,2.0703,2.193,2.0564,2.0493,2.1896,2.0371,2.0545,1.1692,1.0775,1.0775,2.0576,2.0597,2.1896,8.0095,2.1896,2.1898,2.0538,1.0775,1.0718,2.0521,1.0525,0.7439,1.0775,1.0718,1.2026,2.0561,2.1896,2.1896,2.1896,2.048,2.1896,2.0607,1.0756,2.0582,2.0552,2.0642,2.0659,2.0512,2.0642,2.13,1.0756,2.0531,2.13,2.0622,2.13,2.0645,2.0537,2.0631,2.0621,2.13,2.13,2.13,2.1301,2.13,2.13,2.13,2.13,2.0437,2.0514,2.13,2.0556,1.0799,0.8693,2.0493,2.058,2.1596,2.0598,2.0552,2.1596,2.1596,2.1597,2.5,3.8086,2.1597,2.5,2.0624,2.0661,2.1597,2.1597,2.1597,2.1597,2.0705,2.1597,2.1596,2.1597,2.0556,2.066,2.0672,2.1596,2.081,2.0771,2.0769,2.0791,2.0711,2.5,2.1896,2.0825,2.5,2.0797,2.1897,2.1896,2.5,2.5,2.1896,2.1896,2.0759,2.0669,2.1896,8.3159,9.9808,2.1897,2.1896,4.2228,2.1896,1.4417,2.5,4.1889,2.0622,2.1896,9.5165,2.1897,8.0096,2.1936,2.0617,6.8229,8.0138,2.5,2.1809,2.1808,2.1808,2.5,2.1846,2.1808,0.4679,2.1809,8.0091,2.1808,5.226,9.9839,3.4808,2.0488,9.9457,8.009,9.1981,2.07,2.5,9.9839,4.2587,2.0727,5.725,9.9826,2.1807,7.0723,2.0001,2.0,2.0,23.8601,2.2592,2.3467,2.8239,9.984,7.9995,10.013,2.0,2.5,2.5,9.9806,2.0795,2.268,2.0001,2.2593,2.2593,2.2589,2.2712,2.5,2.5,2.0,2.0831,2.0804,2.5,2.0,2.2434,2.2591,9.9839,9.9839,9.9839,9.9839
73,2.1851,2.3152,1.0812,2.0,2.5001,2.3266,2.3152,2.3152,2.3153,2.33,2.5,2.3403,7.9353,19.72,2.3374,9.9856,2.093,7.1261,4.3735,2.0771,2.0,2.0639,2.0687,2.3152,2.0001,2.0648,2.3153,2.0767,9.9858,2.5,9.9864,2.3253,2.3253,2.0503,7.1301,9.9846,2.5001,3.0353,2.3256,2.3252,1.0102,2.3316,7.9337,2.5001,7.1301,2.0432,7.1301,2.0441,4.0743,4.0522,2.5,2.0423,7.1301,2.039,10.5363,8.7195,8.7241,9.9818,11.3848,9.9818,2.3018,2.3018,2.3018,2.4632,9.9818,2.0432,9.9813,15.747,2.0553,5.919,8.4188,2.0335,2.0382,2.0494,11.6848,2.0555,2.245,2.245,2.4265,11.2251,13.7975,11.4045,2.0,2.0001,10.5208,8.0123,2.645,8.0123,9.5821,2.2426,2.0525,2.0635,10.7277,9.9854,2.2426,2.0571,2.2426,3.1792,2.0506,8.0005,8.0122,2.2427,9.9854,8.0122,5.0,5.3033,2.5,2.0429,2.0001,9.9854,2.2426,2.2426,9.9854,7.9383,2.5,2.0362,2.2426,3.1641,2.3323,2.0526,2.3322,2.0533,3.769,4.3455,2.3381,2.0596,2.3322,2.0504,2.2239,2.0613,2.3322,2.0645,2.0601,2.0438,2.3322,2.3322,2.3381,3.2322,2.3322,2.3322,4.7394,2.0592,2.3322,2.2737,4.0814,2.0529,5.6897,2.3324,2.0426,2.047,2.3127,2.0468,2.0531,2.0575,2.0507,2.2756,2.2756,2.0508,2.0524,2.0582,2.2757,2.2756,2.2757,2.2757,2.5,8.1735,6.2534,2.0516,2.0516,2.2757,2.0585,3.153,2.2756,2.2756,2.2756,2.2757,2.0701,2.1035,2.2756,2.3169,2.0564,2.0508,2.311,2.0371,2.3111,2.0453,1.0775,2.0594,2.0681,2.311,2.3111,2.311,2.311,2.311,2.0618,2.0567,2.0572,2.0604,1.2212,0.8919,1.2214,2.0554,2.0674,2.311,2.311,2.311,2.311,2.311,2.3111,2.311,2.0546,2.0648,2.0643,2.2524,2.2524,2.0592,2.2524,2.2524,2.0551,2.0547,2.2524,2.2524,2.2525,2.0666,2.054,2.2524,2.2524,2.2524,2.2524,2.2524,2.5,2.2525,2.2525,2.2525,2.2524,2.0526,2.1245,2.2583,2.0555,1.2203,1.6884,2.2492,2.2492,2.2534,2.5,2.0557,2.2492,2.2492,7.0997,9.9838,9.9838,4.2978,6.2718,4.4901,2.2493,2.2493,2.2492,4.3004,2.5,2.5,2.5,2.2492,2.2492,2.0562,2.065,2.0788,2.2492,2.2492,2.2492,2.2492,2.2492,2.8613,8.0144,9.9851,2.5,8.0144,2.2891,3.5574,7.9998,7.9998,9.9801,4.8505,2.289,2.289,2.289,2.5,9.9851,9.9851,2.289,2.5,9.9851,2.289,2.0447,2.5,9.9851,2.289,2.289,10.0145,4.092,9.9851,2.2957,2.289,8.0183,8.5046,2.5,2.2757,2.2756,2.2757,2.3271,2.2757,2.2756,1.2639,2.039,8.0138,2.2786,8.5335,11.0574,7.1102,2.0503,9.9868,7.3488,9.9868,2.07,2.5001,13.1299,8.5335,2.0731,4.7672,9.5535,2.2756,7.1102,2.0001,2.0,2.3669,17.7245,2.367,2.5,2.9586,9.9863,6.4551,11.1835,5.0,4.4753,2.5,9.9837,2.0811,2.3794,2.0001,2.3671,2.5,4.479,2.4382,2.5,2.3673,1.1631,2.367,2.2608,2.5,2.367,2.367,2.3671,9.9877,9.9877,9.9877,9.9877
74,2.2332,2.2333,1.0812,2.0,2.5,2.5001,2.2332,2.2333,2.2332,3.0965,2.9619,2.2333,7.0933,12.5618,2.2336,10.5684,2.0783,7.0933,4.2764,2.0676,1.0792,1.8391,1.1884,2.2332,2.0001,2.2333,2.2392,1.0792,9.982,2.5,9.9852,2.2373,2.2373,2.0597,8.0119,9.9846,8.0119,2.5001,2.2373,2.2372,2.0476,2.2418,5.1718,2.8372,7.5416,2.0438,9.9845,2.0535,3.4864,6.9751,2.2373,2.0423,9.3765,2.0393,11.4081,11.3024,7.0949,9.9813,11.3124,10.1549,2.2458,2.245,2.245,2.2451,9.9803,2.0432,9.9883,9.9826,2.2694,10.4846,9.9826,2.0341,2.0393,2.0393,8.6003,5.3368,2.2695,3.4561,8.0135,11.3473,11.3435,12.8036,2.0402,2.0405,9.9886,9.9826,8.0006,9.9826,11.3195,2.2541,2.0526,2.5001,11.3195,9.9848,2.2506,2.2507,2.2506,3.2179,2.0524,9.985,9.9841,8.0125,9.9848,8.0125,9.9841,6.9014,6.9463,1.5566,2.2506,9.9848,2.2506,3.5732,9.9848,9.9848,9.1441,2.0375,2.2507,2.5,3.0492,2.0539,2.2921,2.0456,7.1168,8.0146,2.5,2.292,2.292,2.0419,2.292,2.0614,2.0616,2.2924,2.0601,2.0609,2.5,2.5001,2.5,8.0146,2.8959,2.292,8.9847,2.292,2.5001,2.0528,2.292,2.292,6.4422,2.2921,2.0441,2.3266,2.5002,2.5,2.0531,8.0132,2.0502,2.2643,2.2642,2.2642,2.2642,3.3642,3.9895,2.2643,2.5,2.5,4.3144,8.0133,7.8228,2.059,2.059,2.2691,2.0729,2.2642,2.5001,2.2642,2.2642,2.5,2.2642,2.2642,2.2643,2.5,2.0564,2.0508,2.368,2.0371,2.368,2.0467,1.0718,2.0558,2.368,2.3681,2.5001,2.3746,2.5,2.3681,2.0647,2.057,2.368,2.368,1.4456,1.0552,1.688,2.0557,2.368,2.5,2.5001,2.5,2.96,2.5,2.9598,2.368,2.0641,2.0676,2.2677,2.3623,2.5942,2.3562,2.3562,2.3562,2.0646,2.3562,2.3562,2.3562,6.2526,2.3562,2.0629,2.3562,2.5,2.3634,2.3563,2.3962,7.142,2.3563,2.5,2.3563,2.3612,2.202,2.3562,2.5,2.3562,2.0464,2.0469,2.288,2.288,7.1152,4.287,2.288,2.3154,8.0989,7.1152,9.9866,9.9866,9.9866,7.7565,8.0144,2.5,5.7871,7.0967,8.3848,5.491,2.288,3.4585,2.2881,2.2881,2.064,2.0653,2.5,2.5,2.288,2.2879,2.288,2.5,2.2854,7.1142,8.0143,5.8446,9.9882,4.3525,7.3136,8.0143,4.9633,9.9885,3.733,2.5,2.2855,2.5,2.5382,9.9885,9.9882,2.2855,6.1228,7.1142,2.2855,2.0515,3.3083,7.5098,2.2854,2.2854,10.0143,5.3048,9.9872,2.8568,2.5,8.5815,9.984,2.5,2.3663,2.3663,2.3662,2.5,2.5,2.3662,2.0001,2.039,8.0183,2.3662,8.0183,12.7123,7.1465,2.0582,8.9303,8.0183,9.9829,2.07,2.5,15.8599,9.9829,2.0731,5.1221,9.3908,2.3662,7.1465,2.0001,2.0,2.0,11.592,2.3184,2.3185,2.5001,9.9861,7.1274,9.9861,8.694,4.4123,3.5155,8.694,2.3183,2.0952,2.0,2.3185,4.4092,2.3322,2.3187,2.5,2.3184,1.0086,2.102,1.8113,2.3182,2.3184,2.3184,2.8982,9.9888,9.9888,9.9888,9.9888
75,2.2942,2.3019,2.0,2.2941,2.5,2.5001,2.2942,2.2942,2.5,4.3649,5.5252,2.3176,2.8676,11.3751,2.3146,8.9745,2.0868,7.1177,4.3486,2.0771,1.0792,1.0792,2.0,2.2942,2.0001,2.2943,2.2943,1.6952,8.6032,2.5,9.9816,2.2314,2.2314,2.2315,9.986,9.986,11.295,2.4499,2.2315,2.2314,2.0,2.5,7.6954,2.5001,8.1585,2.9288,9.9868,2.0537,3.014,5.2467,2.5,2.0417,9.986,2.2315,9.986,10.2818,12.3275,9.9826,11.3435,10.2445,2.5001,2.2694,2.2695,2.2695,9.9826,2.0428,11.2983,14.0154,2.234,11.2983,9.9878,2.0341,2.0394,2.2096,25.7824,4.9498,2.5,5.0728,8.103,17.2361,19.7091,17.1626,2.0402,2.0405,9.9878,11.8011,8.0117,9.9878,8.0127,2.2582,2.0527,5.2209,12.1766,9.9888,2.2547,2.2547,2.2546,9.4831,2.0557,10.0128,9.9888,9.9889,9.9897,8.0128,9.9888,8.0128,8.0127,2.0429,2.5,9.9888,2.2547,8.0128,9.9897,9.9869,9.313,2.0379,7.0653,3.2173,7.4459,2.3398,2.6729,2.0458,9.1509,10.3922,6.7965,2.3398,2.3398,2.0519,2.3455,2.0616,2.0617,2.5,2.1316,2.3398,8.0171,2.5001,3.115,8.0171,2.5,2.5,9.9826,2.3398,2.5001,2.915,2.3398,2.3398,8.017,2.3399,2.0441,2.3136,3.4539,3.4793,2.0534,11.2077,2.0568,2.2823,2.277,2.277,2.5,2.277,2.5,2.2779,2.5,5.5085,2.5,9.9831,2.9142,2.277,2.277,3.1071,2.277,2.2771,2.5001,2.277,2.277,2.5,2.2847,2.277,5.7681,2.5,2.0564,2.2322,2.2322,2.0371,2.2322,2.0467,1.0775,2.0558,2.2322,2.2323,2.5,2.2323,2.237,2.2323,2.1184,2.2322,2.2322,2.2322,1.4207,1.0525,1.4317,2.2322,2.2323,4.2384,3.5972,7.0929,4.2752,2.7901,3.1351,2.2323,2.2578,2.193,2.2578,2.5,6.0987,2.2578,2.2579,2.2579,2.0646,2.2578,2.2578,2.2578,7.3339,2.2578,2.0629,2.2578,2.2578,2.2579,2.2578,2.7916,7.5666,2.2579,3.7856,5.3223,2.2579,2.2578,2.2579,4.6334,2.2578,2.045,2.0469,2.5,2.2123,4.0473,3.6964,2.2085,2.2084,2.6182,9.9819,9.9813,9.9819,11.2657,9.9819,9.9813,2.5,8.7532,8.0104,9.9813,7.0834,2.2119,6.7511,2.2085,2.2084,2.0641,2.0746,2.5,2.5,2.2084,2.0573,2.2084,2.2084,2.2196,2.5,8.011,10.6306,9.981,2.2196,2.8628,8.3235,7.0878,9.9815,7.2834,2.2196,2.2197,3.3793,3.4133,9.9815,9.981,7.2461,8.3663,3.9091,4.2423,2.0515,7.0878,9.5048,2.2196,2.2197,9.9837,8.9981,9.981,2.7745,2.5,7.0904,9.9876,2.8474,2.2885,2.2884,2.2884,2.5,2.5,2.2884,2.0,2.2884,8.0145,2.2918,8.0144,13.7698,3.0218,2.2884,9.984,8.1041,9.445,2.0703,2.2886,17.1788,9.984,2.0731,6.487,9.984,2.2885,4.3845,2.0,2.0,2.0,10.0106,2.2102,2.2102,2.7626,9.9816,7.0841,11.1051,8.0105,6.4879,2.2102,8.1483,2.041,2.2103,2.0803,2.5001,4.2702,2.2102,2.5,2.5,2.2104,0.6661,2.0674,0.5996,2.0001,2.063,2.2191,2.5001,9.9876,9.9876,9.9876,9.9876
76,2.3136,2.3219,1.6159,2.3136,2.892,8.0157,2.3246,2.3136,8.0158,2.5522,2.5,2.3142,7.1254,11.3168,2.3137,8.2228,2.0792,7.1254,4.3716,1.6157,1.4903,1.0792,2.0,2.3136,2.0,2.3136,2.5,2.077,7.5793,2.5,9.9843,2.3038,2.3038,2.3093,9.9888,9.9888,10.9988,2.3039,2.3039,2.3038,2.0476,2.5001,9.2844,2.8798,8.0152,9.989,9.9888,2.3039,7.0885,4.8754,3.7628,2.0423,9.9846,2.5,9.9888,9.9888,11.3873,9.9826,9.9878,9.9878,2.5001,2.234,2.5,2.2341,9.9846,2.0432,9.9889,9.9889,2.5,19.7245,14.5836,2.0341,2.351,2.351,25.7824,4.0686,2.351,3.5106,8.0176,10.0177,10.0176,15.0589,2.0402,2.351,12.7662,9.9817,9.9817,9.9877,22.8268,2.326,2.3261,9.9131,18.1958,10.4021,6.4658,2.3308,2.326,9.9894,2.326,11.1272,9.9894,10.0164,9.9894,9.9846,10.0163,9.9846,8.0163,2.0492,8.6246,11.0633,2.3261,9.9873,11.9289,9.9894,10.0165,2.0422,9.9846,7.1304,9.9836,2.3896,7.1558,2.0549,9.9836,12.668,6.9735,2.3896,2.3896,2.0624,2.5,2.3896,2.1144,2.5,2.3896,2.3896,9.8114,7.1558,6.452,9.9836,2.5,7.4662,10.0562,2.3896,5.4871,3.3448,2.3896,2.3896,11.4967,2.3896,2.0441,2.5,3.9689,9.9843,2.0639,10.0141,2.0569,8.0141,2.2822,2.2822,6.6683,2.2822,5.7838,2.2876,5.2737,8.8381,8.0141,9.9893,6.277,2.2822,2.2822,3.3093,2.2822,2.5,5.4605,2.2822,2.2822,2.5,2.2822,2.2822,9.9978,3.9172,2.0567,2.3056,2.3056,2.0448,2.3056,2.0467,2.0453,2.057,2.3056,2.3116,2.3057,2.5,2.5,2.3057,2.3056,2.3056,2.3056,2.3056,2.0526,2.0529,2.5955,2.3056,2.3056,4.3637,2.5001,7.1222,3.5059,4.089,5.3821,2.3057,2.2993,2.2992,2.2993,2.5,3.1974,2.2992,2.2993,2.2993,2.2992,2.2992,2.2992,2.2992,7.1197,2.2992,2.063,2.2992,2.2993,2.2993,2.2992,7.1197,9.9835,2.2993,4.4919,7.1197,2.2993,2.2992,2.2992,5.4502,2.2992,2.0538,2.0469,2.5,2.5,3.7399,5.5773,2.2939,2.3044,6.9755,9.9838,9.9838,9.9838,10.0147,9.9838,9.9838,6.2827,9.9838,10.662,10.0147,9.9809,2.2938,3.209,2.2939,2.2939,2.0641,2.2938,2.383,2.2938,2.2938,2.2938,2.2938,2.5,2.5,9.9834,7.0854,9.9836,9.9868,2.3464,4.8717,9.9836,9.9834,9.9836,9.4248,2.5,2.5,5.8272,2.5,9.9852,9.9868,9.9852,9.9852,9.9834,3.9263,4.2508,2.5,4.6712,2.2134,2.5,9.9868,5.6959,9.9834,2.2135,4.358,4.5674,9.9849,3.1497,2.5001,2.226,2.226,2.5,2.5,2.226,2.0,2.5,9.9806,2.492,8.0002,16.3112,9.9806,2.2261,9.9899,9.9876,9.9858,2.0,2.226,16.7184,10.4442,2.0731,8.3475,9.9806,2.226,4.6532,2.0,2.249,2.0,11.13,2.5,2.5502,7.0996,9.9801,3.6886,11.1245,9.9831,4.3225,2.2491,8.3629,2.5,2.7236,2.0,4.6782,7.0996,2.2491,2.5,2.5,2.2491,0.7766,2.0797,1.4157,2.0001,2.0747,2.5001,5.3109,9.9853,9.9853,9.9853,9.9853
77,2.3162,2.3163,2.0,2.3162,7.8792,9.9845,2.5,2.5503,9.9845,2.5,5.5645,2.3163,7.1265,16.6257,2.5,8.4195,2.0933,5.9671,4.3747,2.0771,1.5031,1.822,2.0805,2.3243,2.0001,2.5,2.5,2.1397,9.9858,2.5021,11.8447,2.3192,2.3192,2.3193,13.6732,9.9849,17.3383,2.899,2.3192,2.3193,2.3192,4.34,9.9836,2.5001,8.8794,11.407,9.9836,2.5,8.697,9.9836,9.5443,2.0423,9.9829,5.9404,9.9836,9.9836,9.9836,9.9817,9.9877,11.755,2.5001,2.3511,2.5322,4.8284,9.9817,2.351,20.9994,9.9806,2.6762,18.8967,9.9888,2.0341,2.5,2.0387,15.3199,6.5547,2.847,2.3066,2.3066,9.9819,14.4546,10.3124,2.0402,2.3066,9.9888,10.0154,9.9806,11.3889,9.981,8.0153,2.0422,9.981,14.2196,10.4017,6.554,7.897,2.305,10.0153,2.305,10.0153,9.982,9.9879,12.3843,4.3359,9.9879,7.122,4.0288,2.0494,9.981,9.982,2.3051,10.4362,9.982,9.982,9.981,2.0383,9.981,7.1373,9.9861,2.3432,9.9828,2.055,9.9875,15.0445,18.565,5.3758,4.7419,2.0529,4.3672,2.3432,2.0616,5.1031,2.3432,2.3432,9.9875,9.9861,9.7997,9.9861,10.771,9.9861,11.1867,2.3432,9.9828,2.3491,2.3432,2.3432,12.8593,2.3432,2.0439,9.982,4.7342,12.1195,2.2408,17.8516,2.2409,7.4763,2.2409,2.0592,2.5,2.5,7.0963,2.2409,2.6476,9.9836,9.9836,9.9836,3.8579,2.3097,2.2408,7.0963,2.2408,10.3942,7.0963,2.2408,2.2408,9.9818,2.2408,2.2408,9.1692,2.6062,2.3218,2.3218,2.3218,2.045,2.3219,2.0462,1.2028,2.6801,2.3218,3.2328,2.5,2.887,5.5723,2.5,2.0646,2.3219,2.3218,2.3273,2.0513,1.9701,2.0524,2.3218,4.8779,7.5629,6.6268,3.5856,3.5863,2.5,2.5001,3.8665,2.0641,2.2094,2.2094,3.5793,2.5001,2.2094,2.5,2.2094,2.2094,2.2094,2.2094,2.2094,7.0838,2.2095,2.2094,2.2094,2.5,2.2097,2.9138,9.9829,9.9829,2.5001,9.9829,3.8143,2.2094,2.2094,2.2095,2.2142,2.2094,2.0462,2.0469,2.5,2.1795,9.9803,2.5,2.1794,2.1794,9.988,10.8473,9.988,9.988,9.988,9.988,9.9813,8.009,9.985,9.9803,9.988,9.9803,2.1794,8.009,2.1794,2.1794,2.1794,2.1794,2.5,2.5,2.1793,2.1794,5.1573,2.1461,2.5001,9.9826,9.9803,10.0073,9.9866,2.146,3.7131,9.9803,6.3328,9.9866,9.9803,2.5,2.1461,5.5549,9.5354,9.9826,9.9866,8.5038,11.6196,9.9866,9.5305,3.4255,2.146,9.9803,2.146,2.5,9.9866,9.9803,9.9803,2.146,9.9829,6.5042,9.9873,2.5,2.7738,2.2653,2.2652,2.5,3.9194,2.2653,1.9526,5.1318,9.9849,2.5808,8.0005,19.6755,9.9826,2.5,9.9849,14.2158,9.9849,2.0,2.2652,14.243,21.4648,2.0731,8.4945,9.9826,2.2652,2.2653,2.2652,2.3434,2.0,10.0172,7.1374,2.9291,2.9662,9.9812,6.6909,9.9812,9.983,7.1374,2.3435,9.9812,3.6571,2.5,2.0,8.7805,9.9812,2.5,2.5,2.7586,3.9229,2.0,2.1099,1.5489,2.3434,2.1031,2.3437,5.9168,10.4525,10.4525,10.4525,10.4525
78,2.304,2.5001,2.304,2.304,5.3238,9.982,2.5,2.3041,9.9863,5.3604,2.3286,2.3756,5.38,23.7516,4.4074,9.9863,2.0897,4.3602,4.532,0.919,1.4646,1.0882,0.9882,2.304,2.0,2.304,5.1444,2.304,9.9836,6.8518,12.0043,2.3312,2.0681,2.3312,9.9855,9.9855,9.9838,2.3313,2.3316,2.0483,2.3315,2.5,9.9838,2.3313,7.2755,8.0166,9.9853,2.3312,2.6329,9.9818,9.9818,2.0526,6.6713,9.9853,9.9918,9.9838,15.6969,9.9806,9.9824,10.6956,2.3067,2.3066,2.3117,5.3307,8.6498,2.3066,23.2527,9.9818,5.9275,12.5556,9.988,2.0337,2.5,2.0387,20.4867,2.9852,2.5,2.2836,2.331,9.988,9.988,10.7988,2.0402,2.9206,9.9894,18.2464,9.9818,11.4381,9.9818,9.9836,2.0422,11.4381,17.1697,11.1658,5.5313,7.2293,2.3436,10.0172,2.3436,10.0172,9.9849,10.3125,12.0128,6.1591,9.9855,7.9902,2.5,2.0494,9.9849,17.7434,2.3437,14.6267,9.9849,9.9849,9.9849,2.0385,9.9849,7.127,12.294,2.3175,8.53,2.0551,9.9838,13.2595,20.1883,2.5,8.016,2.0529,5.7772,2.3174,2.0618,7.5892,2.0606,2.3174,9.9838,9.9803,7.8607,9.9803,6.3768,9.9803,9.9803,3.7418,9.9803,2.081,2.3174,2.3174,9.988,2.0778,2.0439,9.985,8.0177,14.6068,2.5,9.9876,2.3088,6.7321,2.3086,2.0756,3.6515,3.4045,9.9873,2.3086,3.7802,9.9893,9.9876,11.3935,3.9739,2.2487,2.3086,5.7943,2.3086,13.1854,8.8442,2.3086,2.3086,9.9876,2.3087,2.3086,11.358,8.3458,2.3422,2.3422,2.3422,2.0462,2.3422,2.0464,1.0528,2.2006,2.3422,2.5,6.6052,2.3423,11.3671,2.3422,2.0646,2.0642,2.3423,2.3422,2.0513,1.3443,2.0508,2.3422,4.0186,7.1369,2.5001,5.0569,2.9403,2.3479,2.5001,2.8328,2.0798,2.2662,2.2662,9.5281,2.2663,2.2662,2.5,2.2662,2.2662,2.2662,2.2662,2.2662,7.9278,2.2663,2.2662,2.2662,2.2663,2.2662,2.5,9.9834,9.8978,3.2759,11.2612,6.3823,2.2662,2.2662,2.2662,2.5,2.2662,2.0462,2.046,2.5,3.2837,8.3977,2.1973,2.1972,2.1972,9.9872,9.9898,9.9872,9.9872,9.9898,9.9898,9.9827,7.1466,9.9872,9.9802,9.9898,9.9827,2.1972,8.9061,2.1972,2.1972,2.0565,2.1972,2.5,2.1972,2.1971,2.0542,7.8307,2.2074,4.7066,9.9859,9.9832,11.4776,9.9859,2.2074,4.2853,9.9859,7.738,9.9859,9.9859,2.6349,2.2074,6.8259,4.857,11.5826,9.9859,8.3638,12.1927,9.9859,9.4741,2.2075,2.2074,9.9859,2.2074,2.5,9.9859,9.9832,7.083,4.7387,9.9815,5.4319,9.6315,2.8498,7.3693,2.0404,2.3068,7.121,9.9829,2.3025,1.428,9.9829,9.9873,2.3097,8.0151,19.3808,14.11,2.6676,9.9829,17.9623,9.9829,2.0,8.0008,12.8673,20.8896,2.0731,2.878,2.6887,2.0001,7.121,2.0,2.5,2.0,26.8401,2.5001,7.1262,9.9839,9.9838,2.3815,9.9832,9.987,7.1262,2.3156,10.1071,2.5,2.5,2.0,9.9832,11.1578,3.053,2.3162,2.5001,2.316,0.9918,1.3684,0.8626,1.0784,0.6925,2.3286,8.0158,16.3335,16.3335,16.3335,16.3335
79,2.3645,2.3553,2.3552,2.3552,2.5,9.9814,2.5,2.3553,4.92,4.8809,2.3553,2.5708,3.1926,5.7665,2.6808,9.9814,2.098,2.372,2.5,1.0734,1.1043,2.0,1.0191,2.5,2.0,2.0923,2.3553,2.077,9.98,3.7003,31.3068,2.3198,2.3198,2.3198,9.9887,9.9887,9.9845,2.3199,2.3199,2.3203,2.5001,2.3199,9.9845,2.3199,2.5,4.42,9.9847,2.3199,4.5405,9.9847,9.7179,2.0526,4.7059,9.9887,9.9847,9.9847,16.3569,9.9815,9.988,9.988,2.331,2.331,2.331,2.5001,9.9818,2.3026,9.9828,9.9866,3.2353,15.2718,9.9866,2.0337,2.6819,2.0385,15.7546,2.3026,2.3026,2.0542,2.3026,9.9871,9.9866,6.1924,2.0402,2.3026,9.9871,15.7899,9.8232,11.3593,24.6007,9.9819,2.0422,10.6667,15.268,11.4,2.2819,8.0142,2.5,9.9883,2.2818,9.9885,9.9865,9.9885,11.0586,10.3729,9.9883,5.577,2.5,2.0495,9.9865,9.9883,2.2819,16.3076,9.9819,9.9885,9.9819,2.0373,9.9819,5.4303,16.9325,2.3217,8.9482,2.0461,9.988,15.2355,9.6443,2.5,9.988,2.0514,4.3441,2.3216,2.0618,2.5001,2.0608,2.3216,22.7365,9.9823,8.431,9.988,9.7441,9.988,9.988,6.954,18.9132,2.0821,2.3216,2.3216,9.9894,2.0788,2.0439,10.0164,8.0165,12.8399,3.1052,16.4256,2.2926,9.9818,2.2872,2.0704,2.5,5.1667,9.9818,2.2873,3.9182,9.9892,9.9831,10.1403,4.2251,2.0775,2.2873,9.9818,2.2872,19.7714,14.7232,2.2872,2.2872,11.4493,2.5,2.2872,10.0167,7.133,2.3326,2.3326,2.3326,2.0464,2.9197,2.0464,0.9543,2.3326,2.3326,2.5504,6.1351,3.6941,9.9404,2.3326,2.0564,2.0643,2.3326,2.3326,1.3064,1.0525,2.0508,2.3326,4.1114,7.1331,3.4603,7.7417,4.3637,8.6192,5.4159,2.8508,2.2231,2.2806,2.2806,9.5458,2.2807,2.2806,2.5,2.2806,2.2806,2.2806,2.2806,2.2806,7.1122,2.2807,2.2806,2.2806,2.2806,2.5,2.2808,9.9896,9.1396,2.5001,10.5095,6.6576,2.2806,2.2806,2.2806,2.5,2.2806,2.0538,2.0462,3.8321,2.5,9.544,2.1892,2.1892,2.1892,9.9848,9.9893,9.9893,9.9893,9.9893,9.9893,9.9833,7.9514,9.9893,9.9833,9.9893,9.9833,2.1892,10.0096,2.1892,2.1892,2.0565,2.0663,2.5,2.1892,2.1892,2.052,9.9283,6.9763,6.0021,9.9878,8.0107,13.8215,9.9805,2.2136,4.7607,9.9805,6.8278,9.989,9.9805,7.3349,2.8327,6.0082,2.767,11.0887,11.4039,7.8962,17.0499,9.9874,8.5766,2.2136,2.2137,9.9805,2.2136,2.2139,9.9878,9.9805,2.3683,7.4483,9.9864,2.5001,9.9815,4.5531,6.3162,2.035,2.2835,2.5,9.9815,2.2835,0.8059,9.9815,9.9825,2.5,8.0002,17.9168,14.3459,7.4909,9.9815,17.9622,9.9815,2.0,4.751,13.0264,15.2856,2.0731,7.826,8.0002,2.0001,8.0002,1.0773,2.2578,2.0,13.9256,2.2578,6.6027,9.0095,9.9844,2.0786,9.9836,9.9844,2.2582,2.5,9.9844,3.7628,9.9836,1.2572,9.9836,9.988,2.7577,5.2393,2.7852,2.2578,1.3636,1.4392,1.315,0.97,0.5399,2.2581,9.9844,16.2282,16.2282,16.2282,16.2282
80,2.2727,2.2729,2.2728,2.2728,2.5,8.912,2.5,2.5,4.3368,4.6765,2.2729,2.5,5.6448,4.3658,2.3051,10.4641,2.0805,2.5,2.2728,0.7874,1.0792,1.4894,0.7874,2.5,2.0527,2.2097,2.9829,2.0,9.9822,2.5,11.435,2.2852,2.2852,2.2852,9.9848,9.9848,9.9818,2.4826,2.5001,2.5,2.2904,2.2905,9.9818,2.5,2.8046,5.546,9.9818,2.2852,3.0972,9.9848,9.4111,2.0527,2.5,9.9848,9.9848,9.9818,11.1412,9.9866,9.9866,9.9866,2.3026,2.0544,2.3026,7.6451,9.9866,2.3914,9.9814,9.9872,3.941,11.9023,9.9889,2.0337,5.8827,2.0387,17.2739,2.3915,2.3914,2.0438,2.3914,9.9889,15.0025,3.264,2.0402,2.3915,9.9889,9.9814,8.0197,11.4139,28.5988,9.9835,2.0424,12.2145,9.9884,11.8091,2.3246,9.604,2.33,9.9884,2.3246,9.9884,9.9835,12.269,9.9884,8.668,9.9875,3.2852,2.5,2.0494,9.9859,9.9884,2.5,14.9895,9.9835,9.9884,6.5628,2.0375,9.9859,3.0888,14.8682,2.3559,6.3811,2.0461,9.9817,13.2133,8.8369,2.3559,9.9806,2.0516,2.5,2.3558,2.0619,2.5,2.0609,2.3558,9.9853,9.9805,5.4449,9.9805,9.4608,9.9805,9.9805,4.6249,24.6317,2.0793,2.3558,2.0908,9.9817,2.0872,2.0426,9.9807,2.3267,8.0144,2.5,9.9855,2.069,9.9829,2.2874,2.0594,2.469,5.1429,9.9855,2.2874,3.6861,12.6201,9.9855,13.4909,2.8684,2.0776,2.2874,9.9829,2.2874,9.9821,22.3297,2.2874,2.2874,24.6406,6.6333,2.2874,11.073,7.2404,3.0752,2.2264,2.2264,2.0464,2.6905,2.0467,0.9117,2.1147,2.2264,2.5,8.2588,4.687,9.9825,3.6723,2.0567,2.0643,2.2264,2.2264,2.0513,0.8892,1.5346,2.2264,3.4275,7.7461,5.2568,7.0906,3.6149,9.1992,5.4608,2.5,2.0641,2.283,2.283,9.5816,2.283,2.283,2.5,2.283,2.056,2.283,2.283,2.2831,7.2815,2.283,2.283,2.283,2.283,2.5,2.2831,9.9706,9.0752,4.4729,10.0143,3.2464,2.283,2.0489,2.283,2.5,2.0557,2.0464,2.0462,3.9017,2.5,9.0963,2.184,2.184,2.184,9.9832,9.9844,9.9841,9.9841,9.9844,9.9841,9.9831,2.5059,9.9831,8.978,9.9831,9.9831,2.184,10.0093,4.2199,2.184,2.149,2.0663,2.5,2.184,2.184,2.0506,6.6706,7.0798,8.7912,9.9879,8.0101,10.5737,9.9824,2.1994,2.5,9.9824,4.9528,9.9838,7.0799,9.1874,3.0651,5.5915,1.5969,9.9879,9.9879,7.3184,14.5317,9.9879,9.9014,2.1994,2.1994,4.0575,2.1994,2.1995,9.9879,9.9838,2.1995,5.3439,9.981,2.2269,9.9864,6.6731,6.1684,2.035,2.1858,2.5,9.9864,2.1859,0.4806,9.9864,9.9864,2.1858,2.5001,21.6206,9.9054,9.9864,9.9864,12.2129,7.1557,2.0,4.1432,9.9864,19.1502,2.0731,7.0743,8.0003,1.0773,6.6416,0.9634,2.2354,2.0,11.7385,2.2356,6.275,8.3828,9.9837,2.0718,9.9837,9.9837,2.2354,2.7941,9.7136,2.5,9.9837,1.4224,10.0118,9.9861,2.2457,2.2355,3.2781,2.2354,1.7755,1.3453,1.0784,0.6721,0.4696,2.2357,9.9993,20.5096,20.5096,20.5096,20.5096
81,2.0898,2.3459,2.3459,2.3458,2.5,9.6064,3.8309,2.5,4.8043,4.8576,2.3459,2.4278,3.1081,23.3441,2.3459,10.1728,2.0792,2.5,2.3458,0.9175,1.0792,1.0792,0.9303,2.5,2.3458,2.3458,3.556,2.0,8.2928,2.5,14.1301,2.0596,2.0596,2.3536,9.9898,9.9898,9.9806,2.5,2.5001,2.3537,2.3537,2.5,7.4999,2.5702,4.2504,3.9239,9.9806,2.3536,2.3537,9.9898,9.1423,2.0423,2.3537,9.9898,9.9898,9.9806,14.4471,9.9872,9.9889,9.9872,2.3914,2.0543,2.3915,9.9814,9.9872,2.3534,9.9815,9.9861,2.6738,10.0177,9.9861,2.0337,3.5277,2.0,18.295,2.3534,2.3534,2.0432,2.3534,9.9861,15.3171,3.5993,2.0,2.3534,9.9861,8.0177,5.7327,10.0214,19.4667,9.0606,2.0424,11.5398,9.9855,11.2625,2.4234,8.1554,2.4234,10.0212,2.4234,9.9808,9.9808,11.3154,9.9855,13.6322,10.0213,2.4235,2.5,2.0494,9.9808,12.6414,2.4235,13.9747,9.9808,9.9855,7.1694,2.0375,9.9808,2.9476,6.6195,2.3582,4.4926,2.0447,9.9865,13.233,2.5,2.3583,8.0179,2.0516,2.5,2.3583,2.0619,2.5,2.0607,2.3582,9.9891,9.9849,2.5,9.9849,5.3037,9.9849,9.9849,2.3582,16.5019,2.0531,2.0914,2.0914,9.9849,2.0546,2.0426,9.9841,2.3126,5.3578,2.5,12.0743,2.0677,9.9819,2.2818,2.0593,2.5,2.5341,9.9865,2.2818,2.5,11.7062,9.9819,12.9316,2.2879,2.0526,2.2818,9.9819,2.2819,9.9819,20.033,2.2818,2.2818,11.1761,5.6384,2.2818,11.1612,7.1161,2.357,2.2902,2.2902,2.0464,3.5401,2.046,1.0528,2.0573,2.2902,2.5,10.2978,2.2902,7.9961,2.0654,2.057,2.0643,2.2902,2.0639,1.1148,0.8179,1.0904,2.2902,2.2903,2.416,2.5686,7.1161,2.2903,5.3628,5.6059,2.273,2.0554,2.2678,2.2678,7.8616,2.2678,2.2678,2.2679,2.2678,2.0557,2.2678,2.2678,2.2678,6.6883,2.2678,2.2678,2.2678,2.2679,2.2679,2.2678,8.1039,7.8014,2.5,9.983,2.5,2.2678,2.0489,2.2678,2.5,2.0487,2.0464,2.0462,5.1598,2.2171,6.9691,2.05,2.217,2.217,9.9825,9.9834,9.9833,10.0109,9.9834,9.9825,8.2759,2.5,7.7991,8.0109,9.9825,8.9779,2.217,10.0059,2.217,2.217,2.0565,2.217,2.2625,2.0629,2.217,2.0597,6.1425,8.0126,8.4158,9.9838,2.5354,10.3595,6.9444,2.25,2.25,8.4375,5.1893,9.9838,2.8122,9.9825,2.25,2.294,2.064,9.9838,10.3808,7.2368,10.2664,9.9838,8.1202,2.2501,2.25,2.5,2.25,2.25,9.9838,9.9825,2.2501,2.2501,9.9801,2.2791,9.981,2.5,2.5001,2.0404,2.2266,2.8681,9.981,2.2266,0.6452,9.981,9.981,2.0545,2.7831,20.9579,4.6803,9.981,9.9818,12.7447,7.0906,2.0,2.5475,11.133,16.3515,2.0731,2.2267,4.7097,2.0001,4.4897,1.0297,2.6726,2.0,19.8388,2.5001,5.7833,8.0126,7.2738,2.4791,9.9844,9.9844,2.2522,4.6253,6.5846,3.0908,10.1664,2.0,12.1827,9.9844,2.2523,2.2522,2.5001,2.0797,2.0795,1.4918,0.7193,0.7201,0.5029,6.0812,9.9898,20.2173,20.2173,20.2173,20.2173
82,2.0,2.3589,2.3588,2.3588,2.5,8.0179,3.9267,2.5,9.9814,7.1435,2.3589,2.3589,3.1837,8.0179,2.3589,4.4216,2.0792,2.5,8.2067,1.0792,1.0734,1.0792,0.9664,2.3674,2.3588,2.3588,2.5,2.6954,2.827,2.5,11.6363,2.4034,2.2307,2.4034,11.796,10.4054,9.9809,2.5,4.4297,2.4034,2.4035,2.4035,2.5001,4.52,2.4214,2.5,6.8538,2.4034,2.3989,9.9839,2.5,2.0528,2.5,9.9816,9.9816,8.2319,11.4506,9.9815,9.9861,9.9861,2.3534,2.0441,2.3536,9.9815,9.9854,2.3814,19.6392,9.9803,2.5,6.3392,9.984,2.0337,2.5,2.0387,11.4863,2.0559,2.3814,2.0438,2.3814,9.984,11.4863,4.4407,2.0001,2.3814,9.984,5.8621,4.2406,2.5001,18.2829,8.0205,2.0424,9.192,9.99,10.6708,2.0492,7.1637,2.4092,9.9882,2.4092,9.9882,9.8826,9.9882,9.99,2.5,9.9882,2.0715,2.4093,2.0429,9.9862,9.9882,2.4092,13.3385,8.0205,15.4076,6.4789,2.0377,9.9862,2.4788,2.4787,2.0454,2.4788,2.0461,9.9817,8.024,2.4786,2.4786,2.5,2.0532,2.4883,2.4786,2.0617,2.4871,2.0607,2.0613,9.9817,6.5971,2.5,9.9817,2.5,7.1915,11.4012,2.4786,5.5983,2.0531,2.0531,2.0531,7.8519,2.0455,2.0355,9.9801,2.3282,2.2967,2.2966,9.9849,2.0712,9.9849,2.2966,2.0593,2.2967,2.2967,9.9849,2.2966,2.2967,9.9883,9.9851,11.3782,2.2966,2.051,2.0803,7.8531,2.2966,5.3469,16.8367,2.0802,2.2966,12.1836,4.5742,2.2966,10.018,2.5,2.0656,2.3582,2.3582,2.0464,3.9654,2.0448,1.0349,2.0575,2.3582,2.3583,5.6771,2.5,5.9491,2.3582,1.4504,2.0567,2.0825,1.2924,0.9887,0.9884,1.0396,2.0554,2.3582,2.3582,2.3582,7.1433,2.3583,2.5,2.3653,2.292,2.0554,2.0588,2.292,3.0824,2.292,2.292,2.292,2.292,2.0557,2.292,2.292,2.292,2.7028,2.292,2.0554,2.292,2.292,2.292,2.292,6.8733,2.7717,2.292,9.8574,2.2921,2.0633,2.0447,2.292,2.292,2.0472,2.0464,2.0462,2.8435,2.2682,2.2683,2.0617,2.2682,2.2682,7.8971,9.9804,9.9804,10.0134,9.9804,8.3278,3.4594,2.2683,2.5,2.5,7.9203,3.3781,2.2682,5.584,2.2682,2.2682,2.0562,2.2682,2.2682,2.0778,2.8649,2.0738,2.9155,9.1984,7.0034,9.9821,2.2716,10.0136,6.0007,2.2716,2.2716,2.2716,2.2717,7.2899,2.2716,9.8633,2.0696,2.0696,1.0776,8.8023,9.9832,6.2697,6.0277,9.9821,2.2717,2.2716,2.2717,2.2717,2.2716,2.2716,9.9832,9.9821,2.2717,2.0651,8.0162,2.3248,9.9801,2.5,2.2791,2.0404,2.279,2.5,9.5857,2.279,0.7946,9.9801,9.9801,2.0002,2.8488,20.406,5.0216,9.9801,9.9803,14.1872,8.8779,2.0,2.8488,9.9801,10.3313,2.0731,2.279,2.5,2.0,2.8488,1.0773,2.2917,2.2914,11.7535,2.2916,8.2807,7.1166,9.9817,2.9186,7.4705,8.0149,2.2914,2.5,3.0633,3.5425,9.9894,2.2914,9.3544,9.9844,2.0948,2.4585,7.1166,2.0921,1.2839,1.6572,0.82,0.7225,0.6396,6.5485,10.1452,14.0536,14.0536,14.0536,14.0536
83,2.0,2.3344,2.3345,2.3344,2.5001,7.1338,2.8088,2.5,2.9178,11.4264,2.3345,2.3345,2.967,2.0001,2.3345,2.5,2.0792,2.5,2.3343,1.0111,1.0388,1.0792,0.9594,2.5,2.0,1.927,2.3345,2.0,2.402,2.402,10.5707,2.402,2.0503,2.402,9.985,9.0075,4.2607,2.402,2.5,2.402,2.4021,2.5,2.402,7.1711,2.402,2.4091,2.5,2.0438,2.402,9.985,2.402,2.0423,2.4021,9.985,9.985,2.4074,3.8147,8.0191,9.984,11.7056,2.3816,2.0441,2.3814,9.9803,4.4496,2.4428,14.7715,2.7432,2.4428,2.042,9.7213,9.1695,2.5,2.0387,9.987,2.0447,2.4428,2.0432,2.0426,10.0224,12.6513,2.5,2.0001,2.4429,9.6559,2.4428,8.0222,2.4486,10.0222,8.0222,2.0426,10.9861,9.9833,9.9833,2.4431,7.1772,2.443,9.9819,2.443,9.9833,7.0264,9.9833,9.9833,2.0407,9.9819,2.0494,2.443,2.0429,9.9819,9.4464,2.443,13.8273,7.1772,10.0222,8.0222,2.0377,9.9809,2.4728,2.4728,2.0542,2.4728,2.0461,9.9844,7.9998,2.4728,2.4728,2.5,2.0519,2.4728,2.4728,2.0619,2.4728,2.0608,2.0612,9.9844,9.9844,2.5,9.9844,2.4811,2.8649,8.5277,2.4728,9.969,2.1206,2.0532,2.0531,2.5,2.0469,2.0355,9.9806,2.3704,2.3206,2.3206,2.5806,2.3206,9.98,2.3206,2.0593,2.3206,2.3206,8.4096,2.3206,2.5,9.9895,9.9836,9.9895,2.3206,2.0526,2.0868,8.0161,2.085,2.5,10.88,2.085,2.0902,11.5403,4.8362,2.3206,7.1693,2.4233,2.0656,2.4232,2.3695,2.0467,6.4407,2.0462,1.0064,2.0575,2.4232,2.4232,2.5,3.0721,5.1675,2.0634,1.2799,1.2354,2.0974,2.3242,1.1679,1.1194,1.1593,2.0557,2.1018,2.4232,2.4232,5.1489,2.625,2.4232,2.4232,2.4536,2.0641,2.4536,2.4536,2.4536,2.4536,2.4536,2.4536,2.4536,2.4536,2.4536,2.4536,2.4536,2.4537,2.4536,2.0554,2.4536,2.4536,2.4536,2.4536,3.462,2.7325,2.4536,7.5083,2.4538,2.0978,2.0447,2.4536,2.4536,2.0487,2.0539,2.0464,5.9166,2.0857,2.0516,2.0514,2.3792,2.3792,4.1397,9.9833,9.0127,7.9284,9.8577,7.1517,2.5,2.3793,2.3792,2.3793,6.6478,2.5,2.0987,3.7925,2.3791,2.0929,2.0929,2.3792,2.1103,1.7,5.1526,2.3792,2.3792,7.647,7.6349,9.983,2.3698,9.9895,3.6454,2.1017,2.1017,2.3698,2.3698,2.3698,2.0946,5.1389,1.9147,2.0946,2.0683,9.986,5.7847,2.3699,5.6761,4.694,2.3698,2.3698,7.1479,2.3699,2.3698,2.3698,9.983,9.986,2.3699,2.0593,4.9361,2.3556,3.8028,2.0391,2.3249,2.0404,2.3248,2.325,8.0162,2.0318,0.8784,9.9804,5.909,2.0,2.906,10.7443,2.0515,9.9856,9.9856,15.0234,2.5,2.0,2.3248,8.726,11.8633,2.0731,2.3349,2.5,1.3214,2.3249,1.0228,2.2514,2.2514,7.1006,2.2514,5.4598,7.9998,8.0126,4.488,2.0767,2.5,2.2046,2.5,5.2597,7.2193,9.9896,2.2514,3.4982,9.9849,2.2514,2.2633,2.8787,2.0001,0.7899,1.4296,0.7174,0.6233,0.6196,4.2168,6.7181,9.9896,9.9896,9.9896,9.9896
84,2.0,2.0001,2.3625,2.3624,2.5,5.4532,2.5,3.2575,2.5,9.7679,2.3626,2.3625,2.3624,2.0002,2.3623,2.5,2.0792,2.3624,2.1052,1.0958,1.7153,1.0734,1.0792,2.3624,1.1262,2.0,2.0884,2.0,2.4016,2.0639,9.2323,2.4016,2.0503,2.4016,7.1606,7.1606,2.5001,2.4017,2.5577,2.0476,2.4017,2.5,2.4016,3.6155,2.0435,2.4017,2.4016,2.3345,2.2397,9.9876,2.4016,2.0423,2.0494,11.2569,9.9876,2.4016,2.4428,2.5001,9.987,2.881,2.4428,2.0441,2.4429,7.1771,2.4429,2.261,11.3328,2.261,2.261,2.0413,4.153,3.4427,2.2651,2.0387,8.1541,2.0,2.0447,2.0542,2.0,10.0133,11.3051,2.5,2.0001,2.2611,8.0132,2.2611,7.1044,2.3146,9.9814,8.0157,2.0001,8.3595,9.9885,11.4011,2.0492,4.2889,2.054,9.9814,2.3146,9.9818,2.3155,9.9818,9.9838,2.0324,9.9814,2.0429,2.3146,2.0001,9.9818,6.9582,2.3146,9.9885,7.3145,10.1431,3.7405,2.0377,6.6853,2.2796,2.2796,2.0542,2.2796,2.0447,9.9812,4.2615,2.2796,2.2796,2.0615,1.0579,2.0618,2.2796,2.0525,2.2796,2.0606,2.0611,5.6895,2.5001,2.2796,8.5485,2.2796,2.5,4.105,2.2796,3.1972,2.053,2.0491,2.0529,2.2797,2.0455,1.0528,9.9832,2.0472,2.0472,2.064,2.2608,2.0627,2.3058,2.2608,2.0526,2.0518,2.2608,2.2609,1.0779,2.2609,9.9817,8.0131,9.9835,2.2608,1.4559,2.0708,2.2609,1.0531,2.2678,2.2609,1.5322,2.0734,7.1043,2.2609,2.2608,2.5,2.2514,1.5385,2.2514,2.2514,2.045,2.2515,2.045,0.5977,1.0432,2.0629,2.9179,2.2516,2.2515,2.257,2.0634,1.0432,1.0525,1.0525,0.75,0.7216,0.7215,0.7219,2.0554,2.0606,2.2514,2.2514,2.2545,2.2514,2.2515,2.2514,2.2158,2.0554,2.0588,2.2158,2.2158,2.2158,2.2158,2.2158,2.2158,2.2158,2.2158,2.0539,2.2158,2.2158,2.2158,2.0554,2.0732,2.2158,2.0627,2.2158,2.2159,2.2159,2.2158,3.492,2.2158,2.0449,2.0433,2.2158,2.2158,2.0472,2.0539,2.0464,2.5,2.0461,2.05,2.0514,2.2032,2.048,2.5,2.5,4.6106,2.5,7.0813,5.2397,2.2075,2.2032,2.2032,2.2032,4.9439,2.5,2.0529,2.446,2.2032,2.0565,2.2031,2.2032,2.0592,2.0589,4.5039,2.0559,2.2032,2.5,7.1081,2.5,2.2702,9.9873,2.2702,2.0743,2.0743,2.2702,2.2702,2.2702,1.8423,2.2703,0.7721,2.2702,2.0683,9.9865,2.5,2.2702,2.5,2.2703,2.2702,2.2702,2.2703,2.2702,2.2702,2.2702,8.1979,9.9838,2.2703,2.0593,3.335,2.4034,2.36,2.0391,2.0,2.0404,2.3556,2.3557,8.0178,2.0,0.9323,8.0005,3.3808,2.054,2.5001,11.1778,2.0515,9.9808,6.6233,7.1422,2.3556,2.0,2.3556,8.8335,9.9808,2.3556,2.0837,2.1122,2.0001,2.3556,0.8587,2.2518,1.0515,9.1523,2.078,2.5,4.9704,6.0874,2.5,2.0768,2.2518,2.078,2.2518,2.7635,8.0126,9.9824,2.2518,2.2595,10.0126,2.2518,1.0674,2.5001,2.0001,0.8264,1.4319,0.7507,0.6244,0.9167,2.5,3.1518,9.1963,9.1963,9.1963,9.1963
85,2.1587,2.0,2.3567,2.3566,2.5001,5.4459,2.8792,3.432,2.5,8.0181,2.3567,2.9459,2.3568,2.0001,2.1462,2.5,2.0792,4.4226,2.1035,1.0792,1.6879,1.0792,2.0,2.3566,1.0792,2.0,2.0754,2.0552,2.272,2.0535,7.1333,2.272,2.0503,2.272,7.1088,7.1088,2.7953,2.6296,2.5,2.272,2.272,2.8398,2.272,3.533,2.0432,2.272,2.272,2.2719,2.1384,9.9806,2.272,2.0423,2.0493,8.0136,9.9806,2.0393,2.261,2.3094,9.9856,2.5001,2.2611,2.0441,2.261,7.1044,2.0456,2.0539,22.4845,2.2263,2.2262,2.0521,2.2264,4.3236,2.0494,2.0387,7.3846,2.0,2.0445,2.0541,2.0,10.0114,22.5023,2.5,1.051,3.87,5.6138,1.258,3.4674,2.1814,8.1803,2.1815,0.8658,2.1816,9.985,9.9813,2.0492,2.1814,2.0476,3.5236,2.1814,8.1803,2.1814,5.2265,8.0091,2.0324,8.0092,2.0429,2.1814,2.0002,9.9813,2.5,2.1814,9.9813,2.1815,5.9007,2.0424,2.0,5.0,2.1916,2.1916,2.0452,2.0533,2.0447,8.0097,2.055,2.0571,2.06,2.0613,2.0419,0.5502,2.0617,2.0428,2.0529,2.0605,2.061,2.0698,2.1916,2.1916,2.1916,2.1952,2.0623,2.1916,2.1916,2.1915,2.0393,2.0486,2.0489,2.0593,2.0381,0.3921,2.5,2.033,1.8252,1.042,1.0779,2.0571,2.1476,1.3252,1.0531,2.0498,1.0779,2.0621,0.5683,2.068,2.5,3.5044,9.9885,2.0554,1.0531,2.0399,2.1476,0.3988,2.0399,2.0728,1.0531,1.0531,2.1479,0.722,0.9312,2.1942,2.1938,1.0775,2.059,1.1864,0.4616,2.0401,0.6417,0.4383,0.4526,0.8068,1.0775,2.0666,2.0633,2.0634,1.1945,0.5859,0.5561,0.5454,0.5502,0.4731,0.5123,0.4768,0.5838,0.9208,2.0555,2.0649,2.1938,3.8391,2.1938,2.1974,2.0521,1.4622,1.0756,1.0799,2.054,1.3434,1.7706,2.0642,2.0669,2.0646,2.0629,1.4325,2.0625,2.2952,1.9348,1.2316,1.0799,2.0624,1.9352,2.0627,2.0688,2.2892,2.2893,2.2893,2.0489,2.0447,1.1035,1.8323,2.0585,1.1367,2.0462,2.045,2.0518,2.0351,2.0513,1.0287,2.0383,2.037,2.156,2.156,2.156,2.0658,2.1596,2.1561,2.0625,2.156,2.056,2.0664,2.156,2.156,2.061,2.0642,2.156,2.0548,2.0382,2.0594,0.9553,0.9498,2.156,0.5221,2.077,2.124,2.1241,2.124,2.124,9.9819,2.124,2.0798,2.0,1.5257,2.0339,2.0335,0.7253,2.1241,0.2939,2.124,2.001,9.9834,2.124,2.124,2.0263,2.1241,2.1241,2.0458,2.1241,2.1241,1.4684,2.124,7.0496,2.1241,2.1272,2.0,2.169,2.169,2.4036,2.0391,2.0,2.035,2.4034,2.4035,7.1614,2.0,1.0159,7.9997,8.0202,2.0,3.0041,9.9809,2.0515,9.0128,2.5,8.0204,2.4034,2.0,2.4162,6.226,8.0203,2.4034,2.4034,2.4035,2.0001,2.4034,1.0155,2.0761,4.8296,8.6343,2.0773,2.5,5.0722,9.4479,2.5,2.5,2.2496,2.0773,2.5,2.2583,8.0125,9.9813,2.2496,2.0,5.0001,2.0857,0.7468,3.0982,1.0784,0.8196,1.8739,1.0784,0.6857,0.6147,2.0712,2.5001,5.6361,5.6361,5.6361,5.6361
86,2.2019,1.039,2.2018,2.2018,2.202,2.5,2.2095,2.5,2.5001,4.4995,2.5641,2.2019,2.2166,2.224,2.0001,2.0912,2.098,2.5001,2.0586,1.0792,2.0,2.0625,1.0792,2.0,1.0734,2.0643,2.0752,2.2017,2.2342,2.0638,3.9904,2.2342,2.0418,2.2342,9.9815,7.0937,2.2343,2.0477,2.2343,2.0,2.2341,2.5,2.0591,4.5581,2.0435,2.0,2.0538,2.2342,2.0534,9.9815,2.2342,2.0423,2.0393,5.0606,7.2875,2.0387,2.2132,2.0555,2.2263,2.2263,2.0529,2.0435,2.2262,9.9803,2.0456,2.0536,8.2802,2.1946,2.0523,2.0315,2.1946,8.0,2.0492,2.0387,4.1029,2.0,2.0428,2.0524,2.0001,11.244,11.2481,4.0376,2.0,2.0528,3.7388,0.872,2.1946,2.0443,2.5,2.1802,0.3352,2.1802,8.009,8.009,0.4291,2.1802,2.0537,2.9219,2.0491,2.1803,0.4305,5.2253,5.0929,2.0298,8.2561,2.0007,2.1802,2.0002,9.9828,2.1802,2.054,10.0091,2.1803,2.5609,2.0422,2.0,5.0,2.0538,2.2084,2.0437,2.1853,2.0445,9.9813,2.0484,2.0508,2.0612,2.0509,2.0519,0.5981,2.0803,2.0438,2.0603,2.0,2.0501,2.0437,2.2084,2.2125,2.2084,2.0625,2.056,2.212,2.0531,2.7605,2.0393,2.047,2.0527,2.0545,1.0528,0.6079,2.3124,1.2254,1.4221,1.6989,1.0779,2.0656,2.0645,1.0531,1.0531,1.0531,2.0554,2.0549,0.6946,2.2629,2.2629,2.5,8.1642,2.0524,1.2482,2.2628,2.2628,0.7105,0.754,2.08,1.0722,1.5922,2.1546,0.7699,0.8157,2.3397,2.3395,1.0718,2.0935,1.0528,0.779,0.9567,0.8321,0.7977,0.7924,1.0262,1.0775,2.0632,2.0632,2.0633,1.2136,0.8892,0.8891,1.0525,0.904,0.8282,0.8283,0.8976,0.9745,1.0526,1.23,1.3409,2.9242,2.2731,3.4814,3.6968,2.0549,1.1776,1.0756,0.9017,2.0535,1.0799,1.3505,2.0341,1.5546,0.9455,2.0628,2.0523,2.0139,2.0758,2.0134,1.0013,0.9009,0.9784,1.0799,2.0339,2.0654,2.329,2.0572,2.2377,2.0428,1.0799,1.0799,1.3423,2.0338,0.8858,1.1679,1.046,2.0581,1.0924,1.0803,1.0759,1.6259,0.7783,1.1364,2.0659,2.0661,1.9553,2.0617,2.0625,1.5519,2.0662,2.0563,2.2676,2.2676,2.0705,2.0537,2.0634,2.0656,1.0708,0.7783,0.757,0.7783,0.7666,1.0759,0.7783,1.0759,2.2452,2.0843,2.0741,2.0766,2.2452,1.4359,0.7391,0.5766,0.7041,0.7391,1.2617,0.583,2.0625,0.5373,1.7547,0.6373,9.985,2.2452,1.4357,1.4362,2.2453,2.0437,2.0463,2.2452,2.2453,0.7391,1.0754,2.2452,2.2454,2.2453,1.0776,1.9862,2.233,2.1691,2.0391,0.9422,2.0343,2.169,2.1692,4.119,0.961,0.3225,5.2113,5.3105,2.0,2.169,9.9835,2.05,8.0085,2.4616,4.0641,2.7113,2.0,2.1693,2.5001,3.3494,2.169,2.1689,2.169,2.0,2.1689,0.8626,2.0,2.5,3.623,2.0868,2.8653,2.5,5.451,7.1169,2.4605,2.0,2.0,2.5,2.103,7.8214,7.1169,2.2922,2.2923,5.0001,2.0,0.9429,2.306,2.0001,0.959,1.6617,0.8448,0.8343,0.641,2.0836,2.2922,3.6581,3.6581,3.6581,3.6581
87,2.0822,0.5471,0.6723,2.207,2.207,2.2071,2.5001,2.207,2.4084,9.986,0.5479,2.2071,2.2225,2.1523,2.0,2.0988,2.06,2.2071,1.0734,1.0734,2.0,1.0552,1.0605,1.0792,0.5768,1.0734,1.2497,1.2949,2.0639,2.0563,2.1344,2.1344,0.8653,2.1344,3.8573,7.0538,2.0481,2.0483,2.1345,1.9589,2.0489,2.1344,2.0423,4.1174,2.0441,1.0714,2.0438,2.0535,2.0514,2.8974,2.0423,2.0387,2.032,2.2252,7.866,2.0372,2.0556,2.0526,2.1947,2.0523,2.0541,2.0001,2.0583,7.0778,2.0002,2.0438,7.0863,2.2158,2.0423,2.0322,2.2167,7.9999,2.2158,2.0387,2.2158,1.0518,1.2002,2.2158,2.0402,10.0111,11.185,2.2158,2.0,2.0429,2.2159,1.0506,2.2158,2.0471,2.3115,2.3114,0.545,2.3114,9.98,8.0156,0.7452,2.0536,2.0627,2.3116,2.0443,2.3115,0.7419,5.1393,3.7781,2.0298,8.1843,2.0461,2.3114,0.8955,9.9893,2.3114,2.0539,8.0156,4.6566,2.3115,2.0421,2.0,3.7609,2.2302,2.3122,2.0432,2.3068,2.0443,8.0154,4.0369,2.0488,2.3068,2.0504,2.0428,2.053,2.3068,0.8815,2.0426,0.8091,2.0501,2.0571,2.5001,2.057,2.3068,2.0623,3.4519,2.3068,2.3068,3.2428,2.0465,2.0479,2.0592,2.0545,1.0528,0.6378,2.2892,1.276,1.0779,1.0531,2.051,2.2445,2.0588,1.0531,1.7896,1.0779,2.0673,2.0549,1.213,2.2445,2.2444,2.2445,7.0978,2.0422,1.5805,2.2444,2.2444,0.6911,1.1033,1.8927,1.1294,2.0784,2.0703,0.7377,0.7584,2.2986,2.0653,1.0718,2.054,0.8559,1.0528,1.0528,1.0528,0.6849,0.6962,1.0775,1.2156,1.84,1.2349,1.0775,1.5088,0.7818,0.7817,1.0775,1.0525,0.7893,0.7284,0.78,0.8559,0.8931,2.0549,2.0488,2.873,2.0591,4.6548,2.0606,1.0756,1.0799,0.8701,0.8704,1.4373,1.0799,1.4281,1.9259,1.0756,0.8735,2.0628,1.2347,2.0683,2.3103,1.3031,1.0756,0.8707,1.0799,1.0799,1.8792,2.0572,2.304,2.0485,2.0486,1.8603,1.0799,1.0647,1.0799,2.0555,0.7237,1.1147,0.8284,2.0518,0.9707,1.5698,1.0803,2.0655,0.8481,2.0711,2.2963,2.0575,2.0576,2.1087,2.0541,1.963,2.0662,2.056,2.2962,2.2962,2.0771,2.0535,2.2963,2.2962,0.8482,0.8483,0.7387,0.8614,0.8284,0.8481,0.6432,1.0759,2.5,2.0845,2.084,1.8128,2.5,1.8121,0.7487,0.6633,0.7979,0.8202,0.7983,0.6056,2.2792,0.6108,2.279,1.2465,8.733,2.279,0.6857,2.0428,2.279,2.0444,2.0459,2.279,2.8488,0.7031,0.7983,2.2791,2.2791,2.2849,0.7983,2.0358,2.358,2.233,2.039,0.7178,1.1077,2.233,2.233,2.5,0.6632,0.4187,2.2335,3.7674,1.0483,2.233,2.2331,0.6634,2.5,2.0676,2.0001,0.6636,0.7178,2.0001,2.233,2.5,2.233,2.0965,2.0001,0.7178,0.6918,0.4833,2.0,2.7156,2.9588,2.0527,2.7158,2.0001,4.2251,7.069,2.0,2.0,2.0001,2.1775,1.8615,2.5,2.0004,1.0784,2.0,2.0001,1.8615,0.5278,2.0544,0.5473,0.4925,0.4921,0.4739,0.379,0.335,0.974,2.0495,2.0546,2.0546,2.0546,2.0546
88,2.0001,1.0792,1.0812,2.4096,2.4097,2.5,2.4096,2.4097,3.3639,9.8658,1.0753,2.5,2.4397,2.4379,2.0001,2.1209,2.078,4.4854,1.2727,1.118,2.0,1.1163,1.1096,1.1423,1.083,1.1297,1.1401,2.0676,2.0635,2.0558,2.5,2.2764,0.9613,2.0658,7.1106,7.1106,2.2765,1.0715,2.5,0.7406,2.0598,2.2765,2.0423,2.5,2.0432,0.7937,2.0432,2.0438,2.0429,4.2331,2.0423,2.0393,1.7491,2.0487,10.216,2.0,2.0456,2.0428,2.2159,2.0424,2.0441,1.3058,2.0584,9.0444,2.0428,2.0532,7.0539,2.2892,2.042,2.0322,2.2893,4.5393,5.6042,2.0387,2.2892,0.967,2.0421,5.5617,2.0402,11.3687,13.5323,2.0402,2.0,2.2893,5.0,0.6862,2.2927,2.0351,2.3226,2.3188,0.7344,2.5,9.9859,7.5453,2.0,2.0535,2.3188,2.3251,2.3188,3.1115,0.7306,8.1757,2.5,2.0367,8.0583,2.0362,2.3188,0.7631,9.9862,2.3189,2.0544,8.0159,5.0037,2.3189,2.0422,2.0005,2.5,2.2692,2.0536,2.0428,2.0548,2.0443,9.2869,5.0,2.0485,2.2692,2.0514,2.0428,2.0525,2.2692,2.0438,2.0426,0.7729,2.0501,2.0437,2.5,2.057,2.2692,2.0432,5.4807,2.2744,2.8365,2.2692,2.046,2.0474,2.0522,2.2692,1.3122,0.7332,2.3102,1.0779,1.0779,1.0779,2.0507,2.2505,2.0488,1.0531,1.6188,1.0779,2.2006,2.0567,2.0591,2.2505,2.2504,2.2505,6.7656,2.0422,2.0502,2.2505,2.0729,0.7186,2.0786,2.0798,1.1573,2.2505,2.0702,0.7762,0.6509,2.2663,4.0662,1.0775,1.2314,0.7758,1.0775,1.0775,0.632,0.6579,0.7637,1.1084,1.1197,2.0633,2.0632,1.0775,1.1274,0.7635,0.6975,0.7758,0.755,0.6494,0.6492,0.7318,0.7758,1.0802,2.0646,2.0503,2.8328,1.754,2.0608,2.0606,0.6141,0.9111,0.8907,1.0799,1.3657,1.0075,1.0756,2.0666,0.8962,0.6856,2.0627,1.0528,1.0799,1.4363,1.0849,1.1148,1.0301,1.0174,1.0799,1.0259,1.0087,2.0575,1.3258,2.0426,1.0127,0.614,1.0756,1.3591,2.2146,0.6138,0.8056,1.9211,2.0516,0.8727,1.3537,1.0803,2.0654,0.7916,1.3577,2.0657,2.066,2.057,2.2281,2.0624,1.0803,2.0548,2.0661,2.2234,2.2234,2.06,2.0639,2.2235,2.2234,0.701,1.0759,0.6321,0.701,1.0058,2.2234,0.5314,0.9855,2.1916,2.5,2.1916,1.1216,4.2367,1.8958,0.6453,0.4556,0.5509,0.8685,0.8579,0.4199,2.1916,0.4201,2.1916,2.0653,9.9813,2.1916,1.0776,2.0451,2.1917,2.0442,1.122,2.1916,2.1916,0.4829,0.4808,2.1917,2.1918,2.1961,0.5475,1.4109,2.0392,2.358,2.039,0.5706,2.0427,2.3581,2.358,2.3583,0.859,0.5982,2.5,2.9203,1.0194,2.358,2.5001,0.6839,2.5001,2.0675,2.0005,0.775,1.0247,2.0004,2.0952,2.3579,2.2296,2.3583,2.0,1.4743,1.4778,1.0585,2.0001,4.5574,2.0989,2.0822,2.5,2.0001,2.651,7.1722,2.0,2.0,2.0001,4.7287,2.0792,3.6197,2.0001,1.1418,2.0799,1.2278,1.3892,1.2281,2.0002,1.0632,1.1097,0.9381,1.0632,0.9441,0.8587,1.0784,2.123,2.5,2.5,2.5,2.5
89,2.0822,0.9969,2.0001,2.3784,2.3918,2.5,2.3784,2.3784,2.5,9.9801,2.4088,4.3787,2.3786,2.3784,2.1067,2.1117,2.0947,2.3785,1.089,2.0001,1.8859,1.0514,1.025,1.0892,1.0419,1.0734,1.0587,1.0854,2.0535,2.0674,2.3404,2.3404,1.0714,2.3404,9.9835,7.1362,2.5001,1.3199,2.3405,0.8135,2.0598,2.3405,2.0423,6.4581,2.0432,0.9057,2.0432,2.0531,1.058,3.8335,2.0521,2.3404,2.032,2.0486,9.4627,2.0372,2.0453,2.2892,2.2892,2.0415,2.0537,2.0453,2.2892,9.9824,2.0426,2.2846,17.6785,2.0551,2.2846,2.0322,2.2847,2.0489,9.9806,2.0001,3.4387,1.0518,1.5831,8.0142,2.0507,10.014,15.6735,2.0506,2.0001,7.1139,2.9807,0.5602,2.2883,2.0354,2.3083,2.3036,0.5798,4.2772,9.9851,7.147,2.0,2.3036,2.5,2.5,2.3037,5.3795,0.6934,9.9807,3.0774,2.0376,8.1564,2.0362,2.3036,0.7267,9.9807,2.3037,2.3036,7.3035,5.7829,2.3037,2.037,2.0002,2.5001,2.3354,2.0534,2.0426,3.4814,2.0362,12.8461,12.0485,2.0483,2.3354,2.0511,2.0506,2.0611,2.3354,2.0438,2.0601,1.6122,2.0501,2.0571,2.5,2.3354,7.5005,2.0432,7.2179,2.3355,2.3354,2.3355,2.0582,2.0484,2.0529,2.3354,2.0355,0.8138,2.2958,2.0024,1.0531,1.3202,2.0507,2.26,2.05,1.0531,1.7689,1.1458,2.0622,2.0567,2.0708,2.2601,2.26,2.26,3.3556,2.0422,2.0516,2.265,2.0726,0.7354,6.3611,2.0694,1.32,2.2601,2.0702,1.781,1.0722,2.2206,2.2191,1.0528,2.054,0.6859,1.0718,1.0528,0.851,0.6155,0.6155,1.0539,1.0591,2.0632,0.8891,2.0631,0.889,0.6268,0.6152,0.6091,0.5923,0.524,0.524,0.6157,0.6859,1.1201,2.0647,2.0591,2.2148,1.0802,2.2148,2.051,0.963,0.8188,1.0756,1.0756,1.4382,0.7055,1.0799,1.431,1.0718,1.0756,1.3968,1.0799,1.1457,1.5739,2.0537,2.0546,0.9663,1.0756,1.1622,0.7055,1.2672,2.0575,2.0493,2.0437,1.7721,0.7055,0.5375,2.0485,2.2261,0.6469,0.8484,2.049,2.0516,0.7629,2.0493,1.0803,2.0655,0.7629,1.0803,2.0657,2.0569,2.0585,3.2762,2.0535,1.2158,2.0558,2.066,2.2588,2.2588,2.2242,2.0659,2.2589,2.2588,1.0354,1.8772,0.7411,1.3592,1.3603,2.2588,0.7371,0.7404,1.3444,6.0641,2.089,1.105,7.0643,1.1953,0.5818,0.6112,0.6674,1.1957,0.9145,0.5757,2.2042,0.447,2.2042,1.0776,9.9854,2.2042,1.0776,2.0435,2.2043,1.9134,2.0466,2.2043,2.0594,0.5143,0.5125,2.2043,2.2043,2.7553,0.4854,1.206,2.2098,2.3483,2.0324,0.3803,2.0413,2.2267,2.2267,2.2268,0.4329,0.3231,2.5,2.5,2.0585,6.4426,2.5,0.374,6.4968,2.2267,1.411,0.7066,0.6695,2.0829,2.0604,2.2264,7.0906,2.7834,2.0001,2.2266,1.0515,0.7724,1.0517,4.3435,2.0987,2.0807,2.2641,1.0387,2.5,8.0132,2.5,1.0516,2.2642,7.1057,1.0784,2.2642,2.0518,1.0784,2.0,0.7534,0.7796,0.8093,1.6264,0.7541,0.6813,0.585,0.6548,0.5799,0.5285,0.7542,2.2644,2.0834,2.0834,2.0834,2.0834
90,2.082,0.9804,2.1747,2.3708,2.3839,2.3709,2.3708,2.3708,2.5,9.9806,2.4007,8.0186,2.3985,2.2004,2.1065,2.3708,2.3708,3.0567,1.0792,1.7627,1.8481,1.8904,1.0045,1.9946,1.0212,1.0341,1.0675,2.0674,2.0633,2.9873,2.353,2.353,1.0096,2.3531,9.9876,7.1412,2.5001,2.0483,3.6219,1.4164,2.3531,3.053,2.0423,4.0445,2.0432,2.0,2.0432,2.5446,2.0429,4.6547,2.489,5.4826,2.032,2.3576,6.7788,2.0372,2.0454,2.6436,2.2847,2.0413,2.0536,2.0453,2.2846,9.9806,2.0423,2.3052,22.559,2.055,2.3004,2.0421,2.4773,2.0488,9.9835,2.0382,2.8361,1.6711,2.0358,8.015,2.5,11.383,14.0205,2.04,2.0001,4.8008,2.6116,0.7893,2.3005,2.0356,2.3777,2.3776,0.661,7.151,9.9837,5.0,2.0,2.3776,6.0073,2.3849,2.3456,5.3644,0.9001,9.9837,2.3845,2.0376,8.019,2.0362,2.0489,0.9039,14.5034,2.3776,2.0537,7.1511,8.0189,2.3778,2.0362,2.0301,3.8116,2.3062,2.0534,2.0423,2.0545,2.0362,12.6676,5.0631,2.048,2.3062,2.0493,2.0519,2.3062,2.3062,2.0438,2.0508,1.4718,2.0693,2.0572,2.3116,1.9201,2.3065,2.0432,8.0005,2.0589,2.3062,2.0526,0.7281,2.0484,2.0527,2.3062,2.0511,1.4172,2.3035,1.9195,1.6848,1.2964,4.94,2.2606,2.05,1.8818,1.9618,1.0531,2.2606,2.0567,2.2606,2.2607,2.2606,2.2607,3.418,2.05,2.0516,2.2607,2.0603,0.7048,8.0131,2.0672,1.0531,2.2613,2.07,2.0497,2.0497,2.5,2.2427,1.0775,2.054,0.9359,1.0951,1.0528,0.5641,1.0718,0.5233,0.9902,1.0775,2.0633,2.0537,3.2104,0.9843,0.6939,0.682,0.6813,0.656,0.5798,0.6281,0.722,1.0775,1.1304,2.3102,2.0503,2.2378,1.0802,2.2379,2.0605,1.0756,1.3313,1.3173,1.0813,1.8174,0.7589,1.3282,2.0666,1.0876,1.0799,1.2164,2.0523,2.0681,2.0643,2.0537,2.8255,1.0799,2.064,2.052,0.791,2.0546,2.0574,2.049,2.0485,2.0424,1.0799,0.7446,2.0498,2.2605,0.9766,0.7531,1.2211,2.0513,0.7847,2.0493,1.982,2.0655,0.5753,1.0803,2.201,2.0657,2.0582,2.2011,2.0519,2.0541,2.0558,2.0661,2.201,2.201,2.0579,2.201,2.2013,2.201,0.8041,2.0647,0.6618,1.224,1.3742,2.201,0.5726,0.5414,2.0345,3.6731,2.0889,1.3884,4.2641,2.0242,0.6087,0.6107,1.0756,2.0743,1.2519,1.2518,2.0755,0.4678,2.2139,0.6556,9.9823,2.9214,2.0435,2.0433,2.2139,2.0437,2.0463,2.767,2.0607,0.5384,0.6842,2.2138,2.2139,2.2139,0.508,1.84,2.2144,2.2098,2.0317,0.5426,1.587,2.2099,2.2099,2.4674,0.4008,0.3073,2.6112,2.5,2.0583,9.9803,2.5,0.3462,8.0106,2.0674,2.5,1.8161,0.6771,2.0828,2.0557,2.0832,7.9998,7.9998,2.0,2.299,1.0515,0.6621,1.0517,8.0101,1.2385,2.0001,2.0,1.3269,2.5,9.8244,2.5,1.0516,2.2012,10.0247,1.0784,1.9122,1.0784,2.0929,2.0,0.5914,0.5739,0.6867,1.1738,0.5745,0.5187,1.1443,0.553,0.4952,0.4054,0.5745,4.5367,1.1791,1.1791,1.1791,1.1791
91,2.0819,1.1239,2.4266,2.5,2.4266,2.5,2.4267,2.4267,2.4462,9.9869,2.4266,9.0998,2.5,2.4265,2.1303,2.4267,2.124,3.9675,1.1984,2.0,1.1495,1.1498,1.128,1.9869,1.0734,1.1282,1.1102,3.033,2.0631,6.4633,2.3188,2.3188,0.9116,2.3189,9.9852,7.283,4.5062,2.0483,4.3505,0.9631,2.3189,2.6864,2.0423,7.1275,2.0432,2.0419,2.043,2.319,2.0518,6.6823,5.2914,9.9852,2.032,2.5,6.7106,2.0371,2.0554,11.0424,3.1144,2.0413,2.0535,2.0453,2.3004,9.9859,2.0394,2.3414,20.1174,2.0548,2.3361,3.8647,2.5,2.0488,9.8027,2.038,2.5,2.0438,2.0411,7.7554,8.0168,13.0801,11.6806,2.0,2.0,7.1344,7.1344,0.7975,2.5001,2.0443,2.3079,2.3032,0.5792,9.6382,9.983,2.5,1.7706,2.3085,9.6457,2.3035,2.0485,8.0153,0.7227,8.1743,2.3075,2.0374,8.0156,2.0362,2.0489,0.7257,14.0656,2.3032,2.0536,6.9146,5.804,2.3034,2.0301,2.0357,3.5403,2.3393,2.0536,2.0528,2.0544,2.0546,12.6678,7.3393,2.0495,2.3392,2.0419,2.0535,2.1278,2.3392,1.6191,2.0506,1.6309,2.0695,2.0572,2.5,2.0437,2.0638,2.062,5.4239,2.0589,2.3392,2.0526,0.7116,2.0529,2.0592,2.3392,1.7682,1.0779,2.3062,2.033,1.0779,1.6437,7.2279,2.2658,2.05,2.0508,2.05,1.0779,2.0621,2.0567,2.2658,2.2659,2.2658,2.422,3.5307,2.0516,2.0513,2.2658,2.06,0.7516,1.3672,2.0669,1.0531,2.2662,2.0579,2.0497,2.06,2.5001,2.0651,1.0775,2.054,1.0528,1.9246,1.0528,0.4434,1.0528,0.4545,0.8043,1.0775,2.0632,2.063,2.1932,0.7996,0.7991,1.0525,0.5534,0.5327,0.4713,0.5532,0.5864,0.5798,1.0802,3.8381,2.0503,2.1932,1.0802,2.1932,1.6277,1.1862,1.3207,1.1138,1.0799,1.1136,0.5101,1.0799,2.0664,0.8296,0.7363,1.081,0.8762,2.0683,2.0644,0.7447,2.054,1.0756,2.064,2.052,0.8364,2.0652,2.175,2.057,2.0485,2.0435,2.0424,0.6674,2.0498,2.1783,1.0799,0.4159,2.0506,2.0511,1.0971,2.0509,2.0535,2.0361,0.6856,1.0803,2.2146,2.0656,2.0672,2.2149,2.0519,2.0555,2.0555,2.2146,2.2146,2.2147,2.0594,2.0637,2.2146,2.2146,0.8585,1.3035,0.6856,1.1268,1.4675,2.2146,0.614,2.0791,2.0726,2.2008,2.1259,1.2813,7.9999,2.0719,0.5735,1.0668,1.1759,2.0743,1.1759,1.9629,2.0754,0.4555,2.2008,1.1754,9.9838,5.251,1.3857,2.0446,2.2009,2.0437,2.0461,2.5,0.6614,0.5056,1.1754,2.2008,2.2009,2.2009,0.4379,1.3868,2.1855,2.2143,2.0325,0.3591,1.0179,2.2143,2.2142,2.5,0.409,0.3591,2.5,2.5,2.058,9.9802,2.2195,0.3535,8.0108,2.2143,2.2192,0.6849,0.6849,2.2142,2.0569,2.0001,8.0002,9.9802,1.0773,2.5001,0.9,0.7886,1.3242,9.1194,1.0773,2.0001,2.0,2.092,6.9049,10.0098,2.8671,1.0516,2.1015,9.9813,1.0784,1.2053,1.0784,2.0927,2.0,0.5586,0.5777,0.6526,2.0003,0.5593,0.5049,2.1959,0.5379,0.4841,0.3944,0.6526,5.5111,1.0882,1.0882,1.0882,1.0882
92,2.2309,0.8996,2.0837,2.5,2.3403,2.5,2.3403,2.3402,2.3403,9.9806,2.3402,8.0176,2.5,2.407,2.6669,2.3403,2.0989,3.0756,0.9559,1.6167,1.0792,1.058,1.0792,2.0753,0.8846,0.9488,0.9054,2.9255,2.306,9.4652,2.306,2.5918,0.6913,2.3061,9.9872,5.5523,6.9396,2.0605,4.3259,1.2953,2.306,2.8823,2.0423,9.9807,2.0432,2.0521,2.0428,2.306,2.0521,9.9807,8.5752,9.9872,2.032,3.4988,9.1033,2.0369,2.0553,9.9843,11.4284,2.0424,2.0537,2.0447,2.336,9.9843,2.0421,2.2456,20.9886,2.0547,2.2457,2.032,2.2486,2.0488,9.4029,2.0378,2.2457,2.045,2.0421,8.0123,9.6165,17.3479,10.0127,2.0398,2.0,8.0123,5.8619,1.0506,2.5001,5.0596,5.852,2.2702,1.5888,10.5122,9.9814,2.2708,0.6463,2.5,9.9814,2.2705,2.2703,6.1853,0.646,8.1554,2.8375,2.0401,8.1393,2.0362,2.0489,0.6467,10.0631,2.2703,2.0536,7.1081,2.9011,2.2703,2.0362,2.0443,2.3269,2.3005,2.0535,3.3897,2.0447,2.0547,19.3941,7.9998,2.0495,2.3004,2.0419,2.0532,2.0609,2.3004,0.7928,2.0506,2.0,2.0694,2.0572,2.5,1.8838,2.3004,1.8916,13.3663,1.8914,2.3004,2.3004,0.6783,2.0529,2.0592,2.0544,1.5719,2.033,2.349,2.033,1.0779,1.1109,5.3332,2.2908,2.0586,2.0511,2.0498,0.8189,2.0623,2.0567,2.2908,2.2975,2.2908,2.5,5.0574,2.0516,2.0513,2.2908,2.0585,0.8223,0.8217,2.0669,1.0722,2.5,2.0576,3.502,2.06,8.0119,2.0651,2.0506,2.054,1.0881,2.0543,1.0775,0.5429,1.0528,0.6723,1.0107,2.0555,2.2371,2.063,2.237,1.0038,0.6916,0.6916,0.7248,0.5783,0.5782,0.6534,0.6792,0.6793,1.0802,3.1933,8.0006,2.237,2.048,2.2416,2.0605,1.4081,1.3751,1.3533,1.1598,1.1586,0.7472,1.3546,2.1823,0.8638,0.6289,1.1257,0.9128,2.1822,2.0644,1.0799,2.3747,1.0519,2.9389,1.7632,0.773,2.1822,2.1822,2.1823,2.1822,2.0435,2.0435,1.0756,2.0498,2.0554,1.0799,0.6289,2.0503,2.058,2.0579,2.0493,2.0549,1.8356,0.6124,0.8769,2.1728,2.0656,2.0672,2.1729,2.0517,2.0555,2.066,2.1728,2.1728,2.5,2.0594,2.0637,2.1728,2.1728,0.6912,1.0493,0.6124,0.7804,1.221,2.077,0.4944,1.0759,1.4525,2.1568,2.0888,0.6176,2.1573,1.0179,0.4475,0.8333,1.0182,2.0743,1.2893,2.0633,2.0753,0.3564,2.2509,2.0724,9.98,3.0052,2.0435,2.0446,2.1568,1.9486,2.0461,2.1568,0.4062,0.3949,2.1568,2.1568,2.1569,2.1569,0.3417,1.6138,2.5,2.1816,2.0325,0.5164,0.6278,2.1817,2.1818,2.1817,0.3467,0.3263,2.5,2.5,0.6278,9.9806,5.876,0.347,8.0092,2.1859,2.1859,0.5168,0.6278,7.0726,2.0483,2.0,7.8313,9.9814,0.6513,2.1817,0.5393,0.6926,1.0517,9.9824,1.2341,1.0515,2.0,2.0919,6.2847,9.9824,4.2853,2.0,2.2186,9.9824,0.6926,1.2352,0.6926,2.0927,2.0,0.6234,1.0784,0.6926,2.069,0.6224,0.5637,2.0678,0.6007,0.5387,0.4399,0.4981,9.625,1.1641,1.1641,1.1641,1.1641
93,2.0817,0.7568,1.5384,2.5,2.2671,2.267,2.2671,3.7349,2.3778,9.9873,2.267,7.1068,2.5,2.2847,5.2619,2.0789,2.5,4.3164,0.8408,1.2691,1.0734,2.0687,1.4587,1.3988,0.6502,0.7446,0.7059,2.267,2.0633,9.9808,2.0645,2.6429,0.6861,2.3203,9.9852,3.1992,2.5001,2.3148,5.2124,0.9834,2.3041,2.5724,2.0506,8.5179,2.0432,2.0438,2.0426,2.0614,2.3148,9.8489,8.5615,9.9822,2.032,2.7207,3.0407,1.4976,2.2456,11.3131,11.3131,2.0413,2.0537,2.0453,2.2457,9.9815,2.0,2.2556,18.6914,2.0459,2.5,2.033,2.0341,3.9829,7.2129,2.0376,2.045,2.045,2.0421,2.2556,20.6535,15.717,10.013,0.7307,1.4219,8.3213,6.5273,2.0355,2.7842,2.5,2.2909,2.2876,0.8275,11.3667,9.9866,2.2877,2.0,2.2876,8.0144,2.0551,2.2877,6.8901,0.827,8.1425,2.8593,2.0401,8.1698,2.0362,2.0425,0.6881,9.9808,2.2877,2.0537,7.1151,2.5,2.2877,2.0301,2.0301,3.38,2.4131,2.0534,2.413,2.0447,2.4131,12.6682,7.5613,2.051,2.4131,2.0419,2.0532,2.061,2.413,1.9709,2.0506,2.0,2.0694,2.0571,2.5,2.0437,2.4131,1.2832,9.0488,2.059,2.4131,2.4131,0.933,2.0529,2.0593,2.0544,1.0528,2.033,2.2892,2.033,0.7394,0.6316,5.438,2.2455,2.0498,2.0495,2.0513,0.7394,2.2454,2.0567,2.2454,2.2509,2.2454,2.6992,5.0574,2.0513,2.0513,2.2454,2.0585,2.0726,0.6931,2.0665,2.059,2.2455,2.0579,2.0588,2.0597,7.1346,2.0552,2.049,2.2501,1.0775,2.0457,1.0775,0.5939,0.6178,1.0775,1.0528,2.0573,2.25,2.063,2.0629,1.0718,1.0346,1.0353,0.7094,0.6897,0.6097,0.9816,0.759,0.6683,1.0526,3.2588,8.0,2.25,2.048,2.0609,2.051,0.9424,2.0561,1.5931,2.0529,1.3257,1.0756,1.3281,2.1787,0.9053,0.834,2.0624,0.7252,2.1786,2.0644,1.1812,2.0546,2.0514,1.8562,2.0536,1.1794,2.1786,2.1787,2.1786,2.1786,2.0435,2.0435,0.6809,2.0585,2.0555,1.0756,0.7484,2.049,2.0511,2.0579,2.0509,2.0549,2.0657,0.552,1.0803,2.1358,2.0657,2.0673,3.5166,2.0517,2.0555,2.1358,2.1358,2.1359,3.2802,2.0594,2.0638,2.1358,2.1358,0.5477,0.8947,0.5477,0.7127,1.6566,2.077,0.5477,1.0759,1.0624,2.155,2.0889,0.6163,2.5,1.2453,0.4424,0.4641,1.0845,2.0743,1.7428,2.0633,1.5465,0.3523,2.6936,2.0725,7.9507,2.1551,2.0446,2.0446,2.1551,0.4015,2.0475,2.155,0.4016,0.3904,2.155,2.1551,2.1551,2.1551,0.4013,1.097,2.5,2.2014,2.0327,0.5211,0.6625,2.2015,2.2016,2.0388,0.3843,0.3735,2.5,2.2015,0.5731,9.9811,3.2368,0.3854,2.5001,2.5,2.0495,0.6121,0.5764,6.1429,2.0535,2.0,2.7518,9.9811,0.7223,2.0634,0.5943,0.5386,2.0,9.9819,1.0515,1.0515,2.0,2.092,2.5,8.0095,3.4185,0.6404,2.1888,9.9819,0.5465,0.5392,0.5429,0.4019,2.0,0.5084,0.6404,0.5872,1.4187,0.4257,0.4868,2.0586,0.5387,0.4652,0.3769,0.3796,9.082,0.6404,0.6404,0.6404,0.6404
94,2.0818,0.6108,0.7143,2.5,2.2311,2.0,2.0753,2.231,4.2865,9.3895,2.231,7.0924,2.5,2.231,6.923,2.0682,4.276,4.2737,1.0792,2.0,1.0734,0.6291,1.6991,0.6438,0.6107,0.7143,0.604,2.231,2.0535,8.0165,2.0675,2.3294,1.0559,2.5,9.9823,2.3295,2.3543,2.3295,2.5,0.784,2.0596,2.5,2.0506,7.1623,2.0,2.0438,2.0426,2.0625,2.3294,4.2769,7.0842,5.1789,1.0714,2.3298,2.3298,2.0367,2.2556,11.2781,11.3259,2.0415,2.0536,2.0453,2.2556,2.2557,2.0,2.0531,12.9808,2.0458,2.3,2.042,2.0339,5.8534,8.015,2.032,2.037,2.0453,2.0423,2.3,18.0986,14.6404,10.0106,0.8587,1.2111,8.9059,2.8469,2.0412,2.5001,5.3713,2.2971,2.297,1.0846,11.6139,9.9829,2.2971,2.0,2.1217,3.5394,1.8444,2.297,5.3713,2.0311,8.1471,2.8713,2.297,8.015,2.0454,2.0001,0.7107,10.4484,2.297,2.0538,5.3713,2.4023,2.297,2.0362,2.0301,2.5,2.3227,2.043,2.3166,2.0434,2.8166,13.3003,4.3739,2.051,2.0609,1.0528,2.0532,2.0532,2.0612,2.0438,2.0506,2.0,2.0695,2.0437,2.3223,2.057,2.3166,1.9935,5.5615,1.9936,2.3166,2.3166,0.7152,2.0529,2.0593,2.0543,0.9832,2.039,2.3005,2.0384,0.6818,0.6392,7.2627,2.2424,2.05,2.0493,2.0513,0.7342,2.0622,2.2424,2.2424,2.2425,2.2424,2.8028,5.0574,2.0516,2.0513,2.2424,2.0582,2.803,1.0531,2.0665,2.059,2.2424,2.0699,5.0,2.0597,4.2885,2.0552,2.0506,2.2404,1.0775,2.0455,1.0528,0.9521,0.5718,0.6891,1.0528,2.057,2.2405,3.2236,3.9207,1.0775,1.0528,0.7307,0.7307,0.7307,0.6628,1.0525,0.6893,0.6889,1.0526,2.0646,2.2404,2.2404,2.048,2.0609,2.0494,1.2894,2.0647,2.0535,2.0529,1.4123,1.0756,2.0532,2.1902,1.0799,1.0756,2.1903,1.0756,2.1902,2.0645,2.052,2.0546,1.9596,2.0622,2.0623,1.6835,2.1902,2.1902,2.1902,2.1902,2.0487,2.0435,1.0799,2.0584,2.1903,0.92,1.0799,2.0506,2.0511,2.0506,2.0493,2.0552,2.0658,0.805,2.0573,2.1978,2.0657,2.0672,2.1979,2.0517,2.0555,2.1978,2.1978,2.1978,2.1979,2.0594,2.1978,2.1978,2.1978,0.7916,1.0759,0.6562,1.0759,0.8943,2.077,0.6562,2.0548,1.8792,2.166,2.089,0.7424,2.0792,1.078,0.6005,1.1071,1.3786,2.0747,2.0654,2.0633,1.7992,0.3774,2.1661,2.0726,8.0603,2.1661,2.0448,2.0505,2.1661,0.4305,2.0475,2.1661,0.9719,0.4183,2.166,2.166,2.6733,2.1661,0.474,1.2199,2.5,2.1908,2.0389,0.6439,1.0773,2.1909,2.191,2.0388,1.1755,0.5433,2.5,2.1908,1.0773,8.7401,4.1114,0.3743,5.5097,2.3759,2.0693,1.0773,2.0,7.0763,2.1967,2.0,2.5001,8.5018,1.0773,2.1908,0.8051,0.6795,1.0517,8.1322,2.0001,2.0,2.0,2.5,4.3783,8.0084,2.0,0.401,2.1686,7.9544,1.0784,1.038,2.0001,0.4285,2.0792,0.6051,1.8155,2.0,1.2467,0.4811,0.5358,2.0523,2.0001,0.4815,0.4805,0.3837,7.0674,2.0002,2.0002,2.0002,2.0002
95,2.459,1.3013,2.0001,2.6465,2.459,2.0769,2.459,2.459,2.459,9.2213,2.4591,7.1836,8.0002,2.5,7.1836,2.0988,4.5485,4.5439,2.0771,2.0531,1.3212,1.3171,2.0833,1.2805,1.2802,2.0746,1.278,4.7926,2.4946,9.9811,2.4947,2.4946,2.0418,3.131,9.9865,2.0532,2.5001,2.4947,2.4947,1.1818,2.0597,2.5,2.0509,7.4593,2.0,2.0535,2.0428,2.4946,2.4947,2.5452,2.0965,2.5,1.3251,2.4946,2.5,2.0372,2.3001,9.981,8.625,2.0417,2.0538,2.0453,2.3,9.981,2.0,2.196,14.026,2.0458,2.3628,2.5,2.0332,2.5591,5.7865,2.032,1.3576,2.0551,2.0423,2.3628,19.7111,13.985,10.0127,1.051,0.7614,8.8605,4.623,2.3628,2.5001,7.6656,2.385,2.3645,1.2768,13.5544,9.9855,2.3804,2.0,2.3804,3.849,0.9592,2.3805,7.1214,2.0384,8.0194,7.4989,2.0403,8.0191,2.0456,2.0427,1.0129,10.9655,2.3804,2.0538,4.4273,4.9383,2.3805,2.0364,2.0067,5.0001,2.3107,2.0357,2.3106,2.0434,2.8106,8.8506,3.0044,2.0495,2.3106,2.0419,2.0525,2.0611,2.0506,2.0438,2.06,2.0,2.0694,2.0571,2.3161,4.0436,2.3106,2.0621,4.0961,2.0432,2.3106,2.0526,5.5544,2.0479,2.3107,2.0543,2.0355,2.0388,2.2266,2.0382,1.0779,0.5422,8.2088,2.1891,2.0587,2.0493,2.0516,1.0531,2.1891,2.189,2.189,2.1891,2.1892,4.2249,4.8791,2.0513,2.0621,2.189,2.0582,2.3334,11.241,2.0683,2.0709,2.189,2.0591,2.0607,2.0616,2.2019,2.0552,2.0506,2.1968,2.0371,1.2129,1.0775,1.0775,0.564,2.0647,2.0585,2.0665,2.1969,2.0632,3.3243,1.0775,0.9285,1.0525,1.0525,0.9027,0.5637,1.0525,0.5977,0.5911,1.1665,2.1968,2.1968,2.1968,2.048,2.1968,2.0606,1.3988,1.3663,2.0535,2.0546,1.933,1.0799,2.0546,2.181,1.0799,1.0799,2.181,2.0523,2.181,2.0644,1.1975,2.0546,2.0528,2.1423,2.181,2.064,2.181,2.181,2.181,2.181,2.0487,2.1812,1.0799,2.0585,2.181,0.8751,0.6267,2.0579,2.058,2.058,2.0493,2.0552,2.1991,2.0564,2.0575,2.199,2.066,2.199,2.199,2.0533,2.0558,2.199,2.199,2.199,2.1991,2.0594,2.199,2.199,2.199,1.2082,2.0653,1.0759,3.0428,1.2121,2.077,2.0652,2.0665,2.0726,2.2062,2.2063,2.0758,2.5,2.0723,2.0701,2.0738,2.2062,2.2062,2.0745,2.0754,2.0355,0.5811,2.2063,2.5868,9.9808,2.2062,2.0451,2.2062,2.2063,1.5848,2.2062,2.5,2.0594,2.0645,2.2062,2.2062,4.2475,2.2063,2.0562,2.726,5.6477,2.2122,2.2122,2.0348,2.0425,2.2123,2.5,2.0389,0.3933,2.0307,5.2653,2.2122,2.2122,9.9828,3.7954,1.0351,7.0849,2.5001,2.5,2.0,2.2122,9.9828,5.1208,2.0731,2.7653,7.7014,2.0001,2.2123,1.0515,2.0,2.0,16.9314,2.099,2.0,2.5,9.9812,7.071,10.0089,2.0001,1.0784,2.1833,7.6205,2.0,2.095,2.0001,1.2349,2.0799,2.0,2.1605,5.0,2.0561,2.0,2.0,1.3698,2.0784,0.9436,2.0001,1.0784,9.0078,2.0002,2.0002,2.0002,2.0002
96,2.4024,1.0812,2.0,3.003,2.4025,2.0775,2.4024,2.5,2.4025,2.5,2.5,8.0202,11.5131,2.5,11.3376,2.0792,4.4809,4.4769,1.1582,2.0531,2.0625,2.0513,2.4024,2.0648,2.0643,2.0748,2.0765,9.9833,2.3596,9.9807,2.3597,2.3596,2.0503,7.1438,9.9808,2.062,2.3597,2.3597,2.3596,0.9636,2.3597,2.5,2.3597,6.329,2.0001,2.5001,2.0438,2.3657,2.9493,3.601,2.0522,2.5,2.0365,2.3646,2.5,8.015,2.4346,9.9825,10.7763,2.0427,4.592,2.0539,2.3628,9.9822,2.0423,2.5001,13.0754,2.055,2.3018,2.5952,2.0333,8.5544,2.0393,2.0376,2.3792,2.3018,2.3018,2.3019,11.5091,15.778,11.3848,2.0,1.051,9.9818,8.0004,2.3018,4.1064,5.4426,2.3541,2.0424,2.0433,11.4514,9.987,2.354,2.0464,2.354,3.721,2.0501,2.3541,8.0178,2.0458,8.524,8.0179,2.3541,7.9242,2.0473,2.0429,1.8886,9.2999,2.354,2.354,7.1416,7.7568,2.5,2.037,2.0301,5.0,2.3147,2.0526,2.2202,2.0449,2.8146,2.5001,2.3147,2.05,2.3146,2.0501,2.0611,2.0612,2.0614,2.0618,2.06,2.0438,2.3146,2.3146,2.5,2.3146,2.3146,2.0622,2.5,2.0591,2.3146,2.3146,2.0467,2.0528,2.5,2.0544,2.0426,2.0388,2.2188,2.033,2.0444,2.0464,1.4254,2.1834,2.0587,2.0506,2.0518,2.0561,2.1834,2.1834,2.1834,2.1835,2.5,4.2183,4.8532,2.05,2.0589,2.1835,2.06,2.0497,7.3872,2.0798,2.0713,2.1845,2.0597,2.061,2.0703,2.193,2.0564,2.0493,2.1896,2.0371,2.0545,1.1692,1.0775,1.0775,2.0576,2.0597,2.1896,8.0095,2.1896,2.1898,2.0538,1.0775,1.0718,2.0521,1.0525,0.7439,1.0775,1.0718,1.2026,2.0561,2.1896,2.1896,2.1896,2.048,2.1896,2.0607,1.0756,2.0582,2.0552,2.0642,2.0659,2.0512,2.0642,2.13,1.0756,2.0531,2.13,2.0622,2.13,2.0645,2.0537,2.0631,2.0621,2.13,2.13,2.13,2.1301,2.13,2.13,2.13,2.13,2.0437,2.0514,2.13,2.0556,1.0799,0.8693,2.0493,2.058,2.1596,2.0598,2.0552,2.1596,2.1596,2.1597,2.5,3.8086,2.1597,2.5,2.0624,2.0661,2.1597,2.1597,2.1597,2.1597,2.0705,2.1597,2.1596,2.1597,2.0556,2.066,2.0672,2.1596,2.081,2.0771,2.0769,2.0791,2.0711,2.5,2.1896,2.0825,2.5,2.0797,2.1897,2.1896,2.5,2.5,2.1896,2.1896,2.0759,2.0669,2.1896,8.3159,9.9808,2.1897,2.1896,4.2228,2.1896,1.4417,2.5,4.1889,2.0622,2.1896,9.5165,2.1897,8.0096,2.1936,2.0617,6.8229,8.0138,2.5,2.1809,2.1808,2.1808,2.5,2.1846,2.1808,0.4679,2.1809,8.0091,2.1808,5.226,9.9839,3.4808,2.0488,9.9457,8.009,9.1981,2.07,2.5,9.9839,4.2587,2.0727,5.725,9.9826,2.1807,7.0723,2.0001,2.0,2.0,23.8601,2.2592,2.3467,2.8239,9.984,7.9995,10.013,2.0,2.5,2.5,9.9806,2.0795,2.268,2.0001,2.2593,2.2593,2.2589,2.2712,2.5,2.5,2.0,2.0831,2.0804,2.5,2.0,2.2434,2.2591,9.9839,9.9839,9.9839,9.9839,9.9839
97,2.3152,1.0812,2.0,2.5001,2.3266,2.3152,2.3152,2.3153,2.33,2.5,2.3403,7.9353,19.72,2.3374,9.9856,2.093,7.1261,4.3735,2.0771,2.0,2.0639,2.0687,2.3152,2.0001,2.0648,2.3153,2.0767,9.9858,2.5,9.9864,2.3253,2.3253,2.0503,7.1301,9.9846,2.5001,3.0353,2.3256,2.3252,1.0102,2.3316,7.9337,2.5001,7.1301,2.0432,7.1301,2.0441,4.0743,4.0522,2.5,2.0423,7.1301,2.039,10.5363,8.7195,8.7241,9.9818,11.3848,9.9818,2.3018,2.3018,2.3018,2.4632,9.9818,2.0432,9.9813,15.747,2.0553,5.919,8.4188,2.0335,2.0382,2.0494,11.6848,2.0555,2.245,2.245,2.4265,11.2251,13.7975,11.4045,2.0,2.0001,10.5208,8.0123,2.645,8.0123,9.5821,2.2426,2.0525,2.0635,10.7277,9.9854,2.2426,2.0571,2.2426,3.1792,2.0506,8.0005,8.0122,2.2427,9.9854,8.0122,5.0,5.3033,2.5,2.0429,2.0001,9.9854,2.2426,2.2426,9.9854,7.9383,2.5,2.0362,2.2426,3.1641,2.3323,2.0526,2.3322,2.0533,3.769,4.3455,2.3381,2.0596,2.3322,2.0504,2.2239,2.0613,2.3322,2.0645,2.0601,2.0438,2.3322,2.3322,2.3381,3.2322,2.3322,2.3322,4.7394,2.0592,2.3322,2.2737,4.0814,2.0529,5.6897,2.3324,2.0426,2.047,2.3127,2.0468,2.0531,2.0575,2.0507,2.2756,2.2756,2.0508,2.0524,2.0582,2.2757,2.2756,2.2757,2.2757,2.5,8.1735,6.2534,2.0516,2.0516,2.2757,2.0585,3.153,2.2756,2.2756,2.2756,2.2757,2.0701,2.1035,2.2756,2.3169,2.0564,2.0508,2.311,2.0371,2.3111,2.0453,1.0775,2.0594,2.0681,2.311,2.3111,2.311,2.311,2.311,2.0618,2.0567,2.0572,2.0604,1.2212,0.8919,1.2214,2.0554,2.0674,2.311,2.311,2.311,2.311,2.311,2.3111,2.311,2.0546,2.0648,2.0643,2.2524,2.2524,2.0592,2.2524,2.2524,2.0551,2.0547,2.2524,2.2524,2.2525,2.0666,2.054,2.2524,2.2524,2.2524,2.2524,2.2524,2.5,2.2525,2.2525,2.2525,2.2524,2.0526,2.1245,2.2583,2.0555,1.2203,1.6884,2.2492,2.2492,2.2534,2.5,2.0557,2.2492,2.2492,7.0997,9.9838,9.9838,4.2978,6.2718,4.4901,2.2493,2.2493,2.2492,4.3004,2.5,2.5,2.5,2.2492,2.2492,2.0562,2.065,2.0788,2.2492,2.2492,2.2492,2.2492,2.2492,2.8613,8.0144,9.9851,2.5,8.0144,2.2891,3.5574,7.9998,7.9998,9.9801,4.8505,2.289,2.289,2.289,2.5,9.9851,9.9851,2.289,2.5,9.9851,2.289,2.0447,2.5,9.9851,2.289,2.289,10.0145,4.092,9.9851,2.2957,2.289,8.0183,8.5046,2.5,2.2757,2.2756,2.2757,2.3271,2.2757,2.2756,1.2639,2.039,8.0138,2.2786,8.5335,11.0574,7.1102,2.0503,9.9868,7.3488,9.9868,2.07,2.5001,13.1299,8.5335,2.0731,4.7672,9.5535,2.2756,7.1102,2.0001,2.0,2.3669,17.7245,2.367,2.5,2.9586,9.9863,6.4551,11.1835,5.0,4.4753,2.5,9.9837,2.0811,2.3794,2.0001,2.3671,2.5,4.479,2.4382,2.5,2.3673,1.1631,2.367,2.2608,2.5,2.367,2.367,2.3671,9.9877,9.9877,9.9877,9.9877,9.9877
98,2.2333,1.0812,2.0,2.5,2.5001,2.2332,2.2333,2.2332,3.0965,2.9619,2.2333,7.0933,12.5618,2.2336,10.5684,2.0783,7.0933,4.2764,2.0676,1.0792,1.8391,1.1884,2.2332,2.0001,2.2333,2.2392,1.0792,9.982,2.5,9.9852,2.2373,2.2373,2.0597,8.0119,9.9846,8.0119,2.5001,2.2373,2.2372,2.0476,2.2418,5.1718,2.8372,7.5416,2.0438,9.9845,2.0535,3.4864,6.9751,2.2373,2.0423,9.3765,2.0393,11.4081,11.3024,7.0949,9.9813,11.3124,10.1549,2.2458,2.245,2.245,2.2451,9.9803,2.0432,9.9883,9.9826,2.2694,10.4846,9.9826,2.0341,2.0393,2.0393,8.6003,5.3368,2.2695,3.4561,8.0135,11.3473,11.3435,12.8036,2.0402,2.0405,9.9886,9.9826,8.0006,9.9826,11.3195,2.2541,2.0526,2.5001,11.3195,9.9848,2.2506,2.2507,2.2506,3.2179,2.0524,9.985,9.9841,8.0125,9.9848,8.0125,9.9841,6.9014,6.9463,1.5566,2.2506,9.9848,2.2506,3.5732,9.9848,9.9848,9.1441,2.0375,2.2507,2.5,3.0492,2.0539,2.2921,2.0456,7.1168,8.0146,2.5,2.292,2.292,2.0419,2.292,2.0614,2.0616,2.2924,2.0601,2.0609,2.5,2.5001,2.5,8.0146,2.8959,2.292,8.9847,2.292,2.5001,2.0528,2.292,2.292,6.4422,2.2921,2.0441,2.3266,2.5002,2.5,2.0531,8.0132,2.0502,2.2643,2.2642,2.2642,2.2642,3.3642,3.9895,2.2643,2.5,2.5,4.3144,8.0133,7.8228,2.059,2.059,2.2691,2.0729,2.2642,2.5001,2.2642,2.2642,2.5,2.2642,2.2642,2.2643,2.5,2.0564,2.0508,2.368,2.0371,2.368,2.0467,1.0718,2.0558,2.368,2.3681,2.5001,2.3746,2.5,2.3681,2.0647,2.057,2.368,2.368,1.4456,1.0552,1.688,2.0557,2.368,2.5,2.5001,2.5,2.96,2.5,2.9598,2.368,2.0641,2.0676,2.2677,2.3623,2.5942,2.3562,2.3562,2.3562,2.0646,2.3562,2.3562,2.3562,6.2526,2.3562,2.0629,2.3562,2.5,2.3634,2.3563,2.3962,7.142,2.3563,2.5,2.3563,2.3612,2.202,2.3562,2.5,2.3562,2.0464,2.0469,2.288,2.288,7.1152,4.287,2.288,2.3154,8.0989,7.1152,9.9866,9.9866,9.9866,7.7565,8.0144,2.5,5.7871,7.0967,8.3848,5.491,2.288,3.4585,2.2881,2.2881,2.064,2.0653,2.5,2.5,2.288,2.2879,2.288,2.5,2.2854,7.1142,8.0143,5.8446,9.9882,4.3525,7.3136,8.0143,4.9633,9.9885,3.733,2.5,2.2855,2.5,2.5382,9.9885,9.9882,2.2855,6.1228,7.1142,2.2855,2.0515,3.3083,7.5098,2.2854,2.2854,10.0143,5.3048,9.9872,2.8568,2.5,8.5815,9.984,2.5,2.3663,2.3663,2.3662,2.5,2.5,2.3662,2.0001,2.039,8.0183,2.3662,8.0183,12.7123,7.1465,2.0582,8.9303,8.0183,9.9829,2.07,2.5,15.8599,9.9829,2.0731,5.1221,9.3908,2.3662,7.1465,2.0001,2.0,2.0,11.592,2.3184,2.3185,2.5001,9.9861,7.1274,9.9861,8.694,4.4123,3.5155,8.694,2.3183,2.0952,2.0,2.3185,4.4092,2.3322,2.3187,2.5,2.3184,1.0086,2.102,1.8113,2.3182,2.3184,2.3184,2.8982,9.9888,9.9888,9.9888,9.9888,9.9888
99,2.3019,2.0,2.2941,2.5,2.5001,2.2942,2.2942,2.5,4.3649,5.5252,2.3176,2.8676,11.3751,2.3146,8.9745,2.0868,7.1177,4.3486,2.0771,1.0792,1.0792,2.0,2.2942,2.0001,2.2943,2.2943,1.6952,8.6032,2.5,9.9816,2.2314,2.2314,2.2315,9.986,9.986,11.295,2.4499,2.2315,2.2314,2.0,2.5,7.6954,2.5001,8.1585,2.9288,9.9868,2.0537,3.014,5.2467,2.5,2.0417,9.986,2.2315,9.986,10.2818,12.3275,9.9826,11.3435,10.2445,2.5001,2.2694,2.2695,2.2695,9.9826,2.0428,11.2983,14.0154,2.234,11.2983,9.9878,2.0341,2.0394,2.2096,25.7824,4.9498,2.5,5.0728,8.103,17.2361,19.7091,17.1626,2.0402,2.0405,9.9878,11.8011,8.0117,9.9878,8.0127,2.2582,2.0527,5.2209,12.1766,9.9888,2.2547,2.2547,2.2546,9.4831,2.0557,10.0128,9.9888,9.9889,9.9897,8.0128,9.9888,8.0128,8.0127,2.0429,2.5,9.9888,2.2547,8.0128,9.9897,9.9869,9.313,2.0379,7.0653,3.2173,7.4459,2.3398,2.6729,2.0458,9.1509,10.3922,6.7965,2.3398,2.3398,2.0519,2.3455,2.0616,2.0617,2.5,2.1316,2.3398,8.0171,2.5001,3.115,8.0171,2.5,2.5,9.9826,2.3398,2.5001,2.915,2.3398,2.3398,8.017,2.3399,2.0441,2.3136,3.4539,3.4793,2.0534,11.2077,2.0568,2.2823,2.277,2.277,2.5,2.277,2.5,2.2779,2.5,5.5085,2.5,9.9831,2.9142,2.277,2.277,3.1071,2.277,2.2771,2.5001,2.277,2.277,2.5,2.2847,2.277,5.7681,2.5,2.0564,2.2322,2.2322,2.0371,2.2322,2.0467,1.0775,2.0558,2.2322,2.2323,2.5,2.2323,2.237,2.2323,2.1184,2.2322,2.2322,2.2322,1.4207,1.0525,1.4317,2.2322,2.2323,4.2384,3.5972,7.0929,4.2752,2.7901,3.1351,2.2323,2.2578,2.193,2.2578,2.5,6.0987,2.2578,2.2579,2.2579,2.0646,2.2578,2.2578,2.2578,7.3339,2.2578,2.0629,2.2578,2.2578,2.2579,2.2578,2.7916,7.5666,2.2579,3.7856,5.3223,2.2579,2.2578,2.2579,4.6334,2.2578,2.045,2.0469,2.5,2.2123,4.0473,3.6964,2.2085,2.2084,2.6182,9.9819,9.9813,9.9819,11.2657,9.9819,9.9813,2.5,8.7532,8.0104,9.9813,7.0834,2.2119,6.7511,2.2085,2.2084,2.0641,2.0746,2.5,2.5,2.2084,2.0573,2.2084,2.2084,2.2196,2.5,8.011,10.6306,9.981,2.2196,2.8628,8.3235,7.0878,9.9815,7.2834,2.2196,2.2197,3.3793,3.4133,9.9815,9.981,7.2461,8.3663,3.9091,4.2423,2.0515,7.0878,9.5048,2.2196,2.2197,9.9837,8.9981,9.981,2.7745,2.5,7.0904,9.9876,2.8474,2.2885,2.2884,2.2884,2.5,2.5,2.2884,2.0,2.2884,8.0145,2.2918,8.0144,13.7698,3.0218,2.2884,9.984,8.1041,9.445,2.0703,2.2886,17.1788,9.984,2.0731,6.487,9.984,2.2885,4.3845,2.0,2.0,2.0,10.0106,2.2102,2.2102,2.7626,9.9816,7.0841,11.1051,8.0105,6.4879,2.2102,8.1483,2.041,2.2103,2.0803,2.5001,4.2702,2.2102,2.5,2.5,2.2104,0.6661,2.0674,0.5996,2.0001,2.063,2.2191,2.5001,9.9876,9.9876,9.9876,9.9876,9.9876
100,2.3219,1.6159,2.3136,2.892,8.0157,2.3246,2.3136,8.0158,2.5522,2.5,2.3142,7.1254,11.3168,2.3137,8.2228,2.0792,7.1254,4.3716,1.6157,1.4903,1.0792,2.0,2.3136,2.0,2.3136,2.5,2.077,7.5793,2.5,9.9843,2.3038,2.3038,2.3093,9.9888,9.9888,10.9988,2.3039,2.3039,2.3038,2.0476,2.5001,9.2844,2.8798,8.0152,9.989,9.9888,2.3039,7.0885,4.8754,3.7628,2.0423,9.9846,2.5,9.9888,9.9888,11.3873,9.9826,9.9878,9.9878,2.5001,2.234,2.5,2.2341,9.9846,2.0432,9.9889,9.9889,2.5,19.7245,14.5836,2.0341,2.351,2.351,25.7824,4.0686,2.351,3.5106,8.0176,10.0177,10.0176,15.0589,2.0402,2.351,12.7662,9.9817,9.9817,9.9877,22.8268,2.326,2.3261,9.9131,18.1958,10.4021,6.4658,2.3308,2.326,9.9894,2.326,11.1272,9.9894,10.0164,9.9894,9.9846,10.0163,9.9846,8.0163,2.0492,8.6246,11.0633,2.3261,9.9873,11.9289,9.9894,10.0165,2.0422,9.9846,7.1304,9.9836,2.3896,7.1558,2.0549,9.9836,12.668,6.9735,2.3896,2.3896,2.0624,2.5,2.3896,2.1144,2.5,2.3896,2.3896,9.8114,7.1558,6.452,9.9836,2.5,7.4662,10.0562,2.3896,5.4871,3.3448,2.3896,2.3896,11.4967,2.3896,2.0441,2.5,3.9689,9.9843,2.0639,10.0141,2.0569,8.0141,2.2822,2.2822,6.6683,2.2822,5.7838,2.2876,5.2737,8.8381,8.0141,9.9893,6.277,2.2822,2.2822,3.3093,2.2822,2.5,5.4605,2.2822,2.2822,2.5,2.2822,2.2822,9.9978,3.9172,2.0567,2.3056,2.3056,2.0448,2.3056,2.0467,2.0453,2.057,2.3056,2.3116,2.3057,2.5,2.5,2.3057,2.3056,2.3056,2.3056,2.3056,2.0526,2.0529,2.5955,2.3056,2.3056,4.3637,2.5001,7.1222,3.5059,4.089,5.3821,2.3057,2.2993,2.2992,2.2993,2.5,3.1974,2.2992,2.2993,2.2993,2.2992,2.2992,2.2992,2.2992,7.1197,2.2992,2.063,2.2992,2.2993,2.2993,2.2992,7.1197,9.9835,2.2993,4.4919,7.1197,2.2993,2.2992,2.2992,5.4502,2.2992,2.0538,2.0469,2.5,2.5,3.7399,5.5773,2.2939,2.3044,6.9755,9.9838,9.9838,9.9838,10.0147,9.9838,9.9838,6.2827,9.9838,10.662,10.0147,9.9809,2.2938,3.209,2.2939,2.2939,2.0641,2.2938,2.383,2.2938,2.2938,2.2938,2.2938,2.5,2.5,9.9834,7.0854,9.9836,9.9868,2.3464,4.8717,9.9836,9.9834,9.9836,9.4248,2.5,2.5,5.8272,2.5,9.9852,9.9868,9.9852,9.9852,9.9834,3.9263,4.2508,2.5,4.6712,2.2134,2.5,9.9868,5.6959,9.9834,2.2135,4.358,4.5674,9.9849,3.1497,2.5001,2.226,2.226,2.5,2.5,2.226,2.0,2.5,9.9806,2.492,8.0002,16.3112,9.9806,2.2261,9.9899,9.9876,9.9858,2.0,2.226,16.7184,10.4442,2.0731,8.3475,9.9806,2.226,4.6532,2.0,2.249,2.0,11.13,2.5,2.5502,7.0996,9.9801,3.6886,11.1245,9.9831,4.3225,2.2491,8.3629,2.5,2.7236,2.0,4.6782,7.0996,2.2491,2.5,2.5,2.2491,0.7766,2.0797,1.4157,2.0001,2.0747,2.5001,5.3109,9.9853,9.9853,9.9853,9.9853,9.9853
101,2.3163,2.0,2.3162,7.8792,9.9845,2.5,2.5503,9.9845,2.5,5.5645,2.3163,7.1265,16.6257,2.5,8.4195,2.0933,5.9671,4.3747,2.0771,1.5031,1.822,2.0805,2.3243,2.0001,2.5,2.5,2.1397,9.9858,2.5021,11.8447,2.3192,2.3192,2.3193,13.6732,9.9849,17.3383,2.899,2.3192,2.3193,2.3192,4.34,9.9836,2.5001,8.8794,11.407,9.9836,2.5,8.697,9.9836,9.5443,2.0423,9.9829,5.9404,9.9836,9.9836,9.9836,9.9817,9.9877,11.755,2.5001,2.3511,2.5322,4.8284,9.9817,2.351,20.9994,9.9806,2.6762,18.8967,9.9888,2.0341,2.5,2.0387,15.3199,6.5547,2.847,2.3066,2.3066,9.9819,14.4546,10.3124,2.0402,2.3066,9.9888,10.0154,9.9806,11.3889,9.981,8.0153,2.0422,9.981,14.2196,10.4017,6.554,7.897,2.305,10.0153,2.305,10.0153,9.982,9.9879,12.3843,4.3359,9.9879,7.122,4.0288,2.0494,9.981,9.982,2.3051,10.4362,9.982,9.982,9.981,2.0383,9.981,7.1373,9.9861,2.3432,9.9828,2.055,9.9875,15.0445,18.565,5.3758,4.7419,2.0529,4.3672,2.3432,2.0616,5.1031,2.3432,2.3432,9.9875,9.9861,9.7997,9.9861,10.771,9.9861,11.1867,2.3432,9.9828,2.3491,2.3432,2.3432,12.8593,2.3432,2.0439,9.982,4.7342,12.1195,2.2408,17.8516,2.2409,7.4763,2.2409,2.0592,2.5,2.5,7.0963,2.2409,2.6476,9.9836,9.9836,9.9836,3.8579,2.3097,2.2408,7.0963,2.2408,10.3942,7.0963,2.2408,2.2408,9.9818,2.2408,2.2408,9.1692,2.6062,2.3218,2.3218,2.3218,2.045,2.3219,2.0462,1.2028,2.6801,2.3218,3.2328,2.5,2.887,5.5723,2.5,2.0646,2.3219,2.3218,2.3273,2.0513,1.9701,2.0524,2.3218,4.8779,7.5629,6.6268,3.5856,3.5863,2.5,2.5001,3.8665,2.0641,2.2094,2.2094,3.5793,2.5001,2.2094,2.5,2.2094,2.2094,2.2094,2.2094,2.2094,7.0838,2.2095,2.2094,2.2094,2.5,2.2097,2.9138,9.9829,9.9829,2.5001,9.9829,3.8143,2.2094,2.2094,2.2095,2.2142,2.2094,2.0462,2.0469,2.5,2.1795,9.9803,2.5,2.1794,2.1794,9.988,10.8473,9.988,9.988,9.988,9.988,9.9813,8.009,9.985,9.9803,9.988,9.9803,2.1794,8.009,2.1794,2.1794,2.1794,2.1794,2.5,2.5,2.1793,2.1794,5.1573,2.1461,2.5001,9.9826,9.9803,10.0073,9.9866,2.146,3.7131,9.9803,6.3328,9.9866,9.9803,2.5,2.1461,5.5549,9.5354,9.9826,9.9866,8.5038,11.6196,9.9866,9.5305,3.4255,2.146,9.9803,2.146,2.5,9.9866,9.9803,9.9803,2.146,9.9829,6.5042,9.9873,2.5,2.7738,2.2653,2.2652,2.5,3.9194,2.2653,1.9526,5.1318,9.9849,2.5808,8.0005,19.6755,9.9826,2.5,9.9849,14.2158,9.9849,2.0,2.2652,14.243,21.4648,2.0731,8.4945,9.9826,2.2652,2.2653,2.2652,2.3434,2.0,10.0172,7.1374,2.9291,2.9662,9.9812,6.6909,9.9812,9.983,7.1374,2.3435,9.9812,3.6571,2.5,2.0,8.7805,9.9812,2.5,2.5,2.7586,3.9229,2.0,2.1099,1.5489,2.3434,2.1031,2.3437,5.9168,10.4525,10.4525,10.4525,10.4525,10.4525
102,2.5001,2.304,2.304,5.3238,9.982,2.5,2.3041,9.9863,5.3604,2.3286,2.3756,5.38,23.7516,4.4074,9.9863,2.0897,4.3602,4.532,0.919,1.4646,1.0882,0.9882,2.304,2.0,2.304,5.1444,2.304,9.9836,6.8518,12.0043,2.3312,2.0681,2.3312,9.9855,9.9855,9.9838,2.3313,2.3316,2.0483,2.3315,2.5,9.9838,2.3313,7.2755,8.0166,9.9853,2.3312,2.6329,9.9818,9.9818,2.0526,6.6713,9.9853,9.9918,9.9838,15.6969,9.9806,9.9824,10.6956,2.3067,2.3066,2.3117,5.3307,8.6498,2.3066,23.2527,9.9818,5.9275,12.5556,9.988,2.0337,2.5,2.0387,20.4867,2.9852,2.5,2.2836,2.331,9.988,9.988,10.7988,2.0402,2.9206,9.9894,18.2464,9.9818,11.4381,9.9818,9.9836,2.0422,11.4381,17.1697,11.1658,5.5313,7.2293,2.3436,10.0172,2.3436,10.0172,9.9849,10.3125,12.0128,6.1591,9.9855,7.9902,2.5,2.0494,9.9849,17.7434,2.3437,14.6267,9.9849,9.9849,9.9849,2.0385,9.9849,7.127,12.294,2.3175,8.53,2.0551,9.9838,13.2595,20.1883,2.5,8.016,2.0529,5.7772,2.3174,2.0618,7.5892,2.0606,2.3174,9.9838,9.9803,7.8607,9.9803,6.3768,9.9803,9.9803,3.7418,9.9803,2.081,2.3174,2.3174,9.988,2.0778,2.0439,9.985,8.0177,14.6068,2.5,9.9876,2.3088,6.7321,2.3086,2.0756,3.6515,3.4045,9.9873,2.3086,3.7802,9.9893,9.9876,11.3935,3.9739,2.2487,2.3086,5.7943,2.3086,13.1854,8.8442,2.3086,2.3086,9.9876,2.3087,2.3086,11.358,8.3458,2.3422,2.3422,2.3422,2.0462,2.3422,2.0464,1.0528,2.2006,2.3422,2.5,6.6052,2.3423,11.3671,2.3422,2.0646,2.0642,2.3423,2.3422,2.0513,1.3443,2.0508,2.3422,4.0186,7.1369,2.5001,5.0569,2.9403,2.3479,2.5001,2.8328,2.0798,2.2662,2.2662,9.5281,2.2663,2.2662,2.5,2.2662,2.2662,2.2662,2.2662,2.2662,7.9278,2.2663,2.2662,2.2662,2.2663,2.2662,2.5,9.9834,9.8978,3.2759,11.2612,6.3823,2.2662,2.2662,2.2662,2.5,2.2662,2.0462,2.046,2.5,3.2837,8.3977,2.1973,2.1972,2.1972,9.9872,9.9898,9.9872,9.9872,9.9898,9.9898,9.9827,7.1466,9.9872,9.9802,9.9898,9.9827,2.1972,8.9061,2.1972,2.1972,2.0565,2.1972,2.5,2.1972,2.1971,2.0542,7.8307,2.2074,4.7066,9.9859,9.9832,11.4776,9.9859,2.2074,4.2853,9.9859,7.738,9.9859,9.9859,2.6349,2.2074,6.8259,4.857,11.5826,9.9859,8.3638,12.1927,9.9859,9.4741,2.2075,2.2074,9.9859,2.2074,2.5,9.9859,9.9832,7.083,4.7387,9.9815,5.4319,9.6315,2.8498,7.3693,2.0404,2.3068,7.121,9.9829,2.3025,1.428,9.9829,9.9873,2.3097,8.0151,19.3808,14.11,2.6676,9.9829,17.9623,9.9829,2.0,8.0008,12.8673,20.8896,2.0731,2.878,2.6887,2.0001,7.121,2.0,2.5,2.0,26.8401,2.5001,7.1262,9.9839,9.9838,2.3815,9.9832,9.987,7.1262,2.3156,10.1071,2.5,2.5,2.0,9.9832,11.1578,3.053,2.3162,2.5001,2.316,0.9918,1.3684,0.8626,1.0784,0.6925,2.3286,8.0158,16.3335,16.3335,16.3335,16.3335,16.3335
103,2.3553,2.3552,2.3552,2.5,9.9814,2.5,2.3553,4.92,4.8809,2.3553,2.5708,3.1926,5.7665,2.6808,9.9814,2.098,2.372,2.5,1.0734,1.1043,2.0,1.0191,2.5,2.0,2.0923,2.3553,2.077,9.98,3.7003,31.3068,2.3198,2.3198,2.3198,9.9887,9.9887,9.9845,2.3199,2.3199,2.3203,2.5001,2.3199,9.9845,2.3199,2.5,4.42,9.9847,2.3199,4.5405,9.9847,9.7179,2.0526,4.7059,9.9887,9.9847,9.9847,16.3569,9.9815,9.988,9.988,2.331,2.331,2.331,2.5001,9.9818,2.3026,9.9828,9.9866,3.2353,15.2718,9.9866,2.0337,2.6819,2.0385,15.7546,2.3026,2.3026,2.0542,2.3026,9.9871,9.9866,6.1924,2.0402,2.3026,9.9871,15.7899,9.8232,11.3593,24.6007,9.9819,2.0422,10.6667,15.268,11.4,2.2819,8.0142,2.5,9.9883,2.2818,9.9885,9.9865,9.9885,11.0586,10.3729,9.9883,5.577,2.5,2.0495,9.9865,9.9883,2.2819,16.3076,9.9819,9.9885,9.9819,2.0373,9.9819,5.4303,16.9325,2.3217,8.9482,2.0461,9.988,15.2355,9.6443,2.5,9.988,2.0514,4.3441,2.3216,2.0618,2.5001,2.0608,2.3216,22.7365,9.9823,8.431,9.988,9.7441,9.988,9.988,6.954,18.9132,2.0821,2.3216,2.3216,9.9894,2.0788,2.0439,10.0164,8.0165,12.8399,3.1052,16.4256,2.2926,9.9818,2.2872,2.0704,2.5,5.1667,9.9818,2.2873,3.9182,9.9892,9.9831,10.1403,4.2251,2.0775,2.2873,9.9818,2.2872,19.7714,14.7232,2.2872,2.2872,11.4493,2.5,2.2872,10.0167,7.133,2.3326,2.3326,2.3326,2.0464,2.9197,2.0464,0.9543,2.3326,2.3326,2.5504,6.1351,3.6941,9.9404,2.3326,2.0564,2.0643,2.3326,2.3326,1.3064,1.0525,2.0508,2.3326,4.1114,7.1331,3.4603,7.7417,4.3637,8.6192,5.4159,2.8508,2.2231,2.2806,2.2806,9.5458,2.2807,2.2806,2.5,2.2806,2.2806,2.2806,2.2806,2.2806,7.1122,2.2807,2.2806,2.2806,2.2806,2.5,2.2808,9.9896,9.1396,2.5001,10.5095,6.6576,2.2806,2.2806,2.2806,2.5,2.2806,2.0538,2.0462,3.8321,2.5,9.544,2.1892,2.1892,2.1892,9.9848,9.9893,9.9893,9.9893,9.9893,9.9893,9.9833,7.9514,9.9893,9.9833,9.9893,9.9833,2.1892,10.0096,2.1892,2.1892,2.0565,2.0663,2.5,2.1892,2.1892,2.052,9.9283,6.9763,6.0021,9.9878,8.0107,13.8215,9.9805,2.2136,4.7607,9.9805,6.8278,9.989,9.9805,7.3349,2.8327,6.0082,2.767,11.0887,11.4039,7.8962,17.0499,9.9874,8.5766,2.2136,2.2137,9.9805,2.2136,2.2139,9.9878,9.9805,2.3683,7.4483,9.9864,2.5001,9.9815,4.5531,6.3162,2.035,2.2835,2.5,9.9815,2.2835,0.8059,9.9815,9.9825,2.5,8.0002,17.9168,14.3459,7.4909,9.9815,17.9622,9.9815,2.0,4.751,13.0264,15.2856,2.0731,7.826,8.0002,2.0001,8.0002,1.0773,2.2578,2.0,13.9256,2.2578,6.6027,9.0095,9.9844,2.0786,9.9836,9.9844,2.2582,2.5,9.9844,3.7628,9.9836,1.2572,9.9836,9.988,2.7577,5.2393,2.7852,2.2578,1.3636,1.4392,1.315,0.97,0.5399,2.2581,9.9844,16.2282,16.2282,16.2282,16.2282,16.2282
104,2.2729,2.2728,2.2728,2.5,8.912,2.5,2.5,4.3368,4.6765,2.2729,2.5,5.6448,4.3658,2.3051,10.4641,2.0805,2.5,2.2728,0.7874,1.0792,1.4894,0.7874,2.5,2.0527,2.2097,2.9829,2.0,9.9822,2.5,11.435,2.2852,2.2852,2.2852,9.9848,9.9848,9.9818,2.4826,2.5001,2.5,2.2904,2.2905,9.9818,2.5,2.8046,5.546,9.9818,2.2852,3.0972,9.9848,9.4111,2.0527,2.5,9.9848,9.9848,9.9818,11.1412,9.9866,9.9866,9.9866,2.3026,2.0544,2.3026,7.6451,9.9866,2.3914,9.9814,9.9872,3.941,11.9023,9.9889,2.0337,5.8827,2.0387,17.2739,2.3915,2.3914,2.0438,2.3914,9.9889,15.0025,3.264,2.0402,2.3915,9.9889,9.9814,8.0197,11.4139,28.5988,9.9835,2.0424,12.2145,9.9884,11.8091,2.3246,9.604,2.33,9.9884,2.3246,9.9884,9.9835,12.269,9.9884,8.668,9.9875,3.2852,2.5,2.0494,9.9859,9.9884,2.5,14.9895,9.9835,9.9884,6.5628,2.0375,9.9859,3.0888,14.8682,2.3559,6.3811,2.0461,9.9817,13.2133,8.8369,2.3559,9.9806,2.0516,2.5,2.3558,2.0619,2.5,2.0609,2.3558,9.9853,9.9805,5.4449,9.9805,9.4608,9.9805,9.9805,4.6249,24.6317,2.0793,2.3558,2.0908,9.9817,2.0872,2.0426,9.9807,2.3267,8.0144,2.5,9.9855,2.069,9.9829,2.2874,2.0594,2.469,5.1429,9.9855,2.2874,3.6861,12.6201,9.9855,13.4909,2.8684,2.0776,2.2874,9.9829,2.2874,9.9821,22.3297,2.2874,2.2874,24.6406,6.6333,2.2874,11.073,7.2404,3.0752,2.2264,2.2264,2.0464,2.6905,2.0467,0.9117,2.1147,2.2264,2.5,8.2588,4.687,9.9825,3.6723,2.0567,2.0643,2.2264,2.2264,2.0513,0.8892,1.5346,2.2264,3.4275,7.7461,5.2568,7.0906,3.6149,9.1992,5.4608,2.5,2.0641,2.283,2.283,9.5816,2.283,2.283,2.5,2.283,2.056,2.283,2.283,2.2831,7.2815,2.283,2.283,2.283,2.283,2.5,2.2831,9.9706,9.0752,4.4729,10.0143,3.2464,2.283,2.0489,2.283,2.5,2.0557,2.0464,2.0462,3.9017,2.5,9.0963,2.184,2.184,2.184,9.9832,9.9844,9.9841,9.9841,9.9844,9.9841,9.9831,2.5059,9.9831,8.978,9.9831,9.9831,2.184,10.0093,4.2199,2.184,2.149,2.0663,2.5,2.184,2.184,2.0506,6.6706,7.0798,8.7912,9.9879,8.0101,10.5737,9.9824,2.1994,2.5,9.9824,4.9528,9.9838,7.0799,9.1874,3.0651,5.5915,1.5969,9.9879,9.9879,7.3184,14.5317,9.9879,9.9014,2.1994,2.1994,4.0575,2.1994,2.1995,9.9879,9.9838,2.1995,5.3439,9.981,2.2269,9.9864,6.6731,6.1684,2.035,2.1858,2.5,9.9864,2.1859,0.4806,9.9864,9.9864,2.1858,2.5001,21.6206,9.9054,9.9864,9.9864,12.2129,7.1557,2.0,4.1432,9.9864,19.1502,2.0731,7.0743,8.0003,1.0773,6.6416,0.9634,2.2354,2.0,11.7385,2.2356,6.275,8.3828,9.9837,2.0718,9.9837,9.9837,2.2354,2.7941,9.7136,2.5,9.9837,1.4224,10.0118,9.9861,2.2457,2.2355,3.2781,2.2354,1.7755,1.3453,1.0784,0.6721,0.4696,2.2357,9.9993,20.5096,20.5096,20.5096,20.5096,20.5096
105,2.3459,2.3459,2.3458,2.5,9.6064,3.8309,2.5,4.8043,4.8576,2.3459,2.4278,3.1081,23.3441,2.3459,10.1728,2.0792,2.5,2.3458,0.9175,1.0792,1.0792,0.9303,2.5,2.3458,2.3458,3.556,2.0,8.2928,2.5,14.1301,2.0596,2.0596,2.3536,9.9898,9.9898,9.9806,2.5,2.5001,2.3537,2.3537,2.5,7.4999,2.5702,4.2504,3.9239,9.9806,2.3536,2.3537,9.9898,9.1423,2.0423,2.3537,9.9898,9.9898,9.9806,14.4471,9.9872,9.9889,9.9872,2.3914,2.0543,2.3915,9.9814,9.9872,2.3534,9.9815,9.9861,2.6738,10.0177,9.9861,2.0337,3.5277,2.0,18.295,2.3534,2.3534,2.0432,2.3534,9.9861,15.3171,3.5993,2.0,2.3534,9.9861,8.0177,5.7327,10.0214,19.4667,9.0606,2.0424,11.5398,9.9855,11.2625,2.4234,8.1554,2.4234,10.0212,2.4234,9.9808,9.9808,11.3154,9.9855,13.6322,10.0213,2.4235,2.5,2.0494,9.9808,12.6414,2.4235,13.9747,9.9808,9.9855,7.1694,2.0375,9.9808,2.9476,6.6195,2.3582,4.4926,2.0447,9.9865,13.233,2.5,2.3583,8.0179,2.0516,2.5,2.3583,2.0619,2.5,2.0607,2.3582,9.9891,9.9849,2.5,9.9849,5.3037,9.9849,9.9849,2.3582,16.5019,2.0531,2.0914,2.0914,9.9849,2.0546,2.0426,9.9841,2.3126,5.3578,2.5,12.0743,2.0677,9.9819,2.2818,2.0593,2.5,2.5341,9.9865,2.2818,2.5,11.7062,9.9819,12.9316,2.2879,2.0526,2.2818,9.9819,2.2819,9.9819,20.033,2.2818,2.2818,11.1761,5.6384,2.2818,11.1612,7.1161,2.357,2.2902,2.2902,2.0464,3.5401,2.046,1.0528,2.0573,2.2902,2.5,10.2978,2.2902,7.9961,2.0654,2.057,2.0643,2.2902,2.0639,1.1148,0.8179,1.0904,2.2902,2.2903,2.416,2.5686,7.1161,2.2903,5.3628,5.6059,2.273,2.0554,2.2678,2.2678,7.8616,2.2678,2.2678,2.2679,2.2678,2.0557,2.2678,2.2678,2.2678,6.6883,2.2678,2.2678,2.2678,2.2679,2.2679,2.2678,8.1039,7.8014,2.5,9.983,2.5,2.2678,2.0489,2.2678,2.5,2.0487,2.0464,2.0462,5.1598,2.2171,6.9691,2.05,2.217,2.217,9.9825,9.9834,9.9833,10.0109,9.9834,9.9825,8.2759,2.5,7.7991,8.0109,9.9825,8.9779,2.217,10.0059,2.217,2.217,2.0565,2.217,2.2625,2.0629,2.217,2.0597,6.1425,8.0126,8.4158,9.9838,2.5354,10.3595,6.9444,2.25,2.25,8.4375,5.1893,9.9838,2.8122,9.9825,2.25,2.294,2.064,9.9838,10.3808,7.2368,10.2664,9.9838,8.1202,2.2501,2.25,2.5,2.25,2.25,9.9838,9.9825,2.2501,2.2501,9.9801,2.2791,9.981,2.5,2.5001,2.0404,2.2266,2.8681,9.981,2.2266,0.6452,9.981,9.981,2.0545,2.7831,20.9579,4.6803,9.981,9.9818,12.7447,7.0906,2.0,2.5475,11.133,16.3515,2.0731,2.2267,4.7097,2.0001,4.4897,1.0297,2.6726,2.0,19.8388,2.5001,5.7833,8.0126,7.2738,2.4791,9.9844,9.9844,2.2522,4.6253,6.5846,3.0908,10.1664,2.0,12.1827,9.9844,2.2523,2.2522,2.5001,2.0797,2.0795,1.4918,0.7193,0.7201,0.5029,6.0812,9.9898,20.2173,20.2173,20.2173,20.2173,20.2173
106,2.3589,2.3588,2.3588,2.5,8.0179,3.9267,2.5,9.9814,7.1435,2.3589,2.3589,3.1837,8.0179,2.3589,4.4216,2.0792,2.5,8.2067,1.0792,1.0734,1.0792,0.9664,2.3674,2.3588,2.3588,2.5,2.6954,2.827,2.5,11.6363,2.4034,2.2307,2.4034,11.796,10.4054,9.9809,2.5,4.4297,2.4034,2.4035,2.4035,2.5001,4.52,2.4214,2.5,6.8538,2.4034,2.3989,9.9839,2.5,2.0528,2.5,9.9816,9.9816,8.2319,11.4506,9.9815,9.9861,9.9861,2.3534,2.0441,2.3536,9.9815,9.9854,2.3814,19.6392,9.9803,2.5,6.3392,9.984,2.0337,2.5,2.0387,11.4863,2.0559,2.3814,2.0438,2.3814,9.984,11.4863,4.4407,2.0001,2.3814,9.984,5.8621,4.2406,2.5001,18.2829,8.0205,2.0424,9.192,9.99,10.6708,2.0492,7.1637,2.4092,9.9882,2.4092,9.9882,9.8826,9.9882,9.99,2.5,9.9882,2.0715,2.4093,2.0429,9.9862,9.9882,2.4092,13.3385,8.0205,15.4076,6.4789,2.0377,9.9862,2.4788,2.4787,2.0454,2.4788,2.0461,9.9817,8.024,2.4786,2.4786,2.5,2.0532,2.4883,2.4786,2.0617,2.4871,2.0607,2.0613,9.9817,6.5971,2.5,9.9817,2.5,7.1915,11.4012,2.4786,5.5983,2.0531,2.0531,2.0531,7.8519,2.0455,2.0355,9.9801,2.3282,2.2967,2.2966,9.9849,2.0712,9.9849,2.2966,2.0593,2.2967,2.2967,9.9849,2.2966,2.2967,9.9883,9.9851,11.3782,2.2966,2.051,2.0803,7.8531,2.2966,5.3469,16.8367,2.0802,2.2966,12.1836,4.5742,2.2966,10.018,2.5,2.0656,2.3582,2.3582,2.0464,3.9654,2.0448,1.0349,2.0575,2.3582,2.3583,5.6771,2.5,5.9491,2.3582,1.4504,2.0567,2.0825,1.2924,0.9887,0.9884,1.0396,2.0554,2.3582,2.3582,2.3582,7.1433,2.3583,2.5,2.3653,2.292,2.0554,2.0588,2.292,3.0824,2.292,2.292,2.292,2.292,2.0557,2.292,2.292,2.292,2.7028,2.292,2.0554,2.292,2.292,2.292,2.292,6.8733,2.7717,2.292,9.8574,2.2921,2.0633,2.0447,2.292,2.292,2.0472,2.0464,2.0462,2.8435,2.2682,2.2683,2.0617,2.2682,2.2682,7.8971,9.9804,9.9804,10.0134,9.9804,8.3278,3.4594,2.2683,2.5,2.5,7.9203,3.3781,2.2682,5.584,2.2682,2.2682,2.0562,2.2682,2.2682,2.0778,2.8649,2.0738,2.9155,9.1984,7.0034,9.9821,2.2716,10.0136,6.0007,2.2716,2.2716,2.2716,2.2717,7.2899,2.2716,9.8633,2.0696,2.0696,1.0776,8.8023,9.9832,6.2697,6.0277,9.9821,2.2717,2.2716,2.2717,2.2717,2.2716,2.2716,9.9832,9.9821,2.2717,2.0651,8.0162,2.3248,9.9801,2.5,2.2791,2.0404,2.279,2.5,9.5857,2.279,0.7946,9.9801,9.9801,2.0002,2.8488,20.406,5.0216,9.9801,9.9803,14.1872,8.8779,2.0,2.8488,9.9801,10.3313,2.0731,2.279,2.5,2.0,2.8488,1.0773,2.2917,2.2914,11.7535,2.2916,8.2807,7.1166,9.9817,2.9186,7.4705,8.0149,2.2914,2.5,3.0633,3.5425,9.9894,2.2914,9.3544,9.9844,2.0948,2.4585,7.1166,2.0921,1.2839,1.6572,0.82,0.7225,0.6396,6.5485,10.1452,14.0536,14.0536,14.0536,14.0536,14.0536
107,2.3344,2.3345,2.3344,2.5001,7.1338,2.8088,2.5,2.9178,11.4264,2.3345,2.3345,2.967,2.0001,2.3345,2.5,2.0792,2.5,2.3343,1.0111,1.0388,1.0792,0.9594,2.5,2.0,1.927,2.3345,2.0,2.402,2.402,10.5707,2.402,2.0503,2.402,9.985,9.0075,4.2607,2.402,2.5,2.402,2.4021,2.5,2.402,7.1711,2.402,2.4091,2.5,2.0438,2.402,9.985,2.402,2.0423,2.4021,9.985,9.985,2.4074,3.8147,8.0191,9.984,11.7056,2.3816,2.0441,2.3814,9.9803,4.4496,2.4428,14.7715,2.7432,2.4428,2.042,9.7213,9.1695,2.5,2.0387,9.987,2.0447,2.4428,2.0432,2.0426,10.0224,12.6513,2.5,2.0001,2.4429,9.6559,2.4428,8.0222,2.4486,10.0222,8.0222,2.0426,10.9861,9.9833,9.9833,2.4431,7.1772,2.443,9.9819,2.443,9.9833,7.0264,9.9833,9.9833,2.0407,9.9819,2.0494,2.443,2.0429,9.9819,9.4464,2.443,13.8273,7.1772,10.0222,8.0222,2.0377,9.9809,2.4728,2.4728,2.0542,2.4728,2.0461,9.9844,7.9998,2.4728,2.4728,2.5,2.0519,2.4728,2.4728,2.0619,2.4728,2.0608,2.0612,9.9844,9.9844,2.5,9.9844,2.4811,2.8649,8.5277,2.4728,9.969,2.1206,2.0532,2.0531,2.5,2.0469,2.0355,9.9806,2.3704,2.3206,2.3206,2.5806,2.3206,9.98,2.3206,2.0593,2.3206,2.3206,8.4096,2.3206,2.5,9.9895,9.9836,9.9895,2.3206,2.0526,2.0868,8.0161,2.085,2.5,10.88,2.085,2.0902,11.5403,4.8362,2.3206,7.1693,2.4233,2.0656,2.4232,2.3695,2.0467,6.4407,2.0462,1.0064,2.0575,2.4232,2.4232,2.5,3.0721,5.1675,2.0634,1.2799,1.2354,2.0974,2.3242,1.1679,1.1194,1.1593,2.0557,2.1018,2.4232,2.4232,5.1489,2.625,2.4232,2.4232,2.4536,2.0641,2.4536,2.4536,2.4536,2.4536,2.4536,2.4536,2.4536,2.4536,2.4536,2.4536,2.4536,2.4537,2.4536,2.0554,2.4536,2.4536,2.4536,2.4536,3.462,2.7325,2.4536,7.5083,2.4538,2.0978,2.0447,2.4536,2.4536,2.0487,2.0539,2.0464,5.9166,2.0857,2.0516,2.0514,2.3792,2.3792,4.1397,9.9833,9.0127,7.9284,9.8577,7.1517,2.5,2.3793,2.3792,2.3793,6.6478,2.5,2.0987,3.7925,2.3791,2.0929,2.0929,2.3792,2.1103,1.7,5.1526,2.3792,2.3792,7.647,7.6349,9.983,2.3698,9.9895,3.6454,2.1017,2.1017,2.3698,2.3698,2.3698,2.0946,5.1389,1.9147,2.0946,2.0683,9.986,5.7847,2.3699,5.6761,4.694,2.3698,2.3698,7.1479,2.3699,2.3698,2.3698,9.983,9.986,2.3699,2.0593,4.9361,2.3556,3.8028,2.0391,2.3249,2.0404,2.3248,2.325,8.0162,2.0318,0.8784,9.9804,5.909,2.0,2.906,10.7443,2.0515,9.9856,9.9856,15.0234,2.5,2.0,2.3248,8.726,11.8633,2.0731,2.3349,2.5,1.3214,2.3249,1.0228,2.2514,2.2514,7.1006,2.2514,5.4598,7.9998,8.0126,4.488,2.0767,2.5,2.2046,2.5,5.2597,7.2193,9.9896,2.2514,3.4982,9.9849,2.2514,2.2633,2.8787,2.0001,0.7899,1.4296,0.7174,0.6233,0.6196,4.2168,6.7181,9.9896,9.9896,9.9896,9.9896,9.9896
108,2.0001,2.3625,2.3624,2.5,5.4532,2.5,3.2575,2.5,9.7679,2.3626,2.3625,2.3624,2.0002,2.3623,2.5,2.0792,2.3624,2.1052,1.0958,1.7153,1.0734,1.0792,2.3624,1.1262,2.0,2.0884,2.0,2.4016,2.0639,9.2323,2.4016,2.0503,2.4016,7.1606,7.1606,2.5001,2.4017,2.5577,2.0476,2.4017,2.5,2.4016,3.6155,2.0435,2.4017,2.4016,2.3345,2.2397,9.9876,2.4016,2.0423,2.0494,11.2569,9.9876,2.4016,2.4428,2.5001,9.987,2.881,2.4428,2.0441,2.4429,7.1771,2.4429,2.261,11.3328,2.261,2.261,2.0413,4.153,3.4427,2.2651,2.0387,8.1541,2.0,2.0447,2.0542,2.0,10.0133,11.3051,2.5,2.0001,2.2611,8.0132,2.2611,7.1044,2.3146,9.9814,8.0157,2.0001,8.3595,9.9885,11.4011,2.0492,4.2889,2.054,9.9814,2.3146,9.9818,2.3155,9.9818,9.9838,2.0324,9.9814,2.0429,2.3146,2.0001,9.9818,6.9582,2.3146,9.9885,7.3145,10.1431,3.7405,2.0377,6.6853,2.2796,2.2796,2.0542,2.2796,2.0447,9.9812,4.2615,2.2796,2.2796,2.0615,1.0579,2.0618,2.2796,2.0525,2.2796,2.0606,2.0611,5.6895,2.5001,2.2796,8.5485,2.2796,2.5,4.105,2.2796,3.1972,2.053,2.0491,2.0529,2.2797,2.0455,1.0528,9.9832,2.0472,2.0472,2.064,2.2608,2.0627,2.3058,2.2608,2.0526,2.0518,2.2608,2.2609,1.0779,2.2609,9.9817,8.0131,9.9835,2.2608,1.4559,2.0708,2.2609,1.0531,2.2678,2.2609,1.5322,2.0734,7.1043,2.2609,2.2608,2.5,2.2514,1.5385,2.2514,2.2514,2.045,2.2515,2.045,0.5977,1.0432,2.0629,2.9179,2.2516,2.2515,2.257,2.0634,1.0432,1.0525,1.0525,0.75,0.7216,0.7215,0.7219,2.0554,2.0606,2.2514,2.2514,2.2545,2.2514,2.2515,2.2514,2.2158,2.0554,2.0588,2.2158,2.2158,2.2158,2.2158,2.2158,2.2158,2.2158,2.2158,2.0539,2.2158,2.2158,2.2158,2.0554,2.0732,2.2158,2.0627,2.2158,2.2159,2.2159,2.2158,3.492,2.2158,2.0449,2.0433,2.2158,2.2158,2.0472,2.0539,2.0464,2.5,2.0461,2.05,2.0514,2.2032,2.048,2.5,2.5,4.6106,2.5,7.0813,5.2397,2.2075,2.2032,2.2032,2.2032,4.9439,2.5,2.0529,2.446,2.2032,2.0565,2.2031,2.2032,2.0592,2.0589,4.5039,2.0559,2.2032,2.5,7.1081,2.5,2.2702,9.9873,2.2702,2.0743,2.0743,2.2702,2.2702,2.2702,1.8423,2.2703,0.7721,2.2702,2.0683,9.9865,2.5,2.2702,2.5,2.2703,2.2702,2.2702,2.2703,2.2702,2.2702,2.2702,8.1979,9.9838,2.2703,2.0593,3.335,2.4034,2.36,2.0391,2.0,2.0404,2.3556,2.3557,8.0178,2.0,0.9323,8.0005,3.3808,2.054,2.5001,11.1778,2.0515,9.9808,6.6233,7.1422,2.3556,2.0,2.3556,8.8335,9.9808,2.3556,2.0837,2.1122,2.0001,2.3556,0.8587,2.2518,1.0515,9.1523,2.078,2.5,4.9704,6.0874,2.5,2.0768,2.2518,2.078,2.2518,2.7635,8.0126,9.9824,2.2518,2.2595,10.0126,2.2518,1.0674,2.5001,2.0001,0.8264,1.4319,0.7507,0.6244,0.9167,2.5,3.1518,9.1963,9.1963,9.1963,9.1963,9.1963
109,2.0,2.3567,2.3566,2.5001,5.4459,2.8792,3.432,2.5,8.0181,2.3567,2.9459,2.3568,2.0001,2.1462,2.5,2.0792,4.4226,2.1035,1.0792,1.6879,1.0792,2.0,2.3566,1.0792,2.0,2.0754,2.0552,2.272,2.0535,7.1333,2.272,2.0503,2.272,7.1088,7.1088,2.7953,2.6296,2.5,2.272,2.272,2.8398,2.272,3.533,2.0432,2.272,2.272,2.2719,2.1384,9.9806,2.272,2.0423,2.0493,8.0136,9.9806,2.0393,2.261,2.3094,9.9856,2.5001,2.2611,2.0441,2.261,7.1044,2.0456,2.0539,22.4845,2.2263,2.2262,2.0521,2.2264,4.3236,2.0494,2.0387,7.3846,2.0,2.0445,2.0541,2.0,10.0114,22.5023,2.5,1.051,3.87,5.6138,1.258,3.4674,2.1814,8.1803,2.1815,0.8658,2.1816,9.985,9.9813,2.0492,2.1814,2.0476,3.5236,2.1814,8.1803,2.1814,5.2265,8.0091,2.0324,8.0092,2.0429,2.1814,2.0002,9.9813,2.5,2.1814,9.9813,2.1815,5.9007,2.0424,2.0,5.0,2.1916,2.1916,2.0452,2.0533,2.0447,8.0097,2.055,2.0571,2.06,2.0613,2.0419,0.5502,2.0617,2.0428,2.0529,2.0605,2.061,2.0698,2.1916,2.1916,2.1916,2.1952,2.0623,2.1916,2.1916,2.1915,2.0393,2.0486,2.0489,2.0593,2.0381,0.3921,2.5,2.033,1.8252,1.042,1.0779,2.0571,2.1476,1.3252,1.0531,2.0498,1.0779,2.0621,0.5683,2.068,2.5,3.5044,9.9885,2.0554,1.0531,2.0399,2.1476,0.3988,2.0399,2.0728,1.0531,1.0531,2.1479,0.722,0.9312,2.1942,2.1938,1.0775,2.059,1.1864,0.4616,2.0401,0.6417,0.4383,0.4526,0.8068,1.0775,2.0666,2.0633,2.0634,1.1945,0.5859,0.5561,0.5454,0.5502,0.4731,0.5123,0.4768,0.5838,0.9208,2.0555,2.0649,2.1938,3.8391,2.1938,2.1974,2.0521,1.4622,1.0756,1.0799,2.054,1.3434,1.7706,2.0642,2.0669,2.0646,2.0629,1.4325,2.0625,2.2952,1.9348,1.2316,1.0799,2.0624,1.9352,2.0627,2.0688,2.2892,2.2893,2.2893,2.0489,2.0447,1.1035,1.8323,2.0585,1.1367,2.0462,2.045,2.0518,2.0351,2.0513,1.0287,2.0383,2.037,2.156,2.156,2.156,2.0658,2.1596,2.1561,2.0625,2.156,2.056,2.0664,2.156,2.156,2.061,2.0642,2.156,2.0548,2.0382,2.0594,0.9553,0.9498,2.156,0.5221,2.077,2.124,2.1241,2.124,2.124,9.9819,2.124,2.0798,2.0,1.5257,2.0339,2.0335,0.7253,2.1241,0.2939,2.124,2.001,9.9834,2.124,2.124,2.0263,2.1241,2.1241,2.0458,2.1241,2.1241,1.4684,2.124,7.0496,2.1241,2.1272,2.0,2.169,2.169,2.4036,2.0391,2.0,2.035,2.4034,2.4035,7.1614,2.0,1.0159,7.9997,8.0202,2.0,3.0041,9.9809,2.0515,9.0128,2.5,8.0204,2.4034,2.0,2.4162,6.226,8.0203,2.4034,2.4034,2.4035,2.0001,2.4034,1.0155,2.0761,4.8296,8.6343,2.0773,2.5,5.0722,9.4479,2.5,2.5,2.2496,2.0773,2.5,2.2583,8.0125,9.9813,2.2496,2.0,5.0001,2.0857,0.7468,3.0982,1.0784,0.8196,1.8739,1.0784,0.6857,0.6147,2.0712,2.5001,5.6361,5.6361,5.6361,5.6361,5.6361
110,1.039,2.2018,2.2018,2.202,2.5,2.2095,2.5,2.5001,4.4995,2.5641,2.2019,2.2166,2.224,2.0001,2.0912,2.098,2.5001,2.0586,1.0792,2.0,2.0625,1.0792,2.0,1.0734,2.0643,2.0752,2.2017,2.2342,2.0638,3.9904,2.2342,2.0418,2.2342,9.9815,7.0937,2.2343,2.0477,2.2343,2.0,2.2341,2.5,2.0591,4.5581,2.0435,2.0,2.0538,2.2342,2.0534,9.9815,2.2342,2.0423,2.0393,5.0606,7.2875,2.0387,2.2132,2.0555,2.2263,2.2263,2.0529,2.0435,2.2262,9.9803,2.0456,2.0536,8.2802,2.1946,2.0523,2.0315,2.1946,8.0,2.0492,2.0387,4.1029,2.0,2.0428,2.0524,2.0001,11.244,11.2481,4.0376,2.0,2.0528,3.7388,0.872,2.1946,2.0443,2.5,2.1802,0.3352,2.1802,8.009,8.009,0.4291,2.1802,2.0537,2.9219,2.0491,2.1803,0.4305,5.2253,5.0929,2.0298,8.2561,2.0007,2.1802,2.0002,9.9828,2.1802,2.054,10.0091,2.1803,2.5609,2.0422,2.0,5.0,2.0538,2.2084,2.0437,2.1853,2.0445,9.9813,2.0484,2.0508,2.0612,2.0509,2.0519,0.5981,2.0803,2.0438,2.0603,2.0,2.0501,2.0437,2.2084,2.2125,2.2084,2.0625,2.056,2.212,2.0531,2.7605,2.0393,2.047,2.0527,2.0545,1.0528,0.6079,2.3124,1.2254,1.4221,1.6989,1.0779,2.0656,2.0645,1.0531,1.0531,1.0531,2.0554,2.0549,0.6946,2.2629,2.2629,2.5,8.1642,2.0524,1.2482,2.2628,2.2628,0.7105,0.754,2.08,1.0722,1.5922,2.1546,0.7699,0.8157,2.3397,2.3395,1.0718,2.0935,1.0528,0.779,0.9567,0.8321,0.7977,0.7924,1.0262,1.0775,2.0632,2.0632,2.0633,1.2136,0.8892,0.8891,1.0525,0.904,0.8282,0.8283,0.8976,0.9745,1.0526,1.23,1.3409,2.9242,2.2731,3.4814,3.6968,2.0549,1.1776,1.0756,0.9017,2.0535,1.0799,1.3505,2.0341,1.5546,0.9455,2.0628,2.0523,2.0139,2.0758,2.0134,1.0013,0.9009,0.9784,1.0799,2.0339,2.0654,2.329,2.0572,2.2377,2.0428,1.0799,1.0799,1.3423,2.0338,0.8858,1.1679,1.046,2.0581,1.0924,1.0803,1.0759,1.6259,0.7783,1.1364,2.0659,2.0661,1.9553,2.0617,2.0625,1.5519,2.0662,2.0563,2.2676,2.2676,2.0705,2.0537,2.0634,2.0656,1.0708,0.7783,0.757,0.7783,0.7666,1.0759,0.7783,1.0759,2.2452,2.0843,2.0741,2.0766,2.2452,1.4359,0.7391,0.5766,0.7041,0.7391,1.2617,0.583,2.0625,0.5373,1.7547,0.6373,9.985,2.2452,1.4357,1.4362,2.2453,2.0437,2.0463,2.2452,2.2453,0.7391,1.0754,2.2452,2.2454,2.2453,1.0776,1.9862,2.233,2.1691,2.0391,0.9422,2.0343,2.169,2.1692,4.119,0.961,0.3225,5.2113,5.3105,2.0,2.169,9.9835,2.05,8.0085,2.4616,4.0641,2.7113,2.0,2.1693,2.5001,3.3494,2.169,2.1689,2.169,2.0,2.1689,0.8626,2.0,2.5,3.623,2.0868,2.8653,2.5,5.451,7.1169,2.4605,2.0,2.0,2.5,2.103,7.8214,7.1169,2.2922,2.2923,5.0001,2.0,0.9429,2.306,2.0001,0.959,1.6617,0.8448,0.8343,0.641,2.0836,2.2922,3.6581,3.6581,3.6581,3.6581,3.6581
111,0.5471,0.6723,2.207,2.207,2.2071,2.5001,2.207,2.4084,9.986,0.5479,2.2071,2.2225,2.1523,2.0,2.0988,2.06,2.2071,1.0734,1.0734,2.0,1.0552,1.0605,1.0792,0.5768,1.0734,1.2497,1.2949,2.0639,2.0563,2.1344,2.1344,0.8653,2.1344,3.8573,7.0538,2.0481,2.0483,2.1345,1.9589,2.0489,2.1344,2.0423,4.1174,2.0441,1.0714,2.0438,2.0535,2.0514,2.8974,2.0423,2.0387,2.032,2.2252,7.866,2.0372,2.0556,2.0526,2.1947,2.0523,2.0541,2.0001,2.0583,7.0778,2.0002,2.0438,7.0863,2.2158,2.0423,2.0322,2.2167,7.9999,2.2158,2.0387,2.2158,1.0518,1.2002,2.2158,2.0402,10.0111,11.185,2.2158,2.0,2.0429,2.2159,1.0506,2.2158,2.0471,2.3115,2.3114,0.545,2.3114,9.98,8.0156,0.7452,2.0536,2.0627,2.3116,2.0443,2.3115,0.7419,5.1393,3.7781,2.0298,8.1843,2.0461,2.3114,0.8955,9.9893,2.3114,2.0539,8.0156,4.6566,2.3115,2.0421,2.0,3.7609,2.2302,2.3122,2.0432,2.3068,2.0443,8.0154,4.0369,2.0488,2.3068,2.0504,2.0428,2.053,2.3068,0.8815,2.0426,0.8091,2.0501,2.0571,2.5001,2.057,2.3068,2.0623,3.4519,2.3068,2.3068,3.2428,2.0465,2.0479,2.0592,2.0545,1.0528,0.6378,2.2892,1.276,1.0779,1.0531,2.051,2.2445,2.0588,1.0531,1.7896,1.0779,2.0673,2.0549,1.213,2.2445,2.2444,2.2445,7.0978,2.0422,1.5805,2.2444,2.2444,0.6911,1.1033,1.8927,1.1294,2.0784,2.0703,0.7377,0.7584,2.2986,2.0653,1.0718,2.054,0.8559,1.0528,1.0528,1.0528,0.6849,0.6962,1.0775,1.2156,1.84,1.2349,1.0775,1.5088,0.7818,0.7817,1.0775,1.0525,0.7893,0.7284,0.78,0.8559,0.8931,2.0549,2.0488,2.873,2.0591,4.6548,2.0606,1.0756,1.0799,0.8701,0.8704,1.4373,1.0799,1.4281,1.9259,1.0756,0.8735,2.0628,1.2347,2.0683,2.3103,1.3031,1.0756,0.8707,1.0799,1.0799,1.8792,2.0572,2.304,2.0485,2.0486,1.8603,1.0799,1.0647,1.0799,2.0555,0.7237,1.1147,0.8284,2.0518,0.9707,1.5698,1.0803,2.0655,0.8481,2.0711,2.2963,2.0575,2.0576,2.1087,2.0541,1.963,2.0662,2.056,2.2962,2.2962,2.0771,2.0535,2.2963,2.2962,0.8482,0.8483,0.7387,0.8614,0.8284,0.8481,0.6432,1.0759,2.5,2.0845,2.084,1.8128,2.5,1.8121,0.7487,0.6633,0.7979,0.8202,0.7983,0.6056,2.2792,0.6108,2.279,1.2465,8.733,2.279,0.6857,2.0428,2.279,2.0444,2.0459,2.279,2.8488,0.7031,0.7983,2.2791,2.2791,2.2849,0.7983,2.0358,2.358,2.233,2.039,0.7178,1.1077,2.233,2.233,2.5,0.6632,0.4187,2.2335,3.7674,1.0483,2.233,2.2331,0.6634,2.5,2.0676,2.0001,0.6636,0.7178,2.0001,2.233,2.5,2.233,2.0965,2.0001,0.7178,0.6918,0.4833,2.0,2.7156,2.9588,2.0527,2.7158,2.0001,4.2251,7.069,2.0,2.0,2.0001,2.1775,1.8615,2.5,2.0004,1.0784,2.0,2.0001,1.8615,0.5278,2.0544,0.5473,0.4925,0.4921,0.4739,0.379,0.335,0.974,2.0495,2.0546,2.0546,2.0546,2.0546,2.0546
112,1.0792,1.0812,2.4096,2.4097,2.5,2.4096,2.4097,3.3639,9.8658,1.0753,2.5,2.4397,2.4379,2.0001,2.1209,2.078,4.4854,1.2727,1.118,2.0,1.1163,1.1096,1.1423,1.083,1.1297,1.1401,2.0676,2.0635,2.0558,2.5,2.2764,0.9613,2.0658,7.1106,7.1106,2.2765,1.0715,2.5,0.7406,2.0598,2.2765,2.0423,2.5,2.0432,0.7937,2.0432,2.0438,2.0429,4.2331,2.0423,2.0393,1.7491,2.0487,10.216,2.0,2.0456,2.0428,2.2159,2.0424,2.0441,1.3058,2.0584,9.0444,2.0428,2.0532,7.0539,2.2892,2.042,2.0322,2.2893,4.5393,5.6042,2.0387,2.2892,0.967,2.0421,5.5617,2.0402,11.3687,13.5323,2.0402,2.0,2.2893,5.0,0.6862,2.2927,2.0351,2.3226,2.3188,0.7344,2.5,9.9859,7.5453,2.0,2.0535,2.3188,2.3251,2.3188,3.1115,0.7306,8.1757,2.5,2.0367,8.0583,2.0362,2.3188,0.7631,9.9862,2.3189,2.0544,8.0159,5.0037,2.3189,2.0422,2.0005,2.5,2.2692,2.0536,2.0428,2.0548,2.0443,9.2869,5.0,2.0485,2.2692,2.0514,2.0428,2.0525,2.2692,2.0438,2.0426,0.7729,2.0501,2.0437,2.5,2.057,2.2692,2.0432,5.4807,2.2744,2.8365,2.2692,2.046,2.0474,2.0522,2.2692,1.3122,0.7332,2.3102,1.0779,1.0779,1.0779,2.0507,2.2505,2.0488,1.0531,1.6188,1.0779,2.2006,2.0567,2.0591,2.2505,2.2504,2.2505,6.7656,2.0422,2.0502,2.2505,2.0729,0.7186,2.0786,2.0798,1.1573,2.2505,2.0702,0.7762,0.6509,2.2663,4.0662,1.0775,1.2314,0.7758,1.0775,1.0775,0.632,0.6579,0.7637,1.1084,1.1197,2.0633,2.0632,1.0775,1.1274,0.7635,0.6975,0.7758,0.755,0.6494,0.6492,0.7318,0.7758,1.0802,2.0646,2.0503,2.8328,1.754,2.0608,2.0606,0.6141,0.9111,0.8907,1.0799,1.3657,1.0075,1.0756,2.0666,0.8962,0.6856,2.0627,1.0528,1.0799,1.4363,1.0849,1.1148,1.0301,1.0174,1.0799,1.0259,1.0087,2.0575,1.3258,2.0426,1.0127,0.614,1.0756,1.3591,2.2146,0.6138,0.8056,1.9211,2.0516,0.8727,1.3537,1.0803,2.0654,0.7916,1.3577,2.0657,2.066,2.057,2.2281,2.0624,1.0803,2.0548,2.0661,2.2234,2.2234,2.06,2.0639,2.2235,2.2234,0.701,1.0759,0.6321,0.701,1.0058,2.2234,0.5314,0.9855,2.1916,2.5,2.1916,1.1216,4.2367,1.8958,0.6453,0.4556,0.5509,0.8685,0.8579,0.4199,2.1916,0.4201,2.1916,2.0653,9.9813,2.1916,1.0776,2.0451,2.1917,2.0442,1.122,2.1916,2.1916,0.4829,0.4808,2.1917,2.1918,2.1961,0.5475,1.4109,2.0392,2.358,2.039,0.5706,2.0427,2.3581,2.358,2.3583,0.859,0.5982,2.5,2.9203,1.0194,2.358,2.5001,0.6839,2.5001,2.0675,2.0005,0.775,1.0247,2.0004,2.0952,2.3579,2.2296,2.3583,2.0,1.4743,1.4778,1.0585,2.0001,4.5574,2.0989,2.0822,2.5,2.0001,2.651,7.1722,2.0,2.0,2.0001,4.7287,2.0792,3.6197,2.0001,1.1418,2.0799,1.2278,1.3892,1.2281,2.0002,1.0632,1.1097,0.9381,1.0632,0.9441,0.8587,1.0784,2.123,2.5,2.5,2.5,2.5,2.5
113,0.9969,2.0001,2.3784,2.3918,2.5,2.3784,2.3784,2.5,9.9801,2.4088,4.3787,2.3786,2.3784,2.1067,2.1117,2.0947,2.3785,1.089,2.0001,1.8859,1.0514,1.025,1.0892,1.0419,1.0734,1.0587,1.0854,2.0535,2.0674,2.3404,2.3404,1.0714,2.3404,9.9835,7.1362,2.5001,1.3199,2.3405,0.8135,2.0598,2.3405,2.0423,6.4581,2.0432,0.9057,2.0432,2.0531,1.058,3.8335,2.0521,2.3404,2.032,2.0486,9.4627,2.0372,2.0453,2.2892,2.2892,2.0415,2.0537,2.0453,2.2892,9.9824,2.0426,2.2846,17.6785,2.0551,2.2846,2.0322,2.2847,2.0489,9.9806,2.0001,3.4387,1.0518,1.5831,8.0142,2.0507,10.014,15.6735,2.0506,2.0001,7.1139,2.9807,0.5602,2.2883,2.0354,2.3083,2.3036,0.5798,4.2772,9.9851,7.147,2.0,2.3036,2.5,2.5,2.3037,5.3795,0.6934,9.9807,3.0774,2.0376,8.1564,2.0362,2.3036,0.7267,9.9807,2.3037,2.3036,7.3035,5.7829,2.3037,2.037,2.0002,2.5001,2.3354,2.0534,2.0426,3.4814,2.0362,12.8461,12.0485,2.0483,2.3354,2.0511,2.0506,2.0611,2.3354,2.0438,2.0601,1.6122,2.0501,2.0571,2.5,2.3354,7.5005,2.0432,7.2179,2.3355,2.3354,2.3355,2.0582,2.0484,2.0529,2.3354,2.0355,0.8138,2.2958,2.0024,1.0531,1.3202,2.0507,2.26,2.05,1.0531,1.7689,1.1458,2.0622,2.0567,2.0708,2.2601,2.26,2.26,3.3556,2.0422,2.0516,2.265,2.0726,0.7354,6.3611,2.0694,1.32,2.2601,2.0702,1.781,1.0722,2.2206,2.2191,1.0528,2.054,0.6859,1.0718,1.0528,0.851,0.6155,0.6155,1.0539,1.0591,2.0632,0.8891,2.0631,0.889,0.6268,0.6152,0.6091,0.5923,0.524,0.524,0.6157,0.6859,1.1201,2.0647,2.0591,2.2148,1.0802,2.2148,2.051,0.963,0.8188,1.0756,1.0756,1.4382,0.7055,1.0799,1.431,1.0718,1.0756,1.3968,1.0799,1.1457,1.5739,2.0537,2.0546,0.9663,1.0756,1.1622,0.7055,1.2672,2.0575,2.0493,2.0437,1.7721,0.7055,0.5375,2.0485,2.2261,0.6469,0.8484,2.049,2.0516,0.7629,2.0493,1.0803,2.0655,0.7629,1.0803,2.0657,2.0569,2.0585,3.2762,2.0535,1.2158,2.0558,2.066,2.2588,2.2588,2.2242,2.0659,2.2589,2.2588,1.0354,1.8772,0.7411,1.3592,1.3603,2.2588,0.7371,0.7404,1.3444,6.0641,2.089,1.105,7.0643,1.1953,0.5818,0.6112,0.6674,1.1957,0.9145,0.5757,2.2042,0.447,2.2042,1.0776,9.9854,2.2042,1.0776,2.0435,2.2043,1.9134,2.0466,2.2043,2.0594,0.5143,0.5125,2.2043,2.2043,2.7553,0.4854,1.206,2.2098,2.3483,2.0324,0.3803,2.0413,2.2267,2.2267,2.2268,0.4329,0.3231,2.5,2.5,2.0585,6.4426,2.5,0.374,6.4968,2.2267,1.411,0.7066,0.6695,2.0829,2.0604,2.2264,7.0906,2.7834,2.0001,2.2266,1.0515,0.7724,1.0517,4.3435,2.0987,2.0807,2.2641,1.0387,2.5,8.0132,2.5,1.0516,2.2642,7.1057,1.0784,2.2642,2.0518,1.0784,2.0,0.7534,0.7796,0.8093,1.6264,0.7541,0.6813,0.585,0.6548,0.5799,0.5285,0.7542,2.2644,2.0834,2.0834,2.0834,2.0834,2.0834
114,0.9804,2.1747,2.3708,2.3839,2.3709,2.3708,2.3708,2.5,9.9806,2.4007,8.0186,2.3985,2.2004,2.1065,2.3708,2.3708,3.0567,1.0792,1.7627,1.8481,1.8904,1.0045,1.9946,1.0212,1.0341,1.0675,2.0674,2.0633,2.9873,2.353,2.353,1.0096,2.3531,9.9876,7.1412,2.5001,2.0483,3.6219,1.4164,2.3531,3.053,2.0423,4.0445,2.0432,2.0,2.0432,2.5446,2.0429,4.6547,2.489,5.4826,2.032,2.3576,6.7788,2.0372,2.0454,2.6436,2.2847,2.0413,2.0536,2.0453,2.2846,9.9806,2.0423,2.3052,22.559,2.055,2.3004,2.0421,2.4773,2.0488,9.9835,2.0382,2.8361,1.6711,2.0358,8.015,2.5,11.383,14.0205,2.04,2.0001,4.8008,2.6116,0.7893,2.3005,2.0356,2.3777,2.3776,0.661,7.151,9.9837,5.0,2.0,2.3776,6.0073,2.3849,2.3456,5.3644,0.9001,9.9837,2.3845,2.0376,8.019,2.0362,2.0489,0.9039,14.5034,2.3776,2.0537,7.1511,8.0189,2.3778,2.0362,2.0301,3.8116,2.3062,2.0534,2.0423,2.0545,2.0362,12.6676,5.0631,2.048,2.3062,2.0493,2.0519,2.3062,2.3062,2.0438,2.0508,1.4718,2.0693,2.0572,2.3116,1.9201,2.3065,2.0432,8.0005,2.0589,2.3062,2.0526,0.7281,2.0484,2.0527,2.3062,2.0511,1.4172,2.3035,1.9195,1.6848,1.2964,4.94,2.2606,2.05,1.8818,1.9618,1.0531,2.2606,2.0567,2.2606,2.2607,2.2606,2.2607,3.418,2.05,2.0516,2.2607,2.0603,0.7048,8.0131,2.0672,1.0531,2.2613,2.07,2.0497,2.0497,2.5,2.2427,1.0775,2.054,0.9359,1.0951,1.0528,0.5641,1.0718,0.5233,0.9902,1.0775,2.0633,2.0537,3.2104,0.9843,0.6939,0.682,0.6813,0.656,0.5798,0.6281,0.722,1.0775,1.1304,2.3102,2.0503,2.2378,1.0802,2.2379,2.0605,1.0756,1.3313,1.3173,1.0813,1.8174,0.7589,1.3282,2.0666,1.0876,1.0799,1.2164,2.0523,2.0681,2.0643,2.0537,2.8255,1.0799,2.064,2.052,0.791,2.0546,2.0574,2.049,2.0485,2.0424,1.0799,0.7446,2.0498,2.2605,0.9766,0.7531,1.2211,2.0513,0.7847,2.0493,1.982,2.0655,0.5753,1.0803,2.201,2.0657,2.0582,2.2011,2.0519,2.0541,2.0558,2.0661,2.201,2.201,2.0579,2.201,2.2013,2.201,0.8041,2.0647,0.6618,1.224,1.3742,2.201,0.5726,0.5414,2.0345,3.6731,2.0889,1.3884,4.2641,2.0242,0.6087,0.6107,1.0756,2.0743,1.2519,1.2518,2.0755,0.4678,2.2139,0.6556,9.9823,2.9214,2.0435,2.0433,2.2139,2.0437,2.0463,2.767,2.0607,0.5384,0.6842,2.2138,2.2139,2.2139,0.508,1.84,2.2144,2.2098,2.0317,0.5426,1.587,2.2099,2.2099,2.4674,0.4008,0.3073,2.6112,2.5,2.0583,9.9803,2.5,0.3462,8.0106,2.0674,2.5,1.8161,0.6771,2.0828,2.0557,2.0832,7.9998,7.9998,2.0,2.299,1.0515,0.6621,1.0517,8.0101,1.2385,2.0001,2.0,1.3269,2.5,9.8244,2.5,1.0516,2.2012,10.0247,1.0784,1.9122,1.0784,2.0929,2.0,0.5914,0.5739,0.6867,1.1738,0.5745,0.5187,1.1443,0.553,0.4952,0.4054,0.5745,4.5367,1.1791,1.1791,1.1791,1.1791,1.1791
115,1.1239,2.4266,2.5,2.4266,2.5,2.4267,2.4267,2.4462,9.9869,2.4266,9.0998,2.5,2.4265,2.1303,2.4267,2.124,3.9675,1.1984,2.0,1.1495,1.1498,1.128,1.9869,1.0734,1.1282,1.1102,3.033,2.0631,6.4633,2.3188,2.3188,0.9116,2.3189,9.9852,7.283,4.5062,2.0483,4.3505,0.9631,2.3189,2.6864,2.0423,7.1275,2.0432,2.0419,2.043,2.319,2.0518,6.6823,5.2914,9.9852,2.032,2.5,6.7106,2.0371,2.0554,11.0424,3.1144,2.0413,2.0535,2.0453,2.3004,9.9859,2.0394,2.3414,20.1174,2.0548,2.3361,3.8647,2.5,2.0488,9.8027,2.038,2.5,2.0438,2.0411,7.7554,8.0168,13.0801,11.6806,2.0,2.0,7.1344,7.1344,0.7975,2.5001,2.0443,2.3079,2.3032,0.5792,9.6382,9.983,2.5,1.7706,2.3085,9.6457,2.3035,2.0485,8.0153,0.7227,8.1743,2.3075,2.0374,8.0156,2.0362,2.0489,0.7257,14.0656,2.3032,2.0536,6.9146,5.804,2.3034,2.0301,2.0357,3.5403,2.3393,2.0536,2.0528,2.0544,2.0546,12.6678,7.3393,2.0495,2.3392,2.0419,2.0535,2.1278,2.3392,1.6191,2.0506,1.6309,2.0695,2.0572,2.5,2.0437,2.0638,2.062,5.4239,2.0589,2.3392,2.0526,0.7116,2.0529,2.0592,2.3392,1.7682,1.0779,2.3062,2.033,1.0779,1.6437,7.2279,2.2658,2.05,2.0508,2.05,1.0779,2.0621,2.0567,2.2658,2.2659,2.2658,2.422,3.5307,2.0516,2.0513,2.2658,2.06,0.7516,1.3672,2.0669,1.0531,2.2662,2.0579,2.0497,2.06,2.5001,2.0651,1.0775,2.054,1.0528,1.9246,1.0528,0.4434,1.0528,0.4545,0.8043,1.0775,2.0632,2.063,2.1932,0.7996,0.7991,1.0525,0.5534,0.5327,0.4713,0.5532,0.5864,0.5798,1.0802,3.8381,2.0503,2.1932,1.0802,2.1932,1.6277,1.1862,1.3207,1.1138,1.0799,1.1136,0.5101,1.0799,2.0664,0.8296,0.7363,1.081,0.8762,2.0683,2.0644,0.7447,2.054,1.0756,2.064,2.052,0.8364,2.0652,2.175,2.057,2.0485,2.0435,2.0424,0.6674,2.0498,2.1783,1.0799,0.4159,2.0506,2.0511,1.0971,2.0509,2.0535,2.0361,0.6856,1.0803,2.2146,2.0656,2.0672,2.2149,2.0519,2.0555,2.0555,2.2146,2.2146,2.2147,2.0594,2.0637,2.2146,2.2146,0.8585,1.3035,0.6856,1.1268,1.4675,2.2146,0.614,2.0791,2.0726,2.2008,2.1259,1.2813,7.9999,2.0719,0.5735,1.0668,1.1759,2.0743,1.1759,1.9629,2.0754,0.4555,2.2008,1.1754,9.9838,5.251,1.3857,2.0446,2.2009,2.0437,2.0461,2.5,0.6614,0.5056,1.1754,2.2008,2.2009,2.2009,0.4379,1.3868,2.1855,2.2143,2.0325,0.3591,1.0179,2.2143,2.2142,2.5,0.409,0.3591,2.5,2.5,2.058,9.9802,2.2195,0.3535,8.0108,2.2143,2.2192,0.6849,0.6849,2.2142,2.0569,2.0001,8.0002,9.9802,1.0773,2.5001,0.9,0.7886,1.3242,9.1194,1.0773,2.0001,2.0,2.092,6.9049,10.0098,2.8671,1.0516,2.1015,9.9813,1.0784,1.2053,1.0784,2.0927,2.0,0.5586,0.5777,0.6526,2.0003,0.5593,0.5049,2.1959,0.5379,0.4841,0.3944,0.6526,5.5111,1.0882,1.0882,1.0882,1.0882,1.0882
116,0.8996,2.0837,2.5,2.3403,2.5,2.3403,2.3402,2.3403,9.9806,2.3402,8.0176,2.5,2.407,2.6669,2.3403,2.0989,3.0756,0.9559,1.6167,1.0792,1.058,1.0792,2.0753,0.8846,0.9488,0.9054,2.9255,2.306,9.4652,2.306,2.5918,0.6913,2.3061,9.9872,5.5523,6.9396,2.0605,4.3259,1.2953,2.306,2.8823,2.0423,9.9807,2.0432,2.0521,2.0428,2.306,2.0521,9.9807,8.5752,9.9872,2.032,3.4988,9.1033,2.0369,2.0553,9.9843,11.4284,2.0424,2.0537,2.0447,2.336,9.9843,2.0421,2.2456,20.9886,2.0547,2.2457,2.032,2.2486,2.0488,9.4029,2.0378,2.2457,2.045,2.0421,8.0123,9.6165,17.3479,10.0127,2.0398,2.0,8.0123,5.8619,1.0506,2.5001,5.0596,5.852,2.2702,1.5888,10.5122,9.9814,2.2708,0.6463,2.5,9.9814,2.2705,2.2703,6.1853,0.646,8.1554,2.8375,2.0401,8.1393,2.0362,2.0489,0.6467,10.0631,2.2703,2.0536,7.1081,2.9011,2.2703,2.0362,2.0443,2.3269,2.3005,2.0535,3.3897,2.0447,2.0547,19.3941,7.9998,2.0495,2.3004,2.0419,2.0532,2.0609,2.3004,0.7928,2.0506,2.0,2.0694,2.0572,2.5,1.8838,2.3004,1.8916,13.3663,1.8914,2.3004,2.3004,0.6783,2.0529,2.0592,2.0544,1.5719,2.033,2.349,2.033,1.0779,1.1109,5.3332,2.2908,2.0586,2.0511,2.0498,0.8189,2.0623,2.0567,2.2908,2.2975,2.2908,2.5,5.0574,2.0516,2.0513,2.2908,2.0585,0.8223,0.8217,2.0669,1.0722,2.5,2.0576,3.502,2.06,8.0119,2.0651,2.0506,2.054,1.0881,2.0543,1.0775,0.5429,1.0528,0.6723,1.0107,2.0555,2.2371,2.063,2.237,1.0038,0.6916,0.6916,0.7248,0.5783,0.5782,0.6534,0.6792,0.6793,1.0802,3.1933,8.0006,2.237,2.048,2.2416,2.0605,1.4081,1.3751,1.3533,1.1598,1.1586,0.7472,1.3546,2.1823,0.8638,0.6289,1.1257,0.9128,2.1822,2.0644,1.0799,2.3747,1.0519,2.9389,1.7632,0.773,2.1822,2.1822,2.1823,2.1822,2.0435,2.0435,1.0756,2.0498,2.0554,1.0799,0.6289,2.0503,2.058,2.0579,2.0493,2.0549,1.8356,0.6124,0.8769,2.1728,2.0656,2.0672,2.1729,2.0517,2.0555,2.066,2.1728,2.1728,2.5,2.0594,2.0637,2.1728,2.1728,0.6912,1.0493,0.6124,0.7804,1.221,2.077,0.4944,1.0759,1.4525,2.1568,2.0888,0.6176,2.1573,1.0179,0.4475,0.8333,1.0182,2.0743,1.2893,2.0633,2.0753,0.3564,2.2509,2.0724,9.98,3.0052,2.0435,2.0446,2.1568,1.9486,2.0461,2.1568,0.4062,0.3949,2.1568,2.1568,2.1569,2.1569,0.3417,1.6138,2.5,2.1816,2.0325,0.5164,0.6278,2.1817,2.1818,2.1817,0.3467,0.3263,2.5,2.5,0.6278,9.9806,5.876,0.347,8.0092,2.1859,2.1859,0.5168,0.6278,7.0726,2.0483,2.0,7.8313,9.9814,0.6513,2.1817,0.5393,0.6926,1.0517,9.9824,1.2341,1.0515,2.0,2.0919,6.2847,9.9824,4.2853,2.0,2.2186,9.9824,0.6926,1.2352,0.6926,2.0927,2.0,0.6234,1.0784,0.6926,2.069,0.6224,0.5637,2.0678,0.6007,0.5387,0.4399,0.4981,9.625,1.1641,1.1641,1.1641,1.1641,1.1641
117,0.7568,1.5384,2.5,2.2671,2.267,2.2671,3.7349,2.3778,9.9873,2.267,7.1068,2.5,2.2847,5.2619,2.0789,2.5,4.3164,0.8408,1.2691,1.0734,2.0687,1.4587,1.3988,0.6502,0.7446,0.7059,2.267,2.0633,9.9808,2.0645,2.6429,0.6861,2.3203,9.9852,3.1992,2.5001,2.3148,5.2124,0.9834,2.3041,2.5724,2.0506,8.5179,2.0432,2.0438,2.0426,2.0614,2.3148,9.8489,8.5615,9.9822,2.032,2.7207,3.0407,1.4976,2.2456,11.3131,11.3131,2.0413,2.0537,2.0453,2.2457,9.9815,2.0,2.2556,18.6914,2.0459,2.5,2.033,2.0341,3.9829,7.2129,2.0376,2.045,2.045,2.0421,2.2556,20.6535,15.717,10.013,0.7307,1.4219,8.3213,6.5273,2.0355,2.7842,2.5,2.2909,2.2876,0.8275,11.3667,9.9866,2.2877,2.0,2.2876,8.0144,2.0551,2.2877,6.8901,0.827,8.1425,2.8593,2.0401,8.1698,2.0362,2.0425,0.6881,9.9808,2.2877,2.0537,7.1151,2.5,2.2877,2.0301,2.0301,3.38,2.4131,2.0534,2.413,2.0447,2.4131,12.6682,7.5613,2.051,2.4131,2.0419,2.0532,2.061,2.413,1.9709,2.0506,2.0,2.0694,2.0571,2.5,2.0437,2.4131,1.2832,9.0488,2.059,2.4131,2.4131,0.933,2.0529,2.0593,2.0544,1.0528,2.033,2.2892,2.033,0.7394,0.6316,5.438,2.2455,2.0498,2.0495,2.0513,0.7394,2.2454,2.0567,2.2454,2.2509,2.2454,2.6992,5.0574,2.0513,2.0513,2.2454,2.0585,2.0726,0.6931,2.0665,2.059,2.2455,2.0579,2.0588,2.0597,7.1346,2.0552,2.049,2.2501,1.0775,2.0457,1.0775,0.5939,0.6178,1.0775,1.0528,2.0573,2.25,2.063,2.0629,1.0718,1.0346,1.0353,0.7094,0.6897,0.6097,0.9816,0.759,0.6683,1.0526,3.2588,8.0,2.25,2.048,2.0609,2.051,0.9424,2.0561,1.5931,2.0529,1.3257,1.0756,1.3281,2.1787,0.9053,0.834,2.0624,0.7252,2.1786,2.0644,1.1812,2.0546,2.0514,1.8562,2.0536,1.1794,2.1786,2.1787,2.1786,2.1786,2.0435,2.0435,0.6809,2.0585,2.0555,1.0756,0.7484,2.049,2.0511,2.0579,2.0509,2.0549,2.0657,0.552,1.0803,2.1358,2.0657,2.0673,3.5166,2.0517,2.0555,2.1358,2.1358,2.1359,3.2802,2.0594,2.0638,2.1358,2.1358,0.5477,0.8947,0.5477,0.7127,1.6566,2.077,0.5477,1.0759,1.0624,2.155,2.0889,0.6163,2.5,1.2453,0.4424,0.4641,1.0845,2.0743,1.7428,2.0633,1.5465,0.3523,2.6936,2.0725,7.9507,2.1551,2.0446,2.0446,2.1551,0.4015,2.0475,2.155,0.4016,0.3904,2.155,2.1551,2.1551,2.1551,0.4013,1.097,2.5,2.2014,2.0327,0.5211,0.6625,2.2015,2.2016,2.0388,0.3843,0.3735,2.5,2.2015,0.5731,9.9811,3.2368,0.3854,2.5001,2.5,2.0495,0.6121,0.5764,6.1429,2.0535,2.0,2.7518,9.9811,0.7223,2.0634,0.5943,0.5386,2.0,9.9819,1.0515,1.0515,2.0,2.092,2.5,8.0095,3.4185,0.6404,2.1888,9.9819,0.5465,0.5392,0.5429,0.4019,2.0,0.5084,0.6404,0.5872,1.4187,0.4257,0.4868,2.0586,0.5387,0.4652,0.3769,0.3796,9.082,0.6404,0.6404,0.6404,0.6404,0.6404
118,0.6108,0.7143,2.5,2.2311,2.0,2.0753,2.231,4.2865,9.3895,2.231,7.0924,2.5,2.231,6.923,2.0682,4.276,4.2737,1.0792,2.0,1.0734,0.6291,1.6991,0.6438,0.6107,0.7143,0.604,2.231,2.0535,8.0165,2.0675,2.3294,1.0559,2.5,9.9823,2.3295,2.3543,2.3295,2.5,0.784,2.0596,2.5,2.0506,7.1623,2.0,2.0438,2.0426,2.0625,2.3294,4.2769,7.0842,5.1789,1.0714,2.3298,2.3298,2.0367,2.2556,11.2781,11.3259,2.0415,2.0536,2.0453,2.2556,2.2557,2.0,2.0531,12.9808,2.0458,2.3,2.042,2.0339,5.8534,8.015,2.032,2.037,2.0453,2.0423,2.3,18.0986,14.6404,10.0106,0.8587,1.2111,8.9059,2.8469,2.0412,2.5001,5.3713,2.2971,2.297,1.0846,11.6139,9.9829,2.2971,2.0,2.1217,3.5394,1.8444,2.297,5.3713,2.0311,8.1471,2.8713,2.297,8.015,2.0454,2.0001,0.7107,10.4484,2.297,2.0538,5.3713,2.4023,2.297,2.0362,2.0301,2.5,2.3227,2.043,2.3166,2.0434,2.8166,13.3003,4.3739,2.051,2.0609,1.0528,2.0532,2.0532,2.0612,2.0438,2.0506,2.0,2.0695,2.0437,2.3223,2.057,2.3166,1.9935,5.5615,1.9936,2.3166,2.3166,0.7152,2.0529,2.0593,2.0543,0.9832,2.039,2.3005,2.0384,0.6818,0.6392,7.2627,2.2424,2.05,2.0493,2.0513,0.7342,2.0622,2.2424,2.2424,2.2425,2.2424,2.8028,5.0574,2.0516,2.0513,2.2424,2.0582,2.803,1.0531,2.0665,2.059,2.2424,2.0699,5.0,2.0597,4.2885,2.0552,2.0506,2.2404,1.0775,2.0455,1.0528,0.9521,0.5718,0.6891,1.0528,2.057,2.2405,3.2236,3.9207,1.0775,1.0528,0.7307,0.7307,0.7307,0.6628,1.0525,0.6893,0.6889,1.0526,2.0646,2.2404,2.2404,2.048,2.0609,2.0494,1.2894,2.0647,2.0535,2.0529,1.4123,1.0756,2.0532,2.1902,1.0799,1.0756,2.1903,1.0756,2.1902,2.0645,2.052,2.0546,1.9596,2.0622,2.0623,1.6835,2.1902,2.1902,2.1902,2.1902,2.0487,2.0435,1.0799,2.0584,2.1903,0.92,1.0799,2.0506,2.0511,2.0506,2.0493,2.0552,2.0658,0.805,2.0573,2.1978,2.0657,2.0672,2.1979,2.0517,2.0555,2.1978,2.1978,2.1978,2.1979,2.0594,2.1978,2.1978,2.1978,0.7916,1.0759,0.6562,1.0759,0.8943,2.077,0.6562,2.0548,1.8792,2.166,2.089,0.7424,2.0792,1.078,0.6005,1.1071,1.3786,2.0747,2.0654,2.0633,1.7992,0.3774,2.1661,2.0726,8.0603,2.1661,2.0448,2.0505,2.1661,0.4305,2.0475,2.1661,0.9719,0.4183,2.166,2.166,2.6733,2.1661,0.474,1.2199,2.5,2.1908,2.0389,0.6439,1.0773,2.1909,2.191,2.0388,1.1755,0.5433,2.5,2.1908,1.0773,8.7401,4.1114,0.3743,5.5097,2.3759,2.0693,1.0773,2.0,7.0763,2.1967,2.0,2.5001,8.5018,1.0773,2.1908,0.8051,0.6795,1.0517,8.1322,2.0001,2.0,2.0,2.5,4.3783,8.0084,2.0,0.401,2.1686,7.9544,1.0784,1.038,2.0001,0.4285,2.0792,0.6051,1.8155,2.0,1.2467,0.4811,0.5358,2.0523,2.0001,0.4815,0.4805,0.3837,7.0674,2.0002,2.0002,2.0002,2.0002,2.0002
119,1.3013,2.0001,2.6465,2.459,2.0769,2.459,2.459,2.459,9.2213,2.4591,7.1836,8.0002,2.5,7.1836,2.0988,4.5485,4.5439,2.0771,2.0531,1.3212,1.3171,2.0833,1.2805,1.2802,2.0746,1.278,4.7926,2.4946,9.9811,2.4947,2.4946,2.0418,3.131,9.9865,2.0532,2.5001,2.4947,2.4947,1.1818,2.0597,2.5,2.0509,7.4593,2.0,2.0535,2.0428,2.4946,2.4947,2.5452,2.0965,2.5,1.3251,2.4946,2.5,2.0372,2.3001,9.981,8.625,2.0417,2.0538,2.0453,2.3,9.981,2.0,2.196,14.026,2.0458,2.3628,2.5,2.0332,2.5591,5.7865,2.032,1.3576,2.0551,2.0423,2.3628,19.7111,13.985,10.0127,1.051,0.7614,8.8605,4.623,2.3628,2.5001,7.6656,2.385,2.3645,1.2768,13.5544,9.9855,2.3804,2.0,2.3804,3.849,0.9592,2.3805,7.1214,2.0384,8.0194,7.4989,2.0403,8.0191,2.0456,2.0427,1.0129,10.9655,2.3804,2.0538,4.4273,4.9383,2.3805,2.0364,2.0067,5.0001,2.3107,2.0357,2.3106,2.0434,2.8106,8.8506,3.0044,2.0495,2.3106,2.0419,2.0525,2.0611,2.0506,2.0438,2.06,2.0,2.0694,2.0571,2.3161,4.0436,2.3106,2.0621,4.0961,2.0432,2.3106,2.0526,5.5544,2.0479,2.3107,2.0543,2.0355,2.0388,2.2266,2.0382,1.0779,0.5422,8.2088,2.1891,2.0587,2.0493,2.0516,1.0531,2.1891,2.189,2.189,2.1891,2.1892,4.2249,4.8791,2.0513,2.0621,2.189,2.0582,2.3334,11.241,2.0683,2.0709,2.189,2.0591,2.0607,2.0616,2.2019,2.0552,2.0506,2.1968,2.0371,1.2129,1.0775,1.0775,0.564,2.0647,2.0585,2.0665,2.1969,2.0632,3.3243,1.0775,0.9285,1.0525,1.0525,0.9027,0.5637,1.0525,0.5977,0.5911,1.1665,2.1968,2.1968,2.1968,2.048,2.1968,2.0606,1.3988,1.3663,2.0535,2.0546,1.933,1.0799,2.0546,2.181,1.0799,1.0799,2.181,2.0523,2.181,2.0644,1.1975,2.0546,2.0528,2.1423,2.181,2.064,2.181,2.181,2.181,2.181,2.0487,2.1812,1.0799,2.0585,2.181,0.8751,0.6267,2.0579,2.058,2.058,2.0493,2.0552,2.1991,2.0564,2.0575,2.199,2.066,2.199,2.199,2.0533,2.0558,2.199,2.199,2.199,2.1991,2.0594,2.199,2.199,2.199,1.2082,2.0653,1.0759,3.0428,1.2121,2.077,2.0652,2.0665,2.0726,2.2062,2.2063,2.0758,2.5,2.0723,2.0701,2.0738,2.2062,2.2062,2.0745,2.0754,2.0355,0.5811,2.2063,2.5868,9.9808,2.2062,2.0451,2.2062,2.2063,1.5848,2.2062,2.5,2.0594,2.0645,2.2062,2.2062,4.2475,2.2063,2.0562,2.726,5.6477,2.2122,2.2122,2.0348,2.0425,2.2123,2.5,2.0389,0.3933,2.0307,5.2653,2.2122,2.2122,9.9828,3.7954,1.0351,7.0849,2.5001,2.5,2.0,2.2122,9.9828,5.1208,2.0731,2.7653,7.7014,2.0001,2.2123,1.0515,2.0,2.0,16.9314,2.099,2.0,2.5,9.9812,7.071,10.0089,2.0001,1.0784,2.1833,7.6205,2.0,2.095,2.0001,1.2349,2.0799,2.0,2.1605,5.0,2.0561,2.0,2.0,1.3698,2.0784,0.9436,2.0001,1.0784,9.0078,2.0002,2.0002,2.0002,2.0002,2.0002
120,1.0812,2.0,3.003,2.4025,2.0775,2.4024,2.5,2.4025,2.5,2.5,8.0202,11.5131,2.5,11.3376,2.0792,4.4809,4.4769,1.1582,2.0531,2.0625,2.0513,2.4024,2.0648,2.0643,2.0748,2.0765,9.9833,2.3596,9.9807,2.3597,2.3596,2.0503,7.1438,9.9808,2.062,2.3597,2.3597,2.3596,0.9636,2.3597,2.5,2.3597,6.329,2.0001,2.5001,2.0438,2.3657,2.9493,3.601,2.0522,2.5,2.0365,2.3646,2.5,8.015,2.4346,9.9825,10.7763,2.0427,4.592,2.0539,2.3628,9.9822,2.0423,2.5001,13.0754,2.055,2.3018,2.5952,2.0333,8.5544,2.0393,2.0376,2.3792,2.3018,2.3018,2.3019,11.5091,15.778,11.3848,2.0,1.051,9.9818,8.0004,2.3018,4.1064,5.4426,2.3541,2.0424,2.0433,11.4514,9.987,2.354,2.0464,2.354,3.721,2.0501,2.3541,8.0178,2.0458,8.524,8.0179,2.3541,7.9242,2.0473,2.0429,1.8886,9.2999,2.354,2.354,7.1416,7.7568,2.5,2.037,2.0301,5.0,2.3147,2.0526,2.2202,2.0449,2.8146,2.5001,2.3147,2.05,2.3146,2.0501,2.0611,2.0612,2.0614,2.0618,2.06,2.0438,2.3146,2.3146,2.5,2.3146,2.3146,2.0622,2.5,2.0591,2.3146,2.3146,2.0467,2.0528,2.5,2.0544,2.0426,2.0388,2.2188,2.033,2.0444,2.0464,1.4254,2.1834,2.0587,2.0506,2.0518,2.0561,2.1834,2.1834,2.1834,2.1835,2.5,4.2183,4.8532,2.05,2.0589,2.1835,2.06,2.0497,7.3872,2.0798,2.0713,2.1845,2.0597,2.061,2.0703,2.193,2.0564,2.0493,2.1896,2.0371,2.0545,1.1692,1.0775,1.0775,2.0576,2.0597,2.1896,8.0095,2.1896,2.1898,2.0538,1.0775,1.0718,2.0521,1.0525,0.7439,1.0775,1.0718,1.2026,2.0561,2.1896,2.1896,2.1896,2.048,2.1896,2.0607,1.0756,2.0582,2.0552,2.0642,2.0659,2.0512,2.0642,2.13,1.0756,2.0531,2.13,2.0622,2.13,2.0645,2.0537,2.0631,2.0621,2.13,2.13,2.13,2.1301,2.13,2.13,2.13,2.13,2.0437,2.0514,2.13,2.0556,1.0799,0.8693,2.0493,2.058,2.1596,2.0598,2.0552,2.1596,2.1596,2.1597,2.5,3.8086,2.1597,2.5,2.0624,2.0661,2.1597,2.1597,2.1597,2.1597,2.0705,2.1597,2.1596,2.1597,2.0556,2.066,2.0672,2.1596,2.081,2.0771,2.0769,2.0791,2.0711,2.5,2.1896,2.0825,2.5,2.0797,2.1897,2.1896,2.5,2.5,2.1896,2.1896,2.0759,2.0669,2.1896,8.3159,9.9808,2.1897,2.1896,4.2228,2.1896,1.4417,2.5,4.1889,2.0622,2.1896,9.5165,2.1897,8.0096,2.1936,2.0617,6.8229,8.0138,2.5,2.1809,2.1808,2.1808,2.5,2.1846,2.1808,0.4679,2.1809,8.0091,2.1808,5.226,9.9839,3.4808,2.0488,9.9457,8.009,9.1981,2.07,2.5,9.9839,4.2587,2.0727,5.725,9.9826,2.1807,7.0723,2.0001,2.0,2.0,23.8601,2.2592,2.3467,2.8239,9.984,7.9995,10.013,2.0,2.5,2.5,9.9806,2.0795,2.268,2.0001,2.2593,2.2593,2.2589,2.2712,2.5,2.5,2.0,2.0831,2.0804,2.5,2.0,2.2434,2.2591,9.9839,9.9839,9.9839,9.9839,9.9839,9.9839
121,1.0812,2.0,2.5001,2.3266,2.3152,2.3152,2.3153,2.33,2.5,2.3403,7.9353,19.72,2.3374,9.9856,2.093,7.1261,4.3735,2.0771,2.0,2.0639,2.0687,2.3152,2.0001,2.0648,2.3153,2.0767,9.9858,2.5,9.9864,2.3253,2.3253,2.0503,7.1301,9.9846,2.5001,3.0353,2.3256,2.3252,1.0102,2.3316,7.9337,2.5001,7.1301,2.0432,7.1301,2.0441,4.0743,4.0522,2.5,2.0423,7.1301,2.039,10.5363,8.7195,8.7241,9.9818,11.3848,9.9818,2.3018,2.3018,2.3018,2.4632,9.9818,2.0432,9.9813,15.747,2.0553,5.919,8.4188,2.0335,2.0382,2.0494,11.6848,2.0555,2.245,2.245,2.4265,11.2251,13.7975,11.4045,2.0,2.0001,10.5208,8.0123,2.645,8.0123,9.5821,2.2426,2.0525,2.0635,10.7277,9.9854,2.2426,2.0571,2.2426,3.1792,2.0506,8.0005,8.0122,2.2427,9.9854,8.0122,5.0,5.3033,2.5,2.0429,2.0001,9.9854,2.2426,2.2426,9.9854,7.9383,2.5,2.0362,2.2426,3.1641,2.3323,2.0526,2.3322,2.0533,3.769,4.3455,2.3381,2.0596,2.3322,2.0504,2.2239,2.0613,2.3322,2.0645,2.0601,2.0438,2.3322,2.3322,2.3381,3.2322,2.3322,2.3322,4.7394,2.0592,2.3322,2.2737,4.0814,2.0529,5.6897,2.3324,2.0426,2.047,2.3127,2.0468,2.0531,2.0575,2.0507,2.2756,2.2756,2.0508,2.0524,2.0582,2.2757,2.2756,2.2757,2.2757,2.5,8.1735,6.2534,2.0516,2.0516,2.2757,2.0585,3.153,2.2756,2.2756,2.2756,2.2757,2.0701,2.1035,2.2756,2.3169,2.0564,2.0508,2.311,2.0371,2.3111,2.0453,1.0775,2.0594,2.0681,2.311,2.3111,2.311,2.311,2.311,2.0618,2.0567,2.0572,2.0604,1.2212,0.8919,1.2214,2.0554,2.0674,2.311,2.311,2.311,2.311,2.311,2.3111,2.311,2.0546,2.0648,2.0643,2.2524,2.2524,2.0592,2.2524,2.2524,2.0551,2.0547,2.2524,2.2524,2.2525,2.0666,2.054,2.2524,2.2524,2.2524,2.2524,2.2524,2.5,2.2525,2.2525,2.2525,2.2524,2.0526,2.1245,2.2583,2.0555,1.2203,1.6884,2.2492,2.2492,2.2534,2.5,2.0557,2.2492,2.2492,7.0997,9.9838,9.9838,4.2978,6.2718,4.4901,2.2493,2.2493,2.2492,4.3004,2.5,2.5,2.5,2.2492,2.2492,2.0562,2.065,2.0788,2.2492,2.2492,2.2492,2.2492,2.2492,2.8613,8.0144,9.9851,2.5,8.0144,2.2891,3.5574,7.9998,7.9998,9.9801,4.8505,2.289,2.289,2.289,2.5,9.9851,9.9851,2.289,2.5,9.9851,2.289,2.0447,2.5,9.9851,2.289,2.289,10.0145,4.092,9.9851,2.2957,2.289,8.0183,8.5046,2.5,2.2757,2.2756,2.2757,2.3271,2.2757,2.2756,1.2639,2.039,8.0138,2.2786,8.5335,11.0574,7.1102,2.0503,9.9868,7.3488,9.9868,2.07,2.5001,13.1299,8.5335,2.0731,4.7672,9.5535,2.2756,7.1102,2.0001,2.0,2.3669,17.7245,2.367,2.5,2.9586,9.9863,6.4551,11.1835,5.0,4.4753,2.5,9.9837,2.0811,2.3794,2.0001,2.3671,2.5,4.479,2.4382,2.5,2.3673,1.1631,2.367,2.2608,2.5,2.367,2.367,2.3671,9.9877,9.9877,9.9877,9.9877,9.9877,9.9877
122,1.0812,2.0,2.5,2.5001,2.2332,2.2333,2.2332,3.0965,2.9619,2.2333,7.0933,12.5618,2.2336,10.5684,2.0783,7.0933,4.2764,2.0676,1.0792,1.8391,1.1884,2.2332,2.0001,2.2333,2.2392,1.0792,9.982,2.5,9.9852,2.2373,2.2373,2.0597,8.0119,9.9846,8.0119,2.5001,2.2373,2.2372,2.0476,2.2418,5.1718,2.8372,7.5416,2.0438,9.9845,2.0535,3.4864,6.9751,2.2373,2.0423,9.3765,2.0393,11.4081,11.3024,7.0949,9.9813,11.3124,10.1549,2.2458,2.245,2.245,2.2451,9.9803,2.0432,9.9883,9.9826,2.2694,10.4846,9.9826,2.0341,2.0393,2.0393,8.6003,5.3368,2.2695,3.4561,8.0135,11.3473,11.3435,12.8036,2.0402,2.0405,9.9886,9.9826,8.0006,9.9826,11.3195,2.2541,2.0526,2.5001,11.3195,9.9848,2.2506,2.2507,2.2506,3.2179,2.0524,9.985,9.9841,8.0125,9.9848,8.0125,9.9841,6.9014,6.9463,1.5566,2.2506,9.9848,2.2506,3.5732,9.9848,9.9848,9.1441,2.0375,2.2507,2.5,3.0492,2.0539,2.2921,2.0456,7.1168,8.0146,2.5,2.292,2.292,2.0419,2.292,2.0614,2.0616,2.2924,2.0601,2.0609,2.5,2.5001,2.5,8.0146,2.8959,2.292,8.9847,2.292,2.5001,2.0528,2.292,2.292,6.4422,2.2921,2.0441,2.3266,2.5002,2.5,2.0531,8.0132,2.0502,2.2643,2.2642,2.2642,2.2642,3.3642,3.9895,2.2643,2.5,2.5,4.3144,8.0133,7.8228,2.059,2.059,2.2691,2.0729,2.2642,2.5001,2.2642,2.2642,2.5,2.2642,2.2642,2.2643,2.5,2.0564,2.0508,2.368,2.0371,2.368,2.0467,1.0718,2.0558,2.368,2.3681,2.5001,2.3746,2.5,2.3681,2.0647,2.057,2.368,2.368,1.4456,1.0552,1.688,2.0557,2.368,2.5,2.5001,2.5,2.96,2.5,2.9598,2.368,2.0641,2.0676,2.2677,2.3623,2.5942,2.3562,2.3562,2.3562,2.0646,2.3562,2.3562,2.3562,6.2526,2.3562,2.0629,2.3562,2.5,2.3634,2.3563,2.3962,7.142,2.3563,2.5,2.3563,2.3612,2.202,2.3562,2.5,2.3562,2.0464,2.0469,2.288,2.288,7.1152,4.287,2.288,2.3154,8.0989,7.1152,9.9866,9.9866,9.9866,7.7565,8.0144,2.5,5.7871,7.0967,8.3848,5.491,2.288,3.4585,2.2881,2.2881,2.064,2.0653,2.5,2.5,2.288,2.2879,2.288,2.5,2.2854,7.1142,8.0143,5.8446,9.9882,4.3525,7.3136,8.0143,4.9633,9.9885,3.733,2.5,2.2855,2.5,2.5382,9.9885,9.9882,2.2855,6.1228,7.1142,2.2855,2.0515,3.3083,7.5098,2.2854,2.2854,10.0143,5.3048,9.9872,2.8568,2.5,8.5815,9.984,2.5,2.3663,2.3663,2.3662,2.5,2.5,2.3662,2.0001,2.039,8.0183,2.3662,8.0183,12.7123,7.1465,2.0582,8.9303,8.0183,9.9829,2.07,2.5,15.8599,9.9829,2.0731,5.1221,9.3908,2.3662,7.1465,2.0001,2.0,2.0,11.592,2.3184,2.3185,2.5001,9.9861,7.1274,9.9861,8.694,4.4123,3.5155,8.694,2.3183,2.0952,2.0,2.3185,4.4092,2.3322,2.3187,2.5,2.3184,1.0086,2.102,1.8113,2.3182,2.3184,2.3184,2.8982,9.9888,9.9888,9.9888,9.9888,9.9888,9.9888
123,2.0,2.2941,2.5,2.5001,2.2942,2.2942,2.5,4.3649,5.5252,2.3176,2.8676,11.3751,2.3146,8.9745,2.0868,7.1177,4.3486,2.0771,1.0792,1.0792,2.0,2.2942,2.0001,2.2943,2.2943,1.6952,8.6032,2.5,9.9816,2.2314,2.2314,2.2315,9.986,9.986,11.295,2.4499,2.2315,2.2314,2.0,2.5,7.6954,2.5001,8.1585,2.9288,9.9868,2.0537,3.014,5.2467,2.5,2.0417,9.986,2.2315,9.986,10.2818,12.3275,9.9826,11.3435,10.2445,2.5001,2.2694,2.2695,2.2695,9.9826,2.0428,11.2983,14.0154,2.234,11.2983,9.9878,2.0341,2.0394,2.2096,25.7824,4.9498,2.5,5.0728,8.103,17.2361,19.7091,17.1626,2.0402,2.0405,9.9878,11.8011,8.0117,9.9878,8.0127,2.2582,2.0527,5.2209,12.1766,9.9888,2.2547,2.2547,2.2546,9.4831,2.0557,10.0128,9.9888,9.9889,9.9897,8.0128,9.9888,8.0128,8.0127,2.0429,2.5,9.9888,2.2547,8.0128,9.9897,9.9869,9.313,2.0379,7.0653,3.2173,7.4459,2.3398,2.6729,2.0458,9.1509,10.3922,6.7965,2.3398,2.3398,2.0519,2.3455,2.0616,2.0617,2.5,2.1316,2.3398,8.0171,2.5001,3.115,8.0171,2.5,2.5,9.9826,2.3398,2.5001,2.915,2.3398,2.3398,8.017,2.3399,2.0441,2.3136,3.4539,3.4793,2.0534,11.2077,2.0568,2.2823,2.277,2.277,2.5,2.277,2.5,2.2779,2.5,5.5085,2.5,9.9831,2.9142,2.277,2.277,3.1071,2.277,2.2771,2.5001,2.277,2.277,2.5,2.2847,2.277,5.7681,2.5,2.0564,2.2322,2.2322,2.0371,2.2322,2.0467,1.0775,2.0558,2.2322,2.2323,2.5,2.2323,2.237,2.2323,2.1184,2.2322,2.2322,2.2322,1.4207,1.0525,1.4317,2.2322,2.2323,4.2384,3.5972,7.0929,4.2752,2.7901,3.1351,2.2323,2.2578,2.193,2.2578,2.5,6.0987,2.2578,2.2579,2.2579,2.0646,2.2578,2.2578,2.2578,7.3339,2.2578,2.0629,2.2578,2.2578,2.2579,2.2578,2.7916,7.5666,2.2579,3.7856,5.3223,2.2579,2.2578,2.2579,4.6334,2.2578,2.045,2.0469,2.5,2.2123,4.0473,3.6964,2.2085,2.2084,2.6182,9.9819,9.9813,9.9819,11.2657,9.9819,9.9813,2.5,8.7532,8.0104,9.9813,7.0834,2.2119,6.7511,2.2085,2.2084,2.0641,2.0746,2.5,2.5,2.2084,2.0573,2.2084,2.2084,2.2196,2.5,8.011,10.6306,9.981,2.2196,2.8628,8.3235,7.0878,9.9815,7.2834,2.2196,2.2197,3.3793,3.4133,9.9815,9.981,7.2461,8.3663,3.9091,4.2423,2.0515,7.0878,9.5048,2.2196,2.2197,9.9837,8.9981,9.981,2.7745,2.5,7.0904,9.9876,2.8474,2.2885,2.2884,2.2884,2.5,2.5,2.2884,2.0,2.2884,8.0145,2.2918,8.0144,13.7698,3.0218,2.2884,9.984,8.1041,9.445,2.0703,2.2886,17.1788,9.984,2.0731,6.487,9.984,2.2885,4.3845,2.0,2.0,2.0,10.0106,2.2102,2.2102,2.7626,9.9816,7.0841,11.1051,8.0105,6.4879,2.2102,8.1483,2.041,2.2103,2.0803,2.5001,4.2702,2.2102,2.5,2.5,2.2104,0.6661,2.0674,0.5996,2.0001,2.063,2.2191,2.5001,9.9876,9.9876,9.9876,9.9876,9.9876,9.9876
124,1.6159,2.3136,2.892,8.0157,2.3246,2.3136,8.0158,2.5522,2.5,2.3142,7.1254,11.3168,2.3137,8.2228,2.0792,7.1254,4.3716,1.6157,1.4903,1.0792,2.0,2.3136,2.0,2.3136,2.5,2.077,7.5793,2.5,9.9843,2.3038,2.3038,2.3093,9.9888,9.9888,10.9988,2.3039,2.3039,2.3038,2.0476,2.5001,9.2844,2.8798,8.0152,9.989,9.9888,2.3039,7.0885,4.8754,3.7628,2.0423,9.9846,2.5,9.9888,9.9888,11.3873,9.9826,9.9878,9.9878,2.5001,2.234,2.5,2.2341,9.9846,2.0432,9.9889,9.9889,2.5,19.7245,14.5836,2.0341,2.351,2.351,25.7824,4.0686,2.351,3.5106,8.0176,10.0177,10.0176,15.0589,2.0402,2.351,12.7662,9.9817,9.9817,9.9877,22.8268,2.326,2.3261,9.9131,18.1958,10.4021,6.4658,2.3308,2.326,9.9894,2.326,11.1272,9.9894,10.0164,9.9894,9.9846,10.0163,9.9846,8.0163,2.0492,8.6246,11.0633,2.3261,9.9873,11.9289,9.9894,10.0165,2.0422,9.9846,7.1304,9.9836,2.3896,7.1558,2.0549,9.9836,12.668,6.9735,2.3896,2.3896,2.0624,2.5,2.3896,2.1144,2.5,2.3896,2.3896,9.8114,7.1558,6.452,9.9836,2.5,7.4662,10.0562,2.3896,5.4871,3.3448,2.3896,2.3896,11.4967,2.3896,2.0441,2.5,3.9689,9.9843,2.0639,10.0141,2.0569,8.0141,2.2822,2.2822,6.6683,2.2822,5.7838,2.2876,5.2737,8.8381,8.0141,9.9893,6.277,2.2822,2.2822,3.3093,2.2822,2.5,5.4605,2.2822,2.2822,2.5,2.2822,2.2822,9.9978,3.9172,2.0567,2.3056,2.3056,2.0448,2.3056,2.0467,2.0453,2.057,2.3056,2.3116,2.3057,2.5,2.5,2.3057,2.3056,2.3056,2.3056,2.3056,2.0526,2.0529,2.5955,2.3056,2.3056,4.3637,2.5001,7.1222,3.5059,4.089,5.3821,2.3057,2.2993,2.2992,2.2993,2.5,3.1974,2.2992,2.2993,2.2993,2.2992,2.2992,2.2992,2.2992,7.1197,2.2992,2.063,2.2992,2.2993,2.2993,2.2992,7.1197,9.9835,2.2993,4.4919,7.1197,2.2993,2.2992,2.2992,5.4502,2.2992,2.0538,2.0469,2.5,2.5,3.7399,5.5773,2.2939,2.3044,6.9755,9.9838,9.9838,9.9838,10.0147,9.9838,9.9838,6.2827,9.9838,10.662,10.0147,9.9809,2.2938,3.209,2.2939,2.2939,2.0641,2.2938,2.383,2.2938,2.2938,2.2938,2.2938,2.5,2.5,9.9834,7.0854,9.9836,9.9868,2.3464,4.8717,9.9836,9.9834,9.9836,9.4248,2.5,2.5,5.8272,2.5,9.9852,9.9868,9.9852,9.9852,9.9834,3.9263,4.2508,2.5,4.6712,2.2134,2.5,9.9868,5.6959,9.9834,2.2135,4.358,4.5674,9.9849,3.1497,2.5001,2.226,2.226,2.5,2.5,2.226,2.0,2.5,9.9806,2.492,8.0002,16.3112,9.9806,2.2261,9.9899,9.9876,9.9858,2.0,2.226,16.7184,10.4442,2.0731,8.3475,9.9806,2.226,4.6532,2.0,2.249,2.0,11.13,2.5,2.5502,7.0996,9.9801,3.6886,11.1245,9.9831,4.3225,2.2491,8.3629,2.5,2.7236,2.0,4.6782,7.0996,2.2491,2.5,2.5,2.2491,0.7766,2.0797,1.4157,2.0001,2.0747,2.5001,5.3109,9.9853,9.9853,9.9853,9.9853,9.9853,9.9853
125,2.0,2.3162,7.8792,9.9845,2.5,2.5503,9.9845,2.5,5.5645,2.3163,7.1265,16.6257,2.5,8.4195,2.0933,5.9671,4.3747,2.0771,1.5031,1.822,2.0805,2.3243,2.0001,2.5,2.5,2.1397,9.9858,2.5021,11.8447,2.3192,2.3192,2.3193,13.6732,9.9849,17.3383,2.899,2.3192,2.3193,2.3192,4.34,9.9836,2.5001,8.8794,11.407,9.9836,2.5,8.697,9.9836,9.5443,2.0423,9.9829,5.9404,9.9836,9.9836,9.9836,9.9817,9.9877,11.755,2.5001,2.3511,2.5322,4.8284,9.9817,2.351,20.9994,9.9806,2.6762,18.8967,9.9888,2.0341,2.5,2.0387,15.3199,6.5547,2.847,2.3066,2.3066,9.9819,14.4546,10.3124,2.0402,2.3066,9.9888,10.0154,9.9806,11.3889,9.981,8.0153,2.0422,9.981,14.2196,10.4017,6.554,7.897,2.305,10.0153,2.305,10.0153,9.982,9.9879,12.3843,4.3359,9.9879,7.122,4.0288,2.0494,9.981,9.982,2.3051,10.4362,9.982,9.982,9.981,2.0383,9.981,7.1373,9.9861,2.3432,9.9828,2.055,9.9875,15.0445,18.565,5.3758,4.7419,2.0529,4.3672,2.3432,2.0616,5.1031,2.3432,2.3432,9.9875,9.9861,9.7997,9.9861,10.771,9.9861,11.1867,2.3432,9.9828,2.3491,2.3432,2.3432,12.8593,2.3432,2.0439,9.982,4.7342,12.1195,2.2408,17.8516,2.2409,7.4763,2.2409,2.0592,2.5,2.5,7.0963,2.2409,2.6476,9.9836,9.9836,9.9836,3.8579,2.3097,2.2408,7.0963,2.2408,10.3942,7.0963,2.2408,2.2408,9.9818,2.2408,2.2408,9.1692,2.6062,2.3218,2.3218,2.3218,2.045,2.3219,2.0462,1.2028,2.6801,2.3218,3.2328,2.5,2.887,5.5723,2.5,2.0646,2.3219,2.3218,2.3273,2.0513,1.9701,2.0524,2.3218,4.8779,7.5629,6.6268,3.5856,3.5863,2.5,2.5001,3.8665,2.0641,2.2094,2.2094,3.5793,2.5001,2.2094,2.5,2.2094,2.2094,2.2094,2.2094,2.2094,7.0838,2.2095,2.2094,2.2094,2.5,2.2097,2.9138,9.9829,9.9829,2.5001,9.9829,3.8143,2.2094,2.2094,2.2095,2.2142,2.2094,2.0462,2.0469,2.5,2.1795,9.9803,2.5,2.1794,2.1794,9.988,10.8473,9.988,9.988,9.988,9.988,9.9813,8.009,9.985,9.9803,9.988,9.9803,2.1794,8.009,2.1794,2.1794,2.1794,2.1794,2.5,2.5,2.1793,2.1794,5.1573,2.1461,2.5001,9.9826,9.9803,10.0073,9.9866,2.146,3.7131,9.9803,6.3328,9.9866,9.9803,2.5,2.1461,5.5549,9.5354,9.9826,9.9866,8.5038,11.6196,9.9866,9.5305,3.4255,2.146,9.9803,2.146,2.5,9.9866,9.9803,9.9803,2.146,9.9829,6.5042,9.9873,2.5,2.7738,2.2653,2.2652,2.5,3.9194,2.2653,1.9526,5.1318,9.9849,2.5808,8.0005,19.6755,9.9826,2.5,9.9849,14.2158,9.9849,2.0,2.2652,14.243,21.4648,2.0731,8.4945,9.9826,2.2652,2.2653,2.2652,2.3434,2.0,10.0172,7.1374,2.9291,2.9662,9.9812,6.6909,9.9812,9.983,7.1374,2.3435,9.9812,3.6571,2.5,2.0,8.7805,9.9812,2.5,2.5,2.7586,3.9229,2.0,2.1099,1.5489,2.3434,2.1031,2.3437,5.9168,10.4525,10.4525,10.4525,10.4525,10.4525,10.4525
126,2.304,2.304,5.3238,9.982,2.5,2.3041,9.9863,5.3604,2.3286,2.3756,5.38,23.7516,4.4074,9.9863,2.0897,4.3602,4.532,0.919,1.4646,1.0882,0.9882,2.304,2.0,2.304,5.1444,2.304,9.9836,6.8518,12.0043,2.3312,2.0681,2.3312,9.9855,9.9855,9.9838,2.3313,2.3316,2.0483,2.3315,2.5,9.9838,2.3313,7.2755,8.0166,9.9853,2.3312,2.6329,9.9818,9.9818,2.0526,6.6713,9.9853,9.9918,9.9838,15.6969,9.9806,9.9824,10.6956,2.3067,2.3066,2.3117,5.3307,8.6498,2.3066,23.2527,9.9818,5.9275,12.5556,9.988,2.0337,2.5,2.0387,20.4867,2.9852,2.5,2.2836,2.331,9.988,9.988,10.7988,2.0402,2.9206,9.9894,18.2464,9.9818,11.4381,9.9818,9.9836,2.0422,11.4381,17.1697,11.1658,5.5313,7.2293,2.3436,10.0172,2.3436,10.0172,9.9849,10.3125,12.0128,6.1591,9.9855,7.9902,2.5,2.0494,9.9849,17.7434,2.3437,14.6267,9.9849,9.9849,9.9849,2.0385,9.9849,7.127,12.294,2.3175,8.53,2.0551,9.9838,13.2595,20.1883,2.5,8.016,2.0529,5.7772,2.3174,2.0618,7.5892,2.0606,2.3174,9.9838,9.9803,7.8607,9.9803,6.3768,9.9803,9.9803,3.7418,9.9803,2.081,2.3174,2.3174,9.988,2.0778,2.0439,9.985,8.0177,14.6068,2.5,9.9876,2.3088,6.7321,2.3086,2.0756,3.6515,3.4045,9.9873,2.3086,3.7802,9.9893,9.9876,11.3935,3.9739,2.2487,2.3086,5.7943,2.3086,13.1854,8.8442,2.3086,2.3086,9.9876,2.3087,2.3086,11.358,8.3458,2.3422,2.3422,2.3422,2.0462,2.3422,2.0464,1.0528,2.2006,2.3422,2.5,6.6052,2.3423,11.3671,2.3422,2.0646,2.0642,2.3423,2.3422,2.0513,1.3443,2.0508,2.3422,4.0186,7.1369,2.5001,5.0569,2.9403,2.3479,2.5001,2.8328,2.0798,2.2662,2.2662,9.5281,2.2663,2.2662,2.5,2.2662,2.2662,2.2662,2.2662,2.2662,7.9278,2.2663,2.2662,2.2662,2.2663,2.2662,2.5,9.9834,9.8978,3.2759,11.2612,6.3823,2.2662,2.2662,2.2662,2.5,2.2662,2.0462,2.046,2.5,3.2837,8.3977,2.1973,2.1972,2.1972,9.9872,9.9898,9.9872,9.9872,9.9898,9.9898,9.9827,7.1466,9.9872,9.9802,9.9898,9.9827,2.1972,8.9061,2.1972,2.1972,2.0565,2.1972,2.5,2.1972,2.1971,2.0542,7.8307,2.2074,4.7066,9.9859,9.9832,11.4776,9.9859,2.2074,4.2853,9.9859,7.738,9.9859,9.9859,2.6349,2.2074,6.8259,4.857,11.5826,9.9859,8.3638,12.1927,9.9859,9.4741,2.2075,2.2074,9.9859,2.2074,2.5,9.9859,9.9832,7.083,4.7387,9.9815,5.4319,9.6315,2.8498,7.3693,2.0404,2.3068,7.121,9.9829,2.3025,1.428,9.9829,9.9873,2.3097,8.0151,19.3808,14.11,2.6676,9.9829,17.9623,9.9829,2.0,8.0008,12.8673,20.8896,2.0731,2.878,2.6887,2.0001,7.121,2.0,2.5,2.0,26.8401,2.5001,7.1262,9.9839,9.9838,2.3815,9.9832,9.987,7.1262,2.3156,10.1071,2.5,2.5,2.0,9.9832,11.1578,3.053,2.3162,2.5001,2.316,0.9918,1.3684,0.8626,1.0784,0.6925,2.3286,8.0158,16.3335,16.3335,16.3335,16.3335,16.3335,16.3335
127,2.3552,2.3552,2.5,9.9814,2.5,2.3553,4.92,4.8809,2.3553,2.5708,3.1926,5.7665,2.6808,9.9814,2.098,2.372,2.5,1.0734,1.1043,2.0,1.0191,2.5,2.0,2.0923,2.3553,2.077,9.98,3.7003,31.3068,2.3198,2.3198,2.3198,9.9887,9.9887,9.9845,2.3199,2.3199,2.3203,2.5001,2.3199,9.9845,2.3199,2.5,4.42,9.9847,2.3199,4.5405,9.9847,9.7179,2.0526,4.7059,9.9887,9.9847,9.9847,16.3569,9.9815,9.988,9.988,2.331,2.331,2.331,2.5001,9.9818,2.3026,9.9828,9.9866,3.2353,15.2718,9.9866,2.0337,2.6819,2.0385,15.7546,2.3026,2.3026,2.0542,2.3026,9.9871,9.9866,6.1924,2.0402,2.3026,9.9871,15.7899,9.8232,11.3593,24.6007,9.9819,2.0422,10.6667,15.268,11.4,2.2819,8.0142,2.5,9.9883,2.2818,9.9885,9.9865,9.9885,11.0586,10.3729,9.9883,5.577,2.5,2.0495,9.9865,9.9883,2.2819,16.3076,9.9819,9.9885,9.9819,2.0373,9.9819,5.4303,16.9325,2.3217,8.9482,2.0461,9.988,15.2355,9.6443,2.5,9.988,2.0514,4.3441,2.3216,2.0618,2.5001,2.0608,2.3216,22.7365,9.9823,8.431,9.988,9.7441,9.988,9.988,6.954,18.9132,2.0821,2.3216,2.3216,9.9894,2.0788,2.0439,10.0164,8.0165,12.8399,3.1052,16.4256,2.2926,9.9818,2.2872,2.0704,2.5,5.1667,9.9818,2.2873,3.9182,9.9892,9.9831,10.1403,4.2251,2.0775,2.2873,9.9818,2.2872,19.7714,14.7232,2.2872,2.2872,11.4493,2.5,2.2872,10.0167,7.133,2.3326,2.3326,2.3326,2.0464,2.9197,2.0464,0.9543,2.3326,2.3326,2.5504,6.1351,3.6941,9.9404,2.3326,2.0564,2.0643,2.3326,2.3326,1.3064,1.0525,2.0508,2.3326,4.1114,7.1331,3.4603,7.7417,4.3637,8.6192,5.4159,2.8508,2.2231,2.2806,2.2806,9.5458,2.2807,2.2806,2.5,2.2806,2.2806,2.2806,2.2806,2.2806,7.1122,2.2807,2.2806,2.2806,2.2806,2.5,2.2808,9.9896,9.1396,2.5001,10.5095,6.6576,2.2806,2.2806,2.2806,2.5,2.2806,2.0538,2.0462,3.8321,2.5,9.544,2.1892,2.1892,2.1892,9.9848,9.9893,9.9893,9.9893,9.9893,9.9893,9.9833,7.9514,9.9893,9.9833,9.9893,9.9833,2.1892,10.0096,2.1892,2.1892,2.0565,2.0663,2.5,2.1892,2.1892,2.052,9.9283,6.9763,6.0021,9.9878,8.0107,13.8215,9.9805,2.2136,4.7607,9.9805,6.8278,9.989,9.9805,7.3349,2.8327,6.0082,2.767,11.0887,11.4039,7.8962,17.0499,9.9874,8.5766,2.2136,2.2137,9.9805,2.2136,2.2139,9.9878,9.9805,2.3683,7.4483,9.9864,2.5001,9.9815,4.5531,6.3162,2.035,2.2835,2.5,9.9815,2.2835,0.8059,9.9815,9.9825,2.5,8.0002,17.9168,14.3459,7.4909,9.9815,17.9622,9.9815,2.0,4.751,13.0264,15.2856,2.0731,7.826,8.0002,2.0001,8.0002,1.0773,2.2578,2.0,13.9256,2.2578,6.6027,9.0095,9.9844,2.0786,9.9836,9.9844,2.2582,2.5,9.9844,3.7628,9.9836,1.2572,9.9836,9.988,2.7577,5.2393,2.7852,2.2578,1.3636,1.4392,1.315,0.97,0.5399,2.2581,9.9844,16.2282,16.2282,16.2282,16.2282,16.2282,16.2282
128,2.2728,2.2728,2.5,8.912,2.5,2.5,4.3368,4.6765,2.2729,2.5,5.6448,4.3658,2.3051,10.4641,2.0805,2.5,2.2728,0.7874,1.0792,1.4894,0.7874,2.5,2.0527,2.2097,2.9829,2.0,9.9822,2.5,11.435,2.2852,2.2852,2.2852,9.9848,9.9848,9.9818,2.4826,2.5001,2.5,2.2904,2.2905,9.9818,2.5,2.8046,5.546,9.9818,2.2852,3.0972,9.9848,9.4111,2.0527,2.5,9.9848,9.9848,9.9818,11.1412,9.9866,9.9866,9.9866,2.3026,2.0544,2.3026,7.6451,9.9866,2.3914,9.9814,9.9872,3.941,11.9023,9.9889,2.0337,5.8827,2.0387,17.2739,2.3915,2.3914,2.0438,2.3914,9.9889,15.0025,3.264,2.0402,2.3915,9.9889,9.9814,8.0197,11.4139,28.5988,9.9835,2.0424,12.2145,9.9884,11.8091,2.3246,9.604,2.33,9.9884,2.3246,9.9884,9.9835,12.269,9.9884,8.668,9.9875,3.2852,2.5,2.0494,9.9859,9.9884,2.5,14.9895,9.9835,9.9884,6.5628,2.0375,9.9859,3.0888,14.8682,2.3559,6.3811,2.0461,9.9817,13.2133,8.8369,2.3559,9.9806,2.0516,2.5,2.3558,2.0619,2.5,2.0609,2.3558,9.9853,9.9805,5.4449,9.9805,9.4608,9.9805,9.9805,4.6249,24.6317,2.0793,2.3558,2.0908,9.9817,2.0872,2.0426,9.9807,2.3267,8.0144,2.5,9.9855,2.069,9.9829,2.2874,2.0594,2.469,5.1429,9.9855,2.2874,3.6861,12.6201,9.9855,13.4909,2.8684,2.0776,2.2874,9.9829,2.2874,9.9821,22.3297,2.2874,2.2874,24.6406,6.6333,2.2874,11.073,7.2404,3.0752,2.2264,2.2264,2.0464,2.6905,2.0467,0.9117,2.1147,2.2264,2.5,8.2588,4.687,9.9825,3.6723,2.0567,2.0643,2.2264,2.2264,2.0513,0.8892,1.5346,2.2264,3.4275,7.7461,5.2568,7.0906,3.6149,9.1992,5.4608,2.5,2.0641,2.283,2.283,9.5816,2.283,2.283,2.5,2.283,2.056,2.283,2.283,2.2831,7.2815,2.283,2.283,2.283,2.283,2.5,2.2831,9.9706,9.0752,4.4729,10.0143,3.2464,2.283,2.0489,2.283,2.5,2.0557,2.0464,2.0462,3.9017,2.5,9.0963,2.184,2.184,2.184,9.9832,9.9844,9.9841,9.9841,9.9844,9.9841,9.9831,2.5059,9.9831,8.978,9.9831,9.9831,2.184,10.0093,4.2199,2.184,2.149,2.0663,2.5,2.184,2.184,2.0506,6.6706,7.0798,8.7912,9.9879,8.0101,10.5737,9.9824,2.1994,2.5,9.9824,4.9528,9.9838,7.0799,9.1874,3.0651,5.5915,1.5969,9.9879,9.9879,7.3184,14.5317,9.9879,9.9014,2.1994,2.1994,4.0575,2.1994,2.1995,9.9879,9.9838,2.1995,5.3439,9.981,2.2269,9.9864,6.6731,6.1684,2.035,2.1858,2.5,9.9864,2.1859,0.4806,9.9864,9.9864,2.1858,2.5001,21.6206,9.9054,9.9864,9.9864,12.2129,7.1557,2.0,4.1432,9.9864,19.1502,2.0731,7.0743,8.0003,1.0773,6.6416,0.9634,2.2354,2.0,11.7385,2.2356,6.275,8.3828,9.9837,2.0718,9.9837,9.9837,2.2354,2.7941,9.7136,2.5,9.9837,1.4224,10.0118,9.9861,2.2457,2.2355,3.2781,2.2354,1.7755,1.3453,1.0784,0.6721,0.4696,2.2357,9.9993,20.5096,20.5096,20.5096,20.5096,20.5096,20.5096
129,2.3459,2.3458,2.5,9.6064,3.8309,2.5,4.8043,4.8576,2.3459,2.4278,3.1081,23.3441,2.3459,10.1728,2.0792,2.5,2.3458,0.9175,1.0792,1.0792,0.9303,2.5,2.3458,2.3458,3.556,2.0,8.2928,2.5,14.1301,2.0596,2.0596,2.3536,9.9898,9.9898,9.9806,2.5,2.5001,2.3537,2.3537,2.5,7.4999,2.5702,4.2504,3.9239,9.9806,2.3536,2.3537,9.9898,9.1423,2.0423,2.3537,9.9898,9.9898,9.9806,14.4471,9.9872,9.9889,9.9872,2.3914,2.0543,2.3915,9.9814,9.9872,2.3534,9.9815,9.9861,2.6738,10.0177,9.9861,2.0337,3.5277,2.0,18.295,2.3534,2.3534,2.0432,2.3534,9.9861,15.3171,3.5993,2.0,2.3534,9.9861,8.0177,5.7327,10.0214,19.4667,9.0606,2.0424,11.5398,9.9855,11.2625,2.4234,8.1554,2.4234,10.0212,2.4234,9.9808,9.9808,11.3154,9.9855,13.6322,10.0213,2.4235,2.5,2.0494,9.9808,12.6414,2.4235,13.9747,9.9808,9.9855,7.1694,2.0375,9.9808,2.9476,6.6195,2.3582,4.4926,2.0447,9.9865,13.233,2.5,2.3583,8.0179,2.0516,2.5,2.3583,2.0619,2.5,2.0607,2.3582,9.9891,9.9849,2.5,9.9849,5.3037,9.9849,9.9849,2.3582,16.5019,2.0531,2.0914,2.0914,9.9849,2.0546,2.0426,9.9841,2.3126,5.3578,2.5,12.0743,2.0677,9.9819,2.2818,2.0593,2.5,2.5341,9.9865,2.2818,2.5,11.7062,9.9819,12.9316,2.2879,2.0526,2.2818,9.9819,2.2819,9.9819,20.033,2.2818,2.2818,11.1761,5.6384,2.2818,11.1612,7.1161,2.357,2.2902,2.2902,2.0464,3.5401,2.046,1.0528,2.0573,2.2902,2.5,10.2978,2.2902,7.9961,2.0654,2.057,2.0643,2.2902,2.0639,1.1148,0.8179,1.0904,2.2902,2.2903,2.416,2.5686,7.1161,2.2903,5.3628,5.6059,2.273,2.0554,2.2678,2.2678,7.8616,2.2678,2.2678,2.2679,2.2678,2.0557,2.2678,2.2678,2.2678,6.6883,2.2678,2.2678,2.2678,2.2679,2.2679,2.2678,8.1039,7.8014,2.5,9.983,2.5,2.2678,2.0489,2.2678,2.5,2.0487,2.0464,2.0462,5.1598,2.2171,6.9691,2.05,2.217,2.217,9.9825,9.9834,9.9833,10.0109,9.9834,9.9825,8.2759,2.5,7.7991,8.0109,9.9825,8.9779,2.217,10.0059,2.217,2.217,2.0565,2.217,2.2625,2.0629,2.217,2.0597,6.1425,8.0126,8.4158,9.9838,2.5354,10.3595,6.9444,2.25,2.25,8.4375,5.1893,9.9838,2.8122,9.9825,2.25,2.294,2.064,9.9838,10.3808,7.2368,10.2664,9.9838,8.1202,2.2501,2.25,2.5,2.25,2.25,9.9838,9.9825,2.2501,2.2501,9.9801,2.2791,9.981,2.5,2.5001,2.0404,2.2266,2.8681,9.981,2.2266,0.6452,9.981,9.981,2.0545,2.7831,20.9579,4.6803,9.981,9.9818,12.7447,7.0906,2.0,2.5475,11.133,16.3515,2.0731,2.2267,4.7097,2.0001,4.4897,1.0297,2.6726,2.0,19.8388,2.5001,5.7833,8.0126,7.2738,2.4791,9.9844,9.9844,2.2522,4.6253,6.5846,3.0908,10.1664,2.0,12.1827,9.9844,2.2523,2.2522,2.5001,2.0797,2.0795,1.4918,0.7193,0.7201,0.5029,6.0812,9.9898,20.2173,20.2173,20.2173,20.2173,20.2173,20.2173
130,2.3588,2.3588,2.5,8.0179,3.9267,2.5,9.9814,7.1435,2.3589,2.3589,3.1837,8.0179,2.3589,4.4216,2.0792,2.5,8.2067,1.0792,1.0734,1.0792,0.9664,2.3674,2.3588,2.3588,2.5,2.6954,2.827,2.5,11.6363,2.4034,2.2307,2.4034,11.796,10.4054,9.9809,2.5,4.4297,2.4034,2.4035,2.4035,2.5001,4.52,2.4214,2.5,6.8538,2.4034,2.3989,9.9839,2.5,2.0528,2.5,9.9816,9.9816,8.2319,11.4506,9.9815,9.9861,9.9861,2.3534,2.0441,2.3536,9.9815,9.9854,2.3814,19.6392,9.9803,2.5,6.3392,9.984,2.0337,2.5,2.0387,11.4863,2.0559,2.3814,2.0438,2.3814,9.984,11.4863,4.4407,2.0001,2.3814,9.984,5.8621,4.2406,2.5001,18.2829,8.0205,2.0424,9.192,9.99,10.6708,2.0492,7.1637,2.4092,9.9882,2.4092,9.9882,9.8826,9.9882,9.99,2.5,9.9882,2.0715,2.4093,2.0429,9.9862,9.9882,2.4092,13.3385,8.0205,15.4076,6.4789,2.0377,9.9862,2.4788,2.4787,2.0454,2.4788,2.0461,9.9817,8.024,2.4786,2.4786,2.5,2.0532,2.4883,2.4786,2.0617,2.4871,2.0607,2.0613,9.9817,6.5971,2.5,9.9817,2.5,7.1915,11.4012,2.4786,5.5983,2.0531,2.0531,2.0531,7.8519,2.0455,2.0355,9.9801,2.3282,2.2967,2.2966,9.9849,2.0712,9.9849,2.2966,2.0593,2.2967,2.2967,9.9849,2.2966,2.2967,9.9883,9.9851,11.3782,2.2966,2.051,2.0803,7.8531,2.2966,5.3469,16.8367,2.0802,2.2966,12.1836,4.5742,2.2966,10.018,2.5,2.0656,2.3582,2.3582,2.0464,3.9654,2.0448,1.0349,2.0575,2.3582,2.3583,5.6771,2.5,5.9491,2.3582,1.4504,2.0567,2.0825,1.2924,0.9887,0.9884,1.0396,2.0554,2.3582,2.3582,2.3582,7.1433,2.3583,2.5,2.3653,2.292,2.0554,2.0588,2.292,3.0824,2.292,2.292,2.292,2.292,2.0557,2.292,2.292,2.292,2.7028,2.292,2.0554,2.292,2.292,2.292,2.292,6.8733,2.7717,2.292,9.8574,2.2921,2.0633,2.0447,2.292,2.292,2.0472,2.0464,2.0462,2.8435,2.2682,2.2683,2.0617,2.2682,2.2682,7.8971,9.9804,9.9804,10.0134,9.9804,8.3278,3.4594,2.2683,2.5,2.5,7.9203,3.3781,2.2682,5.584,2.2682,2.2682,2.0562,2.2682,2.2682,2.0778,2.8649,2.0738,2.9155,9.1984,7.0034,9.9821,2.2716,10.0136,6.0007,2.2716,2.2716,2.2716,2.2717,7.2899,2.2716,9.8633,2.0696,2.0696,1.0776,8.8023,9.9832,6.2697,6.0277,9.9821,2.2717,2.2716,2.2717,2.2717,2.2716,2.2716,9.9832,9.9821,2.2717,2.0651,8.0162,2.3248,9.9801,2.5,2.2791,2.0404,2.279,2.5,9.5857,2.279,0.7946,9.9801,9.9801,2.0002,2.8488,20.406,5.0216,9.9801,9.9803,14.1872,8.8779,2.0,2.8488,9.9801,10.3313,2.0731,2.279,2.5,2.0,2.8488,1.0773,2.2917,2.2914,11.7535,2.2916,8.2807,7.1166,9.9817,2.9186,7.4705,8.0149,2.2914,2.5,3.0633,3.5425,9.9894,2.2914,9.3544,9.9844,2.0948,2.4585,7.1166,2.0921,1.2839,1.6572,0.82,0.7225,0.6396,6.5485,10.1452,14.0536,14.0536,14.0536,14.0536,14.0536,14.0536
131,2.3345,2.3344,2.5001,7.1338,2.8088,2.5,2.9178,11.4264,2.3345,2.3345,2.967,2.0001,2.3345,2.5,2.0792,2.5,2.3343,1.0111,1.0388,1.0792,0.9594,2.5,2.0,1.927,2.3345,2.0,2.402,2.402,10.5707,2.402,2.0503,2.402,9.985,9.0075,4.2607,2.402,2.5,2.402,2.4021,2.5,2.402,7.1711,2.402,2.4091,2.5,2.0438,2.402,9.985,2.402,2.0423,2.4021,9.985,9.985,2.4074,3.8147,8.0191,9.984,11.7056,2.3816,2.0441,2.3814,9.9803,4.4496,2.4428,14.7715,2.7432,2.4428,2.042,9.7213,9.1695,2.5,2.0387,9.987,2.0447,2.4428,2.0432,2.0426,10.0224,12.6513,2.5,2.0001,2.4429,9.6559,2.4428,8.0222,2.4486,10.0222,8.0222,2.0426,10.9861,9.9833,9.9833,2.4431,7.1772,2.443,9.9819,2.443,9.9833,7.0264,9.9833,9.9833,2.0407,9.9819,2.0494,2.443,2.0429,9.9819,9.4464,2.443,13.8273,7.1772,10.0222,8.0222,2.0377,9.9809,2.4728,2.4728,2.0542,2.4728,2.0461,9.9844,7.9998,2.4728,2.4728,2.5,2.0519,2.4728,2.4728,2.0619,2.4728,2.0608,2.0612,9.9844,9.9844,2.5,9.9844,2.4811,2.8649,8.5277,2.4728,9.969,2.1206,2.0532,2.0531,2.5,2.0469,2.0355,9.9806,2.3704,2.3206,2.3206,2.5806,2.3206,9.98,2.3206,2.0593,2.3206,2.3206,8.4096,2.3206,2.5,9.9895,9.9836,9.9895,2.3206,2.0526,2.0868,8.0161,2.085,2.5,10.88,2.085,2.0902,11.5403,4.8362,2.3206,7.1693,2.4233,2.0656,2.4232,2.3695,2.0467,6.4407,2.0462,1.0064,2.0575,2.4232,2.4232,2.5,3.0721,5.1675,2.0634,1.2799,1.2354,2.0974,2.3242,1.1679,1.1194,1.1593,2.0557,2.1018,2.4232,2.4232,5.1489,2.625,2.4232,2.4232,2.4536,2.0641,2.4536,2.4536,2.4536,2.4536,2.4536,2.4536,2.4536,2.4536,2.4536,2.4536,2.4536,2.4537,2.4536,2.0554,2.4536,2.4536,2.4536,2.4536,3.462,2.7325,2.4536,7.5083,2.4538,2.0978,2.0447,2.4536,2.4536,2.0487,2.0539,2.0464,5.9166,2.0857,2.0516,2.0514,2.3792,2.3792,4.1397,9.9833,9.0127,7.9284,9.8577,7.1517,2.5,2.3793,2.3792,2.3793,6.6478,2.5,2.0987,3.7925,2.3791,2.0929,2.0929,2.3792,2.1103,1.7,5.1526,2.3792,2.3792,7.647,7.6349,9.983,2.3698,9.9895,3.6454,2.1017,2.1017,2.3698,2.3698,2.3698,2.0946,5.1389,1.9147,2.0946,2.0683,9.986,5.7847,2.3699,5.6761,4.694,2.3698,2.3698,7.1479,2.3699,2.3698,2.3698,9.983,9.986,2.3699,2.0593,4.9361,2.3556,3.8028,2.0391,2.3249,2.0404,2.3248,2.325,8.0162,2.0318,0.8784,9.9804,5.909,2.0,2.906,10.7443,2.0515,9.9856,9.9856,15.0234,2.5,2.0,2.3248,8.726,11.8633,2.0731,2.3349,2.5,1.3214,2.3249,1.0228,2.2514,2.2514,7.1006,2.2514,5.4598,7.9998,8.0126,4.488,2.0767,2.5,2.2046,2.5,5.2597,7.2193,9.9896,2.2514,3.4982,9.9849,2.2514,2.2633,2.8787,2.0001,0.7899,1.4296,0.7174,0.6233,0.6196,4.2168,6.7181,9.9896,9.9896,9.9896,9.9896,9.9896,9.9896
132,2.3625,2.3624,2.5,5.4532,2.5,3.2575,2.5,9.7679,2.3626,2.3625,2.3624,2.0002,2.3623,2.5,2.0792,2.3624,2.1052,1.0958,1.7153,1.0734,1.0792,2.3624,1.1262,2.0,2.0884,2.0,2.4016,2.0639,9.2323,2.4016,2.0503,2.4016,7.1606,7.1606,2.5001,2.4017,2.5577,2.0476,2.4017,2.5,2.4016,3.6155,2.0435,2.4017,2.4016,2.3345,2.2397,9.9876,2.4016,2.0423,2.0494,11.2569,9.9876,2.4016,2.4428,2.5001,9.987,2.881,2.4428,2.0441,2.4429,7.1771,2.4429,2.261,11.3328,2.261,2.261,2.0413,4.153,3.4427,2.2651,2.0387,8.1541,2.0,2.0447,2.0542,2.0,10.0133,11.3051,2.5,2.0001,2.2611,8.0132,2.2611,7.1044,2.3146,9.9814,8.0157,2.0001,8.3595,9.9885,11.4011,2.0492,4.2889,2.054,9.9814,2.3146,9.9818,2.3155,9.9818,9.9838,2.0324,9.9814,2.0429,2.3146,2.0001,9.9818,6.9582,2.3146,9.9885,7.3145,10.1431,3.7405,2.0377,6.6853,2.2796,2.2796,2.0542,2.2796,2.0447,9.9812,4.2615,2.2796,2.2796,2.0615,1.0579,2.0618,2.2796,2.0525,2.2796,2.0606,2.0611,5.6895,2.5001,2.2796,8.5485,2.2796,2.5,4.105,2.2796,3.1972,2.053,2.0491,2.0529,2.2797,2.0455,1.0528,9.9832,2.0472,2.0472,2.064,2.2608,2.0627,2.3058,2.2608,2.0526,2.0518,2.2608,2.2609,1.0779,2.2609,9.9817,8.0131,9.9835,2.2608,1.4559,2.0708,2.2609,1.0531,2.2678,2.2609,1.5322,2.0734,7.1043,2.2609,2.2608,2.5,2.2514,1.5385,2.2514,2.2514,2.045,2.2515,2.045,0.5977,1.0432,2.0629,2.9179,2.2516,2.2515,2.257,2.0634,1.0432,1.0525,1.0525,0.75,0.7216,0.7215,0.7219,2.0554,2.0606,2.2514,2.2514,2.2545,2.2514,2.2515,2.2514,2.2158,2.0554,2.0588,2.2158,2.2158,2.2158,2.2158,2.2158,2.2158,2.2158,2.2158,2.0539,2.2158,2.2158,2.2158,2.0554,2.0732,2.2158,2.0627,2.2158,2.2159,2.2159,2.2158,3.492,2.2158,2.0449,2.0433,2.2158,2.2158,2.0472,2.0539,2.0464,2.5,2.0461,2.05,2.0514,2.2032,2.048,2.5,2.5,4.6106,2.5,7.0813,5.2397,2.2075,2.2032,2.2032,2.2032,4.9439,2.5,2.0529,2.446,2.2032,2.0565,2.2031,2.2032,2.0592,2.0589,4.5039,2.0559,2.2032,2.5,7.1081,2.5,2.2702,9.9873,2.2702,2.0743,2.0743,2.2702,2.2702,2.2702,1.8423,2.2703,0.7721,2.2702,2.0683,9.9865,2.5,2.2702,2.5,2.2703,2.2702,2.2702,2.2703,2.2702,2.2702,2.2702,8.1979,9.9838,2.2703,2.0593,3.335,2.4034,2.36,2.0391,2.0,2.0404,2.3556,2.3557,8.0178,2.0,0.9323,8.0005,3.3808,2.054,2.5001,11.1778,2.0515,9.9808,6.6233,7.1422,2.3556,2.0,2.3556,8.8335,9.9808,2.3556,2.0837,2.1122,2.0001,2.3556,0.8587,2.2518,1.0515,9.1523,2.078,2.5,4.9704,6.0874,2.5,2.0768,2.2518,2.078,2.2518,2.7635,8.0126,9.9824,2.2518,2.2595,10.0126,2.2518,1.0674,2.5001,2.0001,0.8264,1.4319,0.7507,0.6244,0.9167,2.5,3.1518,9.1963,9.1963,9.1963,9.1963,9.1963,9.1963
133,2.3567,2.3566,2.5001,5.4459,2.8792,3.432,2.5,8.0181,2.3567,2.9459,2.3568,2.0001,2.1462,2.5,2.0792,4.4226,2.1035,1.0792,1.6879,1.0792,2.0,2.3566,1.0792,2.0,2.0754,2.0552,2.272,2.0535,7.1333,2.272,2.0503,2.272,7.1088,7.1088,2.7953,2.6296,2.5,2.272,2.272,2.8398,2.272,3.533,2.0432,2.272,2.272,2.2719,2.1384,9.9806,2.272,2.0423,2.0493,8.0136,9.9806,2.0393,2.261,2.3094,9.9856,2.5001,2.2611,2.0441,2.261,7.1044,2.0456,2.0539,22.4845,2.2263,2.2262,2.0521,2.2264,4.3236,2.0494,2.0387,7.3846,2.0,2.0445,2.0541,2.0,10.0114,22.5023,2.5,1.051,3.87,5.6138,1.258,3.4674,2.1814,8.1803,2.1815,0.8658,2.1816,9.985,9.9813,2.0492,2.1814,2.0476,3.5236,2.1814,8.1803,2.1814,5.2265,8.0091,2.0324,8.0092,2.0429,2.1814,2.0002,9.9813,2.5,2.1814,9.9813,2.1815,5.9007,2.0424,2.0,5.0,2.1916,2.1916,2.0452,2.0533,2.0447,8.0097,2.055,2.0571,2.06,2.0613,2.0419,0.5502,2.0617,2.0428,2.0529,2.0605,2.061,2.0698,2.1916,2.1916,2.1916,2.1952,2.0623,2.1916,2.1916,2.1915,2.0393,2.0486,2.0489,2.0593,2.0381,0.3921,2.5,2.033,1.8252,1.042,1.0779,2.0571,2.1476,1.3252,1.0531,2.0498,1.0779,2.0621,0.5683,2.068,2.5,3.5044,9.9885,2.0554,1.0531,2.0399,2.1476,0.3988,2.0399,2.0728,1.0531,1.0531,2.1479,0.722,0.9312,2.1942,2.1938,1.0775,2.059,1.1864,0.4616,2.0401,0.6417,0.4383,0.4526,0.8068,1.0775,2.0666,2.0633,2.0634,1.1945,0.5859,0.5561,0.5454,0.5502,0.4731,0.5123,0.4768,0.5838,0.9208,2.0555,2.0649,2.1938,3.8391,2.1938,2.1974,2.0521,1.4622,1.0756,1.0799,2.054,1.3434,1.7706,2.0642,2.0669,2.0646,2.0629,1.4325,2.0625,2.2952,1.9348,1.2316,1.0799,2.0624,1.9352,2.0627,2.0688,2.2892,2.2893,2.2893,2.0489,2.0447,1.1035,1.8323,2.0585,1.1367,2.0462,2.045,2.0518,2.0351,2.0513,1.0287,2.0383,2.037,2.156,2.156,2.156,2.0658,2.1596,2.1561,2.0625,2.156,2.056,2.0664,2.156,2.156,2.061,2.0642,2.156,2.0548,2.0382,2.0594,0.9553,0.9498,2.156,0.5221,2.077,2.124,2.1241,2.124,2.124,9.9819,2.124,2.0798,2.0,1.5257,2.0339,2.0335,0.7253,2.1241,0.2939,2.124,2.001,9.9834,2.124,2.124,2.0263,2.1241,2.1241,2.0458,2.1241,2.1241,1.4684,2.124,7.0496,2.1241,2.1272,2.0,2.169,2.169,2.4036,2.0391,2.0,2.035,2.4034,2.4035,7.1614,2.0,1.0159,7.9997,8.0202,2.0,3.0041,9.9809,2.0515,9.0128,2.5,8.0204,2.4034,2.0,2.4162,6.226,8.0203,2.4034,2.4034,2.4035,2.0001,2.4034,1.0155,2.0761,4.8296,8.6343,2.0773,2.5,5.0722,9.4479,2.5,2.5,2.2496,2.0773,2.5,2.2583,8.0125,9.9813,2.2496,2.0,5.0001,2.0857,0.7468,3.0982,1.0784,0.8196,1.8739,1.0784,0.6857,0.6147,2.0712,2.5001,5.6361,5.6361,5.6361,5.6361,5.6361,5.6361
134,2.2018,2.2018,2.202,2.5,2.2095,2.5,2.5001,4.4995,2.5641,2.2019,2.2166,2.224,2.0001,2.0912,2.098,2.5001,2.0586,1.0792,2.0,2.0625,1.0792,2.0,1.0734,2.0643,2.0752,2.2017,2.2342,2.0638,3.9904,2.2342,2.0418,2.2342,9.9815,7.0937,2.2343,2.0477,2.2343,2.0,2.2341,2.5,2.0591,4.5581,2.0435,2.0,2.0538,2.2342,2.0534,9.9815,2.2342,2.0423,2.0393,5.0606,7.2875,2.0387,2.2132,2.0555,2.2263,2.2263,2.0529,2.0435,2.2262,9.9803,2.0456,2.0536,8.2802,2.1946,2.0523,2.0315,2.1946,8.0,2.0492,2.0387,4.1029,2.0,2.0428,2.0524,2.0001,11.244,11.2481,4.0376,2.0,2.0528,3.7388,0.872,2.1946,2.0443,2.5,2.1802,0.3352,2.1802,8.009,8.009,0.4291,2.1802,2.0537,2.9219,2.0491,2.1803,0.4305,5.2253,5.0929,2.0298,8.2561,2.0007,2.1802,2.0002,9.9828,2.1802,2.054,10.0091,2.1803,2.5609,2.0422,2.0,5.0,2.0538,2.2084,2.0437,2.1853,2.0445,9.9813,2.0484,2.0508,2.0612,2.0509,2.0519,0.5981,2.0803,2.0438,2.0603,2.0,2.0501,2.0437,2.2084,2.2125,2.2084,2.0625,2.056,2.212,2.0531,2.7605,2.0393,2.047,2.0527,2.0545,1.0528,0.6079,2.3124,1.2254,1.4221,1.6989,1.0779,2.0656,2.0645,1.0531,1.0531,1.0531,2.0554,2.0549,0.6946,2.2629,2.2629,2.5,8.1642,2.0524,1.2482,2.2628,2.2628,0.7105,0.754,2.08,1.0722,1.5922,2.1546,0.7699,0.8157,2.3397,2.3395,1.0718,2.0935,1.0528,0.779,0.9567,0.8321,0.7977,0.7924,1.0262,1.0775,2.0632,2.0632,2.0633,1.2136,0.8892,0.8891,1.0525,0.904,0.8282,0.8283,0.8976,0.9745,1.0526,1.23,1.3409,2.9242,2.2731,3.4814,3.6968,2.0549,1.1776,1.0756,0.9017,2.0535,1.0799,1.3505,2.0341,1.5546,0.9455,2.0628,2.0523,2.0139,2.0758,2.0134,1.0013,0.9009,0.9784,1.0799,2.0339,2.0654,2.329,2.0572,2.2377,2.0428,1.0799,1.0799,1.3423,2.0338,0.8858,1.1679,1.046,2.0581,1.0924,1.0803,1.0759,1.6259,0.7783,1.1364,2.0659,2.0661,1.9553,2.0617,2.0625,1.5519,2.0662,2.0563,2.2676,2.2676,2.0705,2.0537,2.0634,2.0656,1.0708,0.7783,0.757,0.7783,0.7666,1.0759,0.7783,1.0759,2.2452,2.0843,2.0741,2.0766,2.2452,1.4359,0.7391,0.5766,0.7041,0.7391,1.2617,0.583,2.0625,0.5373,1.7547,0.6373,9.985,2.2452,1.4357,1.4362,2.2453,2.0437,2.0463,2.2452,2.2453,0.7391,1.0754,2.2452,2.2454,2.2453,1.0776,1.9862,2.233,2.1691,2.0391,0.9422,2.0343,2.169,2.1692,4.119,0.961,0.3225,5.2113,5.3105,2.0,2.169,9.9835,2.05,8.0085,2.4616,4.0641,2.7113,2.0,2.1693,2.5001,3.3494,2.169,2.1689,2.169,2.0,2.1689,0.8626,2.0,2.5,3.623,2.0868,2.8653,2.5,5.451,7.1169,2.4605,2.0,2.0,2.5,2.103,7.8214,7.1169,2.2922,2.2923,5.0001,2.0,0.9429,2.306,2.0001,0.959,1.6617,0.8448,0.8343,0.641,2.0836,2.2922,3.6581,3.6581,3.6581,3.6581,3.6581,3.6581
135,0.6723,2.207,2.207,2.2071,2.5001,2.207,2.4084,9.986,0.5479,2.2071,2.2225,2.1523,2.0,2.0988,2.06,2.2071,1.0734,1.0734,2.0,1.0552,1.0605,1.0792,0.5768,1.0734,1.2497,1.2949,2.0639,2.0563,2.1344,2.1344,0.8653,2.1344,3.8573,7.0538,2.0481,2.0483,2.1345,1.9589,2.0489,2.1344,2.0423,4.1174,2.0441,1.0714,2.0438,2.0535,2.0514,2.8974,2.0423,2.0387,2.032,2.2252,7.866,2.0372,2.0556,2.0526,2.1947,2.0523,2.0541,2.0001,2.0583,7.0778,2.0002,2.0438,7.0863,2.2158,2.0423,2.0322,2.2167,7.9999,2.2158,2.0387,2.2158,1.0518,1.2002,2.2158,2.0402,10.0111,11.185,2.2158,2.0,2.0429,2.2159,1.0506,2.2158,2.0471,2.3115,2.3114,0.545,2.3114,9.98,8.0156,0.7452,2.0536,2.0627,2.3116,2.0443,2.3115,0.7419,5.1393,3.7781,2.0298,8.1843,2.0461,2.3114,0.8955,9.9893,2.3114,2.0539,8.0156,4.6566,2.3115,2.0421,2.0,3.7609,2.2302,2.3122,2.0432,2.3068,2.0443,8.0154,4.0369,2.0488,2.3068,2.0504,2.0428,2.053,2.3068,0.8815,2.0426,0.8091,2.0501,2.0571,2.5001,2.057,2.3068,2.0623,3.4519,2.3068,2.3068,3.2428,2.0465,2.0479,2.0592,2.0545,1.0528,0.6378,2.2892,1.276,1.0779,1.0531,2.051,2.2445,2.0588,1.0531,1.7896,1.0779,2.0673,2.0549,1.213,2.2445,2.2444,2.2445,7.0978,2.0422,1.5805,2.2444,2.2444,0.6911,1.1033,1.8927,1.1294,2.0784,2.0703,0.7377,0.7584,2.2986,2.0653,1.0718,2.054,0.8559,1.0528,1.0528,1.0528,0.6849,0.6962,1.0775,1.2156,1.84,1.2349,1.0775,1.5088,0.7818,0.7817,1.0775,1.0525,0.7893,0.7284,0.78,0.8559,0.8931,2.0549,2.0488,2.873,2.0591,4.6548,2.0606,1.0756,1.0799,0.8701,0.8704,1.4373,1.0799,1.4281,1.9259,1.0756,0.8735,2.0628,1.2347,2.0683,2.3103,1.3031,1.0756,0.8707,1.0799,1.0799,1.8792,2.0572,2.304,2.0485,2.0486,1.8603,1.0799,1.0647,1.0799,2.0555,0.7237,1.1147,0.8284,2.0518,0.9707,1.5698,1.0803,2.0655,0.8481,2.0711,2.2963,2.0575,2.0576,2.1087,2.0541,1.963,2.0662,2.056,2.2962,2.2962,2.0771,2.0535,2.2963,2.2962,0.8482,0.8483,0.7387,0.8614,0.8284,0.8481,0.6432,1.0759,2.5,2.0845,2.084,1.8128,2.5,1.8121,0.7487,0.6633,0.7979,0.8202,0.7983,0.6056,2.2792,0.6108,2.279,1.2465,8.733,2.279,0.6857,2.0428,2.279,2.0444,2.0459,2.279,2.8488,0.7031,0.7983,2.2791,2.2791,2.2849,0.7983,2.0358,2.358,2.233,2.039,0.7178,1.1077,2.233,2.233,2.5,0.6632,0.4187,2.2335,3.7674,1.0483,2.233,2.2331,0.6634,2.5,2.0676,2.0001,0.6636,0.7178,2.0001,2.233,2.5,2.233,2.0965,2.0001,0.7178,0.6918,0.4833,2.0,2.7156,2.9588,2.0527,2.7158,2.0001,4.2251,7.069,2.0,2.0,2.0001,2.1775,1.8615,2.5,2.0004,1.0784,2.0,2.0001,1.8615,0.5278,2.0544,0.5473,0.4925,0.4921,0.4739,0.379,0.335,0.974,2.0495,2.0546,2.0546,2.0546,2.0546,2.0546,2.0546
136,1.0812,2.4096,2.4097,2.5,2.4096,2.4097,3.3639,9.8658,1.0753,2.5,2.4397,2.4379,2.0001,2.1209,2.078,4.4854,1.2727,1.118,2.0,1.1163,1.1096,1.1423,1.083,1.1297,1.1401,2.0676,2.0635,2.0558,2.5,2.2764,0.9613,2.0658,7.1106,7.1106,2.2765,1.0715,2.5,0.7406,2.0598,2.2765,2.0423,2.5,2.0432,0.7937,2.0432,2.0438,2.0429,4.2331,2.0423,2.0393,1.7491,2.0487,10.216,2.0,2.0456,2.0428,2.2159,2.0424,2.0441,1.3058,2.0584,9.0444,2.0428,2.0532,7.0539,2.2892,2.042,2.0322,2.2893,4.5393,5.6042,2.0387,2.2892,0.967,2.0421,5.5617,2.0402,11.3687,13.5323,2.0402,2.0,2.2893,5.0,0.6862,2.2927,2.0351,2.3226,2.3188,0.7344,2.5,9.9859,7.5453,2.0,2.0535,2.3188,2.3251,2.3188,3.1115,0.7306,8.1757,2.5,2.0367,8.0583,2.0362,2.3188,0.7631,9.9862,2.3189,2.0544,8.0159,5.0037,2.3189,2.0422,2.0005,2.5,2.2692,2.0536,2.0428,2.0548,2.0443,9.2869,5.0,2.0485,2.2692,2.0514,2.0428,2.0525,2.2692,2.0438,2.0426,0.7729,2.0501,2.0437,2.5,2.057,2.2692,2.0432,5.4807,2.2744,2.8365,2.2692,2.046,2.0474,2.0522,2.2692,1.3122,0.7332,2.3102,1.0779,1.0779,1.0779,2.0507,2.2505,2.0488,1.0531,1.6188,1.0779,2.2006,2.0567,2.0591,2.2505,2.2504,2.2505,6.7656,2.0422,2.0502,2.2505,2.0729,0.7186,2.0786,2.0798,1.1573,2.2505,2.0702,0.7762,0.6509,2.2663,4.0662,1.0775,1.2314,0.7758,1.0775,1.0775,0.632,0.6579,0.7637,1.1084,1.1197,2.0633,2.0632,1.0775,1.1274,0.7635,0.6975,0.7758,0.755,0.6494,0.6492,0.7318,0.7758,1.0802,2.0646,2.0503,2.8328,1.754,2.0608,2.0606,0.6141,0.9111,0.8907,1.0799,1.3657,1.0075,1.0756,2.0666,0.8962,0.6856,2.0627,1.0528,1.0799,1.4363,1.0849,1.1148,1.0301,1.0174,1.0799,1.0259,1.0087,2.0575,1.3258,2.0426,1.0127,0.614,1.0756,1.3591,2.2146,0.6138,0.8056,1.9211,2.0516,0.8727,1.3537,1.0803,2.0654,0.7916,1.3577,2.0657,2.066,2.057,2.2281,2.0624,1.0803,2.0548,2.0661,2.2234,2.2234,2.06,2.0639,2.2235,2.2234,0.701,1.0759,0.6321,0.701,1.0058,2.2234,0.5314,0.9855,2.1916,2.5,2.1916,1.1216,4.2367,1.8958,0.6453,0.4556,0.5509,0.8685,0.8579,0.4199,2.1916,0.4201,2.1916,2.0653,9.9813,2.1916,1.0776,2.0451,2.1917,2.0442,1.122,2.1916,2.1916,0.4829,0.4808,2.1917,2.1918,2.1961,0.5475,1.4109,2.0392,2.358,2.039,0.5706,2.0427,2.3581,2.358,2.3583,0.859,0.5982,2.5,2.9203,1.0194,2.358,2.5001,0.6839,2.5001,2.0675,2.0005,0.775,1.0247,2.0004,2.0952,2.3579,2.2296,2.3583,2.0,1.4743,1.4778,1.0585,2.0001,4.5574,2.0989,2.0822,2.5,2.0001,2.651,7.1722,2.0,2.0,2.0001,4.7287,2.0792,3.6197,2.0001,1.1418,2.0799,1.2278,1.3892,1.2281,2.0002,1.0632,1.1097,0.9381,1.0632,0.9441,0.8587,1.0784,2.123,2.5,2.5,2.5,2.5,2.5,2.5
137,2.0001,2.3784,2.3918,2.5,2.3784,2.3784,2.5,9.9801,2.4088,4.3787,2.3786,2.3784,2.1067,2.1117,2.0947,2.3785,1.089,2.0001,1.8859,1.0514,1.025,1.0892,1.0419,1.0734,1.0587,1.0854,2.0535,2.0674,2.3404,2.3404,1.0714,2.3404,9.9835,7.1362,2.5001,1.3199,2.3405,0.8135,2.0598,2.3405,2.0423,6.4581,2.0432,0.9057,2.0432,2.0531,1.058,3.8335,2.0521,2.3404,2.032,2.0486,9.4627,2.0372,2.0453,2.2892,2.2892,2.0415,2.0537,2.0453,2.2892,9.9824,2.0426,2.2846,17.6785,2.0551,2.2846,2.0322,2.2847,2.0489,9.9806,2.0001,3.4387,1.0518,1.5831,8.0142,2.0507,10.014,15.6735,2.0506,2.0001,7.1139,2.9807,0.5602,2.2883,2.0354,2.3083,2.3036,0.5798,4.2772,9.9851,7.147,2.0,2.3036,2.5,2.5,2.3037,5.3795,0.6934,9.9807,3.0774,2.0376,8.1564,2.0362,2.3036,0.7267,9.9807,2.3037,2.3036,7.3035,5.7829,2.3037,2.037,2.0002,2.5001,2.3354,2.0534,2.0426,3.4814,2.0362,12.8461,12.0485,2.0483,2.3354,2.0511,2.0506,2.0611,2.3354,2.0438,2.0601,1.6122,2.0501,2.0571,2.5,2.3354,7.5005,2.0432,7.2179,2.3355,2.3354,2.3355,2.0582,2.0484,2.0529,2.3354,2.0355,0.8138,2.2958,2.0024,1.0531,1.3202,2.0507,2.26,2.05,1.0531,1.7689,1.1458,2.0622,2.0567,2.0708,2.2601,2.26,2.26,3.3556,2.0422,2.0516,2.265,2.0726,0.7354,6.3611,2.0694,1.32,2.2601,2.0702,1.781,1.0722,2.2206,2.2191,1.0528,2.054,0.6859,1.0718,1.0528,0.851,0.6155,0.6155,1.0539,1.0591,2.0632,0.8891,2.0631,0.889,0.6268,0.6152,0.6091,0.5923,0.524,0.524,0.6157,0.6859,1.1201,2.0647,2.0591,2.2148,1.0802,2.2148,2.051,0.963,0.8188,1.0756,1.0756,1.4382,0.7055,1.0799,1.431,1.0718,1.0756,1.3968,1.0799,1.1457,1.5739,2.0537,2.0546,0.9663,1.0756,1.1622,0.7055,1.2672,2.0575,2.0493,2.0437,1.7721,0.7055,0.5375,2.0485,2.2261,0.6469,0.8484,2.049,2.0516,0.7629,2.0493,1.0803,2.0655,0.7629,1.0803,2.0657,2.0569,2.0585,3.2762,2.0535,1.2158,2.0558,2.066,2.2588,2.2588,2.2242,2.0659,2.2589,2.2588,1.0354,1.8772,0.7411,1.3592,1.3603,2.2588,0.7371,0.7404,1.3444,6.0641,2.089,1.105,7.0643,1.1953,0.5818,0.6112,0.6674,1.1957,0.9145,0.5757,2.2042,0.447,2.2042,1.0776,9.9854,2.2042,1.0776,2.0435,2.2043,1.9134,2.0466,2.2043,2.0594,0.5143,0.5125,2.2043,2.2043,2.7553,0.4854,1.206,2.2098,2.3483,2.0324,0.3803,2.0413,2.2267,2.2267,2.2268,0.4329,0.3231,2.5,2.5,2.0585,6.4426,2.5,0.374,6.4968,2.2267,1.411,0.7066,0.6695,2.0829,2.0604,2.2264,7.0906,2.7834,2.0001,2.2266,1.0515,0.7724,1.0517,4.3435,2.0987,2.0807,2.2641,1.0387,2.5,8.0132,2.5,1.0516,2.2642,7.1057,1.0784,2.2642,2.0518,1.0784,2.0,0.7534,0.7796,0.8093,1.6264,0.7541,0.6813,0.585,0.6548,0.5799,0.5285,0.7542,2.2644,2.0834,2.0834,2.0834,2.0834,2.0834,2.0834
138,2.1747,2.3708,2.3839,2.3709,2.3708,2.3708,2.5,9.9806,2.4007,8.0186,2.3985,2.2004,2.1065,2.3708,2.3708,3.0567,1.0792,1.7627,1.8481,1.8904,1.0045,1.9946,1.0212,1.0341,1.0675,2.0674,2.0633,2.9873,2.353,2.353,1.0096,2.3531,9.9876,7.1412,2.5001,2.0483,3.6219,1.4164,2.3531,3.053,2.0423,4.0445,2.0432,2.0,2.0432,2.5446,2.0429,4.6547,2.489,5.4826,2.032,2.3576,6.7788,2.0372,2.0454,2.6436,2.2847,2.0413,2.0536,2.0453,2.2846,9.9806,2.0423,2.3052,22.559,2.055,2.3004,2.0421,2.4773,2.0488,9.9835,2.0382,2.8361,1.6711,2.0358,8.015,2.5,11.383,14.0205,2.04,2.0001,4.8008,2.6116,0.7893,2.3005,2.0356,2.3777,2.3776,0.661,7.151,9.9837,5.0,2.0,2.3776,6.0073,2.3849,2.3456,5.3644,0.9001,9.9837,2.3845,2.0376,8.019,2.0362,2.0489,0.9039,14.5034,2.3776,2.0537,7.1511,8.0189,2.3778,2.0362,2.0301,3.8116,2.3062,2.0534,2.0423,2.0545,2.0362,12.6676,5.0631,2.048,2.3062,2.0493,2.0519,2.3062,2.3062,2.0438,2.0508,1.4718,2.0693,2.0572,2.3116,1.9201,2.3065,2.0432,8.0005,2.0589,2.3062,2.0526,0.7281,2.0484,2.0527,2.3062,2.0511,1.4172,2.3035,1.9195,1.6848,1.2964,4.94,2.2606,2.05,1.8818,1.9618,1.0531,2.2606,2.0567,2.2606,2.2607,2.2606,2.2607,3.418,2.05,2.0516,2.2607,2.0603,0.7048,8.0131,2.0672,1.0531,2.2613,2.07,2.0497,2.0497,2.5,2.2427,1.0775,2.054,0.9359,1.0951,1.0528,0.5641,1.0718,0.5233,0.9902,1.0775,2.0633,2.0537,3.2104,0.9843,0.6939,0.682,0.6813,0.656,0.5798,0.6281,0.722,1.0775,1.1304,2.3102,2.0503,2.2378,1.0802,2.2379,2.0605,1.0756,1.3313,1.3173,1.0813,1.8174,0.7589,1.3282,2.0666,1.0876,1.0799,1.2164,2.0523,2.0681,2.0643,2.0537,2.8255,1.0799,2.064,2.052,0.791,2.0546,2.0574,2.049,2.0485,2.0424,1.0799,0.7446,2.0498,2.2605,0.9766,0.7531,1.2211,2.0513,0.7847,2.0493,1.982,2.0655,0.5753,1.0803,2.201,2.0657,2.0582,2.2011,2.0519,2.0541,2.0558,2.0661,2.201,2.201,2.0579,2.201,2.2013,2.201,0.8041,2.0647,0.6618,1.224,1.3742,2.201,0.5726,0.5414,2.0345,3.6731,2.0889,1.3884,4.2641,2.0242,0.6087,0.6107,1.0756,2.0743,1.2519,1.2518,2.0755,0.4678,2.2139,0.6556,9.9823,2.9214,2.0435,2.0433,2.2139,2.0437,2.0463,2.767,2.0607,0.5384,0.6842,2.2138,2.2139,2.2139,0.508,1.84,2.2144,2.2098,2.0317,0.5426,1.587,2.2099,2.2099,2.4674,0.4008,0.3073,2.6112,2.5,2.0583,9.9803,2.5,0.3462,8.0106,2.0674,2.5,1.8161,0.6771,2.0828,2.0557,2.0832,7.9998,7.9998,2.0,2.299,1.0515,0.6621,1.0517,8.0101,1.2385,2.0001,2.0,1.3269,2.5,9.8244,2.5,1.0516,2.2012,10.0247,1.0784,1.9122,1.0784,2.0929,2.0,0.5914,0.5739,0.6867,1.1738,0.5745,0.5187,1.1443,0.553,0.4952,0.4054,0.5745,4.5367,1.1791,1.1791,1.1791,1.1791,1.1791,1.1791
139,2.4266,2.5,2.4266,2.5,2.4267,2.4267,2.4462,9.9869,2.4266,9.0998,2.5,2.4265,2.1303,2.4267,2.124,3.9675,1.1984,2.0,1.1495,1.1498,1.128,1.9869,1.0734,1.1282,1.1102,3.033,2.0631,6.4633,2.3188,2.3188,0.9116,2.3189,9.9852,7.283,4.5062,2.0483,4.3505,0.9631,2.3189,2.6864,2.0423,7.1275,2.0432,2.0419,2.043,2.319,2.0518,6.6823,5.2914,9.9852,2.032,2.5,6.7106,2.0371,2.0554,11.0424,3.1144,2.0413,2.0535,2.0453,2.3004,9.9859,2.0394,2.3414,20.1174,2.0548,2.3361,3.8647,2.5,2.0488,9.8027,2.038,2.5,2.0438,2.0411,7.7554,8.0168,13.0801,11.6806,2.0,2.0,7.1344,7.1344,0.7975,2.5001,2.0443,2.3079,2.3032,0.5792,9.6382,9.983,2.5,1.7706,2.3085,9.6457,2.3035,2.0485,8.0153,0.7227,8.1743,2.3075,2.0374,8.0156,2.0362,2.0489,0.7257,14.0656,2.3032,2.0536,6.9146,5.804,2.3034,2.0301,2.0357,3.5403,2.3393,2.0536,2.0528,2.0544,2.0546,12.6678,7.3393,2.0495,2.3392,2.0419,2.0535,2.1278,2.3392,1.6191,2.0506,1.6309,2.0695,2.0572,2.5,2.0437,2.0638,2.062,5.4239,2.0589,2.3392,2.0526,0.7116,2.0529,2.0592,2.3392,1.7682,1.0779,2.3062,2.033,1.0779,1.6437,7.2279,2.2658,2.05,2.0508,2.05,1.0779,2.0621,2.0567,2.2658,2.2659,2.2658,2.422,3.5307,2.0516,2.0513,2.2658,2.06,0.7516,1.3672,2.0669,1.0531,2.2662,2.0579,2.0497,2.06,2.5001,2.0651,1.0775,2.054,1.0528,1.9246,1.0528,0.4434,1.0528,0.4545,0.8043,1.0775,2.0632,2.063,2.1932,0.7996,0.7991,1.0525,0.5534,0.5327,0.4713,0.5532,0.5864,0.5798,1.0802,3.8381,2.0503,2.1932,1.0802,2.1932,1.6277,1.1862,1.3207,1.1138,1.0799,1.1136,0.5101,1.0799,2.0664,0.8296,0.7363,1.081,0.8762,2.0683,2.0644,0.7447,2.054,1.0756,2.064,2.052,0.8364,2.0652,2.175,2.057,2.0485,2.0435,2.0424,0.6674,2.0498,2.1783,1.0799,0.4159,2.0506,2.0511,1.0971,2.0509,2.0535,2.0361,0.6856,1.0803,2.2146,2.0656,2.0672,2.2149,2.0519,2.0555,2.0555,2.2146,2.2146,2.2147,2.0594,2.0637,2.2146,2.2146,0.8585,1.3035,0.6856,1.1268,1.4675,2.2146,0.614,2.0791,2.0726,2.2008,2.1259,1.2813,7.9999,2.0719,0.5735,1.0668,1.1759,2.0743,1.1759,1.9629,2.0754,0.4555,2.2008,1.1754,9.9838,5.251,1.3857,2.0446,2.2009,2.0437,2.0461,2.5,0.6614,0.5056,1.1754,2.2008,2.2009,2.2009,0.4379,1.3868,2.1855,2.2143,2.0325,0.3591,1.0179,2.2143,2.2142,2.5,0.409,0.3591,2.5,2.5,2.058,9.9802,2.2195,0.3535,8.0108,2.2143,2.2192,0.6849,0.6849,2.2142,2.0569,2.0001,8.0002,9.9802,1.0773,2.5001,0.9,0.7886,1.3242,9.1194,1.0773,2.0001,2.0,2.092,6.9049,10.0098,2.8671,1.0516,2.1015,9.9813,1.0784,1.2053,1.0784,2.0927,2.0,0.5586,0.5777,0.6526,2.0003,0.5593,0.5049,2.1959,0.5379,0.4841,0.3944,0.6526,5.5111,1.0882,1.0882,1.0882,1.0882,1.0882,1.0882
140,2.0837,2.5,2.3403,2.5,2.3403,2.3402,2.3403,9.9806,2.3402,8.0176,2.5,2.407,2.6669,2.3403,2.0989,3.0756,0.9559,1.6167,1.0792,1.058,1.0792,2.0753,0.8846,0.9488,0.9054,2.9255,2.306,9.4652,2.306,2.5918,0.6913,2.3061,9.9872,5.5523,6.9396,2.0605,4.3259,1.2953,2.306,2.8823,2.0423,9.9807,2.0432,2.0521,2.0428,2.306,2.0521,9.9807,8.5752,9.9872,2.032,3.4988,9.1033,2.0369,2.0553,9.9843,11.4284,2.0424,2.0537,2.0447,2.336,9.9843,2.0421,2.2456,20.9886,2.0547,2.2457,2.032,2.2486,2.0488,9.4029,2.0378,2.2457,2.045,2.0421,8.0123,9.6165,17.3479,10.0127,2.0398,2.0,8.0123,5.8619,1.0506,2.5001,5.0596,5.852,2.2702,1.5888,10.5122,9.9814,2.2708,0.6463,2.5,9.9814,2.2705,2.2703,6.1853,0.646,8.1554,2.8375,2.0401,8.1393,2.0362,2.0489,0.6467,10.0631,2.2703,2.0536,7.1081,2.9011,2.2703,2.0362,2.0443,2.3269,2.3005,2.0535,3.3897,2.0447,2.0547,19.3941,7.9998,2.0495,2.3004,2.0419,2.0532,2.0609,2.3004,0.7928,2.0506,2.0,2.0694,2.0572,2.5,1.8838,2.3004,1.8916,13.3663,1.8914,2.3004,2.3004,0.6783,2.0529,2.0592,2.0544,1.5719,2.033,2.349,2.033,1.0779,1.1109,5.3332,2.2908,2.0586,2.0511,2.0498,0.8189,2.0623,2.0567,2.2908,2.2975,2.2908,2.5,5.0574,2.0516,2.0513,2.2908,2.0585,0.8223,0.8217,2.0669,1.0722,2.5,2.0576,3.502,2.06,8.0119,2.0651,2.0506,2.054,1.0881,2.0543,1.0775,0.5429,1.0528,0.6723,1.0107,2.0555,2.2371,2.063,2.237,1.0038,0.6916,0.6916,0.7248,0.5783,0.5782,0.6534,0.6792,0.6793,1.0802,3.1933,8.0006,2.237,2.048,2.2416,2.0605,1.4081,1.3751,1.3533,1.1598,1.1586,0.7472,1.3546,2.1823,0.8638,0.6289,1.1257,0.9128,2.1822,2.0644,1.0799,2.3747,1.0519,2.9389,1.7632,0.773,2.1822,2.1822,2.1823,2.1822,2.0435,2.0435,1.0756,2.0498,2.0554,1.0799,0.6289,2.0503,2.058,2.0579,2.0493,2.0549,1.8356,0.6124,0.8769,2.1728,2.0656,2.0672,2.1729,2.0517,2.0555,2.066,2.1728,2.1728,2.5,2.0594,2.0637,2.1728,2.1728,0.6912,1.0493,0.6124,0.7804,1.221,2.077,0.4944,1.0759,1.4525,2.1568,2.0888,0.6176,2.1573,1.0179,0.4475,0.8333,1.0182,2.0743,1.2893,2.0633,2.0753,0.3564,2.2509,2.0724,9.98,3.0052,2.0435,2.0446,2.1568,1.9486,2.0461,2.1568,0.4062,0.3949,2.1568,2.1568,2.1569,2.1569,0.3417,1.6138,2.5,2.1816,2.0325,0.5164,0.6278,2.1817,2.1818,2.1817,0.3467,0.3263,2.5,2.5,0.6278,9.9806,5.876,0.347,8.0092,2.1859,2.1859,0.5168,0.6278,7.0726,2.0483,2.0,7.8313,9.9814,0.6513,2.1817,0.5393,0.6926,1.0517,9.9824,1.2341,1.0515,2.0,2.0919,6.2847,9.9824,4.2853,2.0,2.2186,9.9824,0.6926,1.2352,0.6926,2.0927,2.0,0.6234,1.0784,0.6926,2.069,0.6224,0.5637,2.0678,0.6007,0.5387,0.4399,0.4981,9.625,1.1641,1.1641,1.1641,1.1641,1.1641,1.1641
141,1.5384,2.5,2.2671,2.267,2.2671,3.7349,2.3778,9.9873,2.267,7.1068,2.5,2.2847,5.2619,2.0789,2.5,4.3164,0.8408,1.2691,1.0734,2.0687,1.4587,1.3988,0.6502,0.7446,0.7059,2.267,2.0633,9.9808,2.0645,2.6429,0.6861,2.3203,9.9852,3.1992,2.5001,2.3148,5.2124,0.9834,2.3041,2.5724,2.0506,8.5179,2.0432,2.0438,2.0426,2.0614,2.3148,9.8489,8.5615,9.9822,2.032,2.7207,3.0407,1.4976,2.2456,11.3131,11.3131,2.0413,2.0537,2.0453,2.2457,9.9815,2.0,2.2556,18.6914,2.0459,2.5,2.033,2.0341,3.9829,7.2129,2.0376,2.045,2.045,2.0421,2.2556,20.6535,15.717,10.013,0.7307,1.4219,8.3213,6.5273,2.0355,2.7842,2.5,2.2909,2.2876,0.8275,11.3667,9.9866,2.2877,2.0,2.2876,8.0144,2.0551,2.2877,6.8901,0.827,8.1425,2.8593,2.0401,8.1698,2.0362,2.0425,0.6881,9.9808,2.2877,2.0537,7.1151,2.5,2.2877,2.0301,2.0301,3.38,2.4131,2.0534,2.413,2.0447,2.4131,12.6682,7.5613,2.051,2.4131,2.0419,2.0532,2.061,2.413,1.9709,2.0506,2.0,2.0694,2.0571,2.5,2.0437,2.4131,1.2832,9.0488,2.059,2.4131,2.4131,0.933,2.0529,2.0593,2.0544,1.0528,2.033,2.2892,2.033,0.7394,0.6316,5.438,2.2455,2.0498,2.0495,2.0513,0.7394,2.2454,2.0567,2.2454,2.2509,2.2454,2.6992,5.0574,2.0513,2.0513,2.2454,2.0585,2.0726,0.6931,2.0665,2.059,2.2455,2.0579,2.0588,2.0597,7.1346,2.0552,2.049,2.2501,1.0775,2.0457,1.0775,0.5939,0.6178,1.0775,1.0528,2.0573,2.25,2.063,2.0629,1.0718,1.0346,1.0353,0.7094,0.6897,0.6097,0.9816,0.759,0.6683,1.0526,3.2588,8.0,2.25,2.048,2.0609,2.051,0.9424,2.0561,1.5931,2.0529,1.3257,1.0756,1.3281,2.1787,0.9053,0.834,2.0624,0.7252,2.1786,2.0644,1.1812,2.0546,2.0514,1.8562,2.0536,1.1794,2.1786,2.1787,2.1786,2.1786,2.0435,2.0435,0.6809,2.0585,2.0555,1.0756,0.7484,2.049,2.0511,2.0579,2.0509,2.0549,2.0657,0.552,1.0803,2.1358,2.0657,2.0673,3.5166,2.0517,2.0555,2.1358,2.1358,2.1359,3.2802,2.0594,2.0638,2.1358,2.1358,0.5477,0.8947,0.5477,0.7127,1.6566,2.077,0.5477,1.0759,1.0624,2.155,2.0889,0.6163,2.5,1.2453,0.4424,0.4641,1.0845,2.0743,1.7428,2.0633,1.5465,0.3523,2.6936,2.0725,7.9507,2.1551,2.0446,2.0446,2.1551,0.4015,2.0475,2.155,0.4016,0.3904,2.155,2.1551,2.1551,2.1551,0.4013,1.097,2.5,2.2014,2.0327,0.5211,0.6625,2.2015,2.2016,2.0388,0.3843,0.3735,2.5,2.2015,0.5731,9.9811,3.2368,0.3854,2.5001,2.5,2.0495,0.6121,0.5764,6.1429,2.0535,2.0,2.7518,9.9811,0.7223,2.0634,0.5943,0.5386,2.0,9.9819,1.0515,1.0515,2.0,2.092,2.5,8.0095,3.4185,0.6404,2.1888,9.9819,0.5465,0.5392,0.5429,0.4019,2.0,0.5084,0.6404,0.5872,1.4187,0.4257,0.4868,2.0586,0.5387,0.4652,0.3769,0.3796,9.082,0.6404,0.6404,0.6404,0.6404,0.6404,0.6404
142,0.7143,2.5,2.2311,2.0,2.0753,2.231,4.2865,9.3895,2.231,7.0924,2.5,2.231,6.923,2.0682,4.276,4.2737,1.0792,2.0,1.0734,0.6291,1.6991,0.6438,0.6107,0.7143,0.604,2.231,2.0535,8.0165,2.0675,2.3294,1.0559,2.5,9.9823,2.3295,2.3543,2.3295,2.5,0.784,2.0596,2.5,2.0506,7.1623,2.0,2.0438,2.0426,2.0625,2.3294,4.2769,7.0842,5.1789,1.0714,2.3298,2.3298,2.0367,2.2556,11.2781,11.3259,2.0415,2.0536,2.0453,2.2556,2.2557,2.0,2.0531,12.9808,2.0458,2.3,2.042,2.0339,5.8534,8.015,2.032,2.037,2.0453,2.0423,2.3,18.0986,14.6404,10.0106,0.8587,1.2111,8.9059,2.8469,2.0412,2.5001,5.3713,2.2971,2.297,1.0846,11.6139,9.9829,2.2971,2.0,2.1217,3.5394,1.8444,2.297,5.3713,2.0311,8.1471,2.8713,2.297,8.015,2.0454,2.0001,0.7107,10.4484,2.297,2.0538,5.3713,2.4023,2.297,2.0362,2.0301,2.5,2.3227,2.043,2.3166,2.0434,2.8166,13.3003,4.3739,2.051,2.0609,1.0528,2.0532,2.0532,2.0612,2.0438,2.0506,2.0,2.0695,2.0437,2.3223,2.057,2.3166,1.9935,5.5615,1.9936,2.3166,2.3166,0.7152,2.0529,2.0593,2.0543,0.9832,2.039,2.3005,2.0384,0.6818,0.6392,7.2627,2.2424,2.05,2.0493,2.0513,0.7342,2.0622,2.2424,2.2424,2.2425,2.2424,2.8028,5.0574,2.0516,2.0513,2.2424,2.0582,2.803,1.0531,2.0665,2.059,2.2424,2.0699,5.0,2.0597,4.2885,2.0552,2.0506,2.2404,1.0775,2.0455,1.0528,0.9521,0.5718,0.6891,1.0528,2.057,2.2405,3.2236,3.9207,1.0775,1.0528,0.7307,0.7307,0.7307,0.6628,1.0525,0.6893,0.6889,1.0526,2.0646,2.2404,2.2404,2.048,2.0609,2.0494,1.2894,2.0647,2.0535,2.0529,1.4123,1.0756,2.0532,2.1902,1.0799,1.0756,2.1903,1.0756,2.1902,2.0645,2.052,2.0546,1.9596,2.0622,2.0623,1.6835,2.1902,2.1902,2.1902,2.1902,2.0487,2.0435,1.0799,2.0584,2.1903,0.92,1.0799,2.0506,2.0511,2.0506,2.0493,2.0552,2.0658,0.805,2.0573,2.1978,2.0657,2.0672,2.1979,2.0517,2.0555,2.1978,2.1978,2.1978,2.1979,2.0594,2.1978,2.1978,2.1978,0.7916,1.0759,0.6562,1.0759,0.8943,2.077,0.6562,2.0548,1.8792,2.166,2.089,0.7424,2.0792,1.078,0.6005,1.1071,1.3786,2.0747,2.0654,2.0633,1.7992,0.3774,2.1661,2.0726,8.0603,2.1661,2.0448,2.0505,2.1661,0.4305,2.0475,2.1661,0.9719,0.4183,2.166,2.166,2.6733,2.1661,0.474,1.2199,2.5,2.1908,2.0389,0.6439,1.0773,2.1909,2.191,2.0388,1.1755,0.5433,2.5,2.1908,1.0773,8.7401,4.1114,0.3743,5.5097,2.3759,2.0693,1.0773,2.0,7.0763,2.1967,2.0,2.5001,8.5018,1.0773,2.1908,0.8051,0.6795,1.0517,8.1322,2.0001,2.0,2.0,2.5,4.3783,8.0084,2.0,0.401,2.1686,7.9544,1.0784,1.038,2.0001,0.4285,2.0792,0.6051,1.8155,2.0,1.2467,0.4811,0.5358,2.0523,2.0001,0.4815,0.4805,0.3837,7.0674,2.0002,2.0002,2.0002,2.0002,2.0002,2.0002
143,2.0001,2.6465,2.459,2.0769,2.459,2.459,2.459,9.2213,2.4591,7.1836,8.0002,2.5,7.1836,2.0988,4.5485,4.5439,2.0771,2.0531,1.3212,1.3171,2.0833,1.2805,1.2802,2.0746,1.278,4.7926,2.4946,9.9811,2.4947,2.4946,2.0418,3.131,9.9865,2.0532,2.5001,2.4947,2.4947,1.1818,2.0597,2.5,2.0509,7.4593,2.0,2.0535,2.0428,2.4946,2.4947,2.5452,2.0965,2.5,1.3251,2.4946,2.5,2.0372,2.3001,9.981,8.625,2.0417,2.0538,2.0453,2.3,9.981,2.0,2.196,14.026,2.0458,2.3628,2.5,2.0332,2.5591,5.7865,2.032,1.3576,2.0551,2.0423,2.3628,19.7111,13.985,10.0127,1.051,0.7614,8.8605,4.623,2.3628,2.5001,7.6656,2.385,2.3645,1.2768,13.5544,9.9855,2.3804,2.0,2.3804,3.849,0.9592,2.3805,7.1214,2.0384,8.0194,7.4989,2.0403,8.0191,2.0456,2.0427,1.0129,10.9655,2.3804,2.0538,4.4273,4.9383,2.3805,2.0364,2.0067,5.0001,2.3107,2.0357,2.3106,2.0434,2.8106,8.8506,3.0044,2.0495,2.3106,2.0419,2.0525,2.0611,2.0506,2.0438,2.06,2.0,2.0694,2.0571,2.3161,4.0436,2.3106,2.0621,4.0961,2.0432,2.3106,2.0526,5.5544,2.0479,2.3107,2.0543,2.0355,2.0388,2.2266,2.0382,1.0779,0.5422,8.2088,2.1891,2.0587,2.0493,2.0516,1.0531,2.1891,2.189,2.189,2.1891,2.1892,4.2249,4.8791,2.0513,2.0621,2.189,2.0582,2.3334,11.241,2.0683,2.0709,2.189,2.0591,2.0607,2.0616,2.2019,2.0552,2.0506,2.1968,2.0371,1.2129,1.0775,1.0775,0.564,2.0647,2.0585,2.0665,2.1969,2.0632,3.3243,1.0775,0.9285,1.0525,1.0525,0.9027,0.5637,1.0525,0.5977,0.5911,1.1665,2.1968,2.1968,2.1968,2.048,2.1968,2.0606,1.3988,1.3663,2.0535,2.0546,1.933,1.0799,2.0546,2.181,1.0799,1.0799,2.181,2.0523,2.181,2.0644,1.1975,2.0546,2.0528,2.1423,2.181,2.064,2.181,2.181,2.181,2.181,2.0487,2.1812,1.0799,2.0585,2.181,0.8751,0.6267,2.0579,2.058,2.058,2.0493,2.0552,2.1991,2.0564,2.0575,2.199,2.066,2.199,2.199,2.0533,2.0558,2.199,2.199,2.199,2.1991,2.0594,2.199,2.199,2.199,1.2082,2.0653,1.0759,3.0428,1.2121,2.077,2.0652,2.0665,2.0726,2.2062,2.2063,2.0758,2.5,2.0723,2.0701,2.0738,2.2062,2.2062,2.0745,2.0754,2.0355,0.5811,2.2063,2.5868,9.9808,2.2062,2.0451,2.2062,2.2063,1.5848,2.2062,2.5,2.0594,2.0645,2.2062,2.2062,4.2475,2.2063,2.0562,2.726,5.6477,2.2122,2.2122,2.0348,2.0425,2.2123,2.5,2.0389,0.3933,2.0307,5.2653,2.2122,2.2122,9.9828,3.7954,1.0351,7.0849,2.5001,2.5,2.0,2.2122,9.9828,5.1208,2.0731,2.7653,7.7014,2.0001,2.2123,1.0515,2.0,2.0,16.9314,2.099,2.0,2.5,9.9812,7.071,10.0089,2.0001,1.0784,2.1833,7.6205,2.0,2.095,2.0001,1.2349,2.0799,2.0,2.1605,5.0,2.0561,2.0,2.0,1.3698,2.0784,0.9436,2.0001,1.0784,9.0078,2.0002,2.0002,2.0002,2.0002,2.0002,2.0002
144,2.0,3.003,2.4025,2.0775,2.4024,2.5,2.4025,2.5,2.5,8.0202,11.5131,2.5,11.3376,2.0792,4.4809,4.4769,1.1582,2.0531,2.0625,2.0513,2.4024,2.0648,2.0643,2.0748,2.0765,9.9833,2.3596,9.9807,2.3597,2.3596,2.0503,7.1438,9.9808,2.062,2.3597,2.3597,2.3596,0.9636,2.3597,2.5,2.3597,6.329,2.0001,2.5001,2.0438,2.3657,2.9493,3.601,2.0522,2.5,2.0365,2.3646,2.5,8.015,2.4346,9.9825,10.7763,2.0427,4.592,2.0539,2.3628,9.9822,2.0423,2.5001,13.0754,2.055,2.3018,2.5952,2.0333,8.5544,2.0393,2.0376,2.3792,2.3018,2.3018,2.3019,11.5091,15.778,11.3848,2.0,1.051,9.9818,8.0004,2.3018,4.1064,5.4426,2.3541,2.0424,2.0433,11.4514,9.987,2.354,2.0464,2.354,3.721,2.0501,2.3541,8.0178,2.0458,8.524,8.0179,2.3541,7.9242,2.0473,2.0429,1.8886,9.2999,2.354,2.354,7.1416,7.7568,2.5,2.037,2.0301,5.0,2.3147,2.0526,2.2202,2.0449,2.8146,2.5001,2.3147,2.05,2.3146,2.0501,2.0611,2.0612,2.0614,2.0618,2.06,2.0438,2.3146,2.3146,2.5,2.3146,2.3146,2.0622,2.5,2.0591,2.3146,2.3146,2.0467,2.0528,2.5,2.0544,2.0426,2.0388,2.2188,2.033,2.0444,2.0464,1.4254,2.1834,2.0587,2.0506,2.0518,2.0561,2.1834,2.1834,2.1834,2.1835,2.5,4.2183,4.8532,2.05,2.0589,2.1835,2.06,2.0497,7.3872,2.0798,2.0713,2.1845,2.0597,2.061,2.0703,2.193,2.0564,2.0493,2.1896,2.0371,2.0545,1.1692,1.0775,1.0775,2.0576,2.0597,2.1896,8.0095,2.1896,2.1898,2.0538,1.0775,1.0718,2.0521,1.0525,0.7439,1.0775,1.0718,1.2026,2.0561,2.1896,2.1896,2.1896,2.048,2.1896,2.0607,1.0756,2.0582,2.0552,2.0642,2.0659,2.0512,2.0642,2.13,1.0756,2.0531,2.13,2.0622,2.13,2.0645,2.0537,2.0631,2.0621,2.13,2.13,2.13,2.1301,2.13,2.13,2.13,2.13,2.0437,2.0514,2.13,2.0556,1.0799,0.8693,2.0493,2.058,2.1596,2.0598,2.0552,2.1596,2.1596,2.1597,2.5,3.8086,2.1597,2.5,2.0624,2.0661,2.1597,2.1597,2.1597,2.1597,2.0705,2.1597,2.1596,2.1597,2.0556,2.066,2.0672,2.1596,2.081,2.0771,2.0769,2.0791,2.0711,2.5,2.1896,2.0825,2.5,2.0797,2.1897,2.1896,2.5,2.5,2.1896,2.1896,2.0759,2.0669,2.1896,8.3159,9.9808,2.1897,2.1896,4.2228,2.1896,1.4417,2.5,4.1889,2.0622,2.1896,9.5165,2.1897,8.0096,2.1936,2.0617,6.8229,8.0138,2.5,2.1809,2.1808,2.1808,2.5,2.1846,2.1808,0.4679,2.1809,8.0091,2.1808,5.226,9.9839,3.4808,2.0488,9.9457,8.009,9.1981,2.07,2.5,9.9839,4.2587,2.0727,5.725,9.9826,2.1807,7.0723,2.0001,2.0,2.0,23.8601,2.2592,2.3467,2.8239,9.984,7.9995,10.013,2.0,2.5,2.5,9.9806,2.0795,2.268,2.0001,2.2593,2.2593,2.2589,2.2712,2.5,2.5,2.0,2.0831,2.0804,2.5,2.0,2.2434,2.2591,9.9839,9.9839,9.9839,9.9839,9.9839,9.9839,9.9839
145,2.0,2.5001,2.3266,2.3152,2.3152,2.3153,2.33,2.5,2.3403,7.9353,19.72,2.3374,9.9856,2.093,7.1261,4.3735,2.0771,2.0,2.0639,2.0687,2.3152,2.0001,2.0648,2.3153,2.0767,9.9858,2.5,9.9864,2.3253,2.3253,2.0503,7.1301,9.9846,2.5001,3.0353,2.3256,2.3252,1.0102,2.3316,7.9337,2.5001,7.1301,2.0432,7.1301,2.0441,4.0743,4.0522,2.5,2.0423,7.1301,2.039,10.5363,8.7195,8.7241,9.9818,11.3848,9.9818,2.3018,2.3018,2.3018,2.4632,9.9818,2.0432,9.9813,15.747,2.0553,5.919,8.4188,2.0335,2.0382,2.0494,11.6848,2.0555,2.245,2.245,2.4265,11.2251,13.7975,11.4045,2.0,2.0001,10.5208,8.0123,2.645,8.0123,9.5821,2.2426,2.0525,2.0635,10.7277,9.9854,2.2426,2.0571,2.2426,3.1792,2.0506,8.0005,8.0122,2.2427,9.9854,8.0122,5.0,5.3033,2.5,2.0429,2.0001,9.9854,2.2426,2.2426,9.9854,7.9383,2.5,2.0362,2.2426,3.1641,2.3323,2.0526,2.3322,2.0533,3.769,4.3455,2.3381,2.0596,2.3322,2.0504,2.2239,2.0613,2.3322,2.0645,2.0601,2.0438,2.3322,2.3322,2.3381,3.2322,2.3322,2.3322,4.7394,2.0592,2.3322,2.2737,4.0814,2.0529,5.6897,2.3324,2.0426,2.047,2.3127,2.0468,2.0531,2.0575,2.0507,2.2756,2.2756,2.0508,2.0524,2.0582,2.2757,2.2756,2.2757,2.2757,2.5,8.1735,6.2534,2.0516,2.0516,2.2757,2.0585,3.153,2.2756,2.2756,2.2756,2.2757,2.0701,2.1035,2.2756,2.3169,2.0564,2.0508,2.311,2.0371,2.3111,2.0453,1.0775,2.0594,2.0681,2.311,2.3111,2.311,2.311,2.311,2.0618,2.0567,2.0572,2.0604,1.2212,0.8919,1.2214,2.0554,2.0674,2.311,2.311,2.311,2.311,2.311,2.3111,2.311,2.0546,2.0648,2.0643,2.2524,2.2524,2.0592,2.2524,2.2524,2.0551,2.0547,2.2524,2.2524,2.2525,2.0666,2.054,2.2524,2.2524,2.2524,2.2524,2.2524,2.5,2.2525,2.2525,2.2525,2.2524,2.0526,2.1245,2.2583,2.0555,1.2203,1.6884,2.2492,2.2492,2.2534,2.5,2.0557,2.2492,2.2492,7.0997,9.9838,9.9838,4.2978,6.2718,4.4901,2.2493,2.2493,2.2492,4.3004,2.5,2.5,2.5,2.2492,2.2492,2.0562,2.065,2.0788,2.2492,2.2492,2.2492,2.2492,2.2492,2.8613,8.0144,9.9851,2.5,8.0144,2.2891,3.5574,7.9998,7.9998,9.9801,4.8505,2.289,2.289,2.289,2.5,9.9851,9.9851,2.289,2.5,9.9851,2.289,2.0447,2.5,9.9851,2.289,2.289,10.0145,4.092,9.9851,2.2957,2.289,8.0183,8.5046,2.5,2.2757,2.2756,2.2757,2.3271,2.2757,2.2756,1.2639,2.039,8.0138,2.2786,8.5335,11.0574,7.1102,2.0503,9.9868,7.3488,9.9868,2.07,2.5001,13.1299,8.5335,2.0731,4.7672,9.5535,2.2756,7.1102,2.0001,2.0,2.3669,17.7245,2.367,2.5,2.9586,9.9863,6.4551,11.1835,5.0,4.4753,2.5,9.9837,2.0811,2.3794,2.0001,2.3671,2.5,4.479,2.4382,2.5,2.3673,1.1631,2.367,2.2608,2.5,2.367,2.367,2.3671,9.9877,9.9877,9.9877,9.9877,9.9877,9.9877,9.9877
146,2.0,2.5,2.5001,2.2332,2.2333,2.2332,3.0965,2.9619,2.2333,7.0933,12.5618,2.2336,10.5684,2.0783,7.0933,4.2764,2.0676,1.0792,1.8391,1.1884,2.2332,2.0001,2.2333,2.2392,1.0792,9.982,2.5,9.9852,2.2373,2.2373,2.0597,8.0119,9.9846,8.0119,2.5001,2.2373,2.2372,2.0476,2.2418,5.1718,2.8372,7.5416,2.0438,9.9845,2.0535,3.4864,6.9751,2.2373,2.0423,9.3765,2.0393,11.4081,11.3024,7.0949,9.9813,11.3124,10.1549,2.2458,2.245,2.245,2.2451,9.9803,2.0432,9.9883,9.9826,2.2694,10.4846,9.9826,2.0341,2.0393,2.0393,8.6003,5.3368,2.2695,3.4561,8.0135,11.3473,11.3435,12.8036,2.0402,2.0405,9.9886,9.9826,8.0006,9.9826,11.3195,2.2541,2.0526,2.5001,11.3195,9.9848,2.2506,2.2507,2.2506,3.2179,2.0524,9.985,9.9841,8.0125,9.9848,8.0125,9.9841,6.9014,6.9463,1.5566,2.2506,9.9848,2.2506,3.5732,9.9848,9.9848,9.1441,2.0375,2.2507,2.5,3.0492,2.0539,2.2921,2.0456,7.1168,8.0146,2.5,2.292,2.292,2.0419,2.292,2.0614,2.0616,2.2924,2.0601,2.0609,2.5,2.5001,2.5,8.0146,2.8959,2.292,8.9847,2.292,2.5001,2.0528,2.292,2.292,6.4422,2.2921,2.0441,2.3266,2.5002,2.5,2.0531,8.0132,2.0502,2.2643,2.2642,2.2642,2.2642,3.3642,3.9895,2.2643,2.5,2.5,4.3144,8.0133,7.8228,2.059,2.059,2.2691,2.0729,2.2642,2.5001,2.2642,2.2642,2.5,2.2642,2.2642,2.2643,2.5,2.0564,2.0508,2.368,2.0371,2.368,2.0467,1.0718,2.0558,2.368,2.3681,2.5001,2.3746,2.5,2.3681,2.0647,2.057,2.368,2.368,1.4456,1.0552,1.688,2.0557,2.368,2.5,2.5001,2.5,2.96,2.5,2.9598,2.368,2.0641,2.0676,2.2677,2.3623,2.5942,2.3562,2.3562,2.3562,2.0646,2.3562,2.3562,2.3562,6.2526,2.3562,2.0629,2.3562,2.5,2.3634,2.3563,2.3962,7.142,2.3563,2.5,2.3563,2.3612,2.202,2.3562,2.5,2.3562,2.0464,2.0469,2.288,2.288,7.1152,4.287,2.288,2.3154,8.0989,7.1152,9.9866,9.9866,9.9866,7.7565,8.0144,2.5,5.7871,7.0967,8.3848,5.491,2.288,3.4585,2.2881,2.2881,2.064,2.0653,2.5,2.5,2.288,2.2879,2.288,2.5,2.2854,7.1142,8.0143,5.8446,9.9882,4.3525,7.3136,8.0143,4.9633,9.9885,3.733,2.5,2.2855,2.5,2.5382,9.9885,9.9882,2.2855,6.1228,7.1142,2.2855,2.0515,3.3083,7.5098,2.2854,2.2854,10.0143,5.3048,9.9872,2.8568,2.5,8.5815,9.984,2.5,2.3663,2.3663,2.3662,2.5,2.5,2.3662,2.0001,2.039,8.0183,2.3662,8.0183,12.7123,7.1465,2.0582,8.9303,8.0183,9.9829,2.07,2.5,15.8599,9.9829,2.0731,5.1221,9.3908,2.3662,7.1465,2.0001,2.0,2.0,11.592,2.3184,2.3185,2.5001,9.9861,7.1274,9.9861,8.694,4.4123,3.5155,8.694,2.3183,2.0952,2.0,2.3185,4.4092,2.3322,2.3187,2.5,2.3184,1.0086,2.102,1.8113,2.3182,2.3184,2.3184,2.8982,9.9888,9.9888,9.9888,9.9888,9.9888,9.9888,9.9888
147,2.2941,2.5,2.5001,2.2942,2.2942,2.5,4.3649,5.5252,2.3176,2.8676,11.3751,2.3146,8.9745,2.0868,7.1177,4.3486,2.0771,1.0792,1.0792,2.0,2.2942,2.0001,2.2943,2.2943,1.6952,8.6032,2.5,9.9816,2.2314,2.2314,2.2315,9.986,9.986,11.295,2.4499,2.2315,2.2314,2.0,2.5,7.6954,2.5001,8.1585,2.9288,9.9868,2.0537,3.014,5.2467,2.5,2.0417,9.986,2.2315,9.986,10.2818,12.3275,9.9826,11.3435,10.2445,2.5001,2.2694,2.2695,2.2695,9.9826,2.0428,11.2983,14.0154,2.234,11.2983,9.9878,2.0341,2.0394,2.2096,25.7824,4.9498,2.5,5.0728,8.103,17.2361,19.7091,17.1626,2.0402,2.0405,9.9878,11.8011,8.0117,9.9878,8.0127,2.2582,2.0527,5.2209,12.1766,9.9888,2.2547,2.2547,2.2546,9.4831,2.0557,10.0128,9.9888,9.9889,9.9897,8.0128,9.9888,8.0128,8.0127,2.0429,2.5,9.9888,2.2547,8.0128,9.9897,9.9869,9.313,2.0379,7.0653,3.2173,7.4459,2.3398,2.6729,2.0458,9.1509,10.3922,6.7965,2.3398,2.3398,2.0519,2.3455,2.0616,2.0617,2.5,2.1316,2.3398,8.0171,2.5001,3.115,8.0171,2.5,2.5,9.9826,2.3398,2.5001,2.915,2.3398,2.3398,8.017,2.3399,2.0441,2.3136,3.4539,3.4793,2.0534,11.2077,2.0568,2.2823,2.277,2.277,2.5,2.277,2.5,2.2779,2.5,5.5085,2.5,9.9831,2.9142,2.277,2.277,3.1071,2.277,2.2771,2.5001,2.277,2.277,2.5,2.2847,2.277,5.7681,2.5,2.0564,2.2322,2.2322,2.0371,2.2322,2.0467,1.0775,2.0558,2.2322,2.2323,2.5,2.2323,2.237,2.2323,2.1184,2.2322,2.2322,2.2322,1.4207,1.0525,1.4317,2.2322,2.2323,4.2384,3.5972,7.0929,4.2752,2.7901,3.1351,2.2323,2.2578,2.193,2.2578,2.5,6.0987,2.2578,2.2579,2.2579,2.0646,2.2578,2.2578,2.2578,7.3339,2.2578,2.0629,2.2578,2.2578,2.2579,2.2578,2.7916,7.5666,2.2579,3.7856,5.3223,2.2579,2.2578,2.2579,4.6334,2.2578,2.045,2.0469,2.5,2.2123,4.0473,3.6964,2.2085,2.2084,2.6182,9.9819,9.9813,9.9819,11.2657,9.9819,9.9813,2.5,8.7532,8.0104,9.9813,7.0834,2.2119,6.7511,2.2085,2.2084,2.0641,2.0746,2.5,2.5,2.2084,2.0573,2.2084,2.2084,2.2196,2.5,8.011,10.6306,9.981,2.2196,2.8628,8.3235,7.0878,9.9815,7.2834,2.2196,2.2197,3.3793,3.4133,9.9815,9.981,7.2461,8.3663,3.9091,4.2423,2.0515,7.0878,9.5048,2.2196,2.2197,9.9837,8.9981,9.981,2.7745,2.5,7.0904,9.9876,2.8474,2.2885,2.2884,2.2884,2.5,2.5,2.2884,2.0,2.2884,8.0145,2.2918,8.0144,13.7698,3.0218,2.2884,9.984,8.1041,9.445,2.0703,2.2886,17.1788,9.984,2.0731,6.487,9.984,2.2885,4.3845,2.0,2.0,2.0,10.0106,2.2102,2.2102,2.7626,9.9816,7.0841,11.1051,8.0105,6.4879,2.2102,8.1483,2.041,2.2103,2.0803,2.5001,4.2702,2.2102,2.5,2.5,2.2104,0.6661,2.0674,0.5996,2.0001,2.063,2.2191,2.5001,9.9876,9.9876,9.9876,9.9876,9.9876,9.9876,9.9876
148,2.3136,2.892,8.0157,2.3246,2.3136,8.0158,2.5522,2.5,2.3142,7.1254,11.3168,2.3137,8.2228,2.0792,7.1254,4.3716,1.6157,1.4903,1.0792,2.0,2.3136,2.0,2.3136,2.5,2.077,7.5793,2.5,9.9843,2.3038,2.3038,2.3093,9.9888,9.9888,10.9988,2.3039,2.3039,2.3038,2.0476,2.5001,9.2844,2.8798,8.0152,9.989,9.9888,2.3039,7.0885,4.8754,3.7628,2.0423,9.9846,2.5,9.9888,9.9888,11.3873,9.9826,9.9878,9.9878,2.5001,2.234,2.5,2.2341,9.9846,2.0432,9.9889,9.9889,2.5,19.7245,14.5836,2.0341,2.351,2.351,25.7824,4.0686,2.351,3.5106,8.0176,10.0177,10.0176,15.0589,2.0402,2.351,12.7662,9.9817,9.9817,9.9877,22.8268,2.326,2.3261,9.9131,18.1958,10.4021,6.4658,2.3308,2.326,9.9894,2.326,11.1272,9.9894,10.0164,9.9894,9.9846,10.0163,9.9846,8.0163,2.0492,8.6246,11.0633,2.3261,9.9873,11.9289,9.9894,10.0165,2.0422,9.9846,7.1304,9.9836,2.3896,7.1558,2.0549,9.9836,12.668,6.9735,2.3896,2.3896,2.0624,2.5,2.3896,2.1144,2.5,2.3896,2.3896,9.8114,7.1558,6.452,9.9836,2.5,7.4662,10.0562,2.3896,5.4871,3.3448,2.3896,2.3896,11.4967,2.3896,2.0441,2.5,3.9689,9.9843,2.0639,10.0141,2.0569,8.0141,2.2822,2.2822,6.6683,2.2822,5.7838,2.2876,5.2737,8.8381,8.0141,9.9893,6.277,2.2822,2.2822,3.3093,2.2822,2.5,5.4605,2.2822,2.2822,2.5,2.2822,2.2822,9.9978,3.9172,2.0567,2.3056,2.3056,2.0448,2.3056,2.0467,2.0453,2.057,2.3056,2.3116,2.3057,2.5,2.5,2.3057,2.3056,2.3056,2.3056,2.3056,2.0526,2.0529,2.5955,2.3056,2.3056,4.3637,2.5001,7.1222,3.5059,4.089,5.3821,2.3057,2.2993,2.2992,2.2993,2.5,3.1974,2.2992,2.2993,2.2993,2.2992,2.2992,2.2992,2.2992,7.1197,2.2992,2.063,2.2992,2.2993,2.2993,2.2992,7.1197,9.9835,2.2993,4.4919,7.1197,2.2993,2.2992,2.2992,5.4502,2.2992,2.0538,2.0469,2.5,2.5,3.7399,5.5773,2.2939,2.3044,6.9755,9.9838,9.9838,9.9838,10.0147,9.9838,9.9838,6.2827,9.9838,10.662,10.0147,9.9809,2.2938,3.209,2.2939,2.2939,2.0641,2.2938,2.383,2.2938,2.2938,2.2938,2.2938,2.5,2.5,9.9834,7.0854,9.9836,9.9868,2.3464,4.8717,9.9836,9.9834,9.9836,9.4248,2.5,2.5,5.8272,2.5,9.9852,9.9868,9.9852,9.9852,9.9834,3.9263,4.2508,2.5,4.6712,2.2134,2.5,9.9868,5.6959,9.9834,2.2135,4.358,4.5674,9.9849,3.1497,2.5001,2.226,2.226,2.5,2.5,2.226,2.0,2.5,9.9806,2.492,8.0002,16.3112,9.9806,2.2261,9.9899,9.9876,9.9858,2.0,2.226,16.7184,10.4442,2.0731,8.3475,9.9806,2.226,4.6532,2.0,2.249,2.0,11.13,2.5,2.5502,7.0996,9.9801,3.6886,11.1245,9.9831,4.3225,2.2491,8.3629,2.5,2.7236,2.0,4.6782,7.0996,2.2491,2.5,2.5,2.2491,0.7766,2.0797,1.4157,2.0001,2.0747,2.5001,5.3109,9.9853,9.9853,9.9853,9.9853,9.9853,9.9853,9.9853
149,2.3162,7.8792,9.9845,2.5,2.5503,9.9845,2.5,5.5645,2.3163,7.1265,16.6257,2.5,8.4195,2.0933,5.9671,4.3747,2.0771,1.5031,1.822,2.0805,2.3243,2.0001,2.5,2.5,2.1397,9.9858,2.5021,11.8447,2.3192,2.3192,2.3193,13.6732,9.9849,17.3383,2.899,2.3192,2.3193,2.3192,4.34,9.9836,2.5001,8.8794,11.407,9.9836,2.5,8.697,9.9836,9.5443,2.0423,9.9829,5.9404,9.9836,9.9836,9.9836,9.9817,9.9877,11.755,2.5001,2.3511,2.5322,4.8284,9.9817,2.351,20.9994,9.9806,2.6762,18.8967,9.9888,2.0341,2.5,2.0387,15.3199,6.5547,2.847,2.3066,2.3066,9.9819,14.4546,10.3124,2.0402,2.3066,9.9888,10.0154,9.9806,11.3889,9.981,8.0153,2.0422,9.981,14.2196,10.4017,6.554,7.897,2.305,10.0153,2.305,10.0153,9.982,9.9879,12.3843,4.3359,9.9879,7.122,4.0288,2.0494,9.981,9.982,2.3051,10.4362,9.982,9.982,9.981,2.0383,9.981,7.1373,9.9861,2.3432,9.9828,2.055,9.9875,15.0445,18.565,5.3758,4.7419,2.0529,4.3672,2.3432,2.0616,5.1031,2.3432,2.3432,9.9875,9.9861,9.7997,9.9861,10.771,9.9861,11.1867,2.3432,9.9828,2.3491,2.3432,2.3432,12.8593,2.3432,2.0439,9.982,4.7342,12.1195,2.2408,17.8516,2.2409,7.4763,2.2409,2.0592,2.5,2.5,7.0963,2.2409,2.6476,9.9836,9.9836,9.9836,3.8579,2.3097,2.2408,7.0963,2.2408,10.3942,7.0963,2.2408,2.2408,9.9818,2.2408,2.2408,9.1692,2.6062,2.3218,2.3218,2.3218,2.045,2.3219,2.0462,1.2028,2.6801,2.3218,3.2328,2.5,2.887,5.5723,2.5,2.0646,2.3219,2.3218,2.3273,2.0513,1.9701,2.0524,2.3218,4.8779,7.5629,6.6268,3.5856,3.5863,2.5,2.5001,3.8665,2.0641,2.2094,2.2094,3.5793,2.5001,2.2094,2.5,2.2094,2.2094,2.2094,2.2094,2.2094,7.0838,2.2095,2.2094,2.2094,2.5,2.2097,2.9138,9.9829,9.9829,2.5001,9.9829,3.8143,2.2094,2.2094,2.2095,2.2142,2.2094,2.0462,2.0469,2.5,2.1795,9.9803,2.5,2.1794,2.1794,9.988,10.8473,9.988,9.988,9.988,9.988,9.9813,8.009,9.985,9.9803,9.988,9.9803,2.1794,8.009,2.1794,2.1794,2.1794,2.1794,2.5,2.5,2.1793,2.1794,5.1573,2.1461,2.5001,9.9826,9.9803,10.0073,9.9866,2.146,3.7131,9.9803,6.3328,9.9866,9.9803,2.5,2.1461,5.5549,9.5354,9.9826,9.9866,8.5038,11.6196,9.9866,9.5305,3.4255,2.146,9.9803,2.146,2.5,9.9866,9.9803,9.9803,2.146,9.9829,6.5042,9.9873,2.5,2.7738,2.2653,2.2652,2.5,3.9194,2.2653,1.9526,5.1318,9.9849,2.5808,8.0005,19.6755,9.9826,2.5,9.9849,14.2158,9.9849,2.0,2.2652,14.243,21.4648,2.0731,8.4945,9.9826,2.2652,2.2653,2.2652,2.3434,2.0,10.0172,7.1374,2.9291,2.9662,9.9812,6.6909,9.9812,9.983,7.1374,2.3435,9.9812,3.6571,2.5,2.0,8.7805,9.9812,2.5,2.5,2.7586,3.9229,2.0,2.1099,1.5489,2.3434,2.1031,2.3437,5.9168,10.4525,10.4525,10.4525,10.4525,10.4525,10.4525,10.4525
150,2.304,5.3238,9.982,2.5,2.3041,9.9863,5.3604,2.3286,2.3756,5.38,23.7516,4.4074,9.9863,2.0897,4.3602,4.532,0.919,1.4646,1.0882,0.9882,2.304,2.0,2.304,5.1444,2.304,9.9836,6.8518,12.0043,2.3312,2.0681,2.3312,9.9855,9.9855,9.9838,2.3313,2.3316,2.0483,2.3315,2.5,9.9838,2.3313,7.2755,8.0166,9.9853,2.3312,2.6329,9.9818,9.9818,2.0526,6.6713,9.9853,9.9918,9.9838,15.6969,9.9806,9.9824,10.6956,2.3067,2.3066,2.3117,5.3307,8.6498,2.3066,23.2527,9.9818,5.9275,12.5556,9.988,2.0337,2.5,2.0387,20.4867,2.9852,2.5,2.2836,2.331,9.988,9.988,10.7988,2.0402,2.9206,9.9894,18.2464,9.9818,11.4381,9.9818,9.9836,2.0422,11.4381,17.1697,11.1658,5.5313,7.2293,2.3436,10.0172,2.3436,10.0172,9.9849,10.3125,12.0128,6.1591,9.9855,7.9902,2.5,2.0494,9.9849,17.7434,2.3437,14.6267,9.9849,9.9849,9.9849,2.0385,9.9849,7.127,12.294,2.3175,8.53,2.0551,9.9838,13.2595,20.1883,2.5,8.016,2.0529,5.7772,2.3174,2.0618,7.5892,2.0606,2.3174,9.9838,9.9803,7.8607,9.9803,6.3768,9.9803,9.9803,3.7418,9.9803,2.081,2.3174,2.3174,9.988,2.0778,2.0439,9.985,8.0177,14.6068,2.5,9.9876,2.3088,6.7321,2.3086,2.0756,3.6515,3.4045,9.9873,2.3086,3.7802,9.9893,9.9876,11.3935,3.9739,2.2487,2.3086,5.7943,2.3086,13.1854,8.8442,2.3086,2.3086,9.9876,2.3087,2.3086,11.358,8.3458,2.3422,2.3422,2.3422,2.0462,2.3422,2.0464,1.0528,2.2006,2.3422,2.5,6.6052,2.3423,11.3671,2.3422,2.0646,2.0642,2.3423,2.3422,2.0513,1.3443,2.0508,2.3422,4.0186,7.1369,2.5001,5.0569,2.9403,2.3479,2.5001,2.8328,2.0798,2.2662,2.2662,9.5281,2.2663,2.2662,2.5,2.2662,2.2662,2.2662,2.2662,2.2662,7.9278,2.2663,2.2662,2.2662,2.2663,2.2662,2.5,9.9834,9.8978,3.2759,11.2612,6.3823,2.2662,2.2662,2.2662,2.5,2.2662,2.0462,2.046,2.5,3.2837,8.3977,2.1973,2.1972,2.1972,9.9872,9.9898,9.9872,9.9872,9.9898,9.9898,9.9827,7.1466,9.9872,9.9802,9.9898,9.9827,2.1972,8.9061,2.1972,2.1972,2.0565,2.1972,2.5,2.1972,2.1971,2.0542,7.8307,2.2074,4.7066,9.9859,9.9832,11.4776,9.9859,2.2074,4.2853,9.9859,7.738,9.9859,9.9859,2.6349,2.2074,6.8259,4.857,11.5826,9.9859,8.3638,12.1927,9.9859,9.4741,2.2075,2.2074,9.9859,2.2074,2.5,9.9859,9.9832,7.083,4.7387,9.9815,5.4319,9.6315,2.8498,7.3693,2.0404,2.3068,7.121,9.9829,2.3025,1.428,9.9829,9.9873,2.3097,8.0151,19.3808,14.11,2.6676,9.9829,17.9623,9.9829,2.0,8.0008,12.8673,20.8896,2.0731,2.878,2.6887,2.0001,7.121,2.0,2.5,2.0,26.8401,2.5001,7.1262,9.9839,9.9838,2.3815,9.9832,9.987,7.1262,2.3156,10.1071,2.5,2.5,2.0,9.9832,11.1578,3.053,2.3162,2.5001,2.316,0.9918,1.3684,0.8626,1.0784,0.6925,2.3286,8.0158,16.3335,16.3335,16.3335,16.3335,16.3335,16.3335,16.3335
151,2.3552,2.5,9.9814,2.5,2.3553,4.92,4.8809,2.3553,2.5708,3.1926,5.7665,2.6808,9.9814,2.098,2.372,2.5,1.0734,1.1043,2.0,1.0191,2.5,2.0,2.0923,2.3553,2.077,9.98,3.7003,31.3068,2.3198,2.3198,2.3198,9.9887,9.9887,9.9845,2.3199,2.3199,2.3203,2.5001,2.3199,9.9845,2.3199,2.5,4.42,9.9847,2.3199,4.5405,9.9847,9.7179,2.0526,4.7059,9.9887,9.9847,9.9847,16.3569,9.9815,9.988,9.988,2.331,2.331,2.331,2.5001,9.9818,2.3026,9.9828,9.9866,3.2353,15.2718,9.9866,2.0337,2.6819,2.0385,15.7546,2.3026,2.3026,2.0542,2.3026,9.9871,9.9866,6.1924,2.0402,2.3026,9.9871,15.7899,9.8232,11.3593,24.6007,9.9819,2.0422,10.6667,15.268,11.4,2.2819,8.0142,2.5,9.9883,2.2818,9.9885,9.9865,9.9885,11.0586,10.3729,9.9883,5.577,2.5,2.0495,9.9865,9.9883,2.2819,16.3076,9.9819,9.9885,9.9819,2.0373,9.9819,5.4303,16.9325,2.3217,8.9482,2.0461,9.988,15.2355,9.6443,2.5,9.988,2.0514,4.3441,2.3216,2.0618,2.5001,2.0608,2.3216,22.7365,9.9823,8.431,9.988,9.7441,9.988,9.988,6.954,18.9132,2.0821,2.3216,2.3216,9.9894,2.0788,2.0439,10.0164,8.0165,12.8399,3.1052,16.4256,2.2926,9.9818,2.2872,2.0704,2.5,5.1667,9.9818,2.2873,3.9182,9.9892,9.9831,10.1403,4.2251,2.0775,2.2873,9.9818,2.2872,19.7714,14.7232,2.2872,2.2872,11.4493,2.5,2.2872,10.0167,7.133,2.3326,2.3326,2.3326,2.0464,2.9197,2.0464,0.9543,2.3326,2.3326,2.5504,6.1351,3.6941,9.9404,2.3326,2.0564,2.0643,2.3326,2.3326,1.3064,1.0525,2.0508,2.3326,4.1114,7.1331,3.4603,7.7417,4.3637,8.6192,5.4159,2.8508,2.2231,2.2806,2.2806,9.5458,2.2807,2.2806,2.5,2.2806,2.2806,2.2806,2.2806,2.2806,7.1122,2.2807,2.2806,2.2806,2.2806,2.5,2.2808,9.9896,9.1396,2.5001,10.5095,6.6576,2.2806,2.2806,2.2806,2.5,2.2806,2.0538,2.0462,3.8321,2.5,9.544,2.1892,2.1892,2.1892,9.9848,9.9893,9.9893,9.9893,9.9893,9.9893,9.9833,7.9514,9.9893,9.9833,9.9893,9.9833,2.1892,10.0096,2.1892,2.1892,2.0565,2.0663,2.5,2.1892,2.1892,2.052,9.9283,6.9763,6.0021,9.9878,8.0107,13.8215,9.9805,2.2136,4.7607,9.9805,6.8278,9.989,9.9805,7.3349,2.8327,6.0082,2.767,11.0887,11.4039,7.8962,17.0499,9.9874,8.5766,2.2136,2.2137,9.9805,2.2136,2.2139,9.9878,9.9805,2.3683,7.4483,9.9864,2.5001,9.9815,4.5531,6.3162,2.035,2.2835,2.5,9.9815,2.2835,0.8059,9.9815,9.9825,2.5,8.0002,17.9168,14.3459,7.4909,9.9815,17.9622,9.9815,2.0,4.751,13.0264,15.2856,2.0731,7.826,8.0002,2.0001,8.0002,1.0773,2.2578,2.0,13.9256,2.2578,6.6027,9.0095,9.9844,2.0786,9.9836,9.9844,2.2582,2.5,9.9844,3.7628,9.9836,1.2572,9.9836,9.988,2.7577,5.2393,2.7852,2.2578,1.3636,1.4392,1.315,0.97,0.5399,2.2581,9.9844,16.2282,16.2282,16.2282,16.2282,16.2282,16.2282,16.2282
152,2.2728,2.5,8.912,2.5,2.5,4.3368,4.6765,2.2729,2.5,5.6448,4.3658,2.3051,10.4641,2.0805,2.5,2.2728,0.7874,1.0792,1.4894,0.7874,2.5,2.0527,2.2097,2.9829,2.0,9.9822,2.5,11.435,2.2852,2.2852,2.2852,9.9848,9.9848,9.9818,2.4826,2.5001,2.5,2.2904,2.2905,9.9818,2.5,2.8046,5.546,9.9818,2.2852,3.0972,9.9848,9.4111,2.0527,2.5,9.9848,9.9848,9.9818,11.1412,9.9866,9.9866,9.9866,2.3026,2.0544,2.3026,7.6451,9.9866,2.3914,9.9814,9.9872,3.941,11.9023,9.9889,2.0337,5.8827,2.0387,17.2739,2.3915,2.3914,2.0438,2.3914,9.9889,15.0025,3.264,2.0402,2.3915,9.9889,9.9814,8.0197,11.4139,28.5988,9.9835,2.0424,12.2145,9.9884,11.8091,2.3246,9.604,2.33,9.9884,2.3246,9.9884,9.9835,12.269,9.9884,8.668,9.9875,3.2852,2.5,2.0494,9.9859,9.9884,2.5,14.9895,9.9835,9.9884,6.5628,2.0375,9.9859,3.0888,14.8682,2.3559,6.3811,2.0461,9.9817,13.2133,8.8369,2.3559,9.9806,2.0516,2.5,2.3558,2.0619,2.5,2.0609,2.3558,9.9853,9.9805,5.4449,9.9805,9.4608,9.9805,9.9805,4.6249,24.6317,2.0793,2.3558,2.0908,9.9817,2.0872,2.0426,9.9807,2.3267,8.0144,2.5,9.9855,2.069,9.9829,2.2874,2.0594,2.469,5.1429,9.9855,2.2874,3.6861,12.6201,9.9855,13.4909,2.8684,2.0776,2.2874,9.9829,2.2874,9.9821,22.3297,2.2874,2.2874,24.6406,6.6333,2.2874,11.073,7.2404,3.0752,2.2264,2.2264,2.0464,2.6905,2.0467,0.9117,2.1147,2.2264,2.5,8.2588,4.687,9.9825,3.6723,2.0567,2.0643,2.2264,2.2264,2.0513,0.8892,1.5346,2.2264,3.4275,7.7461,5.2568,7.0906,3.6149,9.1992,5.4608,2.5,2.0641,2.283,2.283,9.5816,2.283,2.283,2.5,2.283,2.056,2.283,2.283,2.2831,7.2815,2.283,2.283,2.283,2.283,2.5,2.2831,9.9706,9.0752,4.4729,10.0143,3.2464,2.283,2.0489,2.283,2.5,2.0557,2.0464,2.0462,3.9017,2.5,9.0963,2.184,2.184,2.184,9.9832,9.9844,9.9841,9.9841,9.9844,9.9841,9.9831,2.5059,9.9831,8.978,9.9831,9.9831,2.184,10.0093,4.2199,2.184,2.149,2.0663,2.5,2.184,2.184,2.0506,6.6706,7.0798,8.7912,9.9879,8.0101,10.5737,9.9824,2.1994,2.5,9.9824,4.9528,9.9838,7.0799,9.1874,3.0651,5.5915,1.5969,9.9879,9.9879,7.3184,14.5317,9.9879,9.9014,2.1994,2.1994,4.0575,2.1994,2.1995,9.9879,9.9838,2.1995,5.3439,9.981,2.2269,9.9864,6.6731,6.1684,2.035,2.1858,2.5,9.9864,2.1859,0.4806,9.9864,9.9864,2.1858,2.5001,21.6206,9.9054,9.9864,9.9864,12.2129,7.1557,2.0,4.1432,9.9864,19.1502,2.0731,7.0743,8.0003,1.0773,6.6416,0.9634,2.2354,2.0,11.7385,2.2356,6.275,8.3828,9.9837,2.0718,9.9837,9.9837,2.2354,2.7941,9.7136,2.5,9.9837,1.4224,10.0118,9.9861,2.2457,2.2355,3.2781,2.2354,1.7755,1.3453,1.0784,0.6721,0.4696,2.2357,9.9993,20.5096,20.5096,20.5096,20.5096,20.5096,20.5096,20.5096
153,2.3458,2.5,9.6064,3.8309,2.5,4.8043,4.8576,2.3459,2.4278,3.1081,23.3441,2.3459,10.1728,2.0792,2.5,2.3458,0.9175,1.0792,1.0792,0.9303,2.5,2.3458,2.3458,3.556,2.0,8.2928,2.5,14.1301,2.0596,2.0596,2.3536,9.9898,9.9898,9.9806,2.5,2.5001,2.3537,2.3537,2.5,7.4999,2.5702,4.2504,3.9239,9.9806,2.3536,2.3537,9.9898,9.1423,2.0423,2.3537,9.9898,9.9898,9.9806,14.4471,9.9872,9.9889,9.9872,2.3914,2.0543,2.3915,9.9814,9.9872,2.3534,9.9815,9.9861,2.6738,10.0177,9.9861,2.0337,3.5277,2.0,18.295,2.3534,2.3534,2.0432,2.3534,9.9861,15.3171,3.5993,2.0,2.3534,9.9861,8.0177,5.7327,10.0214,19.4667,9.0606,2.0424,11.5398,9.9855,11.2625,2.4234,8.1554,2.4234,10.0212,2.4234,9.9808,9.9808,11.3154,9.9855,13.6322,10.0213,2.4235,2.5,2.0494,9.9808,12.6414,2.4235,13.9747,9.9808,9.9855,7.1694,2.0375,9.9808,2.9476,6.6195,2.3582,4.4926,2.0447,9.9865,13.233,2.5,2.3583,8.0179,2.0516,2.5,2.3583,2.0619,2.5,2.0607,2.3582,9.9891,9.9849,2.5,9.9849,5.3037,9.9849,9.9849,2.3582,16.5019,2.0531,2.0914,2.0914,9.9849,2.0546,2.0426,9.9841,2.3126,5.3578,2.5,12.0743,2.0677,9.9819,2.2818,2.0593,2.5,2.5341,9.9865,2.2818,2.5,11.7062,9.9819,12.9316,2.2879,2.0526,2.2818,9.9819,2.2819,9.9819,20.033,2.2818,2.2818,11.1761,5.6384,2.2818,11.1612,7.1161,2.357,2.2902,2.2902,2.0464,3.5401,2.046,1.0528,2.0573,2.2902,2.5,10.2978,2.2902,7.9961,2.0654,2.057,2.0643,2.2902,2.0639,1.1148,0.8179,1.0904,2.2902,2.2903,2.416,2.5686,7.1161,2.2903,5.3628,5.6059,2.273,2.0554,2.2678,2.2678,7.8616,2.2678,2.2678,2.2679,2.2678,2.0557,2.2678,2.2678,2.2678,6.6883,2.2678,2.2678,2.2678,2.2679,2.2679,2.2678,8.1039,7.8014,2.5,9.983,2.5,2.2678,2.0489,2.2678,2.5,2.0487,2.0464,2.0462,5.1598,2.2171,6.9691,2.05,2.217,2.217,9.9825,9.9834,9.9833,10.0109,9.9834,9.9825,8.2759,2.5,7.7991,8.0109,9.9825,8.9779,2.217,10.0059,2.217,2.217,2.0565,2.217,2.2625,2.0629,2.217,2.0597,6.1425,8.0126,8.4158,9.9838,2.5354,10.3595,6.9444,2.25,2.25,8.4375,5.1893,9.9838,2.8122,9.9825,2.25,2.294,2.064,9.9838,10.3808,7.2368,10.2664,9.9838,8.1202,2.2501,2.25,2.5,2.25,2.25,9.9838,9.9825,2.2501,2.2501,9.9801,2.2791,9.981,2.5,2.5001,2.0404,2.2266,2.8681,9.981,2.2266,0.6452,9.981,9.981,2.0545,2.7831,20.9579,4.6803,9.981,9.9818,12.7447,7.0906,2.0,2.5475,11.133,16.3515,2.0731,2.2267,4.7097,2.0001,4.4897,1.0297,2.6726,2.0,19.8388,2.5001,5.7833,8.0126,7.2738,2.4791,9.9844,9.9844,2.2522,4.6253,6.5846,3.0908,10.1664,2.0,12.1827,9.9844,2.2523,2.2522,2.5001,2.0797,2.0795,1.4918,0.7193,0.7201,0.5029,6.0812,9.9898,20.2173,20.2173,20.2173,20.2173,20.2173,20.2173,20.2173
154,2.3588,2.5,8.0179,3.9267,2.5,9.9814,7.1435,2.3589,2.3589,3.1837,8.0179,2.3589,4.4216,2.0792,2.5,8.2067,1.0792,1.0734,1.0792,0.9664,2.3674,2.3588,2.3588,2.5,2.6954,2.827,2.5,11.6363,2.4034,2.2307,2.4034,11.796,10.4054,9.9809,2.5,4.4297,2.4034,2.4035,2.4035,2.5001,4.52,2.4214,2.5,6.8538,2.4034,2.3989,9.9839,2.5,2.0528,2.5,9.9816,9.9816,8.2319,11.4506,9.9815,9.9861,9.9861,2.3534,2.0441,2.3536,9.9815,9.9854,2.3814,19.6392,9.9803,2.5,6.3392,9.984,2.0337,2.5,2.0387,11.4863,2.0559,2.3814,2.0438,2.3814,9.984,11.4863,4.4407,2.0001,2.3814,9.984,5.8621,4.2406,2.5001,18.2829,8.0205,2.0424,9.192,9.99,10.6708,2.0492,7.1637,2.4092,9.9882,2.4092,9.9882,9.8826,9.9882,9.99,2.5,9.9882,2.0715,2.4093,2.0429,9.9862,9.9882,2.4092,13.3385,8.0205,15.4076,6.4789,2.0377,9.9862,2.4788,2.4787,2.0454,2.4788,2.0461,9.9817,8.024,2.4786,2.4786,2.5,2.0532,2.4883,2.4786,2.0617,2.4871,2.0607,2.0613,9.9817,6.5971,2.5,9.9817,2.5,7.1915,11.4012,2.4786,5.5983,2.0531,2.0531,2.0531,7.8519,2.0455,2.0355,9.9801,2.3282,2.2967,2.2966,9.9849,2.0712,9.9849,2.2966,2.0593,2.2967,2.2967,9.9849,2.2966,2.2967,9.9883,9.9851,11.3782,2.2966,2.051,2.0803,7.8531,2.2966,5.3469,16.8367,2.0802,2.2966,12.1836,4.5742,2.2966,10.018,2.5,2.0656,2.3582,2.3582,2.0464,3.9654,2.0448,1.0349,2.0575,2.3582,2.3583,5.6771,2.5,5.9491,2.3582,1.4504,2.0567,2.0825,1.2924,0.9887,0.9884,1.0396,2.0554,2.3582,2.3582,2.3582,7.1433,2.3583,2.5,2.3653,2.292,2.0554,2.0588,2.292,3.0824,2.292,2.292,2.292,2.292,2.0557,2.292,2.292,2.292,2.7028,2.292,2.0554,2.292,2.292,2.292,2.292,6.8733,2.7717,2.292,9.8574,2.2921,2.0633,2.0447,2.292,2.292,2.0472,2.0464,2.0462,2.8435,2.2682,2.2683,2.0617,2.2682,2.2682,7.8971,9.9804,9.9804,10.0134,9.9804,8.3278,3.4594,2.2683,2.5,2.5,7.9203,3.3781,2.2682,5.584,2.2682,2.2682,2.0562,2.2682,2.2682,2.0778,2.8649,2.0738,2.9155,9.1984,7.0034,9.9821,2.2716,10.0136,6.0007,2.2716,2.2716,2.2716,2.2717,7.2899,2.2716,9.8633,2.0696,2.0696,1.0776,8.8023,9.9832,6.2697,6.0277,9.9821,2.2717,2.2716,2.2717,2.2717,2.2716,2.2716,9.9832,9.9821,2.2717,2.0651,8.0162,2.3248,9.9801,2.5,2.2791,2.0404,2.279,2.5,9.5857,2.279,0.7946,9.9801,9.9801,2.0002,2.8488,20.406,5.0216,9.9801,9.9803,14.1872,8.8779,2.0,2.8488,9.9801,10.3313,2.0731,2.279,2.5,2.0,2.8488,1.0773,2.2917,2.2914,11.7535,2.2916,8.2807,7.1166,9.9817,2.9186,7.4705,8.0149,2.2914,2.5,3.0633,3.5425,9.9894,2.2914,9.3544,9.9844,2.0948,2.4585,7.1166,2.0921,1.2839,1.6572,0.82,0.7225,0.6396,6.5485,10.1452,14.0536,14.0536,14.0536,14.0536,14.0536,14.0536,14.0536
155,2.3344,2.5001,7.1338,2.8088,2.5,2.9178,11.4264,2.3345,2.3345,2.967,2.0001,2.3345,2.5,2.0792,2.5,2.3343,1.0111,1.0388,1.0792,0.9594,2.5,2.0,1.927,2.3345,2.0,2.402,2.402,10.5707,2.402,2.0503,2.402,9.985,9.0075,4.2607,2.402,2.5,2.402,2.4021,2.5,2.402,7.1711,2.402,2.4091,2.5,2.0438,2.402,9.985,2.402,2.0423,2.4021,9.985,9.985,2.4074,3.8147,8.0191,9.984,11.7056,2.3816,2.0441,2.3814,9.9803,4.4496,2.4428,14.7715,2.7432,2.4428,2.042,9.7213,9.1695,2.5,2.0387,9.987,2.0447,2.4428,2.0432,2.0426,10.0224,12.6513,2.5,2.0001,2.4429,9.6559,2.4428,8.0222,2.4486,10.0222,8.0222,2.0426,10.9861,9.9833,9.9833,2.4431,7.1772,2.443,9.9819,2.443,9.9833,7.0264,9.9833,9.9833,2.0407,9.9819,2.0494,2.443,2.0429,9.9819,9.4464,2.443,13.8273,7.1772,10.0222,8.0222,2.0377,9.9809,2.4728,2.4728,2.0542,2.4728,2.0461,9.9844,7.9998,2.4728,2.4728,2.5,2.0519,2.4728,2.4728,2.0619,2.4728,2.0608,2.0612,9.9844,9.9844,2.5,9.9844,2.4811,2.8649,8.5277,2.4728,9.969,2.1206,2.0532,2.0531,2.5,2.0469,2.0355,9.9806,2.3704,2.3206,2.3206,2.5806,2.3206,9.98,2.3206,2.0593,2.3206,2.3206,8.4096,2.3206,2.5,9.9895,9.9836,9.9895,2.3206,2.0526,2.0868,8.0161,2.085,2.5,10.88,2.085,2.0902,11.5403,4.8362,2.3206,7.1693,2.4233,2.0656,2.4232,2.3695,2.0467,6.4407,2.0462,1.0064,2.0575,2.4232,2.4232,2.5,3.0721,5.1675,2.0634,1.2799,1.2354,2.0974,2.3242,1.1679,1.1194,1.1593,2.0557,2.1018,2.4232,2.4232,5.1489,2.625,2.4232,2.4232,2.4536,2.0641,2.4536,2.4536,2.4536,2.4536,2.4536,2.4536,2.4536,2.4536,2.4536,2.4536,2.4536,2.4537,2.4536,2.0554,2.4536,2.4536,2.4536,2.4536,3.462,2.7325,2.4536,7.5083,2.4538,2.0978,2.0447,2.4536,2.4536,2.0487,2.0539,2.0464,5.9166,2.0857,2.0516,2.0514,2.3792,2.3792,4.1397,9.9833,9.0127,7.9284,9.8577,7.1517,2.5,2.3793,2.3792,2.3793,6.6478,2.5,2.0987,3.7925,2.3791,2.0929,2.0929,2.3792,2.1103,1.7,5.1526,2.3792,2.3792,7.647,7.6349,9.983,2.3698,9.9895,3.6454,2.1017,2.1017,2.3698,2.3698,2.3698,2.0946,5.1389,1.9147,2.0946,2.0683,9.986,5.7847,2.3699,5.6761,4.694,2.3698,2.3698,7.1479,2.3699,2.3698,2.3698,9.983,9.986,2.3699,2.0593,4.9361,2.3556,3.8028,2.0391,2.3249,2.0404,2.3248,2.325,8.0162,2.0318,0.8784,9.9804,5.909,2.0,2.906,10.7443,2.0515,9.9856,9.9856,15.0234,2.5,2.0,2.3248,8.726,11.8633,2.0731,2.3349,2.5,1.3214,2.3249,1.0228,2.2514,2.2514,7.1006,2.2514,5.4598,7.9998,8.0126,4.488,2.0767,2.5,2.2046,2.5,5.2597,7.2193,9.9896,2.2514,3.4982,9.9849,2.2514,2.2633,2.8787,2.0001,0.7899,1.4296,0.7174,0.6233,0.6196,4.2168,6.7181,9.9896,9.9896,9.9896,9.9896,9.9896,9.9896,9.9896
156,2.3624,2.5,5.4532,2.5,3.2575,2.5,9.7679,2.3626,2.3625,2.3624,2.0002,2.3623,2.5,2.0792,2.3624,2.1052,1.0958,1.7153,1.0734,1.0792,2.3624,1.1262,2.0,2.0884,2.0,2.4016,2.0639,9.2323,2.4016,2.0503,2.4016,7.1606,7.1606,2.5001,2.4017,2.5577,2.0476,2.4017,2.5,2.4016,3.6155,2.0435,2.4017,2.4016,2.3345,2.2397,9.9876,2.4016,2.0423,2.0494,11.2569,9.9876,2.4016,2.4428,2.5001,9.987,2.881,2.4428,2.0441,2.4429,7.1771,2.4429,2.261,11.3328,2.261,2.261,2.0413,4.153,3.4427,2.2651,2.0387,8.1541,2.0,2.0447,2.0542,2.0,10.0133,11.3051,2.5,2.0001,2.2611,8.0132,2.2611,7.1044,2.3146,9.9814,8.0157,2.0001,8.3595,9.9885,11.4011,2.0492,4.2889,2.054,9.9814,2.3146,9.9818,2.3155,9.9818,9.9838,2.0324,9.9814,2.0429,2.3146,2.0001,9.9818,6.9582,2.3146,9.9885,7.3145,10.1431,3.7405,2.0377,6.6853,2.2796,2.2796,2.0542,2.2796,2.0447,9.9812,4.2615,2.2796,2.2796,2.0615,1.0579,2.0618,2.2796,2.0525,2.2796,2.0606,2.0611,5.6895,2.5001,2.2796,8.5485,2.2796,2.5,4.105,2.2796,3.1972,2.053,2.0491,2.0529,2.2797,2.0455,1.0528,9.9832,2.0472,2.0472,2.064,2.2608,2.0627,2.3058,2.2608,2.0526,2.0518,2.2608,2.2609,1.0779,2.2609,9.9817,8.0131,9.9835,2.2608,1.4559,2.0708,2.2609,1.0531,2.2678,2.2609,1.5322,2.0734,7.1043,2.2609,2.2608,2.5,2.2514,1.5385,2.2514,2.2514,2.045,2.2515,2.045,0.5977,1.0432,2.0629,2.9179,2.2516,2.2515,2.257,2.0634,1.0432,1.0525,1.0525,0.75,0.7216,0.7215,0.7219,2.0554,2.0606,2.2514,2.2514,2.2545,2.2514,2.2515,2.2514,2.2158,2.0554,2.0588,2.2158,2.2158,2.2158,2.2158,2.2158,2.2158,2.2158,2.2158,2.0539,2.2158,2.2158,2.2158,2.0554,2.0732,2.2158,2.0627,2.2158,2.2159,2.2159,2.2158,3.492,2.2158,2.0449,2.0433,2.2158,2.2158,2.0472,2.0539,2.0464,2.5,2.0461,2.05,2.0514,2.2032,2.048,2.5,2.5,4.6106,2.5,7.0813,5.2397,2.2075,2.2032,2.2032,2.2032,4.9439,2.5,2.0529,2.446,2.2032,2.0565,2.2031,2.2032,2.0592,2.0589,4.5039,2.0559,2.2032,2.5,7.1081,2.5,2.2702,9.9873,2.2702,2.0743,2.0743,2.2702,2.2702,2.2702,1.8423,2.2703,0.7721,2.2702,2.0683,9.9865,2.5,2.2702,2.5,2.2703,2.2702,2.2702,2.2703,2.2702,2.2702,2.2702,8.1979,9.9838,2.2703,2.0593,3.335,2.4034,2.36,2.0391,2.0,2.0404,2.3556,2.3557,8.0178,2.0,0.9323,8.0005,3.3808,2.054,2.5001,11.1778,2.0515,9.9808,6.6233,7.1422,2.3556,2.0,2.3556,8.8335,9.9808,2.3556,2.0837,2.1122,2.0001,2.3556,0.8587,2.2518,1.0515,9.1523,2.078,2.5,4.9704,6.0874,2.5,2.0768,2.2518,2.078,2.2518,2.7635,8.0126,9.9824,2.2518,2.2595,10.0126,2.2518,1.0674,2.5001,2.0001,0.8264,1.4319,0.7507,0.6244,0.9167,2.5,3.1518,9.1963,9.1963,9.1963,9.1963,9.1963,9.1963,9.1963
157,2.3566,2.5001,5.4459,2.8792,3.432,2.5,8.0181,2.3567,2.9459,2.3568,2.0001,2.1462,2.5,2.0792,4.4226,2.1035,1.0792,1.6879,1.0792,2.0,2.3566,1.0792,2.0,2.0754,2.0552,2.272,2.0535,7.1333,2.272,2.0503,2.272,7.1088,7.1088,2.7953,2.6296,2.5,2.272,2.272,2.8398,2.272,3.533,2.0432,2.272,2.272,2.2719,2.1384,9.9806,2.272,2.0423,2.0493,8.0136,9.9806,2.0393,2.261,2.3094,9.9856,2.5001,2.2611,2.0441,2.261,7.1044,2.0456,2.0539,22.4845,2.2263,2.2262,2.0521,2.2264,4.3236,2.0494,2.0387,7.3846,2.0,2.0445,2.0541,2.0,10.0114,22.5023,2.5,1.051,3.87,5.6138,1.258,3.4674,2.1814,8.1803,2.1815,0.8658,2.1816,9.985,9.9813,2.0492,2.1814,2.0476,3.5236,2.1814,8.1803,2.1814,5.2265,8.0091,2.0324,8.0092,2.0429,2.1814,2.0002,9.9813,2.5,2.1814,9.9813,2.1815,5.9007,2.0424,2.0,5.0,2.1916,2.1916,2.0452,2.0533,2.0447,8.0097,2.055,2.0571,2.06,2.0613,2.0419,0.5502,2.0617,2.0428,2.0529,2.0605,2.061,2.0698,2.1916,2.1916,2.1916,2.1952,2.0623,2.1916,2.1916,2.1915,2.0393,2.0486,2.0489,2.0593,2.0381,0.3921,2.5,2.033,1.8252,1.042,1.0779,2.0571,2.1476,1.3252,1.0531,2.0498,1.0779,2.0621,0.5683,2.068,2.5,3.5044,9.9885,2.0554,1.0531,2.0399,2.1476,0.3988,2.0399,2.0728,1.0531,1.0531,2.1479,0.722,0.9312,2.1942,2.1938,1.0775,2.059,1.1864,0.4616,2.0401,0.6417,0.4383,0.4526,0.8068,1.0775,2.0666,2.0633,2.0634,1.1945,0.5859,0.5561,0.5454,0.5502,0.4731,0.5123,0.4768,0.5838,0.9208,2.0555,2.0649,2.1938,3.8391,2.1938,2.1974,2.0521,1.4622,1.0756,1.0799,2.054,1.3434,1.7706,2.0642,2.0669,2.0646,2.0629,1.4325,2.0625,2.2952,1.9348,1.2316,1.0799,2.0624,1.9352,2.0627,2.0688,2.2892,2.2893,2.2893,2.0489,2.0447,1.1035,1.8323,2.0585,1.1367,2.0462,2.045,2.0518,2.0351,2.0513,1.0287,2.0383,2.037,2.156,2.156,2.156,2.0658,2.1596,2.1561,2.0625,2.156,2.056,2.0664,2.156,2.156,2.061,2.0642,2.156,2.0548,2.0382,2.0594,0.9553,0.9498,2.156,0.5221,2.077,2.124,2.1241,2.124,2.124,9.9819,2.124,2.0798,2.0,1.5257,2.0339,2.0335,0.7253,2.1241,0.2939,2.124,2.001,9.9834,2.124,2.124,2.0263,2.1241,2.1241,2.0458,2.1241,2.1241,1.4684,2.124,7.0496,2.1241,2.1272,2.0,2.169,2.169,2.4036,2.0391,2.0,2.035,2.4034,2.4035,7.1614,2.0,1.0159,7.9997,8.0202,2.0,3.0041,9.9809,2.0515,9.0128,2.5,8.0204,2.4034,2.0,2.4162,6.226,8.0203,2.4034,2.4034,2.4035,2.0001,2.4034,1.0155,2.0761,4.8296,8.6343,2.0773,2.5,5.0722,9.4479,2.5,2.5,2.2496,2.0773,2.5,2.2583,8.0125,9.9813,2.2496,2.0,5.0001,2.0857,0.7468,3.0982,1.0784,0.8196,1.8739,1.0784,0.6857,0.6147,2.0712,2.5001,5.6361,5.6361,5.6361,5.6361,5.6361,5.6361,5.6361
158,2.2018,2.202,2.5,2.2095,2.5,2.5001,4.4995,2.5641,2.2019,2.2166,2.224,2.0001,2.0912,2.098,2.5001,2.0586,1.0792,2.0,2.0625,1.0792,2.0,1.0734,2.0643,2.0752,2.2017,2.2342,2.0638,3.9904,2.2342,2.0418,2.2342,9.9815,7.0937,2.2343,2.0477,2.2343,2.0,2.2341,2.5,2.0591,4.5581,2.0435,2.0,2.0538,2.2342,2.0534,9.9815,2.2342,2.0423,2.0393,5.0606,7.2875,2.0387,2.2132,2.0555,2.2263,2.2263,2.0529,2.0435,2.2262,9.9803,2.0456,2.0536,8.2802,2.1946,2.0523,2.0315,2.1946,8.0,2.0492,2.0387,4.1029,2.0,2.0428,2.0524,2.0001,11.244,11.2481,4.0376,2.0,2.0528,3.7388,0.872,2.1946,2.0443,2.5,2.1802,0.3352,2.1802,8.009,8.009,0.4291,2.1802,2.0537,2.9219,2.0491,2.1803,0.4305,5.2253,5.0929,2.0298,8.2561,2.0007,2.1802,2.0002,9.9828,2.1802,2.054,10.0091,2.1803,2.5609,2.0422,2.0,5.0,2.0538,2.2084,2.0437,2.1853,2.0445,9.9813,2.0484,2.0508,2.0612,2.0509,2.0519,0.5981,2.0803,2.0438,2.0603,2.0,2.0501,2.0437,2.2084,2.2125,2.2084,2.0625,2.056,2.212,2.0531,2.7605,2.0393,2.047,2.0527,2.0545,1.0528,0.6079,2.3124,1.2254,1.4221,1.6989,1.0779,2.0656,2.0645,1.0531,1.0531,1.0531,2.0554,2.0549,0.6946,2.2629,2.2629,2.5,8.1642,2.0524,1.2482,2.2628,2.2628,0.7105,0.754,2.08,1.0722,1.5922,2.1546,0.7699,0.8157,2.3397,2.3395,1.0718,2.0935,1.0528,0.779,0.9567,0.8321,0.7977,0.7924,1.0262,1.0775,2.0632,2.0632,2.0633,1.2136,0.8892,0.8891,1.0525,0.904,0.8282,0.8283,0.8976,0.9745,1.0526,1.23,1.3409,2.9242,2.2731,3.4814,3.6968,2.0549,1.1776,1.0756,0.9017,2.0535,1.0799,1.3505,2.0341,1.5546,0.9455,2.0628,2.0523,2.0139,2.0758,2.0134,1.0013,0.9009,0.9784,1.0799,2.0339,2.0654,2.329,2.0572,2.2377,2.0428,1.0799,1.0799,1.3423,2.0338,0.8858,1.1679,1.046,2.0581,1.0924,1.0803,1.0759,1.6259,0.7783,1.1364,2.0659,2.0661,1.9553,2.0617,2.0625,1.5519,2.0662,2.0563,2.2676,2.2676,2.0705,2.0537,2.0634,2.0656,1.0708,0.7783,0.757,0.7783,0.7666,1.0759,0.7783,1.0759,2.2452,2.0843,2.0741,2.0766,2.2452,1.4359,0.7391,0.5766,0.7041,0.7391,1.2617,0.583,2.0625,0.5373,1.7547,0.6373,9.985,2.2452,1.4357,1.4362,2.2453,2.0437,2.0463,2.2452,2.2453,0.7391,1.0754,2.2452,2.2454,2.2453,1.0776,1.9862,2.233,2.1691,2.0391,0.9422,2.0343,2.169,2.1692,4.119,0.961,0.3225,5.2113,5.3105,2.0,2.169,9.9835,2.05,8.0085,2.4616,4.0641,2.7113,2.0,2.1693,2.5001,3.3494,2.169,2.1689,2.169,2.0,2.1689,0.8626,2.0,2.5,3.623,2.0868,2.8653,2.5,5.451,7.1169,2.4605,2.0,2.0,2.5,2.103,7.8214,7.1169,2.2922,2.2923,5.0001,2.0,0.9429,2.306,2.0001,0.959,1.6617,0.8448,0.8343,0.641,2.0836,2.2922,3.6581,3.6581,3.6581,3.6581,3.6581,3.6581,3.6581
159,2.207,2.207,2.2071,2.5001,2.207,2.4084,9.986,0.5479,2.2071,2.2225,2.1523,2.0,2.0988,2.06,2.2071,1.0734,1.0734,2.0,1.0552,1.0605,1.0792,0.5768,1.0734,1.2497,1.2949,2.0639,2.0563,2.1344,2.1344,0.8653,2.1344,3.8573,7.0538,2.0481,2.0483,2.1345,1.9589,2.0489,2.1344,2.0423,4.1174,2.0441,1.0714,2.0438,2.0535,2.0514,2.8974,2.0423,2.0387,2.032,2.2252,7.866,2.0372,2.0556,2.0526,2.1947,2.0523,2.0541,2.0001,2.0583,7.0778,2.0002,2.0438,7.0863,2.2158,2.0423,2.0322,2.2167,7.9999,2.2158,2.0387,2.2158,1.0518,1.2002,2.2158,2.0402,10.0111,11.185,2.2158,2.0,2.0429,2.2159,1.0506,2.2158,2.0471,2.3115,2.3114,0.545,2.3114,9.98,8.0156,0.7452,2.0536,2.0627,2.3116,2.0443,2.3115,0.7419,5.1393,3.7781,2.0298,8.1843,2.0461,2.3114,0.8955,9.9893,2.3114,2.0539,8.0156,4.6566,2.3115,2.0421,2.0,3.7609,2.2302,2.3122,2.0432,2.3068,2.0443,8.0154,4.0369,2.0488,2.3068,2.0504,2.0428,2.053,2.3068,0.8815,2.0426,0.8091,2.0501,2.0571,2.5001,2.057,2.3068,2.0623,3.4519,2.3068,2.3068,3.2428,2.0465,2.0479,2.0592,2.0545,1.0528,0.6378,2.2892,1.276,1.0779,1.0531,2.051,2.2445,2.0588,1.0531,1.7896,1.0779,2.0673,2.0549,1.213,2.2445,2.2444,2.2445,7.0978,2.0422,1.5805,2.2444,2.2444,0.6911,1.1033,1.8927,1.1294,2.0784,2.0703,0.7377,0.7584,2.2986,2.0653,1.0718,2.054,0.8559,1.0528,1.0528,1.0528,0.6849,0.6962,1.0775,1.2156,1.84,1.2349,1.0775,1.5088,0.7818,0.7817,1.0775,1.0525,0.7893,0.7284,0.78,0.8559,0.8931,2.0549,2.0488,2.873,2.0591,4.6548,2.0606,1.0756,1.0799,0.8701,0.8704,1.4373,1.0799,1.4281,1.9259,1.0756,0.8735,2.0628,1.2347,2.0683,2.3103,1.3031,1.0756,0.8707,1.0799,1.0799,1.8792,2.0572,2.304,2.0485,2.0486,1.8603,1.0799,1.0647,1.0799,2.0555,0.7237,1.1147,0.8284,2.0518,0.9707,1.5698,1.0803,2.0655,0.8481,2.0711,2.2963,2.0575,2.0576,2.1087,2.0541,1.963,2.0662,2.056,2.2962,2.2962,2.0771,2.0535,2.2963,2.2962,0.8482,0.8483,0.7387,0.8614,0.8284,0.8481,0.6432,1.0759,2.5,2.0845,2.084,1.8128,2.5,1.8121,0.7487,0.6633,0.7979,0.8202,0.7983,0.6056,2.2792,0.6108,2.279,1.2465,8.733,2.279,0.6857,2.0428,2.279,2.0444,2.0459,2.279,2.8488,0.7031,0.7983,2.2791,2.2791,2.2849,0.7983,2.0358,2.358,2.233,2.039,0.7178,1.1077,2.233,2.233,2.5,0.6632,0.4187,2.2335,3.7674,1.0483,2.233,2.2331,0.6634,2.5,2.0676,2.0001,0.6636,0.7178,2.0001,2.233,2.5,2.233,2.0965,2.0001,0.7178,0.6918,0.4833,2.0,2.7156,2.9588,2.0527,2.7158,2.0001,4.2251,7.069,2.0,2.0,2.0001,2.1775,1.8615,2.5,2.0004,1.0784,2.0,2.0001,1.8615,0.5278,2.0544,0.5473,0.4925,0.4921,0.4739,0.379,0.335,0.974,2.0495,2.0546,2.0546,2.0546,2.0546,2.0546,2.0546,2.0546
160,2.4096,2.4097,2.5,2.4096,2.4097,3.3639,9.8658,1.0753,2.5,2.4397,2.4379,2.0001,2.1209,2.078,4.4854,1.2727,1.118,2.0,1.1163,1.1096,1.1423,1.083,1.1297,1.1401,2.0676,2.0635,2.0558,2.5,2.2764,0.9613,2.0658,7.1106,7.1106,2.2765,1.0715,2.5,0.7406,2.0598,2.2765,2.0423,2.5,2.0432,0.7937,2.0432,2.0438,2.0429,4.2331,2.0423,2.0393,1.7491,2.0487,10.216,2.0,2.0456,2.0428,2.2159,2.0424,2.0441,1.3058,2.0584,9.0444,2.0428,2.0532,7.0539,2.2892,2.042,2.0322,2.2893,4.5393,5.6042,2.0387,2.2892,0.967,2.0421,5.5617,2.0402,11.3687,13.5323,2.0402,2.0,2.2893,5.0,0.6862,2.2927,2.0351,2.3226,2.3188,0.7344,2.5,9.9859,7.5453,2.0,2.0535,2.3188,2.3251,2.3188,3.1115,0.7306,8.1757,2.5,2.0367,8.0583,2.0362,2.3188,0.7631,9.9862,2.3189,2.0544,8.0159,5.0037,2.3189,2.0422,2.0005,2.5,2.2692,2.0536,2.0428,2.0548,2.0443,9.2869,5.0,2.0485,2.2692,2.0514,2.0428,2.0525,2.2692,2.0438,2.0426,0.7729,2.0501,2.0437,2.5,2.057,2.2692,2.0432,5.4807,2.2744,2.8365,2.2692,2.046,2.0474,2.0522,2.2692,1.3122,0.7332,2.3102,1.0779,1.0779,1.0779,2.0507,2.2505,2.0488,1.0531,1.6188,1.0779,2.2006,2.0567,2.0591,2.2505,2.2504,2.2505,6.7656,2.0422,2.0502,2.2505,2.0729,0.7186,2.0786,2.0798,1.1573,2.2505,2.0702,0.7762,0.6509,2.2663,4.0662,1.0775,1.2314,0.7758,1.0775,1.0775,0.632,0.6579,0.7637,1.1084,1.1197,2.0633,2.0632,1.0775,1.1274,0.7635,0.6975,0.7758,0.755,0.6494,0.6492,0.7318,0.7758,1.0802,2.0646,2.0503,2.8328,1.754,2.0608,2.0606,0.6141,0.9111,0.8907,1.0799,1.3657,1.0075,1.0756,2.0666,0.8962,0.6856,2.0627,1.0528,1.0799,1.4363,1.0849,1.1148,1.0301,1.0174,1.0799,1.0259,1.0087,2.0575,1.3258,2.0426,1.0127,0.614,1.0756,1.3591,2.2146,0.6138,0.8056,1.9211,2.0516,0.8727,1.3537,1.0803,2.0654,0.7916,1.3577,2.0657,2.066,2.057,2.2281,2.0624,1.0803,2.0548,2.0661,2.2234,2.2234,2.06,2.0639,2.2235,2.2234,0.701,1.0759,0.6321,0.701,1.0058,2.2234,0.5314,0.9855,2.1916,2.5,2.1916,1.1216,4.2367,1.8958,0.6453,0.4556,0.5509,0.8685,0.8579,0.4199,2.1916,0.4201,2.1916,2.0653,9.9813,2.1916,1.0776,2.0451,2.1917,2.0442,1.122,2.1916,2.1916,0.4829,0.4808,2.1917,2.1918,2.1961,0.5475,1.4109,2.0392,2.358,2.039,0.5706,2.0427,2.3581,2.358,2.3583,0.859,0.5982,2.5,2.9203,1.0194,2.358,2.5001,0.6839,2.5001,2.0675,2.0005,0.775,1.0247,2.0004,2.0952,2.3579,2.2296,2.3583,2.0,1.4743,1.4778,1.0585,2.0001,4.5574,2.0989,2.0822,2.5,2.0001,2.651,7.1722,2.0,2.0,2.0001,4.7287,2.0792,3.6197,2.0001,1.1418,2.0799,1.2278,1.3892,1.2281,2.0002,1.0632,1.1097,0.9381,1.0632,0.9441,0.8587,1.0784,2.123,2.5,2.5,2.5,2.5,2.5,2.5,2.5
161,2.3784,2.3918,2.5,2.3784,2.3784,2.5,9.9801,2.4088,4.3787,2.3786,2.3784,2.1067,2.1117,2.0947,2.3785,1.089,2.0001,1.8859,1.0514,1.025,1.0892,1.0419,1.0734,1.0587,1.0854,2.0535,2.0674,2.3404,2.3404,1.0714,2.3404,9.9835,7.1362,2.5001,1.3199,2.3405,0.8135,2.0598,2.3405,2.0423,6.4581,2.0432,0.9057,2.0432,2.0531,1.058,3.8335,2.0521,2.3404,2.032,2.0486,9.4627,2.0372,2.0453,2.2892,2.2892,2.0415,2.0537,2.0453,2.2892,9.9824,2.0426,2.2846,17.6785,2.0551,2.2846,2.0322,2.2847,2.0489,9.9806,2.0001,3.4387,1.0518,1.5831,8.0142,2.0507,10.014,15.6735,2.0506,2.0001,7.1139,2.9807,0.5602,2.2883,2.0354,2.3083,2.3036,0.5798,4.2772,9.9851,7.147,2.0,2.3036,2.5,2.5,2.3037,5.3795,0.6934,9.9807,3.0774,2.0376,8.1564,2.0362,2.3036,0.7267,9.9807,2.3037,2.3036,7.3035,5.7829,2.3037,2.037,2.0002,2.5001,2.3354,2.0534,2.0426,3.4814,2.0362,12.8461,12.0485,2.0483,2.3354,2.0511,2.0506,2.0611,2.3354,2.0438,2.0601,1.6122,2.0501,2.0571,2.5,2.3354,7.5005,2.0432,7.2179,2.3355,2.3354,2.3355,2.0582,2.0484,2.0529,2.3354,2.0355,0.8138,2.2958,2.0024,1.0531,1.3202,2.0507,2.26,2.05,1.0531,1.7689,1.1458,2.0622,2.0567,2.0708,2.2601,2.26,2.26,3.3556,2.0422,2.0516,2.265,2.0726,0.7354,6.3611,2.0694,1.32,2.2601,2.0702,1.781,1.0722,2.2206,2.2191,1.0528,2.054,0.6859,1.0718,1.0528,0.851,0.6155,0.6155,1.0539,1.0591,2.0632,0.8891,2.0631,0.889,0.6268,0.6152,0.6091,0.5923,0.524,0.524,0.6157,0.6859,1.1201,2.0647,2.0591,2.2148,1.0802,2.2148,2.051,0.963,0.8188,1.0756,1.0756,1.4382,0.7055,1.0799,1.431,1.0718,1.0756,1.3968,1.0799,1.1457,1.5739,2.0537,2.0546,0.9663,1.0756,1.1622,0.7055,1.2672,2.0575,2.0493,2.0437,1.7721,0.7055,0.5375,2.0485,2.2261,0.6469,0.8484,2.049,2.0516,0.7629,2.0493,1.0803,2.0655,0.7629,1.0803,2.0657,2.0569,2.0585,3.2762,2.0535,1.2158,2.0558,2.066,2.2588,2.2588,2.2242,2.0659,2.2589,2.2588,1.0354,1.8772,0.7411,1.3592,1.3603,2.2588,0.7371,0.7404,1.3444,6.0641,2.089,1.105,7.0643,1.1953,0.5818,0.6112,0.6674,1.1957,0.9145,0.5757,2.2042,0.447,2.2042,1.0776,9.9854,2.2042,1.0776,2.0435,2.2043,1.9134,2.0466,2.2043,2.0594,0.5143,0.5125,2.2043,2.2043,2.7553,0.4854,1.206,2.2098,2.3483,2.0324,0.3803,2.0413,2.2267,2.2267,2.2268,0.4329,0.3231,2.5,2.5,2.0585,6.4426,2.5,0.374,6.4968,2.2267,1.411,0.7066,0.6695,2.0829,2.0604,2.2264,7.0906,2.7834,2.0001,2.2266,1.0515,0.7724,1.0517,4.3435,2.0987,2.0807,2.2641,1.0387,2.5,8.0132,2.5,1.0516,2.2642,7.1057,1.0784,2.2642,2.0518,1.0784,2.0,0.7534,0.7796,0.8093,1.6264,0.7541,0.6813,0.585,0.6548,0.5799,0.5285,0.7542,2.2644,2.0834,2.0834,2.0834,2.0834,2.0834,2.0834,2.0834
162,2.3708,2.3839,2.3709,2.3708,2.3708,2.5,9.9806,2.4007,8.0186,2.3985,2.2004,2.1065,2.3708,2.3708,3.0567,1.0792,1.7627,1.8481,1.8904,1.0045,1.9946,1.0212,1.0341,1.0675,2.0674,2.0633,2.9873,2.353,2.353,1.0096,2.3531,9.9876,7.1412,2.5001,2.0483,3.6219,1.4164,2.3531,3.053,2.0423,4.0445,2.0432,2.0,2.0432,2.5446,2.0429,4.6547,2.489,5.4826,2.032,2.3576,6.7788,2.0372,2.0454,2.6436,2.2847,2.0413,2.0536,2.0453,2.2846,9.9806,2.0423,2.3052,22.559,2.055,2.3004,2.0421,2.4773,2.0488,9.9835,2.0382,2.8361,1.6711,2.0358,8.015,2.5,11.383,14.0205,2.04,2.0001,4.8008,2.6116,0.7893,2.3005,2.0356,2.3777,2.3776,0.661,7.151,9.9837,5.0,2.0,2.3776,6.0073,2.3849,2.3456,5.3644,0.9001,9.9837,2.3845,2.0376,8.019,2.0362,2.0489,0.9039,14.5034,2.3776,2.0537,7.1511,8.0189,2.3778,2.0362,2.0301,3.8116,2.3062,2.0534,2.0423,2.0545,2.0362,12.6676,5.0631,2.048,2.3062,2.0493,2.0519,2.3062,2.3062,2.0438,2.0508,1.4718,2.0693,2.0572,2.3116,1.9201,2.3065,2.0432,8.0005,2.0589,2.3062,2.0526,0.7281,2.0484,2.0527,2.3062,2.0511,1.4172,2.3035,1.9195,1.6848,1.2964,4.94,2.2606,2.05,1.8818,1.9618,1.0531,2.2606,2.0567,2.2606,2.2607,2.2606,2.2607,3.418,2.05,2.0516,2.2607,2.0603,0.7048,8.0131,2.0672,1.0531,2.2613,2.07,2.0497,2.0497,2.5,2.2427,1.0775,2.054,0.9359,1.0951,1.0528,0.5641,1.0718,0.5233,0.9902,1.0775,2.0633,2.0537,3.2104,0.9843,0.6939,0.682,0.6813,0.656,0.5798,0.6281,0.722,1.0775,1.1304,2.3102,2.0503,2.2378,1.0802,2.2379,2.0605,1.0756,1.3313,1.3173,1.0813,1.8174,0.7589,1.3282,2.0666,1.0876,1.0799,1.2164,2.0523,2.0681,2.0643,2.0537,2.8255,1.0799,2.064,2.052,0.791,2.0546,2.0574,2.049,2.0485,2.0424,1.0799,0.7446,2.0498,2.2605,0.9766,0.7531,1.2211,2.0513,0.7847,2.0493,1.982,2.0655,0.5753,1.0803,2.201,2.0657,2.0582,2.2011,2.0519,2.0541,2.0558,2.0661,2.201,2.201,2.0579,2.201,2.2013,2.201,0.8041,2.0647,0.6618,1.224,1.3742,2.201,0.5726,0.5414,2.0345,3.6731,2.0889,1.3884,4.2641,2.0242,0.6087,0.6107,1.0756,2.0743,1.2519,1.2518,2.0755,0.4678,2.2139,0.6556,9.9823,2.9214,2.0435,2.0433,2.2139,2.0437,2.0463,2.767,2.0607,0.5384,0.6842,2.2138,2.2139,2.2139,0.508,1.84,2.2144,2.2098,2.0317,0.5426,1.587,2.2099,2.2099,2.4674,0.4008,0.3073,2.6112,2.5,2.0583,9.9803,2.5,0.3462,8.0106,2.0674,2.5,1.8161,0.6771,2.0828,2.0557,2.0832,7.9998,7.9998,2.0,2.299,1.0515,0.6621,1.0517,8.0101,1.2385,2.0001,2.0,1.3269,2.5,9.8244,2.5,1.0516,2.2012,10.0247,1.0784,1.9122,1.0784,2.0929,2.0,0.5914,0.5739,0.6867,1.1738,0.5745,0.5187,1.1443,0.553,0.4952,0.4054,0.5745,4.5367,1.1791,1.1791,1.1791,1.1791,1.1791,1.1791,1.1791
163,2.5,2.4266,2.5,2.4267,2.4267,2.4462,9.9869,2.4266,9.0998,2.5,2.4265,2.1303,2.4267,2.124,3.9675,1.1984,2.0,1.1495,1.1498,1.128,1.9869,1.0734,1.1282,1.1102,3.033,2.0631,6.4633,2.3188,2.3188,0.9116,2.3189,9.9852,7.283,4.5062,2.0483,4.3505,0.9631,2.3189,2.6864,2.0423,7.1275,2.0432,2.0419,2.043,2.319,2.0518,6.6823,5.2914,9.9852,2.032,2.5,6.7106,2.0371,2.0554,11.0424,3.1144,2.0413,2.0535,2.0453,2.3004,9.9859,2.0394,2.3414,20.1174,2.0548,2.3361,3.8647,2.5,2.0488,9.8027,2.038,2.5,2.0438,2.0411,7.7554,8.0168,13.0801,11.6806,2.0,2.0,7.1344,7.1344,0.7975,2.5001,2.0443,2.3079,2.3032,0.5792,9.6382,9.983,2.5,1.7706,2.3085,9.6457,2.3035,2.0485,8.0153,0.7227,8.1743,2.3075,2.0374,8.0156,2.0362,2.0489,0.7257,14.0656,2.3032,2.0536,6.9146,5.804,2.3034,2.0301,2.0357,3.5403,2.3393,2.0536,2.0528,2.0544,2.0546,12.6678,7.3393,2.0495,2.3392,2.0419,2.0535,2.1278,2.3392,1.6191,2.0506,1.6309,2.0695,2.0572,2.5,2.0437,2.0638,2.062,5.4239,2.0589,2.3392,2.0526,0.7116,2.0529,2.0592,2.3392,1.7682,1.0779,2.3062,2.033,1.0779,1.6437,7.2279,2.2658,2.05,2.0508,2.05,1.0779,2.0621,2.0567,2.2658,2.2659,2.2658,2.422,3.5307,2.0516,2.0513,2.2658,2.06,0.7516,1.3672,2.0669,1.0531,2.2662,2.0579,2.0497,2.06,2.5001,2.0651,1.0775,2.054,1.0528,1.9246,1.0528,0.4434,1.0528,0.4545,0.8043,1.0775,2.0632,2.063,2.1932,0.7996,0.7991,1.0525,0.5534,0.5327,0.4713,0.5532,0.5864,0.5798,1.0802,3.8381,2.0503,2.1932,1.0802,2.1932,1.6277,1.1862,1.3207,1.1138,1.0799,1.1136,0.5101,1.0799,2.0664,0.8296,0.7363,1.081,0.8762,2.0683,2.0644,0.7447,2.054,1.0756,2.064,2.052,0.8364,2.0652,2.175,2.057,2.0485,2.0435,2.0424,0.6674,2.0498,2.1783,1.0799,0.4159,2.0506,2.0511,1.0971,2.0509,2.0535,2.0361,0.6856,1.0803,2.2146,2.0656,2.0672,2.2149,2.0519,2.0555,2.0555,2.2146,2.2146,2.2147,2.0594,2.0637,2.2146,2.2146,0.8585,1.3035,0.6856,1.1268,1.4675,2.2146,0.614,2.0791,2.0726,2.2008,2.1259,1.2813,7.9999,2.0719,0.5735,1.0668,1.1759,2.0743,1.1759,1.9629,2.0754,0.4555,2.2008,1.1754,9.9838,5.251,1.3857,2.0446,2.2009,2.0437,2.0461,2.5,0.6614,0.5056,1.1754,2.2008,2.2009,2.2009,0.4379,1.3868,2.1855,2.2143,2.0325,0.3591,1.0179,2.2143,2.2142,2.5,0.409,0.3591,2.5,2.5,2.058,9.9802,2.2195,0.3535,8.0108,2.2143,2.2192,0.6849,0.6849,2.2142,2.0569,2.0001,8.0002,9.9802,1.0773,2.5001,0.9,0.7886,1.3242,9.1194,1.0773,2.0001,2.0,2.092,6.9049,10.0098,2.8671,1.0516,2.1015,9.9813,1.0784,1.2053,1.0784,2.0927,2.0,0.5586,0.5777,0.6526,2.0003,0.5593,0.5049,2.1959,0.5379,0.4841,0.3944,0.6526,5.5111,1.0882,1.0882,1.0882,1.0882,1.0882,1.0882,1.0882
164,2.5,2.3403,2.5,2.3403,2.3402,2.3403,9.9806,2.3402,8.0176,2.5,2.407,2.6669,2.3403,2.0989,3.0756,0.9559,1.6167,1.0792,1.058,1.0792,2.0753,0.8846,0.9488,0.9054,2.9255,2.306,9.4652,2.306,2.5918,0.6913,2.3061,9.9872,5.5523,6.9396,2.0605,4.3259,1.2953,2.306,2.8823,2.0423,9.9807,2.0432,2.0521,2.0428,2.306,2.0521,9.9807,8.5752,9.9872,2.032,3.4988,9.1033,2.0369,2.0553,9.9843,11.4284,2.0424,2.0537,2.0447,2.336,9.9843,2.0421,2.2456,20.9886,2.0547,2.2457,2.032,2.2486,2.0488,9.4029,2.0378,2.2457,2.045,2.0421,8.0123,9.6165,17.3479,10.0127,2.0398,2.0,8.0123,5.8619,1.0506,2.5001,5.0596,5.852,2.2702,1.5888,10.5122,9.9814,2.2708,0.6463,2.5,9.9814,2.2705,2.2703,6.1853,0.646,8.1554,2.8375,2.0401,8.1393,2.0362,2.0489,0.6467,10.0631,2.2703,2.0536,7.1081,2.9011,2.2703,2.0362,2.0443,2.3269,2.3005,2.0535,3.3897,2.0447,2.0547,19.3941,7.9998,2.0495,2.3004,2.0419,2.0532,2.0609,2.3004,0.7928,2.0506,2.0,2.0694,2.0572,2.5,1.8838,2.3004,1.8916,13.3663,1.8914,2.3004,2.3004,0.6783,2.0529,2.0592,2.0544,1.5719,2.033,2.349,2.033,1.0779,1.1109,5.3332,2.2908,2.0586,2.0511,2.0498,0.8189,2.0623,2.0567,2.2908,2.2975,2.2908,2.5,5.0574,2.0516,2.0513,2.2908,2.0585,0.8223,0.8217,2.0669,1.0722,2.5,2.0576,3.502,2.06,8.0119,2.0651,2.0506,2.054,1.0881,2.0543,1.0775,0.5429,1.0528,0.6723,1.0107,2.0555,2.2371,2.063,2.237,1.0038,0.6916,0.6916,0.7248,0.5783,0.5782,0.6534,0.6792,0.6793,1.0802,3.1933,8.0006,2.237,2.048,2.2416,2.0605,1.4081,1.3751,1.3533,1.1598,1.1586,0.7472,1.3546,2.1823,0.8638,0.6289,1.1257,0.9128,2.1822,2.0644,1.0799,2.3747,1.0519,2.9389,1.7632,0.773,2.1822,2.1822,2.1823,2.1822,2.0435,2.0435,1.0756,2.0498,2.0554,1.0799,0.6289,2.0503,2.058,2.0579,2.0493,2.0549,1.8356,0.6124,0.8769,2.1728,2.0656,2.0672,2.1729,2.0517,2.0555,2.066,2.1728,2.1728,2.5,2.0594,2.0637,2.1728,2.1728,0.6912,1.0493,0.6124,0.7804,1.221,2.077,0.4944,1.0759,1.4525,2.1568,2.0888,0.6176,2.1573,1.0179,0.4475,0.8333,1.0182,2.0743,1.2893,2.0633,2.0753,0.3564,2.2509,2.0724,9.98,3.0052,2.0435,2.0446,2.1568,1.9486,2.0461,2.1568,0.4062,0.3949,2.1568,2.1568,2.1569,2.1569,0.3417,1.6138,2.5,2.1816,2.0325,0.5164,0.6278,2.1817,2.1818,2.1817,0.3467,0.3263,2.5,2.5,0.6278,9.9806,5.876,0.347,8.0092,2.1859,2.1859,0.5168,0.6278,7.0726,2.0483,2.0,7.8313,9.9814,0.6513,2.1817,0.5393,0.6926,1.0517,9.9824,1.2341,1.0515,2.0,2.0919,6.2847,9.9824,4.2853,2.0,2.2186,9.9824,0.6926,1.2352,0.6926,2.0927,2.0,0.6234,1.0784,0.6926,2.069,0.6224,0.5637,2.0678,0.6007,0.5387,0.4399,0.4981,9.625,1.1641,1.1641,1.1641,1.1641,1.1641,1.1641,1.1641
165,2.5,2.2671,2.267,2.2671,3.7349,2.3778,9.9873,2.267,7.1068,2.5,2.2847,5.2619,2.0789,2.5,4.3164,0.8408,1.2691,1.0734,2.0687,1.4587,1.3988,0.6502,0.7446,0.7059,2.267,2.0633,9.9808,2.0645,2.6429,0.6861,2.3203,9.9852,3.1992,2.5001,2.3148,5.2124,0.9834,2.3041,2.5724,2.0506,8.5179,2.0432,2.0438,2.0426,2.0614,2.3148,9.8489,8.5615,9.9822,2.032,2.7207,3.0407,1.4976,2.2456,11.3131,11.3131,2.0413,2.0537,2.0453,2.2457,9.9815,2.0,2.2556,18.6914,2.0459,2.5,2.033,2.0341,3.9829,7.2129,2.0376,2.045,2.045,2.0421,2.2556,20.6535,15.717,10.013,0.7307,1.4219,8.3213,6.5273,2.0355,2.7842,2.5,2.2909,2.2876,0.8275,11.3667,9.9866,2.2877,2.0,2.2876,8.0144,2.0551,2.2877,6.8901,0.827,8.1425,2.8593,2.0401,8.1698,2.0362,2.0425,0.6881,9.9808,2.2877,2.0537,7.1151,2.5,2.2877,2.0301,2.0301,3.38,2.4131,2.0534,2.413,2.0447,2.4131,12.6682,7.5613,2.051,2.4131,2.0419,2.0532,2.061,2.413,1.9709,2.0506,2.0,2.0694,2.0571,2.5,2.0437,2.4131,1.2832,9.0488,2.059,2.4131,2.4131,0.933,2.0529,2.0593,2.0544,1.0528,2.033,2.2892,2.033,0.7394,0.6316,5.438,2.2455,2.0498,2.0495,2.0513,0.7394,2.2454,2.0567,2.2454,2.2509,2.2454,2.6992,5.0574,2.0513,2.0513,2.2454,2.0585,2.0726,0.6931,2.0665,2.059,2.2455,2.0579,2.0588,2.0597,7.1346,2.0552,2.049,2.2501,1.0775,2.0457,1.0775,0.5939,0.6178,1.0775,1.0528,2.0573,2.25,2.063,2.0629,1.0718,1.0346,1.0353,0.7094,0.6897,0.6097,0.9816,0.759,0.6683,1.0526,3.2588,8.0,2.25,2.048,2.0609,2.051,0.9424,2.0561,1.5931,2.0529,1.3257,1.0756,1.3281,2.1787,0.9053,0.834,2.0624,0.7252,2.1786,2.0644,1.1812,2.0546,2.0514,1.8562,2.0536,1.1794,2.1786,2.1787,2.1786,2.1786,2.0435,2.0435,0.6809,2.0585,2.0555,1.0756,0.7484,2.049,2.0511,2.0579,2.0509,2.0549,2.0657,0.552,1.0803,2.1358,2.0657,2.0673,3.5166,2.0517,2.0555,2.1358,2.1358,2.1359,3.2802,2.0594,2.0638,2.1358,2.1358,0.5477,0.8947,0.5477,0.7127,1.6566,2.077,0.5477,1.0759,1.0624,2.155,2.0889,0.6163,2.5,1.2453,0.4424,0.4641,1.0845,2.0743,1.7428,2.0633,1.5465,0.3523,2.6936,2.0725,7.9507,2.1551,2.0446,2.0446,2.1551,0.4015,2.0475,2.155,0.4016,0.3904,2.155,2.1551,2.1551,2.1551,0.4013,1.097,2.5,2.2014,2.0327,0.5211,0.6625,2.2015,2.2016,2.0388,0.3843,0.3735,2.5,2.2015,0.5731,9.9811,3.2368,0.3854,2.5001,2.5,2.0495,0.6121,0.5764,6.1429,2.0535,2.0,2.7518,9.9811,0.7223,2.0634,0.5943,0.5386,2.0,9.9819,1.0515,1.0515,2.0,2.092,2.5,8.0095,3.4185,0.6404,2.1888,9.9819,0.5465,0.5392,0.5429,0.4019,2.0,0.5084,0.6404,0.5872,1.4187,0.4257,0.4868,2.0586,0.5387,0.4652,0.3769,0.3796,9.082,0.6404,0.6404,0.6404,0.6404,0.6404,0.6404,0.6404
166,2.5,2.2311,2.0,2.0753,2.231,4.2865,9.3895,2.231,7.0924,2.5,2.231,6.923,2.0682,4.276,4.2737,1.0792,2.0,1.0734,0.6291,1.6991,0.6438,0.6107,0.7143,0.604,2.231,2.0535,8.0165,2.0675,2.3294,1.0559,2.5,9.9823,2.3295,2.3543,2.3295,2.5,0.784,2.0596,2.5,2.0506,7.1623,2.0,2.0438,2.0426,2.0625,2.3294,4.2769,7.0842,5.1789,1.0714,2.3298,2.3298,2.0367,2.2556,11.2781,11.3259,2.0415,2.0536,2.0453,2.2556,2.2557,2.0,2.0531,12.9808,2.0458,2.3,2.042,2.0339,5.8534,8.015,2.032,2.037,2.0453,2.0423,2.3,18.0986,14.6404,10.0106,0.8587,1.2111,8.9059,2.8469,2.0412,2.5001,5.3713,2.2971,2.297,1.0846,11.6139,9.9829,2.2971,2.0,2.1217,3.5394,1.8444,2.297,5.3713,2.0311,8.1471,2.8713,2.297,8.015,2.0454,2.0001,0.7107,10.4484,2.297,2.0538,5.3713,2.4023,2.297,2.0362,2.0301,2.5,2.3227,2.043,2.3166,2.0434,2.8166,13.3003,4.3739,2.051,2.0609,1.0528,2.0532,2.0532,2.0612,2.0438,2.0506,2.0,2.0695,2.0437,2.3223,2.057,2.3166,1.9935,5.5615,1.9936,2.3166,2.3166,0.7152,2.0529,2.0593,2.0543,0.9832,2.039,2.3005,2.0384,0.6818,0.6392,7.2627,2.2424,2.05,2.0493,2.0513,0.7342,2.0622,2.2424,2.2424,2.2425,2.2424,2.8028,5.0574,2.0516,2.0513,2.2424,2.0582,2.803,1.0531,2.0665,2.059,2.2424,2.0699,5.0,2.0597,4.2885,2.0552,2.0506,2.2404,1.0775,2.0455,1.0528,0.9521,0.5718,0.6891,1.0528,2.057,2.2405,3.2236,3.9207,1.0775,1.0528,0.7307,0.7307,0.7307,0.6628,1.0525,0.6893,0.6889,1.0526,2.0646,2.2404,2.2404,2.048,2.0609,2.0494,1.2894,2.0647,2.0535,2.0529,1.4123,1.0756,2.0532,2.1902,1.0799,1.0756,2.1903,1.0756,2.1902,2.0645,2.052,2.0546,1.9596,2.0622,2.0623,1.6835,2.1902,2.1902,2.1902,2.1902,2.0487,2.0435,1.0799,2.0584,2.1903,0.92,1.0799,2.0506,2.0511,2.0506,2.0493,2.0552,2.0658,0.805,2.0573,2.1978,2.0657,2.0672,2.1979,2.0517,2.0555,2.1978,2.1978,2.1978,2.1979,2.0594,2.1978,2.1978,2.1978,0.7916,1.0759,0.6562,1.0759,0.8943,2.077,0.6562,2.0548,1.8792,2.166,2.089,0.7424,2.0792,1.078,0.6005,1.1071,1.3786,2.0747,2.0654,2.0633,1.7992,0.3774,2.1661,2.0726,8.0603,2.1661,2.0448,2.0505,2.1661,0.4305,2.0475,2.1661,0.9719,0.4183,2.166,2.166,2.6733,2.1661,0.474,1.2199,2.5,2.1908,2.0389,0.6439,1.0773,2.1909,2.191,2.0388,1.1755,0.5433,2.5,2.1908,1.0773,8.7401,4.1114,0.3743,5.5097,2.3759,2.0693,1.0773,2.0,7.0763,2.1967,2.0,2.5001,8.5018,1.0773,2.1908,0.8051,0.6795,1.0517,8.1322,2.0001,2.0,2.0,2.5,4.3783,8.0084,2.0,0.401,2.1686,7.9544,1.0784,1.038,2.0001,0.4285,2.0792,0.6051,1.8155,2.0,1.2467,0.4811,0.5358,2.0523,2.0001,0.4815,0.4805,0.3837,7.0674,2.0002,2.0002,2.0002,2.0002,2.0002,2.0002,2.0002
167,2.6465,2.459,2.0769,2.459,2.459,2.459,9.2213,2.4591,7.1836,8.0002,2.5,7.1836,2.0988,4.5485,4.5439,2.0771,2.0531,1.3212,1.3171,2.0833,1.2805,1.2802,2.0746,1.278,4.7926,2.4946,9.9811,2.4947,2.4946,2.0418,3.131,9.9865,2.0532,2.5001,2.4947,2.4947,1.1818,2.0597,2.5,2.0509,7.4593,2.0,2.0535,2.0428,2.4946,2.4947,2.5452,2.0965,2.5,1.3251,2.4946,2.5,2.0372,2.3001,9.981,8.625,2.0417,2.0538,2.0453,2.3,9.981,2.0,2.196,14.026,2.0458,2.3628,2.5,2.0332,2.5591,5.7865,2.032,1.3576,2.0551,2.0423,2.3628,19.7111,13.985,10.0127,1.051,0.7614,8.8605,4.623,2.3628,2.5001,7.6656,2.385,2.3645,1.2768,13.5544,9.9855,2.3804,2.0,2.3804,3.849,0.9592,2.3805,7.1214,2.0384,8.0194,7.4989,2.0403,8.0191,2.0456,2.0427,1.0129,10.9655,2.3804,2.0538,4.4273,4.9383,2.3805,2.0364,2.0067,5.0001,2.3107,2.0357,2.3106,2.0434,2.8106,8.8506,3.0044,2.0495,2.3106,2.0419,2.0525,2.0611,2.0506,2.0438,2.06,2.0,2.0694,2.0571,2.3161,4.0436,2.3106,2.0621,4.0961,2.0432,2.3106,2.0526,5.5544,2.0479,2.3107,2.0543,2.0355,2.0388,2.2266,2.0382,1.0779,0.5422,8.2088,2.1891,2.0587,2.0493,2.0516,1.0531,2.1891,2.189,2.189,2.1891,2.1892,4.2249,4.8791,2.0513,2.0621,2.189,2.0582,2.3334,11.241,2.0683,2.0709,2.189,2.0591,2.0607,2.0616,2.2019,2.0552,2.0506,2.1968,2.0371,1.2129,1.0775,1.0775,0.564,2.0647,2.0585,2.0665,2.1969,2.0632,3.3243,1.0775,0.9285,1.0525,1.0525,0.9027,0.5637,1.0525,0.5977,0.5911,1.1665,2.1968,2.1968,2.1968,2.048,2.1968,2.0606,1.3988,1.3663,2.0535,2.0546,1.933,1.0799,2.0546,2.181,1.0799,1.0799,2.181,2.0523,2.181,2.0644,1.1975,2.0546,2.0528,2.1423,2.181,2.064,2.181,2.181,2.181,2.181,2.0487,2.1812,1.0799,2.0585,2.181,0.8751,0.6267,2.0579,2.058,2.058,2.0493,2.0552,2.1991,2.0564,2.0575,2.199,2.066,2.199,2.199,2.0533,2.0558,2.199,2.199,2.199,2.1991,2.0594,2.199,2.199,2.199,1.2082,2.0653,1.0759,3.0428,1.2121,2.077,2.0652,2.0665,2.0726,2.2062,2.2063,2.0758,2.5,2.0723,2.0701,2.0738,2.2062,2.2062,2.0745,2.0754,2.0355,0.5811,2.2063,2.5868,9.9808,2.2062,2.0451,2.2062,2.2063,1.5848,2.2062,2.5,2.0594,2.0645,2.2062,2.2062,4.2475,2.2063,2.0562,2.726,5.6477,2.2122,2.2122,2.0348,2.0425,2.2123,2.5,2.0389,0.3933,2.0307,5.2653,2.2122,2.2122,9.9828,3.7954,1.0351,7.0849,2.5001,2.5,2.0,2.2122,9.9828,5.1208,2.0731,2.7653,7.7014,2.0001,2.2123,1.0515,2.0,2.0,16.9314,2.099,2.0,2.5,9.9812,7.071,10.0089,2.0001,1.0784,2.1833,7.6205,2.0,2.095,2.0001,1.2349,2.0799,2.0,2.1605,5.0,2.0561,2.0,2.0,1.3698,2.0784,0.9436,2.0001,1.0784,9.0078,2.0002,2.0002,2.0002,2.0002,2.0002,2.0002,2.0002
