,2025-01-01,2025-01-02,2025-01-03,2025-01-04,2025-01-05,2025-01-06,2025-01-07,2025-01-08,2025-01-09,2025-01-10,2025-01-11,2025-01-12,2025-01-13,2025-01-14,2025-01-15,2025-01-16,2025-01-17,2025-01-18,2025-01-19,2025-01-20,2025-01-21,2025-01-22,2025-01-23,2025-01-24,2025-01-25,2025-01-26,2025-01-27,2025-01-28,2025-01-29,2025-01-30,2025-01-31,2025-02-01,2025-02-02,2025-02-03,2025-02-04,2025-02-05,2025-02-06,2025-02-07,2025-02-08,2025-02-09,2025-02-10,2025-02-11,2025-02-12,2025-02-13,2025-02-14,2025-02-15,2025-02-16,2025-02-17,2025-02-18,2025-02-19,2025-02-20,2025-02-21,2025-02-22,2025-02-23,2025-02-24,2025-02-25,2025-02-26,2025-02-27,2025-02-28,2025-03-01,2025-03-02,2025-03-03,2025-03-04,2025-03-05,2025-03-06,2025-03-07,2025-03-08,2025-03-09,2025-03-10,2025-03-11,2025-03-12,2025-03-13,2025-03-14,2025-03-15,2025-03-16,2025-03-17,2025-03-18,2025-03-19,2025-03-20,2025-03-21,2025-03-22,2025-03-23,2025-03-24,2025-03-25,2025-03-26,2025-03-27,2025-03-28,2025-03-29,2025-03-30,2025-03-31,2025-04-01,2025-04-02,2025-04-03,2025-04-04,2025-04-05,2025-04-06,2025-04-07,2025-04-08,2025-04-09,2025-04-10,2025-04-11,2025-04-12,2025-04-13,2025-04-14,2025-04-15,2025-04-16,2025-04-17,2025-04-18,2025-04-19,2025-04-20,2025-04-21,2025-04-22,2025-04-23,2025-04-24,2025-04-25,2025-04-26,2025-04-27,2025-04-28,2025-04-29,2025-04-30,2025-05-01,2025-05-02,2025-05-03,2025-05-04,2025-05-05,2025-05-06,2025-05-07,2025-05-08,2025-05-09,2025-05-10,2025-05-11,2025-05-12,2025-05-13,2025-05-14,2025-05-15,2025-05-16,2025-05-17,2025-05-18,2025-05-19,2025-05-20,2025-05-21,2025-05-22,2025-05-23,2025-05-24,2025-05-25,2025-05-26,2025-05-27,2025-05-28,2025-05-29,2025-05-30,2025-05-31,2025-06-01,2025-06-02,2025-06-03,2025-06-04,2025-06-05,2025-06-06,2025-06-07,2025-06-08,2025-06-09,2025-06-10,2025-06-11,2025-06-12,2025-06-13,2025-06-14,2025-06-15,2025-06-16,2025-06-17,2025-06-18,2025-06-19,2025-06-20,2025-06-21,2025-06-22,2025-06-23,2025-06-24,2025-06-25,2025-06-26,2025-06-27,2025-06-28,2025-06-29,2025-06-30,2025-07-01,2025-07-02,2025-07-03,2025-07-04,2025-07-05,2025-07-06,2025-07-07,2025-07-08,2025-07-09,2025-07-10,2025-07-11,2025-07-12,2025-07-13,2025-07-14,2025-07-15,2025-07-16,2025-07-17,2025-07-18,2025-07-19,2025-07-20,2025-07-21,2025-07-22,2025-07-23,2025-07-24,2025-07-25,2025-07-26,2025-07-27,2025-07-28,2025-07-29,2025-07-30,2025-07-31,2025-08-01,2025-08-02,2025-08-03,2025-08-04,2025-08-05,2025-08-06,2025-08-07,2025-08-08,2025-08-09,2025-08-10,2025-08-11,2025-08-12,2025-08-13,2025-08-14,2025-08-15,2025-08-16,2025-08-17,2025-08-18,2025-08-19,2025-08-20,2025-08-21,2025-08-22,2025-08-23,2025-08-24,2025-08-25,2025-08-26,2025-08-27,2025-08-28,2025-08-29,2025-08-30,2025-08-31,2025-09-01,2025-09-02,2025-09-03,2025-09-04,2025-09-05,2025-09-06,2025-09-07,2025-09-08,2025-09-09,2025-09-10,2025-09-11,2025-09-12,2025-09-13,2025-09-14,2025-09-15,2025-09-16,2025-09-17,2025-09-18,2025-09-19,2025-09-20,2025-09-21,2025-09-22,2025-09-23,2025-09-24,2025-09-25,2025-09-26,2025-09-27,2025-09-28,2025-09-29,2025-09-30,2025-10-01,2025-10-02,2025-10-03,2025-10-04,2025-10-05,2025-10-06,2025-10-07,2025-10-08,2025-10-09,2025-10-10,2025-10-11,2025-10-12,2025-10-13,2025-10-14,2025-10-15,2025-10-16,2025-10-17,2025-10-18,2025-10-19,2025-10-20,2025-10-21,2025-10-22,2025-10-23,2025-10-24,2025-10-25,2025-10-26,2025-10-27,2025-10-28,2025-10-29,2025-10-30,2025-10-31,2025-11-01,2025-11-02,2025-11-03,2025-11-04,2025-11-05,2025-11-06,2025-11-07,2025-11-08,2025-11-09,2025-11-10,2025-11-11,2025-11-12,2025-11-13,2025-11-14,2025-11-15,2025-11-16,2025-11-17,2025-11-18,2025-11-19,2025-11-20,2025-11-21,2025-11-22,2025-11-23,2025-11-24,2025-11-25,2025-11-26,2025-11-27,2025-11-28,2025-11-29,2025-11-30,2025-12-01,2025-12-02,2025-12-03,2025-12-04,2025-12-05,2025-12-06,2025-12-07,2025-12-08,2025-12-09,2025-12-10,2025-12-11,2025-12-12,2025-12-13,2025-12-14,2025-12-15,2025-12-16,2025-12-17,2025-12-18,2025-12-19,2025-12-20,2025-12-21,2025-12-22,2025-12-23,2025-12-24,2025-12-25,2025-12-26,2025-12-27,2025-12-28,2025-12-29,2025-12-30,2025-12-31
0,5.3072,9.5943,7.9372,9.5943,2.7757,2.4975,2.2457,3.6202,10.0685,12.5296,9.3283,12.8061,8.0504,3.2432,3.5748,8.1174,5.6174,3.7809,10.0,4.2072,11.0882,9.5943,7.3299,13.7233,17.3338,8.025,2.9721,9.5302,7.8363,5.229,7.9991,4.9668,7.3038,3.8509,9.583,5.4252,5.4208,6.4267,6.3622,4.6302,9.583,9.5829,9.7371,3.2676,3.1389,5.9487,3.4166,9.7588,8.0225,9.9996,10.9605,2.8886,3.5477,3.9736,9.3334,3.3517,3.0637,2.8294,5.9436,8.4631,2.3331,2.271,5.5723,6.1134,8.5258,4.0828,3.7514,2.7194,4.158,3.3423,3.773,2.3927,2.3926,2.3557,2.8895,8.0179,3.7732,7.9998,8.0178,2.4771,4.8889,8.0178,8.0177,7.3631,2.2619,2.4219,2.3928,2.9185,5.982,2.2903,3.792,2.6656,2.4483,2.3269,9.2272,2.6743,2.5104,6.5582,8.0276,5.1621,2.1374,2.5411,3.374,7.9934,21.0574,2.5412,2.3425,2.1374,6.792,6.1229,2.1377,11.7053,2.2725,5.5513,9.6958,7.4998,2.0194,3.2694,3.2432,5.6483,5.3824,2.126,2.2485,6.7794,2.5261,2.1261,2.4963,4.3818,2.3654,2.1261,2.5038,2.5763,2.2491,9.4389,5.9559,6.5931,11.8353,2.5763,5.8465,3.9795,2.5165,2.5761,2.4453,2.5534,4.3821,7.0675,2.4267,5.2491,2.4452,2.4267,2.4927,8.0252,2.6452,3.2146,2.018,2.018,2.0591,2.255,2.4161,2.5594,11.5274,7.9445,6.953,6.1663,6.0019,2.2561,2.2555,2.1381,2.4169,2.728,2.1278,2.5309,3.4627,2.4875,2.7487,2.5721,2.5722,2.4877,10.2261,2.7278,2.8642,2.5631,2.197,2.4202,2.4621,2.42,2.045,2.0989,2.0987,2.1059,2.4962,2.334,2.3219,2.3947,2.0988,2.0987,2.0987,2.1949,2.3131,2.1068,2.3396,2.3048,2.0991,2.0458,2.0139,2.3138,2.273,2.1957,2.0987,2.1951,2.5544,2.724,2.1063,2.0996,2.0996,2.1969,2.8456,3.4479,2.7684,2.7251,2.4086,2.6251,2.1072,2.1155,2.6514,2.3249,2.1967,2.7351,2.1974,2.1981,2.191,2.7784,2.6514,2.1968,2.1072,4.6405,4.1979,3.4479,2.3249,2.1975,2.5067,2.3249,2.4084,2.7938,2.8926,2.5884,3.0851,2.6905,4.4496,2.6036,10.0218,3.5982,8.0219,4.4299,2.5884,2.2468,2.6747,19.4582,4.2616,4.3902,2.8293,5.2646,8.2937,2.7334,8.0218,7.6546,8.3439,7.2006,2.1669,3.6952,2.9093,2.9726,3.1675,8.0218,8.0185,8.1499,2.0983,2.0986,2.8056,8.0183,2.9322,5.6385,8.9504,2.1817,8.0183,7.2777,2.812,8.0183,2.8005,6.6569,8.9506,5.4718,10.0183,10.0183,8.9505,2.9322,8.1426,4.9075,8.9505,8.1575,2.9166,2.366,8.9505,2.8072,2.9322,5.0384,2.9744,2.9673,2.4096,2.4224,2.422,2.4224,2.4224,2.4223,3.714,3.648,3.4748,9.6737,6.0539,2.4225,6.2028,10.4082,3.4334,12.7954,7.056,3.5914,10.9984,8.2547,8.0211,3.464,10.0211,10.0211,19.2579,3.4565,3.4334,4.4283,3.4792,10.0215,8.0214,3.3742,3.857,2.2143,3.2194,2.4283,3.6979,5.9865,4.438,3.7935,2.4421,10.0214,7.098,2.4283,3.8725,2.428,14.4069,8.0214,3.8241,3.7278,3.7392,2.4282,2.4282,4.4282,2.1137,3.7202,3.7935
1,5.0331,20.0248,8.0211,9.5745,3.5612,2.4243,2.3453,4.1553,8.021,14.0996,15.0452,11.9609,9.9996,3.0601,3.4922,8.6113,7.3968,4.1324,13.3327,4.5924,10.0,16.439,8.1674,15.8141,15.6981,8.2981,2.8923,9.9992,11.0637,6.0713,4.2424,5.0301,10.6729,5.0644,11.7674,8.8281,4.0873,4.9202,10.8492,5.0234,12.5379,9.5411,15.0497,3.0177,2.8578,9.0866,4.4835,15.5833,4.8913,15.064,11.4332,2.7309,7.65,8.0149,10.5777,3.6195,4.7737,2.7309,8.7625,8.8107,2.3562,2.3563,8.0177,8.0178,6.9541,5.5074,4.932,3.3971,7.3452,4.0209,3.792,5.0273,2.4688,4.3958,8.0174,8.2636,4.0441,8.739,9.554,6.6454,8.0002,8.0174,7.8091,8.2018,2.3479,3.8869,2.8691,2.96,6.7778,2.3903,4.6375,2.611,2.4308,2.3977,10.3511,2.5507,2.82,8.0244,8.0244,3.4319,2.122,3.22,3.9361,5.1624,7.9992,2.4806,2.2941,2.1219,6.4879,3.3768,2.0751,4.3964,2.2336,8.0243,12.3777,8.3115,2.0176,4.949,3.1778,6.2107,8.0244,2.1731,2.6628,2.7617,3.108,2.3423,4.7789,5.9623,2.3424,2.0798,2.5632,2.7428,2.518,12.8953,8.4897,6.8758,6.0873,2.7102,7.84,4.6917,2.5638,2.7429,2.5183,2.7427,5.8473,8.0346,2.7592,4.841,2.5636,2.5634,2.8284,11.2131,8.0256,2.9629,2.1288,2.1288,2.1288,2.42,3.2875,2.649,13.1577,4.4019,10.2085,9.3831,4.402,2.129,2.2567,2.42,5.2193,2.7808,2.2567,3.8291,3.3729,3.0862,2.6513,2.5954,2.6087,2.7471,7.3963,3.2871,2.7315,2.7226,3.5212,2.9817,2.9814,2.9772,2.2596,2.5739,2.6549,2.682,3.6885,3.4023,2.6909,2.55,2.6823,2.7326,2.6757,3.1269,2.8295,2.7333,2.7537,2.6757,2.5205,2.1689,2.0777,2.5508,2.5676,2.419,2.26,2.8182,3.6882,3.002,2.6652,2.1155,2.1154,2.3764,4.3085,3.4522,2.8296,2.8296,2.9199,2.8396,2.1154,2.6742,2.7533,2.7533,2.7533,3.4849,2.5831,2.4615,2.3909,5.2725,3.4622,2.3764,2.1243,4.7206,4.6146,5.095,2.6999,2.8398,2.6999,2.6192,2.473,2.8398,3.5176,2.8207,10.091,3.5804,2.8207,2.6846,10.0219,5.9627,8.0219,8.6213,2.6846,2.3574,2.8961,7.4229,6.5965,4.5124,3.0894,8.0219,7.3637,6.1126,8.0219,8.022,8.3487,6.5965,2.2186,3.1694,2.8971,3.5176,2.9126,7.5599,9.5812,10.557,2.4483,2.3648,11.1165,9.5812,8.0224,6.6567,10.9754,2.365,6.7731,8.0224,3.911,11.097,2.8749,10.0224,10.776,5.5944,10.0224,16.5032,10.0224,10.0224,10.0225,9.2066,10.9754,10.0224,2.997,3.0126,10.9754,2.8533,6.6569,8.0296,4.0296,4.0297,6.4127,2.4096,2.4096,2.4096,3.4651,2.4096,6.0513,5.0356,3.4668,10.0165,5.6289,2.4096,10.0167,10.0205,3.4557,15.4492,8.1471,2.4097,3.6879,10.0205,10.0074,3.5873,10.0205,13.1349,13.6841,3.4483,3.5873,4.5907,3.7548,12.0698,11.9424,3.5638,2.967,2.2955,3.834,4.238,3.9933,6.1244,6.4269,4.0148,3.0717,10.0295,9.3866,3.6568,5.3755,3.1194,13.8514,9.6195,3.8242,3.7836,3.8404,2.5907,2.5905,3.834,2.5905,3.8404,3.9933
2,4.9849,11.5668,8.019,9.9998,2.9779,2.5004,2.3811,4.2328,8.7615,14.7328,15.1174,11.5796,15.0811,2.8855,3.4427,9.9994,8.0191,4.1523,16.2093,4.1525,10.4089,13.0413,10.467,13.2714,15.0444,9.5629,2.9524,10.4369,9.9997,4.1057,4.1524,4.9409,9.5422,3.7341,11.8713,8.6465,6.6424,8.0001,9.8324,4.1733,13.131,9.5419,26.4498,3.3547,2.8611,8.6659,5.3795,16.6161,8.0002,16.4121,16.1411,2.7343,10.0152,11.305,11.8885,4.7809,8.0152,2.7344,10.3011,8.015,2.3481,2.7004,9.6897,10.5724,13.7896,8.0174,4.1089,2.8118,2.4177,2.4688,3.7852,5.6302,3.8251,3.015,12.8876,10.0203,12.1408,15.5622,21.9109,10.8369,10.0202,8.0204,13.1047,12.668,2.5283,8.0202,8.0202,8.0202,8.0203,2.5282,8.9994,5.7739,2.4493,2.4521,7.8164,2.5083,7.4863,10.0193,10.0193,8.0193,2.2578,8.4185,6.7853,8.0193,19.4779,4.1769,2.3146,3.1423,13.519,6.6639,2.3315,7.9995,2.0968,9.9999,15.3362,8.0193,2.0136,2.9023,9.154,8.5331,8.0193,2.5109,6.7918,2.751,4.1546,2.6817,8.0345,8.0347,4.715,2.6654,2.6819,2.7618,2.7631,16.3532,12.6207,13.3388,15.5025,9.641,5.1162,7.2054,2.5198,3.3716,2.5657,2.7069,15.4944,9.6474,2.8451,7.9037,2.5658,2.5658,4.608,7.9993,8.0314,2.7641,2.3009,2.2416,2.3839,3.3638,2.6981,9.6297,13.409,10.0478,10.4781,16.1522,6.1674,2.3135,2.3106,2.9244,14.0869,2.6291,2.6441,4.6286,2.8581,2.653,2.6528,2.6383,2.6437,2.868,7.0877,12.6174,2.858,2.8142,2.895,2.9915,3.9462,2.8581,2.5878,2.8947,2.709,2.6731,12.9672,3.7077,2.7101,2.8069,2.8365,3.1411,2.8365,3.1412,3.008,3.0083,2.8343,3.0451,2.8069,2.1845,2.171,2.7377,2.7378,2.7592,2.5566,2.8072,3.0615,3.0083,2.5561,2.118,2.1178,2.4713,6.7577,2.8546,2.6961,2.6961,2.8857,2.849,2.6815,2.756,2.756,2.8646,5.4275,7.9753,2.6978,2.8646,2.8472,5.1565,5.7155,4.325,3.575,5.5648,8.6083,4.325,3.575,3.575,3.3259,2.756,2.849,3.575,8.4722,3.4753,5.7962,9.6195,3.2323,9.6195,19.829,18.9666,14.4431,8.0295,4.5336,4.3385,10.0295,13.7465,10.0295,9.4967,4.1249,14.4431,14.8601,10.0,8.0296,8.0295,13.8988,10.0295,4.5906,3.5306,3.754,4.5906,3.1306,11.5494,18.8843,12.2889,4.2006,5.1535,12.5586,13.4113,11.3082,8.7013,19.3333,3.0023,15.0789,10.8181,10.2957,18.2087,3.1762,10.0308,17.1701,8.0308,10.0308,20.8435,10.0308,14.2903,15.1376,10.0308,15.079,15.0791,3.7633,3.1762,16.7324,3.1343,16.1849,10.2771,5.6273,3.0851,10.0133,2.5922,2.5922,3.5237,2.615,2.5923,8.8174,5.0307,3.8745,10.0296,4.9201,2.5922,10.0296,11.6837,3.7346,14.9818,7.8673,3.5808,3.84,10.0296,10.1385,3.7563,12.1611,13.3429,10.0952,3.5648,3.8423,4.4145,3.769,22.6599,11.5787,3.6551,2.6276,2.6051,4.029,3.8331,4.7026,6.6191,4.8186,4.029,3.5118,10.0303,9.1466,3.8446,4.0867,2.6053,14.1,12.2602,3.8355,3.5117,3.9415,2.6052,2.6052,3.8435,2.4931,3.8331,4.029
3,4.9864,12.7835,8.1472,9.9857,3.1019,2.5988,2.4263,4.222,12.7411,15.5749,27.5016,12.877,14.6793,4.1559,4.1747,7.3966,8.0213,9.575,17.8535,13.3259,12.8942,12.2915,8.9288,22.1148,15.9552,7.5812,4.7326,18.2701,18.5465,4.9496,4.5691,4.1992,20.0172,8.0004,13.3905,8.9458,7.6067,8.9401,9.9994,4.1804,14.0733,11.4603,39.7413,3.1411,3.1408,14.2484,8.0004,14.8942,12.1126,15.3021,19.4318,2.8044,12.0417,11.7736,14.7527,7.4562,12.497,2.8043,11.7009,9.6035,2.4063,2.781,16.0003,15.9405,19.6974,15.4792,2.6138,3.3846,10.1295,2.5369,2.3305,5.1987,2.9385,8.2085,9.4321,10.8218,8.0185,22.2439,23.3431,11.4044,15.2496,17.9145,17.1187,17.8681,6.4401,9.3594,8.3105,10.8985,10.0187,2.4972,8.0346,6.4199,3.5639,5.9721,13.2238,4.5968,5.1669,14.2772,21.1793,12.0021,9.6163,9.9785,19.3976,16.8599,11.3079,12.1999,2.5435,9.104,15.8806,26.382,4.2539,10.0245,2.3614,21.9034,22.6953,12.3761,2.1223,4.3577,8.0244,10.0243,9.5923,5.2809,13.1457,10.1812,10.7381,4.7153,15.0515,28.2992,8.2675,7.6762,3.8905,2.7619,2.8623,16.3529,18.0023,18.0022,8.0347,18.4124,20.7455,3.5515,2.762,9.0668,3.6211,2.7126,15.008,11.7987,4.7678,10.0977,5.721,3.2252,8.0008,18.5667,17.2103,6.8314,2.5024,2.6859,7.3385,2.8617,2.6862,12.5714,15.9409,13.0375,14.9828,14.4478,12.6332,5.5841,5.3619,3.9188,13.6182,2.9121,5.0709,10.0308,16.531,10.2211,2.6399,2.6406,2.962,3.5078,10.9667,12.1232,17.1282,2.8298,3.0277,14.8822,14.1424,2.9397,3.0147,2.8817,2.9397,2.9398,11.712,8.0009,11.2339,5.6285,9.9166,3.0895,2.8533,3.9967,3.7854,3.7799,9.653,5.6192,3.7796,3.0898,2.5799,3.1647,3.7798,3.3557,2.8156,3.0733,8.0356,3.0733,3.0317,2.5353,2.7645,3.6873,11.3335,5.3406,3.1961,2.7287,2.899,2.9272,2.9947,3.5273,2.899,4.4373,5.9961,7.0074,2.9113,3.1962,2.9661,8.0268,4.5479,5.5362,8.8037,8.3778,11.8139,8.0269,7.0074,7.0074,3.6874,4.4373,5.5573,8.0169,8.0243,3.9021,8.0243,9.5016,7.4852,11.8653,25.5048,26.9543,21.2138,14.744,6.7244,8.0612,14.6008,17.121,19.6098,10.0243,8.7659,23.7338,24.1501,12.4644,20.2017,10.0243,19.401,11.1858,7.4852,3.5991,4.2032,6.7244,3.6067,13.5505,25.0434,29.5599,5.388,5.5462,9.6042,15.1489,26.7338,19.347,27.9565,6.9995,16.5087,17.0406,13.0638,32.0428,4.547,13.9934,25.0698,10.0267,13.0639,24.6093,16.6422,17.6906,24.1304,10.0267,32.6563,20.2875,5.4366,5.7629,17.8457,5.3779,13.0639,11.7943,7.6071,3.9112,10.3661,2.8901,2.5233,3.5299,3.5299,3.0763,10.0262,7.0411,7.0607,12.7947,7.5952,2.5232,14.3842,10.5459,3.3236,16.8073,9.6013,3.7961,4.8478,11.8903,11.8096,7.0607,14.6935,17.7871,13.7221,4.535,3.5299,4.5893,6.136,24.3476,13.3966,4.2521,4.2137,2.5755,8.3236,4.7018,4.0,6.5886,7.366,4.0,7.366,10.0288,10.0288,2.4689,3.993,3.7677,15.2139,7.8934,3.836,2.5873,4.016,2.5884,2.5756,3.9811,2.5754,3.8141,4.0
4,5.2051,13.8207,22.9521,8.6658,2.3789,3.413,2.3918,3.9412,9.6243,17.2569,19.9466,14.6158,12.2984,2.947,2.3088,5.0713,16.9771,18.0289,18.4715,17.1767,12.5163,11.8274,11.7305,27.3182,17.486,7.5643,4.1503,18.5235,12.6835,12.2365,6.7428,7.3226,17.6686,4.9901,13.0308,8.0161,9.3206,15.254,9.5501,4.6276,14.1872,12.3057,18.5133,2.2719,3.1134,19.2037,12.0676,17.3556,9.2676,16.8845,20.3466,2.8339,14.9471,10.0167,18.3981,8.0163,8.0167,2.8588,14.4357,18.409,2.3847,2.7509,17.8232,26.5978,21.3775,18.3439,9.9397,8.7849,10.1641,3.6932,2.497,4.1712,2.4276,4.7485,13.9725,18.2263,8.0238,31.592,17.7919,14.66,20.9213,23.174,22.4398,19.7439,10.0003,7.7191,8.2833,10.5727,14.8536,8.0237,10.1339,6.8468,2.656,9.2432,16.0041,3.3292,9.4223,16.908,25.1878,11.9481,12.6251,16.3374,15.852,21.6968,25.3118,10.0266,3.2417,13.2662,21.8886,10.4668,8.1518,13.7834,2.5861,34.4297,23.3629,17.2099,3.4728,5.0684,11.6205,15.3017,12.7497,2.7073,8.2766,7.6604,4.2378,2.5866,20.693,38.1373,17.0509,5.2014,4.7606,4.8343,6.0679,21.1039,27.4368,20.0334,8.0892,22.9476,8.0441,16.4338,2.8637,17.336,9.6545,3.0813,18.9264,15.9206,10.203,13.6435,7.9605,9.8329,11.5145,22.2789,12.782,15.0734,2.9475,2.8257,3.8304,6.4151,4.7629,13.8421,18.7472,19.777,18.5485,20.0263,15.2438,15.8432,16.2276,7.6548,14.8611,7.2397,10.2266,17.2911,24.8176,17.7431,3.2603,2.8971,2.897,4.0367,14.8191,18.6281,17.5527,2.8969,5.3053,11.1931,8.6078,2.9765,2.7959,3.9184,9.1125,6.1025,20.0969,10.0384,16.0295,16.5433,9.1507,3.1268,2.902,8.5916,6.9242,4.2388,10.89,9.8354,10.0383,5.1549,3.2209,4.5293,8.0384,3.1436,3.1436,2.8315,4.91,4.4689,3.1269,2.4822,2.7751,2.9565,8.4392,5.8356,3.7154,2.6062,3.2367,2.9665,2.4821,2.7851,2.9665,3.4805,8.7731,12.5244,8.0296,6.9456,5.3792,9.4654,10.0296,7.7765,2.775,9.2755,13.6931,7.9193,4.5367,7.0864,4.5471,4.4898,5.2304,8.0463,9.2977,8.2535,10.025,10.025,6.6059,11.1097,22.1642,29.8716,20.0123,13.789,5.2967,9.5084,17.9695,20.5596,16.9514,10.5956,10.4758,25.8129,28.3333,34.7242,26.6328,21.4297,22.1796,12.1357,8.2204,5.0863,4.874,4.4224,5.8231,14.295,27.6052,30.022,9.2378,7.188,14.9948,19.0768,34.8758,18.3745,28.5129,3.128,16.5088,17.877,13.8709,38.6093,8.3653,17.1698,26.3514,10.0284,32.0846,34.4669,14.4896,18.8322,31.5334,10.0284,34.727,27.2272,8.0284,5.4455,19.023,2.9289,17.1181,15.663,10.0,8.3753,12.579,3.4923,2.4656,3.8601,3.0828,2.5168,11.3862,8.0233,10.8723,17.9626,7.34,3.4923,23.4102,17.7964,3.6327,19.8255,17.3849,3.6333,4.9367,17.1666,12.7275,7.9498,20.1427,22.0595,17.9491,5.3034,5.4618,3.9618,5.6306,27.4804,15.4923,8.0276,3.8184,3.7218,8.2347,6.2925,5.6935,6.7607,8.0376,15.8836,3.9938,18.427,13.2309,3.7171,4.8461,2.5649,12.1869,10.0276,3.9779,3.7171,6.649,2.5527,2.5527,7.5467,3.3772,3.8294,3.9627
5,4.3554,21.2816,18.8232,5.7233,3.0595,3.0591,2.4241,5.4123,10.1387,21.4853,21.7232,10.9055,8.7661,2.3456,2.3456,8.6709,4.9495,18.9952,17.302,9.9792,10.8919,17.9716,4.9491,28.4586,18.4499,8.0211,8.9476,22.9851,19.1818,8.0211,7.9999,4.9967,17.4439,4.9603,22.7037,9.0916,11.4127,13.3951,14.5065,7.5088,17.527,13.3673,42.2398,3.0435,3.2096,9.8949,25.5924,19.803,8.0004,20.8103,22.6196,5.0584,17.7893,15.0383,22.1019,8.0235,11.744,4.4285,18.2436,25.3431,2.7376,2.388,21.8529,28.463,22.647,20.8392,16.4279,17.669,9.556,5.4482,2.6007,3.125,2.4482,2.4483,14.8789,14.9987,5.9926,28.2934,18.0181,9.8379,21.013,30.2476,21.3967,16.4811,4.5173,5.3894,8.0164,9.2698,15.3414,5.6531,6.3424,8.0185,4.1544,11.4442,14.201,2.4253,8.0187,23.5497,24.4464,14.9587,4.1542,14.4899,7.1937,19.164,15.7517,12.5235,2.4253,10.7598,19.241,12.4222,4.4971,10.0187,2.9343,23.7072,20.4601,16.8788,2.3276,3.5666,10.883,10.7264,11.6513,22.1294,11.9846,8.4081,2.3615,8.0,23.9582,31.2972,19.121,2.4675,2.8025,5.8162,4.1002,41.9399,22.613,33.2693,24.2736,22.5894,8.4684,10.8441,4.7484,15.779,11.9169,3.9569,41.94,15.9195,7.2044,22.0343,9.193,21.1048,8.6547,16.0517,18.9037,3.6402,2.7921,2.725,3.3144,5.8576,7.9581,11.1343,20.0063,28.5321,16.1522,15.9564,15.9432,9.451,18.5356,14.2752,17.4437,4.6486,5.8581,15.5727,14.4536,4.6487,4.1167,2.6715,2.6491,3.2322,16.848,15.8985,9.8796,2.9349,5.774,9.5624,5.6036,2.6992,3.1274,3.6335,5.1665,8.5377,8.6992,7.9549,13.4546,4.7681,3.1011,3.7556,2.8188,2.819,3.8012,7.9997,6.8541,7.9997,10.1518,2.7538,2.7425,5.2638,4.1081,3.0414,2.5904,4.8025,3.1929,2.8493,2.2433,2.4004,2.4012,2.4006,19.8135,4.2302,2.5044,2.7198,3.1196,2.7934,2.1501,3.0999,2.8694,3.4434,3.9873,8.4234,3.8722,6.718,4.3617,10.0246,8.8001,5.6703,2.8851,10.219,10.534,4.3617,4.6031,2.8694,3.6118,3.7498,3.5957,4.7056,4.565,4.2784,11.5714,15.9498,2.8799,11.1353,21.3156,21.3931,17.0361,10.0252,3.7929,3.4785,13.8154,12.4724,18.6014,9.825,8.1483,17.5005,25.2671,10.0373,25.379,14.3712,20.341,10.0252,6.7777,4.829,3.9993,3.4657,6.7777,34.4644,27.9479,31.5712,5.4446,6.9817,9.8508,23.5252,21.6357,21.0925,36.6697,2.9834,18.5934,27.9652,10.633,16.1095,3.9054,22.048,15.7885,7.2131,12.2438,40.0,10.633,13.7739,34.0888,10.0217,30.8353,29.2352,4.1034,9.4558,29.8751,2.8444,10.0244,11.9095,4.3253,4.1036,14.9138,3.5743,2.5913,4.0848,3.7714,4.5775,12.6864,8.0296,10.3478,15.8859,8.094,5.4804,28.0845,19.038,2.4817,24.4578,17.614,4.6057,6.1896,20.6274,13.8508,9.2084,20.4147,26.0247,17.6827,9.2101,8.2659,3.7571,6.8772,34.843,21.2953,7.1284,3.8253,5.2122,10.0297,7.1346,10.8242,7.6029,11.262,5.1275,5.1707,24.7075,14.0748,3.7878,6.3117,2.5645,17.3745,10.0297,3.7878,3.8411,6.2362,3.3244,3.8355,6.075,2.593,3.9626,3.8411
6,8.0188,20.1994,22.19,4.0631,10.1074,2.4581,3.5493,13.452,10.2169,36.3115,18.8518,9.7416,5.3715,2.3106,3.4167,8.019,19.6437,4.7444,10.3345,9.9431,10.921,18.5697,5.2974,20.8806,21.3659,16.944,8.0189,14.3559,14.8445,5.1438,4.1058,18.1622,9.7338,3.2882,14.0336,5.0803,9.2046,18.6733,9.5899,3.4272,16.069,20.6919,42.2398,2.9519,5.1979,8.7256,13.4442,18.5918,4.7641,15.3555,20.3906,4.181,11.3177,8.373,16.3693,3.7135,8.4594,2.8431,19.8688,14.5509,2.2662,2.6943,16.4696,19.8802,20.0998,34.9927,10.9285,16.7087,8.1375,2.8752,2.4485,3.2179,2.3845,2.3841,15.2684,15.2981,6.458,26.9649,17.2347,10.6573,21.4846,25.2947,18.3762,18.3627,3.6227,2.8186,8.0163,8.7864,16.2125,3.1693,5.6493,5.3748,4.1709,11.9504,10.0192,2.3787,8.2374,22.4524,26.4161,17.104,3.2789,15.1153,6.5099,20.1176,18.1327,12.7082,2.4349,12.2492,21.1268,11.1362,4.1708,11.0022,2.3787,30.9207,22.3126,18.5178,2.3785,2.9577,14.9717,11.8219,11.3203,19.2328,9.7568,9.7876,2.3484,6.5313,22.6512,22.6015,6.3901,2.526,3.1463,6.785,4.3786,28.0701,22.9865,22.9467,33.2807,22.9801,8.4177,13.6084,4.9821,17.1606,7.3332,3.7079,41.94,20.3637,8.0235,19.293,16.1997,21.3937,13.0448,14.9743,14.7531,2.8474,2.7363,2.7202,3.0811,3.8887,7.9992,15.4497,16.4555,19.5759,11.0659,10.6402,9.8778,7.1987,7.4302,10.6113,20.8795,3.67,6.7648,13.7685,14.0343,3.6697,4.168,2.8962,2.6747,3.6443,22.8244,17.6079,10.058,2.9103,7.0477,5.4495,4.249,2.6601,2.9522,3.5671,3.011,6.9256,7.8064,8.5433,10.0607,5.6487,3.1538,3.0709,2.81,2.617,3.76,5.7563,4.663,7.369,6.549,2.7415,2.8413,4.1151,4.5703,2.8101,2.5652,3.0548,3.9233,2.8295,2.193,2.169,2.4756,2.2484,18.0214,5.1929,2.4095,2.765,3.7601,2.7264,2.2486,3.2559,2.9611,3.3349,3.2461,6.8975,2.765,6.8975,3.8991,6.8974,8.0251,3.4956,3.9312,6.8975,7.2477,4.7033,4.3796,2.8793,3.3504,3.6296,2.9714,4.8488,4.7901,5.0159,8.5562,13.5425,3.3364,9.6076,20.3649,13.8667,13.0785,10.0267,3.9232,3.8988,21.5102,18.0255,18.4065,7.6054,7.9379,17.0721,20.079,12.5715,24.314,13.3188,13.0785,9.8294,4.8536,4.8025,3.7748,4.0159,7.0831,24.8002,26.8204,24.7147,2.8098,8.5677,12.2684,20.53,20.6925,21.7218,33.4813,3.0543,20.6882,23.3648,9.756,20.3489,4.4644,23.4294,12.4183,6.9274,12.4183,40.0,11.9988,15.9864,34.7547,10.0254,31.3572,28.0207,4.7331,6.9275,24.7926,2.7572,11.292,12.4246,3.2159,4.4314,16.7546,2.487,3.6023,2.4874,2.4972,4.5741,12.542,10.3545,6.6882,11.3798,9.9229,3.8465,26.1583,31.4651,4.4988,27.874,4.6355,6.1231,4.5239,21.5443,16.8702,9.5915,21.9095,28.6884,10.7121,4.3428,6.5972,4.2012,16.8309,21.2345,10.023,5.8791,6.5867,5.1098,8.2894,10.3018,9.4861,4.47,18.5498,4.048,3.7401,23.3707,5.4228,2.1354,5.2894,2.5279,14.0197,7.2478,2.3743,6.5358,5.5534,3.7401,3.1477,3.7022,4.1507,3.7401,3.554
7,8.0006,24.2987,22.9941,3.5024,5.1228,2.4165,2.9388,8.0215,9.5761,23.0396,19.3566,8.0008,5.5215,2.2137,3.0752,8.0009,5.1347,5.6965,9.024,8.3771,9.1762,19.8309,3.075,20.2572,19.911,9.5761,7.5821,13.1041,13.5368,8.0004,4.2031,7.102,9.3186,2.8315,15.5019,4.1392,8.0183,16.3538,9.9227,4.0262,15.9969,19.1354,49.0123,2.9671,7.667,8.5689,12.1507,18.3512,2.7996,12.108,21.4086,4.0403,12.7324,9.3198,15.6245,2.3002,5.8336,3.0561,16.2315,11.7644,2.2658,2.6942,15.5646,18.6486,23.956,22.5231,15.8362,16.4205,8.1375,2.2662,2.3815,3.7895,2.2563,2.2563,8.0157,8.5917,5.7623,25.9854,14.7379,10.3714,21.7872,30.3085,15.5641,18.7431,3.2433,2.3816,8.0157,9.1442,16.5811,2.7861,5.227,5.1206,5.0506,10.9478,9.8886,2.4601,6.4672,23.0488,26.0499,17.903,3.2745,15.4255,5.1481,20.7411,15.3023,10.0202,2.4029,11.5384,21.6449,10.0204,5.0637,9.8014,2.3874,24.9148,20.1448,19.2865,2.1345,2.4601,15.8671,14.4338,10.4324,17.3057,7.1992,9.7919,2.279,6.5658,19.4906,23.1574,5.4225,2.2795,3.2328,7.2879,6.2586,27.6493,22.8212,22.9468,24.392,21.6744,8.2032,11.0926,4.3049,14.0488,8.9401,4.8536,28.4924,19.2423,9.4564,21.2772,13.5424,11.9614,15.1522,15.2107,16.1286,2.7504,2.7335,2.7503,3.3298,3.842,8.5382,16.4116,17.15,22.5731,14.1231,29.1333,10.8318,6.5618,8.9614,14.2721,14.3505,2.9103,5.9966,15.0659,13.9795,4.8126,3.2197,2.8938,2.6566,3.7172,25.1831,16.7879,9.1131,2.9009,6.1304,7.9997,5.0925,2.677,3.3096,3.8828,3.7232,6.6879,8.979,9.2405,11.3325,3.9016,3.0129,3.0506,2.705,2.6348,3.6547,4.5035,3.8936,5.6448,7.5475,2.5619,2.8387,3.4545,4.3209,2.8089,2.5613,3.2274,3.6357,2.8089,2.1714,2.1406,2.5481,2.3367,18.6448,5.3166,2.4577,2.7822,2.9531,2.4724,2.2779,2.9531,2.9674,3.4486,4.0376,7.2607,2.7654,7.2607,3.2437,7.0022,6.2283,3.7629,3.4048,5.2938,6.6011,4.4839,3.8764,2.9372,2.9531,2.9372,2.9372,4.5587,4.3945,4.5203,8.7854,12.1626,2.9082,8.9326,15.0301,17.5073,13.0062,8.7934,3.1383,3.3172,14.8491,19.4077,18.2283,7.3401,8.3516,16.7694,19.7081,12.0549,25.0105,11.3129,12.2149,9.1176,5.6792,5.2457,3.3992,2.936,5.2122,26.2033,24.289,25.7298,2.3823,5.4242,9.9017,15.7416,18.0012,21.6378,33.4407,3.0477,20.6976,23.0451,7.3961,28.2943,4.5625,27.0903,11.4744,6.4157,35.2102,40.0,10.0235,15.9503,35.5155,11.4743,28.2014,28.7726,3.5711,4.3211,26.0249,2.3943,11.9137,11.5218,3.1072,3.5645,15.5688,2.4934,3.6135,2.4935,2.6836,4.5318,14.0402,11.1873,7.9135,9.8651,11.4846,6.9262,25.2671,31.3355,5.179,24.329,4.5098,4.4871,4.5055,26.2114,18.5898,6.8444,20.5465,33.4391,14.5823,4.8929,6.8497,3.1783,17.5563,23.323,10.0272,2.5657,6.8039,7.6235,8.3432,10.1376,9.1973,4.5573,17.4129,3.9862,3.0491,18.0269,4.1664,2.1606,4.3967,2.5525,15.7504,7.1407,2.2692,7.1407,4.8402,3.2168,3.7946,2.5564,3.3608,3.804,3.3606
8,9.4317,19.7418,24.6869,2.919,4.3458,2.3663,2.4119,8.0206,9.5712,23.8552,15.8775,8.0004,4.2244,2.2036,2.3678,8.0004,5.7838,5.6405,9.0387,8.0205,8.7494,21.1907,2.914,21.2949,19.4013,15.8721,4.9468,13.6182,14.9594,8.5079,4.9468,7.673,8.0208,2.886,15.2741,4.1137,9.5355,15.7751,9.8292,3.401,16.2728,19.018,42.2399,2.986,5.8094,8.4733,10.6721,16.3908,2.8504,10.3871,21.0236,4.013,13.7426,9.4006,16.2024,2.2068,4.2322,3.8933,16.2318,9.597,2.2551,3.2609,15.6206,15.66,24.5476,25.6418,11.6225,14.07,8.1321,2.241,2.389,3.1106,2.2757,2.3874,8.0169,6.9663,4.804,27.1374,13.9609,8.4938,20.0496,27.728,14.46,19.5619,3.591,2.4049,7.9971,8.0146,18.4346,2.7049,5.0197,3.941,2.9335,6.7656,10.4226,2.4294,7.5268,22.0948,23.6219,18.7156,2.8161,10.4944,4.1832,17.7213,14.1241,9.9978,2.1452,11.1767,21.6112,10.0189,5.6219,9.4474,2.3579,24.4933,19.0633,18.8494,2.1246,2.4293,16.6772,10.6088,10.0295,17.2948,6.8678,12.192,2.2918,7.1202,20.6627,24.8592,4.5329,2.4702,2.8122,8.0292,6.6617,39.6865,24.0079,22.9469,23.9006,19.564,8.1974,12.4204,5.4186,8.2027,14.7127,5.3832,38.9836,18.4977,7.8403,29.8551,15.6546,9.152,14.7326,15.3333,9.0911,3.567,2.6796,3.4038,3.3431,3.8012,8.0003,11.6199,17.5628,20.132,19.4173,12.3427,8.5071,6.3583,9.9997,12.3376,23.3192,3.3977,5.4507,14.167,8.7629,5.7422,3.1395,2.84,2.6408,5.0821,30.1996,23.373,8.2932,2.7413,4.9091,8.0458,6.1034,2.5922,2.7576,3.6379,3.3556,4.9888,8.1519,11.6988,10.0197,3.5853,2.9077,2.9073,2.4409,2.4418,3.2452,4.6888,4.654,4.5283,5.3392,2.4607,2.7423,3.1706,3.4078,2.4418,2.3242,3.843,3.2568,2.5677,2.1308,2.1073,2.798,2.4117,20.1315,4.434,2.3497,2.3497,2.8235,2.3928,2.212,2.808,2.8235,3.6934,3.1546,7.1654,2.7438,6.2387,3.2181,6.991,7.1133,4.2512,3.5202,4.548,5.8973,4.1559,3.5607,2.8235,2.7438,3.4706,3.0648,3.1486,4.3832,3.0329,8.34,11.1355,2.9315,9.0983,13.6372,15.702,14.3813,7.0488,2.8081,3.253,19.6123,17.6786,18.2281,6.9588,7.1514,17.6399,20.3484,11.6762,24.9554,10.1097,12.6684,7.0488,5.9609,5.2004,2.9771,2.8881,4.7917,25.4902,23.2276,25.8644,2.3426,5.1945,10.8916,13.498,18.2006,23.8686,31.9887,3.3985,20.6087,22.1012,7.9386,25.386,4.3951,25.47,11.5826,5.9079,15.2934,40.0,10.021,15.9501,31.7137,20.1311,28.2014,25.5109,7.2055,7.1033,25.1882,2.208,13.1449,9.7642,3.0619,3.8454,16.9837,2.5357,3.7172,2.5357,2.5356,4.3448,13.7498,9.4923,7.1065,8.7123,12.6505,6.2252,25.229,33.2634,5.221,24.878,4.1314,5.4044,4.0343,24.2347,16.3741,7.1064,20.6252,33.5573,14.1704,7.9503,8.2443,2.8479,5.5093,23.1567,9.6053,2.5585,4.5521,5.1709,8.3389,14.4684,4.5586,3.8252,21.1218,4.2354,2.7657,16.7932,4.4416,2.1586,3.8252,3.0783,17.1088,4.4416,2.1586,6.3841,5.2344,2.438,3.7996,3.2012,3.2551,4.191,2.4383
9,4.9898,13.4939,23.3889,2.9109,4.1508,2.4043,2.4039,8.0202,12.2642,21.4202,16.3298,4.0298,3.4262,2.1999,2.6709,4.1769,4.1768,4.1126,8.6226,9.5266,8.3668,21.2951,2.5035,22.2625,15.5146,9.5692,8.0202,12.3549,14.2838,6.1377,4.9451,15.323,8.0204,2.8788,16.0762,3.2985,9.8501,16.1838,8.5474,3.4702,15.8467,19.2958,25.4299,2.6629,7.7992,9.7689,11.2618,15.8927,2.7788,9.8181,20.6083,3.0906,13.8455,8.0006,15.8152,2.2036,2.8501,3.1506,16.3078,7.2874,2.0845,5.7817,17.3982,18.6606,22.6343,14.054,8.1387,9.025,8.142,2.2912,2.3835,2.6797,2.2649,2.3918,6.6251,7.9995,4.0598,25.7474,9.1964,6.3294,13.9422,19.1852,14.4503,18.785,3.2502,2.3921,5.3345,7.1054,16.0694,2.3921,4.5171,2.4872,7.3658,11.5669,8.5018,2.3255,7.1306,22.523,22.998,17.1133,2.2978,8.6911,2.3465,17.6502,10.1943,8.0003,2.3465,8.7102,21.032,9.9547,3.3548,6.5452,2.3255,23.3982,15.2341,17.9597,2.1207,2.3252,11.8838,10.5696,10.7315,10.1115,4.9285,10.7486,2.1343,4.4401,19.3013,20.7479,2.5126,2.1694,2.1718,5.2343,4.2287,33.3585,30.608,8.0268,28.7039,18.7944,21.4015,9.1842,4.6295,6.306,15.2253,4.4395,24.7135,14.2425,5.9245,28.5875,12.2214,6.6574,9.3568,13.5184,10.165,2.6305,2.63,3.3252,2.677,3.6104,7.0042,10.5318,18.986,20.8257,16.1519,13.711,6.7103,5.5086,5.4291,10.742,19.6538,2.7906,4.5255,10.3576,5.2865,5.3134,2.8066,2.6143,2.6144,3.6136,22.82,22.4498,6.6666,2.6446,4.6416,4.8525,4.7099,2.507,2.6395,2.9466,3.5553,4.5888,6.7155,7.1347,8.1009,2.9855,2.7468,2.7942,2.5062,2.5063,2.9854,4.4609,4.4024,3.829,4.0555,2.3076,2.784,2.9855,3.1765,2.507,2.3446,3.8389,3.2864,2.507,2.1335,2.1335,2.7493,2.4131,20.3447,4.4503,2.2641,2.2643,2.7741,2.264,2.1335,2.7741,2.9098,3.1262,2.9098,5.9725,2.7377,5.4072,2.9257,5.4663,4.9248,2.9257,2.9098,4.076,4.1395,3.3346,3.0181,2.747,2.7741,2.7377,2.9098,2.9746,3.3005,2.7429,7.0724,10.1832,2.6713,8.4761,12.0831,14.0383,12.9404,4.8692,2.7277,2.7277,8.4761,9.5228,15.8636,4.9115,6.2286,14.1105,18.6846,9.308,14.4629,10.0173,11.65,5.7763,5.4813,4.9437,2.8077,2.7739,5.3091,21.0522,21.5149,20.2812,2.2126,4.3132,9.4474,10.6658,13.9743,19.0764,26.3198,3.4804,18.2278,22.1853,10.5205,31.3778,4.3033,20.0311,15.5362,5.2797,12.9304,41.0574,8.976,12.6163,31.1207,10.0215,24.1972,22.2801,3.5029,4.2529,25.914,2.9789,8.2328,8.7227,3.1556,2.4399,17.4658,2.4995,3.6819,2.4995,2.4994,4.9298,12.2129,9.8227,7.6831,7.6831,12.2129,6.5807,24.673,26.0588,7.683,24.5769,4.025,3.6662,3.5144,22.0532,14.5539,7.683,20.3088,23.5627,12.0094,5.6026,8.4191,2.952,5.1796,21.7383,4.5783,2.4981,3.8085,4.9198,8.1944,11.1524,6.4982,3.6634,19.823,3.923,2.3905,17.1609,3.923,2.1415,3.3139,2.9849,15.6036,5.9516,2.1841,7.5399,5.3344,2.3911,3.59,2.2371,3.0718,3.4917,2.496
10,5.1227,10.2112,21.0015,2.382,3.8845,2.4687,2.4346,7.9988,16.5969,21.0606,16.1079,4.2827,3.1715,2.2241,2.7155,4.2428,4.1778,3.3221,9.5422,12.0822,8.0234,19.0814,2.382,21.2952,9.5425,18.8097,7.9988,11.6002,14.104,7.9984,5.0583,15.306,8.02,3.0083,14.783,3.0087,9.1128,14.6265,5.0445,3.4564,13.6846,15.3267,22.3345,2.1996,8.8388,6.036,8.0201,12.6339,2.7723,7.0936,20.4615,2.8196,12.2119,4.9879,14.4715,2.117,2.7787,2.7185,14.9003,7.3293,2.0812,4.7778,14.098,16.8981,22.6923,7.9998,13.1498,5.8076,6.7079,2.2642,2.4228,2.4228,2.423,2.412,8.0178,6.2499,4.3595,20.3997,4.1246,4.8905,9.8767,15.3663,15.5751,14.8987,2.9426,2.393,5.2889,4.8905,12.1423,2.423,2.8373,2.6278,2.5558,2.9847,9.4865,2.2516,4.2585,17.8935,22.069,8.0216,2.345,4.5914,2.2142,10.9795,10.0217,8.0216,2.1083,4.9305,18.0684,8.1815,2.412,7.1427,2.4121,28.4407,10.0216,11.5842,2.4274,3.0116,9.2707,8.0216,4.326,2.118,2.356,7.9531,2.118,4.7523,17.4146,12.4631,2.4651,2.118,2.118,2.8429,3.3869,30.008,15.4186,5.6935,17.7829,6.7751,5.4418,5.5534,2.5832,2.8246,18.6721,2.5449,20.5783,11.6034,4.8702,23.8028,9.2143,4.326,3.2086,6.3723,5.3148,2.4351,2.6161,2.4574,2.435,2.5414,3.8975,3.564,16.7034,20.7147,7.9721,8.4965,4.5061,4.2681,2.7596,5.1773,17.0186,2.6815,3.4313,7.8808,3.8736,4.2978,2.8334,2.595,2.4576,3.7217,22.8867,15.0202,5.0625,2.5877,3.6083,3.205,3.6485,2.4355,2.5711,2.4361,2.7509,3.4938,4.25,5.6957,5.4526,2.7378,2.2642,2.7374,2.2644,2.2399,2.5313,2.7645,2.9168,2.9009,2.9168,2.2646,2.4358,2.7644,2.7644,2.2647,2.2056,2.7378,2.9009,2.4361,2.1282,2.1282,2.3252,2.1539,19.3405,4.5432,2.2538,2.2538,2.7139,2.2536,2.1283,2.7332,2.768,2.7332,2.768,4.6581,2.4181,4.0257,2.7332,4.2908,2.8697,2.418,2.7332,2.925,2.9595,2.9052,2.8894,2.4524,2.7332,2.5337,2.513,2.7112,3.0842,2.7106,6.1124,10.4417,2.2559,8.0626,8.3484,8.7698,10.0157,4.0495,2.6961,2.7112,5.5545,7.6788,10.0157,4.7387,5.712,10.0157,12.5332,8.0731,9.5871,8.9283,9.7297,4.6102,4.7853,2.7912,2.7906,2.6832,4.895,19.4165,15.7705,15.1423,2.7564,2.3471,5.8114,6.7914,10.9795,16.5396,18.1181,2.9806,13.0173,10.4178,10.4178,26.5682,7.1784,13.6941,10.0213,5.6696,10.0213,27.4571,10.0213,8.8389,21.338,10.0213,14.8576,10.4179,2.9904,3.2785,10.4178,2.8388,4.1283,6.6835,2.9098,2.359,11.212,2.4323,3.6164,2.4322,2.4321,3.7402,10.5695,9.8663,6.779,3.9061,10.3865,4.82,19.5593,24.3198,3.6164,20.4104,7.1927,5.2313,3.4704,20.094,11.8858,6.779,16.5492,27.4291,6.3751,5.9954,7.647,2.5373,7.1082,23.3566,3.684,3.8194,5.2615,4.4238,6.485,9.5998,8.2097,2.5357,10.4089,3.8194,3.1567,10.8145,3.7774,2.1527,2.5943,2.7542,10.0259,4.5376,2.1987,8.0259,5.2244,3.7864,2.5383,2.2559,3.7864,3.039,3.1558
11,10.5101,7.3616,12.7569,3.2636,5.0304,2.3663,2.3663,8.0226,9.9995,18.571,12.0099,4.263,3.1236,2.3663,2.4495,4.2231,3.5366,3.1234,7.9989,10.974,5.083,18.3529,3.5366,16.8101,7.9991,4.1585,7.999,11.5784,12.6306,5.5281,4.1585,12.0285,6.6838,3.81,13.2185,3.0058,6.1517,9.5066,4.2106,4.0568,7.9994,8.5302,18.9358,2.1988,15.4404,7.3321,7.9998,10.02,2.7713,7.9998,7.8418,3.0055,9.2706,3.5851,9.8227,2.1988,2.8344,2.328,10.3975,4.4727,2.2909,4.5402,10.7955,15.8034,19.6455,3.7228,11.1595,3.6609,4.6408,2.393,2.5059,3.091,2.3134,2.2836,3.1066,5.3675,2.5059,19.9295,5.6144,4.3845,4.729,10.0192,12.5747,10.3865,4.0423,2.4008,2.5058,4.9474,7.9994,2.9607,3.0695,2.4133,4.9268,4.4126,5.0376,2.2121,4.5063,13.1644,15.1883,5.0373,2.4278,2.3482,2.3434,11.1394,14.8757,5.0378,2.1068,3.2889,8.5157,2.4308,2.4801,8.2253,2.4064,18.8392,9.7517,6.9627,2.3432,2.1642,8.0214,4.2484,3.3211,2.2802,6.7543,2.7271,2.1387,4.4903,14.1048,4.3101,3.2783,2.1415,2.1415,2.4381,3.7782,27.4987,8.0283,11.9717,12.8316,6.8558,2.6207,4.7705,2.6367,2.6035,12.5202,2.6367,8.0282,6.4067,3.6775,15.5577,5.3245,2.4612,2.7005,3.3305,2.6039,2.4165,2.6037,2.4336,2.4164,2.3975,2.6661,2.8723,14.2266,21.253,5.474,6.1203,2.5763,2.7639,2.736,4.5685,12.6677,2.5765,3.1954,8.5222,2.7477,3.0701,2.668,2.5762,2.4335,2.8755,17.7847,8.4693,4.2402,2.6539,3.7357,2.8839,3.1654,2.5471,2.5477,2.2049,2.884,2.9001,2.9003,4.1916,4.6762,2.8039,2.3323,2.8038,2.3322,2.332,2.745,2.5477,2.804,2.999,3.034,2.5472,2.5474,2.8805,2.6412,2.8039,2.3323,2.8273,3.034,2.5071,2.2622,2.1326,2.1325,2.4315,15.8875,3.9304,2.2624,2.2624,2.4321,2.1325,2.1325,2.432,2.7445,2.7863,2.7445,3.4756,2.4319,2.773,2.7353,3.8352,2.7353,2.5502,2.204,2.7445,2.773,2.4321,2.7353,2.545,2.7445,2.695,2.7445,2.895,2.737,2.7697,4.8663,10.3167,2.4228,7.0868,10.026,6.8676,7.9251,4.4079,2.4228,2.7184,4.7395,4.4192,8.069,4.2735,3.658,10.0259,7.5663,8.0259,12.6872,9.6001,10.277,3.6579,2.9908,3.0897,2.808,2.4227,4.9297,19.0413,9.5906,6.8774,2.9408,2.8395,3.082,4.4952,8.8856,11.8264,6.647,3.7346,5.8561,8.0242,9.9724,10.0241,3.5963,3.579,8.5486,2.884,17.4904,26.8664,8.253,8.0242,10.0243,4.3463,8.0242,9.5906,2.1303,5.3247,5.5172,2.24,8.5877,4.8021,2.4848,2.4848,12.6214,2.3589,3.545,2.3729,2.3589,3.416,10.018,8.7793,8.7793,3.545,8.018,3.5136,11.276,22.2418,3.6051,12.9637,4.3735,3.5465,3.4226,14.374,5.044,6.6835,14.6607,20.4978,4.8949,3.5819,8.806,3.4891,16.3078,18.2553,3.481,3.8887,3.7491,3.0286,8.1763,8.2903,8.2682,3.5564,13.3677,3.741,3.5564,10.023,3.9043,3.5564,2.2278,2.5073,7.4444,3.7894,3.1508,9.1228,5.2756,2.4607,2.4606,3.7491,4.5106,2.476,2.4753
12,6.5688,6.1474,10.8043,2.4016,3.821,2.1004,2.3623,8.0201,21.9268,14.8304,14.7181,3.1668,2.4026,2.4015,3.4525,7.1236,4.1094,2.8677,7.1957,6.336,8.0201,16.8403,3.1618,16.7541,8.5233,3.2947,4.9832,8.0897,6.2662,4.8572,6.3644,10.024,5.8554,3.5915,10.9787,3.1228,6.5077,5.7311,5.9608,3.5916,7.9992,5.7855,13.5227,2.6244,7.5184,2.4814,6.882,4.9947,2.3917,4.4552,3.2024,2.7408,5.5001,3.5917,7.4293,2.9141,2.3919,2.8346,2.8698,2.8157,2.5383,3.3387,4.9475,9.3164,11.0711,2.5054,2.5059,2.4009,2.4006,2.5059,2.4469,3.0093,2.1422,2.2818,4.3262,4.3262,2.4469,19.5889,4.1778,2.7612,4.727,8.0163,11.231,8.334,4.3261,2.2819,3.2259,4.3263,8.3688,5.049,3.3683,2.4478,2.6716,6.8274,5.9147,2.2712,8.0274,10.0274,10.0273,7.0641,2.446,3.2779,2.5227,8.4583,10.0274,5.9965,2.0193,3.1313,8.2653,2.5387,2.6017,5.9384,2.4456,11.0406,8.0081,16.6607,2.6015,2.2688,4.7079,2.3779,4.9091,2.1386,8.0275,4.4693,2.0197,3.3767,10.2681,2.3499,2.6514,2.4514,2.2736,2.4304,3.4235,19.921,6.5653,10.5678,13.3885,6.168,2.625,3.6413,2.4302,2.4513,11.0702,2.4519,6.6183,2.6092,2.6092,8.6605,2.609,2.5697,2.4598,2.9482,2.6017,2.415,2.4486,2.4146,2.432,2.4318,2.4319,2.6014,7.3078,11.5434,4.6189,5.2084,2.5513,2.4319,2.7343,2.7459,7.1187,2.5671,2.6127,4.5677,2.7615,4.4271,2.5748,2.4312,2.5668,2.7456,8.9042,3.8176,2.7456,2.2777,2.562,2.5372,2.4603,2.2773,2.3485,2.1683,2.4306,2.558,2.5582,3.1001,3.9011,2.354,2.3536,2.3496,2.0852,2.1054,2.2768,2.277,2.3496,2.7083,2.5388,2.1682,2.2777,2.6044,2.1682,2.1687,2.1685,2.2777,2.2777,2.1686,2.1139,2.0742,2.0915,2.1465,9.0559,2.6956,2.1467,2.1467,2.1139,2.0741,2.0741,2.1467,2.5845,2.6791,2.7056,2.9215,2.5862,2.6942,2.5918,2.7062,2.6621,2.3077,2.2416,2.7056,2.741,2.3048,2.3959,2.2416,2.5862,2.3038,2.3031,2.5994,2.5283,2.5847,3.4493,9.0603,2.1625,4.8763,6.6674,5.1068,5.2276,2.5994,2.5242,2.5242,4.4737,3.8488,6.34,3.5275,3.5938,9.5302,6.34,8.01,6.34,7.5389,7.3927,2.7328,3.099,2.7575,2.6042,2.2031,4.1703,13.495,10.0,4.5298,2.7384,3.0386,3.0695,4.6162,8.4235,9.91,6.9712,3.1286,4.6121,5.6095,9.9117,7.9551,3.6768,3.0914,4.1714,3.0755,20.0221,20.8985,8.4608,10.0266,10.0265,3.1586,8.9192,9.6391,2.1324,3.0755,3.7159,2.2648,7.6486,3.1719,2.5194,2.5194,10.0242,2.2425,2.4848,2.2419,2.4848,2.4849,10.0242,6.8845,4.1086,4.5113,4.5054,3.6677,12.014,15.6234,4.4965,9.5909,7.5492,2.4848,3.4963,10.0242,5.156,6.8845,8.8707,9.5909,3.0833,3.5437,7.1481,2.4138,9.0594,10.0255,3.1809,2.9255,3.2674,2.5077,7.0202,5.9376,5.9468,3.9341,6.297,2.5077,2.2518,9.5971,3.6383,2.2517,3.7597,3.268,7.3464,3.9341,3.6383,6.7809,5.1241,3.2692,2.5076,3.6383,4.5729,3.7708,2.5245
13,7.4409,5.7095,9.2668,2.479,4.2934,2.1199,2.4397,9.2707,13.2806,12.3987,15.9958,3.3914,2.992,2.4789,4.1884,4.3755,3.5882,3.3262,8.4767,8.2007,8.0239,15.3194,4.1885,13.9664,13.7387,2.685,7.5994,7.9992,8.0239,4.7915,5.1439,10.1709,4.9114,3.2072,13.3895,3.2368,7.9993,7.824,5.11,3.337,6.5857,5.8137,11.07,3.0628,9.1823,2.5355,4.0663,4.0661,2.6399,7.9994,3.322,2.6908,7.9994,6.2252,8.013,2.6418,2.213,2.6574,3.8173,2.8152,2.3262,7.6644,4.8272,4.7748,8.1783,2.3929,2.8155,2.4002,2.393,2.4469,2.6501,2.7746,2.2431,2.3319,4.3318,4.081,2.4526,16.6448,3.9454,2.7394,4.0945,10.0166,10.5786,4.6004,4.144,2.2703,2.8295,5.2144,10.5077,4.7648,2.3992,2.2274,2.3476,6.0964,7.2267,2.1385,8.014,5.0571,8.0139,6.0782,2.1335,2.6985,2.2625,11.9447,9.0794,2.6987,2.0099,2.2273,8.0139,2.3005,2.3294,6.6551,2.2627,9.9995,7.8579,11.4125,3.2962,2.0099,3.9893,4.6152,2.4609,2.2745,6.9445,6.0912,2.0147,2.3328,6.8372,4.8819,2.1968,2.4038,2.202,2.4178,3.6405,11.643,4.2157,8.0203,14.7352,2.4836,2.2667,2.913,2.3378,2.1309,8.2683,2.541,4.2158,2.8952,2.4195,4.9988,2.4178,2.3377,2.418,2.48,2.4737,2.1555,2.3303,2.3352,2.3304,2.3303,2.3356,2.4649,3.8752,4.9912,2.6246,4.4053,2.3303,2.3301,2.3303,2.577,4.8752,2.4149,2.6401,4.9912,2.6401,8.3021,2.2003,2.3303,2.1014,2.6427,7.3925,4.6375,2.6018,2.477,2.4526,2.5702,2.4813,2.3121,2.3918,2.3121,2.3121,2.4813,2.4811,3.4202,3.9178,2.3121,2.6026,2.6314,2.1892,2.1467,2.1891,2.189,2.3114,2.312,2.3446,2.0958,2.1474,2.312,2.5633,2.3121,2.0958,2.3118,2.1895,2.1472,2.1081,2.1081,2.1661,2.2138,5.2187,2.6412,2.4322,2.1665,2.3523,2.2137,2.166,2.3521,2.4424,2.3522,2.6806,5.4374,2.1082,2.7447,2.6729,2.6929,2.3523,2.7447,2.6806,2.9661,2.7447,2.4421,2.4423,2.6729,2.6729,2.449,2.4324,2.6981,2.3075,2.3073,2.683,14.4031,2.3006,4.7737,7.3511,5.6393,4.7735,2.6981,2.3079,2.3079,3.8967,5.1601,7.1398,2.782,3.6216,8.3849,7.1398,7.3512,7.3512,7.3511,5.9298,2.7894,2.7867,2.7867,2.6707,2.3066,3.276,9.3136,11.6705,4.103,2.4332,5.8053,4.8614,2.9393,5.6458,9.5609,9.4888,4.3822,4.1538,4.3823,8.0187,6.9412,4.9024,3.4038,7.9022,2.9383,17.1608,16.5029,6.6332,9.1364,10.0187,2.9383,8.0188,8.0187,2.0137,2.924,2.8978,2.586,7.0125,4.0173,2.2801,2.3438,9.6002,2.2495,2.5194,2.1299,2.5194,2.5194,10.026,8.026,4.6819,3.5274,4.5412,5.0577,10.5228,23.5501,4.532,10.0951,11.1104,2.5194,3.5088,10.026,4.2053,6.2637,10.0951,10.0951,3.6759,3.5274,7.4563,2.5124,11.3766,11.5398,3.588,3.7536,2.7451,2.6286,4.3144,6.9789,5.573,4.0517,9.6297,3.6436,2.3115,9.6297,2.5123,2.5125,3.7536,3.8501,4.1393,3.5715,3.848,4.4767,7.0932,2.6286,2.8677,2.6286,4.6481,2.8024,4.0032
14,7.9908,6.2753,11.7672,2.2801,3.7238,2.07,2.2281,8.014,10.3039,9.9996,11.4743,3.5489,2.7753,2.4498,4.0482,4.9155,2.6252,2.7347,8.5031,11.0508,8.014,13.7397,5.8986,11.1866,8.014,2.7353,4.0479,8.0138,8.0139,7.0048,7.9998,9.6614,4.0828,3.7159,10.7682,3.4346,9.3185,5.0833,4.086,3.8907,9.5354,4.7316,8.732,3.0761,11.8213,2.568,5.8646,7.9995,2.6584,5.6036,3.9088,2.7001,8.014,4.3145,8.0139,2.1391,2.6584,2.6727,5.9784,2.8292,2.3319,7.1199,6.0248,4.081,7.3283,2.7748,6.1712,2.3987,3.2635,2.4048,2.6618,2.3196,2.1197,2.2245,3.2339,2.3622,2.3705,13.9467,3.5415,2.3199,2.6619,9.3332,10.0124,2.3198,2.8156,2.1244,3.553,8.7996,10.9261,4.2511,2.5082,2.3619,2.4645,6.0341,6.5925,2.3825,5.8984,5.0721,9.5798,4.2776,2.2603,3.1103,2.4226,22.4164,7.6843,2.4227,2.0156,4.5347,8.0222,2.4518,3.3698,6.0985,2.3618,17.0045,7.4574,9.5796,3.2908,2.0157,7.9998,5.4597,2.6013,2.0195,9.6077,8.0273,2.0196,2.4547,4.9199,2.3777,2.1367,2.5383,2.2754,2.4459,3.3276,6.4149,2.6019,8.0273,15.2897,2.6183,2.1368,4.5469,2.6022,2.4203,11.3834,2.4593,5.9474,2.6024,2.4577,7.1119,2.5207,2.5699,2.5882,2.6493,2.4718,2.1447,2.6138,2.446,2.4718,2.4718,2.594,4.5789,3.6519,6.7393,3.4464,4.3715,2.5934,2.1448,2.5271,2.7738,6.5935,2.514,2.5924,8.0809,2.9346,8.0289,2.4713,2.4714,2.494,2.8786,8.0009,3.7698,2.6268,2.3151,2.6438,2.6434,2.6504,2.549,2.519,2.6506,2.1594,2.6526,2.5195,2.8207,3.0165,2.7939,2.5195,2.4927,2.5196,2.5187,2.5187,2.5187,2.5188,2.7937,2.5195,2.3153,2.5196,2.5196,2.8007,2.699,2.3153,2.6291,2.5193,2.5196,2.3039,2.286,2.2949,2.7776,5.8684,2.782,2.5962,2.2948,2.4852,2.6843,2.2503,2.2948,2.2861,2.6183,2.7876,3.042,2.2532,2.5812,2.2949,2.792,2.618,2.792,2.792,3.0563,2.792,2.4858,2.6099,2.6104,2.4855,2.596,2.5961,2.732,2.5375,2.2598,2.7411,4.5203,2.4278,4.5252,5.7678,4.5252,5.2394,2.7411,2.537,2.732,2.9839,4.4188,7.0932,2.9839,3.0666,8.0262,4.4039,8.0262,5.6563,3.6688,5.8187,2.9969,2.9969,2.9969,2.8211,2.5363,3.6688,10.0,10.0,2.9975,2.2515,4.0106,3.174,3.0716,4.5383,7.298,6.4138,3.1545,4.4198,2.4283,8.0263,7.2981,3.6698,5.0845,3.6698,3.6698,10.1971,12.8535,4.124,10.0263,10.0263,3.0716,8.4528,8.3573,2.1421,3.0609,3.8969,2.5255,6.9469,3.0106,2.2292,2.3772,2.899,2.0864,2.3437,2.0925,2.2801,2.3438,8.4077,3.4063,4.5957,3.4127,3.9549,6.4339,8.4075,21.0732,4.0547,8.2853,12.1256,2.3438,3.4127,10.8459,3.515,7.5941,10.0173,11.4732,3.4063,3.5343,11.0083,2.312,11.2693,11.5705,3.4383,3.4203,3.0377,2.5336,3.8131,5.7914,6.3919,3.8259,9.5634,2.3831,2.3829,8.0192,2.8939,2.957,3.4203,3.6983,5.0176,2.4157,2.9571,3.8284,5.8939,2.383,2.3825,2.3831,3.8249,3.4203,3.8131
15,9.2985,4.2341,13.105,2.4217,4.2342,2.1054,2.3435,8.4597,13.8922,9.0971,13.8593,3.4877,3.2581,2.5206,3.4876,6.5886,3.4877,3.4875,4.9501,13.9509,7.0666,12.8541,4.1941,10.1989,7.963,2.8895,4.4207,10.1247,8.0009,8.0211,6.9439,9.5279,4.0763,3.6921,10.1566,2.7176,9.8635,5.8401,4.1381,4.1765,8.4648,4.1763,8.0002,2.8038,9.1166,2.8038,5.8506,4.0557,2.6276,4.6711,2.6803,2.6805,4.6712,2.8279,8.5711,2.1243,2.6703,2.6494,3.7335,5.9644,2.2047,7.2624,6.9011,3.9396,5.3195,2.6751,3.9395,2.3396,2.3395,2.32,3.4084,2.5072,2.3135,2.5071,4.3856,2.5068,3.9398,11.6331,2.5071,2.4481,2.5072,10.0193,8.0192,2.3139,5.7634,2.1478,4.3856,8.1236,9.9997,6.2463,2.5627,2.4079,2.4142,8.0352,7.9865,2.4079,8.0248,6.1556,9.1936,4.376,2.304,7.5331,2.554,17.3428,6.5769,2.3644,2.0176,3.1749,8.025,2.4931,3.2549,7.3277,2.4772,9.9996,5.3543,9.7524,5.242,2.0178,4.799,7.9587,2.3859,2.1458,11.989,4.521,2.0208,2.3882,5.3771,2.3883,2.067,2.5738,2.4267,2.4682,6.1513,6.7837,2.6536,8.029,12.9214,2.6463,2.1457,3.3028,2.4683,2.4492,6.9949,2.487,2.7059,2.4754,2.6378,7.1606,2.4869,2.4871,2.4683,2.6175,2.492,2.1509,2.492,2.4619,2.4916,2.4622,2.492,3.1184,2.6277,5.4971,2.8334,2.8915,2.6325,2.0214,2.3611,2.6188,5.8444,2.2985,2.4186,4.4204,2.5286,4.5564,2.4913,2.4917,2.5285,6.9022,6.4894,3.8067,2.8174,2.4561,2.4566,2.5944,2.5026,2.1517,2.1401,2.1401,2.1401,2.277,2.277,2.5161,2.7568,2.1402,2.2769,2.1908,2.4561,2.1913,2.1402,2.1402,2.1402,2.1402,2.0197,2.0197,2.1402,2.1507,2.6663,2.1402,2.0197,2.4398,2.2771,2.2693,2.1046,2.0148,2.207,2.4184,7.8002,2.7307,2.4184,2.4277,2.7407,2.1047,2.2068,2.2069,2.1608,2.6208,2.3697,2.2066,2.1047,2.1046,2.3409,2.6639,2.6714,2.6714,2.8129,2.7407,2.8129,2.3408,2.2068,2.4276,2.3409,2.3404,2.3409,2.4341,2.4401,2.2096,2.4397,3.2956,2.3455,4.242,4.242,5.9364,7.0274,2.4341,2.4343,2.5817,2.8812,2.8182,4.9473,2.4357,2.6675,8.1019,2.7247,5.0298,5.0298,8.0212,5.6729,2.345,3.492,2.9466,2.8223,2.4339,2.8829,10.0,8.0238,6.4447,2.1193,2.9491,7.047,3.0234,4.4875,9.6672,3.5078,4.4869,2.9633,2.3878,7.3986,4.333,4.4874,6.5846,3.974,3.2357,12.203,11.6406,3.4524,10.0239,10.0238,2.8551,8.0238,7.6876,2.119,2.998,4.0239,2.476,5.2518,2.817,2.4669,2.2835,2.4763,2.1157,2.4628,2.1913,2.3772,3.5435,9.0469,3.4904,4.8177,5.0643,2.4623,3.6306,8.0572,20.0854,4.4741,9.3654,10.0231,2.4628,3.4823,9.585,3.4823,6.9041,9.585,11.1055,3.6302,3.5499,8.0894,2.2397,11.2955,11.1883,3.4949,3.365,3.0958,2.7345,3.7992,5.5272,5.9726,3.5937,8.0147,2.2943,2.2943,8.0147,2.2943,2.1454,2.2943,3.6347,4.8197,2.2943,2.2943,3.7549,6.541,2.2942,2.2941,2.2942,3.7549,3.2649,3.7268
16,8.0284,5.0236,10.8691,2.5697,3.9557,2.1425,2.4834,9.6133,14.5763,8.9498,15.3204,3.7473,3.7475,2.5948,4.2811,7.5018,3.051,3.7471,6.3199,14.0885,8.4215,21.2958,4.2813,10.0645,7.6779,3.0513,5.1219,8.0009,8.0013,8.0282,5.6084,8.0212,4.389,3.8254,10.5246,4.1338,8.0212,5.0498,4.2339,8.0212,8.0212,4.2338,8.0006,2.9936,10.3897,2.6812,5.9342,4.2334,2.7898,8.0211,3.063,2.8541,2.7997,4.6882,3.8697,2.2106,2.8576,2.8575,5.7245,11.9996,2.7581,9.3137,4.95,4.1748,6.6464,4.1743,2.9633,2.451,4.1746,2.448,8.024,2.604,2.3605,2.5435,3.9987,2.982,5.263,9.6804,2.5439,3.1221,2.5436,10.024,8.024,2.6039,7.1163,2.1203,4.635,7.5661,8.0236,6.6857,2.4482,2.4466,2.4504,10.3334,6.4476,2.4354,8.0274,5.8218,10.677,3.7112,2.3782,15.5712,5.1076,22.6515,4.3027,2.4463,2.0193,2.6024,8.0273,2.5235,4.5008,8.0274,4.0264,9.6079,2.7085,9.5604,4.459,2.0194,8.2324,8.3427,2.1301,2.1299,9.091,5.0884,2.0183,2.1301,8.026,2.1301,2.0186,3.908,2.257,2.2576,12.276,4.4091,2.4126,5.6391,12.5957,2.4085,2.1298,3.1607,2.5328,2.4085,10.9105,2.5759,3.2988,2.399,2.5328,4.1449,2.501,2.5012,2.423,2.5127,2.4188,2.065,2.1234,2.0567,2.1235,2.4022,2.5063,2.5502,2.5518,3.9659,2.4775,3.1845,2.4771,2.057,2.1235,2.402,2.6024,2.0173,2.1235,5.7976,2.2474,4.9986,2.463,2.4022,2.4022,4.9506,6.3424,2.552,2.6022,2.2198,2.4639,2.5203,2.5368,2.0171,2.0166,2.0165,2.0167,2.3823,2.1177,2.368,2.1269,2.0543,2.1175,2.1176,2.2323,2.1177,2.1177,2.0544,2.1177,2.1176,2.0175,2.0172,2.1182,2.0544,2.4698,2.0168,2.0171,2.5992,2.3828,2.1175,2.014,2.0139,2.0138,2.3931,4.2415,2.6107,2.3932,2.5633,2.7334,2.0984,2.0984,2.1943,2.0983,2.0984,2.0983,2.6207,2.0145,2.0985,2.0987,2.7334,2.6479,2.0987,2.5633,2.7334,2.773,2.1944,2.0983,2.563,2.4661,2.3931,2.3932,2.4122,2.4029,2.6541,2.6614,3.0066,2.328,2.8,2.7979,4.2053,3.4553,2.1995,2.5849,2.1989,2.7979,2.7361,2.4188,2.403,2.6701,7.4276,2.6541,8.2738,4.403,7.0061,6.3951,2.1008,3.687,2.8997,2.8163,2.8163,4.8214,9.0582,7.1502,2.8461,2.0926,4.082,5.2125,2.9357,3.3982,9.0581,3.6985,7.6761,8.0186,2.4395,7.1502,3.3982,8.0186,4.3791,7.5542,4.379,11.0366,10.0185,2.9724,10.0186,10.0186,2.3018,8.0185,4.721,2.0925,2.9361,4.4747,2.3843,3.09,2.8825,2.2383,2.238,2.5728,2.1432,2.5728,2.2838,2.2835,4.5885,9.6147,3.7524,6.7708,3.7524,2.4663,6.3385,8.0286,23.5366,8.0897,8.0898,9.8256,2.5728,3.5623,9.6728,3.5623,8.6545,10.0286,11.4072,3.8027,3.7268,8.2792,2.4431,7.8826,11.6935,3.5339,3.7939,2.5438,3.7939,3.7939,4.3985,6.8068,3.9812,12.3743,3.0687,3.8034,9.9132,2.7836,2.2695,2.5437,3.7939,7.1435,2.5439,3.0216,3.9693,5.42,2.5438,2.5438,2.5438,3.8269,3.7017,3.8269
17,11.0866,5.017,9.9998,2.7124,4.3581,2.1354,2.4698,7.6791,16.9649,8.0008,12.4423,3.303,3.6981,2.8063,4.2525,9.2135,3.6981,4.1483,4.3179,14.072,9.3575,15.1481,8.027,17.0896,5.8533,3.6895,7.1541,9.6056,7.6457,4.3807,8.0012,10.8983,4.2352,3.8529,10.8071,3.3188,8.023,5.1605,5.0579,12.4004,9.5844,4.2236,8.023,3.0329,9.3558,2.7095,4.2702,7.9999,2.8349,8.9701,2.8941,2.8348,2.8188,10.023,7.2623,2.3759,2.376,4.7522,8.0229,8.1683,2.8536,11.9097,8.024,4.3414,14.8249,8.024,2.6039,2.4809,2.6038,2.5438,7.9992,2.4449,2.3599,2.5519,4.5138,4.4294,4.9569,8.0214,2.5034,4.7529,2.4937,9.576,8.0214,2.4834,4.8313,2.1075,4.2513,8.9524,7.9989,8.0214,2.4219,2.3724,2.4219,10.7306,7.2492,2.3724,9.2347,7.7825,10.6627,3.1424,2.3726,15.4761,4.5917,23.2342,3.1427,2.2259,2.016,2.5099,7.3619,2.2261,3.3486,5.6614,5.6906,10.0,2.2703,7.7169,5.0983,2.0164,7.0735,9.2273,2.254,2.15,9.7503,5.0634,2.0211,2.1501,5.54,2.15,2.0213,3.1145,2.6539,2.2971,8.0001,2.6308,2.4762,3.4994,9.9995,2.1502,2.15,3.4998,2.6153,2.4617,12.6286,2.6157,2.654,2.4732,2.4732,3.4013,2.473,2.473,2.4732,2.5112,2.3693,2.0162,2.0161,2.0162,2.1134,2.2791,2.3661,2.5125,2.6722,3.1323,2.2269,3.0266,2.1134,2.1224,2.2178,2.1134,2.6713,2.0162,2.0164,2.6712,2.368,4.8891,2.4391,2.3693,2.1134,4.2407,5.0903,2.5262,2.5905,2.1251,2.4069,2.2479,2.4074,2.0579,2.0179,2.0176,2.0176,2.1255,2.1251,2.1263,2.135,2.0581,2.1251,2.0175,2.1252,2.1251,2.1251,2.1251,2.1256,2.0578,2.0176,1.8268,2.1354,2.1252,2.8825,2.0581,2.0182,2.1918,2.4074,2.125,2.0425,2.0127,2.0899,2.1776,4.7974,2.6226,2.398,2.2921,2.1773,2.0901,2.0904,2.2925,2.0898,2.0898,2.0899,2.0897,2.0899,2.0898,2.0975,2.179,2.7236,2.0899,2.0898,2.7398,2.6326,2.0899,2.0899,2.3589,2.0898,2.3589,2.626,2.6595,2.3451,2.2758,2.0393,5.7512,2.2747,2.7933,2.7933,4.0908,2.8431,2.0915,2.0845,2.1296,2.6186,4.8505,2.7174,2.3455,2.3457,4.3377,2.1636,6.416,4.3376,3.9018,4.3377,2.0844,3.3408,2.8142,2.8142,2.7974,8.0169,8.256,8.2753,2.8879,2.1077,5.0538,6.7353,3.0043,4.4305,8.6737,2.9946,8.0215,8.0215,2.3368,7.4432,2.9612,3.7602,17.1692,8.0216,5.8214,11.9107,10.5254,3.0577,10.0216,10.0217,2.2146,8.0107,8.0215,2.8493,2.9946,4.8378,6.6373,3.5604,2.5058,2.2502,2.5057,2.4811,2.1203,2.4812,2.4952,2.2381,8.4032,9.5899,4.0777,9.7337,3.6485,2.3918,8.5326,8.0925,20.4708,9.5899,8.9219,8.4462,3.6485,3.6485,8.9499,3.5025,6.4018,10.0241,8.7079,3.6451,3.5195,10.1388,2.4669,9.6712,15.4289,3.9524,3.9977,3.7528,7.6025,4.5028,3.8126,6.3866,4.9441,9.3978,4.0485,4.5856,10.5586,2.4667,3.7528,2.5727,2.5858,8.8053,3.7528,3.8126,3.8353,4.959,2.5731,3.7528,3.0944,4.0137,3.8225,4.003
18,9.5288,5.019,8.0274,3.943,4.3669,2.2632,2.6509,8.4509,17.2217,6.6044,9.6079,4.1837,3.7131,3.7129,4.2612,15.2465,4.3267,5.2433,4.2611,11.7042,9.6087,11.3806,10.0192,16.3049,7.8319,3.3555,10.3076,9.4617,8.0275,4.3267,3.3759,8.021,3.3018,3.8207,9.3761,3.0474,11.4701,5.0483,4.2275,15.8575,8.0207,4.2141,8.0207,2.9865,12.4434,2.419,4.2273,10.4125,2.8512,11.1576,2.8512,2.7937,2.723,10.0209,5.0228,3.0473,2.3408,6.0881,8.0533,5.4366,2.1643,13.5429,9.529,4.4639,8.0215,9.5759,2.4936,2.4139,2.5518,2.5518,8.0234,2.4818,2.3919,2.802,5.5524,4.4717,6.6782,8.5635,2.3922,5.3658,2.719,10.0236,8.0235,2.3922,3.6759,2.1179,4.7792,8.0233,4.7458,8.0235,2.4254,2.3821,2.3904,12.8339,7.9787,2.3552,8.0234,8.0234,8.9339,2.5221,2.4467,5.8734,4.7824,14.2577,2.9508,2.3554,2.0165,2.5221,4.7638,2.1174,2.7213,6.0154,3.7602,15.6164,2.1174,4.321,6.178,2.0167,7.9998,10.5561,2.1225,2.1243,11.0329,4.4012,2.0172,2.1224,4.3572,2.1232,2.1323,2.4899,2.6131,2.1226,9.0724,2.5467,2.5623,5.46,7.1403,2.3894,2.1224,3.2239,2.4414,2.3897,4.4457,2.416,2.5886,2.1227,2.3993,3.1538,2.301,2.1226,2.5422,2.6466,2.3149,2.0183,2.0182,2.0185,2.1284,2.1283,2.1283,2.5854,2.554,2.7209,2.4076,2.7207,2.1284,2.1387,2.2541,2.1282,2.778,2.0181,2.129,2.7294,2.1286,3.2152,2.5539,2.4182,2.1284,4.72,3.1549,2.534,2.7208,2.1529,2.4626,2.5969,2.282,2.0205,2.0202,2.0207,2.0202,2.1423,2.1535,2.4515,2.6572,2.066,2.1422,2.02,2.1422,2.1422,2.1422,2.153,2.5684,2.0659,2.021,2.0209,2.155,2.1422,2.438,2.1112,2.1427,2.2813,2.7469,2.1422,2.0129,2.0131,2.0911,2.3621,5.8451,2.6247,2.3623,2.1789,2.1393,2.0907,2.0914,2.4398,2.1791,2.0907,2.14,2.0906,2.0712,2.0907,2.0985,2.1814,2.399,2.0907,2.0984,2.6281,2.7581,2.0906,2.0906,2.4141,2.0906,2.3622,2.6347,2.6203,2.2771,2.1702,2.0395,3.3454,2.2768,2.8501,3.3275,6.3279,2.7414,2.1699,2.0851,2.0916,2.7367,3.1377,2.5795,2.3403,2.3401,8.0171,2.1704,8.6374,3.3453,2.694,6.3932,2.0852,3.3454,2.8167,2.8167,2.8015,8.017,8.0191,8.1563,2.6524,2.0954,3.4122,6.6831,2.9469,5.3628,8.1562,4.6081,4.3902,8.0191,2.1894,6.6831,2.8172,3.6832,17.1689,8.0191,8.1544,10.0192,10.0191,2.9315,9.3272,10.0191,2.7424,9.327,8.0191,2.9469,2.9469,4.8257,2.9429,2.8836,2.8836,2.3932,2.483,2.5059,2.1264,2.5059,2.5241,2.5057,9.1389,8.3582,5.3211,10.0253,3.6724,2.25,8.1232,8.3688,17.1646,10.2472,10.0554,9.181,3.5185,3.5097,9.439,2.5248,3.6724,11.2778,9.8434,3.6649,3.5097,11.5403,2.4694,14.1105,13.7705,4.0952,4.807,3.5527,5.7616,3.8245,2.5977,4.5964,4.0168,10.3515,4.0008,4.0008,14.996,2.4695,3.8245,2.2849,3.4394,8.6095,2.4694,2.285,3.8362,4.1171,2.5762,4.0168,3.7584,3.2868,4.0008,3.1425
19,21.4751,4.1784,4.3439,3.6742,3.674,2.1321,2.5281,8.0262,17.1719,5.2459,10.7256,9.6025,3.3199,2.7969,3.32,6.9145,3.3196,4.4243,4.2385,11.2661,9.6027,21.0352,10.0184,17.2231,7.6174,2.4296,13.5751,9.0921,8.1889,5.9055,4.1388,7.999,2.8511,2.9649,8.0189,3.426,8.7272,4.1938,4.1941,15.5384,7.9987,3.9814,7.9991,2.3148,13.0036,2.3148,4.2226,4.9515,2.9013,15.4365,2.7618,2.7617,2.7613,9.8834,4.9513,2.7617,2.1906,8.4932,7.9004,3.5243,2.1179,8.0235,10.4689,9.4588,7.8118,8.3936,2.4258,2.4715,2.5172,6.7281,7.5673,2.41,2.3392,2.5386,6.0079,3.3007,4.8516,8.3647,2.3504,5.1285,3.9668,10.0208,9.9242,2.3503,3.4817,2.1042,7.9989,8.0208,3.9871,8.0208,2.4512,2.4496,2.4512,14.0168,7.2954,2.3842,8.0277,8.0277,8.0276,2.4509,2.5885,3.3834,5.1382,13.3158,2.5447,2.274,2.1382,3.9373,6.1503,2.1385,3.7771,8.0277,6.9577,9.6093,2.1385,4.6073,3.2924,2.0195,7.9997,10.5171,2.129,2.237,8.1756,3.6444,2.0183,2.1289,5.5591,2.3688,2.1398,2.5161,2.6256,2.1291,9.465,5.5112,2.588,3.5298,8.5865,2.5721,2.1289,2.5286,2.42,2.4061,5.0011,2.1289,2.6215,2.1291,2.4488,2.4486,2.4062,2.1289,2.4489,2.6245,2.3019,2.0174,2.0173,2.0176,2.1229,2.123,2.1228,2.614,2.559,2.7239,2.3903,7.8752,2.123,2.246,2.2456,2.1228,2.7033,2.0177,2.1231,2.7083,2.2455,3.2277,2.537,2.4619,2.1229,6.2828,2.7506,2.5111,2.4758,2.1355,2.2677,2.5054,2.2682,2.0196,2.0624,2.0191,2.0194,2.1354,2.2681,2.2678,2.6415,2.0625,2.0193,2.0193,2.1355,2.1355,2.1355,2.4169,2.5416,2.063,2.0201,2.0196,2.4307,2.1355,2.4171,2.0629,2.1361,2.4413,2.7653,2.1464,2.0936,2.0432,2.1021,2.3051,6.0926,2.6257,2.4483,2.1848,2.1853,2.0937,2.0937,2.4114,2.4514,2.0939,2.1857,2.0937,2.0949,2.0143,2.1854,2.1444,2.1882,2.0937,2.1439,2.728,2.7698,2.0937,2.2058,2.1851,2.3736,2.3742,2.7639,2.6399,2.1828,2.1854,2.0926,3.1911,2.183,2.8265,4.3702,6.0548,2.7506,2.185,2.0926,2.1002,2.9249,4.1479,2.5659,2.3018,2.3703,8.0186,2.1853,6.7727,2.3832,2.8068,5.6973,2.0927,6.1241,5.792,2.8459,2.8306,6.7339,8.0187,8.2735,2.3733,2.0934,3.0963,9.6906,2.9381,7.6035,8.2389,3.535,6.4044,8.0187,2.1867,8.0187,2.8977,3.7016,17.1689,6.7928,8.2371,10.0188,10.0187,3.2744,9.1314,10.0187,7.6993,9.1316,9.1316,2.9238,3.4035,6.3105,5.2426,2.4317,2.9146,2.4317,3.4702,2.7168,2.1213,2.483,2.483,2.4828,9.3628,8.0242,4.5934,8.0242,3.5953,2.2388,8.0242,10.6279,13.8398,16.5091,7.3979,8.7123,3.2587,3.6502,9.4222,2.3936,6.2233,11.7082,8.0242,3.0786,3.4805,8.6386,3.5284,14.622,10.5005,5.1501,4.3389,2.8468,6.2437,3.8039,2.5564,6.6774,3.8039,10.2224,3.7945,3.986,16.496,2.2695,3.7031,2.261,3.8039,7.6726,2.2693,2.2692,3.8039,4.0002,2.5445,3.986,3.6771,2.8177,3.7031,2.5909
20,13.3697,3.1431,4.2711,3.781,3.143,2.1461,2.4575,6.8488,18.7844,4.3008,8.8367,9.9997,3.5507,2.7478,2.9287,4.9573,2.9286,7.9145,4.1666,12.1343,7.9995,19.3802,10.6521,18.2936,7.5923,2.4573,10.5587,8.0226,9.1064,4.231,2.9288,5.4606,3.3055,3.0709,6.2225,4.2016,9.9998,3.5001,4.2373,16.3698,8.0001,4.2162,6.3382,2.3487,14.1639,2.684,4.2371,5.0394,2.7256,15.8184,2.7259,2.8551,2.7928,9.7937,5.0391,2.3494,2.2118,8.2216,8.0003,3.0403,2.1042,10.3276,12.6298,9.6752,8.6274,8.1889,2.3394,2.3395,2.3395,2.5386,7.5294,2.2809,2.265,2.6883,3.3021,2.8127,6.6281,8.0161,2.2811,4.8897,8.0006,8.0164,8.016,2.2646,2.813,2.0813,6.4862,8.1988,2.3839,9.7158,2.4316,2.3997,2.4069,15.3832,7.2813,2.3615,7.7701,8.0246,8.0245,2.1892,2.8463,3.2271,5.8778,23.1916,2.4836,2.2425,2.1715,4.8008,4.9087,2.1228,8.0244,5.9124,8.0245,10.0245,2.1228,3.9955,2.8263,2.0173,7.9989,12.9602,2.1169,2.1169,4.5259,3.6092,2.0165,2.117,6.5066,2.4809,2.0539,3.0187,5.2652,2.1171,3.3814,5.6268,2.8088,7.6653,6.3457,2.5253,2.1169,2.4792,2.435,2.3805,2.5611,2.1169,3.0451,2.0167,2.435,2.4347,2.3809,2.1169,2.435,2.7414,2.4669,2.0219,2.0216,2.022,2.1529,2.1529,2.0219,3.0191,2.6271,3.0032,2.4859,3.5009,2.3061,2.3062,2.3027,2.1529,2.6305,2.1529,2.2355,2.8412,2.154,3.5033,2.627,2.5335,2.1631,7.9995,3.5287,2.9012,2.5456,2.1313,2.4032,2.4171,2.2018,2.1414,2.0605,2.131,2.019,2.1309,2.4027,2.4947,2.7606,2.0608,2.0184,2.0185,2.131,2.131,2.131,2.5229,2.5234,2.0608,2.0189,2.0193,2.2518,2.5234,2.2516,2.131,2.1317,2.2593,2.8791,2.5234,2.0865,2.04,2.0939,2.3457,5.937,2.614,2.6076,2.1708,2.1715,2.087,2.0873,2.5517,2.5351,2.087,2.1732,2.0868,2.0874,2.0129,2.1713,2.094,2.2814,2.0866,2.093,2.7317,2.7422,2.0866,2.0866,2.1332,2.0866,2.3459,2.7422,2.7043,2.0777,2.3071,2.0365,4.307,2.2497,3.2873,4.3071,4.787,2.6893,2.1535,2.0768,2.0835,3.0459,5.1407,2.5986,2.3069,2.5929,7.5077,2.5292,10.076,2.2502,2.6729,5.3502,2.0769,3.2873,4.307,2.7886,2.7843,9.5429,8.0176,8.144,2.175,2.0879,3.875,12.0163,2.7976,7.1184,8.2247,2.9204,6.9479,8.2196,2.1758,6.6847,2.9024,5.5424,10.0176,4.3934,9.6036,8.5935,9.3538,2.9204,20.1966,10.0176,2.9204,8.7959,6.8739,2.9024,3.365,5.2902,6.5818,2.608,2.904,2.3951,2.3953,2.4318,2.1085,2.4319,2.4319,2.4317,9.2353,5.7932,3.6005,7.4496,3.6005,2.2135,9.281,10.5595,11.6563,14.9168,7.1888,7.866,3.4702,3.3487,6.4665,2.2136,3.6005,16.4703,6.8401,2.9642,3.4407,5.17,2.4493,15.8546,10.7463,5.1894,4.3401,2.7498,6.5903,3.715,2.4493,4.5707,3.715,14.5032,3.8083,4.0201,14.9235,2.2728,2.7927,2.2643,4.2153,8.1217,2.2727,2.4489,3.8291,4.7869,2.5513,3.715,3.7937,3.2864,3.7988,2.5698
21,10.2323,4.1787,4.1586,2.8984,3.0989,2.2656,2.3863,6.5715,18.8855,9.2066,8.0183,9.5592,2.8709,2.6854,3.3932,4.7561,2.3463,6.9848,3.3934,10.0129,4.9364,15.532,10.0128,17.0503,4.6581,2.3675,10.8593,6.6577,7.2289,4.075,2.9192,4.8415,2.4044,2.871,4.989,4.1125,7.9994,3.7211,4.2767,16.0984,7.9989,4.2125,4.9892,2.2,13.5648,2.3296,4.2108,4.2122,6.8502,14.3532,2.3297,2.7734,2.8363,10.0202,5.7823,2.8365,2.3289,4.6481,8.02,2.2651,2.0813,9.4854,14.7226,14.0141,8.0163,4.9747,2.2645,2.3839,2.2644,2.3839,3.6839,2.2816,2.1323,2.627,3.1217,2.8077,6.4187,8.0172,2.3984,5.0756,4.6172,8.0174,7.4564,2.2815,2.4671,2.0865,5.9746,8.0002,2.4124,8.6633,2.5389,2.3876,2.5393,14.6264,5.7689,2.3255,8.1092,8.0238,8.0237,2.2358,3.8786,3.9083,4.6992,28.0167,2.4691,2.2353,2.4533,3.8762,7.5187,2.119,8.0237,6.4046,6.7352,11.8359,2.1191,2.476,2.4691,2.0171,9.2937,15.4958,2.1122,2.1122,5.4536,4.2857,2.0157,2.1124,4.2855,2.4272,2.0517,3.8525,2.4295,2.1124,8.0003,3.3266,2.5228,8.0224,2.6783,2.3566,2.1122,2.4599,2.4295,2.3633,2.5071,2.1123,3.003,2.1123,2.5071,2.4293,2.3656,2.1122,2.4295,2.8713,2.4572,2.0214,1.6395,2.0215,2.1492,2.1491,2.1494,3.0046,2.6173,2.8913,2.4858,7.5225,2.1492,2.5372,2.4736,2.4734,2.1494,2.0215,2.1492,2.8264,2.1499,3.4901,2.6173,2.5245,2.2297,6.981,2.8822,2.5965,2.5369,2.1238,2.2441,2.6913,2.3013,2.1238,2.1232,2.1233,2.1237,2.1233,2.3911,2.4931,2.7519,2.0568,2.0176,2.1231,2.1234,2.1232,2.1233,2.3788,2.7814,2.057,2.018,2.0182,2.1901,2.1897,2.2441,2.1232,2.1245,2.2442,2.7522,2.4931,2.0807,2.0374,2.0877,2.3224,6.3744,2.6384,2.5928,2.1592,2.3226,2.081,2.0812,2.5854,2.5658,2.1022,2.16,2.1607,2.0816,2.0122,2.125,2.0872,2.1619,2.0808,2.1608,2.7131,2.7198,2.0809,2.0807,2.0807,2.0808,2.3227,2.7195,2.7571,2.1427,2.3688,2.0923,4.213,2.3001,4.1454,6.944,4.9153,2.7644,2.1843,2.0928,2.1829,3.3953,4.1454,2.6737,2.3685,2.6323,8.0186,2.6441,5.3371,2.2996,3.3954,5.0618,2.0923,4.2064,3.7147,2.8446,2.8446,9.019,7.5321,8.0154,2.1042,2.077,2.3081,8.0154,2.2509,6.3177,8.1261,2.8509,4.3151,8.0154,2.1539,6.4994,2.7693,6.9633,6.4994,6.709,10.0154,9.5264,9.0149,2.8823,7.4282,10.0155,3.9593,7.5323,6.4994,2.7635,2.8753,2.3197,2.8789,2.4085,2.9079,2.5461,3.0282,2.3951,2.2082,2.3953,2.4099,2.3952,9.8743,3.524,3.5649,5.0655,3.5404,3.4416,9.1166,9.6644,9.7467,15.0828,7.0193,7.5406,3.4463,3.4463,5.432,2.1954,3.5649,14.232,6.1202,2.322,2.3214,4.4974,2.3954,19.5345,17.8523,3.653,3.913,2.4858,4.4974,3.0856,2.1481,4.0243,3.1335,3.9287,3.6002,4.0375,15.3458,2.3957,2.4955,2.1977,8.5972,7.7115,2.2402,2.2637,3.094,3.5483,2.4857,3.6002,2.5038,2.9291,2.502,2.3953
22,9.7209,4.1573,8.939,2.6712,2.6708,2.0868,2.8482,5.299,17.4337,10.3499,6.4998,8.9453,2.8669,3.357,4.0534,4.1072,3.3572,4.9649,3.357,11.4158,7.9993,8.0171,8.0171,13.2455,7.5531,2.8082,4.9313,5.3267,4.1168,4.0538,3.3572,4.9477,2.8825,3.2997,3.4765,3.0379,5.8293,3.3999,3.4767,15.6792,8.0204,5.5853,2.9827,2.2051,9.8361,2.4152,4.2234,3.0378,8.0003,13.5266,2.618,2.8474,2.9695,9.8025,6.6636,2.2051,2.2052,2.6593,8.0003,2.0866,2.0866,9.8899,12.9536,13.9952,6.4557,3.5362,2.2821,2.3899,2.2821,2.2814,2.378,2.3056,2.1512,2.4261,4.5195,2.378,4.1316,7.9999,2.3944,7.9999,10.4958,9.5426,8.2559,2.2227,2.7147,2.1177,6.0555,8.3551,2.373,5.9848,2.5671,2.3623,2.3308,8.2966,2.5086,2.3015,8.0224,8.0223,8.0222,2.2092,4.2255,2.4229,3.4265,5.3473,2.4385,2.2199,2.4973,4.2785,4.8526,2.1112,9.7247,3.1119,7.5665,10.0222,2.2607,2.2206,2.4385,2.1703,8.0222,15.4631,2.1261,2.1261,5.7314,3.3962,2.1261,2.1263,3.1778,2.3655,2.058,2.9476,2.5608,2.2416,7.9988,3.491,2.4108,8.025,3.4902,2.3987,2.3236,2.4456,2.4456,2.4105,2.5609,2.1262,3.1276,2.1262,2.5769,2.4454,2.3989,2.1261,3.1062,3.1989,2.5471,2.0238,1.8453,2.0239,2.1679,2.1678,2.2579,3.0767,2.6767,3.5804,2.5466,2.9763,2.714,2.6769,2.3358,2.5329,2.1678,2.1681,2.168,2.8484,2.3357,2.9045,2.6535,2.5807,2.1681,16.8484,2.8831,2.6767,2.665,2.1358,2.2242,2.4897,2.2595,2.062,2.135,2.1352,2.1349,2.1348,2.4277,2.5739,2.7652,2.0621,2.1346,2.1346,2.1349,2.4281,2.1347,2.1347,2.135,2.1348,2.0196,2.0195,2.2229,2.2079,2.415,2.1347,2.1351,2.6401,2.7654,2.5388,2.1004,2.0465,2.1005,2.401,4.0201,2.6503,2.7258,2.327,2.1995,2.1085,2.1083,2.6531,2.6603,2.3141,2.3268,2.3273,2.101,2.1005,2.2009,2.1004,2.2007,2.1004,2.4278,2.8582,3.0027,2.1007,2.1004,2.286,2.1929,2.5682,2.8582,2.7979,2.2012,2.2092,2.1048,4.3608,2.4021,4.4188,8.2406,4.4188,2.8048,2.2091,2.105,2.2092,6.0691,4.2329,2.7979,2.3415,2.6821,7.1096,2.6821,8.9295,5.0124,7.2134,3.3322,2.1048,6.0983,4.6678,2.9559,3.1586,7.1096,8.0211,8.1734,2.2108,2.1136,2.4231,9.9022,2.8443,6.7018,9.5742,2.3437,5.0338,8.1692,2.3439,7.3594,2.8367,6.781,7.9135,5.0468,10.3395,15.256,10.0211,2.9948,16.9519,10.0211,6.3588,10.0211,4.2399,2.439,2.8842,2.4368,2.9948,2.5257,3.0718,2.5258,2.5433,2.4086,2.1023,2.4087,2.4089,2.4085,7.3157,4.6988,3.455,6.4127,3.455,2.4086,8.0204,9.9921,3.6555,9.9705,7.3157,7.7588,2.7527,5.2286,5.3915,3.4477,7.3158,10.0838,8.0204,3.4227,3.4477,3.547,2.8341,9.7773,13.0649,2.4893,2.4856,2.475,3.807,3.7343,3.5813,4.0238,3.5813,4.486,3.5813,3.9025,9.5917,2.475,3.9181,2.2348,11.8522,7.8546,2.387,2.387,2.4854,3.5813,2.4751,3.1863,2.4749,3.7584,3.807,3.807
23,16.3564,4.2976,9.56,2.3707,2.4951,2.1829,2.5788,8.0184,16.8869,9.56,9.7823,6.4109,2.874,2.5789,7.5436,4.1031,2.8339,9.0511,4.0778,8.2427,4.7578,4.1415,11.4171,10.2934,8.0185,2.8339,8.8879,8.0182,4.0777,4.1033,3.2816,4.1245,3.8204,5.8297,4.1883,4.1133,4.9473,4.2135,4.2245,14.322,8.2895,7.5707,2.9836,2.129,7.0406,2.5983,7.2619,4.2241,7.1333,10.0208,2.7909,2.7825,2.9713,9.5725,5.0134,2.3391,2.3391,2.8514,7.9996,2.0765,2.1509,8.0152,10.0042,12.6788,7.9998,3.2074,2.2491,2.3782,2.3728,2.4259,2.2713,2.2713,2.2437,2.2709,4.5616,2.4536,7.3816,8.0167,3.7965,9.6637,7.3332,8.0166,8.0166,2.2439,2.8322,2.2868,6.7103,7.999,2.2868,5.1168,2.5359,2.3371,2.3372,8.6582,2.5357,2.3368,6.0118,8.0207,8.0206,2.1039,4.4185,4.2241,4.3453,5.0086,2.3929,2.2044,2.0145,6.4436,6.4841,2.1035,13.0155,2.4139,7.9994,9.5672,2.9874,2.1034,3.4755,2.3388,7.9992,8.0133,2.154,2.154,11.2183,4.0247,2.1539,2.5637,3.7798,2.3898,2.071,2.6161,4.578,2.3046,8.0008,6.1628,3.5388,8.0307,2.6425,2.4734,3.9958,2.6311,2.5012,2.5012,2.6319,2.154,3.7919,2.154,2.7517,2.502,2.5015,2.154,2.7468,2.9574,3.3679,2.0195,1.7414,2.0195,2.1369,2.3354,2.2713,3.2107,2.5957,5.6612,2.4462,2.779,2.2398,2.4351,2.2733,2.4462,2.5808,2.2618,2.547,3.5476,2.4348,2.7508,2.5957,2.5863,2.2715,16.8477,2.7486,2.7487,2.7486,2.2734,2.4505,2.45,2.4501,2.1389,2.1383,2.139,2.4506,2.5736,2.5527,2.6194,2.7394,2.1492,2.2737,2.4505,2.2738,2.4389,2.1491,2.1383,2.5527,2.0649,2.0641,2.0197,2.2731,2.5525,2.4254,2.1383,2.1383,2.45,2.7739,2.2386,2.1124,2.1124,2.1125,2.4495,3.1232,2.7397,2.6818,2.4497,2.3662,2.1731,2.1125,2.5916,2.597,2.2353,2.3665,2.2229,2.113,2.1212,2.612,2.2245,2.2244,2.1125,2.6838,2.8583,3.766,2.1125,2.1125,2.2219,2.1734,2.4497,2.8583,2.8118,2.2072,2.424,2.1044,4.8,2.427,7.0183,3.4801,8.0209,3.0429,2.3312,2.1044,2.3399,9.3566,5.0157,2.8118,2.4172,3.0777,8.021,2.2085,7.0184,8.2839,8.9624,4.6475,2.2078,4.4172,4.4172,3.6717,2.9543,8.3295,9.3613,8.1568,2.1889,2.1889,2.4357,9.0517,2.8247,4.3919,9.3614,2.3116,4.3916,3.8562,2.3119,6.7694,2.8182,4.3981,9.3612,5.2361,10.0191,11.468,9.5634,2.7826,4.3168,8.0192,4.1699,9.0326,2.9457,2.3829,3.4199,2.8182,4.1699,3.9301,2.4224,2.4223,2.4224,2.5258,2.1316,2.5258,2.5257,2.5257,4.5402,5.0478,3.5316,8.0263,4.5319,2.5259,4.5394,12.8586,2.5259,9.602,10.2923,7.3256,6.4187,8.0263,5.2768,3.5138,7.8923,8.8503,9.602,3.5316,2.5258,3.673,2.4259,10.0214,7.83,3.3728,2.4358,2.4257,3.7928,2.4258,3.6961,4.4407,3.8793,4.4339,3.2104,6.252,6.4416,2.4258,4.4258,2.211,8.4464,7.1616,2.4258,3.7928,3.7263,3.4952,2.6396,3.4952,2.2111,3.6482,3.7263,3.7187
24,5.3072,5.3072,7.45075,7.6129,8.10825,7.04174,6.284366666666667,5.707414285714286,5.4664142857142854,5.5341571428571426,6.190214285714286,6.152214285714286,7.585128571428571,8.3784,8.5209,8.514414285714286,8.235685714285713,7.248228571428571,6.455742857142858,6.0548714285714285,5.505842857142857,6.626557142857143,7.486485714285714,7.373985714285714,8.53197142857143,10.468100000000002,10.185957142857145,10.009514285714287,9.786942857142858,9.535799999999998,9.235671428571427,8.417928571428572,6.651214285714285,6.548185714285714,6.673728571428572,6.681271428571429,6.336828571428571,6.364228571428571,6.1396,6.338942857142858,5.957000000000001,6.7758714285714285,6.775857142857143,7.391842857142857,7.084242857142857,6.6145571428571435,6.555485714285715,6.3821142857142865,6.407228571428571,6.184314285714286,6.221814285714286,7.320799999999999,7.285042857142857,6.942042857142857,7.021614285714285,6.960842857142857,6.2935857142857135,5.302742857142857,4.141157142857143,4.577585714285715,5.2797857142857145,5.045428571428571,4.0365142857142855,4.353742857142857,4.789414285714286,5.603185714285715,5.337357142857143,4.664257142857143,4.719442857142857,4.989014285714285,4.670442857142858,4.3361,3.459942857142857,3.218485714285715,3.0190999999999995,3.043399999999999,3.5948142857142855,3.656371428571428,4.2602,5.063785714285714,5.075857142857143,5.437742857142857,6.170357142857143,6.170328571428571,6.683171428571428,5.863471428571429,5.064057142857143,5.052014285714286,4.770528571428572,4.4797,3.6614999999999998,3.151342857142857,3.209014285714286,3.2127857142857144,3.2033714285714288,4.104614285714286,3.632085714285714,3.6635285714285715,4.0587,4.8247,5.212385714285714,5.185314285714286,4.230157142857142,4.330114285714285,5.1133999999999995,7.184714285714286,6.400942857142858,5.9981428571428586,5.9981428571428586,6.6054142857142875,6.998114285714286,6.161585714285715,4.825571428571428,4.787185714285713,5.245585714285714,6.3253571428571425,6.426471428571429,5.840257142857142,6.001928571428571,4.793057142857143,5.275314285714286,5.251185714285714,4.169785714285714,3.4196,4.0996,3.993414285714286,3.8338285714285716,3.3835428571428574,3.2406000000000006,3.2748,3.257314285714286,2.6465142857142863,2.6536857142857144,2.6712571428571428,3.663057142857143,3.887928571428571,4.491885714285714,5.878914285714286,5.889271428571429,6.3564428571428575,6.603642857142858,5.6147285714285715,5.1319,4.539357142857143,3.213371428571428,3.4713428571428575,3.6457714285714284,3.4239428571428574,3.814314285714286,3.7956142857142856,3.7929571428571434,3.7842857142857143,4.304728571428571,3.672971428571429,3.7855285714285714,3.3239428571428573,3.262914285714286,3.2104000000000004,3.1764428571428573,2.375142857142857,2.362885714285714,3.5504285714285717,4.3970714285714285,5.102071428571429,5.688814285714286,6.224085714285714,6.201228571428571,6.157814285714285,4.816485714285714,4.026828571428572,3.423257142857143,2.8463285714285713,2.3504714285714283,2.5228428571428574,2.5559857142857143,2.6432142857142855,2.6653857142857142,2.6431285714285706,2.694542857142857,3.793857142857143,3.6888714285714284,3.742685714285714,3.7161714285714282,3.662585714285714,3.6408714285714288,3.6372142857142857,2.5220571428571428,2.4245142857142854,2.315185714285714,2.2488428571428574,2.2358285714285717,2.2466857142857144,2.2283857142857144,2.2143714285714284,2.2643285714285715,2.2643142857142857,2.2643142857142857,2.2632857142857143,2.2202428571428574,2.2172571428571435,2.1865285714285716,2.178657142857143,2.2080857142857147,2.208142857142857,2.2005857142857144,2.174728571428571,2.1748285714285713,2.198571428571429,2.1780142857142857,2.1485714285714286,2.1622857142857144,2.234942857142857,2.3363857142857145,2.306742857142857,2.2819714285714285,2.2682428571428574,2.2822714285714283,2.3752,2.502842857142857,2.509185714285714,2.5975857142857146,2.6417285714285716,2.7167999999999997,2.703985714285714,2.5996857142857146,2.4859,2.4225428571428576,2.347057142857143,2.3937,2.3326000000000002,2.3455857142857144,2.356371428571429,2.374514285714286,2.421157142857143,2.4211714285714288,2.3314714285714286,2.6804857142857146,2.9661714285714287,3.1457285714285717,3.0809428571428574,3.0161000000000007,3.0603714285714285,3.0914714285714284,2.7726,2.572014285714286,2.492685714285714,2.5303285714285715,2.6571285714285713,2.683385714285714,2.9869142857142856,3.0148,4.047371428571429,4.148171428571429,4.924385714285714,5.1165,5.101914285714286,4.787228571428571,4.797385714285714,6.145442857142858,6.240214285714286,5.721400000000001,5.492742857142858,5.875057142857143,6.738900000000001,6.747285714285715,5.113514285714286,5.598228571428572,6.163042857142857,6.787514285714286,6.344985714285714,5.688057142857143,5.713185714285714,4.991871428571429,4.3508571428571425,4.304842857142858,4.421685714285714,5.276400000000001,5.04827142857143,4.932457142857143,4.908600000000001,5.601571428571431,4.874485714285714,4.534485714285714,4.648842857142857,4.660757142857142,5.506428571428572,6.145300000000001,5.401542857142856,6.128128571428571,5.722700000000001,5.3950571428571426,6.362042857142858,5.998257142857143,6.3897714285714295,7.419242857142856,7.552414285714285,7.571228571428571,7.7834714285714295,7.2058857142857144,7.702842857142857,7.437014285714286,6.422485714285714,5.4818428571428575,6.3416,5.579400000000001,5.297214285714285,4.738342857142858,3.9979000000000005,4.005142857142857,4.011371428571429,3.078785714285714,3.023757142857143,2.950928571428572,2.577214285714286,2.4983428571428568,2.6050142857142857,2.7819285714285718,2.9322714285714286,3.9682285714285714,4.487014285714285,4.487028571428572,5.0271,5.983414285714285,5.952757142857143,7.2842714285714285,6.910314285714286,6.55852857142857,7.783657142857142,8.076785714285714,7.73577142857143,7.740142857142857,7.343814285714286,7.767400000000001,10.005471428571427,8.928057142857142,8.2393,7.726042857142857,7.7282142857142855,7.728271428571428,7.442599999999999,5.1735,5.230714285714286,5.056557142857144,4.883857142857144,4.733728571428571,3.8303571428571432,3.5396571428571426,3.6916285714285713,3.682557142857143,3.7151,4.686814285714285,5.3539142857142865,5.172542857142857,4.8705428571428575,4.583399999999999,6.0996,6.896642857142857,6.011314285714286,5.529857142857144,5.717128571428572,5.510799999999999,5.51082857142857,4.0853,3.2413428571428575,3.2265000000000006
25,5.0331,5.0331,12.52895,11.026333333333334,10.663375,9.24294,8.1065,7.2834714285714295,7.15807142857143,5.443242857142857,6.3116,7.093128571428572,8.293085714285715,9.375271428571429,9.477385714285715,9.382657142857143,9.466985714285714,8.509442857142856,6.9504714285714275,7.1464428571428575,6.373985714285714,7.3654,9.214942857142857,9.151528571428571,10.354,12.006242857142857,11.287014285714287,11.044142857142859,11.044028571428573,10.276128571428572,9.976685714285713,8.323585714285715,6.799585714285713,7.138842857142857,7.449142857142857,7.701742857142858,7.382371428571429,7.098942857142857,7.195771428571428,8.027071428571428,7.22,8.287642857142858,7.9696,8.8584,8.7056,8.410971428571427,8.159171428571428,8.082042857142858,8.517100000000001,7.852842857142858,7.8548857142857145,9.0571,9.038971428571427,8.833742857142857,9.338228571428571,8.623142857142858,8.441457142857143,6.971414285714286,5.728228571428572,6.589885714285714,6.755699999999998,5.9473142857142856,4.772828571428572,5.401142857142857,5.864585714285715,6.4679,6.002885714285713,5.448785714285714,5.597485714285715,6.310185714285715,5.739214285714285,5.135528571428572,4.860271428571429,4.426185714285714,4.349585714285714,5.009628571428572,5.140828571428571,5.144142857142858,5.850857142857143,6.497528571428573,7.094185714285715,7.6091,7.609100000000001,7.544171428571429,8.138128571428572,7.225114285714286,6.415528571428572,5.876057142857143,5.156028571428572,4.978942857142857,4.204828571428572,3.695642857142857,3.7332285714285716,3.5252142857142856,3.457871428571429,4.513742857142858,3.9098714285714284,3.971257142857143,4.4551,5.228442857142857,5.371457142857143,5.332071428571429,4.313342857142857,4.511257142857143,4.845885714285714,4.8422857142857145,4.050314285714285,3.887771428571429,3.887757142857143,4.3546,4.2747,3.8336571428571427,3.318971428571428,3.283685714285714,4.102285714285714,5.5674,5.827914285714287,5.633742857142857,6.0443,5.870214285714285,6.438371428571429,6.438385714285714,4.980585714285715,4.173628571428571,4.279928571428571,4.016928571428571,3.8975714285714287,3.693028571428571,3.398442857142857,3.4226285714285716,3.339342857142857,3.3109857142857146,3.2588142857142857,3.2839142857142853,4.4434,4.804457142857143,5.452085714285714,6.024585714285714,6.045585714285714,6.773757142857142,7.084285714285713,5.608357142857143,4.787385714285715,4.164885714285714,3.6870857142857143,4.135242857142857,4.163042857142857,3.886971428571428,4.212285714285715,4.186671428571429,4.1931142857142865,4.205357142857143,4.9719,4.970614285714286,4.999714285714285,4.6122571428571435,4.550142857142857,4.488057142857143,4.429714285714286,3.297485714285714,2.5294,3.9858,4.310528571428572,5.464771428571429,6.5011,6.784242857142857,6.618742857142857,6.5627,5.028742857142858,5.1455142857142855,4.084414285714286,3.0663571428571426,2.9845142857142855,3.1622142857142856,3.280714285714286,3.313757142857143,2.938914285714286,2.914328571428572,2.984385714285714,3.493985714285714,3.4817285714285715,3.431057142857143,3.441242857142857,3.5735,3.626785714285714,3.6602571428571435,3.0289571428571427,2.8821714285714286,2.859657142857143,2.849985714285715,2.7300999999999997,2.8310714285714282,2.8912000000000004,2.8503,2.891785714285714,2.907271428571429,2.918371428571429,2.9174714285714285,2.837242857142857,2.755414285714285,2.7614714285714284,2.7905714285714285,2.789628571428571,2.7593285714285716,2.6869285714285716,2.537042857142857,2.4972285714285714,2.473557142857143,2.425742857142857,2.3663571428571433,2.4088857142857143,2.6259285714285716,2.757971428571429,2.7743142857142855,2.7097285714285713,2.666357142857143,2.6829857142857145,2.8958857142857144,2.8621714285714286,2.837542857142857,2.8610285714285717,2.9759428571428574,3.0794,3.0421142857142853,2.808642857142857,2.7088,2.6978999999999997,2.687,2.7677142857142853,2.7310714285714286,2.7805142857142857,2.740042857142857,3.0999285714285714,3.2012,3.1473571428571425,2.9529857142857137,3.2583428571428574,3.565928571428571,3.952228571428571,3.584714285714285,3.4957999999999996,3.5420142857142856,3.6127142857142855,3.2916285714285713,3.0380857142857143,2.812742857142857,2.8299999999999996,3.865885714285714,3.9916714285714288,4.0204571428571425,4.050685714285715,5.0767,5.426,6.169028571428571,5.959071428571428,5.8311,5.764914285714285,5.795128571428571,5.423842857142858,5.514385714285715,5.013028571428571,4.222757142857143,4.985228571428571,5.700414285714286,6.159914285714287,6.2454857142857145,6.449128571428572,6.997171428571429,7.498185714285714,6.669142857142857,6.0699571428571435,5.610600000000001,4.967128571428572,4.237214285714286,4.124528571428572,4.550914285714286,5.742114285714286,5.639100000000001,5.5630571428571445,6.648614285714287,7.60127142857143,7.667342857142857,7.249557142857143,7.309328571428572,7.297428571428571,7.927185714285715,7.485171428571428,6.675142857142857,7.114371428571429,6.574114285714286,6.437971428571428,7.639542857142857,7.471157142857143,7.7568714285714275,9.555757142857143,9.402242857142856,10.423314285714286,10.423328571428572,10.19912857142857,10.967842857142857,10.967842857142857,9.038385714285713,8.036985714285715,8.173128571428572,7.148957142857142,6.784714285714285,6.363885714285715,5.507771428571429,5.6552999999999995,6.1410285714285715,4.917342857142857,4.853957142857143,4.247200000000001,3.595128571428572,3.3637000000000006,3.6525000000000003,3.4557714285714285,3.6068,4.6935,5.1533999999999995,5.0026142857142855,6.089342857142857,6.656371428571428,6.430671428571429,8.142442857142857,7.875385714285714,7.415500000000001,7.598114285714286,7.598657142857142,7.596785714285714,7.615585714285714,6.840057142857142,7.5526,9.163228571428572,9.129000000000001,8.20997142857143,7.436157142857143,7.460085714285715,7.752842857142858,7.582485714285715,6.136728571428571,6.067971428571428,5.8834285714285715,5.775328571428572,5.844357142857143,4.690571428571428,3.859428571428571,4.268442857142857,4.418128571428571,4.529014285714286,5.414085714285714,6.1496,6.101528571428571,5.994542857142858,5.522042857142857,6.927271428571428,7.862671428571429,6.9761999999999995,6.175771428571428,6.202,5.804171428571428,5.728614285714285,4.297557142857142,3.2934142857142854,3.2957285714285716
26,4.9849,4.9849,8.27585,8.190233333333333,8.642625,7.50968,6.6748,6.061414285714286,5.953971428571427,5.553214285714285,6.512328571428571,7.2434142857142865,8.472228571428571,10.26947142857143,10.34152857142857,10.228657142857143,10.4055,9.446399999999999,7.879957142857143,8.541342857142856,6.9801142857142855,8.054885714285716,9.426114285714286,9.492914285714287,10.243242857142857,11.799257142857142,10.849771428571428,10.67832857142857,10.68232857142857,10.247814285714284,9.339057142857143,8.036342857142857,6.592985714285713,6.590028571428571,6.7017,6.9066142857142845,6.713299999999999,7.075685714285714,7.625357142857142,8.324142857142856,7.557157142857143,8.899571428571429,8.566799999999999,11.110128571428572,10.640457142857143,9.906314285714284,9.73967142857143,9.911985714285716,10.409857142857144,10.189614285714287,8.755657142857144,10.582285714285714,10.564171428571429,10.75692857142857,11.60342857142857,10.928057142857142,10.468157142857143,9.268600000000001,7.353357142857143,8.434328571428571,8.148585714285714,6.869028571428572,5.556442857142858,6.2577,6.6230142857142855,8.202328571428572,7.876085714285715,7.318071428571429,7.384314285714285,7.343928571428571,6.312371428571429,5.342771428571429,4.177142857142857,3.578242857142857,3.4219714285714287,4.861371428571429,5.947457142857142,7.329171428571429,9.0116,11.337414285714285,12.3391,13.339842857142857,12.644528571428571,13.085157142857142,13.160471428571428,11.298485714285716,9.3141,8.911714285714286,8.626000000000001,8.625985714285715,7.115057142857142,6.590971428571429,7.054628571428571,6.258785714285715,5.463342857142857,5.434228571428571,4.6468,5.3551,5.5008,6.107285714285715,6.9030000000000005,6.875242857142858,6.961257142857144,7.572257142857144,7.6484,8.999628571428572,8.165000000000001,7.350042857142857,7.476400000000001,8.205042857142857,8.1877,7.375157142857142,5.735385714285713,5.438228571428572,6.536128571428571,8.278114285714286,7.492442857142858,6.828114285714285,6.909657142857142,7.074585714285713,7.994057142857142,7.711114285714285,5.878928571428571,5.703571428571429,5.808914285714286,5.987814285714286,5.0632,4.991971428571429,4.994171428571429,5.309042857142858,4.719557142857143,4.709685714285714,4.510714285714286,4.522342857142858,5.7107285714285725,6.365871428571429,7.597842857142857,9.431714285714287,10.425871428571428,10.762214285714288,11.396828571428571,9.42062857142857,8.099328571428572,6.560314285714285,4.732371428571429,5.568571428571429,6.215885714285714,5.592985714285715,6.362114285714286,6.247000000000001,6.247014285714286,6.5186,5.447871428571429,5.217014285714285,5.205442857142857,4.405042857142857,4.358728571428571,4.332742857142857,4.155,3.3976857142857146,3.626014285714286,5.146714285714286,6.253414285714286,7.430057142857143,9.396957142857143,9.797471428571429,9.74252857142857,8.696942857142856,7.199142857142857,7.7761571428571425,6.654871428571428,4.725142857142857,4.505314285714285,4.583114285714286,4.632028571428571,4.593228571428571,2.9577142857142857,2.9598,2.9917857142857143,3.3430857142857135,4.737271428571428,4.766557142857143,4.789614285714286,4.8262857142857145,4.875971428571428,5.03,4.425771428571428,2.992971428571429,2.998214285714286,2.983185714285714,2.9514857142857145,4.3765857142857145,4.3425142857142855,4.321371428571429,4.352671428571428,4.344357142857143,4.406085714285714,4.429428571428572,3.025714285714286,2.925757142857143,2.968357142857143,2.9722714285714287,3.002071428571429,2.954328571428572,2.8611857142857144,2.722585714285714,2.6839714285714287,2.6453285714285713,2.6346,2.5648142857142857,2.564857142857143,2.690142857142857,2.8097571428571433,2.7838142857142856,2.695271428571428,2.6036428571428565,2.5914571428571427,3.155814285714286,3.126257142857143,3.081657142857143,3.101657142857143,3.2113285714285715,3.315785714285714,3.345814285714286,2.774142857142857,2.7600571428571428,2.784128571428571,3.1743285714285716,3.901414285714286,3.8798142857142857,3.9059714285714286,3.919,4.261928571428571,4.669200000000001,4.511699999999999,3.883085714285714,4.292657142857143,5.113185714285714,5.3243,5.09837142857143,4.792585714285714,4.649857142857143,4.532857142857143,4.1448857142857145,3.4258428571428574,4.0183,4.004057142857143,4.321371428571429,5.220457142857143,5.2885,6.255714285714286,8.577714285714285,10.076914285714285,11.643742857142856,11.962785714285713,11.236228571428573,11.394257142857143,11.45282857142857,10.5839,9.307171428571428,8.600542857142857,8.042742857142857,9.458385714285713,10.961471428571429,10.957257142857143,10.140557142857144,9.854842857142858,10.483714285714285,11.327228571428572,9.91972857142857,8.301228571428572,7.408942857142857,6.917657142857143,6.217814285714286,5.882185714285714,7.147157142857144,8.246914285714285,8.342628571428572,8.542557142857143,9.680842857142858,11.149514285714286,11.115057142857143,9.660342857142856,10.666685714285714,10.495500000000003,11.913414285714287,11.664771428571429,11.219685714285713,12.205471428571428,11.416171428571428,10.087242857142858,12.111214285714286,11.104342857142857,10.991871428571429,12.498700000000001,11.33042857142857,12.918157142857142,13.6477,12.627799999999999,13.634685714285714,14.35587142857143,11.915842857142858,10.936614285714285,11.285485714285715,9.570728571428573,10.449885714285715,9.763900000000001,8.413642857142857,8.316757142857144,9.293485714285712,7.273457142857142,7.196014285714285,5.387271428571428,4.292685714285715,3.8591142857142864,4.678014285714285,3.9662142857142855,4.1494,5.211885714285715,5.411371428571428,5.408114285714285,6.470585714285714,6.880057142857143,6.6949,8.281657142857144,7.972757142857143,7.781428571428571,7.959685714285714,7.959685714285716,7.738942857142858,7.742042857142858,7.339085714285715,8.121314285714286,9.051942857142857,9.012628571428571,8.12872857142857,7.311014285714285,7.312828571428571,8.812657142857143,8.560628571428571,7.640614285714285,7.50672857142857,7.329985714285714,7.274914285714284,7.284071428571429,4.718742857142857,4.010228571428572,4.176442857142858,4.3766428571428575,4.506171428571429,5.3635,6.122571428571428,6.0,5.638228571428571,5.322042857142857,6.760757142857144,8.010528571428571,7.125557142857143,6.320571428571428,6.334414285714286,6.122771428571427,6.122757142857141,4.657542857142857,3.2622428571428563,3.2619000000000002
27,4.9864,4.9864,8.88495,8.639033333333332,8.9757,7.80094,6.933916666666666,6.289971428571428,6.180771428571428,6.174714285714286,7.2358142857142855,9.738085714285715,11.134528571428572,12.860314285714285,13.107399999999998,13.100642857142857,12.33714285714286,11.258057142857142,8.697114285714287,9.408042857142858,9.214699999999999,10.463028571428572,11.62257142857143,11.841457142857141,13.854814285714285,14.766271428571429,13.2988,12.071185714285715,12.83917142857143,13.732742857142856,13.164285714285715,10.657757142857145,8.978328571428571,10.754900000000001,11.22172857142857,10.524642857142856,9.153114285714286,9.5327,10.15712857142857,10.98572857142857,8.72332857142857,9.590885714285715,9.315142857142858,13.7145,13.076557142857142,12.248085714285713,12.855085714285712,13.4008,13.518071428571428,13.611257142857143,10.119942857142858,12.447185714285713,12.399128571428571,12.083885714285714,12.622914285714286,12.6027,11.9375,11.536771428571429,9.161414285714287,10.432342857142856,10.084028571428572,8.745842857142858,7.0356,8.256185714285715,8.748114285714285,11.161414285714287,11.70117142857143,10.702642857142859,10.842400000000001,11.892185714285716,9.968842857142858,8.024557142857143,5.953314285714286,4.161785714285714,4.961028571428571,5.824957142857143,5.923857142857143,6.706942857142857,9.551714285714285,12.143771428571426,13.353185714285715,14.359057142857141,15.570828571428573,16.470385714285715,17.87747142857143,15.619785714285715,13.622114285714288,13.180128571428572,12.558542857142857,11.430571428571428,9.341785714285715,7.936999999999999,7.934114285714285,7.106185714285713,6.77212857142857,7.104314285714286,6.329757142857143,6.711142857142858,7.602942857142857,9.711428571428572,10.916885714285714,11.437485714285714,10.973871428571428,13.08827142857143,14.758700000000001,14.334514285714286,13.051742857142857,11.700514285714286,11.627328571428572,12.470485714285715,13.468257142857142,11.6674,11.484057142857143,10.078557142857145,12.844257142857145,14.78587142857143,14.285228571428572,10.81955714285714,10.834385714285713,10.548657142857142,11.643357142857143,9.88462857142857,7.396857142857144,7.5068,8.658071428571429,9.569557142857144,9.096828571428572,9.815000000000001,12.487414285714285,12.914071428571429,12.132714285714284,11.234042857142857,10.094585714285714,9.829871428571431,10.015785714285714,8.5448,9.93547142857143,9.986685714285715,12.061242857142858,14.630328571428574,14.728785714285717,12.787228571428573,11.510728571428572,9.456285714285714,8.695985714285714,8.209642857142857,6.93152857142857,7.105285714285714,8.153242857142857,7.6752714285714285,7.618714285714286,8.37417142857143,8.882557142857141,9.655642857142857,9.950442857142859,8.865400000000001,8.431814285714285,9.019428571428572,8.285271428571429,6.016628571428571,5.353928571428571,6.655285714285715,8.1603,9.917,10.932614285714285,12.328542857142855,12.742528571428574,11.7126,9.995157142857144,10.078114285714284,8.353728571428572,7.014171428571429,6.6424,8.206242857142856,8.900414285714286,8.717714285714285,7.149485714285713,7.156614285714285,6.933314285714286,7.067014285714287,6.437328571428572,7.4240571428571425,7.451185714285714,7.506485714285715,9.209371428571428,10.7286,9.581885714285715,8.280671428571429,6.245457142857143,6.261157142857144,6.248600000000001,5.7957142857142845,4.918357142857142,6.103242857142857,6.476642857142857,7.481628571428572,7.5030285714285725,7.490671428571429,6.388485714285713,5.786271428571429,4.721414285714286,5.296342857142858,4.682428571428572,4.781014285714286,4.814799999999999,4.6124,4.523728571428571,4.523714285714285,3.6240999999999994,3.223585714285714,3.1226857142857143,3.8292285714285716,3.8997142857142855,3.8807142857142862,3.7029285714285716,3.618471428571429,3.743,4.9230285714285715,4.538028571428572,4.555571428571429,4.5122857142857145,4.564242857142857,4.587485714285715,4.488542857142858,3.3733714285714287,3.024571428571428,3.2018857142857144,3.6686571428571426,4.255571428571428,4.2533,4.2820857142857145,4.201914285714286,4.934457142857143,4.950257142857143,4.884557142857142,5.141171428571428,5.9221,7.1532,7.876171428571429,7.730542857142856,8.0819,7.817785714285713,7.194014285714284,6.791085714285714,6.248657142857143,6.248285714285714,5.804671428571427,5.949942857142856,6.780542857142856,7.2159571428571425,8.117099999999999,10.615371428571427,13.319657142857142,15.792757142857141,16.752714285714287,16.35597142857143,16.438257142857143,16.82904285714286,15.63135714285714,14.582142857142856,12.983642857142856,12.12962857142857,14.559542857142858,16.857957142857142,16.552757142857143,16.99285714285714,15.623499999999998,16.96302857142857,17.30872857142857,14.987499999999999,12.051642857142857,10.871471428571427,8.946142857142858,8.02934285714286,7.193557142857143,9.173214285714286,12.326742857142857,12.5823,12.774157142857144,13.185557142857144,14.834442857142857,16.717771428571428,15.904,15.674942857142858,15.905157142857144,17.471228571428572,18.53357142857143,18.235699999999998,18.994128571428572,16.879842857142854,14.885114285714284,17.466585714285713,16.540585714285715,15.972485714285716,17.62184285714286,15.421757142857144,17.29941428571429,18.747557142857143,16.59854285714286,19.83134285714286,20.863285714285716,18.124328571428574,16.570142857142855,16.592299999999998,13.913371428571429,14.347257142857144,11.36697142857143,9.555485714285714,9.337571428571428,9.995171428571428,7.858657142857143,7.450857142857141,6.088857142857142,4.908228571428571,4.260971428571429,5.134542857142857,4.659542857142857,5.255342857142857,6.722685714285714,7.303442857142857,7.159628571428572,8.775042857142857,8.849285714285715,8.318214285714287,9.710585714285713,9.254385714285714,8.711657142857144,9.043742857142858,8.68747142857143,8.868,9.401871428571429,9.0999,10.2693,11.687299999999999,11.642614285714284,10.448271428571427,9.416799999999999,9.284699999999999,10.663857142857143,10.036642857142857,8.683785714285714,8.637885714285714,8.501542857142857,9.035014285714286,8.83012857142857,5.923328571428571,4.950757142857143,5.3956,5.3650714285714285,6.049428571428572,6.293028571428571,7.054028571428573,6.835300000000001,6.4645,5.950457142857142,7.552442857142857,7.627785714285714,6.7431,5.680028571428571,5.901042857142857,5.700385714285714,5.530085714285714,3.9254000000000007,3.165685714285714,3.1625571428571426
28,5.2051,5.2051,9.5129,13.992633333333336,12.660925000000002,10.604520000000003,9.405933333333335,8.403914285714288,8.223357142857145,7.6238714285714275,6.810271428571428,8.421814285714287,10.169942857142859,11.439285714285715,11.518600000000003,11.2854,10.634971428571431,10.594999999999999,10.321042857142857,10.871857142857143,11.568757142857143,12.9358,14.295599999999999,15.246914285714285,16.724214285714286,16.646657142857144,15.088485714285714,13.227571428571428,14.085742857142858,14.208042857142857,14.280328571428571,11.340985714285717,9.889071428571429,11.332542857142858,11.452514285714287,10.667842857142857,10.001071428571427,9.584514285714286,10.8004,11.118614285714287,9.255614285714286,10.569485714285715,10.465900000000001,11.965500000000002,10.958542857142858,9.22417142857143,10.603257142857144,11.666114285714286,12.118742857142857,11.68472857142857,11.452042857142859,14.034142857142857,13.994214285714287,13.386128571428571,13.093142857142857,13.24207142857143,13.063314285714284,11.796485714285714,9.29822857142857,10.955628571428573,11.450185714285713,10.3599,8.124585714285715,9.525571428571428,12.180014285714284,14.825542857142858,15.383857142857142,14.173957142857144,15.088271428571431,16.147300000000005,14.128728571428573,10.685757142857144,8.227714285714285,5.953957142857142,5.212357142857143,5.953442857142856,7.105185714285715,7.723842857142857,11.88027142857143,13.826085714285714,15.573571428571427,17.883971428571428,19.198471428571427,19.8004,21.474699999999995,18.390171428571428,16.951199999999996,16.040242857142854,14.561871428571425,13.373242857142856,11.3138,9.940942857142858,9.490442857142856,8.767142857142856,8.904271428571429,9.680185714285715,8.033842857142858,8.233642857142858,9.20137142857143,11.821514285714287,13.148957142857142,13.632085714285713,13.6797,15.46867142857143,17.22217142857143,18.422714285714285,16.256828571428574,15.013057142857141,15.104642857142858,15.897671428571428,15.128357142857144,13.19335714285714,11.546442857142859,10.483514285714287,14.938942857142859,16.381328571428572,15.712942857142858,14.713800000000003,14.273314285714287,13.964328571428572,15.780842857142856,12.6837,9.7329,8.456714285714286,9.054942857142859,8.936285714285715,7.645728571428571,8.415914285714285,12.042714285714286,14.091800000000001,13.652485714285714,13.238228571428573,13.32344285714286,13.82077142857143,13.879471428571426,12.35082857142857,12.7769,13.18944285714286,15.787585714285715,16.24612857142857,17.72697142857143,15.121228571428572,13.678257142857143,12.195557142857144,11.480142857142857,10.905685714285713,12.030899999999999,11.140785714285714,12.680757142857145,11.341400000000002,11.366885714285713,12.57162857142857,13.050557142857144,12.602185714285714,13.297957142857143,11.769957142857141,11.036414285714285,10.178914285714285,9.45042857142857,6.948142857142857,7.099585714285714,7.624414285714286,10.028628571428571,12.274742857142858,14.588442857142857,15.849685714285714,17.432585714285715,17.773371428571426,16.188742857142856,15.486471428571425,13.87092857142857,12.47097142857143,12.763442857142858,14.0455,14.262,13.634214285714284,11.925071428571428,11.304685714285712,10.420414285714285,10.067271428571429,9.183057142857143,9.155857142857144,9.103942857142858,9.44797142857143,10.633128571428573,11.286142857142858,9.594342857142859,7.3326,5.384842857142857,6.272785714285716,6.38667142857143,7.6586428571428575,7.863014285714286,9.727728571428571,11.691642857142856,12.439114285714286,11.584014285714286,11.126800000000001,9.483185714285714,9.038300000000001,7.353914285714285,6.5463000000000005,6.644114285714286,7.6314714285714285,7.953314285714286,7.186071428571428,6.843942857142856,7.386742857142857,6.280114285714285,5.324142857142857,4.2946,4.259614285714286,4.4379,4.237557142857143,3.4438142857142853,3.3911714285714285,3.364442857142857,4.165542857142857,4.297771428571428,4.190128571428571,4.115742857142857,4.223528571428571,4.250871428571428,4.1831,3.375371428571428,2.9654999999999996,2.931942857142857,3.8129285714285714,5.139742857142857,5.863042857142857,6.500685714285714,6.871271428571427,7.799685714285714,8.735271428571428,8.5929,7.200128571428571,7.378114285714285,8.342042857142857,8.704914285714286,8.000814285714286,7.580357142857143,7.119014285714286,7.363985714285714,6.786114285714286,5.9794285714285715,6.176342857142857,6.707314285714285,7.127114285714286,7.9096714285714285,8.21197142857143,9.05187142857143,11.068714285714284,14.007842857142858,15.687671428571429,16.225385714285714,15.549914285714285,15.964557142857142,16.94452857142857,16.7153,14.869557142857145,13.524314285714286,13.051,15.981885714285715,18.67115714285714,21.064685714285712,21.932285714285715,22.572042857142858,24.2269,24.46402857142857,21.950814285714284,18.629814285714282,14.365499999999997,11.192585714285713,8.963071428571428,7.8366999999999996,10.04662857142857,13.161142857142854,13.754214285714284,14.084785714285713,15.59512857142857,17.488514285714285,20.428628571428572,19.109957142857144,18.894371428571425,18.021542857142858,19.353085714285715,19.764828571428573,19.02112857142857,19.554485714285715,18.1246,16.504157142857142,19.821785714285713,18.896014285714283,20.92567142857143,23.867957142857144,20.422285714285714,21.91755714285714,23.969500000000004,21.637642857142858,25.166014285714287,24.472100000000005,20.69517142857143,19.403157142857143,19.430414285714285,15.34405714285714,16.356871428571427,13.633442857142857,11.172414285714284,11.221971428571427,12.241042857142856,10.022371428571429,9.956185714285713,8.062185714285715,6.265014285714287,5.1959857142857135,5.626114285714285,4.9753,6.029585714285714,8.243442857142856,8.740571428571428,8.799071428571429,11.783842857142858,12.699585714285714,12.072357142857141,13.351385714285714,13.268857142857144,12.739328571428572,12.94567142857143,12.05372857142857,11.3296,11.94632857142857,11.991642857142859,12.659442857142858,14.704557142857142,14.756942857142857,13.08482857142857,11.832585714285713,11.501271428571428,12.549514285714285,11.611342857142859,10.193985714285715,9.981842857142855,9.73327142857143,10.343685714285714,10.438242857142857,7.325828571428572,6.078457142857142,6.079885714285714,7.803485714285714,7.8423428571428575,9.298385714285715,10.289585714285716,10.007242857142858,9.733728571428571,8.951914285714286,8.423814285714286,9.285785714285714,7.221628571428572,5.862514285714285,6.281357142857144,5.953728571428572,5.951985714285714,5.2891,4.339042857142858,4.317828571428572
29,4.3554,4.3554,12.8185,14.820066666666667,12.545875,10.6486,9.383683333333334,8.389457142857143,8.540442857142859,6.948600000000001,7.3289,9.6146,10.735457142857141,11.550742857142856,11.539528571428571,11.101428571428572,10.891742857142859,8.529485714285713,8.139771428571427,9.053557142857143,9.226857142857142,10.447757142857142,12.680042857142857,12.148357142857142,15.5068,15.4289,14.103057142857143,13.955685714285712,15.683285714285715,15.856171428571427,16.29502857142857,13.372357142857142,11.45047142857143,12.796585714285714,12.22697142857143,12.186771428571427,10.745314285714286,11.229828571428571,12.00057142857143,13.359114285714286,11.939814285714286,13.735057142857142,12.401285714285715,17.136742857142856,15.941142857142856,14.486071428571426,13.827271428571427,16.410642857142854,16.735785714285715,15.969085714285715,12.907728571428573,15.704314285714284,15.968428571428571,17.096200000000003,15.58847142857143,15.916885714285716,15.920185714285713,14.624999999999998,12.026271428571429,13.90987142857143,14.988985714285715,13.231742857142859,10.415471428571431,12.3911,14.779528571428573,17.38217142857143,17.75297142857143,16.47937142857143,18.612428571428573,19.63642857142857,17.2929,13.598285714285714,10.80942857142857,8.182142857142859,6.185057142857143,5.786471428571429,6.564,6.641771428571429,10.312157142857144,12.439742857142859,13.495414285714288,16.147514285714287,18.34304285714286,19.25704285714286,20.7554,17.358814285714285,15.554714285714285,15.2945,13.616900000000001,11.487442857142858,9.238357142857144,7.7899714285714285,8.290142857142857,8.113714285714286,8.603399999999999,9.307857142857143,7.4627,7.800642857142857,10.258828571428571,12.60567142857143,14.14914285714286,13.10771428571429,13.148985714285715,13.830185714285717,15.422371428571427,14.30837142857143,12.605099999999998,10.814614285714287,11.75827142857143,12.437,13.18392857142857,11.088657142857143,10.269657142857143,8.899771428571428,11.940042857142858,13.325800000000001,12.988342857142857,11.546257142857144,11.41332857142857,11.5368,12.649957142857142,10.927685714285714,11.166157142857143,10.466985714285714,11.335628571428572,11.16347142857143,10.751614285714286,12.641871428571429,15.448428571428574,15.018657142857142,13.659071428571428,12.858271428571427,13.351799999999999,12.794685714285714,15.3635,14.1229,16.144085714285715,19.259242857142855,22.08594285714286,22.464828571428573,23.42824285714286,18.11517142857143,17.138885714285713,14.088542857142857,11.186157142857143,13.950528571428569,15.014971428571426,14.495014285714282,16.964428571428574,16.02357142857143,17.33612857142857,18.007242857142856,14.308914285714286,14.735228571428573,14.226057142857144,11.47717142857143,10.553171428571428,8.011685714285715,7.612099999999999,6.455871428571429,5.345957142857143,7.683971428571427,11.361114285714285,13.279285714285711,15.085285714285716,16.526085714285713,16.73935714285714,17.796685714285715,16.977957142857143,15.393899999999999,13.750528571428571,12.307914285714284,12.254985714285713,12.969642857142857,10.9858,9.534585714285713,7.424271428571429,7.138628571428571,6.7635,6.945685714285714,7.152099999999999,7.899371428571428,7.730542857142857,8.173757142857143,9.161371428571428,9.500142857142857,7.478885714285715,5.654442857142857,4.762142857142857,5.080942857142858,5.475757142857143,5.352442857142856,5.688342857142857,7.224828571428572,7.4592142857142845,7.383157142857143,7.1816,6.3646142857142864,5.524585714285715,4.9312,4.151928571428572,4.449928571428571,5.149728571428571,6.063471428571428,6.0541857142857145,6.043257142857143,6.2522,5.696257142857142,5.151585714285715,4.3788285714285715,3.6146428571428575,3.6773714285714285,3.692628571428571,3.2611285714285714,3.0171714285714293,2.9257142857142853,2.8985999999999996,5.043028571428571,5.191214285714286,5.1419428571428565,5.210014285714286,5.312757142857143,5.368785714285714,5.333,2.945342857142857,2.750942857142857,2.8850857142857143,3.066157142857143,3.8238428571428575,3.977957142857143,4.630514285714286,4.810771428571429,5.832942857142858,6.598185714285714,6.838614285714286,6.047428571428571,6.954114285714286,7.499257142857142,7.499257142857142,6.724757142857142,5.877514285714285,5.583442857142857,5.706971428571429,4.760785714285714,3.928157142857143,3.9572000000000003,3.910814285714286,5.153957142857144,6.916528571428572,6.792257142857143,7.869342857142857,10.242199999999999,12.646214285714288,14.468742857142859,14.247857142857143,12.511157142857144,12.59667142857143,12.979542857142857,11.716228571428571,11.317414285714287,10.287257142857143,10.019128571428572,11.977357142857144,15.090014285714286,14.550285714285716,16.394085714285715,15.789771428571429,17.292057142857143,17.560185714285716,16.028357142857143,13.10862857142857,12.246057142857142,9.115585714285714,8.030800000000001,10.048428571428571,12.608814285714287,16.150742857142856,16.238685714285715,16.66474285714286,17.5769,19.969400000000004,18.13672857142857,17.157385714285716,17.885742857142855,17.53414285714286,19.192957142857143,21.780728571428572,19.938985714285714,19.14952857142857,16.69422857142857,14.605414285714286,16.434714285714286,14.808957142857142,12.563042857142856,16.75832857142857,15.975971428571428,17.38575714285714,19.105871428571426,18.282042857142855,21.656642857142856,24.083985714285713,18.955899999999996,18.787728571428573,21.087899999999998,16.624414285714284,16.624799999999997,13.921114285714284,10.362557142857142,10.362585714285714,11.1423,7.3850428571428575,7.348885714285714,6.5003714285714285,5.337785714285714,5.373814285714287,6.599928571428571,5.616471428571429,6.584114285714286,8.483342857142857,9.056085714285715,9.300228571428573,12.658371428571428,13.565742857142856,12.773185714285715,14.7889,15.035771428571431,14.53744285714286,14.638757142857145,13.57345714285714,12.83242857142857,13.79338571428571,13.2158,14.41732857142857,16.285471428571427,16.716971428571426,14.951042857142856,13.509085714285714,13.176057142857143,15.237242857142858,14.561614285714287,13.053857142857144,12.2846,11.848357142857141,12.744442857142857,12.781214285714286,9.349957142857145,7.3938999999999995,7.984414285714285,8.170442857142856,8.164514285714287,10.261342857142855,11.252799999999999,10.2476,10.063142857142859,8.820642857142857,10.570214285714286,11.264357142857145,8.27582857142857,6.813871428571427,7.1636428571428565,6.736885714285713,6.918457142857143,5.3042428571428575,4.2418571428571425,4.266828571428571
30,8.0188,8.0188,14.109100000000002,16.802733333333336,13.617825000000002,12.915740000000003,11.172800000000002,10.083728571428574,10.8599,9.433828571428572,11.451185714285714,13.563857142857144,13.511600000000001,13.927800000000001,13.750842857142857,12.317228571428572,12.00324285714286,9.622128571428572,7.6067857142857145,7.691485714285713,8.34457142857143,9.574628571428573,11.739342857142857,11.350542857142857,11.527242857142856,13.901742857142855,14.845957142857143,14.571071428571429,15.061771428571431,14.5296,14.507657142857143,12.111257142857143,11.653585714285713,10.623557142857143,9.947742857142858,9.901700000000002,8.506814285714286,9.086928571428572,11.168000000000001,9.943385714285714,9.042442857142857,10.868271428571429,11.819457142857145,17.127957142857145,16.234714285714286,14.309657142857143,14.186185714285713,15.617185714285712,15.977585714285713,13.702185714285713,9.861571428571429,12.352814285714285,12.207542857142856,12.577842857142857,11.853385714285713,11.535885714285714,11.3858,10.400642857142856,7.893857142857143,10.13497142857143,10.596857142857143,9.724457142857144,7.770885714285713,9.593185714285713,11.224728571428571,13.689971428571427,15.85052857142857,15.333042857142857,17.39625714285714,18.17385714285714,16.231800000000003,13.741557142857145,11.329857142857142,6.671542857142858,5.450914285714286,5.245157142857143,6.2681,6.779928571428571,10.282271428571429,12.284671428571428,13.4665,16.195142857142855,17.62747142857143,18.0672,19.76787142857143,16.433271428571427,14.373828571428572,13.996542857142858,12.182514285714287,10.885057142857145,8.712642857142857,6.896442857142857,7.146742857142857,7.339928571428571,7.901942857142856,8.078057142857142,6.1018,6.825814285714286,9.226257142857142,12.232157142857142,14.079742857142858,12.84095714285714,13.56897142857143,14.159142857142857,15.856314285714285,15.239214285714285,13.280942857142858,11.185357142857143,12.466828571428573,13.325614285714284,13.986514285714284,11.7084,10.689757142857143,9.214114285714286,13.283514285714286,14.721142857142857,14.34842857142857,13.097328571428571,12.924028571428574,13.4911,14.840128571428574,12.040071428571428,11.6001,10.348528571428572,11.406971428571428,11.319928571428571,10.114157142857142,11.6612,13.2728,11.438128571428573,10.405157142857144,9.4564,10.090199999999998,9.78267142857143,10.556799999999999,10.6118,12.977028571428573,17.37055714285714,20.203957142857142,20.437199999999997,21.755742857142852,18.45745714285714,17.625185714285717,15.394685714285716,11.17,13.878557142857144,15.585128571428571,14.787285714285712,16.8317,16.69442857142857,18.70307142857143,20.03691428571429,16.184671428571427,15.383157142857142,14.643714285714283,12.27847142857143,10.35282857142857,7.736742857142857,6.428728571428571,5.432285714285714,5.5318,7.475814285714286,9.881471428571428,11.073714285714287,12.153585714285713,13.00917142857143,12.894814285714286,11.74917142857143,10.914285714285715,11.100514285714285,10.043957142857142,9.490328571428572,10.046142857142858,11.022657142857144,10.485442857142859,9.564971428571429,6.995928571428571,6.853742857142857,6.407957142857143,7.701657142857144,8.212171428571429,9.124785714285714,8.945114285714286,9.538185714285715,9.934585714285715,10.020971428571427,7.140357142857143,5.046685714285714,4.119414285714286,4.1338,4.116357142857142,4.453057142857142,5.066528571428571,6.1237571428571425,6.508971428571429,6.449928571428572,6.458485714285714,5.8705428571428575,5.129199999999999,4.4458714285714285,3.830957142857143,3.6901428571428574,4.292314285714286,4.789185714285715,4.779400000000001,4.811442857142857,4.862171428571428,4.692742857142856,4.428042857142857,3.7417857142857143,3.2426142857142857,3.4114428571428577,3.409757142857143,3.1351714285714287,2.792128571428571,2.744342857142857,2.6990857142857143,4.837171428571429,5.018542857142857,4.958542857142858,5.040257142857143,5.267557142857143,5.303385714285715,5.303414285714287,3.194057142857143,2.875228571428571,3.007428571428572,3.0761571428571424,3.5243571428571436,3.5298714285714285,4.194,4.2858857142857145,4.848214285714286,5.518242857142858,5.553885714285714,5.130128571428571,5.720485714285714,5.7705142857142855,5.8854,5.525714285714285,4.7905999999999995,4.769857142857142,4.726771428571429,4.1659,3.8232,3.8356,3.9265000000000003,4.737485714285715,6.1935,6.1516142857142855,7.0996428571428565,9.31622857142857,10.612885714285714,11.764685714285715,11.974757142857143,10.600571428571428,10.680914285714284,12.381285714285713,12.047085714285714,12.695628571428573,11.913757142857145,11.615357142857144,13.49377142857143,15.805228571428573,14.528271428571431,15.426628571428571,14.699814285714286,15.481685714285716,15.751899999999997,14.006400000000001,11.824042857142857,10.567371428571429,7.667642857142858,6.776828571428572,8.451357142857145,10.878642857142856,13.715942857142855,13.43127142857143,14.115971428571429,15.294899999999998,17.21588571428571,16.62907142857143,15.9007,17.153071428571426,17.188,18.9195,20.504699999999996,18.96555714285714,18.91647142857143,16.451128571428573,15.015142857142857,16.352857142857143,14.387028571428573,12.823242857142858,17.14381428571429,15.95094285714286,17.596942857142857,19.21484285714286,18.872999999999998,22.36297142857143,24.591885714285716,19.553757142857144,18.829285714285714,20.087314285714285,15.516242857142858,15.697185714285713,12.99252857142857,9.448985714285714,9.405885714285715,10.80975714285714,7.6232428571428565,7.743971428571428,6.486171428571429,5.067971428571428,5.2620000000000005,6.420657142857143,5.5063571428571425,6.106528571428571,7.2176,8.279814285714284,8.47257142857143,11.556028571428572,14.259328571428572,13.4228,16.44934285714286,15.485871428571427,14.943042857142855,15.039814285714284,14.380671428571427,12.295685714285714,13.023214285714285,12.171142857142858,15.607271428571428,16.262842857142857,16.23697142857143,14.10167142857143,12.291814285714285,13.326014285714285,13.229585714285715,10.5631,9.872671428571428,10.193228571428572,9.980742857142856,10.564771428571428,9.632042857142858,7.9537,7.160414285714286,8.970514285714286,8.607842857142858,8.412171428571428,10.566642857142856,9.869642857142855,8.819542857142856,8.9366,6.647757142857143,8.072285714285714,8.573385714285715,5.5739,5.7329,6.221185714285714,5.9998571428571426,6.088399999999999,4.614471428571428,4.172028571428572,4.367142857142857
31,8.0006,8.0006,16.14965,18.431133333333335,14.698950000000002,12.78372,11.055850000000001,9.89627142857143,9.899257142857142,7.796028571428571,7.802528571428572,10.067414285714287,10.478557142857142,10.922128571428573,10.818542857142859,10.111928571428573,9.886899999999999,7.3290571428571445,5.3776142857142855,5.523785714285714,5.931728571428571,6.926371428571429,9.320042857142855,8.616342857142858,10.776700000000002,12.807342857142858,12.886214285714287,12.772642857142857,13.333771428571428,12.434614285714286,13.138242857142856,10.844800000000003,9.014942857142858,8.978157142857143,8.2995,8.642042857142856,7.2995285714285725,7.302085714285714,9.0379,9.440857142857142,8.6848,10.56557142857143,11.084642857142857,17.495085714285718,16.773485714285716,15.532514285714287,15.339114285714288,16.499757142857142,16.836085714285712,14.502400000000003,9.230357142857143,11.864857142857144,11.346757142857143,11.941542857142855,11.537128571428571,11.1476,11.076257142857143,10.179914285714286,7.55812857142857,9.29972857142857,9.161442857142857,8.153728571428571,6.3065428571428575,8.201457142857143,10.032171428571429,13.017871428571429,13.91667142857143,14.498357142857143,16.520457142857143,17.29807142857143,15.398300000000003,13.074428571428571,10.1935,7.298242857142857,5.358257142857143,4.157571428571429,4.2224571428571425,4.7219,8.093885714285713,9.657942857142856,10.817242857142856,13.607371428571426,16.79205714285714,17.788114285714283,19.64251428571428,16.393642857142858,14.628457142857144,14.29192857142857,12.485785714285715,10.52472857142857,8.6993,6.76842857142857,7.036614285714285,7.417899999999999,7.836771428571429,7.943114285714286,5.925828571428572,6.4517,8.997671428571428,11.98757142857143,13.823628571428571,12.727442857142858,13.518428571428572,13.90242857142857,15.941557142857144,14.834914285714287,12.544957142857143,10.330657142857143,11.511214285714287,12.3997,13.095742857142856,10.856114285714286,10.070271428571429,8.979871428571428,12.195857142857145,13.425342857142857,13.08842857142857,11.96187142857143,11.589928571428572,12.456457142857143,14.177371428571432,12.108457142857144,11.702871428571427,9.976114285714287,11.07002857142857,11.044157142857143,9.715399999999999,10.437800000000001,12.255657142857144,10.558057142857141,9.855242857142857,8.918228571428571,9.633785714285713,9.589899999999998,10.75542857142857,10.707400000000002,13.210871428571428,16.3698,19.004314285714283,19.13507142857143,19.825642857142856,16.49072857142857,15.237528571428571,13.236571428571429,10.445371428571429,11.419371428571429,12.996385714285713,12.762642857142856,15.187257142857144,15.114914285714287,15.54652857142857,17.017757142857143,15.12037142857143,14.675557142857144,13.717557142857144,11.068457142857142,9.526728571428569,8.293642857142858,6.6779,5.724685714285713,5.765114285714286,7.8222000000000005,10.656428571428572,12.281114285714287,15.96732857142857,16.965871428571425,16.68352857142857,15.619214285714287,15.208085714285714,14.033428571428571,12.4316,9.126357142857142,9.73122857142857,10.790899999999999,10.198214285714286,8.6193,6.982628571428571,6.946385714285715,6.620757142857143,8.066071428571428,8.46727142857143,9.08162857142857,9.036085714285713,9.498457142857143,10.261757142857144,10.458228571428574,7.243071428571428,5.3176000000000005,4.5704142857142855,4.687885714285714,4.767528571428572,4.907428571428571,5.5,6.7365,6.821071428571429,6.6968000000000005,6.600714285714287,6.031728571428572,5.125414285714286,4.327442857142857,3.3518714285714286,3.3507285714285713,3.726714285714286,4.369128571428571,4.348685714285714,4.377814285714286,4.349214285714286,4.323128571428571,4.168171428571428,3.727671428571429,3.1105142857142853,3.2639142857142858,3.259657142857143,3.0763571428571432,2.764885714285714,2.7276285714285717,2.6955428571428572,4.898028571428571,5.1381571428571435,5.087985714285715,5.175242857142858,5.291314285714286,5.280500000000001,5.272100000000001,3.0304285714285712,2.694828571428572,2.8363857142857145,3.0157285714285713,3.6311,3.672957142857143,4.384785714285714,4.4263,5.0027,5.3998,5.360557142857142,4.809714285714286,5.170914285714285,5.0766857142857145,5.253857142857143,4.807314285714285,4.337157142857143,4.221471428571428,4.154671428571429,3.8180142857142862,3.5262428571428575,3.513471428571429,3.605457142857143,4.440914285714285,5.756557142857142,5.752414285714286,6.608899999999999,8.104814285714285,9.978071428571427,11.190342857142857,11.191485714285715,9.9023,9.960728571428572,10.805942857142856,11.431314285714285,11.534314285714286,10.724871428571428,10.661757142857143,12.609057142857143,14.950614285714286,14.551442857142858,15.35184285714286,14.363928571428572,15.06032857142857,15.169757142857142,13.585442857142855,11.519385714285713,10.282857142857143,7.129357142857143,6.257828571428571,8.25617142857143,10.423514285714287,13.287885714285713,12.87882857142857,13.168114285714285,14.163214285714286,15.667414285714287,14.495685714285715,14.116942857142858,15.218499999999997,15.313557142857144,17.495471428571427,19.3731,18.18088571428572,19.65132857142857,17.212,16.3048,17.508614285714284,15.468342857142858,17.206214285714285,21.863914285714284,19.253800000000002,20.88062857142857,22.084228571428575,22.08421428571429,25.196457142857145,24.2768,19.07267142857143,18.258042857142858,19.69727142857143,14.96567142857143,15.02844285714286,12.645642857142859,8.979157142857142,8.978214285714285,10.585028571428571,7.2233857142857145,7.397557142857144,6.051814285714285,4.789214285714286,4.992728571428572,6.489257142857143,5.863328571428572,6.637628571428571,7.530714285714285,8.815157142857142,9.421242857142857,12.38342857142857,14.854185714285714,13.995857142857144,16.340928571428574,15.575885714285715,14.576242857142857,14.230428571428572,14.365328571428572,12.544514285714286,12.782428571428571,12.24207142857143,16.374828571428573,17.817000000000004,17.872342857142858,15.106385714285716,12.904742857142859,14.435014285714285,14.831657142857141,11.487099999999998,9.770442857142857,10.043442857142859,10.153985714285714,10.89182857142857,9.832014285714285,7.814057142857143,7.032642857142856,9.153671428571428,8.751142857142856,8.097657142857143,9.481042857142858,8.628014285714288,7.622771428571428,7.5998285714285725,5.476914285714286,7.157514285714285,7.7420285714285715,5.490928571428571,5.915828571428571,6.298628571428572,6.130071428571429,6.307514285714286,4.422657142857142,3.8826714285714283,4.101928571428571
32,9.4317,9.4317,14.58675,17.953466666666667,14.194849999999999,12.225039999999998,10.581916666666666,9.414771428571427,9.213185714285714,7.760242857142858,7.641428571428571,9.492642857142856,10.014728571428572,10.28017142857143,10.250414285714285,9.442871428571427,9.21847142857143,6.636842857142858,5.1744142857142865,5.322742857142857,5.865042857142856,6.8001571428571435,9.489142857142857,8.762514285714285,10.978385714285716,12.944214285714285,13.920414285714285,13.481314285714285,14.176857142857143,13.286671428571427,14.085799999999997,11.750357142857142,10.074885714285715,8.95327142857143,8.658871428571429,8.895428571428571,7.346042857142857,7.492842857142857,9.039742857142857,9.34777142857143,8.6878,10.600200000000001,11.135042857142858,16.58164285714286,15.646,14.222328571428571,14.028628571428571,15.067357142857142,15.084214285714284,12.774557142857143,8.224157142857143,10.800957142857143,10.544328571428574,11.297085714285714,11.115442857142856,11.08852857142857,10.996585714285713,10.117314285714286,7.670128571428571,9.41567142857143,8.823442857142856,7.802657142857143,5.953871428571428,7.8701285714285705,9.502671428571428,12.453285714285714,13.797571428571429,14.086928571428572,15.77477142857143,16.470657142857142,14.559285714285712,12.66342857142857,9.601,6.262985714285715,4.9436857142857145,4.078957142857143,3.9124142857142856,4.278557142857143,7.814042857142858,9.364085714285713,10.252385714285714,12.775557142857142,15.591428571428574,16.661957142857144,18.77022857142857,15.406457142857146,13.755600000000001,13.684642857142858,11.965357142857144,10.637728571428571,8.958428571428573,6.880971428571429,6.9309714285714294,7.006485714285715,6.830557142857144,7.174557142857141,4.8881000000000006,5.576942857142858,8.016242857142858,10.8278,13.082385714285712,12.51817142857143,12.528428571428572,12.778971428571428,14.235328571428571,13.096657142857142,11.150357142857143,8.783157142857144,9.97752857142857,11.565642857142857,12.399314285714285,10.67082857142857,10.002728571428573,8.911314285714285,12.103900000000001,13.230557142857142,12.836014285714286,11.708257142857144,11.25217142857143,12.285,13.463700000000001,11.397442857142858,11.1448,9.433142857142856,10.871342857142858,10.851699999999997,9.486414285714286,10.922685714285715,13.041214285714286,11.218085714285715,10.589857142857143,9.249885714285714,10.069514285714286,10.004014285714286,12.721699999999998,12.600085714285715,15.230657142857142,18.292142857142856,20.685257142857143,20.70928571428571,21.53195714285714,16.636542857142857,14.378657142857142,13.202342857142856,10.557,13.331228571428571,14.8027,14.148399999999999,17.63932857142857,18.703885714285715,17.9095,19.245128571428573,15.866514285714286,14.522714285714285,13.912242857142855,10.03002857142857,8.279914285714286,7.450071428571428,5.888442857142857,4.840871428571428,5.202128571428572,7.201528571428573,9.694728571428572,11.982371428571428,13.268028571428573,13.940299999999997,13.70572857142857,13.474271428571429,12.727814285714286,13.18312857142857,10.894614285714287,9.910042857142857,10.718599999999999,11.062114285714285,10.453899999999999,9.139885714285715,6.214285714285714,6.106157142857143,6.0535,8.343871428571429,10.431028571428572,10.795457142857144,10.73857142857143,11.034157142857142,11.806299999999998,11.9522,8.008285714285716,5.063228571428572,4.398185714285714,4.485942857142857,4.497328571428571,4.512485714285715,5.311828571428571,6.3729000000000005,6.491142857142857,6.3868285714285715,6.322785714285715,5.958799999999999,5.143071428571429,3.935414285714286,3.1738571428571434,3.3265285714285717,3.5580428571428575,3.9054571428571427,3.9082857142857144,3.951214285714286,3.9405571428571426,3.757557142857143,3.441528571428571,3.1266571428571437,2.912914285714286,3.0266428571428574,3.0017,2.853157142857143,2.6673714285714283,2.718257142857143,2.730757142857143,5.0576857142857135,5.2258571428571425,5.1947142857142845,5.225985714285714,5.3283000000000005,5.270414285714286,5.241885714285715,2.7671,2.5370285714285714,2.728985714285714,2.8439714285714284,3.4642428571428567,3.5143857142857144,4.089628571428571,4.148214285714286,4.743571428571428,5.232128571428572,5.3887857142857145,4.868042857142858,5.125785714285714,5.077014285714285,5.210985714285714,4.720942857142857,4.108114285714286,3.8927714285714288,3.885685714285714,3.6738,3.2811285714285714,3.3136,3.2382000000000004,4.0262714285714285,5.225085714285714,5.148071428571429,6.01,7.5083714285714285,9.125342857142858,10.746542857142856,10.562085714285715,9.372457142857142,9.418385714285714,10.920385714285715,11.497728571428572,11.8586,10.798242857142856,10.812899999999999,12.93172857142857,15.37392857142857,14.2402,15.279742857142855,14.11997142857143,14.935628571428575,14.92097142857143,13.252542857142858,11.088542857142855,9.845814285714287,6.693342857142858,5.933628571428571,7.765314285714285,10.076571428571429,12.91992857142857,12.51167142857143,12.828442857142859,13.971800000000002,15.215557142857145,14.174185714285715,14.265757142857142,15.140657142857142,15.2915,17.49352857142857,19.0949,18.300700000000003,19.327185714285715,16.545257142857142,15.614014285714285,16.78317142857143,14.683057142857141,13.710514285714286,18.290714285714284,16.095714285714287,17.74642857142857,18.63838571428571,19.8596,23.044385714285717,24.50402857142857,19.8191,19.40228571428571,20.722014285714287,16.506914285714284,15.508885714285713,12.874999999999998,9.667999999999997,9.187985714285714,10.59947142857143,7.3633999999999995,7.579,6.0634,5.030742857142856,5.214014285714286,6.628928571428571,5.558728571428572,6.2116999999999996,6.925285714285714,8.370257142857144,8.897342857142856,11.880800000000002,14.668457142857145,14.058271428571429,16.597057142857143,15.942642857142857,14.907485714285714,14.594499999999998,14.452457142857142,12.0397,12.309042857142856,11.7015,15.905199999999999,17.157485714285713,17.716914285714285,15.432571428571427,13.50025714285714,13.272099999999998,13.633742857142858,10.212028571428572,8.553185714285714,8.067728571428573,7.628671428571429,8.413100000000002,9.692971428571429,7.0361,6.210371428571428,8.862271428571429,8.81702857142857,8.473428571428572,9.681185714285716,8.248785714285715,7.9059285714285705,7.905928571428572,5.328285714285714,7.167342857142856,7.406757142857143,5.3161,5.593600000000001,6.033,5.834828571428572,5.9378714285714285,3.9510714285714283,3.781571428571428,4.071914285714286
33,4.9898,4.9898,9.24185,13.957533333333332,11.195875,9.786859999999999,8.556433333333333,7.677499999999999,8.110414285714286,7.934742857142858,7.653500000000001,9.570485714285715,9.5532,9.699185714285715,9.670042857142857,8.905857142857144,7.750528571428573,5.287185714285714,3.5418714285714286,4.197985714285714,5.069471428571428,5.950457142857142,8.611057142857144,8.372,10.95567142857143,12.584528571428573,12.719757142857144,12.504557142857143,13.074285714285713,12.072671428571429,12.591842857142856,10.11792857142857,10.090557142857145,9.8693,9.134814285714286,9.66642857142857,8.0971,8.627442857142857,10.232971428571428,9.265028571428571,8.615,10.467557142857144,10.9275,14.08912857142857,13.062385714285712,11.864585714285713,12.039085714285715,13.15217142857143,13.158742857142856,10.79917142857143,8.568914285714285,11.132542857142855,10.459885714285715,11.042257142857142,10.576371428571429,10.565299999999999,10.483128571428571,9.4877,6.993742857142857,8.881914285714284,7.945042857142858,7.099885714285714,5.666528571428572,7.837185714285714,10.095828571428571,12.879214285714285,12.557242857142857,12.678857142857142,13.670357142857144,14.007542857142857,11.849400000000001,9.5241,6.673442857142858,4.989285714285714,4.1683,3.8254571428571427,3.8051,4.057757142857143,7.395457142857142,8.326414285714284,8.907057142857143,10.557114285714286,12.351414285714284,13.272957142857141,15.376557142857141,12.162671428571429,11.190628571428572,11.0485,10.071814285714286,9.6267,7.904100000000001,5.865828571428572,5.756828571428572,6.467357142857144,7.3577,7.557185714285715,5.593771428571428,6.2707,8.84297142857143,11.773085714285715,13.165585714285713,11.841428571428569,11.868471428571429,11.871471428571429,13.37427142857143,11.613028571428572,9.4705,7.360957142857143,8.277014285714285,10.040000000000001,11.126885714285716,9.084685714285714,8.563385714285713,7.7527,10.760085714285713,11.692071428571428,11.253171428571429,10.134028571428571,9.986942857142855,10.749600000000001,11.927328571428571,10.1178,9.386,7.524400000000001,8.756957142857143,8.729685714285715,7.6663,8.913685714285716,10.3446,9.259042857142859,8.864885714285716,7.639628571428572,8.082485714285713,8.052285714285714,10.060457142857144,11.469042857142856,12.256785714285714,16.047428571428572,18.422085714285714,20.731685714285714,21.43961428571429,17.335471428571427,13.863757142857141,14.892114285714287,11.425771428571426,12.271357142857143,11.248642857142856,10.782971428571427,14.205542857142856,15.050600000000001,13.826614285714285,14.529085714285713,12.929785714285712,12.347285714285716,11.876714285714284,8.1685,6.897614285714285,6.328985714285714,5.508071428571428,4.577471428571428,4.629871428571429,6.966371428571429,9.565757142857143,11.398142857142856,12.974428571428572,13.417271428571429,13.203614285714286,12.474657142857144,11.296942857142858,11.12952857142857,9.220771428571428,7.908557142857143,8.429599999999999,8.39787142857143,8.381342857142856,7.247714285714287,4.8135,4.788328571428571,4.658057142857143,6.438400000000001,8.8903,9.083614285714287,9.060471428571429,9.350085714285713,9.669814285714285,9.826428571428574,6.9245714285714275,4.0945285714285715,3.5631,3.6932000000000005,3.6856571428571425,3.9517999999999995,4.2982,5.09732857142857,5.146757142857142,5.118214285714286,5.009485714285715,4.711971428571429,4.110657142857143,3.5179,2.9979,3.2003142857142857,3.354914285714286,3.5351,3.5067285714285714,3.5463999999999998,3.5464142857142855,3.3629285714285713,3.092157142857143,2.8801,2.849157142857142,2.988985714285714,2.949414285714286,2.8277000000000005,2.6787,2.713314285714286,2.7231,5.081071428571428,5.247342857142857,5.212642857142858,5.231328571428571,5.322842857142857,5.253514285714286,5.213571428571428,2.7034857142857147,2.483414285714286,2.6065714285714283,2.6987857142857146,3.1557,3.2233714285714288,3.691042857142857,3.7126999999999994,4.077914285714285,4.334857142857143,4.337128571428571,3.8996,4.0907857142857145,3.9096857142857147,3.9681000000000006,3.618357142857143,3.307242857142857,3.285585714285714,3.2609999999999997,3.0944000000000003,2.927985714285714,2.9231142857142856,2.8838,3.501714285714286,4.560157142857142,4.5506714285714285,5.345857142857143,6.6470714285714285,8.181042857142858,9.637828571428571,9.323085714285714,8.258014285714285,8.266071428571427,8.26607142857143,7.900314285714286,8.161071428571427,7.014085714285715,7.208285714285714,8.8344,11.113957142857144,11.232800000000001,11.938528571428572,11.103342857142858,12.065985714285716,12.00137142857143,10.768628571428573,8.805642857142855,7.87702857142857,6.207171428571428,5.53457142857143,6.877742857142857,9.126114285714285,11.240385714285713,10.850228571428572,11.065299999999997,12.01865714285714,12.7839,11.77277142857143,11.424414285714287,12.287071428571428,12.468185714285713,14.455985714285715,16.275685714285714,16.25492857142857,18.741142857142854,16.6307,15.732314285714285,17.454571428571427,15.604842857142856,14.282714285714286,18.645128571428568,15.444871428571428,16.632442857142856,18.216671428571427,17.428857142857144,20.131357142857144,21.467028571428568,16.1021,15.427371428571428,17.327042857142857,13.306785714285713,13.051257142857141,10.840614285714286,8.108542857142858,7.9566857142857135,9.844242857142858,6.499314285714285,6.599742857142857,5.780699999999999,4.891657142857143,5.145114285714286,6.541257142857143,5.449385714285714,6.189900000000001,6.761499999999998,8.14912857142857,8.732171428571428,11.55262857142857,13.530614285714288,13.224942857142858,15.638342857142858,15.115757142857145,13.8948,13.456757142857143,13.082499999999998,11.438942857142857,11.438942857142857,10.829214285714286,13.620314285714285,14.812199999999999,15.110514285714284,13.162785714285713,11.505371428571427,11.147742857142857,11.351957142857144,8.639899999999999,7.281142857142856,7.024842857142858,6.524942857142858,7.2738571428571435,8.127114285714287,5.9499571428571425,5.8192571428571425,8.294242857142857,8.3106,7.949271428571429,9.2302,8.197428571428572,7.575042857142857,7.525114285714286,5.119671428571429,6.788328571428572,7.297057142857143,5.157514285714286,5.674214285714286,6.130342857142858,5.998514285714286,6.084957142857143,4.175457142857143,3.764057142857143,3.9508571428571426
34,5.1227,5.1227,7.66695,12.1118,9.67935,8.52038,7.5117666666666665,6.786457142857143,7.197328571428572,8.10957142857143,8.118014285714287,10.078857142857142,10.135742857142858,10.236142857142857,10.206071428571429,9.451314285714286,7.686442857142858,5.274614285714286,3.4480714285714287,4.199428571428571,5.472385714285714,6.300857142857143,8.638842857142858,8.373014285714286,10.818357142857142,11.706985714285716,13.030914285714285,12.447571428571427,12.95854285714286,12.247485714285714,13.049828571428574,10.73027142857143,11.553628571428572,10.012242857142857,9.299314285714287,9.754,8.168957142857142,8.328157142857142,9.695042857142855,8.229114285714285,7.577171428571428,9.102357142857143,9.18002857142857,11.940857142857144,10.953257142857142,10.126442857142859,10.268085714285716,10.920042857142857,10.769942857142857,8.976457142857143,6.799185714285715,9.408028571428572,8.548142857142858,9.430414285714287,8.997242857142856,9.259757142857143,9.166142857142857,8.549728571428572,6.015014285714285,7.740828571428572,7.0433142857142865,6.628071428571428,5.243257142857142,6.954828571428571,8.971885714285714,11.825285714285714,10.8395,11.670999999999998,12.203342857142855,12.479071428571428,10.788528571428571,8.720628571428573,5.824985714285716,5.028300000000001,3.494328571428571,3.810071428571429,3.7446428571428574,4.043971428571429,6.6121,6.855214285714285,7.207714285714287,8.2741,9.323885714285714,10.656057142857145,12.161657142857143,9.667785714285714,9.420414285714285,9.477328571428572,8.765014285714285,8.304442857142858,6.42557142857143,4.702514285714286,4.657542857142857,4.6808,4.351628571428572,5.0082,3.595242857142857,3.857457142857143,6.008342857142858,8.785657142857143,9.566485714285713,9.4751,8.7758,8.770457142857143,9.730599999999999,8.606057142857143,6.599285714285714,5.754528571428572,6.123885714285715,8.049171428571428,8.901642857142857,7.677714285714285,7.266428571428571,6.465071428571428,10.226842857142856,10.954142857142857,10.027828571428572,9.205814285714286,9.291471428571427,9.595471428571427,10.39682857142857,6.951871428571429,5.822785714285715,4.504471428571428,5.293857142857142,5.166199999999999,4.520714285714285,5.862571428571428,7.025014285714286,7.074600000000001,7.0405999999999995,6.207014285714287,6.3105714285714285,6.115514285714286,7.914571428571429,8.336785714285714,8.797985714285714,11.03582857142857,11.70112857142857,12.0724,12.3819,8.464071428571428,6.664928571428571,8.519014285714286,6.342157142857142,8.314042857142857,9.194271428571428,9.096671428571428,12.128042857142857,13.04085714285714,10.991414285714283,11.086228571428569,9.0568,8.158428571428571,7.810557142857142,4.783885714285715,3.8186142857142853,3.5484714285714283,3.453157142857143,3.099614285714286,2.8495,4.887828571428571,7.473342857142858,8.261157142857142,9.127085714285714,9.407757142857141,9.460700000000001,9.345785714285713,7.6992,7.171185714285714,6.415385714285713,5.691785714285714,6.173885714285714,6.117528571428572,6.3372714285714284,6.002428571428572,3.9419142857142857,3.9099285714285714,3.9514142857142853,6.095114285714287,7.687485714285715,7.796728571428572,7.761628571428572,7.906385714285714,8.013157142857143,8.002699999999999,5.081099999999999,3.302657142857143,2.927457142857143,2.950771428571429,2.934414285714286,3.0837,3.3761571428571426,3.807171428571429,3.830985714285714,3.8064285714285715,3.8045,3.6288714285714283,3.341714285714286,2.889657142857143,2.5056428571428575,2.5312142857142854,2.6221714285714284,2.6478,2.6478285714285716,2.675814285714286,2.7091142857142856,2.7091000000000003,2.6159428571428576,2.5166142857142857,2.4910428571428573,2.581942857142857,2.5819857142857146,2.4911,2.4002142857142856,2.408857142857143,2.4014714285714285,4.773285714285714,5.0079,4.981857142857143,4.9998,5.083471428571428,5.073242857142857,5.069585714285714,2.6971142857142856,2.443514285714286,2.512,2.5854571428571433,2.8632,2.8867000000000003,3.157757142857143,3.1577571428571427,3.3753,3.3948000000000005,3.3448,3.0698142857142856,3.1422285714285714,2.9899142857142853,3.014485714285714,2.8142857142857145,2.7546714285714287,2.7997,2.7712,2.7123428571428567,2.676871428571428,2.7024428571428567,2.6769,3.1997571428571425,4.300971428571429,4.261285714285714,5.054085714285715,5.8594,6.671628571428572,7.715214285714287,7.420514285714286,6.314,6.379042857142857,6.020742857142857,5.925085714285714,6.10307142857143,5.349214285714285,5.586714285714286,6.632371428571429,8.035514285714287,8.395314285714287,8.667928571428572,8.512585714285715,9.225585714285714,9.068185714285715,8.320985714285715,6.929271428571427,6.1746285714285705,5.188357142857143,4.612171428571429,5.9959999999999996,7.5903285714285715,9.069899999999999,9.06492857142857,9.001571428571427,9.448457142857142,9.719371428571426,8.514085714285715,8.623957142857144,9.049071428571429,9.081100000000001,10.605414285714286,11.26347142857143,11.78152857142857,14.008485714285714,12.671171428571428,12.03917142857143,13.044985714285714,11.995314285714286,11.938671428571428,14.372857142857143,12.009014285714285,12.24622857142857,13.338214285714287,13.338214285714285,14.650785714285716,14.70744285714286,11.2122,10.248942857142854,10.4745,7.8317571428571435,6.9899000000000004,5.822171428571429,4.749585714285714,4.659385714285714,5.792742857142857,4.651957142857143,4.763042857142858,4.520742857142857,3.9133999999999998,4.032028571428571,5.204957142857142,5.012714285714286,5.633671428571428,5.675057142857143,6.811385714285715,7.152514285714285,9.412385714285714,11.376714285714286,10.48387142857143,12.431214285714287,12.900728571428571,12.164271428571428,11.97147142857143,12.047857142857143,10.271571428571429,10.723371428571427,10.171771428571429,13.062685714285712,13.226085714285716,13.5868,11.808657142857143,10.473157142857145,10.520185714285713,11.492671428571429,8.100514285714285,7.735414285714286,7.630571428571429,7.170114285714285,7.734071428571428,8.090014285714286,5.926171428571428,5.762128571428571,6.703485714285713,6.497471428571428,6.316457142857142,6.934957142857143,6.103185714285715,5.237900000000001,5.246271428571428,4.152742857142857,5.039385714285714,5.236657142857142,4.005828571428571,4.612757142857142,5.051571428571428,5.221871428571428,5.19102857142857,4.081028571428571,3.973714285714286,4.093757142857143
35,10.5101,10.5101,8.93585,10.209533333333333,8.473049999999999,7.784519999999999,6.881483333333333,6.236457142857143,5.881099999999999,6.257942857142857,7.08852857142857,8.338,8.228371428571428,8.336557142857144,8.336557142857144,7.540400000000001,6.715200000000001,4.567428571428571,3.2979285714285713,3.8316285714285714,4.953114285714285,5.341214285714285,7.613128571428571,7.515057142857143,9.411271428571428,10.1078,9.55917142857143,9.13417142857143,10.062085714285715,9.244614285714286,9.529114285714286,7.721742857142857,8.297371428571429,8.658128571428572,8.059700000000001,8.294,6.919028571428571,7.008114285714285,7.7721285714285715,6.655285714285713,6.28,6.8784857142857145,6.208728571428571,8.484442857142858,7.919742857142857,8.767428571428571,9.213357142857143,9.776642857142857,10.065299999999999,9.2426,7.680314285714286,8.486457142857143,6.710042857142857,6.986971428571429,6.356299999999999,6.328114285714285,6.246328571428571,5.508414285714286,4.720728571428571,5.776728571428571,5.091314285714286,4.906428571428572,4.151785714285714,5.379885714285714,7.232599999999999,9.706528571428573,8.752999999999998,9.708257142857141,9.903971428571428,9.918342857142857,8.717985714285714,6.818342857142857,4.4534142857142855,4.252071428571429,2.984085714285715,2.9049,3.008714285714286,3.024842857142857,5.513928571428572,5.874414285714287,6.170285714285716,6.519628571428571,7.507142857142857,8.536742857142857,9.662542857142856,7.392942857142856,6.933857142857142,6.665471428571428,6.6966714285714275,6.408128571428572,5.034700000000001,3.9894142857142856,3.7567,4.117557142857143,4.389957142857143,4.402842857142858,3.5760857142857145,3.7968857142857146,5.239014285714286,7.064014285714285,7.0798000000000005,6.796257142857143,6.412057142857143,6.430814285714286,7.3784,7.622871428571429,6.1728000000000005,5.754157142857143,5.877171428571428,6.758242857142856,6.770728571428571,5.533685714285714,4.583628571428571,4.207714285714286,6.598057142857144,7.521314285714287,7.299457142857142,7.286942857142857,7.241814285714286,7.212685714285715,7.475828571428573,5.258957142857143,4.1916,4.161828571428572,4.216671428571429,4.213028571428572,3.7085857142857144,5.116642857142857,5.257928571428571,5.400514285714286,4.741542857142858,4.657885714285714,4.7006571428571435,4.598928571428572,6.5123428571428565,7.043514285714286,8.285428571428572,9.812585714285714,10.486057142857144,10.512142857142857,10.653899999999998,7.1021857142857145,6.327214285714285,6.405571428571429,4.9491571428571435,5.116642857142858,5.657500000000001,5.5013571428571435,7.347214285714287,7.7359285714285715,6.29892857142857,6.3080428571428575,5.636942857142857,5.093685714285714,4.913542857142858,3.0629714285714287,2.6499857142857146,2.6435857142857144,2.6003,2.5053857142857145,2.5437285714285713,4.230885714285714,6.895071428571428,7.329414285714285,7.858542857142857,7.884085714285716,7.8980571428571436,7.878585714285713,6.498857142857143,5.272385714285714,4.858457142857143,4.440614285714285,5.2900285714285715,5.287714285714286,5.335442857142858,5.063942857142857,3.6223,3.601871428571428,3.556171428571428,4.879385714285715,5.696757142857144,5.863914285714286,5.8619,6.0275428571428575,6.091885714285715,6.133299999999999,3.9565000000000006,3.1105571428571426,2.8198,2.8526714285714285,2.7333,2.7356428571428575,2.882242857142857,3.1864,3.223,3.2411999999999996,3.229742857142857,3.1486142857142854,3.0674285714285716,2.8607714285714287,2.5566999999999998,2.5567142857142855,2.651957142857143,2.6848428571428573,2.715557142857143,2.7463285714285712,2.765685714285714,2.7790428571428576,2.7790285714285714,2.6837857142857144,2.654257142857143,2.7238,2.718042857142857,2.629714285714286,2.557057142857143,2.461142857142857,2.475314285714286,4.341057142857143,4.469114285714285,4.434157142857143,4.4341857142857135,4.476971428571429,4.476971428571429,4.434257142857143,2.512042857142857,2.342628571428571,2.4174714285714285,2.4863428571428576,2.635414285714286,2.678185714285714,2.769685714285714,2.8130142857142855,2.9688285714285714,2.961542857142857,2.9337857142857144,2.7521285714285715,2.7967857142857144,2.7967857142857144,2.7534714285714292,2.596342857142857,2.5691571428571427,2.5969142857142855,2.667057142857143,2.667057142857143,2.6844857142857146,2.728042857142857,2.732957142857143,3.0645714285714285,4.146314285714285,4.107428571428572,4.727757142857143,5.74647142857143,6.336557142857143,7.073042857142857,7.007557142857143,5.8798571428571424,5.922085714285715,5.5867571428571425,4.785785714285715,4.957414285714286,4.435757142857143,4.328628571428572,5.414785714285714,6.107342857142856,6.576828571428572,7.757971428571429,7.9767,8.834342857142857,8.834328571428571,7.829314285714285,7.1898,6.444385714285715,4.978028571428572,4.310828571428571,5.5628714285714285,6.410400000000001,6.965628571428572,6.944357142857143,6.948857142857143,7.043042857142858,6.980971428571429,5.530157142857143,5.849557142857143,5.816642857142858,5.930042857142857,6.360985714285714,7.0670142857142855,7.849471428571428,8.012114285714286,6.836385714285716,6.3981,7.085814285714286,6.6612285714285715,8.013542857142857,10.426971428571429,10.173957142857144,10.806514285714286,11.727271428571427,11.126942857142856,11.861257142857141,10.732714285714284,7.198985714285714,6.780657142857143,6.422514285714286,5.31047142857143,5.916385714285714,5.456085714285714,4.440971428571428,4.491614285714285,5.534,5.082814285714285,5.269242857142857,4.3814142857142855,4.032385714285715,4.165414285714286,5.241585714285715,4.6927142857142865,5.609914285714285,5.609914285714287,6.4163571428571435,6.581314285714285,7.704171428571428,9.45042857142857,8.711257142857143,9.309028571428572,9.427385714285716,8.7886,8.7756,9.218171428571429,6.761342857142856,7.201114285714285,7.443542857142857,9.747014285714286,9.939642857142859,9.9624,9.166971428571427,8.944842857142856,10.319742857142858,10.833257142857141,8.402285714285714,8.258542857142857,8.282428571428571,7.457085714285713,8.126685714285713,6.981328571428571,5.554600000000001,5.565371428571429,6.9195142857142855,6.918357142857142,6.993757142857143,7.257571428571429,6.630999999999999,5.957885714285715,5.768085714285713,4.2166,4.745657142857143,4.778942857142857,3.7972,4.542699999999999,4.7883,4.821571428571429,4.814900000000001,4.287,4.390028571428571,4.293628571428571
36,6.5688,6.5688,6.3581,7.840166666666666,6.480525,5.94862,5.307250000000001,4.8865428571428575,5.093871428571428,7.348071428571429,7.923228571428571,9.682728571428571,9.589271428571427,9.632442857142857,9.638042857142858,8.98552857142857,6.870785714285715,5.339214285714285,3.6463,4.221857142857142,4.783771428571428,5.586428571428571,7.498971428571428,6.933,8.739385714285714,9.54732857142857,8.990042857142857,8.796785714285715,8.806728571428572,7.296142857142857,7.538342857142857,6.054100000000001,6.268485714285715,6.6343000000000005,6.435485714285714,6.848200000000001,6.399142857142857,6.63492857142857,6.5444571428571425,5.9639999999999995,5.640599999999999,6.270271428571428,5.528385714285713,7.014085714285714,6.459328571428571,6.714657142857143,6.2176,6.687657142857143,6.258442857142858,5.773614285714286,4.478257142857143,4.560828571428571,3.8783142857142856,4.309557142857143,3.839514285714286,4.187314285714286,4.2619428571428575,3.9671857142857148,3.9146428571428564,3.933071428571428,3.5495857142857146,3.3991,2.8147285714285712,3.1052142857142857,4.094428571428572,5.271071428571429,5.2190142857142865,5.1747571428571435,5.155128571428571,5.021114285714286,4.672314285714285,3.690957142857143,2.5392714285714284,2.4873857142857143,2.4553714285714285,2.7304142857142857,3.0055,2.9970714285714286,5.4459285714285715,5.612857142857143,5.7012857142857145,6.050600000000001,6.577757142857144,7.564157142857143,8.40517142857143,6.224771428571428,5.9539285714285715,6.020314285714286,5.963071428571429,6.013428571428571,5.130285714285714,4.4209000000000005,4.152571428571429,4.208242857142857,4.722742857142857,4.949657142857143,4.078571428571428,4.504057142857143,5.455357142857143,6.538142857142857,7.165642857142856,6.5397285714285704,6.163042857142857,6.198971428571428,6.260528571428572,6.260528571428572,5.684699999999999,4.964014285714286,5.061914285714286,5.7744,5.776685714285714,4.940028571428571,4.355885714285714,3.848614285714286,5.137371428571428,5.834057142857142,7.033399999999999,7.042371428571428,6.994814285714285,6.819028571428572,6.809357142857143,5.933428571428571,5.094928571428571,3.861614285714286,4.128442857142857,4.092857142857143,3.902685714285714,5.029857142857144,4.664257142857143,4.737514285714286,3.940928571428571,3.6272571428571427,3.685928571428571,3.6926142857142854,5.071599999999999,5.6738,6.804714285714285,8.367157142857142,8.923499999999999,8.9513,8.982414285714286,6.483728571428571,5.896014285714285,5.967785714285715,4.4054142857142855,4.469742857142856,4.467485714285714,4.320042857142857,5.210085714285715,5.232614285714286,4.018257142857143,4.019385714285715,3.495085714285715,3.494014285714286,3.466271428571429,2.5788571428571427,2.551085714285714,2.531414285714285,2.527414285714286,2.4536571428571428,2.4536142857142855,3.1525857142857143,4.451842857142857,4.766742857142857,5.163371428571429,5.180442857142857,5.180442857142857,5.199428571428571,4.547728571428572,3.9156285714285715,3.622514285714286,3.2517,3.5397571428571433,3.5868428571428574,3.828671428571428,3.804228571428571,3.134585714285714,3.1345428571428573,3.1535285714285712,3.7730285714285716,3.9239,3.6836857142857142,3.641242857142857,3.6599285714285714,3.6557,3.6149428571428572,2.668242857142857,2.4583714285714287,2.3759,2.3977428571428567,2.3971714285714287,2.400171428571429,2.4915714285714285,2.723542857142857,2.7243285714285714,2.7507999999999995,2.7392285714285713,2.671685714285714,2.6069999999999998,2.4893857142857145,2.2573714285714286,2.2567428571428576,2.307414285714286,2.334442857142857,2.3463,2.370914285714286,2.4177142857142857,2.4021714285714286,2.3763285714285716,2.2992142857142857,2.2619142857142855,2.2775571428571424,2.2619714285714285,2.1919,2.178471428571428,2.167442857142857,2.1643,3.132614285714286,3.192314285714285,3.189185714285714,3.193871428571428,3.199542857142857,3.197057142857143,3.186714285714286,2.1996857142857142,2.183814285714286,2.2598714285714285,2.339714285714286,2.4550857142857145,2.5282428571428572,2.616828571428571,2.6804142857142854,2.6978,2.6953714285714283,2.6385285714285716,2.5414,2.5584571428571428,2.5651428571428574,2.524142857142857,2.4798142857142857,2.4197428571428574,2.4595285714285713,2.4684142857142857,2.4109142857142856,2.390685714285714,2.422614285714286,2.449585714285714,2.622114285714286,3.546985714285714,3.5268000000000006,3.8944000000000005,4.475542857142857,4.8439000000000005,5.221457142857142,5.100042857142858,4.166314285714285,4.217985714285715,4.160471428571428,3.7578142857142858,3.9339857142857144,3.691114285714286,3.8331714285714287,4.834028571428571,5.379142857142857,5.884328571428571,6.240214285714286,6.411485714285713,6.963657142857142,6.840657142857142,5.921914285714284,5.410128571428571,4.637871428571429,4.046885714285714,3.5656571428571424,4.4374142857142855,5.475585714285715,5.679985714285714,5.677257142857143,5.739314285714286,5.863085714285714,5.926785714285714,5.202285714285714,5.1894285714285715,5.538200000000001,5.593942857142856,5.818728571428571,6.181585714285714,6.938085714285713,6.8711714285714285,5.980714285714286,5.426457142857143,5.575428571428572,5.355914285714285,7.414857142857143,8.984399999999999,9.056642857142856,9.963757142857142,10.954485714285713,10.8098,11.644614285714285,10.161328571428571,7.4804571428571425,6.71112857142857,5.809599999999999,4.700785714285714,5.342214285714285,4.521171428571429,3.504071428571429,3.559357142857143,4.552028571428572,4.341542857142858,4.372971428571429,3.6005857142857143,3.5024285714285717,3.4975,4.569614285714286,4.121085714285714,4.387671428571428,4.677171428571428,5.000528571428572,5.1695142857142855,6.5308142857142855,7.330699999999999,6.989557142857143,7.772742857142856,8.206728571428572,7.918071428571428,7.893585714285713,7.609328571428571,6.113985714285714,6.455128571428572,6.352242857142857,6.643914285714286,6.729414285714285,6.736185714285715,6.325314285714286,5.933571428571429,6.244271428571429,6.409242857142858,5.4935285714285715,5.470985714285715,5.431514285714286,4.7686,5.426657142857143,4.9806857142857135,4.398014285714285,4.505614285714286,4.9872571428571435,4.878728571428572,4.842171428571429,5.210299999999999,4.881828571428572,4.353957142857142,4.3290428571428565,3.896328571428571,4.587571428571429,4.8279,3.976642857142857,4.425585714285714,4.835928571428572,4.765857142857143,4.657228571428571,4.1275,4.218757142857143,4.237685714285715
37,7.4409,7.4409,6.575200000000001,7.4724,6.22405,5.8379199999999996,5.21825,4.821314285714286,5.082714285714286,6.1643,6.611714285714285,8.542685714285714,8.41382857142857,8.538414285714284,8.544014285714285,7.817971428571428,6.545814285714287,5.287171428571429,3.4772285714285713,4.2036999999999995,4.9478,5.739942857142856,7.330085714285714,7.303371428571428,8.785971428571427,10.273471428571428,9.446085714285713,9.360185714285715,9.356657142857143,8.314442857142858,8.400585714285715,7.140228571428572,6.630542857142856,6.948600000000001,6.321142857142858,7.091185714285714,6.407314285714286,6.865571428571428,7.248442857142857,6.525457142857142,6.300542857142857,6.783185714285715,5.7009285714285705,6.819957142857143,6.114742857142858,6.308785714285714,5.941,6.045185714285714,5.685242857142856,5.231842857142857,4.7931857142857135,4.830214285714286,3.902857142857143,4.683414285714286,4.991828571428571,5.555671428571428,5.555942857142857,4.729314285714286,4.634371428571428,4.7953,4.0546999999999995,3.4976999999999996,3.4479,3.7601000000000004,4.126071428571429,4.914771428571429,4.711285714285714,4.711328571428572,4.7219,3.968842857142857,3.6288000000000005,3.3252714285714284,2.553314285714286,2.5319142857142856,2.462828571428571,2.738771428571429,2.979914285714286,2.9807285714285716,4.979971428571429,5.147228571428571,5.218128571428571,5.469928571428572,6.282042857142857,7.210271428571429,7.5171,5.731271428571428,5.491971428571428,5.504842857142857,5.664828571428571,5.734985714285714,4.904442857142857,4.589985714285715,4.316185714285714,4.327228571428572,4.793928571428572,5.0814,3.8858,4.349971428571428,4.729671428571429,5.5563142857142855,6.089257142857143,5.523128571428571,4.8762428571428575,4.8939571428571425,5.4554857142857145,6.030099999999999,5.270785714285714,4.6895999999999995,4.703,5.462342857142857,5.467771428571427,4.094157142857143,3.7478285714285713,3.685542857142857,4.8269142857142855,5.631285714285714,6.1168,6.259042857142857,6.2134,5.832571428571429,6.168642857142857,5.0917,4.294071428571429,3.655785714285714,4.055071428571429,4.055757142857143,3.8191142857142855,4.1365428571428575,4.482399999999999,4.4713,3.8226285714285715,3.2670285714285714,3.324614285714286,3.5114285714285716,4.197971428571429,4.1028,4.934728571428571,6.696357142857143,6.736585714285715,6.715000000000001,6.611071428571429,5.281757142857144,4.983928571428571,5.019357142857144,3.277328571428572,3.5247857142857137,3.614571428571428,3.5440714285714283,3.924214285714285,3.9652,3.117971428571429,3.1003999999999996,2.8524285714285718,2.792214285714286,2.7545,2.373285714285714,2.3614857142857137,2.360442857142857,2.347914285714286,2.3272857142857144,2.3260285714285707,2.5717,2.951828571428571,2.993171428571429,3.2895857142857143,3.2895857142857143,3.2887999999999997,3.2695714285714286,3.0841142857142856,3.067542857142857,3.037585714285714,2.7854142857142854,3.165542857142857,3.209828571428571,4.062942857142857,4.009128571428572,3.6455714285714285,3.6007857142857143,3.6011571428571427,3.9442,4.229542857142857,3.4152142857142858,3.454742857142857,3.472214285714286,3.5391857142857144,3.5161285714285717,2.790357142857143,2.4695428571428573,2.4281571428571427,2.4046,2.4087,2.395971428571429,2.5301,2.759485714285714,2.7481000000000004,2.7895999999999996,2.8352142857142857,2.793485714285714,2.7457142857142856,2.5698428571428567,2.3228714285714287,2.3227714285714285,2.2812571428571427,2.240285714285714,2.226942857142857,2.2270428571428575,2.2446,2.2980714285714288,2.2981714285714285,2.267285714285715,2.2626,2.2759857142857145,2.2759571428571426,2.2468285714285714,2.1818,2.1609428571428575,2.1778000000000004,2.5930714285714282,2.6576,2.6983142857142854,2.706657142857143,2.741542857142857,2.7483428571428568,2.7415142857142856,2.332,2.3036,2.2921714285714287,2.365614285714286,2.8063428571428566,2.7912714285714286,2.8739428571428576,2.919771428571429,2.9555571428571423,2.9555714285714285,2.964728571428572,2.5708999999999995,2.6934571428571425,2.6934571428571425,2.660485714285714,2.6246857142857145,2.6704857142857144,2.6602285714285716,2.6271428571428572,2.5509,2.5442428571428573,2.5250142857142857,2.505728571428572,2.507171428571428,4.182914285714285,4.161714285714286,4.496185714285715,5.1609,5.636871428571429,5.989185714285715,5.991342857142858,4.263457142857143,4.2645,4.139214285714286,3.826214285714286,4.040571428571429,3.7560714285714285,3.8880000000000003,4.756142857142857,5.446414285714286,5.939914285714286,6.252928571428571,6.283114285714285,6.7328,6.613914285714286,5.814171428571428,5.192300000000001,4.523657142857143,3.803,3.220842857142857,3.7042428571428565,4.972971428571428,5.161014285714287,5.110514285714285,5.558314285714286,5.923285714285716,5.875185714285714,5.351214285714286,5.049842857142857,5.819242857142858,6.097671428571428,5.861742857142858,5.7933,6.518928571428573,6.703985714285715,6.038485714285715,5.169200000000001,5.672057142857143,5.498414285714285,7.323914285714285,8.535942857142857,8.491942857142858,9.0968,10.041785714285714,9.332657142857144,10.05844285714286,8.752428571428572,6.682542857142857,6.1526571428571435,5.261428571428572,4.1996142857142855,4.781642857142857,4.21,3.3902,3.437357142857143,4.391100000000001,4.2984857142857145,4.288971428571428,3.5914571428571427,3.377471428571429,3.4116571428571425,4.509114285714285,4.284228571428572,4.631714285714287,4.775714285714286,5.120185714285715,5.482799999999999,6.626142857142857,8.558157142857143,8.059014285714285,8.832328571428572,9.915614285714286,9.626785714285715,9.405514285714286,9.334542857142855,6.571000000000001,6.818385714285715,6.818385714285715,6.673342857142858,6.838557142857143,6.841214285714286,6.474114285714286,6.232271428571429,6.962685714285714,7.169071428571428,6.239485714285714,6.250585714285713,6.138828571428571,5.4491571428571435,5.706585714285714,5.078342857142857,4.225942857142857,4.292185714285714,5.131628571428571,5.259985714285714,5.214685714285715,5.9740142857142855,5.335928571428572,4.898714285714285,4.856128571428571,4.0304714285714285,4.101285714285715,4.281285714285715,3.4553285714285713,3.7359571428571425,4.3903428571428575,4.229628571428571,4.089285714285714,3.873471428571428,4.027271428571428,3.8779
38,7.9908,7.9908,7.13305,8.677766666666667,7.07835,6.407439999999999,5.684533333333333,5.190757142857143,5.194071428571429,5.769585714285715,5.517071428571429,6.830528571428571,6.805542857142858,6.906300000000001,6.93797142857143,6.371428571428573,5.601657142857143,4.548171428571429,3.299657142857143,4.0074,5.189614285714286,5.984499999999999,7.369,7.509442857142858,8.7325,9.486685714285713,8.662714285714285,7.662299999999999,7.662271428571428,6.844299999999999,7.002328571428572,6.547071428571429,6.782414285714286,6.974914285714285,6.927485714285714,7.320971428571428,6.666785714285715,6.997314285714286,6.580671428571429,5.784185714285714,5.756742857142858,6.588100000000002,5.725728571428571,6.4825,5.590728571428571,6.5533,6.336442857142856,6.618428571428572,6.399014285714286,6.102842857142858,5.655928571428572,5.774885714285714,4.471857142857143,5.2498571428571426,5.028414285714285,5.0304714285714285,4.9562857142857135,4.535542857142857,4.358957142857142,4.827285714285714,4.0866,3.8033714285714284,3.675657142857143,4.230757142857143,4.433985714285714,5.0990714285714285,4.641414285714285,5.118842857142857,5.128385714285714,4.577471428571428,4.060328571428571,3.857585714285715,3.142057142857143,3.0484714285714287,2.4846571428571425,2.603971428571429,2.475214285714286,2.4703142857142857,4.0824428571428575,4.257,4.2856,4.348085714285714,5.219414285714286,6.3123,6.305057142857143,4.7149,4.5124571428571425,4.688614285714286,5.565428571428571,5.792985714285714,4.969942857142857,4.996857142857143,4.932042857142858,4.980628571428572,5.335071428571429,5.0197714285714286,3.799257142857143,4.034585714285714,4.400857142857142,5.431985714285714,5.691,5.151885714285714,4.654428571428572,4.660157142857143,7.019871428571428,7.393042857142857,6.3706000000000005,6.047457142857143,6.372371428571428,7.074071428571428,7.078242857142857,4.3572999999999995,4.130757142857142,4.122057142857143,6.263328571428572,6.680857142857143,6.9033428571428574,7.0232,6.829757142857143,7.1013714285714284,7.543928571428571,5.486328571428571,4.709485714285714,4.713500000000001,5.390142857142856,5.3907,4.598542857142858,4.521428571428571,4.489485714285714,4.506228571428571,3.4963142857142864,2.6746142857142856,2.735514285714286,2.8602142857142856,3.0737857142857146,3.1058142857142856,3.9473285714285713,5.7689571428571425,5.8179428571428575,5.773785714285714,5.947971428571428,5.4033,5.377357142857142,5.856800000000001,4.023885714285714,4.499471428571428,4.565985714285714,4.267528571428571,4.911771428571428,4.926114285714285,3.667042857142857,3.685457142857143,3.2143,3.1956428571428575,3.1509285714285715,2.5083428571428574,2.4976714285714285,2.483657142857143,2.467028571428571,2.4591285714285713,2.760142857142857,2.9754571428571426,3.5648142857142857,3.7077285714285715,3.9791142857142856,3.9964857142857144,3.9323142857142854,3.6391999999999998,3.5137571428571435,3.4929285714285716,3.3597285714285716,3.105571428571429,3.8895000000000004,4.0023285714285715,4.7883000000000004,4.745085714285715,4.156214285714285,4.153357142857143,4.194242857142856,4.182814285714286,4.302128571428571,3.5304,3.508085714285714,3.5327142857142855,3.554057142857143,3.5214571428571424,2.7426142857142857,2.5639285714285713,2.5673285714285714,2.5450857142857144,2.5463428571428572,2.5286428571428567,2.5529714285714284,2.619757142857143,2.6590285714285713,2.6403000000000003,2.6879142857142857,2.668914285714286,2.6688,2.6256571428571425,2.554542857142857,2.5152428571428564,2.554414285714286,2.558242857142857,2.5290571428571424,2.529185714285714,2.529314285714286,2.5696000000000003,2.595342857142857,2.527,2.5426571428571427,2.5718,2.5717999999999996,2.540985714285714,2.467457142857143,2.409728571428571,2.4757714285714285,2.9385285714285714,2.976057142857143,2.9869999999999997,2.9857,3.0141571428571425,3.069785714285714,2.994457142857143,2.483942857142857,2.4131,2.4162571428571433,2.4866571428571427,2.5662,2.5046142857142857,2.551885714285714,2.5519000000000003,2.6241714285714286,2.624128571428571,2.624757142857143,2.589042857142857,2.7037714285714283,2.7338857142857145,2.7611571428571433,2.7351428571428573,2.7340571428571425,2.690271428571428,2.6622714285714286,2.5965285714285713,2.587957142857143,2.595342857142857,2.545328571428571,2.564,2.8546857142857145,2.830657142857143,3.1062428571428575,3.5399285714285713,3.8238857142857148,4.249542857142857,4.249542857142857,3.966214285714286,4.009671428571428,3.7894857142857137,3.596771428571429,3.963628571428571,3.6414142857142857,3.687914285714286,4.472085714285715,4.710928571428572,5.431257142857143,5.608042857142857,5.118842857142857,5.523814285714286,5.513857142857142,4.795385714285715,4.594385714285714,3.8508,3.4050857142857147,3.4050857142857147,4.002414285714286,5.002857142857143,5.002942857142857,4.896457142857143,5.0663857142857145,5.157485714285714,5.072171428571429,4.2919285714285715,3.905928571428572,4.393971428571429,4.522971428571429,4.581428571428572,4.4749,5.182714285714285,5.576971428571428,5.058657142857143,4.868757142857143,4.942371428571429,4.835228571428571,5.945057142857142,6.634657142857143,6.1812142857142875,7.089285714285714,7.795257142857143,7.7097999999999995,8.393085714285714,8.130257142857142,6.6000571428571435,6.448185714285714,5.572557142857144,4.501014285714286,5.054628571428571,4.277171428571429,3.401728571428571,3.435314285714285,3.4121857142857146,3.1535428571428574,3.1275714285714287,2.4340857142857146,2.3297285714285714,2.3461,3.2076,3.280071428571428,3.638542857142857,3.7912571428571433,4.057314285714286,4.650714285714286,5.516957142857144,7.326314285714285,7.418942857142858,7.946028571428571,9.19072857142857,8.960571428571429,8.528971428571428,8.877314285714286,6.369000000000001,6.8746285714285715,7.122057142857143,7.0288571428571425,7.180642857142858,7.198014285714287,7.221214285714287,7.049357142857143,7.574385714285714,7.796271428571428,6.648428571428572,6.650428571428571,6.579485714285714,5.3688142857142855,5.583257142857142,4.8007,4.060899999999999,4.116271428571428,4.993857142857143,4.900342857142857,4.878814285714285,5.479685714285714,5.065757142857143,4.575057142857142,4.517114285714285,3.679242857142857,4.0556,4.0602857142857145,3.3371285714285714,3.470628571428571,3.890185714285714,3.742,3.5540285714285713,3.1776714285714287,3.3789857142857143,3.4451571428571426
39,9.2985,9.2985,6.7663,8.879199999999999,7.264825,6.6587000000000005,5.899816666666667,5.391771428571429,5.271942857142858,6.6516714285714285,6.079114285714286,7.713057142857143,7.606414285714285,7.771085714285713,7.796385714285713,7.086085714285714,6.042714285714285,5.241371428571427,3.7596857142857147,3.9686,5.496142857142857,6.1455714285714285,7.483642857142857,7.141571428571429,8.100314285714287,8.739671428571429,8.4453,7.083842857142857,7.520714285714287,6.8274,7.3741142857142865,6.909114285714286,7.132671428571429,7.302214285714287,7.198128571428571,7.202685714285713,6.44792857142857,6.7111285714285716,6.553442857142857,5.783471428571429,5.797785714285714,6.479599999999999,5.625271428571429,6.379928571428572,5.3714,5.839471428571429,5.6488571428571435,5.888014285714286,5.2581428571428575,5.0369,4.561314285714285,4.543671428571429,3.6242285714285707,3.890999999999999,3.459185714285714,4.104242857142857,4.032342857142857,3.746514285714285,3.7421,3.892528571428571,4.077271428571429,3.988242857142857,3.801285714285714,4.4836857142857145,4.665014285714285,5.046457142857142,4.895257142857142,4.605985714285715,4.6252571428571425,3.9219857142857144,3.2675428571428573,3.191657142857143,2.7899000000000003,2.7382428571428576,2.5336142857142856,2.8259,2.8497999999999997,3.0811999999999995,4.256157142857143,4.256142857142857,4.275371428571429,4.275385714285714,5.0802000000000005,5.867685714285714,5.635414285714285,4.796885714285715,4.745557142857144,5.022342857142857,5.824685714285715,5.821885714285714,5.568614285714284,5.604157142857143,5.1248,5.162857142857143,5.684228571428571,5.664642857142858,4.5801,4.8341714285714295,5.347442857142858,6.316828571428571,6.597085714285714,5.7783428571428574,5.713571428571428,5.734442857142858,7.0655857142857155,7.125771428571428,6.1501714285714275,5.813257142857144,5.937671428571429,6.007942857142857,5.999242857142856,3.9866857142857137,4.093942857142857,4.110057142857143,5.250342857142857,5.561685714285715,5.808457142857144,6.201157142857142,6.0244285714285715,5.6631857142857145,6.446257142857142,5.358585714285715,4.900228571428571,5.219742857142857,5.1167428571428575,5.117171428571429,4.772771428571429,4.403971428571429,4.404314285714286,4.393057142857144,3.048028571428571,2.7488428571428574,2.812757142857143,3.350342857142857,3.551285714285714,3.5891857142857146,4.4409,5.919128571428572,5.950499999999999,5.9044285714285705,5.4975000000000005,4.881014285714286,4.851814285714286,4.704085714285715,3.2134571428571426,3.221971428571429,3.2690714285714284,3.174071428571429,3.8444,3.8497857142857135,3.2058142857142857,3.203142857142857,3.1905142857142854,3.1928857142857145,3.1233285714285715,2.4563857142857146,2.452814285714286,2.453457142857143,2.4525857142857146,2.434657142857143,2.524142857142857,2.5922571428571426,3.021557142857143,3.0746285714285717,3.131757142857143,3.1560857142857146,3.088857142857143,2.980671428571429,2.9794000000000005,3.0290142857142857,2.9526000000000003,2.8850428571428575,3.1404571428571435,3.212914285714286,3.5265285714285715,3.5083142857142855,3.029357142857143,3.0622142857142856,3.7027285714285716,3.9983,4.180885714285714,3.9324571428571424,3.927428571428571,3.9224142857142854,3.931828571428571,3.3033142857142854,2.683642857142857,2.445557142857143,2.3487999999999998,2.3036571428571433,2.278,2.232657142857143,2.2345857142857146,2.321028571428571,2.321042857142857,2.3405857142857145,2.3478285714285714,2.373414285714286,2.3611714285714283,2.307471428571428,2.2193857142857145,2.2193857142857145,2.199857142857143,2.175414285714286,2.1130714285714287,2.105771428571429,2.107271428571429,2.1824285714285714,2.1824285714285714,2.1652142857142858,2.2252285714285716,2.262,2.280442857142857,2.2738571428571426,2.1807857142857143,2.1903285714285716,2.2472857142857143,3.013057142857143,3.0778571428571433,3.0991571428571425,3.145314285714286,3.249014285714286,3.2344000000000004,3.2041714285714287,2.405128571428571,2.3237142857142854,2.3526285714285713,2.3443428571428577,2.268042857142857,2.268042857142857,2.253442857142857,2.272585714285714,2.344457142857143,2.351685714285714,2.3947857142857143,2.4814000000000003,2.572257142857143,2.673442857142857,2.673428571428572,2.608128571428572,2.5733,2.526085714285714,2.458585714285714,2.401471428571429,2.3473571428571427,2.361542857142857,2.361942857142857,2.3636714285714286,2.5000571428571425,2.5007857142857146,2.7723714285714287,3.0306428571428574,3.5301142857142858,4.218371428571428,4.2175714285714285,4.0945285714285715,4.128271428571429,3.933871428571429,3.730471428571429,3.589171428571429,2.933214285714286,2.9665571428571424,3.776214285714286,3.7966428571428574,4.103585714285714,4.419528571428572,4.858657142857143,5.321114285714286,5.275042857142857,4.616485714285714,4.648185714285715,4.332828571428571,3.9619857142857144,3.2279428571428572,3.8461,4.657357142857143,5.079171428571428,4.960985714285714,4.979100000000001,5.638114285714286,5.658185714285715,4.870685714285714,5.1054571428571425,4.685900000000001,5.024128571428571,5.0261571428571425,4.360557142857143,4.985585714285714,4.963514285714285,4.223542857142857,4.663085714285715,4.589814285714287,4.628728571428572,6.030900000000001,6.6369,6.511099999999999,7.302028571428571,7.793342857142856,7.6335,8.317514285714285,7.672457142857143,6.31222857142857,6.2473142857142845,5.390171428571428,4.311914285714286,4.6543,3.910471428571429,3.1646571428571426,3.188157142857143,3.1136285714285714,2.841028571428572,2.839142857142857,2.4019285714285714,2.3390999999999997,2.4928999999999997,3.4591000000000003,3.603971428571429,3.9899714285714287,4.361614285714286,4.400328571428571,4.5793857142857135,5.224200000000001,6.801128571428571,6.941657142857143,7.591328571428571,8.299728571428572,8.2998,8.278614285714287,8.49687142857143,6.125000000000001,6.472142857142857,6.503514285714286,6.658142857142857,6.824914285714287,6.834571428571429,6.620914285714286,6.443399999999999,7.070742857142856,7.299785714285714,6.212557142857143,6.174671428571429,6.1098,5.3448142857142855,5.5676,4.743557142857143,3.9984571428571427,4.0125714285714285,4.676814285714285,4.562314285714286,4.499428571428571,5.101642857142857,4.6398,4.093057142857143,3.907428571428571,3.2817142857142856,3.6424857142857143,3.6424857142857143,2.8252857142857146,3.0339428571428573,3.661885714285714,3.661871428571428,3.470357142857143,3.1095714285714284,3.318228571428571,3.4568857142857143
40,8.0284,8.0284,6.526,7.9737,6.6227,6.0893,5.4315,5.010342857142858,5.236757142857143,6.6014285714285705,6.327242857142857,8.148771428571429,8.119,8.348285714285714,8.3642,7.602457142857143,6.591814285714286,5.749128571428572,4.0958000000000006,4.463314285714286,5.940599999999999,6.772985714285715,9.203657142857143,8.743585714285715,9.745514285714284,10.307057142857143,9.840114285714284,8.55917142857143,8.499085714285714,6.599871428571428,7.135142857142857,6.498557142857144,6.5476,6.738700000000001,6.553485714285714,6.914014285714286,6.361514285714286,6.360514285714286,6.280714285714285,5.7396714285714285,6.258557142857143,6.857957142857144,5.959271428571429,6.51167142857143,5.793442857142857,6.556285714285714,6.334471428571428,6.03632857142857,5.495214285714285,5.2889285714285705,5.291857142857142,5.301771428571429,4.225257142857143,4.242185714285714,4.064185714285714,4.012228571428572,3.929485714285715,3.191842857142857,3.1624857142857143,3.5725428571428566,4.886814285714285,4.611085714285714,5.388799999999999,5.780142857142857,5.968314285714286,6.509585714285714,6.2881285714285715,4.997228571428572,4.953357142857143,4.2192,3.861771428571429,4.411657142857143,3.834171428571428,3.5750571428571427,3.5150857142857146,3.7361857142857144,3.5658142857142856,3.9679571428571427,4.204585714285714,4.196,4.3048,4.304814285714286,5.16557142857143,5.885857142857143,5.505985714285715,5.139685714285713,5.079171428571428,5.295299999999999,6.0127999999999995,5.727028571428571,5.535842857142856,5.513599999999999,4.8465,4.893657142857143,5.707714285714286,5.547928571428571,4.749614285714286,4.941285714285714,5.423228571428571,6.599000000000001,6.779114285714286,5.642657142857142,6.94602857142857,7.327771428571428,9.41692857142857,9.199914285714286,8.0241,7.782400000000001,7.8144285714285715,6.736728571428571,6.36757142857143,3.7746142857142857,4.3067142857142855,4.532442857142857,5.616528571428572,5.631685714285715,5.850700000000001,6.1272,5.772714285714286,5.802,6.418614285714286,5.350357142857143,5.2677,5.200642857142857,5.290557142857142,5.290399999999999,4.418642857142857,4.373399999999999,4.373399999999999,4.357499999999999,3.6170714285714283,3.212585714285715,3.246771428571429,4.696185714285714,4.179485714285714,4.219842857142857,4.737057142857142,5.9781571428571425,5.9998,5.981542857142857,4.6793571428571425,4.411314285714285,4.410728571428572,5.163785714285715,3.732385714285715,3.8595714285714284,3.898028571428572,3.808328571428572,4.038628571428572,4.051842857142857,2.850514285714286,2.8286714285714285,2.716371428571428,2.7192000000000003,2.6523714285714286,2.363585714285714,2.3001142857142858,2.246157142857143,2.2431857142857146,2.2422714285714287,2.2610428571428574,2.3305857142857143,2.5938000000000003,2.653914285714286,2.8054857142857146,2.8161857142857145,2.752,2.691042857142857,2.669642857142857,2.4748571428571426,2.4091142857142853,2.257542857142857,2.7319,2.7591,3.1698285714285714,3.1785428571428573,3.1499428571428574,3.2049285714285713,3.6088,3.686628571428571,3.7301428571428565,3.3878,3.3530571428571427,3.3618714285714284,3.3787428571428566,3.0339142857142853,2.4160142857142857,2.339528571428571,2.255857142857143,2.226842857142857,2.215185714285714,2.1576714285714287,2.133557142857143,2.1492428571428577,2.154628571428572,2.169057142857143,2.1834714285714285,2.162042857142857,2.162042857142857,2.1262857142857143,2.1159285714285714,2.1249857142857143,2.125,2.1107,2.0799714285714286,2.0800428571428573,2.071,2.130342857142857,2.1159285714285714,2.1015714285714284,2.1846714285714284,2.2368999999999994,2.2367999999999997,2.2310285714285714,2.1658999999999997,2.1654714285714283,2.219185714285714,2.4538,2.4863571428571434,2.525742857142857,2.604214285714286,2.7070000000000003,2.7190857142857143,2.6769857142857143,2.384528571428571,2.311328571428571,2.2692142857142854,2.202785714285714,2.1866857142857143,2.1747,2.1747142857142854,2.1610571428571426,2.251785714285714,2.330285714285714,2.330342857142857,2.3221428571428575,2.424842857142857,2.5212000000000003,2.534871428571428,2.4441428571428574,2.4320142857142857,2.4845,2.460185714285714,2.411585714285714,2.360042857142857,2.389828571428571,2.4692285714285718,2.483285714285714,2.5605,2.5512000000000006,2.609314285714286,2.664414285714286,2.9219,3.0363571428571428,2.9703714285714287,2.9101285714285714,2.891685714285714,2.8913857142857142,2.882557142857143,2.627342857142857,2.4770142857142856,2.5442428571428573,3.2360571428571427,3.301085714285714,4.083357142857143,4.321485714285714,4.976814285714285,5.547114285714285,5.4657857142857145,4.931414285714285,4.966500000000001,4.186857142857143,3.960185714285714,3.6480857142857137,4.028528571428572,4.749871428571429,4.629742857142857,4.514442857142857,4.695257142857143,5.03757142857143,4.768185714285714,3.9596142857142858,4.232171428571428,4.353942857142857,5.151585714285714,5.713957142857143,5.317814285714285,5.919885714285714,5.919885714285714,5.771385714285715,5.868614285714286,5.8511999999999995,5.331257142857142,6.559414285714285,6.969171428571428,6.9083428571428565,7.194057142857143,7.999699999999999,7.249357142857143,7.769285714285713,6.867057142857143,5.734771428571428,5.729585714285714,4.937600000000001,3.8469857142857147,3.9595857142857147,3.2258714285714283,2.8711999999999995,2.891985714285714,2.8400857142857143,2.5070142857142854,2.5339428571428573,2.4187714285714286,2.3332,2.668942857142857,3.722757142857143,3.8912714285714287,4.552357142857143,4.720871428571429,4.746942857142857,5.326228571428572,5.817671428571428,7.806514285714286,8.426128571428572,8.614557142857143,9.482157142857144,9.497371428571428,9.100771428571429,9.335657142857142,6.482185714285714,6.5628714285714285,6.839842857142857,7.065785714285716,7.241485714285716,7.264985714285714,7.065900000000001,6.906014285714286,6.795742857142857,7.0335857142857146,5.908828571428572,5.907571428571429,5.738571428571428,5.097814285714286,5.290785714285714,4.793057142857143,4.094957142857143,4.158857142857142,5.384628571428571,5.459614285714286,5.460971428571428,6.335157142857144,6.104457142857143,5.456271428571428,5.250914285714286,4.025142857142858,4.607257142857144,4.427328571428572,3.4428142857142854,3.6122,4.062271428571429,4.062285714285715,3.8837000000000006,3.2266000000000004,3.409885714285714,3.507042857142857
41,11.0866,11.0866,8.0518,8.701133333333333,7.20395,6.634780000000001,5.884883333333334,5.3970142857142855,4.910228571428571,6.617071428571429,6.3315,7.721485714285714,7.5707571428571425,7.793999999999999,7.842071428571427,7.352557142857142,6.245214285714285,5.630542857142856,4.445685714285714,4.5906714285714285,6.072657142857143,7.0085428571428565,8.565057142857142,8.395557142857143,10.30862857142857,10.552200000000001,10.462428571428571,9.474157142857143,9.5096,8.437828571428572,7.9169285714285715,6.6185857142857145,7.3393,7.417257142857143,6.945657142857143,7.117299999999999,6.499171428571429,7.0195,6.613685714285714,5.779342857142857,6.945799999999999,7.764585714285714,6.824085714285714,7.496114285714285,6.783242857142857,7.3825714285714295,7.047085714285714,5.885628571428572,5.6592714285714285,5.460885714285714,5.596185714285715,5.576357142857143,4.644785714285715,4.660400000000001,5.482228571428572,5.376857142857142,5.311285714285715,4.3692714285714285,4.634714285714287,5.375871428571429,6.140085714285715,5.115885714285715,5.779800000000001,6.586671428571429,6.867442857142857,8.3064,8.306557142857143,7.511642857142858,7.4584,6.128985714285714,5.3461,5.8686428571428575,4.100071428571429,3.290914285714286,3.2834857142857143,3.5739000000000005,3.8347,4.179428571428572,4.1826,4.190957142857143,4.532814285714286,4.524500000000001,5.2476714285714285,5.760814285714285,5.407457142857143,4.951728571428572,4.895171428571429,4.823514285714286,5.746185714285714,5.520885714285714,5.520885714285714,5.512099999999999,5.1608285714285715,5.205742857142858,6.1313571428571425,5.888042857142858,5.084257142857143,5.257585714285715,6.023385714285714,7.207714285714284,7.310642857142858,6.116642857142857,7.291914285714285,7.608957142857143,9.608885714285716,8.946057142857143,7.7408,7.579885714285714,7.599500000000001,6.440328571428572,6.102385714285715,3.2615857142857143,3.6214000000000004,4.116357142857143,5.256928571428572,5.222700000000001,5.273414285714286,5.683728571428572,5.493414285714286,5.695142857142857,6.200385714285715,5.093814285714285,5.0766285714285715,5.367114285714286,5.362128571428571,5.362799999999999,4.659457142857143,4.1327,4.117842857142857,4.099457142857142,3.151485714285714,2.807271428571429,2.8467,3.682414285714285,3.2668142857142857,3.3134142857142854,3.5245714285714285,4.5081428571428575,4.436185714285714,4.415171428571428,3.772271428571428,3.770057142857143,3.7679857142857145,5.072157142857143,4.017328571428572,4.089300000000001,4.135471428571429,3.988814285714285,4.1011,4.102714285714285,2.6519142857142852,2.6315571428571425,2.6111571428571425,2.5963142857142856,2.5310285714285716,2.333142857142857,2.267885714285714,2.2165142857142857,2.188785714285714,2.1680571428571427,2.188514285714285,2.2822285714285715,2.4416857142857142,2.4717857142857147,2.602242857142857,2.5785714285714287,2.543757142857143,2.5016571428571432,2.421828571428571,2.355971428571429,2.325871428571429,2.181557142857143,2.261242857142857,2.296328571428571,2.677942857142857,2.724471428571429,2.6813285714285713,2.6952142857142856,3.0129714285714284,3.3585571428571432,3.3811571428571425,3.052785714285714,3.0079285714285713,3.0133,3.032514285714286,2.7706142857142857,2.3374142857142854,2.2648,2.182957142857143,2.1676,2.1274,2.109857142857143,2.0697,2.0807142857142855,2.086457142857143,2.1018142857142856,2.1018,2.1017571428571427,2.1017571428571427,2.101585714285714,2.1001714285714286,2.1098142857142856,2.1002,2.100214285714286,2.0575857142857146,2.059057142857143,2.059071428571429,2.1672714285714285,2.1576285714285715,2.1519714285714286,2.176857142857143,2.2598,2.2583142857142855,2.2465,2.122242857142857,2.1267857142857145,2.149557142857143,2.521785714285714,2.5525285714285713,2.591528571428572,2.627185714285715,2.6507,2.6507285714285715,2.638271428571428,2.2804285714285712,2.2043142857142857,2.160285714285714,2.1314,2.1188857142857147,2.1188571428571428,2.1187714285714287,2.0909142857142857,2.103657142857143,2.1942,2.1942,2.1942142857142857,2.287057142857143,2.3646,2.3635142857142855,2.3507857142857143,2.2986857142857144,2.2986714285714283,2.3371142857142857,2.320857142857143,2.3247,2.3611571428571425,2.3877142857142855,2.342057142857143,2.8651142857142857,2.8530857142857142,2.876985714285714,2.8960999999999997,3.1454857142857144,3.2265285714285716,3.2339857142857142,2.710171428571428,2.689442857142857,2.6644857142857146,2.9583714285714287,2.7621714285714285,2.6910857142857147,2.7274,3.049285714285714,3.0541428571428573,3.5966285714285715,3.523357142857143,3.6925571428571433,3.9771571428571426,3.939828571428571,3.797414285714286,3.8903571428571424,3.3758142857142857,3.155785714285714,3.743657142857143,4.303414285714285,5.187828571428571,5.123128571428572,5.0222,5.342142857142858,5.904700000000001,5.188614285714286,4.642114285714285,4.6990285714285704,4.714271428571429,5.559100000000001,5.983057142857143,5.3547,5.988828571428571,5.778928571428571,5.076999999999999,7.101942857142857,7.1019571428571435,6.787657142857142,8.155357142857143,8.595671428571427,8.609457142857142,9.503942857142857,8.482871428571428,7.653299999999999,7.966057142857141,7.410457142857142,6.31387142857143,6.304857142857142,5.564314285714286,5.080828571428571,5.273085714285715,4.486671428571428,3.6622,3.613114285714286,3.5397571428571433,3.151542857142857,2.5578142857142856,2.4056428571428574,2.3674,3.2464000000000004,4.2584285714285715,4.486514285714286,5.574142857142857,5.740899999999999,5.72612857142857,6.625342857142856,6.580957142857143,8.13537142857143,8.922828571428571,8.806857142857144,9.492242857142857,9.671771428571429,8.974042857142857,9.096528571428571,6.672485714285713,6.217042857142856,6.374499999999999,6.411885714285716,6.4113999999999995,6.392971428571428,6.562814285714286,6.41487142857143,6.881928571428571,7.654042857142857,6.974685714285713,7.0250571428571424,7.058385714285714,6.696057142857143,6.9869,6.149957142857143,4.858199999999999,4.999871428571429,5.7713142857142845,5.813557142857142,5.382571428571429,6.247685714285715,6.055414285714286,5.679157142857143,5.340385714285714,4.367242857142857,5.046785714285714,4.927814285714286,3.9641000000000006,4.1596142857142855,4.331928571428572,4.3319857142857146,4.4987,3.682857142857143,3.7201285714285715,3.7215428571428575
42,9.5288,9.5288,7.2739,7.5250666666666675,6.629550000000001,6.177020000000001,5.524716666666667,5.11417142857143,4.960185714285714,6.703428571428572,6.500142857142857,7.309414285714285,7.283242857142858,7.490371428571429,7.642085714285714,7.043557142857142,6.761385714285715,6.436,5.812485714285714,5.823542857142857,6.965128571428571,7.807385714285714,8.824442857142857,8.077685714285714,9.788857142857143,10.158657142857143,10.029285714285717,9.82977142857143,9.80877142857143,9.329757142857144,8.516542857142857,6.669542857142858,6.696557142857143,6.688885714285715,5.762185714285715,5.749957142857142,5.038514285714286,6.058999999999999,6.297914285714286,5.755985714285714,7.549657142857143,8.149657142857142,7.412228571428571,8.1227,6.910757142857142,7.967199999999999,7.708842857142857,6.047385714285714,6.3890714285714285,6.194371428571428,6.6425,6.623171428571429,5.244642857142857,5.2880714285714285,6.115728571428571,5.345771428571429,5.373785714285714,4.114242857142857,4.576657142857143,5.328028571428571,5.715685714285714,4.5933142857142855,5.810471428571428,6.736428571428571,7.039728571428571,7.315928571428572,7.533442857142857,7.113014285714286,7.148671428571428,5.578514285714285,4.581771428571429,5.090271428571429,4.298885714285715,3.2726,3.3166571428571427,3.765014285714286,4.039285714285714,4.628771428571428,4.705928571428571,4.693128571428572,5.117971428571429,5.106114285714285,5.744857142857143,6.252257142857142,5.639971428571429,4.941742857142857,4.902557142857143,4.818757142857143,5.576514285714285,4.8225428571428575,4.8225428571428575,4.827285714285714,4.642457142857142,4.681385714285716,5.832057142857143,5.825685714285716,5.484171428571429,5.484157142857143,6.283871428571429,7.219842857142858,7.238657142857144,5.75477142857143,5.454014285714286,5.800757142857144,6.691371428571428,5.966714285714285,5.026928571428572,4.954700000000001,4.965471428571428,4.806957142857144,4.426242857142857,2.7781857142857143,3.2159857142857144,3.416671428571429,5.359514285714286,5.301700000000001,5.238442857142857,5.818528571428572,5.717871428571429,6.001357142857143,6.9722,5.0445,5.0454857142857135,6.004328571428571,5.750500000000001,5.750571428571429,4.910942857142857,4.025385714285714,4.025485714285714,4.026628571428572,2.8062,2.5507571428571434,2.5658142857142856,3.558671428571429,3.3000285714285718,3.362757142857143,3.838142857142858,4.502485714285714,4.470528571428572,4.4705,3.6350000000000002,3.619957142857143,3.5953000000000004,3.4503999999999997,2.7755,2.8039571428571426,2.804,2.6862,2.7879714285714288,2.7753000000000005,2.4434285714285715,2.461457142857143,2.4697428571428572,2.4972,2.4427714285714286,2.280542857142857,2.240185714285714,2.241014285714286,2.181885714285714,2.107842857142857,2.146485714285714,2.2230142857142856,2.3234,2.3789857142857143,2.4636,2.4636142857142858,2.4651,2.4177714285714282,2.3569428571428572,2.3650999999999995,2.3094571428571427,2.2249285714285714,2.310785714285714,2.3093428571428576,2.4466428571428573,2.5074571428571426,2.456057142857143,2.4718142857142857,2.841957142857143,2.9027428571428575,2.960657142857143,2.8900285714285716,2.8327428571428572,2.8390857142857135,2.9060142857142854,2.5577285714285716,2.3956714285714287,2.3222714285714288,2.222257142857143,2.2033,2.157542857142857,2.0942000000000003,2.118414285714286,2.2093714285714285,2.2159142857142853,2.2332714285714284,2.2332428571428564,2.233228571428571,2.2316142857142856,2.1874285714285713,2.1153999999999997,2.1871714285714288,2.176271428571429,2.176414285714286,2.1590857142857147,2.160914285714286,2.1609142857142856,2.201628571428571,2.136314285714286,2.1472857142857142,2.1844714285714284,2.288185714285714,2.2863571428571428,2.2678857142857143,2.207185714285714,2.2043142857142857,2.2356571428571423,2.7447714285714286,2.727314285714286,2.7587571428571427,2.7824714285714287,2.8005,2.800442857142857,2.7617714285714285,2.2753,2.211642857142857,2.172842857142857,2.1672857142857143,2.1603285714285714,2.1575428571428574,2.157442857142857,2.108685714285714,2.1090142857142857,2.153057142857143,2.1460142857142857,2.1471285714285715,2.2266857142857144,2.3220285714285716,2.3209000000000004,2.3079285714285716,2.3100857142857145,2.3100714285714288,2.347757142857143,2.3487,2.329014285714286,2.355657142857143,2.367028571428572,2.313514285714285,2.492771428571429,2.480571428571429,2.511342857142857,2.6123714285714286,3.191057142857143,3.2726571428571427,3.2912857142857144,3.1112428571428565,3.0847857142857147,3.0685857142857142,3.041471428571428,2.5059857142857145,2.448685714285715,2.473,3.3204285714285713,3.3316857142857144,4.1746428571428575,4.204299999999999,4.220657142857143,4.799642857142857,4.763228571428571,4.095842857142857,4.188171428571429,3.356642857142858,3.2789571428571427,4.039385714285714,4.271657142857143,5.1389571428571434,5.039957142857142,4.936914285714286,5.021985714285715,5.5765,4.852200000000001,4.472728571428571,4.472714285714285,4.7520999999999995,5.079928571428572,5.738057142857143,5.0961,5.629842857142857,5.266185714285713,4.627185714285715,6.421585714285714,6.94,6.959328571428571,8.077871428571429,8.554442857142858,8.57077142857143,9.377057142857144,8.355657142857144,7.601842857142858,7.7693571428571415,7.483628571428571,6.473314285714286,6.475514285714286,5.832442857142857,4.821557142857143,4.841728571428571,3.9212428571428575,3.1175428571428574,3.051271428571429,2.9882714285714287,2.602657142857143,2.5402285714285715,2.4888714285714286,2.434885714285715,3.398557142857143,4.237871428571428,4.640042857142857,5.768457142857143,5.9351,5.895942857142858,6.698442857142857,6.5884285714285715,7.8464857142857145,8.550214285714286,8.554514285714285,9.341457142857141,9.522671428571428,8.8636,9.016485714285714,6.925085714285714,5.985828571428571,6.160457142857142,6.255085714285714,6.276000000000001,6.276000000000001,6.576185714285715,6.568271428571428,8.059428571428572,8.415528571428572,7.594357142857143,7.757514285714286,7.763657142857143,6.938128571428572,7.131714285714287,5.4870285714285725,4.176442857142857,4.165242857142856,4.957314285714285,5.021328571428571,4.769785714285713,6.365714285714286,6.3473999999999995,6.237128571428572,5.989714285714286,5.0022714285714285,5.660657142857143,5.441885714285715,3.6260285714285714,3.8212714285714284,3.8630714285714283,3.9046857142857143,3.9871714285714286,3.294157142857143,3.4109285714285713,3.6560428571428565
43,21.4751,21.4751,12.82675,9.999133333333333,8.4179,7.469119999999999,6.5796166666666664,6.000828571428571,4.079557142857142,5.935771428571428,6.064628571428571,7.071971428571429,7.9189,8.088585714285713,8.126985714285714,7.454671428571428,5.989328571428571,5.714142857142858,4.813957142857143,4.047671428571428,5.182842857142857,6.1551,8.685842857142857,9.129257142857142,11.115471428571428,11.571628571428572,11.313214285714285,11.64307142857143,11.57012857142857,9.734942857142856,9.147385714285715,7.278200000000003,7.332714285714288,7.392928571428572,5.877185714285715,5.723871428571428,5.043457142857143,5.446557142857143,5.454414285714286,4.910857142857142,6.7233285714285715,7.442442857142857,6.865657142857143,7.518957142857142,6.602899999999999,7.8614428571428565,7.5929714285714285,5.9764285714285705,5.541114285714286,5.386814285714286,6.4493,6.5131571428571435,5.050028571428571,5.113814285714285,5.9225,5.922471428571429,5.9025285714285705,4.010257142857143,4.829028571428572,5.563128571428571,5.672128571428571,4.562771428571429,5.001657142857143,6.102685714285713,7.140999999999999,7.0436571428571435,7.114114285714286,6.957185714285715,7.0077,6.2210857142857146,5.686685714285714,5.416471428571428,4.644785714285715,3.7798714285714285,3.7959857142857136,4.3011857142857135,4.413114285714285,4.145042857142857,4.258957142857143,4.250442857142857,4.6489142857142856,4.852942857142857,5.426214285714286,6.372428571428571,6.015099999999999,5.31752857142857,5.282357142857143,5.692414285714285,6.271557142857143,5.409599999999999,5.137685714285714,5.1521,5.004657142857143,5.054228571428571,5.913928571428571,5.8103,5.581314285714286,5.582299999999999,6.378942857142856,7.175800000000001,7.175757142857143,5.543142857142856,4.984285714285714,5.377714285714285,6.133157142857143,5.349871428571428,4.527928571428571,4.483257142857143,4.675942857142857,5.0712142857142855,4.642685714285714,3.280014285714286,4.0633,4.7324,5.7997,5.542728571428571,5.3223,5.4871428571428575,5.236057142857143,5.232057142857143,5.740542857142858,4.671928571428571,4.686,5.1957571428571425,5.246042857142856,5.245871428571429,4.407185714285714,3.6988999999999996,3.733157142857143,3.7192714285714286,2.9107714285714286,2.7652285714285716,2.781057142857143,3.8290714285714285,3.822228571428571,3.8535428571428567,4.0521142857142864,4.919314285714286,4.911671428571429,4.911642857142858,3.9207285714285716,3.479128571428571,3.4531428571428564,3.6633285714285715,2.7408142857142854,2.7478714285714285,2.7479,2.7365,2.740585714285714,2.7406000000000006,2.3302857142857145,2.376,2.376428571428572,2.4011142857142858,2.3394857142857144,2.2778714285714288,2.2223571428571427,2.2215,2.174942857142857,2.103271428571429,2.1478571428571427,2.225228571428571,2.3261714285714286,2.379414285714286,3.2011714285714286,3.2011714285714286,3.218771428571429,3.1661428571428574,3.103828571428571,3.1008857142857145,3.047657142857143,2.2259285714285713,2.3095428571428576,2.3094714285714284,2.4497714285714283,2.508942857142857,2.474457142857143,2.4894857142857143,3.0837285714285714,3.0897714285714284,3.1277142857142857,3.0202999999999998,2.962942857142857,2.9352000000000005,2.989842857142857,2.416328571428571,2.3119,2.2478000000000002,2.182557142857143,2.1659714285714284,2.147071428571429,2.113171428571429,2.113114285714286,2.2019571428571427,2.2019714285714285,2.202,2.201985714285714,2.202,2.183057142857143,2.164157142857143,2.1320714285714284,2.2005142857142856,2.206757142857143,2.206871428571428,2.190314285714286,2.232485714285714,2.232485714285714,2.2325142857142857,2.1641285714285714,2.1745714285714284,2.234742857142857,2.3412714285714284,2.3006571428571427,2.2946714285714287,2.241257142857143,2.246857142857143,2.271,2.792614285714286,2.772671428571429,2.8158000000000003,2.8288285714285712,2.8491285714285715,2.847928571428571,2.8177285714285714,2.291842857142857,2.2669428571428574,2.2163142857142857,2.2164428571428574,2.203357142857143,2.2035285714285715,2.1921857142857144,2.1599,2.1160428571428573,2.1295142857142855,2.1163714285714286,2.123542857142857,2.2139857142857142,2.3219142857142856,2.3088142857142855,2.317585714285715,2.317142857142857,2.3571285714285715,2.3900285714285716,2.395157142857143,2.3766,2.3893285714285715,2.386414285714286,2.3731999999999998,2.4899857142857136,2.462671428571429,2.4716142857142858,2.7187999999999994,3.2719428571428573,3.352685714285714,3.3658857142857137,3.2089571428571424,3.1971285714285713,3.211185714285715,3.179428571428572,2.681014285714286,2.6169000000000002,2.6433714285714283,3.4899428571428572,3.5020999999999995,4.051785714285714,3.799685714285714,3.8340999999999994,4.319171428571428,4.279514285714285,4.008871428571429,4.524114285714286,3.963142857142858,4.027057142857143,4.588071428571429,4.9197,5.802671428571429,5.266842857142857,4.738471428571429,4.774242857142858,5.754242857142857,5.211985714285714,5.152671428571429,5.147728571428571,5.3136857142857155,5.929542857142858,6.632742857142858,5.560757142857143,6.286557142857143,5.614300000000001,4.966114285714286,6.913814285714286,6.9693,7.000500000000001,8.119371428571428,8.405085714285715,8.4589,9.234585714285714,8.213128571428571,8.342628571428572,8.470414285714286,8.34367142857143,7.330114285714286,7.3485571428571435,6.945571428571428,6.263271428571429,5.510757142857144,4.622614285714286,3.6654857142857145,3.743542857142857,3.6454428571428568,3.0469857142857144,2.6527571428571433,2.660085714285714,2.5984000000000003,3.5885571428571432,4.239128571428572,4.507214285714285,5.350485714285715,5.509385714285714,5.4745,6.266128571428571,6.446857142857143,7.2776571428571435,8.9799,8.89042857142857,9.621428571428572,9.767128571428573,9.142271428571428,8.970028571428571,7.334857142857143,5.865457142857143,6.481214285714286,6.3829142857142855,6.357185714285714,6.332942857142856,6.220999999999999,6.383114285714286,7.58292857142857,7.410400000000001,6.999814285714287,7.179857142857144,7.089328571428573,6.7472,6.786557142857143,5.062900000000001,4.516742857142857,4.324428571428571,5.164928571428571,5.300314285714285,4.977785714285714,6.790942857142857,6.749957142857142,6.325057142857143,6.104642857142857,5.187714285714286,5.741728571428572,5.496485714285714,3.464085714285715,3.6832857142857143,3.7257285714285717,3.766228571428571,3.792242857142857,3.221457142857143,3.2998,3.504642857142857
44,13.3697,13.3697,8.2564,6.927966666666666,6.1412249999999995,5.54158,4.975666666666666,4.615928571428571,3.6843714285714286,5.918842857142857,5.9230857142857145,6.645328571428572,7.624857142857144,7.825514285714286,7.866985714285716,7.306971428571428,5.331671428571427,5.135642857142857,5.0039,4.170599999999999,5.396828571428571,6.1470714285714285,8.497285714285713,9.310828571428571,11.505828571428571,11.4598,11.215614285714285,10.990528571428571,10.99382857142857,9.526142857142856,8.608842857142857,6.41387142857143,6.109342857142858,6.230514285714286,5.1608285714285715,4.903671428571428,4.202985714285714,5.0271,5.108714285714286,4.933957142857143,6.800285714285715,7.5044571428571425,7.217842857142857,7.523071428571429,6.430057142857144,7.953457142857142,7.731557142857143,5.998314285714286,5.575357142857143,5.362414285714286,6.716728571428571,6.770614285714287,5.155071428571429,5.170614285714286,5.964414285714286,5.964371428571428,5.910628571428572,3.9668285714285716,4.7519285714285715,5.486957142857142,5.522314285714286,4.423814285714285,5.179314285714286,6.647942857142858,7.714142857142856,7.772114285714286,7.799057142857143,7.698928571428572,7.732542857142856,6.591385714285715,5.149785714285715,4.843242857142857,3.9365999999999994,3.0903285714285715,3.1401714285714286,3.277685714285714,3.345285714285714,3.9295,3.9990285714285716,3.9990571428571426,4.374014285714286,5.1329142857142855,5.806385714285715,6.549714285714287,5.926357142857143,5.183057142857144,5.154514285714286,5.382585714285715,5.4109,4.606257142857143,4.849085714285715,4.872942857142858,4.813899999999999,4.860414285714286,6.1314142857142855,6.000342857142857,5.997142857142857,5.7191857142857145,6.518185714285714,7.321728571428571,7.290628571428572,5.499642857142858,4.920471428571427,5.4228000000000005,7.625871428571429,6.8343,6.0083,6.005771428571429,6.284985714285716,6.525214285714286,5.988785714285713,3.8220428571428573,4.311871428571428,5.137871428571428,6.259728571428572,5.8771571428571425,5.746699999999999,5.847200000000001,4.989042857142856,5.287114285714286,5.992214285714285,4.862557142857143,4.861714285714286,4.937485714285715,5.049328571428572,5.049214285714286,4.2089428571428575,3.2869999999999995,3.3389999999999995,3.329999999999999,3.114685714285714,3.351257142857143,3.3656285714285716,3.546257142857143,3.4205714285714284,3.4674142857142862,4.269042857142857,4.744328571428572,4.352914285714286,4.352885714285715,4.224000000000001,3.7680285714285717,3.706842857142857,2.977671428571429,2.3735571428571425,2.4478142857142857,2.4335,2.427185714285714,2.4271428571428575,2.4272,2.363742857142857,2.4091857142857145,2.3658,2.4301142857142857,2.3710999999999998,2.3120857142857147,2.260814285714286,2.265957142857143,2.2256571428571426,2.122871428571428,2.2017571428571427,2.2882142857142855,2.428442857142857,2.4947142857142857,2.6872857142857143,2.709171428571429,2.7497857142857143,2.647442857142857,2.5797,2.526457142857143,2.478885714285714,2.298114285714285,2.374557142857143,2.352814285714286,2.5243285714285717,2.592057142857143,2.5782,2.579657142857143,3.4030857142857145,3.5013,3.608042857142857,3.4712285714285716,3.400414285714286,3.3818000000000006,3.4180857142857137,2.5898428571428567,2.3916571428571425,2.271557142857143,2.2123285714285714,2.196285714285714,2.1573857142857142,2.1553285714285715,2.1971714285714286,2.2856285714285716,2.285671428571429,2.2695857142857143,2.2695142857142856,2.2695285714285713,2.230714285714286,2.178757142857143,2.1448,2.2108857142857143,2.216942857142857,2.217,2.201042857142857,2.2183,2.2743571428571427,2.2356,2.1795428571428572,2.1896714285714287,2.2240142857142855,2.3468428571428572,2.3856428571428574,2.3232285714285714,2.2929999999999997,2.2877,2.3182714285714283,2.843657142857143,2.8057857142857148,2.817814285714286,2.829857142857143,2.848642857142857,2.8476571428571424,2.810742857142857,2.327128571428571,2.315857142857143,2.2414857142857145,2.241828571428571,2.2297285714285713,2.2297857142857143,2.219157142857143,2.164814285714286,2.1018,2.1295714285714284,2.1172,2.1180857142857143,2.2101285714285717,2.3143142857142855,2.3022142857142858,2.301157142857143,2.279985714285714,2.2799857142857145,2.316114285714286,2.3176142857142854,2.3122000000000003,2.310928571428571,2.342428571428571,2.3286142857142855,2.645814285714286,2.632071428571429,2.709942857142857,2.938914285714286,3.325957142857143,3.3805571428571426,3.397271428571429,3.0786714285714285,3.0549285714285714,3.020442857142857,3.139528571428571,2.8268999999999997,2.7722714285714285,2.8350428571428568,3.6108857142857143,3.674557142857143,4.678857142857142,4.265928571428572,4.276542857142857,4.7113,4.637585714285714,4.0346714285714285,4.288642857142858,3.2475857142857136,3.3238857142857134,4.305314285714286,4.686371428571428,5.5531,5.3942,5.077185714285713,5.232385714285714,6.551242857142857,5.5876285714285725,5.459171428571429,5.4707,5.577185714285714,6.271471428571429,6.892128571428572,5.486342857142858,6.041642857142857,5.439357142857142,5.056171428571427,6.070057142857143,5.705128571428572,5.902842857142857,6.819657142857143,7.200957142857143,7.2035285714285715,9.296985714285714,9.296985714285714,9.086557142857144,8.971171428571429,8.725514285714286,7.803885714285713,7.867399999999999,5.737914285714285,5.247085714285714,5.202457142857142,4.360757142857143,3.720928571428572,3.6484857142857146,3.515171428571428,3.0606428571428568,2.4678,2.4426428571428573,2.3751714285714285,3.3523428571428573,3.837757142857143,4.004714285714285,4.767728571428571,4.934671428571428,4.903471428571428,5.881942857142858,6.071114285714286,6.9087000000000005,8.525314285714286,8.488057142857143,9.097414285714287,9.276942857142858,8.429471428571429,7.844757142857142,6.495800000000001,4.879185714285714,6.205114285714286,6.0585571428571425,5.9862714285714285,5.999414285714286,5.8142000000000005,5.8478714285714295,7.598457142857143,6.780742857142856,6.544928571428571,6.741485714285714,6.642785714285714,6.845685714285714,7.026499999999999,5.111457142857143,4.229228571428571,4.0186,5.470471428571429,5.6216857142857135,5.2545142857142855,6.855728571428571,6.830514285714285,6.576514285714286,6.3692714285714285,4.899571428571428,5.515771428571428,5.2661428571428575,3.4840571428571434,3.7063857142857146,3.991271428571428,4.032271428571429,3.9608,3.3425142857142864,3.487328571428572,3.680171428571428
45,10.2323,10.2323,7.205500000000001,6.189866666666667,5.367,4.91338,4.472083333333333,4.174114285714285,3.6511428571428572,5.752114285714286,6.473257142857143,7.204671428571428,8.127571428571429,8.214042857142859,8.25677142857143,7.802728571428572,5.784242857142857,4.804200000000001,4.656557142857143,3.7757285714285715,4.796014285714286,5.117585714285714,6.8517,7.602657142857142,9.70322857142857,9.370842857142858,9.224285714285715,9.3452,9.591099999999999,8.404942857142858,7.556685714285715,5.537957142857143,5.564157142857143,5.569428571428571,4.428242857142857,4.189857142857142,3.7446571428571427,4.305285714285715,4.419842857142856,4.339157142857142,6.295442857142858,7.0280000000000005,6.917071428571428,7.042314285714285,6.213828571428572,7.620071428571428,7.341914285714287,5.643685714285715,5.102728571428572,5.4795428571428575,6.817257142857143,6.835785714285715,5.294157142857144,5.366542857142856,6.196457142857143,6.420757142857142,5.847371428571429,4.129614285714286,4.460814285714286,5.210328571428572,5.128728571428572,3.9945999999999997,4.523614285714286,6.221628571428572,7.890942857142856,8.372114285714286,7.9370714285714286,7.936985714285713,7.980214285714284,6.948642857142857,5.185971428571428,3.7102285714285714,2.8909857142857147,2.4849285714285716,2.536714285714286,2.642114285714286,2.7197285714285715,3.2961285714285715,3.9151714285714285,3.931857142857143,4.352328571428571,4.636642857142858,5.336028571428571,6.000128571428571,5.409100000000001,4.6162285714285725,4.571671428571428,4.7001,5.183385714285714,4.382671428571428,4.555085714285714,4.591857142857142,4.5805,4.645185714285714,5.881157142857142,5.562400000000001,5.549985714285714,5.470828571428571,6.254385714285715,7.059542857142858,7.016185714285713,5.480785714285714,5.214985714285715,5.554085714285714,8.398014285714286,7.604485714285714,6.777571428571429,6.808642857142857,6.8083,7.324071428571428,6.955471428571428,4.099328571428571,4.661542857142857,5.304385714285714,6.644757142857143,6.3937428571428585,5.673357142857143,5.723371428571428,4.865285714285714,5.278014285714286,6.529528571428571,5.140428571428572,5.139442857142858,5.564814285714286,5.8243285714285715,5.824128571428572,4.798228571428571,3.1967571428571433,3.241757142857143,3.2331142857142856,3.004385714285714,2.7392142857142856,2.7530285714285716,3.594157142857143,3.4571714285714283,3.4708285714285716,4.323785714285714,4.156042857142857,4.145628571428571,4.1456,3.354114285714286,3.225957142857143,3.203171428571429,2.4152714285714287,2.3344142857142858,2.4267571428571424,2.4267714285714286,2.4335142857142853,2.433485714285714,2.4338142857142855,2.3774,2.4227142857142856,2.4039,2.453171428571428,2.3837857142857146,2.270957142857143,2.2218,2.2270857142857143,2.1870285714285713,2.0839,2.1620999999999997,2.2472285714285714,2.426057142857143,2.492385714285714,3.2600000000000002,3.2600142857142855,3.3154142857142856,3.239557142857143,3.2190000000000003,3.1130142857142857,3.046685714285714,2.2790714285714286,2.3758142857142857,2.320485714285714,2.4657000000000004,2.4862571428571427,2.5398428571428573,2.5695857142857146,3.259842857142857,3.267814285714286,3.331614285714285,3.195442857142857,3.1249428571428566,3.084885714285714,3.1508285714285713,2.4822999999999995,2.373957142857143,2.3063428571428575,2.2472571428571433,2.247242857142857,2.2299857142857142,2.1871,2.2145,2.3042285714285713,2.294742857142857,2.2796428571428566,2.2795571428571426,2.279571428571429,2.2413,2.188471428571429,2.1351714285714287,2.2386857142857144,2.2443142857142857,2.2293,2.2142714285714287,2.2238285714285717,2.2333142857142856,2.2140714285714287,2.1200428571428573,2.1296857142857144,2.162,2.266857142857143,2.310142857142857,2.294571428571429,2.265042857142857,2.2599714285714287,2.288242857142857,2.8782714285714284,2.8620142857142854,2.876257142857143,2.8874714285714282,2.9282142857142857,2.927257142857143,2.8928,2.3515142857142854,2.3411428571428567,2.2710571428571424,2.2711714285714284,2.248042857142857,2.2481285714285715,2.2382714285714287,2.1725,2.1041285714285713,2.1126571428571426,2.101342857142857,2.1013571428571427,2.1915714285714287,2.2926571428571427,2.2863571428571428,2.2854285714285716,2.2738285714285715,2.2738285714285715,2.296957142857143,2.297871428571429,2.3032000000000004,2.3120285714285713,2.3531857142857144,2.354842857142857,2.659442857142857,2.6562142857142854,2.8599142857142854,3.4580428571428574,3.854128571428572,3.9106428571428578,3.9237857142857147,3.6209000000000002,3.6041571428571433,3.497,3.0972,2.776971428571429,2.7204142857142855,2.7844142857142864,3.630957142857143,3.6968428571428578,3.974242857142857,3.710557142857143,3.813657142857142,4.198414285714286,4.121271428571428,3.576671428571429,3.729614285714286,3.3735428571428576,3.4514,4.254771428571429,4.607671428571429,5.453828571428572,5.1535142857142855,4.919557142857142,4.8429142857142855,5.581599999999999,4.614728571428571,4.441242857142858,4.457057142857144,4.563728571428571,4.883457142857142,5.698785714285713,4.861428571428571,5.468357142857143,4.961442857142857,4.795328571428572,5.316542857142857,5.658528571428572,5.944242857142858,6.997457142857143,7.356814285714287,7.372957142857144,7.439371428571429,7.941671428571429,7.548857142857143,7.194128571428571,6.7617,5.8686428571428575,5.867642857142857,5.1378571428571425,4.118342857142857,3.8968000000000003,3.236171428571429,2.6714142857142855,2.709228571428571,2.6406285714285715,2.6247000000000003,2.5556142857142854,2.5558142857142854,2.4825714285714287,3.5294571428571433,3.600285714285714,3.7674,4.175585714285715,4.3391714285714285,4.486557142857143,5.446757142857143,5.416771428571429,6.305728571428572,7.951142857142856,8.230257142857143,8.801714285714286,8.802385714285714,7.992342857142858,7.387714285714287,6.308957142857143,4.663542857142858,5.693928571428572,5.491014285714286,5.330399999999999,5.1697,5.036185714285715,5.064757142857144,7.346128571428571,7.863314285714286,7.510857142857143,7.738142857142856,7.761628571428571,7.761628571428571,7.8602285714285705,5.376457142857142,3.4010285714285713,3.3268142857142857,3.3290571428571427,3.488257142857143,3.4225571428571433,5.174014285714287,5.209385714285715,4.990985714285714,4.8573,5.524228571428572,6.111557142857143,5.8548,3.985928571428572,4.085685714285715,4.236085714285715,4.277228571428572,3.563371428571429,2.8194142857142857,2.917828571428571,2.9518714285714287
46,9.7209,9.7209,6.9391,7.605733333333333,6.3721,5.6318399999999995,5.0409999999999995,4.727742857142857,4.096042857142857,5.992671428571429,6.194228571428572,6.741171428571429,7.637528571428571,7.748971428571429,7.821657142857142,7.643714285714286,5.739928571428571,4.740971428571428,4.5217,3.7233714285714283,4.944642857142857,5.607828571428572,6.174071428571429,6.732628571428571,8.145242857142858,8.514985714285714,8.436585714285714,7.510228571428571,7.128428571428572,6.571242857142857,6.005057142857143,4.592442857142857,4.220242857142857,4.230857142857142,3.9977714285714288,3.7334571428571435,3.579328571428572,3.8329714285714287,3.8390714285714282,3.6289285714285713,5.457028571428571,6.131414285714286,6.432671428571429,6.424785714285716,5.907042857142858,6.826500000000001,6.674857142857143,5.038314285714286,4.3265142857142855,4.671514285714286,6.177785714285714,6.236771428571429,5.238385714285714,5.317571428571428,6.114585714285715,6.632557142857143,5.80467142857143,4.187328571428571,4.1932285714285715,4.9293571428571425,4.803228571428571,3.700957142857143,4.1618571428571425,5.697357142857143,7.3816428571428565,7.923985714285715,7.286257142857143,7.314185714285715,7.357514285714286,6.2706857142857135,4.746085714285714,3.0864857142857147,2.493614285714286,2.2957571428571426,2.3163285714285715,2.6205571428571424,2.6342571428571424,2.8985714285714286,3.7016999999999998,3.714385714285714,4.549914285714285,5.702728571428572,6.420314285714285,7.260014285714285,6.9873142857142865,6.232285714285715,6.192757142857144,5.914985714285714,5.609171428571429,4.584942857142857,4.2605,4.3097,4.2593571428571435,4.2898000000000005,4.609957142857143,3.7747428571428574,3.7645285714285714,4.055614285714285,4.834928571428571,5.643485714285714,5.626114285714286,5.044528571428571,5.032285714285713,5.192999999999999,4.810842857142857,4.0131571428571435,3.1842571428571427,3.225414285714286,3.2329857142857144,3.580085714285714,3.392185714285714,4.017528571428572,4.113728571428571,4.877528571428571,5.952514285714285,5.664257142857143,5.288257142857142,5.335014285714285,4.255814285714286,4.957285714285715,6.085371428571428,4.957357142857143,4.938128571428572,5.439671428571429,5.576485714285715,5.570171428571429,4.7279,2.9728571428571433,3.007057142857143,2.9973285714285716,2.5996428571428574,2.4802999999999997,2.4968,3.3357285714285716,3.3804714285714286,3.3869428571428566,4.239371428571428,4.316885714285715,4.293728571428572,4.305442857142857,3.5121285714285713,3.362785714285714,3.3627428571428566,2.5821571428571426,2.3873,2.4914285714285715,2.463228571428572,2.481985714285714,2.4819571428571434,2.4802999999999997,2.418185714285714,2.558185714285714,2.5683714285714285,2.6285,2.5494857142857144,2.4637571428571428,2.4101857142857144,2.4161571428571427,2.2821,2.1476714285714285,2.2233285714285715,2.3166,2.5644714285714287,2.6391428571428577,2.754628571428572,2.8326571428571428,2.8925142857142854,2.7866714285714282,2.7661285714285717,2.5643285714285717,2.5102571428571427,2.3947857142857143,2.4139857142857144,2.365242857142857,2.446485714285714,2.4637142857142855,2.5227,2.5227,4.6199,4.624857142857143,4.673571428571428,4.639357142857143,4.5653999999999995,4.5144714285714285,4.560414285714286,2.4762857142857144,2.3589857142857142,2.2816,2.205914285714286,2.2057857142857147,2.1930142857142854,2.184157142857143,2.2290714285714284,2.3295285714285714,2.3191142857142855,2.3190285714285714,2.3189857142857138,2.3189999999999995,2.319057142857143,2.2563142857142857,2.1662428571428576,2.176657142857143,2.1766857142857146,2.160257142857143,2.1437714285714287,2.1144571428571424,2.1249142857142855,2.1649571428571432,2.164914285714286,2.164957142857143,2.2536,2.360157142857143,2.4052857142857142,2.389928571428571,2.337285714285714,2.3324,2.3703857142857143,2.5675285714285714,2.5510857142857146,2.5778000000000003,2.610171428571429,2.632028571428571,2.6331714285714285,2.591357142857143,2.396071428571428,2.3975,2.338685714285714,2.338657142857143,2.3569142857142857,2.355842857142857,2.3547285714285713,2.2901285714285713,2.210142857142857,2.193942857142857,2.1616000000000004,2.1759571428571425,2.2841285714285715,2.4130142857142856,2.3987000000000003,2.3987000000000003,2.4108857142857145,2.4240999999999997,2.4441571428571427,2.4441571428571427,2.4149,2.4292571428571432,2.4448000000000003,2.418914285714286,2.728614285714286,2.704885714285715,2.9278285714285714,3.7053571428571432,4.022157142857144,4.107242857142857,4.122142857142857,3.7998857142857143,3.7723285714285715,4.0080857142857145,3.4355571428571428,3.2039999999999997,3.1378142857142852,3.2053857142857143,3.9203285714285707,3.987885714285714,4.396514285714286,4.507871428571429,5.138657142857143,5.2801857142857145,5.1977142857142855,5.053242857142857,5.336914285714286,4.483542857142857,4.218714285714285,4.203885714285714,4.873728571428572,5.74067142857143,5.185314285714285,4.820428571428572,4.744314285714286,5.707685714285715,5.098357142857142,4.909885714285714,5.109999999999999,5.128985714285713,5.546157142857142,6.367028571428571,5.287271428571429,5.932285714285714,5.380128571428571,4.9811000000000005,5.776785714285714,5.778642857142857,6.088685714285715,7.9332714285714285,8.313514285714286,8.3361,9.789085714285713,10.090171428571427,10.277600000000001,10.232114285714287,8.658385714285716,7.575228571428572,7.559428571428572,5.485842857142856,4.482085714285714,3.9345000000000003,2.9417428571428568,2.6968714285714284,2.7117714285714283,2.643828571428571,2.5960428571428573,2.512314285714286,2.4956285714285715,2.4008714285714285,3.085142857142857,3.3930714285714285,3.5425571428571425,4.158328571428571,4.307799999999999,4.307757142857143,5.109457142857144,5.4918000000000005,5.342757142857143,6.273542857142857,6.402542857142857,7.017371428571429,7.066528571428571,6.667699999999999,6.010471428571428,5.980785714285715,5.601542857142858,5.996985714285714,6.034357142857144,6.130071428571428,5.8756571428571425,5.612157142857142,5.524499999999999,5.876142857142857,6.302014285714286,5.511857142857143,5.377985714285714,5.239028571428571,5.276171428571429,5.404771428571428,4.519628571428571,3.228042857142857,3.3840428571428567,3.6698142857142857,3.8278571428571424,3.8415,4.678271428571429,4.5202285714285715,4.505128571428572,4.312771428571429,5.365085714285714,5.975557142857142,5.759057142857143,4.729814285714285,4.731299999999999,4.683185714285714,4.7175142857142855,3.4795285714285713,2.7109999999999994,2.9069142857142856,3.1097714285714284
47,16.3564,16.3564,10.327,10.071333333333333,8.146175,7.01596,6.210449999999999,5.691642857142857,4.500500000000001,6.298971428571428,6.298971428571429,7.3577714285714295,7.917171428571429,8.0159,8.015914285714285,7.948085714285713,6.121828571428571,5.160957142857142,5.056500000000001,4.723199999999999,5.490157142857143,5.801428571428572,5.315414285714286,6.360271428571428,7.425914285714286,7.278399999999999,7.100699999999999,7.192871428571428,7.658642857142857,7.649528571428571,6.6047,5.603014285714285,5.046728571428572,5.187657142857143,4.750771428571428,4.2036428571428575,4.208728571428571,4.329300000000001,4.462428571428571,4.476714285714285,5.976942857142857,6.328342857142857,6.811542857142858,6.650157142857144,6.247542857142856,6.651414285714286,6.4191,5.410514285714286,4.829742857142857,4.767257142857143,5.772571428571429,5.867128571428572,5.258828571428571,5.312114285714286,5.6422,5.754957142857142,5.070071428571429,3.972685714285715,3.981328571428572,4.726628571428571,4.5988,3.5385714285714287,3.9674,5.0624142857142855,6.539514285714286,7.275,6.590400000000001,6.615057142857142,6.6475285714285715,5.841471428571428,4.758857142857143,3.2720714285714285,2.453714285714286,2.316042857142857,2.319157142857143,2.631071428571429,2.6426142857142856,3.3505714285714285,4.171342857142857,4.389228571428572,5.449228571428571,6.172414285714285,6.665985714285715,7.460699999999998,6.726742857142857,5.9860999999999995,5.770428571428572,5.348514285714286,5.4436285714285715,4.6250857142857145,4.210828571428571,4.252542857142856,4.181814285714284,4.1890142857142845,4.467285714285714,3.686814285714285,3.6939571428571427,3.821814285714286,4.605357142857144,5.417285714285714,5.3839571428571436,4.7782857142857145,5.0194857142857146,5.306414285714285,5.1631,4.359128571428572,3.5282428571428572,3.5154714285714284,3.8047714285714282,4.127628571428572,3.8073714285714284,4.951214285714286,4.9542142857142855,5.782071428571428,6.861028571428571,6.367285714285714,5.741471428571429,5.937471428571428,4.412228571428572,5.210128571428571,5.212114285714286,4.153085714285714,4.034028571428571,5.336157142857142,5.414614285714286,5.388199999999999,4.6117,4.006914285714286,4.0405999999999995,4.028742857142857,2.799857142857143,2.8789000000000002,2.9004285714285714,3.677157142857143,4.0175857142857145,4.181728571428572,5.033114285714286,5.036885714285715,4.736228571428571,4.977828571428572,4.210728571428571,3.6876428571428574,3.539414285714286,2.7681571428571425,2.6983714285714284,2.886728571428571,2.623614285714286,2.6408428571428573,2.640957142857143,2.6409999999999996,2.5727285714285713,2.6574142857142857,2.5382,2.711614285714286,2.6070142857142855,2.4983571428571425,2.4295,2.427057142857143,2.3682857142857143,2.2702714285714287,2.2478142857142855,2.3301285714285713,2.8901000000000003,2.951057142857143,3.0427857142857144,3.0291285714285716,3.0525285714285713,2.918614285714285,2.897257142857143,2.4572000000000003,2.430857142857143,2.3977142857142857,2.584542857142857,2.5845,2.652714285714286,2.674071428571428,2.674857142857143,2.676242857142857,4.719200000000001,4.6050571428571425,4.649900000000001,4.649585714285714,4.603542857142857,4.584142857142857,4.609642857142857,2.552842857142857,2.465742857142857,2.378542857142857,2.291457142857143,2.3167714285714287,2.334357142857143,2.3490285714285717,2.373214285714286,2.459,2.460557142857143,2.4798000000000004,2.4797857142857143,2.436957142857143,2.4207,2.3535142857142857,2.267642857142857,2.3252857142857146,2.295457142857143,2.2402571428571427,2.203957142857143,2.1802714285714284,2.2379000000000002,2.2789142857142854,2.2197142857142858,2.2302,2.2853285714285714,2.3930714285714285,2.388142857142857,2.325271428571429,2.2805571428571434,2.276871428571429,2.321328571428572,2.4175,2.412614285714286,2.4759285714285713,2.524114285714286,2.5603714285714285,2.569028571428571,2.520885714285714,2.444942857142857,2.424557142857143,2.3607714285714283,2.3488857142857142,2.3284142857142855,2.319828571428572,2.321071428571429,2.3239857142857145,2.2707714285714284,2.2692142857142854,2.232928571428572,2.2987714285714285,2.405242857142857,2.640214285714286,2.568857142857143,2.552857142857143,2.5525000000000007,2.5612,2.527757142857143,2.527757142857143,2.3914428571428568,2.4049714285714283,2.4494714285714285,2.432685714285714,2.807914285714286,2.8046714285714285,3.398957142857143,3.494428571428571,4.3249571428571425,4.413371428571428,4.445771428571428,4.060685714285714,4.048242857142857,4.382285714285715,4.601657142857143,3.8574999999999995,3.768114285714286,3.874757142857143,4.7199857142857145,4.701214285714286,4.367185714285715,4.834071428571428,5.712728571428571,6.031342857142858,5.907071428571428,5.392242857142857,5.707771428571428,5.229671428571429,4.4683,4.377885714285715,5.051285714285713,5.901142857142858,5.582814285714285,5.264485714285714,5.087914285714285,5.958971428571429,5.1725714285714295,4.462657142857143,4.634742857142858,4.652271428571429,4.966942857142857,5.169871428571428,4.2070428571428575,4.7705714285714285,4.545757142857143,3.8367142857142857,4.8438,4.964442857142857,5.844857142857143,7.152871428571428,7.552014285714287,7.546928571428572,7.5353142857142865,7.3436,7.191285714285714,7.050357142857143,5.832885714285715,4.8071,4.898142857142857,4.684057142857142,4.134157142857143,4.099900000000001,3.1555857142857144,3.0808142857142857,3.086457142857143,2.958728571428572,2.8606428571428566,2.6257714285714284,2.425142857142857,2.4399,2.7424571428571434,3.1175142857142855,3.2611999999999997,4.1033,4.389885714285714,4.389914285714285,4.677585714285714,5.8659285714285705,5.505657142857143,6.372857142857143,6.696571428571429,7.095671428571428,7.651785714285714,8.149914285714285,7.066800000000001,7.207928571428572,6.963685714285714,6.757685714285715,7.082885714285715,6.670442857142858,5.884657142857142,5.655542857142857,5.500128571428571,5.804285714285714,5.658528571428571,4.768642857142857,4.6121,4.597799999999999,4.614914285714286,4.6149,3.7112857142857143,3.2271,3.299457142857143,3.5849000000000006,3.697,4.0483142857142855,4.622,4.440528571428572,4.4384,4.2000714285714285,4.773285714285714,5.337742857142857,4.791142857142858,4.412742857142857,4.598528571428571,4.465585714285714,4.526814285714286,3.8195000000000006,3.1122857142857145,3.2869142857142855,3.2774142857142863
48,5.3072,5.3072,7.45075,7.6129,8.10825,7.04174,6.284366666666667,5.707414285714286,5.4664142857142854,5.5341571428571426,6.190214285714286,6.152214285714286,7.585128571428571,8.3784,8.5209,8.514414285714286,8.235685714285713,7.248228571428571,6.455742857142858,6.0548714285714285,5.505842857142857,6.626557142857143,7.486485714285714,7.373985714285714,8.53197142857143,10.468100000000002,10.185957142857145,10.009514285714287,9.786942857142858,9.535799999999998,9.235671428571427,8.417928571428572,6.651214285714285,6.548185714285714,6.673728571428572,6.681271428571429,6.336828571428571,6.364228571428571,6.1396,6.338942857142858,5.957000000000001,6.7758714285714285,6.775857142857143,7.391842857142857,7.084242857142857,6.6145571428571435,6.555485714285715,6.3821142857142865,6.407228571428571,6.184314285714286,6.221814285714286,7.320799999999999,7.285042857142857,6.942042857142857,7.021614285714285,6.960842857142857,6.2935857142857135,5.302742857142857,4.141157142857143,4.577585714285715,5.2797857142857145,5.045428571428571,4.0365142857142855,4.353742857142857,4.789414285714286,5.603185714285715,5.337357142857143,4.664257142857143,4.719442857142857,4.989014285714285,4.670442857142858,4.3361,3.459942857142857,3.218485714285715,3.0190999999999995,3.043399999999999,3.5948142857142855,3.656371428571428,4.2602,5.063785714285714,5.075857142857143,5.437742857142857,6.170357142857143,6.170328571428571,6.683171428571428,5.863471428571429,5.064057142857143,5.052014285714286,4.770528571428572,4.4797,3.6614999999999998,3.151342857142857,3.209014285714286,3.2127857142857144,3.2033714285714288,4.104614285714286,3.632085714285714,3.6635285714285715,4.0587,4.8247,5.212385714285714,5.185314285714286,4.230157142857142,4.330114285714285,5.1133999999999995,7.184714285714286,6.400942857142858,5.9981428571428586,5.9981428571428586,6.6054142857142875,6.998114285714286,6.161585714285715,4.825571428571428,4.787185714285713,5.245585714285714,6.3253571428571425,6.426471428571429,5.840257142857142,6.001928571428571,4.793057142857143,5.275314285714286,5.251185714285714,4.169785714285714,3.4196,4.0996,3.993414285714286,3.8338285714285716,3.3835428571428574,3.2406000000000006,3.2748,3.257314285714286,2.6465142857142863,2.6536857142857144,2.6712571428571428,3.663057142857143,3.887928571428571,4.491885714285714,5.878914285714286,5.889271428571429,6.3564428571428575,6.603642857142858,5.6147285714285715,5.1319,4.539357142857143,3.213371428571428,3.4713428571428575,3.6457714285714284,3.4239428571428574,3.814314285714286,3.7956142857142856,3.7929571428571434,3.7842857142857143,4.304728571428571,3.672971428571429,3.7855285714285714,3.3239428571428573,3.262914285714286,3.2104000000000004,3.1764428571428573,2.375142857142857,2.362885714285714,3.5504285714285717,4.3970714285714285,5.102071428571429,5.688814285714286,6.224085714285714,6.201228571428571,6.157814285714285,4.816485714285714,4.026828571428572,3.423257142857143,2.8463285714285713,2.3504714285714283,2.5228428571428574,2.5559857142857143,2.6432142857142855,2.6653857142857142,2.6431285714285706,2.694542857142857,3.793857142857143,3.6888714285714284,3.742685714285714,3.7161714285714282,3.662585714285714,3.6408714285714288,3.6372142857142857,2.5220571428571428,2.4245142857142854,2.315185714285714,2.2488428571428574,2.2358285714285717,2.2466857142857144,2.2283857142857144,2.2143714285714284,2.2643285714285715,2.2643142857142857,2.2643142857142857,2.2632857142857143,2.2202428571428574,2.2172571428571435,2.1865285714285716,2.178657142857143,2.2080857142857147,2.208142857142857,2.2005857142857144,2.174728571428571,2.1748285714285713,2.198571428571429,2.1780142857142857,2.1485714285714286,2.1622857142857144,2.234942857142857,2.3363857142857145,2.306742857142857,2.2819714285714285,2.2682428571428574,2.2822714285714283,2.3752,2.502842857142857,2.509185714285714,2.5975857142857146,2.6417285714285716,2.7167999999999997,2.703985714285714,2.5996857142857146,2.4859,2.4225428571428576,2.347057142857143,2.3937,2.3326000000000002,2.3455857142857144,2.356371428571429,2.374514285714286,2.421157142857143,2.4211714285714288,2.3314714285714286,2.6804857142857146,2.9661714285714287,3.1457285714285717,3.0809428571428574,3.0161000000000007,3.0603714285714285,3.0914714285714284,2.7726,2.572014285714286,2.492685714285714,2.5303285714285715,2.6571285714285713,2.683385714285714,2.9869142857142856,3.0148,4.047371428571429,4.148171428571429,4.924385714285714,5.1165,5.101914285714286,4.787228571428571,4.797385714285714,6.145442857142858,6.240214285714286,5.721400000000001,5.492742857142858,5.875057142857143,6.738900000000001,6.747285714285715,5.113514285714286,5.598228571428572,6.163042857142857,6.787514285714286,6.344985714285714,5.688057142857143,5.713185714285714,4.991871428571429,4.3508571428571425,4.304842857142858,4.421685714285714,5.276400000000001,5.04827142857143,4.932457142857143,4.908600000000001,5.601571428571431,4.874485714285714,4.534485714285714,4.648842857142857,4.660757142857142,5.506428571428572,6.145300000000001,5.401542857142856,6.128128571428571,5.722700000000001,5.3950571428571426,6.362042857142858,5.998257142857143,6.3897714285714295,7.419242857142856,7.552414285714285,7.571228571428571,7.7834714285714295,7.2058857142857144,7.702842857142857,7.437014285714286,6.422485714285714,5.4818428571428575,6.3416,5.579400000000001,5.297214285714285,4.738342857142858,3.9979000000000005,4.005142857142857,4.011371428571429,3.078785714285714,3.023757142857143,2.950928571428572,2.577214285714286,2.4983428571428568,2.6050142857142857,2.7819285714285718,2.9322714285714286,3.9682285714285714,4.487014285714285,4.487028571428572,5.0271,5.983414285714285,5.952757142857143,7.2842714285714285,6.910314285714286,6.55852857142857,7.783657142857142,8.076785714285714,7.73577142857143,7.740142857142857,7.343814285714286,7.767400000000001,10.005471428571427,8.928057142857142,8.2393,7.726042857142857,7.7282142857142855,7.728271428571428,7.442599999999999,5.1735,5.230714285714286,5.056557142857144,4.883857142857144,4.733728571428571,3.8303571428571432,3.5396571428571426,3.6916285714285713,3.682557142857143,3.7151,4.686814285714285,5.3539142857142865,5.172542857142857,4.8705428571428575,4.583399999999999,6.0996,6.896642857142857,6.011314285714286,5.529857142857144,5.717128571428572,5.510799999999999,5.51082857142857,4.0853,3.2413428571428575,3.2265000000000006
49,5.0331,5.0331,12.52895,11.026333333333334,10.663375,9.24294,8.1065,7.2834714285714295,7.15807142857143,5.443242857142857,6.3116,7.093128571428572,8.293085714285715,9.375271428571429,9.477385714285715,9.382657142857143,9.466985714285714,8.509442857142856,6.9504714285714275,7.1464428571428575,6.373985714285714,7.3654,9.214942857142857,9.151528571428571,10.354,12.006242857142857,11.287014285714287,11.044142857142859,11.044028571428573,10.276128571428572,9.976685714285713,8.323585714285715,6.799585714285713,7.138842857142857,7.449142857142857,7.701742857142858,7.382371428571429,7.098942857142857,7.195771428571428,8.027071428571428,7.22,8.287642857142858,7.9696,8.8584,8.7056,8.410971428571427,8.159171428571428,8.082042857142858,8.517100000000001,7.852842857142858,7.8548857142857145,9.0571,9.038971428571427,8.833742857142857,9.338228571428571,8.623142857142858,8.441457142857143,6.971414285714286,5.728228571428572,6.589885714285714,6.755699999999998,5.9473142857142856,4.772828571428572,5.401142857142857,5.864585714285715,6.4679,6.002885714285713,5.448785714285714,5.597485714285715,6.310185714285715,5.739214285714285,5.135528571428572,4.860271428571429,4.426185714285714,4.349585714285714,5.009628571428572,5.140828571428571,5.144142857142858,5.850857142857143,6.497528571428573,7.094185714285715,7.6091,7.609100000000001,7.544171428571429,8.138128571428572,7.225114285714286,6.415528571428572,5.876057142857143,5.156028571428572,4.978942857142857,4.204828571428572,3.695642857142857,3.7332285714285716,3.5252142857142856,3.457871428571429,4.513742857142858,3.9098714285714284,3.971257142857143,4.4551,5.228442857142857,5.371457142857143,5.332071428571429,4.313342857142857,4.511257142857143,4.845885714285714,4.8422857142857145,4.050314285714285,3.887771428571429,3.887757142857143,4.3546,4.2747,3.8336571428571427,3.318971428571428,3.283685714285714,4.102285714285714,5.5674,5.827914285714287,5.633742857142857,6.0443,5.870214285714285,6.438371428571429,6.438385714285714,4.980585714285715,4.173628571428571,4.279928571428571,4.016928571428571,3.8975714285714287,3.693028571428571,3.398442857142857,3.4226285714285716,3.339342857142857,3.3109857142857146,3.2588142857142857,3.2839142857142853,4.4434,4.804457142857143,5.452085714285714,6.024585714285714,6.045585714285714,6.773757142857142,7.084285714285713,5.608357142857143,4.787385714285715,4.164885714285714,3.6870857142857143,4.135242857142857,4.163042857142857,3.886971428571428,4.212285714285715,4.186671428571429,4.1931142857142865,4.205357142857143,4.9719,4.970614285714286,4.999714285714285,4.6122571428571435,4.550142857142857,4.488057142857143,4.429714285714286,3.297485714285714,2.5294,3.9858,4.310528571428572,5.464771428571429,6.5011,6.784242857142857,6.618742857142857,6.5627,5.028742857142858,5.1455142857142855,4.084414285714286,3.0663571428571426,2.9845142857142855,3.1622142857142856,3.280714285714286,3.313757142857143,2.938914285714286,2.914328571428572,2.984385714285714,3.493985714285714,3.4817285714285715,3.431057142857143,3.441242857142857,3.5735,3.626785714285714,3.6602571428571435,3.0289571428571427,2.8821714285714286,2.859657142857143,2.849985714285715,2.7300999999999997,2.8310714285714282,2.8912000000000004,2.8503,2.891785714285714,2.907271428571429,2.918371428571429,2.9174714285714285,2.837242857142857,2.755414285714285,2.7614714285714284,2.7905714285714285,2.789628571428571,2.7593285714285716,2.6869285714285716,2.537042857142857,2.4972285714285714,2.473557142857143,2.425742857142857,2.3663571428571433,2.4088857142857143,2.6259285714285716,2.757971428571429,2.7743142857142855,2.7097285714285713,2.666357142857143,2.6829857142857145,2.8958857142857144,2.8621714285714286,2.837542857142857,2.8610285714285717,2.9759428571428574,3.0794,3.0421142857142853,2.808642857142857,2.7088,2.6978999999999997,2.687,2.7677142857142853,2.7310714285714286,2.7805142857142857,2.740042857142857,3.0999285714285714,3.2012,3.1473571428571425,2.9529857142857137,3.2583428571428574,3.565928571428571,3.952228571428571,3.584714285714285,3.4957999999999996,3.5420142857142856,3.6127142857142855,3.2916285714285713,3.0380857142857143,2.812742857142857,2.8299999999999996,3.865885714285714,3.9916714285714288,4.0204571428571425,4.050685714285715,5.0767,5.426,6.169028571428571,5.959071428571428,5.8311,5.764914285714285,5.795128571428571,5.423842857142858,5.514385714285715,5.013028571428571,4.222757142857143,4.985228571428571,5.700414285714286,6.159914285714287,6.2454857142857145,6.449128571428572,6.997171428571429,7.498185714285714,6.669142857142857,6.0699571428571435,5.610600000000001,4.967128571428572,4.237214285714286,4.124528571428572,4.550914285714286,5.742114285714286,5.639100000000001,5.5630571428571445,6.648614285714287,7.60127142857143,7.667342857142857,7.249557142857143,7.309328571428572,7.297428571428571,7.927185714285715,7.485171428571428,6.675142857142857,7.114371428571429,6.574114285714286,6.437971428571428,7.639542857142857,7.471157142857143,7.7568714285714275,9.555757142857143,9.402242857142856,10.423314285714286,10.423328571428572,10.19912857142857,10.967842857142857,10.967842857142857,9.038385714285713,8.036985714285715,8.173128571428572,7.148957142857142,6.784714285714285,6.363885714285715,5.507771428571429,5.6552999999999995,6.1410285714285715,4.917342857142857,4.853957142857143,4.247200000000001,3.595128571428572,3.3637000000000006,3.6525000000000003,3.4557714285714285,3.6068,4.6935,5.1533999999999995,5.0026142857142855,6.089342857142857,6.656371428571428,6.430671428571429,8.142442857142857,7.875385714285714,7.415500000000001,7.598114285714286,7.598657142857142,7.596785714285714,7.615585714285714,6.840057142857142,7.5526,9.163228571428572,9.129000000000001,8.20997142857143,7.436157142857143,7.460085714285715,7.752842857142858,7.582485714285715,6.136728571428571,6.067971428571428,5.8834285714285715,5.775328571428572,5.844357142857143,4.690571428571428,3.859428571428571,4.268442857142857,4.418128571428571,4.529014285714286,5.414085714285714,6.1496,6.101528571428571,5.994542857142858,5.522042857142857,6.927271428571428,7.862671428571429,6.9761999999999995,6.175771428571428,6.202,5.804171428571428,5.728614285714285,4.297557142857142,3.2934142857142854,3.2957285714285716
50,4.9849,4.9849,8.27585,8.190233333333333,8.642625,7.50968,6.6748,6.061414285714286,5.953971428571427,5.553214285714285,6.512328571428571,7.2434142857142865,8.472228571428571,10.26947142857143,10.34152857142857,10.228657142857143,10.4055,9.446399999999999,7.879957142857143,8.541342857142856,6.9801142857142855,8.054885714285716,9.426114285714286,9.492914285714287,10.243242857142857,11.799257142857142,10.849771428571428,10.67832857142857,10.68232857142857,10.247814285714284,9.339057142857143,8.036342857142857,6.592985714285713,6.590028571428571,6.7017,6.9066142857142845,6.713299999999999,7.075685714285714,7.625357142857142,8.324142857142856,7.557157142857143,8.899571428571429,8.566799999999999,11.110128571428572,10.640457142857143,9.906314285714284,9.73967142857143,9.911985714285716,10.409857142857144,10.189614285714287,8.755657142857144,10.582285714285714,10.564171428571429,10.75692857142857,11.60342857142857,10.928057142857142,10.468157142857143,9.268600000000001,7.353357142857143,8.434328571428571,8.148585714285714,6.869028571428572,5.556442857142858,6.2577,6.6230142857142855,8.202328571428572,7.876085714285715,7.318071428571429,7.384314285714285,7.343928571428571,6.312371428571429,5.342771428571429,4.177142857142857,3.578242857142857,3.4219714285714287,4.861371428571429,5.947457142857142,7.329171428571429,9.0116,11.337414285714285,12.3391,13.339842857142857,12.644528571428571,13.085157142857142,13.160471428571428,11.298485714285716,9.3141,8.911714285714286,8.626000000000001,8.625985714285715,7.115057142857142,6.590971428571429,7.054628571428571,6.258785714285715,5.463342857142857,5.434228571428571,4.6468,5.3551,5.5008,6.107285714285715,6.9030000000000005,6.875242857142858,6.961257142857144,7.572257142857144,7.6484,8.999628571428572,8.165000000000001,7.350042857142857,7.476400000000001,8.205042857142857,8.1877,7.375157142857142,5.735385714285713,5.438228571428572,6.536128571428571,8.278114285714286,7.492442857142858,6.828114285714285,6.909657142857142,7.074585714285713,7.994057142857142,7.711114285714285,5.878928571428571,5.703571428571429,5.808914285714286,5.987814285714286,5.0632,4.991971428571429,4.994171428571429,5.309042857142858,4.719557142857143,4.709685714285714,4.510714285714286,4.522342857142858,5.7107285714285725,6.365871428571429,7.597842857142857,9.431714285714287,10.425871428571428,10.762214285714288,11.396828571428571,9.42062857142857,8.099328571428572,6.560314285714285,4.732371428571429,5.568571428571429,6.215885714285714,5.592985714285715,6.362114285714286,6.247000000000001,6.247014285714286,6.5186,5.447871428571429,5.217014285714285,5.205442857142857,4.405042857142857,4.358728571428571,4.332742857142857,4.155,3.3976857142857146,3.626014285714286,5.146714285714286,6.253414285714286,7.430057142857143,9.396957142857143,9.797471428571429,9.74252857142857,8.696942857142856,7.199142857142857,7.7761571428571425,6.654871428571428,4.725142857142857,4.505314285714285,4.583114285714286,4.632028571428571,4.593228571428571,2.9577142857142857,2.9598,2.9917857142857143,3.3430857142857135,4.737271428571428,4.766557142857143,4.789614285714286,4.8262857142857145,4.875971428571428,5.03,4.425771428571428,2.992971428571429,2.998214285714286,2.983185714285714,2.9514857142857145,4.3765857142857145,4.3425142857142855,4.321371428571429,4.352671428571428,4.344357142857143,4.406085714285714,4.429428571428572,3.025714285714286,2.925757142857143,2.968357142857143,2.9722714285714287,3.002071428571429,2.954328571428572,2.8611857142857144,2.722585714285714,2.6839714285714287,2.6453285714285713,2.6346,2.5648142857142857,2.564857142857143,2.690142857142857,2.8097571428571433,2.7838142857142856,2.695271428571428,2.6036428571428565,2.5914571428571427,3.155814285714286,3.126257142857143,3.081657142857143,3.101657142857143,3.2113285714285715,3.315785714285714,3.345814285714286,2.774142857142857,2.7600571428571428,2.784128571428571,3.1743285714285716,3.901414285714286,3.8798142857142857,3.9059714285714286,3.919,4.261928571428571,4.669200000000001,4.511699999999999,3.883085714285714,4.292657142857143,5.113185714285714,5.3243,5.09837142857143,4.792585714285714,4.649857142857143,4.532857142857143,4.1448857142857145,3.4258428571428574,4.0183,4.004057142857143,4.321371428571429,5.220457142857143,5.2885,6.255714285714286,8.577714285714285,10.076914285714285,11.643742857142856,11.962785714285713,11.236228571428573,11.394257142857143,11.45282857142857,10.5839,9.307171428571428,8.600542857142857,8.042742857142857,9.458385714285713,10.961471428571429,10.957257142857143,10.140557142857144,9.854842857142858,10.483714285714285,11.327228571428572,9.91972857142857,8.301228571428572,7.408942857142857,6.917657142857143,6.217814285714286,5.882185714285714,7.147157142857144,8.246914285714285,8.342628571428572,8.542557142857143,9.680842857142858,11.149514285714286,11.115057142857143,9.660342857142856,10.666685714285714,10.495500000000003,11.913414285714287,11.664771428571429,11.219685714285713,12.205471428571428,11.416171428571428,10.087242857142858,12.111214285714286,11.104342857142857,10.991871428571429,12.498700000000001,11.33042857142857,12.918157142857142,13.6477,12.627799999999999,13.634685714285714,14.35587142857143,11.915842857142858,10.936614285714285,11.285485714285715,9.570728571428573,10.449885714285715,9.763900000000001,8.413642857142857,8.316757142857144,9.293485714285712,7.273457142857142,7.196014285714285,5.387271428571428,4.292685714285715,3.8591142857142864,4.678014285714285,3.9662142857142855,4.1494,5.211885714285715,5.411371428571428,5.408114285714285,6.470585714285714,6.880057142857143,6.6949,8.281657142857144,7.972757142857143,7.781428571428571,7.959685714285714,7.959685714285716,7.738942857142858,7.742042857142858,7.339085714285715,8.121314285714286,9.051942857142857,9.012628571428571,8.12872857142857,7.311014285714285,7.312828571428571,8.812657142857143,8.560628571428571,7.640614285714285,7.50672857142857,7.329985714285714,7.274914285714284,7.284071428571429,4.718742857142857,4.010228571428572,4.176442857142858,4.3766428571428575,4.506171428571429,5.3635,6.122571428571428,6.0,5.638228571428571,5.322042857142857,6.760757142857144,8.010528571428571,7.125557142857143,6.320571428571428,6.334414285714286,6.122771428571427,6.122757142857141,4.657542857142857,3.2622428571428563,3.2619000000000002
51,4.9864,4.9864,8.88495,8.639033333333332,8.9757,7.80094,6.933916666666666,6.289971428571428,6.180771428571428,6.174714285714286,7.2358142857142855,9.738085714285715,11.134528571428572,12.860314285714285,13.107399999999998,13.100642857142857,12.33714285714286,11.258057142857142,8.697114285714287,9.408042857142858,9.214699999999999,10.463028571428572,11.62257142857143,11.841457142857141,13.854814285714285,14.766271428571429,13.2988,12.071185714285715,12.83917142857143,13.732742857142856,13.164285714285715,10.657757142857145,8.978328571428571,10.754900000000001,11.22172857142857,10.524642857142856,9.153114285714286,9.5327,10.15712857142857,10.98572857142857,8.72332857142857,9.590885714285715,9.315142857142858,13.7145,13.076557142857142,12.248085714285713,12.855085714285712,13.4008,13.518071428571428,13.611257142857143,10.119942857142858,12.447185714285713,12.399128571428571,12.083885714285714,12.622914285714286,12.6027,11.9375,11.536771428571429,9.161414285714287,10.432342857142856,10.084028571428572,8.745842857142858,7.0356,8.256185714285715,8.748114285714285,11.161414285714287,11.70117142857143,10.702642857142859,10.842400000000001,11.892185714285716,9.968842857142858,8.024557142857143,5.953314285714286,4.161785714285714,4.961028571428571,5.824957142857143,5.923857142857143,6.706942857142857,9.551714285714285,12.143771428571426,13.353185714285715,14.359057142857141,15.570828571428573,16.470385714285715,17.87747142857143,15.619785714285715,13.622114285714288,13.180128571428572,12.558542857142857,11.430571428571428,9.341785714285715,7.936999999999999,7.934114285714285,7.106185714285713,6.77212857142857,7.104314285714286,6.329757142857143,6.711142857142858,7.602942857142857,9.711428571428572,10.916885714285714,11.437485714285714,10.973871428571428,13.08827142857143,14.758700000000001,14.334514285714286,13.051742857142857,11.700514285714286,11.627328571428572,12.470485714285715,13.468257142857142,11.6674,11.484057142857143,10.078557142857145,12.844257142857145,14.78587142857143,14.285228571428572,10.81955714285714,10.834385714285713,10.548657142857142,11.643357142857143,9.88462857142857,7.396857142857144,7.5068,8.658071428571429,9.569557142857144,9.096828571428572,9.815000000000001,12.487414285714285,12.914071428571429,12.132714285714284,11.234042857142857,10.094585714285714,9.829871428571431,10.015785714285714,8.5448,9.93547142857143,9.986685714285715,12.061242857142858,14.630328571428574,14.728785714285717,12.787228571428573,11.510728571428572,9.456285714285714,8.695985714285714,8.209642857142857,6.93152857142857,7.105285714285714,8.153242857142857,7.6752714285714285,7.618714285714286,8.37417142857143,8.882557142857141,9.655642857142857,9.950442857142859,8.865400000000001,8.431814285714285,9.019428571428572,8.285271428571429,6.016628571428571,5.353928571428571,6.655285714285715,8.1603,9.917,10.932614285714285,12.328542857142855,12.742528571428574,11.7126,9.995157142857144,10.078114285714284,8.353728571428572,7.014171428571429,6.6424,8.206242857142856,8.900414285714286,8.717714285714285,7.149485714285713,7.156614285714285,6.933314285714286,7.067014285714287,6.437328571428572,7.4240571428571425,7.451185714285714,7.506485714285715,9.209371428571428,10.7286,9.581885714285715,8.280671428571429,6.245457142857143,6.261157142857144,6.248600000000001,5.7957142857142845,4.918357142857142,6.103242857142857,6.476642857142857,7.481628571428572,7.5030285714285725,7.490671428571429,6.388485714285713,5.786271428571429,4.721414285714286,5.296342857142858,4.682428571428572,4.781014285714286,4.814799999999999,4.6124,4.523728571428571,4.523714285714285,3.6240999999999994,3.223585714285714,3.1226857142857143,3.8292285714285716,3.8997142857142855,3.8807142857142862,3.7029285714285716,3.618471428571429,3.743,4.9230285714285715,4.538028571428572,4.555571428571429,4.5122857142857145,4.564242857142857,4.587485714285715,4.488542857142858,3.3733714285714287,3.024571428571428,3.2018857142857144,3.6686571428571426,4.255571428571428,4.2533,4.2820857142857145,4.201914285714286,4.934457142857143,4.950257142857143,4.884557142857142,5.141171428571428,5.9221,7.1532,7.876171428571429,7.730542857142856,8.0819,7.817785714285713,7.194014285714284,6.791085714285714,6.248657142857143,6.248285714285714,5.804671428571427,5.949942857142856,6.780542857142856,7.2159571428571425,8.117099999999999,10.615371428571427,13.319657142857142,15.792757142857141,16.752714285714287,16.35597142857143,16.438257142857143,16.82904285714286,15.63135714285714,14.582142857142856,12.983642857142856,12.12962857142857,14.559542857142858,16.857957142857142,16.552757142857143,16.99285714285714,15.623499999999998,16.96302857142857,17.30872857142857,14.987499999999999,12.051642857142857,10.871471428571427,8.946142857142858,8.02934285714286,7.193557142857143,9.173214285714286,12.326742857142857,12.5823,12.774157142857144,13.185557142857144,14.834442857142857,16.717771428571428,15.904,15.674942857142858,15.905157142857144,17.471228571428572,18.53357142857143,18.235699999999998,18.994128571428572,16.879842857142854,14.885114285714284,17.466585714285713,16.540585714285715,15.972485714285716,17.62184285714286,15.421757142857144,17.29941428571429,18.747557142857143,16.59854285714286,19.83134285714286,20.863285714285716,18.124328571428574,16.570142857142855,16.592299999999998,13.913371428571429,14.347257142857144,11.36697142857143,9.555485714285714,9.337571428571428,9.995171428571428,7.858657142857143,7.450857142857141,6.088857142857142,4.908228571428571,4.260971428571429,5.134542857142857,4.659542857142857,5.255342857142857,6.722685714285714,7.303442857142857,7.159628571428572,8.775042857142857,8.849285714285715,8.318214285714287,9.710585714285713,9.254385714285714,8.711657142857144,9.043742857142858,8.68747142857143,8.868,9.401871428571429,9.0999,10.2693,11.687299999999999,11.642614285714284,10.448271428571427,9.416799999999999,9.284699999999999,10.663857142857143,10.036642857142857,8.683785714285714,8.637885714285714,8.501542857142857,9.035014285714286,8.83012857142857,5.923328571428571,4.950757142857143,5.3956,5.3650714285714285,6.049428571428572,6.293028571428571,7.054028571428573,6.835300000000001,6.4645,5.950457142857142,7.552442857142857,7.627785714285714,6.7431,5.680028571428571,5.901042857142857,5.700385714285714,5.530085714285714,3.9254000000000007,3.165685714285714,3.1625571428571426
52,5.2051,5.2051,9.5129,13.992633333333336,12.660925000000002,10.604520000000003,9.405933333333335,8.403914285714288,8.223357142857145,7.6238714285714275,6.810271428571428,8.421814285714287,10.169942857142859,11.439285714285715,11.518600000000003,11.2854,10.634971428571431,10.594999999999999,10.321042857142857,10.871857142857143,11.568757142857143,12.9358,14.295599999999999,15.246914285714285,16.724214285714286,16.646657142857144,15.088485714285714,13.227571428571428,14.085742857142858,14.208042857142857,14.280328571428571,11.340985714285717,9.889071428571429,11.332542857142858,11.452514285714287,10.667842857142857,10.001071428571427,9.584514285714286,10.8004,11.118614285714287,9.255614285714286,10.569485714285715,10.465900000000001,11.965500000000002,10.958542857142858,9.22417142857143,10.603257142857144,11.666114285714286,12.118742857142857,11.68472857142857,11.452042857142859,14.034142857142857,13.994214285714287,13.386128571428571,13.093142857142857,13.24207142857143,13.063314285714284,11.796485714285714,9.29822857142857,10.955628571428573,11.450185714285713,10.3599,8.124585714285715,9.525571428571428,12.180014285714284,14.825542857142858,15.383857142857142,14.173957142857144,15.088271428571431,16.147300000000005,14.128728571428573,10.685757142857144,8.227714285714285,5.953957142857142,5.212357142857143,5.953442857142856,7.105185714285715,7.723842857142857,11.88027142857143,13.826085714285714,15.573571428571427,17.883971428571428,19.198471428571427,19.8004,21.474699999999995,18.390171428571428,16.951199999999996,16.040242857142854,14.561871428571425,13.373242857142856,11.3138,9.940942857142858,9.490442857142856,8.767142857142856,8.904271428571429,9.680185714285715,8.033842857142858,8.233642857142858,9.20137142857143,11.821514285714287,13.148957142857142,13.632085714285713,13.6797,15.46867142857143,17.22217142857143,18.422714285714285,16.256828571428574,15.013057142857141,15.104642857142858,15.897671428571428,15.128357142857144,13.19335714285714,11.546442857142859,10.483514285714287,14.938942857142859,16.381328571428572,15.712942857142858,14.713800000000003,14.273314285714287,13.964328571428572,15.780842857142856,12.6837,9.7329,8.456714285714286,9.054942857142859,8.936285714285715,7.645728571428571,8.415914285714285,12.042714285714286,14.091800000000001,13.652485714285714,13.238228571428573,13.32344285714286,13.82077142857143,13.879471428571426,12.35082857142857,12.7769,13.18944285714286,15.787585714285715,16.24612857142857,17.72697142857143,15.121228571428572,13.678257142857143,12.195557142857144,11.480142857142857,10.905685714285713,12.030899999999999,11.140785714285714,12.680757142857145,11.341400000000002,11.366885714285713,12.57162857142857,13.050557142857144,12.602185714285714,13.297957142857143,11.769957142857141,11.036414285714285,10.178914285714285,9.45042857142857,6.948142857142857,7.099585714285714,7.624414285714286,10.028628571428571,12.274742857142858,14.588442857142857,15.849685714285714,17.432585714285715,17.773371428571426,16.188742857142856,15.486471428571425,13.87092857142857,12.47097142857143,12.763442857142858,14.0455,14.262,13.634214285714284,11.925071428571428,11.304685714285712,10.420414285714285,10.067271428571429,9.183057142857143,9.155857142857144,9.103942857142858,9.44797142857143,10.633128571428573,11.286142857142858,9.594342857142859,7.3326,5.384842857142857,6.272785714285716,6.38667142857143,7.6586428571428575,7.863014285714286,9.727728571428571,11.691642857142856,12.439114285714286,11.584014285714286,11.126800000000001,9.483185714285714,9.038300000000001,7.353914285714285,6.5463000000000005,6.644114285714286,7.6314714285714285,7.953314285714286,7.186071428571428,6.843942857142856,7.386742857142857,6.280114285714285,5.324142857142857,4.2946,4.259614285714286,4.4379,4.237557142857143,3.4438142857142853,3.3911714285714285,3.364442857142857,4.165542857142857,4.297771428571428,4.190128571428571,4.115742857142857,4.223528571428571,4.250871428571428,4.1831,3.375371428571428,2.9654999999999996,2.931942857142857,3.8129285714285714,5.139742857142857,5.863042857142857,6.500685714285714,6.871271428571427,7.799685714285714,8.735271428571428,8.5929,7.200128571428571,7.378114285714285,8.342042857142857,8.704914285714286,8.000814285714286,7.580357142857143,7.119014285714286,7.363985714285714,6.786114285714286,5.9794285714285715,6.176342857142857,6.707314285714285,7.127114285714286,7.9096714285714285,8.21197142857143,9.05187142857143,11.068714285714284,14.007842857142858,15.687671428571429,16.225385714285714,15.549914285714285,15.964557142857142,16.94452857142857,16.7153,14.869557142857145,13.524314285714286,13.051,15.981885714285715,18.67115714285714,21.064685714285712,21.932285714285715,22.572042857142858,24.2269,24.46402857142857,21.950814285714284,18.629814285714282,14.365499999999997,11.192585714285713,8.963071428571428,7.8366999999999996,10.04662857142857,13.161142857142854,13.754214285714284,14.084785714285713,15.59512857142857,17.488514285714285,20.428628571428572,19.109957142857144,18.894371428571425,18.021542857142858,19.353085714285715,19.764828571428573,19.02112857142857,19.554485714285715,18.1246,16.504157142857142,19.821785714285713,18.896014285714283,20.92567142857143,23.867957142857144,20.422285714285714,21.91755714285714,23.969500000000004,21.637642857142858,25.166014285714287,24.472100000000005,20.69517142857143,19.403157142857143,19.430414285714285,15.34405714285714,16.356871428571427,13.633442857142857,11.172414285714284,11.221971428571427,12.241042857142856,10.022371428571429,9.956185714285713,8.062185714285715,6.265014285714287,5.1959857142857135,5.626114285714285,4.9753,6.029585714285714,8.243442857142856,8.740571428571428,8.799071428571429,11.783842857142858,12.699585714285714,12.072357142857141,13.351385714285714,13.268857142857144,12.739328571428572,12.94567142857143,12.05372857142857,11.3296,11.94632857142857,11.991642857142859,12.659442857142858,14.704557142857142,14.756942857142857,13.08482857142857,11.832585714285713,11.501271428571428,12.549514285714285,11.611342857142859,10.193985714285715,9.981842857142855,9.73327142857143,10.343685714285714,10.438242857142857,7.325828571428572,6.078457142857142,6.079885714285714,7.803485714285714,7.8423428571428575,9.298385714285715,10.289585714285716,10.007242857142858,9.733728571428571,8.951914285714286,8.423814285714286,9.285785714285714,7.221628571428572,5.862514285714285,6.281357142857144,5.953728571428572,5.951985714285714,5.2891,4.339042857142858,4.317828571428572
53,4.3554,4.3554,12.8185,14.820066666666667,12.545875,10.6486,9.383683333333334,8.389457142857143,8.540442857142859,6.948600000000001,7.3289,9.6146,10.735457142857141,11.550742857142856,11.539528571428571,11.101428571428572,10.891742857142859,8.529485714285713,8.139771428571427,9.053557142857143,9.226857142857142,10.447757142857142,12.680042857142857,12.148357142857142,15.5068,15.4289,14.103057142857143,13.955685714285712,15.683285714285715,15.856171428571427,16.29502857142857,13.372357142857142,11.45047142857143,12.796585714285714,12.22697142857143,12.186771428571427,10.745314285714286,11.229828571428571,12.00057142857143,13.359114285714286,11.939814285714286,13.735057142857142,12.401285714285715,17.136742857142856,15.941142857142856,14.486071428571426,13.827271428571427,16.410642857142854,16.735785714285715,15.969085714285715,12.907728571428573,15.704314285714284,15.968428571428571,17.096200000000003,15.58847142857143,15.916885714285716,15.920185714285713,14.624999999999998,12.026271428571429,13.90987142857143,14.988985714285715,13.231742857142859,10.415471428571431,12.3911,14.779528571428573,17.38217142857143,17.75297142857143,16.47937142857143,18.612428571428573,19.63642857142857,17.2929,13.598285714285714,10.80942857142857,8.182142857142859,6.185057142857143,5.786471428571429,6.564,6.641771428571429,10.312157142857144,12.439742857142859,13.495414285714288,16.147514285714287,18.34304285714286,19.25704285714286,20.7554,17.358814285714285,15.554714285714285,15.2945,13.616900000000001,11.487442857142858,9.238357142857144,7.7899714285714285,8.290142857142857,8.113714285714286,8.603399999999999,9.307857142857143,7.4627,7.800642857142857,10.258828571428571,12.60567142857143,14.14914285714286,13.10771428571429,13.148985714285715,13.830185714285717,15.422371428571427,14.30837142857143,12.605099999999998,10.814614285714287,11.75827142857143,12.437,13.18392857142857,11.088657142857143,10.269657142857143,8.899771428571428,11.940042857142858,13.325800000000001,12.988342857142857,11.546257142857144,11.41332857142857,11.5368,12.649957142857142,10.927685714285714,11.166157142857143,10.466985714285714,11.335628571428572,11.16347142857143,10.751614285714286,12.641871428571429,15.448428571428574,15.018657142857142,13.659071428571428,12.858271428571427,13.351799999999999,12.794685714285714,15.3635,14.1229,16.144085714285715,19.259242857142855,22.08594285714286,22.464828571428573,23.42824285714286,18.11517142857143,17.138885714285713,14.088542857142857,11.186157142857143,13.950528571428569,15.014971428571426,14.495014285714282,16.964428571428574,16.02357142857143,17.33612857142857,18.007242857142856,14.308914285714286,14.735228571428573,14.226057142857144,11.47717142857143,10.553171428571428,8.011685714285715,7.612099999999999,6.455871428571429,5.345957142857143,7.683971428571427,11.361114285714285,13.279285714285711,15.085285714285716,16.526085714285713,16.73935714285714,17.796685714285715,16.977957142857143,15.393899999999999,13.750528571428571,12.307914285714284,12.254985714285713,12.969642857142857,10.9858,9.534585714285713,7.424271428571429,7.138628571428571,6.7635,6.945685714285714,7.152099999999999,7.899371428571428,7.730542857142857,8.173757142857143,9.161371428571428,9.500142857142857,7.478885714285715,5.654442857142857,4.762142857142857,5.080942857142858,5.475757142857143,5.352442857142856,5.688342857142857,7.224828571428572,7.4592142857142845,7.383157142857143,7.1816,6.3646142857142864,5.524585714285715,4.9312,4.151928571428572,4.449928571428571,5.149728571428571,6.063471428571428,6.0541857142857145,6.043257142857143,6.2522,5.696257142857142,5.151585714285715,4.3788285714285715,3.6146428571428575,3.6773714285714285,3.692628571428571,3.2611285714285714,3.0171714285714293,2.9257142857142853,2.8985999999999996,5.043028571428571,5.191214285714286,5.1419428571428565,5.210014285714286,5.312757142857143,5.368785714285714,5.333,2.945342857142857,2.750942857142857,2.8850857142857143,3.066157142857143,3.8238428571428575,3.977957142857143,4.630514285714286,4.810771428571429,5.832942857142858,6.598185714285714,6.838614285714286,6.047428571428571,6.954114285714286,7.499257142857142,7.499257142857142,6.724757142857142,5.877514285714285,5.583442857142857,5.706971428571429,4.760785714285714,3.928157142857143,3.9572000000000003,3.910814285714286,5.153957142857144,6.916528571428572,6.792257142857143,7.869342857142857,10.242199999999999,12.646214285714288,14.468742857142859,14.247857142857143,12.511157142857144,12.59667142857143,12.979542857142857,11.716228571428571,11.317414285714287,10.287257142857143,10.019128571428572,11.977357142857144,15.090014285714286,14.550285714285716,16.394085714285715,15.789771428571429,17.292057142857143,17.560185714285716,16.028357142857143,13.10862857142857,12.246057142857142,9.115585714285714,8.030800000000001,10.048428571428571,12.608814285714287,16.150742857142856,16.238685714285715,16.66474285714286,17.5769,19.969400000000004,18.13672857142857,17.157385714285716,17.885742857142855,17.53414285714286,19.192957142857143,21.780728571428572,19.938985714285714,19.14952857142857,16.69422857142857,14.605414285714286,16.434714285714286,14.808957142857142,12.563042857142856,16.75832857142857,15.975971428571428,17.38575714285714,19.105871428571426,18.282042857142855,21.656642857142856,24.083985714285713,18.955899999999996,18.787728571428573,21.087899999999998,16.624414285714284,16.624799999999997,13.921114285714284,10.362557142857142,10.362585714285714,11.1423,7.3850428571428575,7.348885714285714,6.5003714285714285,5.337785714285714,5.373814285714287,6.599928571428571,5.616471428571429,6.584114285714286,8.483342857142857,9.056085714285715,9.300228571428573,12.658371428571428,13.565742857142856,12.773185714285715,14.7889,15.035771428571431,14.53744285714286,14.638757142857145,13.57345714285714,12.83242857142857,13.79338571428571,13.2158,14.41732857142857,16.285471428571427,16.716971428571426,14.951042857142856,13.509085714285714,13.176057142857143,15.237242857142858,14.561614285714287,13.053857142857144,12.2846,11.848357142857141,12.744442857142857,12.781214285714286,9.349957142857145,7.3938999999999995,7.984414285714285,8.170442857142856,8.164514285714287,10.261342857142855,11.252799999999999,10.2476,10.063142857142859,8.820642857142857,10.570214285714286,11.264357142857145,8.27582857142857,6.813871428571427,7.1636428571428565,6.736885714285713,6.918457142857143,5.3042428571428575,4.2418571428571425,4.266828571428571
54,8.0188,8.0188,14.109100000000002,16.802733333333336,13.617825000000002,12.915740000000003,11.172800000000002,10.083728571428574,10.8599,9.433828571428572,11.451185714285714,13.563857142857144,13.511600000000001,13.927800000000001,13.750842857142857,12.317228571428572,12.00324285714286,9.622128571428572,7.6067857142857145,7.691485714285713,8.34457142857143,9.574628571428573,11.739342857142857,11.350542857142857,11.527242857142856,13.901742857142855,14.845957142857143,14.571071428571429,15.061771428571431,14.5296,14.507657142857143,12.111257142857143,11.653585714285713,10.623557142857143,9.947742857142858,9.901700000000002,8.506814285714286,9.086928571428572,11.168000000000001,9.943385714285714,9.042442857142857,10.868271428571429,11.819457142857145,17.127957142857145,16.234714285714286,14.309657142857143,14.186185714285713,15.617185714285712,15.977585714285713,13.702185714285713,9.861571428571429,12.352814285714285,12.207542857142856,12.577842857142857,11.853385714285713,11.535885714285714,11.3858,10.400642857142856,7.893857142857143,10.13497142857143,10.596857142857143,9.724457142857144,7.770885714285713,9.593185714285713,11.224728571428571,13.689971428571427,15.85052857142857,15.333042857142857,17.39625714285714,18.17385714285714,16.231800000000003,13.741557142857145,11.329857142857142,6.671542857142858,5.450914285714286,5.245157142857143,6.2681,6.779928571428571,10.282271428571429,12.284671428571428,13.4665,16.195142857142855,17.62747142857143,18.0672,19.76787142857143,16.433271428571427,14.373828571428572,13.996542857142858,12.182514285714287,10.885057142857145,8.712642857142857,6.896442857142857,7.146742857142857,7.339928571428571,7.901942857142856,8.078057142857142,6.1018,6.825814285714286,9.226257142857142,12.232157142857142,14.079742857142858,12.84095714285714,13.56897142857143,14.159142857142857,15.856314285714285,15.239214285714285,13.280942857142858,11.185357142857143,12.466828571428573,13.325614285714284,13.986514285714284,11.7084,10.689757142857143,9.214114285714286,13.283514285714286,14.721142857142857,14.34842857142857,13.097328571428571,12.924028571428574,13.4911,14.840128571428574,12.040071428571428,11.6001,10.348528571428572,11.406971428571428,11.319928571428571,10.114157142857142,11.6612,13.2728,11.438128571428573,10.405157142857144,9.4564,10.090199999999998,9.78267142857143,10.556799999999999,10.6118,12.977028571428573,17.37055714285714,20.203957142857142,20.437199999999997,21.755742857142852,18.45745714285714,17.625185714285717,15.394685714285716,11.17,13.878557142857144,15.585128571428571,14.787285714285712,16.8317,16.69442857142857,18.70307142857143,20.03691428571429,16.184671428571427,15.383157142857142,14.643714285714283,12.27847142857143,10.35282857142857,7.736742857142857,6.428728571428571,5.432285714285714,5.5318,7.475814285714286,9.881471428571428,11.073714285714287,12.153585714285713,13.00917142857143,12.894814285714286,11.74917142857143,10.914285714285715,11.100514285714285,10.043957142857142,9.490328571428572,10.046142857142858,11.022657142857144,10.485442857142859,9.564971428571429,6.995928571428571,6.853742857142857,6.407957142857143,7.701657142857144,8.212171428571429,9.124785714285714,8.945114285714286,9.538185714285715,9.934585714285715,10.020971428571427,7.140357142857143,5.046685714285714,4.119414285714286,4.1338,4.116357142857142,4.453057142857142,5.066528571428571,6.1237571428571425,6.508971428571429,6.449928571428572,6.458485714285714,5.8705428571428575,5.129199999999999,4.4458714285714285,3.830957142857143,3.6901428571428574,4.292314285714286,4.789185714285715,4.779400000000001,4.811442857142857,4.862171428571428,4.692742857142856,4.428042857142857,3.7417857142857143,3.2426142857142857,3.4114428571428577,3.409757142857143,3.1351714285714287,2.792128571428571,2.744342857142857,2.6990857142857143,4.837171428571429,5.018542857142857,4.958542857142858,5.040257142857143,5.267557142857143,5.303385714285715,5.303414285714287,3.194057142857143,2.875228571428571,3.007428571428572,3.0761571428571424,3.5243571428571436,3.5298714285714285,4.194,4.2858857142857145,4.848214285714286,5.518242857142858,5.553885714285714,5.130128571428571,5.720485714285714,5.7705142857142855,5.8854,5.525714285714285,4.7905999999999995,4.769857142857142,4.726771428571429,4.1659,3.8232,3.8356,3.9265000000000003,4.737485714285715,6.1935,6.1516142857142855,7.0996428571428565,9.31622857142857,10.612885714285714,11.764685714285715,11.974757142857143,10.600571428571428,10.680914285714284,12.381285714285713,12.047085714285714,12.695628571428573,11.913757142857145,11.615357142857144,13.49377142857143,15.805228571428573,14.528271428571431,15.426628571428571,14.699814285714286,15.481685714285716,15.751899999999997,14.006400000000001,11.824042857142857,10.567371428571429,7.667642857142858,6.776828571428572,8.451357142857145,10.878642857142856,13.715942857142855,13.43127142857143,14.115971428571429,15.294899999999998,17.21588571428571,16.62907142857143,15.9007,17.153071428571426,17.188,18.9195,20.504699999999996,18.96555714285714,18.91647142857143,16.451128571428573,15.015142857142857,16.352857142857143,14.387028571428573,12.823242857142858,17.14381428571429,15.95094285714286,17.596942857142857,19.21484285714286,18.872999999999998,22.36297142857143,24.591885714285716,19.553757142857144,18.829285714285714,20.087314285714285,15.516242857142858,15.697185714285713,12.99252857142857,9.448985714285714,9.405885714285715,10.80975714285714,7.6232428571428565,7.743971428571428,6.486171428571429,5.067971428571428,5.2620000000000005,6.420657142857143,5.5063571428571425,6.106528571428571,7.2176,8.279814285714284,8.47257142857143,11.556028571428572,14.259328571428572,13.4228,16.44934285714286,15.485871428571427,14.943042857142855,15.039814285714284,14.380671428571427,12.295685714285714,13.023214285714285,12.171142857142858,15.607271428571428,16.262842857142857,16.23697142857143,14.10167142857143,12.291814285714285,13.326014285714285,13.229585714285715,10.5631,9.872671428571428,10.193228571428572,9.980742857142856,10.564771428571428,9.632042857142858,7.9537,7.160414285714286,8.970514285714286,8.607842857142858,8.412171428571428,10.566642857142856,9.869642857142855,8.819542857142856,8.9366,6.647757142857143,8.072285714285714,8.573385714285715,5.5739,5.7329,6.221185714285714,5.9998571428571426,6.088399999999999,4.614471428571428,4.172028571428572,4.367142857142857
55,8.0006,8.0006,16.14965,18.431133333333335,14.698950000000002,12.78372,11.055850000000001,9.89627142857143,9.899257142857142,7.796028571428571,7.802528571428572,10.067414285714287,10.478557142857142,10.922128571428573,10.818542857142859,10.111928571428573,9.886899999999999,7.3290571428571445,5.3776142857142855,5.523785714285714,5.931728571428571,6.926371428571429,9.320042857142855,8.616342857142858,10.776700000000002,12.807342857142858,12.886214285714287,12.772642857142857,13.333771428571428,12.434614285714286,13.138242857142856,10.844800000000003,9.014942857142858,8.978157142857143,8.2995,8.642042857142856,7.2995285714285725,7.302085714285714,9.0379,9.440857142857142,8.6848,10.56557142857143,11.084642857142857,17.495085714285718,16.773485714285716,15.532514285714287,15.339114285714288,16.499757142857142,16.836085714285712,14.502400000000003,9.230357142857143,11.864857142857144,11.346757142857143,11.941542857142855,11.537128571428571,11.1476,11.076257142857143,10.179914285714286,7.55812857142857,9.29972857142857,9.161442857142857,8.153728571428571,6.3065428571428575,8.201457142857143,10.032171428571429,13.017871428571429,13.91667142857143,14.498357142857143,16.520457142857143,17.29807142857143,15.398300000000003,13.074428571428571,10.1935,7.298242857142857,5.358257142857143,4.157571428571429,4.2224571428571425,4.7219,8.093885714285713,9.657942857142856,10.817242857142856,13.607371428571426,16.79205714285714,17.788114285714283,19.64251428571428,16.393642857142858,14.628457142857144,14.29192857142857,12.485785714285715,10.52472857142857,8.6993,6.76842857142857,7.036614285714285,7.417899999999999,7.836771428571429,7.943114285714286,5.925828571428572,6.4517,8.997671428571428,11.98757142857143,13.823628571428571,12.727442857142858,13.518428571428572,13.90242857142857,15.941557142857144,14.834914285714287,12.544957142857143,10.330657142857143,11.511214285714287,12.3997,13.095742857142856,10.856114285714286,10.070271428571429,8.979871428571428,12.195857142857145,13.425342857142857,13.08842857142857,11.96187142857143,11.589928571428572,12.456457142857143,14.177371428571432,12.108457142857144,11.702871428571427,9.976114285714287,11.07002857142857,11.044157142857143,9.715399999999999,10.437800000000001,12.255657142857144,10.558057142857141,9.855242857142857,8.918228571428571,9.633785714285713,9.589899999999998,10.75542857142857,10.707400000000002,13.210871428571428,16.3698,19.004314285714283,19.13507142857143,19.825642857142856,16.49072857142857,15.237528571428571,13.236571428571429,10.445371428571429,11.419371428571429,12.996385714285713,12.762642857142856,15.187257142857144,15.114914285714287,15.54652857142857,17.017757142857143,15.12037142857143,14.675557142857144,13.717557142857144,11.068457142857142,9.526728571428569,8.293642857142858,6.6779,5.724685714285713,5.765114285714286,7.8222000000000005,10.656428571428572,12.281114285714287,15.96732857142857,16.965871428571425,16.68352857142857,15.619214285714287,15.208085714285714,14.033428571428571,12.4316,9.126357142857142,9.73122857142857,10.790899999999999,10.198214285714286,8.6193,6.982628571428571,6.946385714285715,6.620757142857143,8.066071428571428,8.46727142857143,9.08162857142857,9.036085714285713,9.498457142857143,10.261757142857144,10.458228571428574,7.243071428571428,5.3176000000000005,4.5704142857142855,4.687885714285714,4.767528571428572,4.907428571428571,5.5,6.7365,6.821071428571429,6.6968000000000005,6.600714285714287,6.031728571428572,5.125414285714286,4.327442857142857,3.3518714285714286,3.3507285714285713,3.726714285714286,4.369128571428571,4.348685714285714,4.377814285714286,4.349214285714286,4.323128571428571,4.168171428571428,3.727671428571429,3.1105142857142853,3.2639142857142858,3.259657142857143,3.0763571428571432,2.764885714285714,2.7276285714285717,2.6955428571428572,4.898028571428571,5.1381571428571435,5.087985714285715,5.175242857142858,5.291314285714286,5.280500000000001,5.272100000000001,3.0304285714285712,2.694828571428572,2.8363857142857145,3.0157285714285713,3.6311,3.672957142857143,4.384785714285714,4.4263,5.0027,5.3998,5.360557142857142,4.809714285714286,5.170914285714285,5.0766857142857145,5.253857142857143,4.807314285714285,4.337157142857143,4.221471428571428,4.154671428571429,3.8180142857142862,3.5262428571428575,3.513471428571429,3.605457142857143,4.440914285714285,5.756557142857142,5.752414285714286,6.608899999999999,8.104814285714285,9.978071428571427,11.190342857142857,11.191485714285715,9.9023,9.960728571428572,10.805942857142856,11.431314285714285,11.534314285714286,10.724871428571428,10.661757142857143,12.609057142857143,14.950614285714286,14.551442857142858,15.35184285714286,14.363928571428572,15.06032857142857,15.169757142857142,13.585442857142855,11.519385714285713,10.282857142857143,7.129357142857143,6.257828571428571,8.25617142857143,10.423514285714287,13.287885714285713,12.87882857142857,13.168114285714285,14.163214285714286,15.667414285714287,14.495685714285715,14.116942857142858,15.218499999999997,15.313557142857144,17.495471428571427,19.3731,18.18088571428572,19.65132857142857,17.212,16.3048,17.508614285714284,15.468342857142858,17.206214285714285,21.863914285714284,19.253800000000002,20.88062857142857,22.084228571428575,22.08421428571429,25.196457142857145,24.2768,19.07267142857143,18.258042857142858,19.69727142857143,14.96567142857143,15.02844285714286,12.645642857142859,8.979157142857142,8.978214285714285,10.585028571428571,7.2233857142857145,7.397557142857144,6.051814285714285,4.789214285714286,4.992728571428572,6.489257142857143,5.863328571428572,6.637628571428571,7.530714285714285,8.815157142857142,9.421242857142857,12.38342857142857,14.854185714285714,13.995857142857144,16.340928571428574,15.575885714285715,14.576242857142857,14.230428571428572,14.365328571428572,12.544514285714286,12.782428571428571,12.24207142857143,16.374828571428573,17.817000000000004,17.872342857142858,15.106385714285716,12.904742857142859,14.435014285714285,14.831657142857141,11.487099999999998,9.770442857142857,10.043442857142859,10.153985714285714,10.89182857142857,9.832014285714285,7.814057142857143,7.032642857142856,9.153671428571428,8.751142857142856,8.097657142857143,9.481042857142858,8.628014285714288,7.622771428571428,7.5998285714285725,5.476914285714286,7.157514285714285,7.7420285714285715,5.490928571428571,5.915828571428571,6.298628571428572,6.130071428571429,6.307514285714286,4.422657142857142,3.8826714285714283,4.101928571428571
56,9.4317,9.4317,14.58675,17.953466666666667,14.194849999999999,12.225039999999998,10.581916666666666,9.414771428571427,9.213185714285714,7.760242857142858,7.641428571428571,9.492642857142856,10.014728571428572,10.28017142857143,10.250414285714285,9.442871428571427,9.21847142857143,6.636842857142858,5.1744142857142865,5.322742857142857,5.865042857142856,6.8001571428571435,9.489142857142857,8.762514285714285,10.978385714285716,12.944214285714285,13.920414285714285,13.481314285714285,14.176857142857143,13.286671428571427,14.085799999999997,11.750357142857142,10.074885714285715,8.95327142857143,8.658871428571429,8.895428571428571,7.346042857142857,7.492842857142857,9.039742857142857,9.34777142857143,8.6878,10.600200000000001,11.135042857142858,16.58164285714286,15.646,14.222328571428571,14.028628571428571,15.067357142857142,15.084214285714284,12.774557142857143,8.224157142857143,10.800957142857143,10.544328571428574,11.297085714285714,11.115442857142856,11.08852857142857,10.996585714285713,10.117314285714286,7.670128571428571,9.41567142857143,8.823442857142856,7.802657142857143,5.953871428571428,7.8701285714285705,9.502671428571428,12.453285714285714,13.797571428571429,14.086928571428572,15.77477142857143,16.470657142857142,14.559285714285712,12.66342857142857,9.601,6.262985714285715,4.9436857142857145,4.078957142857143,3.9124142857142856,4.278557142857143,7.814042857142858,9.364085714285713,10.252385714285714,12.775557142857142,15.591428571428574,16.661957142857144,18.77022857142857,15.406457142857146,13.755600000000001,13.684642857142858,11.965357142857144,10.637728571428571,8.958428571428573,6.880971428571429,6.9309714285714294,7.006485714285715,6.830557142857144,7.174557142857141,4.8881000000000006,5.576942857142858,8.016242857142858,10.8278,13.082385714285712,12.51817142857143,12.528428571428572,12.778971428571428,14.235328571428571,13.096657142857142,11.150357142857143,8.783157142857144,9.97752857142857,11.565642857142857,12.399314285714285,10.67082857142857,10.002728571428573,8.911314285714285,12.103900000000001,13.230557142857142,12.836014285714286,11.708257142857144,11.25217142857143,12.285,13.463700000000001,11.397442857142858,11.1448,9.433142857142856,10.871342857142858,10.851699999999997,9.486414285714286,10.922685714285715,13.041214285714286,11.218085714285715,10.589857142857143,9.249885714285714,10.069514285714286,10.004014285714286,12.721699999999998,12.600085714285715,15.230657142857142,18.292142857142856,20.685257142857143,20.70928571428571,21.53195714285714,16.636542857142857,14.378657142857142,13.202342857142856,10.557,13.331228571428571,14.8027,14.148399999999999,17.63932857142857,18.703885714285715,17.9095,19.245128571428573,15.866514285714286,14.522714285714285,13.912242857142855,10.03002857142857,8.279914285714286,7.450071428571428,5.888442857142857,4.840871428571428,5.202128571428572,7.201528571428573,9.694728571428572,11.982371428571428,13.268028571428573,13.940299999999997,13.70572857142857,13.474271428571429,12.727814285714286,13.18312857142857,10.894614285714287,9.910042857142857,10.718599999999999,11.062114285714285,10.453899999999999,9.139885714285715,6.214285714285714,6.106157142857143,6.0535,8.343871428571429,10.431028571428572,10.795457142857144,10.73857142857143,11.034157142857142,11.806299999999998,11.9522,8.008285714285716,5.063228571428572,4.398185714285714,4.485942857142857,4.497328571428571,4.512485714285715,5.311828571428571,6.3729000000000005,6.491142857142857,6.3868285714285715,6.322785714285715,5.958799999999999,5.143071428571429,3.935414285714286,3.1738571428571434,3.3265285714285717,3.5580428571428575,3.9054571428571427,3.9082857142857144,3.951214285714286,3.9405571428571426,3.757557142857143,3.441528571428571,3.1266571428571437,2.912914285714286,3.0266428571428574,3.0017,2.853157142857143,2.6673714285714283,2.718257142857143,2.730757142857143,5.0576857142857135,5.2258571428571425,5.1947142857142845,5.225985714285714,5.3283000000000005,5.270414285714286,5.241885714285715,2.7671,2.5370285714285714,2.728985714285714,2.8439714285714284,3.4642428571428567,3.5143857142857144,4.089628571428571,4.148214285714286,4.743571428571428,5.232128571428572,5.3887857142857145,4.868042857142858,5.125785714285714,5.077014285714285,5.210985714285714,4.720942857142857,4.108114285714286,3.8927714285714288,3.885685714285714,3.6738,3.2811285714285714,3.3136,3.2382000000000004,4.0262714285714285,5.225085714285714,5.148071428571429,6.01,7.5083714285714285,9.125342857142858,10.746542857142856,10.562085714285715,9.372457142857142,9.418385714285714,10.920385714285715,11.497728571428572,11.8586,10.798242857142856,10.812899999999999,12.93172857142857,15.37392857142857,14.2402,15.279742857142855,14.11997142857143,14.935628571428575,14.92097142857143,13.252542857142858,11.088542857142855,9.845814285714287,6.693342857142858,5.933628571428571,7.765314285714285,10.076571428571429,12.91992857142857,12.51167142857143,12.828442857142859,13.971800000000002,15.215557142857145,14.174185714285715,14.265757142857142,15.140657142857142,15.2915,17.49352857142857,19.0949,18.300700000000003,19.327185714285715,16.545257142857142,15.614014285714285,16.78317142857143,14.683057142857141,13.710514285714286,18.290714285714284,16.095714285714287,17.74642857142857,18.63838571428571,19.8596,23.044385714285717,24.50402857142857,19.8191,19.40228571428571,20.722014285714287,16.506914285714284,15.508885714285713,12.874999999999998,9.667999999999997,9.187985714285714,10.59947142857143,7.3633999999999995,7.579,6.0634,5.030742857142856,5.214014285714286,6.628928571428571,5.558728571428572,6.2116999999999996,6.925285714285714,8.370257142857144,8.897342857142856,11.880800000000002,14.668457142857145,14.058271428571429,16.597057142857143,15.942642857142857,14.907485714285714,14.594499999999998,14.452457142857142,12.0397,12.309042857142856,11.7015,15.905199999999999,17.157485714285713,17.716914285714285,15.432571428571427,13.50025714285714,13.272099999999998,13.633742857142858,10.212028571428572,8.553185714285714,8.067728571428573,7.628671428571429,8.413100000000002,9.692971428571429,7.0361,6.210371428571428,8.862271428571429,8.81702857142857,8.473428571428572,9.681185714285716,8.248785714285715,7.9059285714285705,7.905928571428572,5.328285714285714,7.167342857142856,7.406757142857143,5.3161,5.593600000000001,6.033,5.834828571428572,5.9378714285714285,3.9510714285714283,3.781571428571428,4.071914285714286
57,4.9898,4.9898,9.24185,13.957533333333332,11.195875,9.786859999999999,8.556433333333333,7.677499999999999,8.110414285714286,7.934742857142858,7.653500000000001,9.570485714285715,9.5532,9.699185714285715,9.670042857142857,8.905857142857144,7.750528571428573,5.287185714285714,3.5418714285714286,4.197985714285714,5.069471428571428,5.950457142857142,8.611057142857144,8.372,10.95567142857143,12.584528571428573,12.719757142857144,12.504557142857143,13.074285714285713,12.072671428571429,12.591842857142856,10.11792857142857,10.090557142857145,9.8693,9.134814285714286,9.66642857142857,8.0971,8.627442857142857,10.232971428571428,9.265028571428571,8.615,10.467557142857144,10.9275,14.08912857142857,13.062385714285712,11.864585714285713,12.039085714285715,13.15217142857143,13.158742857142856,10.79917142857143,8.568914285714285,11.132542857142855,10.459885714285715,11.042257142857142,10.576371428571429,10.565299999999999,10.483128571428571,9.4877,6.993742857142857,8.881914285714284,7.945042857142858,7.099885714285714,5.666528571428572,7.837185714285714,10.095828571428571,12.879214285714285,12.557242857142857,12.678857142857142,13.670357142857144,14.007542857142857,11.849400000000001,9.5241,6.673442857142858,4.989285714285714,4.1683,3.8254571428571427,3.8051,4.057757142857143,7.395457142857142,8.326414285714284,8.907057142857143,10.557114285714286,12.351414285714284,13.272957142857141,15.376557142857141,12.162671428571429,11.190628571428572,11.0485,10.071814285714286,9.6267,7.904100000000001,5.865828571428572,5.756828571428572,6.467357142857144,7.3577,7.557185714285715,5.593771428571428,6.2707,8.84297142857143,11.773085714285715,13.165585714285713,11.841428571428569,11.868471428571429,11.871471428571429,13.37427142857143,11.613028571428572,9.4705,7.360957142857143,8.277014285714285,10.040000000000001,11.126885714285716,9.084685714285714,8.563385714285713,7.7527,10.760085714285713,11.692071428571428,11.253171428571429,10.134028571428571,9.986942857142855,10.749600000000001,11.927328571428571,10.1178,9.386,7.524400000000001,8.756957142857143,8.729685714285715,7.6663,8.913685714285716,10.3446,9.259042857142859,8.864885714285716,7.639628571428572,8.082485714285713,8.052285714285714,10.060457142857144,11.469042857142856,12.256785714285714,16.047428571428572,18.422085714285714,20.731685714285714,21.43961428571429,17.335471428571427,13.863757142857141,14.892114285714287,11.425771428571426,12.271357142857143,11.248642857142856,10.782971428571427,14.205542857142856,15.050600000000001,13.826614285714285,14.529085714285713,12.929785714285712,12.347285714285716,11.876714285714284,8.1685,6.897614285714285,6.328985714285714,5.508071428571428,4.577471428571428,4.629871428571429,6.966371428571429,9.565757142857143,11.398142857142856,12.974428571428572,13.417271428571429,13.203614285714286,12.474657142857144,11.296942857142858,11.12952857142857,9.220771428571428,7.908557142857143,8.429599999999999,8.39787142857143,8.381342857142856,7.247714285714287,4.8135,4.788328571428571,4.658057142857143,6.438400000000001,8.8903,9.083614285714287,9.060471428571429,9.350085714285713,9.669814285714285,9.826428571428574,6.9245714285714275,4.0945285714285715,3.5631,3.6932000000000005,3.6856571428571425,3.9517999999999995,4.2982,5.09732857142857,5.146757142857142,5.118214285714286,5.009485714285715,4.711971428571429,4.110657142857143,3.5179,2.9979,3.2003142857142857,3.354914285714286,3.5351,3.5067285714285714,3.5463999999999998,3.5464142857142855,3.3629285714285713,3.092157142857143,2.8801,2.849157142857142,2.988985714285714,2.949414285714286,2.8277000000000005,2.6787,2.713314285714286,2.7231,5.081071428571428,5.247342857142857,5.212642857142858,5.231328571428571,5.322842857142857,5.253514285714286,5.213571428571428,2.7034857142857147,2.483414285714286,2.6065714285714283,2.6987857142857146,3.1557,3.2233714285714288,3.691042857142857,3.7126999999999994,4.077914285714285,4.334857142857143,4.337128571428571,3.8996,4.0907857142857145,3.9096857142857147,3.9681000000000006,3.618357142857143,3.307242857142857,3.285585714285714,3.2609999999999997,3.0944000000000003,2.927985714285714,2.9231142857142856,2.8838,3.501714285714286,4.560157142857142,4.5506714285714285,5.345857142857143,6.6470714285714285,8.181042857142858,9.637828571428571,9.323085714285714,8.258014285714285,8.266071428571427,8.26607142857143,7.900314285714286,8.161071428571427,7.014085714285715,7.208285714285714,8.8344,11.113957142857144,11.232800000000001,11.938528571428572,11.103342857142858,12.065985714285716,12.00137142857143,10.768628571428573,8.805642857142855,7.87702857142857,6.207171428571428,5.53457142857143,6.877742857142857,9.126114285714285,11.240385714285713,10.850228571428572,11.065299999999997,12.01865714285714,12.7839,11.77277142857143,11.424414285714287,12.287071428571428,12.468185714285713,14.455985714285715,16.275685714285714,16.25492857142857,18.741142857142854,16.6307,15.732314285714285,17.454571428571427,15.604842857142856,14.282714285714286,18.645128571428568,15.444871428571428,16.632442857142856,18.216671428571427,17.428857142857144,20.131357142857144,21.467028571428568,16.1021,15.427371428571428,17.327042857142857,13.306785714285713,13.051257142857141,10.840614285714286,8.108542857142858,7.9566857142857135,9.844242857142858,6.499314285714285,6.599742857142857,5.780699999999999,4.891657142857143,5.145114285714286,6.541257142857143,5.449385714285714,6.189900000000001,6.761499999999998,8.14912857142857,8.732171428571428,11.55262857142857,13.530614285714288,13.224942857142858,15.638342857142858,15.115757142857145,13.8948,13.456757142857143,13.082499999999998,11.438942857142857,11.438942857142857,10.829214285714286,13.620314285714285,14.812199999999999,15.110514285714284,13.162785714285713,11.505371428571427,11.147742857142857,11.351957142857144,8.639899999999999,7.281142857142856,7.024842857142858,6.524942857142858,7.2738571428571435,8.127114285714287,5.9499571428571425,5.8192571428571425,8.294242857142857,8.3106,7.949271428571429,9.2302,8.197428571428572,7.575042857142857,7.525114285714286,5.119671428571429,6.788328571428572,7.297057142857143,5.157514285714286,5.674214285714286,6.130342857142858,5.998514285714286,6.084957142857143,4.175457142857143,3.764057142857143,3.9508571428571426
58,5.1227,5.1227,7.66695,12.1118,9.67935,8.52038,7.5117666666666665,6.786457142857143,7.197328571428572,8.10957142857143,8.118014285714287,10.078857142857142,10.135742857142858,10.236142857142857,10.206071428571429,9.451314285714286,7.686442857142858,5.274614285714286,3.4480714285714287,4.199428571428571,5.472385714285714,6.300857142857143,8.638842857142858,8.373014285714286,10.818357142857142,11.706985714285716,13.030914285714285,12.447571428571427,12.95854285714286,12.247485714285714,13.049828571428574,10.73027142857143,11.553628571428572,10.012242857142857,9.299314285714287,9.754,8.168957142857142,8.328157142857142,9.695042857142855,8.229114285714285,7.577171428571428,9.102357142857143,9.18002857142857,11.940857142857144,10.953257142857142,10.126442857142859,10.268085714285716,10.920042857142857,10.769942857142857,8.976457142857143,6.799185714285715,9.408028571428572,8.548142857142858,9.430414285714287,8.997242857142856,9.259757142857143,9.166142857142857,8.549728571428572,6.015014285714285,7.740828571428572,7.0433142857142865,6.628071428571428,5.243257142857142,6.954828571428571,8.971885714285714,11.825285714285714,10.8395,11.670999999999998,12.203342857142855,12.479071428571428,10.788528571428571,8.720628571428573,5.824985714285716,5.028300000000001,3.494328571428571,3.810071428571429,3.7446428571428574,4.043971428571429,6.6121,6.855214285714285,7.207714285714287,8.2741,9.323885714285714,10.656057142857145,12.161657142857143,9.667785714285714,9.420414285714285,9.477328571428572,8.765014285714285,8.304442857142858,6.42557142857143,4.702514285714286,4.657542857142857,4.6808,4.351628571428572,5.0082,3.595242857142857,3.857457142857143,6.008342857142858,8.785657142857143,9.566485714285713,9.4751,8.7758,8.770457142857143,9.730599999999999,8.606057142857143,6.599285714285714,5.754528571428572,6.123885714285715,8.049171428571428,8.901642857142857,7.677714285714285,7.266428571428571,6.465071428571428,10.226842857142856,10.954142857142857,10.027828571428572,9.205814285714286,9.291471428571427,9.595471428571427,10.39682857142857,6.951871428571429,5.822785714285715,4.504471428571428,5.293857142857142,5.166199999999999,4.520714285714285,5.862571428571428,7.025014285714286,7.074600000000001,7.0405999999999995,6.207014285714287,6.3105714285714285,6.115514285714286,7.914571428571429,8.336785714285714,8.797985714285714,11.03582857142857,11.70112857142857,12.0724,12.3819,8.464071428571428,6.664928571428571,8.519014285714286,6.342157142857142,8.314042857142857,9.194271428571428,9.096671428571428,12.128042857142857,13.04085714285714,10.991414285714283,11.086228571428569,9.0568,8.158428571428571,7.810557142857142,4.783885714285715,3.8186142857142853,3.5484714285714283,3.453157142857143,3.099614285714286,2.8495,4.887828571428571,7.473342857142858,8.261157142857142,9.127085714285714,9.407757142857141,9.460700000000001,9.345785714285713,7.6992,7.171185714285714,6.415385714285713,5.691785714285714,6.173885714285714,6.117528571428572,6.3372714285714284,6.002428571428572,3.9419142857142857,3.9099285714285714,3.9514142857142853,6.095114285714287,7.687485714285715,7.796728571428572,7.761628571428572,7.906385714285714,8.013157142857143,8.002699999999999,5.081099999999999,3.302657142857143,2.927457142857143,2.950771428571429,2.934414285714286,3.0837,3.3761571428571426,3.807171428571429,3.830985714285714,3.8064285714285715,3.8045,3.6288714285714283,3.341714285714286,2.889657142857143,2.5056428571428575,2.5312142857142854,2.6221714285714284,2.6478,2.6478285714285716,2.675814285714286,2.7091142857142856,2.7091000000000003,2.6159428571428576,2.5166142857142857,2.4910428571428573,2.581942857142857,2.5819857142857146,2.4911,2.4002142857142856,2.408857142857143,2.4014714285714285,4.773285714285714,5.0079,4.981857142857143,4.9998,5.083471428571428,5.073242857142857,5.069585714285714,2.6971142857142856,2.443514285714286,2.512,2.5854571428571433,2.8632,2.8867000000000003,3.157757142857143,3.1577571428571427,3.3753,3.3948000000000005,3.3448,3.0698142857142856,3.1422285714285714,2.9899142857142853,3.014485714285714,2.8142857142857145,2.7546714285714287,2.7997,2.7712,2.7123428571428567,2.676871428571428,2.7024428571428567,2.6769,3.1997571428571425,4.300971428571429,4.261285714285714,5.054085714285715,5.8594,6.671628571428572,7.715214285714287,7.420514285714286,6.314,6.379042857142857,6.020742857142857,5.925085714285714,6.10307142857143,5.349214285714285,5.586714285714286,6.632371428571429,8.035514285714287,8.395314285714287,8.667928571428572,8.512585714285715,9.225585714285714,9.068185714285715,8.320985714285715,6.929271428571427,6.1746285714285705,5.188357142857143,4.612171428571429,5.9959999999999996,7.5903285714285715,9.069899999999999,9.06492857142857,9.001571428571427,9.448457142857142,9.719371428571426,8.514085714285715,8.623957142857144,9.049071428571429,9.081100000000001,10.605414285714286,11.26347142857143,11.78152857142857,14.008485714285714,12.671171428571428,12.03917142857143,13.044985714285714,11.995314285714286,11.938671428571428,14.372857142857143,12.009014285714285,12.24622857142857,13.338214285714287,13.338214285714285,14.650785714285716,14.70744285714286,11.2122,10.248942857142854,10.4745,7.8317571428571435,6.9899000000000004,5.822171428571429,4.749585714285714,4.659385714285714,5.792742857142857,4.651957142857143,4.763042857142858,4.520742857142857,3.9133999999999998,4.032028571428571,5.204957142857142,5.012714285714286,5.633671428571428,5.675057142857143,6.811385714285715,7.152514285714285,9.412385714285714,11.376714285714286,10.48387142857143,12.431214285714287,12.900728571428571,12.164271428571428,11.97147142857143,12.047857142857143,10.271571428571429,10.723371428571427,10.171771428571429,13.062685714285712,13.226085714285716,13.5868,11.808657142857143,10.473157142857145,10.520185714285713,11.492671428571429,8.100514285714285,7.735414285714286,7.630571428571429,7.170114285714285,7.734071428571428,8.090014285714286,5.926171428571428,5.762128571428571,6.703485714285713,6.497471428571428,6.316457142857142,6.934957142857143,6.103185714285715,5.237900000000001,5.246271428571428,4.152742857142857,5.039385714285714,5.236657142857142,4.005828571428571,4.612757142857142,5.051571428571428,5.221871428571428,5.19102857142857,4.081028571428571,3.973714285714286,4.093757142857143
59,10.5101,10.5101,8.93585,10.209533333333333,8.473049999999999,7.784519999999999,6.881483333333333,6.236457142857143,5.881099999999999,6.257942857142857,7.08852857142857,8.338,8.228371428571428,8.336557142857144,8.336557142857144,7.540400000000001,6.715200000000001,4.567428571428571,3.2979285714285713,3.8316285714285714,4.953114285714285,5.341214285714285,7.613128571428571,7.515057142857143,9.411271428571428,10.1078,9.55917142857143,9.13417142857143,10.062085714285715,9.244614285714286,9.529114285714286,7.721742857142857,8.297371428571429,8.658128571428572,8.059700000000001,8.294,6.919028571428571,7.008114285714285,7.7721285714285715,6.655285714285713,6.28,6.8784857142857145,6.208728571428571,8.484442857142858,7.919742857142857,8.767428571428571,9.213357142857143,9.776642857142857,10.065299999999999,9.2426,7.680314285714286,8.486457142857143,6.710042857142857,6.986971428571429,6.356299999999999,6.328114285714285,6.246328571428571,5.508414285714286,4.720728571428571,5.776728571428571,5.091314285714286,4.906428571428572,4.151785714285714,5.379885714285714,7.232599999999999,9.706528571428573,8.752999999999998,9.708257142857141,9.903971428571428,9.918342857142857,8.717985714285714,6.818342857142857,4.4534142857142855,4.252071428571429,2.984085714285715,2.9049,3.008714285714286,3.024842857142857,5.513928571428572,5.874414285714287,6.170285714285716,6.519628571428571,7.507142857142857,8.536742857142857,9.662542857142856,7.392942857142856,6.933857142857142,6.665471428571428,6.6966714285714275,6.408128571428572,5.034700000000001,3.9894142857142856,3.7567,4.117557142857143,4.389957142857143,4.402842857142858,3.5760857142857145,3.7968857142857146,5.239014285714286,7.064014285714285,7.0798000000000005,6.796257142857143,6.412057142857143,6.430814285714286,7.3784,7.622871428571429,6.1728000000000005,5.754157142857143,5.877171428571428,6.758242857142856,6.770728571428571,5.533685714285714,4.583628571428571,4.207714285714286,6.598057142857144,7.521314285714287,7.299457142857142,7.286942857142857,7.241814285714286,7.212685714285715,7.475828571428573,5.258957142857143,4.1916,4.161828571428572,4.216671428571429,4.213028571428572,3.7085857142857144,5.116642857142857,5.257928571428571,5.400514285714286,4.741542857142858,4.657885714285714,4.7006571428571435,4.598928571428572,6.5123428571428565,7.043514285714286,8.285428571428572,9.812585714285714,10.486057142857144,10.512142857142857,10.653899999999998,7.1021857142857145,6.327214285714285,6.405571428571429,4.9491571428571435,5.116642857142858,5.657500000000001,5.5013571428571435,7.347214285714287,7.7359285714285715,6.29892857142857,6.3080428571428575,5.636942857142857,5.093685714285714,4.913542857142858,3.0629714285714287,2.6499857142857146,2.6435857142857144,2.6003,2.5053857142857145,2.5437285714285713,4.230885714285714,6.895071428571428,7.329414285714285,7.858542857142857,7.884085714285716,7.8980571428571436,7.878585714285713,6.498857142857143,5.272385714285714,4.858457142857143,4.440614285714285,5.2900285714285715,5.287714285714286,5.335442857142858,5.063942857142857,3.6223,3.601871428571428,3.556171428571428,4.879385714285715,5.696757142857144,5.863914285714286,5.8619,6.0275428571428575,6.091885714285715,6.133299999999999,3.9565000000000006,3.1105571428571426,2.8198,2.8526714285714285,2.7333,2.7356428571428575,2.882242857142857,3.1864,3.223,3.2411999999999996,3.229742857142857,3.1486142857142854,3.0674285714285716,2.8607714285714287,2.5566999999999998,2.5567142857142855,2.651957142857143,2.6848428571428573,2.715557142857143,2.7463285714285712,2.765685714285714,2.7790428571428576,2.7790285714285714,2.6837857142857144,2.654257142857143,2.7238,2.718042857142857,2.629714285714286,2.557057142857143,2.461142857142857,2.475314285714286,4.341057142857143,4.469114285714285,4.434157142857143,4.4341857142857135,4.476971428571429,4.476971428571429,4.434257142857143,2.512042857142857,2.342628571428571,2.4174714285714285,2.4863428571428576,2.635414285714286,2.678185714285714,2.769685714285714,2.8130142857142855,2.9688285714285714,2.961542857142857,2.9337857142857144,2.7521285714285715,2.7967857142857144,2.7967857142857144,2.7534714285714292,2.596342857142857,2.5691571428571427,2.5969142857142855,2.667057142857143,2.667057142857143,2.6844857142857146,2.728042857142857,2.732957142857143,3.0645714285714285,4.146314285714285,4.107428571428572,4.727757142857143,5.74647142857143,6.336557142857143,7.073042857142857,7.007557142857143,5.8798571428571424,5.922085714285715,5.5867571428571425,4.785785714285715,4.957414285714286,4.435757142857143,4.328628571428572,5.414785714285714,6.107342857142856,6.576828571428572,7.757971428571429,7.9767,8.834342857142857,8.834328571428571,7.829314285714285,7.1898,6.444385714285715,4.978028571428572,4.310828571428571,5.5628714285714285,6.410400000000001,6.965628571428572,6.944357142857143,6.948857142857143,7.043042857142858,6.980971428571429,5.530157142857143,5.849557142857143,5.816642857142858,5.930042857142857,6.360985714285714,7.0670142857142855,7.849471428571428,8.012114285714286,6.836385714285716,6.3981,7.085814285714286,6.6612285714285715,8.013542857142857,10.426971428571429,10.173957142857144,10.806514285714286,11.727271428571427,11.126942857142856,11.861257142857141,10.732714285714284,7.198985714285714,6.780657142857143,6.422514285714286,5.31047142857143,5.916385714285714,5.456085714285714,4.440971428571428,4.491614285714285,5.534,5.082814285714285,5.269242857142857,4.3814142857142855,4.032385714285715,4.165414285714286,5.241585714285715,4.6927142857142865,5.609914285714285,5.609914285714287,6.4163571428571435,6.581314285714285,7.704171428571428,9.45042857142857,8.711257142857143,9.309028571428572,9.427385714285716,8.7886,8.7756,9.218171428571429,6.761342857142856,7.201114285714285,7.443542857142857,9.747014285714286,9.939642857142859,9.9624,9.166971428571427,8.944842857142856,10.319742857142858,10.833257142857141,8.402285714285714,8.258542857142857,8.282428571428571,7.457085714285713,8.126685714285713,6.981328571428571,5.554600000000001,5.565371428571429,6.9195142857142855,6.918357142857142,6.993757142857143,7.257571428571429,6.630999999999999,5.957885714285715,5.768085714285713,4.2166,4.745657142857143,4.778942857142857,3.7972,4.542699999999999,4.7883,4.821571428571429,4.814900000000001,4.287,4.390028571428571,4.293628571428571
60,6.5688,6.5688,6.3581,7.840166666666666,6.480525,5.94862,5.307250000000001,4.8865428571428575,5.093871428571428,7.348071428571429,7.923228571428571,9.682728571428571,9.589271428571427,9.632442857142857,9.638042857142858,8.98552857142857,6.870785714285715,5.339214285714285,3.6463,4.221857142857142,4.783771428571428,5.586428571428571,7.498971428571428,6.933,8.739385714285714,9.54732857142857,8.990042857142857,8.796785714285715,8.806728571428572,7.296142857142857,7.538342857142857,6.054100000000001,6.268485714285715,6.6343000000000005,6.435485714285714,6.848200000000001,6.399142857142857,6.63492857142857,6.5444571428571425,5.9639999999999995,5.640599999999999,6.270271428571428,5.528385714285713,7.014085714285714,6.459328571428571,6.714657142857143,6.2176,6.687657142857143,6.258442857142858,5.773614285714286,4.478257142857143,4.560828571428571,3.8783142857142856,4.309557142857143,3.839514285714286,4.187314285714286,4.2619428571428575,3.9671857142857148,3.9146428571428564,3.933071428571428,3.5495857142857146,3.3991,2.8147285714285712,3.1052142857142857,4.094428571428572,5.271071428571429,5.2190142857142865,5.1747571428571435,5.155128571428571,5.021114285714286,4.672314285714285,3.690957142857143,2.5392714285714284,2.4873857142857143,2.4553714285714285,2.7304142857142857,3.0055,2.9970714285714286,5.4459285714285715,5.612857142857143,5.7012857142857145,6.050600000000001,6.577757142857144,7.564157142857143,8.40517142857143,6.224771428571428,5.9539285714285715,6.020314285714286,5.963071428571429,6.013428571428571,5.130285714285714,4.4209000000000005,4.152571428571429,4.208242857142857,4.722742857142857,4.949657142857143,4.078571428571428,4.504057142857143,5.455357142857143,6.538142857142857,7.165642857142856,6.5397285714285704,6.163042857142857,6.198971428571428,6.260528571428572,6.260528571428572,5.684699999999999,4.964014285714286,5.061914285714286,5.7744,5.776685714285714,4.940028571428571,4.355885714285714,3.848614285714286,5.137371428571428,5.834057142857142,7.033399999999999,7.042371428571428,6.994814285714285,6.819028571428572,6.809357142857143,5.933428571428571,5.094928571428571,3.861614285714286,4.128442857142857,4.092857142857143,3.902685714285714,5.029857142857144,4.664257142857143,4.737514285714286,3.940928571428571,3.6272571428571427,3.685928571428571,3.6926142857142854,5.071599999999999,5.6738,6.804714285714285,8.367157142857142,8.923499999999999,8.9513,8.982414285714286,6.483728571428571,5.896014285714285,5.967785714285715,4.4054142857142855,4.469742857142856,4.467485714285714,4.320042857142857,5.210085714285715,5.232614285714286,4.018257142857143,4.019385714285715,3.495085714285715,3.494014285714286,3.466271428571429,2.5788571428571427,2.551085714285714,2.531414285714285,2.527414285714286,2.4536571428571428,2.4536142857142855,3.1525857142857143,4.451842857142857,4.766742857142857,5.163371428571429,5.180442857142857,5.180442857142857,5.199428571428571,4.547728571428572,3.9156285714285715,3.622514285714286,3.2517,3.5397571428571433,3.5868428571428574,3.828671428571428,3.804228571428571,3.134585714285714,3.1345428571428573,3.1535285714285712,3.7730285714285716,3.9239,3.6836857142857142,3.641242857142857,3.6599285714285714,3.6557,3.6149428571428572,2.668242857142857,2.4583714285714287,2.3759,2.3977428571428567,2.3971714285714287,2.400171428571429,2.4915714285714285,2.723542857142857,2.7243285714285714,2.7507999999999995,2.7392285714285713,2.671685714285714,2.6069999999999998,2.4893857142857145,2.2573714285714286,2.2567428571428576,2.307414285714286,2.334442857142857,2.3463,2.370914285714286,2.4177142857142857,2.4021714285714286,2.3763285714285716,2.2992142857142857,2.2619142857142855,2.2775571428571424,2.2619714285714285,2.1919,2.178471428571428,2.167442857142857,2.1643,3.132614285714286,3.192314285714285,3.189185714285714,3.193871428571428,3.199542857142857,3.197057142857143,3.186714285714286,2.1996857142857142,2.183814285714286,2.2598714285714285,2.339714285714286,2.4550857142857145,2.5282428571428572,2.616828571428571,2.6804142857142854,2.6978,2.6953714285714283,2.6385285714285716,2.5414,2.5584571428571428,2.5651428571428574,2.524142857142857,2.4798142857142857,2.4197428571428574,2.4595285714285713,2.4684142857142857,2.4109142857142856,2.390685714285714,2.422614285714286,2.449585714285714,2.622114285714286,3.546985714285714,3.5268000000000006,3.8944000000000005,4.475542857142857,4.8439000000000005,5.221457142857142,5.100042857142858,4.166314285714285,4.217985714285715,4.160471428571428,3.7578142857142858,3.9339857142857144,3.691114285714286,3.8331714285714287,4.834028571428571,5.379142857142857,5.884328571428571,6.240214285714286,6.411485714285713,6.963657142857142,6.840657142857142,5.921914285714284,5.410128571428571,4.637871428571429,4.046885714285714,3.5656571428571424,4.4374142857142855,5.475585714285715,5.679985714285714,5.677257142857143,5.739314285714286,5.863085714285714,5.926785714285714,5.202285714285714,5.1894285714285715,5.538200000000001,5.593942857142856,5.818728571428571,6.181585714285714,6.938085714285713,6.8711714285714285,5.980714285714286,5.426457142857143,5.575428571428572,5.355914285714285,7.414857142857143,8.984399999999999,9.056642857142856,9.963757142857142,10.954485714285713,10.8098,11.644614285714285,10.161328571428571,7.4804571428571425,6.71112857142857,5.809599999999999,4.700785714285714,5.342214285714285,4.521171428571429,3.504071428571429,3.559357142857143,4.552028571428572,4.341542857142858,4.372971428571429,3.6005857142857143,3.5024285714285717,3.4975,4.569614285714286,4.121085714285714,4.387671428571428,4.677171428571428,5.000528571428572,5.1695142857142855,6.5308142857142855,7.330699999999999,6.989557142857143,7.772742857142856,8.206728571428572,7.918071428571428,7.893585714285713,7.609328571428571,6.113985714285714,6.455128571428572,6.352242857142857,6.643914285714286,6.729414285714285,6.736185714285715,6.325314285714286,5.933571428571429,6.244271428571429,6.409242857142858,5.4935285714285715,5.470985714285715,5.431514285714286,4.7686,5.426657142857143,4.9806857142857135,4.398014285714285,4.505614285714286,4.9872571428571435,4.878728571428572,4.842171428571429,5.210299999999999,4.881828571428572,4.353957142857142,4.3290428571428565,3.896328571428571,4.587571428571429,4.8279,3.976642857142857,4.425585714285714,4.835928571428572,4.765857142857143,4.657228571428571,4.1275,4.218757142857143,4.237685714285715
61,7.4409,7.4409,6.575200000000001,7.4724,6.22405,5.8379199999999996,5.21825,4.821314285714286,5.082714285714286,6.1643,6.611714285714285,8.542685714285714,8.41382857142857,8.538414285714284,8.544014285714285,7.817971428571428,6.545814285714287,5.287171428571429,3.4772285714285713,4.2036999999999995,4.9478,5.739942857142856,7.330085714285714,7.303371428571428,8.785971428571427,10.273471428571428,9.446085714285713,9.360185714285715,9.356657142857143,8.314442857142858,8.400585714285715,7.140228571428572,6.630542857142856,6.948600000000001,6.321142857142858,7.091185714285714,6.407314285714286,6.865571428571428,7.248442857142857,6.525457142857142,6.300542857142857,6.783185714285715,5.7009285714285705,6.819957142857143,6.114742857142858,6.308785714285714,5.941,6.045185714285714,5.685242857142856,5.231842857142857,4.7931857142857135,4.830214285714286,3.902857142857143,4.683414285714286,4.991828571428571,5.555671428571428,5.555942857142857,4.729314285714286,4.634371428571428,4.7953,4.0546999999999995,3.4976999999999996,3.4479,3.7601000000000004,4.126071428571429,4.914771428571429,4.711285714285714,4.711328571428572,4.7219,3.968842857142857,3.6288000000000005,3.3252714285714284,2.553314285714286,2.5319142857142856,2.462828571428571,2.738771428571429,2.979914285714286,2.9807285714285716,4.979971428571429,5.147228571428571,5.218128571428571,5.469928571428572,6.282042857142857,7.210271428571429,7.5171,5.731271428571428,5.491971428571428,5.504842857142857,5.664828571428571,5.734985714285714,4.904442857142857,4.589985714285715,4.316185714285714,4.327228571428572,4.793928571428572,5.0814,3.8858,4.349971428571428,4.729671428571429,5.5563142857142855,6.089257142857143,5.523128571428571,4.8762428571428575,4.8939571428571425,5.4554857142857145,6.030099999999999,5.270785714285714,4.6895999999999995,4.703,5.462342857142857,5.467771428571427,4.094157142857143,3.7478285714285713,3.685542857142857,4.8269142857142855,5.631285714285714,6.1168,6.259042857142857,6.2134,5.832571428571429,6.168642857142857,5.0917,4.294071428571429,3.655785714285714,4.055071428571429,4.055757142857143,3.8191142857142855,4.1365428571428575,4.482399999999999,4.4713,3.8226285714285715,3.2670285714285714,3.324614285714286,3.5114285714285716,4.197971428571429,4.1028,4.934728571428571,6.696357142857143,6.736585714285715,6.715000000000001,6.611071428571429,5.281757142857144,4.983928571428571,5.019357142857144,3.277328571428572,3.5247857142857137,3.614571428571428,3.5440714285714283,3.924214285714285,3.9652,3.117971428571429,3.1003999999999996,2.8524285714285718,2.792214285714286,2.7545,2.373285714285714,2.3614857142857137,2.360442857142857,2.347914285714286,2.3272857142857144,2.3260285714285707,2.5717,2.951828571428571,2.993171428571429,3.2895857142857143,3.2895857142857143,3.2887999999999997,3.2695714285714286,3.0841142857142856,3.067542857142857,3.037585714285714,2.7854142857142854,3.165542857142857,3.209828571428571,4.062942857142857,4.009128571428572,3.6455714285714285,3.6007857142857143,3.6011571428571427,3.9442,4.229542857142857,3.4152142857142858,3.454742857142857,3.472214285714286,3.5391857142857144,3.5161285714285717,2.790357142857143,2.4695428571428573,2.4281571428571427,2.4046,2.4087,2.395971428571429,2.5301,2.759485714285714,2.7481000000000004,2.7895999999999996,2.8352142857142857,2.793485714285714,2.7457142857142856,2.5698428571428567,2.3228714285714287,2.3227714285714285,2.2812571428571427,2.240285714285714,2.226942857142857,2.2270428571428575,2.2446,2.2980714285714288,2.2981714285714285,2.267285714285715,2.2626,2.2759857142857145,2.2759571428571426,2.2468285714285714,2.1818,2.1609428571428575,2.1778000000000004,2.5930714285714282,2.6576,2.6983142857142854,2.706657142857143,2.741542857142857,2.7483428571428568,2.7415142857142856,2.332,2.3036,2.2921714285714287,2.365614285714286,2.8063428571428566,2.7912714285714286,2.8739428571428576,2.919771428571429,2.9555571428571423,2.9555714285714285,2.964728571428572,2.5708999999999995,2.6934571428571425,2.6934571428571425,2.660485714285714,2.6246857142857145,2.6704857142857144,2.6602285714285716,2.6271428571428572,2.5509,2.5442428571428573,2.5250142857142857,2.505728571428572,2.507171428571428,4.182914285714285,4.161714285714286,4.496185714285715,5.1609,5.636871428571429,5.989185714285715,5.991342857142858,4.263457142857143,4.2645,4.139214285714286,3.826214285714286,4.040571428571429,3.7560714285714285,3.8880000000000003,4.756142857142857,5.446414285714286,5.939914285714286,6.252928571428571,6.283114285714285,6.7328,6.613914285714286,5.814171428571428,5.192300000000001,4.523657142857143,3.803,3.220842857142857,3.7042428571428565,4.972971428571428,5.161014285714287,5.110514285714285,5.558314285714286,5.923285714285716,5.875185714285714,5.351214285714286,5.049842857142857,5.819242857142858,6.097671428571428,5.861742857142858,5.7933,6.518928571428573,6.703985714285715,6.038485714285715,5.169200000000001,5.672057142857143,5.498414285714285,7.323914285714285,8.535942857142857,8.491942857142858,9.0968,10.041785714285714,9.332657142857144,10.05844285714286,8.752428571428572,6.682542857142857,6.1526571428571435,5.261428571428572,4.1996142857142855,4.781642857142857,4.21,3.3902,3.437357142857143,4.391100000000001,4.2984857142857145,4.288971428571428,3.5914571428571427,3.377471428571429,3.4116571428571425,4.509114285714285,4.284228571428572,4.631714285714287,4.775714285714286,5.120185714285715,5.482799999999999,6.626142857142857,8.558157142857143,8.059014285714285,8.832328571428572,9.915614285714286,9.626785714285715,9.405514285714286,9.334542857142855,6.571000000000001,6.818385714285715,6.818385714285715,6.673342857142858,6.838557142857143,6.841214285714286,6.474114285714286,6.232271428571429,6.962685714285714,7.169071428571428,6.239485714285714,6.250585714285713,6.138828571428571,5.4491571428571435,5.706585714285714,5.078342857142857,4.225942857142857,4.292185714285714,5.131628571428571,5.259985714285714,5.214685714285715,5.9740142857142855,5.335928571428572,4.898714285714285,4.856128571428571,4.0304714285714285,4.101285714285715,4.281285714285715,3.4553285714285713,3.7359571428571425,4.3903428571428575,4.229628571428571,4.089285714285714,3.873471428571428,4.027271428571428,3.8779
62,7.9908,7.9908,7.13305,8.677766666666667,7.07835,6.407439999999999,5.684533333333333,5.190757142857143,5.194071428571429,5.769585714285715,5.517071428571429,6.830528571428571,6.805542857142858,6.906300000000001,6.93797142857143,6.371428571428573,5.601657142857143,4.548171428571429,3.299657142857143,4.0074,5.189614285714286,5.984499999999999,7.369,7.509442857142858,8.7325,9.486685714285713,8.662714285714285,7.662299999999999,7.662271428571428,6.844299999999999,7.002328571428572,6.547071428571429,6.782414285714286,6.974914285714285,6.927485714285714,7.320971428571428,6.666785714285715,6.997314285714286,6.580671428571429,5.784185714285714,5.756742857142858,6.588100000000002,5.725728571428571,6.4825,5.590728571428571,6.5533,6.336442857142856,6.618428571428572,6.399014285714286,6.102842857142858,5.655928571428572,5.774885714285714,4.471857142857143,5.2498571428571426,5.028414285714285,5.0304714285714285,4.9562857142857135,4.535542857142857,4.358957142857142,4.827285714285714,4.0866,3.8033714285714284,3.675657142857143,4.230757142857143,4.433985714285714,5.0990714285714285,4.641414285714285,5.118842857142857,5.128385714285714,4.577471428571428,4.060328571428571,3.857585714285715,3.142057142857143,3.0484714285714287,2.4846571428571425,2.603971428571429,2.475214285714286,2.4703142857142857,4.0824428571428575,4.257,4.2856,4.348085714285714,5.219414285714286,6.3123,6.305057142857143,4.7149,4.5124571428571425,4.688614285714286,5.565428571428571,5.792985714285714,4.969942857142857,4.996857142857143,4.932042857142858,4.980628571428572,5.335071428571429,5.0197714285714286,3.799257142857143,4.034585714285714,4.400857142857142,5.431985714285714,5.691,5.151885714285714,4.654428571428572,4.660157142857143,7.019871428571428,7.393042857142857,6.3706000000000005,6.047457142857143,6.372371428571428,7.074071428571428,7.078242857142857,4.3572999999999995,4.130757142857142,4.122057142857143,6.263328571428572,6.680857142857143,6.9033428571428574,7.0232,6.829757142857143,7.1013714285714284,7.543928571428571,5.486328571428571,4.709485714285714,4.713500000000001,5.390142857142856,5.3907,4.598542857142858,4.521428571428571,4.489485714285714,4.506228571428571,3.4963142857142864,2.6746142857142856,2.735514285714286,2.8602142857142856,3.0737857142857146,3.1058142857142856,3.9473285714285713,5.7689571428571425,5.8179428571428575,5.773785714285714,5.947971428571428,5.4033,5.377357142857142,5.856800000000001,4.023885714285714,4.499471428571428,4.565985714285714,4.267528571428571,4.911771428571428,4.926114285714285,3.667042857142857,3.685457142857143,3.2143,3.1956428571428575,3.1509285714285715,2.5083428571428574,2.4976714285714285,2.483657142857143,2.467028571428571,2.4591285714285713,2.760142857142857,2.9754571428571426,3.5648142857142857,3.7077285714285715,3.9791142857142856,3.9964857142857144,3.9323142857142854,3.6391999999999998,3.5137571428571435,3.4929285714285716,3.3597285714285716,3.105571428571429,3.8895000000000004,4.0023285714285715,4.7883000000000004,4.745085714285715,4.156214285714285,4.153357142857143,4.194242857142856,4.182814285714286,4.302128571428571,3.5304,3.508085714285714,3.5327142857142855,3.554057142857143,3.5214571428571424,2.7426142857142857,2.5639285714285713,2.5673285714285714,2.5450857142857144,2.5463428571428572,2.5286428571428567,2.5529714285714284,2.619757142857143,2.6590285714285713,2.6403000000000003,2.6879142857142857,2.668914285714286,2.6688,2.6256571428571425,2.554542857142857,2.5152428571428564,2.554414285714286,2.558242857142857,2.5290571428571424,2.529185714285714,2.529314285714286,2.5696000000000003,2.595342857142857,2.527,2.5426571428571427,2.5718,2.5717999999999996,2.540985714285714,2.467457142857143,2.409728571428571,2.4757714285714285,2.9385285714285714,2.976057142857143,2.9869999999999997,2.9857,3.0141571428571425,3.069785714285714,2.994457142857143,2.483942857142857,2.4131,2.4162571428571433,2.4866571428571427,2.5662,2.5046142857142857,2.551885714285714,2.5519000000000003,2.6241714285714286,2.624128571428571,2.624757142857143,2.589042857142857,2.7037714285714283,2.7338857142857145,2.7611571428571433,2.7351428571428573,2.7340571428571425,2.690271428571428,2.6622714285714286,2.5965285714285713,2.587957142857143,2.595342857142857,2.545328571428571,2.564,2.8546857142857145,2.830657142857143,3.1062428571428575,3.5399285714285713,3.8238857142857148,4.249542857142857,4.249542857142857,3.966214285714286,4.009671428571428,3.7894857142857137,3.596771428571429,3.963628571428571,3.6414142857142857,3.687914285714286,4.472085714285715,4.710928571428572,5.431257142857143,5.608042857142857,5.118842857142857,5.523814285714286,5.513857142857142,4.795385714285715,4.594385714285714,3.8508,3.4050857142857147,3.4050857142857147,4.002414285714286,5.002857142857143,5.002942857142857,4.896457142857143,5.0663857142857145,5.157485714285714,5.072171428571429,4.2919285714285715,3.905928571428572,4.393971428571429,4.522971428571429,4.581428571428572,4.4749,5.182714285714285,5.576971428571428,5.058657142857143,4.868757142857143,4.942371428571429,4.835228571428571,5.945057142857142,6.634657142857143,6.1812142857142875,7.089285714285714,7.795257142857143,7.7097999999999995,8.393085714285714,8.130257142857142,6.6000571428571435,6.448185714285714,5.572557142857144,4.501014285714286,5.054628571428571,4.277171428571429,3.401728571428571,3.435314285714285,3.4121857142857146,3.1535428571428574,3.1275714285714287,2.4340857142857146,2.3297285714285714,2.3461,3.2076,3.280071428571428,3.638542857142857,3.7912571428571433,4.057314285714286,4.650714285714286,5.516957142857144,7.326314285714285,7.418942857142858,7.946028571428571,9.19072857142857,8.960571428571429,8.528971428571428,8.877314285714286,6.369000000000001,6.8746285714285715,7.122057142857143,7.0288571428571425,7.180642857142858,7.198014285714287,7.221214285714287,7.049357142857143,7.574385714285714,7.796271428571428,6.648428571428572,6.650428571428571,6.579485714285714,5.3688142857142855,5.583257142857142,4.8007,4.060899999999999,4.116271428571428,4.993857142857143,4.900342857142857,4.878814285714285,5.479685714285714,5.065757142857143,4.575057142857142,4.517114285714285,3.679242857142857,4.0556,4.0602857142857145,3.3371285714285714,3.470628571428571,3.890185714285714,3.742,3.5540285714285713,3.1776714285714287,3.3789857142857143,3.4451571428571426
63,9.2985,9.2985,6.7663,8.879199999999999,7.264825,6.6587000000000005,5.899816666666667,5.391771428571429,5.271942857142858,6.6516714285714285,6.079114285714286,7.713057142857143,7.606414285714285,7.771085714285713,7.796385714285713,7.086085714285714,6.042714285714285,5.241371428571427,3.7596857142857147,3.9686,5.496142857142857,6.1455714285714285,7.483642857142857,7.141571428571429,8.100314285714287,8.739671428571429,8.4453,7.083842857142857,7.520714285714287,6.8274,7.3741142857142865,6.909114285714286,7.132671428571429,7.302214285714287,7.198128571428571,7.202685714285713,6.44792857142857,6.7111285714285716,6.553442857142857,5.783471428571429,5.797785714285714,6.479599999999999,5.625271428571429,6.379928571428572,5.3714,5.839471428571429,5.6488571428571435,5.888014285714286,5.2581428571428575,5.0369,4.561314285714285,4.543671428571429,3.6242285714285707,3.890999999999999,3.459185714285714,4.104242857142857,4.032342857142857,3.746514285714285,3.7421,3.892528571428571,4.077271428571429,3.988242857142857,3.801285714285714,4.4836857142857145,4.665014285714285,5.046457142857142,4.895257142857142,4.605985714285715,4.6252571428571425,3.9219857142857144,3.2675428571428573,3.191657142857143,2.7899000000000003,2.7382428571428576,2.5336142857142856,2.8259,2.8497999999999997,3.0811999999999995,4.256157142857143,4.256142857142857,4.275371428571429,4.275385714285714,5.0802000000000005,5.867685714285714,5.635414285714285,4.796885714285715,4.745557142857144,5.022342857142857,5.824685714285715,5.821885714285714,5.568614285714284,5.604157142857143,5.1248,5.162857142857143,5.684228571428571,5.664642857142858,4.5801,4.8341714285714295,5.347442857142858,6.316828571428571,6.597085714285714,5.7783428571428574,5.713571428571428,5.734442857142858,7.0655857142857155,7.125771428571428,6.1501714285714275,5.813257142857144,5.937671428571429,6.007942857142857,5.999242857142856,3.9866857142857137,4.093942857142857,4.110057142857143,5.250342857142857,5.561685714285715,5.808457142857144,6.201157142857142,6.0244285714285715,5.6631857142857145,6.446257142857142,5.358585714285715,4.900228571428571,5.219742857142857,5.1167428571428575,5.117171428571429,4.772771428571429,4.403971428571429,4.404314285714286,4.393057142857144,3.048028571428571,2.7488428571428574,2.812757142857143,3.350342857142857,3.551285714285714,3.5891857142857146,4.4409,5.919128571428572,5.950499999999999,5.9044285714285705,5.4975000000000005,4.881014285714286,4.851814285714286,4.704085714285715,3.2134571428571426,3.221971428571429,3.2690714285714284,3.174071428571429,3.8444,3.8497857142857135,3.2058142857142857,3.203142857142857,3.1905142857142854,3.1928857142857145,3.1233285714285715,2.4563857142857146,2.452814285714286,2.453457142857143,2.4525857142857146,2.434657142857143,2.524142857142857,2.5922571428571426,3.021557142857143,3.0746285714285717,3.131757142857143,3.1560857142857146,3.088857142857143,2.980671428571429,2.9794000000000005,3.0290142857142857,2.9526000000000003,2.8850428571428575,3.1404571428571435,3.212914285714286,3.5265285714285715,3.5083142857142855,3.029357142857143,3.0622142857142856,3.7027285714285716,3.9983,4.180885714285714,3.9324571428571424,3.927428571428571,3.9224142857142854,3.931828571428571,3.3033142857142854,2.683642857142857,2.445557142857143,2.3487999999999998,2.3036571428571433,2.278,2.232657142857143,2.2345857142857146,2.321028571428571,2.321042857142857,2.3405857142857145,2.3478285714285714,2.373414285714286,2.3611714285714283,2.307471428571428,2.2193857142857145,2.2193857142857145,2.199857142857143,2.175414285714286,2.1130714285714287,2.105771428571429,2.107271428571429,2.1824285714285714,2.1824285714285714,2.1652142857142858,2.2252285714285716,2.262,2.280442857142857,2.2738571428571426,2.1807857142857143,2.1903285714285716,2.2472857142857143,3.013057142857143,3.0778571428571433,3.0991571428571425,3.145314285714286,3.249014285714286,3.2344000000000004,3.2041714285714287,2.405128571428571,2.3237142857142854,2.3526285714285713,2.3443428571428577,2.268042857142857,2.268042857142857,2.253442857142857,2.272585714285714,2.344457142857143,2.351685714285714,2.3947857142857143,2.4814000000000003,2.572257142857143,2.673442857142857,2.673428571428572,2.608128571428572,2.5733,2.526085714285714,2.458585714285714,2.401471428571429,2.3473571428571427,2.361542857142857,2.361942857142857,2.3636714285714286,2.5000571428571425,2.5007857142857146,2.7723714285714287,3.0306428571428574,3.5301142857142858,4.218371428571428,4.2175714285714285,4.0945285714285715,4.128271428571429,3.933871428571429,3.730471428571429,3.589171428571429,2.933214285714286,2.9665571428571424,3.776214285714286,3.7966428571428574,4.103585714285714,4.419528571428572,4.858657142857143,5.321114285714286,5.275042857142857,4.616485714285714,4.648185714285715,4.332828571428571,3.9619857142857144,3.2279428571428572,3.8461,4.657357142857143,5.079171428571428,4.960985714285714,4.979100000000001,5.638114285714286,5.658185714285715,4.870685714285714,5.1054571428571425,4.685900000000001,5.024128571428571,5.0261571428571425,4.360557142857143,4.985585714285714,4.963514285714285,4.223542857142857,4.663085714285715,4.589814285714287,4.628728571428572,6.030900000000001,6.6369,6.511099999999999,7.302028571428571,7.793342857142856,7.6335,8.317514285714285,7.672457142857143,6.31222857142857,6.2473142857142845,5.390171428571428,4.311914285714286,4.6543,3.910471428571429,3.1646571428571426,3.188157142857143,3.1136285714285714,2.841028571428572,2.839142857142857,2.4019285714285714,2.3390999999999997,2.4928999999999997,3.4591000000000003,3.603971428571429,3.9899714285714287,4.361614285714286,4.400328571428571,4.5793857142857135,5.224200000000001,6.801128571428571,6.941657142857143,7.591328571428571,8.299728571428572,8.2998,8.278614285714287,8.49687142857143,6.125000000000001,6.472142857142857,6.503514285714286,6.658142857142857,6.824914285714287,6.834571428571429,6.620914285714286,6.443399999999999,7.070742857142856,7.299785714285714,6.212557142857143,6.174671428571429,6.1098,5.3448142857142855,5.5676,4.743557142857143,3.9984571428571427,4.0125714285714285,4.676814285714285,4.562314285714286,4.499428571428571,5.101642857142857,4.6398,4.093057142857143,3.907428571428571,3.2817142857142856,3.6424857142857143,3.6424857142857143,2.8252857142857146,3.0339428571428573,3.661885714285714,3.661871428571428,3.470357142857143,3.1095714285714284,3.318228571428571,3.4568857142857143
64,8.0284,8.0284,6.526,7.9737,6.6227,6.0893,5.4315,5.010342857142858,5.236757142857143,6.6014285714285705,6.327242857142857,8.148771428571429,8.119,8.348285714285714,8.3642,7.602457142857143,6.591814285714286,5.749128571428572,4.0958000000000006,4.463314285714286,5.940599999999999,6.772985714285715,9.203657142857143,8.743585714285715,9.745514285714284,10.307057142857143,9.840114285714284,8.55917142857143,8.499085714285714,6.599871428571428,7.135142857142857,6.498557142857144,6.5476,6.738700000000001,6.553485714285714,6.914014285714286,6.361514285714286,6.360514285714286,6.280714285714285,5.7396714285714285,6.258557142857143,6.857957142857144,5.959271428571429,6.51167142857143,5.793442857142857,6.556285714285714,6.334471428571428,6.03632857142857,5.495214285714285,5.2889285714285705,5.291857142857142,5.301771428571429,4.225257142857143,4.242185714285714,4.064185714285714,4.012228571428572,3.929485714285715,3.191842857142857,3.1624857142857143,3.5725428571428566,4.886814285714285,4.611085714285714,5.388799999999999,5.780142857142857,5.968314285714286,6.509585714285714,6.2881285714285715,4.997228571428572,4.953357142857143,4.2192,3.861771428571429,4.411657142857143,3.834171428571428,3.5750571428571427,3.5150857142857146,3.7361857142857144,3.5658142857142856,3.9679571428571427,4.204585714285714,4.196,4.3048,4.304814285714286,5.16557142857143,5.885857142857143,5.505985714285715,5.139685714285713,5.079171428571428,5.295299999999999,6.0127999999999995,5.727028571428571,5.535842857142856,5.513599999999999,4.8465,4.893657142857143,5.707714285714286,5.547928571428571,4.749614285714286,4.941285714285714,5.423228571428571,6.599000000000001,6.779114285714286,5.642657142857142,6.94602857142857,7.327771428571428,9.41692857142857,9.199914285714286,8.0241,7.782400000000001,7.8144285714285715,6.736728571428571,6.36757142857143,3.7746142857142857,4.3067142857142855,4.532442857142857,5.616528571428572,5.631685714285715,5.850700000000001,6.1272,5.772714285714286,5.802,6.418614285714286,5.350357142857143,5.2677,5.200642857142857,5.290557142857142,5.290399999999999,4.418642857142857,4.373399999999999,4.373399999999999,4.357499999999999,3.6170714285714283,3.212585714285715,3.246771428571429,4.696185714285714,4.179485714285714,4.219842857142857,4.737057142857142,5.9781571428571425,5.9998,5.981542857142857,4.6793571428571425,4.411314285714285,4.410728571428572,5.163785714285715,3.732385714285715,3.8595714285714284,3.898028571428572,3.808328571428572,4.038628571428572,4.051842857142857,2.850514285714286,2.8286714285714285,2.716371428571428,2.7192000000000003,2.6523714285714286,2.363585714285714,2.3001142857142858,2.246157142857143,2.2431857142857146,2.2422714285714287,2.2610428571428574,2.3305857142857143,2.5938000000000003,2.653914285714286,2.8054857142857146,2.8161857142857145,2.752,2.691042857142857,2.669642857142857,2.4748571428571426,2.4091142857142853,2.257542857142857,2.7319,2.7591,3.1698285714285714,3.1785428571428573,3.1499428571428574,3.2049285714285713,3.6088,3.686628571428571,3.7301428571428565,3.3878,3.3530571428571427,3.3618714285714284,3.3787428571428566,3.0339142857142853,2.4160142857142857,2.339528571428571,2.255857142857143,2.226842857142857,2.215185714285714,2.1576714285714287,2.133557142857143,2.1492428571428577,2.154628571428572,2.169057142857143,2.1834714285714285,2.162042857142857,2.162042857142857,2.1262857142857143,2.1159285714285714,2.1249857142857143,2.125,2.1107,2.0799714285714286,2.0800428571428573,2.071,2.130342857142857,2.1159285714285714,2.1015714285714284,2.1846714285714284,2.2368999999999994,2.2367999999999997,2.2310285714285714,2.1658999999999997,2.1654714285714283,2.219185714285714,2.4538,2.4863571428571434,2.525742857142857,2.604214285714286,2.7070000000000003,2.7190857142857143,2.6769857142857143,2.384528571428571,2.311328571428571,2.2692142857142854,2.202785714285714,2.1866857142857143,2.1747,2.1747142857142854,2.1610571428571426,2.251785714285714,2.330285714285714,2.330342857142857,2.3221428571428575,2.424842857142857,2.5212000000000003,2.534871428571428,2.4441428571428574,2.4320142857142857,2.4845,2.460185714285714,2.411585714285714,2.360042857142857,2.389828571428571,2.4692285714285718,2.483285714285714,2.5605,2.5512000000000006,2.609314285714286,2.664414285714286,2.9219,3.0363571428571428,2.9703714285714287,2.9101285714285714,2.891685714285714,2.8913857142857142,2.882557142857143,2.627342857142857,2.4770142857142856,2.5442428571428573,3.2360571428571427,3.301085714285714,4.083357142857143,4.321485714285714,4.976814285714285,5.547114285714285,5.4657857142857145,4.931414285714285,4.966500000000001,4.186857142857143,3.960185714285714,3.6480857142857137,4.028528571428572,4.749871428571429,4.629742857142857,4.514442857142857,4.695257142857143,5.03757142857143,4.768185714285714,3.9596142857142858,4.232171428571428,4.353942857142857,5.151585714285714,5.713957142857143,5.317814285714285,5.919885714285714,5.919885714285714,5.771385714285715,5.868614285714286,5.8511999999999995,5.331257142857142,6.559414285714285,6.969171428571428,6.9083428571428565,7.194057142857143,7.999699999999999,7.249357142857143,7.769285714285713,6.867057142857143,5.734771428571428,5.729585714285714,4.937600000000001,3.8469857142857147,3.9595857142857147,3.2258714285714283,2.8711999999999995,2.891985714285714,2.8400857142857143,2.5070142857142854,2.5339428571428573,2.4187714285714286,2.3332,2.668942857142857,3.722757142857143,3.8912714285714287,4.552357142857143,4.720871428571429,4.746942857142857,5.326228571428572,5.817671428571428,7.806514285714286,8.426128571428572,8.614557142857143,9.482157142857144,9.497371428571428,9.100771428571429,9.335657142857142,6.482185714285714,6.5628714285714285,6.839842857142857,7.065785714285716,7.241485714285716,7.264985714285714,7.065900000000001,6.906014285714286,6.795742857142857,7.0335857142857146,5.908828571428572,5.907571428571429,5.738571428571428,5.097814285714286,5.290785714285714,4.793057142857143,4.094957142857143,4.158857142857142,5.384628571428571,5.459614285714286,5.460971428571428,6.335157142857144,6.104457142857143,5.456271428571428,5.250914285714286,4.025142857142858,4.607257142857144,4.427328571428572,3.4428142857142854,3.6122,4.062271428571429,4.062285714285715,3.8837000000000006,3.2266000000000004,3.409885714285714,3.507042857142857
65,11.0866,11.0866,8.0518,8.701133333333333,7.20395,6.634780000000001,5.884883333333334,5.3970142857142855,4.910228571428571,6.617071428571429,6.3315,7.721485714285714,7.5707571428571425,7.793999999999999,7.842071428571427,7.352557142857142,6.245214285714285,5.630542857142856,4.445685714285714,4.5906714285714285,6.072657142857143,7.0085428571428565,8.565057142857142,8.395557142857143,10.30862857142857,10.552200000000001,10.462428571428571,9.474157142857143,9.5096,8.437828571428572,7.9169285714285715,6.6185857142857145,7.3393,7.417257142857143,6.945657142857143,7.117299999999999,6.499171428571429,7.0195,6.613685714285714,5.779342857142857,6.945799999999999,7.764585714285714,6.824085714285714,7.496114285714285,6.783242857142857,7.3825714285714295,7.047085714285714,5.885628571428572,5.6592714285714285,5.460885714285714,5.596185714285715,5.576357142857143,4.644785714285715,4.660400000000001,5.482228571428572,5.376857142857142,5.311285714285715,4.3692714285714285,4.634714285714287,5.375871428571429,6.140085714285715,5.115885714285715,5.779800000000001,6.586671428571429,6.867442857142857,8.3064,8.306557142857143,7.511642857142858,7.4584,6.128985714285714,5.3461,5.8686428571428575,4.100071428571429,3.290914285714286,3.2834857142857143,3.5739000000000005,3.8347,4.179428571428572,4.1826,4.190957142857143,4.532814285714286,4.524500000000001,5.2476714285714285,5.760814285714285,5.407457142857143,4.951728571428572,4.895171428571429,4.823514285714286,5.746185714285714,5.520885714285714,5.520885714285714,5.512099999999999,5.1608285714285715,5.205742857142858,6.1313571428571425,5.888042857142858,5.084257142857143,5.257585714285715,6.023385714285714,7.207714285714284,7.310642857142858,6.116642857142857,7.291914285714285,7.608957142857143,9.608885714285716,8.946057142857143,7.7408,7.579885714285714,7.599500000000001,6.440328571428572,6.102385714285715,3.2615857142857143,3.6214000000000004,4.116357142857143,5.256928571428572,5.222700000000001,5.273414285714286,5.683728571428572,5.493414285714286,5.695142857142857,6.200385714285715,5.093814285714285,5.0766285714285715,5.367114285714286,5.362128571428571,5.362799999999999,4.659457142857143,4.1327,4.117842857142857,4.099457142857142,3.151485714285714,2.807271428571429,2.8467,3.682414285714285,3.2668142857142857,3.3134142857142854,3.5245714285714285,4.5081428571428575,4.436185714285714,4.415171428571428,3.772271428571428,3.770057142857143,3.7679857142857145,5.072157142857143,4.017328571428572,4.089300000000001,4.135471428571429,3.988814285714285,4.1011,4.102714285714285,2.6519142857142852,2.6315571428571425,2.6111571428571425,2.5963142857142856,2.5310285714285716,2.333142857142857,2.267885714285714,2.2165142857142857,2.188785714285714,2.1680571428571427,2.188514285714285,2.2822285714285715,2.4416857142857142,2.4717857142857147,2.602242857142857,2.5785714285714287,2.543757142857143,2.5016571428571432,2.421828571428571,2.355971428571429,2.325871428571429,2.181557142857143,2.261242857142857,2.296328571428571,2.677942857142857,2.724471428571429,2.6813285714285713,2.6952142857142856,3.0129714285714284,3.3585571428571432,3.3811571428571425,3.052785714285714,3.0079285714285713,3.0133,3.032514285714286,2.7706142857142857,2.3374142857142854,2.2648,2.182957142857143,2.1676,2.1274,2.109857142857143,2.0697,2.0807142857142855,2.086457142857143,2.1018142857142856,2.1018,2.1017571428571427,2.1017571428571427,2.101585714285714,2.1001714285714286,2.1098142857142856,2.1002,2.100214285714286,2.0575857142857146,2.059057142857143,2.059071428571429,2.1672714285714285,2.1576285714285715,2.1519714285714286,2.176857142857143,2.2598,2.2583142857142855,2.2465,2.122242857142857,2.1267857142857145,2.149557142857143,2.521785714285714,2.5525285714285713,2.591528571428572,2.627185714285715,2.6507,2.6507285714285715,2.638271428571428,2.2804285714285712,2.2043142857142857,2.160285714285714,2.1314,2.1188857142857147,2.1188571428571428,2.1187714285714287,2.0909142857142857,2.103657142857143,2.1942,2.1942,2.1942142857142857,2.287057142857143,2.3646,2.3635142857142855,2.3507857142857143,2.2986857142857144,2.2986714285714283,2.3371142857142857,2.320857142857143,2.3247,2.3611571428571425,2.3877142857142855,2.342057142857143,2.8651142857142857,2.8530857142857142,2.876985714285714,2.8960999999999997,3.1454857142857144,3.2265285714285716,3.2339857142857142,2.710171428571428,2.689442857142857,2.6644857142857146,2.9583714285714287,2.7621714285714285,2.6910857142857147,2.7274,3.049285714285714,3.0541428571428573,3.5966285714285715,3.523357142857143,3.6925571428571433,3.9771571428571426,3.939828571428571,3.797414285714286,3.8903571428571424,3.3758142857142857,3.155785714285714,3.743657142857143,4.303414285714285,5.187828571428571,5.123128571428572,5.0222,5.342142857142858,5.904700000000001,5.188614285714286,4.642114285714285,4.6990285714285704,4.714271428571429,5.559100000000001,5.983057142857143,5.3547,5.988828571428571,5.778928571428571,5.076999999999999,7.101942857142857,7.1019571428571435,6.787657142857142,8.155357142857143,8.595671428571427,8.609457142857142,9.503942857142857,8.482871428571428,7.653299999999999,7.966057142857141,7.410457142857142,6.31387142857143,6.304857142857142,5.564314285714286,5.080828571428571,5.273085714285715,4.486671428571428,3.6622,3.613114285714286,3.5397571428571433,3.151542857142857,2.5578142857142856,2.4056428571428574,2.3674,3.2464000000000004,4.2584285714285715,4.486514285714286,5.574142857142857,5.740899999999999,5.72612857142857,6.625342857142856,6.580957142857143,8.13537142857143,8.922828571428571,8.806857142857144,9.492242857142857,9.671771428571429,8.974042857142857,9.096528571428571,6.672485714285713,6.217042857142856,6.374499999999999,6.411885714285716,6.4113999999999995,6.392971428571428,6.562814285714286,6.41487142857143,6.881928571428571,7.654042857142857,6.974685714285713,7.0250571428571424,7.058385714285714,6.696057142857143,6.9869,6.149957142857143,4.858199999999999,4.999871428571429,5.7713142857142845,5.813557142857142,5.382571428571429,6.247685714285715,6.055414285714286,5.679157142857143,5.340385714285714,4.367242857142857,5.046785714285714,4.927814285714286,3.9641000000000006,4.1596142857142855,4.331928571428572,4.3319857142857146,4.4987,3.682857142857143,3.7201285714285715,3.7215428571428575
66,9.5288,9.5288,7.2739,7.5250666666666675,6.629550000000001,6.177020000000001,5.524716666666667,5.11417142857143,4.960185714285714,6.703428571428572,6.500142857142857,7.309414285714285,7.283242857142858,7.490371428571429,7.642085714285714,7.043557142857142,6.761385714285715,6.436,5.812485714285714,5.823542857142857,6.965128571428571,7.807385714285714,8.824442857142857,8.077685714285714,9.788857142857143,10.158657142857143,10.029285714285717,9.82977142857143,9.80877142857143,9.329757142857144,8.516542857142857,6.669542857142858,6.696557142857143,6.688885714285715,5.762185714285715,5.749957142857142,5.038514285714286,6.058999999999999,6.297914285714286,5.755985714285714,7.549657142857143,8.149657142857142,7.412228571428571,8.1227,6.910757142857142,7.967199999999999,7.708842857142857,6.047385714285714,6.3890714285714285,6.194371428571428,6.6425,6.623171428571429,5.244642857142857,5.2880714285714285,6.115728571428571,5.345771428571429,5.373785714285714,4.114242857142857,4.576657142857143,5.328028571428571,5.715685714285714,4.5933142857142855,5.810471428571428,6.736428571428571,7.039728571428571,7.315928571428572,7.533442857142857,7.113014285714286,7.148671428571428,5.578514285714285,4.581771428571429,5.090271428571429,4.298885714285715,3.2726,3.3166571428571427,3.765014285714286,4.039285714285714,4.628771428571428,4.705928571428571,4.693128571428572,5.117971428571429,5.106114285714285,5.744857142857143,6.252257142857142,5.639971428571429,4.941742857142857,4.902557142857143,4.818757142857143,5.576514285714285,4.8225428571428575,4.8225428571428575,4.827285714285714,4.642457142857142,4.681385714285716,5.832057142857143,5.825685714285716,5.484171428571429,5.484157142857143,6.283871428571429,7.219842857142858,7.238657142857144,5.75477142857143,5.454014285714286,5.800757142857144,6.691371428571428,5.966714285714285,5.026928571428572,4.954700000000001,4.965471428571428,4.806957142857144,4.426242857142857,2.7781857142857143,3.2159857142857144,3.416671428571429,5.359514285714286,5.301700000000001,5.238442857142857,5.818528571428572,5.717871428571429,6.001357142857143,6.9722,5.0445,5.0454857142857135,6.004328571428571,5.750500000000001,5.750571428571429,4.910942857142857,4.025385714285714,4.025485714285714,4.026628571428572,2.8062,2.5507571428571434,2.5658142857142856,3.558671428571429,3.3000285714285718,3.362757142857143,3.838142857142858,4.502485714285714,4.470528571428572,4.4705,3.6350000000000002,3.619957142857143,3.5953000000000004,3.4503999999999997,2.7755,2.8039571428571426,2.804,2.6862,2.7879714285714288,2.7753000000000005,2.4434285714285715,2.461457142857143,2.4697428571428572,2.4972,2.4427714285714286,2.280542857142857,2.240185714285714,2.241014285714286,2.181885714285714,2.107842857142857,2.146485714285714,2.2230142857142856,2.3234,2.3789857142857143,2.4636,2.4636142857142858,2.4651,2.4177714285714282,2.3569428571428572,2.3650999999999995,2.3094571428571427,2.2249285714285714,2.310785714285714,2.3093428571428576,2.4466428571428573,2.5074571428571426,2.456057142857143,2.4718142857142857,2.841957142857143,2.9027428571428575,2.960657142857143,2.8900285714285716,2.8327428571428572,2.8390857142857135,2.9060142857142854,2.5577285714285716,2.3956714285714287,2.3222714285714288,2.222257142857143,2.2033,2.157542857142857,2.0942000000000003,2.118414285714286,2.2093714285714285,2.2159142857142853,2.2332714285714284,2.2332428571428564,2.233228571428571,2.2316142857142856,2.1874285714285713,2.1153999999999997,2.1871714285714288,2.176271428571429,2.176414285714286,2.1590857142857147,2.160914285714286,2.1609142857142856,2.201628571428571,2.136314285714286,2.1472857142857142,2.1844714285714284,2.288185714285714,2.2863571428571428,2.2678857142857143,2.207185714285714,2.2043142857142857,2.2356571428571423,2.7447714285714286,2.727314285714286,2.7587571428571427,2.7824714285714287,2.8005,2.800442857142857,2.7617714285714285,2.2753,2.211642857142857,2.172842857142857,2.1672857142857143,2.1603285714285714,2.1575428571428574,2.157442857142857,2.108685714285714,2.1090142857142857,2.153057142857143,2.1460142857142857,2.1471285714285715,2.2266857142857144,2.3220285714285716,2.3209000000000004,2.3079285714285716,2.3100857142857145,2.3100714285714288,2.347757142857143,2.3487,2.329014285714286,2.355657142857143,2.367028571428572,2.313514285714285,2.492771428571429,2.480571428571429,2.511342857142857,2.6123714285714286,3.191057142857143,3.2726571428571427,3.2912857142857144,3.1112428571428565,3.0847857142857147,3.0685857142857142,3.041471428571428,2.5059857142857145,2.448685714285715,2.473,3.3204285714285713,3.3316857142857144,4.1746428571428575,4.204299999999999,4.220657142857143,4.799642857142857,4.763228571428571,4.095842857142857,4.188171428571429,3.356642857142858,3.2789571428571427,4.039385714285714,4.271657142857143,5.1389571428571434,5.039957142857142,4.936914285714286,5.021985714285715,5.5765,4.852200000000001,4.472728571428571,4.472714285714285,4.7520999999999995,5.079928571428572,5.738057142857143,5.0961,5.629842857142857,5.266185714285713,4.627185714285715,6.421585714285714,6.94,6.959328571428571,8.077871428571429,8.554442857142858,8.57077142857143,9.377057142857144,8.355657142857144,7.601842857142858,7.7693571428571415,7.483628571428571,6.473314285714286,6.475514285714286,5.832442857142857,4.821557142857143,4.841728571428571,3.9212428571428575,3.1175428571428574,3.051271428571429,2.9882714285714287,2.602657142857143,2.5402285714285715,2.4888714285714286,2.434885714285715,3.398557142857143,4.237871428571428,4.640042857142857,5.768457142857143,5.9351,5.895942857142858,6.698442857142857,6.5884285714285715,7.8464857142857145,8.550214285714286,8.554514285714285,9.341457142857141,9.522671428571428,8.8636,9.016485714285714,6.925085714285714,5.985828571428571,6.160457142857142,6.255085714285714,6.276000000000001,6.276000000000001,6.576185714285715,6.568271428571428,8.059428571428572,8.415528571428572,7.594357142857143,7.757514285714286,7.763657142857143,6.938128571428572,7.131714285714287,5.4870285714285725,4.176442857142857,4.165242857142856,4.957314285714285,5.021328571428571,4.769785714285713,6.365714285714286,6.3473999999999995,6.237128571428572,5.989714285714286,5.0022714285714285,5.660657142857143,5.441885714285715,3.6260285714285714,3.8212714285714284,3.8630714285714283,3.9046857142857143,3.9871714285714286,3.294157142857143,3.4109285714285713,3.6560428571428565
67,21.4751,21.4751,12.82675,9.999133333333333,8.4179,7.469119999999999,6.5796166666666664,6.000828571428571,4.079557142857142,5.935771428571428,6.064628571428571,7.071971428571429,7.9189,8.088585714285713,8.126985714285714,7.454671428571428,5.989328571428571,5.714142857142858,4.813957142857143,4.047671428571428,5.182842857142857,6.1551,8.685842857142857,9.129257142857142,11.115471428571428,11.571628571428572,11.313214285714285,11.64307142857143,11.57012857142857,9.734942857142856,9.147385714285715,7.278200000000003,7.332714285714288,7.392928571428572,5.877185714285715,5.723871428571428,5.043457142857143,5.446557142857143,5.454414285714286,4.910857142857142,6.7233285714285715,7.442442857142857,6.865657142857143,7.518957142857142,6.602899999999999,7.8614428571428565,7.5929714285714285,5.9764285714285705,5.541114285714286,5.386814285714286,6.4493,6.5131571428571435,5.050028571428571,5.113814285714285,5.9225,5.922471428571429,5.9025285714285705,4.010257142857143,4.829028571428572,5.563128571428571,5.672128571428571,4.562771428571429,5.001657142857143,6.102685714285713,7.140999999999999,7.0436571428571435,7.114114285714286,6.957185714285715,7.0077,6.2210857142857146,5.686685714285714,5.416471428571428,4.644785714285715,3.7798714285714285,3.7959857142857136,4.3011857142857135,4.413114285714285,4.145042857142857,4.258957142857143,4.250442857142857,4.6489142857142856,4.852942857142857,5.426214285714286,6.372428571428571,6.015099999999999,5.31752857142857,5.282357142857143,5.692414285714285,6.271557142857143,5.409599999999999,5.137685714285714,5.1521,5.004657142857143,5.054228571428571,5.913928571428571,5.8103,5.581314285714286,5.582299999999999,6.378942857142856,7.175800000000001,7.175757142857143,5.543142857142856,4.984285714285714,5.377714285714285,6.133157142857143,5.349871428571428,4.527928571428571,4.483257142857143,4.675942857142857,5.0712142857142855,4.642685714285714,3.280014285714286,4.0633,4.7324,5.7997,5.542728571428571,5.3223,5.4871428571428575,5.236057142857143,5.232057142857143,5.740542857142858,4.671928571428571,4.686,5.1957571428571425,5.246042857142856,5.245871428571429,4.407185714285714,3.6988999999999996,3.733157142857143,3.7192714285714286,2.9107714285714286,2.7652285714285716,2.781057142857143,3.8290714285714285,3.822228571428571,3.8535428571428567,4.0521142857142864,4.919314285714286,4.911671428571429,4.911642857142858,3.9207285714285716,3.479128571428571,3.4531428571428564,3.6633285714285715,2.7408142857142854,2.7478714285714285,2.7479,2.7365,2.740585714285714,2.7406000000000006,2.3302857142857145,2.376,2.376428571428572,2.4011142857142858,2.3394857142857144,2.2778714285714288,2.2223571428571427,2.2215,2.174942857142857,2.103271428571429,2.1478571428571427,2.225228571428571,2.3261714285714286,2.379414285714286,3.2011714285714286,3.2011714285714286,3.218771428571429,3.1661428571428574,3.103828571428571,3.1008857142857145,3.047657142857143,2.2259285714285713,2.3095428571428576,2.3094714285714284,2.4497714285714283,2.508942857142857,2.474457142857143,2.4894857142857143,3.0837285714285714,3.0897714285714284,3.1277142857142857,3.0202999999999998,2.962942857142857,2.9352000000000005,2.989842857142857,2.416328571428571,2.3119,2.2478000000000002,2.182557142857143,2.1659714285714284,2.147071428571429,2.113171428571429,2.113114285714286,2.2019571428571427,2.2019714285714285,2.202,2.201985714285714,2.202,2.183057142857143,2.164157142857143,2.1320714285714284,2.2005142857142856,2.206757142857143,2.206871428571428,2.190314285714286,2.232485714285714,2.232485714285714,2.2325142857142857,2.1641285714285714,2.1745714285714284,2.234742857142857,2.3412714285714284,2.3006571428571427,2.2946714285714287,2.241257142857143,2.246857142857143,2.271,2.792614285714286,2.772671428571429,2.8158000000000003,2.8288285714285712,2.8491285714285715,2.847928571428571,2.8177285714285714,2.291842857142857,2.2669428571428574,2.2163142857142857,2.2164428571428574,2.203357142857143,2.2035285714285715,2.1921857142857144,2.1599,2.1160428571428573,2.1295142857142855,2.1163714285714286,2.123542857142857,2.2139857142857142,2.3219142857142856,2.3088142857142855,2.317585714285715,2.317142857142857,2.3571285714285715,2.3900285714285716,2.395157142857143,2.3766,2.3893285714285715,2.386414285714286,2.3731999999999998,2.4899857142857136,2.462671428571429,2.4716142857142858,2.7187999999999994,3.2719428571428573,3.352685714285714,3.3658857142857137,3.2089571428571424,3.1971285714285713,3.211185714285715,3.179428571428572,2.681014285714286,2.6169000000000002,2.6433714285714283,3.4899428571428572,3.5020999999999995,4.051785714285714,3.799685714285714,3.8340999999999994,4.319171428571428,4.279514285714285,4.008871428571429,4.524114285714286,3.963142857142858,4.027057142857143,4.588071428571429,4.9197,5.802671428571429,5.266842857142857,4.738471428571429,4.774242857142858,5.754242857142857,5.211985714285714,5.152671428571429,5.147728571428571,5.3136857142857155,5.929542857142858,6.632742857142858,5.560757142857143,6.286557142857143,5.614300000000001,4.966114285714286,6.913814285714286,6.9693,7.000500000000001,8.119371428571428,8.405085714285715,8.4589,9.234585714285714,8.213128571428571,8.342628571428572,8.470414285714286,8.34367142857143,7.330114285714286,7.3485571428571435,6.945571428571428,6.263271428571429,5.510757142857144,4.622614285714286,3.6654857142857145,3.743542857142857,3.6454428571428568,3.0469857142857144,2.6527571428571433,2.660085714285714,2.5984000000000003,3.5885571428571432,4.239128571428572,4.507214285714285,5.350485714285715,5.509385714285714,5.4745,6.266128571428571,6.446857142857143,7.2776571428571435,8.9799,8.89042857142857,9.621428571428572,9.767128571428573,9.142271428571428,8.970028571428571,7.334857142857143,5.865457142857143,6.481214285714286,6.3829142857142855,6.357185714285714,6.332942857142856,6.220999999999999,6.383114285714286,7.58292857142857,7.410400000000001,6.999814285714287,7.179857142857144,7.089328571428573,6.7472,6.786557142857143,5.062900000000001,4.516742857142857,4.324428571428571,5.164928571428571,5.300314285714285,4.977785714285714,6.790942857142857,6.749957142857142,6.325057142857143,6.104642857142857,5.187714285714286,5.741728571428572,5.496485714285714,3.464085714285715,3.6832857142857143,3.7257285714285717,3.766228571428571,3.792242857142857,3.221457142857143,3.2998,3.504642857142857
68,13.3697,13.3697,8.2564,6.927966666666666,6.1412249999999995,5.54158,4.975666666666666,4.615928571428571,3.6843714285714286,5.918842857142857,5.9230857142857145,6.645328571428572,7.624857142857144,7.825514285714286,7.866985714285716,7.306971428571428,5.331671428571427,5.135642857142857,5.0039,4.170599999999999,5.396828571428571,6.1470714285714285,8.497285714285713,9.310828571428571,11.505828571428571,11.4598,11.215614285714285,10.990528571428571,10.99382857142857,9.526142857142856,8.608842857142857,6.41387142857143,6.109342857142858,6.230514285714286,5.1608285714285715,4.903671428571428,4.202985714285714,5.0271,5.108714285714286,4.933957142857143,6.800285714285715,7.5044571428571425,7.217842857142857,7.523071428571429,6.430057142857144,7.953457142857142,7.731557142857143,5.998314285714286,5.575357142857143,5.362414285714286,6.716728571428571,6.770614285714287,5.155071428571429,5.170614285714286,5.964414285714286,5.964371428571428,5.910628571428572,3.9668285714285716,4.7519285714285715,5.486957142857142,5.522314285714286,4.423814285714285,5.179314285714286,6.647942857142858,7.714142857142856,7.772114285714286,7.799057142857143,7.698928571428572,7.732542857142856,6.591385714285715,5.149785714285715,4.843242857142857,3.9365999999999994,3.0903285714285715,3.1401714285714286,3.277685714285714,3.345285714285714,3.9295,3.9990285714285716,3.9990571428571426,4.374014285714286,5.1329142857142855,5.806385714285715,6.549714285714287,5.926357142857143,5.183057142857144,5.154514285714286,5.382585714285715,5.4109,4.606257142857143,4.849085714285715,4.872942857142858,4.813899999999999,4.860414285714286,6.1314142857142855,6.000342857142857,5.997142857142857,5.7191857142857145,6.518185714285714,7.321728571428571,7.290628571428572,5.499642857142858,4.920471428571427,5.4228000000000005,7.625871428571429,6.8343,6.0083,6.005771428571429,6.284985714285716,6.525214285714286,5.988785714285713,3.8220428571428573,4.311871428571428,5.137871428571428,6.259728571428572,5.8771571428571425,5.746699999999999,5.847200000000001,4.989042857142856,5.287114285714286,5.992214285714285,4.862557142857143,4.861714285714286,4.937485714285715,5.049328571428572,5.049214285714286,4.2089428571428575,3.2869999999999995,3.3389999999999995,3.329999999999999,3.114685714285714,3.351257142857143,3.3656285714285716,3.546257142857143,3.4205714285714284,3.4674142857142862,4.269042857142857,4.744328571428572,4.352914285714286,4.352885714285715,4.224000000000001,3.7680285714285717,3.706842857142857,2.977671428571429,2.3735571428571425,2.4478142857142857,2.4335,2.427185714285714,2.4271428571428575,2.4272,2.363742857142857,2.4091857142857145,2.3658,2.4301142857142857,2.3710999999999998,2.3120857142857147,2.260814285714286,2.265957142857143,2.2256571428571426,2.122871428571428,2.2017571428571427,2.2882142857142855,2.428442857142857,2.4947142857142857,2.6872857142857143,2.709171428571429,2.7497857142857143,2.647442857142857,2.5797,2.526457142857143,2.478885714285714,2.298114285714285,2.374557142857143,2.352814285714286,2.5243285714285717,2.592057142857143,2.5782,2.579657142857143,3.4030857142857145,3.5013,3.608042857142857,3.4712285714285716,3.400414285714286,3.3818000000000006,3.4180857142857137,2.5898428571428567,2.3916571428571425,2.271557142857143,2.2123285714285714,2.196285714285714,2.1573857142857142,2.1553285714285715,2.1971714285714286,2.2856285714285716,2.285671428571429,2.2695857142857143,2.2695142857142856,2.2695285714285713,2.230714285714286,2.178757142857143,2.1448,2.2108857142857143,2.216942857142857,2.217,2.201042857142857,2.2183,2.2743571428571427,2.2356,2.1795428571428572,2.1896714285714287,2.2240142857142855,2.3468428571428572,2.3856428571428574,2.3232285714285714,2.2929999999999997,2.2877,2.3182714285714283,2.843657142857143,2.8057857142857148,2.817814285714286,2.829857142857143,2.848642857142857,2.8476571428571424,2.810742857142857,2.327128571428571,2.315857142857143,2.2414857142857145,2.241828571428571,2.2297285714285713,2.2297857142857143,2.219157142857143,2.164814285714286,2.1018,2.1295714285714284,2.1172,2.1180857142857143,2.2101285714285717,2.3143142857142855,2.3022142857142858,2.301157142857143,2.279985714285714,2.2799857142857145,2.316114285714286,2.3176142857142854,2.3122000000000003,2.310928571428571,2.342428571428571,2.3286142857142855,2.645814285714286,2.632071428571429,2.709942857142857,2.938914285714286,3.325957142857143,3.3805571428571426,3.397271428571429,3.0786714285714285,3.0549285714285714,3.020442857142857,3.139528571428571,2.8268999999999997,2.7722714285714285,2.8350428571428568,3.6108857142857143,3.674557142857143,4.678857142857142,4.265928571428572,4.276542857142857,4.7113,4.637585714285714,4.0346714285714285,4.288642857142858,3.2475857142857136,3.3238857142857134,4.305314285714286,4.686371428571428,5.5531,5.3942,5.077185714285713,5.232385714285714,6.551242857142857,5.5876285714285725,5.459171428571429,5.4707,5.577185714285714,6.271471428571429,6.892128571428572,5.486342857142858,6.041642857142857,5.439357142857142,5.056171428571427,6.070057142857143,5.705128571428572,5.902842857142857,6.819657142857143,7.200957142857143,7.2035285714285715,9.296985714285714,9.296985714285714,9.086557142857144,8.971171428571429,8.725514285714286,7.803885714285713,7.867399999999999,5.737914285714285,5.247085714285714,5.202457142857142,4.360757142857143,3.720928571428572,3.6484857142857146,3.515171428571428,3.0606428571428568,2.4678,2.4426428571428573,2.3751714285714285,3.3523428571428573,3.837757142857143,4.004714285714285,4.767728571428571,4.934671428571428,4.903471428571428,5.881942857142858,6.071114285714286,6.9087000000000005,8.525314285714286,8.488057142857143,9.097414285714287,9.276942857142858,8.429471428571429,7.844757142857142,6.495800000000001,4.879185714285714,6.205114285714286,6.0585571428571425,5.9862714285714285,5.999414285714286,5.8142000000000005,5.8478714285714295,7.598457142857143,6.780742857142856,6.544928571428571,6.741485714285714,6.642785714285714,6.845685714285714,7.026499999999999,5.111457142857143,4.229228571428571,4.0186,5.470471428571429,5.6216857142857135,5.2545142857142855,6.855728571428571,6.830514285714285,6.576514285714286,6.3692714285714285,4.899571428571428,5.515771428571428,5.2661428571428575,3.4840571428571434,3.7063857142857146,3.991271428571428,4.032271428571429,3.9608,3.3425142857142864,3.487328571428572,3.680171428571428
69,10.2323,10.2323,7.205500000000001,6.189866666666667,5.367,4.91338,4.472083333333333,4.174114285714285,3.6511428571428572,5.752114285714286,6.473257142857143,7.204671428571428,8.127571428571429,8.214042857142859,8.25677142857143,7.802728571428572,5.784242857142857,4.804200000000001,4.656557142857143,3.7757285714285715,4.796014285714286,5.117585714285714,6.8517,7.602657142857142,9.70322857142857,9.370842857142858,9.224285714285715,9.3452,9.591099999999999,8.404942857142858,7.556685714285715,5.537957142857143,5.564157142857143,5.569428571428571,4.428242857142857,4.189857142857142,3.7446571428571427,4.305285714285715,4.419842857142856,4.339157142857142,6.295442857142858,7.0280000000000005,6.917071428571428,7.042314285714285,6.213828571428572,7.620071428571428,7.341914285714287,5.643685714285715,5.102728571428572,5.4795428571428575,6.817257142857143,6.835785714285715,5.294157142857144,5.366542857142856,6.196457142857143,6.420757142857142,5.847371428571429,4.129614285714286,4.460814285714286,5.210328571428572,5.128728571428572,3.9945999999999997,4.523614285714286,6.221628571428572,7.890942857142856,8.372114285714286,7.9370714285714286,7.936985714285713,7.980214285714284,6.948642857142857,5.185971428571428,3.7102285714285714,2.8909857142857147,2.4849285714285716,2.536714285714286,2.642114285714286,2.7197285714285715,3.2961285714285715,3.9151714285714285,3.931857142857143,4.352328571428571,4.636642857142858,5.336028571428571,6.000128571428571,5.409100000000001,4.6162285714285725,4.571671428571428,4.7001,5.183385714285714,4.382671428571428,4.555085714285714,4.591857142857142,4.5805,4.645185714285714,5.881157142857142,5.562400000000001,5.549985714285714,5.470828571428571,6.254385714285715,7.059542857142858,7.016185714285713,5.480785714285714,5.214985714285715,5.554085714285714,8.398014285714286,7.604485714285714,6.777571428571429,6.808642857142857,6.8083,7.324071428571428,6.955471428571428,4.099328571428571,4.661542857142857,5.304385714285714,6.644757142857143,6.3937428571428585,5.673357142857143,5.723371428571428,4.865285714285714,5.278014285714286,6.529528571428571,5.140428571428572,5.139442857142858,5.564814285714286,5.8243285714285715,5.824128571428572,4.798228571428571,3.1967571428571433,3.241757142857143,3.2331142857142856,3.004385714285714,2.7392142857142856,2.7530285714285716,3.594157142857143,3.4571714285714283,3.4708285714285716,4.323785714285714,4.156042857142857,4.145628571428571,4.1456,3.354114285714286,3.225957142857143,3.203171428571429,2.4152714285714287,2.3344142857142858,2.4267571428571424,2.4267714285714286,2.4335142857142853,2.433485714285714,2.4338142857142855,2.3774,2.4227142857142856,2.4039,2.453171428571428,2.3837857142857146,2.270957142857143,2.2218,2.2270857142857143,2.1870285714285713,2.0839,2.1620999999999997,2.2472285714285714,2.426057142857143,2.492385714285714,3.2600000000000002,3.2600142857142855,3.3154142857142856,3.239557142857143,3.2190000000000003,3.1130142857142857,3.046685714285714,2.2790714285714286,2.3758142857142857,2.320485714285714,2.4657000000000004,2.4862571428571427,2.5398428571428573,2.5695857142857146,3.259842857142857,3.267814285714286,3.331614285714285,3.195442857142857,3.1249428571428566,3.084885714285714,3.1508285714285713,2.4822999999999995,2.373957142857143,2.3063428571428575,2.2472571428571433,2.247242857142857,2.2299857142857142,2.1871,2.2145,2.3042285714285713,2.294742857142857,2.2796428571428566,2.2795571428571426,2.279571428571429,2.2413,2.188471428571429,2.1351714285714287,2.2386857142857144,2.2443142857142857,2.2293,2.2142714285714287,2.2238285714285717,2.2333142857142856,2.2140714285714287,2.1200428571428573,2.1296857142857144,2.162,2.266857142857143,2.310142857142857,2.294571428571429,2.265042857142857,2.2599714285714287,2.288242857142857,2.8782714285714284,2.8620142857142854,2.876257142857143,2.8874714285714282,2.9282142857142857,2.927257142857143,2.8928,2.3515142857142854,2.3411428571428567,2.2710571428571424,2.2711714285714284,2.248042857142857,2.2481285714285715,2.2382714285714287,2.1725,2.1041285714285713,2.1126571428571426,2.101342857142857,2.1013571428571427,2.1915714285714287,2.2926571428571427,2.2863571428571428,2.2854285714285716,2.2738285714285715,2.2738285714285715,2.296957142857143,2.297871428571429,2.3032000000000004,2.3120285714285713,2.3531857142857144,2.354842857142857,2.659442857142857,2.6562142857142854,2.8599142857142854,3.4580428571428574,3.854128571428572,3.9106428571428578,3.9237857142857147,3.6209000000000002,3.6041571428571433,3.497,3.0972,2.776971428571429,2.7204142857142855,2.7844142857142864,3.630957142857143,3.6968428571428578,3.974242857142857,3.710557142857143,3.813657142857142,4.198414285714286,4.121271428571428,3.576671428571429,3.729614285714286,3.3735428571428576,3.4514,4.254771428571429,4.607671428571429,5.453828571428572,5.1535142857142855,4.919557142857142,4.8429142857142855,5.581599999999999,4.614728571428571,4.441242857142858,4.457057142857144,4.563728571428571,4.883457142857142,5.698785714285713,4.861428571428571,5.468357142857143,4.961442857142857,4.795328571428572,5.316542857142857,5.658528571428572,5.944242857142858,6.997457142857143,7.356814285714287,7.372957142857144,7.439371428571429,7.941671428571429,7.548857142857143,7.194128571428571,6.7617,5.8686428571428575,5.867642857142857,5.1378571428571425,4.118342857142857,3.8968000000000003,3.236171428571429,2.6714142857142855,2.709228571428571,2.6406285714285715,2.6247000000000003,2.5556142857142854,2.5558142857142854,2.4825714285714287,3.5294571428571433,3.600285714285714,3.7674,4.175585714285715,4.3391714285714285,4.486557142857143,5.446757142857143,5.416771428571429,6.305728571428572,7.951142857142856,8.230257142857143,8.801714285714286,8.802385714285714,7.992342857142858,7.387714285714287,6.308957142857143,4.663542857142858,5.693928571428572,5.491014285714286,5.330399999999999,5.1697,5.036185714285715,5.064757142857144,7.346128571428571,7.863314285714286,7.510857142857143,7.738142857142856,7.761628571428571,7.761628571428571,7.8602285714285705,5.376457142857142,3.4010285714285713,3.3268142857142857,3.3290571428571427,3.488257142857143,3.4225571428571433,5.174014285714287,5.209385714285715,4.990985714285714,4.8573,5.524228571428572,6.111557142857143,5.8548,3.985928571428572,4.085685714285715,4.236085714285715,4.277228571428572,3.563371428571429,2.8194142857142857,2.917828571428571,2.9518714285714287
70,9.7209,9.7209,6.9391,7.605733333333333,6.3721,5.6318399999999995,5.0409999999999995,4.727742857142857,4.096042857142857,5.992671428571429,6.194228571428572,6.741171428571429,7.637528571428571,7.748971428571429,7.821657142857142,7.643714285714286,5.739928571428571,4.740971428571428,4.5217,3.7233714285714283,4.944642857142857,5.607828571428572,6.174071428571429,6.732628571428571,8.145242857142858,8.514985714285714,8.436585714285714,7.510228571428571,7.128428571428572,6.571242857142857,6.005057142857143,4.592442857142857,4.220242857142857,4.230857142857142,3.9977714285714288,3.7334571428571435,3.579328571428572,3.8329714285714287,3.8390714285714282,3.6289285714285713,5.457028571428571,6.131414285714286,6.432671428571429,6.424785714285716,5.907042857142858,6.826500000000001,6.674857142857143,5.038314285714286,4.3265142857142855,4.671514285714286,6.177785714285714,6.236771428571429,5.238385714285714,5.317571428571428,6.114585714285715,6.632557142857143,5.80467142857143,4.187328571428571,4.1932285714285715,4.9293571428571425,4.803228571428571,3.700957142857143,4.1618571428571425,5.697357142857143,7.3816428571428565,7.923985714285715,7.286257142857143,7.314185714285715,7.357514285714286,6.2706857142857135,4.746085714285714,3.0864857142857147,2.493614285714286,2.2957571428571426,2.3163285714285715,2.6205571428571424,2.6342571428571424,2.8985714285714286,3.7016999999999998,3.714385714285714,4.549914285714285,5.702728571428572,6.420314285714285,7.260014285714285,6.9873142857142865,6.232285714285715,6.192757142857144,5.914985714285714,5.609171428571429,4.584942857142857,4.2605,4.3097,4.2593571428571435,4.2898000000000005,4.609957142857143,3.7747428571428574,3.7645285714285714,4.055614285714285,4.834928571428571,5.643485714285714,5.626114285714286,5.044528571428571,5.032285714285713,5.192999999999999,4.810842857142857,4.0131571428571435,3.1842571428571427,3.225414285714286,3.2329857142857144,3.580085714285714,3.392185714285714,4.017528571428572,4.113728571428571,4.877528571428571,5.952514285714285,5.664257142857143,5.288257142857142,5.335014285714285,4.255814285714286,4.957285714285715,6.085371428571428,4.957357142857143,4.938128571428572,5.439671428571429,5.576485714285715,5.570171428571429,4.7279,2.9728571428571433,3.007057142857143,2.9973285714285716,2.5996428571428574,2.4802999999999997,2.4968,3.3357285714285716,3.3804714285714286,3.3869428571428566,4.239371428571428,4.316885714285715,4.293728571428572,4.305442857142857,3.5121285714285713,3.362785714285714,3.3627428571428566,2.5821571428571426,2.3873,2.4914285714285715,2.463228571428572,2.481985714285714,2.4819571428571434,2.4802999999999997,2.418185714285714,2.558185714285714,2.5683714285714285,2.6285,2.5494857142857144,2.4637571428571428,2.4101857142857144,2.4161571428571427,2.2821,2.1476714285714285,2.2233285714285715,2.3166,2.5644714285714287,2.6391428571428577,2.754628571428572,2.8326571428571428,2.8925142857142854,2.7866714285714282,2.7661285714285717,2.5643285714285717,2.5102571428571427,2.3947857142857143,2.4139857142857144,2.365242857142857,2.446485714285714,2.4637142857142855,2.5227,2.5227,4.6199,4.624857142857143,4.673571428571428,4.639357142857143,4.5653999999999995,4.5144714285714285,4.560414285714286,2.4762857142857144,2.3589857142857142,2.2816,2.205914285714286,2.2057857142857147,2.1930142857142854,2.184157142857143,2.2290714285714284,2.3295285714285714,2.3191142857142855,2.3190285714285714,2.3189857142857138,2.3189999999999995,2.319057142857143,2.2563142857142857,2.1662428571428576,2.176657142857143,2.1766857142857146,2.160257142857143,2.1437714285714287,2.1144571428571424,2.1249142857142855,2.1649571428571432,2.164914285714286,2.164957142857143,2.2536,2.360157142857143,2.4052857142857142,2.389928571428571,2.337285714285714,2.3324,2.3703857142857143,2.5675285714285714,2.5510857142857146,2.5778000000000003,2.610171428571429,2.632028571428571,2.6331714285714285,2.591357142857143,2.396071428571428,2.3975,2.338685714285714,2.338657142857143,2.3569142857142857,2.355842857142857,2.3547285714285713,2.2901285714285713,2.210142857142857,2.193942857142857,2.1616000000000004,2.1759571428571425,2.2841285714285715,2.4130142857142856,2.3987000000000003,2.3987000000000003,2.4108857142857145,2.4240999999999997,2.4441571428571427,2.4441571428571427,2.4149,2.4292571428571432,2.4448000000000003,2.418914285714286,2.728614285714286,2.704885714285715,2.9278285714285714,3.7053571428571432,4.022157142857144,4.107242857142857,4.122142857142857,3.7998857142857143,3.7723285714285715,4.0080857142857145,3.4355571428571428,3.2039999999999997,3.1378142857142852,3.2053857142857143,3.9203285714285707,3.987885714285714,4.396514285714286,4.507871428571429,5.138657142857143,5.2801857142857145,5.1977142857142855,5.053242857142857,5.336914285714286,4.483542857142857,4.218714285714285,4.203885714285714,4.873728571428572,5.74067142857143,5.185314285714285,4.820428571428572,4.744314285714286,5.707685714285715,5.098357142857142,4.909885714285714,5.109999999999999,5.128985714285713,5.546157142857142,6.367028571428571,5.287271428571429,5.932285714285714,5.380128571428571,4.9811000000000005,5.776785714285714,5.778642857142857,6.088685714285715,7.9332714285714285,8.313514285714286,8.3361,9.789085714285713,10.090171428571427,10.277600000000001,10.232114285714287,8.658385714285716,7.575228571428572,7.559428571428572,5.485842857142856,4.482085714285714,3.9345000000000003,2.9417428571428568,2.6968714285714284,2.7117714285714283,2.643828571428571,2.5960428571428573,2.512314285714286,2.4956285714285715,2.4008714285714285,3.085142857142857,3.3930714285714285,3.5425571428571425,4.158328571428571,4.307799999999999,4.307757142857143,5.109457142857144,5.4918000000000005,5.342757142857143,6.273542857142857,6.402542857142857,7.017371428571429,7.066528571428571,6.667699999999999,6.010471428571428,5.980785714285715,5.601542857142858,5.996985714285714,6.034357142857144,6.130071428571428,5.8756571428571425,5.612157142857142,5.524499999999999,5.876142857142857,6.302014285714286,5.511857142857143,5.377985714285714,5.239028571428571,5.276171428571429,5.404771428571428,4.519628571428571,3.228042857142857,3.3840428571428567,3.6698142857142857,3.8278571428571424,3.8415,4.678271428571429,4.5202285714285715,4.505128571428572,4.312771428571429,5.365085714285714,5.975557142857142,5.759057142857143,4.729814285714285,4.731299999999999,4.683185714285714,4.7175142857142855,3.4795285714285713,2.7109999999999994,2.9069142857142856,3.1097714285714284
71,16.3564,16.3564,10.327,10.071333333333333,8.146175,7.01596,6.210449999999999,5.691642857142857,4.500500000000001,6.298971428571428,6.298971428571429,7.3577714285714295,7.917171428571429,8.0159,8.015914285714285,7.948085714285713,6.121828571428571,5.160957142857142,5.056500000000001,4.723199999999999,5.490157142857143,5.801428571428572,5.315414285714286,6.360271428571428,7.425914285714286,7.278399999999999,7.100699999999999,7.192871428571428,7.658642857142857,7.649528571428571,6.6047,5.603014285714285,5.046728571428572,5.187657142857143,4.750771428571428,4.2036428571428575,4.208728571428571,4.329300000000001,4.462428571428571,4.476714285714285,5.976942857142857,6.328342857142857,6.811542857142858,6.650157142857144,6.247542857142856,6.651414285714286,6.4191,5.410514285714286,4.829742857142857,4.767257142857143,5.772571428571429,5.867128571428572,5.258828571428571,5.312114285714286,5.6422,5.754957142857142,5.070071428571429,3.972685714285715,3.981328571428572,4.726628571428571,4.5988,3.5385714285714287,3.9674,5.0624142857142855,6.539514285714286,7.275,6.590400000000001,6.615057142857142,6.6475285714285715,5.841471428571428,4.758857142857143,3.2720714285714285,2.453714285714286,2.316042857142857,2.319157142857143,2.631071428571429,2.6426142857142856,3.3505714285714285,4.171342857142857,4.389228571428572,5.449228571428571,6.172414285714285,6.665985714285715,7.460699999999998,6.726742857142857,5.9860999999999995,5.770428571428572,5.348514285714286,5.4436285714285715,4.6250857142857145,4.210828571428571,4.252542857142856,4.181814285714284,4.1890142857142845,4.467285714285714,3.686814285714285,3.6939571428571427,3.821814285714286,4.605357142857144,5.417285714285714,5.3839571428571436,4.7782857142857145,5.0194857142857146,5.306414285714285,5.1631,4.359128571428572,3.5282428571428572,3.5154714285714284,3.8047714285714282,4.127628571428572,3.8073714285714284,4.951214285714286,4.9542142857142855,5.782071428571428,6.861028571428571,6.367285714285714,5.741471428571429,5.937471428571428,4.412228571428572,5.210128571428571,5.212114285714286,4.153085714285714,4.034028571428571,5.336157142857142,5.414614285714286,5.388199999999999,4.6117,4.006914285714286,4.0405999999999995,4.028742857142857,2.799857142857143,2.8789000000000002,2.9004285714285714,3.677157142857143,4.0175857142857145,4.181728571428572,5.033114285714286,5.036885714285715,4.736228571428571,4.977828571428572,4.210728571428571,3.6876428571428574,3.539414285714286,2.7681571428571425,2.6983714285714284,2.886728571428571,2.623614285714286,2.6408428571428573,2.640957142857143,2.6409999999999996,2.5727285714285713,2.6574142857142857,2.5382,2.711614285714286,2.6070142857142855,2.4983571428571425,2.4295,2.427057142857143,2.3682857142857143,2.2702714285714287,2.2478142857142855,2.3301285714285713,2.8901000000000003,2.951057142857143,3.0427857142857144,3.0291285714285716,3.0525285714285713,2.918614285714285,2.897257142857143,2.4572000000000003,2.430857142857143,2.3977142857142857,2.584542857142857,2.5845,2.652714285714286,2.674071428571428,2.674857142857143,2.676242857142857,4.719200000000001,4.6050571428571425,4.649900000000001,4.649585714285714,4.603542857142857,4.584142857142857,4.609642857142857,2.552842857142857,2.465742857142857,2.378542857142857,2.291457142857143,2.3167714285714287,2.334357142857143,2.3490285714285717,2.373214285714286,2.459,2.460557142857143,2.4798000000000004,2.4797857142857143,2.436957142857143,2.4207,2.3535142857142857,2.267642857142857,2.3252857142857146,2.295457142857143,2.2402571428571427,2.203957142857143,2.1802714285714284,2.2379000000000002,2.2789142857142854,2.2197142857142858,2.2302,2.2853285714285714,2.3930714285714285,2.388142857142857,2.325271428571429,2.2805571428571434,2.276871428571429,2.321328571428572,2.4175,2.412614285714286,2.4759285714285713,2.524114285714286,2.5603714285714285,2.569028571428571,2.520885714285714,2.444942857142857,2.424557142857143,2.3607714285714283,2.3488857142857142,2.3284142857142855,2.319828571428572,2.321071428571429,2.3239857142857145,2.2707714285714284,2.2692142857142854,2.232928571428572,2.2987714285714285,2.405242857142857,2.640214285714286,2.568857142857143,2.552857142857143,2.5525000000000007,2.5612,2.527757142857143,2.527757142857143,2.3914428571428568,2.4049714285714283,2.4494714285714285,2.432685714285714,2.807914285714286,2.8046714285714285,3.398957142857143,3.494428571428571,4.3249571428571425,4.413371428571428,4.445771428571428,4.060685714285714,4.048242857142857,4.382285714285715,4.601657142857143,3.8574999999999995,3.768114285714286,3.874757142857143,4.7199857142857145,4.701214285714286,4.367185714285715,4.834071428571428,5.712728571428571,6.031342857142858,5.907071428571428,5.392242857142857,5.707771428571428,5.229671428571429,4.4683,4.377885714285715,5.051285714285713,5.901142857142858,5.582814285714285,5.264485714285714,5.087914285714285,5.958971428571429,5.1725714285714295,4.462657142857143,4.634742857142858,4.652271428571429,4.966942857142857,5.169871428571428,4.2070428571428575,4.7705714285714285,4.545757142857143,3.8367142857142857,4.8438,4.964442857142857,5.844857142857143,7.152871428571428,7.552014285714287,7.546928571428572,7.5353142857142865,7.3436,7.191285714285714,7.050357142857143,5.832885714285715,4.8071,4.898142857142857,4.684057142857142,4.134157142857143,4.099900000000001,3.1555857142857144,3.0808142857142857,3.086457142857143,2.958728571428572,2.8606428571428566,2.6257714285714284,2.425142857142857,2.4399,2.7424571428571434,3.1175142857142855,3.2611999999999997,4.1033,4.389885714285714,4.389914285714285,4.677585714285714,5.8659285714285705,5.505657142857143,6.372857142857143,6.696571428571429,7.095671428571428,7.651785714285714,8.149914285714285,7.066800000000001,7.207928571428572,6.963685714285714,6.757685714285715,7.082885714285715,6.670442857142858,5.884657142857142,5.655542857142857,5.500128571428571,5.804285714285714,5.658528571428571,4.768642857142857,4.6121,4.597799999999999,4.614914285714286,4.6149,3.7112857142857143,3.2271,3.299457142857143,3.5849000000000006,3.697,4.0483142857142855,4.622,4.440528571428572,4.4384,4.2000714285714285,4.773285714285714,5.337742857142857,4.791142857142858,4.412742857142857,4.598528571428571,4.465585714285714,4.526814285714286,3.8195000000000006,3.1122857142857145,3.2869142857142855,3.2774142857142863
72,5.3072,5.3072,7.45075,7.6129,8.10825,7.04174,6.284366666666667,5.707414285714286,5.4664142857142854,5.5341571428571426,6.190214285714286,6.152214285714286,7.585128571428571,8.3784,8.5209,8.514414285714286,8.235685714285713,7.248228571428571,6.455742857142858,6.0548714285714285,5.505842857142857,6.626557142857143,7.486485714285714,7.373985714285714,8.53197142857143,10.468100000000002,10.185957142857145,10.009514285714287,9.786942857142858,9.535799999999998,9.235671428571427,8.417928571428572,6.651214285714285,6.548185714285714,6.673728571428572,6.681271428571429,6.336828571428571,6.364228571428571,6.1396,6.338942857142858,5.957000000000001,6.7758714285714285,6.775857142857143,7.391842857142857,7.084242857142857,6.6145571428571435,6.555485714285715,6.3821142857142865,6.407228571428571,6.184314285714286,6.221814285714286,7.320799999999999,7.285042857142857,6.942042857142857,7.021614285714285,6.960842857142857,6.2935857142857135,5.302742857142857,4.141157142857143,4.577585714285715,5.2797857142857145,5.045428571428571,4.0365142857142855,4.353742857142857,4.789414285714286,5.603185714285715,5.337357142857143,4.664257142857143,4.719442857142857,4.989014285714285,4.670442857142858,4.3361,3.459942857142857,3.218485714285715,3.0190999999999995,3.043399999999999,3.5948142857142855,3.656371428571428,4.2602,5.063785714285714,5.075857142857143,5.437742857142857,6.170357142857143,6.170328571428571,6.683171428571428,5.863471428571429,5.064057142857143,5.052014285714286,4.770528571428572,4.4797,3.6614999999999998,3.151342857142857,3.209014285714286,3.2127857142857144,3.2033714285714288,4.104614285714286,3.632085714285714,3.6635285714285715,4.0587,4.8247,5.212385714285714,5.185314285714286,4.230157142857142,4.330114285714285,5.1133999999999995,7.184714285714286,6.400942857142858,5.9981428571428586,5.9981428571428586,6.6054142857142875,6.998114285714286,6.161585714285715,4.825571428571428,4.787185714285713,5.245585714285714,6.3253571428571425,6.426471428571429,5.840257142857142,6.001928571428571,4.793057142857143,5.275314285714286,5.251185714285714,4.169785714285714,3.4196,4.0996,3.993414285714286,3.8338285714285716,3.3835428571428574,3.2406000000000006,3.2748,3.257314285714286,2.6465142857142863,2.6536857142857144,2.6712571428571428,3.663057142857143,3.887928571428571,4.491885714285714,5.878914285714286,5.889271428571429,6.3564428571428575,6.603642857142858,5.6147285714285715,5.1319,4.539357142857143,3.213371428571428,3.4713428571428575,3.6457714285714284,3.4239428571428574,3.814314285714286,3.7956142857142856,3.7929571428571434,3.7842857142857143,4.304728571428571,3.672971428571429,3.7855285714285714,3.3239428571428573,3.262914285714286,3.2104000000000004,3.1764428571428573,2.375142857142857,2.362885714285714,3.5504285714285717,4.3970714285714285,5.102071428571429,5.688814285714286,6.224085714285714,6.201228571428571,6.157814285714285,4.816485714285714,4.026828571428572,3.423257142857143,2.8463285714285713,2.3504714285714283,2.5228428571428574,2.5559857142857143,2.6432142857142855,2.6653857142857142,2.6431285714285706,2.694542857142857,3.793857142857143,3.6888714285714284,3.742685714285714,3.7161714285714282,3.662585714285714,3.6408714285714288,3.6372142857142857,2.5220571428571428,2.4245142857142854,2.315185714285714,2.2488428571428574,2.2358285714285717,2.2466857142857144,2.2283857142857144,2.2143714285714284,2.2643285714285715,2.2643142857142857,2.2643142857142857,2.2632857142857143,2.2202428571428574,2.2172571428571435,2.1865285714285716,2.178657142857143,2.2080857142857147,2.208142857142857,2.2005857142857144,2.174728571428571,2.1748285714285713,2.198571428571429,2.1780142857142857,2.1485714285714286,2.1622857142857144,2.234942857142857,2.3363857142857145,2.306742857142857,2.2819714285714285,2.2682428571428574,2.2822714285714283,2.3752,2.502842857142857,2.509185714285714,2.5975857142857146,2.6417285714285716,2.7167999999999997,2.703985714285714,2.5996857142857146,2.4859,2.4225428571428576,2.347057142857143,2.3937,2.3326000000000002,2.3455857142857144,2.356371428571429,2.374514285714286,2.421157142857143,2.4211714285714288,2.3314714285714286,2.6804857142857146,2.9661714285714287,3.1457285714285717,3.0809428571428574,3.0161000000000007,3.0603714285714285,3.0914714285714284,2.7726,2.572014285714286,2.492685714285714,2.5303285714285715,2.6571285714285713,2.683385714285714,2.9869142857142856,3.0148,4.047371428571429,4.148171428571429,4.924385714285714,5.1165,5.101914285714286,4.787228571428571,4.797385714285714,6.145442857142858,6.240214285714286,5.721400000000001,5.492742857142858,5.875057142857143,6.738900000000001,6.747285714285715,5.113514285714286,5.598228571428572,6.163042857142857,6.787514285714286,6.344985714285714,5.688057142857143,5.713185714285714,4.991871428571429,4.3508571428571425,4.304842857142858,4.421685714285714,5.276400000000001,5.04827142857143,4.932457142857143,4.908600000000001,5.601571428571431,4.874485714285714,4.534485714285714,4.648842857142857,4.660757142857142,5.506428571428572,6.145300000000001,5.401542857142856,6.128128571428571,5.722700000000001,5.3950571428571426,6.362042857142858,5.998257142857143,6.3897714285714295,7.419242857142856,7.552414285714285,7.571228571428571,7.7834714285714295,7.2058857142857144,7.702842857142857,7.437014285714286,6.422485714285714,5.4818428571428575,6.3416,5.579400000000001,5.297214285714285,4.738342857142858,3.9979000000000005,4.005142857142857,4.011371428571429,3.078785714285714,3.023757142857143,2.950928571428572,2.577214285714286,2.4983428571428568,2.6050142857142857,2.7819285714285718,2.9322714285714286,3.9682285714285714,4.487014285714285,4.487028571428572,5.0271,5.983414285714285,5.952757142857143,7.2842714285714285,6.910314285714286,6.55852857142857,7.783657142857142,8.076785714285714,7.73577142857143,7.740142857142857,7.343814285714286,7.767400000000001,10.005471428571427,8.928057142857142,8.2393,7.726042857142857,7.7282142857142855,7.728271428571428,7.442599999999999,5.1735,5.230714285714286,5.056557142857144,4.883857142857144,4.733728571428571,3.8303571428571432,3.5396571428571426,3.6916285714285713,3.682557142857143,3.7151,4.686814285714285,5.3539142857142865,5.172542857142857,4.8705428571428575,4.583399999999999,6.0996,6.896642857142857,6.011314285714286,5.529857142857144,5.717128571428572,5.510799999999999,5.51082857142857,4.0853,3.2413428571428575,3.2265000000000006
73,5.0331,5.0331,12.52895,11.026333333333334,10.663375,9.24294,8.1065,7.2834714285714295,7.15807142857143,5.443242857142857,6.3116,7.093128571428572,8.293085714285715,9.375271428571429,9.477385714285715,9.382657142857143,9.466985714285714,8.509442857142856,6.9504714285714275,7.1464428571428575,6.373985714285714,7.3654,9.214942857142857,9.151528571428571,10.354,12.006242857142857,11.287014285714287,11.044142857142859,11.044028571428573,10.276128571428572,9.976685714285713,8.323585714285715,6.799585714285713,7.138842857142857,7.449142857142857,7.701742857142858,7.382371428571429,7.098942857142857,7.195771428571428,8.027071428571428,7.22,8.287642857142858,7.9696,8.8584,8.7056,8.410971428571427,8.159171428571428,8.082042857142858,8.517100000000001,7.852842857142858,7.8548857142857145,9.0571,9.038971428571427,8.833742857142857,9.338228571428571,8.623142857142858,8.441457142857143,6.971414285714286,5.728228571428572,6.589885714285714,6.755699999999998,5.9473142857142856,4.772828571428572,5.401142857142857,5.864585714285715,6.4679,6.002885714285713,5.448785714285714,5.597485714285715,6.310185714285715,5.739214285714285,5.135528571428572,4.860271428571429,4.426185714285714,4.349585714285714,5.009628571428572,5.140828571428571,5.144142857142858,5.850857142857143,6.497528571428573,7.094185714285715,7.6091,7.609100000000001,7.544171428571429,8.138128571428572,7.225114285714286,6.415528571428572,5.876057142857143,5.156028571428572,4.978942857142857,4.204828571428572,3.695642857142857,3.7332285714285716,3.5252142857142856,3.457871428571429,4.513742857142858,3.9098714285714284,3.971257142857143,4.4551,5.228442857142857,5.371457142857143,5.332071428571429,4.313342857142857,4.511257142857143,4.845885714285714,4.8422857142857145,4.050314285714285,3.887771428571429,3.887757142857143,4.3546,4.2747,3.8336571428571427,3.318971428571428,3.283685714285714,4.102285714285714,5.5674,5.827914285714287,5.633742857142857,6.0443,5.870214285714285,6.438371428571429,6.438385714285714,4.980585714285715,4.173628571428571,4.279928571428571,4.016928571428571,3.8975714285714287,3.693028571428571,3.398442857142857,3.4226285714285716,3.339342857142857,3.3109857142857146,3.2588142857142857,3.2839142857142853,4.4434,4.804457142857143,5.452085714285714,6.024585714285714,6.045585714285714,6.773757142857142,7.084285714285713,5.608357142857143,4.787385714285715,4.164885714285714,3.6870857142857143,4.135242857142857,4.163042857142857,3.886971428571428,4.212285714285715,4.186671428571429,4.1931142857142865,4.205357142857143,4.9719,4.970614285714286,4.999714285714285,4.6122571428571435,4.550142857142857,4.488057142857143,4.429714285714286,3.297485714285714,2.5294,3.9858,4.310528571428572,5.464771428571429,6.5011,6.784242857142857,6.618742857142857,6.5627,5.028742857142858,5.1455142857142855,4.084414285714286,3.0663571428571426,2.9845142857142855,3.1622142857142856,3.280714285714286,3.313757142857143,2.938914285714286,2.914328571428572,2.984385714285714,3.493985714285714,3.4817285714285715,3.431057142857143,3.441242857142857,3.5735,3.626785714285714,3.6602571428571435,3.0289571428571427,2.8821714285714286,2.859657142857143,2.849985714285715,2.7300999999999997,2.8310714285714282,2.8912000000000004,2.8503,2.891785714285714,2.907271428571429,2.918371428571429,2.9174714285714285,2.837242857142857,2.755414285714285,2.7614714285714284,2.7905714285714285,2.789628571428571,2.7593285714285716,2.6869285714285716,2.537042857142857,2.4972285714285714,2.473557142857143,2.425742857142857,2.3663571428571433,2.4088857142857143,2.6259285714285716,2.757971428571429,2.7743142857142855,2.7097285714285713,2.666357142857143,2.6829857142857145,2.8958857142857144,2.8621714285714286,2.837542857142857,2.8610285714285717,2.9759428571428574,3.0794,3.0421142857142853,2.808642857142857,2.7088,2.6978999999999997,2.687,2.7677142857142853,2.7310714285714286,2.7805142857142857,2.740042857142857,3.0999285714285714,3.2012,3.1473571428571425,2.9529857142857137,3.2583428571428574,3.565928571428571,3.952228571428571,3.584714285714285,3.4957999999999996,3.5420142857142856,3.6127142857142855,3.2916285714285713,3.0380857142857143,2.812742857142857,2.8299999999999996,3.865885714285714,3.9916714285714288,4.0204571428571425,4.050685714285715,5.0767,5.426,6.169028571428571,5.959071428571428,5.8311,5.764914285714285,5.795128571428571,5.423842857142858,5.514385714285715,5.013028571428571,4.222757142857143,4.985228571428571,5.700414285714286,6.159914285714287,6.2454857142857145,6.449128571428572,6.997171428571429,7.498185714285714,6.669142857142857,6.0699571428571435,5.610600000000001,4.967128571428572,4.237214285714286,4.124528571428572,4.550914285714286,5.742114285714286,5.639100000000001,5.5630571428571445,6.648614285714287,7.60127142857143,7.667342857142857,7.249557142857143,7.309328571428572,7.297428571428571,7.927185714285715,7.485171428571428,6.675142857142857,7.114371428571429,6.574114285714286,6.437971428571428,7.639542857142857,7.471157142857143,7.7568714285714275,9.555757142857143,9.402242857142856,10.423314285714286,10.423328571428572,10.19912857142857,10.967842857142857,10.967842857142857,9.038385714285713,8.036985714285715,8.173128571428572,7.148957142857142,6.784714285714285,6.363885714285715,5.507771428571429,5.6552999999999995,6.1410285714285715,4.917342857142857,4.853957142857143,4.247200000000001,3.595128571428572,3.3637000000000006,3.6525000000000003,3.4557714285714285,3.6068,4.6935,5.1533999999999995,5.0026142857142855,6.089342857142857,6.656371428571428,6.430671428571429,8.142442857142857,7.875385714285714,7.415500000000001,7.598114285714286,7.598657142857142,7.596785714285714,7.615585714285714,6.840057142857142,7.5526,9.163228571428572,9.129000000000001,8.20997142857143,7.436157142857143,7.460085714285715,7.752842857142858,7.582485714285715,6.136728571428571,6.067971428571428,5.8834285714285715,5.775328571428572,5.844357142857143,4.690571428571428,3.859428571428571,4.268442857142857,4.418128571428571,4.529014285714286,5.414085714285714,6.1496,6.101528571428571,5.994542857142858,5.522042857142857,6.927271428571428,7.862671428571429,6.9761999999999995,6.175771428571428,6.202,5.804171428571428,5.728614285714285,4.297557142857142,3.2934142857142854,3.2957285714285716
74,4.9849,4.9849,8.27585,8.190233333333333,8.642625,7.50968,6.6748,6.061414285714286,5.953971428571427,5.553214285714285,6.512328571428571,7.2434142857142865,8.472228571428571,10.26947142857143,10.34152857142857,10.228657142857143,10.4055,9.446399999999999,7.879957142857143,8.541342857142856,6.9801142857142855,8.054885714285716,9.426114285714286,9.492914285714287,10.243242857142857,11.799257142857142,10.849771428571428,10.67832857142857,10.68232857142857,10.247814285714284,9.339057142857143,8.036342857142857,6.592985714285713,6.590028571428571,6.7017,6.9066142857142845,6.713299999999999,7.075685714285714,7.625357142857142,8.324142857142856,7.557157142857143,8.899571428571429,8.566799999999999,11.110128571428572,10.640457142857143,9.906314285714284,9.73967142857143,9.911985714285716,10.409857142857144,10.189614285714287,8.755657142857144,10.582285714285714,10.564171428571429,10.75692857142857,11.60342857142857,10.928057142857142,10.468157142857143,9.268600000000001,7.353357142857143,8.434328571428571,8.148585714285714,6.869028571428572,5.556442857142858,6.2577,6.6230142857142855,8.202328571428572,7.876085714285715,7.318071428571429,7.384314285714285,7.343928571428571,6.312371428571429,5.342771428571429,4.177142857142857,3.578242857142857,3.4219714285714287,4.861371428571429,5.947457142857142,7.329171428571429,9.0116,11.337414285714285,12.3391,13.339842857142857,12.644528571428571,13.085157142857142,13.160471428571428,11.298485714285716,9.3141,8.911714285714286,8.626000000000001,8.625985714285715,7.115057142857142,6.590971428571429,7.054628571428571,6.258785714285715,5.463342857142857,5.434228571428571,4.6468,5.3551,5.5008,6.107285714285715,6.9030000000000005,6.875242857142858,6.961257142857144,7.572257142857144,7.6484,8.999628571428572,8.165000000000001,7.350042857142857,7.476400000000001,8.205042857142857,8.1877,7.375157142857142,5.735385714285713,5.438228571428572,6.536128571428571,8.278114285714286,7.492442857142858,6.828114285714285,6.909657142857142,7.074585714285713,7.994057142857142,7.711114285714285,5.878928571428571,5.703571428571429,5.808914285714286,5.987814285714286,5.0632,4.991971428571429,4.994171428571429,5.309042857142858,4.719557142857143,4.709685714285714,4.510714285714286,4.522342857142858,5.7107285714285725,6.365871428571429,7.597842857142857,9.431714285714287,10.425871428571428,10.762214285714288,11.396828571428571,9.42062857142857,8.099328571428572,6.560314285714285,4.732371428571429,5.568571428571429,6.215885714285714,5.592985714285715,6.362114285714286,6.247000000000001,6.247014285714286,6.5186,5.447871428571429,5.217014285714285,5.205442857142857,4.405042857142857,4.358728571428571,4.332742857142857,4.155,3.3976857142857146,3.626014285714286,5.146714285714286,6.253414285714286,7.430057142857143,9.396957142857143,9.797471428571429,9.74252857142857,8.696942857142856,7.199142857142857,7.7761571428571425,6.654871428571428,4.725142857142857,4.505314285714285,4.583114285714286,4.632028571428571,4.593228571428571,2.9577142857142857,2.9598,2.9917857142857143,3.3430857142857135,4.737271428571428,4.766557142857143,4.789614285714286,4.8262857142857145,4.875971428571428,5.03,4.425771428571428,2.992971428571429,2.998214285714286,2.983185714285714,2.9514857142857145,4.3765857142857145,4.3425142857142855,4.321371428571429,4.352671428571428,4.344357142857143,4.406085714285714,4.429428571428572,3.025714285714286,2.925757142857143,2.968357142857143,2.9722714285714287,3.002071428571429,2.954328571428572,2.8611857142857144,2.722585714285714,2.6839714285714287,2.6453285714285713,2.6346,2.5648142857142857,2.564857142857143,2.690142857142857,2.8097571428571433,2.7838142857142856,2.695271428571428,2.6036428571428565,2.5914571428571427,3.155814285714286,3.126257142857143,3.081657142857143,3.101657142857143,3.2113285714285715,3.315785714285714,3.345814285714286,2.774142857142857,2.7600571428571428,2.784128571428571,3.1743285714285716,3.901414285714286,3.8798142857142857,3.9059714285714286,3.919,4.261928571428571,4.669200000000001,4.511699999999999,3.883085714285714,4.292657142857143,5.113185714285714,5.3243,5.09837142857143,4.792585714285714,4.649857142857143,4.532857142857143,4.1448857142857145,3.4258428571428574,4.0183,4.004057142857143,4.321371428571429,5.220457142857143,5.2885,6.255714285714286,8.577714285714285,10.076914285714285,11.643742857142856,11.962785714285713,11.236228571428573,11.394257142857143,11.45282857142857,10.5839,9.307171428571428,8.600542857142857,8.042742857142857,9.458385714285713,10.961471428571429,10.957257142857143,10.140557142857144,9.854842857142858,10.483714285714285,11.327228571428572,9.91972857142857,8.301228571428572,7.408942857142857,6.917657142857143,6.217814285714286,5.882185714285714,7.147157142857144,8.246914285714285,8.342628571428572,8.542557142857143,9.680842857142858,11.149514285714286,11.115057142857143,9.660342857142856,10.666685714285714,10.495500000000003,11.913414285714287,11.664771428571429,11.219685714285713,12.205471428571428,11.416171428571428,10.087242857142858,12.111214285714286,11.104342857142857,10.991871428571429,12.498700000000001,11.33042857142857,12.918157142857142,13.6477,12.627799999999999,13.634685714285714,14.35587142857143,11.915842857142858,10.936614285714285,11.285485714285715,9.570728571428573,10.449885714285715,9.763900000000001,8.413642857142857,8.316757142857144,9.293485714285712,7.273457142857142,7.196014285714285,5.387271428571428,4.292685714285715,3.8591142857142864,4.678014285714285,3.9662142857142855,4.1494,5.211885714285715,5.411371428571428,5.408114285714285,6.470585714285714,6.880057142857143,6.6949,8.281657142857144,7.972757142857143,7.781428571428571,7.959685714285714,7.959685714285716,7.738942857142858,7.742042857142858,7.339085714285715,8.121314285714286,9.051942857142857,9.012628571428571,8.12872857142857,7.311014285714285,7.312828571428571,8.812657142857143,8.560628571428571,7.640614285714285,7.50672857142857,7.329985714285714,7.274914285714284,7.284071428571429,4.718742857142857,4.010228571428572,4.176442857142858,4.3766428571428575,4.506171428571429,5.3635,6.122571428571428,6.0,5.638228571428571,5.322042857142857,6.760757142857144,8.010528571428571,7.125557142857143,6.320571428571428,6.334414285714286,6.122771428571427,6.122757142857141,4.657542857142857,3.2622428571428563,3.2619000000000002
75,4.9864,4.9864,8.88495,8.639033333333332,8.9757,7.80094,6.933916666666666,6.289971428571428,6.180771428571428,6.174714285714286,7.2358142857142855,9.738085714285715,11.134528571428572,12.860314285714285,13.107399999999998,13.100642857142857,12.33714285714286,11.258057142857142,8.697114285714287,9.408042857142858,9.214699999999999,10.463028571428572,11.62257142857143,11.841457142857141,13.854814285714285,14.766271428571429,13.2988,12.071185714285715,12.83917142857143,13.732742857142856,13.164285714285715,10.657757142857145,8.978328571428571,10.754900000000001,11.22172857142857,10.524642857142856,9.153114285714286,9.5327,10.15712857142857,10.98572857142857,8.72332857142857,9.590885714285715,9.315142857142858,13.7145,13.076557142857142,12.248085714285713,12.855085714285712,13.4008,13.518071428571428,13.611257142857143,10.119942857142858,12.447185714285713,12.399128571428571,12.083885714285714,12.622914285714286,12.6027,11.9375,11.536771428571429,9.161414285714287,10.432342857142856,10.084028571428572,8.745842857142858,7.0356,8.256185714285715,8.748114285714285,11.161414285714287,11.70117142857143,10.702642857142859,10.842400000000001,11.892185714285716,9.968842857142858,8.024557142857143,5.953314285714286,4.161785714285714,4.961028571428571,5.824957142857143,5.923857142857143,6.706942857142857,9.551714285714285,12.143771428571426,13.353185714285715,14.359057142857141,15.570828571428573,16.470385714285715,17.87747142857143,15.619785714285715,13.622114285714288,13.180128571428572,12.558542857142857,11.430571428571428,9.341785714285715,7.936999999999999,7.934114285714285,7.106185714285713,6.77212857142857,7.104314285714286,6.329757142857143,6.711142857142858,7.602942857142857,9.711428571428572,10.916885714285714,11.437485714285714,10.973871428571428,13.08827142857143,14.758700000000001,14.334514285714286,13.051742857142857,11.700514285714286,11.627328571428572,12.470485714285715,13.468257142857142,11.6674,11.484057142857143,10.078557142857145,12.844257142857145,14.78587142857143,14.285228571428572,10.81955714285714,10.834385714285713,10.548657142857142,11.643357142857143,9.88462857142857,7.396857142857144,7.5068,8.658071428571429,9.569557142857144,9.096828571428572,9.815000000000001,12.487414285714285,12.914071428571429,12.132714285714284,11.234042857142857,10.094585714285714,9.829871428571431,10.015785714285714,8.5448,9.93547142857143,9.986685714285715,12.061242857142858,14.630328571428574,14.728785714285717,12.787228571428573,11.510728571428572,9.456285714285714,8.695985714285714,8.209642857142857,6.93152857142857,7.105285714285714,8.153242857142857,7.6752714285714285,7.618714285714286,8.37417142857143,8.882557142857141,9.655642857142857,9.950442857142859,8.865400000000001,8.431814285714285,9.019428571428572,8.285271428571429,6.016628571428571,5.353928571428571,6.655285714285715,8.1603,9.917,10.932614285714285,12.328542857142855,12.742528571428574,11.7126,9.995157142857144,10.078114285714284,8.353728571428572,7.014171428571429,6.6424,8.206242857142856,8.900414285714286,8.717714285714285,7.149485714285713,7.156614285714285,6.933314285714286,7.067014285714287,6.437328571428572,7.4240571428571425,7.451185714285714,7.506485714285715,9.209371428571428,10.7286,9.581885714285715,8.280671428571429,6.245457142857143,6.261157142857144,6.248600000000001,5.7957142857142845,4.918357142857142,6.103242857142857,6.476642857142857,7.481628571428572,7.5030285714285725,7.490671428571429,6.388485714285713,5.786271428571429,4.721414285714286,5.296342857142858,4.682428571428572,4.781014285714286,4.814799999999999,4.6124,4.523728571428571,4.523714285714285,3.6240999999999994,3.223585714285714,3.1226857142857143,3.8292285714285716,3.8997142857142855,3.8807142857142862,3.7029285714285716,3.618471428571429,3.743,4.9230285714285715,4.538028571428572,4.555571428571429,4.5122857142857145,4.564242857142857,4.587485714285715,4.488542857142858,3.3733714285714287,3.024571428571428,3.2018857142857144,3.6686571428571426,4.255571428571428,4.2533,4.2820857142857145,4.201914285714286,4.934457142857143,4.950257142857143,4.884557142857142,5.141171428571428,5.9221,7.1532,7.876171428571429,7.730542857142856,8.0819,7.817785714285713,7.194014285714284,6.791085714285714,6.248657142857143,6.248285714285714,5.804671428571427,5.949942857142856,6.780542857142856,7.2159571428571425,8.117099999999999,10.615371428571427,13.319657142857142,15.792757142857141,16.752714285714287,16.35597142857143,16.438257142857143,16.82904285714286,15.63135714285714,14.582142857142856,12.983642857142856,12.12962857142857,14.559542857142858,16.857957142857142,16.552757142857143,16.99285714285714,15.623499999999998,16.96302857142857,17.30872857142857,14.987499999999999,12.051642857142857,10.871471428571427,8.946142857142858,8.02934285714286,7.193557142857143,9.173214285714286,12.326742857142857,12.5823,12.774157142857144,13.185557142857144,14.834442857142857,16.717771428571428,15.904,15.674942857142858,15.905157142857144,17.471228571428572,18.53357142857143,18.235699999999998,18.994128571428572,16.879842857142854,14.885114285714284,17.466585714285713,16.540585714285715,15.972485714285716,17.62184285714286,15.421757142857144,17.29941428571429,18.747557142857143,16.59854285714286,19.83134285714286,20.863285714285716,18.124328571428574,16.570142857142855,16.592299999999998,13.913371428571429,14.347257142857144,11.36697142857143,9.555485714285714,9.337571428571428,9.995171428571428,7.858657142857143,7.450857142857141,6.088857142857142,4.908228571428571,4.260971428571429,5.134542857142857,4.659542857142857,5.255342857142857,6.722685714285714,7.303442857142857,7.159628571428572,8.775042857142857,8.849285714285715,8.318214285714287,9.710585714285713,9.254385714285714,8.711657142857144,9.043742857142858,8.68747142857143,8.868,9.401871428571429,9.0999,10.2693,11.687299999999999,11.642614285714284,10.448271428571427,9.416799999999999,9.284699999999999,10.663857142857143,10.036642857142857,8.683785714285714,8.637885714285714,8.501542857142857,9.035014285714286,8.83012857142857,5.923328571428571,4.950757142857143,5.3956,5.3650714285714285,6.049428571428572,6.293028571428571,7.054028571428573,6.835300000000001,6.4645,5.950457142857142,7.552442857142857,7.627785714285714,6.7431,5.680028571428571,5.901042857142857,5.700385714285714,5.530085714285714,3.9254000000000007,3.165685714285714,3.1625571428571426
76,5.2051,5.2051,9.5129,13.992633333333336,12.660925000000002,10.604520000000003,9.405933333333335,8.403914285714288,8.223357142857145,7.6238714285714275,6.810271428571428,8.421814285714287,10.169942857142859,11.439285714285715,11.518600000000003,11.2854,10.634971428571431,10.594999999999999,10.321042857142857,10.871857142857143,11.568757142857143,12.9358,14.295599999999999,15.246914285714285,16.724214285714286,16.646657142857144,15.088485714285714,13.227571428571428,14.085742857142858,14.208042857142857,14.280328571428571,11.340985714285717,9.889071428571429,11.332542857142858,11.452514285714287,10.667842857142857,10.001071428571427,9.584514285714286,10.8004,11.118614285714287,9.255614285714286,10.569485714285715,10.465900000000001,11.965500000000002,10.958542857142858,9.22417142857143,10.603257142857144,11.666114285714286,12.118742857142857,11.68472857142857,11.452042857142859,14.034142857142857,13.994214285714287,13.386128571428571,13.093142857142857,13.24207142857143,13.063314285714284,11.796485714285714,9.29822857142857,10.955628571428573,11.450185714285713,10.3599,8.124585714285715,9.525571428571428,12.180014285714284,14.825542857142858,15.383857142857142,14.173957142857144,15.088271428571431,16.147300000000005,14.128728571428573,10.685757142857144,8.227714285714285,5.953957142857142,5.212357142857143,5.953442857142856,7.105185714285715,7.723842857142857,11.88027142857143,13.826085714285714,15.573571428571427,17.883971428571428,19.198471428571427,19.8004,21.474699999999995,18.390171428571428,16.951199999999996,16.040242857142854,14.561871428571425,13.373242857142856,11.3138,9.940942857142858,9.490442857142856,8.767142857142856,8.904271428571429,9.680185714285715,8.033842857142858,8.233642857142858,9.20137142857143,11.821514285714287,13.148957142857142,13.632085714285713,13.6797,15.46867142857143,17.22217142857143,18.422714285714285,16.256828571428574,15.013057142857141,15.104642857142858,15.897671428571428,15.128357142857144,13.19335714285714,11.546442857142859,10.483514285714287,14.938942857142859,16.381328571428572,15.712942857142858,14.713800000000003,14.273314285714287,13.964328571428572,15.780842857142856,12.6837,9.7329,8.456714285714286,9.054942857142859,8.936285714285715,7.645728571428571,8.415914285714285,12.042714285714286,14.091800000000001,13.652485714285714,13.238228571428573,13.32344285714286,13.82077142857143,13.879471428571426,12.35082857142857,12.7769,13.18944285714286,15.787585714285715,16.24612857142857,17.72697142857143,15.121228571428572,13.678257142857143,12.195557142857144,11.480142857142857,10.905685714285713,12.030899999999999,11.140785714285714,12.680757142857145,11.341400000000002,11.366885714285713,12.57162857142857,13.050557142857144,12.602185714285714,13.297957142857143,11.769957142857141,11.036414285714285,10.178914285714285,9.45042857142857,6.948142857142857,7.099585714285714,7.624414285714286,10.028628571428571,12.274742857142858,14.588442857142857,15.849685714285714,17.432585714285715,17.773371428571426,16.188742857142856,15.486471428571425,13.87092857142857,12.47097142857143,12.763442857142858,14.0455,14.262,13.634214285714284,11.925071428571428,11.304685714285712,10.420414285714285,10.067271428571429,9.183057142857143,9.155857142857144,9.103942857142858,9.44797142857143,10.633128571428573,11.286142857142858,9.594342857142859,7.3326,5.384842857142857,6.272785714285716,6.38667142857143,7.6586428571428575,7.863014285714286,9.727728571428571,11.691642857142856,12.439114285714286,11.584014285714286,11.126800000000001,9.483185714285714,9.038300000000001,7.353914285714285,6.5463000000000005,6.644114285714286,7.6314714285714285,7.953314285714286,7.186071428571428,6.843942857142856,7.386742857142857,6.280114285714285,5.324142857142857,4.2946,4.259614285714286,4.4379,4.237557142857143,3.4438142857142853,3.3911714285714285,3.364442857142857,4.165542857142857,4.297771428571428,4.190128571428571,4.115742857142857,4.223528571428571,4.250871428571428,4.1831,3.375371428571428,2.9654999999999996,2.931942857142857,3.8129285714285714,5.139742857142857,5.863042857142857,6.500685714285714,6.871271428571427,7.799685714285714,8.735271428571428,8.5929,7.200128571428571,7.378114285714285,8.342042857142857,8.704914285714286,8.000814285714286,7.580357142857143,7.119014285714286,7.363985714285714,6.786114285714286,5.9794285714285715,6.176342857142857,6.707314285714285,7.127114285714286,7.9096714285714285,8.21197142857143,9.05187142857143,11.068714285714284,14.007842857142858,15.687671428571429,16.225385714285714,15.549914285714285,15.964557142857142,16.94452857142857,16.7153,14.869557142857145,13.524314285714286,13.051,15.981885714285715,18.67115714285714,21.064685714285712,21.932285714285715,22.572042857142858,24.2269,24.46402857142857,21.950814285714284,18.629814285714282,14.365499999999997,11.192585714285713,8.963071428571428,7.8366999999999996,10.04662857142857,13.161142857142854,13.754214285714284,14.084785714285713,15.59512857142857,17.488514285714285,20.428628571428572,19.109957142857144,18.894371428571425,18.021542857142858,19.353085714285715,19.764828571428573,19.02112857142857,19.554485714285715,18.1246,16.504157142857142,19.821785714285713,18.896014285714283,20.92567142857143,23.867957142857144,20.422285714285714,21.91755714285714,23.969500000000004,21.637642857142858,25.166014285714287,24.472100000000005,20.69517142857143,19.403157142857143,19.430414285714285,15.34405714285714,16.356871428571427,13.633442857142857,11.172414285714284,11.221971428571427,12.241042857142856,10.022371428571429,9.956185714285713,8.062185714285715,6.265014285714287,5.1959857142857135,5.626114285714285,4.9753,6.029585714285714,8.243442857142856,8.740571428571428,8.799071428571429,11.783842857142858,12.699585714285714,12.072357142857141,13.351385714285714,13.268857142857144,12.739328571428572,12.94567142857143,12.05372857142857,11.3296,11.94632857142857,11.991642857142859,12.659442857142858,14.704557142857142,14.756942857142857,13.08482857142857,11.832585714285713,11.501271428571428,12.549514285714285,11.611342857142859,10.193985714285715,9.981842857142855,9.73327142857143,10.343685714285714,10.438242857142857,7.325828571428572,6.078457142857142,6.079885714285714,7.803485714285714,7.8423428571428575,9.298385714285715,10.289585714285716,10.007242857142858,9.733728571428571,8.951914285714286,8.423814285714286,9.285785714285714,7.221628571428572,5.862514285714285,6.281357142857144,5.953728571428572,5.951985714285714,5.2891,4.339042857142858,4.317828571428572
77,4.3554,4.3554,12.8185,14.820066666666667,12.545875,10.6486,9.383683333333334,8.389457142857143,8.540442857142859,6.948600000000001,7.3289,9.6146,10.735457142857141,11.550742857142856,11.539528571428571,11.101428571428572,10.891742857142859,8.529485714285713,8.139771428571427,9.053557142857143,9.226857142857142,10.447757142857142,12.680042857142857,12.148357142857142,15.5068,15.4289,14.103057142857143,13.955685714285712,15.683285714285715,15.856171428571427,16.29502857142857,13.372357142857142,11.45047142857143,12.796585714285714,12.22697142857143,12.186771428571427,10.745314285714286,11.229828571428571,12.00057142857143,13.359114285714286,11.939814285714286,13.735057142857142,12.401285714285715,17.136742857142856,15.941142857142856,14.486071428571426,13.827271428571427,16.410642857142854,16.735785714285715,15.969085714285715,12.907728571428573,15.704314285714284,15.968428571428571,17.096200000000003,15.58847142857143,15.916885714285716,15.920185714285713,14.624999999999998,12.026271428571429,13.90987142857143,14.988985714285715,13.231742857142859,10.415471428571431,12.3911,14.779528571428573,17.38217142857143,17.75297142857143,16.47937142857143,18.612428571428573,19.63642857142857,17.2929,13.598285714285714,10.80942857142857,8.182142857142859,6.185057142857143,5.786471428571429,6.564,6.641771428571429,10.312157142857144,12.439742857142859,13.495414285714288,16.147514285714287,18.34304285714286,19.25704285714286,20.7554,17.358814285714285,15.554714285714285,15.2945,13.616900000000001,11.487442857142858,9.238357142857144,7.7899714285714285,8.290142857142857,8.113714285714286,8.603399999999999,9.307857142857143,7.4627,7.800642857142857,10.258828571428571,12.60567142857143,14.14914285714286,13.10771428571429,13.148985714285715,13.830185714285717,15.422371428571427,14.30837142857143,12.605099999999998,10.814614285714287,11.75827142857143,12.437,13.18392857142857,11.088657142857143,10.269657142857143,8.899771428571428,11.940042857142858,13.325800000000001,12.988342857142857,11.546257142857144,11.41332857142857,11.5368,12.649957142857142,10.927685714285714,11.166157142857143,10.466985714285714,11.335628571428572,11.16347142857143,10.751614285714286,12.641871428571429,15.448428571428574,15.018657142857142,13.659071428571428,12.858271428571427,13.351799999999999,12.794685714285714,15.3635,14.1229,16.144085714285715,19.259242857142855,22.08594285714286,22.464828571428573,23.42824285714286,18.11517142857143,17.138885714285713,14.088542857142857,11.186157142857143,13.950528571428569,15.014971428571426,14.495014285714282,16.964428571428574,16.02357142857143,17.33612857142857,18.007242857142856,14.308914285714286,14.735228571428573,14.226057142857144,11.47717142857143,10.553171428571428,8.011685714285715,7.612099999999999,6.455871428571429,5.345957142857143,7.683971428571427,11.361114285714285,13.279285714285711,15.085285714285716,16.526085714285713,16.73935714285714,17.796685714285715,16.977957142857143,15.393899999999999,13.750528571428571,12.307914285714284,12.254985714285713,12.969642857142857,10.9858,9.534585714285713,7.424271428571429,7.138628571428571,6.7635,6.945685714285714,7.152099999999999,7.899371428571428,7.730542857142857,8.173757142857143,9.161371428571428,9.500142857142857,7.478885714285715,5.654442857142857,4.762142857142857,5.080942857142858,5.475757142857143,5.352442857142856,5.688342857142857,7.224828571428572,7.4592142857142845,7.383157142857143,7.1816,6.3646142857142864,5.524585714285715,4.9312,4.151928571428572,4.449928571428571,5.149728571428571,6.063471428571428,6.0541857142857145,6.043257142857143,6.2522,5.696257142857142,5.151585714285715,4.3788285714285715,3.6146428571428575,3.6773714285714285,3.692628571428571,3.2611285714285714,3.0171714285714293,2.9257142857142853,2.8985999999999996,5.043028571428571,5.191214285714286,5.1419428571428565,5.210014285714286,5.312757142857143,5.368785714285714,5.333,2.945342857142857,2.750942857142857,2.8850857142857143,3.066157142857143,3.8238428571428575,3.977957142857143,4.630514285714286,4.810771428571429,5.832942857142858,6.598185714285714,6.838614285714286,6.047428571428571,6.954114285714286,7.499257142857142,7.499257142857142,6.724757142857142,5.877514285714285,5.583442857142857,5.706971428571429,4.760785714285714,3.928157142857143,3.9572000000000003,3.910814285714286,5.153957142857144,6.916528571428572,6.792257142857143,7.869342857142857,10.242199999999999,12.646214285714288,14.468742857142859,14.247857142857143,12.511157142857144,12.59667142857143,12.979542857142857,11.716228571428571,11.317414285714287,10.287257142857143,10.019128571428572,11.977357142857144,15.090014285714286,14.550285714285716,16.394085714285715,15.789771428571429,17.292057142857143,17.560185714285716,16.028357142857143,13.10862857142857,12.246057142857142,9.115585714285714,8.030800000000001,10.048428571428571,12.608814285714287,16.150742857142856,16.238685714285715,16.66474285714286,17.5769,19.969400000000004,18.13672857142857,17.157385714285716,17.885742857142855,17.53414285714286,19.192957142857143,21.780728571428572,19.938985714285714,19.14952857142857,16.69422857142857,14.605414285714286,16.434714285714286,14.808957142857142,12.563042857142856,16.75832857142857,15.975971428571428,17.38575714285714,19.105871428571426,18.282042857142855,21.656642857142856,24.083985714285713,18.955899999999996,18.787728571428573,21.087899999999998,16.624414285714284,16.624799999999997,13.921114285714284,10.362557142857142,10.362585714285714,11.1423,7.3850428571428575,7.348885714285714,6.5003714285714285,5.337785714285714,5.373814285714287,6.599928571428571,5.616471428571429,6.584114285714286,8.483342857142857,9.056085714285715,9.300228571428573,12.658371428571428,13.565742857142856,12.773185714285715,14.7889,15.035771428571431,14.53744285714286,14.638757142857145,13.57345714285714,12.83242857142857,13.79338571428571,13.2158,14.41732857142857,16.285471428571427,16.716971428571426,14.951042857142856,13.509085714285714,13.176057142857143,15.237242857142858,14.561614285714287,13.053857142857144,12.2846,11.848357142857141,12.744442857142857,12.781214285714286,9.349957142857145,7.3938999999999995,7.984414285714285,8.170442857142856,8.164514285714287,10.261342857142855,11.252799999999999,10.2476,10.063142857142859,8.820642857142857,10.570214285714286,11.264357142857145,8.27582857142857,6.813871428571427,7.1636428571428565,6.736885714285713,6.918457142857143,5.3042428571428575,4.2418571428571425,4.266828571428571
78,8.0188,8.0188,14.109100000000002,16.802733333333336,13.617825000000002,12.915740000000003,11.172800000000002,10.083728571428574,10.8599,9.433828571428572,11.451185714285714,13.563857142857144,13.511600000000001,13.927800000000001,13.750842857142857,12.317228571428572,12.00324285714286,9.622128571428572,7.6067857142857145,7.691485714285713,8.34457142857143,9.574628571428573,11.739342857142857,11.350542857142857,11.527242857142856,13.901742857142855,14.845957142857143,14.571071428571429,15.061771428571431,14.5296,14.507657142857143,12.111257142857143,11.653585714285713,10.623557142857143,9.947742857142858,9.901700000000002,8.506814285714286,9.086928571428572,11.168000000000001,9.943385714285714,9.042442857142857,10.868271428571429,11.819457142857145,17.127957142857145,16.234714285714286,14.309657142857143,14.186185714285713,15.617185714285712,15.977585714285713,13.702185714285713,9.861571428571429,12.352814285714285,12.207542857142856,12.577842857142857,11.853385714285713,11.535885714285714,11.3858,10.400642857142856,7.893857142857143,10.13497142857143,10.596857142857143,9.724457142857144,7.770885714285713,9.593185714285713,11.224728571428571,13.689971428571427,15.85052857142857,15.333042857142857,17.39625714285714,18.17385714285714,16.231800000000003,13.741557142857145,11.329857142857142,6.671542857142858,5.450914285714286,5.245157142857143,6.2681,6.779928571428571,10.282271428571429,12.284671428571428,13.4665,16.195142857142855,17.62747142857143,18.0672,19.76787142857143,16.433271428571427,14.373828571428572,13.996542857142858,12.182514285714287,10.885057142857145,8.712642857142857,6.896442857142857,7.146742857142857,7.339928571428571,7.901942857142856,8.078057142857142,6.1018,6.825814285714286,9.226257142857142,12.232157142857142,14.079742857142858,12.84095714285714,13.56897142857143,14.159142857142857,15.856314285714285,15.239214285714285,13.280942857142858,11.185357142857143,12.466828571428573,13.325614285714284,13.986514285714284,11.7084,10.689757142857143,9.214114285714286,13.283514285714286,14.721142857142857,14.34842857142857,13.097328571428571,12.924028571428574,13.4911,14.840128571428574,12.040071428571428,11.6001,10.348528571428572,11.406971428571428,11.319928571428571,10.114157142857142,11.6612,13.2728,11.438128571428573,10.405157142857144,9.4564,10.090199999999998,9.78267142857143,10.556799999999999,10.6118,12.977028571428573,17.37055714285714,20.203957142857142,20.437199999999997,21.755742857142852,18.45745714285714,17.625185714285717,15.394685714285716,11.17,13.878557142857144,15.585128571428571,14.787285714285712,16.8317,16.69442857142857,18.70307142857143,20.03691428571429,16.184671428571427,15.383157142857142,14.643714285714283,12.27847142857143,10.35282857142857,7.736742857142857,6.428728571428571,5.432285714285714,5.5318,7.475814285714286,9.881471428571428,11.073714285714287,12.153585714285713,13.00917142857143,12.894814285714286,11.74917142857143,10.914285714285715,11.100514285714285,10.043957142857142,9.490328571428572,10.046142857142858,11.022657142857144,10.485442857142859,9.564971428571429,6.995928571428571,6.853742857142857,6.407957142857143,7.701657142857144,8.212171428571429,9.124785714285714,8.945114285714286,9.538185714285715,9.934585714285715,10.020971428571427,7.140357142857143,5.046685714285714,4.119414285714286,4.1338,4.116357142857142,4.453057142857142,5.066528571428571,6.1237571428571425,6.508971428571429,6.449928571428572,6.458485714285714,5.8705428571428575,5.129199999999999,4.4458714285714285,3.830957142857143,3.6901428571428574,4.292314285714286,4.789185714285715,4.779400000000001,4.811442857142857,4.862171428571428,4.692742857142856,4.428042857142857,3.7417857142857143,3.2426142857142857,3.4114428571428577,3.409757142857143,3.1351714285714287,2.792128571428571,2.744342857142857,2.6990857142857143,4.837171428571429,5.018542857142857,4.958542857142858,5.040257142857143,5.267557142857143,5.303385714285715,5.303414285714287,3.194057142857143,2.875228571428571,3.007428571428572,3.0761571428571424,3.5243571428571436,3.5298714285714285,4.194,4.2858857142857145,4.848214285714286,5.518242857142858,5.553885714285714,5.130128571428571,5.720485714285714,5.7705142857142855,5.8854,5.525714285714285,4.7905999999999995,4.769857142857142,4.726771428571429,4.1659,3.8232,3.8356,3.9265000000000003,4.737485714285715,6.1935,6.1516142857142855,7.0996428571428565,9.31622857142857,10.612885714285714,11.764685714285715,11.974757142857143,10.600571428571428,10.680914285714284,12.381285714285713,12.047085714285714,12.695628571428573,11.913757142857145,11.615357142857144,13.49377142857143,15.805228571428573,14.528271428571431,15.426628571428571,14.699814285714286,15.481685714285716,15.751899999999997,14.006400000000001,11.824042857142857,10.567371428571429,7.667642857142858,6.776828571428572,8.451357142857145,10.878642857142856,13.715942857142855,13.43127142857143,14.115971428571429,15.294899999999998,17.21588571428571,16.62907142857143,15.9007,17.153071428571426,17.188,18.9195,20.504699999999996,18.96555714285714,18.91647142857143,16.451128571428573,15.015142857142857,16.352857142857143,14.387028571428573,12.823242857142858,17.14381428571429,15.95094285714286,17.596942857142857,19.21484285714286,18.872999999999998,22.36297142857143,24.591885714285716,19.553757142857144,18.829285714285714,20.087314285714285,15.516242857142858,15.697185714285713,12.99252857142857,9.448985714285714,9.405885714285715,10.80975714285714,7.6232428571428565,7.743971428571428,6.486171428571429,5.067971428571428,5.2620000000000005,6.420657142857143,5.5063571428571425,6.106528571428571,7.2176,8.279814285714284,8.47257142857143,11.556028571428572,14.259328571428572,13.4228,16.44934285714286,15.485871428571427,14.943042857142855,15.039814285714284,14.380671428571427,12.295685714285714,13.023214285714285,12.171142857142858,15.607271428571428,16.262842857142857,16.23697142857143,14.10167142857143,12.291814285714285,13.326014285714285,13.229585714285715,10.5631,9.872671428571428,10.193228571428572,9.980742857142856,10.564771428571428,9.632042857142858,7.9537,7.160414285714286,8.970514285714286,8.607842857142858,8.412171428571428,10.566642857142856,9.869642857142855,8.819542857142856,8.9366,6.647757142857143,8.072285714285714,8.573385714285715,5.5739,5.7329,6.221185714285714,5.9998571428571426,6.088399999999999,4.614471428571428,4.172028571428572,4.367142857142857
79,8.0006,8.0006,16.14965,18.431133333333335,14.698950000000002,12.78372,11.055850000000001,9.89627142857143,9.899257142857142,7.796028571428571,7.802528571428572,10.067414285714287,10.478557142857142,10.922128571428573,10.818542857142859,10.111928571428573,9.886899999999999,7.3290571428571445,5.3776142857142855,5.523785714285714,5.931728571428571,6.926371428571429,9.320042857142855,8.616342857142858,10.776700000000002,12.807342857142858,12.886214285714287,12.772642857142857,13.333771428571428,12.434614285714286,13.138242857142856,10.844800000000003,9.014942857142858,8.978157142857143,8.2995,8.642042857142856,7.2995285714285725,7.302085714285714,9.0379,9.440857142857142,8.6848,10.56557142857143,11.084642857142857,17.495085714285718,16.773485714285716,15.532514285714287,15.339114285714288,16.499757142857142,16.836085714285712,14.502400000000003,9.230357142857143,11.864857142857144,11.346757142857143,11.941542857142855,11.537128571428571,11.1476,11.076257142857143,10.179914285714286,7.55812857142857,9.29972857142857,9.161442857142857,8.153728571428571,6.3065428571428575,8.201457142857143,10.032171428571429,13.017871428571429,13.91667142857143,14.498357142857143,16.520457142857143,17.29807142857143,15.398300000000003,13.074428571428571,10.1935,7.298242857142857,5.358257142857143,4.157571428571429,4.2224571428571425,4.7219,8.093885714285713,9.657942857142856,10.817242857142856,13.607371428571426,16.79205714285714,17.788114285714283,19.64251428571428,16.393642857142858,14.628457142857144,14.29192857142857,12.485785714285715,10.52472857142857,8.6993,6.76842857142857,7.036614285714285,7.417899999999999,7.836771428571429,7.943114285714286,5.925828571428572,6.4517,8.997671428571428,11.98757142857143,13.823628571428571,12.727442857142858,13.518428571428572,13.90242857142857,15.941557142857144,14.834914285714287,12.544957142857143,10.330657142857143,11.511214285714287,12.3997,13.095742857142856,10.856114285714286,10.070271428571429,8.979871428571428,12.195857142857145,13.425342857142857,13.08842857142857,11.96187142857143,11.589928571428572,12.456457142857143,14.177371428571432,12.108457142857144,11.702871428571427,9.976114285714287,11.07002857142857,11.044157142857143,9.715399999999999,10.437800000000001,12.255657142857144,10.558057142857141,9.855242857142857,8.918228571428571,9.633785714285713,9.589899999999998,10.75542857142857,10.707400000000002,13.210871428571428,16.3698,19.004314285714283,19.13507142857143,19.825642857142856,16.49072857142857,15.237528571428571,13.236571428571429,10.445371428571429,11.419371428571429,12.996385714285713,12.762642857142856,15.187257142857144,15.114914285714287,15.54652857142857,17.017757142857143,15.12037142857143,14.675557142857144,13.717557142857144,11.068457142857142,9.526728571428569,8.293642857142858,6.6779,5.724685714285713,5.765114285714286,7.8222000000000005,10.656428571428572,12.281114285714287,15.96732857142857,16.965871428571425,16.68352857142857,15.619214285714287,15.208085714285714,14.033428571428571,12.4316,9.126357142857142,9.73122857142857,10.790899999999999,10.198214285714286,8.6193,6.982628571428571,6.946385714285715,6.620757142857143,8.066071428571428,8.46727142857143,9.08162857142857,9.036085714285713,9.498457142857143,10.261757142857144,10.458228571428574,7.243071428571428,5.3176000000000005,4.5704142857142855,4.687885714285714,4.767528571428572,4.907428571428571,5.5,6.7365,6.821071428571429,6.6968000000000005,6.600714285714287,6.031728571428572,5.125414285714286,4.327442857142857,3.3518714285714286,3.3507285714285713,3.726714285714286,4.369128571428571,4.348685714285714,4.377814285714286,4.349214285714286,4.323128571428571,4.168171428571428,3.727671428571429,3.1105142857142853,3.2639142857142858,3.259657142857143,3.0763571428571432,2.764885714285714,2.7276285714285717,2.6955428571428572,4.898028571428571,5.1381571428571435,5.087985714285715,5.175242857142858,5.291314285714286,5.280500000000001,5.272100000000001,3.0304285714285712,2.694828571428572,2.8363857142857145,3.0157285714285713,3.6311,3.672957142857143,4.384785714285714,4.4263,5.0027,5.3998,5.360557142857142,4.809714285714286,5.170914285714285,5.0766857142857145,5.253857142857143,4.807314285714285,4.337157142857143,4.221471428571428,4.154671428571429,3.8180142857142862,3.5262428571428575,3.513471428571429,3.605457142857143,4.440914285714285,5.756557142857142,5.752414285714286,6.608899999999999,8.104814285714285,9.978071428571427,11.190342857142857,11.191485714285715,9.9023,9.960728571428572,10.805942857142856,11.431314285714285,11.534314285714286,10.724871428571428,10.661757142857143,12.609057142857143,14.950614285714286,14.551442857142858,15.35184285714286,14.363928571428572,15.06032857142857,15.169757142857142,13.585442857142855,11.519385714285713,10.282857142857143,7.129357142857143,6.257828571428571,8.25617142857143,10.423514285714287,13.287885714285713,12.87882857142857,13.168114285714285,14.163214285714286,15.667414285714287,14.495685714285715,14.116942857142858,15.218499999999997,15.313557142857144,17.495471428571427,19.3731,18.18088571428572,19.65132857142857,17.212,16.3048,17.508614285714284,15.468342857142858,17.206214285714285,21.863914285714284,19.253800000000002,20.88062857142857,22.084228571428575,22.08421428571429,25.196457142857145,24.2768,19.07267142857143,18.258042857142858,19.69727142857143,14.96567142857143,15.02844285714286,12.645642857142859,8.979157142857142,8.978214285714285,10.585028571428571,7.2233857142857145,7.397557142857144,6.051814285714285,4.789214285714286,4.992728571428572,6.489257142857143,5.863328571428572,6.637628571428571,7.530714285714285,8.815157142857142,9.421242857142857,12.38342857142857,14.854185714285714,13.995857142857144,16.340928571428574,15.575885714285715,14.576242857142857,14.230428571428572,14.365328571428572,12.544514285714286,12.782428571428571,12.24207142857143,16.374828571428573,17.817000000000004,17.872342857142858,15.106385714285716,12.904742857142859,14.435014285714285,14.831657142857141,11.487099999999998,9.770442857142857,10.043442857142859,10.153985714285714,10.89182857142857,9.832014285714285,7.814057142857143,7.032642857142856,9.153671428571428,8.751142857142856,8.097657142857143,9.481042857142858,8.628014285714288,7.622771428571428,7.5998285714285725,5.476914285714286,7.157514285714285,7.7420285714285715,5.490928571428571,5.915828571428571,6.298628571428572,6.130071428571429,6.307514285714286,4.422657142857142,3.8826714285714283,4.101928571428571
80,9.4317,9.4317,14.58675,17.953466666666667,14.194849999999999,12.225039999999998,10.581916666666666,9.414771428571427,9.213185714285714,7.760242857142858,7.641428571428571,9.492642857142856,10.014728571428572,10.28017142857143,10.250414285714285,9.442871428571427,9.21847142857143,6.636842857142858,5.1744142857142865,5.322742857142857,5.865042857142856,6.8001571428571435,9.489142857142857,8.762514285714285,10.978385714285716,12.944214285714285,13.920414285714285,13.481314285714285,14.176857142857143,13.286671428571427,14.085799999999997,11.750357142857142,10.074885714285715,8.95327142857143,8.658871428571429,8.895428571428571,7.346042857142857,7.492842857142857,9.039742857142857,9.34777142857143,8.6878,10.600200000000001,11.135042857142858,16.58164285714286,15.646,14.222328571428571,14.028628571428571,15.067357142857142,15.084214285714284,12.774557142857143,8.224157142857143,10.800957142857143,10.544328571428574,11.297085714285714,11.115442857142856,11.08852857142857,10.996585714285713,10.117314285714286,7.670128571428571,9.41567142857143,8.823442857142856,7.802657142857143,5.953871428571428,7.8701285714285705,9.502671428571428,12.453285714285714,13.797571428571429,14.086928571428572,15.77477142857143,16.470657142857142,14.559285714285712,12.66342857142857,9.601,6.262985714285715,4.9436857142857145,4.078957142857143,3.9124142857142856,4.278557142857143,7.814042857142858,9.364085714285713,10.252385714285714,12.775557142857142,15.591428571428574,16.661957142857144,18.77022857142857,15.406457142857146,13.755600000000001,13.684642857142858,11.965357142857144,10.637728571428571,8.958428571428573,6.880971428571429,6.9309714285714294,7.006485714285715,6.830557142857144,7.174557142857141,4.8881000000000006,5.576942857142858,8.016242857142858,10.8278,13.082385714285712,12.51817142857143,12.528428571428572,12.778971428571428,14.235328571428571,13.096657142857142,11.150357142857143,8.783157142857144,9.97752857142857,11.565642857142857,12.399314285714285,10.67082857142857,10.002728571428573,8.911314285714285,12.103900000000001,13.230557142857142,12.836014285714286,11.708257142857144,11.25217142857143,12.285,13.463700000000001,11.397442857142858,11.1448,9.433142857142856,10.871342857142858,10.851699999999997,9.486414285714286,10.922685714285715,13.041214285714286,11.218085714285715,10.589857142857143,9.249885714285714,10.069514285714286,10.004014285714286,12.721699999999998,12.600085714285715,15.230657142857142,18.292142857142856,20.685257142857143,20.70928571428571,21.53195714285714,16.636542857142857,14.378657142857142,13.202342857142856,10.557,13.331228571428571,14.8027,14.148399999999999,17.63932857142857,18.703885714285715,17.9095,19.245128571428573,15.866514285714286,14.522714285714285,13.912242857142855,10.03002857142857,8.279914285714286,7.450071428571428,5.888442857142857,4.840871428571428,5.202128571428572,7.201528571428573,9.694728571428572,11.982371428571428,13.268028571428573,13.940299999999997,13.70572857142857,13.474271428571429,12.727814285714286,13.18312857142857,10.894614285714287,9.910042857142857,10.718599999999999,11.062114285714285,10.453899999999999,9.139885714285715,6.214285714285714,6.106157142857143,6.0535,8.343871428571429,10.431028571428572,10.795457142857144,10.73857142857143,11.034157142857142,11.806299999999998,11.9522,8.008285714285716,5.063228571428572,4.398185714285714,4.485942857142857,4.497328571428571,4.512485714285715,5.311828571428571,6.3729000000000005,6.491142857142857,6.3868285714285715,6.322785714285715,5.958799999999999,5.143071428571429,3.935414285714286,3.1738571428571434,3.3265285714285717,3.5580428571428575,3.9054571428571427,3.9082857142857144,3.951214285714286,3.9405571428571426,3.757557142857143,3.441528571428571,3.1266571428571437,2.912914285714286,3.0266428571428574,3.0017,2.853157142857143,2.6673714285714283,2.718257142857143,2.730757142857143,5.0576857142857135,5.2258571428571425,5.1947142857142845,5.225985714285714,5.3283000000000005,5.270414285714286,5.241885714285715,2.7671,2.5370285714285714,2.728985714285714,2.8439714285714284,3.4642428571428567,3.5143857142857144,4.089628571428571,4.148214285714286,4.743571428571428,5.232128571428572,5.3887857142857145,4.868042857142858,5.125785714285714,5.077014285714285,5.210985714285714,4.720942857142857,4.108114285714286,3.8927714285714288,3.885685714285714,3.6738,3.2811285714285714,3.3136,3.2382000000000004,4.0262714285714285,5.225085714285714,5.148071428571429,6.01,7.5083714285714285,9.125342857142858,10.746542857142856,10.562085714285715,9.372457142857142,9.418385714285714,10.920385714285715,11.497728571428572,11.8586,10.798242857142856,10.812899999999999,12.93172857142857,15.37392857142857,14.2402,15.279742857142855,14.11997142857143,14.935628571428575,14.92097142857143,13.252542857142858,11.088542857142855,9.845814285714287,6.693342857142858,5.933628571428571,7.765314285714285,10.076571428571429,12.91992857142857,12.51167142857143,12.828442857142859,13.971800000000002,15.215557142857145,14.174185714285715,14.265757142857142,15.140657142857142,15.2915,17.49352857142857,19.0949,18.300700000000003,19.327185714285715,16.545257142857142,15.614014285714285,16.78317142857143,14.683057142857141,13.710514285714286,18.290714285714284,16.095714285714287,17.74642857142857,18.63838571428571,19.8596,23.044385714285717,24.50402857142857,19.8191,19.40228571428571,20.722014285714287,16.506914285714284,15.508885714285713,12.874999999999998,9.667999999999997,9.187985714285714,10.59947142857143,7.3633999999999995,7.579,6.0634,5.030742857142856,5.214014285714286,6.628928571428571,5.558728571428572,6.2116999999999996,6.925285714285714,8.370257142857144,8.897342857142856,11.880800000000002,14.668457142857145,14.058271428571429,16.597057142857143,15.942642857142857,14.907485714285714,14.594499999999998,14.452457142857142,12.0397,12.309042857142856,11.7015,15.905199999999999,17.157485714285713,17.716914285714285,15.432571428571427,13.50025714285714,13.272099999999998,13.633742857142858,10.212028571428572,8.553185714285714,8.067728571428573,7.628671428571429,8.413100000000002,9.692971428571429,7.0361,6.210371428571428,8.862271428571429,8.81702857142857,8.473428571428572,9.681185714285716,8.248785714285715,7.9059285714285705,7.905928571428572,5.328285714285714,7.167342857142856,7.406757142857143,5.3161,5.593600000000001,6.033,5.834828571428572,5.9378714285714285,3.9510714285714283,3.781571428571428,4.071914285714286
81,4.9898,4.9898,9.24185,13.957533333333332,11.195875,9.786859999999999,8.556433333333333,7.677499999999999,8.110414285714286,7.934742857142858,7.653500000000001,9.570485714285715,9.5532,9.699185714285715,9.670042857142857,8.905857142857144,7.750528571428573,5.287185714285714,3.5418714285714286,4.197985714285714,5.069471428571428,5.950457142857142,8.611057142857144,8.372,10.95567142857143,12.584528571428573,12.719757142857144,12.504557142857143,13.074285714285713,12.072671428571429,12.591842857142856,10.11792857142857,10.090557142857145,9.8693,9.134814285714286,9.66642857142857,8.0971,8.627442857142857,10.232971428571428,9.265028571428571,8.615,10.467557142857144,10.9275,14.08912857142857,13.062385714285712,11.864585714285713,12.039085714285715,13.15217142857143,13.158742857142856,10.79917142857143,8.568914285714285,11.132542857142855,10.459885714285715,11.042257142857142,10.576371428571429,10.565299999999999,10.483128571428571,9.4877,6.993742857142857,8.881914285714284,7.945042857142858,7.099885714285714,5.666528571428572,7.837185714285714,10.095828571428571,12.879214285714285,12.557242857142857,12.678857142857142,13.670357142857144,14.007542857142857,11.849400000000001,9.5241,6.673442857142858,4.989285714285714,4.1683,3.8254571428571427,3.8051,4.057757142857143,7.395457142857142,8.326414285714284,8.907057142857143,10.557114285714286,12.351414285714284,13.272957142857141,15.376557142857141,12.162671428571429,11.190628571428572,11.0485,10.071814285714286,9.6267,7.904100000000001,5.865828571428572,5.756828571428572,6.467357142857144,7.3577,7.557185714285715,5.593771428571428,6.2707,8.84297142857143,11.773085714285715,13.165585714285713,11.841428571428569,11.868471428571429,11.871471428571429,13.37427142857143,11.613028571428572,9.4705,7.360957142857143,8.277014285714285,10.040000000000001,11.126885714285716,9.084685714285714,8.563385714285713,7.7527,10.760085714285713,11.692071428571428,11.253171428571429,10.134028571428571,9.986942857142855,10.749600000000001,11.927328571428571,10.1178,9.386,7.524400000000001,8.756957142857143,8.729685714285715,7.6663,8.913685714285716,10.3446,9.259042857142859,8.864885714285716,7.639628571428572,8.082485714285713,8.052285714285714,10.060457142857144,11.469042857142856,12.256785714285714,16.047428571428572,18.422085714285714,20.731685714285714,21.43961428571429,17.335471428571427,13.863757142857141,14.892114285714287,11.425771428571426,12.271357142857143,11.248642857142856,10.782971428571427,14.205542857142856,15.050600000000001,13.826614285714285,14.529085714285713,12.929785714285712,12.347285714285716,11.876714285714284,8.1685,6.897614285714285,6.328985714285714,5.508071428571428,4.577471428571428,4.629871428571429,6.966371428571429,9.565757142857143,11.398142857142856,12.974428571428572,13.417271428571429,13.203614285714286,12.474657142857144,11.296942857142858,11.12952857142857,9.220771428571428,7.908557142857143,8.429599999999999,8.39787142857143,8.381342857142856,7.247714285714287,4.8135,4.788328571428571,4.658057142857143,6.438400000000001,8.8903,9.083614285714287,9.060471428571429,9.350085714285713,9.669814285714285,9.826428571428574,6.9245714285714275,4.0945285714285715,3.5631,3.6932000000000005,3.6856571428571425,3.9517999999999995,4.2982,5.09732857142857,5.146757142857142,5.118214285714286,5.009485714285715,4.711971428571429,4.110657142857143,3.5179,2.9979,3.2003142857142857,3.354914285714286,3.5351,3.5067285714285714,3.5463999999999998,3.5464142857142855,3.3629285714285713,3.092157142857143,2.8801,2.849157142857142,2.988985714285714,2.949414285714286,2.8277000000000005,2.6787,2.713314285714286,2.7231,5.081071428571428,5.247342857142857,5.212642857142858,5.231328571428571,5.322842857142857,5.253514285714286,5.213571428571428,2.7034857142857147,2.483414285714286,2.6065714285714283,2.6987857142857146,3.1557,3.2233714285714288,3.691042857142857,3.7126999999999994,4.077914285714285,4.334857142857143,4.337128571428571,3.8996,4.0907857142857145,3.9096857142857147,3.9681000000000006,3.618357142857143,3.307242857142857,3.285585714285714,3.2609999999999997,3.0944000000000003,2.927985714285714,2.9231142857142856,2.8838,3.501714285714286,4.560157142857142,4.5506714285714285,5.345857142857143,6.6470714285714285,8.181042857142858,9.637828571428571,9.323085714285714,8.258014285714285,8.266071428571427,8.26607142857143,7.900314285714286,8.161071428571427,7.014085714285715,7.208285714285714,8.8344,11.113957142857144,11.232800000000001,11.938528571428572,11.103342857142858,12.065985714285716,12.00137142857143,10.768628571428573,8.805642857142855,7.87702857142857,6.207171428571428,5.53457142857143,6.877742857142857,9.126114285714285,11.240385714285713,10.850228571428572,11.065299999999997,12.01865714285714,12.7839,11.77277142857143,11.424414285714287,12.287071428571428,12.468185714285713,14.455985714285715,16.275685714285714,16.25492857142857,18.741142857142854,16.6307,15.732314285714285,17.454571428571427,15.604842857142856,14.282714285714286,18.645128571428568,15.444871428571428,16.632442857142856,18.216671428571427,17.428857142857144,20.131357142857144,21.467028571428568,16.1021,15.427371428571428,17.327042857142857,13.306785714285713,13.051257142857141,10.840614285714286,8.108542857142858,7.9566857142857135,9.844242857142858,6.499314285714285,6.599742857142857,5.780699999999999,4.891657142857143,5.145114285714286,6.541257142857143,5.449385714285714,6.189900000000001,6.761499999999998,8.14912857142857,8.732171428571428,11.55262857142857,13.530614285714288,13.224942857142858,15.638342857142858,15.115757142857145,13.8948,13.456757142857143,13.082499999999998,11.438942857142857,11.438942857142857,10.829214285714286,13.620314285714285,14.812199999999999,15.110514285714284,13.162785714285713,11.505371428571427,11.147742857142857,11.351957142857144,8.639899999999999,7.281142857142856,7.024842857142858,6.524942857142858,7.2738571428571435,8.127114285714287,5.9499571428571425,5.8192571428571425,8.294242857142857,8.3106,7.949271428571429,9.2302,8.197428571428572,7.575042857142857,7.525114285714286,5.119671428571429,6.788328571428572,7.297057142857143,5.157514285714286,5.674214285714286,6.130342857142858,5.998514285714286,6.084957142857143,4.175457142857143,3.764057142857143,3.9508571428571426
82,5.1227,5.1227,7.66695,12.1118,9.67935,8.52038,7.5117666666666665,6.786457142857143,7.197328571428572,8.10957142857143,8.118014285714287,10.078857142857142,10.135742857142858,10.236142857142857,10.206071428571429,9.451314285714286,7.686442857142858,5.274614285714286,3.4480714285714287,4.199428571428571,5.472385714285714,6.300857142857143,8.638842857142858,8.373014285714286,10.818357142857142,11.706985714285716,13.030914285714285,12.447571428571427,12.95854285714286,12.247485714285714,13.049828571428574,10.73027142857143,11.553628571428572,10.012242857142857,9.299314285714287,9.754,8.168957142857142,8.328157142857142,9.695042857142855,8.229114285714285,7.577171428571428,9.102357142857143,9.18002857142857,11.940857142857144,10.953257142857142,10.126442857142859,10.268085714285716,10.920042857142857,10.769942857142857,8.976457142857143,6.799185714285715,9.408028571428572,8.548142857142858,9.430414285714287,8.997242857142856,9.259757142857143,9.166142857142857,8.549728571428572,6.015014285714285,7.740828571428572,7.0433142857142865,6.628071428571428,5.243257142857142,6.954828571428571,8.971885714285714,11.825285714285714,10.8395,11.670999999999998,12.203342857142855,12.479071428571428,10.788528571428571,8.720628571428573,5.824985714285716,5.028300000000001,3.494328571428571,3.810071428571429,3.7446428571428574,4.043971428571429,6.6121,6.855214285714285,7.207714285714287,8.2741,9.323885714285714,10.656057142857145,12.161657142857143,9.667785714285714,9.420414285714285,9.477328571428572,8.765014285714285,8.304442857142858,6.42557142857143,4.702514285714286,4.657542857142857,4.6808,4.351628571428572,5.0082,3.595242857142857,3.857457142857143,6.008342857142858,8.785657142857143,9.566485714285713,9.4751,8.7758,8.770457142857143,9.730599999999999,8.606057142857143,6.599285714285714,5.754528571428572,6.123885714285715,8.049171428571428,8.901642857142857,7.677714285714285,7.266428571428571,6.465071428571428,10.226842857142856,10.954142857142857,10.027828571428572,9.205814285714286,9.291471428571427,9.595471428571427,10.39682857142857,6.951871428571429,5.822785714285715,4.504471428571428,5.293857142857142,5.166199999999999,4.520714285714285,5.862571428571428,7.025014285714286,7.074600000000001,7.0405999999999995,6.207014285714287,6.3105714285714285,6.115514285714286,7.914571428571429,8.336785714285714,8.797985714285714,11.03582857142857,11.70112857142857,12.0724,12.3819,8.464071428571428,6.664928571428571,8.519014285714286,6.342157142857142,8.314042857142857,9.194271428571428,9.096671428571428,12.128042857142857,13.04085714285714,10.991414285714283,11.086228571428569,9.0568,8.158428571428571,7.810557142857142,4.783885714285715,3.8186142857142853,3.5484714285714283,3.453157142857143,3.099614285714286,2.8495,4.887828571428571,7.473342857142858,8.261157142857142,9.127085714285714,9.407757142857141,9.460700000000001,9.345785714285713,7.6992,7.171185714285714,6.415385714285713,5.691785714285714,6.173885714285714,6.117528571428572,6.3372714285714284,6.002428571428572,3.9419142857142857,3.9099285714285714,3.9514142857142853,6.095114285714287,7.687485714285715,7.796728571428572,7.761628571428572,7.906385714285714,8.013157142857143,8.002699999999999,5.081099999999999,3.302657142857143,2.927457142857143,2.950771428571429,2.934414285714286,3.0837,3.3761571428571426,3.807171428571429,3.830985714285714,3.8064285714285715,3.8045,3.6288714285714283,3.341714285714286,2.889657142857143,2.5056428571428575,2.5312142857142854,2.6221714285714284,2.6478,2.6478285714285716,2.675814285714286,2.7091142857142856,2.7091000000000003,2.6159428571428576,2.5166142857142857,2.4910428571428573,2.581942857142857,2.5819857142857146,2.4911,2.4002142857142856,2.408857142857143,2.4014714285714285,4.773285714285714,5.0079,4.981857142857143,4.9998,5.083471428571428,5.073242857142857,5.069585714285714,2.6971142857142856,2.443514285714286,2.512,2.5854571428571433,2.8632,2.8867000000000003,3.157757142857143,3.1577571428571427,3.3753,3.3948000000000005,3.3448,3.0698142857142856,3.1422285714285714,2.9899142857142853,3.014485714285714,2.8142857142857145,2.7546714285714287,2.7997,2.7712,2.7123428571428567,2.676871428571428,2.7024428571428567,2.6769,3.1997571428571425,4.300971428571429,4.261285714285714,5.054085714285715,5.8594,6.671628571428572,7.715214285714287,7.420514285714286,6.314,6.379042857142857,6.020742857142857,5.925085714285714,6.10307142857143,5.349214285714285,5.586714285714286,6.632371428571429,8.035514285714287,8.395314285714287,8.667928571428572,8.512585714285715,9.225585714285714,9.068185714285715,8.320985714285715,6.929271428571427,6.1746285714285705,5.188357142857143,4.612171428571429,5.9959999999999996,7.5903285714285715,9.069899999999999,9.06492857142857,9.001571428571427,9.448457142857142,9.719371428571426,8.514085714285715,8.623957142857144,9.049071428571429,9.081100000000001,10.605414285714286,11.26347142857143,11.78152857142857,14.008485714285714,12.671171428571428,12.03917142857143,13.044985714285714,11.995314285714286,11.938671428571428,14.372857142857143,12.009014285714285,12.24622857142857,13.338214285714287,13.338214285714285,14.650785714285716,14.70744285714286,11.2122,10.248942857142854,10.4745,7.8317571428571435,6.9899000000000004,5.822171428571429,4.749585714285714,4.659385714285714,5.792742857142857,4.651957142857143,4.763042857142858,4.520742857142857,3.9133999999999998,4.032028571428571,5.204957142857142,5.012714285714286,5.633671428571428,5.675057142857143,6.811385714285715,7.152514285714285,9.412385714285714,11.376714285714286,10.48387142857143,12.431214285714287,12.900728571428571,12.164271428571428,11.97147142857143,12.047857142857143,10.271571428571429,10.723371428571427,10.171771428571429,13.062685714285712,13.226085714285716,13.5868,11.808657142857143,10.473157142857145,10.520185714285713,11.492671428571429,8.100514285714285,7.735414285714286,7.630571428571429,7.170114285714285,7.734071428571428,8.090014285714286,5.926171428571428,5.762128571428571,6.703485714285713,6.497471428571428,6.316457142857142,6.934957142857143,6.103185714285715,5.237900000000001,5.246271428571428,4.152742857142857,5.039385714285714,5.236657142857142,4.005828571428571,4.612757142857142,5.051571428571428,5.221871428571428,5.19102857142857,4.081028571428571,3.973714285714286,4.093757142857143
83,10.5101,10.5101,8.93585,10.209533333333333,8.473049999999999,7.784519999999999,6.881483333333333,6.236457142857143,5.881099999999999,6.257942857142857,7.08852857142857,8.338,8.228371428571428,8.336557142857144,8.336557142857144,7.540400000000001,6.715200000000001,4.567428571428571,3.2979285714285713,3.8316285714285714,4.953114285714285,5.341214285714285,7.613128571428571,7.515057142857143,9.411271428571428,10.1078,9.55917142857143,9.13417142857143,10.062085714285715,9.244614285714286,9.529114285714286,7.721742857142857,8.297371428571429,8.658128571428572,8.059700000000001,8.294,6.919028571428571,7.008114285714285,7.7721285714285715,6.655285714285713,6.28,6.8784857142857145,6.208728571428571,8.484442857142858,7.919742857142857,8.767428571428571,9.213357142857143,9.776642857142857,10.065299999999999,9.2426,7.680314285714286,8.486457142857143,6.710042857142857,6.986971428571429,6.356299999999999,6.328114285714285,6.246328571428571,5.508414285714286,4.720728571428571,5.776728571428571,5.091314285714286,4.906428571428572,4.151785714285714,5.379885714285714,7.232599999999999,9.706528571428573,8.752999999999998,9.708257142857141,9.903971428571428,9.918342857142857,8.717985714285714,6.818342857142857,4.4534142857142855,4.252071428571429,2.984085714285715,2.9049,3.008714285714286,3.024842857142857,5.513928571428572,5.874414285714287,6.170285714285716,6.519628571428571,7.507142857142857,8.536742857142857,9.662542857142856,7.392942857142856,6.933857142857142,6.665471428571428,6.6966714285714275,6.408128571428572,5.034700000000001,3.9894142857142856,3.7567,4.117557142857143,4.389957142857143,4.402842857142858,3.5760857142857145,3.7968857142857146,5.239014285714286,7.064014285714285,7.0798000000000005,6.796257142857143,6.412057142857143,6.430814285714286,7.3784,7.622871428571429,6.1728000000000005,5.754157142857143,5.877171428571428,6.758242857142856,6.770728571428571,5.533685714285714,4.583628571428571,4.207714285714286,6.598057142857144,7.521314285714287,7.299457142857142,7.286942857142857,7.241814285714286,7.212685714285715,7.475828571428573,5.258957142857143,4.1916,4.161828571428572,4.216671428571429,4.213028571428572,3.7085857142857144,5.116642857142857,5.257928571428571,5.400514285714286,4.741542857142858,4.657885714285714,4.7006571428571435,4.598928571428572,6.5123428571428565,7.043514285714286,8.285428571428572,9.812585714285714,10.486057142857144,10.512142857142857,10.653899999999998,7.1021857142857145,6.327214285714285,6.405571428571429,4.9491571428571435,5.116642857142858,5.657500000000001,5.5013571428571435,7.347214285714287,7.7359285714285715,6.29892857142857,6.3080428571428575,5.636942857142857,5.093685714285714,4.913542857142858,3.0629714285714287,2.6499857142857146,2.6435857142857144,2.6003,2.5053857142857145,2.5437285714285713,4.230885714285714,6.895071428571428,7.329414285714285,7.858542857142857,7.884085714285716,7.8980571428571436,7.878585714285713,6.498857142857143,5.272385714285714,4.858457142857143,4.440614285714285,5.2900285714285715,5.287714285714286,5.335442857142858,5.063942857142857,3.6223,3.601871428571428,3.556171428571428,4.879385714285715,5.696757142857144,5.863914285714286,5.8619,6.0275428571428575,6.091885714285715,6.133299999999999,3.9565000000000006,3.1105571428571426,2.8198,2.8526714285714285,2.7333,2.7356428571428575,2.882242857142857,3.1864,3.223,3.2411999999999996,3.229742857142857,3.1486142857142854,3.0674285714285716,2.8607714285714287,2.5566999999999998,2.5567142857142855,2.651957142857143,2.6848428571428573,2.715557142857143,2.7463285714285712,2.765685714285714,2.7790428571428576,2.7790285714285714,2.6837857142857144,2.654257142857143,2.7238,2.718042857142857,2.629714285714286,2.557057142857143,2.461142857142857,2.475314285714286,4.341057142857143,4.469114285714285,4.434157142857143,4.4341857142857135,4.476971428571429,4.476971428571429,4.434257142857143,2.512042857142857,2.342628571428571,2.4174714285714285,2.4863428571428576,2.635414285714286,2.678185714285714,2.769685714285714,2.8130142857142855,2.9688285714285714,2.961542857142857,2.9337857142857144,2.7521285714285715,2.7967857142857144,2.7967857142857144,2.7534714285714292,2.596342857142857,2.5691571428571427,2.5969142857142855,2.667057142857143,2.667057142857143,2.6844857142857146,2.728042857142857,2.732957142857143,3.0645714285714285,4.146314285714285,4.107428571428572,4.727757142857143,5.74647142857143,6.336557142857143,7.073042857142857,7.007557142857143,5.8798571428571424,5.922085714285715,5.5867571428571425,4.785785714285715,4.957414285714286,4.435757142857143,4.328628571428572,5.414785714285714,6.107342857142856,6.576828571428572,7.757971428571429,7.9767,8.834342857142857,8.834328571428571,7.829314285714285,7.1898,6.444385714285715,4.978028571428572,4.310828571428571,5.5628714285714285,6.410400000000001,6.965628571428572,6.944357142857143,6.948857142857143,7.043042857142858,6.980971428571429,5.530157142857143,5.849557142857143,5.816642857142858,5.930042857142857,6.360985714285714,7.0670142857142855,7.849471428571428,8.012114285714286,6.836385714285716,6.3981,7.085814285714286,6.6612285714285715,8.013542857142857,10.426971428571429,10.173957142857144,10.806514285714286,11.727271428571427,11.126942857142856,11.861257142857141,10.732714285714284,7.198985714285714,6.780657142857143,6.422514285714286,5.31047142857143,5.916385714285714,5.456085714285714,4.440971428571428,4.491614285714285,5.534,5.082814285714285,5.269242857142857,4.3814142857142855,4.032385714285715,4.165414285714286,5.241585714285715,4.6927142857142865,5.609914285714285,5.609914285714287,6.4163571428571435,6.581314285714285,7.704171428571428,9.45042857142857,8.711257142857143,9.309028571428572,9.427385714285716,8.7886,8.7756,9.218171428571429,6.761342857142856,7.201114285714285,7.443542857142857,9.747014285714286,9.939642857142859,9.9624,9.166971428571427,8.944842857142856,10.319742857142858,10.833257142857141,8.402285714285714,8.258542857142857,8.282428571428571,7.457085714285713,8.126685714285713,6.981328571428571,5.554600000000001,5.565371428571429,6.9195142857142855,6.918357142857142,6.993757142857143,7.257571428571429,6.630999999999999,5.957885714285715,5.768085714285713,4.2166,4.745657142857143,4.778942857142857,3.7972,4.542699999999999,4.7883,4.821571428571429,4.814900000000001,4.287,4.390028571428571,4.293628571428571
84,6.5688,6.5688,6.3581,7.840166666666666,6.480525,5.94862,5.307250000000001,4.8865428571428575,5.093871428571428,7.348071428571429,7.923228571428571,9.682728571428571,9.589271428571427,9.632442857142857,9.638042857142858,8.98552857142857,6.870785714285715,5.339214285714285,3.6463,4.221857142857142,4.783771428571428,5.586428571428571,7.498971428571428,6.933,8.739385714285714,9.54732857142857,8.990042857142857,8.796785714285715,8.806728571428572,7.296142857142857,7.538342857142857,6.054100000000001,6.268485714285715,6.6343000000000005,6.435485714285714,6.848200000000001,6.399142857142857,6.63492857142857,6.5444571428571425,5.9639999999999995,5.640599999999999,6.270271428571428,5.528385714285713,7.014085714285714,6.459328571428571,6.714657142857143,6.2176,6.687657142857143,6.258442857142858,5.773614285714286,4.478257142857143,4.560828571428571,3.8783142857142856,4.309557142857143,3.839514285714286,4.187314285714286,4.2619428571428575,3.9671857142857148,3.9146428571428564,3.933071428571428,3.5495857142857146,3.3991,2.8147285714285712,3.1052142857142857,4.094428571428572,5.271071428571429,5.2190142857142865,5.1747571428571435,5.155128571428571,5.021114285714286,4.672314285714285,3.690957142857143,2.5392714285714284,2.4873857142857143,2.4553714285714285,2.7304142857142857,3.0055,2.9970714285714286,5.4459285714285715,5.612857142857143,5.7012857142857145,6.050600000000001,6.577757142857144,7.564157142857143,8.40517142857143,6.224771428571428,5.9539285714285715,6.020314285714286,5.963071428571429,6.013428571428571,5.130285714285714,4.4209000000000005,4.152571428571429,4.208242857142857,4.722742857142857,4.949657142857143,4.078571428571428,4.504057142857143,5.455357142857143,6.538142857142857,7.165642857142856,6.5397285714285704,6.163042857142857,6.198971428571428,6.260528571428572,6.260528571428572,5.684699999999999,4.964014285714286,5.061914285714286,5.7744,5.776685714285714,4.940028571428571,4.355885714285714,3.848614285714286,5.137371428571428,5.834057142857142,7.033399999999999,7.042371428571428,6.994814285714285,6.819028571428572,6.809357142857143,5.933428571428571,5.094928571428571,3.861614285714286,4.128442857142857,4.092857142857143,3.902685714285714,5.029857142857144,4.664257142857143,4.737514285714286,3.940928571428571,3.6272571428571427,3.685928571428571,3.6926142857142854,5.071599999999999,5.6738,6.804714285714285,8.367157142857142,8.923499999999999,8.9513,8.982414285714286,6.483728571428571,5.896014285714285,5.967785714285715,4.4054142857142855,4.469742857142856,4.467485714285714,4.320042857142857,5.210085714285715,5.232614285714286,4.018257142857143,4.019385714285715,3.495085714285715,3.494014285714286,3.466271428571429,2.5788571428571427,2.551085714285714,2.531414285714285,2.527414285714286,2.4536571428571428,2.4536142857142855,3.1525857142857143,4.451842857142857,4.766742857142857,5.163371428571429,5.180442857142857,5.180442857142857,5.199428571428571,4.547728571428572,3.9156285714285715,3.622514285714286,3.2517,3.5397571428571433,3.5868428571428574,3.828671428571428,3.804228571428571,3.134585714285714,3.1345428571428573,3.1535285714285712,3.7730285714285716,3.9239,3.6836857142857142,3.641242857142857,3.6599285714285714,3.6557,3.6149428571428572,2.668242857142857,2.4583714285714287,2.3759,2.3977428571428567,2.3971714285714287,2.400171428571429,2.4915714285714285,2.723542857142857,2.7243285714285714,2.7507999999999995,2.7392285714285713,2.671685714285714,2.6069999999999998,2.4893857142857145,2.2573714285714286,2.2567428571428576,2.307414285714286,2.334442857142857,2.3463,2.370914285714286,2.4177142857142857,2.4021714285714286,2.3763285714285716,2.2992142857142857,2.2619142857142855,2.2775571428571424,2.2619714285714285,2.1919,2.178471428571428,2.167442857142857,2.1643,3.132614285714286,3.192314285714285,3.189185714285714,3.193871428571428,3.199542857142857,3.197057142857143,3.186714285714286,2.1996857142857142,2.183814285714286,2.2598714285714285,2.339714285714286,2.4550857142857145,2.5282428571428572,2.616828571428571,2.6804142857142854,2.6978,2.6953714285714283,2.6385285714285716,2.5414,2.5584571428571428,2.5651428571428574,2.524142857142857,2.4798142857142857,2.4197428571428574,2.4595285714285713,2.4684142857142857,2.4109142857142856,2.390685714285714,2.422614285714286,2.449585714285714,2.622114285714286,3.546985714285714,3.5268000000000006,3.8944000000000005,4.475542857142857,4.8439000000000005,5.221457142857142,5.100042857142858,4.166314285714285,4.217985714285715,4.160471428571428,3.7578142857142858,3.9339857142857144,3.691114285714286,3.8331714285714287,4.834028571428571,5.379142857142857,5.884328571428571,6.240214285714286,6.411485714285713,6.963657142857142,6.840657142857142,5.921914285714284,5.410128571428571,4.637871428571429,4.046885714285714,3.5656571428571424,4.4374142857142855,5.475585714285715,5.679985714285714,5.677257142857143,5.739314285714286,5.863085714285714,5.926785714285714,5.202285714285714,5.1894285714285715,5.538200000000001,5.593942857142856,5.818728571428571,6.181585714285714,6.938085714285713,6.8711714285714285,5.980714285714286,5.426457142857143,5.575428571428572,5.355914285714285,7.414857142857143,8.984399999999999,9.056642857142856,9.963757142857142,10.954485714285713,10.8098,11.644614285714285,10.161328571428571,7.4804571428571425,6.71112857142857,5.809599999999999,4.700785714285714,5.342214285714285,4.521171428571429,3.504071428571429,3.559357142857143,4.552028571428572,4.341542857142858,4.372971428571429,3.6005857142857143,3.5024285714285717,3.4975,4.569614285714286,4.121085714285714,4.387671428571428,4.677171428571428,5.000528571428572,5.1695142857142855,6.5308142857142855,7.330699999999999,6.989557142857143,7.772742857142856,8.206728571428572,7.918071428571428,7.893585714285713,7.609328571428571,6.113985714285714,6.455128571428572,6.352242857142857,6.643914285714286,6.729414285714285,6.736185714285715,6.325314285714286,5.933571428571429,6.244271428571429,6.409242857142858,5.4935285714285715,5.470985714285715,5.431514285714286,4.7686,5.426657142857143,4.9806857142857135,4.398014285714285,4.505614285714286,4.9872571428571435,4.878728571428572,4.842171428571429,5.210299999999999,4.881828571428572,4.353957142857142,4.3290428571428565,3.896328571428571,4.587571428571429,4.8279,3.976642857142857,4.425585714285714,4.835928571428572,4.765857142857143,4.657228571428571,4.1275,4.218757142857143,4.237685714285715
85,7.4409,7.4409,6.575200000000001,7.4724,6.22405,5.8379199999999996,5.21825,4.821314285714286,5.082714285714286,6.1643,6.611714285714285,8.542685714285714,8.41382857142857,8.538414285714284,8.544014285714285,7.817971428571428,6.545814285714287,5.287171428571429,3.4772285714285713,4.2036999999999995,4.9478,5.739942857142856,7.330085714285714,7.303371428571428,8.785971428571427,10.273471428571428,9.446085714285713,9.360185714285715,9.356657142857143,8.314442857142858,8.400585714285715,7.140228571428572,6.630542857142856,6.948600000000001,6.321142857142858,7.091185714285714,6.407314285714286,6.865571428571428,7.248442857142857,6.525457142857142,6.300542857142857,6.783185714285715,5.7009285714285705,6.819957142857143,6.114742857142858,6.308785714285714,5.941,6.045185714285714,5.685242857142856,5.231842857142857,4.7931857142857135,4.830214285714286,3.902857142857143,4.683414285714286,4.991828571428571,5.555671428571428,5.555942857142857,4.729314285714286,4.634371428571428,4.7953,4.0546999999999995,3.4976999999999996,3.4479,3.7601000000000004,4.126071428571429,4.914771428571429,4.711285714285714,4.711328571428572,4.7219,3.968842857142857,3.6288000000000005,3.3252714285714284,2.553314285714286,2.5319142857142856,2.462828571428571,2.738771428571429,2.979914285714286,2.9807285714285716,4.979971428571429,5.147228571428571,5.218128571428571,5.469928571428572,6.282042857142857,7.210271428571429,7.5171,5.731271428571428,5.491971428571428,5.504842857142857,5.664828571428571,5.734985714285714,4.904442857142857,4.589985714285715,4.316185714285714,4.327228571428572,4.793928571428572,5.0814,3.8858,4.349971428571428,4.729671428571429,5.5563142857142855,6.089257142857143,5.523128571428571,4.8762428571428575,4.8939571428571425,5.4554857142857145,6.030099999999999,5.270785714285714,4.6895999999999995,4.703,5.462342857142857,5.467771428571427,4.094157142857143,3.7478285714285713,3.685542857142857,4.8269142857142855,5.631285714285714,6.1168,6.259042857142857,6.2134,5.832571428571429,6.168642857142857,5.0917,4.294071428571429,3.655785714285714,4.055071428571429,4.055757142857143,3.8191142857142855,4.1365428571428575,4.482399999999999,4.4713,3.8226285714285715,3.2670285714285714,3.324614285714286,3.5114285714285716,4.197971428571429,4.1028,4.934728571428571,6.696357142857143,6.736585714285715,6.715000000000001,6.611071428571429,5.281757142857144,4.983928571428571,5.019357142857144,3.277328571428572,3.5247857142857137,3.614571428571428,3.5440714285714283,3.924214285714285,3.9652,3.117971428571429,3.1003999999999996,2.8524285714285718,2.792214285714286,2.7545,2.373285714285714,2.3614857142857137,2.360442857142857,2.347914285714286,2.3272857142857144,2.3260285714285707,2.5717,2.951828571428571,2.993171428571429,3.2895857142857143,3.2895857142857143,3.2887999999999997,3.2695714285714286,3.0841142857142856,3.067542857142857,3.037585714285714,2.7854142857142854,3.165542857142857,3.209828571428571,4.062942857142857,4.009128571428572,3.6455714285714285,3.6007857142857143,3.6011571428571427,3.9442,4.229542857142857,3.4152142857142858,3.454742857142857,3.472214285714286,3.5391857142857144,3.5161285714285717,2.790357142857143,2.4695428571428573,2.4281571428571427,2.4046,2.4087,2.395971428571429,2.5301,2.759485714285714,2.7481000000000004,2.7895999999999996,2.8352142857142857,2.793485714285714,2.7457142857142856,2.5698428571428567,2.3228714285714287,2.3227714285714285,2.2812571428571427,2.240285714285714,2.226942857142857,2.2270428571428575,2.2446,2.2980714285714288,2.2981714285714285,2.267285714285715,2.2626,2.2759857142857145,2.2759571428571426,2.2468285714285714,2.1818,2.1609428571428575,2.1778000000000004,2.5930714285714282,2.6576,2.6983142857142854,2.706657142857143,2.741542857142857,2.7483428571428568,2.7415142857142856,2.332,2.3036,2.2921714285714287,2.365614285714286,2.8063428571428566,2.7912714285714286,2.8739428571428576,2.919771428571429,2.9555571428571423,2.9555714285714285,2.964728571428572,2.5708999999999995,2.6934571428571425,2.6934571428571425,2.660485714285714,2.6246857142857145,2.6704857142857144,2.6602285714285716,2.6271428571428572,2.5509,2.5442428571428573,2.5250142857142857,2.505728571428572,2.507171428571428,4.182914285714285,4.161714285714286,4.496185714285715,5.1609,5.636871428571429,5.989185714285715,5.991342857142858,4.263457142857143,4.2645,4.139214285714286,3.826214285714286,4.040571428571429,3.7560714285714285,3.8880000000000003,4.756142857142857,5.446414285714286,5.939914285714286,6.252928571428571,6.283114285714285,6.7328,6.613914285714286,5.814171428571428,5.192300000000001,4.523657142857143,3.803,3.220842857142857,3.7042428571428565,4.972971428571428,5.161014285714287,5.110514285714285,5.558314285714286,5.923285714285716,5.875185714285714,5.351214285714286,5.049842857142857,5.819242857142858,6.097671428571428,5.861742857142858,5.7933,6.518928571428573,6.703985714285715,6.038485714285715,5.169200000000001,5.672057142857143,5.498414285714285,7.323914285714285,8.535942857142857,8.491942857142858,9.0968,10.041785714285714,9.332657142857144,10.05844285714286,8.752428571428572,6.682542857142857,6.1526571428571435,5.261428571428572,4.1996142857142855,4.781642857142857,4.21,3.3902,3.437357142857143,4.391100000000001,4.2984857142857145,4.288971428571428,3.5914571428571427,3.377471428571429,3.4116571428571425,4.509114285714285,4.284228571428572,4.631714285714287,4.775714285714286,5.120185714285715,5.482799999999999,6.626142857142857,8.558157142857143,8.059014285714285,8.832328571428572,9.915614285714286,9.626785714285715,9.405514285714286,9.334542857142855,6.571000000000001,6.818385714285715,6.818385714285715,6.673342857142858,6.838557142857143,6.841214285714286,6.474114285714286,6.232271428571429,6.962685714285714,7.169071428571428,6.239485714285714,6.250585714285713,6.138828571428571,5.4491571428571435,5.706585714285714,5.078342857142857,4.225942857142857,4.292185714285714,5.131628571428571,5.259985714285714,5.214685714285715,5.9740142857142855,5.335928571428572,4.898714285714285,4.856128571428571,4.0304714285714285,4.101285714285715,4.281285714285715,3.4553285714285713,3.7359571428571425,4.3903428571428575,4.229628571428571,4.089285714285714,3.873471428571428,4.027271428571428,3.8779
86,7.9908,7.9908,7.13305,8.677766666666667,7.07835,6.407439999999999,5.684533333333333,5.190757142857143,5.194071428571429,5.769585714285715,5.517071428571429,6.830528571428571,6.805542857142858,6.906300000000001,6.93797142857143,6.371428571428573,5.601657142857143,4.548171428571429,3.299657142857143,4.0074,5.189614285714286,5.984499999999999,7.369,7.509442857142858,8.7325,9.486685714285713,8.662714285714285,7.662299999999999,7.662271428571428,6.844299999999999,7.002328571428572,6.547071428571429,6.782414285714286,6.974914285714285,6.927485714285714,7.320971428571428,6.666785714285715,6.997314285714286,6.580671428571429,5.784185714285714,5.756742857142858,6.588100000000002,5.725728571428571,6.4825,5.590728571428571,6.5533,6.336442857142856,6.618428571428572,6.399014285714286,6.102842857142858,5.655928571428572,5.774885714285714,4.471857142857143,5.2498571428571426,5.028414285714285,5.0304714285714285,4.9562857142857135,4.535542857142857,4.358957142857142,4.827285714285714,4.0866,3.8033714285714284,3.675657142857143,4.230757142857143,4.433985714285714,5.0990714285714285,4.641414285714285,5.118842857142857,5.128385714285714,4.577471428571428,4.060328571428571,3.857585714285715,3.142057142857143,3.0484714285714287,2.4846571428571425,2.603971428571429,2.475214285714286,2.4703142857142857,4.0824428571428575,4.257,4.2856,4.348085714285714,5.219414285714286,6.3123,6.305057142857143,4.7149,4.5124571428571425,4.688614285714286,5.565428571428571,5.792985714285714,4.969942857142857,4.996857142857143,4.932042857142858,4.980628571428572,5.335071428571429,5.0197714285714286,3.799257142857143,4.034585714285714,4.400857142857142,5.431985714285714,5.691,5.151885714285714,4.654428571428572,4.660157142857143,7.019871428571428,7.393042857142857,6.3706000000000005,6.047457142857143,6.372371428571428,7.074071428571428,7.078242857142857,4.3572999999999995,4.130757142857142,4.122057142857143,6.263328571428572,6.680857142857143,6.9033428571428574,7.0232,6.829757142857143,7.1013714285714284,7.543928571428571,5.486328571428571,4.709485714285714,4.713500000000001,5.390142857142856,5.3907,4.598542857142858,4.521428571428571,4.489485714285714,4.506228571428571,3.4963142857142864,2.6746142857142856,2.735514285714286,2.8602142857142856,3.0737857142857146,3.1058142857142856,3.9473285714285713,5.7689571428571425,5.8179428571428575,5.773785714285714,5.947971428571428,5.4033,5.377357142857142,5.856800000000001,4.023885714285714,4.499471428571428,4.565985714285714,4.267528571428571,4.911771428571428,4.926114285714285,3.667042857142857,3.685457142857143,3.2143,3.1956428571428575,3.1509285714285715,2.5083428571428574,2.4976714285714285,2.483657142857143,2.467028571428571,2.4591285714285713,2.760142857142857,2.9754571428571426,3.5648142857142857,3.7077285714285715,3.9791142857142856,3.9964857142857144,3.9323142857142854,3.6391999999999998,3.5137571428571435,3.4929285714285716,3.3597285714285716,3.105571428571429,3.8895000000000004,4.0023285714285715,4.7883000000000004,4.745085714285715,4.156214285714285,4.153357142857143,4.194242857142856,4.182814285714286,4.302128571428571,3.5304,3.508085714285714,3.5327142857142855,3.554057142857143,3.5214571428571424,2.7426142857142857,2.5639285714285713,2.5673285714285714,2.5450857142857144,2.5463428571428572,2.5286428571428567,2.5529714285714284,2.619757142857143,2.6590285714285713,2.6403000000000003,2.6879142857142857,2.668914285714286,2.6688,2.6256571428571425,2.554542857142857,2.5152428571428564,2.554414285714286,2.558242857142857,2.5290571428571424,2.529185714285714,2.529314285714286,2.5696000000000003,2.595342857142857,2.527,2.5426571428571427,2.5718,2.5717999999999996,2.540985714285714,2.467457142857143,2.409728571428571,2.4757714285714285,2.9385285714285714,2.976057142857143,2.9869999999999997,2.9857,3.0141571428571425,3.069785714285714,2.994457142857143,2.483942857142857,2.4131,2.4162571428571433,2.4866571428571427,2.5662,2.5046142857142857,2.551885714285714,2.5519000000000003,2.6241714285714286,2.624128571428571,2.624757142857143,2.589042857142857,2.7037714285714283,2.7338857142857145,2.7611571428571433,2.7351428571428573,2.7340571428571425,2.690271428571428,2.6622714285714286,2.5965285714285713,2.587957142857143,2.595342857142857,2.545328571428571,2.564,2.8546857142857145,2.830657142857143,3.1062428571428575,3.5399285714285713,3.8238857142857148,4.249542857142857,4.249542857142857,3.966214285714286,4.009671428571428,3.7894857142857137,3.596771428571429,3.963628571428571,3.6414142857142857,3.687914285714286,4.472085714285715,4.710928571428572,5.431257142857143,5.608042857142857,5.118842857142857,5.523814285714286,5.513857142857142,4.795385714285715,4.594385714285714,3.8508,3.4050857142857147,3.4050857142857147,4.002414285714286,5.002857142857143,5.002942857142857,4.896457142857143,5.0663857142857145,5.157485714285714,5.072171428571429,4.2919285714285715,3.905928571428572,4.393971428571429,4.522971428571429,4.581428571428572,4.4749,5.182714285714285,5.576971428571428,5.058657142857143,4.868757142857143,4.942371428571429,4.835228571428571,5.945057142857142,6.634657142857143,6.1812142857142875,7.089285714285714,7.795257142857143,7.7097999999999995,8.393085714285714,8.130257142857142,6.6000571428571435,6.448185714285714,5.572557142857144,4.501014285714286,5.054628571428571,4.277171428571429,3.401728571428571,3.435314285714285,3.4121857142857146,3.1535428571428574,3.1275714285714287,2.4340857142857146,2.3297285714285714,2.3461,3.2076,3.280071428571428,3.638542857142857,3.7912571428571433,4.057314285714286,4.650714285714286,5.516957142857144,7.326314285714285,7.418942857142858,7.946028571428571,9.19072857142857,8.960571428571429,8.528971428571428,8.877314285714286,6.369000000000001,6.8746285714285715,7.122057142857143,7.0288571428571425,7.180642857142858,7.198014285714287,7.221214285714287,7.049357142857143,7.574385714285714,7.796271428571428,6.648428571428572,6.650428571428571,6.579485714285714,5.3688142857142855,5.583257142857142,4.8007,4.060899999999999,4.116271428571428,4.993857142857143,4.900342857142857,4.878814285714285,5.479685714285714,5.065757142857143,4.575057142857142,4.517114285714285,3.679242857142857,4.0556,4.0602857142857145,3.3371285714285714,3.470628571428571,3.890185714285714,3.742,3.5540285714285713,3.1776714285714287,3.3789857142857143,3.4451571428571426
87,9.2985,9.2985,6.7663,8.879199999999999,7.264825,6.6587000000000005,5.899816666666667,5.391771428571429,5.271942857142858,6.6516714285714285,6.079114285714286,7.713057142857143,7.606414285714285,7.771085714285713,7.796385714285713,7.086085714285714,6.042714285714285,5.241371428571427,3.7596857142857147,3.9686,5.496142857142857,6.1455714285714285,7.483642857142857,7.141571428571429,8.100314285714287,8.739671428571429,8.4453,7.083842857142857,7.520714285714287,6.8274,7.3741142857142865,6.909114285714286,7.132671428571429,7.302214285714287,7.198128571428571,7.202685714285713,6.44792857142857,6.7111285714285716,6.553442857142857,5.783471428571429,5.797785714285714,6.479599999999999,5.625271428571429,6.379928571428572,5.3714,5.839471428571429,5.6488571428571435,5.888014285714286,5.2581428571428575,5.0369,4.561314285714285,4.543671428571429,3.6242285714285707,3.890999999999999,3.459185714285714,4.104242857142857,4.032342857142857,3.746514285714285,3.7421,3.892528571428571,4.077271428571429,3.988242857142857,3.801285714285714,4.4836857142857145,4.665014285714285,5.046457142857142,4.895257142857142,4.605985714285715,4.6252571428571425,3.9219857142857144,3.2675428571428573,3.191657142857143,2.7899000000000003,2.7382428571428576,2.5336142857142856,2.8259,2.8497999999999997,3.0811999999999995,4.256157142857143,4.256142857142857,4.275371428571429,4.275385714285714,5.0802000000000005,5.867685714285714,5.635414285714285,4.796885714285715,4.745557142857144,5.022342857142857,5.824685714285715,5.821885714285714,5.568614285714284,5.604157142857143,5.1248,5.162857142857143,5.684228571428571,5.664642857142858,4.5801,4.8341714285714295,5.347442857142858,6.316828571428571,6.597085714285714,5.7783428571428574,5.713571428571428,5.734442857142858,7.0655857142857155,7.125771428571428,6.1501714285714275,5.813257142857144,5.937671428571429,6.007942857142857,5.999242857142856,3.9866857142857137,4.093942857142857,4.110057142857143,5.250342857142857,5.561685714285715,5.808457142857144,6.201157142857142,6.0244285714285715,5.6631857142857145,6.446257142857142,5.358585714285715,4.900228571428571,5.219742857142857,5.1167428571428575,5.117171428571429,4.772771428571429,4.403971428571429,4.404314285714286,4.393057142857144,3.048028571428571,2.7488428571428574,2.812757142857143,3.350342857142857,3.551285714285714,3.5891857142857146,4.4409,5.919128571428572,5.950499999999999,5.9044285714285705,5.4975000000000005,4.881014285714286,4.851814285714286,4.704085714285715,3.2134571428571426,3.221971428571429,3.2690714285714284,3.174071428571429,3.8444,3.8497857142857135,3.2058142857142857,3.203142857142857,3.1905142857142854,3.1928857142857145,3.1233285714285715,2.4563857142857146,2.452814285714286,2.453457142857143,2.4525857142857146,2.434657142857143,2.524142857142857,2.5922571428571426,3.021557142857143,3.0746285714285717,3.131757142857143,3.1560857142857146,3.088857142857143,2.980671428571429,2.9794000000000005,3.0290142857142857,2.9526000000000003,2.8850428571428575,3.1404571428571435,3.212914285714286,3.5265285714285715,3.5083142857142855,3.029357142857143,3.0622142857142856,3.7027285714285716,3.9983,4.180885714285714,3.9324571428571424,3.927428571428571,3.9224142857142854,3.931828571428571,3.3033142857142854,2.683642857142857,2.445557142857143,2.3487999999999998,2.3036571428571433,2.278,2.232657142857143,2.2345857142857146,2.321028571428571,2.321042857142857,2.3405857142857145,2.3478285714285714,2.373414285714286,2.3611714285714283,2.307471428571428,2.2193857142857145,2.2193857142857145,2.199857142857143,2.175414285714286,2.1130714285714287,2.105771428571429,2.107271428571429,2.1824285714285714,2.1824285714285714,2.1652142857142858,2.2252285714285716,2.262,2.280442857142857,2.2738571428571426,2.1807857142857143,2.1903285714285716,2.2472857142857143,3.013057142857143,3.0778571428571433,3.0991571428571425,3.145314285714286,3.249014285714286,3.2344000000000004,3.2041714285714287,2.405128571428571,2.3237142857142854,2.3526285714285713,2.3443428571428577,2.268042857142857,2.268042857142857,2.253442857142857,2.272585714285714,2.344457142857143,2.351685714285714,2.3947857142857143,2.4814000000000003,2.572257142857143,2.673442857142857,2.673428571428572,2.608128571428572,2.5733,2.526085714285714,2.458585714285714,2.401471428571429,2.3473571428571427,2.361542857142857,2.361942857142857,2.3636714285714286,2.5000571428571425,2.5007857142857146,2.7723714285714287,3.0306428571428574,3.5301142857142858,4.218371428571428,4.2175714285714285,4.0945285714285715,4.128271428571429,3.933871428571429,3.730471428571429,3.589171428571429,2.933214285714286,2.9665571428571424,3.776214285714286,3.7966428571428574,4.103585714285714,4.419528571428572,4.858657142857143,5.321114285714286,5.275042857142857,4.616485714285714,4.648185714285715,4.332828571428571,3.9619857142857144,3.2279428571428572,3.8461,4.657357142857143,5.079171428571428,4.960985714285714,4.979100000000001,5.638114285714286,5.658185714285715,4.870685714285714,5.1054571428571425,4.685900000000001,5.024128571428571,5.0261571428571425,4.360557142857143,4.985585714285714,4.963514285714285,4.223542857142857,4.663085714285715,4.589814285714287,4.628728571428572,6.030900000000001,6.6369,6.511099999999999,7.302028571428571,7.793342857142856,7.6335,8.317514285714285,7.672457142857143,6.31222857142857,6.2473142857142845,5.390171428571428,4.311914285714286,4.6543,3.910471428571429,3.1646571428571426,3.188157142857143,3.1136285714285714,2.841028571428572,2.839142857142857,2.4019285714285714,2.3390999999999997,2.4928999999999997,3.4591000000000003,3.603971428571429,3.9899714285714287,4.361614285714286,4.400328571428571,4.5793857142857135,5.224200000000001,6.801128571428571,6.941657142857143,7.591328571428571,8.299728571428572,8.2998,8.278614285714287,8.49687142857143,6.125000000000001,6.472142857142857,6.503514285714286,6.658142857142857,6.824914285714287,6.834571428571429,6.620914285714286,6.443399999999999,7.070742857142856,7.299785714285714,6.212557142857143,6.174671428571429,6.1098,5.3448142857142855,5.5676,4.743557142857143,3.9984571428571427,4.0125714285714285,4.676814285714285,4.562314285714286,4.499428571428571,5.101642857142857,4.6398,4.093057142857143,3.907428571428571,3.2817142857142856,3.6424857142857143,3.6424857142857143,2.8252857142857146,3.0339428571428573,3.661885714285714,3.661871428571428,3.470357142857143,3.1095714285714284,3.318228571428571,3.4568857142857143
88,8.0284,8.0284,6.526,7.9737,6.6227,6.0893,5.4315,5.010342857142858,5.236757142857143,6.6014285714285705,6.327242857142857,8.148771428571429,8.119,8.348285714285714,8.3642,7.602457142857143,6.591814285714286,5.749128571428572,4.0958000000000006,4.463314285714286,5.940599999999999,6.772985714285715,9.203657142857143,8.743585714285715,9.745514285714284,10.307057142857143,9.840114285714284,8.55917142857143,8.499085714285714,6.599871428571428,7.135142857142857,6.498557142857144,6.5476,6.738700000000001,6.553485714285714,6.914014285714286,6.361514285714286,6.360514285714286,6.280714285714285,5.7396714285714285,6.258557142857143,6.857957142857144,5.959271428571429,6.51167142857143,5.793442857142857,6.556285714285714,6.334471428571428,6.03632857142857,5.495214285714285,5.2889285714285705,5.291857142857142,5.301771428571429,4.225257142857143,4.242185714285714,4.064185714285714,4.012228571428572,3.929485714285715,3.191842857142857,3.1624857142857143,3.5725428571428566,4.886814285714285,4.611085714285714,5.388799999999999,5.780142857142857,5.968314285714286,6.509585714285714,6.2881285714285715,4.997228571428572,4.953357142857143,4.2192,3.861771428571429,4.411657142857143,3.834171428571428,3.5750571428571427,3.5150857142857146,3.7361857142857144,3.5658142857142856,3.9679571428571427,4.204585714285714,4.196,4.3048,4.304814285714286,5.16557142857143,5.885857142857143,5.505985714285715,5.139685714285713,5.079171428571428,5.295299999999999,6.0127999999999995,5.727028571428571,5.535842857142856,5.513599999999999,4.8465,4.893657142857143,5.707714285714286,5.547928571428571,4.749614285714286,4.941285714285714,5.423228571428571,6.599000000000001,6.779114285714286,5.642657142857142,6.94602857142857,7.327771428571428,9.41692857142857,9.199914285714286,8.0241,7.782400000000001,7.8144285714285715,6.736728571428571,6.36757142857143,3.7746142857142857,4.3067142857142855,4.532442857142857,5.616528571428572,5.631685714285715,5.850700000000001,6.1272,5.772714285714286,5.802,6.418614285714286,5.350357142857143,5.2677,5.200642857142857,5.290557142857142,5.290399999999999,4.418642857142857,4.373399999999999,4.373399999999999,4.357499999999999,3.6170714285714283,3.212585714285715,3.246771428571429,4.696185714285714,4.179485714285714,4.219842857142857,4.737057142857142,5.9781571428571425,5.9998,5.981542857142857,4.6793571428571425,4.411314285714285,4.410728571428572,5.163785714285715,3.732385714285715,3.8595714285714284,3.898028571428572,3.808328571428572,4.038628571428572,4.051842857142857,2.850514285714286,2.8286714285714285,2.716371428571428,2.7192000000000003,2.6523714285714286,2.363585714285714,2.3001142857142858,2.246157142857143,2.2431857142857146,2.2422714285714287,2.2610428571428574,2.3305857142857143,2.5938000000000003,2.653914285714286,2.8054857142857146,2.8161857142857145,2.752,2.691042857142857,2.669642857142857,2.4748571428571426,2.4091142857142853,2.257542857142857,2.7319,2.7591,3.1698285714285714,3.1785428571428573,3.1499428571428574,3.2049285714285713,3.6088,3.686628571428571,3.7301428571428565,3.3878,3.3530571428571427,3.3618714285714284,3.3787428571428566,3.0339142857142853,2.4160142857142857,2.339528571428571,2.255857142857143,2.226842857142857,2.215185714285714,2.1576714285714287,2.133557142857143,2.1492428571428577,2.154628571428572,2.169057142857143,2.1834714285714285,2.162042857142857,2.162042857142857,2.1262857142857143,2.1159285714285714,2.1249857142857143,2.125,2.1107,2.0799714285714286,2.0800428571428573,2.071,2.130342857142857,2.1159285714285714,2.1015714285714284,2.1846714285714284,2.2368999999999994,2.2367999999999997,2.2310285714285714,2.1658999999999997,2.1654714285714283,2.219185714285714,2.4538,2.4863571428571434,2.525742857142857,2.604214285714286,2.7070000000000003,2.7190857142857143,2.6769857142857143,2.384528571428571,2.311328571428571,2.2692142857142854,2.202785714285714,2.1866857142857143,2.1747,2.1747142857142854,2.1610571428571426,2.251785714285714,2.330285714285714,2.330342857142857,2.3221428571428575,2.424842857142857,2.5212000000000003,2.534871428571428,2.4441428571428574,2.4320142857142857,2.4845,2.460185714285714,2.411585714285714,2.360042857142857,2.389828571428571,2.4692285714285718,2.483285714285714,2.5605,2.5512000000000006,2.609314285714286,2.664414285714286,2.9219,3.0363571428571428,2.9703714285714287,2.9101285714285714,2.891685714285714,2.8913857142857142,2.882557142857143,2.627342857142857,2.4770142857142856,2.5442428571428573,3.2360571428571427,3.301085714285714,4.083357142857143,4.321485714285714,4.976814285714285,5.547114285714285,5.4657857142857145,4.931414285714285,4.966500000000001,4.186857142857143,3.960185714285714,3.6480857142857137,4.028528571428572,4.749871428571429,4.629742857142857,4.514442857142857,4.695257142857143,5.03757142857143,4.768185714285714,3.9596142857142858,4.232171428571428,4.353942857142857,5.151585714285714,5.713957142857143,5.317814285714285,5.919885714285714,5.919885714285714,5.771385714285715,5.868614285714286,5.8511999999999995,5.331257142857142,6.559414285714285,6.969171428571428,6.9083428571428565,7.194057142857143,7.999699999999999,7.249357142857143,7.769285714285713,6.867057142857143,5.734771428571428,5.729585714285714,4.937600000000001,3.8469857142857147,3.9595857142857147,3.2258714285714283,2.8711999999999995,2.891985714285714,2.8400857142857143,2.5070142857142854,2.5339428571428573,2.4187714285714286,2.3332,2.668942857142857,3.722757142857143,3.8912714285714287,4.552357142857143,4.720871428571429,4.746942857142857,5.326228571428572,5.817671428571428,7.806514285714286,8.426128571428572,8.614557142857143,9.482157142857144,9.497371428571428,9.100771428571429,9.335657142857142,6.482185714285714,6.5628714285714285,6.839842857142857,7.065785714285716,7.241485714285716,7.264985714285714,7.065900000000001,6.906014285714286,6.795742857142857,7.0335857142857146,5.908828571428572,5.907571428571429,5.738571428571428,5.097814285714286,5.290785714285714,4.793057142857143,4.094957142857143,4.158857142857142,5.384628571428571,5.459614285714286,5.460971428571428,6.335157142857144,6.104457142857143,5.456271428571428,5.250914285714286,4.025142857142858,4.607257142857144,4.427328571428572,3.4428142857142854,3.6122,4.062271428571429,4.062285714285715,3.8837000000000006,3.2266000000000004,3.409885714285714,3.507042857142857
89,11.0866,11.0866,8.0518,8.701133333333333,7.20395,6.634780000000001,5.884883333333334,5.3970142857142855,4.910228571428571,6.617071428571429,6.3315,7.721485714285714,7.5707571428571425,7.793999999999999,7.842071428571427,7.352557142857142,6.245214285714285,5.630542857142856,4.445685714285714,4.5906714285714285,6.072657142857143,7.0085428571428565,8.565057142857142,8.395557142857143,10.30862857142857,10.552200000000001,10.462428571428571,9.474157142857143,9.5096,8.437828571428572,7.9169285714285715,6.6185857142857145,7.3393,7.417257142857143,6.945657142857143,7.117299999999999,6.499171428571429,7.0195,6.613685714285714,5.779342857142857,6.945799999999999,7.764585714285714,6.824085714285714,7.496114285714285,6.783242857142857,7.3825714285714295,7.047085714285714,5.885628571428572,5.6592714285714285,5.460885714285714,5.596185714285715,5.576357142857143,4.644785714285715,4.660400000000001,5.482228571428572,5.376857142857142,5.311285714285715,4.3692714285714285,4.634714285714287,5.375871428571429,6.140085714285715,5.115885714285715,5.779800000000001,6.586671428571429,6.867442857142857,8.3064,8.306557142857143,7.511642857142858,7.4584,6.128985714285714,5.3461,5.8686428571428575,4.100071428571429,3.290914285714286,3.2834857142857143,3.5739000000000005,3.8347,4.179428571428572,4.1826,4.190957142857143,4.532814285714286,4.524500000000001,5.2476714285714285,5.760814285714285,5.407457142857143,4.951728571428572,4.895171428571429,4.823514285714286,5.746185714285714,5.520885714285714,5.520885714285714,5.512099999999999,5.1608285714285715,5.205742857142858,6.1313571428571425,5.888042857142858,5.084257142857143,5.257585714285715,6.023385714285714,7.207714285714284,7.310642857142858,6.116642857142857,7.291914285714285,7.608957142857143,9.608885714285716,8.946057142857143,7.7408,7.579885714285714,7.599500000000001,6.440328571428572,6.102385714285715,3.2615857142857143,3.6214000000000004,4.116357142857143,5.256928571428572,5.222700000000001,5.273414285714286,5.683728571428572,5.493414285714286,5.695142857142857,6.200385714285715,5.093814285714285,5.0766285714285715,5.367114285714286,5.362128571428571,5.362799999999999,4.659457142857143,4.1327,4.117842857142857,4.099457142857142,3.151485714285714,2.807271428571429,2.8467,3.682414285714285,3.2668142857142857,3.3134142857142854,3.5245714285714285,4.5081428571428575,4.436185714285714,4.415171428571428,3.772271428571428,3.770057142857143,3.7679857142857145,5.072157142857143,4.017328571428572,4.089300000000001,4.135471428571429,3.988814285714285,4.1011,4.102714285714285,2.6519142857142852,2.6315571428571425,2.6111571428571425,2.5963142857142856,2.5310285714285716,2.333142857142857,2.267885714285714,2.2165142857142857,2.188785714285714,2.1680571428571427,2.188514285714285,2.2822285714285715,2.4416857142857142,2.4717857142857147,2.602242857142857,2.5785714285714287,2.543757142857143,2.5016571428571432,2.421828571428571,2.355971428571429,2.325871428571429,2.181557142857143,2.261242857142857,2.296328571428571,2.677942857142857,2.724471428571429,2.6813285714285713,2.6952142857142856,3.0129714285714284,3.3585571428571432,3.3811571428571425,3.052785714285714,3.0079285714285713,3.0133,3.032514285714286,2.7706142857142857,2.3374142857142854,2.2648,2.182957142857143,2.1676,2.1274,2.109857142857143,2.0697,2.0807142857142855,2.086457142857143,2.1018142857142856,2.1018,2.1017571428571427,2.1017571428571427,2.101585714285714,2.1001714285714286,2.1098142857142856,2.1002,2.100214285714286,2.0575857142857146,2.059057142857143,2.059071428571429,2.1672714285714285,2.1576285714285715,2.1519714285714286,2.176857142857143,2.2598,2.2583142857142855,2.2465,2.122242857142857,2.1267857142857145,2.149557142857143,2.521785714285714,2.5525285714285713,2.591528571428572,2.627185714285715,2.6507,2.6507285714285715,2.638271428571428,2.2804285714285712,2.2043142857142857,2.160285714285714,2.1314,2.1188857142857147,2.1188571428571428,2.1187714285714287,2.0909142857142857,2.103657142857143,2.1942,2.1942,2.1942142857142857,2.287057142857143,2.3646,2.3635142857142855,2.3507857142857143,2.2986857142857144,2.2986714285714283,2.3371142857142857,2.320857142857143,2.3247,2.3611571428571425,2.3877142857142855,2.342057142857143,2.8651142857142857,2.8530857142857142,2.876985714285714,2.8960999999999997,3.1454857142857144,3.2265285714285716,3.2339857142857142,2.710171428571428,2.689442857142857,2.6644857142857146,2.9583714285714287,2.7621714285714285,2.6910857142857147,2.7274,3.049285714285714,3.0541428571428573,3.5966285714285715,3.523357142857143,3.6925571428571433,3.9771571428571426,3.939828571428571,3.797414285714286,3.8903571428571424,3.3758142857142857,3.155785714285714,3.743657142857143,4.303414285714285,5.187828571428571,5.123128571428572,5.0222,5.342142857142858,5.904700000000001,5.188614285714286,4.642114285714285,4.6990285714285704,4.714271428571429,5.559100000000001,5.983057142857143,5.3547,5.988828571428571,5.778928571428571,5.076999999999999,7.101942857142857,7.1019571428571435,6.787657142857142,8.155357142857143,8.595671428571427,8.609457142857142,9.503942857142857,8.482871428571428,7.653299999999999,7.966057142857141,7.410457142857142,6.31387142857143,6.304857142857142,5.564314285714286,5.080828571428571,5.273085714285715,4.486671428571428,3.6622,3.613114285714286,3.5397571428571433,3.151542857142857,2.5578142857142856,2.4056428571428574,2.3674,3.2464000000000004,4.2584285714285715,4.486514285714286,5.574142857142857,5.740899999999999,5.72612857142857,6.625342857142856,6.580957142857143,8.13537142857143,8.922828571428571,8.806857142857144,9.492242857142857,9.671771428571429,8.974042857142857,9.096528571428571,6.672485714285713,6.217042857142856,6.374499999999999,6.411885714285716,6.4113999999999995,6.392971428571428,6.562814285714286,6.41487142857143,6.881928571428571,7.654042857142857,6.974685714285713,7.0250571428571424,7.058385714285714,6.696057142857143,6.9869,6.149957142857143,4.858199999999999,4.999871428571429,5.7713142857142845,5.813557142857142,5.382571428571429,6.247685714285715,6.055414285714286,5.679157142857143,5.340385714285714,4.367242857142857,5.046785714285714,4.927814285714286,3.9641000000000006,4.1596142857142855,4.331928571428572,4.3319857142857146,4.4987,3.682857142857143,3.7201285714285715,3.7215428571428575
90,9.5288,9.5288,7.2739,7.5250666666666675,6.629550000000001,6.177020000000001,5.524716666666667,5.11417142857143,4.960185714285714,6.703428571428572,6.500142857142857,7.309414285714285,7.283242857142858,7.490371428571429,7.642085714285714,7.043557142857142,6.761385714285715,6.436,5.812485714285714,5.823542857142857,6.965128571428571,7.807385714285714,8.824442857142857,8.077685714285714,9.788857142857143,10.158657142857143,10.029285714285717,9.82977142857143,9.80877142857143,9.329757142857144,8.516542857142857,6.669542857142858,6.696557142857143,6.688885714285715,5.762185714285715,5.749957142857142,5.038514285714286,6.058999999999999,6.297914285714286,5.755985714285714,7.549657142857143,8.149657142857142,7.412228571428571,8.1227,6.910757142857142,7.967199999999999,7.708842857142857,6.047385714285714,6.3890714285714285,6.194371428571428,6.6425,6.623171428571429,5.244642857142857,5.2880714285714285,6.115728571428571,5.345771428571429,5.373785714285714,4.114242857142857,4.576657142857143,5.328028571428571,5.715685714285714,4.5933142857142855,5.810471428571428,6.736428571428571,7.039728571428571,7.315928571428572,7.533442857142857,7.113014285714286,7.148671428571428,5.578514285714285,4.581771428571429,5.090271428571429,4.298885714285715,3.2726,3.3166571428571427,3.765014285714286,4.039285714285714,4.628771428571428,4.705928571428571,4.693128571428572,5.117971428571429,5.106114285714285,5.744857142857143,6.252257142857142,5.639971428571429,4.941742857142857,4.902557142857143,4.818757142857143,5.576514285714285,4.8225428571428575,4.8225428571428575,4.827285714285714,4.642457142857142,4.681385714285716,5.832057142857143,5.825685714285716,5.484171428571429,5.484157142857143,6.283871428571429,7.219842857142858,7.238657142857144,5.75477142857143,5.454014285714286,5.800757142857144,6.691371428571428,5.966714285714285,5.026928571428572,4.954700000000001,4.965471428571428,4.806957142857144,4.426242857142857,2.7781857142857143,3.2159857142857144,3.416671428571429,5.359514285714286,5.301700000000001,5.238442857142857,5.818528571428572,5.717871428571429,6.001357142857143,6.9722,5.0445,5.0454857142857135,6.004328571428571,5.750500000000001,5.750571428571429,4.910942857142857,4.025385714285714,4.025485714285714,4.026628571428572,2.8062,2.5507571428571434,2.5658142857142856,3.558671428571429,3.3000285714285718,3.362757142857143,3.838142857142858,4.502485714285714,4.470528571428572,4.4705,3.6350000000000002,3.619957142857143,3.5953000000000004,3.4503999999999997,2.7755,2.8039571428571426,2.804,2.6862,2.7879714285714288,2.7753000000000005,2.4434285714285715,2.461457142857143,2.4697428571428572,2.4972,2.4427714285714286,2.280542857142857,2.240185714285714,2.241014285714286,2.181885714285714,2.107842857142857,2.146485714285714,2.2230142857142856,2.3234,2.3789857142857143,2.4636,2.4636142857142858,2.4651,2.4177714285714282,2.3569428571428572,2.3650999999999995,2.3094571428571427,2.2249285714285714,2.310785714285714,2.3093428571428576,2.4466428571428573,2.5074571428571426,2.456057142857143,2.4718142857142857,2.841957142857143,2.9027428571428575,2.960657142857143,2.8900285714285716,2.8327428571428572,2.8390857142857135,2.9060142857142854,2.5577285714285716,2.3956714285714287,2.3222714285714288,2.222257142857143,2.2033,2.157542857142857,2.0942000000000003,2.118414285714286,2.2093714285714285,2.2159142857142853,2.2332714285714284,2.2332428571428564,2.233228571428571,2.2316142857142856,2.1874285714285713,2.1153999999999997,2.1871714285714288,2.176271428571429,2.176414285714286,2.1590857142857147,2.160914285714286,2.1609142857142856,2.201628571428571,2.136314285714286,2.1472857142857142,2.1844714285714284,2.288185714285714,2.2863571428571428,2.2678857142857143,2.207185714285714,2.2043142857142857,2.2356571428571423,2.7447714285714286,2.727314285714286,2.7587571428571427,2.7824714285714287,2.8005,2.800442857142857,2.7617714285714285,2.2753,2.211642857142857,2.172842857142857,2.1672857142857143,2.1603285714285714,2.1575428571428574,2.157442857142857,2.108685714285714,2.1090142857142857,2.153057142857143,2.1460142857142857,2.1471285714285715,2.2266857142857144,2.3220285714285716,2.3209000000000004,2.3079285714285716,2.3100857142857145,2.3100714285714288,2.347757142857143,2.3487,2.329014285714286,2.355657142857143,2.367028571428572,2.313514285714285,2.492771428571429,2.480571428571429,2.511342857142857,2.6123714285714286,3.191057142857143,3.2726571428571427,3.2912857142857144,3.1112428571428565,3.0847857142857147,3.0685857142857142,3.041471428571428,2.5059857142857145,2.448685714285715,2.473,3.3204285714285713,3.3316857142857144,4.1746428571428575,4.204299999999999,4.220657142857143,4.799642857142857,4.763228571428571,4.095842857142857,4.188171428571429,3.356642857142858,3.2789571428571427,4.039385714285714,4.271657142857143,5.1389571428571434,5.039957142857142,4.936914285714286,5.021985714285715,5.5765,4.852200000000001,4.472728571428571,4.472714285714285,4.7520999999999995,5.079928571428572,5.738057142857143,5.0961,5.629842857142857,5.266185714285713,4.627185714285715,6.421585714285714,6.94,6.959328571428571,8.077871428571429,8.554442857142858,8.57077142857143,9.377057142857144,8.355657142857144,7.601842857142858,7.7693571428571415,7.483628571428571,6.473314285714286,6.475514285714286,5.832442857142857,4.821557142857143,4.841728571428571,3.9212428571428575,3.1175428571428574,3.051271428571429,2.9882714285714287,2.602657142857143,2.5402285714285715,2.4888714285714286,2.434885714285715,3.398557142857143,4.237871428571428,4.640042857142857,5.768457142857143,5.9351,5.895942857142858,6.698442857142857,6.5884285714285715,7.8464857142857145,8.550214285714286,8.554514285714285,9.341457142857141,9.522671428571428,8.8636,9.016485714285714,6.925085714285714,5.985828571428571,6.160457142857142,6.255085714285714,6.276000000000001,6.276000000000001,6.576185714285715,6.568271428571428,8.059428571428572,8.415528571428572,7.594357142857143,7.757514285714286,7.763657142857143,6.938128571428572,7.131714285714287,5.4870285714285725,4.176442857142857,4.165242857142856,4.957314285714285,5.021328571428571,4.769785714285713,6.365714285714286,6.3473999999999995,6.237128571428572,5.989714285714286,5.0022714285714285,5.660657142857143,5.441885714285715,3.6260285714285714,3.8212714285714284,3.8630714285714283,3.9046857142857143,3.9871714285714286,3.294157142857143,3.4109285714285713,3.6560428571428565
91,21.4751,21.4751,12.82675,9.999133333333333,8.4179,7.469119999999999,6.5796166666666664,6.000828571428571,4.079557142857142,5.935771428571428,6.064628571428571,7.071971428571429,7.9189,8.088585714285713,8.126985714285714,7.454671428571428,5.989328571428571,5.714142857142858,4.813957142857143,4.047671428571428,5.182842857142857,6.1551,8.685842857142857,9.129257142857142,11.115471428571428,11.571628571428572,11.313214285714285,11.64307142857143,11.57012857142857,9.734942857142856,9.147385714285715,7.278200000000003,7.332714285714288,7.392928571428572,5.877185714285715,5.723871428571428,5.043457142857143,5.446557142857143,5.454414285714286,4.910857142857142,6.7233285714285715,7.442442857142857,6.865657142857143,7.518957142857142,6.602899999999999,7.8614428571428565,7.5929714285714285,5.9764285714285705,5.541114285714286,5.386814285714286,6.4493,6.5131571428571435,5.050028571428571,5.113814285714285,5.9225,5.922471428571429,5.9025285714285705,4.010257142857143,4.829028571428572,5.563128571428571,5.672128571428571,4.562771428571429,5.001657142857143,6.102685714285713,7.140999999999999,7.0436571428571435,7.114114285714286,6.957185714285715,7.0077,6.2210857142857146,5.686685714285714,5.416471428571428,4.644785714285715,3.7798714285714285,3.7959857142857136,4.3011857142857135,4.413114285714285,4.145042857142857,4.258957142857143,4.250442857142857,4.6489142857142856,4.852942857142857,5.426214285714286,6.372428571428571,6.015099999999999,5.31752857142857,5.282357142857143,5.692414285714285,6.271557142857143,5.409599999999999,5.137685714285714,5.1521,5.004657142857143,5.054228571428571,5.913928571428571,5.8103,5.581314285714286,5.582299999999999,6.378942857142856,7.175800000000001,7.175757142857143,5.543142857142856,4.984285714285714,5.377714285714285,6.133157142857143,5.349871428571428,4.527928571428571,4.483257142857143,4.675942857142857,5.0712142857142855,4.642685714285714,3.280014285714286,4.0633,4.7324,5.7997,5.542728571428571,5.3223,5.4871428571428575,5.236057142857143,5.232057142857143,5.740542857142858,4.671928571428571,4.686,5.1957571428571425,5.246042857142856,5.245871428571429,4.407185714285714,3.6988999999999996,3.733157142857143,3.7192714285714286,2.9107714285714286,2.7652285714285716,2.781057142857143,3.8290714285714285,3.822228571428571,3.8535428571428567,4.0521142857142864,4.919314285714286,4.911671428571429,4.911642857142858,3.9207285714285716,3.479128571428571,3.4531428571428564,3.6633285714285715,2.7408142857142854,2.7478714285714285,2.7479,2.7365,2.740585714285714,2.7406000000000006,2.3302857142857145,2.376,2.376428571428572,2.4011142857142858,2.3394857142857144,2.2778714285714288,2.2223571428571427,2.2215,2.174942857142857,2.103271428571429,2.1478571428571427,2.225228571428571,2.3261714285714286,2.379414285714286,3.2011714285714286,3.2011714285714286,3.218771428571429,3.1661428571428574,3.103828571428571,3.1008857142857145,3.047657142857143,2.2259285714285713,2.3095428571428576,2.3094714285714284,2.4497714285714283,2.508942857142857,2.474457142857143,2.4894857142857143,3.0837285714285714,3.0897714285714284,3.1277142857142857,3.0202999999999998,2.962942857142857,2.9352000000000005,2.989842857142857,2.416328571428571,2.3119,2.2478000000000002,2.182557142857143,2.1659714285714284,2.147071428571429,2.113171428571429,2.113114285714286,2.2019571428571427,2.2019714285714285,2.202,2.201985714285714,2.202,2.183057142857143,2.164157142857143,2.1320714285714284,2.2005142857142856,2.206757142857143,2.206871428571428,2.190314285714286,2.232485714285714,2.232485714285714,2.2325142857142857,2.1641285714285714,2.1745714285714284,2.234742857142857,2.3412714285714284,2.3006571428571427,2.2946714285714287,2.241257142857143,2.246857142857143,2.271,2.792614285714286,2.772671428571429,2.8158000000000003,2.8288285714285712,2.8491285714285715,2.847928571428571,2.8177285714285714,2.291842857142857,2.2669428571428574,2.2163142857142857,2.2164428571428574,2.203357142857143,2.2035285714285715,2.1921857142857144,2.1599,2.1160428571428573,2.1295142857142855,2.1163714285714286,2.123542857142857,2.2139857142857142,2.3219142857142856,2.3088142857142855,2.317585714285715,2.317142857142857,2.3571285714285715,2.3900285714285716,2.395157142857143,2.3766,2.3893285714285715,2.386414285714286,2.3731999999999998,2.4899857142857136,2.462671428571429,2.4716142857142858,2.7187999999999994,3.2719428571428573,3.352685714285714,3.3658857142857137,3.2089571428571424,3.1971285714285713,3.211185714285715,3.179428571428572,2.681014285714286,2.6169000000000002,2.6433714285714283,3.4899428571428572,3.5020999999999995,4.051785714285714,3.799685714285714,3.8340999999999994,4.319171428571428,4.279514285714285,4.008871428571429,4.524114285714286,3.963142857142858,4.027057142857143,4.588071428571429,4.9197,5.802671428571429,5.266842857142857,4.738471428571429,4.774242857142858,5.754242857142857,5.211985714285714,5.152671428571429,5.147728571428571,5.3136857142857155,5.929542857142858,6.632742857142858,5.560757142857143,6.286557142857143,5.614300000000001,4.966114285714286,6.913814285714286,6.9693,7.000500000000001,8.119371428571428,8.405085714285715,8.4589,9.234585714285714,8.213128571428571,8.342628571428572,8.470414285714286,8.34367142857143,7.330114285714286,7.3485571428571435,6.945571428571428,6.263271428571429,5.510757142857144,4.622614285714286,3.6654857142857145,3.743542857142857,3.6454428571428568,3.0469857142857144,2.6527571428571433,2.660085714285714,2.5984000000000003,3.5885571428571432,4.239128571428572,4.507214285714285,5.350485714285715,5.509385714285714,5.4745,6.266128571428571,6.446857142857143,7.2776571428571435,8.9799,8.89042857142857,9.621428571428572,9.767128571428573,9.142271428571428,8.970028571428571,7.334857142857143,5.865457142857143,6.481214285714286,6.3829142857142855,6.357185714285714,6.332942857142856,6.220999999999999,6.383114285714286,7.58292857142857,7.410400000000001,6.999814285714287,7.179857142857144,7.089328571428573,6.7472,6.786557142857143,5.062900000000001,4.516742857142857,4.324428571428571,5.164928571428571,5.300314285714285,4.977785714285714,6.790942857142857,6.749957142857142,6.325057142857143,6.104642857142857,5.187714285714286,5.741728571428572,5.496485714285714,3.464085714285715,3.6832857142857143,3.7257285714285717,3.766228571428571,3.792242857142857,3.221457142857143,3.2998,3.504642857142857
92,13.3697,13.3697,8.2564,6.927966666666666,6.1412249999999995,5.54158,4.975666666666666,4.615928571428571,3.6843714285714286,5.918842857142857,5.9230857142857145,6.645328571428572,7.624857142857144,7.825514285714286,7.866985714285716,7.306971428571428,5.331671428571427,5.135642857142857,5.0039,4.170599999999999,5.396828571428571,6.1470714285714285,8.497285714285713,9.310828571428571,11.505828571428571,11.4598,11.215614285714285,10.990528571428571,10.99382857142857,9.526142857142856,8.608842857142857,6.41387142857143,6.109342857142858,6.230514285714286,5.1608285714285715,4.903671428571428,4.202985714285714,5.0271,5.108714285714286,4.933957142857143,6.800285714285715,7.5044571428571425,7.217842857142857,7.523071428571429,6.430057142857144,7.953457142857142,7.731557142857143,5.998314285714286,5.575357142857143,5.362414285714286,6.716728571428571,6.770614285714287,5.155071428571429,5.170614285714286,5.964414285714286,5.964371428571428,5.910628571428572,3.9668285714285716,4.7519285714285715,5.486957142857142,5.522314285714286,4.423814285714285,5.179314285714286,6.647942857142858,7.714142857142856,7.772114285714286,7.799057142857143,7.698928571428572,7.732542857142856,6.591385714285715,5.149785714285715,4.843242857142857,3.9365999999999994,3.0903285714285715,3.1401714285714286,3.277685714285714,3.345285714285714,3.9295,3.9990285714285716,3.9990571428571426,4.374014285714286,5.1329142857142855,5.806385714285715,6.549714285714287,5.926357142857143,5.183057142857144,5.154514285714286,5.382585714285715,5.4109,4.606257142857143,4.849085714285715,4.872942857142858,4.813899999999999,4.860414285714286,6.1314142857142855,6.000342857142857,5.997142857142857,5.7191857142857145,6.518185714285714,7.321728571428571,7.290628571428572,5.499642857142858,4.920471428571427,5.4228000000000005,7.625871428571429,6.8343,6.0083,6.005771428571429,6.284985714285716,6.525214285714286,5.988785714285713,3.8220428571428573,4.311871428571428,5.137871428571428,6.259728571428572,5.8771571428571425,5.746699999999999,5.847200000000001,4.989042857142856,5.287114285714286,5.992214285714285,4.862557142857143,4.861714285714286,4.937485714285715,5.049328571428572,5.049214285714286,4.2089428571428575,3.2869999999999995,3.3389999999999995,3.329999999999999,3.114685714285714,3.351257142857143,3.3656285714285716,3.546257142857143,3.4205714285714284,3.4674142857142862,4.269042857142857,4.744328571428572,4.352914285714286,4.352885714285715,4.224000000000001,3.7680285714285717,3.706842857142857,2.977671428571429,2.3735571428571425,2.4478142857142857,2.4335,2.427185714285714,2.4271428571428575,2.4272,2.363742857142857,2.4091857142857145,2.3658,2.4301142857142857,2.3710999999999998,2.3120857142857147,2.260814285714286,2.265957142857143,2.2256571428571426,2.122871428571428,2.2017571428571427,2.2882142857142855,2.428442857142857,2.4947142857142857,2.6872857142857143,2.709171428571429,2.7497857142857143,2.647442857142857,2.5797,2.526457142857143,2.478885714285714,2.298114285714285,2.374557142857143,2.352814285714286,2.5243285714285717,2.592057142857143,2.5782,2.579657142857143,3.4030857142857145,3.5013,3.608042857142857,3.4712285714285716,3.400414285714286,3.3818000000000006,3.4180857142857137,2.5898428571428567,2.3916571428571425,2.271557142857143,2.2123285714285714,2.196285714285714,2.1573857142857142,2.1553285714285715,2.1971714285714286,2.2856285714285716,2.285671428571429,2.2695857142857143,2.2695142857142856,2.2695285714285713,2.230714285714286,2.178757142857143,2.1448,2.2108857142857143,2.216942857142857,2.217,2.201042857142857,2.2183,2.2743571428571427,2.2356,2.1795428571428572,2.1896714285714287,2.2240142857142855,2.3468428571428572,2.3856428571428574,2.3232285714285714,2.2929999999999997,2.2877,2.3182714285714283,2.843657142857143,2.8057857142857148,2.817814285714286,2.829857142857143,2.848642857142857,2.8476571428571424,2.810742857142857,2.327128571428571,2.315857142857143,2.2414857142857145,2.241828571428571,2.2297285714285713,2.2297857142857143,2.219157142857143,2.164814285714286,2.1018,2.1295714285714284,2.1172,2.1180857142857143,2.2101285714285717,2.3143142857142855,2.3022142857142858,2.301157142857143,2.279985714285714,2.2799857142857145,2.316114285714286,2.3176142857142854,2.3122000000000003,2.310928571428571,2.342428571428571,2.3286142857142855,2.645814285714286,2.632071428571429,2.709942857142857,2.938914285714286,3.325957142857143,3.3805571428571426,3.397271428571429,3.0786714285714285,3.0549285714285714,3.020442857142857,3.139528571428571,2.8268999999999997,2.7722714285714285,2.8350428571428568,3.6108857142857143,3.674557142857143,4.678857142857142,4.265928571428572,4.276542857142857,4.7113,4.637585714285714,4.0346714285714285,4.288642857142858,3.2475857142857136,3.3238857142857134,4.305314285714286,4.686371428571428,5.5531,5.3942,5.077185714285713,5.232385714285714,6.551242857142857,5.5876285714285725,5.459171428571429,5.4707,5.577185714285714,6.271471428571429,6.892128571428572,5.486342857142858,6.041642857142857,5.439357142857142,5.056171428571427,6.070057142857143,5.705128571428572,5.902842857142857,6.819657142857143,7.200957142857143,7.2035285714285715,9.296985714285714,9.296985714285714,9.086557142857144,8.971171428571429,8.725514285714286,7.803885714285713,7.867399999999999,5.737914285714285,5.247085714285714,5.202457142857142,4.360757142857143,3.720928571428572,3.6484857142857146,3.515171428571428,3.0606428571428568,2.4678,2.4426428571428573,2.3751714285714285,3.3523428571428573,3.837757142857143,4.004714285714285,4.767728571428571,4.934671428571428,4.903471428571428,5.881942857142858,6.071114285714286,6.9087000000000005,8.525314285714286,8.488057142857143,9.097414285714287,9.276942857142858,8.429471428571429,7.844757142857142,6.495800000000001,4.879185714285714,6.205114285714286,6.0585571428571425,5.9862714285714285,5.999414285714286,5.8142000000000005,5.8478714285714295,7.598457142857143,6.780742857142856,6.544928571428571,6.741485714285714,6.642785714285714,6.845685714285714,7.026499999999999,5.111457142857143,4.229228571428571,4.0186,5.470471428571429,5.6216857142857135,5.2545142857142855,6.855728571428571,6.830514285714285,6.576514285714286,6.3692714285714285,4.899571428571428,5.515771428571428,5.2661428571428575,3.4840571428571434,3.7063857142857146,3.991271428571428,4.032271428571429,3.9608,3.3425142857142864,3.487328571428572,3.680171428571428
93,10.2323,10.2323,7.205500000000001,6.189866666666667,5.367,4.91338,4.472083333333333,4.174114285714285,3.6511428571428572,5.752114285714286,6.473257142857143,7.204671428571428,8.127571428571429,8.214042857142859,8.25677142857143,7.802728571428572,5.784242857142857,4.804200000000001,4.656557142857143,3.7757285714285715,4.796014285714286,5.117585714285714,6.8517,7.602657142857142,9.70322857142857,9.370842857142858,9.224285714285715,9.3452,9.591099999999999,8.404942857142858,7.556685714285715,5.537957142857143,5.564157142857143,5.569428571428571,4.428242857142857,4.189857142857142,3.7446571428571427,4.305285714285715,4.419842857142856,4.339157142857142,6.295442857142858,7.0280000000000005,6.917071428571428,7.042314285714285,6.213828571428572,7.620071428571428,7.341914285714287,5.643685714285715,5.102728571428572,5.4795428571428575,6.817257142857143,6.835785714285715,5.294157142857144,5.366542857142856,6.196457142857143,6.420757142857142,5.847371428571429,4.129614285714286,4.460814285714286,5.210328571428572,5.128728571428572,3.9945999999999997,4.523614285714286,6.221628571428572,7.890942857142856,8.372114285714286,7.9370714285714286,7.936985714285713,7.980214285714284,6.948642857142857,5.185971428571428,3.7102285714285714,2.8909857142857147,2.4849285714285716,2.536714285714286,2.642114285714286,2.7197285714285715,3.2961285714285715,3.9151714285714285,3.931857142857143,4.352328571428571,4.636642857142858,5.336028571428571,6.000128571428571,5.409100000000001,4.6162285714285725,4.571671428571428,4.7001,5.183385714285714,4.382671428571428,4.555085714285714,4.591857142857142,4.5805,4.645185714285714,5.881157142857142,5.562400000000001,5.549985714285714,5.470828571428571,6.254385714285715,7.059542857142858,7.016185714285713,5.480785714285714,5.214985714285715,5.554085714285714,8.398014285714286,7.604485714285714,6.777571428571429,6.808642857142857,6.8083,7.324071428571428,6.955471428571428,4.099328571428571,4.661542857142857,5.304385714285714,6.644757142857143,6.3937428571428585,5.673357142857143,5.723371428571428,4.865285714285714,5.278014285714286,6.529528571428571,5.140428571428572,5.139442857142858,5.564814285714286,5.8243285714285715,5.824128571428572,4.798228571428571,3.1967571428571433,3.241757142857143,3.2331142857142856,3.004385714285714,2.7392142857142856,2.7530285714285716,3.594157142857143,3.4571714285714283,3.4708285714285716,4.323785714285714,4.156042857142857,4.145628571428571,4.1456,3.354114285714286,3.225957142857143,3.203171428571429,2.4152714285714287,2.3344142857142858,2.4267571428571424,2.4267714285714286,2.4335142857142853,2.433485714285714,2.4338142857142855,2.3774,2.4227142857142856,2.4039,2.453171428571428,2.3837857142857146,2.270957142857143,2.2218,2.2270857142857143,2.1870285714285713,2.0839,2.1620999999999997,2.2472285714285714,2.426057142857143,2.492385714285714,3.2600000000000002,3.2600142857142855,3.3154142857142856,3.239557142857143,3.2190000000000003,3.1130142857142857,3.046685714285714,2.2790714285714286,2.3758142857142857,2.320485714285714,2.4657000000000004,2.4862571428571427,2.5398428571428573,2.5695857142857146,3.259842857142857,3.267814285714286,3.331614285714285,3.195442857142857,3.1249428571428566,3.084885714285714,3.1508285714285713,2.4822999999999995,2.373957142857143,2.3063428571428575,2.2472571428571433,2.247242857142857,2.2299857142857142,2.1871,2.2145,2.3042285714285713,2.294742857142857,2.2796428571428566,2.2795571428571426,2.279571428571429,2.2413,2.188471428571429,2.1351714285714287,2.2386857142857144,2.2443142857142857,2.2293,2.2142714285714287,2.2238285714285717,2.2333142857142856,2.2140714285714287,2.1200428571428573,2.1296857142857144,2.162,2.266857142857143,2.310142857142857,2.294571428571429,2.265042857142857,2.2599714285714287,2.288242857142857,2.8782714285714284,2.8620142857142854,2.876257142857143,2.8874714285714282,2.9282142857142857,2.927257142857143,2.8928,2.3515142857142854,2.3411428571428567,2.2710571428571424,2.2711714285714284,2.248042857142857,2.2481285714285715,2.2382714285714287,2.1725,2.1041285714285713,2.1126571428571426,2.101342857142857,2.1013571428571427,2.1915714285714287,2.2926571428571427,2.2863571428571428,2.2854285714285716,2.2738285714285715,2.2738285714285715,2.296957142857143,2.297871428571429,2.3032000000000004,2.3120285714285713,2.3531857142857144,2.354842857142857,2.659442857142857,2.6562142857142854,2.8599142857142854,3.4580428571428574,3.854128571428572,3.9106428571428578,3.9237857142857147,3.6209000000000002,3.6041571428571433,3.497,3.0972,2.776971428571429,2.7204142857142855,2.7844142857142864,3.630957142857143,3.6968428571428578,3.974242857142857,3.710557142857143,3.813657142857142,4.198414285714286,4.121271428571428,3.576671428571429,3.729614285714286,3.3735428571428576,3.4514,4.254771428571429,4.607671428571429,5.453828571428572,5.1535142857142855,4.919557142857142,4.8429142857142855,5.581599999999999,4.614728571428571,4.441242857142858,4.457057142857144,4.563728571428571,4.883457142857142,5.698785714285713,4.861428571428571,5.468357142857143,4.961442857142857,4.795328571428572,5.316542857142857,5.658528571428572,5.944242857142858,6.997457142857143,7.356814285714287,7.372957142857144,7.439371428571429,7.941671428571429,7.548857142857143,7.194128571428571,6.7617,5.8686428571428575,5.867642857142857,5.1378571428571425,4.118342857142857,3.8968000000000003,3.236171428571429,2.6714142857142855,2.709228571428571,2.6406285714285715,2.6247000000000003,2.5556142857142854,2.5558142857142854,2.4825714285714287,3.5294571428571433,3.600285714285714,3.7674,4.175585714285715,4.3391714285714285,4.486557142857143,5.446757142857143,5.416771428571429,6.305728571428572,7.951142857142856,8.230257142857143,8.801714285714286,8.802385714285714,7.992342857142858,7.387714285714287,6.308957142857143,4.663542857142858,5.693928571428572,5.491014285714286,5.330399999999999,5.1697,5.036185714285715,5.064757142857144,7.346128571428571,7.863314285714286,7.510857142857143,7.738142857142856,7.761628571428571,7.761628571428571,7.8602285714285705,5.376457142857142,3.4010285714285713,3.3268142857142857,3.3290571428571427,3.488257142857143,3.4225571428571433,5.174014285714287,5.209385714285715,4.990985714285714,4.8573,5.524228571428572,6.111557142857143,5.8548,3.985928571428572,4.085685714285715,4.236085714285715,4.277228571428572,3.563371428571429,2.8194142857142857,2.917828571428571,2.9518714285714287
94,9.7209,9.7209,6.9391,7.605733333333333,6.3721,5.6318399999999995,5.0409999999999995,4.727742857142857,4.096042857142857,5.992671428571429,6.194228571428572,6.741171428571429,7.637528571428571,7.748971428571429,7.821657142857142,7.643714285714286,5.739928571428571,4.740971428571428,4.5217,3.7233714285714283,4.944642857142857,5.607828571428572,6.174071428571429,6.732628571428571,8.145242857142858,8.514985714285714,8.436585714285714,7.510228571428571,7.128428571428572,6.571242857142857,6.005057142857143,4.592442857142857,4.220242857142857,4.230857142857142,3.9977714285714288,3.7334571428571435,3.579328571428572,3.8329714285714287,3.8390714285714282,3.6289285714285713,5.457028571428571,6.131414285714286,6.432671428571429,6.424785714285716,5.907042857142858,6.826500000000001,6.674857142857143,5.038314285714286,4.3265142857142855,4.671514285714286,6.177785714285714,6.236771428571429,5.238385714285714,5.317571428571428,6.114585714285715,6.632557142857143,5.80467142857143,4.187328571428571,4.1932285714285715,4.9293571428571425,4.803228571428571,3.700957142857143,4.1618571428571425,5.697357142857143,7.3816428571428565,7.923985714285715,7.286257142857143,7.314185714285715,7.357514285714286,6.2706857142857135,4.746085714285714,3.0864857142857147,2.493614285714286,2.2957571428571426,2.3163285714285715,2.6205571428571424,2.6342571428571424,2.8985714285714286,3.7016999999999998,3.714385714285714,4.549914285714285,5.702728571428572,6.420314285714285,7.260014285714285,6.9873142857142865,6.232285714285715,6.192757142857144,5.914985714285714,5.609171428571429,4.584942857142857,4.2605,4.3097,4.2593571428571435,4.2898000000000005,4.609957142857143,3.7747428571428574,3.7645285714285714,4.055614285714285,4.834928571428571,5.643485714285714,5.626114285714286,5.044528571428571,5.032285714285713,5.192999999999999,4.810842857142857,4.0131571428571435,3.1842571428571427,3.225414285714286,3.2329857142857144,3.580085714285714,3.392185714285714,4.017528571428572,4.113728571428571,4.877528571428571,5.952514285714285,5.664257142857143,5.288257142857142,5.335014285714285,4.255814285714286,4.957285714285715,6.085371428571428,4.957357142857143,4.938128571428572,5.439671428571429,5.576485714285715,5.570171428571429,4.7279,2.9728571428571433,3.007057142857143,2.9973285714285716,2.5996428571428574,2.4802999999999997,2.4968,3.3357285714285716,3.3804714285714286,3.3869428571428566,4.239371428571428,4.316885714285715,4.293728571428572,4.305442857142857,3.5121285714285713,3.362785714285714,3.3627428571428566,2.5821571428571426,2.3873,2.4914285714285715,2.463228571428572,2.481985714285714,2.4819571428571434,2.4802999999999997,2.418185714285714,2.558185714285714,2.5683714285714285,2.6285,2.5494857142857144,2.4637571428571428,2.4101857142857144,2.4161571428571427,2.2821,2.1476714285714285,2.2233285714285715,2.3166,2.5644714285714287,2.6391428571428577,2.754628571428572,2.8326571428571428,2.8925142857142854,2.7866714285714282,2.7661285714285717,2.5643285714285717,2.5102571428571427,2.3947857142857143,2.4139857142857144,2.365242857142857,2.446485714285714,2.4637142857142855,2.5227,2.5227,4.6199,4.624857142857143,4.673571428571428,4.639357142857143,4.5653999999999995,4.5144714285714285,4.560414285714286,2.4762857142857144,2.3589857142857142,2.2816,2.205914285714286,2.2057857142857147,2.1930142857142854,2.184157142857143,2.2290714285714284,2.3295285714285714,2.3191142857142855,2.3190285714285714,2.3189857142857138,2.3189999999999995,2.319057142857143,2.2563142857142857,2.1662428571428576,2.176657142857143,2.1766857142857146,2.160257142857143,2.1437714285714287,2.1144571428571424,2.1249142857142855,2.1649571428571432,2.164914285714286,2.164957142857143,2.2536,2.360157142857143,2.4052857142857142,2.389928571428571,2.337285714285714,2.3324,2.3703857142857143,2.5675285714285714,2.5510857142857146,2.5778000000000003,2.610171428571429,2.632028571428571,2.6331714285714285,2.591357142857143,2.396071428571428,2.3975,2.338685714285714,2.338657142857143,2.3569142857142857,2.355842857142857,2.3547285714285713,2.2901285714285713,2.210142857142857,2.193942857142857,2.1616000000000004,2.1759571428571425,2.2841285714285715,2.4130142857142856,2.3987000000000003,2.3987000000000003,2.4108857142857145,2.4240999999999997,2.4441571428571427,2.4441571428571427,2.4149,2.4292571428571432,2.4448000000000003,2.418914285714286,2.728614285714286,2.704885714285715,2.9278285714285714,3.7053571428571432,4.022157142857144,4.107242857142857,4.122142857142857,3.7998857142857143,3.7723285714285715,4.0080857142857145,3.4355571428571428,3.2039999999999997,3.1378142857142852,3.2053857142857143,3.9203285714285707,3.987885714285714,4.396514285714286,4.507871428571429,5.138657142857143,5.2801857142857145,5.1977142857142855,5.053242857142857,5.336914285714286,4.483542857142857,4.218714285714285,4.203885714285714,4.873728571428572,5.74067142857143,5.185314285714285,4.820428571428572,4.744314285714286,5.707685714285715,5.098357142857142,4.909885714285714,5.109999999999999,5.128985714285713,5.546157142857142,6.367028571428571,5.287271428571429,5.932285714285714,5.380128571428571,4.9811000000000005,5.776785714285714,5.778642857142857,6.088685714285715,7.9332714285714285,8.313514285714286,8.3361,9.789085714285713,10.090171428571427,10.277600000000001,10.232114285714287,8.658385714285716,7.575228571428572,7.559428571428572,5.485842857142856,4.482085714285714,3.9345000000000003,2.9417428571428568,2.6968714285714284,2.7117714285714283,2.643828571428571,2.5960428571428573,2.512314285714286,2.4956285714285715,2.4008714285714285,3.085142857142857,3.3930714285714285,3.5425571428571425,4.158328571428571,4.307799999999999,4.307757142857143,5.109457142857144,5.4918000000000005,5.342757142857143,6.273542857142857,6.402542857142857,7.017371428571429,7.066528571428571,6.667699999999999,6.010471428571428,5.980785714285715,5.601542857142858,5.996985714285714,6.034357142857144,6.130071428571428,5.8756571428571425,5.612157142857142,5.524499999999999,5.876142857142857,6.302014285714286,5.511857142857143,5.377985714285714,5.239028571428571,5.276171428571429,5.404771428571428,4.519628571428571,3.228042857142857,3.3840428571428567,3.6698142857142857,3.8278571428571424,3.8415,4.678271428571429,4.5202285714285715,4.505128571428572,4.312771428571429,5.365085714285714,5.975557142857142,5.759057142857143,4.729814285714285,4.731299999999999,4.683185714285714,4.7175142857142855,3.4795285714285713,2.7109999999999994,2.9069142857142856,3.1097714285714284
95,16.3564,16.3564,10.327,10.071333333333333,8.146175,7.01596,6.210449999999999,5.691642857142857,4.500500000000001,6.298971428571428,6.298971428571429,7.3577714285714295,7.917171428571429,8.0159,8.015914285714285,7.948085714285713,6.121828571428571,5.160957142857142,5.056500000000001,4.723199999999999,5.490157142857143,5.801428571428572,5.315414285714286,6.360271428571428,7.425914285714286,7.278399999999999,7.100699999999999,7.192871428571428,7.658642857142857,7.649528571428571,6.6047,5.603014285714285,5.046728571428572,5.187657142857143,4.750771428571428,4.2036428571428575,4.208728571428571,4.329300000000001,4.462428571428571,4.476714285714285,5.976942857142857,6.328342857142857,6.811542857142858,6.650157142857144,6.247542857142856,6.651414285714286,6.4191,5.410514285714286,4.829742857142857,4.767257142857143,5.772571428571429,5.867128571428572,5.258828571428571,5.312114285714286,5.6422,5.754957142857142,5.070071428571429,3.972685714285715,3.981328571428572,4.726628571428571,4.5988,3.5385714285714287,3.9674,5.0624142857142855,6.539514285714286,7.275,6.590400000000001,6.615057142857142,6.6475285714285715,5.841471428571428,4.758857142857143,3.2720714285714285,2.453714285714286,2.316042857142857,2.319157142857143,2.631071428571429,2.6426142857142856,3.3505714285714285,4.171342857142857,4.389228571428572,5.449228571428571,6.172414285714285,6.665985714285715,7.460699999999998,6.726742857142857,5.9860999999999995,5.770428571428572,5.348514285714286,5.4436285714285715,4.6250857142857145,4.210828571428571,4.252542857142856,4.181814285714284,4.1890142857142845,4.467285714285714,3.686814285714285,3.6939571428571427,3.821814285714286,4.605357142857144,5.417285714285714,5.3839571428571436,4.7782857142857145,5.0194857142857146,5.306414285714285,5.1631,4.359128571428572,3.5282428571428572,3.5154714285714284,3.8047714285714282,4.127628571428572,3.8073714285714284,4.951214285714286,4.9542142857142855,5.782071428571428,6.861028571428571,6.367285714285714,5.741471428571429,5.937471428571428,4.412228571428572,5.210128571428571,5.212114285714286,4.153085714285714,4.034028571428571,5.336157142857142,5.414614285714286,5.388199999999999,4.6117,4.006914285714286,4.0405999999999995,4.028742857142857,2.799857142857143,2.8789000000000002,2.9004285714285714,3.677157142857143,4.0175857142857145,4.181728571428572,5.033114285714286,5.036885714285715,4.736228571428571,4.977828571428572,4.210728571428571,3.6876428571428574,3.539414285714286,2.7681571428571425,2.6983714285714284,2.886728571428571,2.623614285714286,2.6408428571428573,2.640957142857143,2.6409999999999996,2.5727285714285713,2.6574142857142857,2.5382,2.711614285714286,2.6070142857142855,2.4983571428571425,2.4295,2.427057142857143,2.3682857142857143,2.2702714285714287,2.2478142857142855,2.3301285714285713,2.8901000000000003,2.951057142857143,3.0427857142857144,3.0291285714285716,3.0525285714285713,2.918614285714285,2.897257142857143,2.4572000000000003,2.430857142857143,2.3977142857142857,2.584542857142857,2.5845,2.652714285714286,2.674071428571428,2.674857142857143,2.676242857142857,4.719200000000001,4.6050571428571425,4.649900000000001,4.649585714285714,4.603542857142857,4.584142857142857,4.609642857142857,2.552842857142857,2.465742857142857,2.378542857142857,2.291457142857143,2.3167714285714287,2.334357142857143,2.3490285714285717,2.373214285714286,2.459,2.460557142857143,2.4798000000000004,2.4797857142857143,2.436957142857143,2.4207,2.3535142857142857,2.267642857142857,2.3252857142857146,2.295457142857143,2.2402571428571427,2.203957142857143,2.1802714285714284,2.2379000000000002,2.2789142857142854,2.2197142857142858,2.2302,2.2853285714285714,2.3930714285714285,2.388142857142857,2.325271428571429,2.2805571428571434,2.276871428571429,2.321328571428572,2.4175,2.412614285714286,2.4759285714285713,2.524114285714286,2.5603714285714285,2.569028571428571,2.520885714285714,2.444942857142857,2.424557142857143,2.3607714285714283,2.3488857142857142,2.3284142857142855,2.319828571428572,2.321071428571429,2.3239857142857145,2.2707714285714284,2.2692142857142854,2.232928571428572,2.2987714285714285,2.405242857142857,2.640214285714286,2.568857142857143,2.552857142857143,2.5525000000000007,2.5612,2.527757142857143,2.527757142857143,2.3914428571428568,2.4049714285714283,2.4494714285714285,2.432685714285714,2.807914285714286,2.8046714285714285,3.398957142857143,3.494428571428571,4.3249571428571425,4.413371428571428,4.445771428571428,4.060685714285714,4.048242857142857,4.382285714285715,4.601657142857143,3.8574999999999995,3.768114285714286,3.874757142857143,4.7199857142857145,4.701214285714286,4.367185714285715,4.834071428571428,5.712728571428571,6.031342857142858,5.907071428571428,5.392242857142857,5.707771428571428,5.229671428571429,4.4683,4.377885714285715,5.051285714285713,5.901142857142858,5.582814285714285,5.264485714285714,5.087914285714285,5.958971428571429,5.1725714285714295,4.462657142857143,4.634742857142858,4.652271428571429,4.966942857142857,5.169871428571428,4.2070428571428575,4.7705714285714285,4.545757142857143,3.8367142857142857,4.8438,4.964442857142857,5.844857142857143,7.152871428571428,7.552014285714287,7.546928571428572,7.5353142857142865,7.3436,7.191285714285714,7.050357142857143,5.832885714285715,4.8071,4.898142857142857,4.684057142857142,4.134157142857143,4.099900000000001,3.1555857142857144,3.0808142857142857,3.086457142857143,2.958728571428572,2.8606428571428566,2.6257714285714284,2.425142857142857,2.4399,2.7424571428571434,3.1175142857142855,3.2611999999999997,4.1033,4.389885714285714,4.389914285714285,4.677585714285714,5.8659285714285705,5.505657142857143,6.372857142857143,6.696571428571429,7.095671428571428,7.651785714285714,8.149914285714285,7.066800000000001,7.207928571428572,6.963685714285714,6.757685714285715,7.082885714285715,6.670442857142858,5.884657142857142,5.655542857142857,5.500128571428571,5.804285714285714,5.658528571428571,4.768642857142857,4.6121,4.597799999999999,4.614914285714286,4.6149,3.7112857142857143,3.2271,3.299457142857143,3.5849000000000006,3.697,4.0483142857142855,4.622,4.440528571428572,4.4384,4.2000714285714285,4.773285714285714,5.337742857142857,4.791142857142858,4.412742857142857,4.598528571428571,4.465585714285714,4.526814285714286,3.8195000000000006,3.1122857142857145,3.2869142857142855,3.2774142857142863
96,5.3072,5.3072,7.45075,7.6129,8.10825,7.04174,6.284366666666667,5.707414285714286,5.4664142857142854,5.5341571428571426,6.190214285714286,6.152214285714286,7.585128571428571,8.3784,8.5209,8.514414285714286,8.235685714285713,7.248228571428571,6.455742857142858,6.0548714285714285,5.505842857142857,6.626557142857143,7.486485714285714,7.373985714285714,8.53197142857143,10.468100000000002,10.185957142857145,10.009514285714287,9.786942857142858,9.535799999999998,9.235671428571427,8.417928571428572,6.651214285714285,6.548185714285714,6.673728571428572,6.681271428571429,6.336828571428571,6.364228571428571,6.1396,6.338942857142858,5.957000000000001,6.7758714285714285,6.775857142857143,7.391842857142857,7.084242857142857,6.6145571428571435,6.555485714285715,6.3821142857142865,6.407228571428571,6.184314285714286,6.221814285714286,7.320799999999999,7.285042857142857,6.942042857142857,7.021614285714285,6.960842857142857,6.2935857142857135,5.302742857142857,4.141157142857143,4.577585714285715,5.2797857142857145,5.045428571428571,4.0365142857142855,4.353742857142857,4.789414285714286,5.603185714285715,5.337357142857143,4.664257142857143,4.719442857142857,4.989014285714285,4.670442857142858,4.3361,3.459942857142857,3.218485714285715,3.0190999999999995,3.043399999999999,3.5948142857142855,3.656371428571428,4.2602,5.063785714285714,5.075857142857143,5.437742857142857,6.170357142857143,6.170328571428571,6.683171428571428,5.863471428571429,5.064057142857143,5.052014285714286,4.770528571428572,4.4797,3.6614999999999998,3.151342857142857,3.209014285714286,3.2127857142857144,3.2033714285714288,4.104614285714286,3.632085714285714,3.6635285714285715,4.0587,4.8247,5.212385714285714,5.185314285714286,4.230157142857142,4.330114285714285,5.1133999999999995,7.184714285714286,6.400942857142858,5.9981428571428586,5.9981428571428586,6.6054142857142875,6.998114285714286,6.161585714285715,4.825571428571428,4.787185714285713,5.245585714285714,6.3253571428571425,6.426471428571429,5.840257142857142,6.001928571428571,4.793057142857143,5.275314285714286,5.251185714285714,4.169785714285714,3.4196,4.0996,3.993414285714286,3.8338285714285716,3.3835428571428574,3.2406000000000006,3.2748,3.257314285714286,2.6465142857142863,2.6536857142857144,2.6712571428571428,3.663057142857143,3.887928571428571,4.491885714285714,5.878914285714286,5.889271428571429,6.3564428571428575,6.603642857142858,5.6147285714285715,5.1319,4.539357142857143,3.213371428571428,3.4713428571428575,3.6457714285714284,3.4239428571428574,3.814314285714286,3.7956142857142856,3.7929571428571434,3.7842857142857143,4.304728571428571,3.672971428571429,3.7855285714285714,3.3239428571428573,3.262914285714286,3.2104000000000004,3.1764428571428573,2.375142857142857,2.362885714285714,3.5504285714285717,4.3970714285714285,5.102071428571429,5.688814285714286,6.224085714285714,6.201228571428571,6.157814285714285,4.816485714285714,4.026828571428572,3.423257142857143,2.8463285714285713,2.3504714285714283,2.5228428571428574,2.5559857142857143,2.6432142857142855,2.6653857142857142,2.6431285714285706,2.694542857142857,3.793857142857143,3.6888714285714284,3.742685714285714,3.7161714285714282,3.662585714285714,3.6408714285714288,3.6372142857142857,2.5220571428571428,2.4245142857142854,2.315185714285714,2.2488428571428574,2.2358285714285717,2.2466857142857144,2.2283857142857144,2.2143714285714284,2.2643285714285715,2.2643142857142857,2.2643142857142857,2.2632857142857143,2.2202428571428574,2.2172571428571435,2.1865285714285716,2.178657142857143,2.2080857142857147,2.208142857142857,2.2005857142857144,2.174728571428571,2.1748285714285713,2.198571428571429,2.1780142857142857,2.1485714285714286,2.1622857142857144,2.234942857142857,2.3363857142857145,2.306742857142857,2.2819714285714285,2.2682428571428574,2.2822714285714283,2.3752,2.502842857142857,2.509185714285714,2.5975857142857146,2.6417285714285716,2.7167999999999997,2.703985714285714,2.5996857142857146,2.4859,2.4225428571428576,2.347057142857143,2.3937,2.3326000000000002,2.3455857142857144,2.356371428571429,2.374514285714286,2.421157142857143,2.4211714285714288,2.3314714285714286,2.6804857142857146,2.9661714285714287,3.1457285714285717,3.0809428571428574,3.0161000000000007,3.0603714285714285,3.0914714285714284,2.7726,2.572014285714286,2.492685714285714,2.5303285714285715,2.6571285714285713,2.683385714285714,2.9869142857142856,3.0148,4.047371428571429,4.148171428571429,4.924385714285714,5.1165,5.101914285714286,4.787228571428571,4.797385714285714,6.145442857142858,6.240214285714286,5.721400000000001,5.492742857142858,5.875057142857143,6.738900000000001,6.747285714285715,5.113514285714286,5.598228571428572,6.163042857142857,6.787514285714286,6.344985714285714,5.688057142857143,5.713185714285714,4.991871428571429,4.3508571428571425,4.304842857142858,4.421685714285714,5.276400000000001,5.04827142857143,4.932457142857143,4.908600000000001,5.601571428571431,4.874485714285714,4.534485714285714,4.648842857142857,4.660757142857142,5.506428571428572,6.145300000000001,5.401542857142856,6.128128571428571,5.722700000000001,5.3950571428571426,6.362042857142858,5.998257142857143,6.3897714285714295,7.419242857142856,7.552414285714285,7.571228571428571,7.7834714285714295,7.2058857142857144,7.702842857142857,7.437014285714286,6.422485714285714,5.4818428571428575,6.3416,5.579400000000001,5.297214285714285,4.738342857142858,3.9979000000000005,4.005142857142857,4.011371428571429,3.078785714285714,3.023757142857143,2.950928571428572,2.577214285714286,2.4983428571428568,2.6050142857142857,2.7819285714285718,2.9322714285714286,3.9682285714285714,4.487014285714285,4.487028571428572,5.0271,5.983414285714285,5.952757142857143,7.2842714285714285,6.910314285714286,6.55852857142857,7.783657142857142,8.076785714285714,7.73577142857143,7.740142857142857,7.343814285714286,7.767400000000001,10.005471428571427,8.928057142857142,8.2393,7.726042857142857,7.7282142857142855,7.728271428571428,7.442599999999999,5.1735,5.230714285714286,5.056557142857144,4.883857142857144,4.733728571428571,3.8303571428571432,3.5396571428571426,3.6916285714285713,3.682557142857143,3.7151,4.686814285714285,5.3539142857142865,5.172542857142857,4.8705428571428575,4.583399999999999,6.0996,6.896642857142857,6.011314285714286,5.529857142857144,5.717128571428572,5.510799999999999,5.51082857142857,4.0853,3.2413428571428575,3.2265000000000006
97,5.0331,5.0331,12.52895,11.026333333333334,10.663375,9.24294,8.1065,7.2834714285714295,7.15807142857143,5.443242857142857,6.3116,7.093128571428572,8.293085714285715,9.375271428571429,9.477385714285715,9.382657142857143,9.466985714285714,8.509442857142856,6.9504714285714275,7.1464428571428575,6.373985714285714,7.3654,9.214942857142857,9.151528571428571,10.354,12.006242857142857,11.287014285714287,11.044142857142859,11.044028571428573,10.276128571428572,9.976685714285713,8.323585714285715,6.799585714285713,7.138842857142857,7.449142857142857,7.701742857142858,7.382371428571429,7.098942857142857,7.195771428571428,8.027071428571428,7.22,8.287642857142858,7.9696,8.8584,8.7056,8.410971428571427,8.159171428571428,8.082042857142858,8.517100000000001,7.852842857142858,7.8548857142857145,9.0571,9.038971428571427,8.833742857142857,9.338228571428571,8.623142857142858,8.441457142857143,6.971414285714286,5.728228571428572,6.589885714285714,6.755699999999998,5.9473142857142856,4.772828571428572,5.401142857142857,5.864585714285715,6.4679,6.002885714285713,5.448785714285714,5.597485714285715,6.310185714285715,5.739214285714285,5.135528571428572,4.860271428571429,4.426185714285714,4.349585714285714,5.009628571428572,5.140828571428571,5.144142857142858,5.850857142857143,6.497528571428573,7.094185714285715,7.6091,7.609100000000001,7.544171428571429,8.138128571428572,7.225114285714286,6.415528571428572,5.876057142857143,5.156028571428572,4.978942857142857,4.204828571428572,3.695642857142857,3.7332285714285716,3.5252142857142856,3.457871428571429,4.513742857142858,3.9098714285714284,3.971257142857143,4.4551,5.228442857142857,5.371457142857143,5.332071428571429,4.313342857142857,4.511257142857143,4.845885714285714,4.8422857142857145,4.050314285714285,3.887771428571429,3.887757142857143,4.3546,4.2747,3.8336571428571427,3.318971428571428,3.283685714285714,4.102285714285714,5.5674,5.827914285714287,5.633742857142857,6.0443,5.870214285714285,6.438371428571429,6.438385714285714,4.980585714285715,4.173628571428571,4.279928571428571,4.016928571428571,3.8975714285714287,3.693028571428571,3.398442857142857,3.4226285714285716,3.339342857142857,3.3109857142857146,3.2588142857142857,3.2839142857142853,4.4434,4.804457142857143,5.452085714285714,6.024585714285714,6.045585714285714,6.773757142857142,7.084285714285713,5.608357142857143,4.787385714285715,4.164885714285714,3.6870857142857143,4.135242857142857,4.163042857142857,3.886971428571428,4.212285714285715,4.186671428571429,4.1931142857142865,4.205357142857143,4.9719,4.970614285714286,4.999714285714285,4.6122571428571435,4.550142857142857,4.488057142857143,4.429714285714286,3.297485714285714,2.5294,3.9858,4.310528571428572,5.464771428571429,6.5011,6.784242857142857,6.618742857142857,6.5627,5.028742857142858,5.1455142857142855,4.084414285714286,3.0663571428571426,2.9845142857142855,3.1622142857142856,3.280714285714286,3.313757142857143,2.938914285714286,2.914328571428572,2.984385714285714,3.493985714285714,3.4817285714285715,3.431057142857143,3.441242857142857,3.5735,3.626785714285714,3.6602571428571435,3.0289571428571427,2.8821714285714286,2.859657142857143,2.849985714285715,2.7300999999999997,2.8310714285714282,2.8912000000000004,2.8503,2.891785714285714,2.907271428571429,2.918371428571429,2.9174714285714285,2.837242857142857,2.755414285714285,2.7614714285714284,2.7905714285714285,2.789628571428571,2.7593285714285716,2.6869285714285716,2.537042857142857,2.4972285714285714,2.473557142857143,2.425742857142857,2.3663571428571433,2.4088857142857143,2.6259285714285716,2.757971428571429,2.7743142857142855,2.7097285714285713,2.666357142857143,2.6829857142857145,2.8958857142857144,2.8621714285714286,2.837542857142857,2.8610285714285717,2.9759428571428574,3.0794,3.0421142857142853,2.808642857142857,2.7088,2.6978999999999997,2.687,2.7677142857142853,2.7310714285714286,2.7805142857142857,2.740042857142857,3.0999285714285714,3.2012,3.1473571428571425,2.9529857142857137,3.2583428571428574,3.565928571428571,3.952228571428571,3.584714285714285,3.4957999999999996,3.5420142857142856,3.6127142857142855,3.2916285714285713,3.0380857142857143,2.812742857142857,2.8299999999999996,3.865885714285714,3.9916714285714288,4.0204571428571425,4.050685714285715,5.0767,5.426,6.169028571428571,5.959071428571428,5.8311,5.764914285714285,5.795128571428571,5.423842857142858,5.514385714285715,5.013028571428571,4.222757142857143,4.985228571428571,5.700414285714286,6.159914285714287,6.2454857142857145,6.449128571428572,6.997171428571429,7.498185714285714,6.669142857142857,6.0699571428571435,5.610600000000001,4.967128571428572,4.237214285714286,4.124528571428572,4.550914285714286,5.742114285714286,5.639100000000001,5.5630571428571445,6.648614285714287,7.60127142857143,7.667342857142857,7.249557142857143,7.309328571428572,7.297428571428571,7.927185714285715,7.485171428571428,6.675142857142857,7.114371428571429,6.574114285714286,6.437971428571428,7.639542857142857,7.471157142857143,7.7568714285714275,9.555757142857143,9.402242857142856,10.423314285714286,10.423328571428572,10.19912857142857,10.967842857142857,10.967842857142857,9.038385714285713,8.036985714285715,8.173128571428572,7.148957142857142,6.784714285714285,6.363885714285715,5.507771428571429,5.6552999999999995,6.1410285714285715,4.917342857142857,4.853957142857143,4.247200000000001,3.595128571428572,3.3637000000000006,3.6525000000000003,3.4557714285714285,3.6068,4.6935,5.1533999999999995,5.0026142857142855,6.089342857142857,6.656371428571428,6.430671428571429,8.142442857142857,7.875385714285714,7.415500000000001,7.598114285714286,7.598657142857142,7.596785714285714,7.615585714285714,6.840057142857142,7.5526,9.163228571428572,9.129000000000001,8.20997142857143,7.436157142857143,7.460085714285715,7.752842857142858,7.582485714285715,6.136728571428571,6.067971428571428,5.8834285714285715,5.775328571428572,5.844357142857143,4.690571428571428,3.859428571428571,4.268442857142857,4.418128571428571,4.529014285714286,5.414085714285714,6.1496,6.101528571428571,5.994542857142858,5.522042857142857,6.927271428571428,7.862671428571429,6.9761999999999995,6.175771428571428,6.202,5.804171428571428,5.728614285714285,4.297557142857142,3.2934142857142854,3.2957285714285716
98,4.9849,4.9849,8.27585,8.190233333333333,8.642625,7.50968,6.6748,6.061414285714286,5.953971428571427,5.553214285714285,6.512328571428571,7.2434142857142865,8.472228571428571,10.26947142857143,10.34152857142857,10.228657142857143,10.4055,9.446399999999999,7.879957142857143,8.541342857142856,6.9801142857142855,8.054885714285716,9.426114285714286,9.492914285714287,10.243242857142857,11.799257142857142,10.849771428571428,10.67832857142857,10.68232857142857,10.247814285714284,9.339057142857143,8.036342857142857,6.592985714285713,6.590028571428571,6.7017,6.9066142857142845,6.713299999999999,7.075685714285714,7.625357142857142,8.324142857142856,7.557157142857143,8.899571428571429,8.566799999999999,11.110128571428572,10.640457142857143,9.906314285714284,9.73967142857143,9.911985714285716,10.409857142857144,10.189614285714287,8.755657142857144,10.582285714285714,10.564171428571429,10.75692857142857,11.60342857142857,10.928057142857142,10.468157142857143,9.268600000000001,7.353357142857143,8.434328571428571,8.148585714285714,6.869028571428572,5.556442857142858,6.2577,6.6230142857142855,8.202328571428572,7.876085714285715,7.318071428571429,7.384314285714285,7.343928571428571,6.312371428571429,5.342771428571429,4.177142857142857,3.578242857142857,3.4219714285714287,4.861371428571429,5.947457142857142,7.329171428571429,9.0116,11.337414285714285,12.3391,13.339842857142857,12.644528571428571,13.085157142857142,13.160471428571428,11.298485714285716,9.3141,8.911714285714286,8.626000000000001,8.625985714285715,7.115057142857142,6.590971428571429,7.054628571428571,6.258785714285715,5.463342857142857,5.434228571428571,4.6468,5.3551,5.5008,6.107285714285715,6.9030000000000005,6.875242857142858,6.961257142857144,7.572257142857144,7.6484,8.999628571428572,8.165000000000001,7.350042857142857,7.476400000000001,8.205042857142857,8.1877,7.375157142857142,5.735385714285713,5.438228571428572,6.536128571428571,8.278114285714286,7.492442857142858,6.828114285714285,6.909657142857142,7.074585714285713,7.994057142857142,7.711114285714285,5.878928571428571,5.703571428571429,5.808914285714286,5.987814285714286,5.0632,4.991971428571429,4.994171428571429,5.309042857142858,4.719557142857143,4.709685714285714,4.510714285714286,4.522342857142858,5.7107285714285725,6.365871428571429,7.597842857142857,9.431714285714287,10.425871428571428,10.762214285714288,11.396828571428571,9.42062857142857,8.099328571428572,6.560314285714285,4.732371428571429,5.568571428571429,6.215885714285714,5.592985714285715,6.362114285714286,6.247000000000001,6.247014285714286,6.5186,5.447871428571429,5.217014285714285,5.205442857142857,4.405042857142857,4.358728571428571,4.332742857142857,4.155,3.3976857142857146,3.626014285714286,5.146714285714286,6.253414285714286,7.430057142857143,9.396957142857143,9.797471428571429,9.74252857142857,8.696942857142856,7.199142857142857,7.7761571428571425,6.654871428571428,4.725142857142857,4.505314285714285,4.583114285714286,4.632028571428571,4.593228571428571,2.9577142857142857,2.9598,2.9917857142857143,3.3430857142857135,4.737271428571428,4.766557142857143,4.789614285714286,4.8262857142857145,4.875971428571428,5.03,4.425771428571428,2.992971428571429,2.998214285714286,2.983185714285714,2.9514857142857145,4.3765857142857145,4.3425142857142855,4.321371428571429,4.352671428571428,4.344357142857143,4.406085714285714,4.429428571428572,3.025714285714286,2.925757142857143,2.968357142857143,2.9722714285714287,3.002071428571429,2.954328571428572,2.8611857142857144,2.722585714285714,2.6839714285714287,2.6453285714285713,2.6346,2.5648142857142857,2.564857142857143,2.690142857142857,2.8097571428571433,2.7838142857142856,2.695271428571428,2.6036428571428565,2.5914571428571427,3.155814285714286,3.126257142857143,3.081657142857143,3.101657142857143,3.2113285714285715,3.315785714285714,3.345814285714286,2.774142857142857,2.7600571428571428,2.784128571428571,3.1743285714285716,3.901414285714286,3.8798142857142857,3.9059714285714286,3.919,4.261928571428571,4.669200000000001,4.511699999999999,3.883085714285714,4.292657142857143,5.113185714285714,5.3243,5.09837142857143,4.792585714285714,4.649857142857143,4.532857142857143,4.1448857142857145,3.4258428571428574,4.0183,4.004057142857143,4.321371428571429,5.220457142857143,5.2885,6.255714285714286,8.577714285714285,10.076914285714285,11.643742857142856,11.962785714285713,11.236228571428573,11.394257142857143,11.45282857142857,10.5839,9.307171428571428,8.600542857142857,8.042742857142857,9.458385714285713,10.961471428571429,10.957257142857143,10.140557142857144,9.854842857142858,10.483714285714285,11.327228571428572,9.91972857142857,8.301228571428572,7.408942857142857,6.917657142857143,6.217814285714286,5.882185714285714,7.147157142857144,8.246914285714285,8.342628571428572,8.542557142857143,9.680842857142858,11.149514285714286,11.115057142857143,9.660342857142856,10.666685714285714,10.495500000000003,11.913414285714287,11.664771428571429,11.219685714285713,12.205471428571428,11.416171428571428,10.087242857142858,12.111214285714286,11.104342857142857,10.991871428571429,12.498700000000001,11.33042857142857,12.918157142857142,13.6477,12.627799999999999,13.634685714285714,14.35587142857143,11.915842857142858,10.936614285714285,11.285485714285715,9.570728571428573,10.449885714285715,9.763900000000001,8.413642857142857,8.316757142857144,9.293485714285712,7.273457142857142,7.196014285714285,5.387271428571428,4.292685714285715,3.8591142857142864,4.678014285714285,3.9662142857142855,4.1494,5.211885714285715,5.411371428571428,5.408114285714285,6.470585714285714,6.880057142857143,6.6949,8.281657142857144,7.972757142857143,7.781428571428571,7.959685714285714,7.959685714285716,7.738942857142858,7.742042857142858,7.339085714285715,8.121314285714286,9.051942857142857,9.012628571428571,8.12872857142857,7.311014285714285,7.312828571428571,8.812657142857143,8.560628571428571,7.640614285714285,7.50672857142857,7.329985714285714,7.274914285714284,7.284071428571429,4.718742857142857,4.010228571428572,4.176442857142858,4.3766428571428575,4.506171428571429,5.3635,6.122571428571428,6.0,5.638228571428571,5.322042857142857,6.760757142857144,8.010528571428571,7.125557142857143,6.320571428571428,6.334414285714286,6.122771428571427,6.122757142857141,4.657542857142857,3.2622428571428563,3.2619000000000002
99,4.9864,4.9864,8.88495,8.639033333333332,8.9757,7.80094,6.933916666666666,6.289971428571428,6.180771428571428,6.174714285714286,7.2358142857142855,9.738085714285715,11.134528571428572,12.860314285714285,13.107399999999998,13.100642857142857,12.33714285714286,11.258057142857142,8.697114285714287,9.408042857142858,9.214699999999999,10.463028571428572,11.62257142857143,11.841457142857141,13.854814285714285,14.766271428571429,13.2988,12.071185714285715,12.83917142857143,13.732742857142856,13.164285714285715,10.657757142857145,8.978328571428571,10.754900000000001,11.22172857142857,10.524642857142856,9.153114285714286,9.5327,10.15712857142857,10.98572857142857,8.72332857142857,9.590885714285715,9.315142857142858,13.7145,13.076557142857142,12.248085714285713,12.855085714285712,13.4008,13.518071428571428,13.611257142857143,10.119942857142858,12.447185714285713,12.399128571428571,12.083885714285714,12.622914285714286,12.6027,11.9375,11.536771428571429,9.161414285714287,10.432342857142856,10.084028571428572,8.745842857142858,7.0356,8.256185714285715,8.748114285714285,11.161414285714287,11.70117142857143,10.702642857142859,10.842400000000001,11.892185714285716,9.968842857142858,8.024557142857143,5.953314285714286,4.161785714285714,4.961028571428571,5.824957142857143,5.923857142857143,6.706942857142857,9.551714285714285,12.143771428571426,13.353185714285715,14.359057142857141,15.570828571428573,16.470385714285715,17.87747142857143,15.619785714285715,13.622114285714288,13.180128571428572,12.558542857142857,11.430571428571428,9.341785714285715,7.936999999999999,7.934114285714285,7.106185714285713,6.77212857142857,7.104314285714286,6.329757142857143,6.711142857142858,7.602942857142857,9.711428571428572,10.916885714285714,11.437485714285714,10.973871428571428,13.08827142857143,14.758700000000001,14.334514285714286,13.051742857142857,11.700514285714286,11.627328571428572,12.470485714285715,13.468257142857142,11.6674,11.484057142857143,10.078557142857145,12.844257142857145,14.78587142857143,14.285228571428572,10.81955714285714,10.834385714285713,10.548657142857142,11.643357142857143,9.88462857142857,7.396857142857144,7.5068,8.658071428571429,9.569557142857144,9.096828571428572,9.815000000000001,12.487414285714285,12.914071428571429,12.132714285714284,11.234042857142857,10.094585714285714,9.829871428571431,10.015785714285714,8.5448,9.93547142857143,9.986685714285715,12.061242857142858,14.630328571428574,14.728785714285717,12.787228571428573,11.510728571428572,9.456285714285714,8.695985714285714,8.209642857142857,6.93152857142857,7.105285714285714,8.153242857142857,7.6752714285714285,7.618714285714286,8.37417142857143,8.882557142857141,9.655642857142857,9.950442857142859,8.865400000000001,8.431814285714285,9.019428571428572,8.285271428571429,6.016628571428571,5.353928571428571,6.655285714285715,8.1603,9.917,10.932614285714285,12.328542857142855,12.742528571428574,11.7126,9.995157142857144,10.078114285714284,8.353728571428572,7.014171428571429,6.6424,8.206242857142856,8.900414285714286,8.717714285714285,7.149485714285713,7.156614285714285,6.933314285714286,7.067014285714287,6.437328571428572,7.4240571428571425,7.451185714285714,7.506485714285715,9.209371428571428,10.7286,9.581885714285715,8.280671428571429,6.245457142857143,6.261157142857144,6.248600000000001,5.7957142857142845,4.918357142857142,6.103242857142857,6.476642857142857,7.481628571428572,7.5030285714285725,7.490671428571429,6.388485714285713,5.786271428571429,4.721414285714286,5.296342857142858,4.682428571428572,4.781014285714286,4.814799999999999,4.6124,4.523728571428571,4.523714285714285,3.6240999999999994,3.223585714285714,3.1226857142857143,3.8292285714285716,3.8997142857142855,3.8807142857142862,3.7029285714285716,3.618471428571429,3.743,4.9230285714285715,4.538028571428572,4.555571428571429,4.5122857142857145,4.564242857142857,4.587485714285715,4.488542857142858,3.3733714285714287,3.024571428571428,3.2018857142857144,3.6686571428571426,4.255571428571428,4.2533,4.2820857142857145,4.201914285714286,4.934457142857143,4.950257142857143,4.884557142857142,5.141171428571428,5.9221,7.1532,7.876171428571429,7.730542857142856,8.0819,7.817785714285713,7.194014285714284,6.791085714285714,6.248657142857143,6.248285714285714,5.804671428571427,5.949942857142856,6.780542857142856,7.2159571428571425,8.117099999999999,10.615371428571427,13.319657142857142,15.792757142857141,16.752714285714287,16.35597142857143,16.438257142857143,16.82904285714286,15.63135714285714,14.582142857142856,12.983642857142856,12.12962857142857,14.559542857142858,16.857957142857142,16.552757142857143,16.99285714285714,15.623499999999998,16.96302857142857,17.30872857142857,14.987499999999999,12.051642857142857,10.871471428571427,8.946142857142858,8.02934285714286,7.193557142857143,9.173214285714286,12.326742857142857,12.5823,12.774157142857144,13.185557142857144,14.834442857142857,16.717771428571428,15.904,15.674942857142858,15.905157142857144,17.471228571428572,18.53357142857143,18.235699999999998,18.994128571428572,16.879842857142854,14.885114285714284,17.466585714285713,16.540585714285715,15.972485714285716,17.62184285714286,15.421757142857144,17.29941428571429,18.747557142857143,16.59854285714286,19.83134285714286,20.863285714285716,18.124328571428574,16.570142857142855,16.592299999999998,13.913371428571429,14.347257142857144,11.36697142857143,9.555485714285714,9.337571428571428,9.995171428571428,7.858657142857143,7.450857142857141,6.088857142857142,4.908228571428571,4.260971428571429,5.134542857142857,4.659542857142857,5.255342857142857,6.722685714285714,7.303442857142857,7.159628571428572,8.775042857142857,8.849285714285715,8.318214285714287,9.710585714285713,9.254385714285714,8.711657142857144,9.043742857142858,8.68747142857143,8.868,9.401871428571429,9.0999,10.2693,11.687299999999999,11.642614285714284,10.448271428571427,9.416799999999999,9.284699999999999,10.663857142857143,10.036642857142857,8.683785714285714,8.637885714285714,8.501542857142857,9.035014285714286,8.83012857142857,5.923328571428571,4.950757142857143,5.3956,5.3650714285714285,6.049428571428572,6.293028571428571,7.054028571428573,6.835300000000001,6.4645,5.950457142857142,7.552442857142857,7.627785714285714,6.7431,5.680028571428571,5.901042857142857,5.700385714285714,5.530085714285714,3.9254000000000007,3.165685714285714,3.1625571428571426
100,5.2051,5.2051,9.5129,13.992633333333336,12.660925000000002,10.604520000000003,9.405933333333335,8.403914285714288,8.223357142857145,7.6238714285714275,6.810271428571428,8.421814285714287,10.169942857142859,11.439285714285715,11.518600000000003,11.2854,10.634971428571431,10.594999999999999,10.321042857142857,10.871857142857143,11.568757142857143,12.9358,14.295599999999999,15.246914285714285,16.724214285714286,16.646657142857144,15.088485714285714,13.227571428571428,14.085742857142858,14.208042857142857,14.280328571428571,11.340985714285717,9.889071428571429,11.332542857142858,11.452514285714287,10.667842857142857,10.001071428571427,9.584514285714286,10.8004,11.118614285714287,9.255614285714286,10.569485714285715,10.465900000000001,11.965500000000002,10.958542857142858,9.22417142857143,10.603257142857144,11.666114285714286,12.118742857142857,11.68472857142857,11.452042857142859,14.034142857142857,13.994214285714287,13.386128571428571,13.093142857142857,13.24207142857143,13.063314285714284,11.796485714285714,9.29822857142857,10.955628571428573,11.450185714285713,10.3599,8.124585714285715,9.525571428571428,12.180014285714284,14.825542857142858,15.383857142857142,14.173957142857144,15.088271428571431,16.147300000000005,14.128728571428573,10.685757142857144,8.227714285714285,5.953957142857142,5.212357142857143,5.953442857142856,7.105185714285715,7.723842857142857,11.88027142857143,13.826085714285714,15.573571428571427,17.883971428571428,19.198471428571427,19.8004,21.474699999999995,18.390171428571428,16.951199999999996,16.040242857142854,14.561871428571425,13.373242857142856,11.3138,9.940942857142858,9.490442857142856,8.767142857142856,8.904271428571429,9.680185714285715,8.033842857142858,8.233642857142858,9.20137142857143,11.821514285714287,13.148957142857142,13.632085714285713,13.6797,15.46867142857143,17.22217142857143,18.422714285714285,16.256828571428574,15.013057142857141,15.104642857142858,15.897671428571428,15.128357142857144,13.19335714285714,11.546442857142859,10.483514285714287,14.938942857142859,16.381328571428572,15.712942857142858,14.713800000000003,14.273314285714287,13.964328571428572,15.780842857142856,12.6837,9.7329,8.456714285714286,9.054942857142859,8.936285714285715,7.645728571428571,8.415914285714285,12.042714285714286,14.091800000000001,13.652485714285714,13.238228571428573,13.32344285714286,13.82077142857143,13.879471428571426,12.35082857142857,12.7769,13.18944285714286,15.787585714285715,16.24612857142857,17.72697142857143,15.121228571428572,13.678257142857143,12.195557142857144,11.480142857142857,10.905685714285713,12.030899999999999,11.140785714285714,12.680757142857145,11.341400000000002,11.366885714285713,12.57162857142857,13.050557142857144,12.602185714285714,13.297957142857143,11.769957142857141,11.036414285714285,10.178914285714285,9.45042857142857,6.948142857142857,7.099585714285714,7.624414285714286,10.028628571428571,12.274742857142858,14.588442857142857,15.849685714285714,17.432585714285715,17.773371428571426,16.188742857142856,15.486471428571425,13.87092857142857,12.47097142857143,12.763442857142858,14.0455,14.262,13.634214285714284,11.925071428571428,11.304685714285712,10.420414285714285,10.067271428571429,9.183057142857143,9.155857142857144,9.103942857142858,9.44797142857143,10.633128571428573,11.286142857142858,9.594342857142859,7.3326,5.384842857142857,6.272785714285716,6.38667142857143,7.6586428571428575,7.863014285714286,9.727728571428571,11.691642857142856,12.439114285714286,11.584014285714286,11.126800000000001,9.483185714285714,9.038300000000001,7.353914285714285,6.5463000000000005,6.644114285714286,7.6314714285714285,7.953314285714286,7.186071428571428,6.843942857142856,7.386742857142857,6.280114285714285,5.324142857142857,4.2946,4.259614285714286,4.4379,4.237557142857143,3.4438142857142853,3.3911714285714285,3.364442857142857,4.165542857142857,4.297771428571428,4.190128571428571,4.115742857142857,4.223528571428571,4.250871428571428,4.1831,3.375371428571428,2.9654999999999996,2.931942857142857,3.8129285714285714,5.139742857142857,5.863042857142857,6.500685714285714,6.871271428571427,7.799685714285714,8.735271428571428,8.5929,7.200128571428571,7.378114285714285,8.342042857142857,8.704914285714286,8.000814285714286,7.580357142857143,7.119014285714286,7.363985714285714,6.786114285714286,5.9794285714285715,6.176342857142857,6.707314285714285,7.127114285714286,7.9096714285714285,8.21197142857143,9.05187142857143,11.068714285714284,14.007842857142858,15.687671428571429,16.225385714285714,15.549914285714285,15.964557142857142,16.94452857142857,16.7153,14.869557142857145,13.524314285714286,13.051,15.981885714285715,18.67115714285714,21.064685714285712,21.932285714285715,22.572042857142858,24.2269,24.46402857142857,21.950814285714284,18.629814285714282,14.365499999999997,11.192585714285713,8.963071428571428,7.8366999999999996,10.04662857142857,13.161142857142854,13.754214285714284,14.084785714285713,15.59512857142857,17.488514285714285,20.428628571428572,19.109957142857144,18.894371428571425,18.021542857142858,19.353085714285715,19.764828571428573,19.02112857142857,19.554485714285715,18.1246,16.504157142857142,19.821785714285713,18.896014285714283,20.92567142857143,23.867957142857144,20.422285714285714,21.91755714285714,23.969500000000004,21.637642857142858,25.166014285714287,24.472100000000005,20.69517142857143,19.403157142857143,19.430414285714285,15.34405714285714,16.356871428571427,13.633442857142857,11.172414285714284,11.221971428571427,12.241042857142856,10.022371428571429,9.956185714285713,8.062185714285715,6.265014285714287,5.1959857142857135,5.626114285714285,4.9753,6.029585714285714,8.243442857142856,8.740571428571428,8.799071428571429,11.783842857142858,12.699585714285714,12.072357142857141,13.351385714285714,13.268857142857144,12.739328571428572,12.94567142857143,12.05372857142857,11.3296,11.94632857142857,11.991642857142859,12.659442857142858,14.704557142857142,14.756942857142857,13.08482857142857,11.832585714285713,11.501271428571428,12.549514285714285,11.611342857142859,10.193985714285715,9.981842857142855,9.73327142857143,10.343685714285714,10.438242857142857,7.325828571428572,6.078457142857142,6.079885714285714,7.803485714285714,7.8423428571428575,9.298385714285715,10.289585714285716,10.007242857142858,9.733728571428571,8.951914285714286,8.423814285714286,9.285785714285714,7.221628571428572,5.862514285714285,6.281357142857144,5.953728571428572,5.951985714285714,5.2891,4.339042857142858,4.317828571428572
101,4.3554,4.3554,12.8185,14.820066666666667,12.545875,10.6486,9.383683333333334,8.389457142857143,8.540442857142859,6.948600000000001,7.3289,9.6146,10.735457142857141,11.550742857142856,11.539528571428571,11.101428571428572,10.891742857142859,8.529485714285713,8.139771428571427,9.053557142857143,9.226857142857142,10.447757142857142,12.680042857142857,12.148357142857142,15.5068,15.4289,14.103057142857143,13.955685714285712,15.683285714285715,15.856171428571427,16.29502857142857,13.372357142857142,11.45047142857143,12.796585714285714,12.22697142857143,12.186771428571427,10.745314285714286,11.229828571428571,12.00057142857143,13.359114285714286,11.939814285714286,13.735057142857142,12.401285714285715,17.136742857142856,15.941142857142856,14.486071428571426,13.827271428571427,16.410642857142854,16.735785714285715,15.969085714285715,12.907728571428573,15.704314285714284,15.968428571428571,17.096200000000003,15.58847142857143,15.916885714285716,15.920185714285713,14.624999999999998,12.026271428571429,13.90987142857143,14.988985714285715,13.231742857142859,10.415471428571431,12.3911,14.779528571428573,17.38217142857143,17.75297142857143,16.47937142857143,18.612428571428573,19.63642857142857,17.2929,13.598285714285714,10.80942857142857,8.182142857142859,6.185057142857143,5.786471428571429,6.564,6.641771428571429,10.312157142857144,12.439742857142859,13.495414285714288,16.147514285714287,18.34304285714286,19.25704285714286,20.7554,17.358814285714285,15.554714285714285,15.2945,13.616900000000001,11.487442857142858,9.238357142857144,7.7899714285714285,8.290142857142857,8.113714285714286,8.603399999999999,9.307857142857143,7.4627,7.800642857142857,10.258828571428571,12.60567142857143,14.14914285714286,13.10771428571429,13.148985714285715,13.830185714285717,15.422371428571427,14.30837142857143,12.605099999999998,10.814614285714287,11.75827142857143,12.437,13.18392857142857,11.088657142857143,10.269657142857143,8.899771428571428,11.940042857142858,13.325800000000001,12.988342857142857,11.546257142857144,11.41332857142857,11.5368,12.649957142857142,10.927685714285714,11.166157142857143,10.466985714285714,11.335628571428572,11.16347142857143,10.751614285714286,12.641871428571429,15.448428571428574,15.018657142857142,13.659071428571428,12.858271428571427,13.351799999999999,12.794685714285714,15.3635,14.1229,16.144085714285715,19.259242857142855,22.08594285714286,22.464828571428573,23.42824285714286,18.11517142857143,17.138885714285713,14.088542857142857,11.186157142857143,13.950528571428569,15.014971428571426,14.495014285714282,16.964428571428574,16.02357142857143,17.33612857142857,18.007242857142856,14.308914285714286,14.735228571428573,14.226057142857144,11.47717142857143,10.553171428571428,8.011685714285715,7.612099999999999,6.455871428571429,5.345957142857143,7.683971428571427,11.361114285714285,13.279285714285711,15.085285714285716,16.526085714285713,16.73935714285714,17.796685714285715,16.977957142857143,15.393899999999999,13.750528571428571,12.307914285714284,12.254985714285713,12.969642857142857,10.9858,9.534585714285713,7.424271428571429,7.138628571428571,6.7635,6.945685714285714,7.152099999999999,7.899371428571428,7.730542857142857,8.173757142857143,9.161371428571428,9.500142857142857,7.478885714285715,5.654442857142857,4.762142857142857,5.080942857142858,5.475757142857143,5.352442857142856,5.688342857142857,7.224828571428572,7.4592142857142845,7.383157142857143,7.1816,6.3646142857142864,5.524585714285715,4.9312,4.151928571428572,4.449928571428571,5.149728571428571,6.063471428571428,6.0541857142857145,6.043257142857143,6.2522,5.696257142857142,5.151585714285715,4.3788285714285715,3.6146428571428575,3.6773714285714285,3.692628571428571,3.2611285714285714,3.0171714285714293,2.9257142857142853,2.8985999999999996,5.043028571428571,5.191214285714286,5.1419428571428565,5.210014285714286,5.312757142857143,5.368785714285714,5.333,2.945342857142857,2.750942857142857,2.8850857142857143,3.066157142857143,3.8238428571428575,3.977957142857143,4.630514285714286,4.810771428571429,5.832942857142858,6.598185714285714,6.838614285714286,6.047428571428571,6.954114285714286,7.499257142857142,7.499257142857142,6.724757142857142,5.877514285714285,5.583442857142857,5.706971428571429,4.760785714285714,3.928157142857143,3.9572000000000003,3.910814285714286,5.153957142857144,6.916528571428572,6.792257142857143,7.869342857142857,10.242199999999999,12.646214285714288,14.468742857142859,14.247857142857143,12.511157142857144,12.59667142857143,12.979542857142857,11.716228571428571,11.317414285714287,10.287257142857143,10.019128571428572,11.977357142857144,15.090014285714286,14.550285714285716,16.394085714285715,15.789771428571429,17.292057142857143,17.560185714285716,16.028357142857143,13.10862857142857,12.246057142857142,9.115585714285714,8.030800000000001,10.048428571428571,12.608814285714287,16.150742857142856,16.238685714285715,16.66474285714286,17.5769,19.969400000000004,18.13672857142857,17.157385714285716,17.885742857142855,17.53414285714286,19.192957142857143,21.780728571428572,19.938985714285714,19.14952857142857,16.69422857142857,14.605414285714286,16.434714285714286,14.808957142857142,12.563042857142856,16.75832857142857,15.975971428571428,17.38575714285714,19.105871428571426,18.282042857142855,21.656642857142856,24.083985714285713,18.955899999999996,18.787728571428573,21.087899999999998,16.624414285714284,16.624799999999997,13.921114285714284,10.362557142857142,10.362585714285714,11.1423,7.3850428571428575,7.348885714285714,6.5003714285714285,5.337785714285714,5.373814285714287,6.599928571428571,5.616471428571429,6.584114285714286,8.483342857142857,9.056085714285715,9.300228571428573,12.658371428571428,13.565742857142856,12.773185714285715,14.7889,15.035771428571431,14.53744285714286,14.638757142857145,13.57345714285714,12.83242857142857,13.79338571428571,13.2158,14.41732857142857,16.285471428571427,16.716971428571426,14.951042857142856,13.509085714285714,13.176057142857143,15.237242857142858,14.561614285714287,13.053857142857144,12.2846,11.848357142857141,12.744442857142857,12.781214285714286,9.349957142857145,7.3938999999999995,7.984414285714285,8.170442857142856,8.164514285714287,10.261342857142855,11.252799999999999,10.2476,10.063142857142859,8.820642857142857,10.570214285714286,11.264357142857145,8.27582857142857,6.813871428571427,7.1636428571428565,6.736885714285713,6.918457142857143,5.3042428571428575,4.2418571428571425,4.266828571428571
102,8.0188,8.0188,14.109100000000002,16.802733333333336,13.617825000000002,12.915740000000003,11.172800000000002,10.083728571428574,10.8599,9.433828571428572,11.451185714285714,13.563857142857144,13.511600000000001,13.927800000000001,13.750842857142857,12.317228571428572,12.00324285714286,9.622128571428572,7.6067857142857145,7.691485714285713,8.34457142857143,9.574628571428573,11.739342857142857,11.350542857142857,11.527242857142856,13.901742857142855,14.845957142857143,14.571071428571429,15.061771428571431,14.5296,14.507657142857143,12.111257142857143,11.653585714285713,10.623557142857143,9.947742857142858,9.901700000000002,8.506814285714286,9.086928571428572,11.168000000000001,9.943385714285714,9.042442857142857,10.868271428571429,11.819457142857145,17.127957142857145,16.234714285714286,14.309657142857143,14.186185714285713,15.617185714285712,15.977585714285713,13.702185714285713,9.861571428571429,12.352814285714285,12.207542857142856,12.577842857142857,11.853385714285713,11.535885714285714,11.3858,10.400642857142856,7.893857142857143,10.13497142857143,10.596857142857143,9.724457142857144,7.770885714285713,9.593185714285713,11.224728571428571,13.689971428571427,15.85052857142857,15.333042857142857,17.39625714285714,18.17385714285714,16.231800000000003,13.741557142857145,11.329857142857142,6.671542857142858,5.450914285714286,5.245157142857143,6.2681,6.779928571428571,10.282271428571429,12.284671428571428,13.4665,16.195142857142855,17.62747142857143,18.0672,19.76787142857143,16.433271428571427,14.373828571428572,13.996542857142858,12.182514285714287,10.885057142857145,8.712642857142857,6.896442857142857,7.146742857142857,7.339928571428571,7.901942857142856,8.078057142857142,6.1018,6.825814285714286,9.226257142857142,12.232157142857142,14.079742857142858,12.84095714285714,13.56897142857143,14.159142857142857,15.856314285714285,15.239214285714285,13.280942857142858,11.185357142857143,12.466828571428573,13.325614285714284,13.986514285714284,11.7084,10.689757142857143,9.214114285714286,13.283514285714286,14.721142857142857,14.34842857142857,13.097328571428571,12.924028571428574,13.4911,14.840128571428574,12.040071428571428,11.6001,10.348528571428572,11.406971428571428,11.319928571428571,10.114157142857142,11.6612,13.2728,11.438128571428573,10.405157142857144,9.4564,10.090199999999998,9.78267142857143,10.556799999999999,10.6118,12.977028571428573,17.37055714285714,20.203957142857142,20.437199999999997,21.755742857142852,18.45745714285714,17.625185714285717,15.394685714285716,11.17,13.878557142857144,15.585128571428571,14.787285714285712,16.8317,16.69442857142857,18.70307142857143,20.03691428571429,16.184671428571427,15.383157142857142,14.643714285714283,12.27847142857143,10.35282857142857,7.736742857142857,6.428728571428571,5.432285714285714,5.5318,7.475814285714286,9.881471428571428,11.073714285714287,12.153585714285713,13.00917142857143,12.894814285714286,11.74917142857143,10.914285714285715,11.100514285714285,10.043957142857142,9.490328571428572,10.046142857142858,11.022657142857144,10.485442857142859,9.564971428571429,6.995928571428571,6.853742857142857,6.407957142857143,7.701657142857144,8.212171428571429,9.124785714285714,8.945114285714286,9.538185714285715,9.934585714285715,10.020971428571427,7.140357142857143,5.046685714285714,4.119414285714286,4.1338,4.116357142857142,4.453057142857142,5.066528571428571,6.1237571428571425,6.508971428571429,6.449928571428572,6.458485714285714,5.8705428571428575,5.129199999999999,4.4458714285714285,3.830957142857143,3.6901428571428574,4.292314285714286,4.789185714285715,4.779400000000001,4.811442857142857,4.862171428571428,4.692742857142856,4.428042857142857,3.7417857142857143,3.2426142857142857,3.4114428571428577,3.409757142857143,3.1351714285714287,2.792128571428571,2.744342857142857,2.6990857142857143,4.837171428571429,5.018542857142857,4.958542857142858,5.040257142857143,5.267557142857143,5.303385714285715,5.303414285714287,3.194057142857143,2.875228571428571,3.007428571428572,3.0761571428571424,3.5243571428571436,3.5298714285714285,4.194,4.2858857142857145,4.848214285714286,5.518242857142858,5.553885714285714,5.130128571428571,5.720485714285714,5.7705142857142855,5.8854,5.525714285714285,4.7905999999999995,4.769857142857142,4.726771428571429,4.1659,3.8232,3.8356,3.9265000000000003,4.737485714285715,6.1935,6.1516142857142855,7.0996428571428565,9.31622857142857,10.612885714285714,11.764685714285715,11.974757142857143,10.600571428571428,10.680914285714284,12.381285714285713,12.047085714285714,12.695628571428573,11.913757142857145,11.615357142857144,13.49377142857143,15.805228571428573,14.528271428571431,15.426628571428571,14.699814285714286,15.481685714285716,15.751899999999997,14.006400000000001,11.824042857142857,10.567371428571429,7.667642857142858,6.776828571428572,8.451357142857145,10.878642857142856,13.715942857142855,13.43127142857143,14.115971428571429,15.294899999999998,17.21588571428571,16.62907142857143,15.9007,17.153071428571426,17.188,18.9195,20.504699999999996,18.96555714285714,18.91647142857143,16.451128571428573,15.015142857142857,16.352857142857143,14.387028571428573,12.823242857142858,17.14381428571429,15.95094285714286,17.596942857142857,19.21484285714286,18.872999999999998,22.36297142857143,24.591885714285716,19.553757142857144,18.829285714285714,20.087314285714285,15.516242857142858,15.697185714285713,12.99252857142857,9.448985714285714,9.405885714285715,10.80975714285714,7.6232428571428565,7.743971428571428,6.486171428571429,5.067971428571428,5.2620000000000005,6.420657142857143,5.5063571428571425,6.106528571428571,7.2176,8.279814285714284,8.47257142857143,11.556028571428572,14.259328571428572,13.4228,16.44934285714286,15.485871428571427,14.943042857142855,15.039814285714284,14.380671428571427,12.295685714285714,13.023214285714285,12.171142857142858,15.607271428571428,16.262842857142857,16.23697142857143,14.10167142857143,12.291814285714285,13.326014285714285,13.229585714285715,10.5631,9.872671428571428,10.193228571428572,9.980742857142856,10.564771428571428,9.632042857142858,7.9537,7.160414285714286,8.970514285714286,8.607842857142858,8.412171428571428,10.566642857142856,9.869642857142855,8.819542857142856,8.9366,6.647757142857143,8.072285714285714,8.573385714285715,5.5739,5.7329,6.221185714285714,5.9998571428571426,6.088399999999999,4.614471428571428,4.172028571428572,4.367142857142857
103,8.0006,8.0006,16.14965,18.431133333333335,14.698950000000002,12.78372,11.055850000000001,9.89627142857143,9.899257142857142,7.796028571428571,7.802528571428572,10.067414285714287,10.478557142857142,10.922128571428573,10.818542857142859,10.111928571428573,9.886899999999999,7.3290571428571445,5.3776142857142855,5.523785714285714,5.931728571428571,6.926371428571429,9.320042857142855,8.616342857142858,10.776700000000002,12.807342857142858,12.886214285714287,12.772642857142857,13.333771428571428,12.434614285714286,13.138242857142856,10.844800000000003,9.014942857142858,8.978157142857143,8.2995,8.642042857142856,7.2995285714285725,7.302085714285714,9.0379,9.440857142857142,8.6848,10.56557142857143,11.084642857142857,17.495085714285718,16.773485714285716,15.532514285714287,15.339114285714288,16.499757142857142,16.836085714285712,14.502400000000003,9.230357142857143,11.864857142857144,11.346757142857143,11.941542857142855,11.537128571428571,11.1476,11.076257142857143,10.179914285714286,7.55812857142857,9.29972857142857,9.161442857142857,8.153728571428571,6.3065428571428575,8.201457142857143,10.032171428571429,13.017871428571429,13.91667142857143,14.498357142857143,16.520457142857143,17.29807142857143,15.398300000000003,13.074428571428571,10.1935,7.298242857142857,5.358257142857143,4.157571428571429,4.2224571428571425,4.7219,8.093885714285713,9.657942857142856,10.817242857142856,13.607371428571426,16.79205714285714,17.788114285714283,19.64251428571428,16.393642857142858,14.628457142857144,14.29192857142857,12.485785714285715,10.52472857142857,8.6993,6.76842857142857,7.036614285714285,7.417899999999999,7.836771428571429,7.943114285714286,5.925828571428572,6.4517,8.997671428571428,11.98757142857143,13.823628571428571,12.727442857142858,13.518428571428572,13.90242857142857,15.941557142857144,14.834914285714287,12.544957142857143,10.330657142857143,11.511214285714287,12.3997,13.095742857142856,10.856114285714286,10.070271428571429,8.979871428571428,12.195857142857145,13.425342857142857,13.08842857142857,11.96187142857143,11.589928571428572,12.456457142857143,14.177371428571432,12.108457142857144,11.702871428571427,9.976114285714287,11.07002857142857,11.044157142857143,9.715399999999999,10.437800000000001,12.255657142857144,10.558057142857141,9.855242857142857,8.918228571428571,9.633785714285713,9.589899999999998,10.75542857142857,10.707400000000002,13.210871428571428,16.3698,19.004314285714283,19.13507142857143,19.825642857142856,16.49072857142857,15.237528571428571,13.236571428571429,10.445371428571429,11.419371428571429,12.996385714285713,12.762642857142856,15.187257142857144,15.114914285714287,15.54652857142857,17.017757142857143,15.12037142857143,14.675557142857144,13.717557142857144,11.068457142857142,9.526728571428569,8.293642857142858,6.6779,5.724685714285713,5.765114285714286,7.8222000000000005,10.656428571428572,12.281114285714287,15.96732857142857,16.965871428571425,16.68352857142857,15.619214285714287,15.208085714285714,14.033428571428571,12.4316,9.126357142857142,9.73122857142857,10.790899999999999,10.198214285714286,8.6193,6.982628571428571,6.946385714285715,6.620757142857143,8.066071428571428,8.46727142857143,9.08162857142857,9.036085714285713,9.498457142857143,10.261757142857144,10.458228571428574,7.243071428571428,5.3176000000000005,4.5704142857142855,4.687885714285714,4.767528571428572,4.907428571428571,5.5,6.7365,6.821071428571429,6.6968000000000005,6.600714285714287,6.031728571428572,5.125414285714286,4.327442857142857,3.3518714285714286,3.3507285714285713,3.726714285714286,4.369128571428571,4.348685714285714,4.377814285714286,4.349214285714286,4.323128571428571,4.168171428571428,3.727671428571429,3.1105142857142853,3.2639142857142858,3.259657142857143,3.0763571428571432,2.764885714285714,2.7276285714285717,2.6955428571428572,4.898028571428571,5.1381571428571435,5.087985714285715,5.175242857142858,5.291314285714286,5.280500000000001,5.272100000000001,3.0304285714285712,2.694828571428572,2.8363857142857145,3.0157285714285713,3.6311,3.672957142857143,4.384785714285714,4.4263,5.0027,5.3998,5.360557142857142,4.809714285714286,5.170914285714285,5.0766857142857145,5.253857142857143,4.807314285714285,4.337157142857143,4.221471428571428,4.154671428571429,3.8180142857142862,3.5262428571428575,3.513471428571429,3.605457142857143,4.440914285714285,5.756557142857142,5.752414285714286,6.608899999999999,8.104814285714285,9.978071428571427,11.190342857142857,11.191485714285715,9.9023,9.960728571428572,10.805942857142856,11.431314285714285,11.534314285714286,10.724871428571428,10.661757142857143,12.609057142857143,14.950614285714286,14.551442857142858,15.35184285714286,14.363928571428572,15.06032857142857,15.169757142857142,13.585442857142855,11.519385714285713,10.282857142857143,7.129357142857143,6.257828571428571,8.25617142857143,10.423514285714287,13.287885714285713,12.87882857142857,13.168114285714285,14.163214285714286,15.667414285714287,14.495685714285715,14.116942857142858,15.218499999999997,15.313557142857144,17.495471428571427,19.3731,18.18088571428572,19.65132857142857,17.212,16.3048,17.508614285714284,15.468342857142858,17.206214285714285,21.863914285714284,19.253800000000002,20.88062857142857,22.084228571428575,22.08421428571429,25.196457142857145,24.2768,19.07267142857143,18.258042857142858,19.69727142857143,14.96567142857143,15.02844285714286,12.645642857142859,8.979157142857142,8.978214285714285,10.585028571428571,7.2233857142857145,7.397557142857144,6.051814285714285,4.789214285714286,4.992728571428572,6.489257142857143,5.863328571428572,6.637628571428571,7.530714285714285,8.815157142857142,9.421242857142857,12.38342857142857,14.854185714285714,13.995857142857144,16.340928571428574,15.575885714285715,14.576242857142857,14.230428571428572,14.365328571428572,12.544514285714286,12.782428571428571,12.24207142857143,16.374828571428573,17.817000000000004,17.872342857142858,15.106385714285716,12.904742857142859,14.435014285714285,14.831657142857141,11.487099999999998,9.770442857142857,10.043442857142859,10.153985714285714,10.89182857142857,9.832014285714285,7.814057142857143,7.032642857142856,9.153671428571428,8.751142857142856,8.097657142857143,9.481042857142858,8.628014285714288,7.622771428571428,7.5998285714285725,5.476914285714286,7.157514285714285,7.7420285714285715,5.490928571428571,5.915828571428571,6.298628571428572,6.130071428571429,6.307514285714286,4.422657142857142,3.8826714285714283,4.101928571428571
104,9.4317,9.4317,14.58675,17.953466666666667,14.194849999999999,12.225039999999998,10.581916666666666,9.414771428571427,9.213185714285714,7.760242857142858,7.641428571428571,9.492642857142856,10.014728571428572,10.28017142857143,10.250414285714285,9.442871428571427,9.21847142857143,6.636842857142858,5.1744142857142865,5.322742857142857,5.865042857142856,6.8001571428571435,9.489142857142857,8.762514285714285,10.978385714285716,12.944214285714285,13.920414285714285,13.481314285714285,14.176857142857143,13.286671428571427,14.085799999999997,11.750357142857142,10.074885714285715,8.95327142857143,8.658871428571429,8.895428571428571,7.346042857142857,7.492842857142857,9.039742857142857,9.34777142857143,8.6878,10.600200000000001,11.135042857142858,16.58164285714286,15.646,14.222328571428571,14.028628571428571,15.067357142857142,15.084214285714284,12.774557142857143,8.224157142857143,10.800957142857143,10.544328571428574,11.297085714285714,11.115442857142856,11.08852857142857,10.996585714285713,10.117314285714286,7.670128571428571,9.41567142857143,8.823442857142856,7.802657142857143,5.953871428571428,7.8701285714285705,9.502671428571428,12.453285714285714,13.797571428571429,14.086928571428572,15.77477142857143,16.470657142857142,14.559285714285712,12.66342857142857,9.601,6.262985714285715,4.9436857142857145,4.078957142857143,3.9124142857142856,4.278557142857143,7.814042857142858,9.364085714285713,10.252385714285714,12.775557142857142,15.591428571428574,16.661957142857144,18.77022857142857,15.406457142857146,13.755600000000001,13.684642857142858,11.965357142857144,10.637728571428571,8.958428571428573,6.880971428571429,6.9309714285714294,7.006485714285715,6.830557142857144,7.174557142857141,4.8881000000000006,5.576942857142858,8.016242857142858,10.8278,13.082385714285712,12.51817142857143,12.528428571428572,12.778971428571428,14.235328571428571,13.096657142857142,11.150357142857143,8.783157142857144,9.97752857142857,11.565642857142857,12.399314285714285,10.67082857142857,10.002728571428573,8.911314285714285,12.103900000000001,13.230557142857142,12.836014285714286,11.708257142857144,11.25217142857143,12.285,13.463700000000001,11.397442857142858,11.1448,9.433142857142856,10.871342857142858,10.851699999999997,9.486414285714286,10.922685714285715,13.041214285714286,11.218085714285715,10.589857142857143,9.249885714285714,10.069514285714286,10.004014285714286,12.721699999999998,12.600085714285715,15.230657142857142,18.292142857142856,20.685257142857143,20.70928571428571,21.53195714285714,16.636542857142857,14.378657142857142,13.202342857142856,10.557,13.331228571428571,14.8027,14.148399999999999,17.63932857142857,18.703885714285715,17.9095,19.245128571428573,15.866514285714286,14.522714285714285,13.912242857142855,10.03002857142857,8.279914285714286,7.450071428571428,5.888442857142857,4.840871428571428,5.202128571428572,7.201528571428573,9.694728571428572,11.982371428571428,13.268028571428573,13.940299999999997,13.70572857142857,13.474271428571429,12.727814285714286,13.18312857142857,10.894614285714287,9.910042857142857,10.718599999999999,11.062114285714285,10.453899999999999,9.139885714285715,6.214285714285714,6.106157142857143,6.0535,8.343871428571429,10.431028571428572,10.795457142857144,10.73857142857143,11.034157142857142,11.806299999999998,11.9522,8.008285714285716,5.063228571428572,4.398185714285714,4.485942857142857,4.497328571428571,4.512485714285715,5.311828571428571,6.3729000000000005,6.491142857142857,6.3868285714285715,6.322785714285715,5.958799999999999,5.143071428571429,3.935414285714286,3.1738571428571434,3.3265285714285717,3.5580428571428575,3.9054571428571427,3.9082857142857144,3.951214285714286,3.9405571428571426,3.757557142857143,3.441528571428571,3.1266571428571437,2.912914285714286,3.0266428571428574,3.0017,2.853157142857143,2.6673714285714283,2.718257142857143,2.730757142857143,5.0576857142857135,5.2258571428571425,5.1947142857142845,5.225985714285714,5.3283000000000005,5.270414285714286,5.241885714285715,2.7671,2.5370285714285714,2.728985714285714,2.8439714285714284,3.4642428571428567,3.5143857142857144,4.089628571428571,4.148214285714286,4.743571428571428,5.232128571428572,5.3887857142857145,4.868042857142858,5.125785714285714,5.077014285714285,5.210985714285714,4.720942857142857,4.108114285714286,3.8927714285714288,3.885685714285714,3.6738,3.2811285714285714,3.3136,3.2382000000000004,4.0262714285714285,5.225085714285714,5.148071428571429,6.01,7.5083714285714285,9.125342857142858,10.746542857142856,10.562085714285715,9.372457142857142,9.418385714285714,10.920385714285715,11.497728571428572,11.8586,10.798242857142856,10.812899999999999,12.93172857142857,15.37392857142857,14.2402,15.279742857142855,14.11997142857143,14.935628571428575,14.92097142857143,13.252542857142858,11.088542857142855,9.845814285714287,6.693342857142858,5.933628571428571,7.765314285714285,10.076571428571429,12.91992857142857,12.51167142857143,12.828442857142859,13.971800000000002,15.215557142857145,14.174185714285715,14.265757142857142,15.140657142857142,15.2915,17.49352857142857,19.0949,18.300700000000003,19.327185714285715,16.545257142857142,15.614014285714285,16.78317142857143,14.683057142857141,13.710514285714286,18.290714285714284,16.095714285714287,17.74642857142857,18.63838571428571,19.8596,23.044385714285717,24.50402857142857,19.8191,19.40228571428571,20.722014285714287,16.506914285714284,15.508885714285713,12.874999999999998,9.667999999999997,9.187985714285714,10.59947142857143,7.3633999999999995,7.579,6.0634,5.030742857142856,5.214014285714286,6.628928571428571,5.558728571428572,6.2116999999999996,6.925285714285714,8.370257142857144,8.897342857142856,11.880800000000002,14.668457142857145,14.058271428571429,16.597057142857143,15.942642857142857,14.907485714285714,14.594499999999998,14.452457142857142,12.0397,12.309042857142856,11.7015,15.905199999999999,17.157485714285713,17.716914285714285,15.432571428571427,13.50025714285714,13.272099999999998,13.633742857142858,10.212028571428572,8.553185714285714,8.067728571428573,7.628671428571429,8.413100000000002,9.692971428571429,7.0361,6.210371428571428,8.862271428571429,8.81702857142857,8.473428571428572,9.681185714285716,8.248785714285715,7.9059285714285705,7.905928571428572,5.328285714285714,7.167342857142856,7.406757142857143,5.3161,5.593600000000001,6.033,5.834828571428572,5.9378714285714285,3.9510714285714283,3.781571428571428,4.071914285714286
105,4.9898,4.9898,9.24185,13.957533333333332,11.195875,9.786859999999999,8.556433333333333,7.677499999999999,8.110414285714286,7.934742857142858,7.653500000000001,9.570485714285715,9.5532,9.699185714285715,9.670042857142857,8.905857142857144,7.750528571428573,5.287185714285714,3.5418714285714286,4.197985714285714,5.069471428571428,5.950457142857142,8.611057142857144,8.372,10.95567142857143,12.584528571428573,12.719757142857144,12.504557142857143,13.074285714285713,12.072671428571429,12.591842857142856,10.11792857142857,10.090557142857145,9.8693,9.134814285714286,9.66642857142857,8.0971,8.627442857142857,10.232971428571428,9.265028571428571,8.615,10.467557142857144,10.9275,14.08912857142857,13.062385714285712,11.864585714285713,12.039085714285715,13.15217142857143,13.158742857142856,10.79917142857143,8.568914285714285,11.132542857142855,10.459885714285715,11.042257142857142,10.576371428571429,10.565299999999999,10.483128571428571,9.4877,6.993742857142857,8.881914285714284,7.945042857142858,7.099885714285714,5.666528571428572,7.837185714285714,10.095828571428571,12.879214285714285,12.557242857142857,12.678857142857142,13.670357142857144,14.007542857142857,11.849400000000001,9.5241,6.673442857142858,4.989285714285714,4.1683,3.8254571428571427,3.8051,4.057757142857143,7.395457142857142,8.326414285714284,8.907057142857143,10.557114285714286,12.351414285714284,13.272957142857141,15.376557142857141,12.162671428571429,11.190628571428572,11.0485,10.071814285714286,9.6267,7.904100000000001,5.865828571428572,5.756828571428572,6.467357142857144,7.3577,7.557185714285715,5.593771428571428,6.2707,8.84297142857143,11.773085714285715,13.165585714285713,11.841428571428569,11.868471428571429,11.871471428571429,13.37427142857143,11.613028571428572,9.4705,7.360957142857143,8.277014285714285,10.040000000000001,11.126885714285716,9.084685714285714,8.563385714285713,7.7527,10.760085714285713,11.692071428571428,11.253171428571429,10.134028571428571,9.986942857142855,10.749600000000001,11.927328571428571,10.1178,9.386,7.524400000000001,8.756957142857143,8.729685714285715,7.6663,8.913685714285716,10.3446,9.259042857142859,8.864885714285716,7.639628571428572,8.082485714285713,8.052285714285714,10.060457142857144,11.469042857142856,12.256785714285714,16.047428571428572,18.422085714285714,20.731685714285714,21.43961428571429,17.335471428571427,13.863757142857141,14.892114285714287,11.425771428571426,12.271357142857143,11.248642857142856,10.782971428571427,14.205542857142856,15.050600000000001,13.826614285714285,14.529085714285713,12.929785714285712,12.347285714285716,11.876714285714284,8.1685,6.897614285714285,6.328985714285714,5.508071428571428,4.577471428571428,4.629871428571429,6.966371428571429,9.565757142857143,11.398142857142856,12.974428571428572,13.417271428571429,13.203614285714286,12.474657142857144,11.296942857142858,11.12952857142857,9.220771428571428,7.908557142857143,8.429599999999999,8.39787142857143,8.381342857142856,7.247714285714287,4.8135,4.788328571428571,4.658057142857143,6.438400000000001,8.8903,9.083614285714287,9.060471428571429,9.350085714285713,9.669814285714285,9.826428571428574,6.9245714285714275,4.0945285714285715,3.5631,3.6932000000000005,3.6856571428571425,3.9517999999999995,4.2982,5.09732857142857,5.146757142857142,5.118214285714286,5.009485714285715,4.711971428571429,4.110657142857143,3.5179,2.9979,3.2003142857142857,3.354914285714286,3.5351,3.5067285714285714,3.5463999999999998,3.5464142857142855,3.3629285714285713,3.092157142857143,2.8801,2.849157142857142,2.988985714285714,2.949414285714286,2.8277000000000005,2.6787,2.713314285714286,2.7231,5.081071428571428,5.247342857142857,5.212642857142858,5.231328571428571,5.322842857142857,5.253514285714286,5.213571428571428,2.7034857142857147,2.483414285714286,2.6065714285714283,2.6987857142857146,3.1557,3.2233714285714288,3.691042857142857,3.7126999999999994,4.077914285714285,4.334857142857143,4.337128571428571,3.8996,4.0907857142857145,3.9096857142857147,3.9681000000000006,3.618357142857143,3.307242857142857,3.285585714285714,3.2609999999999997,3.0944000000000003,2.927985714285714,2.9231142857142856,2.8838,3.501714285714286,4.560157142857142,4.5506714285714285,5.345857142857143,6.6470714285714285,8.181042857142858,9.637828571428571,9.323085714285714,8.258014285714285,8.266071428571427,8.26607142857143,7.900314285714286,8.161071428571427,7.014085714285715,7.208285714285714,8.8344,11.113957142857144,11.232800000000001,11.938528571428572,11.103342857142858,12.065985714285716,12.00137142857143,10.768628571428573,8.805642857142855,7.87702857142857,6.207171428571428,5.53457142857143,6.877742857142857,9.126114285714285,11.240385714285713,10.850228571428572,11.065299999999997,12.01865714285714,12.7839,11.77277142857143,11.424414285714287,12.287071428571428,12.468185714285713,14.455985714285715,16.275685714285714,16.25492857142857,18.741142857142854,16.6307,15.732314285714285,17.454571428571427,15.604842857142856,14.282714285714286,18.645128571428568,15.444871428571428,16.632442857142856,18.216671428571427,17.428857142857144,20.131357142857144,21.467028571428568,16.1021,15.427371428571428,17.327042857142857,13.306785714285713,13.051257142857141,10.840614285714286,8.108542857142858,7.9566857142857135,9.844242857142858,6.499314285714285,6.599742857142857,5.780699999999999,4.891657142857143,5.145114285714286,6.541257142857143,5.449385714285714,6.189900000000001,6.761499999999998,8.14912857142857,8.732171428571428,11.55262857142857,13.530614285714288,13.224942857142858,15.638342857142858,15.115757142857145,13.8948,13.456757142857143,13.082499999999998,11.438942857142857,11.438942857142857,10.829214285714286,13.620314285714285,14.812199999999999,15.110514285714284,13.162785714285713,11.505371428571427,11.147742857142857,11.351957142857144,8.639899999999999,7.281142857142856,7.024842857142858,6.524942857142858,7.2738571428571435,8.127114285714287,5.9499571428571425,5.8192571428571425,8.294242857142857,8.3106,7.949271428571429,9.2302,8.197428571428572,7.575042857142857,7.525114285714286,5.119671428571429,6.788328571428572,7.297057142857143,5.157514285714286,5.674214285714286,6.130342857142858,5.998514285714286,6.084957142857143,4.175457142857143,3.764057142857143,3.9508571428571426
106,5.1227,5.1227,7.66695,12.1118,9.67935,8.52038,7.5117666666666665,6.786457142857143,7.197328571428572,8.10957142857143,8.118014285714287,10.078857142857142,10.135742857142858,10.236142857142857,10.206071428571429,9.451314285714286,7.686442857142858,5.274614285714286,3.4480714285714287,4.199428571428571,5.472385714285714,6.300857142857143,8.638842857142858,8.373014285714286,10.818357142857142,11.706985714285716,13.030914285714285,12.447571428571427,12.95854285714286,12.247485714285714,13.049828571428574,10.73027142857143,11.553628571428572,10.012242857142857,9.299314285714287,9.754,8.168957142857142,8.328157142857142,9.695042857142855,8.229114285714285,7.577171428571428,9.102357142857143,9.18002857142857,11.940857142857144,10.953257142857142,10.126442857142859,10.268085714285716,10.920042857142857,10.769942857142857,8.976457142857143,6.799185714285715,9.408028571428572,8.548142857142858,9.430414285714287,8.997242857142856,9.259757142857143,9.166142857142857,8.549728571428572,6.015014285714285,7.740828571428572,7.0433142857142865,6.628071428571428,5.243257142857142,6.954828571428571,8.971885714285714,11.825285714285714,10.8395,11.670999999999998,12.203342857142855,12.479071428571428,10.788528571428571,8.720628571428573,5.824985714285716,5.028300000000001,3.494328571428571,3.810071428571429,3.7446428571428574,4.043971428571429,6.6121,6.855214285714285,7.207714285714287,8.2741,9.323885714285714,10.656057142857145,12.161657142857143,9.667785714285714,9.420414285714285,9.477328571428572,8.765014285714285,8.304442857142858,6.42557142857143,4.702514285714286,4.657542857142857,4.6808,4.351628571428572,5.0082,3.595242857142857,3.857457142857143,6.008342857142858,8.785657142857143,9.566485714285713,9.4751,8.7758,8.770457142857143,9.730599999999999,8.606057142857143,6.599285714285714,5.754528571428572,6.123885714285715,8.049171428571428,8.901642857142857,7.677714285714285,7.266428571428571,6.465071428571428,10.226842857142856,10.954142857142857,10.027828571428572,9.205814285714286,9.291471428571427,9.595471428571427,10.39682857142857,6.951871428571429,5.822785714285715,4.504471428571428,5.293857142857142,5.166199999999999,4.520714285714285,5.862571428571428,7.025014285714286,7.074600000000001,7.0405999999999995,6.207014285714287,6.3105714285714285,6.115514285714286,7.914571428571429,8.336785714285714,8.797985714285714,11.03582857142857,11.70112857142857,12.0724,12.3819,8.464071428571428,6.664928571428571,8.519014285714286,6.342157142857142,8.314042857142857,9.194271428571428,9.096671428571428,12.128042857142857,13.04085714285714,10.991414285714283,11.086228571428569,9.0568,8.158428571428571,7.810557142857142,4.783885714285715,3.8186142857142853,3.5484714285714283,3.453157142857143,3.099614285714286,2.8495,4.887828571428571,7.473342857142858,8.261157142857142,9.127085714285714,9.407757142857141,9.460700000000001,9.345785714285713,7.6992,7.171185714285714,6.415385714285713,5.691785714285714,6.173885714285714,6.117528571428572,6.3372714285714284,6.002428571428572,3.9419142857142857,3.9099285714285714,3.9514142857142853,6.095114285714287,7.687485714285715,7.796728571428572,7.761628571428572,7.906385714285714,8.013157142857143,8.002699999999999,5.081099999999999,3.302657142857143,2.927457142857143,2.950771428571429,2.934414285714286,3.0837,3.3761571428571426,3.807171428571429,3.830985714285714,3.8064285714285715,3.8045,3.6288714285714283,3.341714285714286,2.889657142857143,2.5056428571428575,2.5312142857142854,2.6221714285714284,2.6478,2.6478285714285716,2.675814285714286,2.7091142857142856,2.7091000000000003,2.6159428571428576,2.5166142857142857,2.4910428571428573,2.581942857142857,2.5819857142857146,2.4911,2.4002142857142856,2.408857142857143,2.4014714285714285,4.773285714285714,5.0079,4.981857142857143,4.9998,5.083471428571428,5.073242857142857,5.069585714285714,2.6971142857142856,2.443514285714286,2.512,2.5854571428571433,2.8632,2.8867000000000003,3.157757142857143,3.1577571428571427,3.3753,3.3948000000000005,3.3448,3.0698142857142856,3.1422285714285714,2.9899142857142853,3.014485714285714,2.8142857142857145,2.7546714285714287,2.7997,2.7712,2.7123428571428567,2.676871428571428,2.7024428571428567,2.6769,3.1997571428571425,4.300971428571429,4.261285714285714,5.054085714285715,5.8594,6.671628571428572,7.715214285714287,7.420514285714286,6.314,6.379042857142857,6.020742857142857,5.925085714285714,6.10307142857143,5.349214285714285,5.586714285714286,6.632371428571429,8.035514285714287,8.395314285714287,8.667928571428572,8.512585714285715,9.225585714285714,9.068185714285715,8.320985714285715,6.929271428571427,6.1746285714285705,5.188357142857143,4.612171428571429,5.9959999999999996,7.5903285714285715,9.069899999999999,9.06492857142857,9.001571428571427,9.448457142857142,9.719371428571426,8.514085714285715,8.623957142857144,9.049071428571429,9.081100000000001,10.605414285714286,11.26347142857143,11.78152857142857,14.008485714285714,12.671171428571428,12.03917142857143,13.044985714285714,11.995314285714286,11.938671428571428,14.372857142857143,12.009014285714285,12.24622857142857,13.338214285714287,13.338214285714285,14.650785714285716,14.70744285714286,11.2122,10.248942857142854,10.4745,7.8317571428571435,6.9899000000000004,5.822171428571429,4.749585714285714,4.659385714285714,5.792742857142857,4.651957142857143,4.763042857142858,4.520742857142857,3.9133999999999998,4.032028571428571,5.204957142857142,5.012714285714286,5.633671428571428,5.675057142857143,6.811385714285715,7.152514285714285,9.412385714285714,11.376714285714286,10.48387142857143,12.431214285714287,12.900728571428571,12.164271428571428,11.97147142857143,12.047857142857143,10.271571428571429,10.723371428571427,10.171771428571429,13.062685714285712,13.226085714285716,13.5868,11.808657142857143,10.473157142857145,10.520185714285713,11.492671428571429,8.100514285714285,7.735414285714286,7.630571428571429,7.170114285714285,7.734071428571428,8.090014285714286,5.926171428571428,5.762128571428571,6.703485714285713,6.497471428571428,6.316457142857142,6.934957142857143,6.103185714285715,5.237900000000001,5.246271428571428,4.152742857142857,5.039385714285714,5.236657142857142,4.005828571428571,4.612757142857142,5.051571428571428,5.221871428571428,5.19102857142857,4.081028571428571,3.973714285714286,4.093757142857143
107,10.5101,10.5101,8.93585,10.209533333333333,8.473049999999999,7.784519999999999,6.881483333333333,6.236457142857143,5.881099999999999,6.257942857142857,7.08852857142857,8.338,8.228371428571428,8.336557142857144,8.336557142857144,7.540400000000001,6.715200000000001,4.567428571428571,3.2979285714285713,3.8316285714285714,4.953114285714285,5.341214285714285,7.613128571428571,7.515057142857143,9.411271428571428,10.1078,9.55917142857143,9.13417142857143,10.062085714285715,9.244614285714286,9.529114285714286,7.721742857142857,8.297371428571429,8.658128571428572,8.059700000000001,8.294,6.919028571428571,7.008114285714285,7.7721285714285715,6.655285714285713,6.28,6.8784857142857145,6.208728571428571,8.484442857142858,7.919742857142857,8.767428571428571,9.213357142857143,9.776642857142857,10.065299999999999,9.2426,7.680314285714286,8.486457142857143,6.710042857142857,6.986971428571429,6.356299999999999,6.328114285714285,6.246328571428571,5.508414285714286,4.720728571428571,5.776728571428571,5.091314285714286,4.906428571428572,4.151785714285714,5.379885714285714,7.232599999999999,9.706528571428573,8.752999999999998,9.708257142857141,9.903971428571428,9.918342857142857,8.717985714285714,6.818342857142857,4.4534142857142855,4.252071428571429,2.984085714285715,2.9049,3.008714285714286,3.024842857142857,5.513928571428572,5.874414285714287,6.170285714285716,6.519628571428571,7.507142857142857,8.536742857142857,9.662542857142856,7.392942857142856,6.933857142857142,6.665471428571428,6.6966714285714275,6.408128571428572,5.034700000000001,3.9894142857142856,3.7567,4.117557142857143,4.389957142857143,4.402842857142858,3.5760857142857145,3.7968857142857146,5.239014285714286,7.064014285714285,7.0798000000000005,6.796257142857143,6.412057142857143,6.430814285714286,7.3784,7.622871428571429,6.1728000000000005,5.754157142857143,5.877171428571428,6.758242857142856,6.770728571428571,5.533685714285714,4.583628571428571,4.207714285714286,6.598057142857144,7.521314285714287,7.299457142857142,7.286942857142857,7.241814285714286,7.212685714285715,7.475828571428573,5.258957142857143,4.1916,4.161828571428572,4.216671428571429,4.213028571428572,3.7085857142857144,5.116642857142857,5.257928571428571,5.400514285714286,4.741542857142858,4.657885714285714,4.7006571428571435,4.598928571428572,6.5123428571428565,7.043514285714286,8.285428571428572,9.812585714285714,10.486057142857144,10.512142857142857,10.653899999999998,7.1021857142857145,6.327214285714285,6.405571428571429,4.9491571428571435,5.116642857142858,5.657500000000001,5.5013571428571435,7.347214285714287,7.7359285714285715,6.29892857142857,6.3080428571428575,5.636942857142857,5.093685714285714,4.913542857142858,3.0629714285714287,2.6499857142857146,2.6435857142857144,2.6003,2.5053857142857145,2.5437285714285713,4.230885714285714,6.895071428571428,7.329414285714285,7.858542857142857,7.884085714285716,7.8980571428571436,7.878585714285713,6.498857142857143,5.272385714285714,4.858457142857143,4.440614285714285,5.2900285714285715,5.287714285714286,5.335442857142858,5.063942857142857,3.6223,3.601871428571428,3.556171428571428,4.879385714285715,5.696757142857144,5.863914285714286,5.8619,6.0275428571428575,6.091885714285715,6.133299999999999,3.9565000000000006,3.1105571428571426,2.8198,2.8526714285714285,2.7333,2.7356428571428575,2.882242857142857,3.1864,3.223,3.2411999999999996,3.229742857142857,3.1486142857142854,3.0674285714285716,2.8607714285714287,2.5566999999999998,2.5567142857142855,2.651957142857143,2.6848428571428573,2.715557142857143,2.7463285714285712,2.765685714285714,2.7790428571428576,2.7790285714285714,2.6837857142857144,2.654257142857143,2.7238,2.718042857142857,2.629714285714286,2.557057142857143,2.461142857142857,2.475314285714286,4.341057142857143,4.469114285714285,4.434157142857143,4.4341857142857135,4.476971428571429,4.476971428571429,4.434257142857143,2.512042857142857,2.342628571428571,2.4174714285714285,2.4863428571428576,2.635414285714286,2.678185714285714,2.769685714285714,2.8130142857142855,2.9688285714285714,2.961542857142857,2.9337857142857144,2.7521285714285715,2.7967857142857144,2.7967857142857144,2.7534714285714292,2.596342857142857,2.5691571428571427,2.5969142857142855,2.667057142857143,2.667057142857143,2.6844857142857146,2.728042857142857,2.732957142857143,3.0645714285714285,4.146314285714285,4.107428571428572,4.727757142857143,5.74647142857143,6.336557142857143,7.073042857142857,7.007557142857143,5.8798571428571424,5.922085714285715,5.5867571428571425,4.785785714285715,4.957414285714286,4.435757142857143,4.328628571428572,5.414785714285714,6.107342857142856,6.576828571428572,7.757971428571429,7.9767,8.834342857142857,8.834328571428571,7.829314285714285,7.1898,6.444385714285715,4.978028571428572,4.310828571428571,5.5628714285714285,6.410400000000001,6.965628571428572,6.944357142857143,6.948857142857143,7.043042857142858,6.980971428571429,5.530157142857143,5.849557142857143,5.816642857142858,5.930042857142857,6.360985714285714,7.0670142857142855,7.849471428571428,8.012114285714286,6.836385714285716,6.3981,7.085814285714286,6.6612285714285715,8.013542857142857,10.426971428571429,10.173957142857144,10.806514285714286,11.727271428571427,11.126942857142856,11.861257142857141,10.732714285714284,7.198985714285714,6.780657142857143,6.422514285714286,5.31047142857143,5.916385714285714,5.456085714285714,4.440971428571428,4.491614285714285,5.534,5.082814285714285,5.269242857142857,4.3814142857142855,4.032385714285715,4.165414285714286,5.241585714285715,4.6927142857142865,5.609914285714285,5.609914285714287,6.4163571428571435,6.581314285714285,7.704171428571428,9.45042857142857,8.711257142857143,9.309028571428572,9.427385714285716,8.7886,8.7756,9.218171428571429,6.761342857142856,7.201114285714285,7.443542857142857,9.747014285714286,9.939642857142859,9.9624,9.166971428571427,8.944842857142856,10.319742857142858,10.833257142857141,8.402285714285714,8.258542857142857,8.282428571428571,7.457085714285713,8.126685714285713,6.981328571428571,5.554600000000001,5.565371428571429,6.9195142857142855,6.918357142857142,6.993757142857143,7.257571428571429,6.630999999999999,5.957885714285715,5.768085714285713,4.2166,4.745657142857143,4.778942857142857,3.7972,4.542699999999999,4.7883,4.821571428571429,4.814900000000001,4.287,4.390028571428571,4.293628571428571
108,6.5688,6.5688,6.3581,7.840166666666666,6.480525,5.94862,5.307250000000001,4.8865428571428575,5.093871428571428,7.348071428571429,7.923228571428571,9.682728571428571,9.589271428571427,9.632442857142857,9.638042857142858,8.98552857142857,6.870785714285715,5.339214285714285,3.6463,4.221857142857142,4.783771428571428,5.586428571428571,7.498971428571428,6.933,8.739385714285714,9.54732857142857,8.990042857142857,8.796785714285715,8.806728571428572,7.296142857142857,7.538342857142857,6.054100000000001,6.268485714285715,6.6343000000000005,6.435485714285714,6.848200000000001,6.399142857142857,6.63492857142857,6.5444571428571425,5.9639999999999995,5.640599999999999,6.270271428571428,5.528385714285713,7.014085714285714,6.459328571428571,6.714657142857143,6.2176,6.687657142857143,6.258442857142858,5.773614285714286,4.478257142857143,4.560828571428571,3.8783142857142856,4.309557142857143,3.839514285714286,4.187314285714286,4.2619428571428575,3.9671857142857148,3.9146428571428564,3.933071428571428,3.5495857142857146,3.3991,2.8147285714285712,3.1052142857142857,4.094428571428572,5.271071428571429,5.2190142857142865,5.1747571428571435,5.155128571428571,5.021114285714286,4.672314285714285,3.690957142857143,2.5392714285714284,2.4873857142857143,2.4553714285714285,2.7304142857142857,3.0055,2.9970714285714286,5.4459285714285715,5.612857142857143,5.7012857142857145,6.050600000000001,6.577757142857144,7.564157142857143,8.40517142857143,6.224771428571428,5.9539285714285715,6.020314285714286,5.963071428571429,6.013428571428571,5.130285714285714,4.4209000000000005,4.152571428571429,4.208242857142857,4.722742857142857,4.949657142857143,4.078571428571428,4.504057142857143,5.455357142857143,6.538142857142857,7.165642857142856,6.5397285714285704,6.163042857142857,6.198971428571428,6.260528571428572,6.260528571428572,5.684699999999999,4.964014285714286,5.061914285714286,5.7744,5.776685714285714,4.940028571428571,4.355885714285714,3.848614285714286,5.137371428571428,5.834057142857142,7.033399999999999,7.042371428571428,6.994814285714285,6.819028571428572,6.809357142857143,5.933428571428571,5.094928571428571,3.861614285714286,4.128442857142857,4.092857142857143,3.902685714285714,5.029857142857144,4.664257142857143,4.737514285714286,3.940928571428571,3.6272571428571427,3.685928571428571,3.6926142857142854,5.071599999999999,5.6738,6.804714285714285,8.367157142857142,8.923499999999999,8.9513,8.982414285714286,6.483728571428571,5.896014285714285,5.967785714285715,4.4054142857142855,4.469742857142856,4.467485714285714,4.320042857142857,5.210085714285715,5.232614285714286,4.018257142857143,4.019385714285715,3.495085714285715,3.494014285714286,3.466271428571429,2.5788571428571427,2.551085714285714,2.531414285714285,2.527414285714286,2.4536571428571428,2.4536142857142855,3.1525857142857143,4.451842857142857,4.766742857142857,5.163371428571429,5.180442857142857,5.180442857142857,5.199428571428571,4.547728571428572,3.9156285714285715,3.622514285714286,3.2517,3.5397571428571433,3.5868428571428574,3.828671428571428,3.804228571428571,3.134585714285714,3.1345428571428573,3.1535285714285712,3.7730285714285716,3.9239,3.6836857142857142,3.641242857142857,3.6599285714285714,3.6557,3.6149428571428572,2.668242857142857,2.4583714285714287,2.3759,2.3977428571428567,2.3971714285714287,2.400171428571429,2.4915714285714285,2.723542857142857,2.7243285714285714,2.7507999999999995,2.7392285714285713,2.671685714285714,2.6069999999999998,2.4893857142857145,2.2573714285714286,2.2567428571428576,2.307414285714286,2.334442857142857,2.3463,2.370914285714286,2.4177142857142857,2.4021714285714286,2.3763285714285716,2.2992142857142857,2.2619142857142855,2.2775571428571424,2.2619714285714285,2.1919,2.178471428571428,2.167442857142857,2.1643,3.132614285714286,3.192314285714285,3.189185714285714,3.193871428571428,3.199542857142857,3.197057142857143,3.186714285714286,2.1996857142857142,2.183814285714286,2.2598714285714285,2.339714285714286,2.4550857142857145,2.5282428571428572,2.616828571428571,2.6804142857142854,2.6978,2.6953714285714283,2.6385285714285716,2.5414,2.5584571428571428,2.5651428571428574,2.524142857142857,2.4798142857142857,2.4197428571428574,2.4595285714285713,2.4684142857142857,2.4109142857142856,2.390685714285714,2.422614285714286,2.449585714285714,2.622114285714286,3.546985714285714,3.5268000000000006,3.8944000000000005,4.475542857142857,4.8439000000000005,5.221457142857142,5.100042857142858,4.166314285714285,4.217985714285715,4.160471428571428,3.7578142857142858,3.9339857142857144,3.691114285714286,3.8331714285714287,4.834028571428571,5.379142857142857,5.884328571428571,6.240214285714286,6.411485714285713,6.963657142857142,6.840657142857142,5.921914285714284,5.410128571428571,4.637871428571429,4.046885714285714,3.5656571428571424,4.4374142857142855,5.475585714285715,5.679985714285714,5.677257142857143,5.739314285714286,5.863085714285714,5.926785714285714,5.202285714285714,5.1894285714285715,5.538200000000001,5.593942857142856,5.818728571428571,6.181585714285714,6.938085714285713,6.8711714285714285,5.980714285714286,5.426457142857143,5.575428571428572,5.355914285714285,7.414857142857143,8.984399999999999,9.056642857142856,9.963757142857142,10.954485714285713,10.8098,11.644614285714285,10.161328571428571,7.4804571428571425,6.71112857142857,5.809599999999999,4.700785714285714,5.342214285714285,4.521171428571429,3.504071428571429,3.559357142857143,4.552028571428572,4.341542857142858,4.372971428571429,3.6005857142857143,3.5024285714285717,3.4975,4.569614285714286,4.121085714285714,4.387671428571428,4.677171428571428,5.000528571428572,5.1695142857142855,6.5308142857142855,7.330699999999999,6.989557142857143,7.772742857142856,8.206728571428572,7.918071428571428,7.893585714285713,7.609328571428571,6.113985714285714,6.455128571428572,6.352242857142857,6.643914285714286,6.729414285714285,6.736185714285715,6.325314285714286,5.933571428571429,6.244271428571429,6.409242857142858,5.4935285714285715,5.470985714285715,5.431514285714286,4.7686,5.426657142857143,4.9806857142857135,4.398014285714285,4.505614285714286,4.9872571428571435,4.878728571428572,4.842171428571429,5.210299999999999,4.881828571428572,4.353957142857142,4.3290428571428565,3.896328571428571,4.587571428571429,4.8279,3.976642857142857,4.425585714285714,4.835928571428572,4.765857142857143,4.657228571428571,4.1275,4.218757142857143,4.237685714285715
109,7.4409,7.4409,6.575200000000001,7.4724,6.22405,5.8379199999999996,5.21825,4.821314285714286,5.082714285714286,6.1643,6.611714285714285,8.542685714285714,8.41382857142857,8.538414285714284,8.544014285714285,7.817971428571428,6.545814285714287,5.287171428571429,3.4772285714285713,4.2036999999999995,4.9478,5.739942857142856,7.330085714285714,7.303371428571428,8.785971428571427,10.273471428571428,9.446085714285713,9.360185714285715,9.356657142857143,8.314442857142858,8.400585714285715,7.140228571428572,6.630542857142856,6.948600000000001,6.321142857142858,7.091185714285714,6.407314285714286,6.865571428571428,7.248442857142857,6.525457142857142,6.300542857142857,6.783185714285715,5.7009285714285705,6.819957142857143,6.114742857142858,6.308785714285714,5.941,6.045185714285714,5.685242857142856,5.231842857142857,4.7931857142857135,4.830214285714286,3.902857142857143,4.683414285714286,4.991828571428571,5.555671428571428,5.555942857142857,4.729314285714286,4.634371428571428,4.7953,4.0546999999999995,3.4976999999999996,3.4479,3.7601000000000004,4.126071428571429,4.914771428571429,4.711285714285714,4.711328571428572,4.7219,3.968842857142857,3.6288000000000005,3.3252714285714284,2.553314285714286,2.5319142857142856,2.462828571428571,2.738771428571429,2.979914285714286,2.9807285714285716,4.979971428571429,5.147228571428571,5.218128571428571,5.469928571428572,6.282042857142857,7.210271428571429,7.5171,5.731271428571428,5.491971428571428,5.504842857142857,5.664828571428571,5.734985714285714,4.904442857142857,4.589985714285715,4.316185714285714,4.327228571428572,4.793928571428572,5.0814,3.8858,4.349971428571428,4.729671428571429,5.5563142857142855,6.089257142857143,5.523128571428571,4.8762428571428575,4.8939571428571425,5.4554857142857145,6.030099999999999,5.270785714285714,4.6895999999999995,4.703,5.462342857142857,5.467771428571427,4.094157142857143,3.7478285714285713,3.685542857142857,4.8269142857142855,5.631285714285714,6.1168,6.259042857142857,6.2134,5.832571428571429,6.168642857142857,5.0917,4.294071428571429,3.655785714285714,4.055071428571429,4.055757142857143,3.8191142857142855,4.1365428571428575,4.482399999999999,4.4713,3.8226285714285715,3.2670285714285714,3.324614285714286,3.5114285714285716,4.197971428571429,4.1028,4.934728571428571,6.696357142857143,6.736585714285715,6.715000000000001,6.611071428571429,5.281757142857144,4.983928571428571,5.019357142857144,3.277328571428572,3.5247857142857137,3.614571428571428,3.5440714285714283,3.924214285714285,3.9652,3.117971428571429,3.1003999999999996,2.8524285714285718,2.792214285714286,2.7545,2.373285714285714,2.3614857142857137,2.360442857142857,2.347914285714286,2.3272857142857144,2.3260285714285707,2.5717,2.951828571428571,2.993171428571429,3.2895857142857143,3.2895857142857143,3.2887999999999997,3.2695714285714286,3.0841142857142856,3.067542857142857,3.037585714285714,2.7854142857142854,3.165542857142857,3.209828571428571,4.062942857142857,4.009128571428572,3.6455714285714285,3.6007857142857143,3.6011571428571427,3.9442,4.229542857142857,3.4152142857142858,3.454742857142857,3.472214285714286,3.5391857142857144,3.5161285714285717,2.790357142857143,2.4695428571428573,2.4281571428571427,2.4046,2.4087,2.395971428571429,2.5301,2.759485714285714,2.7481000000000004,2.7895999999999996,2.8352142857142857,2.793485714285714,2.7457142857142856,2.5698428571428567,2.3228714285714287,2.3227714285714285,2.2812571428571427,2.240285714285714,2.226942857142857,2.2270428571428575,2.2446,2.2980714285714288,2.2981714285714285,2.267285714285715,2.2626,2.2759857142857145,2.2759571428571426,2.2468285714285714,2.1818,2.1609428571428575,2.1778000000000004,2.5930714285714282,2.6576,2.6983142857142854,2.706657142857143,2.741542857142857,2.7483428571428568,2.7415142857142856,2.332,2.3036,2.2921714285714287,2.365614285714286,2.8063428571428566,2.7912714285714286,2.8739428571428576,2.919771428571429,2.9555571428571423,2.9555714285714285,2.964728571428572,2.5708999999999995,2.6934571428571425,2.6934571428571425,2.660485714285714,2.6246857142857145,2.6704857142857144,2.6602285714285716,2.6271428571428572,2.5509,2.5442428571428573,2.5250142857142857,2.505728571428572,2.507171428571428,4.182914285714285,4.161714285714286,4.496185714285715,5.1609,5.636871428571429,5.989185714285715,5.991342857142858,4.263457142857143,4.2645,4.139214285714286,3.826214285714286,4.040571428571429,3.7560714285714285,3.8880000000000003,4.756142857142857,5.446414285714286,5.939914285714286,6.252928571428571,6.283114285714285,6.7328,6.613914285714286,5.814171428571428,5.192300000000001,4.523657142857143,3.803,3.220842857142857,3.7042428571428565,4.972971428571428,5.161014285714287,5.110514285714285,5.558314285714286,5.923285714285716,5.875185714285714,5.351214285714286,5.049842857142857,5.819242857142858,6.097671428571428,5.861742857142858,5.7933,6.518928571428573,6.703985714285715,6.038485714285715,5.169200000000001,5.672057142857143,5.498414285714285,7.323914285714285,8.535942857142857,8.491942857142858,9.0968,10.041785714285714,9.332657142857144,10.05844285714286,8.752428571428572,6.682542857142857,6.1526571428571435,5.261428571428572,4.1996142857142855,4.781642857142857,4.21,3.3902,3.437357142857143,4.391100000000001,4.2984857142857145,4.288971428571428,3.5914571428571427,3.377471428571429,3.4116571428571425,4.509114285714285,4.284228571428572,4.631714285714287,4.775714285714286,5.120185714285715,5.482799999999999,6.626142857142857,8.558157142857143,8.059014285714285,8.832328571428572,9.915614285714286,9.626785714285715,9.405514285714286,9.334542857142855,6.571000000000001,6.818385714285715,6.818385714285715,6.673342857142858,6.838557142857143,6.841214285714286,6.474114285714286,6.232271428571429,6.962685714285714,7.169071428571428,6.239485714285714,6.250585714285713,6.138828571428571,5.4491571428571435,5.706585714285714,5.078342857142857,4.225942857142857,4.292185714285714,5.131628571428571,5.259985714285714,5.214685714285715,5.9740142857142855,5.335928571428572,4.898714285714285,4.856128571428571,4.0304714285714285,4.101285714285715,4.281285714285715,3.4553285714285713,3.7359571428571425,4.3903428571428575,4.229628571428571,4.089285714285714,3.873471428571428,4.027271428571428,3.8779
110,7.9908,7.9908,7.13305,8.677766666666667,7.07835,6.407439999999999,5.684533333333333,5.190757142857143,5.194071428571429,5.769585714285715,5.517071428571429,6.830528571428571,6.805542857142858,6.906300000000001,6.93797142857143,6.371428571428573,5.601657142857143,4.548171428571429,3.299657142857143,4.0074,5.189614285714286,5.984499999999999,7.369,7.509442857142858,8.7325,9.486685714285713,8.662714285714285,7.662299999999999,7.662271428571428,6.844299999999999,7.002328571428572,6.547071428571429,6.782414285714286,6.974914285714285,6.927485714285714,7.320971428571428,6.666785714285715,6.997314285714286,6.580671428571429,5.784185714285714,5.756742857142858,6.588100000000002,5.725728571428571,6.4825,5.590728571428571,6.5533,6.336442857142856,6.618428571428572,6.399014285714286,6.102842857142858,5.655928571428572,5.774885714285714,4.471857142857143,5.2498571428571426,5.028414285714285,5.0304714285714285,4.9562857142857135,4.535542857142857,4.358957142857142,4.827285714285714,4.0866,3.8033714285714284,3.675657142857143,4.230757142857143,4.433985714285714,5.0990714285714285,4.641414285714285,5.118842857142857,5.128385714285714,4.577471428571428,4.060328571428571,3.857585714285715,3.142057142857143,3.0484714285714287,2.4846571428571425,2.603971428571429,2.475214285714286,2.4703142857142857,4.0824428571428575,4.257,4.2856,4.348085714285714,5.219414285714286,6.3123,6.305057142857143,4.7149,4.5124571428571425,4.688614285714286,5.565428571428571,5.792985714285714,4.969942857142857,4.996857142857143,4.932042857142858,4.980628571428572,5.335071428571429,5.0197714285714286,3.799257142857143,4.034585714285714,4.400857142857142,5.431985714285714,5.691,5.151885714285714,4.654428571428572,4.660157142857143,7.019871428571428,7.393042857142857,6.3706000000000005,6.047457142857143,6.372371428571428,7.074071428571428,7.078242857142857,4.3572999999999995,4.130757142857142,4.122057142857143,6.263328571428572,6.680857142857143,6.9033428571428574,7.0232,6.829757142857143,7.1013714285714284,7.543928571428571,5.486328571428571,4.709485714285714,4.713500000000001,5.390142857142856,5.3907,4.598542857142858,4.521428571428571,4.489485714285714,4.506228571428571,3.4963142857142864,2.6746142857142856,2.735514285714286,2.8602142857142856,3.0737857142857146,3.1058142857142856,3.9473285714285713,5.7689571428571425,5.8179428571428575,5.773785714285714,5.947971428571428,5.4033,5.377357142857142,5.856800000000001,4.023885714285714,4.499471428571428,4.565985714285714,4.267528571428571,4.911771428571428,4.926114285714285,3.667042857142857,3.685457142857143,3.2143,3.1956428571428575,3.1509285714285715,2.5083428571428574,2.4976714285714285,2.483657142857143,2.467028571428571,2.4591285714285713,2.760142857142857,2.9754571428571426,3.5648142857142857,3.7077285714285715,3.9791142857142856,3.9964857142857144,3.9323142857142854,3.6391999999999998,3.5137571428571435,3.4929285714285716,3.3597285714285716,3.105571428571429,3.8895000000000004,4.0023285714285715,4.7883000000000004,4.745085714285715,4.156214285714285,4.153357142857143,4.194242857142856,4.182814285714286,4.302128571428571,3.5304,3.508085714285714,3.5327142857142855,3.554057142857143,3.5214571428571424,2.7426142857142857,2.5639285714285713,2.5673285714285714,2.5450857142857144,2.5463428571428572,2.5286428571428567,2.5529714285714284,2.619757142857143,2.6590285714285713,2.6403000000000003,2.6879142857142857,2.668914285714286,2.6688,2.6256571428571425,2.554542857142857,2.5152428571428564,2.554414285714286,2.558242857142857,2.5290571428571424,2.529185714285714,2.529314285714286,2.5696000000000003,2.595342857142857,2.527,2.5426571428571427,2.5718,2.5717999999999996,2.540985714285714,2.467457142857143,2.409728571428571,2.4757714285714285,2.9385285714285714,2.976057142857143,2.9869999999999997,2.9857,3.0141571428571425,3.069785714285714,2.994457142857143,2.483942857142857,2.4131,2.4162571428571433,2.4866571428571427,2.5662,2.5046142857142857,2.551885714285714,2.5519000000000003,2.6241714285714286,2.624128571428571,2.624757142857143,2.589042857142857,2.7037714285714283,2.7338857142857145,2.7611571428571433,2.7351428571428573,2.7340571428571425,2.690271428571428,2.6622714285714286,2.5965285714285713,2.587957142857143,2.595342857142857,2.545328571428571,2.564,2.8546857142857145,2.830657142857143,3.1062428571428575,3.5399285714285713,3.8238857142857148,4.249542857142857,4.249542857142857,3.966214285714286,4.009671428571428,3.7894857142857137,3.596771428571429,3.963628571428571,3.6414142857142857,3.687914285714286,4.472085714285715,4.710928571428572,5.431257142857143,5.608042857142857,5.118842857142857,5.523814285714286,5.513857142857142,4.795385714285715,4.594385714285714,3.8508,3.4050857142857147,3.4050857142857147,4.002414285714286,5.002857142857143,5.002942857142857,4.896457142857143,5.0663857142857145,5.157485714285714,5.072171428571429,4.2919285714285715,3.905928571428572,4.393971428571429,4.522971428571429,4.581428571428572,4.4749,5.182714285714285,5.576971428571428,5.058657142857143,4.868757142857143,4.942371428571429,4.835228571428571,5.945057142857142,6.634657142857143,6.1812142857142875,7.089285714285714,7.795257142857143,7.7097999999999995,8.393085714285714,8.130257142857142,6.6000571428571435,6.448185714285714,5.572557142857144,4.501014285714286,5.054628571428571,4.277171428571429,3.401728571428571,3.435314285714285,3.4121857142857146,3.1535428571428574,3.1275714285714287,2.4340857142857146,2.3297285714285714,2.3461,3.2076,3.280071428571428,3.638542857142857,3.7912571428571433,4.057314285714286,4.650714285714286,5.516957142857144,7.326314285714285,7.418942857142858,7.946028571428571,9.19072857142857,8.960571428571429,8.528971428571428,8.877314285714286,6.369000000000001,6.8746285714285715,7.122057142857143,7.0288571428571425,7.180642857142858,7.198014285714287,7.221214285714287,7.049357142857143,7.574385714285714,7.796271428571428,6.648428571428572,6.650428571428571,6.579485714285714,5.3688142857142855,5.583257142857142,4.8007,4.060899999999999,4.116271428571428,4.993857142857143,4.900342857142857,4.878814285714285,5.479685714285714,5.065757142857143,4.575057142857142,4.517114285714285,3.679242857142857,4.0556,4.0602857142857145,3.3371285714285714,3.470628571428571,3.890185714285714,3.742,3.5540285714285713,3.1776714285714287,3.3789857142857143,3.4451571428571426
111,9.2985,9.2985,6.7663,8.879199999999999,7.264825,6.6587000000000005,5.899816666666667,5.391771428571429,5.271942857142858,6.6516714285714285,6.079114285714286,7.713057142857143,7.606414285714285,7.771085714285713,7.796385714285713,7.086085714285714,6.042714285714285,5.241371428571427,3.7596857142857147,3.9686,5.496142857142857,6.1455714285714285,7.483642857142857,7.141571428571429,8.100314285714287,8.739671428571429,8.4453,7.083842857142857,7.520714285714287,6.8274,7.3741142857142865,6.909114285714286,7.132671428571429,7.302214285714287,7.198128571428571,7.202685714285713,6.44792857142857,6.7111285714285716,6.553442857142857,5.783471428571429,5.797785714285714,6.479599999999999,5.625271428571429,6.379928571428572,5.3714,5.839471428571429,5.6488571428571435,5.888014285714286,5.2581428571428575,5.0369,4.561314285714285,4.543671428571429,3.6242285714285707,3.890999999999999,3.459185714285714,4.104242857142857,4.032342857142857,3.746514285714285,3.7421,3.892528571428571,4.077271428571429,3.988242857142857,3.801285714285714,4.4836857142857145,4.665014285714285,5.046457142857142,4.895257142857142,4.605985714285715,4.6252571428571425,3.9219857142857144,3.2675428571428573,3.191657142857143,2.7899000000000003,2.7382428571428576,2.5336142857142856,2.8259,2.8497999999999997,3.0811999999999995,4.256157142857143,4.256142857142857,4.275371428571429,4.275385714285714,5.0802000000000005,5.867685714285714,5.635414285714285,4.796885714285715,4.745557142857144,5.022342857142857,5.824685714285715,5.821885714285714,5.568614285714284,5.604157142857143,5.1248,5.162857142857143,5.684228571428571,5.664642857142858,4.5801,4.8341714285714295,5.347442857142858,6.316828571428571,6.597085714285714,5.7783428571428574,5.713571428571428,5.734442857142858,7.0655857142857155,7.125771428571428,6.1501714285714275,5.813257142857144,5.937671428571429,6.007942857142857,5.999242857142856,3.9866857142857137,4.093942857142857,4.110057142857143,5.250342857142857,5.561685714285715,5.808457142857144,6.201157142857142,6.0244285714285715,5.6631857142857145,6.446257142857142,5.358585714285715,4.900228571428571,5.219742857142857,5.1167428571428575,5.117171428571429,4.772771428571429,4.403971428571429,4.404314285714286,4.393057142857144,3.048028571428571,2.7488428571428574,2.812757142857143,3.350342857142857,3.551285714285714,3.5891857142857146,4.4409,5.919128571428572,5.950499999999999,5.9044285714285705,5.4975000000000005,4.881014285714286,4.851814285714286,4.704085714285715,3.2134571428571426,3.221971428571429,3.2690714285714284,3.174071428571429,3.8444,3.8497857142857135,3.2058142857142857,3.203142857142857,3.1905142857142854,3.1928857142857145,3.1233285714285715,2.4563857142857146,2.452814285714286,2.453457142857143,2.4525857142857146,2.434657142857143,2.524142857142857,2.5922571428571426,3.021557142857143,3.0746285714285717,3.131757142857143,3.1560857142857146,3.088857142857143,2.980671428571429,2.9794000000000005,3.0290142857142857,2.9526000000000003,2.8850428571428575,3.1404571428571435,3.212914285714286,3.5265285714285715,3.5083142857142855,3.029357142857143,3.0622142857142856,3.7027285714285716,3.9983,4.180885714285714,3.9324571428571424,3.927428571428571,3.9224142857142854,3.931828571428571,3.3033142857142854,2.683642857142857,2.445557142857143,2.3487999999999998,2.3036571428571433,2.278,2.232657142857143,2.2345857142857146,2.321028571428571,2.321042857142857,2.3405857142857145,2.3478285714285714,2.373414285714286,2.3611714285714283,2.307471428571428,2.2193857142857145,2.2193857142857145,2.199857142857143,2.175414285714286,2.1130714285714287,2.105771428571429,2.107271428571429,2.1824285714285714,2.1824285714285714,2.1652142857142858,2.2252285714285716,2.262,2.280442857142857,2.2738571428571426,2.1807857142857143,2.1903285714285716,2.2472857142857143,3.013057142857143,3.0778571428571433,3.0991571428571425,3.145314285714286,3.249014285714286,3.2344000000000004,3.2041714285714287,2.405128571428571,2.3237142857142854,2.3526285714285713,2.3443428571428577,2.268042857142857,2.268042857142857,2.253442857142857,2.272585714285714,2.344457142857143,2.351685714285714,2.3947857142857143,2.4814000000000003,2.572257142857143,2.673442857142857,2.673428571428572,2.608128571428572,2.5733,2.526085714285714,2.458585714285714,2.401471428571429,2.3473571428571427,2.361542857142857,2.361942857142857,2.3636714285714286,2.5000571428571425,2.5007857142857146,2.7723714285714287,3.0306428571428574,3.5301142857142858,4.218371428571428,4.2175714285714285,4.0945285714285715,4.128271428571429,3.933871428571429,3.730471428571429,3.589171428571429,2.933214285714286,2.9665571428571424,3.776214285714286,3.7966428571428574,4.103585714285714,4.419528571428572,4.858657142857143,5.321114285714286,5.275042857142857,4.616485714285714,4.648185714285715,4.332828571428571,3.9619857142857144,3.2279428571428572,3.8461,4.657357142857143,5.079171428571428,4.960985714285714,4.979100000000001,5.638114285714286,5.658185714285715,4.870685714285714,5.1054571428571425,4.685900000000001,5.024128571428571,5.0261571428571425,4.360557142857143,4.985585714285714,4.963514285714285,4.223542857142857,4.663085714285715,4.589814285714287,4.628728571428572,6.030900000000001,6.6369,6.511099999999999,7.302028571428571,7.793342857142856,7.6335,8.317514285714285,7.672457142857143,6.31222857142857,6.2473142857142845,5.390171428571428,4.311914285714286,4.6543,3.910471428571429,3.1646571428571426,3.188157142857143,3.1136285714285714,2.841028571428572,2.839142857142857,2.4019285714285714,2.3390999999999997,2.4928999999999997,3.4591000000000003,3.603971428571429,3.9899714285714287,4.361614285714286,4.400328571428571,4.5793857142857135,5.224200000000001,6.801128571428571,6.941657142857143,7.591328571428571,8.299728571428572,8.2998,8.278614285714287,8.49687142857143,6.125000000000001,6.472142857142857,6.503514285714286,6.658142857142857,6.824914285714287,6.834571428571429,6.620914285714286,6.443399999999999,7.070742857142856,7.299785714285714,6.212557142857143,6.174671428571429,6.1098,5.3448142857142855,5.5676,4.743557142857143,3.9984571428571427,4.0125714285714285,4.676814285714285,4.562314285714286,4.499428571428571,5.101642857142857,4.6398,4.093057142857143,3.907428571428571,3.2817142857142856,3.6424857142857143,3.6424857142857143,2.8252857142857146,3.0339428571428573,3.661885714285714,3.661871428571428,3.470357142857143,3.1095714285714284,3.318228571428571,3.4568857142857143
112,8.0284,8.0284,6.526,7.9737,6.6227,6.0893,5.4315,5.010342857142858,5.236757142857143,6.6014285714285705,6.327242857142857,8.148771428571429,8.119,8.348285714285714,8.3642,7.602457142857143,6.591814285714286,5.749128571428572,4.0958000000000006,4.463314285714286,5.940599999999999,6.772985714285715,9.203657142857143,8.743585714285715,9.745514285714284,10.307057142857143,9.840114285714284,8.55917142857143,8.499085714285714,6.599871428571428,7.135142857142857,6.498557142857144,6.5476,6.738700000000001,6.553485714285714,6.914014285714286,6.361514285714286,6.360514285714286,6.280714285714285,5.7396714285714285,6.258557142857143,6.857957142857144,5.959271428571429,6.51167142857143,5.793442857142857,6.556285714285714,6.334471428571428,6.03632857142857,5.495214285714285,5.2889285714285705,5.291857142857142,5.301771428571429,4.225257142857143,4.242185714285714,4.064185714285714,4.012228571428572,3.929485714285715,3.191842857142857,3.1624857142857143,3.5725428571428566,4.886814285714285,4.611085714285714,5.388799999999999,5.780142857142857,5.968314285714286,6.509585714285714,6.2881285714285715,4.997228571428572,4.953357142857143,4.2192,3.861771428571429,4.411657142857143,3.834171428571428,3.5750571428571427,3.5150857142857146,3.7361857142857144,3.5658142857142856,3.9679571428571427,4.204585714285714,4.196,4.3048,4.304814285714286,5.16557142857143,5.885857142857143,5.505985714285715,5.139685714285713,5.079171428571428,5.295299999999999,6.0127999999999995,5.727028571428571,5.535842857142856,5.513599999999999,4.8465,4.893657142857143,5.707714285714286,5.547928571428571,4.749614285714286,4.941285714285714,5.423228571428571,6.599000000000001,6.779114285714286,5.642657142857142,6.94602857142857,7.327771428571428,9.41692857142857,9.199914285714286,8.0241,7.782400000000001,7.8144285714285715,6.736728571428571,6.36757142857143,3.7746142857142857,4.3067142857142855,4.532442857142857,5.616528571428572,5.631685714285715,5.850700000000001,6.1272,5.772714285714286,5.802,6.418614285714286,5.350357142857143,5.2677,5.200642857142857,5.290557142857142,5.290399999999999,4.418642857142857,4.373399999999999,4.373399999999999,4.357499999999999,3.6170714285714283,3.212585714285715,3.246771428571429,4.696185714285714,4.179485714285714,4.219842857142857,4.737057142857142,5.9781571428571425,5.9998,5.981542857142857,4.6793571428571425,4.411314285714285,4.410728571428572,5.163785714285715,3.732385714285715,3.8595714285714284,3.898028571428572,3.808328571428572,4.038628571428572,4.051842857142857,2.850514285714286,2.8286714285714285,2.716371428571428,2.7192000000000003,2.6523714285714286,2.363585714285714,2.3001142857142858,2.246157142857143,2.2431857142857146,2.2422714285714287,2.2610428571428574,2.3305857142857143,2.5938000000000003,2.653914285714286,2.8054857142857146,2.8161857142857145,2.752,2.691042857142857,2.669642857142857,2.4748571428571426,2.4091142857142853,2.257542857142857,2.7319,2.7591,3.1698285714285714,3.1785428571428573,3.1499428571428574,3.2049285714285713,3.6088,3.686628571428571,3.7301428571428565,3.3878,3.3530571428571427,3.3618714285714284,3.3787428571428566,3.0339142857142853,2.4160142857142857,2.339528571428571,2.255857142857143,2.226842857142857,2.215185714285714,2.1576714285714287,2.133557142857143,2.1492428571428577,2.154628571428572,2.169057142857143,2.1834714285714285,2.162042857142857,2.162042857142857,2.1262857142857143,2.1159285714285714,2.1249857142857143,2.125,2.1107,2.0799714285714286,2.0800428571428573,2.071,2.130342857142857,2.1159285714285714,2.1015714285714284,2.1846714285714284,2.2368999999999994,2.2367999999999997,2.2310285714285714,2.1658999999999997,2.1654714285714283,2.219185714285714,2.4538,2.4863571428571434,2.525742857142857,2.604214285714286,2.7070000000000003,2.7190857142857143,2.6769857142857143,2.384528571428571,2.311328571428571,2.2692142857142854,2.202785714285714,2.1866857142857143,2.1747,2.1747142857142854,2.1610571428571426,2.251785714285714,2.330285714285714,2.330342857142857,2.3221428571428575,2.424842857142857,2.5212000000000003,2.534871428571428,2.4441428571428574,2.4320142857142857,2.4845,2.460185714285714,2.411585714285714,2.360042857142857,2.389828571428571,2.4692285714285718,2.483285714285714,2.5605,2.5512000000000006,2.609314285714286,2.664414285714286,2.9219,3.0363571428571428,2.9703714285714287,2.9101285714285714,2.891685714285714,2.8913857142857142,2.882557142857143,2.627342857142857,2.4770142857142856,2.5442428571428573,3.2360571428571427,3.301085714285714,4.083357142857143,4.321485714285714,4.976814285714285,5.547114285714285,5.4657857142857145,4.931414285714285,4.966500000000001,4.186857142857143,3.960185714285714,3.6480857142857137,4.028528571428572,4.749871428571429,4.629742857142857,4.514442857142857,4.695257142857143,5.03757142857143,4.768185714285714,3.9596142857142858,4.232171428571428,4.353942857142857,5.151585714285714,5.713957142857143,5.317814285714285,5.919885714285714,5.919885714285714,5.771385714285715,5.868614285714286,5.8511999999999995,5.331257142857142,6.559414285714285,6.969171428571428,6.9083428571428565,7.194057142857143,7.999699999999999,7.249357142857143,7.769285714285713,6.867057142857143,5.734771428571428,5.729585714285714,4.937600000000001,3.8469857142857147,3.9595857142857147,3.2258714285714283,2.8711999999999995,2.891985714285714,2.8400857142857143,2.5070142857142854,2.5339428571428573,2.4187714285714286,2.3332,2.668942857142857,3.722757142857143,3.8912714285714287,4.552357142857143,4.720871428571429,4.746942857142857,5.326228571428572,5.817671428571428,7.806514285714286,8.426128571428572,8.614557142857143,9.482157142857144,9.497371428571428,9.100771428571429,9.335657142857142,6.482185714285714,6.5628714285714285,6.839842857142857,7.065785714285716,7.241485714285716,7.264985714285714,7.065900000000001,6.906014285714286,6.795742857142857,7.0335857142857146,5.908828571428572,5.907571428571429,5.738571428571428,5.097814285714286,5.290785714285714,4.793057142857143,4.094957142857143,4.158857142857142,5.384628571428571,5.459614285714286,5.460971428571428,6.335157142857144,6.104457142857143,5.456271428571428,5.250914285714286,4.025142857142858,4.607257142857144,4.427328571428572,3.4428142857142854,3.6122,4.062271428571429,4.062285714285715,3.8837000000000006,3.2266000000000004,3.409885714285714,3.507042857142857
113,11.0866,11.0866,8.0518,8.701133333333333,7.20395,6.634780000000001,5.884883333333334,5.3970142857142855,4.910228571428571,6.617071428571429,6.3315,7.721485714285714,7.5707571428571425,7.793999999999999,7.842071428571427,7.352557142857142,6.245214285714285,5.630542857142856,4.445685714285714,4.5906714285714285,6.072657142857143,7.0085428571428565,8.565057142857142,8.395557142857143,10.30862857142857,10.552200000000001,10.462428571428571,9.474157142857143,9.5096,8.437828571428572,7.9169285714285715,6.6185857142857145,7.3393,7.417257142857143,6.945657142857143,7.117299999999999,6.499171428571429,7.0195,6.613685714285714,5.779342857142857,6.945799999999999,7.764585714285714,6.824085714285714,7.496114285714285,6.783242857142857,7.3825714285714295,7.047085714285714,5.885628571428572,5.6592714285714285,5.460885714285714,5.596185714285715,5.576357142857143,4.644785714285715,4.660400000000001,5.482228571428572,5.376857142857142,5.311285714285715,4.3692714285714285,4.634714285714287,5.375871428571429,6.140085714285715,5.115885714285715,5.779800000000001,6.586671428571429,6.867442857142857,8.3064,8.306557142857143,7.511642857142858,7.4584,6.128985714285714,5.3461,5.8686428571428575,4.100071428571429,3.290914285714286,3.2834857142857143,3.5739000000000005,3.8347,4.179428571428572,4.1826,4.190957142857143,4.532814285714286,4.524500000000001,5.2476714285714285,5.760814285714285,5.407457142857143,4.951728571428572,4.895171428571429,4.823514285714286,5.746185714285714,5.520885714285714,5.520885714285714,5.512099999999999,5.1608285714285715,5.205742857142858,6.1313571428571425,5.888042857142858,5.084257142857143,5.257585714285715,6.023385714285714,7.207714285714284,7.310642857142858,6.116642857142857,7.291914285714285,7.608957142857143,9.608885714285716,8.946057142857143,7.7408,7.579885714285714,7.599500000000001,6.440328571428572,6.102385714285715,3.2615857142857143,3.6214000000000004,4.116357142857143,5.256928571428572,5.222700000000001,5.273414285714286,5.683728571428572,5.493414285714286,5.695142857142857,6.200385714285715,5.093814285714285,5.0766285714285715,5.367114285714286,5.362128571428571,5.362799999999999,4.659457142857143,4.1327,4.117842857142857,4.099457142857142,3.151485714285714,2.807271428571429,2.8467,3.682414285714285,3.2668142857142857,3.3134142857142854,3.5245714285714285,4.5081428571428575,4.436185714285714,4.415171428571428,3.772271428571428,3.770057142857143,3.7679857142857145,5.072157142857143,4.017328571428572,4.089300000000001,4.135471428571429,3.988814285714285,4.1011,4.102714285714285,2.6519142857142852,2.6315571428571425,2.6111571428571425,2.5963142857142856,2.5310285714285716,2.333142857142857,2.267885714285714,2.2165142857142857,2.188785714285714,2.1680571428571427,2.188514285714285,2.2822285714285715,2.4416857142857142,2.4717857142857147,2.602242857142857,2.5785714285714287,2.543757142857143,2.5016571428571432,2.421828571428571,2.355971428571429,2.325871428571429,2.181557142857143,2.261242857142857,2.296328571428571,2.677942857142857,2.724471428571429,2.6813285714285713,2.6952142857142856,3.0129714285714284,3.3585571428571432,3.3811571428571425,3.052785714285714,3.0079285714285713,3.0133,3.032514285714286,2.7706142857142857,2.3374142857142854,2.2648,2.182957142857143,2.1676,2.1274,2.109857142857143,2.0697,2.0807142857142855,2.086457142857143,2.1018142857142856,2.1018,2.1017571428571427,2.1017571428571427,2.101585714285714,2.1001714285714286,2.1098142857142856,2.1002,2.100214285714286,2.0575857142857146,2.059057142857143,2.059071428571429,2.1672714285714285,2.1576285714285715,2.1519714285714286,2.176857142857143,2.2598,2.2583142857142855,2.2465,2.122242857142857,2.1267857142857145,2.149557142857143,2.521785714285714,2.5525285714285713,2.591528571428572,2.627185714285715,2.6507,2.6507285714285715,2.638271428571428,2.2804285714285712,2.2043142857142857,2.160285714285714,2.1314,2.1188857142857147,2.1188571428571428,2.1187714285714287,2.0909142857142857,2.103657142857143,2.1942,2.1942,2.1942142857142857,2.287057142857143,2.3646,2.3635142857142855,2.3507857142857143,2.2986857142857144,2.2986714285714283,2.3371142857142857,2.320857142857143,2.3247,2.3611571428571425,2.3877142857142855,2.342057142857143,2.8651142857142857,2.8530857142857142,2.876985714285714,2.8960999999999997,3.1454857142857144,3.2265285714285716,3.2339857142857142,2.710171428571428,2.689442857142857,2.6644857142857146,2.9583714285714287,2.7621714285714285,2.6910857142857147,2.7274,3.049285714285714,3.0541428571428573,3.5966285714285715,3.523357142857143,3.6925571428571433,3.9771571428571426,3.939828571428571,3.797414285714286,3.8903571428571424,3.3758142857142857,3.155785714285714,3.743657142857143,4.303414285714285,5.187828571428571,5.123128571428572,5.0222,5.342142857142858,5.904700000000001,5.188614285714286,4.642114285714285,4.6990285714285704,4.714271428571429,5.559100000000001,5.983057142857143,5.3547,5.988828571428571,5.778928571428571,5.076999999999999,7.101942857142857,7.1019571428571435,6.787657142857142,8.155357142857143,8.595671428571427,8.609457142857142,9.503942857142857,8.482871428571428,7.653299999999999,7.966057142857141,7.410457142857142,6.31387142857143,6.304857142857142,5.564314285714286,5.080828571428571,5.273085714285715,4.486671428571428,3.6622,3.613114285714286,3.5397571428571433,3.151542857142857,2.5578142857142856,2.4056428571428574,2.3674,3.2464000000000004,4.2584285714285715,4.486514285714286,5.574142857142857,5.740899999999999,5.72612857142857,6.625342857142856,6.580957142857143,8.13537142857143,8.922828571428571,8.806857142857144,9.492242857142857,9.671771428571429,8.974042857142857,9.096528571428571,6.672485714285713,6.217042857142856,6.374499999999999,6.411885714285716,6.4113999999999995,6.392971428571428,6.562814285714286,6.41487142857143,6.881928571428571,7.654042857142857,6.974685714285713,7.0250571428571424,7.058385714285714,6.696057142857143,6.9869,6.149957142857143,4.858199999999999,4.999871428571429,5.7713142857142845,5.813557142857142,5.382571428571429,6.247685714285715,6.055414285714286,5.679157142857143,5.340385714285714,4.367242857142857,5.046785714285714,4.927814285714286,3.9641000000000006,4.1596142857142855,4.331928571428572,4.3319857142857146,4.4987,3.682857142857143,3.7201285714285715,3.7215428571428575
114,9.5288,9.5288,7.2739,7.5250666666666675,6.629550000000001,6.177020000000001,5.524716666666667,5.11417142857143,4.960185714285714,6.703428571428572,6.500142857142857,7.309414285714285,7.283242857142858,7.490371428571429,7.642085714285714,7.043557142857142,6.761385714285715,6.436,5.812485714285714,5.823542857142857,6.965128571428571,7.807385714285714,8.824442857142857,8.077685714285714,9.788857142857143,10.158657142857143,10.029285714285717,9.82977142857143,9.80877142857143,9.329757142857144,8.516542857142857,6.669542857142858,6.696557142857143,6.688885714285715,5.762185714285715,5.749957142857142,5.038514285714286,6.058999999999999,6.297914285714286,5.755985714285714,7.549657142857143,8.149657142857142,7.412228571428571,8.1227,6.910757142857142,7.967199999999999,7.708842857142857,6.047385714285714,6.3890714285714285,6.194371428571428,6.6425,6.623171428571429,5.244642857142857,5.2880714285714285,6.115728571428571,5.345771428571429,5.373785714285714,4.114242857142857,4.576657142857143,5.328028571428571,5.715685714285714,4.5933142857142855,5.810471428571428,6.736428571428571,7.039728571428571,7.315928571428572,7.533442857142857,7.113014285714286,7.148671428571428,5.578514285714285,4.581771428571429,5.090271428571429,4.298885714285715,3.2726,3.3166571428571427,3.765014285714286,4.039285714285714,4.628771428571428,4.705928571428571,4.693128571428572,5.117971428571429,5.106114285714285,5.744857142857143,6.252257142857142,5.639971428571429,4.941742857142857,4.902557142857143,4.818757142857143,5.576514285714285,4.8225428571428575,4.8225428571428575,4.827285714285714,4.642457142857142,4.681385714285716,5.832057142857143,5.825685714285716,5.484171428571429,5.484157142857143,6.283871428571429,7.219842857142858,7.238657142857144,5.75477142857143,5.454014285714286,5.800757142857144,6.691371428571428,5.966714285714285,5.026928571428572,4.954700000000001,4.965471428571428,4.806957142857144,4.426242857142857,2.7781857142857143,3.2159857142857144,3.416671428571429,5.359514285714286,5.301700000000001,5.238442857142857,5.818528571428572,5.717871428571429,6.001357142857143,6.9722,5.0445,5.0454857142857135,6.004328571428571,5.750500000000001,5.750571428571429,4.910942857142857,4.025385714285714,4.025485714285714,4.026628571428572,2.8062,2.5507571428571434,2.5658142857142856,3.558671428571429,3.3000285714285718,3.362757142857143,3.838142857142858,4.502485714285714,4.470528571428572,4.4705,3.6350000000000002,3.619957142857143,3.5953000000000004,3.4503999999999997,2.7755,2.8039571428571426,2.804,2.6862,2.7879714285714288,2.7753000000000005,2.4434285714285715,2.461457142857143,2.4697428571428572,2.4972,2.4427714285714286,2.280542857142857,2.240185714285714,2.241014285714286,2.181885714285714,2.107842857142857,2.146485714285714,2.2230142857142856,2.3234,2.3789857142857143,2.4636,2.4636142857142858,2.4651,2.4177714285714282,2.3569428571428572,2.3650999999999995,2.3094571428571427,2.2249285714285714,2.310785714285714,2.3093428571428576,2.4466428571428573,2.5074571428571426,2.456057142857143,2.4718142857142857,2.841957142857143,2.9027428571428575,2.960657142857143,2.8900285714285716,2.8327428571428572,2.8390857142857135,2.9060142857142854,2.5577285714285716,2.3956714285714287,2.3222714285714288,2.222257142857143,2.2033,2.157542857142857,2.0942000000000003,2.118414285714286,2.2093714285714285,2.2159142857142853,2.2332714285714284,2.2332428571428564,2.233228571428571,2.2316142857142856,2.1874285714285713,2.1153999999999997,2.1871714285714288,2.176271428571429,2.176414285714286,2.1590857142857147,2.160914285714286,2.1609142857142856,2.201628571428571,2.136314285714286,2.1472857142857142,2.1844714285714284,2.288185714285714,2.2863571428571428,2.2678857142857143,2.207185714285714,2.2043142857142857,2.2356571428571423,2.7447714285714286,2.727314285714286,2.7587571428571427,2.7824714285714287,2.8005,2.800442857142857,2.7617714285714285,2.2753,2.211642857142857,2.172842857142857,2.1672857142857143,2.1603285714285714,2.1575428571428574,2.157442857142857,2.108685714285714,2.1090142857142857,2.153057142857143,2.1460142857142857,2.1471285714285715,2.2266857142857144,2.3220285714285716,2.3209000000000004,2.3079285714285716,2.3100857142857145,2.3100714285714288,2.347757142857143,2.3487,2.329014285714286,2.355657142857143,2.367028571428572,2.313514285714285,2.492771428571429,2.480571428571429,2.511342857142857,2.6123714285714286,3.191057142857143,3.2726571428571427,3.2912857142857144,3.1112428571428565,3.0847857142857147,3.0685857142857142,3.041471428571428,2.5059857142857145,2.448685714285715,2.473,3.3204285714285713,3.3316857142857144,4.1746428571428575,4.204299999999999,4.220657142857143,4.799642857142857,4.763228571428571,4.095842857142857,4.188171428571429,3.356642857142858,3.2789571428571427,4.039385714285714,4.271657142857143,5.1389571428571434,5.039957142857142,4.936914285714286,5.021985714285715,5.5765,4.852200000000001,4.472728571428571,4.472714285714285,4.7520999999999995,5.079928571428572,5.738057142857143,5.0961,5.629842857142857,5.266185714285713,4.627185714285715,6.421585714285714,6.94,6.959328571428571,8.077871428571429,8.554442857142858,8.57077142857143,9.377057142857144,8.355657142857144,7.601842857142858,7.7693571428571415,7.483628571428571,6.473314285714286,6.475514285714286,5.832442857142857,4.821557142857143,4.841728571428571,3.9212428571428575,3.1175428571428574,3.051271428571429,2.9882714285714287,2.602657142857143,2.5402285714285715,2.4888714285714286,2.434885714285715,3.398557142857143,4.237871428571428,4.640042857142857,5.768457142857143,5.9351,5.895942857142858,6.698442857142857,6.5884285714285715,7.8464857142857145,8.550214285714286,8.554514285714285,9.341457142857141,9.522671428571428,8.8636,9.016485714285714,6.925085714285714,5.985828571428571,6.160457142857142,6.255085714285714,6.276000000000001,6.276000000000001,6.576185714285715,6.568271428571428,8.059428571428572,8.415528571428572,7.594357142857143,7.757514285714286,7.763657142857143,6.938128571428572,7.131714285714287,5.4870285714285725,4.176442857142857,4.165242857142856,4.957314285714285,5.021328571428571,4.769785714285713,6.365714285714286,6.3473999999999995,6.237128571428572,5.989714285714286,5.0022714285714285,5.660657142857143,5.441885714285715,3.6260285714285714,3.8212714285714284,3.8630714285714283,3.9046857142857143,3.9871714285714286,3.294157142857143,3.4109285714285713,3.6560428571428565
115,21.4751,21.4751,12.82675,9.999133333333333,8.4179,7.469119999999999,6.5796166666666664,6.000828571428571,4.079557142857142,5.935771428571428,6.064628571428571,7.071971428571429,7.9189,8.088585714285713,8.126985714285714,7.454671428571428,5.989328571428571,5.714142857142858,4.813957142857143,4.047671428571428,5.182842857142857,6.1551,8.685842857142857,9.129257142857142,11.115471428571428,11.571628571428572,11.313214285714285,11.64307142857143,11.57012857142857,9.734942857142856,9.147385714285715,7.278200000000003,7.332714285714288,7.392928571428572,5.877185714285715,5.723871428571428,5.043457142857143,5.446557142857143,5.454414285714286,4.910857142857142,6.7233285714285715,7.442442857142857,6.865657142857143,7.518957142857142,6.602899999999999,7.8614428571428565,7.5929714285714285,5.9764285714285705,5.541114285714286,5.386814285714286,6.4493,6.5131571428571435,5.050028571428571,5.113814285714285,5.9225,5.922471428571429,5.9025285714285705,4.010257142857143,4.829028571428572,5.563128571428571,5.672128571428571,4.562771428571429,5.001657142857143,6.102685714285713,7.140999999999999,7.0436571428571435,7.114114285714286,6.957185714285715,7.0077,6.2210857142857146,5.686685714285714,5.416471428571428,4.644785714285715,3.7798714285714285,3.7959857142857136,4.3011857142857135,4.413114285714285,4.145042857142857,4.258957142857143,4.250442857142857,4.6489142857142856,4.852942857142857,5.426214285714286,6.372428571428571,6.015099999999999,5.31752857142857,5.282357142857143,5.692414285714285,6.271557142857143,5.409599999999999,5.137685714285714,5.1521,5.004657142857143,5.054228571428571,5.913928571428571,5.8103,5.581314285714286,5.582299999999999,6.378942857142856,7.175800000000001,7.175757142857143,5.543142857142856,4.984285714285714,5.377714285714285,6.133157142857143,5.349871428571428,4.527928571428571,4.483257142857143,4.675942857142857,5.0712142857142855,4.642685714285714,3.280014285714286,4.0633,4.7324,5.7997,5.542728571428571,5.3223,5.4871428571428575,5.236057142857143,5.232057142857143,5.740542857142858,4.671928571428571,4.686,5.1957571428571425,5.246042857142856,5.245871428571429,4.407185714285714,3.6988999999999996,3.733157142857143,3.7192714285714286,2.9107714285714286,2.7652285714285716,2.781057142857143,3.8290714285714285,3.822228571428571,3.8535428571428567,4.0521142857142864,4.919314285714286,4.911671428571429,4.911642857142858,3.9207285714285716,3.479128571428571,3.4531428571428564,3.6633285714285715,2.7408142857142854,2.7478714285714285,2.7479,2.7365,2.740585714285714,2.7406000000000006,2.3302857142857145,2.376,2.376428571428572,2.4011142857142858,2.3394857142857144,2.2778714285714288,2.2223571428571427,2.2215,2.174942857142857,2.103271428571429,2.1478571428571427,2.225228571428571,2.3261714285714286,2.379414285714286,3.2011714285714286,3.2011714285714286,3.218771428571429,3.1661428571428574,3.103828571428571,3.1008857142857145,3.047657142857143,2.2259285714285713,2.3095428571428576,2.3094714285714284,2.4497714285714283,2.508942857142857,2.474457142857143,2.4894857142857143,3.0837285714285714,3.0897714285714284,3.1277142857142857,3.0202999999999998,2.962942857142857,2.9352000000000005,2.989842857142857,2.416328571428571,2.3119,2.2478000000000002,2.182557142857143,2.1659714285714284,2.147071428571429,2.113171428571429,2.113114285714286,2.2019571428571427,2.2019714285714285,2.202,2.201985714285714,2.202,2.183057142857143,2.164157142857143,2.1320714285714284,2.2005142857142856,2.206757142857143,2.206871428571428,2.190314285714286,2.232485714285714,2.232485714285714,2.2325142857142857,2.1641285714285714,2.1745714285714284,2.234742857142857,2.3412714285714284,2.3006571428571427,2.2946714285714287,2.241257142857143,2.246857142857143,2.271,2.792614285714286,2.772671428571429,2.8158000000000003,2.8288285714285712,2.8491285714285715,2.847928571428571,2.8177285714285714,2.291842857142857,2.2669428571428574,2.2163142857142857,2.2164428571428574,2.203357142857143,2.2035285714285715,2.1921857142857144,2.1599,2.1160428571428573,2.1295142857142855,2.1163714285714286,2.123542857142857,2.2139857142857142,2.3219142857142856,2.3088142857142855,2.317585714285715,2.317142857142857,2.3571285714285715,2.3900285714285716,2.395157142857143,2.3766,2.3893285714285715,2.386414285714286,2.3731999999999998,2.4899857142857136,2.462671428571429,2.4716142857142858,2.7187999999999994,3.2719428571428573,3.352685714285714,3.3658857142857137,3.2089571428571424,3.1971285714285713,3.211185714285715,3.179428571428572,2.681014285714286,2.6169000000000002,2.6433714285714283,3.4899428571428572,3.5020999999999995,4.051785714285714,3.799685714285714,3.8340999999999994,4.319171428571428,4.279514285714285,4.008871428571429,4.524114285714286,3.963142857142858,4.027057142857143,4.588071428571429,4.9197,5.802671428571429,5.266842857142857,4.738471428571429,4.774242857142858,5.754242857142857,5.211985714285714,5.152671428571429,5.147728571428571,5.3136857142857155,5.929542857142858,6.632742857142858,5.560757142857143,6.286557142857143,5.614300000000001,4.966114285714286,6.913814285714286,6.9693,7.000500000000001,8.119371428571428,8.405085714285715,8.4589,9.234585714285714,8.213128571428571,8.342628571428572,8.470414285714286,8.34367142857143,7.330114285714286,7.3485571428571435,6.945571428571428,6.263271428571429,5.510757142857144,4.622614285714286,3.6654857142857145,3.743542857142857,3.6454428571428568,3.0469857142857144,2.6527571428571433,2.660085714285714,2.5984000000000003,3.5885571428571432,4.239128571428572,4.507214285714285,5.350485714285715,5.509385714285714,5.4745,6.266128571428571,6.446857142857143,7.2776571428571435,8.9799,8.89042857142857,9.621428571428572,9.767128571428573,9.142271428571428,8.970028571428571,7.334857142857143,5.865457142857143,6.481214285714286,6.3829142857142855,6.357185714285714,6.332942857142856,6.220999999999999,6.383114285714286,7.58292857142857,7.410400000000001,6.999814285714287,7.179857142857144,7.089328571428573,6.7472,6.786557142857143,5.062900000000001,4.516742857142857,4.324428571428571,5.164928571428571,5.300314285714285,4.977785714285714,6.790942857142857,6.749957142857142,6.325057142857143,6.104642857142857,5.187714285714286,5.741728571428572,5.496485714285714,3.464085714285715,3.6832857142857143,3.7257285714285717,3.766228571428571,3.792242857142857,3.221457142857143,3.2998,3.504642857142857
116,13.3697,13.3697,8.2564,6.927966666666666,6.1412249999999995,5.54158,4.975666666666666,4.615928571428571,3.6843714285714286,5.918842857142857,5.9230857142857145,6.645328571428572,7.624857142857144,7.825514285714286,7.866985714285716,7.306971428571428,5.331671428571427,5.135642857142857,5.0039,4.170599999999999,5.396828571428571,6.1470714285714285,8.497285714285713,9.310828571428571,11.505828571428571,11.4598,11.215614285714285,10.990528571428571,10.99382857142857,9.526142857142856,8.608842857142857,6.41387142857143,6.109342857142858,6.230514285714286,5.1608285714285715,4.903671428571428,4.202985714285714,5.0271,5.108714285714286,4.933957142857143,6.800285714285715,7.5044571428571425,7.217842857142857,7.523071428571429,6.430057142857144,7.953457142857142,7.731557142857143,5.998314285714286,5.575357142857143,5.362414285714286,6.716728571428571,6.770614285714287,5.155071428571429,5.170614285714286,5.964414285714286,5.964371428571428,5.910628571428572,3.9668285714285716,4.7519285714285715,5.486957142857142,5.522314285714286,4.423814285714285,5.179314285714286,6.647942857142858,7.714142857142856,7.772114285714286,7.799057142857143,7.698928571428572,7.732542857142856,6.591385714285715,5.149785714285715,4.843242857142857,3.9365999999999994,3.0903285714285715,3.1401714285714286,3.277685714285714,3.345285714285714,3.9295,3.9990285714285716,3.9990571428571426,4.374014285714286,5.1329142857142855,5.806385714285715,6.549714285714287,5.926357142857143,5.183057142857144,5.154514285714286,5.382585714285715,5.4109,4.606257142857143,4.849085714285715,4.872942857142858,4.813899999999999,4.860414285714286,6.1314142857142855,6.000342857142857,5.997142857142857,5.7191857142857145,6.518185714285714,7.321728571428571,7.290628571428572,5.499642857142858,4.920471428571427,5.4228000000000005,7.625871428571429,6.8343,6.0083,6.005771428571429,6.284985714285716,6.525214285714286,5.988785714285713,3.8220428571428573,4.311871428571428,5.137871428571428,6.259728571428572,5.8771571428571425,5.746699999999999,5.847200000000001,4.989042857142856,5.287114285714286,5.992214285714285,4.862557142857143,4.861714285714286,4.937485714285715,5.049328571428572,5.049214285714286,4.2089428571428575,3.2869999999999995,3.3389999999999995,3.329999999999999,3.114685714285714,3.351257142857143,3.3656285714285716,3.546257142857143,3.4205714285714284,3.4674142857142862,4.269042857142857,4.744328571428572,4.352914285714286,4.352885714285715,4.224000000000001,3.7680285714285717,3.706842857142857,2.977671428571429,2.3735571428571425,2.4478142857142857,2.4335,2.427185714285714,2.4271428571428575,2.4272,2.363742857142857,2.4091857142857145,2.3658,2.4301142857142857,2.3710999999999998,2.3120857142857147,2.260814285714286,2.265957142857143,2.2256571428571426,2.122871428571428,2.2017571428571427,2.2882142857142855,2.428442857142857,2.4947142857142857,2.6872857142857143,2.709171428571429,2.7497857142857143,2.647442857142857,2.5797,2.526457142857143,2.478885714285714,2.298114285714285,2.374557142857143,2.352814285714286,2.5243285714285717,2.592057142857143,2.5782,2.579657142857143,3.4030857142857145,3.5013,3.608042857142857,3.4712285714285716,3.400414285714286,3.3818000000000006,3.4180857142857137,2.5898428571428567,2.3916571428571425,2.271557142857143,2.2123285714285714,2.196285714285714,2.1573857142857142,2.1553285714285715,2.1971714285714286,2.2856285714285716,2.285671428571429,2.2695857142857143,2.2695142857142856,2.2695285714285713,2.230714285714286,2.178757142857143,2.1448,2.2108857142857143,2.216942857142857,2.217,2.201042857142857,2.2183,2.2743571428571427,2.2356,2.1795428571428572,2.1896714285714287,2.2240142857142855,2.3468428571428572,2.3856428571428574,2.3232285714285714,2.2929999999999997,2.2877,2.3182714285714283,2.843657142857143,2.8057857142857148,2.817814285714286,2.829857142857143,2.848642857142857,2.8476571428571424,2.810742857142857,2.327128571428571,2.315857142857143,2.2414857142857145,2.241828571428571,2.2297285714285713,2.2297857142857143,2.219157142857143,2.164814285714286,2.1018,2.1295714285714284,2.1172,2.1180857142857143,2.2101285714285717,2.3143142857142855,2.3022142857142858,2.301157142857143,2.279985714285714,2.2799857142857145,2.316114285714286,2.3176142857142854,2.3122000000000003,2.310928571428571,2.342428571428571,2.3286142857142855,2.645814285714286,2.632071428571429,2.709942857142857,2.938914285714286,3.325957142857143,3.3805571428571426,3.397271428571429,3.0786714285714285,3.0549285714285714,3.020442857142857,3.139528571428571,2.8268999999999997,2.7722714285714285,2.8350428571428568,3.6108857142857143,3.674557142857143,4.678857142857142,4.265928571428572,4.276542857142857,4.7113,4.637585714285714,4.0346714285714285,4.288642857142858,3.2475857142857136,3.3238857142857134,4.305314285714286,4.686371428571428,5.5531,5.3942,5.077185714285713,5.232385714285714,6.551242857142857,5.5876285714285725,5.459171428571429,5.4707,5.577185714285714,6.271471428571429,6.892128571428572,5.486342857142858,6.041642857142857,5.439357142857142,5.056171428571427,6.070057142857143,5.705128571428572,5.902842857142857,6.819657142857143,7.200957142857143,7.2035285714285715,9.296985714285714,9.296985714285714,9.086557142857144,8.971171428571429,8.725514285714286,7.803885714285713,7.867399999999999,5.737914285714285,5.247085714285714,5.202457142857142,4.360757142857143,3.720928571428572,3.6484857142857146,3.515171428571428,3.0606428571428568,2.4678,2.4426428571428573,2.3751714285714285,3.3523428571428573,3.837757142857143,4.004714285714285,4.767728571428571,4.934671428571428,4.903471428571428,5.881942857142858,6.071114285714286,6.9087000000000005,8.525314285714286,8.488057142857143,9.097414285714287,9.276942857142858,8.429471428571429,7.844757142857142,6.495800000000001,4.879185714285714,6.205114285714286,6.0585571428571425,5.9862714285714285,5.999414285714286,5.8142000000000005,5.8478714285714295,7.598457142857143,6.780742857142856,6.544928571428571,6.741485714285714,6.642785714285714,6.845685714285714,7.026499999999999,5.111457142857143,4.229228571428571,4.0186,5.470471428571429,5.6216857142857135,5.2545142857142855,6.855728571428571,6.830514285714285,6.576514285714286,6.3692714285714285,4.899571428571428,5.515771428571428,5.2661428571428575,3.4840571428571434,3.7063857142857146,3.991271428571428,4.032271428571429,3.9608,3.3425142857142864,3.487328571428572,3.680171428571428
117,10.2323,10.2323,7.205500000000001,6.189866666666667,5.367,4.91338,4.472083333333333,4.174114285714285,3.6511428571428572,5.752114285714286,6.473257142857143,7.204671428571428,8.127571428571429,8.214042857142859,8.25677142857143,7.802728571428572,5.784242857142857,4.804200000000001,4.656557142857143,3.7757285714285715,4.796014285714286,5.117585714285714,6.8517,7.602657142857142,9.70322857142857,9.370842857142858,9.224285714285715,9.3452,9.591099999999999,8.404942857142858,7.556685714285715,5.537957142857143,5.564157142857143,5.569428571428571,4.428242857142857,4.189857142857142,3.7446571428571427,4.305285714285715,4.419842857142856,4.339157142857142,6.295442857142858,7.0280000000000005,6.917071428571428,7.042314285714285,6.213828571428572,7.620071428571428,7.341914285714287,5.643685714285715,5.102728571428572,5.4795428571428575,6.817257142857143,6.835785714285715,5.294157142857144,5.366542857142856,6.196457142857143,6.420757142857142,5.847371428571429,4.129614285714286,4.460814285714286,5.210328571428572,5.128728571428572,3.9945999999999997,4.523614285714286,6.221628571428572,7.890942857142856,8.372114285714286,7.9370714285714286,7.936985714285713,7.980214285714284,6.948642857142857,5.185971428571428,3.7102285714285714,2.8909857142857147,2.4849285714285716,2.536714285714286,2.642114285714286,2.7197285714285715,3.2961285714285715,3.9151714285714285,3.931857142857143,4.352328571428571,4.636642857142858,5.336028571428571,6.000128571428571,5.409100000000001,4.6162285714285725,4.571671428571428,4.7001,5.183385714285714,4.382671428571428,4.555085714285714,4.591857142857142,4.5805,4.645185714285714,5.881157142857142,5.562400000000001,5.549985714285714,5.470828571428571,6.254385714285715,7.059542857142858,7.016185714285713,5.480785714285714,5.214985714285715,5.554085714285714,8.398014285714286,7.604485714285714,6.777571428571429,6.808642857142857,6.8083,7.324071428571428,6.955471428571428,4.099328571428571,4.661542857142857,5.304385714285714,6.644757142857143,6.3937428571428585,5.673357142857143,5.723371428571428,4.865285714285714,5.278014285714286,6.529528571428571,5.140428571428572,5.139442857142858,5.564814285714286,5.8243285714285715,5.824128571428572,4.798228571428571,3.1967571428571433,3.241757142857143,3.2331142857142856,3.004385714285714,2.7392142857142856,2.7530285714285716,3.594157142857143,3.4571714285714283,3.4708285714285716,4.323785714285714,4.156042857142857,4.145628571428571,4.1456,3.354114285714286,3.225957142857143,3.203171428571429,2.4152714285714287,2.3344142857142858,2.4267571428571424,2.4267714285714286,2.4335142857142853,2.433485714285714,2.4338142857142855,2.3774,2.4227142857142856,2.4039,2.453171428571428,2.3837857142857146,2.270957142857143,2.2218,2.2270857142857143,2.1870285714285713,2.0839,2.1620999999999997,2.2472285714285714,2.426057142857143,2.492385714285714,3.2600000000000002,3.2600142857142855,3.3154142857142856,3.239557142857143,3.2190000000000003,3.1130142857142857,3.046685714285714,2.2790714285714286,2.3758142857142857,2.320485714285714,2.4657000000000004,2.4862571428571427,2.5398428571428573,2.5695857142857146,3.259842857142857,3.267814285714286,3.331614285714285,3.195442857142857,3.1249428571428566,3.084885714285714,3.1508285714285713,2.4822999999999995,2.373957142857143,2.3063428571428575,2.2472571428571433,2.247242857142857,2.2299857142857142,2.1871,2.2145,2.3042285714285713,2.294742857142857,2.2796428571428566,2.2795571428571426,2.279571428571429,2.2413,2.188471428571429,2.1351714285714287,2.2386857142857144,2.2443142857142857,2.2293,2.2142714285714287,2.2238285714285717,2.2333142857142856,2.2140714285714287,2.1200428571428573,2.1296857142857144,2.162,2.266857142857143,2.310142857142857,2.294571428571429,2.265042857142857,2.2599714285714287,2.288242857142857,2.8782714285714284,2.8620142857142854,2.876257142857143,2.8874714285714282,2.9282142857142857,2.927257142857143,2.8928,2.3515142857142854,2.3411428571428567,2.2710571428571424,2.2711714285714284,2.248042857142857,2.2481285714285715,2.2382714285714287,2.1725,2.1041285714285713,2.1126571428571426,2.101342857142857,2.1013571428571427,2.1915714285714287,2.2926571428571427,2.2863571428571428,2.2854285714285716,2.2738285714285715,2.2738285714285715,2.296957142857143,2.297871428571429,2.3032000000000004,2.3120285714285713,2.3531857142857144,2.354842857142857,2.659442857142857,2.6562142857142854,2.8599142857142854,3.4580428571428574,3.854128571428572,3.9106428571428578,3.9237857142857147,3.6209000000000002,3.6041571428571433,3.497,3.0972,2.776971428571429,2.7204142857142855,2.7844142857142864,3.630957142857143,3.6968428571428578,3.974242857142857,3.710557142857143,3.813657142857142,4.198414285714286,4.121271428571428,3.576671428571429,3.729614285714286,3.3735428571428576,3.4514,4.254771428571429,4.607671428571429,5.453828571428572,5.1535142857142855,4.919557142857142,4.8429142857142855,5.581599999999999,4.614728571428571,4.441242857142858,4.457057142857144,4.563728571428571,4.883457142857142,5.698785714285713,4.861428571428571,5.468357142857143,4.961442857142857,4.795328571428572,5.316542857142857,5.658528571428572,5.944242857142858,6.997457142857143,7.356814285714287,7.372957142857144,7.439371428571429,7.941671428571429,7.548857142857143,7.194128571428571,6.7617,5.8686428571428575,5.867642857142857,5.1378571428571425,4.118342857142857,3.8968000000000003,3.236171428571429,2.6714142857142855,2.709228571428571,2.6406285714285715,2.6247000000000003,2.5556142857142854,2.5558142857142854,2.4825714285714287,3.5294571428571433,3.600285714285714,3.7674,4.175585714285715,4.3391714285714285,4.486557142857143,5.446757142857143,5.416771428571429,6.305728571428572,7.951142857142856,8.230257142857143,8.801714285714286,8.802385714285714,7.992342857142858,7.387714285714287,6.308957142857143,4.663542857142858,5.693928571428572,5.491014285714286,5.330399999999999,5.1697,5.036185714285715,5.064757142857144,7.346128571428571,7.863314285714286,7.510857142857143,7.738142857142856,7.761628571428571,7.761628571428571,7.8602285714285705,5.376457142857142,3.4010285714285713,3.3268142857142857,3.3290571428571427,3.488257142857143,3.4225571428571433,5.174014285714287,5.209385714285715,4.990985714285714,4.8573,5.524228571428572,6.111557142857143,5.8548,3.985928571428572,4.085685714285715,4.236085714285715,4.277228571428572,3.563371428571429,2.8194142857142857,2.917828571428571,2.9518714285714287
118,9.7209,9.7209,6.9391,7.605733333333333,6.3721,5.6318399999999995,5.0409999999999995,4.727742857142857,4.096042857142857,5.992671428571429,6.194228571428572,6.741171428571429,7.637528571428571,7.748971428571429,7.821657142857142,7.643714285714286,5.739928571428571,4.740971428571428,4.5217,3.7233714285714283,4.944642857142857,5.607828571428572,6.174071428571429,6.732628571428571,8.145242857142858,8.514985714285714,8.436585714285714,7.510228571428571,7.128428571428572,6.571242857142857,6.005057142857143,4.592442857142857,4.220242857142857,4.230857142857142,3.9977714285714288,3.7334571428571435,3.579328571428572,3.8329714285714287,3.8390714285714282,3.6289285714285713,5.457028571428571,6.131414285714286,6.432671428571429,6.424785714285716,5.907042857142858,6.826500000000001,6.674857142857143,5.038314285714286,4.3265142857142855,4.671514285714286,6.177785714285714,6.236771428571429,5.238385714285714,5.317571428571428,6.114585714285715,6.632557142857143,5.80467142857143,4.187328571428571,4.1932285714285715,4.9293571428571425,4.803228571428571,3.700957142857143,4.1618571428571425,5.697357142857143,7.3816428571428565,7.923985714285715,7.286257142857143,7.314185714285715,7.357514285714286,6.2706857142857135,4.746085714285714,3.0864857142857147,2.493614285714286,2.2957571428571426,2.3163285714285715,2.6205571428571424,2.6342571428571424,2.8985714285714286,3.7016999999999998,3.714385714285714,4.549914285714285,5.702728571428572,6.420314285714285,7.260014285714285,6.9873142857142865,6.232285714285715,6.192757142857144,5.914985714285714,5.609171428571429,4.584942857142857,4.2605,4.3097,4.2593571428571435,4.2898000000000005,4.609957142857143,3.7747428571428574,3.7645285714285714,4.055614285714285,4.834928571428571,5.643485714285714,5.626114285714286,5.044528571428571,5.032285714285713,5.192999999999999,4.810842857142857,4.0131571428571435,3.1842571428571427,3.225414285714286,3.2329857142857144,3.580085714285714,3.392185714285714,4.017528571428572,4.113728571428571,4.877528571428571,5.952514285714285,5.664257142857143,5.288257142857142,5.335014285714285,4.255814285714286,4.957285714285715,6.085371428571428,4.957357142857143,4.938128571428572,5.439671428571429,5.576485714285715,5.570171428571429,4.7279,2.9728571428571433,3.007057142857143,2.9973285714285716,2.5996428571428574,2.4802999999999997,2.4968,3.3357285714285716,3.3804714285714286,3.3869428571428566,4.239371428571428,4.316885714285715,4.293728571428572,4.305442857142857,3.5121285714285713,3.362785714285714,3.3627428571428566,2.5821571428571426,2.3873,2.4914285714285715,2.463228571428572,2.481985714285714,2.4819571428571434,2.4802999999999997,2.418185714285714,2.558185714285714,2.5683714285714285,2.6285,2.5494857142857144,2.4637571428571428,2.4101857142857144,2.4161571428571427,2.2821,2.1476714285714285,2.2233285714285715,2.3166,2.5644714285714287,2.6391428571428577,2.754628571428572,2.8326571428571428,2.8925142857142854,2.7866714285714282,2.7661285714285717,2.5643285714285717,2.5102571428571427,2.3947857142857143,2.4139857142857144,2.365242857142857,2.446485714285714,2.4637142857142855,2.5227,2.5227,4.6199,4.624857142857143,4.673571428571428,4.639357142857143,4.5653999999999995,4.5144714285714285,4.560414285714286,2.4762857142857144,2.3589857142857142,2.2816,2.205914285714286,2.2057857142857147,2.1930142857142854,2.184157142857143,2.2290714285714284,2.3295285714285714,2.3191142857142855,2.3190285714285714,2.3189857142857138,2.3189999999999995,2.319057142857143,2.2563142857142857,2.1662428571428576,2.176657142857143,2.1766857142857146,2.160257142857143,2.1437714285714287,2.1144571428571424,2.1249142857142855,2.1649571428571432,2.164914285714286,2.164957142857143,2.2536,2.360157142857143,2.4052857142857142,2.389928571428571,2.337285714285714,2.3324,2.3703857142857143,2.5675285714285714,2.5510857142857146,2.5778000000000003,2.610171428571429,2.632028571428571,2.6331714285714285,2.591357142857143,2.396071428571428,2.3975,2.338685714285714,2.338657142857143,2.3569142857142857,2.355842857142857,2.3547285714285713,2.2901285714285713,2.210142857142857,2.193942857142857,2.1616000000000004,2.1759571428571425,2.2841285714285715,2.4130142857142856,2.3987000000000003,2.3987000000000003,2.4108857142857145,2.4240999999999997,2.4441571428571427,2.4441571428571427,2.4149,2.4292571428571432,2.4448000000000003,2.418914285714286,2.728614285714286,2.704885714285715,2.9278285714285714,3.7053571428571432,4.022157142857144,4.107242857142857,4.122142857142857,3.7998857142857143,3.7723285714285715,4.0080857142857145,3.4355571428571428,3.2039999999999997,3.1378142857142852,3.2053857142857143,3.9203285714285707,3.987885714285714,4.396514285714286,4.507871428571429,5.138657142857143,5.2801857142857145,5.1977142857142855,5.053242857142857,5.336914285714286,4.483542857142857,4.218714285714285,4.203885714285714,4.873728571428572,5.74067142857143,5.185314285714285,4.820428571428572,4.744314285714286,5.707685714285715,5.098357142857142,4.909885714285714,5.109999999999999,5.128985714285713,5.546157142857142,6.367028571428571,5.287271428571429,5.932285714285714,5.380128571428571,4.9811000000000005,5.776785714285714,5.778642857142857,6.088685714285715,7.9332714285714285,8.313514285714286,8.3361,9.789085714285713,10.090171428571427,10.277600000000001,10.232114285714287,8.658385714285716,7.575228571428572,7.559428571428572,5.485842857142856,4.482085714285714,3.9345000000000003,2.9417428571428568,2.6968714285714284,2.7117714285714283,2.643828571428571,2.5960428571428573,2.512314285714286,2.4956285714285715,2.4008714285714285,3.085142857142857,3.3930714285714285,3.5425571428571425,4.158328571428571,4.307799999999999,4.307757142857143,5.109457142857144,5.4918000000000005,5.342757142857143,6.273542857142857,6.402542857142857,7.017371428571429,7.066528571428571,6.667699999999999,6.010471428571428,5.980785714285715,5.601542857142858,5.996985714285714,6.034357142857144,6.130071428571428,5.8756571428571425,5.612157142857142,5.524499999999999,5.876142857142857,6.302014285714286,5.511857142857143,5.377985714285714,5.239028571428571,5.276171428571429,5.404771428571428,4.519628571428571,3.228042857142857,3.3840428571428567,3.6698142857142857,3.8278571428571424,3.8415,4.678271428571429,4.5202285714285715,4.505128571428572,4.312771428571429,5.365085714285714,5.975557142857142,5.759057142857143,4.729814285714285,4.731299999999999,4.683185714285714,4.7175142857142855,3.4795285714285713,2.7109999999999994,2.9069142857142856,3.1097714285714284
119,16.3564,16.3564,10.327,10.071333333333333,8.146175,7.01596,6.210449999999999,5.691642857142857,4.500500000000001,6.298971428571428,6.298971428571429,7.3577714285714295,7.917171428571429,8.0159,8.015914285714285,7.948085714285713,6.121828571428571,5.160957142857142,5.056500000000001,4.723199999999999,5.490157142857143,5.801428571428572,5.315414285714286,6.360271428571428,7.425914285714286,7.278399999999999,7.100699999999999,7.192871428571428,7.658642857142857,7.649528571428571,6.6047,5.603014285714285,5.046728571428572,5.187657142857143,4.750771428571428,4.2036428571428575,4.208728571428571,4.329300000000001,4.462428571428571,4.476714285714285,5.976942857142857,6.328342857142857,6.811542857142858,6.650157142857144,6.247542857142856,6.651414285714286,6.4191,5.410514285714286,4.829742857142857,4.767257142857143,5.772571428571429,5.867128571428572,5.258828571428571,5.312114285714286,5.6422,5.754957142857142,5.070071428571429,3.972685714285715,3.981328571428572,4.726628571428571,4.5988,3.5385714285714287,3.9674,5.0624142857142855,6.539514285714286,7.275,6.590400000000001,6.615057142857142,6.6475285714285715,5.841471428571428,4.758857142857143,3.2720714285714285,2.453714285714286,2.316042857142857,2.319157142857143,2.631071428571429,2.6426142857142856,3.3505714285714285,4.171342857142857,4.389228571428572,5.449228571428571,6.172414285714285,6.665985714285715,7.460699999999998,6.726742857142857,5.9860999999999995,5.770428571428572,5.348514285714286,5.4436285714285715,4.6250857142857145,4.210828571428571,4.252542857142856,4.181814285714284,4.1890142857142845,4.467285714285714,3.686814285714285,3.6939571428571427,3.821814285714286,4.605357142857144,5.417285714285714,5.3839571428571436,4.7782857142857145,5.0194857142857146,5.306414285714285,5.1631,4.359128571428572,3.5282428571428572,3.5154714285714284,3.8047714285714282,4.127628571428572,3.8073714285714284,4.951214285714286,4.9542142857142855,5.782071428571428,6.861028571428571,6.367285714285714,5.741471428571429,5.937471428571428,4.412228571428572,5.210128571428571,5.212114285714286,4.153085714285714,4.034028571428571,5.336157142857142,5.414614285714286,5.388199999999999,4.6117,4.006914285714286,4.0405999999999995,4.028742857142857,2.799857142857143,2.8789000000000002,2.9004285714285714,3.677157142857143,4.0175857142857145,4.181728571428572,5.033114285714286,5.036885714285715,4.736228571428571,4.977828571428572,4.210728571428571,3.6876428571428574,3.539414285714286,2.7681571428571425,2.6983714285714284,2.886728571428571,2.623614285714286,2.6408428571428573,2.640957142857143,2.6409999999999996,2.5727285714285713,2.6574142857142857,2.5382,2.711614285714286,2.6070142857142855,2.4983571428571425,2.4295,2.427057142857143,2.3682857142857143,2.2702714285714287,2.2478142857142855,2.3301285714285713,2.8901000000000003,2.951057142857143,3.0427857142857144,3.0291285714285716,3.0525285714285713,2.918614285714285,2.897257142857143,2.4572000000000003,2.430857142857143,2.3977142857142857,2.584542857142857,2.5845,2.652714285714286,2.674071428571428,2.674857142857143,2.676242857142857,4.719200000000001,4.6050571428571425,4.649900000000001,4.649585714285714,4.603542857142857,4.584142857142857,4.609642857142857,2.552842857142857,2.465742857142857,2.378542857142857,2.291457142857143,2.3167714285714287,2.334357142857143,2.3490285714285717,2.373214285714286,2.459,2.460557142857143,2.4798000000000004,2.4797857142857143,2.436957142857143,2.4207,2.3535142857142857,2.267642857142857,2.3252857142857146,2.295457142857143,2.2402571428571427,2.203957142857143,2.1802714285714284,2.2379000000000002,2.2789142857142854,2.2197142857142858,2.2302,2.2853285714285714,2.3930714285714285,2.388142857142857,2.325271428571429,2.2805571428571434,2.276871428571429,2.321328571428572,2.4175,2.412614285714286,2.4759285714285713,2.524114285714286,2.5603714285714285,2.569028571428571,2.520885714285714,2.444942857142857,2.424557142857143,2.3607714285714283,2.3488857142857142,2.3284142857142855,2.319828571428572,2.321071428571429,2.3239857142857145,2.2707714285714284,2.2692142857142854,2.232928571428572,2.2987714285714285,2.405242857142857,2.640214285714286,2.568857142857143,2.552857142857143,2.5525000000000007,2.5612,2.527757142857143,2.527757142857143,2.3914428571428568,2.4049714285714283,2.4494714285714285,2.432685714285714,2.807914285714286,2.8046714285714285,3.398957142857143,3.494428571428571,4.3249571428571425,4.413371428571428,4.445771428571428,4.060685714285714,4.048242857142857,4.382285714285715,4.601657142857143,3.8574999999999995,3.768114285714286,3.874757142857143,4.7199857142857145,4.701214285714286,4.367185714285715,4.834071428571428,5.712728571428571,6.031342857142858,5.907071428571428,5.392242857142857,5.707771428571428,5.229671428571429,4.4683,4.377885714285715,5.051285714285713,5.901142857142858,5.582814285714285,5.264485714285714,5.087914285714285,5.958971428571429,5.1725714285714295,4.462657142857143,4.634742857142858,4.652271428571429,4.966942857142857,5.169871428571428,4.2070428571428575,4.7705714285714285,4.545757142857143,3.8367142857142857,4.8438,4.964442857142857,5.844857142857143,7.152871428571428,7.552014285714287,7.546928571428572,7.5353142857142865,7.3436,7.191285714285714,7.050357142857143,5.832885714285715,4.8071,4.898142857142857,4.684057142857142,4.134157142857143,4.099900000000001,3.1555857142857144,3.0808142857142857,3.086457142857143,2.958728571428572,2.8606428571428566,2.6257714285714284,2.425142857142857,2.4399,2.7424571428571434,3.1175142857142855,3.2611999999999997,4.1033,4.389885714285714,4.389914285714285,4.677585714285714,5.8659285714285705,5.505657142857143,6.372857142857143,6.696571428571429,7.095671428571428,7.651785714285714,8.149914285714285,7.066800000000001,7.207928571428572,6.963685714285714,6.757685714285715,7.082885714285715,6.670442857142858,5.884657142857142,5.655542857142857,5.500128571428571,5.804285714285714,5.658528571428571,4.768642857142857,4.6121,4.597799999999999,4.614914285714286,4.6149,3.7112857142857143,3.2271,3.299457142857143,3.5849000000000006,3.697,4.0483142857142855,4.622,4.440528571428572,4.4384,4.2000714285714285,4.773285714285714,5.337742857142857,4.791142857142858,4.412742857142857,4.598528571428571,4.465585714285714,4.526814285714286,3.8195000000000006,3.1122857142857145,3.2869142857142855,3.2774142857142863
120,5.3072,5.3072,7.45075,7.6129,8.10825,7.04174,6.284366666666667,5.707414285714286,5.4664142857142854,5.5341571428571426,6.190214285714286,6.152214285714286,7.585128571428571,8.3784,8.5209,8.514414285714286,8.235685714285713,7.248228571428571,6.455742857142858,6.0548714285714285,5.505842857142857,6.626557142857143,7.486485714285714,7.373985714285714,8.53197142857143,10.468100000000002,10.185957142857145,10.009514285714287,9.786942857142858,9.535799999999998,9.235671428571427,8.417928571428572,6.651214285714285,6.548185714285714,6.673728571428572,6.681271428571429,6.336828571428571,6.364228571428571,6.1396,6.338942857142858,5.957000000000001,6.7758714285714285,6.775857142857143,7.391842857142857,7.084242857142857,6.6145571428571435,6.555485714285715,6.3821142857142865,6.407228571428571,6.184314285714286,6.221814285714286,7.320799999999999,7.285042857142857,6.942042857142857,7.021614285714285,6.960842857142857,6.2935857142857135,5.302742857142857,4.141157142857143,4.577585714285715,5.2797857142857145,5.045428571428571,4.0365142857142855,4.353742857142857,4.789414285714286,5.603185714285715,5.337357142857143,4.664257142857143,4.719442857142857,4.989014285714285,4.670442857142858,4.3361,3.459942857142857,3.218485714285715,3.0190999999999995,3.043399999999999,3.5948142857142855,3.656371428571428,4.2602,5.063785714285714,5.075857142857143,5.437742857142857,6.170357142857143,6.170328571428571,6.683171428571428,5.863471428571429,5.064057142857143,5.052014285714286,4.770528571428572,4.4797,3.6614999999999998,3.151342857142857,3.209014285714286,3.2127857142857144,3.2033714285714288,4.104614285714286,3.632085714285714,3.6635285714285715,4.0587,4.8247,5.212385714285714,5.185314285714286,4.230157142857142,4.330114285714285,5.1133999999999995,7.184714285714286,6.400942857142858,5.9981428571428586,5.9981428571428586,6.6054142857142875,6.998114285714286,6.161585714285715,4.825571428571428,4.787185714285713,5.245585714285714,6.3253571428571425,6.426471428571429,5.840257142857142,6.001928571428571,4.793057142857143,5.275314285714286,5.251185714285714,4.169785714285714,3.4196,4.0996,3.993414285714286,3.8338285714285716,3.3835428571428574,3.2406000000000006,3.2748,3.257314285714286,2.6465142857142863,2.6536857142857144,2.6712571428571428,3.663057142857143,3.887928571428571,4.491885714285714,5.878914285714286,5.889271428571429,6.3564428571428575,6.603642857142858,5.6147285714285715,5.1319,4.539357142857143,3.213371428571428,3.4713428571428575,3.6457714285714284,3.4239428571428574,3.814314285714286,3.7956142857142856,3.7929571428571434,3.7842857142857143,4.304728571428571,3.672971428571429,3.7855285714285714,3.3239428571428573,3.262914285714286,3.2104000000000004,3.1764428571428573,2.375142857142857,2.362885714285714,3.5504285714285717,4.3970714285714285,5.102071428571429,5.688814285714286,6.224085714285714,6.201228571428571,6.157814285714285,4.816485714285714,4.026828571428572,3.423257142857143,2.8463285714285713,2.3504714285714283,2.5228428571428574,2.5559857142857143,2.6432142857142855,2.6653857142857142,2.6431285714285706,2.694542857142857,3.793857142857143,3.6888714285714284,3.742685714285714,3.7161714285714282,3.662585714285714,3.6408714285714288,3.6372142857142857,2.5220571428571428,2.4245142857142854,2.315185714285714,2.2488428571428574,2.2358285714285717,2.2466857142857144,2.2283857142857144,2.2143714285714284,2.2643285714285715,2.2643142857142857,2.2643142857142857,2.2632857142857143,2.2202428571428574,2.2172571428571435,2.1865285714285716,2.178657142857143,2.2080857142857147,2.208142857142857,2.2005857142857144,2.174728571428571,2.1748285714285713,2.198571428571429,2.1780142857142857,2.1485714285714286,2.1622857142857144,2.234942857142857,2.3363857142857145,2.306742857142857,2.2819714285714285,2.2682428571428574,2.2822714285714283,2.3752,2.502842857142857,2.509185714285714,2.5975857142857146,2.6417285714285716,2.7167999999999997,2.703985714285714,2.5996857142857146,2.4859,2.4225428571428576,2.347057142857143,2.3937,2.3326000000000002,2.3455857142857144,2.356371428571429,2.374514285714286,2.421157142857143,2.4211714285714288,2.3314714285714286,2.6804857142857146,2.9661714285714287,3.1457285714285717,3.0809428571428574,3.0161000000000007,3.0603714285714285,3.0914714285714284,2.7726,2.572014285714286,2.492685714285714,2.5303285714285715,2.6571285714285713,2.683385714285714,2.9869142857142856,3.0148,4.047371428571429,4.148171428571429,4.924385714285714,5.1165,5.101914285714286,4.787228571428571,4.797385714285714,6.145442857142858,6.240214285714286,5.721400000000001,5.492742857142858,5.875057142857143,6.738900000000001,6.747285714285715,5.113514285714286,5.598228571428572,6.163042857142857,6.787514285714286,6.344985714285714,5.688057142857143,5.713185714285714,4.991871428571429,4.3508571428571425,4.304842857142858,4.421685714285714,5.276400000000001,5.04827142857143,4.932457142857143,4.908600000000001,5.601571428571431,4.874485714285714,4.534485714285714,4.648842857142857,4.660757142857142,5.506428571428572,6.145300000000001,5.401542857142856,6.128128571428571,5.722700000000001,5.3950571428571426,6.362042857142858,5.998257142857143,6.3897714285714295,7.419242857142856,7.552414285714285,7.571228571428571,7.7834714285714295,7.2058857142857144,7.702842857142857,7.437014285714286,6.422485714285714,5.4818428571428575,6.3416,5.579400000000001,5.297214285714285,4.738342857142858,3.9979000000000005,4.005142857142857,4.011371428571429,3.078785714285714,3.023757142857143,2.950928571428572,2.577214285714286,2.4983428571428568,2.6050142857142857,2.7819285714285718,2.9322714285714286,3.9682285714285714,4.487014285714285,4.487028571428572,5.0271,5.983414285714285,5.952757142857143,7.2842714285714285,6.910314285714286,6.55852857142857,7.783657142857142,8.076785714285714,7.73577142857143,7.740142857142857,7.343814285714286,7.767400000000001,10.005471428571427,8.928057142857142,8.2393,7.726042857142857,7.7282142857142855,7.728271428571428,7.442599999999999,5.1735,5.230714285714286,5.056557142857144,4.883857142857144,4.733728571428571,3.8303571428571432,3.5396571428571426,3.6916285714285713,3.682557142857143,3.7151,4.686814285714285,5.3539142857142865,5.172542857142857,4.8705428571428575,4.583399999999999,6.0996,6.896642857142857,6.011314285714286,5.529857142857144,5.717128571428572,5.510799999999999,5.51082857142857,4.0853,3.2413428571428575,3.2265000000000006
121,5.0331,5.0331,12.52895,11.026333333333334,10.663375,9.24294,8.1065,7.2834714285714295,7.15807142857143,5.443242857142857,6.3116,7.093128571428572,8.293085714285715,9.375271428571429,9.477385714285715,9.382657142857143,9.466985714285714,8.509442857142856,6.9504714285714275,7.1464428571428575,6.373985714285714,7.3654,9.214942857142857,9.151528571428571,10.354,12.006242857142857,11.287014285714287,11.044142857142859,11.044028571428573,10.276128571428572,9.976685714285713,8.323585714285715,6.799585714285713,7.138842857142857,7.449142857142857,7.701742857142858,7.382371428571429,7.098942857142857,7.195771428571428,8.027071428571428,7.22,8.287642857142858,7.9696,8.8584,8.7056,8.410971428571427,8.159171428571428,8.082042857142858,8.517100000000001,7.852842857142858,7.8548857142857145,9.0571,9.038971428571427,8.833742857142857,9.338228571428571,8.623142857142858,8.441457142857143,6.971414285714286,5.728228571428572,6.589885714285714,6.755699999999998,5.9473142857142856,4.772828571428572,5.401142857142857,5.864585714285715,6.4679,6.002885714285713,5.448785714285714,5.597485714285715,6.310185714285715,5.739214285714285,5.135528571428572,4.860271428571429,4.426185714285714,4.349585714285714,5.009628571428572,5.140828571428571,5.144142857142858,5.850857142857143,6.497528571428573,7.094185714285715,7.6091,7.609100000000001,7.544171428571429,8.138128571428572,7.225114285714286,6.415528571428572,5.876057142857143,5.156028571428572,4.978942857142857,4.204828571428572,3.695642857142857,3.7332285714285716,3.5252142857142856,3.457871428571429,4.513742857142858,3.9098714285714284,3.971257142857143,4.4551,5.228442857142857,5.371457142857143,5.332071428571429,4.313342857142857,4.511257142857143,4.845885714285714,4.8422857142857145,4.050314285714285,3.887771428571429,3.887757142857143,4.3546,4.2747,3.8336571428571427,3.318971428571428,3.283685714285714,4.102285714285714,5.5674,5.827914285714287,5.633742857142857,6.0443,5.870214285714285,6.438371428571429,6.438385714285714,4.980585714285715,4.173628571428571,4.279928571428571,4.016928571428571,3.8975714285714287,3.693028571428571,3.398442857142857,3.4226285714285716,3.339342857142857,3.3109857142857146,3.2588142857142857,3.2839142857142853,4.4434,4.804457142857143,5.452085714285714,6.024585714285714,6.045585714285714,6.773757142857142,7.084285714285713,5.608357142857143,4.787385714285715,4.164885714285714,3.6870857142857143,4.135242857142857,4.163042857142857,3.886971428571428,4.212285714285715,4.186671428571429,4.1931142857142865,4.205357142857143,4.9719,4.970614285714286,4.999714285714285,4.6122571428571435,4.550142857142857,4.488057142857143,4.429714285714286,3.297485714285714,2.5294,3.9858,4.310528571428572,5.464771428571429,6.5011,6.784242857142857,6.618742857142857,6.5627,5.028742857142858,5.1455142857142855,4.084414285714286,3.0663571428571426,2.9845142857142855,3.1622142857142856,3.280714285714286,3.313757142857143,2.938914285714286,2.914328571428572,2.984385714285714,3.493985714285714,3.4817285714285715,3.431057142857143,3.441242857142857,3.5735,3.626785714285714,3.6602571428571435,3.0289571428571427,2.8821714285714286,2.859657142857143,2.849985714285715,2.7300999999999997,2.8310714285714282,2.8912000000000004,2.8503,2.891785714285714,2.907271428571429,2.918371428571429,2.9174714285714285,2.837242857142857,2.755414285714285,2.7614714285714284,2.7905714285714285,2.789628571428571,2.7593285714285716,2.6869285714285716,2.537042857142857,2.4972285714285714,2.473557142857143,2.425742857142857,2.3663571428571433,2.4088857142857143,2.6259285714285716,2.757971428571429,2.7743142857142855,2.7097285714285713,2.666357142857143,2.6829857142857145,2.8958857142857144,2.8621714285714286,2.837542857142857,2.8610285714285717,2.9759428571428574,3.0794,3.0421142857142853,2.808642857142857,2.7088,2.6978999999999997,2.687,2.7677142857142853,2.7310714285714286,2.7805142857142857,2.740042857142857,3.0999285714285714,3.2012,3.1473571428571425,2.9529857142857137,3.2583428571428574,3.565928571428571,3.952228571428571,3.584714285714285,3.4957999999999996,3.5420142857142856,3.6127142857142855,3.2916285714285713,3.0380857142857143,2.812742857142857,2.8299999999999996,3.865885714285714,3.9916714285714288,4.0204571428571425,4.050685714285715,5.0767,5.426,6.169028571428571,5.959071428571428,5.8311,5.764914285714285,5.795128571428571,5.423842857142858,5.514385714285715,5.013028571428571,4.222757142857143,4.985228571428571,5.700414285714286,6.159914285714287,6.2454857142857145,6.449128571428572,6.997171428571429,7.498185714285714,6.669142857142857,6.0699571428571435,5.610600000000001,4.967128571428572,4.237214285714286,4.124528571428572,4.550914285714286,5.742114285714286,5.639100000000001,5.5630571428571445,6.648614285714287,7.60127142857143,7.667342857142857,7.249557142857143,7.309328571428572,7.297428571428571,7.927185714285715,7.485171428571428,6.675142857142857,7.114371428571429,6.574114285714286,6.437971428571428,7.639542857142857,7.471157142857143,7.7568714285714275,9.555757142857143,9.402242857142856,10.423314285714286,10.423328571428572,10.19912857142857,10.967842857142857,10.967842857142857,9.038385714285713,8.036985714285715,8.173128571428572,7.148957142857142,6.784714285714285,6.363885714285715,5.507771428571429,5.6552999999999995,6.1410285714285715,4.917342857142857,4.853957142857143,4.247200000000001,3.595128571428572,3.3637000000000006,3.6525000000000003,3.4557714285714285,3.6068,4.6935,5.1533999999999995,5.0026142857142855,6.089342857142857,6.656371428571428,6.430671428571429,8.142442857142857,7.875385714285714,7.415500000000001,7.598114285714286,7.598657142857142,7.596785714285714,7.615585714285714,6.840057142857142,7.5526,9.163228571428572,9.129000000000001,8.20997142857143,7.436157142857143,7.460085714285715,7.752842857142858,7.582485714285715,6.136728571428571,6.067971428571428,5.8834285714285715,5.775328571428572,5.844357142857143,4.690571428571428,3.859428571428571,4.268442857142857,4.418128571428571,4.529014285714286,5.414085714285714,6.1496,6.101528571428571,5.994542857142858,5.522042857142857,6.927271428571428,7.862671428571429,6.9761999999999995,6.175771428571428,6.202,5.804171428571428,5.728614285714285,4.297557142857142,3.2934142857142854,3.2957285714285716
122,4.9849,4.9849,8.27585,8.190233333333333,8.642625,7.50968,6.6748,6.061414285714286,5.953971428571427,5.553214285714285,6.512328571428571,7.2434142857142865,8.472228571428571,10.26947142857143,10.34152857142857,10.228657142857143,10.4055,9.446399999999999,7.879957142857143,8.541342857142856,6.9801142857142855,8.054885714285716,9.426114285714286,9.492914285714287,10.243242857142857,11.799257142857142,10.849771428571428,10.67832857142857,10.68232857142857,10.247814285714284,9.339057142857143,8.036342857142857,6.592985714285713,6.590028571428571,6.7017,6.9066142857142845,6.713299999999999,7.075685714285714,7.625357142857142,8.324142857142856,7.557157142857143,8.899571428571429,8.566799999999999,11.110128571428572,10.640457142857143,9.906314285714284,9.73967142857143,9.911985714285716,10.409857142857144,10.189614285714287,8.755657142857144,10.582285714285714,10.564171428571429,10.75692857142857,11.60342857142857,10.928057142857142,10.468157142857143,9.268600000000001,7.353357142857143,8.434328571428571,8.148585714285714,6.869028571428572,5.556442857142858,6.2577,6.6230142857142855,8.202328571428572,7.876085714285715,7.318071428571429,7.384314285714285,7.343928571428571,6.312371428571429,5.342771428571429,4.177142857142857,3.578242857142857,3.4219714285714287,4.861371428571429,5.947457142857142,7.329171428571429,9.0116,11.337414285714285,12.3391,13.339842857142857,12.644528571428571,13.085157142857142,13.160471428571428,11.298485714285716,9.3141,8.911714285714286,8.626000000000001,8.625985714285715,7.115057142857142,6.590971428571429,7.054628571428571,6.258785714285715,5.463342857142857,5.434228571428571,4.6468,5.3551,5.5008,6.107285714285715,6.9030000000000005,6.875242857142858,6.961257142857144,7.572257142857144,7.6484,8.999628571428572,8.165000000000001,7.350042857142857,7.476400000000001,8.205042857142857,8.1877,7.375157142857142,5.735385714285713,5.438228571428572,6.536128571428571,8.278114285714286,7.492442857142858,6.828114285714285,6.909657142857142,7.074585714285713,7.994057142857142,7.711114285714285,5.878928571428571,5.703571428571429,5.808914285714286,5.987814285714286,5.0632,4.991971428571429,4.994171428571429,5.309042857142858,4.719557142857143,4.709685714285714,4.510714285714286,4.522342857142858,5.7107285714285725,6.365871428571429,7.597842857142857,9.431714285714287,10.425871428571428,10.762214285714288,11.396828571428571,9.42062857142857,8.099328571428572,6.560314285714285,4.732371428571429,5.568571428571429,6.215885714285714,5.592985714285715,6.362114285714286,6.247000000000001,6.247014285714286,6.5186,5.447871428571429,5.217014285714285,5.205442857142857,4.405042857142857,4.358728571428571,4.332742857142857,4.155,3.3976857142857146,3.626014285714286,5.146714285714286,6.253414285714286,7.430057142857143,9.396957142857143,9.797471428571429,9.74252857142857,8.696942857142856,7.199142857142857,7.7761571428571425,6.654871428571428,4.725142857142857,4.505314285714285,4.583114285714286,4.632028571428571,4.593228571428571,2.9577142857142857,2.9598,2.9917857142857143,3.3430857142857135,4.737271428571428,4.766557142857143,4.789614285714286,4.8262857142857145,4.875971428571428,5.03,4.425771428571428,2.992971428571429,2.998214285714286,2.983185714285714,2.9514857142857145,4.3765857142857145,4.3425142857142855,4.321371428571429,4.352671428571428,4.344357142857143,4.406085714285714,4.429428571428572,3.025714285714286,2.925757142857143,2.968357142857143,2.9722714285714287,3.002071428571429,2.954328571428572,2.8611857142857144,2.722585714285714,2.6839714285714287,2.6453285714285713,2.6346,2.5648142857142857,2.564857142857143,2.690142857142857,2.8097571428571433,2.7838142857142856,2.695271428571428,2.6036428571428565,2.5914571428571427,3.155814285714286,3.126257142857143,3.081657142857143,3.101657142857143,3.2113285714285715,3.315785714285714,3.345814285714286,2.774142857142857,2.7600571428571428,2.784128571428571,3.1743285714285716,3.901414285714286,3.8798142857142857,3.9059714285714286,3.919,4.261928571428571,4.669200000000001,4.511699999999999,3.883085714285714,4.292657142857143,5.113185714285714,5.3243,5.09837142857143,4.792585714285714,4.649857142857143,4.532857142857143,4.1448857142857145,3.4258428571428574,4.0183,4.004057142857143,4.321371428571429,5.220457142857143,5.2885,6.255714285714286,8.577714285714285,10.076914285714285,11.643742857142856,11.962785714285713,11.236228571428573,11.394257142857143,11.45282857142857,10.5839,9.307171428571428,8.600542857142857,8.042742857142857,9.458385714285713,10.961471428571429,10.957257142857143,10.140557142857144,9.854842857142858,10.483714285714285,11.327228571428572,9.91972857142857,8.301228571428572,7.408942857142857,6.917657142857143,6.217814285714286,5.882185714285714,7.147157142857144,8.246914285714285,8.342628571428572,8.542557142857143,9.680842857142858,11.149514285714286,11.115057142857143,9.660342857142856,10.666685714285714,10.495500000000003,11.913414285714287,11.664771428571429,11.219685714285713,12.205471428571428,11.416171428571428,10.087242857142858,12.111214285714286,11.104342857142857,10.991871428571429,12.498700000000001,11.33042857142857,12.918157142857142,13.6477,12.627799999999999,13.634685714285714,14.35587142857143,11.915842857142858,10.936614285714285,11.285485714285715,9.570728571428573,10.449885714285715,9.763900000000001,8.413642857142857,8.316757142857144,9.293485714285712,7.273457142857142,7.196014285714285,5.387271428571428,4.292685714285715,3.8591142857142864,4.678014285714285,3.9662142857142855,4.1494,5.211885714285715,5.411371428571428,5.408114285714285,6.470585714285714,6.880057142857143,6.6949,8.281657142857144,7.972757142857143,7.781428571428571,7.959685714285714,7.959685714285716,7.738942857142858,7.742042857142858,7.339085714285715,8.121314285714286,9.051942857142857,9.012628571428571,8.12872857142857,7.311014285714285,7.312828571428571,8.812657142857143,8.560628571428571,7.640614285714285,7.50672857142857,7.329985714285714,7.274914285714284,7.284071428571429,4.718742857142857,4.010228571428572,4.176442857142858,4.3766428571428575,4.506171428571429,5.3635,6.122571428571428,6.0,5.638228571428571,5.322042857142857,6.760757142857144,8.010528571428571,7.125557142857143,6.320571428571428,6.334414285714286,6.122771428571427,6.122757142857141,4.657542857142857,3.2622428571428563,3.2619000000000002
123,4.9864,4.9864,8.88495,8.639033333333332,8.9757,7.80094,6.933916666666666,6.289971428571428,6.180771428571428,6.174714285714286,7.2358142857142855,9.738085714285715,11.134528571428572,12.860314285714285,13.107399999999998,13.100642857142857,12.33714285714286,11.258057142857142,8.697114285714287,9.408042857142858,9.214699999999999,10.463028571428572,11.62257142857143,11.841457142857141,13.854814285714285,14.766271428571429,13.2988,12.071185714285715,12.83917142857143,13.732742857142856,13.164285714285715,10.657757142857145,8.978328571428571,10.754900000000001,11.22172857142857,10.524642857142856,9.153114285714286,9.5327,10.15712857142857,10.98572857142857,8.72332857142857,9.590885714285715,9.315142857142858,13.7145,13.076557142857142,12.248085714285713,12.855085714285712,13.4008,13.518071428571428,13.611257142857143,10.119942857142858,12.447185714285713,12.399128571428571,12.083885714285714,12.622914285714286,12.6027,11.9375,11.536771428571429,9.161414285714287,10.432342857142856,10.084028571428572,8.745842857142858,7.0356,8.256185714285715,8.748114285714285,11.161414285714287,11.70117142857143,10.702642857142859,10.842400000000001,11.892185714285716,9.968842857142858,8.024557142857143,5.953314285714286,4.161785714285714,4.961028571428571,5.824957142857143,5.923857142857143,6.706942857142857,9.551714285714285,12.143771428571426,13.353185714285715,14.359057142857141,15.570828571428573,16.470385714285715,17.87747142857143,15.619785714285715,13.622114285714288,13.180128571428572,12.558542857142857,11.430571428571428,9.341785714285715,7.936999999999999,7.934114285714285,7.106185714285713,6.77212857142857,7.104314285714286,6.329757142857143,6.711142857142858,7.602942857142857,9.711428571428572,10.916885714285714,11.437485714285714,10.973871428571428,13.08827142857143,14.758700000000001,14.334514285714286,13.051742857142857,11.700514285714286,11.627328571428572,12.470485714285715,13.468257142857142,11.6674,11.484057142857143,10.078557142857145,12.844257142857145,14.78587142857143,14.285228571428572,10.81955714285714,10.834385714285713,10.548657142857142,11.643357142857143,9.88462857142857,7.396857142857144,7.5068,8.658071428571429,9.569557142857144,9.096828571428572,9.815000000000001,12.487414285714285,12.914071428571429,12.132714285714284,11.234042857142857,10.094585714285714,9.829871428571431,10.015785714285714,8.5448,9.93547142857143,9.986685714285715,12.061242857142858,14.630328571428574,14.728785714285717,12.787228571428573,11.510728571428572,9.456285714285714,8.695985714285714,8.209642857142857,6.93152857142857,7.105285714285714,8.153242857142857,7.6752714285714285,7.618714285714286,8.37417142857143,8.882557142857141,9.655642857142857,9.950442857142859,8.865400000000001,8.431814285714285,9.019428571428572,8.285271428571429,6.016628571428571,5.353928571428571,6.655285714285715,8.1603,9.917,10.932614285714285,12.328542857142855,12.742528571428574,11.7126,9.995157142857144,10.078114285714284,8.353728571428572,7.014171428571429,6.6424,8.206242857142856,8.900414285714286,8.717714285714285,7.149485714285713,7.156614285714285,6.933314285714286,7.067014285714287,6.437328571428572,7.4240571428571425,7.451185714285714,7.506485714285715,9.209371428571428,10.7286,9.581885714285715,8.280671428571429,6.245457142857143,6.261157142857144,6.248600000000001,5.7957142857142845,4.918357142857142,6.103242857142857,6.476642857142857,7.481628571428572,7.5030285714285725,7.490671428571429,6.388485714285713,5.786271428571429,4.721414285714286,5.296342857142858,4.682428571428572,4.781014285714286,4.814799999999999,4.6124,4.523728571428571,4.523714285714285,3.6240999999999994,3.223585714285714,3.1226857142857143,3.8292285714285716,3.8997142857142855,3.8807142857142862,3.7029285714285716,3.618471428571429,3.743,4.9230285714285715,4.538028571428572,4.555571428571429,4.5122857142857145,4.564242857142857,4.587485714285715,4.488542857142858,3.3733714285714287,3.024571428571428,3.2018857142857144,3.6686571428571426,4.255571428571428,4.2533,4.2820857142857145,4.201914285714286,4.934457142857143,4.950257142857143,4.884557142857142,5.141171428571428,5.9221,7.1532,7.876171428571429,7.730542857142856,8.0819,7.817785714285713,7.194014285714284,6.791085714285714,6.248657142857143,6.248285714285714,5.804671428571427,5.949942857142856,6.780542857142856,7.2159571428571425,8.117099999999999,10.615371428571427,13.319657142857142,15.792757142857141,16.752714285714287,16.35597142857143,16.438257142857143,16.82904285714286,15.63135714285714,14.582142857142856,12.983642857142856,12.12962857142857,14.559542857142858,16.857957142857142,16.552757142857143,16.99285714285714,15.623499999999998,16.96302857142857,17.30872857142857,14.987499999999999,12.051642857142857,10.871471428571427,8.946142857142858,8.02934285714286,7.193557142857143,9.173214285714286,12.326742857142857,12.5823,12.774157142857144,13.185557142857144,14.834442857142857,16.717771428571428,15.904,15.674942857142858,15.905157142857144,17.471228571428572,18.53357142857143,18.235699999999998,18.994128571428572,16.879842857142854,14.885114285714284,17.466585714285713,16.540585714285715,15.972485714285716,17.62184285714286,15.421757142857144,17.29941428571429,18.747557142857143,16.59854285714286,19.83134285714286,20.863285714285716,18.124328571428574,16.570142857142855,16.592299999999998,13.913371428571429,14.347257142857144,11.36697142857143,9.555485714285714,9.337571428571428,9.995171428571428,7.858657142857143,7.450857142857141,6.088857142857142,4.908228571428571,4.260971428571429,5.134542857142857,4.659542857142857,5.255342857142857,6.722685714285714,7.303442857142857,7.159628571428572,8.775042857142857,8.849285714285715,8.318214285714287,9.710585714285713,9.254385714285714,8.711657142857144,9.043742857142858,8.68747142857143,8.868,9.401871428571429,9.0999,10.2693,11.687299999999999,11.642614285714284,10.448271428571427,9.416799999999999,9.284699999999999,10.663857142857143,10.036642857142857,8.683785714285714,8.637885714285714,8.501542857142857,9.035014285714286,8.83012857142857,5.923328571428571,4.950757142857143,5.3956,5.3650714285714285,6.049428571428572,6.293028571428571,7.054028571428573,6.835300000000001,6.4645,5.950457142857142,7.552442857142857,7.627785714285714,6.7431,5.680028571428571,5.901042857142857,5.700385714285714,5.530085714285714,3.9254000000000007,3.165685714285714,3.1625571428571426
124,5.2051,5.2051,9.5129,13.992633333333336,12.660925000000002,10.604520000000003,9.405933333333335,8.403914285714288,8.223357142857145,7.6238714285714275,6.810271428571428,8.421814285714287,10.169942857142859,11.439285714285715,11.518600000000003,11.2854,10.634971428571431,10.594999999999999,10.321042857142857,10.871857142857143,11.568757142857143,12.9358,14.295599999999999,15.246914285714285,16.724214285714286,16.646657142857144,15.088485714285714,13.227571428571428,14.085742857142858,14.208042857142857,14.280328571428571,11.340985714285717,9.889071428571429,11.332542857142858,11.452514285714287,10.667842857142857,10.001071428571427,9.584514285714286,10.8004,11.118614285714287,9.255614285714286,10.569485714285715,10.465900000000001,11.965500000000002,10.958542857142858,9.22417142857143,10.603257142857144,11.666114285714286,12.118742857142857,11.68472857142857,11.452042857142859,14.034142857142857,13.994214285714287,13.386128571428571,13.093142857142857,13.24207142857143,13.063314285714284,11.796485714285714,9.29822857142857,10.955628571428573,11.450185714285713,10.3599,8.124585714285715,9.525571428571428,12.180014285714284,14.825542857142858,15.383857142857142,14.173957142857144,15.088271428571431,16.147300000000005,14.128728571428573,10.685757142857144,8.227714285714285,5.953957142857142,5.212357142857143,5.953442857142856,7.105185714285715,7.723842857142857,11.88027142857143,13.826085714285714,15.573571428571427,17.883971428571428,19.198471428571427,19.8004,21.474699999999995,18.390171428571428,16.951199999999996,16.040242857142854,14.561871428571425,13.373242857142856,11.3138,9.940942857142858,9.490442857142856,8.767142857142856,8.904271428571429,9.680185714285715,8.033842857142858,8.233642857142858,9.20137142857143,11.821514285714287,13.148957142857142,13.632085714285713,13.6797,15.46867142857143,17.22217142857143,18.422714285714285,16.256828571428574,15.013057142857141,15.104642857142858,15.897671428571428,15.128357142857144,13.19335714285714,11.546442857142859,10.483514285714287,14.938942857142859,16.381328571428572,15.712942857142858,14.713800000000003,14.273314285714287,13.964328571428572,15.780842857142856,12.6837,9.7329,8.456714285714286,9.054942857142859,8.936285714285715,7.645728571428571,8.415914285714285,12.042714285714286,14.091800000000001,13.652485714285714,13.238228571428573,13.32344285714286,13.82077142857143,13.879471428571426,12.35082857142857,12.7769,13.18944285714286,15.787585714285715,16.24612857142857,17.72697142857143,15.121228571428572,13.678257142857143,12.195557142857144,11.480142857142857,10.905685714285713,12.030899999999999,11.140785714285714,12.680757142857145,11.341400000000002,11.366885714285713,12.57162857142857,13.050557142857144,12.602185714285714,13.297957142857143,11.769957142857141,11.036414285714285,10.178914285714285,9.45042857142857,6.948142857142857,7.099585714285714,7.624414285714286,10.028628571428571,12.274742857142858,14.588442857142857,15.849685714285714,17.432585714285715,17.773371428571426,16.188742857142856,15.486471428571425,13.87092857142857,12.47097142857143,12.763442857142858,14.0455,14.262,13.634214285714284,11.925071428571428,11.304685714285712,10.420414285714285,10.067271428571429,9.183057142857143,9.155857142857144,9.103942857142858,9.44797142857143,10.633128571428573,11.286142857142858,9.594342857142859,7.3326,5.384842857142857,6.272785714285716,6.38667142857143,7.6586428571428575,7.863014285714286,9.727728571428571,11.691642857142856,12.439114285714286,11.584014285714286,11.126800000000001,9.483185714285714,9.038300000000001,7.353914285714285,6.5463000000000005,6.644114285714286,7.6314714285714285,7.953314285714286,7.186071428571428,6.843942857142856,7.386742857142857,6.280114285714285,5.324142857142857,4.2946,4.259614285714286,4.4379,4.237557142857143,3.4438142857142853,3.3911714285714285,3.364442857142857,4.165542857142857,4.297771428571428,4.190128571428571,4.115742857142857,4.223528571428571,4.250871428571428,4.1831,3.375371428571428,2.9654999999999996,2.931942857142857,3.8129285714285714,5.139742857142857,5.863042857142857,6.500685714285714,6.871271428571427,7.799685714285714,8.735271428571428,8.5929,7.200128571428571,7.378114285714285,8.342042857142857,8.704914285714286,8.000814285714286,7.580357142857143,7.119014285714286,7.363985714285714,6.786114285714286,5.9794285714285715,6.176342857142857,6.707314285714285,7.127114285714286,7.9096714285714285,8.21197142857143,9.05187142857143,11.068714285714284,14.007842857142858,15.687671428571429,16.225385714285714,15.549914285714285,15.964557142857142,16.94452857142857,16.7153,14.869557142857145,13.524314285714286,13.051,15.981885714285715,18.67115714285714,21.064685714285712,21.932285714285715,22.572042857142858,24.2269,24.46402857142857,21.950814285714284,18.629814285714282,14.365499999999997,11.192585714285713,8.963071428571428,7.8366999999999996,10.04662857142857,13.161142857142854,13.754214285714284,14.084785714285713,15.59512857142857,17.488514285714285,20.428628571428572,19.109957142857144,18.894371428571425,18.021542857142858,19.353085714285715,19.764828571428573,19.02112857142857,19.554485714285715,18.1246,16.504157142857142,19.821785714285713,18.896014285714283,20.92567142857143,23.867957142857144,20.422285714285714,21.91755714285714,23.969500000000004,21.637642857142858,25.166014285714287,24.472100000000005,20.69517142857143,19.403157142857143,19.430414285714285,15.34405714285714,16.356871428571427,13.633442857142857,11.172414285714284,11.221971428571427,12.241042857142856,10.022371428571429,9.956185714285713,8.062185714285715,6.265014285714287,5.1959857142857135,5.626114285714285,4.9753,6.029585714285714,8.243442857142856,8.740571428571428,8.799071428571429,11.783842857142858,12.699585714285714,12.072357142857141,13.351385714285714,13.268857142857144,12.739328571428572,12.94567142857143,12.05372857142857,11.3296,11.94632857142857,11.991642857142859,12.659442857142858,14.704557142857142,14.756942857142857,13.08482857142857,11.832585714285713,11.501271428571428,12.549514285714285,11.611342857142859,10.193985714285715,9.981842857142855,9.73327142857143,10.343685714285714,10.438242857142857,7.325828571428572,6.078457142857142,6.079885714285714,7.803485714285714,7.8423428571428575,9.298385714285715,10.289585714285716,10.007242857142858,9.733728571428571,8.951914285714286,8.423814285714286,9.285785714285714,7.221628571428572,5.862514285714285,6.281357142857144,5.953728571428572,5.951985714285714,5.2891,4.339042857142858,4.317828571428572
125,4.3554,4.3554,12.8185,14.820066666666667,12.545875,10.6486,9.383683333333334,8.389457142857143,8.540442857142859,6.948600000000001,7.3289,9.6146,10.735457142857141,11.550742857142856,11.539528571428571,11.101428571428572,10.891742857142859,8.529485714285713,8.139771428571427,9.053557142857143,9.226857142857142,10.447757142857142,12.680042857142857,12.148357142857142,15.5068,15.4289,14.103057142857143,13.955685714285712,15.683285714285715,15.856171428571427,16.29502857142857,13.372357142857142,11.45047142857143,12.796585714285714,12.22697142857143,12.186771428571427,10.745314285714286,11.229828571428571,12.00057142857143,13.359114285714286,11.939814285714286,13.735057142857142,12.401285714285715,17.136742857142856,15.941142857142856,14.486071428571426,13.827271428571427,16.410642857142854,16.735785714285715,15.969085714285715,12.907728571428573,15.704314285714284,15.968428571428571,17.096200000000003,15.58847142857143,15.916885714285716,15.920185714285713,14.624999999999998,12.026271428571429,13.90987142857143,14.988985714285715,13.231742857142859,10.415471428571431,12.3911,14.779528571428573,17.38217142857143,17.75297142857143,16.47937142857143,18.612428571428573,19.63642857142857,17.2929,13.598285714285714,10.80942857142857,8.182142857142859,6.185057142857143,5.786471428571429,6.564,6.641771428571429,10.312157142857144,12.439742857142859,13.495414285714288,16.147514285714287,18.34304285714286,19.25704285714286,20.7554,17.358814285714285,15.554714285714285,15.2945,13.616900000000001,11.487442857142858,9.238357142857144,7.7899714285714285,8.290142857142857,8.113714285714286,8.603399999999999,9.307857142857143,7.4627,7.800642857142857,10.258828571428571,12.60567142857143,14.14914285714286,13.10771428571429,13.148985714285715,13.830185714285717,15.422371428571427,14.30837142857143,12.605099999999998,10.814614285714287,11.75827142857143,12.437,13.18392857142857,11.088657142857143,10.269657142857143,8.899771428571428,11.940042857142858,13.325800000000001,12.988342857142857,11.546257142857144,11.41332857142857,11.5368,12.649957142857142,10.927685714285714,11.166157142857143,10.466985714285714,11.335628571428572,11.16347142857143,10.751614285714286,12.641871428571429,15.448428571428574,15.018657142857142,13.659071428571428,12.858271428571427,13.351799999999999,12.794685714285714,15.3635,14.1229,16.144085714285715,19.259242857142855,22.08594285714286,22.464828571428573,23.42824285714286,18.11517142857143,17.138885714285713,14.088542857142857,11.186157142857143,13.950528571428569,15.014971428571426,14.495014285714282,16.964428571428574,16.02357142857143,17.33612857142857,18.007242857142856,14.308914285714286,14.735228571428573,14.226057142857144,11.47717142857143,10.553171428571428,8.011685714285715,7.612099999999999,6.455871428571429,5.345957142857143,7.683971428571427,11.361114285714285,13.279285714285711,15.085285714285716,16.526085714285713,16.73935714285714,17.796685714285715,16.977957142857143,15.393899999999999,13.750528571428571,12.307914285714284,12.254985714285713,12.969642857142857,10.9858,9.534585714285713,7.424271428571429,7.138628571428571,6.7635,6.945685714285714,7.152099999999999,7.899371428571428,7.730542857142857,8.173757142857143,9.161371428571428,9.500142857142857,7.478885714285715,5.654442857142857,4.762142857142857,5.080942857142858,5.475757142857143,5.352442857142856,5.688342857142857,7.224828571428572,7.4592142857142845,7.383157142857143,7.1816,6.3646142857142864,5.524585714285715,4.9312,4.151928571428572,4.449928571428571,5.149728571428571,6.063471428571428,6.0541857142857145,6.043257142857143,6.2522,5.696257142857142,5.151585714285715,4.3788285714285715,3.6146428571428575,3.6773714285714285,3.692628571428571,3.2611285714285714,3.0171714285714293,2.9257142857142853,2.8985999999999996,5.043028571428571,5.191214285714286,5.1419428571428565,5.210014285714286,5.312757142857143,5.368785714285714,5.333,2.945342857142857,2.750942857142857,2.8850857142857143,3.066157142857143,3.8238428571428575,3.977957142857143,4.630514285714286,4.810771428571429,5.832942857142858,6.598185714285714,6.838614285714286,6.047428571428571,6.954114285714286,7.499257142857142,7.499257142857142,6.724757142857142,5.877514285714285,5.583442857142857,5.706971428571429,4.760785714285714,3.928157142857143,3.9572000000000003,3.910814285714286,5.153957142857144,6.916528571428572,6.792257142857143,7.869342857142857,10.242199999999999,12.646214285714288,14.468742857142859,14.247857142857143,12.511157142857144,12.59667142857143,12.979542857142857,11.716228571428571,11.317414285714287,10.287257142857143,10.019128571428572,11.977357142857144,15.090014285714286,14.550285714285716,16.394085714285715,15.789771428571429,17.292057142857143,17.560185714285716,16.028357142857143,13.10862857142857,12.246057142857142,9.115585714285714,8.030800000000001,10.048428571428571,12.608814285714287,16.150742857142856,16.238685714285715,16.66474285714286,17.5769,19.969400000000004,18.13672857142857,17.157385714285716,17.885742857142855,17.53414285714286,19.192957142857143,21.780728571428572,19.938985714285714,19.14952857142857,16.69422857142857,14.605414285714286,16.434714285714286,14.808957142857142,12.563042857142856,16.75832857142857,15.975971428571428,17.38575714285714,19.105871428571426,18.282042857142855,21.656642857142856,24.083985714285713,18.955899999999996,18.787728571428573,21.087899999999998,16.624414285714284,16.624799999999997,13.921114285714284,10.362557142857142,10.362585714285714,11.1423,7.3850428571428575,7.348885714285714,6.5003714285714285,5.337785714285714,5.373814285714287,6.599928571428571,5.616471428571429,6.584114285714286,8.483342857142857,9.056085714285715,9.300228571428573,12.658371428571428,13.565742857142856,12.773185714285715,14.7889,15.035771428571431,14.53744285714286,14.638757142857145,13.57345714285714,12.83242857142857,13.79338571428571,13.2158,14.41732857142857,16.285471428571427,16.716971428571426,14.951042857142856,13.509085714285714,13.176057142857143,15.237242857142858,14.561614285714287,13.053857142857144,12.2846,11.848357142857141,12.744442857142857,12.781214285714286,9.349957142857145,7.3938999999999995,7.984414285714285,8.170442857142856,8.164514285714287,10.261342857142855,11.252799999999999,10.2476,10.063142857142859,8.820642857142857,10.570214285714286,11.264357142857145,8.27582857142857,6.813871428571427,7.1636428571428565,6.736885714285713,6.918457142857143,5.3042428571428575,4.2418571428571425,4.266828571428571
126,8.0188,8.0188,14.109100000000002,16.802733333333336,13.617825000000002,12.915740000000003,11.172800000000002,10.083728571428574,10.8599,9.433828571428572,11.451185714285714,13.563857142857144,13.511600000000001,13.927800000000001,13.750842857142857,12.317228571428572,12.00324285714286,9.622128571428572,7.6067857142857145,7.691485714285713,8.34457142857143,9.574628571428573,11.739342857142857,11.350542857142857,11.527242857142856,13.901742857142855,14.845957142857143,14.571071428571429,15.061771428571431,14.5296,14.507657142857143,12.111257142857143,11.653585714285713,10.623557142857143,9.947742857142858,9.901700000000002,8.506814285714286,9.086928571428572,11.168000000000001,9.943385714285714,9.042442857142857,10.868271428571429,11.819457142857145,17.127957142857145,16.234714285714286,14.309657142857143,14.186185714285713,15.617185714285712,15.977585714285713,13.702185714285713,9.861571428571429,12.352814285714285,12.207542857142856,12.577842857142857,11.853385714285713,11.535885714285714,11.3858,10.400642857142856,7.893857142857143,10.13497142857143,10.596857142857143,9.724457142857144,7.770885714285713,9.593185714285713,11.224728571428571,13.689971428571427,15.85052857142857,15.333042857142857,17.39625714285714,18.17385714285714,16.231800000000003,13.741557142857145,11.329857142857142,6.671542857142858,5.450914285714286,5.245157142857143,6.2681,6.779928571428571,10.282271428571429,12.284671428571428,13.4665,16.195142857142855,17.62747142857143,18.0672,19.76787142857143,16.433271428571427,14.373828571428572,13.996542857142858,12.182514285714287,10.885057142857145,8.712642857142857,6.896442857142857,7.146742857142857,7.339928571428571,7.901942857142856,8.078057142857142,6.1018,6.825814285714286,9.226257142857142,12.232157142857142,14.079742857142858,12.84095714285714,13.56897142857143,14.159142857142857,15.856314285714285,15.239214285714285,13.280942857142858,11.185357142857143,12.466828571428573,13.325614285714284,13.986514285714284,11.7084,10.689757142857143,9.214114285714286,13.283514285714286,14.721142857142857,14.34842857142857,13.097328571428571,12.924028571428574,13.4911,14.840128571428574,12.040071428571428,11.6001,10.348528571428572,11.406971428571428,11.319928571428571,10.114157142857142,11.6612,13.2728,11.438128571428573,10.405157142857144,9.4564,10.090199999999998,9.78267142857143,10.556799999999999,10.6118,12.977028571428573,17.37055714285714,20.203957142857142,20.437199999999997,21.755742857142852,18.45745714285714,17.625185714285717,15.394685714285716,11.17,13.878557142857144,15.585128571428571,14.787285714285712,16.8317,16.69442857142857,18.70307142857143,20.03691428571429,16.184671428571427,15.383157142857142,14.643714285714283,12.27847142857143,10.35282857142857,7.736742857142857,6.428728571428571,5.432285714285714,5.5318,7.475814285714286,9.881471428571428,11.073714285714287,12.153585714285713,13.00917142857143,12.894814285714286,11.74917142857143,10.914285714285715,11.100514285714285,10.043957142857142,9.490328571428572,10.046142857142858,11.022657142857144,10.485442857142859,9.564971428571429,6.995928571428571,6.853742857142857,6.407957142857143,7.701657142857144,8.212171428571429,9.124785714285714,8.945114285714286,9.538185714285715,9.934585714285715,10.020971428571427,7.140357142857143,5.046685714285714,4.119414285714286,4.1338,4.116357142857142,4.453057142857142,5.066528571428571,6.1237571428571425,6.508971428571429,6.449928571428572,6.458485714285714,5.8705428571428575,5.129199999999999,4.4458714285714285,3.830957142857143,3.6901428571428574,4.292314285714286,4.789185714285715,4.779400000000001,4.811442857142857,4.862171428571428,4.692742857142856,4.428042857142857,3.7417857142857143,3.2426142857142857,3.4114428571428577,3.409757142857143,3.1351714285714287,2.792128571428571,2.744342857142857,2.6990857142857143,4.837171428571429,5.018542857142857,4.958542857142858,5.040257142857143,5.267557142857143,5.303385714285715,5.303414285714287,3.194057142857143,2.875228571428571,3.007428571428572,3.0761571428571424,3.5243571428571436,3.5298714285714285,4.194,4.2858857142857145,4.848214285714286,5.518242857142858,5.553885714285714,5.130128571428571,5.720485714285714,5.7705142857142855,5.8854,5.525714285714285,4.7905999999999995,4.769857142857142,4.726771428571429,4.1659,3.8232,3.8356,3.9265000000000003,4.737485714285715,6.1935,6.1516142857142855,7.0996428571428565,9.31622857142857,10.612885714285714,11.764685714285715,11.974757142857143,10.600571428571428,10.680914285714284,12.381285714285713,12.047085714285714,12.695628571428573,11.913757142857145,11.615357142857144,13.49377142857143,15.805228571428573,14.528271428571431,15.426628571428571,14.699814285714286,15.481685714285716,15.751899999999997,14.006400000000001,11.824042857142857,10.567371428571429,7.667642857142858,6.776828571428572,8.451357142857145,10.878642857142856,13.715942857142855,13.43127142857143,14.115971428571429,15.294899999999998,17.21588571428571,16.62907142857143,15.9007,17.153071428571426,17.188,18.9195,20.504699999999996,18.96555714285714,18.91647142857143,16.451128571428573,15.015142857142857,16.352857142857143,14.387028571428573,12.823242857142858,17.14381428571429,15.95094285714286,17.596942857142857,19.21484285714286,18.872999999999998,22.36297142857143,24.591885714285716,19.553757142857144,18.829285714285714,20.087314285714285,15.516242857142858,15.697185714285713,12.99252857142857,9.448985714285714,9.405885714285715,10.80975714285714,7.6232428571428565,7.743971428571428,6.486171428571429,5.067971428571428,5.2620000000000005,6.420657142857143,5.5063571428571425,6.106528571428571,7.2176,8.279814285714284,8.47257142857143,11.556028571428572,14.259328571428572,13.4228,16.44934285714286,15.485871428571427,14.943042857142855,15.039814285714284,14.380671428571427,12.295685714285714,13.023214285714285,12.171142857142858,15.607271428571428,16.262842857142857,16.23697142857143,14.10167142857143,12.291814285714285,13.326014285714285,13.229585714285715,10.5631,9.872671428571428,10.193228571428572,9.980742857142856,10.564771428571428,9.632042857142858,7.9537,7.160414285714286,8.970514285714286,8.607842857142858,8.412171428571428,10.566642857142856,9.869642857142855,8.819542857142856,8.9366,6.647757142857143,8.072285714285714,8.573385714285715,5.5739,5.7329,6.221185714285714,5.9998571428571426,6.088399999999999,4.614471428571428,4.172028571428572,4.367142857142857
127,8.0006,8.0006,16.14965,18.431133333333335,14.698950000000002,12.78372,11.055850000000001,9.89627142857143,9.899257142857142,7.796028571428571,7.802528571428572,10.067414285714287,10.478557142857142,10.922128571428573,10.818542857142859,10.111928571428573,9.886899999999999,7.3290571428571445,5.3776142857142855,5.523785714285714,5.931728571428571,6.926371428571429,9.320042857142855,8.616342857142858,10.776700000000002,12.807342857142858,12.886214285714287,12.772642857142857,13.333771428571428,12.434614285714286,13.138242857142856,10.844800000000003,9.014942857142858,8.978157142857143,8.2995,8.642042857142856,7.2995285714285725,7.302085714285714,9.0379,9.440857142857142,8.6848,10.56557142857143,11.084642857142857,17.495085714285718,16.773485714285716,15.532514285714287,15.339114285714288,16.499757142857142,16.836085714285712,14.502400000000003,9.230357142857143,11.864857142857144,11.346757142857143,11.941542857142855,11.537128571428571,11.1476,11.076257142857143,10.179914285714286,7.55812857142857,9.29972857142857,9.161442857142857,8.153728571428571,6.3065428571428575,8.201457142857143,10.032171428571429,13.017871428571429,13.91667142857143,14.498357142857143,16.520457142857143,17.29807142857143,15.398300000000003,13.074428571428571,10.1935,7.298242857142857,5.358257142857143,4.157571428571429,4.2224571428571425,4.7219,8.093885714285713,9.657942857142856,10.817242857142856,13.607371428571426,16.79205714285714,17.788114285714283,19.64251428571428,16.393642857142858,14.628457142857144,14.29192857142857,12.485785714285715,10.52472857142857,8.6993,6.76842857142857,7.036614285714285,7.417899999999999,7.836771428571429,7.943114285714286,5.925828571428572,6.4517,8.997671428571428,11.98757142857143,13.823628571428571,12.727442857142858,13.518428571428572,13.90242857142857,15.941557142857144,14.834914285714287,12.544957142857143,10.330657142857143,11.511214285714287,12.3997,13.095742857142856,10.856114285714286,10.070271428571429,8.979871428571428,12.195857142857145,13.425342857142857,13.08842857142857,11.96187142857143,11.589928571428572,12.456457142857143,14.177371428571432,12.108457142857144,11.702871428571427,9.976114285714287,11.07002857142857,11.044157142857143,9.715399999999999,10.437800000000001,12.255657142857144,10.558057142857141,9.855242857142857,8.918228571428571,9.633785714285713,9.589899999999998,10.75542857142857,10.707400000000002,13.210871428571428,16.3698,19.004314285714283,19.13507142857143,19.825642857142856,16.49072857142857,15.237528571428571,13.236571428571429,10.445371428571429,11.419371428571429,12.996385714285713,12.762642857142856,15.187257142857144,15.114914285714287,15.54652857142857,17.017757142857143,15.12037142857143,14.675557142857144,13.717557142857144,11.068457142857142,9.526728571428569,8.293642857142858,6.6779,5.724685714285713,5.765114285714286,7.8222000000000005,10.656428571428572,12.281114285714287,15.96732857142857,16.965871428571425,16.68352857142857,15.619214285714287,15.208085714285714,14.033428571428571,12.4316,9.126357142857142,9.73122857142857,10.790899999999999,10.198214285714286,8.6193,6.982628571428571,6.946385714285715,6.620757142857143,8.066071428571428,8.46727142857143,9.08162857142857,9.036085714285713,9.498457142857143,10.261757142857144,10.458228571428574,7.243071428571428,5.3176000000000005,4.5704142857142855,4.687885714285714,4.767528571428572,4.907428571428571,5.5,6.7365,6.821071428571429,6.6968000000000005,6.600714285714287,6.031728571428572,5.125414285714286,4.327442857142857,3.3518714285714286,3.3507285714285713,3.726714285714286,4.369128571428571,4.348685714285714,4.377814285714286,4.349214285714286,4.323128571428571,4.168171428571428,3.727671428571429,3.1105142857142853,3.2639142857142858,3.259657142857143,3.0763571428571432,2.764885714285714,2.7276285714285717,2.6955428571428572,4.898028571428571,5.1381571428571435,5.087985714285715,5.175242857142858,5.291314285714286,5.280500000000001,5.272100000000001,3.0304285714285712,2.694828571428572,2.8363857142857145,3.0157285714285713,3.6311,3.672957142857143,4.384785714285714,4.4263,5.0027,5.3998,5.360557142857142,4.809714285714286,5.170914285714285,5.0766857142857145,5.253857142857143,4.807314285714285,4.337157142857143,4.221471428571428,4.154671428571429,3.8180142857142862,3.5262428571428575,3.513471428571429,3.605457142857143,4.440914285714285,5.756557142857142,5.752414285714286,6.608899999999999,8.104814285714285,9.978071428571427,11.190342857142857,11.191485714285715,9.9023,9.960728571428572,10.805942857142856,11.431314285714285,11.534314285714286,10.724871428571428,10.661757142857143,12.609057142857143,14.950614285714286,14.551442857142858,15.35184285714286,14.363928571428572,15.06032857142857,15.169757142857142,13.585442857142855,11.519385714285713,10.282857142857143,7.129357142857143,6.257828571428571,8.25617142857143,10.423514285714287,13.287885714285713,12.87882857142857,13.168114285714285,14.163214285714286,15.667414285714287,14.495685714285715,14.116942857142858,15.218499999999997,15.313557142857144,17.495471428571427,19.3731,18.18088571428572,19.65132857142857,17.212,16.3048,17.508614285714284,15.468342857142858,17.206214285714285,21.863914285714284,19.253800000000002,20.88062857142857,22.084228571428575,22.08421428571429,25.196457142857145,24.2768,19.07267142857143,18.258042857142858,19.69727142857143,14.96567142857143,15.02844285714286,12.645642857142859,8.979157142857142,8.978214285714285,10.585028571428571,7.2233857142857145,7.397557142857144,6.051814285714285,4.789214285714286,4.992728571428572,6.489257142857143,5.863328571428572,6.637628571428571,7.530714285714285,8.815157142857142,9.421242857142857,12.38342857142857,14.854185714285714,13.995857142857144,16.340928571428574,15.575885714285715,14.576242857142857,14.230428571428572,14.365328571428572,12.544514285714286,12.782428571428571,12.24207142857143,16.374828571428573,17.817000000000004,17.872342857142858,15.106385714285716,12.904742857142859,14.435014285714285,14.831657142857141,11.487099999999998,9.770442857142857,10.043442857142859,10.153985714285714,10.89182857142857,9.832014285714285,7.814057142857143,7.032642857142856,9.153671428571428,8.751142857142856,8.097657142857143,9.481042857142858,8.628014285714288,7.622771428571428,7.5998285714285725,5.476914285714286,7.157514285714285,7.7420285714285715,5.490928571428571,5.915828571428571,6.298628571428572,6.130071428571429,6.307514285714286,4.422657142857142,3.8826714285714283,4.101928571428571
128,9.4317,9.4317,14.58675,17.953466666666667,14.194849999999999,12.225039999999998,10.581916666666666,9.414771428571427,9.213185714285714,7.760242857142858,7.641428571428571,9.492642857142856,10.014728571428572,10.28017142857143,10.250414285714285,9.442871428571427,9.21847142857143,6.636842857142858,5.1744142857142865,5.322742857142857,5.865042857142856,6.8001571428571435,9.489142857142857,8.762514285714285,10.978385714285716,12.944214285714285,13.920414285714285,13.481314285714285,14.176857142857143,13.286671428571427,14.085799999999997,11.750357142857142,10.074885714285715,8.95327142857143,8.658871428571429,8.895428571428571,7.346042857142857,7.492842857142857,9.039742857142857,9.34777142857143,8.6878,10.600200000000001,11.135042857142858,16.58164285714286,15.646,14.222328571428571,14.028628571428571,15.067357142857142,15.084214285714284,12.774557142857143,8.224157142857143,10.800957142857143,10.544328571428574,11.297085714285714,11.115442857142856,11.08852857142857,10.996585714285713,10.117314285714286,7.670128571428571,9.41567142857143,8.823442857142856,7.802657142857143,5.953871428571428,7.8701285714285705,9.502671428571428,12.453285714285714,13.797571428571429,14.086928571428572,15.77477142857143,16.470657142857142,14.559285714285712,12.66342857142857,9.601,6.262985714285715,4.9436857142857145,4.078957142857143,3.9124142857142856,4.278557142857143,7.814042857142858,9.364085714285713,10.252385714285714,12.775557142857142,15.591428571428574,16.661957142857144,18.77022857142857,15.406457142857146,13.755600000000001,13.684642857142858,11.965357142857144,10.637728571428571,8.958428571428573,6.880971428571429,6.9309714285714294,7.006485714285715,6.830557142857144,7.174557142857141,4.8881000000000006,5.576942857142858,8.016242857142858,10.8278,13.082385714285712,12.51817142857143,12.528428571428572,12.778971428571428,14.235328571428571,13.096657142857142,11.150357142857143,8.783157142857144,9.97752857142857,11.565642857142857,12.399314285714285,10.67082857142857,10.002728571428573,8.911314285714285,12.103900000000001,13.230557142857142,12.836014285714286,11.708257142857144,11.25217142857143,12.285,13.463700000000001,11.397442857142858,11.1448,9.433142857142856,10.871342857142858,10.851699999999997,9.486414285714286,10.922685714285715,13.041214285714286,11.218085714285715,10.589857142857143,9.249885714285714,10.069514285714286,10.004014285714286,12.721699999999998,12.600085714285715,15.230657142857142,18.292142857142856,20.685257142857143,20.70928571428571,21.53195714285714,16.636542857142857,14.378657142857142,13.202342857142856,10.557,13.331228571428571,14.8027,14.148399999999999,17.63932857142857,18.703885714285715,17.9095,19.245128571428573,15.866514285714286,14.522714285714285,13.912242857142855,10.03002857142857,8.279914285714286,7.450071428571428,5.888442857142857,4.840871428571428,5.202128571428572,7.201528571428573,9.694728571428572,11.982371428571428,13.268028571428573,13.940299999999997,13.70572857142857,13.474271428571429,12.727814285714286,13.18312857142857,10.894614285714287,9.910042857142857,10.718599999999999,11.062114285714285,10.453899999999999,9.139885714285715,6.214285714285714,6.106157142857143,6.0535,8.343871428571429,10.431028571428572,10.795457142857144,10.73857142857143,11.034157142857142,11.806299999999998,11.9522,8.008285714285716,5.063228571428572,4.398185714285714,4.485942857142857,4.497328571428571,4.512485714285715,5.311828571428571,6.3729000000000005,6.491142857142857,6.3868285714285715,6.322785714285715,5.958799999999999,5.143071428571429,3.935414285714286,3.1738571428571434,3.3265285714285717,3.5580428571428575,3.9054571428571427,3.9082857142857144,3.951214285714286,3.9405571428571426,3.757557142857143,3.441528571428571,3.1266571428571437,2.912914285714286,3.0266428571428574,3.0017,2.853157142857143,2.6673714285714283,2.718257142857143,2.730757142857143,5.0576857142857135,5.2258571428571425,5.1947142857142845,5.225985714285714,5.3283000000000005,5.270414285714286,5.241885714285715,2.7671,2.5370285714285714,2.728985714285714,2.8439714285714284,3.4642428571428567,3.5143857142857144,4.089628571428571,4.148214285714286,4.743571428571428,5.232128571428572,5.3887857142857145,4.868042857142858,5.125785714285714,5.077014285714285,5.210985714285714,4.720942857142857,4.108114285714286,3.8927714285714288,3.885685714285714,3.6738,3.2811285714285714,3.3136,3.2382000000000004,4.0262714285714285,5.225085714285714,5.148071428571429,6.01,7.5083714285714285,9.125342857142858,10.746542857142856,10.562085714285715,9.372457142857142,9.418385714285714,10.920385714285715,11.497728571428572,11.8586,10.798242857142856,10.812899999999999,12.93172857142857,15.37392857142857,14.2402,15.279742857142855,14.11997142857143,14.935628571428575,14.92097142857143,13.252542857142858,11.088542857142855,9.845814285714287,6.693342857142858,5.933628571428571,7.765314285714285,10.076571428571429,12.91992857142857,12.51167142857143,12.828442857142859,13.971800000000002,15.215557142857145,14.174185714285715,14.265757142857142,15.140657142857142,15.2915,17.49352857142857,19.0949,18.300700000000003,19.327185714285715,16.545257142857142,15.614014285714285,16.78317142857143,14.683057142857141,13.710514285714286,18.290714285714284,16.095714285714287,17.74642857142857,18.63838571428571,19.8596,23.044385714285717,24.50402857142857,19.8191,19.40228571428571,20.722014285714287,16.506914285714284,15.508885714285713,12.874999999999998,9.667999999999997,9.187985714285714,10.59947142857143,7.3633999999999995,7.579,6.0634,5.030742857142856,5.214014285714286,6.628928571428571,5.558728571428572,6.2116999999999996,6.925285714285714,8.370257142857144,8.897342857142856,11.880800000000002,14.668457142857145,14.058271428571429,16.597057142857143,15.942642857142857,14.907485714285714,14.594499999999998,14.452457142857142,12.0397,12.309042857142856,11.7015,15.905199999999999,17.157485714285713,17.716914285714285,15.432571428571427,13.50025714285714,13.272099999999998,13.633742857142858,10.212028571428572,8.553185714285714,8.067728571428573,7.628671428571429,8.413100000000002,9.692971428571429,7.0361,6.210371428571428,8.862271428571429,8.81702857142857,8.473428571428572,9.681185714285716,8.248785714285715,7.9059285714285705,7.905928571428572,5.328285714285714,7.167342857142856,7.406757142857143,5.3161,5.593600000000001,6.033,5.834828571428572,5.9378714285714285,3.9510714285714283,3.781571428571428,4.071914285714286
129,4.9898,4.9898,9.24185,13.957533333333332,11.195875,9.786859999999999,8.556433333333333,7.677499999999999,8.110414285714286,7.934742857142858,7.653500000000001,9.570485714285715,9.5532,9.699185714285715,9.670042857142857,8.905857142857144,7.750528571428573,5.287185714285714,3.5418714285714286,4.197985714285714,5.069471428571428,5.950457142857142,8.611057142857144,8.372,10.95567142857143,12.584528571428573,12.719757142857144,12.504557142857143,13.074285714285713,12.072671428571429,12.591842857142856,10.11792857142857,10.090557142857145,9.8693,9.134814285714286,9.66642857142857,8.0971,8.627442857142857,10.232971428571428,9.265028571428571,8.615,10.467557142857144,10.9275,14.08912857142857,13.062385714285712,11.864585714285713,12.039085714285715,13.15217142857143,13.158742857142856,10.79917142857143,8.568914285714285,11.132542857142855,10.459885714285715,11.042257142857142,10.576371428571429,10.565299999999999,10.483128571428571,9.4877,6.993742857142857,8.881914285714284,7.945042857142858,7.099885714285714,5.666528571428572,7.837185714285714,10.095828571428571,12.879214285714285,12.557242857142857,12.678857142857142,13.670357142857144,14.007542857142857,11.849400000000001,9.5241,6.673442857142858,4.989285714285714,4.1683,3.8254571428571427,3.8051,4.057757142857143,7.395457142857142,8.326414285714284,8.907057142857143,10.557114285714286,12.351414285714284,13.272957142857141,15.376557142857141,12.162671428571429,11.190628571428572,11.0485,10.071814285714286,9.6267,7.904100000000001,5.865828571428572,5.756828571428572,6.467357142857144,7.3577,7.557185714285715,5.593771428571428,6.2707,8.84297142857143,11.773085714285715,13.165585714285713,11.841428571428569,11.868471428571429,11.871471428571429,13.37427142857143,11.613028571428572,9.4705,7.360957142857143,8.277014285714285,10.040000000000001,11.126885714285716,9.084685714285714,8.563385714285713,7.7527,10.760085714285713,11.692071428571428,11.253171428571429,10.134028571428571,9.986942857142855,10.749600000000001,11.927328571428571,10.1178,9.386,7.524400000000001,8.756957142857143,8.729685714285715,7.6663,8.913685714285716,10.3446,9.259042857142859,8.864885714285716,7.639628571428572,8.082485714285713,8.052285714285714,10.060457142857144,11.469042857142856,12.256785714285714,16.047428571428572,18.422085714285714,20.731685714285714,21.43961428571429,17.335471428571427,13.863757142857141,14.892114285714287,11.425771428571426,12.271357142857143,11.248642857142856,10.782971428571427,14.205542857142856,15.050600000000001,13.826614285714285,14.529085714285713,12.929785714285712,12.347285714285716,11.876714285714284,8.1685,6.897614285714285,6.328985714285714,5.508071428571428,4.577471428571428,4.629871428571429,6.966371428571429,9.565757142857143,11.398142857142856,12.974428571428572,13.417271428571429,13.203614285714286,12.474657142857144,11.296942857142858,11.12952857142857,9.220771428571428,7.908557142857143,8.429599999999999,8.39787142857143,8.381342857142856,7.247714285714287,4.8135,4.788328571428571,4.658057142857143,6.438400000000001,8.8903,9.083614285714287,9.060471428571429,9.350085714285713,9.669814285714285,9.826428571428574,6.9245714285714275,4.0945285714285715,3.5631,3.6932000000000005,3.6856571428571425,3.9517999999999995,4.2982,5.09732857142857,5.146757142857142,5.118214285714286,5.009485714285715,4.711971428571429,4.110657142857143,3.5179,2.9979,3.2003142857142857,3.354914285714286,3.5351,3.5067285714285714,3.5463999999999998,3.5464142857142855,3.3629285714285713,3.092157142857143,2.8801,2.849157142857142,2.988985714285714,2.949414285714286,2.8277000000000005,2.6787,2.713314285714286,2.7231,5.081071428571428,5.247342857142857,5.212642857142858,5.231328571428571,5.322842857142857,5.253514285714286,5.213571428571428,2.7034857142857147,2.483414285714286,2.6065714285714283,2.6987857142857146,3.1557,3.2233714285714288,3.691042857142857,3.7126999999999994,4.077914285714285,4.334857142857143,4.337128571428571,3.8996,4.0907857142857145,3.9096857142857147,3.9681000000000006,3.618357142857143,3.307242857142857,3.285585714285714,3.2609999999999997,3.0944000000000003,2.927985714285714,2.9231142857142856,2.8838,3.501714285714286,4.560157142857142,4.5506714285714285,5.345857142857143,6.6470714285714285,8.181042857142858,9.637828571428571,9.323085714285714,8.258014285714285,8.266071428571427,8.26607142857143,7.900314285714286,8.161071428571427,7.014085714285715,7.208285714285714,8.8344,11.113957142857144,11.232800000000001,11.938528571428572,11.103342857142858,12.065985714285716,12.00137142857143,10.768628571428573,8.805642857142855,7.87702857142857,6.207171428571428,5.53457142857143,6.877742857142857,9.126114285714285,11.240385714285713,10.850228571428572,11.065299999999997,12.01865714285714,12.7839,11.77277142857143,11.424414285714287,12.287071428571428,12.468185714285713,14.455985714285715,16.275685714285714,16.25492857142857,18.741142857142854,16.6307,15.732314285714285,17.454571428571427,15.604842857142856,14.282714285714286,18.645128571428568,15.444871428571428,16.632442857142856,18.216671428571427,17.428857142857144,20.131357142857144,21.467028571428568,16.1021,15.427371428571428,17.327042857142857,13.306785714285713,13.051257142857141,10.840614285714286,8.108542857142858,7.9566857142857135,9.844242857142858,6.499314285714285,6.599742857142857,5.780699999999999,4.891657142857143,5.145114285714286,6.541257142857143,5.449385714285714,6.189900000000001,6.761499999999998,8.14912857142857,8.732171428571428,11.55262857142857,13.530614285714288,13.224942857142858,15.638342857142858,15.115757142857145,13.8948,13.456757142857143,13.082499999999998,11.438942857142857,11.438942857142857,10.829214285714286,13.620314285714285,14.812199999999999,15.110514285714284,13.162785714285713,11.505371428571427,11.147742857142857,11.351957142857144,8.639899999999999,7.281142857142856,7.024842857142858,6.524942857142858,7.2738571428571435,8.127114285714287,5.9499571428571425,5.8192571428571425,8.294242857142857,8.3106,7.949271428571429,9.2302,8.197428571428572,7.575042857142857,7.525114285714286,5.119671428571429,6.788328571428572,7.297057142857143,5.157514285714286,5.674214285714286,6.130342857142858,5.998514285714286,6.084957142857143,4.175457142857143,3.764057142857143,3.9508571428571426
130,5.1227,5.1227,7.66695,12.1118,9.67935,8.52038,7.5117666666666665,6.786457142857143,7.197328571428572,8.10957142857143,8.118014285714287,10.078857142857142,10.135742857142858,10.236142857142857,10.206071428571429,9.451314285714286,7.686442857142858,5.274614285714286,3.4480714285714287,4.199428571428571,5.472385714285714,6.300857142857143,8.638842857142858,8.373014285714286,10.818357142857142,11.706985714285716,13.030914285714285,12.447571428571427,12.95854285714286,12.247485714285714,13.049828571428574,10.73027142857143,11.553628571428572,10.012242857142857,9.299314285714287,9.754,8.168957142857142,8.328157142857142,9.695042857142855,8.229114285714285,7.577171428571428,9.102357142857143,9.18002857142857,11.940857142857144,10.953257142857142,10.126442857142859,10.268085714285716,10.920042857142857,10.769942857142857,8.976457142857143,6.799185714285715,9.408028571428572,8.548142857142858,9.430414285714287,8.997242857142856,9.259757142857143,9.166142857142857,8.549728571428572,6.015014285714285,7.740828571428572,7.0433142857142865,6.628071428571428,5.243257142857142,6.954828571428571,8.971885714285714,11.825285714285714,10.8395,11.670999999999998,12.203342857142855,12.479071428571428,10.788528571428571,8.720628571428573,5.824985714285716,5.028300000000001,3.494328571428571,3.810071428571429,3.7446428571428574,4.043971428571429,6.6121,6.855214285714285,7.207714285714287,8.2741,9.323885714285714,10.656057142857145,12.161657142857143,9.667785714285714,9.420414285714285,9.477328571428572,8.765014285714285,8.304442857142858,6.42557142857143,4.702514285714286,4.657542857142857,4.6808,4.351628571428572,5.0082,3.595242857142857,3.857457142857143,6.008342857142858,8.785657142857143,9.566485714285713,9.4751,8.7758,8.770457142857143,9.730599999999999,8.606057142857143,6.599285714285714,5.754528571428572,6.123885714285715,8.049171428571428,8.901642857142857,7.677714285714285,7.266428571428571,6.465071428571428,10.226842857142856,10.954142857142857,10.027828571428572,9.205814285714286,9.291471428571427,9.595471428571427,10.39682857142857,6.951871428571429,5.822785714285715,4.504471428571428,5.293857142857142,5.166199999999999,4.520714285714285,5.862571428571428,7.025014285714286,7.074600000000001,7.0405999999999995,6.207014285714287,6.3105714285714285,6.115514285714286,7.914571428571429,8.336785714285714,8.797985714285714,11.03582857142857,11.70112857142857,12.0724,12.3819,8.464071428571428,6.664928571428571,8.519014285714286,6.342157142857142,8.314042857142857,9.194271428571428,9.096671428571428,12.128042857142857,13.04085714285714,10.991414285714283,11.086228571428569,9.0568,8.158428571428571,7.810557142857142,4.783885714285715,3.8186142857142853,3.5484714285714283,3.453157142857143,3.099614285714286,2.8495,4.887828571428571,7.473342857142858,8.261157142857142,9.127085714285714,9.407757142857141,9.460700000000001,9.345785714285713,7.6992,7.171185714285714,6.415385714285713,5.691785714285714,6.173885714285714,6.117528571428572,6.3372714285714284,6.002428571428572,3.9419142857142857,3.9099285714285714,3.9514142857142853,6.095114285714287,7.687485714285715,7.796728571428572,7.761628571428572,7.906385714285714,8.013157142857143,8.002699999999999,5.081099999999999,3.302657142857143,2.927457142857143,2.950771428571429,2.934414285714286,3.0837,3.3761571428571426,3.807171428571429,3.830985714285714,3.8064285714285715,3.8045,3.6288714285714283,3.341714285714286,2.889657142857143,2.5056428571428575,2.5312142857142854,2.6221714285714284,2.6478,2.6478285714285716,2.675814285714286,2.7091142857142856,2.7091000000000003,2.6159428571428576,2.5166142857142857,2.4910428571428573,2.581942857142857,2.5819857142857146,2.4911,2.4002142857142856,2.408857142857143,2.4014714285714285,4.773285714285714,5.0079,4.981857142857143,4.9998,5.083471428571428,5.073242857142857,5.069585714285714,2.6971142857142856,2.443514285714286,2.512,2.5854571428571433,2.8632,2.8867000000000003,3.157757142857143,3.1577571428571427,3.3753,3.3948000000000005,3.3448,3.0698142857142856,3.1422285714285714,2.9899142857142853,3.014485714285714,2.8142857142857145,2.7546714285714287,2.7997,2.7712,2.7123428571428567,2.676871428571428,2.7024428571428567,2.6769,3.1997571428571425,4.300971428571429,4.261285714285714,5.054085714285715,5.8594,6.671628571428572,7.715214285714287,7.420514285714286,6.314,6.379042857142857,6.020742857142857,5.925085714285714,6.10307142857143,5.349214285714285,5.586714285714286,6.632371428571429,8.035514285714287,8.395314285714287,8.667928571428572,8.512585714285715,9.225585714285714,9.068185714285715,8.320985714285715,6.929271428571427,6.1746285714285705,5.188357142857143,4.612171428571429,5.9959999999999996,7.5903285714285715,9.069899999999999,9.06492857142857,9.001571428571427,9.448457142857142,9.719371428571426,8.514085714285715,8.623957142857144,9.049071428571429,9.081100000000001,10.605414285714286,11.26347142857143,11.78152857142857,14.008485714285714,12.671171428571428,12.03917142857143,13.044985714285714,11.995314285714286,11.938671428571428,14.372857142857143,12.009014285714285,12.24622857142857,13.338214285714287,13.338214285714285,14.650785714285716,14.70744285714286,11.2122,10.248942857142854,10.4745,7.8317571428571435,6.9899000000000004,5.822171428571429,4.749585714285714,4.659385714285714,5.792742857142857,4.651957142857143,4.763042857142858,4.520742857142857,3.9133999999999998,4.032028571428571,5.204957142857142,5.012714285714286,5.633671428571428,5.675057142857143,6.811385714285715,7.152514285714285,9.412385714285714,11.376714285714286,10.48387142857143,12.431214285714287,12.900728571428571,12.164271428571428,11.97147142857143,12.047857142857143,10.271571428571429,10.723371428571427,10.171771428571429,13.062685714285712,13.226085714285716,13.5868,11.808657142857143,10.473157142857145,10.520185714285713,11.492671428571429,8.100514285714285,7.735414285714286,7.630571428571429,7.170114285714285,7.734071428571428,8.090014285714286,5.926171428571428,5.762128571428571,6.703485714285713,6.497471428571428,6.316457142857142,6.934957142857143,6.103185714285715,5.237900000000001,5.246271428571428,4.152742857142857,5.039385714285714,5.236657142857142,4.005828571428571,4.612757142857142,5.051571428571428,5.221871428571428,5.19102857142857,4.081028571428571,3.973714285714286,4.093757142857143
131,10.5101,10.5101,8.93585,10.209533333333333,8.473049999999999,7.784519999999999,6.881483333333333,6.236457142857143,5.881099999999999,6.257942857142857,7.08852857142857,8.338,8.228371428571428,8.336557142857144,8.336557142857144,7.540400000000001,6.715200000000001,4.567428571428571,3.2979285714285713,3.8316285714285714,4.953114285714285,5.341214285714285,7.613128571428571,7.515057142857143,9.411271428571428,10.1078,9.55917142857143,9.13417142857143,10.062085714285715,9.244614285714286,9.529114285714286,7.721742857142857,8.297371428571429,8.658128571428572,8.059700000000001,8.294,6.919028571428571,7.008114285714285,7.7721285714285715,6.655285714285713,6.28,6.8784857142857145,6.208728571428571,8.484442857142858,7.919742857142857,8.767428571428571,9.213357142857143,9.776642857142857,10.065299999999999,9.2426,7.680314285714286,8.486457142857143,6.710042857142857,6.986971428571429,6.356299999999999,6.328114285714285,6.246328571428571,5.508414285714286,4.720728571428571,5.776728571428571,5.091314285714286,4.906428571428572,4.151785714285714,5.379885714285714,7.232599999999999,9.706528571428573,8.752999999999998,9.708257142857141,9.903971428571428,9.918342857142857,8.717985714285714,6.818342857142857,4.4534142857142855,4.252071428571429,2.984085714285715,2.9049,3.008714285714286,3.024842857142857,5.513928571428572,5.874414285714287,6.170285714285716,6.519628571428571,7.507142857142857,8.536742857142857,9.662542857142856,7.392942857142856,6.933857142857142,6.665471428571428,6.6966714285714275,6.408128571428572,5.034700000000001,3.9894142857142856,3.7567,4.117557142857143,4.389957142857143,4.402842857142858,3.5760857142857145,3.7968857142857146,5.239014285714286,7.064014285714285,7.0798000000000005,6.796257142857143,6.412057142857143,6.430814285714286,7.3784,7.622871428571429,6.1728000000000005,5.754157142857143,5.877171428571428,6.758242857142856,6.770728571428571,5.533685714285714,4.583628571428571,4.207714285714286,6.598057142857144,7.521314285714287,7.299457142857142,7.286942857142857,7.241814285714286,7.212685714285715,7.475828571428573,5.258957142857143,4.1916,4.161828571428572,4.216671428571429,4.213028571428572,3.7085857142857144,5.116642857142857,5.257928571428571,5.400514285714286,4.741542857142858,4.657885714285714,4.7006571428571435,4.598928571428572,6.5123428571428565,7.043514285714286,8.285428571428572,9.812585714285714,10.486057142857144,10.512142857142857,10.653899999999998,7.1021857142857145,6.327214285714285,6.405571428571429,4.9491571428571435,5.116642857142858,5.657500000000001,5.5013571428571435,7.347214285714287,7.7359285714285715,6.29892857142857,6.3080428571428575,5.636942857142857,5.093685714285714,4.913542857142858,3.0629714285714287,2.6499857142857146,2.6435857142857144,2.6003,2.5053857142857145,2.5437285714285713,4.230885714285714,6.895071428571428,7.329414285714285,7.858542857142857,7.884085714285716,7.8980571428571436,7.878585714285713,6.498857142857143,5.272385714285714,4.858457142857143,4.440614285714285,5.2900285714285715,5.287714285714286,5.335442857142858,5.063942857142857,3.6223,3.601871428571428,3.556171428571428,4.879385714285715,5.696757142857144,5.863914285714286,5.8619,6.0275428571428575,6.091885714285715,6.133299999999999,3.9565000000000006,3.1105571428571426,2.8198,2.8526714285714285,2.7333,2.7356428571428575,2.882242857142857,3.1864,3.223,3.2411999999999996,3.229742857142857,3.1486142857142854,3.0674285714285716,2.8607714285714287,2.5566999999999998,2.5567142857142855,2.651957142857143,2.6848428571428573,2.715557142857143,2.7463285714285712,2.765685714285714,2.7790428571428576,2.7790285714285714,2.6837857142857144,2.654257142857143,2.7238,2.718042857142857,2.629714285714286,2.557057142857143,2.461142857142857,2.475314285714286,4.341057142857143,4.469114285714285,4.434157142857143,4.4341857142857135,4.476971428571429,4.476971428571429,4.434257142857143,2.512042857142857,2.342628571428571,2.4174714285714285,2.4863428571428576,2.635414285714286,2.678185714285714,2.769685714285714,2.8130142857142855,2.9688285714285714,2.961542857142857,2.9337857142857144,2.7521285714285715,2.7967857142857144,2.7967857142857144,2.7534714285714292,2.596342857142857,2.5691571428571427,2.5969142857142855,2.667057142857143,2.667057142857143,2.6844857142857146,2.728042857142857,2.732957142857143,3.0645714285714285,4.146314285714285,4.107428571428572,4.727757142857143,5.74647142857143,6.336557142857143,7.073042857142857,7.007557142857143,5.8798571428571424,5.922085714285715,5.5867571428571425,4.785785714285715,4.957414285714286,4.435757142857143,4.328628571428572,5.414785714285714,6.107342857142856,6.576828571428572,7.757971428571429,7.9767,8.834342857142857,8.834328571428571,7.829314285714285,7.1898,6.444385714285715,4.978028571428572,4.310828571428571,5.5628714285714285,6.410400000000001,6.965628571428572,6.944357142857143,6.948857142857143,7.043042857142858,6.980971428571429,5.530157142857143,5.849557142857143,5.816642857142858,5.930042857142857,6.360985714285714,7.0670142857142855,7.849471428571428,8.012114285714286,6.836385714285716,6.3981,7.085814285714286,6.6612285714285715,8.013542857142857,10.426971428571429,10.173957142857144,10.806514285714286,11.727271428571427,11.126942857142856,11.861257142857141,10.732714285714284,7.198985714285714,6.780657142857143,6.422514285714286,5.31047142857143,5.916385714285714,5.456085714285714,4.440971428571428,4.491614285714285,5.534,5.082814285714285,5.269242857142857,4.3814142857142855,4.032385714285715,4.165414285714286,5.241585714285715,4.6927142857142865,5.609914285714285,5.609914285714287,6.4163571428571435,6.581314285714285,7.704171428571428,9.45042857142857,8.711257142857143,9.309028571428572,9.427385714285716,8.7886,8.7756,9.218171428571429,6.761342857142856,7.201114285714285,7.443542857142857,9.747014285714286,9.939642857142859,9.9624,9.166971428571427,8.944842857142856,10.319742857142858,10.833257142857141,8.402285714285714,8.258542857142857,8.282428571428571,7.457085714285713,8.126685714285713,6.981328571428571,5.554600000000001,5.565371428571429,6.9195142857142855,6.918357142857142,6.993757142857143,7.257571428571429,6.630999999999999,5.957885714285715,5.768085714285713,4.2166,4.745657142857143,4.778942857142857,3.7972,4.542699999999999,4.7883,4.821571428571429,4.814900000000001,4.287,4.390028571428571,4.293628571428571
132,6.5688,6.5688,6.3581,7.840166666666666,6.480525,5.94862,5.307250000000001,4.8865428571428575,5.093871428571428,7.348071428571429,7.923228571428571,9.682728571428571,9.589271428571427,9.632442857142857,9.638042857142858,8.98552857142857,6.870785714285715,5.339214285714285,3.6463,4.221857142857142,4.783771428571428,5.586428571428571,7.498971428571428,6.933,8.739385714285714,9.54732857142857,8.990042857142857,8.796785714285715,8.806728571428572,7.296142857142857,7.538342857142857,6.054100000000001,6.268485714285715,6.6343000000000005,6.435485714285714,6.848200000000001,6.399142857142857,6.63492857142857,6.5444571428571425,5.9639999999999995,5.640599999999999,6.270271428571428,5.528385714285713,7.014085714285714,6.459328571428571,6.714657142857143,6.2176,6.687657142857143,6.258442857142858,5.773614285714286,4.478257142857143,4.560828571428571,3.8783142857142856,4.309557142857143,3.839514285714286,4.187314285714286,4.2619428571428575,3.9671857142857148,3.9146428571428564,3.933071428571428,3.5495857142857146,3.3991,2.8147285714285712,3.1052142857142857,4.094428571428572,5.271071428571429,5.2190142857142865,5.1747571428571435,5.155128571428571,5.021114285714286,4.672314285714285,3.690957142857143,2.5392714285714284,2.4873857142857143,2.4553714285714285,2.7304142857142857,3.0055,2.9970714285714286,5.4459285714285715,5.612857142857143,5.7012857142857145,6.050600000000001,6.577757142857144,7.564157142857143,8.40517142857143,6.224771428571428,5.9539285714285715,6.020314285714286,5.963071428571429,6.013428571428571,5.130285714285714,4.4209000000000005,4.152571428571429,4.208242857142857,4.722742857142857,4.949657142857143,4.078571428571428,4.504057142857143,5.455357142857143,6.538142857142857,7.165642857142856,6.5397285714285704,6.163042857142857,6.198971428571428,6.260528571428572,6.260528571428572,5.684699999999999,4.964014285714286,5.061914285714286,5.7744,5.776685714285714,4.940028571428571,4.355885714285714,3.848614285714286,5.137371428571428,5.834057142857142,7.033399999999999,7.042371428571428,6.994814285714285,6.819028571428572,6.809357142857143,5.933428571428571,5.094928571428571,3.861614285714286,4.128442857142857,4.092857142857143,3.902685714285714,5.029857142857144,4.664257142857143,4.737514285714286,3.940928571428571,3.6272571428571427,3.685928571428571,3.6926142857142854,5.071599999999999,5.6738,6.804714285714285,8.367157142857142,8.923499999999999,8.9513,8.982414285714286,6.483728571428571,5.896014285714285,5.967785714285715,4.4054142857142855,4.469742857142856,4.467485714285714,4.320042857142857,5.210085714285715,5.232614285714286,4.018257142857143,4.019385714285715,3.495085714285715,3.494014285714286,3.466271428571429,2.5788571428571427,2.551085714285714,2.531414285714285,2.527414285714286,2.4536571428571428,2.4536142857142855,3.1525857142857143,4.451842857142857,4.766742857142857,5.163371428571429,5.180442857142857,5.180442857142857,5.199428571428571,4.547728571428572,3.9156285714285715,3.622514285714286,3.2517,3.5397571428571433,3.5868428571428574,3.828671428571428,3.804228571428571,3.134585714285714,3.1345428571428573,3.1535285714285712,3.7730285714285716,3.9239,3.6836857142857142,3.641242857142857,3.6599285714285714,3.6557,3.6149428571428572,2.668242857142857,2.4583714285714287,2.3759,2.3977428571428567,2.3971714285714287,2.400171428571429,2.4915714285714285,2.723542857142857,2.7243285714285714,2.7507999999999995,2.7392285714285713,2.671685714285714,2.6069999999999998,2.4893857142857145,2.2573714285714286,2.2567428571428576,2.307414285714286,2.334442857142857,2.3463,2.370914285714286,2.4177142857142857,2.4021714285714286,2.3763285714285716,2.2992142857142857,2.2619142857142855,2.2775571428571424,2.2619714285714285,2.1919,2.178471428571428,2.167442857142857,2.1643,3.132614285714286,3.192314285714285,3.189185714285714,3.193871428571428,3.199542857142857,3.197057142857143,3.186714285714286,2.1996857142857142,2.183814285714286,2.2598714285714285,2.339714285714286,2.4550857142857145,2.5282428571428572,2.616828571428571,2.6804142857142854,2.6978,2.6953714285714283,2.6385285714285716,2.5414,2.5584571428571428,2.5651428571428574,2.524142857142857,2.4798142857142857,2.4197428571428574,2.4595285714285713,2.4684142857142857,2.4109142857142856,2.390685714285714,2.422614285714286,2.449585714285714,2.622114285714286,3.546985714285714,3.5268000000000006,3.8944000000000005,4.475542857142857,4.8439000000000005,5.221457142857142,5.100042857142858,4.166314285714285,4.217985714285715,4.160471428571428,3.7578142857142858,3.9339857142857144,3.691114285714286,3.8331714285714287,4.834028571428571,5.379142857142857,5.884328571428571,6.240214285714286,6.411485714285713,6.963657142857142,6.840657142857142,5.921914285714284,5.410128571428571,4.637871428571429,4.046885714285714,3.5656571428571424,4.4374142857142855,5.475585714285715,5.679985714285714,5.677257142857143,5.739314285714286,5.863085714285714,5.926785714285714,5.202285714285714,5.1894285714285715,5.538200000000001,5.593942857142856,5.818728571428571,6.181585714285714,6.938085714285713,6.8711714285714285,5.980714285714286,5.426457142857143,5.575428571428572,5.355914285714285,7.414857142857143,8.984399999999999,9.056642857142856,9.963757142857142,10.954485714285713,10.8098,11.644614285714285,10.161328571428571,7.4804571428571425,6.71112857142857,5.809599999999999,4.700785714285714,5.342214285714285,4.521171428571429,3.504071428571429,3.559357142857143,4.552028571428572,4.341542857142858,4.372971428571429,3.6005857142857143,3.5024285714285717,3.4975,4.569614285714286,4.121085714285714,4.387671428571428,4.677171428571428,5.000528571428572,5.1695142857142855,6.5308142857142855,7.330699999999999,6.989557142857143,7.772742857142856,8.206728571428572,7.918071428571428,7.893585714285713,7.609328571428571,6.113985714285714,6.455128571428572,6.352242857142857,6.643914285714286,6.729414285714285,6.736185714285715,6.325314285714286,5.933571428571429,6.244271428571429,6.409242857142858,5.4935285714285715,5.470985714285715,5.431514285714286,4.7686,5.426657142857143,4.9806857142857135,4.398014285714285,4.505614285714286,4.9872571428571435,4.878728571428572,4.842171428571429,5.210299999999999,4.881828571428572,4.353957142857142,4.3290428571428565,3.896328571428571,4.587571428571429,4.8279,3.976642857142857,4.425585714285714,4.835928571428572,4.765857142857143,4.657228571428571,4.1275,4.218757142857143,4.237685714285715
133,7.4409,7.4409,6.575200000000001,7.4724,6.22405,5.8379199999999996,5.21825,4.821314285714286,5.082714285714286,6.1643,6.611714285714285,8.542685714285714,8.41382857142857,8.538414285714284,8.544014285714285,7.817971428571428,6.545814285714287,5.287171428571429,3.4772285714285713,4.2036999999999995,4.9478,5.739942857142856,7.330085714285714,7.303371428571428,8.785971428571427,10.273471428571428,9.446085714285713,9.360185714285715,9.356657142857143,8.314442857142858,8.400585714285715,7.140228571428572,6.630542857142856,6.948600000000001,6.321142857142858,7.091185714285714,6.407314285714286,6.865571428571428,7.248442857142857,6.525457142857142,6.300542857142857,6.783185714285715,5.7009285714285705,6.819957142857143,6.114742857142858,6.308785714285714,5.941,6.045185714285714,5.685242857142856,5.231842857142857,4.7931857142857135,4.830214285714286,3.902857142857143,4.683414285714286,4.991828571428571,5.555671428571428,5.555942857142857,4.729314285714286,4.634371428571428,4.7953,4.0546999999999995,3.4976999999999996,3.4479,3.7601000000000004,4.126071428571429,4.914771428571429,4.711285714285714,4.711328571428572,4.7219,3.968842857142857,3.6288000000000005,3.3252714285714284,2.553314285714286,2.5319142857142856,2.462828571428571,2.738771428571429,2.979914285714286,2.9807285714285716,4.979971428571429,5.147228571428571,5.218128571428571,5.469928571428572,6.282042857142857,7.210271428571429,7.5171,5.731271428571428,5.491971428571428,5.504842857142857,5.664828571428571,5.734985714285714,4.904442857142857,4.589985714285715,4.316185714285714,4.327228571428572,4.793928571428572,5.0814,3.8858,4.349971428571428,4.729671428571429,5.5563142857142855,6.089257142857143,5.523128571428571,4.8762428571428575,4.8939571428571425,5.4554857142857145,6.030099999999999,5.270785714285714,4.6895999999999995,4.703,5.462342857142857,5.467771428571427,4.094157142857143,3.7478285714285713,3.685542857142857,4.8269142857142855,5.631285714285714,6.1168,6.259042857142857,6.2134,5.832571428571429,6.168642857142857,5.0917,4.294071428571429,3.655785714285714,4.055071428571429,4.055757142857143,3.8191142857142855,4.1365428571428575,4.482399999999999,4.4713,3.8226285714285715,3.2670285714285714,3.324614285714286,3.5114285714285716,4.197971428571429,4.1028,4.934728571428571,6.696357142857143,6.736585714285715,6.715000000000001,6.611071428571429,5.281757142857144,4.983928571428571,5.019357142857144,3.277328571428572,3.5247857142857137,3.614571428571428,3.5440714285714283,3.924214285714285,3.9652,3.117971428571429,3.1003999999999996,2.8524285714285718,2.792214285714286,2.7545,2.373285714285714,2.3614857142857137,2.360442857142857,2.347914285714286,2.3272857142857144,2.3260285714285707,2.5717,2.951828571428571,2.993171428571429,3.2895857142857143,3.2895857142857143,3.2887999999999997,3.2695714285714286,3.0841142857142856,3.067542857142857,3.037585714285714,2.7854142857142854,3.165542857142857,3.209828571428571,4.062942857142857,4.009128571428572,3.6455714285714285,3.6007857142857143,3.6011571428571427,3.9442,4.229542857142857,3.4152142857142858,3.454742857142857,3.472214285714286,3.5391857142857144,3.5161285714285717,2.790357142857143,2.4695428571428573,2.4281571428571427,2.4046,2.4087,2.395971428571429,2.5301,2.759485714285714,2.7481000000000004,2.7895999999999996,2.8352142857142857,2.793485714285714,2.7457142857142856,2.5698428571428567,2.3228714285714287,2.3227714285714285,2.2812571428571427,2.240285714285714,2.226942857142857,2.2270428571428575,2.2446,2.2980714285714288,2.2981714285714285,2.267285714285715,2.2626,2.2759857142857145,2.2759571428571426,2.2468285714285714,2.1818,2.1609428571428575,2.1778000000000004,2.5930714285714282,2.6576,2.6983142857142854,2.706657142857143,2.741542857142857,2.7483428571428568,2.7415142857142856,2.332,2.3036,2.2921714285714287,2.365614285714286,2.8063428571428566,2.7912714285714286,2.8739428571428576,2.919771428571429,2.9555571428571423,2.9555714285714285,2.964728571428572,2.5708999999999995,2.6934571428571425,2.6934571428571425,2.660485714285714,2.6246857142857145,2.6704857142857144,2.6602285714285716,2.6271428571428572,2.5509,2.5442428571428573,2.5250142857142857,2.505728571428572,2.507171428571428,4.182914285714285,4.161714285714286,4.496185714285715,5.1609,5.636871428571429,5.989185714285715,5.991342857142858,4.263457142857143,4.2645,4.139214285714286,3.826214285714286,4.040571428571429,3.7560714285714285,3.8880000000000003,4.756142857142857,5.446414285714286,5.939914285714286,6.252928571428571,6.283114285714285,6.7328,6.613914285714286,5.814171428571428,5.192300000000001,4.523657142857143,3.803,3.220842857142857,3.7042428571428565,4.972971428571428,5.161014285714287,5.110514285714285,5.558314285714286,5.923285714285716,5.875185714285714,5.351214285714286,5.049842857142857,5.819242857142858,6.097671428571428,5.861742857142858,5.7933,6.518928571428573,6.703985714285715,6.038485714285715,5.169200000000001,5.672057142857143,5.498414285714285,7.323914285714285,8.535942857142857,8.491942857142858,9.0968,10.041785714285714,9.332657142857144,10.05844285714286,8.752428571428572,6.682542857142857,6.1526571428571435,5.261428571428572,4.1996142857142855,4.781642857142857,4.21,3.3902,3.437357142857143,4.391100000000001,4.2984857142857145,4.288971428571428,3.5914571428571427,3.377471428571429,3.4116571428571425,4.509114285714285,4.284228571428572,4.631714285714287,4.775714285714286,5.120185714285715,5.482799999999999,6.626142857142857,8.558157142857143,8.059014285714285,8.832328571428572,9.915614285714286,9.626785714285715,9.405514285714286,9.334542857142855,6.571000000000001,6.818385714285715,6.818385714285715,6.673342857142858,6.838557142857143,6.841214285714286,6.474114285714286,6.232271428571429,6.962685714285714,7.169071428571428,6.239485714285714,6.250585714285713,6.138828571428571,5.4491571428571435,5.706585714285714,5.078342857142857,4.225942857142857,4.292185714285714,5.131628571428571,5.259985714285714,5.214685714285715,5.9740142857142855,5.335928571428572,4.898714285714285,4.856128571428571,4.0304714285714285,4.101285714285715,4.281285714285715,3.4553285714285713,3.7359571428571425,4.3903428571428575,4.229628571428571,4.089285714285714,3.873471428571428,4.027271428571428,3.8779
134,7.9908,7.9908,7.13305,8.677766666666667,7.07835,6.407439999999999,5.684533333333333,5.190757142857143,5.194071428571429,5.769585714285715,5.517071428571429,6.830528571428571,6.805542857142858,6.906300000000001,6.93797142857143,6.371428571428573,5.601657142857143,4.548171428571429,3.299657142857143,4.0074,5.189614285714286,5.984499999999999,7.369,7.509442857142858,8.7325,9.486685714285713,8.662714285714285,7.662299999999999,7.662271428571428,6.844299999999999,7.002328571428572,6.547071428571429,6.782414285714286,6.974914285714285,6.927485714285714,7.320971428571428,6.666785714285715,6.997314285714286,6.580671428571429,5.784185714285714,5.756742857142858,6.588100000000002,5.725728571428571,6.4825,5.590728571428571,6.5533,6.336442857142856,6.618428571428572,6.399014285714286,6.102842857142858,5.655928571428572,5.774885714285714,4.471857142857143,5.2498571428571426,5.028414285714285,5.0304714285714285,4.9562857142857135,4.535542857142857,4.358957142857142,4.827285714285714,4.0866,3.8033714285714284,3.675657142857143,4.230757142857143,4.433985714285714,5.0990714285714285,4.641414285714285,5.118842857142857,5.128385714285714,4.577471428571428,4.060328571428571,3.857585714285715,3.142057142857143,3.0484714285714287,2.4846571428571425,2.603971428571429,2.475214285714286,2.4703142857142857,4.0824428571428575,4.257,4.2856,4.348085714285714,5.219414285714286,6.3123,6.305057142857143,4.7149,4.5124571428571425,4.688614285714286,5.565428571428571,5.792985714285714,4.969942857142857,4.996857142857143,4.932042857142858,4.980628571428572,5.335071428571429,5.0197714285714286,3.799257142857143,4.034585714285714,4.400857142857142,5.431985714285714,5.691,5.151885714285714,4.654428571428572,4.660157142857143,7.019871428571428,7.393042857142857,6.3706000000000005,6.047457142857143,6.372371428571428,7.074071428571428,7.078242857142857,4.3572999999999995,4.130757142857142,4.122057142857143,6.263328571428572,6.680857142857143,6.9033428571428574,7.0232,6.829757142857143,7.1013714285714284,7.543928571428571,5.486328571428571,4.709485714285714,4.713500000000001,5.390142857142856,5.3907,4.598542857142858,4.521428571428571,4.489485714285714,4.506228571428571,3.4963142857142864,2.6746142857142856,2.735514285714286,2.8602142857142856,3.0737857142857146,3.1058142857142856,3.9473285714285713,5.7689571428571425,5.8179428571428575,5.773785714285714,5.947971428571428,5.4033,5.377357142857142,5.856800000000001,4.023885714285714,4.499471428571428,4.565985714285714,4.267528571428571,4.911771428571428,4.926114285714285,3.667042857142857,3.685457142857143,3.2143,3.1956428571428575,3.1509285714285715,2.5083428571428574,2.4976714285714285,2.483657142857143,2.467028571428571,2.4591285714285713,2.760142857142857,2.9754571428571426,3.5648142857142857,3.7077285714285715,3.9791142857142856,3.9964857142857144,3.9323142857142854,3.6391999999999998,3.5137571428571435,3.4929285714285716,3.3597285714285716,3.105571428571429,3.8895000000000004,4.0023285714285715,4.7883000000000004,4.745085714285715,4.156214285714285,4.153357142857143,4.194242857142856,4.182814285714286,4.302128571428571,3.5304,3.508085714285714,3.5327142857142855,3.554057142857143,3.5214571428571424,2.7426142857142857,2.5639285714285713,2.5673285714285714,2.5450857142857144,2.5463428571428572,2.5286428571428567,2.5529714285714284,2.619757142857143,2.6590285714285713,2.6403000000000003,2.6879142857142857,2.668914285714286,2.6688,2.6256571428571425,2.554542857142857,2.5152428571428564,2.554414285714286,2.558242857142857,2.5290571428571424,2.529185714285714,2.529314285714286,2.5696000000000003,2.595342857142857,2.527,2.5426571428571427,2.5718,2.5717999999999996,2.540985714285714,2.467457142857143,2.409728571428571,2.4757714285714285,2.9385285714285714,2.976057142857143,2.9869999999999997,2.9857,3.0141571428571425,3.069785714285714,2.994457142857143,2.483942857142857,2.4131,2.4162571428571433,2.4866571428571427,2.5662,2.5046142857142857,2.551885714285714,2.5519000000000003,2.6241714285714286,2.624128571428571,2.624757142857143,2.589042857142857,2.7037714285714283,2.7338857142857145,2.7611571428571433,2.7351428571428573,2.7340571428571425,2.690271428571428,2.6622714285714286,2.5965285714285713,2.587957142857143,2.595342857142857,2.545328571428571,2.564,2.8546857142857145,2.830657142857143,3.1062428571428575,3.5399285714285713,3.8238857142857148,4.249542857142857,4.249542857142857,3.966214285714286,4.009671428571428,3.7894857142857137,3.596771428571429,3.963628571428571,3.6414142857142857,3.687914285714286,4.472085714285715,4.710928571428572,5.431257142857143,5.608042857142857,5.118842857142857,5.523814285714286,5.513857142857142,4.795385714285715,4.594385714285714,3.8508,3.4050857142857147,3.4050857142857147,4.002414285714286,5.002857142857143,5.002942857142857,4.896457142857143,5.0663857142857145,5.157485714285714,5.072171428571429,4.2919285714285715,3.905928571428572,4.393971428571429,4.522971428571429,4.581428571428572,4.4749,5.182714285714285,5.576971428571428,5.058657142857143,4.868757142857143,4.942371428571429,4.835228571428571,5.945057142857142,6.634657142857143,6.1812142857142875,7.089285714285714,7.795257142857143,7.7097999999999995,8.393085714285714,8.130257142857142,6.6000571428571435,6.448185714285714,5.572557142857144,4.501014285714286,5.054628571428571,4.277171428571429,3.401728571428571,3.435314285714285,3.4121857142857146,3.1535428571428574,3.1275714285714287,2.4340857142857146,2.3297285714285714,2.3461,3.2076,3.280071428571428,3.638542857142857,3.7912571428571433,4.057314285714286,4.650714285714286,5.516957142857144,7.326314285714285,7.418942857142858,7.946028571428571,9.19072857142857,8.960571428571429,8.528971428571428,8.877314285714286,6.369000000000001,6.8746285714285715,7.122057142857143,7.0288571428571425,7.180642857142858,7.198014285714287,7.221214285714287,7.049357142857143,7.574385714285714,7.796271428571428,6.648428571428572,6.650428571428571,6.579485714285714,5.3688142857142855,5.583257142857142,4.8007,4.060899999999999,4.116271428571428,4.993857142857143,4.900342857142857,4.878814285714285,5.479685714285714,5.065757142857143,4.575057142857142,4.517114285714285,3.679242857142857,4.0556,4.0602857142857145,3.3371285714285714,3.470628571428571,3.890185714285714,3.742,3.5540285714285713,3.1776714285714287,3.3789857142857143,3.4451571428571426
135,9.2985,9.2985,6.7663,8.879199999999999,7.264825,6.6587000000000005,5.899816666666667,5.391771428571429,5.271942857142858,6.6516714285714285,6.079114285714286,7.713057142857143,7.606414285714285,7.771085714285713,7.796385714285713,7.086085714285714,6.042714285714285,5.241371428571427,3.7596857142857147,3.9686,5.496142857142857,6.1455714285714285,7.483642857142857,7.141571428571429,8.100314285714287,8.739671428571429,8.4453,7.083842857142857,7.520714285714287,6.8274,7.3741142857142865,6.909114285714286,7.132671428571429,7.302214285714287,7.198128571428571,7.202685714285713,6.44792857142857,6.7111285714285716,6.553442857142857,5.783471428571429,5.797785714285714,6.479599999999999,5.625271428571429,6.379928571428572,5.3714,5.839471428571429,5.6488571428571435,5.888014285714286,5.2581428571428575,5.0369,4.561314285714285,4.543671428571429,3.6242285714285707,3.890999999999999,3.459185714285714,4.104242857142857,4.032342857142857,3.746514285714285,3.7421,3.892528571428571,4.077271428571429,3.988242857142857,3.801285714285714,4.4836857142857145,4.665014285714285,5.046457142857142,4.895257142857142,4.605985714285715,4.6252571428571425,3.9219857142857144,3.2675428571428573,3.191657142857143,2.7899000000000003,2.7382428571428576,2.5336142857142856,2.8259,2.8497999999999997,3.0811999999999995,4.256157142857143,4.256142857142857,4.275371428571429,4.275385714285714,5.0802000000000005,5.867685714285714,5.635414285714285,4.796885714285715,4.745557142857144,5.022342857142857,5.824685714285715,5.821885714285714,5.568614285714284,5.604157142857143,5.1248,5.162857142857143,5.684228571428571,5.664642857142858,4.5801,4.8341714285714295,5.347442857142858,6.316828571428571,6.597085714285714,5.7783428571428574,5.713571428571428,5.734442857142858,7.0655857142857155,7.125771428571428,6.1501714285714275,5.813257142857144,5.937671428571429,6.007942857142857,5.999242857142856,3.9866857142857137,4.093942857142857,4.110057142857143,5.250342857142857,5.561685714285715,5.808457142857144,6.201157142857142,6.0244285714285715,5.6631857142857145,6.446257142857142,5.358585714285715,4.900228571428571,5.219742857142857,5.1167428571428575,5.117171428571429,4.772771428571429,4.403971428571429,4.404314285714286,4.393057142857144,3.048028571428571,2.7488428571428574,2.812757142857143,3.350342857142857,3.551285714285714,3.5891857142857146,4.4409,5.919128571428572,5.950499999999999,5.9044285714285705,5.4975000000000005,4.881014285714286,4.851814285714286,4.704085714285715,3.2134571428571426,3.221971428571429,3.2690714285714284,3.174071428571429,3.8444,3.8497857142857135,3.2058142857142857,3.203142857142857,3.1905142857142854,3.1928857142857145,3.1233285714285715,2.4563857142857146,2.452814285714286,2.453457142857143,2.4525857142857146,2.434657142857143,2.524142857142857,2.5922571428571426,3.021557142857143,3.0746285714285717,3.131757142857143,3.1560857142857146,3.088857142857143,2.980671428571429,2.9794000000000005,3.0290142857142857,2.9526000000000003,2.8850428571428575,3.1404571428571435,3.212914285714286,3.5265285714285715,3.5083142857142855,3.029357142857143,3.0622142857142856,3.7027285714285716,3.9983,4.180885714285714,3.9324571428571424,3.927428571428571,3.9224142857142854,3.931828571428571,3.3033142857142854,2.683642857142857,2.445557142857143,2.3487999999999998,2.3036571428571433,2.278,2.232657142857143,2.2345857142857146,2.321028571428571,2.321042857142857,2.3405857142857145,2.3478285714285714,2.373414285714286,2.3611714285714283,2.307471428571428,2.2193857142857145,2.2193857142857145,2.199857142857143,2.175414285714286,2.1130714285714287,2.105771428571429,2.107271428571429,2.1824285714285714,2.1824285714285714,2.1652142857142858,2.2252285714285716,2.262,2.280442857142857,2.2738571428571426,2.1807857142857143,2.1903285714285716,2.2472857142857143,3.013057142857143,3.0778571428571433,3.0991571428571425,3.145314285714286,3.249014285714286,3.2344000000000004,3.2041714285714287,2.405128571428571,2.3237142857142854,2.3526285714285713,2.3443428571428577,2.268042857142857,2.268042857142857,2.253442857142857,2.272585714285714,2.344457142857143,2.351685714285714,2.3947857142857143,2.4814000000000003,2.572257142857143,2.673442857142857,2.673428571428572,2.608128571428572,2.5733,2.526085714285714,2.458585714285714,2.401471428571429,2.3473571428571427,2.361542857142857,2.361942857142857,2.3636714285714286,2.5000571428571425,2.5007857142857146,2.7723714285714287,3.0306428571428574,3.5301142857142858,4.218371428571428,4.2175714285714285,4.0945285714285715,4.128271428571429,3.933871428571429,3.730471428571429,3.589171428571429,2.933214285714286,2.9665571428571424,3.776214285714286,3.7966428571428574,4.103585714285714,4.419528571428572,4.858657142857143,5.321114285714286,5.275042857142857,4.616485714285714,4.648185714285715,4.332828571428571,3.9619857142857144,3.2279428571428572,3.8461,4.657357142857143,5.079171428571428,4.960985714285714,4.979100000000001,5.638114285714286,5.658185714285715,4.870685714285714,5.1054571428571425,4.685900000000001,5.024128571428571,5.0261571428571425,4.360557142857143,4.985585714285714,4.963514285714285,4.223542857142857,4.663085714285715,4.589814285714287,4.628728571428572,6.030900000000001,6.6369,6.511099999999999,7.302028571428571,7.793342857142856,7.6335,8.317514285714285,7.672457142857143,6.31222857142857,6.2473142857142845,5.390171428571428,4.311914285714286,4.6543,3.910471428571429,3.1646571428571426,3.188157142857143,3.1136285714285714,2.841028571428572,2.839142857142857,2.4019285714285714,2.3390999999999997,2.4928999999999997,3.4591000000000003,3.603971428571429,3.9899714285714287,4.361614285714286,4.400328571428571,4.5793857142857135,5.224200000000001,6.801128571428571,6.941657142857143,7.591328571428571,8.299728571428572,8.2998,8.278614285714287,8.49687142857143,6.125000000000001,6.472142857142857,6.503514285714286,6.658142857142857,6.824914285714287,6.834571428571429,6.620914285714286,6.443399999999999,7.070742857142856,7.299785714285714,6.212557142857143,6.174671428571429,6.1098,5.3448142857142855,5.5676,4.743557142857143,3.9984571428571427,4.0125714285714285,4.676814285714285,4.562314285714286,4.499428571428571,5.101642857142857,4.6398,4.093057142857143,3.907428571428571,3.2817142857142856,3.6424857142857143,3.6424857142857143,2.8252857142857146,3.0339428571428573,3.661885714285714,3.661871428571428,3.470357142857143,3.1095714285714284,3.318228571428571,3.4568857142857143
136,8.0284,8.0284,6.526,7.9737,6.6227,6.0893,5.4315,5.010342857142858,5.236757142857143,6.6014285714285705,6.327242857142857,8.148771428571429,8.119,8.348285714285714,8.3642,7.602457142857143,6.591814285714286,5.749128571428572,4.0958000000000006,4.463314285714286,5.940599999999999,6.772985714285715,9.203657142857143,8.743585714285715,9.745514285714284,10.307057142857143,9.840114285714284,8.55917142857143,8.499085714285714,6.599871428571428,7.135142857142857,6.498557142857144,6.5476,6.738700000000001,6.553485714285714,6.914014285714286,6.361514285714286,6.360514285714286,6.280714285714285,5.7396714285714285,6.258557142857143,6.857957142857144,5.959271428571429,6.51167142857143,5.793442857142857,6.556285714285714,6.334471428571428,6.03632857142857,5.495214285714285,5.2889285714285705,5.291857142857142,5.301771428571429,4.225257142857143,4.242185714285714,4.064185714285714,4.012228571428572,3.929485714285715,3.191842857142857,3.1624857142857143,3.5725428571428566,4.886814285714285,4.611085714285714,5.388799999999999,5.780142857142857,5.968314285714286,6.509585714285714,6.2881285714285715,4.997228571428572,4.953357142857143,4.2192,3.861771428571429,4.411657142857143,3.834171428571428,3.5750571428571427,3.5150857142857146,3.7361857142857144,3.5658142857142856,3.9679571428571427,4.204585714285714,4.196,4.3048,4.304814285714286,5.16557142857143,5.885857142857143,5.505985714285715,5.139685714285713,5.079171428571428,5.295299999999999,6.0127999999999995,5.727028571428571,5.535842857142856,5.513599999999999,4.8465,4.893657142857143,5.707714285714286,5.547928571428571,4.749614285714286,4.941285714285714,5.423228571428571,6.599000000000001,6.779114285714286,5.642657142857142,6.94602857142857,7.327771428571428,9.41692857142857,9.199914285714286,8.0241,7.782400000000001,7.8144285714285715,6.736728571428571,6.36757142857143,3.7746142857142857,4.3067142857142855,4.532442857142857,5.616528571428572,5.631685714285715,5.850700000000001,6.1272,5.772714285714286,5.802,6.418614285714286,5.350357142857143,5.2677,5.200642857142857,5.290557142857142,5.290399999999999,4.418642857142857,4.373399999999999,4.373399999999999,4.357499999999999,3.6170714285714283,3.212585714285715,3.246771428571429,4.696185714285714,4.179485714285714,4.219842857142857,4.737057142857142,5.9781571428571425,5.9998,5.981542857142857,4.6793571428571425,4.411314285714285,4.410728571428572,5.163785714285715,3.732385714285715,3.8595714285714284,3.898028571428572,3.808328571428572,4.038628571428572,4.051842857142857,2.850514285714286,2.8286714285714285,2.716371428571428,2.7192000000000003,2.6523714285714286,2.363585714285714,2.3001142857142858,2.246157142857143,2.2431857142857146,2.2422714285714287,2.2610428571428574,2.3305857142857143,2.5938000000000003,2.653914285714286,2.8054857142857146,2.8161857142857145,2.752,2.691042857142857,2.669642857142857,2.4748571428571426,2.4091142857142853,2.257542857142857,2.7319,2.7591,3.1698285714285714,3.1785428571428573,3.1499428571428574,3.2049285714285713,3.6088,3.686628571428571,3.7301428571428565,3.3878,3.3530571428571427,3.3618714285714284,3.3787428571428566,3.0339142857142853,2.4160142857142857,2.339528571428571,2.255857142857143,2.226842857142857,2.215185714285714,2.1576714285714287,2.133557142857143,2.1492428571428577,2.154628571428572,2.169057142857143,2.1834714285714285,2.162042857142857,2.162042857142857,2.1262857142857143,2.1159285714285714,2.1249857142857143,2.125,2.1107,2.0799714285714286,2.0800428571428573,2.071,2.130342857142857,2.1159285714285714,2.1015714285714284,2.1846714285714284,2.2368999999999994,2.2367999999999997,2.2310285714285714,2.1658999999999997,2.1654714285714283,2.219185714285714,2.4538,2.4863571428571434,2.525742857142857,2.604214285714286,2.7070000000000003,2.7190857142857143,2.6769857142857143,2.384528571428571,2.311328571428571,2.2692142857142854,2.202785714285714,2.1866857142857143,2.1747,2.1747142857142854,2.1610571428571426,2.251785714285714,2.330285714285714,2.330342857142857,2.3221428571428575,2.424842857142857,2.5212000000000003,2.534871428571428,2.4441428571428574,2.4320142857142857,2.4845,2.460185714285714,2.411585714285714,2.360042857142857,2.389828571428571,2.4692285714285718,2.483285714285714,2.5605,2.5512000000000006,2.609314285714286,2.664414285714286,2.9219,3.0363571428571428,2.9703714285714287,2.9101285714285714,2.891685714285714,2.8913857142857142,2.882557142857143,2.627342857142857,2.4770142857142856,2.5442428571428573,3.2360571428571427,3.301085714285714,4.083357142857143,4.321485714285714,4.976814285714285,5.547114285714285,5.4657857142857145,4.931414285714285,4.966500000000001,4.186857142857143,3.960185714285714,3.6480857142857137,4.028528571428572,4.749871428571429,4.629742857142857,4.514442857142857,4.695257142857143,5.03757142857143,4.768185714285714,3.9596142857142858,4.232171428571428,4.353942857142857,5.151585714285714,5.713957142857143,5.317814285714285,5.919885714285714,5.919885714285714,5.771385714285715,5.868614285714286,5.8511999999999995,5.331257142857142,6.559414285714285,6.969171428571428,6.9083428571428565,7.194057142857143,7.999699999999999,7.249357142857143,7.769285714285713,6.867057142857143,5.734771428571428,5.729585714285714,4.937600000000001,3.8469857142857147,3.9595857142857147,3.2258714285714283,2.8711999999999995,2.891985714285714,2.8400857142857143,2.5070142857142854,2.5339428571428573,2.4187714285714286,2.3332,2.668942857142857,3.722757142857143,3.8912714285714287,4.552357142857143,4.720871428571429,4.746942857142857,5.326228571428572,5.817671428571428,7.806514285714286,8.426128571428572,8.614557142857143,9.482157142857144,9.497371428571428,9.100771428571429,9.335657142857142,6.482185714285714,6.5628714285714285,6.839842857142857,7.065785714285716,7.241485714285716,7.264985714285714,7.065900000000001,6.906014285714286,6.795742857142857,7.0335857142857146,5.908828571428572,5.907571428571429,5.738571428571428,5.097814285714286,5.290785714285714,4.793057142857143,4.094957142857143,4.158857142857142,5.384628571428571,5.459614285714286,5.460971428571428,6.335157142857144,6.104457142857143,5.456271428571428,5.250914285714286,4.025142857142858,4.607257142857144,4.427328571428572,3.4428142857142854,3.6122,4.062271428571429,4.062285714285715,3.8837000000000006,3.2266000000000004,3.409885714285714,3.507042857142857
137,11.0866,11.0866,8.0518,8.701133333333333,7.20395,6.634780000000001,5.884883333333334,5.3970142857142855,4.910228571428571,6.617071428571429,6.3315,7.721485714285714,7.5707571428571425,7.793999999999999,7.842071428571427,7.352557142857142,6.245214285714285,5.630542857142856,4.445685714285714,4.5906714285714285,6.072657142857143,7.0085428571428565,8.565057142857142,8.395557142857143,10.30862857142857,10.552200000000001,10.462428571428571,9.474157142857143,9.5096,8.437828571428572,7.9169285714285715,6.6185857142857145,7.3393,7.417257142857143,6.945657142857143,7.117299999999999,6.499171428571429,7.0195,6.613685714285714,5.779342857142857,6.945799999999999,7.764585714285714,6.824085714285714,7.496114285714285,6.783242857142857,7.3825714285714295,7.047085714285714,5.885628571428572,5.6592714285714285,5.460885714285714,5.596185714285715,5.576357142857143,4.644785714285715,4.660400000000001,5.482228571428572,5.376857142857142,5.311285714285715,4.3692714285714285,4.634714285714287,5.375871428571429,6.140085714285715,5.115885714285715,5.779800000000001,6.586671428571429,6.867442857142857,8.3064,8.306557142857143,7.511642857142858,7.4584,6.128985714285714,5.3461,5.8686428571428575,4.100071428571429,3.290914285714286,3.2834857142857143,3.5739000000000005,3.8347,4.179428571428572,4.1826,4.190957142857143,4.532814285714286,4.524500000000001,5.2476714285714285,5.760814285714285,5.407457142857143,4.951728571428572,4.895171428571429,4.823514285714286,5.746185714285714,5.520885714285714,5.520885714285714,5.512099999999999,5.1608285714285715,5.205742857142858,6.1313571428571425,5.888042857142858,5.084257142857143,5.257585714285715,6.023385714285714,7.207714285714284,7.310642857142858,6.116642857142857,7.291914285714285,7.608957142857143,9.608885714285716,8.946057142857143,7.7408,7.579885714285714,7.599500000000001,6.440328571428572,6.102385714285715,3.2615857142857143,3.6214000000000004,4.116357142857143,5.256928571428572,5.222700000000001,5.273414285714286,5.683728571428572,5.493414285714286,5.695142857142857,6.200385714285715,5.093814285714285,5.0766285714285715,5.367114285714286,5.362128571428571,5.362799999999999,4.659457142857143,4.1327,4.117842857142857,4.099457142857142,3.151485714285714,2.807271428571429,2.8467,3.682414285714285,3.2668142857142857,3.3134142857142854,3.5245714285714285,4.5081428571428575,4.436185714285714,4.415171428571428,3.772271428571428,3.770057142857143,3.7679857142857145,5.072157142857143,4.017328571428572,4.089300000000001,4.135471428571429,3.988814285714285,4.1011,4.102714285714285,2.6519142857142852,2.6315571428571425,2.6111571428571425,2.5963142857142856,2.5310285714285716,2.333142857142857,2.267885714285714,2.2165142857142857,2.188785714285714,2.1680571428571427,2.188514285714285,2.2822285714285715,2.4416857142857142,2.4717857142857147,2.602242857142857,2.5785714285714287,2.543757142857143,2.5016571428571432,2.421828571428571,2.355971428571429,2.325871428571429,2.181557142857143,2.261242857142857,2.296328571428571,2.677942857142857,2.724471428571429,2.6813285714285713,2.6952142857142856,3.0129714285714284,3.3585571428571432,3.3811571428571425,3.052785714285714,3.0079285714285713,3.0133,3.032514285714286,2.7706142857142857,2.3374142857142854,2.2648,2.182957142857143,2.1676,2.1274,2.109857142857143,2.0697,2.0807142857142855,2.086457142857143,2.1018142857142856,2.1018,2.1017571428571427,2.1017571428571427,2.101585714285714,2.1001714285714286,2.1098142857142856,2.1002,2.100214285714286,2.0575857142857146,2.059057142857143,2.059071428571429,2.1672714285714285,2.1576285714285715,2.1519714285714286,2.176857142857143,2.2598,2.2583142857142855,2.2465,2.122242857142857,2.1267857142857145,2.149557142857143,2.521785714285714,2.5525285714285713,2.591528571428572,2.627185714285715,2.6507,2.6507285714285715,2.638271428571428,2.2804285714285712,2.2043142857142857,2.160285714285714,2.1314,2.1188857142857147,2.1188571428571428,2.1187714285714287,2.0909142857142857,2.103657142857143,2.1942,2.1942,2.1942142857142857,2.287057142857143,2.3646,2.3635142857142855,2.3507857142857143,2.2986857142857144,2.2986714285714283,2.3371142857142857,2.320857142857143,2.3247,2.3611571428571425,2.3877142857142855,2.342057142857143,2.8651142857142857,2.8530857142857142,2.876985714285714,2.8960999999999997,3.1454857142857144,3.2265285714285716,3.2339857142857142,2.710171428571428,2.689442857142857,2.6644857142857146,2.9583714285714287,2.7621714285714285,2.6910857142857147,2.7274,3.049285714285714,3.0541428571428573,3.5966285714285715,3.523357142857143,3.6925571428571433,3.9771571428571426,3.939828571428571,3.797414285714286,3.8903571428571424,3.3758142857142857,3.155785714285714,3.743657142857143,4.303414285714285,5.187828571428571,5.123128571428572,5.0222,5.342142857142858,5.904700000000001,5.188614285714286,4.642114285714285,4.6990285714285704,4.714271428571429,5.559100000000001,5.983057142857143,5.3547,5.988828571428571,5.778928571428571,5.076999999999999,7.101942857142857,7.1019571428571435,6.787657142857142,8.155357142857143,8.595671428571427,8.609457142857142,9.503942857142857,8.482871428571428,7.653299999999999,7.966057142857141,7.410457142857142,6.31387142857143,6.304857142857142,5.564314285714286,5.080828571428571,5.273085714285715,4.486671428571428,3.6622,3.613114285714286,3.5397571428571433,3.151542857142857,2.5578142857142856,2.4056428571428574,2.3674,3.2464000000000004,4.2584285714285715,4.486514285714286,5.574142857142857,5.740899999999999,5.72612857142857,6.625342857142856,6.580957142857143,8.13537142857143,8.922828571428571,8.806857142857144,9.492242857142857,9.671771428571429,8.974042857142857,9.096528571428571,6.672485714285713,6.217042857142856,6.374499999999999,6.411885714285716,6.4113999999999995,6.392971428571428,6.562814285714286,6.41487142857143,6.881928571428571,7.654042857142857,6.974685714285713,7.0250571428571424,7.058385714285714,6.696057142857143,6.9869,6.149957142857143,4.858199999999999,4.999871428571429,5.7713142857142845,5.813557142857142,5.382571428571429,6.247685714285715,6.055414285714286,5.679157142857143,5.340385714285714,4.367242857142857,5.046785714285714,4.927814285714286,3.9641000000000006,4.1596142857142855,4.331928571428572,4.3319857142857146,4.4987,3.682857142857143,3.7201285714285715,3.7215428571428575
138,9.5288,9.5288,7.2739,7.5250666666666675,6.629550000000001,6.177020000000001,5.524716666666667,5.11417142857143,4.960185714285714,6.703428571428572,6.500142857142857,7.309414285714285,7.283242857142858,7.490371428571429,7.642085714285714,7.043557142857142,6.761385714285715,6.436,5.812485714285714,5.823542857142857,6.965128571428571,7.807385714285714,8.824442857142857,8.077685714285714,9.788857142857143,10.158657142857143,10.029285714285717,9.82977142857143,9.80877142857143,9.329757142857144,8.516542857142857,6.669542857142858,6.696557142857143,6.688885714285715,5.762185714285715,5.749957142857142,5.038514285714286,6.058999999999999,6.297914285714286,5.755985714285714,7.549657142857143,8.149657142857142,7.412228571428571,8.1227,6.910757142857142,7.967199999999999,7.708842857142857,6.047385714285714,6.3890714285714285,6.194371428571428,6.6425,6.623171428571429,5.244642857142857,5.2880714285714285,6.115728571428571,5.345771428571429,5.373785714285714,4.114242857142857,4.576657142857143,5.328028571428571,5.715685714285714,4.5933142857142855,5.810471428571428,6.736428571428571,7.039728571428571,7.315928571428572,7.533442857142857,7.113014285714286,7.148671428571428,5.578514285714285,4.581771428571429,5.090271428571429,4.298885714285715,3.2726,3.3166571428571427,3.765014285714286,4.039285714285714,4.628771428571428,4.705928571428571,4.693128571428572,5.117971428571429,5.106114285714285,5.744857142857143,6.252257142857142,5.639971428571429,4.941742857142857,4.902557142857143,4.818757142857143,5.576514285714285,4.8225428571428575,4.8225428571428575,4.827285714285714,4.642457142857142,4.681385714285716,5.832057142857143,5.825685714285716,5.484171428571429,5.484157142857143,6.283871428571429,7.219842857142858,7.238657142857144,5.75477142857143,5.454014285714286,5.800757142857144,6.691371428571428,5.966714285714285,5.026928571428572,4.954700000000001,4.965471428571428,4.806957142857144,4.426242857142857,2.7781857142857143,3.2159857142857144,3.416671428571429,5.359514285714286,5.301700000000001,5.238442857142857,5.818528571428572,5.717871428571429,6.001357142857143,6.9722,5.0445,5.0454857142857135,6.004328571428571,5.750500000000001,5.750571428571429,4.910942857142857,4.025385714285714,4.025485714285714,4.026628571428572,2.8062,2.5507571428571434,2.5658142857142856,3.558671428571429,3.3000285714285718,3.362757142857143,3.838142857142858,4.502485714285714,4.470528571428572,4.4705,3.6350000000000002,3.619957142857143,3.5953000000000004,3.4503999999999997,2.7755,2.8039571428571426,2.804,2.6862,2.7879714285714288,2.7753000000000005,2.4434285714285715,2.461457142857143,2.4697428571428572,2.4972,2.4427714285714286,2.280542857142857,2.240185714285714,2.241014285714286,2.181885714285714,2.107842857142857,2.146485714285714,2.2230142857142856,2.3234,2.3789857142857143,2.4636,2.4636142857142858,2.4651,2.4177714285714282,2.3569428571428572,2.3650999999999995,2.3094571428571427,2.2249285714285714,2.310785714285714,2.3093428571428576,2.4466428571428573,2.5074571428571426,2.456057142857143,2.4718142857142857,2.841957142857143,2.9027428571428575,2.960657142857143,2.8900285714285716,2.8327428571428572,2.8390857142857135,2.9060142857142854,2.5577285714285716,2.3956714285714287,2.3222714285714288,2.222257142857143,2.2033,2.157542857142857,2.0942000000000003,2.118414285714286,2.2093714285714285,2.2159142857142853,2.2332714285714284,2.2332428571428564,2.233228571428571,2.2316142857142856,2.1874285714285713,2.1153999999999997,2.1871714285714288,2.176271428571429,2.176414285714286,2.1590857142857147,2.160914285714286,2.1609142857142856,2.201628571428571,2.136314285714286,2.1472857142857142,2.1844714285714284,2.288185714285714,2.2863571428571428,2.2678857142857143,2.207185714285714,2.2043142857142857,2.2356571428571423,2.7447714285714286,2.727314285714286,2.7587571428571427,2.7824714285714287,2.8005,2.800442857142857,2.7617714285714285,2.2753,2.211642857142857,2.172842857142857,2.1672857142857143,2.1603285714285714,2.1575428571428574,2.157442857142857,2.108685714285714,2.1090142857142857,2.153057142857143,2.1460142857142857,2.1471285714285715,2.2266857142857144,2.3220285714285716,2.3209000000000004,2.3079285714285716,2.3100857142857145,2.3100714285714288,2.347757142857143,2.3487,2.329014285714286,2.355657142857143,2.367028571428572,2.313514285714285,2.492771428571429,2.480571428571429,2.511342857142857,2.6123714285714286,3.191057142857143,3.2726571428571427,3.2912857142857144,3.1112428571428565,3.0847857142857147,3.0685857142857142,3.041471428571428,2.5059857142857145,2.448685714285715,2.473,3.3204285714285713,3.3316857142857144,4.1746428571428575,4.204299999999999,4.220657142857143,4.799642857142857,4.763228571428571,4.095842857142857,4.188171428571429,3.356642857142858,3.2789571428571427,4.039385714285714,4.271657142857143,5.1389571428571434,5.039957142857142,4.936914285714286,5.021985714285715,5.5765,4.852200000000001,4.472728571428571,4.472714285714285,4.7520999999999995,5.079928571428572,5.738057142857143,5.0961,5.629842857142857,5.266185714285713,4.627185714285715,6.421585714285714,6.94,6.959328571428571,8.077871428571429,8.554442857142858,8.57077142857143,9.377057142857144,8.355657142857144,7.601842857142858,7.7693571428571415,7.483628571428571,6.473314285714286,6.475514285714286,5.832442857142857,4.821557142857143,4.841728571428571,3.9212428571428575,3.1175428571428574,3.051271428571429,2.9882714285714287,2.602657142857143,2.5402285714285715,2.4888714285714286,2.434885714285715,3.398557142857143,4.237871428571428,4.640042857142857,5.768457142857143,5.9351,5.895942857142858,6.698442857142857,6.5884285714285715,7.8464857142857145,8.550214285714286,8.554514285714285,9.341457142857141,9.522671428571428,8.8636,9.016485714285714,6.925085714285714,5.985828571428571,6.160457142857142,6.255085714285714,6.276000000000001,6.276000000000001,6.576185714285715,6.568271428571428,8.059428571428572,8.415528571428572,7.594357142857143,7.757514285714286,7.763657142857143,6.938128571428572,7.131714285714287,5.4870285714285725,4.176442857142857,4.165242857142856,4.957314285714285,5.021328571428571,4.769785714285713,6.365714285714286,6.3473999999999995,6.237128571428572,5.989714285714286,5.0022714285714285,5.660657142857143,5.441885714285715,3.6260285714285714,3.8212714285714284,3.8630714285714283,3.9046857142857143,3.9871714285714286,3.294157142857143,3.4109285714285713,3.6560428571428565
139,21.4751,21.4751,12.82675,9.999133333333333,8.4179,7.469119999999999,6.5796166666666664,6.000828571428571,4.079557142857142,5.935771428571428,6.064628571428571,7.071971428571429,7.9189,8.088585714285713,8.126985714285714,7.454671428571428,5.989328571428571,5.714142857142858,4.813957142857143,4.047671428571428,5.182842857142857,6.1551,8.685842857142857,9.129257142857142,11.115471428571428,11.571628571428572,11.313214285714285,11.64307142857143,11.57012857142857,9.734942857142856,9.147385714285715,7.278200000000003,7.332714285714288,7.392928571428572,5.877185714285715,5.723871428571428,5.043457142857143,5.446557142857143,5.454414285714286,4.910857142857142,6.7233285714285715,7.442442857142857,6.865657142857143,7.518957142857142,6.602899999999999,7.8614428571428565,7.5929714285714285,5.9764285714285705,5.541114285714286,5.386814285714286,6.4493,6.5131571428571435,5.050028571428571,5.113814285714285,5.9225,5.922471428571429,5.9025285714285705,4.010257142857143,4.829028571428572,5.563128571428571,5.672128571428571,4.562771428571429,5.001657142857143,6.102685714285713,7.140999999999999,7.0436571428571435,7.114114285714286,6.957185714285715,7.0077,6.2210857142857146,5.686685714285714,5.416471428571428,4.644785714285715,3.7798714285714285,3.7959857142857136,4.3011857142857135,4.413114285714285,4.145042857142857,4.258957142857143,4.250442857142857,4.6489142857142856,4.852942857142857,5.426214285714286,6.372428571428571,6.015099999999999,5.31752857142857,5.282357142857143,5.692414285714285,6.271557142857143,5.409599999999999,5.137685714285714,5.1521,5.004657142857143,5.054228571428571,5.913928571428571,5.8103,5.581314285714286,5.582299999999999,6.378942857142856,7.175800000000001,7.175757142857143,5.543142857142856,4.984285714285714,5.377714285714285,6.133157142857143,5.349871428571428,4.527928571428571,4.483257142857143,4.675942857142857,5.0712142857142855,4.642685714285714,3.280014285714286,4.0633,4.7324,5.7997,5.542728571428571,5.3223,5.4871428571428575,5.236057142857143,5.232057142857143,5.740542857142858,4.671928571428571,4.686,5.1957571428571425,5.246042857142856,5.245871428571429,4.407185714285714,3.6988999999999996,3.733157142857143,3.7192714285714286,2.9107714285714286,2.7652285714285716,2.781057142857143,3.8290714285714285,3.822228571428571,3.8535428571428567,4.0521142857142864,4.919314285714286,4.911671428571429,4.911642857142858,3.9207285714285716,3.479128571428571,3.4531428571428564,3.6633285714285715,2.7408142857142854,2.7478714285714285,2.7479,2.7365,2.740585714285714,2.7406000000000006,2.3302857142857145,2.376,2.376428571428572,2.4011142857142858,2.3394857142857144,2.2778714285714288,2.2223571428571427,2.2215,2.174942857142857,2.103271428571429,2.1478571428571427,2.225228571428571,2.3261714285714286,2.379414285714286,3.2011714285714286,3.2011714285714286,3.218771428571429,3.1661428571428574,3.103828571428571,3.1008857142857145,3.047657142857143,2.2259285714285713,2.3095428571428576,2.3094714285714284,2.4497714285714283,2.508942857142857,2.474457142857143,2.4894857142857143,3.0837285714285714,3.0897714285714284,3.1277142857142857,3.0202999999999998,2.962942857142857,2.9352000000000005,2.989842857142857,2.416328571428571,2.3119,2.2478000000000002,2.182557142857143,2.1659714285714284,2.147071428571429,2.113171428571429,2.113114285714286,2.2019571428571427,2.2019714285714285,2.202,2.201985714285714,2.202,2.183057142857143,2.164157142857143,2.1320714285714284,2.2005142857142856,2.206757142857143,2.206871428571428,2.190314285714286,2.232485714285714,2.232485714285714,2.2325142857142857,2.1641285714285714,2.1745714285714284,2.234742857142857,2.3412714285714284,2.3006571428571427,2.2946714285714287,2.241257142857143,2.246857142857143,2.271,2.792614285714286,2.772671428571429,2.8158000000000003,2.8288285714285712,2.8491285714285715,2.847928571428571,2.8177285714285714,2.291842857142857,2.2669428571428574,2.2163142857142857,2.2164428571428574,2.203357142857143,2.2035285714285715,2.1921857142857144,2.1599,2.1160428571428573,2.1295142857142855,2.1163714285714286,2.123542857142857,2.2139857142857142,2.3219142857142856,2.3088142857142855,2.317585714285715,2.317142857142857,2.3571285714285715,2.3900285714285716,2.395157142857143,2.3766,2.3893285714285715,2.386414285714286,2.3731999999999998,2.4899857142857136,2.462671428571429,2.4716142857142858,2.7187999999999994,3.2719428571428573,3.352685714285714,3.3658857142857137,3.2089571428571424,3.1971285714285713,3.211185714285715,3.179428571428572,2.681014285714286,2.6169000000000002,2.6433714285714283,3.4899428571428572,3.5020999999999995,4.051785714285714,3.799685714285714,3.8340999999999994,4.319171428571428,4.279514285714285,4.008871428571429,4.524114285714286,3.963142857142858,4.027057142857143,4.588071428571429,4.9197,5.802671428571429,5.266842857142857,4.738471428571429,4.774242857142858,5.754242857142857,5.211985714285714,5.152671428571429,5.147728571428571,5.3136857142857155,5.929542857142858,6.632742857142858,5.560757142857143,6.286557142857143,5.614300000000001,4.966114285714286,6.913814285714286,6.9693,7.000500000000001,8.119371428571428,8.405085714285715,8.4589,9.234585714285714,8.213128571428571,8.342628571428572,8.470414285714286,8.34367142857143,7.330114285714286,7.3485571428571435,6.945571428571428,6.263271428571429,5.510757142857144,4.622614285714286,3.6654857142857145,3.743542857142857,3.6454428571428568,3.0469857142857144,2.6527571428571433,2.660085714285714,2.5984000000000003,3.5885571428571432,4.239128571428572,4.507214285714285,5.350485714285715,5.509385714285714,5.4745,6.266128571428571,6.446857142857143,7.2776571428571435,8.9799,8.89042857142857,9.621428571428572,9.767128571428573,9.142271428571428,8.970028571428571,7.334857142857143,5.865457142857143,6.481214285714286,6.3829142857142855,6.357185714285714,6.332942857142856,6.220999999999999,6.383114285714286,7.58292857142857,7.410400000000001,6.999814285714287,7.179857142857144,7.089328571428573,6.7472,6.786557142857143,5.062900000000001,4.516742857142857,4.324428571428571,5.164928571428571,5.300314285714285,4.977785714285714,6.790942857142857,6.749957142857142,6.325057142857143,6.104642857142857,5.187714285714286,5.741728571428572,5.496485714285714,3.464085714285715,3.6832857142857143,3.7257285714285717,3.766228571428571,3.792242857142857,3.221457142857143,3.2998,3.504642857142857
140,13.3697,13.3697,8.2564,6.927966666666666,6.1412249999999995,5.54158,4.975666666666666,4.615928571428571,3.6843714285714286,5.918842857142857,5.9230857142857145,6.645328571428572,7.624857142857144,7.825514285714286,7.866985714285716,7.306971428571428,5.331671428571427,5.135642857142857,5.0039,4.170599999999999,5.396828571428571,6.1470714285714285,8.497285714285713,9.310828571428571,11.505828571428571,11.4598,11.215614285714285,10.990528571428571,10.99382857142857,9.526142857142856,8.608842857142857,6.41387142857143,6.109342857142858,6.230514285714286,5.1608285714285715,4.903671428571428,4.202985714285714,5.0271,5.108714285714286,4.933957142857143,6.800285714285715,7.5044571428571425,7.217842857142857,7.523071428571429,6.430057142857144,7.953457142857142,7.731557142857143,5.998314285714286,5.575357142857143,5.362414285714286,6.716728571428571,6.770614285714287,5.155071428571429,5.170614285714286,5.964414285714286,5.964371428571428,5.910628571428572,3.9668285714285716,4.7519285714285715,5.486957142857142,5.522314285714286,4.423814285714285,5.179314285714286,6.647942857142858,7.714142857142856,7.772114285714286,7.799057142857143,7.698928571428572,7.732542857142856,6.591385714285715,5.149785714285715,4.843242857142857,3.9365999999999994,3.0903285714285715,3.1401714285714286,3.277685714285714,3.345285714285714,3.9295,3.9990285714285716,3.9990571428571426,4.374014285714286,5.1329142857142855,5.806385714285715,6.549714285714287,5.926357142857143,5.183057142857144,5.154514285714286,5.382585714285715,5.4109,4.606257142857143,4.849085714285715,4.872942857142858,4.813899999999999,4.860414285714286,6.1314142857142855,6.000342857142857,5.997142857142857,5.7191857142857145,6.518185714285714,7.321728571428571,7.290628571428572,5.499642857142858,4.920471428571427,5.4228000000000005,7.625871428571429,6.8343,6.0083,6.005771428571429,6.284985714285716,6.525214285714286,5.988785714285713,3.8220428571428573,4.311871428571428,5.137871428571428,6.259728571428572,5.8771571428571425,5.746699999999999,5.847200000000001,4.989042857142856,5.287114285714286,5.992214285714285,4.862557142857143,4.861714285714286,4.937485714285715,5.049328571428572,5.049214285714286,4.2089428571428575,3.2869999999999995,3.3389999999999995,3.329999999999999,3.114685714285714,3.351257142857143,3.3656285714285716,3.546257142857143,3.4205714285714284,3.4674142857142862,4.269042857142857,4.744328571428572,4.352914285714286,4.352885714285715,4.224000000000001,3.7680285714285717,3.706842857142857,2.977671428571429,2.3735571428571425,2.4478142857142857,2.4335,2.427185714285714,2.4271428571428575,2.4272,2.363742857142857,2.4091857142857145,2.3658,2.4301142857142857,2.3710999999999998,2.3120857142857147,2.260814285714286,2.265957142857143,2.2256571428571426,2.122871428571428,2.2017571428571427,2.2882142857142855,2.428442857142857,2.4947142857142857,2.6872857142857143,2.709171428571429,2.7497857142857143,2.647442857142857,2.5797,2.526457142857143,2.478885714285714,2.298114285714285,2.374557142857143,2.352814285714286,2.5243285714285717,2.592057142857143,2.5782,2.579657142857143,3.4030857142857145,3.5013,3.608042857142857,3.4712285714285716,3.400414285714286,3.3818000000000006,3.4180857142857137,2.5898428571428567,2.3916571428571425,2.271557142857143,2.2123285714285714,2.196285714285714,2.1573857142857142,2.1553285714285715,2.1971714285714286,2.2856285714285716,2.285671428571429,2.2695857142857143,2.2695142857142856,2.2695285714285713,2.230714285714286,2.178757142857143,2.1448,2.2108857142857143,2.216942857142857,2.217,2.201042857142857,2.2183,2.2743571428571427,2.2356,2.1795428571428572,2.1896714285714287,2.2240142857142855,2.3468428571428572,2.3856428571428574,2.3232285714285714,2.2929999999999997,2.2877,2.3182714285714283,2.843657142857143,2.8057857142857148,2.817814285714286,2.829857142857143,2.848642857142857,2.8476571428571424,2.810742857142857,2.327128571428571,2.315857142857143,2.2414857142857145,2.241828571428571,2.2297285714285713,2.2297857142857143,2.219157142857143,2.164814285714286,2.1018,2.1295714285714284,2.1172,2.1180857142857143,2.2101285714285717,2.3143142857142855,2.3022142857142858,2.301157142857143,2.279985714285714,2.2799857142857145,2.316114285714286,2.3176142857142854,2.3122000000000003,2.310928571428571,2.342428571428571,2.3286142857142855,2.645814285714286,2.632071428571429,2.709942857142857,2.938914285714286,3.325957142857143,3.3805571428571426,3.397271428571429,3.0786714285714285,3.0549285714285714,3.020442857142857,3.139528571428571,2.8268999999999997,2.7722714285714285,2.8350428571428568,3.6108857142857143,3.674557142857143,4.678857142857142,4.265928571428572,4.276542857142857,4.7113,4.637585714285714,4.0346714285714285,4.288642857142858,3.2475857142857136,3.3238857142857134,4.305314285714286,4.686371428571428,5.5531,5.3942,5.077185714285713,5.232385714285714,6.551242857142857,5.5876285714285725,5.459171428571429,5.4707,5.577185714285714,6.271471428571429,6.892128571428572,5.486342857142858,6.041642857142857,5.439357142857142,5.056171428571427,6.070057142857143,5.705128571428572,5.902842857142857,6.819657142857143,7.200957142857143,7.2035285714285715,9.296985714285714,9.296985714285714,9.086557142857144,8.971171428571429,8.725514285714286,7.803885714285713,7.867399999999999,5.737914285714285,5.247085714285714,5.202457142857142,4.360757142857143,3.720928571428572,3.6484857142857146,3.515171428571428,3.0606428571428568,2.4678,2.4426428571428573,2.3751714285714285,3.3523428571428573,3.837757142857143,4.004714285714285,4.767728571428571,4.934671428571428,4.903471428571428,5.881942857142858,6.071114285714286,6.9087000000000005,8.525314285714286,8.488057142857143,9.097414285714287,9.276942857142858,8.429471428571429,7.844757142857142,6.495800000000001,4.879185714285714,6.205114285714286,6.0585571428571425,5.9862714285714285,5.999414285714286,5.8142000000000005,5.8478714285714295,7.598457142857143,6.780742857142856,6.544928571428571,6.741485714285714,6.642785714285714,6.845685714285714,7.026499999999999,5.111457142857143,4.229228571428571,4.0186,5.470471428571429,5.6216857142857135,5.2545142857142855,6.855728571428571,6.830514285714285,6.576514285714286,6.3692714285714285,4.899571428571428,5.515771428571428,5.2661428571428575,3.4840571428571434,3.7063857142857146,3.991271428571428,4.032271428571429,3.9608,3.3425142857142864,3.487328571428572,3.680171428571428
141,10.2323,10.2323,7.205500000000001,6.189866666666667,5.367,4.91338,4.472083333333333,4.174114285714285,3.6511428571428572,5.752114285714286,6.473257142857143,7.204671428571428,8.127571428571429,8.214042857142859,8.25677142857143,7.802728571428572,5.784242857142857,4.804200000000001,4.656557142857143,3.7757285714285715,4.796014285714286,5.117585714285714,6.8517,7.602657142857142,9.70322857142857,9.370842857142858,9.224285714285715,9.3452,9.591099999999999,8.404942857142858,7.556685714285715,5.537957142857143,5.564157142857143,5.569428571428571,4.428242857142857,4.189857142857142,3.7446571428571427,4.305285714285715,4.419842857142856,4.339157142857142,6.295442857142858,7.0280000000000005,6.917071428571428,7.042314285714285,6.213828571428572,7.620071428571428,7.341914285714287,5.643685714285715,5.102728571428572,5.4795428571428575,6.817257142857143,6.835785714285715,5.294157142857144,5.366542857142856,6.196457142857143,6.420757142857142,5.847371428571429,4.129614285714286,4.460814285714286,5.210328571428572,5.128728571428572,3.9945999999999997,4.523614285714286,6.221628571428572,7.890942857142856,8.372114285714286,7.9370714285714286,7.936985714285713,7.980214285714284,6.948642857142857,5.185971428571428,3.7102285714285714,2.8909857142857147,2.4849285714285716,2.536714285714286,2.642114285714286,2.7197285714285715,3.2961285714285715,3.9151714285714285,3.931857142857143,4.352328571428571,4.636642857142858,5.336028571428571,6.000128571428571,5.409100000000001,4.6162285714285725,4.571671428571428,4.7001,5.183385714285714,4.382671428571428,4.555085714285714,4.591857142857142,4.5805,4.645185714285714,5.881157142857142,5.562400000000001,5.549985714285714,5.470828571428571,6.254385714285715,7.059542857142858,7.016185714285713,5.480785714285714,5.214985714285715,5.554085714285714,8.398014285714286,7.604485714285714,6.777571428571429,6.808642857142857,6.8083,7.324071428571428,6.955471428571428,4.099328571428571,4.661542857142857,5.304385714285714,6.644757142857143,6.3937428571428585,5.673357142857143,5.723371428571428,4.865285714285714,5.278014285714286,6.529528571428571,5.140428571428572,5.139442857142858,5.564814285714286,5.8243285714285715,5.824128571428572,4.798228571428571,3.1967571428571433,3.241757142857143,3.2331142857142856,3.004385714285714,2.7392142857142856,2.7530285714285716,3.594157142857143,3.4571714285714283,3.4708285714285716,4.323785714285714,4.156042857142857,4.145628571428571,4.1456,3.354114285714286,3.225957142857143,3.203171428571429,2.4152714285714287,2.3344142857142858,2.4267571428571424,2.4267714285714286,2.4335142857142853,2.433485714285714,2.4338142857142855,2.3774,2.4227142857142856,2.4039,2.453171428571428,2.3837857142857146,2.270957142857143,2.2218,2.2270857142857143,2.1870285714285713,2.0839,2.1620999999999997,2.2472285714285714,2.426057142857143,2.492385714285714,3.2600000000000002,3.2600142857142855,3.3154142857142856,3.239557142857143,3.2190000000000003,3.1130142857142857,3.046685714285714,2.2790714285714286,2.3758142857142857,2.320485714285714,2.4657000000000004,2.4862571428571427,2.5398428571428573,2.5695857142857146,3.259842857142857,3.267814285714286,3.331614285714285,3.195442857142857,3.1249428571428566,3.084885714285714,3.1508285714285713,2.4822999999999995,2.373957142857143,2.3063428571428575,2.2472571428571433,2.247242857142857,2.2299857142857142,2.1871,2.2145,2.3042285714285713,2.294742857142857,2.2796428571428566,2.2795571428571426,2.279571428571429,2.2413,2.188471428571429,2.1351714285714287,2.2386857142857144,2.2443142857142857,2.2293,2.2142714285714287,2.2238285714285717,2.2333142857142856,2.2140714285714287,2.1200428571428573,2.1296857142857144,2.162,2.266857142857143,2.310142857142857,2.294571428571429,2.265042857142857,2.2599714285714287,2.288242857142857,2.8782714285714284,2.8620142857142854,2.876257142857143,2.8874714285714282,2.9282142857142857,2.927257142857143,2.8928,2.3515142857142854,2.3411428571428567,2.2710571428571424,2.2711714285714284,2.248042857142857,2.2481285714285715,2.2382714285714287,2.1725,2.1041285714285713,2.1126571428571426,2.101342857142857,2.1013571428571427,2.1915714285714287,2.2926571428571427,2.2863571428571428,2.2854285714285716,2.2738285714285715,2.2738285714285715,2.296957142857143,2.297871428571429,2.3032000000000004,2.3120285714285713,2.3531857142857144,2.354842857142857,2.659442857142857,2.6562142857142854,2.8599142857142854,3.4580428571428574,3.854128571428572,3.9106428571428578,3.9237857142857147,3.6209000000000002,3.6041571428571433,3.497,3.0972,2.776971428571429,2.7204142857142855,2.7844142857142864,3.630957142857143,3.6968428571428578,3.974242857142857,3.710557142857143,3.813657142857142,4.198414285714286,4.121271428571428,3.576671428571429,3.729614285714286,3.3735428571428576,3.4514,4.254771428571429,4.607671428571429,5.453828571428572,5.1535142857142855,4.919557142857142,4.8429142857142855,5.581599999999999,4.614728571428571,4.441242857142858,4.457057142857144,4.563728571428571,4.883457142857142,5.698785714285713,4.861428571428571,5.468357142857143,4.961442857142857,4.795328571428572,5.316542857142857,5.658528571428572,5.944242857142858,6.997457142857143,7.356814285714287,7.372957142857144,7.439371428571429,7.941671428571429,7.548857142857143,7.194128571428571,6.7617,5.8686428571428575,5.867642857142857,5.1378571428571425,4.118342857142857,3.8968000000000003,3.236171428571429,2.6714142857142855,2.709228571428571,2.6406285714285715,2.6247000000000003,2.5556142857142854,2.5558142857142854,2.4825714285714287,3.5294571428571433,3.600285714285714,3.7674,4.175585714285715,4.3391714285714285,4.486557142857143,5.446757142857143,5.416771428571429,6.305728571428572,7.951142857142856,8.230257142857143,8.801714285714286,8.802385714285714,7.992342857142858,7.387714285714287,6.308957142857143,4.663542857142858,5.693928571428572,5.491014285714286,5.330399999999999,5.1697,5.036185714285715,5.064757142857144,7.346128571428571,7.863314285714286,7.510857142857143,7.738142857142856,7.761628571428571,7.761628571428571,7.8602285714285705,5.376457142857142,3.4010285714285713,3.3268142857142857,3.3290571428571427,3.488257142857143,3.4225571428571433,5.174014285714287,5.209385714285715,4.990985714285714,4.8573,5.524228571428572,6.111557142857143,5.8548,3.985928571428572,4.085685714285715,4.236085714285715,4.277228571428572,3.563371428571429,2.8194142857142857,2.917828571428571,2.9518714285714287
142,9.7209,9.7209,6.9391,7.605733333333333,6.3721,5.6318399999999995,5.0409999999999995,4.727742857142857,4.096042857142857,5.992671428571429,6.194228571428572,6.741171428571429,7.637528571428571,7.748971428571429,7.821657142857142,7.643714285714286,5.739928571428571,4.740971428571428,4.5217,3.7233714285714283,4.944642857142857,5.607828571428572,6.174071428571429,6.732628571428571,8.145242857142858,8.514985714285714,8.436585714285714,7.510228571428571,7.128428571428572,6.571242857142857,6.005057142857143,4.592442857142857,4.220242857142857,4.230857142857142,3.9977714285714288,3.7334571428571435,3.579328571428572,3.8329714285714287,3.8390714285714282,3.6289285714285713,5.457028571428571,6.131414285714286,6.432671428571429,6.424785714285716,5.907042857142858,6.826500000000001,6.674857142857143,5.038314285714286,4.3265142857142855,4.671514285714286,6.177785714285714,6.236771428571429,5.238385714285714,5.317571428571428,6.114585714285715,6.632557142857143,5.80467142857143,4.187328571428571,4.1932285714285715,4.9293571428571425,4.803228571428571,3.700957142857143,4.1618571428571425,5.697357142857143,7.3816428571428565,7.923985714285715,7.286257142857143,7.314185714285715,7.357514285714286,6.2706857142857135,4.746085714285714,3.0864857142857147,2.493614285714286,2.2957571428571426,2.3163285714285715,2.6205571428571424,2.6342571428571424,2.8985714285714286,3.7016999999999998,3.714385714285714,4.549914285714285,5.702728571428572,6.420314285714285,7.260014285714285,6.9873142857142865,6.232285714285715,6.192757142857144,5.914985714285714,5.609171428571429,4.584942857142857,4.2605,4.3097,4.2593571428571435,4.2898000000000005,4.609957142857143,3.7747428571428574,3.7645285714285714,4.055614285714285,4.834928571428571,5.643485714285714,5.626114285714286,5.044528571428571,5.032285714285713,5.192999999999999,4.810842857142857,4.0131571428571435,3.1842571428571427,3.225414285714286,3.2329857142857144,3.580085714285714,3.392185714285714,4.017528571428572,4.113728571428571,4.877528571428571,5.952514285714285,5.664257142857143,5.288257142857142,5.335014285714285,4.255814285714286,4.957285714285715,6.085371428571428,4.957357142857143,4.938128571428572,5.439671428571429,5.576485714285715,5.570171428571429,4.7279,2.9728571428571433,3.007057142857143,2.9973285714285716,2.5996428571428574,2.4802999999999997,2.4968,3.3357285714285716,3.3804714285714286,3.3869428571428566,4.239371428571428,4.316885714285715,4.293728571428572,4.305442857142857,3.5121285714285713,3.362785714285714,3.3627428571428566,2.5821571428571426,2.3873,2.4914285714285715,2.463228571428572,2.481985714285714,2.4819571428571434,2.4802999999999997,2.418185714285714,2.558185714285714,2.5683714285714285,2.6285,2.5494857142857144,2.4637571428571428,2.4101857142857144,2.4161571428571427,2.2821,2.1476714285714285,2.2233285714285715,2.3166,2.5644714285714287,2.6391428571428577,2.754628571428572,2.8326571428571428,2.8925142857142854,2.7866714285714282,2.7661285714285717,2.5643285714285717,2.5102571428571427,2.3947857142857143,2.4139857142857144,2.365242857142857,2.446485714285714,2.4637142857142855,2.5227,2.5227,4.6199,4.624857142857143,4.673571428571428,4.639357142857143,4.5653999999999995,4.5144714285714285,4.560414285714286,2.4762857142857144,2.3589857142857142,2.2816,2.205914285714286,2.2057857142857147,2.1930142857142854,2.184157142857143,2.2290714285714284,2.3295285714285714,2.3191142857142855,2.3190285714285714,2.3189857142857138,2.3189999999999995,2.319057142857143,2.2563142857142857,2.1662428571428576,2.176657142857143,2.1766857142857146,2.160257142857143,2.1437714285714287,2.1144571428571424,2.1249142857142855,2.1649571428571432,2.164914285714286,2.164957142857143,2.2536,2.360157142857143,2.4052857142857142,2.389928571428571,2.337285714285714,2.3324,2.3703857142857143,2.5675285714285714,2.5510857142857146,2.5778000000000003,2.610171428571429,2.632028571428571,2.6331714285714285,2.591357142857143,2.396071428571428,2.3975,2.338685714285714,2.338657142857143,2.3569142857142857,2.355842857142857,2.3547285714285713,2.2901285714285713,2.210142857142857,2.193942857142857,2.1616000000000004,2.1759571428571425,2.2841285714285715,2.4130142857142856,2.3987000000000003,2.3987000000000003,2.4108857142857145,2.4240999999999997,2.4441571428571427,2.4441571428571427,2.4149,2.4292571428571432,2.4448000000000003,2.418914285714286,2.728614285714286,2.704885714285715,2.9278285714285714,3.7053571428571432,4.022157142857144,4.107242857142857,4.122142857142857,3.7998857142857143,3.7723285714285715,4.0080857142857145,3.4355571428571428,3.2039999999999997,3.1378142857142852,3.2053857142857143,3.9203285714285707,3.987885714285714,4.396514285714286,4.507871428571429,5.138657142857143,5.2801857142857145,5.1977142857142855,5.053242857142857,5.336914285714286,4.483542857142857,4.218714285714285,4.203885714285714,4.873728571428572,5.74067142857143,5.185314285714285,4.820428571428572,4.744314285714286,5.707685714285715,5.098357142857142,4.909885714285714,5.109999999999999,5.128985714285713,5.546157142857142,6.367028571428571,5.287271428571429,5.932285714285714,5.380128571428571,4.9811000000000005,5.776785714285714,5.778642857142857,6.088685714285715,7.9332714285714285,8.313514285714286,8.3361,9.789085714285713,10.090171428571427,10.277600000000001,10.232114285714287,8.658385714285716,7.575228571428572,7.559428571428572,5.485842857142856,4.482085714285714,3.9345000000000003,2.9417428571428568,2.6968714285714284,2.7117714285714283,2.643828571428571,2.5960428571428573,2.512314285714286,2.4956285714285715,2.4008714285714285,3.085142857142857,3.3930714285714285,3.5425571428571425,4.158328571428571,4.307799999999999,4.307757142857143,5.109457142857144,5.4918000000000005,5.342757142857143,6.273542857142857,6.402542857142857,7.017371428571429,7.066528571428571,6.667699999999999,6.010471428571428,5.980785714285715,5.601542857142858,5.996985714285714,6.034357142857144,6.130071428571428,5.8756571428571425,5.612157142857142,5.524499999999999,5.876142857142857,6.302014285714286,5.511857142857143,5.377985714285714,5.239028571428571,5.276171428571429,5.404771428571428,4.519628571428571,3.228042857142857,3.3840428571428567,3.6698142857142857,3.8278571428571424,3.8415,4.678271428571429,4.5202285714285715,4.505128571428572,4.312771428571429,5.365085714285714,5.975557142857142,5.759057142857143,4.729814285714285,4.731299999999999,4.683185714285714,4.7175142857142855,3.4795285714285713,2.7109999999999994,2.9069142857142856,3.1097714285714284
143,16.3564,16.3564,10.327,10.071333333333333,8.146175,7.01596,6.210449999999999,5.691642857142857,4.500500000000001,6.298971428571428,6.298971428571429,7.3577714285714295,7.917171428571429,8.0159,8.015914285714285,7.948085714285713,6.121828571428571,5.160957142857142,5.056500000000001,4.723199999999999,5.490157142857143,5.801428571428572,5.315414285714286,6.360271428571428,7.425914285714286,7.278399999999999,7.100699999999999,7.192871428571428,7.658642857142857,7.649528571428571,6.6047,5.603014285714285,5.046728571428572,5.187657142857143,4.750771428571428,4.2036428571428575,4.208728571428571,4.329300000000001,4.462428571428571,4.476714285714285,5.976942857142857,6.328342857142857,6.811542857142858,6.650157142857144,6.247542857142856,6.651414285714286,6.4191,5.410514285714286,4.829742857142857,4.767257142857143,5.772571428571429,5.867128571428572,5.258828571428571,5.312114285714286,5.6422,5.754957142857142,5.070071428571429,3.972685714285715,3.981328571428572,4.726628571428571,4.5988,3.5385714285714287,3.9674,5.0624142857142855,6.539514285714286,7.275,6.590400000000001,6.615057142857142,6.6475285714285715,5.841471428571428,4.758857142857143,3.2720714285714285,2.453714285714286,2.316042857142857,2.319157142857143,2.631071428571429,2.6426142857142856,3.3505714285714285,4.171342857142857,4.389228571428572,5.449228571428571,6.172414285714285,6.665985714285715,7.460699999999998,6.726742857142857,5.9860999999999995,5.770428571428572,5.348514285714286,5.4436285714285715,4.6250857142857145,4.210828571428571,4.252542857142856,4.181814285714284,4.1890142857142845,4.467285714285714,3.686814285714285,3.6939571428571427,3.821814285714286,4.605357142857144,5.417285714285714,5.3839571428571436,4.7782857142857145,5.0194857142857146,5.306414285714285,5.1631,4.359128571428572,3.5282428571428572,3.5154714285714284,3.8047714285714282,4.127628571428572,3.8073714285714284,4.951214285714286,4.9542142857142855,5.782071428571428,6.861028571428571,6.367285714285714,5.741471428571429,5.937471428571428,4.412228571428572,5.210128571428571,5.212114285714286,4.153085714285714,4.034028571428571,5.336157142857142,5.414614285714286,5.388199999999999,4.6117,4.006914285714286,4.0405999999999995,4.028742857142857,2.799857142857143,2.8789000000000002,2.9004285714285714,3.677157142857143,4.0175857142857145,4.181728571428572,5.033114285714286,5.036885714285715,4.736228571428571,4.977828571428572,4.210728571428571,3.6876428571428574,3.539414285714286,2.7681571428571425,2.6983714285714284,2.886728571428571,2.623614285714286,2.6408428571428573,2.640957142857143,2.6409999999999996,2.5727285714285713,2.6574142857142857,2.5382,2.711614285714286,2.6070142857142855,2.4983571428571425,2.4295,2.427057142857143,2.3682857142857143,2.2702714285714287,2.2478142857142855,2.3301285714285713,2.8901000000000003,2.951057142857143,3.0427857142857144,3.0291285714285716,3.0525285714285713,2.918614285714285,2.897257142857143,2.4572000000000003,2.430857142857143,2.3977142857142857,2.584542857142857,2.5845,2.652714285714286,2.674071428571428,2.674857142857143,2.676242857142857,4.719200000000001,4.6050571428571425,4.649900000000001,4.649585714285714,4.603542857142857,4.584142857142857,4.609642857142857,2.552842857142857,2.465742857142857,2.378542857142857,2.291457142857143,2.3167714285714287,2.334357142857143,2.3490285714285717,2.373214285714286,2.459,2.460557142857143,2.4798000000000004,2.4797857142857143,2.436957142857143,2.4207,2.3535142857142857,2.267642857142857,2.3252857142857146,2.295457142857143,2.2402571428571427,2.203957142857143,2.1802714285714284,2.2379000000000002,2.2789142857142854,2.2197142857142858,2.2302,2.2853285714285714,2.3930714285714285,2.388142857142857,2.325271428571429,2.2805571428571434,2.276871428571429,2.321328571428572,2.4175,2.412614285714286,2.4759285714285713,2.524114285714286,2.5603714285714285,2.569028571428571,2.520885714285714,2.444942857142857,2.424557142857143,2.3607714285714283,2.3488857142857142,2.3284142857142855,2.319828571428572,2.321071428571429,2.3239857142857145,2.2707714285714284,2.2692142857142854,2.232928571428572,2.2987714285714285,2.405242857142857,2.640214285714286,2.568857142857143,2.552857142857143,2.5525000000000007,2.5612,2.527757142857143,2.527757142857143,2.3914428571428568,2.4049714285714283,2.4494714285714285,2.432685714285714,2.807914285714286,2.8046714285714285,3.398957142857143,3.494428571428571,4.3249571428571425,4.413371428571428,4.445771428571428,4.060685714285714,4.048242857142857,4.382285714285715,4.601657142857143,3.8574999999999995,3.768114285714286,3.874757142857143,4.7199857142857145,4.701214285714286,4.367185714285715,4.834071428571428,5.712728571428571,6.031342857142858,5.907071428571428,5.392242857142857,5.707771428571428,5.229671428571429,4.4683,4.377885714285715,5.051285714285713,5.901142857142858,5.582814285714285,5.264485714285714,5.087914285714285,5.958971428571429,5.1725714285714295,4.462657142857143,4.634742857142858,4.652271428571429,4.966942857142857,5.169871428571428,4.2070428571428575,4.7705714285714285,4.545757142857143,3.8367142857142857,4.8438,4.964442857142857,5.844857142857143,7.152871428571428,7.552014285714287,7.546928571428572,7.5353142857142865,7.3436,7.191285714285714,7.050357142857143,5.832885714285715,4.8071,4.898142857142857,4.684057142857142,4.134157142857143,4.099900000000001,3.1555857142857144,3.0808142857142857,3.086457142857143,2.958728571428572,2.8606428571428566,2.6257714285714284,2.425142857142857,2.4399,2.7424571428571434,3.1175142857142855,3.2611999999999997,4.1033,4.389885714285714,4.389914285714285,4.677585714285714,5.8659285714285705,5.505657142857143,6.372857142857143,6.696571428571429,7.095671428571428,7.651785714285714,8.149914285714285,7.066800000000001,7.207928571428572,6.963685714285714,6.757685714285715,7.082885714285715,6.670442857142858,5.884657142857142,5.655542857142857,5.500128571428571,5.804285714285714,5.658528571428571,4.768642857142857,4.6121,4.597799999999999,4.614914285714286,4.6149,3.7112857142857143,3.2271,3.299457142857143,3.5849000000000006,3.697,4.0483142857142855,4.622,4.440528571428572,4.4384,4.2000714285714285,4.773285714285714,5.337742857142857,4.791142857142858,4.412742857142857,4.598528571428571,4.465585714285714,4.526814285714286,3.8195000000000006,3.1122857142857145,3.2869142857142855,3.2774142857142863
144,5.3072,5.3072,7.45075,7.6129,8.10825,7.04174,6.284366666666667,5.707414285714286,5.4664142857142854,5.5341571428571426,6.190214285714286,6.152214285714286,7.585128571428571,8.3784,8.5209,8.514414285714286,8.235685714285713,7.248228571428571,6.455742857142858,6.0548714285714285,5.505842857142857,6.626557142857143,7.486485714285714,7.373985714285714,8.53197142857143,10.468100000000002,10.185957142857145,10.009514285714287,9.786942857142858,9.535799999999998,9.235671428571427,8.417928571428572,6.651214285714285,6.548185714285714,6.673728571428572,6.681271428571429,6.336828571428571,6.364228571428571,6.1396,6.338942857142858,5.957000000000001,6.7758714285714285,6.775857142857143,7.391842857142857,7.084242857142857,6.6145571428571435,6.555485714285715,6.3821142857142865,6.407228571428571,6.184314285714286,6.221814285714286,7.320799999999999,7.285042857142857,6.942042857142857,7.021614285714285,6.960842857142857,6.2935857142857135,5.302742857142857,4.141157142857143,4.577585714285715,5.2797857142857145,5.045428571428571,4.0365142857142855,4.353742857142857,4.789414285714286,5.603185714285715,5.337357142857143,4.664257142857143,4.719442857142857,4.989014285714285,4.670442857142858,4.3361,3.459942857142857,3.218485714285715,3.0190999999999995,3.043399999999999,3.5948142857142855,3.656371428571428,4.2602,5.063785714285714,5.075857142857143,5.437742857142857,6.170357142857143,6.170328571428571,6.683171428571428,5.863471428571429,5.064057142857143,5.052014285714286,4.770528571428572,4.4797,3.6614999999999998,3.151342857142857,3.209014285714286,3.2127857142857144,3.2033714285714288,4.104614285714286,3.632085714285714,3.6635285714285715,4.0587,4.8247,5.212385714285714,5.185314285714286,4.230157142857142,4.330114285714285,5.1133999999999995,7.184714285714286,6.400942857142858,5.9981428571428586,5.9981428571428586,6.6054142857142875,6.998114285714286,6.161585714285715,4.825571428571428,4.787185714285713,5.245585714285714,6.3253571428571425,6.426471428571429,5.840257142857142,6.001928571428571,4.793057142857143,5.275314285714286,5.251185714285714,4.169785714285714,3.4196,4.0996,3.993414285714286,3.8338285714285716,3.3835428571428574,3.2406000000000006,3.2748,3.257314285714286,2.6465142857142863,2.6536857142857144,2.6712571428571428,3.663057142857143,3.887928571428571,4.491885714285714,5.878914285714286,5.889271428571429,6.3564428571428575,6.603642857142858,5.6147285714285715,5.1319,4.539357142857143,3.213371428571428,3.4713428571428575,3.6457714285714284,3.4239428571428574,3.814314285714286,3.7956142857142856,3.7929571428571434,3.7842857142857143,4.304728571428571,3.672971428571429,3.7855285714285714,3.3239428571428573,3.262914285714286,3.2104000000000004,3.1764428571428573,2.375142857142857,2.362885714285714,3.5504285714285717,4.3970714285714285,5.102071428571429,5.688814285714286,6.224085714285714,6.201228571428571,6.157814285714285,4.816485714285714,4.026828571428572,3.423257142857143,2.8463285714285713,2.3504714285714283,2.5228428571428574,2.5559857142857143,2.6432142857142855,2.6653857142857142,2.6431285714285706,2.694542857142857,3.793857142857143,3.6888714285714284,3.742685714285714,3.7161714285714282,3.662585714285714,3.6408714285714288,3.6372142857142857,2.5220571428571428,2.4245142857142854,2.315185714285714,2.2488428571428574,2.2358285714285717,2.2466857142857144,2.2283857142857144,2.2143714285714284,2.2643285714285715,2.2643142857142857,2.2643142857142857,2.2632857142857143,2.2202428571428574,2.2172571428571435,2.1865285714285716,2.178657142857143,2.2080857142857147,2.208142857142857,2.2005857142857144,2.174728571428571,2.1748285714285713,2.198571428571429,2.1780142857142857,2.1485714285714286,2.1622857142857144,2.234942857142857,2.3363857142857145,2.306742857142857,2.2819714285714285,2.2682428571428574,2.2822714285714283,2.3752,2.502842857142857,2.509185714285714,2.5975857142857146,2.6417285714285716,2.7167999999999997,2.703985714285714,2.5996857142857146,2.4859,2.4225428571428576,2.347057142857143,2.3937,2.3326000000000002,2.3455857142857144,2.356371428571429,2.374514285714286,2.421157142857143,2.4211714285714288,2.3314714285714286,2.6804857142857146,2.9661714285714287,3.1457285714285717,3.0809428571428574,3.0161000000000007,3.0603714285714285,3.0914714285714284,2.7726,2.572014285714286,2.492685714285714,2.5303285714285715,2.6571285714285713,2.683385714285714,2.9869142857142856,3.0148,4.047371428571429,4.148171428571429,4.924385714285714,5.1165,5.101914285714286,4.787228571428571,4.797385714285714,6.145442857142858,6.240214285714286,5.721400000000001,5.492742857142858,5.875057142857143,6.738900000000001,6.747285714285715,5.113514285714286,5.598228571428572,6.163042857142857,6.787514285714286,6.344985714285714,5.688057142857143,5.713185714285714,4.991871428571429,4.3508571428571425,4.304842857142858,4.421685714285714,5.276400000000001,5.04827142857143,4.932457142857143,4.908600000000001,5.601571428571431,4.874485714285714,4.534485714285714,4.648842857142857,4.660757142857142,5.506428571428572,6.145300000000001,5.401542857142856,6.128128571428571,5.722700000000001,5.3950571428571426,6.362042857142858,5.998257142857143,6.3897714285714295,7.419242857142856,7.552414285714285,7.571228571428571,7.7834714285714295,7.2058857142857144,7.702842857142857,7.437014285714286,6.422485714285714,5.4818428571428575,6.3416,5.579400000000001,5.297214285714285,4.738342857142858,3.9979000000000005,4.005142857142857,4.011371428571429,3.078785714285714,3.023757142857143,2.950928571428572,2.577214285714286,2.4983428571428568,2.6050142857142857,2.7819285714285718,2.9322714285714286,3.9682285714285714,4.487014285714285,4.487028571428572,5.0271,5.983414285714285,5.952757142857143,7.2842714285714285,6.910314285714286,6.55852857142857,7.783657142857142,8.076785714285714,7.73577142857143,7.740142857142857,7.343814285714286,7.767400000000001,10.005471428571427,8.928057142857142,8.2393,7.726042857142857,7.7282142857142855,7.728271428571428,7.442599999999999,5.1735,5.230714285714286,5.056557142857144,4.883857142857144,4.733728571428571,3.8303571428571432,3.5396571428571426,3.6916285714285713,3.682557142857143,3.7151,4.686814285714285,5.3539142857142865,5.172542857142857,4.8705428571428575,4.583399999999999,6.0996,6.896642857142857,6.011314285714286,5.529857142857144,5.717128571428572,5.510799999999999,5.51082857142857,4.0853,3.2413428571428575,3.2265000000000006
145,5.0331,5.0331,12.52895,11.026333333333334,10.663375,9.24294,8.1065,7.2834714285714295,7.15807142857143,5.443242857142857,6.3116,7.093128571428572,8.293085714285715,9.375271428571429,9.477385714285715,9.382657142857143,9.466985714285714,8.509442857142856,6.9504714285714275,7.1464428571428575,6.373985714285714,7.3654,9.214942857142857,9.151528571428571,10.354,12.006242857142857,11.287014285714287,11.044142857142859,11.044028571428573,10.276128571428572,9.976685714285713,8.323585714285715,6.799585714285713,7.138842857142857,7.449142857142857,7.701742857142858,7.382371428571429,7.098942857142857,7.195771428571428,8.027071428571428,7.22,8.287642857142858,7.9696,8.8584,8.7056,8.410971428571427,8.159171428571428,8.082042857142858,8.517100000000001,7.852842857142858,7.8548857142857145,9.0571,9.038971428571427,8.833742857142857,9.338228571428571,8.623142857142858,8.441457142857143,6.971414285714286,5.728228571428572,6.589885714285714,6.755699999999998,5.9473142857142856,4.772828571428572,5.401142857142857,5.864585714285715,6.4679,6.002885714285713,5.448785714285714,5.597485714285715,6.310185714285715,5.739214285714285,5.135528571428572,4.860271428571429,4.426185714285714,4.349585714285714,5.009628571428572,5.140828571428571,5.144142857142858,5.850857142857143,6.497528571428573,7.094185714285715,7.6091,7.609100000000001,7.544171428571429,8.138128571428572,7.225114285714286,6.415528571428572,5.876057142857143,5.156028571428572,4.978942857142857,4.204828571428572,3.695642857142857,3.7332285714285716,3.5252142857142856,3.457871428571429,4.513742857142858,3.9098714285714284,3.971257142857143,4.4551,5.228442857142857,5.371457142857143,5.332071428571429,4.313342857142857,4.511257142857143,4.845885714285714,4.8422857142857145,4.050314285714285,3.887771428571429,3.887757142857143,4.3546,4.2747,3.8336571428571427,3.318971428571428,3.283685714285714,4.102285714285714,5.5674,5.827914285714287,5.633742857142857,6.0443,5.870214285714285,6.438371428571429,6.438385714285714,4.980585714285715,4.173628571428571,4.279928571428571,4.016928571428571,3.8975714285714287,3.693028571428571,3.398442857142857,3.4226285714285716,3.339342857142857,3.3109857142857146,3.2588142857142857,3.2839142857142853,4.4434,4.804457142857143,5.452085714285714,6.024585714285714,6.045585714285714,6.773757142857142,7.084285714285713,5.608357142857143,4.787385714285715,4.164885714285714,3.6870857142857143,4.135242857142857,4.163042857142857,3.886971428571428,4.212285714285715,4.186671428571429,4.1931142857142865,4.205357142857143,4.9719,4.970614285714286,4.999714285714285,4.6122571428571435,4.550142857142857,4.488057142857143,4.429714285714286,3.297485714285714,2.5294,3.9858,4.310528571428572,5.464771428571429,6.5011,6.784242857142857,6.618742857142857,6.5627,5.028742857142858,5.1455142857142855,4.084414285714286,3.0663571428571426,2.9845142857142855,3.1622142857142856,3.280714285714286,3.313757142857143,2.938914285714286,2.914328571428572,2.984385714285714,3.493985714285714,3.4817285714285715,3.431057142857143,3.441242857142857,3.5735,3.626785714285714,3.6602571428571435,3.0289571428571427,2.8821714285714286,2.859657142857143,2.849985714285715,2.7300999999999997,2.8310714285714282,2.8912000000000004,2.8503,2.891785714285714,2.907271428571429,2.918371428571429,2.9174714285714285,2.837242857142857,2.755414285714285,2.7614714285714284,2.7905714285714285,2.789628571428571,2.7593285714285716,2.6869285714285716,2.537042857142857,2.4972285714285714,2.473557142857143,2.425742857142857,2.3663571428571433,2.4088857142857143,2.6259285714285716,2.757971428571429,2.7743142857142855,2.7097285714285713,2.666357142857143,2.6829857142857145,2.8958857142857144,2.8621714285714286,2.837542857142857,2.8610285714285717,2.9759428571428574,3.0794,3.0421142857142853,2.808642857142857,2.7088,2.6978999999999997,2.687,2.7677142857142853,2.7310714285714286,2.7805142857142857,2.740042857142857,3.0999285714285714,3.2012,3.1473571428571425,2.9529857142857137,3.2583428571428574,3.565928571428571,3.952228571428571,3.584714285714285,3.4957999999999996,3.5420142857142856,3.6127142857142855,3.2916285714285713,3.0380857142857143,2.812742857142857,2.8299999999999996,3.865885714285714,3.9916714285714288,4.0204571428571425,4.050685714285715,5.0767,5.426,6.169028571428571,5.959071428571428,5.8311,5.764914285714285,5.795128571428571,5.423842857142858,5.514385714285715,5.013028571428571,4.222757142857143,4.985228571428571,5.700414285714286,6.159914285714287,6.2454857142857145,6.449128571428572,6.997171428571429,7.498185714285714,6.669142857142857,6.0699571428571435,5.610600000000001,4.967128571428572,4.237214285714286,4.124528571428572,4.550914285714286,5.742114285714286,5.639100000000001,5.5630571428571445,6.648614285714287,7.60127142857143,7.667342857142857,7.249557142857143,7.309328571428572,7.297428571428571,7.927185714285715,7.485171428571428,6.675142857142857,7.114371428571429,6.574114285714286,6.437971428571428,7.639542857142857,7.471157142857143,7.7568714285714275,9.555757142857143,9.402242857142856,10.423314285714286,10.423328571428572,10.19912857142857,10.967842857142857,10.967842857142857,9.038385714285713,8.036985714285715,8.173128571428572,7.148957142857142,6.784714285714285,6.363885714285715,5.507771428571429,5.6552999999999995,6.1410285714285715,4.917342857142857,4.853957142857143,4.247200000000001,3.595128571428572,3.3637000000000006,3.6525000000000003,3.4557714285714285,3.6068,4.6935,5.1533999999999995,5.0026142857142855,6.089342857142857,6.656371428571428,6.430671428571429,8.142442857142857,7.875385714285714,7.415500000000001,7.598114285714286,7.598657142857142,7.596785714285714,7.615585714285714,6.840057142857142,7.5526,9.163228571428572,9.129000000000001,8.20997142857143,7.436157142857143,7.460085714285715,7.752842857142858,7.582485714285715,6.136728571428571,6.067971428571428,5.8834285714285715,5.775328571428572,5.844357142857143,4.690571428571428,3.859428571428571,4.268442857142857,4.418128571428571,4.529014285714286,5.414085714285714,6.1496,6.101528571428571,5.994542857142858,5.522042857142857,6.927271428571428,7.862671428571429,6.9761999999999995,6.175771428571428,6.202,5.804171428571428,5.728614285714285,4.297557142857142,3.2934142857142854,3.2957285714285716
146,4.9849,4.9849,8.27585,8.190233333333333,8.642625,7.50968,6.6748,6.061414285714286,5.953971428571427,5.553214285714285,6.512328571428571,7.2434142857142865,8.472228571428571,10.26947142857143,10.34152857142857,10.228657142857143,10.4055,9.446399999999999,7.879957142857143,8.541342857142856,6.9801142857142855,8.054885714285716,9.426114285714286,9.492914285714287,10.243242857142857,11.799257142857142,10.849771428571428,10.67832857142857,10.68232857142857,10.247814285714284,9.339057142857143,8.036342857142857,6.592985714285713,6.590028571428571,6.7017,6.9066142857142845,6.713299999999999,7.075685714285714,7.625357142857142,8.324142857142856,7.557157142857143,8.899571428571429,8.566799999999999,11.110128571428572,10.640457142857143,9.906314285714284,9.73967142857143,9.911985714285716,10.409857142857144,10.189614285714287,8.755657142857144,10.582285714285714,10.564171428571429,10.75692857142857,11.60342857142857,10.928057142857142,10.468157142857143,9.268600000000001,7.353357142857143,8.434328571428571,8.148585714285714,6.869028571428572,5.556442857142858,6.2577,6.6230142857142855,8.202328571428572,7.876085714285715,7.318071428571429,7.384314285714285,7.343928571428571,6.312371428571429,5.342771428571429,4.177142857142857,3.578242857142857,3.4219714285714287,4.861371428571429,5.947457142857142,7.329171428571429,9.0116,11.337414285714285,12.3391,13.339842857142857,12.644528571428571,13.085157142857142,13.160471428571428,11.298485714285716,9.3141,8.911714285714286,8.626000000000001,8.625985714285715,7.115057142857142,6.590971428571429,7.054628571428571,6.258785714285715,5.463342857142857,5.434228571428571,4.6468,5.3551,5.5008,6.107285714285715,6.9030000000000005,6.875242857142858,6.961257142857144,7.572257142857144,7.6484,8.999628571428572,8.165000000000001,7.350042857142857,7.476400000000001,8.205042857142857,8.1877,7.375157142857142,5.735385714285713,5.438228571428572,6.536128571428571,8.278114285714286,7.492442857142858,6.828114285714285,6.909657142857142,7.074585714285713,7.994057142857142,7.711114285714285,5.878928571428571,5.703571428571429,5.808914285714286,5.987814285714286,5.0632,4.991971428571429,4.994171428571429,5.309042857142858,4.719557142857143,4.709685714285714,4.510714285714286,4.522342857142858,5.7107285714285725,6.365871428571429,7.597842857142857,9.431714285714287,10.425871428571428,10.762214285714288,11.396828571428571,9.42062857142857,8.099328571428572,6.560314285714285,4.732371428571429,5.568571428571429,6.215885714285714,5.592985714285715,6.362114285714286,6.247000000000001,6.247014285714286,6.5186,5.447871428571429,5.217014285714285,5.205442857142857,4.405042857142857,4.358728571428571,4.332742857142857,4.155,3.3976857142857146,3.626014285714286,5.146714285714286,6.253414285714286,7.430057142857143,9.396957142857143,9.797471428571429,9.74252857142857,8.696942857142856,7.199142857142857,7.7761571428571425,6.654871428571428,4.725142857142857,4.505314285714285,4.583114285714286,4.632028571428571,4.593228571428571,2.9577142857142857,2.9598,2.9917857142857143,3.3430857142857135,4.737271428571428,4.766557142857143,4.789614285714286,4.8262857142857145,4.875971428571428,5.03,4.425771428571428,2.992971428571429,2.998214285714286,2.983185714285714,2.9514857142857145,4.3765857142857145,4.3425142857142855,4.321371428571429,4.352671428571428,4.344357142857143,4.406085714285714,4.429428571428572,3.025714285714286,2.925757142857143,2.968357142857143,2.9722714285714287,3.002071428571429,2.954328571428572,2.8611857142857144,2.722585714285714,2.6839714285714287,2.6453285714285713,2.6346,2.5648142857142857,2.564857142857143,2.690142857142857,2.8097571428571433,2.7838142857142856,2.695271428571428,2.6036428571428565,2.5914571428571427,3.155814285714286,3.126257142857143,3.081657142857143,3.101657142857143,3.2113285714285715,3.315785714285714,3.345814285714286,2.774142857142857,2.7600571428571428,2.784128571428571,3.1743285714285716,3.901414285714286,3.8798142857142857,3.9059714285714286,3.919,4.261928571428571,4.669200000000001,4.511699999999999,3.883085714285714,4.292657142857143,5.113185714285714,5.3243,5.09837142857143,4.792585714285714,4.649857142857143,4.532857142857143,4.1448857142857145,3.4258428571428574,4.0183,4.004057142857143,4.321371428571429,5.220457142857143,5.2885,6.255714285714286,8.577714285714285,10.076914285714285,11.643742857142856,11.962785714285713,11.236228571428573,11.394257142857143,11.45282857142857,10.5839,9.307171428571428,8.600542857142857,8.042742857142857,9.458385714285713,10.961471428571429,10.957257142857143,10.140557142857144,9.854842857142858,10.483714285714285,11.327228571428572,9.91972857142857,8.301228571428572,7.408942857142857,6.917657142857143,6.217814285714286,5.882185714285714,7.147157142857144,8.246914285714285,8.342628571428572,8.542557142857143,9.680842857142858,11.149514285714286,11.115057142857143,9.660342857142856,10.666685714285714,10.495500000000003,11.913414285714287,11.664771428571429,11.219685714285713,12.205471428571428,11.416171428571428,10.087242857142858,12.111214285714286,11.104342857142857,10.991871428571429,12.498700000000001,11.33042857142857,12.918157142857142,13.6477,12.627799999999999,13.634685714285714,14.35587142857143,11.915842857142858,10.936614285714285,11.285485714285715,9.570728571428573,10.449885714285715,9.763900000000001,8.413642857142857,8.316757142857144,9.293485714285712,7.273457142857142,7.196014285714285,5.387271428571428,4.292685714285715,3.8591142857142864,4.678014285714285,3.9662142857142855,4.1494,5.211885714285715,5.411371428571428,5.408114285714285,6.470585714285714,6.880057142857143,6.6949,8.281657142857144,7.972757142857143,7.781428571428571,7.959685714285714,7.959685714285716,7.738942857142858,7.742042857142858,7.339085714285715,8.121314285714286,9.051942857142857,9.012628571428571,8.12872857142857,7.311014285714285,7.312828571428571,8.812657142857143,8.560628571428571,7.640614285714285,7.50672857142857,7.329985714285714,7.274914285714284,7.284071428571429,4.718742857142857,4.010228571428572,4.176442857142858,4.3766428571428575,4.506171428571429,5.3635,6.122571428571428,6.0,5.638228571428571,5.322042857142857,6.760757142857144,8.010528571428571,7.125557142857143,6.320571428571428,6.334414285714286,6.122771428571427,6.122757142857141,4.657542857142857,3.2622428571428563,3.2619000000000002
147,4.9864,4.9864,8.88495,8.639033333333332,8.9757,7.80094,6.933916666666666,6.289971428571428,6.180771428571428,6.174714285714286,7.2358142857142855,9.738085714285715,11.134528571428572,12.860314285714285,13.107399999999998,13.100642857142857,12.33714285714286,11.258057142857142,8.697114285714287,9.408042857142858,9.214699999999999,10.463028571428572,11.62257142857143,11.841457142857141,13.854814285714285,14.766271428571429,13.2988,12.071185714285715,12.83917142857143,13.732742857142856,13.164285714285715,10.657757142857145,8.978328571428571,10.754900000000001,11.22172857142857,10.524642857142856,9.153114285714286,9.5327,10.15712857142857,10.98572857142857,8.72332857142857,9.590885714285715,9.315142857142858,13.7145,13.076557142857142,12.248085714285713,12.855085714285712,13.4008,13.518071428571428,13.611257142857143,10.119942857142858,12.447185714285713,12.399128571428571,12.083885714285714,12.622914285714286,12.6027,11.9375,11.536771428571429,9.161414285714287,10.432342857142856,10.084028571428572,8.745842857142858,7.0356,8.256185714285715,8.748114285714285,11.161414285714287,11.70117142857143,10.702642857142859,10.842400000000001,11.892185714285716,9.968842857142858,8.024557142857143,5.953314285714286,4.161785714285714,4.961028571428571,5.824957142857143,5.923857142857143,6.706942857142857,9.551714285714285,12.143771428571426,13.353185714285715,14.359057142857141,15.570828571428573,16.470385714285715,17.87747142857143,15.619785714285715,13.622114285714288,13.180128571428572,12.558542857142857,11.430571428571428,9.341785714285715,7.936999999999999,7.934114285714285,7.106185714285713,6.77212857142857,7.104314285714286,6.329757142857143,6.711142857142858,7.602942857142857,9.711428571428572,10.916885714285714,11.437485714285714,10.973871428571428,13.08827142857143,14.758700000000001,14.334514285714286,13.051742857142857,11.700514285714286,11.627328571428572,12.470485714285715,13.468257142857142,11.6674,11.484057142857143,10.078557142857145,12.844257142857145,14.78587142857143,14.285228571428572,10.81955714285714,10.834385714285713,10.548657142857142,11.643357142857143,9.88462857142857,7.396857142857144,7.5068,8.658071428571429,9.569557142857144,9.096828571428572,9.815000000000001,12.487414285714285,12.914071428571429,12.132714285714284,11.234042857142857,10.094585714285714,9.829871428571431,10.015785714285714,8.5448,9.93547142857143,9.986685714285715,12.061242857142858,14.630328571428574,14.728785714285717,12.787228571428573,11.510728571428572,9.456285714285714,8.695985714285714,8.209642857142857,6.93152857142857,7.105285714285714,8.153242857142857,7.6752714285714285,7.618714285714286,8.37417142857143,8.882557142857141,9.655642857142857,9.950442857142859,8.865400000000001,8.431814285714285,9.019428571428572,8.285271428571429,6.016628571428571,5.353928571428571,6.655285714285715,8.1603,9.917,10.932614285714285,12.328542857142855,12.742528571428574,11.7126,9.995157142857144,10.078114285714284,8.353728571428572,7.014171428571429,6.6424,8.206242857142856,8.900414285714286,8.717714285714285,7.149485714285713,7.156614285714285,6.933314285714286,7.067014285714287,6.437328571428572,7.4240571428571425,7.451185714285714,7.506485714285715,9.209371428571428,10.7286,9.581885714285715,8.280671428571429,6.245457142857143,6.261157142857144,6.248600000000001,5.7957142857142845,4.918357142857142,6.103242857142857,6.476642857142857,7.481628571428572,7.5030285714285725,7.490671428571429,6.388485714285713,5.786271428571429,4.721414285714286,5.296342857142858,4.682428571428572,4.781014285714286,4.814799999999999,4.6124,4.523728571428571,4.523714285714285,3.6240999999999994,3.223585714285714,3.1226857142857143,3.8292285714285716,3.8997142857142855,3.8807142857142862,3.7029285714285716,3.618471428571429,3.743,4.9230285714285715,4.538028571428572,4.555571428571429,4.5122857142857145,4.564242857142857,4.587485714285715,4.488542857142858,3.3733714285714287,3.024571428571428,3.2018857142857144,3.6686571428571426,4.255571428571428,4.2533,4.2820857142857145,4.201914285714286,4.934457142857143,4.950257142857143,4.884557142857142,5.141171428571428,5.9221,7.1532,7.876171428571429,7.730542857142856,8.0819,7.817785714285713,7.194014285714284,6.791085714285714,6.248657142857143,6.248285714285714,5.804671428571427,5.949942857142856,6.780542857142856,7.2159571428571425,8.117099999999999,10.615371428571427,13.319657142857142,15.792757142857141,16.752714285714287,16.35597142857143,16.438257142857143,16.82904285714286,15.63135714285714,14.582142857142856,12.983642857142856,12.12962857142857,14.559542857142858,16.857957142857142,16.552757142857143,16.99285714285714,15.623499999999998,16.96302857142857,17.30872857142857,14.987499999999999,12.051642857142857,10.871471428571427,8.946142857142858,8.02934285714286,7.193557142857143,9.173214285714286,12.326742857142857,12.5823,12.774157142857144,13.185557142857144,14.834442857142857,16.717771428571428,15.904,15.674942857142858,15.905157142857144,17.471228571428572,18.53357142857143,18.235699999999998,18.994128571428572,16.879842857142854,14.885114285714284,17.466585714285713,16.540585714285715,15.972485714285716,17.62184285714286,15.421757142857144,17.29941428571429,18.747557142857143,16.59854285714286,19.83134285714286,20.863285714285716,18.124328571428574,16.570142857142855,16.592299999999998,13.913371428571429,14.347257142857144,11.36697142857143,9.555485714285714,9.337571428571428,9.995171428571428,7.858657142857143,7.450857142857141,6.088857142857142,4.908228571428571,4.260971428571429,5.134542857142857,4.659542857142857,5.255342857142857,6.722685714285714,7.303442857142857,7.159628571428572,8.775042857142857,8.849285714285715,8.318214285714287,9.710585714285713,9.254385714285714,8.711657142857144,9.043742857142858,8.68747142857143,8.868,9.401871428571429,9.0999,10.2693,11.687299999999999,11.642614285714284,10.448271428571427,9.416799999999999,9.284699999999999,10.663857142857143,10.036642857142857,8.683785714285714,8.637885714285714,8.501542857142857,9.035014285714286,8.83012857142857,5.923328571428571,4.950757142857143,5.3956,5.3650714285714285,6.049428571428572,6.293028571428571,7.054028571428573,6.835300000000001,6.4645,5.950457142857142,7.552442857142857,7.627785714285714,6.7431,5.680028571428571,5.901042857142857,5.700385714285714,5.530085714285714,3.9254000000000007,3.165685714285714,3.1625571428571426
148,5.2051,5.2051,9.5129,13.992633333333336,12.660925000000002,10.604520000000003,9.405933333333335,8.403914285714288,8.223357142857145,7.6238714285714275,6.810271428571428,8.421814285714287,10.169942857142859,11.439285714285715,11.518600000000003,11.2854,10.634971428571431,10.594999999999999,10.321042857142857,10.871857142857143,11.568757142857143,12.9358,14.295599999999999,15.246914285714285,16.724214285714286,16.646657142857144,15.088485714285714,13.227571428571428,14.085742857142858,14.208042857142857,14.280328571428571,11.340985714285717,9.889071428571429,11.332542857142858,11.452514285714287,10.667842857142857,10.001071428571427,9.584514285714286,10.8004,11.118614285714287,9.255614285714286,10.569485714285715,10.465900000000001,11.965500000000002,10.958542857142858,9.22417142857143,10.603257142857144,11.666114285714286,12.118742857142857,11.68472857142857,11.452042857142859,14.034142857142857,13.994214285714287,13.386128571428571,13.093142857142857,13.24207142857143,13.063314285714284,11.796485714285714,9.29822857142857,10.955628571428573,11.450185714285713,10.3599,8.124585714285715,9.525571428571428,12.180014285714284,14.825542857142858,15.383857142857142,14.173957142857144,15.088271428571431,16.147300000000005,14.128728571428573,10.685757142857144,8.227714285714285,5.953957142857142,5.212357142857143,5.953442857142856,7.105185714285715,7.723842857142857,11.88027142857143,13.826085714285714,15.573571428571427,17.883971428571428,19.198471428571427,19.8004,21.474699999999995,18.390171428571428,16.951199999999996,16.040242857142854,14.561871428571425,13.373242857142856,11.3138,9.940942857142858,9.490442857142856,8.767142857142856,8.904271428571429,9.680185714285715,8.033842857142858,8.233642857142858,9.20137142857143,11.821514285714287,13.148957142857142,13.632085714285713,13.6797,15.46867142857143,17.22217142857143,18.422714285714285,16.256828571428574,15.013057142857141,15.104642857142858,15.897671428571428,15.128357142857144,13.19335714285714,11.546442857142859,10.483514285714287,14.938942857142859,16.381328571428572,15.712942857142858,14.713800000000003,14.273314285714287,13.964328571428572,15.780842857142856,12.6837,9.7329,8.456714285714286,9.054942857142859,8.936285714285715,7.645728571428571,8.415914285714285,12.042714285714286,14.091800000000001,13.652485714285714,13.238228571428573,13.32344285714286,13.82077142857143,13.879471428571426,12.35082857142857,12.7769,13.18944285714286,15.787585714285715,16.24612857142857,17.72697142857143,15.121228571428572,13.678257142857143,12.195557142857144,11.480142857142857,10.905685714285713,12.030899999999999,11.140785714285714,12.680757142857145,11.341400000000002,11.366885714285713,12.57162857142857,13.050557142857144,12.602185714285714,13.297957142857143,11.769957142857141,11.036414285714285,10.178914285714285,9.45042857142857,6.948142857142857,7.099585714285714,7.624414285714286,10.028628571428571,12.274742857142858,14.588442857142857,15.849685714285714,17.432585714285715,17.773371428571426,16.188742857142856,15.486471428571425,13.87092857142857,12.47097142857143,12.763442857142858,14.0455,14.262,13.634214285714284,11.925071428571428,11.304685714285712,10.420414285714285,10.067271428571429,9.183057142857143,9.155857142857144,9.103942857142858,9.44797142857143,10.633128571428573,11.286142857142858,9.594342857142859,7.3326,5.384842857142857,6.272785714285716,6.38667142857143,7.6586428571428575,7.863014285714286,9.727728571428571,11.691642857142856,12.439114285714286,11.584014285714286,11.126800000000001,9.483185714285714,9.038300000000001,7.353914285714285,6.5463000000000005,6.644114285714286,7.6314714285714285,7.953314285714286,7.186071428571428,6.843942857142856,7.386742857142857,6.280114285714285,5.324142857142857,4.2946,4.259614285714286,4.4379,4.237557142857143,3.4438142857142853,3.3911714285714285,3.364442857142857,4.165542857142857,4.297771428571428,4.190128571428571,4.115742857142857,4.223528571428571,4.250871428571428,4.1831,3.375371428571428,2.9654999999999996,2.931942857142857,3.8129285714285714,5.139742857142857,5.863042857142857,6.500685714285714,6.871271428571427,7.799685714285714,8.735271428571428,8.5929,7.200128571428571,7.378114285714285,8.342042857142857,8.704914285714286,8.000814285714286,7.580357142857143,7.119014285714286,7.363985714285714,6.786114285714286,5.9794285714285715,6.176342857142857,6.707314285714285,7.127114285714286,7.9096714285714285,8.21197142857143,9.05187142857143,11.068714285714284,14.007842857142858,15.687671428571429,16.225385714285714,15.549914285714285,15.964557142857142,16.94452857142857,16.7153,14.869557142857145,13.524314285714286,13.051,15.981885714285715,18.67115714285714,21.064685714285712,21.932285714285715,22.572042857142858,24.2269,24.46402857142857,21.950814285714284,18.629814285714282,14.365499999999997,11.192585714285713,8.963071428571428,7.8366999999999996,10.04662857142857,13.161142857142854,13.754214285714284,14.084785714285713,15.59512857142857,17.488514285714285,20.428628571428572,19.109957142857144,18.894371428571425,18.021542857142858,19.353085714285715,19.764828571428573,19.02112857142857,19.554485714285715,18.1246,16.504157142857142,19.821785714285713,18.896014285714283,20.92567142857143,23.867957142857144,20.422285714285714,21.91755714285714,23.969500000000004,21.637642857142858,25.166014285714287,24.472100000000005,20.69517142857143,19.403157142857143,19.430414285714285,15.34405714285714,16.356871428571427,13.633442857142857,11.172414285714284,11.221971428571427,12.241042857142856,10.022371428571429,9.956185714285713,8.062185714285715,6.265014285714287,5.1959857142857135,5.626114285714285,4.9753,6.029585714285714,8.243442857142856,8.740571428571428,8.799071428571429,11.783842857142858,12.699585714285714,12.072357142857141,13.351385714285714,13.268857142857144,12.739328571428572,12.94567142857143,12.05372857142857,11.3296,11.94632857142857,11.991642857142859,12.659442857142858,14.704557142857142,14.756942857142857,13.08482857142857,11.832585714285713,11.501271428571428,12.549514285714285,11.611342857142859,10.193985714285715,9.981842857142855,9.73327142857143,10.343685714285714,10.438242857142857,7.325828571428572,6.078457142857142,6.079885714285714,7.803485714285714,7.8423428571428575,9.298385714285715,10.289585714285716,10.007242857142858,9.733728571428571,8.951914285714286,8.423814285714286,9.285785714285714,7.221628571428572,5.862514285714285,6.281357142857144,5.953728571428572,5.951985714285714,5.2891,4.339042857142858,4.317828571428572
149,4.3554,4.3554,12.8185,14.820066666666667,12.545875,10.6486,9.383683333333334,8.389457142857143,8.540442857142859,6.948600000000001,7.3289,9.6146,10.735457142857141,11.550742857142856,11.539528571428571,11.101428571428572,10.891742857142859,8.529485714285713,8.139771428571427,9.053557142857143,9.226857142857142,10.447757142857142,12.680042857142857,12.148357142857142,15.5068,15.4289,14.103057142857143,13.955685714285712,15.683285714285715,15.856171428571427,16.29502857142857,13.372357142857142,11.45047142857143,12.796585714285714,12.22697142857143,12.186771428571427,10.745314285714286,11.229828571428571,12.00057142857143,13.359114285714286,11.939814285714286,13.735057142857142,12.401285714285715,17.136742857142856,15.941142857142856,14.486071428571426,13.827271428571427,16.410642857142854,16.735785714285715,15.969085714285715,12.907728571428573,15.704314285714284,15.968428571428571,17.096200000000003,15.58847142857143,15.916885714285716,15.920185714285713,14.624999999999998,12.026271428571429,13.90987142857143,14.988985714285715,13.231742857142859,10.415471428571431,12.3911,14.779528571428573,17.38217142857143,17.75297142857143,16.47937142857143,18.612428571428573,19.63642857142857,17.2929,13.598285714285714,10.80942857142857,8.182142857142859,6.185057142857143,5.786471428571429,6.564,6.641771428571429,10.312157142857144,12.439742857142859,13.495414285714288,16.147514285714287,18.34304285714286,19.25704285714286,20.7554,17.358814285714285,15.554714285714285,15.2945,13.616900000000001,11.487442857142858,9.238357142857144,7.7899714285714285,8.290142857142857,8.113714285714286,8.603399999999999,9.307857142857143,7.4627,7.800642857142857,10.258828571428571,12.60567142857143,14.14914285714286,13.10771428571429,13.148985714285715,13.830185714285717,15.422371428571427,14.30837142857143,12.605099999999998,10.814614285714287,11.75827142857143,12.437,13.18392857142857,11.088657142857143,10.269657142857143,8.899771428571428,11.940042857142858,13.325800000000001,12.988342857142857,11.546257142857144,11.41332857142857,11.5368,12.649957142857142,10.927685714285714,11.166157142857143,10.466985714285714,11.335628571428572,11.16347142857143,10.751614285714286,12.641871428571429,15.448428571428574,15.018657142857142,13.659071428571428,12.858271428571427,13.351799999999999,12.794685714285714,15.3635,14.1229,16.144085714285715,19.259242857142855,22.08594285714286,22.464828571428573,23.42824285714286,18.11517142857143,17.138885714285713,14.088542857142857,11.186157142857143,13.950528571428569,15.014971428571426,14.495014285714282,16.964428571428574,16.02357142857143,17.33612857142857,18.007242857142856,14.308914285714286,14.735228571428573,14.226057142857144,11.47717142857143,10.553171428571428,8.011685714285715,7.612099999999999,6.455871428571429,5.345957142857143,7.683971428571427,11.361114285714285,13.279285714285711,15.085285714285716,16.526085714285713,16.73935714285714,17.796685714285715,16.977957142857143,15.393899999999999,13.750528571428571,12.307914285714284,12.254985714285713,12.969642857142857,10.9858,9.534585714285713,7.424271428571429,7.138628571428571,6.7635,6.945685714285714,7.152099999999999,7.899371428571428,7.730542857142857,8.173757142857143,9.161371428571428,9.500142857142857,7.478885714285715,5.654442857142857,4.762142857142857,5.080942857142858,5.475757142857143,5.352442857142856,5.688342857142857,7.224828571428572,7.4592142857142845,7.383157142857143,7.1816,6.3646142857142864,5.524585714285715,4.9312,4.151928571428572,4.449928571428571,5.149728571428571,6.063471428571428,6.0541857142857145,6.043257142857143,6.2522,5.696257142857142,5.151585714285715,4.3788285714285715,3.6146428571428575,3.6773714285714285,3.692628571428571,3.2611285714285714,3.0171714285714293,2.9257142857142853,2.8985999999999996,5.043028571428571,5.191214285714286,5.1419428571428565,5.210014285714286,5.312757142857143,5.368785714285714,5.333,2.945342857142857,2.750942857142857,2.8850857142857143,3.066157142857143,3.8238428571428575,3.977957142857143,4.630514285714286,4.810771428571429,5.832942857142858,6.598185714285714,6.838614285714286,6.047428571428571,6.954114285714286,7.499257142857142,7.499257142857142,6.724757142857142,5.877514285714285,5.583442857142857,5.706971428571429,4.760785714285714,3.928157142857143,3.9572000000000003,3.910814285714286,5.153957142857144,6.916528571428572,6.792257142857143,7.869342857142857,10.242199999999999,12.646214285714288,14.468742857142859,14.247857142857143,12.511157142857144,12.59667142857143,12.979542857142857,11.716228571428571,11.317414285714287,10.287257142857143,10.019128571428572,11.977357142857144,15.090014285714286,14.550285714285716,16.394085714285715,15.789771428571429,17.292057142857143,17.560185714285716,16.028357142857143,13.10862857142857,12.246057142857142,9.115585714285714,8.030800000000001,10.048428571428571,12.608814285714287,16.150742857142856,16.238685714285715,16.66474285714286,17.5769,19.969400000000004,18.13672857142857,17.157385714285716,17.885742857142855,17.53414285714286,19.192957142857143,21.780728571428572,19.938985714285714,19.14952857142857,16.69422857142857,14.605414285714286,16.434714285714286,14.808957142857142,12.563042857142856,16.75832857142857,15.975971428571428,17.38575714285714,19.105871428571426,18.282042857142855,21.656642857142856,24.083985714285713,18.955899999999996,18.787728571428573,21.087899999999998,16.624414285714284,16.624799999999997,13.921114285714284,10.362557142857142,10.362585714285714,11.1423,7.3850428571428575,7.348885714285714,6.5003714285714285,5.337785714285714,5.373814285714287,6.599928571428571,5.616471428571429,6.584114285714286,8.483342857142857,9.056085714285715,9.300228571428573,12.658371428571428,13.565742857142856,12.773185714285715,14.7889,15.035771428571431,14.53744285714286,14.638757142857145,13.57345714285714,12.83242857142857,13.79338571428571,13.2158,14.41732857142857,16.285471428571427,16.716971428571426,14.951042857142856,13.509085714285714,13.176057142857143,15.237242857142858,14.561614285714287,13.053857142857144,12.2846,11.848357142857141,12.744442857142857,12.781214285714286,9.349957142857145,7.3938999999999995,7.984414285714285,8.170442857142856,8.164514285714287,10.261342857142855,11.252799999999999,10.2476,10.063142857142859,8.820642857142857,10.570214285714286,11.264357142857145,8.27582857142857,6.813871428571427,7.1636428571428565,6.736885714285713,6.918457142857143,5.3042428571428575,4.2418571428571425,4.266828571428571
150,8.0188,8.0188,14.109100000000002,16.802733333333336,13.617825000000002,12.915740000000003,11.172800000000002,10.083728571428574,10.8599,9.433828571428572,11.451185714285714,13.563857142857144,13.511600000000001,13.927800000000001,13.750842857142857,12.317228571428572,12.00324285714286,9.622128571428572,7.6067857142857145,7.691485714285713,8.34457142857143,9.574628571428573,11.739342857142857,11.350542857142857,11.527242857142856,13.901742857142855,14.845957142857143,14.571071428571429,15.061771428571431,14.5296,14.507657142857143,12.111257142857143,11.653585714285713,10.623557142857143,9.947742857142858,9.901700000000002,8.506814285714286,9.086928571428572,11.168000000000001,9.943385714285714,9.042442857142857,10.868271428571429,11.819457142857145,17.127957142857145,16.234714285714286,14.309657142857143,14.186185714285713,15.617185714285712,15.977585714285713,13.702185714285713,9.861571428571429,12.352814285714285,12.207542857142856,12.577842857142857,11.853385714285713,11.535885714285714,11.3858,10.400642857142856,7.893857142857143,10.13497142857143,10.596857142857143,9.724457142857144,7.770885714285713,9.593185714285713,11.224728571428571,13.689971428571427,15.85052857142857,15.333042857142857,17.39625714285714,18.17385714285714,16.231800000000003,13.741557142857145,11.329857142857142,6.671542857142858,5.450914285714286,5.245157142857143,6.2681,6.779928571428571,10.282271428571429,12.284671428571428,13.4665,16.195142857142855,17.62747142857143,18.0672,19.76787142857143,16.433271428571427,14.373828571428572,13.996542857142858,12.182514285714287,10.885057142857145,8.712642857142857,6.896442857142857,7.146742857142857,7.339928571428571,7.901942857142856,8.078057142857142,6.1018,6.825814285714286,9.226257142857142,12.232157142857142,14.079742857142858,12.84095714285714,13.56897142857143,14.159142857142857,15.856314285714285,15.239214285714285,13.280942857142858,11.185357142857143,12.466828571428573,13.325614285714284,13.986514285714284,11.7084,10.689757142857143,9.214114285714286,13.283514285714286,14.721142857142857,14.34842857142857,13.097328571428571,12.924028571428574,13.4911,14.840128571428574,12.040071428571428,11.6001,10.348528571428572,11.406971428571428,11.319928571428571,10.114157142857142,11.6612,13.2728,11.438128571428573,10.405157142857144,9.4564,10.090199999999998,9.78267142857143,10.556799999999999,10.6118,12.977028571428573,17.37055714285714,20.203957142857142,20.437199999999997,21.755742857142852,18.45745714285714,17.625185714285717,15.394685714285716,11.17,13.878557142857144,15.585128571428571,14.787285714285712,16.8317,16.69442857142857,18.70307142857143,20.03691428571429,16.184671428571427,15.383157142857142,14.643714285714283,12.27847142857143,10.35282857142857,7.736742857142857,6.428728571428571,5.432285714285714,5.5318,7.475814285714286,9.881471428571428,11.073714285714287,12.153585714285713,13.00917142857143,12.894814285714286,11.74917142857143,10.914285714285715,11.100514285714285,10.043957142857142,9.490328571428572,10.046142857142858,11.022657142857144,10.485442857142859,9.564971428571429,6.995928571428571,6.853742857142857,6.407957142857143,7.701657142857144,8.212171428571429,9.124785714285714,8.945114285714286,9.538185714285715,9.934585714285715,10.020971428571427,7.140357142857143,5.046685714285714,4.119414285714286,4.1338,4.116357142857142,4.453057142857142,5.066528571428571,6.1237571428571425,6.508971428571429,6.449928571428572,6.458485714285714,5.8705428571428575,5.129199999999999,4.4458714285714285,3.830957142857143,3.6901428571428574,4.292314285714286,4.789185714285715,4.779400000000001,4.811442857142857,4.862171428571428,4.692742857142856,4.428042857142857,3.7417857142857143,3.2426142857142857,3.4114428571428577,3.409757142857143,3.1351714285714287,2.792128571428571,2.744342857142857,2.6990857142857143,4.837171428571429,5.018542857142857,4.958542857142858,5.040257142857143,5.267557142857143,5.303385714285715,5.303414285714287,3.194057142857143,2.875228571428571,3.007428571428572,3.0761571428571424,3.5243571428571436,3.5298714285714285,4.194,4.2858857142857145,4.848214285714286,5.518242857142858,5.553885714285714,5.130128571428571,5.720485714285714,5.7705142857142855,5.8854,5.525714285714285,4.7905999999999995,4.769857142857142,4.726771428571429,4.1659,3.8232,3.8356,3.9265000000000003,4.737485714285715,6.1935,6.1516142857142855,7.0996428571428565,9.31622857142857,10.612885714285714,11.764685714285715,11.974757142857143,10.600571428571428,10.680914285714284,12.381285714285713,12.047085714285714,12.695628571428573,11.913757142857145,11.615357142857144,13.49377142857143,15.805228571428573,14.528271428571431,15.426628571428571,14.699814285714286,15.481685714285716,15.751899999999997,14.006400000000001,11.824042857142857,10.567371428571429,7.667642857142858,6.776828571428572,8.451357142857145,10.878642857142856,13.715942857142855,13.43127142857143,14.115971428571429,15.294899999999998,17.21588571428571,16.62907142857143,15.9007,17.153071428571426,17.188,18.9195,20.504699999999996,18.96555714285714,18.91647142857143,16.451128571428573,15.015142857142857,16.352857142857143,14.387028571428573,12.823242857142858,17.14381428571429,15.95094285714286,17.596942857142857,19.21484285714286,18.872999999999998,22.36297142857143,24.591885714285716,19.553757142857144,18.829285714285714,20.087314285714285,15.516242857142858,15.697185714285713,12.99252857142857,9.448985714285714,9.405885714285715,10.80975714285714,7.6232428571428565,7.743971428571428,6.486171428571429,5.067971428571428,5.2620000000000005,6.420657142857143,5.5063571428571425,6.106528571428571,7.2176,8.279814285714284,8.47257142857143,11.556028571428572,14.259328571428572,13.4228,16.44934285714286,15.485871428571427,14.943042857142855,15.039814285714284,14.380671428571427,12.295685714285714,13.023214285714285,12.171142857142858,15.607271428571428,16.262842857142857,16.23697142857143,14.10167142857143,12.291814285714285,13.326014285714285,13.229585714285715,10.5631,9.872671428571428,10.193228571428572,9.980742857142856,10.564771428571428,9.632042857142858,7.9537,7.160414285714286,8.970514285714286,8.607842857142858,8.412171428571428,10.566642857142856,9.869642857142855,8.819542857142856,8.9366,6.647757142857143,8.072285714285714,8.573385714285715,5.5739,5.7329,6.221185714285714,5.9998571428571426,6.088399999999999,4.614471428571428,4.172028571428572,4.367142857142857
151,8.0006,8.0006,16.14965,18.431133333333335,14.698950000000002,12.78372,11.055850000000001,9.89627142857143,9.899257142857142,7.796028571428571,7.802528571428572,10.067414285714287,10.478557142857142,10.922128571428573,10.818542857142859,10.111928571428573,9.886899999999999,7.3290571428571445,5.3776142857142855,5.523785714285714,5.931728571428571,6.926371428571429,9.320042857142855,8.616342857142858,10.776700000000002,12.807342857142858,12.886214285714287,12.772642857142857,13.333771428571428,12.434614285714286,13.138242857142856,10.844800000000003,9.014942857142858,8.978157142857143,8.2995,8.642042857142856,7.2995285714285725,7.302085714285714,9.0379,9.440857142857142,8.6848,10.56557142857143,11.084642857142857,17.495085714285718,16.773485714285716,15.532514285714287,15.339114285714288,16.499757142857142,16.836085714285712,14.502400000000003,9.230357142857143,11.864857142857144,11.346757142857143,11.941542857142855,11.537128571428571,11.1476,11.076257142857143,10.179914285714286,7.55812857142857,9.29972857142857,9.161442857142857,8.153728571428571,6.3065428571428575,8.201457142857143,10.032171428571429,13.017871428571429,13.91667142857143,14.498357142857143,16.520457142857143,17.29807142857143,15.398300000000003,13.074428571428571,10.1935,7.298242857142857,5.358257142857143,4.157571428571429,4.2224571428571425,4.7219,8.093885714285713,9.657942857142856,10.817242857142856,13.607371428571426,16.79205714285714,17.788114285714283,19.64251428571428,16.393642857142858,14.628457142857144,14.29192857142857,12.485785714285715,10.52472857142857,8.6993,6.76842857142857,7.036614285714285,7.417899999999999,7.836771428571429,7.943114285714286,5.925828571428572,6.4517,8.997671428571428,11.98757142857143,13.823628571428571,12.727442857142858,13.518428571428572,13.90242857142857,15.941557142857144,14.834914285714287,12.544957142857143,10.330657142857143,11.511214285714287,12.3997,13.095742857142856,10.856114285714286,10.070271428571429,8.979871428571428,12.195857142857145,13.425342857142857,13.08842857142857,11.96187142857143,11.589928571428572,12.456457142857143,14.177371428571432,12.108457142857144,11.702871428571427,9.976114285714287,11.07002857142857,11.044157142857143,9.715399999999999,10.437800000000001,12.255657142857144,10.558057142857141,9.855242857142857,8.918228571428571,9.633785714285713,9.589899999999998,10.75542857142857,10.707400000000002,13.210871428571428,16.3698,19.004314285714283,19.13507142857143,19.825642857142856,16.49072857142857,15.237528571428571,13.236571428571429,10.445371428571429,11.419371428571429,12.996385714285713,12.762642857142856,15.187257142857144,15.114914285714287,15.54652857142857,17.017757142857143,15.12037142857143,14.675557142857144,13.717557142857144,11.068457142857142,9.526728571428569,8.293642857142858,6.6779,5.724685714285713,5.765114285714286,7.8222000000000005,10.656428571428572,12.281114285714287,15.96732857142857,16.965871428571425,16.68352857142857,15.619214285714287,15.208085714285714,14.033428571428571,12.4316,9.126357142857142,9.73122857142857,10.790899999999999,10.198214285714286,8.6193,6.982628571428571,6.946385714285715,6.620757142857143,8.066071428571428,8.46727142857143,9.08162857142857,9.036085714285713,9.498457142857143,10.261757142857144,10.458228571428574,7.243071428571428,5.3176000000000005,4.5704142857142855,4.687885714285714,4.767528571428572,4.907428571428571,5.5,6.7365,6.821071428571429,6.6968000000000005,6.600714285714287,6.031728571428572,5.125414285714286,4.327442857142857,3.3518714285714286,3.3507285714285713,3.726714285714286,4.369128571428571,4.348685714285714,4.377814285714286,4.349214285714286,4.323128571428571,4.168171428571428,3.727671428571429,3.1105142857142853,3.2639142857142858,3.259657142857143,3.0763571428571432,2.764885714285714,2.7276285714285717,2.6955428571428572,4.898028571428571,5.1381571428571435,5.087985714285715,5.175242857142858,5.291314285714286,5.280500000000001,5.272100000000001,3.0304285714285712,2.694828571428572,2.8363857142857145,3.0157285714285713,3.6311,3.672957142857143,4.384785714285714,4.4263,5.0027,5.3998,5.360557142857142,4.809714285714286,5.170914285714285,5.0766857142857145,5.253857142857143,4.807314285714285,4.337157142857143,4.221471428571428,4.154671428571429,3.8180142857142862,3.5262428571428575,3.513471428571429,3.605457142857143,4.440914285714285,5.756557142857142,5.752414285714286,6.608899999999999,8.104814285714285,9.978071428571427,11.190342857142857,11.191485714285715,9.9023,9.960728571428572,10.805942857142856,11.431314285714285,11.534314285714286,10.724871428571428,10.661757142857143,12.609057142857143,14.950614285714286,14.551442857142858,15.35184285714286,14.363928571428572,15.06032857142857,15.169757142857142,13.585442857142855,11.519385714285713,10.282857142857143,7.129357142857143,6.257828571428571,8.25617142857143,10.423514285714287,13.287885714285713,12.87882857142857,13.168114285714285,14.163214285714286,15.667414285714287,14.495685714285715,14.116942857142858,15.218499999999997,15.313557142857144,17.495471428571427,19.3731,18.18088571428572,19.65132857142857,17.212,16.3048,17.508614285714284,15.468342857142858,17.206214285714285,21.863914285714284,19.253800000000002,20.88062857142857,22.084228571428575,22.08421428571429,25.196457142857145,24.2768,19.07267142857143,18.258042857142858,19.69727142857143,14.96567142857143,15.02844285714286,12.645642857142859,8.979157142857142,8.978214285714285,10.585028571428571,7.2233857142857145,7.397557142857144,6.051814285714285,4.789214285714286,4.992728571428572,6.489257142857143,5.863328571428572,6.637628571428571,7.530714285714285,8.815157142857142,9.421242857142857,12.38342857142857,14.854185714285714,13.995857142857144,16.340928571428574,15.575885714285715,14.576242857142857,14.230428571428572,14.365328571428572,12.544514285714286,12.782428571428571,12.24207142857143,16.374828571428573,17.817000000000004,17.872342857142858,15.106385714285716,12.904742857142859,14.435014285714285,14.831657142857141,11.487099999999998,9.770442857142857,10.043442857142859,10.153985714285714,10.89182857142857,9.832014285714285,7.814057142857143,7.032642857142856,9.153671428571428,8.751142857142856,8.097657142857143,9.481042857142858,8.628014285714288,7.622771428571428,7.5998285714285725,5.476914285714286,7.157514285714285,7.7420285714285715,5.490928571428571,5.915828571428571,6.298628571428572,6.130071428571429,6.307514285714286,4.422657142857142,3.8826714285714283,4.101928571428571
152,9.4317,9.4317,14.58675,17.953466666666667,14.194849999999999,12.225039999999998,10.581916666666666,9.414771428571427,9.213185714285714,7.760242857142858,7.641428571428571,9.492642857142856,10.014728571428572,10.28017142857143,10.250414285714285,9.442871428571427,9.21847142857143,6.636842857142858,5.1744142857142865,5.322742857142857,5.865042857142856,6.8001571428571435,9.489142857142857,8.762514285714285,10.978385714285716,12.944214285714285,13.920414285714285,13.481314285714285,14.176857142857143,13.286671428571427,14.085799999999997,11.750357142857142,10.074885714285715,8.95327142857143,8.658871428571429,8.895428571428571,7.346042857142857,7.492842857142857,9.039742857142857,9.34777142857143,8.6878,10.600200000000001,11.135042857142858,16.58164285714286,15.646,14.222328571428571,14.028628571428571,15.067357142857142,15.084214285714284,12.774557142857143,8.224157142857143,10.800957142857143,10.544328571428574,11.297085714285714,11.115442857142856,11.08852857142857,10.996585714285713,10.117314285714286,7.670128571428571,9.41567142857143,8.823442857142856,7.802657142857143,5.953871428571428,7.8701285714285705,9.502671428571428,12.453285714285714,13.797571428571429,14.086928571428572,15.77477142857143,16.470657142857142,14.559285714285712,12.66342857142857,9.601,6.262985714285715,4.9436857142857145,4.078957142857143,3.9124142857142856,4.278557142857143,7.814042857142858,9.364085714285713,10.252385714285714,12.775557142857142,15.591428571428574,16.661957142857144,18.77022857142857,15.406457142857146,13.755600000000001,13.684642857142858,11.965357142857144,10.637728571428571,8.958428571428573,6.880971428571429,6.9309714285714294,7.006485714285715,6.830557142857144,7.174557142857141,4.8881000000000006,5.576942857142858,8.016242857142858,10.8278,13.082385714285712,12.51817142857143,12.528428571428572,12.778971428571428,14.235328571428571,13.096657142857142,11.150357142857143,8.783157142857144,9.97752857142857,11.565642857142857,12.399314285714285,10.67082857142857,10.002728571428573,8.911314285714285,12.103900000000001,13.230557142857142,12.836014285714286,11.708257142857144,11.25217142857143,12.285,13.463700000000001,11.397442857142858,11.1448,9.433142857142856,10.871342857142858,10.851699999999997,9.486414285714286,10.922685714285715,13.041214285714286,11.218085714285715,10.589857142857143,9.249885714285714,10.069514285714286,10.004014285714286,12.721699999999998,12.600085714285715,15.230657142857142,18.292142857142856,20.685257142857143,20.70928571428571,21.53195714285714,16.636542857142857,14.378657142857142,13.202342857142856,10.557,13.331228571428571,14.8027,14.148399999999999,17.63932857142857,18.703885714285715,17.9095,19.245128571428573,15.866514285714286,14.522714285714285,13.912242857142855,10.03002857142857,8.279914285714286,7.450071428571428,5.888442857142857,4.840871428571428,5.202128571428572,7.201528571428573,9.694728571428572,11.982371428571428,13.268028571428573,13.940299999999997,13.70572857142857,13.474271428571429,12.727814285714286,13.18312857142857,10.894614285714287,9.910042857142857,10.718599999999999,11.062114285714285,10.453899999999999,9.139885714285715,6.214285714285714,6.106157142857143,6.0535,8.343871428571429,10.431028571428572,10.795457142857144,10.73857142857143,11.034157142857142,11.806299999999998,11.9522,8.008285714285716,5.063228571428572,4.398185714285714,4.485942857142857,4.497328571428571,4.512485714285715,5.311828571428571,6.3729000000000005,6.491142857142857,6.3868285714285715,6.322785714285715,5.958799999999999,5.143071428571429,3.935414285714286,3.1738571428571434,3.3265285714285717,3.5580428571428575,3.9054571428571427,3.9082857142857144,3.951214285714286,3.9405571428571426,3.757557142857143,3.441528571428571,3.1266571428571437,2.912914285714286,3.0266428571428574,3.0017,2.853157142857143,2.6673714285714283,2.718257142857143,2.730757142857143,5.0576857142857135,5.2258571428571425,5.1947142857142845,5.225985714285714,5.3283000000000005,5.270414285714286,5.241885714285715,2.7671,2.5370285714285714,2.728985714285714,2.8439714285714284,3.4642428571428567,3.5143857142857144,4.089628571428571,4.148214285714286,4.743571428571428,5.232128571428572,5.3887857142857145,4.868042857142858,5.125785714285714,5.077014285714285,5.210985714285714,4.720942857142857,4.108114285714286,3.8927714285714288,3.885685714285714,3.6738,3.2811285714285714,3.3136,3.2382000000000004,4.0262714285714285,5.225085714285714,5.148071428571429,6.01,7.5083714285714285,9.125342857142858,10.746542857142856,10.562085714285715,9.372457142857142,9.418385714285714,10.920385714285715,11.497728571428572,11.8586,10.798242857142856,10.812899999999999,12.93172857142857,15.37392857142857,14.2402,15.279742857142855,14.11997142857143,14.935628571428575,14.92097142857143,13.252542857142858,11.088542857142855,9.845814285714287,6.693342857142858,5.933628571428571,7.765314285714285,10.076571428571429,12.91992857142857,12.51167142857143,12.828442857142859,13.971800000000002,15.215557142857145,14.174185714285715,14.265757142857142,15.140657142857142,15.2915,17.49352857142857,19.0949,18.300700000000003,19.327185714285715,16.545257142857142,15.614014285714285,16.78317142857143,14.683057142857141,13.710514285714286,18.290714285714284,16.095714285714287,17.74642857142857,18.63838571428571,19.8596,23.044385714285717,24.50402857142857,19.8191,19.40228571428571,20.722014285714287,16.506914285714284,15.508885714285713,12.874999999999998,9.667999999999997,9.187985714285714,10.59947142857143,7.3633999999999995,7.579,6.0634,5.030742857142856,5.214014285714286,6.628928571428571,5.558728571428572,6.2116999999999996,6.925285714285714,8.370257142857144,8.897342857142856,11.880800000000002,14.668457142857145,14.058271428571429,16.597057142857143,15.942642857142857,14.907485714285714,14.594499999999998,14.452457142857142,12.0397,12.309042857142856,11.7015,15.905199999999999,17.157485714285713,17.716914285714285,15.432571428571427,13.50025714285714,13.272099999999998,13.633742857142858,10.212028571428572,8.553185714285714,8.067728571428573,7.628671428571429,8.413100000000002,9.692971428571429,7.0361,6.210371428571428,8.862271428571429,8.81702857142857,8.473428571428572,9.681185714285716,8.248785714285715,7.9059285714285705,7.905928571428572,5.328285714285714,7.167342857142856,7.406757142857143,5.3161,5.593600000000001,6.033,5.834828571428572,5.9378714285714285,3.9510714285714283,3.781571428571428,4.071914285714286
153,4.9898,4.9898,9.24185,13.957533333333332,11.195875,9.786859999999999,8.556433333333333,7.677499999999999,8.110414285714286,7.934742857142858,7.653500000000001,9.570485714285715,9.5532,9.699185714285715,9.670042857142857,8.905857142857144,7.750528571428573,5.287185714285714,3.5418714285714286,4.197985714285714,5.069471428571428,5.950457142857142,8.611057142857144,8.372,10.95567142857143,12.584528571428573,12.719757142857144,12.504557142857143,13.074285714285713,12.072671428571429,12.591842857142856,10.11792857142857,10.090557142857145,9.8693,9.134814285714286,9.66642857142857,8.0971,8.627442857142857,10.232971428571428,9.265028571428571,8.615,10.467557142857144,10.9275,14.08912857142857,13.062385714285712,11.864585714285713,12.039085714285715,13.15217142857143,13.158742857142856,10.79917142857143,8.568914285714285,11.132542857142855,10.459885714285715,11.042257142857142,10.576371428571429,10.565299999999999,10.483128571428571,9.4877,6.993742857142857,8.881914285714284,7.945042857142858,7.099885714285714,5.666528571428572,7.837185714285714,10.095828571428571,12.879214285714285,12.557242857142857,12.678857142857142,13.670357142857144,14.007542857142857,11.849400000000001,9.5241,6.673442857142858,4.989285714285714,4.1683,3.8254571428571427,3.8051,4.057757142857143,7.395457142857142,8.326414285714284,8.907057142857143,10.557114285714286,12.351414285714284,13.272957142857141,15.376557142857141,12.162671428571429,11.190628571428572,11.0485,10.071814285714286,9.6267,7.904100000000001,5.865828571428572,5.756828571428572,6.467357142857144,7.3577,7.557185714285715,5.593771428571428,6.2707,8.84297142857143,11.773085714285715,13.165585714285713,11.841428571428569,11.868471428571429,11.871471428571429,13.37427142857143,11.613028571428572,9.4705,7.360957142857143,8.277014285714285,10.040000000000001,11.126885714285716,9.084685714285714,8.563385714285713,7.7527,10.760085714285713,11.692071428571428,11.253171428571429,10.134028571428571,9.986942857142855,10.749600000000001,11.927328571428571,10.1178,9.386,7.524400000000001,8.756957142857143,8.729685714285715,7.6663,8.913685714285716,10.3446,9.259042857142859,8.864885714285716,7.639628571428572,8.082485714285713,8.052285714285714,10.060457142857144,11.469042857142856,12.256785714285714,16.047428571428572,18.422085714285714,20.731685714285714,21.43961428571429,17.335471428571427,13.863757142857141,14.892114285714287,11.425771428571426,12.271357142857143,11.248642857142856,10.782971428571427,14.205542857142856,15.050600000000001,13.826614285714285,14.529085714285713,12.929785714285712,12.347285714285716,11.876714285714284,8.1685,6.897614285714285,6.328985714285714,5.508071428571428,4.577471428571428,4.629871428571429,6.966371428571429,9.565757142857143,11.398142857142856,12.974428571428572,13.417271428571429,13.203614285714286,12.474657142857144,11.296942857142858,11.12952857142857,9.220771428571428,7.908557142857143,8.429599999999999,8.39787142857143,8.381342857142856,7.247714285714287,4.8135,4.788328571428571,4.658057142857143,6.438400000000001,8.8903,9.083614285714287,9.060471428571429,9.350085714285713,9.669814285714285,9.826428571428574,6.9245714285714275,4.0945285714285715,3.5631,3.6932000000000005,3.6856571428571425,3.9517999999999995,4.2982,5.09732857142857,5.146757142857142,5.118214285714286,5.009485714285715,4.711971428571429,4.110657142857143,3.5179,2.9979,3.2003142857142857,3.354914285714286,3.5351,3.5067285714285714,3.5463999999999998,3.5464142857142855,3.3629285714285713,3.092157142857143,2.8801,2.849157142857142,2.988985714285714,2.949414285714286,2.8277000000000005,2.6787,2.713314285714286,2.7231,5.081071428571428,5.247342857142857,5.212642857142858,5.231328571428571,5.322842857142857,5.253514285714286,5.213571428571428,2.7034857142857147,2.483414285714286,2.6065714285714283,2.6987857142857146,3.1557,3.2233714285714288,3.691042857142857,3.7126999999999994,4.077914285714285,4.334857142857143,4.337128571428571,3.8996,4.0907857142857145,3.9096857142857147,3.9681000000000006,3.618357142857143,3.307242857142857,3.285585714285714,3.2609999999999997,3.0944000000000003,2.927985714285714,2.9231142857142856,2.8838,3.501714285714286,4.560157142857142,4.5506714285714285,5.345857142857143,6.6470714285714285,8.181042857142858,9.637828571428571,9.323085714285714,8.258014285714285,8.266071428571427,8.26607142857143,7.900314285714286,8.161071428571427,7.014085714285715,7.208285714285714,8.8344,11.113957142857144,11.232800000000001,11.938528571428572,11.103342857142858,12.065985714285716,12.00137142857143,10.768628571428573,8.805642857142855,7.87702857142857,6.207171428571428,5.53457142857143,6.877742857142857,9.126114285714285,11.240385714285713,10.850228571428572,11.065299999999997,12.01865714285714,12.7839,11.77277142857143,11.424414285714287,12.287071428571428,12.468185714285713,14.455985714285715,16.275685714285714,16.25492857142857,18.741142857142854,16.6307,15.732314285714285,17.454571428571427,15.604842857142856,14.282714285714286,18.645128571428568,15.444871428571428,16.632442857142856,18.216671428571427,17.428857142857144,20.131357142857144,21.467028571428568,16.1021,15.427371428571428,17.327042857142857,13.306785714285713,13.051257142857141,10.840614285714286,8.108542857142858,7.9566857142857135,9.844242857142858,6.499314285714285,6.599742857142857,5.780699999999999,4.891657142857143,5.145114285714286,6.541257142857143,5.449385714285714,6.189900000000001,6.761499999999998,8.14912857142857,8.732171428571428,11.55262857142857,13.530614285714288,13.224942857142858,15.638342857142858,15.115757142857145,13.8948,13.456757142857143,13.082499999999998,11.438942857142857,11.438942857142857,10.829214285714286,13.620314285714285,14.812199999999999,15.110514285714284,13.162785714285713,11.505371428571427,11.147742857142857,11.351957142857144,8.639899999999999,7.281142857142856,7.024842857142858,6.524942857142858,7.2738571428571435,8.127114285714287,5.9499571428571425,5.8192571428571425,8.294242857142857,8.3106,7.949271428571429,9.2302,8.197428571428572,7.575042857142857,7.525114285714286,5.119671428571429,6.788328571428572,7.297057142857143,5.157514285714286,5.674214285714286,6.130342857142858,5.998514285714286,6.084957142857143,4.175457142857143,3.764057142857143,3.9508571428571426
154,5.1227,5.1227,7.66695,12.1118,9.67935,8.52038,7.5117666666666665,6.786457142857143,7.197328571428572,8.10957142857143,8.118014285714287,10.078857142857142,10.135742857142858,10.236142857142857,10.206071428571429,9.451314285714286,7.686442857142858,5.274614285714286,3.4480714285714287,4.199428571428571,5.472385714285714,6.300857142857143,8.638842857142858,8.373014285714286,10.818357142857142,11.706985714285716,13.030914285714285,12.447571428571427,12.95854285714286,12.247485714285714,13.049828571428574,10.73027142857143,11.553628571428572,10.012242857142857,9.299314285714287,9.754,8.168957142857142,8.328157142857142,9.695042857142855,8.229114285714285,7.577171428571428,9.102357142857143,9.18002857142857,11.940857142857144,10.953257142857142,10.126442857142859,10.268085714285716,10.920042857142857,10.769942857142857,8.976457142857143,6.799185714285715,9.408028571428572,8.548142857142858,9.430414285714287,8.997242857142856,9.259757142857143,9.166142857142857,8.549728571428572,6.015014285714285,7.740828571428572,7.0433142857142865,6.628071428571428,5.243257142857142,6.954828571428571,8.971885714285714,11.825285714285714,10.8395,11.670999999999998,12.203342857142855,12.479071428571428,10.788528571428571,8.720628571428573,5.824985714285716,5.028300000000001,3.494328571428571,3.810071428571429,3.7446428571428574,4.043971428571429,6.6121,6.855214285714285,7.207714285714287,8.2741,9.323885714285714,10.656057142857145,12.161657142857143,9.667785714285714,9.420414285714285,9.477328571428572,8.765014285714285,8.304442857142858,6.42557142857143,4.702514285714286,4.657542857142857,4.6808,4.351628571428572,5.0082,3.595242857142857,3.857457142857143,6.008342857142858,8.785657142857143,9.566485714285713,9.4751,8.7758,8.770457142857143,9.730599999999999,8.606057142857143,6.599285714285714,5.754528571428572,6.123885714285715,8.049171428571428,8.901642857142857,7.677714285714285,7.266428571428571,6.465071428571428,10.226842857142856,10.954142857142857,10.027828571428572,9.205814285714286,9.291471428571427,9.595471428571427,10.39682857142857,6.951871428571429,5.822785714285715,4.504471428571428,5.293857142857142,5.166199999999999,4.520714285714285,5.862571428571428,7.025014285714286,7.074600000000001,7.0405999999999995,6.207014285714287,6.3105714285714285,6.115514285714286,7.914571428571429,8.336785714285714,8.797985714285714,11.03582857142857,11.70112857142857,12.0724,12.3819,8.464071428571428,6.664928571428571,8.519014285714286,6.342157142857142,8.314042857142857,9.194271428571428,9.096671428571428,12.128042857142857,13.04085714285714,10.991414285714283,11.086228571428569,9.0568,8.158428571428571,7.810557142857142,4.783885714285715,3.8186142857142853,3.5484714285714283,3.453157142857143,3.099614285714286,2.8495,4.887828571428571,7.473342857142858,8.261157142857142,9.127085714285714,9.407757142857141,9.460700000000001,9.345785714285713,7.6992,7.171185714285714,6.415385714285713,5.691785714285714,6.173885714285714,6.117528571428572,6.3372714285714284,6.002428571428572,3.9419142857142857,3.9099285714285714,3.9514142857142853,6.095114285714287,7.687485714285715,7.796728571428572,7.761628571428572,7.906385714285714,8.013157142857143,8.002699999999999,5.081099999999999,3.302657142857143,2.927457142857143,2.950771428571429,2.934414285714286,3.0837,3.3761571428571426,3.807171428571429,3.830985714285714,3.8064285714285715,3.8045,3.6288714285714283,3.341714285714286,2.889657142857143,2.5056428571428575,2.5312142857142854,2.6221714285714284,2.6478,2.6478285714285716,2.675814285714286,2.7091142857142856,2.7091000000000003,2.6159428571428576,2.5166142857142857,2.4910428571428573,2.581942857142857,2.5819857142857146,2.4911,2.4002142857142856,2.408857142857143,2.4014714285714285,4.773285714285714,5.0079,4.981857142857143,4.9998,5.083471428571428,5.073242857142857,5.069585714285714,2.6971142857142856,2.443514285714286,2.512,2.5854571428571433,2.8632,2.8867000000000003,3.157757142857143,3.1577571428571427,3.3753,3.3948000000000005,3.3448,3.0698142857142856,3.1422285714285714,2.9899142857142853,3.014485714285714,2.8142857142857145,2.7546714285714287,2.7997,2.7712,2.7123428571428567,2.676871428571428,2.7024428571428567,2.6769,3.1997571428571425,4.300971428571429,4.261285714285714,5.054085714285715,5.8594,6.671628571428572,7.715214285714287,7.420514285714286,6.314,6.379042857142857,6.020742857142857,5.925085714285714,6.10307142857143,5.349214285714285,5.586714285714286,6.632371428571429,8.035514285714287,8.395314285714287,8.667928571428572,8.512585714285715,9.225585714285714,9.068185714285715,8.320985714285715,6.929271428571427,6.1746285714285705,5.188357142857143,4.612171428571429,5.9959999999999996,7.5903285714285715,9.069899999999999,9.06492857142857,9.001571428571427,9.448457142857142,9.719371428571426,8.514085714285715,8.623957142857144,9.049071428571429,9.081100000000001,10.605414285714286,11.26347142857143,11.78152857142857,14.008485714285714,12.671171428571428,12.03917142857143,13.044985714285714,11.995314285714286,11.938671428571428,14.372857142857143,12.009014285714285,12.24622857142857,13.338214285714287,13.338214285714285,14.650785714285716,14.70744285714286,11.2122,10.248942857142854,10.4745,7.8317571428571435,6.9899000000000004,5.822171428571429,4.749585714285714,4.659385714285714,5.792742857142857,4.651957142857143,4.763042857142858,4.520742857142857,3.9133999999999998,4.032028571428571,5.204957142857142,5.012714285714286,5.633671428571428,5.675057142857143,6.811385714285715,7.152514285714285,9.412385714285714,11.376714285714286,10.48387142857143,12.431214285714287,12.900728571428571,12.164271428571428,11.97147142857143,12.047857142857143,10.271571428571429,10.723371428571427,10.171771428571429,13.062685714285712,13.226085714285716,13.5868,11.808657142857143,10.473157142857145,10.520185714285713,11.492671428571429,8.100514285714285,7.735414285714286,7.630571428571429,7.170114285714285,7.734071428571428,8.090014285714286,5.926171428571428,5.762128571428571,6.703485714285713,6.497471428571428,6.316457142857142,6.934957142857143,6.103185714285715,5.237900000000001,5.246271428571428,4.152742857142857,5.039385714285714,5.236657142857142,4.005828571428571,4.612757142857142,5.051571428571428,5.221871428571428,5.19102857142857,4.081028571428571,3.973714285714286,4.093757142857143
155,10.5101,10.5101,8.93585,10.209533333333333,8.473049999999999,7.784519999999999,6.881483333333333,6.236457142857143,5.881099999999999,6.257942857142857,7.08852857142857,8.338,8.228371428571428,8.336557142857144,8.336557142857144,7.540400000000001,6.715200000000001,4.567428571428571,3.2979285714285713,3.8316285714285714,4.953114285714285,5.341214285714285,7.613128571428571,7.515057142857143,9.411271428571428,10.1078,9.55917142857143,9.13417142857143,10.062085714285715,9.244614285714286,9.529114285714286,7.721742857142857,8.297371428571429,8.658128571428572,8.059700000000001,8.294,6.919028571428571,7.008114285714285,7.7721285714285715,6.655285714285713,6.28,6.8784857142857145,6.208728571428571,8.484442857142858,7.919742857142857,8.767428571428571,9.213357142857143,9.776642857142857,10.065299999999999,9.2426,7.680314285714286,8.486457142857143,6.710042857142857,6.986971428571429,6.356299999999999,6.328114285714285,6.246328571428571,5.508414285714286,4.720728571428571,5.776728571428571,5.091314285714286,4.906428571428572,4.151785714285714,5.379885714285714,7.232599999999999,9.706528571428573,8.752999999999998,9.708257142857141,9.903971428571428,9.918342857142857,8.717985714285714,6.818342857142857,4.4534142857142855,4.252071428571429,2.984085714285715,2.9049,3.008714285714286,3.024842857142857,5.513928571428572,5.874414285714287,6.170285714285716,6.519628571428571,7.507142857142857,8.536742857142857,9.662542857142856,7.392942857142856,6.933857142857142,6.665471428571428,6.6966714285714275,6.408128571428572,5.034700000000001,3.9894142857142856,3.7567,4.117557142857143,4.389957142857143,4.402842857142858,3.5760857142857145,3.7968857142857146,5.239014285714286,7.064014285714285,7.0798000000000005,6.796257142857143,6.412057142857143,6.430814285714286,7.3784,7.622871428571429,6.1728000000000005,5.754157142857143,5.877171428571428,6.758242857142856,6.770728571428571,5.533685714285714,4.583628571428571,4.207714285714286,6.598057142857144,7.521314285714287,7.299457142857142,7.286942857142857,7.241814285714286,7.212685714285715,7.475828571428573,5.258957142857143,4.1916,4.161828571428572,4.216671428571429,4.213028571428572,3.7085857142857144,5.116642857142857,5.257928571428571,5.400514285714286,4.741542857142858,4.657885714285714,4.7006571428571435,4.598928571428572,6.5123428571428565,7.043514285714286,8.285428571428572,9.812585714285714,10.486057142857144,10.512142857142857,10.653899999999998,7.1021857142857145,6.327214285714285,6.405571428571429,4.9491571428571435,5.116642857142858,5.657500000000001,5.5013571428571435,7.347214285714287,7.7359285714285715,6.29892857142857,6.3080428571428575,5.636942857142857,5.093685714285714,4.913542857142858,3.0629714285714287,2.6499857142857146,2.6435857142857144,2.6003,2.5053857142857145,2.5437285714285713,4.230885714285714,6.895071428571428,7.329414285714285,7.858542857142857,7.884085714285716,7.8980571428571436,7.878585714285713,6.498857142857143,5.272385714285714,4.858457142857143,4.440614285714285,5.2900285714285715,5.287714285714286,5.335442857142858,5.063942857142857,3.6223,3.601871428571428,3.556171428571428,4.879385714285715,5.696757142857144,5.863914285714286,5.8619,6.0275428571428575,6.091885714285715,6.133299999999999,3.9565000000000006,3.1105571428571426,2.8198,2.8526714285714285,2.7333,2.7356428571428575,2.882242857142857,3.1864,3.223,3.2411999999999996,3.229742857142857,3.1486142857142854,3.0674285714285716,2.8607714285714287,2.5566999999999998,2.5567142857142855,2.651957142857143,2.6848428571428573,2.715557142857143,2.7463285714285712,2.765685714285714,2.7790428571428576,2.7790285714285714,2.6837857142857144,2.654257142857143,2.7238,2.718042857142857,2.629714285714286,2.557057142857143,2.461142857142857,2.475314285714286,4.341057142857143,4.469114285714285,4.434157142857143,4.4341857142857135,4.476971428571429,4.476971428571429,4.434257142857143,2.512042857142857,2.342628571428571,2.4174714285714285,2.4863428571428576,2.635414285714286,2.678185714285714,2.769685714285714,2.8130142857142855,2.9688285714285714,2.961542857142857,2.9337857142857144,2.7521285714285715,2.7967857142857144,2.7967857142857144,2.7534714285714292,2.596342857142857,2.5691571428571427,2.5969142857142855,2.667057142857143,2.667057142857143,2.6844857142857146,2.728042857142857,2.732957142857143,3.0645714285714285,4.146314285714285,4.107428571428572,4.727757142857143,5.74647142857143,6.336557142857143,7.073042857142857,7.007557142857143,5.8798571428571424,5.922085714285715,5.5867571428571425,4.785785714285715,4.957414285714286,4.435757142857143,4.328628571428572,5.414785714285714,6.107342857142856,6.576828571428572,7.757971428571429,7.9767,8.834342857142857,8.834328571428571,7.829314285714285,7.1898,6.444385714285715,4.978028571428572,4.310828571428571,5.5628714285714285,6.410400000000001,6.965628571428572,6.944357142857143,6.948857142857143,7.043042857142858,6.980971428571429,5.530157142857143,5.849557142857143,5.816642857142858,5.930042857142857,6.360985714285714,7.0670142857142855,7.849471428571428,8.012114285714286,6.836385714285716,6.3981,7.085814285714286,6.6612285714285715,8.013542857142857,10.426971428571429,10.173957142857144,10.806514285714286,11.727271428571427,11.126942857142856,11.861257142857141,10.732714285714284,7.198985714285714,6.780657142857143,6.422514285714286,5.31047142857143,5.916385714285714,5.456085714285714,4.440971428571428,4.491614285714285,5.534,5.082814285714285,5.269242857142857,4.3814142857142855,4.032385714285715,4.165414285714286,5.241585714285715,4.6927142857142865,5.609914285714285,5.609914285714287,6.4163571428571435,6.581314285714285,7.704171428571428,9.45042857142857,8.711257142857143,9.309028571428572,9.427385714285716,8.7886,8.7756,9.218171428571429,6.761342857142856,7.201114285714285,7.443542857142857,9.747014285714286,9.939642857142859,9.9624,9.166971428571427,8.944842857142856,10.319742857142858,10.833257142857141,8.402285714285714,8.258542857142857,8.282428571428571,7.457085714285713,8.126685714285713,6.981328571428571,5.554600000000001,5.565371428571429,6.9195142857142855,6.918357142857142,6.993757142857143,7.257571428571429,6.630999999999999,5.957885714285715,5.768085714285713,4.2166,4.745657142857143,4.778942857142857,3.7972,4.542699999999999,4.7883,4.821571428571429,4.814900000000001,4.287,4.390028571428571,4.293628571428571
156,6.5688,6.5688,6.3581,7.840166666666666,6.480525,5.94862,5.307250000000001,4.8865428571428575,5.093871428571428,7.348071428571429,7.923228571428571,9.682728571428571,9.589271428571427,9.632442857142857,9.638042857142858,8.98552857142857,6.870785714285715,5.339214285714285,3.6463,4.221857142857142,4.783771428571428,5.586428571428571,7.498971428571428,6.933,8.739385714285714,9.54732857142857,8.990042857142857,8.796785714285715,8.806728571428572,7.296142857142857,7.538342857142857,6.054100000000001,6.268485714285715,6.6343000000000005,6.435485714285714,6.848200000000001,6.399142857142857,6.63492857142857,6.5444571428571425,5.9639999999999995,5.640599999999999,6.270271428571428,5.528385714285713,7.014085714285714,6.459328571428571,6.714657142857143,6.2176,6.687657142857143,6.258442857142858,5.773614285714286,4.478257142857143,4.560828571428571,3.8783142857142856,4.309557142857143,3.839514285714286,4.187314285714286,4.2619428571428575,3.9671857142857148,3.9146428571428564,3.933071428571428,3.5495857142857146,3.3991,2.8147285714285712,3.1052142857142857,4.094428571428572,5.271071428571429,5.2190142857142865,5.1747571428571435,5.155128571428571,5.021114285714286,4.672314285714285,3.690957142857143,2.5392714285714284,2.4873857142857143,2.4553714285714285,2.7304142857142857,3.0055,2.9970714285714286,5.4459285714285715,5.612857142857143,5.7012857142857145,6.050600000000001,6.577757142857144,7.564157142857143,8.40517142857143,6.224771428571428,5.9539285714285715,6.020314285714286,5.963071428571429,6.013428571428571,5.130285714285714,4.4209000000000005,4.152571428571429,4.208242857142857,4.722742857142857,4.949657142857143,4.078571428571428,4.504057142857143,5.455357142857143,6.538142857142857,7.165642857142856,6.5397285714285704,6.163042857142857,6.198971428571428,6.260528571428572,6.260528571428572,5.684699999999999,4.964014285714286,5.061914285714286,5.7744,5.776685714285714,4.940028571428571,4.355885714285714,3.848614285714286,5.137371428571428,5.834057142857142,7.033399999999999,7.042371428571428,6.994814285714285,6.819028571428572,6.809357142857143,5.933428571428571,5.094928571428571,3.861614285714286,4.128442857142857,4.092857142857143,3.902685714285714,5.029857142857144,4.664257142857143,4.737514285714286,3.940928571428571,3.6272571428571427,3.685928571428571,3.6926142857142854,5.071599999999999,5.6738,6.804714285714285,8.367157142857142,8.923499999999999,8.9513,8.982414285714286,6.483728571428571,5.896014285714285,5.967785714285715,4.4054142857142855,4.469742857142856,4.467485714285714,4.320042857142857,5.210085714285715,5.232614285714286,4.018257142857143,4.019385714285715,3.495085714285715,3.494014285714286,3.466271428571429,2.5788571428571427,2.551085714285714,2.531414285714285,2.527414285714286,2.4536571428571428,2.4536142857142855,3.1525857142857143,4.451842857142857,4.766742857142857,5.163371428571429,5.180442857142857,5.180442857142857,5.199428571428571,4.547728571428572,3.9156285714285715,3.622514285714286,3.2517,3.5397571428571433,3.5868428571428574,3.828671428571428,3.804228571428571,3.134585714285714,3.1345428571428573,3.1535285714285712,3.7730285714285716,3.9239,3.6836857142857142,3.641242857142857,3.6599285714285714,3.6557,3.6149428571428572,2.668242857142857,2.4583714285714287,2.3759,2.3977428571428567,2.3971714285714287,2.400171428571429,2.4915714285714285,2.723542857142857,2.7243285714285714,2.7507999999999995,2.7392285714285713,2.671685714285714,2.6069999999999998,2.4893857142857145,2.2573714285714286,2.2567428571428576,2.307414285714286,2.334442857142857,2.3463,2.370914285714286,2.4177142857142857,2.4021714285714286,2.3763285714285716,2.2992142857142857,2.2619142857142855,2.2775571428571424,2.2619714285714285,2.1919,2.178471428571428,2.167442857142857,2.1643,3.132614285714286,3.192314285714285,3.189185714285714,3.193871428571428,3.199542857142857,3.197057142857143,3.186714285714286,2.1996857142857142,2.183814285714286,2.2598714285714285,2.339714285714286,2.4550857142857145,2.5282428571428572,2.616828571428571,2.6804142857142854,2.6978,2.6953714285714283,2.6385285714285716,2.5414,2.5584571428571428,2.5651428571428574,2.524142857142857,2.4798142857142857,2.4197428571428574,2.4595285714285713,2.4684142857142857,2.4109142857142856,2.390685714285714,2.422614285714286,2.449585714285714,2.622114285714286,3.546985714285714,3.5268000000000006,3.8944000000000005,4.475542857142857,4.8439000000000005,5.221457142857142,5.100042857142858,4.166314285714285,4.217985714285715,4.160471428571428,3.7578142857142858,3.9339857142857144,3.691114285714286,3.8331714285714287,4.834028571428571,5.379142857142857,5.884328571428571,6.240214285714286,6.411485714285713,6.963657142857142,6.840657142857142,5.921914285714284,5.410128571428571,4.637871428571429,4.046885714285714,3.5656571428571424,4.4374142857142855,5.475585714285715,5.679985714285714,5.677257142857143,5.739314285714286,5.863085714285714,5.926785714285714,5.202285714285714,5.1894285714285715,5.538200000000001,5.593942857142856,5.818728571428571,6.181585714285714,6.938085714285713,6.8711714285714285,5.980714285714286,5.426457142857143,5.575428571428572,5.355914285714285,7.414857142857143,8.984399999999999,9.056642857142856,9.963757142857142,10.954485714285713,10.8098,11.644614285714285,10.161328571428571,7.4804571428571425,6.71112857142857,5.809599999999999,4.700785714285714,5.342214285714285,4.521171428571429,3.504071428571429,3.559357142857143,4.552028571428572,4.341542857142858,4.372971428571429,3.6005857142857143,3.5024285714285717,3.4975,4.569614285714286,4.121085714285714,4.387671428571428,4.677171428571428,5.000528571428572,5.1695142857142855,6.5308142857142855,7.330699999999999,6.989557142857143,7.772742857142856,8.206728571428572,7.918071428571428,7.893585714285713,7.609328571428571,6.113985714285714,6.455128571428572,6.352242857142857,6.643914285714286,6.729414285714285,6.736185714285715,6.325314285714286,5.933571428571429,6.244271428571429,6.409242857142858,5.4935285714285715,5.470985714285715,5.431514285714286,4.7686,5.426657142857143,4.9806857142857135,4.398014285714285,4.505614285714286,4.9872571428571435,4.878728571428572,4.842171428571429,5.210299999999999,4.881828571428572,4.353957142857142,4.3290428571428565,3.896328571428571,4.587571428571429,4.8279,3.976642857142857,4.425585714285714,4.835928571428572,4.765857142857143,4.657228571428571,4.1275,4.218757142857143,4.237685714285715
157,7.4409,7.4409,6.575200000000001,7.4724,6.22405,5.8379199999999996,5.21825,4.821314285714286,5.082714285714286,6.1643,6.611714285714285,8.542685714285714,8.41382857142857,8.538414285714284,8.544014285714285,7.817971428571428,6.545814285714287,5.287171428571429,3.4772285714285713,4.2036999999999995,4.9478,5.739942857142856,7.330085714285714,7.303371428571428,8.785971428571427,10.273471428571428,9.446085714285713,9.360185714285715,9.356657142857143,8.314442857142858,8.400585714285715,7.140228571428572,6.630542857142856,6.948600000000001,6.321142857142858,7.091185714285714,6.407314285714286,6.865571428571428,7.248442857142857,6.525457142857142,6.300542857142857,6.783185714285715,5.7009285714285705,6.819957142857143,6.114742857142858,6.308785714285714,5.941,6.045185714285714,5.685242857142856,5.231842857142857,4.7931857142857135,4.830214285714286,3.902857142857143,4.683414285714286,4.991828571428571,5.555671428571428,5.555942857142857,4.729314285714286,4.634371428571428,4.7953,4.0546999999999995,3.4976999999999996,3.4479,3.7601000000000004,4.126071428571429,4.914771428571429,4.711285714285714,4.711328571428572,4.7219,3.968842857142857,3.6288000000000005,3.3252714285714284,2.553314285714286,2.5319142857142856,2.462828571428571,2.738771428571429,2.979914285714286,2.9807285714285716,4.979971428571429,5.147228571428571,5.218128571428571,5.469928571428572,6.282042857142857,7.210271428571429,7.5171,5.731271428571428,5.491971428571428,5.504842857142857,5.664828571428571,5.734985714285714,4.904442857142857,4.589985714285715,4.316185714285714,4.327228571428572,4.793928571428572,5.0814,3.8858,4.349971428571428,4.729671428571429,5.5563142857142855,6.089257142857143,5.523128571428571,4.8762428571428575,4.8939571428571425,5.4554857142857145,6.030099999999999,5.270785714285714,4.6895999999999995,4.703,5.462342857142857,5.467771428571427,4.094157142857143,3.7478285714285713,3.685542857142857,4.8269142857142855,5.631285714285714,6.1168,6.259042857142857,6.2134,5.832571428571429,6.168642857142857,5.0917,4.294071428571429,3.655785714285714,4.055071428571429,4.055757142857143,3.8191142857142855,4.1365428571428575,4.482399999999999,4.4713,3.8226285714285715,3.2670285714285714,3.324614285714286,3.5114285714285716,4.197971428571429,4.1028,4.934728571428571,6.696357142857143,6.736585714285715,6.715000000000001,6.611071428571429,5.281757142857144,4.983928571428571,5.019357142857144,3.277328571428572,3.5247857142857137,3.614571428571428,3.5440714285714283,3.924214285714285,3.9652,3.117971428571429,3.1003999999999996,2.8524285714285718,2.792214285714286,2.7545,2.373285714285714,2.3614857142857137,2.360442857142857,2.347914285714286,2.3272857142857144,2.3260285714285707,2.5717,2.951828571428571,2.993171428571429,3.2895857142857143,3.2895857142857143,3.2887999999999997,3.2695714285714286,3.0841142857142856,3.067542857142857,3.037585714285714,2.7854142857142854,3.165542857142857,3.209828571428571,4.062942857142857,4.009128571428572,3.6455714285714285,3.6007857142857143,3.6011571428571427,3.9442,4.229542857142857,3.4152142857142858,3.454742857142857,3.472214285714286,3.5391857142857144,3.5161285714285717,2.790357142857143,2.4695428571428573,2.4281571428571427,2.4046,2.4087,2.395971428571429,2.5301,2.759485714285714,2.7481000000000004,2.7895999999999996,2.8352142857142857,2.793485714285714,2.7457142857142856,2.5698428571428567,2.3228714285714287,2.3227714285714285,2.2812571428571427,2.240285714285714,2.226942857142857,2.2270428571428575,2.2446,2.2980714285714288,2.2981714285714285,2.267285714285715,2.2626,2.2759857142857145,2.2759571428571426,2.2468285714285714,2.1818,2.1609428571428575,2.1778000000000004,2.5930714285714282,2.6576,2.6983142857142854,2.706657142857143,2.741542857142857,2.7483428571428568,2.7415142857142856,2.332,2.3036,2.2921714285714287,2.365614285714286,2.8063428571428566,2.7912714285714286,2.8739428571428576,2.919771428571429,2.9555571428571423,2.9555714285714285,2.964728571428572,2.5708999999999995,2.6934571428571425,2.6934571428571425,2.660485714285714,2.6246857142857145,2.6704857142857144,2.6602285714285716,2.6271428571428572,2.5509,2.5442428571428573,2.5250142857142857,2.505728571428572,2.507171428571428,4.182914285714285,4.161714285714286,4.496185714285715,5.1609,5.636871428571429,5.989185714285715,5.991342857142858,4.263457142857143,4.2645,4.139214285714286,3.826214285714286,4.040571428571429,3.7560714285714285,3.8880000000000003,4.756142857142857,5.446414285714286,5.939914285714286,6.252928571428571,6.283114285714285,6.7328,6.613914285714286,5.814171428571428,5.192300000000001,4.523657142857143,3.803,3.220842857142857,3.7042428571428565,4.972971428571428,5.161014285714287,5.110514285714285,5.558314285714286,5.923285714285716,5.875185714285714,5.351214285714286,5.049842857142857,5.819242857142858,6.097671428571428,5.861742857142858,5.7933,6.518928571428573,6.703985714285715,6.038485714285715,5.169200000000001,5.672057142857143,5.498414285714285,7.323914285714285,8.535942857142857,8.491942857142858,9.0968,10.041785714285714,9.332657142857144,10.05844285714286,8.752428571428572,6.682542857142857,6.1526571428571435,5.261428571428572,4.1996142857142855,4.781642857142857,4.21,3.3902,3.437357142857143,4.391100000000001,4.2984857142857145,4.288971428571428,3.5914571428571427,3.377471428571429,3.4116571428571425,4.509114285714285,4.284228571428572,4.631714285714287,4.775714285714286,5.120185714285715,5.482799999999999,6.626142857142857,8.558157142857143,8.059014285714285,8.832328571428572,9.915614285714286,9.626785714285715,9.405514285714286,9.334542857142855,6.571000000000001,6.818385714285715,6.818385714285715,6.673342857142858,6.838557142857143,6.841214285714286,6.474114285714286,6.232271428571429,6.962685714285714,7.169071428571428,6.239485714285714,6.250585714285713,6.138828571428571,5.4491571428571435,5.706585714285714,5.078342857142857,4.225942857142857,4.292185714285714,5.131628571428571,5.259985714285714,5.214685714285715,5.9740142857142855,5.335928571428572,4.898714285714285,4.856128571428571,4.0304714285714285,4.101285714285715,4.281285714285715,3.4553285714285713,3.7359571428571425,4.3903428571428575,4.229628571428571,4.089285714285714,3.873471428571428,4.027271428571428,3.8779
158,7.9908,7.9908,7.13305,8.677766666666667,7.07835,6.407439999999999,5.684533333333333,5.190757142857143,5.194071428571429,5.769585714285715,5.517071428571429,6.830528571428571,6.805542857142858,6.906300000000001,6.93797142857143,6.371428571428573,5.601657142857143,4.548171428571429,3.299657142857143,4.0074,5.189614285714286,5.984499999999999,7.369,7.509442857142858,8.7325,9.486685714285713,8.662714285714285,7.662299999999999,7.662271428571428,6.844299999999999,7.002328571428572,6.547071428571429,6.782414285714286,6.974914285714285,6.927485714285714,7.320971428571428,6.666785714285715,6.997314285714286,6.580671428571429,5.784185714285714,5.756742857142858,6.588100000000002,5.725728571428571,6.4825,5.590728571428571,6.5533,6.336442857142856,6.618428571428572,6.399014285714286,6.102842857142858,5.655928571428572,5.774885714285714,4.471857142857143,5.2498571428571426,5.028414285714285,5.0304714285714285,4.9562857142857135,4.535542857142857,4.358957142857142,4.827285714285714,4.0866,3.8033714285714284,3.675657142857143,4.230757142857143,4.433985714285714,5.0990714285714285,4.641414285714285,5.118842857142857,5.128385714285714,4.577471428571428,4.060328571428571,3.857585714285715,3.142057142857143,3.0484714285714287,2.4846571428571425,2.603971428571429,2.475214285714286,2.4703142857142857,4.0824428571428575,4.257,4.2856,4.348085714285714,5.219414285714286,6.3123,6.305057142857143,4.7149,4.5124571428571425,4.688614285714286,5.565428571428571,5.792985714285714,4.969942857142857,4.996857142857143,4.932042857142858,4.980628571428572,5.335071428571429,5.0197714285714286,3.799257142857143,4.034585714285714,4.400857142857142,5.431985714285714,5.691,5.151885714285714,4.654428571428572,4.660157142857143,7.019871428571428,7.393042857142857,6.3706000000000005,6.047457142857143,6.372371428571428,7.074071428571428,7.078242857142857,4.3572999999999995,4.130757142857142,4.122057142857143,6.263328571428572,6.680857142857143,6.9033428571428574,7.0232,6.829757142857143,7.1013714285714284,7.543928571428571,5.486328571428571,4.709485714285714,4.713500000000001,5.390142857142856,5.3907,4.598542857142858,4.521428571428571,4.489485714285714,4.506228571428571,3.4963142857142864,2.6746142857142856,2.735514285714286,2.8602142857142856,3.0737857142857146,3.1058142857142856,3.9473285714285713,5.7689571428571425,5.8179428571428575,5.773785714285714,5.947971428571428,5.4033,5.377357142857142,5.856800000000001,4.023885714285714,4.499471428571428,4.565985714285714,4.267528571428571,4.911771428571428,4.926114285714285,3.667042857142857,3.685457142857143,3.2143,3.1956428571428575,3.1509285714285715,2.5083428571428574,2.4976714285714285,2.483657142857143,2.467028571428571,2.4591285714285713,2.760142857142857,2.9754571428571426,3.5648142857142857,3.7077285714285715,3.9791142857142856,3.9964857142857144,3.9323142857142854,3.6391999999999998,3.5137571428571435,3.4929285714285716,3.3597285714285716,3.105571428571429,3.8895000000000004,4.0023285714285715,4.7883000000000004,4.745085714285715,4.156214285714285,4.153357142857143,4.194242857142856,4.182814285714286,4.302128571428571,3.5304,3.508085714285714,3.5327142857142855,3.554057142857143,3.5214571428571424,2.7426142857142857,2.5639285714285713,2.5673285714285714,2.5450857142857144,2.5463428571428572,2.5286428571428567,2.5529714285714284,2.619757142857143,2.6590285714285713,2.6403000000000003,2.6879142857142857,2.668914285714286,2.6688,2.6256571428571425,2.554542857142857,2.5152428571428564,2.554414285714286,2.558242857142857,2.5290571428571424,2.529185714285714,2.529314285714286,2.5696000000000003,2.595342857142857,2.527,2.5426571428571427,2.5718,2.5717999999999996,2.540985714285714,2.467457142857143,2.409728571428571,2.4757714285714285,2.9385285714285714,2.976057142857143,2.9869999999999997,2.9857,3.0141571428571425,3.069785714285714,2.994457142857143,2.483942857142857,2.4131,2.4162571428571433,2.4866571428571427,2.5662,2.5046142857142857,2.551885714285714,2.5519000000000003,2.6241714285714286,2.624128571428571,2.624757142857143,2.589042857142857,2.7037714285714283,2.7338857142857145,2.7611571428571433,2.7351428571428573,2.7340571428571425,2.690271428571428,2.6622714285714286,2.5965285714285713,2.587957142857143,2.595342857142857,2.545328571428571,2.564,2.8546857142857145,2.830657142857143,3.1062428571428575,3.5399285714285713,3.8238857142857148,4.249542857142857,4.249542857142857,3.966214285714286,4.009671428571428,3.7894857142857137,3.596771428571429,3.963628571428571,3.6414142857142857,3.687914285714286,4.472085714285715,4.710928571428572,5.431257142857143,5.608042857142857,5.118842857142857,5.523814285714286,5.513857142857142,4.795385714285715,4.594385714285714,3.8508,3.4050857142857147,3.4050857142857147,4.002414285714286,5.002857142857143,5.002942857142857,4.896457142857143,5.0663857142857145,5.157485714285714,5.072171428571429,4.2919285714285715,3.905928571428572,4.393971428571429,4.522971428571429,4.581428571428572,4.4749,5.182714285714285,5.576971428571428,5.058657142857143,4.868757142857143,4.942371428571429,4.835228571428571,5.945057142857142,6.634657142857143,6.1812142857142875,7.089285714285714,7.795257142857143,7.7097999999999995,8.393085714285714,8.130257142857142,6.6000571428571435,6.448185714285714,5.572557142857144,4.501014285714286,5.054628571428571,4.277171428571429,3.401728571428571,3.435314285714285,3.4121857142857146,3.1535428571428574,3.1275714285714287,2.4340857142857146,2.3297285714285714,2.3461,3.2076,3.280071428571428,3.638542857142857,3.7912571428571433,4.057314285714286,4.650714285714286,5.516957142857144,7.326314285714285,7.418942857142858,7.946028571428571,9.19072857142857,8.960571428571429,8.528971428571428,8.877314285714286,6.369000000000001,6.8746285714285715,7.122057142857143,7.0288571428571425,7.180642857142858,7.198014285714287,7.221214285714287,7.049357142857143,7.574385714285714,7.796271428571428,6.648428571428572,6.650428571428571,6.579485714285714,5.3688142857142855,5.583257142857142,4.8007,4.060899999999999,4.116271428571428,4.993857142857143,4.900342857142857,4.878814285714285,5.479685714285714,5.065757142857143,4.575057142857142,4.517114285714285,3.679242857142857,4.0556,4.0602857142857145,3.3371285714285714,3.470628571428571,3.890185714285714,3.742,3.5540285714285713,3.1776714285714287,3.3789857142857143,3.4451571428571426
159,9.2985,9.2985,6.7663,8.879199999999999,7.264825,6.6587000000000005,5.899816666666667,5.391771428571429,5.271942857142858,6.6516714285714285,6.079114285714286,7.713057142857143,7.606414285714285,7.771085714285713,7.796385714285713,7.086085714285714,6.042714285714285,5.241371428571427,3.7596857142857147,3.9686,5.496142857142857,6.1455714285714285,7.483642857142857,7.141571428571429,8.100314285714287,8.739671428571429,8.4453,7.083842857142857,7.520714285714287,6.8274,7.3741142857142865,6.909114285714286,7.132671428571429,7.302214285714287,7.198128571428571,7.202685714285713,6.44792857142857,6.7111285714285716,6.553442857142857,5.783471428571429,5.797785714285714,6.479599999999999,5.625271428571429,6.379928571428572,5.3714,5.839471428571429,5.6488571428571435,5.888014285714286,5.2581428571428575,5.0369,4.561314285714285,4.543671428571429,3.6242285714285707,3.890999999999999,3.459185714285714,4.104242857142857,4.032342857142857,3.746514285714285,3.7421,3.892528571428571,4.077271428571429,3.988242857142857,3.801285714285714,4.4836857142857145,4.665014285714285,5.046457142857142,4.895257142857142,4.605985714285715,4.6252571428571425,3.9219857142857144,3.2675428571428573,3.191657142857143,2.7899000000000003,2.7382428571428576,2.5336142857142856,2.8259,2.8497999999999997,3.0811999999999995,4.256157142857143,4.256142857142857,4.275371428571429,4.275385714285714,5.0802000000000005,5.867685714285714,5.635414285714285,4.796885714285715,4.745557142857144,5.022342857142857,5.824685714285715,5.821885714285714,5.568614285714284,5.604157142857143,5.1248,5.162857142857143,5.684228571428571,5.664642857142858,4.5801,4.8341714285714295,5.347442857142858,6.316828571428571,6.597085714285714,5.7783428571428574,5.713571428571428,5.734442857142858,7.0655857142857155,7.125771428571428,6.1501714285714275,5.813257142857144,5.937671428571429,6.007942857142857,5.999242857142856,3.9866857142857137,4.093942857142857,4.110057142857143,5.250342857142857,5.561685714285715,5.808457142857144,6.201157142857142,6.0244285714285715,5.6631857142857145,6.446257142857142,5.358585714285715,4.900228571428571,5.219742857142857,5.1167428571428575,5.117171428571429,4.772771428571429,4.403971428571429,4.404314285714286,4.393057142857144,3.048028571428571,2.7488428571428574,2.812757142857143,3.350342857142857,3.551285714285714,3.5891857142857146,4.4409,5.919128571428572,5.950499999999999,5.9044285714285705,5.4975000000000005,4.881014285714286,4.851814285714286,4.704085714285715,3.2134571428571426,3.221971428571429,3.2690714285714284,3.174071428571429,3.8444,3.8497857142857135,3.2058142857142857,3.203142857142857,3.1905142857142854,3.1928857142857145,3.1233285714285715,2.4563857142857146,2.452814285714286,2.453457142857143,2.4525857142857146,2.434657142857143,2.524142857142857,2.5922571428571426,3.021557142857143,3.0746285714285717,3.131757142857143,3.1560857142857146,3.088857142857143,2.980671428571429,2.9794000000000005,3.0290142857142857,2.9526000000000003,2.8850428571428575,3.1404571428571435,3.212914285714286,3.5265285714285715,3.5083142857142855,3.029357142857143,3.0622142857142856,3.7027285714285716,3.9983,4.180885714285714,3.9324571428571424,3.927428571428571,3.9224142857142854,3.931828571428571,3.3033142857142854,2.683642857142857,2.445557142857143,2.3487999999999998,2.3036571428571433,2.278,2.232657142857143,2.2345857142857146,2.321028571428571,2.321042857142857,2.3405857142857145,2.3478285714285714,2.373414285714286,2.3611714285714283,2.307471428571428,2.2193857142857145,2.2193857142857145,2.199857142857143,2.175414285714286,2.1130714285714287,2.105771428571429,2.107271428571429,2.1824285714285714,2.1824285714285714,2.1652142857142858,2.2252285714285716,2.262,2.280442857142857,2.2738571428571426,2.1807857142857143,2.1903285714285716,2.2472857142857143,3.013057142857143,3.0778571428571433,3.0991571428571425,3.145314285714286,3.249014285714286,3.2344000000000004,3.2041714285714287,2.405128571428571,2.3237142857142854,2.3526285714285713,2.3443428571428577,2.268042857142857,2.268042857142857,2.253442857142857,2.272585714285714,2.344457142857143,2.351685714285714,2.3947857142857143,2.4814000000000003,2.572257142857143,2.673442857142857,2.673428571428572,2.608128571428572,2.5733,2.526085714285714,2.458585714285714,2.401471428571429,2.3473571428571427,2.361542857142857,2.361942857142857,2.3636714285714286,2.5000571428571425,2.5007857142857146,2.7723714285714287,3.0306428571428574,3.5301142857142858,4.218371428571428,4.2175714285714285,4.0945285714285715,4.128271428571429,3.933871428571429,3.730471428571429,3.589171428571429,2.933214285714286,2.9665571428571424,3.776214285714286,3.7966428571428574,4.103585714285714,4.419528571428572,4.858657142857143,5.321114285714286,5.275042857142857,4.616485714285714,4.648185714285715,4.332828571428571,3.9619857142857144,3.2279428571428572,3.8461,4.657357142857143,5.079171428571428,4.960985714285714,4.979100000000001,5.638114285714286,5.658185714285715,4.870685714285714,5.1054571428571425,4.685900000000001,5.024128571428571,5.0261571428571425,4.360557142857143,4.985585714285714,4.963514285714285,4.223542857142857,4.663085714285715,4.589814285714287,4.628728571428572,6.030900000000001,6.6369,6.511099999999999,7.302028571428571,7.793342857142856,7.6335,8.317514285714285,7.672457142857143,6.31222857142857,6.2473142857142845,5.390171428571428,4.311914285714286,4.6543,3.910471428571429,3.1646571428571426,3.188157142857143,3.1136285714285714,2.841028571428572,2.839142857142857,2.4019285714285714,2.3390999999999997,2.4928999999999997,3.4591000000000003,3.603971428571429,3.9899714285714287,4.361614285714286,4.400328571428571,4.5793857142857135,5.224200000000001,6.801128571428571,6.941657142857143,7.591328571428571,8.299728571428572,8.2998,8.278614285714287,8.49687142857143,6.125000000000001,6.472142857142857,6.503514285714286,6.658142857142857,6.824914285714287,6.834571428571429,6.620914285714286,6.443399999999999,7.070742857142856,7.299785714285714,6.212557142857143,6.174671428571429,6.1098,5.3448142857142855,5.5676,4.743557142857143,3.9984571428571427,4.0125714285714285,4.676814285714285,4.562314285714286,4.499428571428571,5.101642857142857,4.6398,4.093057142857143,3.907428571428571,3.2817142857142856,3.6424857142857143,3.6424857142857143,2.8252857142857146,3.0339428571428573,3.661885714285714,3.661871428571428,3.470357142857143,3.1095714285714284,3.318228571428571,3.4568857142857143
160,8.0284,8.0284,6.526,7.9737,6.6227,6.0893,5.4315,5.010342857142858,5.236757142857143,6.6014285714285705,6.327242857142857,8.148771428571429,8.119,8.348285714285714,8.3642,7.602457142857143,6.591814285714286,5.749128571428572,4.0958000000000006,4.463314285714286,5.940599999999999,6.772985714285715,9.203657142857143,8.743585714285715,9.745514285714284,10.307057142857143,9.840114285714284,8.55917142857143,8.499085714285714,6.599871428571428,7.135142857142857,6.498557142857144,6.5476,6.738700000000001,6.553485714285714,6.914014285714286,6.361514285714286,6.360514285714286,6.280714285714285,5.7396714285714285,6.258557142857143,6.857957142857144,5.959271428571429,6.51167142857143,5.793442857142857,6.556285714285714,6.334471428571428,6.03632857142857,5.495214285714285,5.2889285714285705,5.291857142857142,5.301771428571429,4.225257142857143,4.242185714285714,4.064185714285714,4.012228571428572,3.929485714285715,3.191842857142857,3.1624857142857143,3.5725428571428566,4.886814285714285,4.611085714285714,5.388799999999999,5.780142857142857,5.968314285714286,6.509585714285714,6.2881285714285715,4.997228571428572,4.953357142857143,4.2192,3.861771428571429,4.411657142857143,3.834171428571428,3.5750571428571427,3.5150857142857146,3.7361857142857144,3.5658142857142856,3.9679571428571427,4.204585714285714,4.196,4.3048,4.304814285714286,5.16557142857143,5.885857142857143,5.505985714285715,5.139685714285713,5.079171428571428,5.295299999999999,6.0127999999999995,5.727028571428571,5.535842857142856,5.513599999999999,4.8465,4.893657142857143,5.707714285714286,5.547928571428571,4.749614285714286,4.941285714285714,5.423228571428571,6.599000000000001,6.779114285714286,5.642657142857142,6.94602857142857,7.327771428571428,9.41692857142857,9.199914285714286,8.0241,7.782400000000001,7.8144285714285715,6.736728571428571,6.36757142857143,3.7746142857142857,4.3067142857142855,4.532442857142857,5.616528571428572,5.631685714285715,5.850700000000001,6.1272,5.772714285714286,5.802,6.418614285714286,5.350357142857143,5.2677,5.200642857142857,5.290557142857142,5.290399999999999,4.418642857142857,4.373399999999999,4.373399999999999,4.357499999999999,3.6170714285714283,3.212585714285715,3.246771428571429,4.696185714285714,4.179485714285714,4.219842857142857,4.737057142857142,5.9781571428571425,5.9998,5.981542857142857,4.6793571428571425,4.411314285714285,4.410728571428572,5.163785714285715,3.732385714285715,3.8595714285714284,3.898028571428572,3.808328571428572,4.038628571428572,4.051842857142857,2.850514285714286,2.8286714285714285,2.716371428571428,2.7192000000000003,2.6523714285714286,2.363585714285714,2.3001142857142858,2.246157142857143,2.2431857142857146,2.2422714285714287,2.2610428571428574,2.3305857142857143,2.5938000000000003,2.653914285714286,2.8054857142857146,2.8161857142857145,2.752,2.691042857142857,2.669642857142857,2.4748571428571426,2.4091142857142853,2.257542857142857,2.7319,2.7591,3.1698285714285714,3.1785428571428573,3.1499428571428574,3.2049285714285713,3.6088,3.686628571428571,3.7301428571428565,3.3878,3.3530571428571427,3.3618714285714284,3.3787428571428566,3.0339142857142853,2.4160142857142857,2.339528571428571,2.255857142857143,2.226842857142857,2.215185714285714,2.1576714285714287,2.133557142857143,2.1492428571428577,2.154628571428572,2.169057142857143,2.1834714285714285,2.162042857142857,2.162042857142857,2.1262857142857143,2.1159285714285714,2.1249857142857143,2.125,2.1107,2.0799714285714286,2.0800428571428573,2.071,2.130342857142857,2.1159285714285714,2.1015714285714284,2.1846714285714284,2.2368999999999994,2.2367999999999997,2.2310285714285714,2.1658999999999997,2.1654714285714283,2.219185714285714,2.4538,2.4863571428571434,2.525742857142857,2.604214285714286,2.7070000000000003,2.7190857142857143,2.6769857142857143,2.384528571428571,2.311328571428571,2.2692142857142854,2.202785714285714,2.1866857142857143,2.1747,2.1747142857142854,2.1610571428571426,2.251785714285714,2.330285714285714,2.330342857142857,2.3221428571428575,2.424842857142857,2.5212000000000003,2.534871428571428,2.4441428571428574,2.4320142857142857,2.4845,2.460185714285714,2.411585714285714,2.360042857142857,2.389828571428571,2.4692285714285718,2.483285714285714,2.5605,2.5512000000000006,2.609314285714286,2.664414285714286,2.9219,3.0363571428571428,2.9703714285714287,2.9101285714285714,2.891685714285714,2.8913857142857142,2.882557142857143,2.627342857142857,2.4770142857142856,2.5442428571428573,3.2360571428571427,3.301085714285714,4.083357142857143,4.321485714285714,4.976814285714285,5.547114285714285,5.4657857142857145,4.931414285714285,4.966500000000001,4.186857142857143,3.960185714285714,3.6480857142857137,4.028528571428572,4.749871428571429,4.629742857142857,4.514442857142857,4.695257142857143,5.03757142857143,4.768185714285714,3.9596142857142858,4.232171428571428,4.353942857142857,5.151585714285714,5.713957142857143,5.317814285714285,5.919885714285714,5.919885714285714,5.771385714285715,5.868614285714286,5.8511999999999995,5.331257142857142,6.559414285714285,6.969171428571428,6.9083428571428565,7.194057142857143,7.999699999999999,7.249357142857143,7.769285714285713,6.867057142857143,5.734771428571428,5.729585714285714,4.937600000000001,3.8469857142857147,3.9595857142857147,3.2258714285714283,2.8711999999999995,2.891985714285714,2.8400857142857143,2.5070142857142854,2.5339428571428573,2.4187714285714286,2.3332,2.668942857142857,3.722757142857143,3.8912714285714287,4.552357142857143,4.720871428571429,4.746942857142857,5.326228571428572,5.817671428571428,7.806514285714286,8.426128571428572,8.614557142857143,9.482157142857144,9.497371428571428,9.100771428571429,9.335657142857142,6.482185714285714,6.5628714285714285,6.839842857142857,7.065785714285716,7.241485714285716,7.264985714285714,7.065900000000001,6.906014285714286,6.795742857142857,7.0335857142857146,5.908828571428572,5.907571428571429,5.738571428571428,5.097814285714286,5.290785714285714,4.793057142857143,4.094957142857143,4.158857142857142,5.384628571428571,5.459614285714286,5.460971428571428,6.335157142857144,6.104457142857143,5.456271428571428,5.250914285714286,4.025142857142858,4.607257142857144,4.427328571428572,3.4428142857142854,3.6122,4.062271428571429,4.062285714285715,3.8837000000000006,3.2266000000000004,3.409885714285714,3.507042857142857
161,11.0866,11.0866,8.0518,8.701133333333333,7.20395,6.634780000000001,5.884883333333334,5.3970142857142855,4.910228571428571,6.617071428571429,6.3315,7.721485714285714,7.5707571428571425,7.793999999999999,7.842071428571427,7.352557142857142,6.245214285714285,5.630542857142856,4.445685714285714,4.5906714285714285,6.072657142857143,7.0085428571428565,8.565057142857142,8.395557142857143,10.30862857142857,10.552200000000001,10.462428571428571,9.474157142857143,9.5096,8.437828571428572,7.9169285714285715,6.6185857142857145,7.3393,7.417257142857143,6.945657142857143,7.117299999999999,6.499171428571429,7.0195,6.613685714285714,5.779342857142857,6.945799999999999,7.764585714285714,6.824085714285714,7.496114285714285,6.783242857142857,7.3825714285714295,7.047085714285714,5.885628571428572,5.6592714285714285,5.460885714285714,5.596185714285715,5.576357142857143,4.644785714285715,4.660400000000001,5.482228571428572,5.376857142857142,5.311285714285715,4.3692714285714285,4.634714285714287,5.375871428571429,6.140085714285715,5.115885714285715,5.779800000000001,6.586671428571429,6.867442857142857,8.3064,8.306557142857143,7.511642857142858,7.4584,6.128985714285714,5.3461,5.8686428571428575,4.100071428571429,3.290914285714286,3.2834857142857143,3.5739000000000005,3.8347,4.179428571428572,4.1826,4.190957142857143,4.532814285714286,4.524500000000001,5.2476714285714285,5.760814285714285,5.407457142857143,4.951728571428572,4.895171428571429,4.823514285714286,5.746185714285714,5.520885714285714,5.520885714285714,5.512099999999999,5.1608285714285715,5.205742857142858,6.1313571428571425,5.888042857142858,5.084257142857143,5.257585714285715,6.023385714285714,7.207714285714284,7.310642857142858,6.116642857142857,7.291914285714285,7.608957142857143,9.608885714285716,8.946057142857143,7.7408,7.579885714285714,7.599500000000001,6.440328571428572,6.102385714285715,3.2615857142857143,3.6214000000000004,4.116357142857143,5.256928571428572,5.222700000000001,5.273414285714286,5.683728571428572,5.493414285714286,5.695142857142857,6.200385714285715,5.093814285714285,5.0766285714285715,5.367114285714286,5.362128571428571,5.362799999999999,4.659457142857143,4.1327,4.117842857142857,4.099457142857142,3.151485714285714,2.807271428571429,2.8467,3.682414285714285,3.2668142857142857,3.3134142857142854,3.5245714285714285,4.5081428571428575,4.436185714285714,4.415171428571428,3.772271428571428,3.770057142857143,3.7679857142857145,5.072157142857143,4.017328571428572,4.089300000000001,4.135471428571429,3.988814285714285,4.1011,4.102714285714285,2.6519142857142852,2.6315571428571425,2.6111571428571425,2.5963142857142856,2.5310285714285716,2.333142857142857,2.267885714285714,2.2165142857142857,2.188785714285714,2.1680571428571427,2.188514285714285,2.2822285714285715,2.4416857142857142,2.4717857142857147,2.602242857142857,2.5785714285714287,2.543757142857143,2.5016571428571432,2.421828571428571,2.355971428571429,2.325871428571429,2.181557142857143,2.261242857142857,2.296328571428571,2.677942857142857,2.724471428571429,2.6813285714285713,2.6952142857142856,3.0129714285714284,3.3585571428571432,3.3811571428571425,3.052785714285714,3.0079285714285713,3.0133,3.032514285714286,2.7706142857142857,2.3374142857142854,2.2648,2.182957142857143,2.1676,2.1274,2.109857142857143,2.0697,2.0807142857142855,2.086457142857143,2.1018142857142856,2.1018,2.1017571428571427,2.1017571428571427,2.101585714285714,2.1001714285714286,2.1098142857142856,2.1002,2.100214285714286,2.0575857142857146,2.059057142857143,2.059071428571429,2.1672714285714285,2.1576285714285715,2.1519714285714286,2.176857142857143,2.2598,2.2583142857142855,2.2465,2.122242857142857,2.1267857142857145,2.149557142857143,2.521785714285714,2.5525285714285713,2.591528571428572,2.627185714285715,2.6507,2.6507285714285715,2.638271428571428,2.2804285714285712,2.2043142857142857,2.160285714285714,2.1314,2.1188857142857147,2.1188571428571428,2.1187714285714287,2.0909142857142857,2.103657142857143,2.1942,2.1942,2.1942142857142857,2.287057142857143,2.3646,2.3635142857142855,2.3507857142857143,2.2986857142857144,2.2986714285714283,2.3371142857142857,2.320857142857143,2.3247,2.3611571428571425,2.3877142857142855,2.342057142857143,2.8651142857142857,2.8530857142857142,2.876985714285714,2.8960999999999997,3.1454857142857144,3.2265285714285716,3.2339857142857142,2.710171428571428,2.689442857142857,2.6644857142857146,2.9583714285714287,2.7621714285714285,2.6910857142857147,2.7274,3.049285714285714,3.0541428571428573,3.5966285714285715,3.523357142857143,3.6925571428571433,3.9771571428571426,3.939828571428571,3.797414285714286,3.8903571428571424,3.3758142857142857,3.155785714285714,3.743657142857143,4.303414285714285,5.187828571428571,5.123128571428572,5.0222,5.342142857142858,5.904700000000001,5.188614285714286,4.642114285714285,4.6990285714285704,4.714271428571429,5.559100000000001,5.983057142857143,5.3547,5.988828571428571,5.778928571428571,5.076999999999999,7.101942857142857,7.1019571428571435,6.787657142857142,8.155357142857143,8.595671428571427,8.609457142857142,9.503942857142857,8.482871428571428,7.653299999999999,7.966057142857141,7.410457142857142,6.31387142857143,6.304857142857142,5.564314285714286,5.080828571428571,5.273085714285715,4.486671428571428,3.6622,3.613114285714286,3.5397571428571433,3.151542857142857,2.5578142857142856,2.4056428571428574,2.3674,3.2464000000000004,4.2584285714285715,4.486514285714286,5.574142857142857,5.740899999999999,5.72612857142857,6.625342857142856,6.580957142857143,8.13537142857143,8.922828571428571,8.806857142857144,9.492242857142857,9.671771428571429,8.974042857142857,9.096528571428571,6.672485714285713,6.217042857142856,6.374499999999999,6.411885714285716,6.4113999999999995,6.392971428571428,6.562814285714286,6.41487142857143,6.881928571428571,7.654042857142857,6.974685714285713,7.0250571428571424,7.058385714285714,6.696057142857143,6.9869,6.149957142857143,4.858199999999999,4.999871428571429,5.7713142857142845,5.813557142857142,5.382571428571429,6.247685714285715,6.055414285714286,5.679157142857143,5.340385714285714,4.367242857142857,5.046785714285714,4.927814285714286,3.9641000000000006,4.1596142857142855,4.331928571428572,4.3319857142857146,4.4987,3.682857142857143,3.7201285714285715,3.7215428571428575
162,9.5288,9.5288,7.2739,7.5250666666666675,6.629550000000001,6.177020000000001,5.524716666666667,5.11417142857143,4.960185714285714,6.703428571428572,6.500142857142857,7.309414285714285,7.283242857142858,7.490371428571429,7.642085714285714,7.043557142857142,6.761385714285715,6.436,5.812485714285714,5.823542857142857,6.965128571428571,7.807385714285714,8.824442857142857,8.077685714285714,9.788857142857143,10.158657142857143,10.029285714285717,9.82977142857143,9.80877142857143,9.329757142857144,8.516542857142857,6.669542857142858,6.696557142857143,6.688885714285715,5.762185714285715,5.749957142857142,5.038514285714286,6.058999999999999,6.297914285714286,5.755985714285714,7.549657142857143,8.149657142857142,7.412228571428571,8.1227,6.910757142857142,7.967199999999999,7.708842857142857,6.047385714285714,6.3890714285714285,6.194371428571428,6.6425,6.623171428571429,5.244642857142857,5.2880714285714285,6.115728571428571,5.345771428571429,5.373785714285714,4.114242857142857,4.576657142857143,5.328028571428571,5.715685714285714,4.5933142857142855,5.810471428571428,6.736428571428571,7.039728571428571,7.315928571428572,7.533442857142857,7.113014285714286,7.148671428571428,5.578514285714285,4.581771428571429,5.090271428571429,4.298885714285715,3.2726,3.3166571428571427,3.765014285714286,4.039285714285714,4.628771428571428,4.705928571428571,4.693128571428572,5.117971428571429,5.106114285714285,5.744857142857143,6.252257142857142,5.639971428571429,4.941742857142857,4.902557142857143,4.818757142857143,5.576514285714285,4.8225428571428575,4.8225428571428575,4.827285714285714,4.642457142857142,4.681385714285716,5.832057142857143,5.825685714285716,5.484171428571429,5.484157142857143,6.283871428571429,7.219842857142858,7.238657142857144,5.75477142857143,5.454014285714286,5.800757142857144,6.691371428571428,5.966714285714285,5.026928571428572,4.954700000000001,4.965471428571428,4.806957142857144,4.426242857142857,2.7781857142857143,3.2159857142857144,3.416671428571429,5.359514285714286,5.301700000000001,5.238442857142857,5.818528571428572,5.717871428571429,6.001357142857143,6.9722,5.0445,5.0454857142857135,6.004328571428571,5.750500000000001,5.750571428571429,4.910942857142857,4.025385714285714,4.025485714285714,4.026628571428572,2.8062,2.5507571428571434,2.5658142857142856,3.558671428571429,3.3000285714285718,3.362757142857143,3.838142857142858,4.502485714285714,4.470528571428572,4.4705,3.6350000000000002,3.619957142857143,3.5953000000000004,3.4503999999999997,2.7755,2.8039571428571426,2.804,2.6862,2.7879714285714288,2.7753000000000005,2.4434285714285715,2.461457142857143,2.4697428571428572,2.4972,2.4427714285714286,2.280542857142857,2.240185714285714,2.241014285714286,2.181885714285714,2.107842857142857,2.146485714285714,2.2230142857142856,2.3234,2.3789857142857143,2.4636,2.4636142857142858,2.4651,2.4177714285714282,2.3569428571428572,2.3650999999999995,2.3094571428571427,2.2249285714285714,2.310785714285714,2.3093428571428576,2.4466428571428573,2.5074571428571426,2.456057142857143,2.4718142857142857,2.841957142857143,2.9027428571428575,2.960657142857143,2.8900285714285716,2.8327428571428572,2.8390857142857135,2.9060142857142854,2.5577285714285716,2.3956714285714287,2.3222714285714288,2.222257142857143,2.2033,2.157542857142857,2.0942000000000003,2.118414285714286,2.2093714285714285,2.2159142857142853,2.2332714285714284,2.2332428571428564,2.233228571428571,2.2316142857142856,2.1874285714285713,2.1153999999999997,2.1871714285714288,2.176271428571429,2.176414285714286,2.1590857142857147,2.160914285714286,2.1609142857142856,2.201628571428571,2.136314285714286,2.1472857142857142,2.1844714285714284,2.288185714285714,2.2863571428571428,2.2678857142857143,2.207185714285714,2.2043142857142857,2.2356571428571423,2.7447714285714286,2.727314285714286,2.7587571428571427,2.7824714285714287,2.8005,2.800442857142857,2.7617714285714285,2.2753,2.211642857142857,2.172842857142857,2.1672857142857143,2.1603285714285714,2.1575428571428574,2.157442857142857,2.108685714285714,2.1090142857142857,2.153057142857143,2.1460142857142857,2.1471285714285715,2.2266857142857144,2.3220285714285716,2.3209000000000004,2.3079285714285716,2.3100857142857145,2.3100714285714288,2.347757142857143,2.3487,2.329014285714286,2.355657142857143,2.367028571428572,2.313514285714285,2.492771428571429,2.480571428571429,2.511342857142857,2.6123714285714286,3.191057142857143,3.2726571428571427,3.2912857142857144,3.1112428571428565,3.0847857142857147,3.0685857142857142,3.041471428571428,2.5059857142857145,2.448685714285715,2.473,3.3204285714285713,3.3316857142857144,4.1746428571428575,4.204299999999999,4.220657142857143,4.799642857142857,4.763228571428571,4.095842857142857,4.188171428571429,3.356642857142858,3.2789571428571427,4.039385714285714,4.271657142857143,5.1389571428571434,5.039957142857142,4.936914285714286,5.021985714285715,5.5765,4.852200000000001,4.472728571428571,4.472714285714285,4.7520999999999995,5.079928571428572,5.738057142857143,5.0961,5.629842857142857,5.266185714285713,4.627185714285715,6.421585714285714,6.94,6.959328571428571,8.077871428571429,8.554442857142858,8.57077142857143,9.377057142857144,8.355657142857144,7.601842857142858,7.7693571428571415,7.483628571428571,6.473314285714286,6.475514285714286,5.832442857142857,4.821557142857143,4.841728571428571,3.9212428571428575,3.1175428571428574,3.051271428571429,2.9882714285714287,2.602657142857143,2.5402285714285715,2.4888714285714286,2.434885714285715,3.398557142857143,4.237871428571428,4.640042857142857,5.768457142857143,5.9351,5.895942857142858,6.698442857142857,6.5884285714285715,7.8464857142857145,8.550214285714286,8.554514285714285,9.341457142857141,9.522671428571428,8.8636,9.016485714285714,6.925085714285714,5.985828571428571,6.160457142857142,6.255085714285714,6.276000000000001,6.276000000000001,6.576185714285715,6.568271428571428,8.059428571428572,8.415528571428572,7.594357142857143,7.757514285714286,7.763657142857143,6.938128571428572,7.131714285714287,5.4870285714285725,4.176442857142857,4.165242857142856,4.957314285714285,5.021328571428571,4.769785714285713,6.365714285714286,6.3473999999999995,6.237128571428572,5.989714285714286,5.0022714285714285,5.660657142857143,5.441885714285715,3.6260285714285714,3.8212714285714284,3.8630714285714283,3.9046857142857143,3.9871714285714286,3.294157142857143,3.4109285714285713,3.6560428571428565
163,21.4751,21.4751,12.82675,9.999133333333333,8.4179,7.469119999999999,6.5796166666666664,6.000828571428571,4.079557142857142,5.935771428571428,6.064628571428571,7.071971428571429,7.9189,8.088585714285713,8.126985714285714,7.454671428571428,5.989328571428571,5.714142857142858,4.813957142857143,4.047671428571428,5.182842857142857,6.1551,8.685842857142857,9.129257142857142,11.115471428571428,11.571628571428572,11.313214285714285,11.64307142857143,11.57012857142857,9.734942857142856,9.147385714285715,7.278200000000003,7.332714285714288,7.392928571428572,5.877185714285715,5.723871428571428,5.043457142857143,5.446557142857143,5.454414285714286,4.910857142857142,6.7233285714285715,7.442442857142857,6.865657142857143,7.518957142857142,6.602899999999999,7.8614428571428565,7.5929714285714285,5.9764285714285705,5.541114285714286,5.386814285714286,6.4493,6.5131571428571435,5.050028571428571,5.113814285714285,5.9225,5.922471428571429,5.9025285714285705,4.010257142857143,4.829028571428572,5.563128571428571,5.672128571428571,4.562771428571429,5.001657142857143,6.102685714285713,7.140999999999999,7.0436571428571435,7.114114285714286,6.957185714285715,7.0077,6.2210857142857146,5.686685714285714,5.416471428571428,4.644785714285715,3.7798714285714285,3.7959857142857136,4.3011857142857135,4.413114285714285,4.145042857142857,4.258957142857143,4.250442857142857,4.6489142857142856,4.852942857142857,5.426214285714286,6.372428571428571,6.015099999999999,5.31752857142857,5.282357142857143,5.692414285714285,6.271557142857143,5.409599999999999,5.137685714285714,5.1521,5.004657142857143,5.054228571428571,5.913928571428571,5.8103,5.581314285714286,5.582299999999999,6.378942857142856,7.175800000000001,7.175757142857143,5.543142857142856,4.984285714285714,5.377714285714285,6.133157142857143,5.349871428571428,4.527928571428571,4.483257142857143,4.675942857142857,5.0712142857142855,4.642685714285714,3.280014285714286,4.0633,4.7324,5.7997,5.542728571428571,5.3223,5.4871428571428575,5.236057142857143,5.232057142857143,5.740542857142858,4.671928571428571,4.686,5.1957571428571425,5.246042857142856,5.245871428571429,4.407185714285714,3.6988999999999996,3.733157142857143,3.7192714285714286,2.9107714285714286,2.7652285714285716,2.781057142857143,3.8290714285714285,3.822228571428571,3.8535428571428567,4.0521142857142864,4.919314285714286,4.911671428571429,4.911642857142858,3.9207285714285716,3.479128571428571,3.4531428571428564,3.6633285714285715,2.7408142857142854,2.7478714285714285,2.7479,2.7365,2.740585714285714,2.7406000000000006,2.3302857142857145,2.376,2.376428571428572,2.4011142857142858,2.3394857142857144,2.2778714285714288,2.2223571428571427,2.2215,2.174942857142857,2.103271428571429,2.1478571428571427,2.225228571428571,2.3261714285714286,2.379414285714286,3.2011714285714286,3.2011714285714286,3.218771428571429,3.1661428571428574,3.103828571428571,3.1008857142857145,3.047657142857143,2.2259285714285713,2.3095428571428576,2.3094714285714284,2.4497714285714283,2.508942857142857,2.474457142857143,2.4894857142857143,3.0837285714285714,3.0897714285714284,3.1277142857142857,3.0202999999999998,2.962942857142857,2.9352000000000005,2.989842857142857,2.416328571428571,2.3119,2.2478000000000002,2.182557142857143,2.1659714285714284,2.147071428571429,2.113171428571429,2.113114285714286,2.2019571428571427,2.2019714285714285,2.202,2.201985714285714,2.202,2.183057142857143,2.164157142857143,2.1320714285714284,2.2005142857142856,2.206757142857143,2.206871428571428,2.190314285714286,2.232485714285714,2.232485714285714,2.2325142857142857,2.1641285714285714,2.1745714285714284,2.234742857142857,2.3412714285714284,2.3006571428571427,2.2946714285714287,2.241257142857143,2.246857142857143,2.271,2.792614285714286,2.772671428571429,2.8158000000000003,2.8288285714285712,2.8491285714285715,2.847928571428571,2.8177285714285714,2.291842857142857,2.2669428571428574,2.2163142857142857,2.2164428571428574,2.203357142857143,2.2035285714285715,2.1921857142857144,2.1599,2.1160428571428573,2.1295142857142855,2.1163714285714286,2.123542857142857,2.2139857142857142,2.3219142857142856,2.3088142857142855,2.317585714285715,2.317142857142857,2.3571285714285715,2.3900285714285716,2.395157142857143,2.3766,2.3893285714285715,2.386414285714286,2.3731999999999998,2.4899857142857136,2.462671428571429,2.4716142857142858,2.7187999999999994,3.2719428571428573,3.352685714285714,3.3658857142857137,3.2089571428571424,3.1971285714285713,3.211185714285715,3.179428571428572,2.681014285714286,2.6169000000000002,2.6433714285714283,3.4899428571428572,3.5020999999999995,4.051785714285714,3.799685714285714,3.8340999999999994,4.319171428571428,4.279514285714285,4.008871428571429,4.524114285714286,3.963142857142858,4.027057142857143,4.588071428571429,4.9197,5.802671428571429,5.266842857142857,4.738471428571429,4.774242857142858,5.754242857142857,5.211985714285714,5.152671428571429,5.147728571428571,5.3136857142857155,5.929542857142858,6.632742857142858,5.560757142857143,6.286557142857143,5.614300000000001,4.966114285714286,6.913814285714286,6.9693,7.000500000000001,8.119371428571428,8.405085714285715,8.4589,9.234585714285714,8.213128571428571,8.342628571428572,8.470414285714286,8.34367142857143,7.330114285714286,7.3485571428571435,6.945571428571428,6.263271428571429,5.510757142857144,4.622614285714286,3.6654857142857145,3.743542857142857,3.6454428571428568,3.0469857142857144,2.6527571428571433,2.660085714285714,2.5984000000000003,3.5885571428571432,4.239128571428572,4.507214285714285,5.350485714285715,5.509385714285714,5.4745,6.266128571428571,6.446857142857143,7.2776571428571435,8.9799,8.89042857142857,9.621428571428572,9.767128571428573,9.142271428571428,8.970028571428571,7.334857142857143,5.865457142857143,6.481214285714286,6.3829142857142855,6.357185714285714,6.332942857142856,6.220999999999999,6.383114285714286,7.58292857142857,7.410400000000001,6.999814285714287,7.179857142857144,7.089328571428573,6.7472,6.786557142857143,5.062900000000001,4.516742857142857,4.324428571428571,5.164928571428571,5.300314285714285,4.977785714285714,6.790942857142857,6.749957142857142,6.325057142857143,6.104642857142857,5.187714285714286,5.741728571428572,5.496485714285714,3.464085714285715,3.6832857142857143,3.7257285714285717,3.766228571428571,3.792242857142857,3.221457142857143,3.2998,3.504642857142857
164,13.3697,13.3697,8.2564,6.927966666666666,6.1412249999999995,5.54158,4.975666666666666,4.615928571428571,3.6843714285714286,5.918842857142857,5.9230857142857145,6.645328571428572,7.624857142857144,7.825514285714286,7.866985714285716,7.306971428571428,5.331671428571427,5.135642857142857,5.0039,4.170599999999999,5.396828571428571,6.1470714285714285,8.497285714285713,9.310828571428571,11.505828571428571,11.4598,11.215614285714285,10.990528571428571,10.99382857142857,9.526142857142856,8.608842857142857,6.41387142857143,6.109342857142858,6.230514285714286,5.1608285714285715,4.903671428571428,4.202985714285714,5.0271,5.108714285714286,4.933957142857143,6.800285714285715,7.5044571428571425,7.217842857142857,7.523071428571429,6.430057142857144,7.953457142857142,7.731557142857143,5.998314285714286,5.575357142857143,5.362414285714286,6.716728571428571,6.770614285714287,5.155071428571429,5.170614285714286,5.964414285714286,5.964371428571428,5.910628571428572,3.9668285714285716,4.7519285714285715,5.486957142857142,5.522314285714286,4.423814285714285,5.179314285714286,6.647942857142858,7.714142857142856,7.772114285714286,7.799057142857143,7.698928571428572,7.732542857142856,6.591385714285715,5.149785714285715,4.843242857142857,3.9365999999999994,3.0903285714285715,3.1401714285714286,3.277685714285714,3.345285714285714,3.9295,3.9990285714285716,3.9990571428571426,4.374014285714286,5.1329142857142855,5.806385714285715,6.549714285714287,5.926357142857143,5.183057142857144,5.154514285714286,5.382585714285715,5.4109,4.606257142857143,4.849085714285715,4.872942857142858,4.813899999999999,4.860414285714286,6.1314142857142855,6.000342857142857,5.997142857142857,5.7191857142857145,6.518185714285714,7.321728571428571,7.290628571428572,5.499642857142858,4.920471428571427,5.4228000000000005,7.625871428571429,6.8343,6.0083,6.005771428571429,6.284985714285716,6.525214285714286,5.988785714285713,3.8220428571428573,4.311871428571428,5.137871428571428,6.259728571428572,5.8771571428571425,5.746699999999999,5.847200000000001,4.989042857142856,5.287114285714286,5.992214285714285,4.862557142857143,4.861714285714286,4.937485714285715,5.049328571428572,5.049214285714286,4.2089428571428575,3.2869999999999995,3.3389999999999995,3.329999999999999,3.114685714285714,3.351257142857143,3.3656285714285716,3.546257142857143,3.4205714285714284,3.4674142857142862,4.269042857142857,4.744328571428572,4.352914285714286,4.352885714285715,4.224000000000001,3.7680285714285717,3.706842857142857,2.977671428571429,2.3735571428571425,2.4478142857142857,2.4335,2.427185714285714,2.4271428571428575,2.4272,2.363742857142857,2.4091857142857145,2.3658,2.4301142857142857,2.3710999999999998,2.3120857142857147,2.260814285714286,2.265957142857143,2.2256571428571426,2.122871428571428,2.2017571428571427,2.2882142857142855,2.428442857142857,2.4947142857142857,2.6872857142857143,2.709171428571429,2.7497857142857143,2.647442857142857,2.5797,2.526457142857143,2.478885714285714,2.298114285714285,2.374557142857143,2.352814285714286,2.5243285714285717,2.592057142857143,2.5782,2.579657142857143,3.4030857142857145,3.5013,3.608042857142857,3.4712285714285716,3.400414285714286,3.3818000000000006,3.4180857142857137,2.5898428571428567,2.3916571428571425,2.271557142857143,2.2123285714285714,2.196285714285714,2.1573857142857142,2.1553285714285715,2.1971714285714286,2.2856285714285716,2.285671428571429,2.2695857142857143,2.2695142857142856,2.2695285714285713,2.230714285714286,2.178757142857143,2.1448,2.2108857142857143,2.216942857142857,2.217,2.201042857142857,2.2183,2.2743571428571427,2.2356,2.1795428571428572,2.1896714285714287,2.2240142857142855,2.3468428571428572,2.3856428571428574,2.3232285714285714,2.2929999999999997,2.2877,2.3182714285714283,2.843657142857143,2.8057857142857148,2.817814285714286,2.829857142857143,2.848642857142857,2.8476571428571424,2.810742857142857,2.327128571428571,2.315857142857143,2.2414857142857145,2.241828571428571,2.2297285714285713,2.2297857142857143,2.219157142857143,2.164814285714286,2.1018,2.1295714285714284,2.1172,2.1180857142857143,2.2101285714285717,2.3143142857142855,2.3022142857142858,2.301157142857143,2.279985714285714,2.2799857142857145,2.316114285714286,2.3176142857142854,2.3122000000000003,2.310928571428571,2.342428571428571,2.3286142857142855,2.645814285714286,2.632071428571429,2.709942857142857,2.938914285714286,3.325957142857143,3.3805571428571426,3.397271428571429,3.0786714285714285,3.0549285714285714,3.020442857142857,3.139528571428571,2.8268999999999997,2.7722714285714285,2.8350428571428568,3.6108857142857143,3.674557142857143,4.678857142857142,4.265928571428572,4.276542857142857,4.7113,4.637585714285714,4.0346714285714285,4.288642857142858,3.2475857142857136,3.3238857142857134,4.305314285714286,4.686371428571428,5.5531,5.3942,5.077185714285713,5.232385714285714,6.551242857142857,5.5876285714285725,5.459171428571429,5.4707,5.577185714285714,6.271471428571429,6.892128571428572,5.486342857142858,6.041642857142857,5.439357142857142,5.056171428571427,6.070057142857143,5.705128571428572,5.902842857142857,6.819657142857143,7.200957142857143,7.2035285714285715,9.296985714285714,9.296985714285714,9.086557142857144,8.971171428571429,8.725514285714286,7.803885714285713,7.867399999999999,5.737914285714285,5.247085714285714,5.202457142857142,4.360757142857143,3.720928571428572,3.6484857142857146,3.515171428571428,3.0606428571428568,2.4678,2.4426428571428573,2.3751714285714285,3.3523428571428573,3.837757142857143,4.004714285714285,4.767728571428571,4.934671428571428,4.903471428571428,5.881942857142858,6.071114285714286,6.9087000000000005,8.525314285714286,8.488057142857143,9.097414285714287,9.276942857142858,8.429471428571429,7.844757142857142,6.495800000000001,4.879185714285714,6.205114285714286,6.0585571428571425,5.9862714285714285,5.999414285714286,5.8142000000000005,5.8478714285714295,7.598457142857143,6.780742857142856,6.544928571428571,6.741485714285714,6.642785714285714,6.845685714285714,7.026499999999999,5.111457142857143,4.229228571428571,4.0186,5.470471428571429,5.6216857142857135,5.2545142857142855,6.855728571428571,6.830514285714285,6.576514285714286,6.3692714285714285,4.899571428571428,5.515771428571428,5.2661428571428575,3.4840571428571434,3.7063857142857146,3.991271428571428,4.032271428571429,3.9608,3.3425142857142864,3.487328571428572,3.680171428571428
165,10.2323,10.2323,7.205500000000001,6.189866666666667,5.367,4.91338,4.472083333333333,4.174114285714285,3.6511428571428572,5.752114285714286,6.473257142857143,7.204671428571428,8.127571428571429,8.214042857142859,8.25677142857143,7.802728571428572,5.784242857142857,4.804200000000001,4.656557142857143,3.7757285714285715,4.796014285714286,5.117585714285714,6.8517,7.602657142857142,9.70322857142857,9.370842857142858,9.224285714285715,9.3452,9.591099999999999,8.404942857142858,7.556685714285715,5.537957142857143,5.564157142857143,5.569428571428571,4.428242857142857,4.189857142857142,3.7446571428571427,4.305285714285715,4.419842857142856,4.339157142857142,6.295442857142858,7.0280000000000005,6.917071428571428,7.042314285714285,6.213828571428572,7.620071428571428,7.341914285714287,5.643685714285715,5.102728571428572,5.4795428571428575,6.817257142857143,6.835785714285715,5.294157142857144,5.366542857142856,6.196457142857143,6.420757142857142,5.847371428571429,4.129614285714286,4.460814285714286,5.210328571428572,5.128728571428572,3.9945999999999997,4.523614285714286,6.221628571428572,7.890942857142856,8.372114285714286,7.9370714285714286,7.936985714285713,7.980214285714284,6.948642857142857,5.185971428571428,3.7102285714285714,2.8909857142857147,2.4849285714285716,2.536714285714286,2.642114285714286,2.7197285714285715,3.2961285714285715,3.9151714285714285,3.931857142857143,4.352328571428571,4.636642857142858,5.336028571428571,6.000128571428571,5.409100000000001,4.6162285714285725,4.571671428571428,4.7001,5.183385714285714,4.382671428571428,4.555085714285714,4.591857142857142,4.5805,4.645185714285714,5.881157142857142,5.562400000000001,5.549985714285714,5.470828571428571,6.254385714285715,7.059542857142858,7.016185714285713,5.480785714285714,5.214985714285715,5.554085714285714,8.398014285714286,7.604485714285714,6.777571428571429,6.808642857142857,6.8083,7.324071428571428,6.955471428571428,4.099328571428571,4.661542857142857,5.304385714285714,6.644757142857143,6.3937428571428585,5.673357142857143,5.723371428571428,4.865285714285714,5.278014285714286,6.529528571428571,5.140428571428572,5.139442857142858,5.564814285714286,5.8243285714285715,5.824128571428572,4.798228571428571,3.1967571428571433,3.241757142857143,3.2331142857142856,3.004385714285714,2.7392142857142856,2.7530285714285716,3.594157142857143,3.4571714285714283,3.4708285714285716,4.323785714285714,4.156042857142857,4.145628571428571,4.1456,3.354114285714286,3.225957142857143,3.203171428571429,2.4152714285714287,2.3344142857142858,2.4267571428571424,2.4267714285714286,2.4335142857142853,2.433485714285714,2.4338142857142855,2.3774,2.4227142857142856,2.4039,2.453171428571428,2.3837857142857146,2.270957142857143,2.2218,2.2270857142857143,2.1870285714285713,2.0839,2.1620999999999997,2.2472285714285714,2.426057142857143,2.492385714285714,3.2600000000000002,3.2600142857142855,3.3154142857142856,3.239557142857143,3.2190000000000003,3.1130142857142857,3.046685714285714,2.2790714285714286,2.3758142857142857,2.320485714285714,2.4657000000000004,2.4862571428571427,2.5398428571428573,2.5695857142857146,3.259842857142857,3.267814285714286,3.331614285714285,3.195442857142857,3.1249428571428566,3.084885714285714,3.1508285714285713,2.4822999999999995,2.373957142857143,2.3063428571428575,2.2472571428571433,2.247242857142857,2.2299857142857142,2.1871,2.2145,2.3042285714285713,2.294742857142857,2.2796428571428566,2.2795571428571426,2.279571428571429,2.2413,2.188471428571429,2.1351714285714287,2.2386857142857144,2.2443142857142857,2.2293,2.2142714285714287,2.2238285714285717,2.2333142857142856,2.2140714285714287,2.1200428571428573,2.1296857142857144,2.162,2.266857142857143,2.310142857142857,2.294571428571429,2.265042857142857,2.2599714285714287,2.288242857142857,2.8782714285714284,2.8620142857142854,2.876257142857143,2.8874714285714282,2.9282142857142857,2.927257142857143,2.8928,2.3515142857142854,2.3411428571428567,2.2710571428571424,2.2711714285714284,2.248042857142857,2.2481285714285715,2.2382714285714287,2.1725,2.1041285714285713,2.1126571428571426,2.101342857142857,2.1013571428571427,2.1915714285714287,2.2926571428571427,2.2863571428571428,2.2854285714285716,2.2738285714285715,2.2738285714285715,2.296957142857143,2.297871428571429,2.3032000000000004,2.3120285714285713,2.3531857142857144,2.354842857142857,2.659442857142857,2.6562142857142854,2.8599142857142854,3.4580428571428574,3.854128571428572,3.9106428571428578,3.9237857142857147,3.6209000000000002,3.6041571428571433,3.497,3.0972,2.776971428571429,2.7204142857142855,2.7844142857142864,3.630957142857143,3.6968428571428578,3.974242857142857,3.710557142857143,3.813657142857142,4.198414285714286,4.121271428571428,3.576671428571429,3.729614285714286,3.3735428571428576,3.4514,4.254771428571429,4.607671428571429,5.453828571428572,5.1535142857142855,4.919557142857142,4.8429142857142855,5.581599999999999,4.614728571428571,4.441242857142858,4.457057142857144,4.563728571428571,4.883457142857142,5.698785714285713,4.861428571428571,5.468357142857143,4.961442857142857,4.795328571428572,5.316542857142857,5.658528571428572,5.944242857142858,6.997457142857143,7.356814285714287,7.372957142857144,7.439371428571429,7.941671428571429,7.548857142857143,7.194128571428571,6.7617,5.8686428571428575,5.867642857142857,5.1378571428571425,4.118342857142857,3.8968000000000003,3.236171428571429,2.6714142857142855,2.709228571428571,2.6406285714285715,2.6247000000000003,2.5556142857142854,2.5558142857142854,2.4825714285714287,3.5294571428571433,3.600285714285714,3.7674,4.175585714285715,4.3391714285714285,4.486557142857143,5.446757142857143,5.416771428571429,6.305728571428572,7.951142857142856,8.230257142857143,8.801714285714286,8.802385714285714,7.992342857142858,7.387714285714287,6.308957142857143,4.663542857142858,5.693928571428572,5.491014285714286,5.330399999999999,5.1697,5.036185714285715,5.064757142857144,7.346128571428571,7.863314285714286,7.510857142857143,7.738142857142856,7.761628571428571,7.761628571428571,7.8602285714285705,5.376457142857142,3.4010285714285713,3.3268142857142857,3.3290571428571427,3.488257142857143,3.4225571428571433,5.174014285714287,5.209385714285715,4.990985714285714,4.8573,5.524228571428572,6.111557142857143,5.8548,3.985928571428572,4.085685714285715,4.236085714285715,4.277228571428572,3.563371428571429,2.8194142857142857,2.917828571428571,2.9518714285714287
166,9.7209,9.7209,6.9391,7.605733333333333,6.3721,5.6318399999999995,5.0409999999999995,4.727742857142857,4.096042857142857,5.992671428571429,6.194228571428572,6.741171428571429,7.637528571428571,7.748971428571429,7.821657142857142,7.643714285714286,5.739928571428571,4.740971428571428,4.5217,3.7233714285714283,4.944642857142857,5.607828571428572,6.174071428571429,6.732628571428571,8.145242857142858,8.514985714285714,8.436585714285714,7.510228571428571,7.128428571428572,6.571242857142857,6.005057142857143,4.592442857142857,4.220242857142857,4.230857142857142,3.9977714285714288,3.7334571428571435,3.579328571428572,3.8329714285714287,3.8390714285714282,3.6289285714285713,5.457028571428571,6.131414285714286,6.432671428571429,6.424785714285716,5.907042857142858,6.826500000000001,6.674857142857143,5.038314285714286,4.3265142857142855,4.671514285714286,6.177785714285714,6.236771428571429,5.238385714285714,5.317571428571428,6.114585714285715,6.632557142857143,5.80467142857143,4.187328571428571,4.1932285714285715,4.9293571428571425,4.803228571428571,3.700957142857143,4.1618571428571425,5.697357142857143,7.3816428571428565,7.923985714285715,7.286257142857143,7.314185714285715,7.357514285714286,6.2706857142857135,4.746085714285714,3.0864857142857147,2.493614285714286,2.2957571428571426,2.3163285714285715,2.6205571428571424,2.6342571428571424,2.8985714285714286,3.7016999999999998,3.714385714285714,4.549914285714285,5.702728571428572,6.420314285714285,7.260014285714285,6.9873142857142865,6.232285714285715,6.192757142857144,5.914985714285714,5.609171428571429,4.584942857142857,4.2605,4.3097,4.2593571428571435,4.2898000000000005,4.609957142857143,3.7747428571428574,3.7645285714285714,4.055614285714285,4.834928571428571,5.643485714285714,5.626114285714286,5.044528571428571,5.032285714285713,5.192999999999999,4.810842857142857,4.0131571428571435,3.1842571428571427,3.225414285714286,3.2329857142857144,3.580085714285714,3.392185714285714,4.017528571428572,4.113728571428571,4.877528571428571,5.952514285714285,5.664257142857143,5.288257142857142,5.335014285714285,4.255814285714286,4.957285714285715,6.085371428571428,4.957357142857143,4.938128571428572,5.439671428571429,5.576485714285715,5.570171428571429,4.7279,2.9728571428571433,3.007057142857143,2.9973285714285716,2.5996428571428574,2.4802999999999997,2.4968,3.3357285714285716,3.3804714285714286,3.3869428571428566,4.239371428571428,4.316885714285715,4.293728571428572,4.305442857142857,3.5121285714285713,3.362785714285714,3.3627428571428566,2.5821571428571426,2.3873,2.4914285714285715,2.463228571428572,2.481985714285714,2.4819571428571434,2.4802999999999997,2.418185714285714,2.558185714285714,2.5683714285714285,2.6285,2.5494857142857144,2.4637571428571428,2.4101857142857144,2.4161571428571427,2.2821,2.1476714285714285,2.2233285714285715,2.3166,2.5644714285714287,2.6391428571428577,2.754628571428572,2.8326571428571428,2.8925142857142854,2.7866714285714282,2.7661285714285717,2.5643285714285717,2.5102571428571427,2.3947857142857143,2.4139857142857144,2.365242857142857,2.446485714285714,2.4637142857142855,2.5227,2.5227,4.6199,4.624857142857143,4.673571428571428,4.639357142857143,4.5653999999999995,4.5144714285714285,4.560414285714286,2.4762857142857144,2.3589857142857142,2.2816,2.205914285714286,2.2057857142857147,2.1930142857142854,2.184157142857143,2.2290714285714284,2.3295285714285714,2.3191142857142855,2.3190285714285714,2.3189857142857138,2.3189999999999995,2.319057142857143,2.2563142857142857,2.1662428571428576,2.176657142857143,2.1766857142857146,2.160257142857143,2.1437714285714287,2.1144571428571424,2.1249142857142855,2.1649571428571432,2.164914285714286,2.164957142857143,2.2536,2.360157142857143,2.4052857142857142,2.389928571428571,2.337285714285714,2.3324,2.3703857142857143,2.5675285714285714,2.5510857142857146,2.5778000000000003,2.610171428571429,2.632028571428571,2.6331714285714285,2.591357142857143,2.396071428571428,2.3975,2.338685714285714,2.338657142857143,2.3569142857142857,2.355842857142857,2.3547285714285713,2.2901285714285713,2.210142857142857,2.193942857142857,2.1616000000000004,2.1759571428571425,2.2841285714285715,2.4130142857142856,2.3987000000000003,2.3987000000000003,2.4108857142857145,2.4240999999999997,2.4441571428571427,2.4441571428571427,2.4149,2.4292571428571432,2.4448000000000003,2.418914285714286,2.728614285714286,2.704885714285715,2.9278285714285714,3.7053571428571432,4.022157142857144,4.107242857142857,4.122142857142857,3.7998857142857143,3.7723285714285715,4.0080857142857145,3.4355571428571428,3.2039999999999997,3.1378142857142852,3.2053857142857143,3.9203285714285707,3.987885714285714,4.396514285714286,4.507871428571429,5.138657142857143,5.2801857142857145,5.1977142857142855,5.053242857142857,5.336914285714286,4.483542857142857,4.218714285714285,4.203885714285714,4.873728571428572,5.74067142857143,5.185314285714285,4.820428571428572,4.744314285714286,5.707685714285715,5.098357142857142,4.909885714285714,5.109999999999999,5.128985714285713,5.546157142857142,6.367028571428571,5.287271428571429,5.932285714285714,5.380128571428571,4.9811000000000005,5.776785714285714,5.778642857142857,6.088685714285715,7.9332714285714285,8.313514285714286,8.3361,9.789085714285713,10.090171428571427,10.277600000000001,10.232114285714287,8.658385714285716,7.575228571428572,7.559428571428572,5.485842857142856,4.482085714285714,3.9345000000000003,2.9417428571428568,2.6968714285714284,2.7117714285714283,2.643828571428571,2.5960428571428573,2.512314285714286,2.4956285714285715,2.4008714285714285,3.085142857142857,3.3930714285714285,3.5425571428571425,4.158328571428571,4.307799999999999,4.307757142857143,5.109457142857144,5.4918000000000005,5.342757142857143,6.273542857142857,6.402542857142857,7.017371428571429,7.066528571428571,6.667699999999999,6.010471428571428,5.980785714285715,5.601542857142858,5.996985714285714,6.034357142857144,6.130071428571428,5.8756571428571425,5.612157142857142,5.524499999999999,5.876142857142857,6.302014285714286,5.511857142857143,5.377985714285714,5.239028571428571,5.276171428571429,5.404771428571428,4.519628571428571,3.228042857142857,3.3840428571428567,3.6698142857142857,3.8278571428571424,3.8415,4.678271428571429,4.5202285714285715,4.505128571428572,4.312771428571429,5.365085714285714,5.975557142857142,5.759057142857143,4.729814285714285,4.731299999999999,4.683185714285714,4.7175142857142855,3.4795285714285713,2.7109999999999994,2.9069142857142856,3.1097714285714284
167,16.3564,16.3564,10.327,10.071333333333333,8.146175,7.01596,6.210449999999999,5.691642857142857,4.500500000000001,6.298971428571428,6.298971428571429,7.3577714285714295,7.917171428571429,8.0159,8.015914285714285,7.948085714285713,6.121828571428571,5.160957142857142,5.056500000000001,4.723199999999999,5.490157142857143,5.801428571428572,5.315414285714286,6.360271428571428,7.425914285714286,7.278399999999999,7.100699999999999,7.192871428571428,7.658642857142857,7.649528571428571,6.6047,5.603014285714285,5.046728571428572,5.187657142857143,4.750771428571428,4.2036428571428575,4.208728571428571,4.329300000000001,4.462428571428571,4.476714285714285,5.976942857142857,6.328342857142857,6.811542857142858,6.650157142857144,6.247542857142856,6.651414285714286,6.4191,5.410514285714286,4.829742857142857,4.767257142857143,5.772571428571429,5.867128571428572,5.258828571428571,5.312114285714286,5.6422,5.754957142857142,5.070071428571429,3.972685714285715,3.981328571428572,4.726628571428571,4.5988,3.5385714285714287,3.9674,5.0624142857142855,6.539514285714286,7.275,6.590400000000001,6.615057142857142,6.6475285714285715,5.841471428571428,4.758857142857143,3.2720714285714285,2.453714285714286,2.316042857142857,2.319157142857143,2.631071428571429,2.6426142857142856,3.3505714285714285,4.171342857142857,4.389228571428572,5.449228571428571,6.172414285714285,6.665985714285715,7.460699999999998,6.726742857142857,5.9860999999999995,5.770428571428572,5.348514285714286,5.4436285714285715,4.6250857142857145,4.210828571428571,4.252542857142856,4.181814285714284,4.1890142857142845,4.467285714285714,3.686814285714285,3.6939571428571427,3.821814285714286,4.605357142857144,5.417285714285714,5.3839571428571436,4.7782857142857145,5.0194857142857146,5.306414285714285,5.1631,4.359128571428572,3.5282428571428572,3.5154714285714284,3.8047714285714282,4.127628571428572,3.8073714285714284,4.951214285714286,4.9542142857142855,5.782071428571428,6.861028571428571,6.367285714285714,5.741471428571429,5.937471428571428,4.412228571428572,5.210128571428571,5.212114285714286,4.153085714285714,4.034028571428571,5.336157142857142,5.414614285714286,5.388199999999999,4.6117,4.006914285714286,4.0405999999999995,4.028742857142857,2.799857142857143,2.8789000000000002,2.9004285714285714,3.677157142857143,4.0175857142857145,4.181728571428572,5.033114285714286,5.036885714285715,4.736228571428571,4.977828571428572,4.210728571428571,3.6876428571428574,3.539414285714286,2.7681571428571425,2.6983714285714284,2.886728571428571,2.623614285714286,2.6408428571428573,2.640957142857143,2.6409999999999996,2.5727285714285713,2.6574142857142857,2.5382,2.711614285714286,2.6070142857142855,2.4983571428571425,2.4295,2.427057142857143,2.3682857142857143,2.2702714285714287,2.2478142857142855,2.3301285714285713,2.8901000000000003,2.951057142857143,3.0427857142857144,3.0291285714285716,3.0525285714285713,2.918614285714285,2.897257142857143,2.4572000000000003,2.430857142857143,2.3977142857142857,2.584542857142857,2.5845,2.652714285714286,2.674071428571428,2.674857142857143,2.676242857142857,4.719200000000001,4.6050571428571425,4.649900000000001,4.649585714285714,4.603542857142857,4.584142857142857,4.609642857142857,2.552842857142857,2.465742857142857,2.378542857142857,2.291457142857143,2.3167714285714287,2.334357142857143,2.3490285714285717,2.373214285714286,2.459,2.460557142857143,2.4798000000000004,2.4797857142857143,2.436957142857143,2.4207,2.3535142857142857,2.267642857142857,2.3252857142857146,2.295457142857143,2.2402571428571427,2.203957142857143,2.1802714285714284,2.2379000000000002,2.2789142857142854,2.2197142857142858,2.2302,2.2853285714285714,2.3930714285714285,2.388142857142857,2.325271428571429,2.2805571428571434,2.276871428571429,2.321328571428572,2.4175,2.412614285714286,2.4759285714285713,2.524114285714286,2.5603714285714285,2.569028571428571,2.520885714285714,2.444942857142857,2.424557142857143,2.3607714285714283,2.3488857142857142,2.3284142857142855,2.319828571428572,2.321071428571429,2.3239857142857145,2.2707714285714284,2.2692142857142854,2.232928571428572,2.2987714285714285,2.405242857142857,2.640214285714286,2.568857142857143,2.552857142857143,2.5525000000000007,2.5612,2.527757142857143,2.527757142857143,2.3914428571428568,2.4049714285714283,2.4494714285714285,2.432685714285714,2.807914285714286,2.8046714285714285,3.398957142857143,3.494428571428571,4.3249571428571425,4.413371428571428,4.445771428571428,4.060685714285714,4.048242857142857,4.382285714285715,4.601657142857143,3.8574999999999995,3.768114285714286,3.874757142857143,4.7199857142857145,4.701214285714286,4.367185714285715,4.834071428571428,5.712728571428571,6.031342857142858,5.907071428571428,5.392242857142857,5.707771428571428,5.229671428571429,4.4683,4.377885714285715,5.051285714285713,5.901142857142858,5.582814285714285,5.264485714285714,5.087914285714285,5.958971428571429,5.1725714285714295,4.462657142857143,4.634742857142858,4.652271428571429,4.966942857142857,5.169871428571428,4.2070428571428575,4.7705714285714285,4.545757142857143,3.8367142857142857,4.8438,4.964442857142857,5.844857142857143,7.152871428571428,7.552014285714287,7.546928571428572,7.5353142857142865,7.3436,7.191285714285714,7.050357142857143,5.832885714285715,4.8071,4.898142857142857,4.684057142857142,4.134157142857143,4.099900000000001,3.1555857142857144,3.0808142857142857,3.086457142857143,2.958728571428572,2.8606428571428566,2.6257714285714284,2.425142857142857,2.4399,2.7424571428571434,3.1175142857142855,3.2611999999999997,4.1033,4.389885714285714,4.389914285714285,4.677585714285714,5.8659285714285705,5.505657142857143,6.372857142857143,6.696571428571429,7.095671428571428,7.651785714285714,8.149914285714285,7.066800000000001,7.207928571428572,6.963685714285714,6.757685714285715,7.082885714285715,6.670442857142858,5.884657142857142,5.655542857142857,5.500128571428571,5.804285714285714,5.658528571428571,4.768642857142857,4.6121,4.597799999999999,4.614914285714286,4.6149,3.7112857142857143,3.2271,3.299457142857143,3.5849000000000006,3.697,4.0483142857142855,4.622,4.440528571428572,4.4384,4.2000714285714285,4.773285714285714,5.337742857142857,4.791142857142858,4.412742857142857,4.598528571428571,4.465585714285714,4.526814285714286,3.8195000000000006,3.1122857142857145,3.2869142857142855,3.2774142857142863
