,2025-01-01,2025-01-02,2025-01-03,2025-01-04,2025-01-05,2025-01-06,2025-01-07,2025-01-08,2025-01-09,2025-01-10,2025-01-11,2025-01-12,2025-01-13,2025-01-14,2025-01-15,2025-01-16,2025-01-17,2025-01-18,2025-01-19,2025-01-20,2025-01-21,2025-01-22,2025-01-23,2025-01-24,2025-01-25,2025-01-26,2025-01-27,2025-01-28,2025-01-29,2025-01-30,2025-01-31,2025-02-01,2025-02-02,2025-02-03,2025-02-04,2025-02-05,2025-02-06,2025-02-07,2025-02-08,2025-02-09,2025-02-10,2025-02-11,2025-02-12,2025-02-13,2025-02-14,2025-02-15,2025-02-16,2025-02-17,2025-02-18,2025-02-19,2025-02-20,2025-02-21,2025-02-22,2025-02-23,2025-02-24,2025-02-25,2025-02-26,2025-02-27,2025-02-28,2025-03-01,2025-03-02,2025-03-03,2025-03-04,2025-03-05,2025-03-06,2025-03-07,2025-03-08,2025-03-09,2025-03-10,2025-03-11,2025-03-12,2025-03-13,2025-03-14,2025-03-15,2025-03-16,2025-03-17,2025-03-18,2025-03-19,2025-03-20,2025-03-21,2025-03-22,2025-03-23,2025-03-24,2025-03-25,2025-03-26,2025-03-27,2025-03-28,2025-03-29,2025-03-30,2025-03-31,2025-04-01,2025-04-02,2025-04-03,2025-04-04,2025-04-05,2025-04-06,2025-04-07,2025-04-08,2025-04-09,2025-04-10,2025-04-11,2025-04-12,2025-04-13,2025-04-14,2025-04-15,2025-04-16,2025-04-17,2025-04-18,2025-04-19,2025-04-20,2025-04-21,2025-04-22,2025-04-23,2025-04-24,2025-04-25,2025-04-26,2025-04-27,2025-04-28,2025-04-29,2025-04-30,2025-05-01,2025-05-02,2025-05-03,2025-05-04,2025-05-05,2025-05-06,2025-05-07,2025-05-08,2025-05-09,2025-05-10,2025-05-11,2025-05-12,2025-05-13,2025-05-14,2025-05-15,2025-05-16,2025-05-17,2025-05-18,2025-05-19,2025-05-20,2025-05-21,2025-05-22,2025-05-23,2025-05-24,2025-05-25,2025-05-26,2025-05-27,2025-05-28,2025-05-29,2025-05-30,2025-05-31,2025-06-01,2025-06-02,2025-06-03,2025-06-04,2025-06-05,2025-06-06,2025-06-07,2025-06-08,2025-06-09,2025-06-10,2025-06-11,2025-06-12,2025-06-13,2025-06-14,2025-06-15,2025-06-16,2025-06-17,2025-06-18,2025-06-19,2025-06-20,2025-06-21,2025-06-22,2025-06-23,2025-06-24,2025-06-25,2025-06-26,2025-06-27,2025-06-28,2025-06-29,2025-06-30,2025-07-01,2025-07-02,2025-07-03,2025-07-04,2025-07-05,2025-07-06,2025-07-07,2025-07-08,2025-07-09,2025-07-10,2025-07-11,2025-07-12,2025-07-13,2025-07-14,2025-07-15,2025-07-16,2025-07-17,2025-07-18,2025-07-19,2025-07-20,2025-07-21,2025-07-22,2025-07-23,2025-07-24,2025-07-25,2025-07-26,2025-07-27,2025-07-28,2025-07-29,2025-07-30,2025-07-31,2025-08-01,2025-08-02,2025-08-03,2025-08-04,2025-08-05,2025-08-06,2025-08-07,2025-08-08,2025-08-09,2025-08-10,2025-08-11,2025-08-12,2025-08-13,2025-08-14,2025-08-15,2025-08-16,2025-08-17,2025-08-18,2025-08-19,2025-08-20,2025-08-21,2025-08-22,2025-08-23,2025-08-24,2025-08-25,2025-08-26,2025-08-27,2025-08-28,2025-08-29,2025-08-30,2025-08-31,2025-09-01,2025-09-02,2025-09-03,2025-09-04,2025-09-05,2025-09-06,2025-09-07,2025-09-08,2025-09-09,2025-09-10,2025-09-11,2025-09-12,2025-09-13,2025-09-14,2025-09-15,2025-09-16,2025-09-17,2025-09-18,2025-09-19,2025-09-20,2025-09-21,2025-09-22,2025-09-23,2025-09-24,2025-09-25,2025-09-26,2025-09-27,2025-09-28,2025-09-29,2025-09-30,2025-10-01,2025-10-02,2025-10-03,2025-10-04,2025-10-05,2025-10-06,2025-10-07,2025-10-08,2025-10-09,2025-10-10,2025-10-11,2025-10-12,2025-10-13,2025-10-14,2025-10-15,2025-10-16,2025-10-17,2025-10-18,2025-10-19,2025-10-20,2025-10-21,2025-10-22,2025-10-23,2025-10-24,2025-10-25,2025-10-26,2025-10-27,2025-10-28,2025-10-29,2025-10-30,2025-10-31,2025-11-01,2025-11-02,2025-11-03,2025-11-04,2025-11-05,2025-11-06,2025-11-07,2025-11-08,2025-11-09,2025-11-10,2025-11-11,2025-11-12,2025-11-13,2025-11-14,2025-11-15,2025-11-16,2025-11-17,2025-11-18,2025-11-19,2025-11-20,2025-11-21,2025-11-22,2025-11-23,2025-11-24,2025-11-25,2025-11-26,2025-11-27,2025-11-28,2025-11-29,2025-11-30,2025-12-01,2025-12-02,2025-12-03,2025-12-04,2025-12-05,2025-12-06,2025-12-07,2025-12-08,2025-12-09,2025-12-10,2025-12-11,2025-12-12,2025-12-13,2025-12-14,2025-12-15,2025-12-16,2025-12-17,2025-12-18,2025-12-19,2025-12-20,2025-12-21,2025-12-22,2025-12-23,2025-12-24,2025-12-25,2025-12-26,2025-12-27,2025-12-28,2025-12-29,2025-12-30,2025-12-31
0,25.9683,25.9683,24.7831,35.7113,23.7731,27.2841,23.7457,16.1203,23.097,27.102,27.8053,18.1721,30.6075,35.7325,223.9676,108.9704,119.1938,19.3652,-5.6365,38.0857,3.0216,23.1626,35.2725,27.969,35.1569,32.1586,24.1346,25.5662,20.5483,23.2753,23.7767,14.2531,14.2531,15.4641,74.777,18.3884,21.6975,10.3498,17.9622,18.3128,22.1853,17.3516,17.3288,37.9651,17.3547,30.4843,20.7399,51.8188,491.0978,18.1211,45.991,16.595,18.0554,16.5846,5.9301,23.1527,17.9876,16.3914,12.4261,16.8364,16.8364,9.6396,28.3191,25.0175,20.3666,71.5838,20.0768,62.6225,56.6856,24.3179,24.7069,29.0836,13.1261,9.1593,24.4013,20.9314,44.8735,89.2279,20.1063,22.7023,22.4414,21.8995,18.4664,27.2675,28.855,31.8865,23.4115,-18.9177,9.166,44.2552,24.9801,24.9801,48.0061,165.5961,47.5941,16.6783,16.9075,44.6176,20.9614,18.0852,19.3857,40.3866,15.3272,15.0591,19.0364,25.0538,24.6517,23.4474,12.9737,21.0967,16.0917,23.0168,13.4111,28.4986,40.8616,12.785,52.0203,105.2781,103.8456,27.4454,46.0183,46.0183,22.6794,34.2757,31.8496,16.4961,36.6922,24.2188,21.1519,18.833,42.6969,20.5645,21.4452,143.9291,20.5524,13.5064,24.4817,22.5159,30.496,23.4284,18.3751,37.35,23.9301,28.8996,54.7643,26.8637,30.3754,25.4446,80.5089,43.0751,16.8877,16.689,16.689,20.8896,33.1408,23.41,23.3053,26.9099,32.5838,25.3614,14.8543,27.6185,37.1116,23.3351,26.1345,29.9769,38.4709,34.2923,28.6791,32.7384,30.9288,26.3629,37.1779,26.1963,25.6905,32.5476,41.0566,31.9147,29.1019,26.1341,71.9865,37.2457,37.2457,24.0153,18.5696,25.8729,22.5436,21.1938,22.7713,28.7569,84.8677,30.1486,25.9201,108.6184,23.4675,44.1578,37.2081,23.4547,27.2267,25.2534,25.1108,25.4894,25.9668,37.1339,30.395,36.5577,29.7422,38.5547,51.8351,72.3182,28.6071,46.7705,32.5744,32.5744,32.8534,26.9986,28.3248,29.1326,24.0436,24.015,25.7185,13.083,23.8573,28.4084,25.3372,27.3697,38.5881,44.7302,23.6693,26.7117,27.4231,22.8635,21.9054,31.7106,35.8832,24.5389,21.853,27.4153,30.5585,24.0633,166.1539,21.9812,141.1312,20.2744,20.2744,23.3765,31.3126,28.6269,29.9464,22.8368,27.577,23.767,24.4595,20.4816,25.8505,26.2196,22.5679,25.7523,29.5925,25.7061,24.613,36.6029,36.2064,40.6601,30.466,27.3007,34.8716,26.1086,29.7035,23.8168,25.3487,35.1037,27.6032,30.3654,30.3654,25.2367,40.8342,78.5271,25.7407,47.7069,21.3256,22.9308,21.0758,27.2641,18.3905,19.3175,20.8307,24.3516,47.0166,26.7645,38.1759,51.3604,26.5983,25.2867,48.8655,136.9805,41.8028,34.3107,17.9915,22.2109,19.8827,27.1624,33.4829,92.4218,16.7709,16.7709,13.7181,19.4105,161.6699,19.6964,15.3426,17.0456,10.2788,14.4275,30.6297,24.5388,3.0455,12.7976,18.5469,9.1451,12.1617,25.8564,15.3346,21.8907,42.5155,25.6303,19.669,28.1201,16.1026,26.5242,25.0404,25.5634,30.7114,19.5469,42.1931,16.7709,16.7709,13.7181,19.4105,161.6699,19.6964,15.3426,17.0456,10.2788,14.4275,30.6297,24.5388,3.0455,12.7976,18.5469,9.1451,12.1617,25.8564,15.3346,21.8907,42.5155,25.6303,19.669,28.1201,16.1026,26.5242,25.0404,25.5634,30.7114,19.5469
1,25.2977,25.2977,33.0921,36.9544,21.5313,27.5215,20.982,23.2236,20.9934,27.5712,46.1954,22.0817,21.1896,32.0262,218.5491,85.2873,64.7972,34.9916,334.5968,7.412,-15.7228,27.9711,33.9098,26.3664,32.3552,29.9511,24.0493,23.1279,19.3245,19.9225,21.6101,13.1408,13.1408,16.7452,14.244,24.9795,19.0356,10.063,9.6844,21.0115,19.5999,14.6716,22.9208,23.7372,13.1305,23.035,13.7937,41.1772,22.6939,11.4452,27.7703,15.3601,32.0474,12.6716,2.3729,18.7365,13.6649,17.9975,13.2181,20.2209,20.2209,5.5868,52.3984,21.0464,18.2561,22.614,18.8227,49.7253,27.5483,3.3466,15.6133,21.7354,12.3427,9.4795,19.2506,14.3908,30.0665,34.8311,17.9236,16.0818,11.7683,18.2086,23.2203,34.9773,24.9158,21.4377,18.4312,-9.2885,12.3266,26.0936,62.0125,62.0125,38.769,60.6643,20.3172,17.8341,29.1031,20.9163,17.4519,20.4247,34.3716,26.9546,10.6346,16.8565,16.5783,21.8413,37.6757,28.2232,131.8942,25.5221,18.9782,21.4153,11.8696,34.0698,29.1816,10.2242,38.3097,21.9835,45.199,15.8025,31.8017,31.8017,110.5277,23.6282,42.4465,17.8826,31.1043,0.5119,10.7848,20.8548,28.0645,16.986,26.5236,249.9789,16.9966,17.6691,24.4818,22.2043,21.5349,24.5533,19.5476,28.4157,24.2642,26.1619,25.9088,22.9153,34.9248,21.4426,21.5859,18.9511,22.6807,14.0355,14.0355,21.242,39.3068,22.4026,16.4701,25.2021,23.1997,32.2427,21.1307,22.4585,48.7953,22.3758,21.7615,26.1045,31.6948,33.0056,29.8991,28.9737,23.2437,21.1694,23.919,24.4459,19.8308,25.082,28.4094,27.3855,26.3161,59.035,41.3034,28.2706,28.2706,23.7449,21.4147,20.0268,22.3754,17.667,22.6563,25.2703,33.4649,24.3255,23.9152,56.6295,23.399,28.0806,27.1602,22.1861,24.7399,23.9698,21.9152,21.7177,26.0873,54.3077,27.1216,27.6011,26.1126,25.8797,53.0245,41.5769,29.663,61.7893,26.8873,26.8873,27.1012,26.5653,25.0743,22.4358,22.4197,22.8711,21.5202,19.1776,23.3566,27.8568,22.0229,22.4042,88.8644,166.0951,20.6107,22.7253,21.2252,18.3997,19.6122,26.3137,25.317,25.1173,20.5848,24.1189,19.4005,22.4448,168.7061,24.2398,26.0767,18.4862,18.4862,21.6735,19.2487,29.7239,24.0145,18.7049,13.1113,26.495,24.4607,30.1153,20.8892,19.8819,17.2465,20.441,18.8242,17.9734,23.8409,34.6093,25.7686,29.2828,42.0412,20.5049,30.7103,23.3456,23.5089,18.9537,23.522,23.7977,23.6611,24.6938,24.6938,29.6634,24.8074,29.8149,30.9617,29.7166,11.7064,16.3545,14.767,16.3197,10.3226,17.3836,1.1708,42.1428,13.4547,17.8672,19.5219,21.7414,23.3204,19.3558,23.0856,43.7563,25.2908,29.8909,14.2138,19.9473,20.2761,23.7767,47.5278,33.8905,20.7094,20.7094,10.6522,21.6613,115.6184,17.7236,13.8915,22.872,11.335,11.4904,31.6921,24.4854,6.9968,11.3353,19.6616,7.6886,11.7908,23.1035,13.0802,20.8815,25.9746,24.534,18.0133,23.0791,11.7197,28.919,23.7978,24.2027,30.0921,21.2763,45.2646,20.7094,20.7094,10.6522,21.6613,115.6184,17.7236,13.8915,22.872,11.335,11.4904,31.6921,24.4854,6.9968,11.3353,19.6616,7.6886,11.7908,23.1035,13.0802,20.8815,25.9746,24.534,18.0133,23.0791,11.7197,28.919,23.7978,24.2027,30.0921,21.2763
2,34.8648,34.8648,108.6855,42.2219,55.9175,27.4781,19.469,20.1986,19.879,25.2752,28.1984,31.7396,15.3195,26.615,240.8244,42.8239,75.5328,28.0566,46.9427,20.6048,-13.667,22.4891,34.0589,26.925,64.5372,29.4744,21.7326,22.9776,18.5948,17.9087,21.0527,13.4135,13.4135,9.7682,17.5692,18.0785,68.8429,10.106,11.0749,17.6713,22.963,13.7309,22.6098,27.5893,13.2622,20.6223,12.3752,39.8377,20.0815,12.4822,21.7409,15.2621,228.4401,12.7206,2.6105,20.7101,8.7502,12.5135,2.8514,13.4666,13.4666,-1.4769,12.8954,23.0076,15.3732,28.7888,42.6502,56.0483,22.9635,-9.6148,-5.3483,17.0511,23.2566,7.9234,17.7731,13.535,15.0874,13.6497,15.681,16.7168,13.4667,10.0269,7.0927,51.072,27.7569,19.1119,15.2194,8.5414,15.3263,18.7409,20.4323,20.4323,34.5774,27.8619,19.547,17.7473,3.6364,13.5016,16.8685,18.7674,30.1568,25.5665,9.3815,12.5658,22.6678,30.4299,172.6808,16.5264,21.7012,14.9764,18.7686,16.5401,11.9808,31.7768,17.094,11.0357,9.0066,24.7872,129.5619,9.0027,23.9101,23.9101,22.6301,14.352,18.6266,13.8619,27.9265,-8.8744,-0.348,18.7566,25.1977,16.44,17.0238,23.7969,12.767,21.9601,19.0626,17.8485,21.0422,20.5753,12.4426,16.1765,31.1231,30.9124,25.5352,26.3369,16.1541,16.5008,19.9756,12.72,17.8052,13.0047,13.0047,18.0458,18.2339,14.4296,6.8122,22.0282,21.9841,31.963,15.5765,42.8519,21.8333,19.0083,19.8692,26.796,20.6579,29.2783,32.0938,30.9105,21.4842,16.8973,23.1192,24.5874,22.9211,87.0511,23.6247,25.7392,49.8691,49.5609,29.8363,25.4303,25.4303,28.3477,19.111,16.7963,21.5107,34.0596,21.6914,24.4147,23.6727,15.5041,20.66,26.3167,22.8059,25.0859,22.1897,20.8456,22.824,20.7024,16.6516,19.9746,26.7114,27.837,23.3055,22.7587,22.0722,21.7588,51.517,35.0807,30.77,57.4677,24.9992,24.9992,25.2756,23.12,20.332,11.5039,20.247,19.0041,32.198,17.8457,20.8166,38.119,18.4689,24.5919,43.6503,24.1519,23.5056,20.2396,16.7294,16.2062,13.037,23.3646,16.3437,16.1121,24.4852,18.2956,18.0148,58.6228,37.2,17.7816,20.6961,13.3234,13.3234,16.3124,-4.6415,23.2028,20.3423,17.7268,14.5128,24.4761,13.5706,32.7182,21.4097,11.9188,11.0306,16.7948,13.6881,20.4562,41.649,44.7625,25.4155,56.9755,93.9052,27.411,23.9139,23.6333,19.8066,19.368,21.9862,46.1508,21.9056,22.1936,22.1936,26.5398,24.4407,27.0892,28.3324,13.8783,13.0154,19.4721,19.0323,24.0037,15.5675,17.4902,-9.7247,22.4706,15.7406,21.0202,17.7285,20.3781,19.2891,8.9174,18.6003,25.7371,28.4198,25.6048,14.2454,23.3939,12.4295,28.6903,34.2513,22.3825,23.9705,23.9705,9.0029,20.3506,45.6094,17.9181,17.2228,20.431,7.943,9.0308,27.2562,19.3535,5.0606,8.7113,18.5344,2.0044,9.0667,21.1391,11.0272,13.5386,21.3669,26.0893,18.0512,25.0942,18.8877,27.1929,26.1343,25.5678,32.9959,24.4203,34.3085,23.9705,23.9705,9.0029,20.3506,45.6094,17.9181,17.2228,20.431,7.943,9.0308,27.2562,19.3535,5.0606,8.7113,18.5344,2.0044,9.0667,21.1391,11.0272,13.5386,21.3669,26.0893,18.0512,25.0942,18.8877,27.1929,26.1343,25.5678,32.9959,24.4203
3,24.0271,24.0271,28.0724,25.3678,20.7181,27.9438,19.1642,23.1007,15.704,22.2121,25.1988,31.0164,17.4692,39.5142,189.7473,48.0333,43.0494,22.7038,-70.349,15.9419,-22.2829,20.8934,40.3021,26.9049,25.6789,30.3432,70.094,24.1474,18.3052,17.9417,20.215,14.4748,14.4748,4.7916,14.7651,14.3816,19.6792,3.2768,11.6265,13.4513,26.0708,14.6343,19.2089,21.1632,13.7837,26.1246,11.9813,37.5966,20.1153,12.1403,20.045,9.8306,16.1511,12.9028,10.7324,21.1167,4.8292,4.55,-19.149,9.8172,9.8172,8.8991,16.4961,8.2931,15.2294,15.9169,36.1645,64.5498,49.8723,-11.9324,-44.8755,17.4821,18.1367,2.2251,16.5947,25.6052,20.1996,6.3433,43.1282,13.8694,18.7881,13.9637,1.0119,24.5955,22.1188,17.8686,17.7241,-18.0237,7.302,36.8536,11.9008,11.9008,32.8962,32.4494,19.0647,15.6695,10.3441,12.3997,17.481,13.8681,16.7975,23.258,9.4769,10.0844,17.3262,9.4741,27.7437,11.3591,20.7688,12.6474,19.1437,11.8592,6.7584,21.0575,13.2892,5.7387,-10.1342,31.5192,18.2228,-0.7611,11.9918,11.9918,20.1649,23.376,16.8021,8.9081,31.5802,15.5512,-19.5868,16.002,35.9501,15.9768,20.2432,23.0219,7.4539,11.7377,16.2646,13.4088,15.1429,14.7681,7.5035,12.435,13.9185,30.6897,22.8212,27.5956,15.896,11.0984,16.6767,13.0404,17.1923,15.7054,15.7054,4.0168,9.5448,14.2216,7.7438,19.6766,20.8047,31.9512,11.6748,20.8178,18.1456,17.3557,113.5206,24.5466,21.9439,30.2249,27.3363,22.6579,18.0146,14.7839,29.8062,22.3562,24.1918,22.6449,24.6403,21.8727,35.9669,20.9334,27.2253,27.5164,27.5164,21.4461,17.1668,18.7547,19.6684,26.6885,20.0953,24.2719,20.386,12.5038,17.0864,18.8395,26.0128,24.6918,25.7079,19.9525,21.9307,16.9669,14.0031,24.0293,21.0922,24.3784,21.8345,19.1152,28.3844,25.3277,51.8377,25.2884,31.5402,26.0639,19.9988,19.9988,21.5685,21.3608,14.922,11.5307,18.4507,23.7138,40.4901,18.7412,17.9802,17.2107,16.4947,21.6356,21.1952,25.2916,21.2254,16.9717,15.2055,13.273,8.8235,18.1966,14.7589,18.5922,18.7846,17.3721,16.3543,13.6669,40.5343,19.3047,20.1398,13.9175,13.9175,17.6346,0.3174,20.0652,19.5527,16.1418,19.7118,17.314,13.2565,34.6343,14.7397,18.5177,15.0804,19.1294,16.1865,29.1579,51.9567,63.7787,21.5914,118.0272,21.9809,20.0124,20.2888,22.5089,11.7352,16.8932,21.655,22.1397,20.1787,18.6349,18.6349,20.0581,26.2701,18.715,28.9053,18.2137,20.7213,17.639,18.9088,28.8219,20.5039,21.6656,3.6128,19.1711,16.2857,16.5766,20.225,5.0168,12.5705,10.8196,23.9817,23.1048,16.4525,20.0929,13.4416,16.2464,1.0126,52.0508,21.0887,20.0273,22.1761,22.1761,14.3362,68.4154,49.4032,15.7093,12.7784,19.1919,7.6258,7.4314,39.1575,9.4851,8.2558,9.9646,17.3438,5.7854,-9.2763,18.2246,4.9351,11.9669,16.0492,30.6926,18.39,25.6083,15.6949,25.539,22.409,25.9775,31.2963,24.9154,35.9829,22.1761,22.1761,14.3362,68.4154,49.4032,15.7093,12.7784,19.1919,7.6258,7.4314,39.1575,9.4851,8.2558,9.9646,17.3438,5.7854,-9.2763,18.2246,4.9351,11.9669,16.0492,30.6926,18.39,25.6083,15.6949,25.539,22.409,25.9775,31.2963,24.9154
4,19.4104,19.4104,26.9151,31.5252,19.3083,30.0858,22.581,15.7842,16.186,21.1421,24.8024,21.7753,14.2492,88.5122,273.4879,1.029,1.1726,12.0142,-66.9805,21.7413,-19.3729,17.8951,34.0459,24.6977,27.6615,279.9198,24.105,21.5953,18.6134,21.1885,17.8325,8.6518,8.6518,7.7023,26.8164,13.9888,16.9205,2.3192,-4.2075,15.1955,28.7707,15.1174,25.6555,20.3194,13.1613,0.2211,16.8438,45.1239,20.4687,7.6349,115.9427,8.4481,21.7758,13.1283,12.3705,15.8784,8.5235,-6.4938,3.2747,19.3577,19.3577,-4.8008,8.167,5.0832,29.4451,13.2633,17.5268,68.2381,19.7471,-14.453,-54.8734,15.5459,11.6161,-28.347,15.2457,13.0459,15.9757,-4.596,15.4504,1.0201,14.7967,12.9151,0.4911,13.3868,28.5369,18.0955,14.707,-25.6462,6.9058,19.2218,13.1965,13.1965,21.2799,23.1923,15.2751,13.6623,13.8923,8.9345,9.2519,16.0853,21.6063,22.5685,-10.9307,6.2584,9.6642,10.5764,23.9918,-4.3796,15.9402,11.196,21.9476,7.4354,1.6242,17.4385,0.5356,-5.7612,-14.5859,132.1172,15.1855,-14.4732,4.7243,4.7243,103.7347,10.4156,13.7916,4.3484,23.0016,8.2074,-28.9463,13.1105,20.474,13.1696,18.2883,20.772,0.1202,9.4644,6.7964,17.1674,8.5133,19.3024,-23.5654,8.4503,17.2289,55.2095,19.2912,22.1948,14.1948,11.1904,17.013,13.9426,15.955,14.5433,14.5433,2.5755,-2.9469,15.3972,-14.6843,15.9339,27.0637,21.5779,15.5769,20.9819,6.5418,10.1169,32.3064,20.7372,22.264,26.2819,23.6802,20.1361,18.243,12.6262,37.1771,21.2157,30.1556,15.8616,21.3146,19.0599,29.451,21.6855,30.5834,19.7282,19.7282,19.0294,12.2648,17.9261,18.4664,15.6496,17.3194,21.3027,15.5361,6.1576,14.8286,12.6803,14.3269,22.9153,25.4399,16.3841,19.5145,14.0598,13.7113,18.1486,19.8695,22.008,17.1483,15.3408,28.8944,24.7592,39.1636,22.9289,18.9415,22.7734,18.72,18.72,19.9278,18.5675,11.2339,100.741,15.4156,21.0396,14.5762,19.8666,18.1743,17.3255,15.1457,16.8674,20.8078,19.8493,17.9593,17.9683,13.2344,6.2833,11.7395,18.5826,13.7761,15.4417,20.0083,14.8154,13.7532,13.563,18.4872,18.0484,18.5799,12.7356,12.7356,18.7249,2.2635,13.2619,18.9666,13.6381,12.9775,14.8585,9.3424,12.0305,26.8782,24.8646,9.1259,24.354,26.5515,22.1822,47.6038,33.4409,18.9515,19.3164,20.8889,24.7999,18.0431,22.2077,3.0069,6.7641,21.2548,24.0375,16.1957,18.2923,18.2923,15.4896,22.9381,8.3513,19.4052,15.3152,15.5892,13.7456,13.5703,21.4703,18.8757,21.2338,4.7972,11.2127,16.3065,8.8717,24.7323,14.3671,7.2989,6.9585,12.3907,20.6483,11.5827,24.2673,13.7243,6.1203,0.6081,21.7082,24.3718,15.1453,15.1616,15.1616,16.6582,21.1189,21.3935,14.8755,8.8751,18.1419,-0.1693,9.175,19.2222,2.3963,6.2269,8.8261,19.2067,4.3823,-1.3412,17.6556,7.8077,21.6846,17.9822,21.009,22.021,20.4038,8.1669,28.9166,23.1097,23.0841,24.7198,25.2204,29.6231,15.1616,15.1616,16.6582,21.1189,21.3935,14.8755,8.8751,18.1419,-0.1693,9.175,19.2222,2.3963,6.2269,8.8261,19.2067,4.3823,-1.3412,17.6556,7.8077,21.6846,17.9822,21.009,22.021,20.4038,8.1669,28.9166,23.1097,23.0841,24.7198,25.2204
5,18.4619,18.4619,25.0238,23.7803,21.2941,23.2606,21.2045,3.0813,14.2365,19.6158,24.7312,-0.5976,17.3716,101.281,229.2215,23.9798,-27.5488,21.1696,-55.1394,17.6401,-36.7811,17.9569,31.7742,23.8107,26.5815,23.3338,22.4371,20.1484,18.4156,18.897,17.3229,-6.4184,-6.4184,3.0113,26.6341,13.0111,15.477,-8.0991,-10.4582,10.4918,23.6892,13.2274,20.1863,17.6605,12.6912,0.6276,12.753,29.3331,28.4844,-10.9227,20.166,1.1695,21.9818,-1.7386,13.9585,15.347,5.4414,-1.0889,-14.9353,8.8566,8.8566,-24.8208,-27.6005,-5.6207,9.5928,13.7288,14.9077,32.8242,17.3652,-22.1596,-66.5565,14.1212,0.5185,-28.0841,31.4325,12.5179,14.102,-5.3102,10.8817,0.3541,10.8625,11.4818,-5.015,3.9232,19.2061,18.9203,19.2274,-16.8039,15.4109,16.4798,29.4019,18.4629,18.1026,22.3347,10.2162,22.7915,41.1734,14.2159,9.0291,16.7182,12.2982,20.7549,-23.2548,2.2379,30.8274,8.8716,92.273,9.8828,16.2601,209.7235,20.5388,506.9067,1.5772,18.2731,6.3839,-18.8571,8.0235,17.0362,16.4581,-26.0654,11.8248,11.7584,6.5959,-0.4974,16.5812,16.6221,25.0373,4.4244,-8.6939,15.2917,16.8787,12.0072,19.9679,17.1257,2.5996,15.6971,9.7031,22.7337,16.007,30.7731,-14.4815,-3.262,22.7189,27.6639,14.3726,31.116,15.1421,6.3001,14.8238,21.6818,33.6744,14.3058,14.297,8.3284,0.6494,17.605,-36.961,15.9815,36.1405,28.1572,16.4697,20.8781,1.8827,31.5064,23.0899,43.7506,25.4843,26.1255,19.0089,23.4213,16.0558,12.4936,25.4222,19.3122,28.3189,21.284,20.3797,20.1276,21.105,25.5866,21.4369,24.478,21.0744,15.0412,29.4015,13.1442,16.0966,20.9291,15.5961,19.3469,16.1505,10.142,25.1407,17.82,19.5699,25.7875,19.4909,15.9513,16.9374,9.9594,14.3422,17.7713,19.7553,20.2469,17.0126,13.6058,29.0831,29.473,30.661,29.8894,26.3637,127.8209,31.1901,18.9083,21.1016,19.7651,8.3825,65.8211,12.9258,19.9522,21.9209,18.1102,36.7746,15.8987,15.7388,24.9028,24.8209,20.2098,20.2371,19.3127,15.8259,11.5056,17.1207,20.0805,14.6983,21.0323,27.5886,15.1972,13.2828,74.1275,18.6858,15.3751,18.7908,19.5499,14.1819,17.1127,11.5419,9.4253,19.3171,11.956,14.0312,6.4831,-8.9531,-5.5746,26.9259,23.1746,14.1701,26.1325,17.9502,46.5009,19.0585,39.9259,21.0288,40.9866,21.0879,15.4198,19.3267,21.3852,8.2823,6.3735,59.8055,20.9315,12.4111,15.2612,14.5437,23.1708,19.7644,21.8964,10.9264,16.6517,12.5265,6.992,14.4783,12.6846,19.2006,18.3619,6.1935,8.267,12.9322,10.7058,15.6764,-0.5662,9.2152,2.4444,13.3218,16.6382,17.2037,22.1497,16.3127,2.9741,7.0352,37.0042,20.7286,6.0568,14.7695,20.0523,45.9395,10.3445,25.3934,11.3846,5.5858,14.5417,5.5817,6.2738,18.2164,-2.2201,-8.5491,8.2988,17.1605,1.9601,1.2949,15.9952,7.9344,8.9716,2.9345,19.8099,22.3542,18.069,5.6377,27.1809,29.8412,28.1894,24.53,23.2157,26.7494,14.7695,20.0523,45.9395,10.3445,25.3934,11.3846,5.5858,14.5417,5.5817,6.2738,18.2164,-2.2201,-8.5491,8.2988,17.1605,1.9601,1.2949,15.9952,7.9344,8.9716,2.9345,19.8099,22.3542,18.069,5.6377,27.1809,29.8412,28.1894,24.53,23.2157
6,25.7486,18.8221,23.9768,22.7698,22.3454,23.4558,107.3549,-19.9452,31.36,19.4221,19.4115,-14.1766,14.866,154.6939,147.0766,13.6975,-14.4168,26.7898,-77.6358,28.6717,-7.1975,27.9785,28.4834,23.4747,45.6956,27.6801,17.7279,20.4231,18.9266,17.4207,17.103,2.5381,2.5381,9.2768,16.9575,14.0957,16.3195,-12.0994,-20.3177,10.3581,14.6316,17.707,17.7456,15.9418,12.6862,-14.501,75.6255,32.3043,16.4228,15.0077,17.6012,-8.6187,20.5686,-3.9298,29.4153,14.7921,2.8897,5.8796,2.563,12.1722,7.7789,-25.0334,-27.3747,-2.8371,9.5731,14.0312,34.695,39.3816,16.3074,-23.7935,-62.3286,13.513,1.3014,-24.941,28.6996,10.3186,16.3416,-14.9489,13.7487,-1.7785,15.7712,9.5611,-7.1335,-6.0541,21.4675,17.5101,17.9649,-27.198,11.8004,7.8428,4.8474,7.07,12.7033,18.8754,9.1003,14.0265,9.0808,12.1552,8.5912,11.4708,-6.6751,18.3014,-17.3566,9.1871,5.3525,8.4415,22.9393,8.9818,15.3792,10.609,22.2655,353.6005,10.4712,21.2625,6.571,-16.1838,4.1729,38.017,16.8932,-31.9481,31.7936,31.7224,11.3484,35.2321,14.0516,16.1819,14.3347,1.4691,-21.534,13.3918,17.5964,20.1915,19.0655,17.734,2.5613,21.8284,2.3402,10.9578,23.719,17.8751,-15.6829,-0.622,18.6978,27.3374,8.7647,28.7751,14.693,9.3527,15.2326,21.7476,15.6108,13.5383,13.6432,0.6246,6.0376,19.2066,-6.032,15.1812,31.8725,18.2746,16.3923,22.0045,1.173,22.3115,24.4911,13.8933,22.0483,21.9387,25.4945,21.6581,16.0957,12.7403,22.1217,18.5308,177.335,26.5349,282.9165,19.8834,20.9684,36.0457,22.0638,22.9127,21.7436,15.5658,18.6267,12.2703,13.797,25.1184,12.1906,19.6385,15.1578,11.0945,27.5549,58.5281,26.3625,24.5919,204.6283,56.1969,16.5504,2.5417,11.857,18.1698,18.9978,19.7035,15.8843,14.2149,27.8197,28.6303,31.8911,23.5895,25.3333,22.4111,22.9086,173.1165,20.2574,17.0319,12.8128,26.1045,13.478,17.6573,21.7701,18.7769,20.7315,17.1373,14.4024,18.1294,17.7389,19.3551,19.6291,12.8708,13.5748,16.6983,12.6433,19.5681,16.4773,20.7217,17.8235,14.9851,14.677,-0.7288,16.8321,15.5652,18.6485,19.4683,11.2005,10.7261,6.6305,15.1429,19.5307,11.3156,8.429,-16.9384,-3.0817,-18.2436,8.255,15.7744,15.0151,17.259,18.5303,24.4705,-4.1899,22.268,18.9076,49.0186,14.2521,16.5663,16.8721,19.4369,12.3648,15.773,25.4728,21.042,12.0254,32.1272,15.4702,20.244,7.744,20.4721,7.2189,17.4083,4.9209,16.6957,12.517,-5.6139,15.6428,10.9186,-5.854,1.9139,12.8112,5.597,20.4785,10.0553,6.8701,7.4128,11.3847,12.0573,16.7731,25.252,9.0935,4.4434,2.4841,29.2501,14.993,-13.2418,6.215,24.0892,24.3605,37.1196,22.1256,13.7386,19.4622,12.8045,11.6624,16.7957,20.7866,-4.2222,-12.0583,11.8137,17.9464,-4.7091,7.5741,15.8826,7.5323,24.8435,-2.6758,20.4583,33.1376,26.2564,17.4768,26.0582,43.6998,25.7228,24.7317,25.22,25.22,6.215,24.0892,24.3605,37.1196,22.1256,13.7386,19.4622,12.8045,11.6624,16.7957,20.7866,-4.2222,-12.0583,11.8137,17.9464,-4.7091,7.5741,15.8826,7.5323,24.8435,-2.6758,20.4583,33.1376,26.2564,17.4768,26.0582,43.6998,25.7228,24.7317,25.22
7,25.9053,14.981,24.3987,21.8587,23.5743,24.7523,34.215,-2.6177,19.1312,17.6862,19.8567,-10.6075,21.9625,130.2964,168.4254,60.5121,-2.6066,26.1956,-81.4149,32.2407,4.4021,31.7432,29.9124,23.2497,27.753,23.8566,17.5484,20.1643,19.9004,17.614,16.6372,12.5533,-1.1007,8.532,16.0409,12.8472,16.3549,-8.6212,-23.164,11.0156,17.8362,14.7328,18.3912,14.3243,12.8462,-14.0733,14.8378,25.9783,16.2149,24.3209,16.2292,0.0794,15.1453,-2.1578,25.0297,10.5916,-28.0287,-4.2917,5.7508,8.8318,8.3993,-22.5845,-18.1776,6.899,11.1264,16.5413,28.2342,21.6373,15.6956,-22.7252,-74.1836,11.3203,5.8747,-22.2663,16.8837,9.6539,17.2666,-11.9678,19.7763,-1.0455,18.1272,15.8239,-8.8464,-0.6222,23.0064,17.6446,16.0338,-20.0646,-3.7167,-0.0177,10.6447,6.1264,9.9546,17.5718,13.1048,16.598,3.4501,11.6193,4.4981,17.3676,-10.3119,17.3368,-25.1662,4.5212,8.9807,10.4996,19.184,7.1767,17.3147,10.2987,18.2735,245.9522,6.6026,23.3107,2.8922,-23.9044,1.8551,49.2222,14.846,-34.0706,20.5252,19.9012,12.1717,17.2862,10.8834,12.1166,20.0187,-13.3714,-11.4837,13.0504,17.2988,25.967,19.5407,14.5093,3.4304,14.5365,11.5855,-11.275,-8.0976,-1.5947,-39.1559,-10.1979,14.224,9.834,-16.8797,24.4977,14.9523,9.9435,14.8445,22.2612,14.7648,18.957,11.5916,-20.4726,0.7977,12.9704,-34.9249,13.5532,30.6551,37.1018,15.3534,21.8086,-2.8722,23.4929,16.6511,20.4789,18.8207,17.2756,15.8651,22.3073,16.971,12.7227,19.5216,18.6708,36.1281,19.6103,68.1013,17.808,14.0275,28.9217,17.8901,19.8192,18.0859,12.67,10.8833,10.3327,13.0173,22.1985,14.0843,18.5948,14.369,9.7629,20.1534,19.5035,21.3272,22.1736,49.6067,34.2319,15.9725,8.8419,12.7886,17.454,19.2169,19.613,15.0553,14.9854,26.3667,25.7216,37.7709,19.5914,23.5132,23.9557,21.8612,36.1773,18.1919,17.9745,8.9515,9.5064,13.6431,14.7407,21.2118,18.247,20.7632,17.4434,15.5968,14.0552,21.4264,18.7201,19.6272,2.2168,13.8211,13.1689,15.3006,13.9183,16.5143,19.527,19.1967,11.3226,26.5092,-0.6288,13.0489,15.7444,18.307,19.348,10.1311,11.3896,14.5053,18.5339,19.9198,11.7915,6.6945,-2.1618,-0.7815,-26.4868,14.0505,12.0642,8.0448,12.5221,18.9033,23.2343,16.5515,21.778,17.2626,51.2422,16.3672,16.3485,15.6254,20.2396,12.6868,17.4025,22.686,21.0499,11.4522,25.7789,13.7438,20.6423,18.2427,-0.3891,17.0293,17.7457,6.5456,22.9911,12.3237,2.7247,15.8583,11.8574,3.7842,6.6135,15.8849,1.3651,20.1134,6.8808,11.8734,6.7666,11.1623,10.1167,18.5101,19.9938,10.1018,-0.3291,1.2287,21.9389,12.1628,-27.8814,-0.6784,21.6164,19.8651,12.313,16.5481,11.6687,6.8526,8.6433,8.3341,8.9292,19.118,-12.7086,-17.707,13.6283,20.5565,-6.9364,1.4613,13.1274,10.0716,24.1238,1.7809,19.4727,38.256,32.9372,10.8176,23.3728,37.4883,20.1492,25.1211,21.9072,21.9072,-0.6784,21.6164,19.8651,12.313,16.5481,11.6687,6.8526,8.6433,8.3341,8.9292,19.118,-12.7086,-17.707,13.6283,20.5565,-6.9364,1.4613,13.1274,10.0716,24.1238,1.7809,19.4727,38.256,32.9372,10.8176,23.3728,37.4883,20.1492,25.1211,21.9072
8,24.9469,17.8508,29.3465,18.4416,21.3923,24.1978,48.7684,5.5425,20.4651,32.7344,20.7634,-3.0644,17.3472,143.6752,150.2467,86.3011,-4.6625,20.8076,-77.0368,28.2735,1.6811,42.6252,28.9786,23.4318,24.2727,24.4873,16.855,20.2268,21.3377,17.9976,16.133,13.8421,4.403,0.9939,32.0809,12.3406,17.0559,0.4666,-19.8017,11.3821,14.4356,12.4813,18.3906,13.9419,12.7299,-18.1806,15.0295,22.3796,14.3621,29.3554,14.3808,6.4025,9.7304,8.4083,25.3578,13.4984,-19.2207,1.5365,11.2812,9.2234,9.8577,-20.6482,-6.2901,7.499,11.9692,15.5874,23.075,19.5823,14.4473,-13.6894,-48.3574,14.9068,2.6161,-27.4309,16.5394,12.7247,17.3293,-7.5303,24.3658,1.2036,20.0513,17.9148,-11.1216,-12.1335,21.9271,17.5106,13.9197,-10.6589,7.7856,13.8627,10.3426,6.4387,8.7504,16.5706,12.4295,14.1408,8.7461,12.5862,10.8243,17.3704,3.6224,17.0931,-14.7018,5.6767,12.497,5.2387,12.402,8.7402,17.0169,9.0774,17.6879,385.7985,-1.0031,19.7409,8.8732,-13.2801,-5.7569,21.5026,15.1266,-33.6757,3.1806,34.5524,12.3987,19.0188,10.8958,13.7432,13.5206,-10.0626,5.094,8.2267,17.6996,22.3704,25.0687,14.1189,8.3122,14.6443,12.4552,2.6268,-14.3659,-11.3277,-37.7098,-20.6939,2.5038,11.2733,-30.0895,15.6805,16.2351,11.3136,14.1489,14.347,16.6388,15.2519,12.2004,-23.1131,4.4522,12.76,-44.3517,12.1323,27.7686,29.4473,17.6392,21.114,1.5429,6.4766,13.0551,19.0606,8.6932,15.9633,15.8346,17.4228,17.1929,13.2204,13.9184,18.5134,42.3175,20.8796,40.7573,18.8397,21.0159,29.6301,14.0389,18.4091,17.2234,15.0214,16.0127,10.1462,12.3937,14.7817,12.7904,18.4722,13.5238,8.5128,16.9273,27.0548,14.0244,22.6693,34.4149,19.352,17.6189,5.4349,12.3427,17.3002,19.9426,19.9143,14.6296,15.0544,20.2872,25.8543,27.0167,23.3319,13.5401,22.6129,15.6111,18.3249,16.9508,19.0923,9.2578,8.7287,13.5648,17.2675,18.9703,17.5799,20.5207,17.2936,14.7241,15.2436,17.2712,18.3216,17.9383,-0.3854,13.5637,15.9002,12.4105,15.9766,14.2848,21.1691,16.2391,12.915,16.3016,-1.01,10.0074,15.1789,17.6594,19.0728,8.4092,11.9296,14.7622,18.6303,18.2864,12.5674,7.4137,-3.4505,-0.7406,-7.0282,7.8011,10.9228,4.5422,17.2072,19.5092,18.4714,25.7726,20.7647,15.9535,34.4958,16.5829,16.9002,9.9464,19.7819,15.5657,19.6512,22.2264,21.7281,10.0922,4.8162,1.5897,15.4025,20.1106,-4.9996,19.1752,17.2908,11.0598,20.4213,7.4048,9.1582,15.2428,16.1809,11.789,7.5198,20.7028,7.4629,23.367,13.8588,9.6999,8.6365,2.4889,14.3172,17.8042,21.5644,12.5526,4.0169,2.8065,24.7148,10.8796,-16.7024,3.9699,22.9215,21.2753,13.207,41.3959,12.4372,11.1845,9.2898,3.96,10.6107,19.4297,-1.6858,-24.4158,14.005,23.0969,0.3023,9.2449,5.5491,4.6698,20.9926,3.7376,20.171,35.825,34.8397,10.0773,37.9221,37.9136,20.9477,24.9713,21.1688,21.1688,3.9699,22.9215,21.2753,13.207,41.3959,12.4372,11.1845,9.2898,3.96,10.6107,19.4297,-1.6858,-24.4158,14.005,23.0969,0.3023,9.2449,5.5491,4.6698,20.9926,3.7376,20.171,35.825,34.8397,10.0773,37.9221,37.9136,20.9477,24.9713,21.1688
9,22.7937,43.7237,23.9601,19.9386,20.5627,21.652,24.3196,9.0695,23.0756,36.428,27.7034,10.4617,17.4452,130.2932,150.5676,109.5408,16.2552,17.599,-46.4654,27.7452,-2.874,28.4464,34.1275,24.3175,24.6112,24.849,17.527,20.1329,22.3115,19.1032,16.9136,13.9046,13.0676,8.4319,18.1139,12.9271,18.3802,-12.1624,-17.1903,11.5403,13.08,13.5493,18.4753,13.562,11.221,-26.6526,10.017,12.983,32.1224,28.2642,17.5626,11.7522,13.1233,5.7506,24.2972,12.499,-11.5228,-2.3422,14.7579,17.9709,26.5862,-19.586,-2.5627,7.647,11.9621,13.7304,50.91,15.7,14.0996,-10.7154,-42.3446,15.4216,9.1693,-23.8942,21.2878,23.2998,15.4432,-7.8248,18.6324,13.1963,23.9861,15.1903,-11.086,1.0184,32.509,18.082,17.3754,-19.0489,7.247,12.7822,14.7244,9.5977,8.925,18.4651,19.0717,20.274,9.6314,15.4088,12.7122,15.8212,5.2469,16.729,-18.2451,2.4176,11.2159,10.554,14.4483,14.0733,16.6412,9.4609,18.1555,449.5705,8.7801,15.076,11.2556,-12.7037,-9.5853,11.5794,19.4782,-29.0002,11.7004,77.3418,11.6954,35.1183,13.1537,24.4378,9.7851,2.8276,12.2033,7.7355,18.5151,23.6572,25.5716,14.1223,13.4288,15.0381,15.6602,3.38,-12.9342,8.3004,-29.9207,-2.6383,5.4168,14.4899,-32.014,13.2722,15.5675,12.9576,16.5314,12.2928,15.9724,16.7773,6.2258,-21.2912,7.1463,16.5014,-27.738,11.3117,21.4627,17.9118,17.7613,22.1536,-0.5915,18.3856,4.2748,17.1837,5.4259,20.0258,17.3073,28.5573,17.6164,12.4865,12.2135,18.0217,37.9859,16.7605,23.6364,20.064,25.5537,27.6717,12.9014,13.2995,19.757,14.7168,24.4059,11.04,11.225,11.6609,12.6642,17.5428,13.1588,9.6107,15.4769,18.9206,1.1665,20.3968,21.9558,17.6597,17.9103,10.0096,12.9391,17.5411,21.8438,20.3897,15.861,16.0649,19.2499,26.2231,26.901,19.8915,18.3582,22.9601,14.6706,19.7688,17.3192,19.1964,3.4427,0.0118,13.0814,17.013,18.8092,17.5821,20.6677,20.8676,13.8371,14.7702,15.3623,17.5862,16.07,0.5283,14.5318,15.9731,13.8831,22.7004,15.1821,18.4222,11.4568,16.1483,17.8172,2.4475,11.9959,15.4542,17.2403,19.0513,10.6143,11.1745,14.3952,17.5859,15.0111,15.4631,8.2401,6.234,1.6635,-16.4361,16.2781,6.7973,7.334,13.2395,14.7446,17.4978,13.3114,31.1848,16.8659,43.6747,12.7113,23.6449,11.6552,19.3403,17.6007,20.6227,21.188,20.5756,15.1922,14.9344,-17.1073,13.4071,15.5326,-4.4265,8.6169,18.3369,15.9685,18.5941,12.9071,26.2695,14.9547,-10.4137,14.0941,0.7374,23.6291,11.5763,22.5712,18.4133,9.0097,9.8287,9.8573,16.2599,13.6749,20.8356,11.6063,9.4424,1.5995,30.139,11.8324,-17.9549,6.2715,20.1922,31.0358,16.7234,15.6607,12.7109,13.4425,9.1053,7.1512,11.9878,19.598,0.1732,-27.755,16.1871,27.006,-10.9103,11.7291,10.7599,-0.746,16.2955,5.4606,22.1826,32.752,30.5126,6.9752,23.9741,35.0686,20.7851,27.3346,23.4588,23.4588,6.2715,20.1922,31.0358,16.7234,15.6607,12.7109,13.4425,9.1053,7.1512,11.9878,19.598,0.1732,-27.755,16.1871,27.006,-10.9103,11.7291,10.7599,-0.746,16.2955,5.4606,22.1826,32.752,30.5126,6.9752,23.9741,35.0686,20.7851,27.3346,23.4588
10,21.5032,25.7469,24.8004,19.5986,20.5393,20.7176,27.6321,12.0975,32.9651,24.9808,31.6787,18.1066,3.2435,123.0241,189.0165,96.339,-8.4773,63.1126,-38.5859,23.5502,9.1334,61.6583,36.6284,27.2373,28.9364,28.1664,18.4173,18.5148,22.8765,19.8324,19.036,7.9114,12.9159,2.0714,20.4696,13.3666,22.1396,-5.0083,-3.7111,15.6016,11.2788,18.8056,18.5756,13.8145,11.4455,-17.0209,4.171,11.7738,27.8094,32.8073,19.6775,14.6397,4.6032,0.274,22.6504,14.0999,-2.2492,-5.0024,16.6426,16.8733,28.098,-19.4773,-28.0509,12.2538,17.2018,13.9011,58.513,11.4913,12.5387,0.3428,-29.2773,23.229,13.4934,-7.4863,21.1554,15.2541,17.2939,-6.6098,19.0466,16.4246,29.2847,14.8962,-0.408,43.5422,24.5786,23.7652,20.5323,-14.471,8.8971,5.7234,24.3197,8.6377,16.7277,22.3987,23.278,14.4611,10.8011,18.0075,29.4535,20.4079,7.2014,18.9881,-16.3743,-0.1795,19.1844,39.2918,19.5151,15.4534,278.6624,10.1372,20.9415,81.2529,15.4771,32.1189,14.8794,-15.4888,21.3322,9.1539,23.9892,-19.5815,21.3949,154.8465,19.7135,13.7201,13.563,29.1189,1.4729,10.7368,12.7074,14.7678,18.5875,18.1678,24.4202,14.7211,16.6278,20.8613,17.7962,-7.7318,-13.9102,12.6786,-23.1987,8.9963,15.2684,19.3082,-24.3009,15.8495,16.5564,14.124,22.5299,15.9921,23.9679,19.4506,-5.6364,2.5904,12.2029,15.4314,-7.5891,11.5847,36.3987,16.8772,23.8031,23.0459,-9.3252,20.2916,10.5331,18.6645,4.2729,26.6593,13.0504,28.7826,18.9932,13.5348,-1.3413,17.2725,21.1037,16.9862,66.9366,20.1761,31.6578,16.0229,10.1607,14.4112,23.9902,14.3408,18.8085,4.6569,6.5695,10.8246,10.7736,17.3168,13.387,11.4418,18.6078,22.7581,-4.178,25.9916,15.6136,17.2384,18.186,13.2505,14.3856,16.7055,22.0025,21.528,22.3376,18.5518,22.3718,22.6705,30.5978,23.994,24.1971,22.7671,16.5931,19.6219,18.3482,18.7894,6.6193,8.294,15.2204,21.3382,21.7706,19.4677,21.3982,22.1049,14.5688,26.8059,15.7431,18.0084,15.3233,0.6558,17.7621,17.368,18.1702,26.9108,16.6668,22.2699,4.7413,19.3149,19.3289,13.1081,13.7462,20.8576,17.6874,18.7976,10.5182,17.1058,18.372,22.8776,17.3205,15.1214,12.4512,21.1523,13.5711,5.9405,28.438,9.95,14.317,12.4971,22.987,21.2373,11.6192,40.8829,21.5166,33.5334,14.3546,26.8558,13.9841,20.1459,19.9959,20.9469,20.257,19.9457,16.7859,23.5933,10.6446,18.0393,20.7646,-4.3769,3.9102,19.0234,12.4391,26.8064,18.5102,36.1506,19.7978,-13.9612,18.4078,6.4507,29.2101,15.0662,36.4707,15.7424,13.5092,12.5732,16.6161,23.7843,13.9669,26.6063,11.5301,17.5159,11.0269,31.8307,19.2078,10.5745,2.6705,26.382,20.7321,39.21,16.2723,16.037,13.5102,7.7672,-0.3762,11.8079,23.19,1.0742,-11.7145,20.584,25.5011,-12.6284,16.0967,-0.3283,-6.3415,13.7943,7.6889,24.1685,30.2038,35.7714,11.0371,23.9048,30.7937,18.5274,28.4957,21.6066,21.6066,2.6705,26.382,20.7321,39.21,16.2723,16.037,13.5102,7.7672,-0.3762,11.8079,23.19,1.0742,-11.7145,20.584,25.5011,-12.6284,16.0967,-0.3283,-6.3415,13.7943,7.6889,24.1685,30.2038,35.7714,11.0371,23.9048,30.7937,18.5274,28.4957,21.6066
11,21.0663,19.6624,26.7017,94.9009,22.6695,22.5856,29.9628,23.4639,45.9753,28.3497,43.4364,26.341,0.8093,125.1054,190.9464,137.0306,22.7464,35.2297,-15.195,27.4451,26.6028,42.9709,50.6016,25.6217,47.2315,27.6545,19.6686,19.8606,26.1832,26.5543,23.1385,10.9573,12.7637,-2.5812,23.204,14.0273,29.6944,4.1673,7.1798,25.3289,11.7028,11.3245,16.1094,14.6014,14.1683,1.6515,12.5113,12.7533,31.7522,17.1634,22.476,14.8441,14.9852,10.9304,24.7302,16.2869,-4.3711,-3.2186,39.4772,20.2058,20.94,-25.7727,-19.7307,15.3863,27.7015,29.1476,87.5116,14.2998,20.0767,3.8678,1.7077,25.6308,23.1992,-20.6044,16.7233,17.3496,21.3242,11.5911,30.4779,17.0589,21.7023,33.4245,5.289,11.8785,21.5731,29.9797,15.8354,7.6872,7.9703,-5.76,40.2702,11.2475,27.5004,30.6817,31.1881,8.1982,22.633,15.5737,27.4109,33.9325,27.5248,19.6868,1.3262,3.1742,53.7165,22.4464,23.7916,14.4343,23.0024,13.781,24.495,9.0566,17.4769,60.099,16.1544,-1.2058,15.1322,3.2135,25.795,-29.7552,31.6171,77.1128,40.2585,-33.4205,14.7787,12.8555,-30.1757,24.579,13.1635,11.5341,18.0752,18.0042,27.1417,15.233,16.5551,19.8781,20.1756,-29.1442,-27.7012,4.6288,-7.3941,16.2914,26.8186,22.0669,-29.8714,10.9966,15.4121,17.5735,20.1032,16.7411,25.9386,15.925,-1.1054,5.1065,11.9605,15.5889,5.1361,11.6589,18.0762,22.7785,21.3736,22.1194,-11.3405,19.0161,12.4754,4.72,-27.6095,26.3444,11.6011,22.2791,20.4898,14.0136,-7.7831,16.6347,18.2977,16.2013,20.4751,21.6473,25.6566,9.9347,6.4138,18.975,24.5875,16.6987,14.7628,1.4542,3.9132,-16.0918,11.9464,17.1154,14.4789,11.9462,21.3601,18.2767,6.548,22.9168,19.0673,17.5469,17.8459,13.5976,15.9585,17.21,22.4029,22.0062,20.052,19.8481,22.5961,16.6549,27.6004,22.6181,27.4466,19.4003,13.0558,17.9939,16.5239,16.8288,12.7821,13.1311,14.8687,17.847,21.1125,19.3095,14.3117,20.8748,15.1673,28.141,13.9722,18.2506,6.0477,0.001,20.1091,18.1805,18.7033,28.6296,20.4521,20.0593,-1.2885,23.5683,20.5608,13.1436,13.99,20.7367,17.4855,17.9925,4.502,20.2712,20.3193,20.172,17.8344,15.2332,-17.867,10.5045,18.9701,14.9549,25.33,16.9287,14.1905,15.8736,22.2684,24.1554,18.0236,44.7257,21.1336,32.5651,14.4735,26.0306,16.1837,22.0454,22.2705,26.1431,18.6472,19.6911,21.6975,30.106,27.6291,23.0637,22.3086,18.0335,4.5128,18.2985,18.1642,25.0062,25.6173,31.8776,23.5936,-6.8224,22.4121,16.2241,40.267,41.0482,43.7046,25.9419,18.6138,38.6084,25.4832,39.0681,23.5312,23.2509,15.832,15.6841,21.6447,40.4845,24.048,17.5006,12.051,32.3465,17.4603,78.6559,20.5562,17.139,147.2428,12.7667,1.2671,11.1241,33.2106,7.2885,8.1694,23.8467,39.1008,-7.939,16.1096,7.3812,0.374,15.4506,17.061,26.5615,21.8289,28.8582,10.6376,21.6195,35.556,19.0076,36.508,26.9197,26.9197,12.051,32.3465,17.4603,78.6559,20.5562,17.139,147.2428,12.7667,1.2671,11.1241,33.2106,7.2885,8.1694,23.8467,39.1008,-7.939,16.1096,7.3812,0.374,15.4506,17.061,26.5615,21.8289,28.8582,10.6376,21.6195,35.556,19.0076,36.508,26.9197
12,22.6134,18.399,28.7585,36.6253,18.4592,26.984,32.2528,15.8666,58.6542,35.7113,47.3873,28.2607,-3.9171,141.5622,213.4313,238.4689,114.5947,40.3052,17.0886,18.9357,13.108,34.0597,42.6184,30.252,33.9385,30.4028,21.5065,20.9897,28.0547,22.7194,26.0117,12.8292,17.5287,-9.8769,19.0588,18.714,68.6458,10.1141,9.7681,23.5404,11.986,11.5868,17.1486,14.2314,15.9184,14.1593,5.8156,13.4027,19.774,20.8609,29.0644,21.5167,35.8732,15.3118,25.0195,17.1238,5.2918,5.3835,20.687,22.2892,17.8948,-19.2439,1.1436,9.219,24.0183,21.505,37.4273,14.6468,15.0293,16.2529,5.4724,13.4497,10.8717,7.5513,16.2414,22.4316,21.4086,4.3237,43.6283,18.2562,18.4787,26.9361,13.02,16.8388,19.404,34.973,15.8916,10.0753,6.1806,5.5559,25.058,11.8139,15.358,24.7576,19.4617,21.2519,20.0477,11.9196,16.7483,20.4052,22.9345,27.1497,2.4732,-6.5559,43.3591,35.5953,20.5912,11.8706,23.1334,19.362,21.0143,7.6947,6.3816,17.9734,15.4622,6.0681,16.5494,16.1841,21.5594,-15.3537,31.5754,31.5561,16.2408,11.8746,16.2425,21.7313,-13.3425,25.679,17.9335,14.4085,18.3204,17.0503,24.4877,17.1653,18.3368,18.5818,22.8638,-12.2581,1.0603,6.6105,3.186,18.0037,22.3792,24.4674,-22.7775,16.2706,17.6759,22.5615,22.8899,32.9459,43.0651,17.373,3.1697,10.865,11.3125,20.826,14.6202,22.2441,25.1772,27.1136,24.3307,23.1029,11.6042,14.4802,26.4833,11.0602,17.6456,26.9859,14.4247,24.039,22.99,19.7841,14.225,18.1342,27.5302,22.6657,22.4315,24.2512,38.8286,22.0156,15.8625,21.5999,25.9803,21.254,13.7917,8.5689,9.6381,0.7622,26.2845,19.4273,18.1838,16.8416,23.5559,19.7338,15.0347,19.8332,20.9958,15.4493,21.5212,16.9166,19.1847,18.1,29.8975,27.7507,19.5614,20.2568,24.1656,21.5986,31.4828,22.6531,25.7742,20.8133,12.6838,19.8394,18.7681,19.4968,14.4439,12.7787,16.805,17.3629,22.935,20.0598,15.0,21.2886,18.8035,27.9773,16.9114,20.2202,13.0544,6.9858,20.1349,19.8625,19.4901,15.6223,12.6172,17.8237,11.3478,20.6971,19.8272,14.0697,17.7165,21.3037,18.1847,17.4097,8.2713,25.4722,20.0017,19.5153,20.7432,18.7449,-0.4103,-3.8713,-1.8221,11.1258,22.0305,17.3139,14.226,16.45,22.3344,19.0499,18.6847,33.5536,17.7838,18.7997,15.6739,23.9561,16.7222,21.9128,20.72,22.3399,18.1824,19.1908,19.649,33.5652,22.4589,24.0706,22.9752,2.2802,14.2341,18.5817,17.3749,23.9987,22.7531,27.0544,37.247,-2.1281,23.9077,26.3685,27.992,124.9482,35.1917,31.7459,16.8328,33.2104,21.8124,98.1475,32.8978,28.3219,17.8414,19.3591,17.9156,38.222,20.2721,21.799,13.9354,25.6121,17.2648,20.6644,19.9554,26.6672,34.7687,17.6281,6.6268,9.9233,39.901,7.8044,16.458,28.2338,51.3379,-4.0197,18.4794,33.1323,8.8116,43.0396,45.5266,30.0019,26.2605,33.2769,18.612,25.5602,27.6184,20.3124,34.8724,26.4862,26.4862,13.9354,25.6121,17.2648,20.6644,19.9554,26.6672,34.7687,17.6281,6.6268,9.9233,39.901,7.8044,16.458,28.2338,51.3379,-4.0197,18.4794,33.1323,8.8116,43.0396,45.5266,30.0019,26.2605,33.2769,18.612,25.5602,27.6184,20.3124,34.8724,26.4862
13,28.6724,23.0558,31.1142,28.6849,26.4448,26.7279,26.7379,22.1223,62.2086,35.4751,26.7713,33.224,-6.2282,217.7269,252.4976,256.5163,161.2691,39.3678,34.1722,22.9281,13.932,46.5202,62.8975,27.9833,48.201,42.0557,21.5418,22.4828,23.9606,20.7795,23.0581,12.4899,21.058,5.9355,17.0832,26.3759,21.6819,9.0312,14.0076,19.4459,12.6351,11.6257,18.0659,14.6595,15.6023,14.4623,7.7975,24.3829,29.2479,12.3109,17.0566,18.5748,22.25,12.6152,25.5379,14.8455,7.6577,5.8726,14.0413,19.5912,14.0948,-20.0621,7.707,10.9747,19.1368,21.5278,40.6605,20.6836,15.1959,25.1865,15.0227,13.1314,10.7864,15.6141,14.3893,19.8138,92.1447,-5.6705,19.649,16.636,16.9786,23.6008,19.3951,15.9693,6.2678,31.7591,12.9361,13.351,18.8464,15.2742,52.5291,12.9252,14.3694,24.4123,11.0082,18.4447,19.6857,16.5023,20.8976,24.2535,18.9207,28.1936,3.8474,7.3479,14.9135,77.7014,20.754,10.1286,22.3414,19.3361,33.029,13.2168,8.1951,20.6486,28.5377,11.4419,13.3734,9.4248,25.4929,1.9473,29.3729,32.9269,21.9814,44.784,24.6425,33.9929,9.9734,24.6621,35.9343,71.4932,22.6021,21.3554,42.1295,27.3425,13.3046,26.8636,34.8371,14.5433,7.2685,8.4782,0.2132,18.9797,34.0557,29.0913,1.4886,20.4142,22.8656,19.9371,27.605,68.0805,37.4492,24.4446,13.8183,11.5335,12.2876,24.5226,16.4301,26.2225,30.8279,18.9348,26.0922,32.0478,21.7897,12.2714,33.7738,27.6783,23.09,22.0848,15.3907,19.0965,28.6141,23.1701,16.323,24.9939,55.9548,26.8609,19.93,19.7492,25.321,20.3359,17.9356,21.8814,26.9359,29.8695,29.9168,12.6734,17.8791,10.3017,32.0121,23.6498,27.8731,43.048,23.8455,29.7284,16.1697,26.6375,20.3507,18.8458,33.0426,20.1542,19.3409,22.6592,27.5012,24.6429,24.1976,23.0929,32.556,243.4217,31.5922,21.3175,24.8136,21.0747,22.9183,24.488,22.0214,23.9186,25.5992,19.2976,19.9416,17.1401,20.8279,21.1081,21.4596,21.0553,20.9402,20.4069,25.0761,33.322,20.2947,18.7104,20.9806,20.1177,17.6838,17.567,13.3048,18.905,15.0911,29.7174,26.0651,20.6796,29.0139,21.3378,21.8174,25.9191,19.2884,24.7848,25.4707,24.9812,25.2726,69.1157,5.9997,3.555,-11.6545,5.0635,23.5742,17.3093,14.0662,28.4207,40.3586,33.3425,23.3836,32.2342,18.7202,31.2032,19.0974,25.7731,18.7778,21.8711,21.6859,22.5804,13.186,19.0755,14.9086,31.1407,12.4351,22.0335,22.4026,21.5544,16.8074,17.1727,17.0034,14.2849,20.267,17.6037,21.5657,-10.22,24.4674,27.6965,24.815,31.6903,40.2621,25.6215,11.2231,30.4519,16.5635,19.3426,24.4097,24.8688,16.324,12.9872,17.2465,19.123,18.024,18.6818,10.7925,20.6816,20.1431,85.5467,18.5309,16.7833,22.5708,16.5519,10.8872,11.7164,34.8878,12.5827,17.9938,21.9901,20.5855,0.4372,14.1257,16.8899,12.0629,36.0299,20.4271,35.6185,20.9192,22.6386,15.3193,20.6023,24.2457,22.9005,36.2504,23.1381,23.1381,10.7925,20.6816,20.1431,85.5467,18.5309,16.7833,22.5708,16.5519,10.8872,11.7164,34.8878,12.5827,17.9938,21.9901,20.5855,0.4372,14.1257,16.8899,12.0629,36.0299,20.4271,35.6185,20.9192,22.6386,15.3193,20.6023,24.2457,22.9005,36.2504,23.1381
14,26.6938,19.2135,31.7058,21.2886,24.2306,21.8376,24.8129,23.8811,55.7687,26.6235,25.6922,31.6097,0.5282,352.2351,224.4167,255.6478,8.3668,35.228,23.4873,35.7923,14.6487,110.1075,38.2772,31.2377,32.1631,29.0513,21.7436,22.2269,22.935,24.5827,21.7725,10.3348,16.5896,2.8709,18.2664,18.7741,19.2895,11.808,7.3632,25.7277,16.0052,15.0376,27.5114,16.068,12.8346,12.9047,9.1,25.294,36.8179,12.3017,15.1556,13.8249,19.849,143.0057,16.8235,19.9287,8.7425,-0.4683,20.9916,20.9156,11.0749,-14.5432,11.4064,12.2824,23.9509,15.5106,27.7018,99.0403,86.3826,23.655,16.267,120.2466,40.4056,17.9043,21.9786,29.3544,24.1676,4.7729,23.6091,17.2401,24.6637,24.4985,21.3669,12.7549,21.3105,27.6546,24.3609,14.5243,18.028,17.7002,31.0824,12.8659,13.052,33.7269,17.3994,23.7575,22.9726,19.0106,18.2221,21.9593,10.7953,32.371,3.9038,12.4216,18.6302,21.1572,18.047,11.0139,14.171,10.5266,20.8521,24.5746,13.1776,24.0871,37.3147,10.7963,18.6803,18.1949,27.296,-0.9701,35.1846,38.8284,23.4243,23.7612,18.1252,21.6651,18.6176,28.8281,17.9377,25.346,23.1975,19.6332,24.2578,19.043,13.3199,21.5583,29.9581,17.2962,11.2849,28.8938,18.909,19.0756,25.7081,21.5404,11.713,27.4509,18.733,16.6093,24.6716,37.1199,22.6035,20.6399,12.2274,34.1751,16.5468,30.2969,17.2979,93.2884,21.5071,31.9999,25.1479,25.6419,17.7414,18.6301,27.5703,22.5679,30.4467,27.7161,18.6559,19.635,24.5224,18.1094,24.4987,24.0718,28.6375,61.4135,23.0208,19.2381,22.2441,21.6275,18.6266,30.5642,24.8685,21.6651,21.1185,19.0221,21.5994,17.4354,48.6373,23.8246,24.378,26.1348,22.1878,24.9126,27.0248,26.9157,23.4627,18.2716,26.6305,20.0083,18.3602,21.2035,25.9361,31.2343,25.386,32.2468,33.3806,25.2677,34.7386,31.9476,26.9717,29.7182,23.4944,23.2585,21.4136,26.1571,26.3524,21.2745,35.7642,14.4654,19.1579,26.4359,20.701,22.8874,24.0165,21.9173,23.5685,36.9321,22.1341,23.1719,25.8777,20.9009,16.5838,19.7318,21.1131,20.0779,20.0642,41.4858,25.3321,22.8356,23.3271,23.5058,21.8118,33.6596,21.4094,42.9731,32.9275,29.5924,21.5964,26.8654,17.0846,24.2104,19.6939,28.894,25.5355,19.2219,16.7018,22.0245,36.5353,23.356,20.701,21.8219,36.5615,23.6303,21.875,28.8771,28.1324,36.3342,32.8019,31.4843,36.0603,33.858,53.1752,21.677,15.8504,17.6263,26.8876,32.2688,28.0864,24.002,26.9763,18.4226,25.0718,21.0485,28.6389,7.0859,157.1208,26.5563,27.2592,30.567,26.9013,28.2794,15.9728,59.8478,29.5124,19.9753,25.693,19.8532,180.3695,212.4223,20.0667,192.1867,24.6764,21.7871,25.7557,20.8079,32.4259,51.112,17.9274,16.7844,25.0814,11.554,9.4266,19.9466,25.6925,12.2238,26.1221,20.5886,16.7341,-0.2972,18.5312,25.4661,20.3453,18.3428,17.6658,26.1381,20.2077,17.9061,23.8739,19.6996,28.9337,35.8938,33.2448,21.593,21.593,25.7557,20.8079,32.4259,51.112,17.9274,16.7844,25.0814,11.554,9.4266,19.9466,25.6925,12.2238,26.1221,20.5886,16.7341,-0.2972,18.5312,25.4661,20.3453,18.3428,17.6658,26.1381,20.2077,17.9061,23.8739,19.6996,28.9337,35.8938,33.2448,21.593
15,24.239,25.7475,33.5677,23.9451,33.0311,24.5073,18.6363,17.2259,48.6368,25.2655,31.7867,24.0951,24.8829,807.6924,122.9593,308.1626,16.3295,34.7543,-4.3456,37.4398,22.5041,29.9004,33.9702,31.2349,33.741,29.8674,23.5587,22.5999,21.9188,23.6121,19.1974,13.4282,33.7343,5.0972,13.6439,17.6569,16.885,7.6875,6.503,82.8231,16.2526,15.1613,43.2446,16.2115,18.809,13.3144,10.1301,27.4668,34.4517,11.9876,20.2351,91.306,51.4693,73.9213,18.4428,41.7906,30.5444,9.3054,171.6892,20.989,23.5478,4.2423,11.2875,13.4878,17.7302,27.3068,46.548,21.3694,29.1007,19.5073,16.9226,19.397,21.3906,9.1179,24.1388,9.6471,19.9679,17.9906,22.222,24.8897,24.4713,26.3601,17.9807,17.8618,10.1665,22.6663,15.2393,14.4691,26.2044,19.508,51.7604,13.4597,17.6748,21.0193,11.0069,11.6518,19.8093,21.2478,21.3224,17.5626,9.1897,18.3135,10.1983,14.5945,31.81,43.1442,15.1716,25.4571,16.4416,9.8273,21.1302,15.6956,15.3612,23.6001,30.0563,17.1646,21.3403,21.0163,26.462,9.9472,22.691,60.2763,24.2628,27.7121,15.491,26.8304,19.5419,22.8489,16.698,19.0911,21.4706,18.1172,22.3528,19.7868,14.0609,30.6676,25.2891,23.6714,20.1755,15.9148,26.029,21.4537,32.0733,16.8825,22.8424,13.9434,19.3369,15.0768,27.4707,27.2627,35.4208,25.4995,11.2942,16.8748,16.9496,22.3165,21.5128,59.4461,22.6188,28.9133,26.2306,26.7052,27.7888,21.8861,30.1728,34.4068,36.6673,29.7807,23.3128,20.4737,33.1908,28.2029,44.4289,24.273,77.5015,29.9691,28.8984,23.6221,21.844,34.3345,23.5711,30.3167,24.3872,35.5186,23.1145,21.3685,21.6532,18.89,43.8368,29.6357,25.0022,25.4628,23.1509,23.2491,27.349,29.0778,24.5927,21.5144,30.3853,19.9319,21.2686,22.6383,26.9815,38.3957,31.9487,29.5547,46.194,23.9634,34.3016,34.4514,27.4532,25.4868,30.8937,28.0016,24.1918,26.6068,18.8876,21.9934,23.0934,18.8478,19.8223,22.035,14.7871,18.8935,25.7169,31.636,27.2646,59.4377,21.4877,21.8821,24.6253,22.4785,20.6815,24.014,30.4115,20.4743,21.8184,36.87,25.7089,23.0885,38.4147,26.3239,24.8331,20.1163,19.6872,22.664,20.8631,27.0848,24.2264,18.2656,13.2674,15.5583,17.0788,22.6682,28.489,16.6141,18.6341,86.9313,25.6862,19.5479,15.5882,24.4259,25.1601,29.2372,51.8346,24.8018,23.8272,28.8774,33.1097,27.4572,25.2279,28.5075,41.8726,21.1979,17.3526,24.8105,32.6723,28.0616,24.5769,21.6553,23.0246,28.3708,28.8018,23.8014,29.5593,12.3022,25.8793,19.8625,19.8652,27.6241,41.3861,17.6368,16.8997,26.7998,40.1841,26.1396,66.5657,19.6369,27.4189,53.094,21.7069,106.2964,23.0611,20.8024,19.3047,38.5982,18.3141,636.4863,31.9495,22.4401,20.6747,10.507,12.4429,21.7725,40.4667,17.7212,28.1296,23.5814,19.66,8.2557,18.2394,14.3575,6.6951,18.8641,20.3162,30.2271,41.1464,11.526,23.1429,21.4096,30.4518,48.6731,35.1656,19.9494,19.9494,19.3047,38.5982,18.3141,636.4863,31.9495,22.4401,20.6747,10.507,12.4429,21.7725,40.4667,17.7212,28.1296,23.5814,19.66,8.2557,18.2394,14.3575,6.6951,18.8641,20.3162,30.2271,41.1464,11.526,23.1429,21.4096,30.4518,48.6731,35.1656,19.9494
16,33.0372,31.4123,31.6966,25.8981,34.8009,27.8544,19.0326,20.5944,32.4937,27.9762,17.9159,12.4848,29.1557,419.8669,150.2939,269.54,30.9933,41.7052,12.4677,30.5395,28.5766,34.7691,28.2969,27.4951,33.9565,35.3315,26.2293,23.3174,24.2708,29.6763,30.7553,15.2955,30.3275,10.7612,13.242,17.9929,16.1259,13.2388,6.5693,31.0142,15.5614,21.718,29.1103,15.8847,13.7477,23.0203,9.9057,17.988,17.4102,13.092,13.0409,39.0594,23.2277,23.9794,15.8764,27.228,36.9003,13.4298,28.4072,33.9215,18.2874,12.9608,10.923,14.3677,20.7557,17.2443,56.8949,15.1068,13.3912,17.7014,16.7809,17.7587,30.5167,10.5451,25.8114,6.9899,19.621,8.6813,25.926,23.8829,25.7003,19.0102,27.3749,21.5397,13.0356,41.8993,16.3888,14.1419,25.4846,15.5141,34.6023,14.7411,16.6589,21.3759,9.4823,13.4916,49.7646,21.0439,281.877,16.8727,8.6257,17.6883,13.6731,15.0947,40.3924,42.7291,17.5437,15.4909,19.5469,14.2094,19.8188,10.8748,40.8182,25.6915,39.9534,12.6802,20.5021,21.1122,23.4939,25.077,32.6025,42.4921,21.7299,19.0244,19.5391,22.8322,32.4221,18.1493,18.6812,18.8567,21.0072,16.8249,21.89,18.6993,14.4686,23.5318,30.1464,43.8314,21.8756,18.2914,27.1707,22.947,34.8834,20.2382,30.5724,13.9651,31.511,14.9782,39.4652,23.317,24.0957,29.9514,14.2835,17.3749,18.1042,21.9407,24.701,48.7452,26.0689,21.7537,25.2928,42.5156,28.1304,25.554,28.4754,31.1435,41.8559,34.05,27.7233,22.8303,35.6497,33.2773,41.6164,24.5285,68.1899,37.1617,30.121,25.2193,23.6324,30.3706,70.7706,25.8809,25.9382,30.0427,29.7065,23.7763,25.3497,27.2143,40.8225,32.1094,42.6969,28.4346,29.7505,49.2216,26.432,30.8008,27.1375,21.8813,26.3719,27.8436,23.1921,22.0137,27.7602,43.0697,118.3579,33.4057,32.3479,26.8084,52.1389,26.0621,43.7005,28.6735,50.4174,26.8835,28.2143,27.5968,35.4481,23.9476,34.8036,24.4334,20.8987,22.4819,14.7026,25.441,50.9202,28.8237,33.0095,28.4653,21.9311,22.7349,27.608,22.1539,36.4166,28.4792,26.1235,23.1706,22.8965,58.193,58.3729,28.9162,119.6474,25.829,27.8137,20.8919,36.3664,37.004,29.4272,24.7719,29.4527,28.3097,18.5386,18.2876,20.5159,29.6936,23.4168,16.7085,29.9829,54.6744,28.289,22.8098,26.7178,31.6135,24.5038,31.9402,42.5181,25.065,23.6393,25.3205,27.9145,23.1919,18.5985,24.1074,36.6779,19.0649,25.122,24.8711,30.7906,32.1534,35.897,23.8544,23.2749,25.4265,22.8779,21.5467,25.6775,22.5352,56.4616,14.6881,29.5552,25.2045,25.5391,17.2955,17.8144,22.6153,21.9481,37.2581,51.1555,24.676,24.2328,23.9797,31.1911,39.1761,20.6712,24.5651,16.8485,44.3302,18.1579,105.782,19.1772,17.0005,18.0891,13.0877,8.4841,19.5958,33.3867,23.9712,22.4468,20.8811,16.9918,-2.8849,18.8709,10.5037,13.2124,17.9132,353.6347,28.7905,33.2588,15.0392,26.948,21.279,23.1363,32.4664,30.5609,20.1176,20.1176,16.8485,44.3302,18.1579,105.782,19.1772,17.0005,18.0891,13.0877,8.4841,19.5958,33.3867,23.9712,22.4468,20.8811,16.9918,-2.8849,18.8709,10.5037,13.2124,17.9132,353.6347,28.7905,33.2588,15.0392,26.948,21.279,23.1363,32.4664,30.5609,20.1176
17,38.6367,24.3076,29.4116,23.8612,35.0929,28.2659,17.151,16.0752,53.0267,25.5415,8.6731,22.6873,27.4489,1061.9396,72.2129,230.5516,14.7827,29.6701,11.8082,27.186,15.9747,31.335,29.7371,26.7433,27.2223,28.8484,22.6711,21.4305,22.8452,25.2646,18.3531,15.3546,17.207,11.1514,13.7773,19.627,15.0236,5.9699,5.8361,27.1695,73.3815,21.387,20.7951,9.1744,10.1813,31.4396,16.2394,33.3864,16.6482,13.797,9.7482,35.0744,12.2632,19.0037,6.156,27.6227,20.6452,7.0831,24.333,27.9494,18.7647,17.8488,12.5951,16.5407,22.2905,20.6723,61.6642,16.6598,9.8083,9.2473,14.5128,14.9975,14.0127,11.3484,25.1036,4.9658,20.6953,13.3765,24.9782,19.9119,43.3493,18.5772,15.9545,17.1649,17.9006,23.2701,11.0556,16.1027,25.6133,14.1067,35.245,15.626,13.9005,21.7078,3.6369,7.1374,134.1557,21.0629,26.585,20.1628,17.3825,17.8151,12.3198,17.6774,38.4976,60.2204,23.6408,32.4025,24.2986,16.1108,19.4184,17.1532,34.6656,27.1246,51.5509,12.7053,21.7143,27.2103,63.1298,40.4107,33.1538,36.3707,19.5786,19.8218,18.9622,21.3546,90.7236,21.6522,27.4448,19.9291,21.6916,16.7348,48.4868,20.393,15.4471,21.4777,32.6967,76.0613,27.2991,22.1223,26.3209,29.0341,20.2132,23.0127,28.4119,21.5656,28.5806,11.5963,76.7909,183.8647,27.5471,28.7085,14.4587,18.2511,18.7198,18.9894,23.462,168.6247,29.839,26.6162,30.2783,32.3434,28.2659,26.4065,49.4629,41.1315,32.7629,45.9924,29.5365,33.7178,28.6038,28.1853,33.5705,25.328,30.564,32.1768,60.571,26.2469,27.2405,66.7494,22.9838,37.2221,39.0765,28.0413,58.6091,18.8487,26.3609,25.3809,52.5192,82.2452,46.8703,27.1559,25.5712,38.2258,27.2916,32.2914,26.8571,22.2788,26.5843,26.0479,24.4437,26.1691,32.9066,35.8522,40.7136,33.0559,27.7485,28.546,54.8632,41.2094,49.2155,47.0566,37.9848,29.8008,30.858,29.0964,27.6824,27.2762,33.3891,24.2007,34.6493,46.9537,37.8507,29.5961,46.9918,33.0066,55.8907,32.0216,24.8298,29.1783,27.8424,22.8945,28.9121,18.2226,34.3756,24.6756,23.6738,215.8691,43.6987,28.2161,45.6369,25.0066,35.6333,24.0667,38.2581,40.1289,32.1068,32.8043,33.1859,21.7428,26.2427,21.9953,20.6594,54.053,31.7765,18.6744,36.66,33.8009,29.4016,42.403,28.9199,36.6145,26.6815,69.4731,125.6438,30.663,22.3335,26.2401,37.3463,24.6895,22.5647,27.044,56.9306,38.0782,28.8546,48.0231,34.6294,31.0692,41.5755,24.5335,24.6039,100.7157,25.0197,44.6294,30.9107,18.9818,28.1893,22.3435,26.5676,25.746,30.2701,18.5909,18.2353,41.8613,28.19,46.2886,57.1675,26.5483,25.923,27.3243,56.2005,32.0162,30.3541,22.7958,23.8447,32.2818,18.9681,21.5448,21.177,16.9216,29.798,11.5246,11.2236,20.2467,39.8226,13.0384,15.4025,17.1135,16.052,-4.5773,26.4164,13.0813,29.1425,11.4976,25.8294,28.838,33.1981,12.5693,29.6947,28.1268,25.242,35.0293,25.248,24.6152,24.6152,23.8447,32.2818,18.9681,21.5448,21.177,16.9216,29.798,11.5246,11.2236,20.2467,39.8226,13.0384,15.4025,17.1135,16.052,-4.5773,26.4164,13.0813,29.1425,11.4976,25.8294,28.838,33.1981,12.5693,29.6947,28.1268,25.242,35.0293,25.248,24.6152
18,25.224,31.2022,26.0586,23.9093,36.2967,22.5359,14.8661,16.2561,39.95,23.143,6.293,22.4415,20.8347,368.023,41.2813,181.1178,24.215,32.3797,10.9596,27.1113,24.9107,33.3272,27.6449,26.8482,28.0114,30.5406,22.1001,20.5285,19.7061,23.984,16.0276,15.1917,19.3338,10.4039,12.2117,22.4467,15.4789,2.0452,7.796,28.5836,24.0783,15.4307,19.2641,12.5332,10.3533,28.4274,16.3004,19.3984,16.1719,13.8493,8.8296,19.6378,14.1118,12.8725,-16.5478,22.5432,17.263,7.0385,22.5874,21.2024,10.8486,39.7862,18.9336,13.0665,21.0413,22.8159,38.4826,17.8274,1.4535,6.3361,10.8479,13.2693,15.7218,473.4735,28.3526,1.665,24.8022,13.9882,20.149,21.2649,13.7686,18.1634,24.013,17.8466,17.9925,26.7396,4.9379,10.8838,24.4622,14.49,16.3988,21.077,14.3677,22.7291,27.6553,15.6359,19.808,27.1396,25.997,16.686,14.944,18.5638,13.4803,18.7838,40.9581,60.4083,30.0128,33.617,25.9919,52.5548,18.6948,9.7506,25.9789,24.9334,57.9679,11.1023,27.7848,24.6038,60.9373,57.494,33.0762,33.9674,27.7794,14.9059,18.5707,26.7453,123.1755,32.7344,17.3757,25.446,21.6728,13.6304,22.6317,21.44,17.6877,23.8569,27.658,35.6541,19.339,22.5424,24.6075,25.2515,27.7887,21.5835,26.5933,35.1334,29.6945,13.3914,71.3575,46.0144,25.0984,28.3049,17.1189,32.4871,22.5066,20.4402,25.2501,30.009,20.8693,11.742,31.9751,147.287,28.5625,26.9472,308.563,47.2143,43.9824,42.681,30.3438,37.0271,26.0091,30.6143,33.027,28.8906,37.6932,31.971,34.032,28.0893,31.112,108.3778,31.5334,41.9079,29.1212,29.5071,54.9212,20.6837,24.7447,24.8993,27.6677,49.7784,96.8971,26.939,24.4638,57.5884,27.7104,30.274,28.0123,23.1865,27.8205,34.7185,26.1487,30.9767,32.2053,28.0108,66.7651,29.1212,29.055,25.5454,65.1816,60.4213,28.2082,32.0404,33.854,27.8948,28.3068,28.0841,29.3698,26.5535,42.3773,28.3862,27.1694,24.2355,20.3732,30.0001,25.6494,26.966,48.9541,32.8207,25.4059,27.2722,24.7074,21.7232,26.3603,23.026,34.9497,24.9689,23.838,72.9015,41.1937,68.1076,85.3976,29.1058,31.3994,32.2093,25.4531,51.9853,24.2821,39.0109,44.3932,28.1385,30.575,27.3235,21.484,24.0778,25.6737,21.4506,32.3692,30.8976,34.5399,41.6583,37.682,42.9378,39.1608,96.4069,146.6164,26.1175,20.6964,25.3022,30.0538,24.7589,27.3411,30.3639,73.3415,35.117,41.6831,45.8603,39.7065,34.9475,39.7511,34.2325,30.3591,26.4628,25.1387,25.6808,27.3427,19.2676,33.4401,19.3104,31.5207,42.5382,41.7281,21.3037,20.8687,28.0972,33.0375,53.2852,58.4707,27.3029,32.2436,42.1073,52.4221,39.2781,33.6874,23.9023,21.6776,18.8727,13.2203,54.4173,19.0976,17.2097,16.8943,11.5552,11.8094,36.0004,25.0993,20.9398,14.4656,17.4031,15.9069,10.0284,29.0583,16.2912,22.0353,11.0885,24.3685,27.462,17.7807,14.347,29.1795,23.781,29.2671,33.3481,22.7883,35.8256,35.8256,21.6776,18.8727,13.2203,54.4173,19.0976,17.2097,16.8943,11.5552,11.8094,36.0004,25.0993,20.9398,14.4656,17.4031,15.9069,10.0284,29.0583,16.2912,22.0353,11.0885,24.3685,27.462,17.7807,14.347,29.1795,23.781,29.2671,33.3481,22.7883,35.8256
19,21.4455,34.6094,26.1303,32.1437,37.8546,21.2849,11.4423,13.9059,35.3936,9.7577,8.9652,20.1458,-0.0755,235.805,48.3857,156.5458,15.9278,26.8884,18.7607,25.1456,22.7321,35.3213,27.7486,26.5631,29.5432,27.7471,19.9269,19.9407,18.0071,26.5267,14.6318,12.4389,14.5021,11.3941,12.9666,19.1804,14.2308,6.9428,9.9658,22.1512,17.6818,13.713,17.389,12.3776,6.4024,23.6376,19.2666,13.5792,14.9169,12.8185,3.2435,19.1478,15.8122,1.8373,-27.2493,21.0182,16.1402,13.278,22.0731,17.4453,-8.9651,20.256,16.9717,12.7592,27.6374,17.7172,43.0601,18.0524,4.4018,9.9985,12.9841,13.0297,19.4765,23.4863,16.6214,-0.9401,22.1211,10.8075,19.9875,23.1738,13.2166,19.4698,23.8783,14.551,18.2397,19.6017,-3.5598,12.6583,25.291,18.3419,32.6097,17.2235,13.7433,22.7953,25.3057,17.397,22.2851,23.9835,18.6314,14.5533,13.7842,19.5282,16.6065,20.0669,33.1961,45.8885,39.4854,19.9009,33.5273,22.6041,19.4975,4.3867,12.9902,31.7994,47.1442,16.8819,25.4975,100.5581,74.0032,31.4548,45.2474,38.6619,36.3813,19.7136,19.1621,17.0163,77.5906,394.6469,18.8651,38.8332,22.1372,-2.5356,20.4245,23.874,20.319,25.6852,29.4704,36.4963,26.8781,26.0961,24.504,26.4664,24.603,41.4656,23.1583,51.319,34.5958,12.4944,63.9872,36.5231,21.5257,27.2758,12.0492,19.8936,22.8833,21.3493,25.3127,19.2598,30.0621,3.1011,24.3683,35.3101,25.8113,26.6968,36.5782,51.3489,46.8283,34.2875,28.1347,34.6337,27.3181,25.4548,28.7868,29.4836,39.7507,35.6706,31.582,24.3222,28.9163,136.8097,23.0734,28.6887,33.3032,29.4446,62.377,21.3017,24.0566,22.3892,31.8126,90.8799,139.6416,27.6686,24.8506,37.1342,25.9679,76.0584,26.0476,26.3412,27.1933,27.6994,26.0723,25.7856,42.6622,29.6859,164.7821,179.5077,30.7602,28.742,76.9406,54.8422,35.5696,31.1936,57.3817,40.0231,27.5313,28.2843,30.1123,30.3725,35.7997,27.23,28.4284,22.2007,37.3578,26.6149,25.0394,42.1155,53.3083,43.5634,26.7048,31.3126,24.7646,21.4184,27.5352,27.7052,124.3082,25.2386,24.7887,35.8802,44.2223,23.9848,36.0641,32.9604,25.8892,23.2627,27.9116,42.2042,24.3141,33.7177,27.205,26.0323,57.1306,49.8998,22.1022,27.5299,27.6673,21.2163,29.3817,31.1828,40.3237,42.6716,44.9624,61.4665,49.7312,71.228,85.6166,25.914,20.107,28.0988,32.2852,25.6924,31.91,34.6242,58.963,32.7595,58.5991,45.4338,60.0548,36.8497,41.2449,31.204,26.8427,31.7789,27.0586,37.1476,29.3455,23.736,28.9035,25.0481,26.0688,23.6113,47.4477,21.5682,29.4678,76.5353,39.2591,56.459,80.7558,32.3376,46.0515,30.8969,68.6772,35.005,33.7706,25.4696,20.583,22.3899,18.4316,86.8371,22.1553,19.522,20.5319,10.3041,8.6012,22.3819,40.2862,17.2807,13.3529,16.9149,15.2762,3.0659,24.3072,10.299,26.6671,19.4154,25.3478,28.0017,7.577,15.6153,27.9553,22.6879,20.0931,25.6337,20.7038,26.0645,26.0645,20.583,22.3899,18.4316,86.8371,22.1553,19.522,20.5319,10.3041,8.6012,22.3819,40.2862,17.2807,13.3529,16.9149,15.2762,3.0659,24.3072,10.299,26.6671,19.4154,25.3478,28.0017,7.577,15.6153,27.9553,22.6879,20.0931,25.6337,20.7038,26.0645
20,18.9115,26.7961,28.2617,27.6144,32.6622,20.2172,10.663,14.2032,24.2698,2.9085,6.2738,20.0026,3.1824,216.804,27.7857,139.5667,16.6931,20.8572,17.8759,21.9619,22.147,35.8455,26.8388,25.1066,27.1571,43.2961,17.7417,18.8311,17.7114,21.2196,13.479,13.3088,10.8455,12.5665,17.2953,17.7515,11.6662,3.0084,11.6995,18.5074,17.7618,12.7671,17.5254,12.7658,5.9884,20.2567,21.3053,14.8226,12.7323,12.6371,2.6968,21.506,19.3707,-14.8365,-25.141,17.855,14.4507,18.1447,21.4705,14.7217,-13.2714,20.9133,36.8485,12.8556,22.3108,18.538,41.635,17.4759,7.4511,3.5908,16.3858,12.9892,16.5172,75.4541,21.6315,-8.8551,19.6679,13.7817,18.0898,22.439,15.8636,24.802,33.868,18.2422,16.9513,18.9253,-4.952,10.9326,39.5494,19.6818,32.0086,9.6412,8.8135,23.5523,23.05,22.8807,20.88,18.4904,16.3348,14.6648,12.4625,18.3035,19.2697,20.9501,52.5893,200.1004,38.9444,17.6027,27.8998,19.9233,19.0812,13.7255,28.8397,31.3608,30.7985,17.5672,28.9748,24.0853,82.1621,43.8708,212.1084,42.5759,42.5489,24.1799,17.6829,29.0845,0.6493,67.8516,30.8695,52.8812,27.3544,3.1609,22.7494,25.4696,17.8757,26.4841,31.8567,44.3344,29.1681,25.7372,23.773,34.3035,31.3705,47.7763,56.951,37.6444,34.3272,17.8647,48.2194,101.5558,19.925,29.8924,7.6553,31.216,23.0471,25.4145,25.5444,25.0314,29.691,12.0652,25.9362,55.8878,23.7833,26.6743,41.4554,52.2287,54.1677,32.3462,27.0887,28.8571,28.1743,28.2888,26.1,26.2454,49.601,34.4622,39.7872,36.3609,26.9395,111.7737,25.57,42.6691,31.6605,26.337,30.0172,22.0253,22.4337,23.1815,28.8911,140.0097,160.434,28.6794,23.3398,28.9969,29.1577,122.7007,25.5485,27.0379,27.0832,25.2454,29.1197,25.9621,36.8948,33.5114,56.7706,112.2887,33.4312,53.7982,114.7321,100.3403,27.9829,27.1114,57.9254,30.1362,26.6339,28.462,34.2097,29.7039,48.1633,21.2758,27.486,22.6953,24.4877,26.2133,29.8676,54.3313,56.98,32.4907,30.5503,32.2505,29.8,21.8583,26.0226,25.613,37.7074,25.6639,25.131,33.3687,117.6664,23.9385,54.4849,38.4644,25.5328,25.5161,27.6122,39.1936,24.1307,28.5999,27.8852,35.4389,38.8582,81.9604,30.9732,35.0822,30.3223,22.7297,22.7434,37.7758,45.0834,42.4418,50.8456,84.9755,72.4702,130.4147,206.7188,26.3209,21.7002,43.0683,32.3518,26.1875,35.977,35.9992,109.1867,37.2384,65.2798,59.2646,70.4331,58.8139,54.75,30.7014,31.189,37.969,36.0628,28.767,29.8463,25.0978,29.5746,25.4281,37.7182,37.3223,36.1857,22.0724,55.5284,39.6313,55.2304,50.0373,120.4888,35.3332,150.0864,63.8193,104.6727,69.4454,30.7801,22.7242,22.5934,82.537,16.9611,69.6944,23.2367,20.162,21.2054,8.3356,11.6211,23.7925,38.4411,10.4368,10.978,19.7165,13.1401,9.6707,22.1252,6.4289,20.2753,24.5694,23.1447,27.2431,15.0927,15.841,23.1377,17.5263,17.9775,27.465,18.6312,25.2101,25.2101,22.5934,82.537,16.9611,69.6944,23.2367,20.162,21.2054,8.3356,11.6211,23.7925,38.4411,10.4368,10.978,19.7165,13.1401,9.6707,22.1252,6.4289,20.2753,24.5694,23.1447,27.2431,15.0927,15.841,23.1377,17.5263,17.9775,27.465,18.6312,25.2101
21,19.7304,26.9431,27.4802,25.0753,35.5765,19.2262,7.1338,25.4159,24.1799,1.8657,13.5541,17.5255,19.1876,181.5952,27.3757,119.1224,21.811,20.8481,20.5227,21.1977,28.0608,38.8129,25.5048,26.2999,26.9568,27.1121,17.6154,18.9242,18.0556,21.1453,12.2769,14.1747,6.6018,13.5189,20.2971,17.5145,12.1923,8.5904,12.6119,20.4755,14.952,14.2667,17.0862,12.6687,14.4601,21.1471,20.6307,15.6664,12.404,12.6918,7.7721,19.8957,14.6142,-21.2665,-13.0268,22.8799,14.8204,10.6668,20.6496,14.6552,-16.0034,31.7304,36.6214,14.1216,18.2076,36.1566,38.3072,17.7361,11.0404,1.3578,17.4797,12.1591,12.0555,67.8176,12.6035,-2.9212,18.1514,16.4573,17.7325,19.7738,15.748,19.4255,33.2434,15.3305,16.6398,18.9451,-8.9916,5.987,68.4186,14.5502,56.7759,13.5987,7.3879,22.9144,21.9305,18.8519,16.7087,22.6855,16.9889,14.9004,13.1411,16.5463,23.3092,22.0944,35.1234,33.3409,45.9734,58.0431,28.3375,19.3877,20.3009,23.6522,25.5515,30.5628,6.8138,25.402,76.1759,23.6963,81.307,72.7265,80.6181,33.3851,32.6458,29.8071,17.5322,17.5472,-1.3032,30.4167,27.7085,50.1717,20.2559,-4.6049,20.951,24.9381,23.8972,35.7756,29.1241,54.9911,29.509,26.7363,28.7181,29.2601,31.1476,39.7715,44.987,29.8684,40.8347,60.2443,70.7404,25.0845,22.7334,24.9925,20.0428,44.2139,22.6446,29.7897,26.395,19.3343,31.3724,16.285,26.1379,30.4688,23.8999,25.2311,42.4546,63.4958,57.0246,35.0256,29.9665,27.2092,28.9702,32.9274,31.9534,26.5709,61.1269,31.8371,36.7227,30.7399,30.6915,118.2947,22.6976,33.1841,29.7781,25.5791,35.2289,22.8967,27.5449,61.6572,29.2406,242.9676,140.9377,29.5013,25.6639,23.0478,32.5645,80.8948,25.8046,26.6292,27.638,29.9767,25.9792,25.3022,32.8029,41.9114,118.7237,30.212,29.6955,47.2648,119.2967,88.2587,28.979,24.9655,54.2625,29.4151,26.5248,52.1159,49.7132,30.0929,95.3647,21.1406,25.8141,16.5141,24.349,25.7816,28.4357,36.8539,246.1157,30.7649,72.6886,38.1331,30.9037,22.2106,26.951,25.6778,31.9536,25.7503,25.2691,26.694,155.046,24.0388,43.6439,36.1485,26.1534,22.7184,26.2144,38.48,76.9428,30.2943,24.8077,27.2363,46.2087,31.2597,35.5877,26.8437,27.6255,22.7692,23.9117,36.0058,53.0391,42.8456,54.7421,69.4765,68.2777,173.3547,92.2465,26.3245,28.9085,32.6609,32.0749,27.538,35.9074,57.2106,166.1337,31.3891,93.3976,63.8787,122.2434,56.7871,60.0997,37.1158,34.6598,42.8337,27.5173,28.2452,38.1352,32.7465,28.3987,28.6538,22.4311,26.4795,32.1153,28.9794,41.7927,36.4035,115.1804,55.417,94.493,38.3867,40.3672,50.7393,75.6572,77.9065,54.9363,22.4936,22.7429,161.9729,37.2548,68.2067,22.319,14.7173,17.1508,10.5523,12.4048,21.906,50.629,7.6634,11.8875,20.7656,13.6171,14.9769,22.7215,15.9445,13.7072,19.6779,22.8786,27.6951,21.5906,14.5536,20.8058,23.8435,23.6928,26.6467,23.1579,34.0461,34.0461,22.7429,161.9729,37.2548,68.2067,22.319,14.7173,17.1508,10.5523,12.4048,21.906,50.629,7.6634,11.8875,20.7656,13.6171,14.9769,22.7215,15.9445,13.7072,19.6779,22.8786,27.6951,21.5906,14.5536,20.8058,23.8435,23.6928,26.6467,23.1579,34.0461
22,20.8232,27.2901,26.8098,25.8806,30.1754,21.4295,7.9948,23.3128,20.9884,18.3236,19.7301,15.7674,16.4168,200.4822,73.6895,138.7948,27.3595,27.1385,25.1018,20.7969,26.5101,34.8304,27.1426,30.5764,30.0099,25.0843,20.3926,19.5151,19.4515,24.617,14.3805,13.7671,14.3373,20.3359,19.5671,17.9069,13.166,7.0444,11.0633,25.6339,13.9634,15.4325,19.6536,13.7011,19.8361,29.6606,27.0797,16.3796,13.1395,13.1772,14.4143,29.8278,14.1925,-24.0014,-7.4623,26.8982,12.5033,15.0096,30.1135,17.118,-11.1583,29.4374,43.6049,18.4538,19.1473,70.558,52.299,16.7536,11.669,-8.4152,20.45,8.2864,14.1081,23.092,15.3933,0.367,19.9474,13.3905,17.1466,19.3198,11.5849,14.6639,29.9334,17.3307,16.5075,20.7753,-10.2326,5.9046,26.3338,16.7231,38.1721,16.1086,18.0207,23.1087,20.6757,30.5729,17.1245,29.2729,17.7156,20.6767,14.1455,15.8585,28.4791,19.6142,31.0175,41.3999,41.2564,22.4977,24.697,15.5359,21.5788,15.4532,24.6886,24.3029,15.9213,23.0737,27.0233,27.017,146.638,39.4704,65.9094,32.7945,30.6915,26.5053,20.1879,4.1684,0.8088,26.0867,20.2343,53.9686,43.9909,1.0543,18.6954,25.5966,20.5801,31.6573,28.1564,79.2347,29.0552,23.5577,80.4656,28.1266,25.0559,44.2988,56.9036,93.4737,48.6496,67.8448,23.9782,30.0262,40.3937,35.9569,16.8262,33.9126,23.625,27.1004,22.1414,22.146,26.1616,-1.7666,27.249,30.1105,26.133,23.8684,35.3926,41.4417,45.521,34.0739,32.2913,30.0967,31.2442,36.0142,50.5205,29.1268,39.9302,31.5721,31.21,36.867,124.3213,145.1966,22.3156,42.6936,27.0796,21.8421,59.341,27.5094,24.2275,24.3562,28.3915,141.1204,137.5985,29.425,26.5145,30.2087,140.1378,62.7709,26.1517,27.1144,27.5467,25.7612,25.2782,37.1099,31.5113,33.2128,215.2671,32.8512,27.6858,51.4401,94.0222,69.8273,36.7562,22.0948,39.5418,29.7778,26.7891,55.9548,46.0314,30.1516,35.2206,22.4075,25.4434,22.292,22.8055,24.5239,24.4132,32.2847,51.7024,32.1544,300.0842,45.4027,28.0305,21.8366,24.0682,31.1581,29.2383,24.898,31.0853,70.1936,78.4662,24.531,96.7699,23.3596,25.6992,22.9661,26.1117,38.4466,28.1361,27.0936,25.7595,28.2573,40.6528,29.2367,106.8155,25.9446,26.3341,22.6456,25.1003,32.6344,45.4571,32.3781,53.902,56.3445,91.9955,54.4218,40.2175,57.1025,27.1642,60.6206,29.3185,26.6789,62.3396,59.3282,172.2965,29.8501,50.0302,60.4227,94.75,40.2867,73.9905,34.2712,40.7763,36.3837,27.7843,26.4226,33.3193,51.5995,29.6333,23.124,26.5295,32.0654,31.3253,130.5793,48.137,84.7076,336.048,54.0048,32.1029,28.0433,55.7951,39.4447,28.2732,56.1546,38.5621,22.5555,21.3792,42.6181,86.9332,69.9759,42.4016,15.4425,17.6644,9.4248,19.6175,694.6577,39.942,11.1374,11.2843,101.4567,21.9472,15.9638,23.7205,18.978,17.4668,25.9206,29.9936,34.4409,20.6464,19.0226,225.5314,311.165,21.3093,27.9195,23.7041,48.1406,48.1406,21.3792,42.6181,86.9332,69.9759,42.4016,15.4425,17.6644,9.4248,19.6175,694.6577,39.942,11.1374,11.2843,101.4567,21.9472,15.9638,23.7205,18.978,17.4668,25.9206,29.9936,34.4409,20.6464,19.0226,225.5314,311.165,21.3093,27.9195,23.7041,48.1406
23,26.7,79.4797,51.4097,25.1009,27.5079,35.8861,17.118,30.6716,33.3002,57.5098,25.0507,69.7671,48.5468,238.4835,90.0705,173.5648,40.8266,18.9738,33.953,15.0075,26.9622,40.4184,28.0425,35.6888,36.9867,25.682,38.2063,20.3605,25.9048,28.6765,15.6037,14.4383,10.8005,65.9398,20.6702,20.1299,15.3903,13.4131,16.1326,24.6364,14.6324,15.9899,27.9581,19.4434,29.0813,23.151,46.9663,304.2723,112.9778,149.9265,21.2958,24.2343,9.5133,-21.1993,37.7412,56.7064,23.4102,5.5121,25.9084,23.5822,-6.9623,21.1896,43.5739,20.4868,27.9832,33.6984,48.3875,36.776,12.0936,6.1027,35.0751,13.3134,10.4255,19.0186,13.9177,2.7722,27.5627,17.4996,19.9165,19.7595,12.7718,14.9665,28.1612,22.4462,18.3597,19.1243,-13.0278,-11.7533,24.1466,21.3248,50.259,21.6945,30.0709,21.7245,19.3848,16.6657,33.8974,25.6028,16.5681,17.0242,16.8946,14.8811,24.5855,23.8491,29.4116,25.3974,28.3742,14.3221,22.7324,21.81,24.3343,15.5722,24.013,25.4379,18.5685,15.6837,76.7008,42.5429,34.4329,32.3376,70.25,197.8396,30.2316,26.4818,20.0461,-2.0107,12.0181,23.5835,18.4653,41.3968,20.4737,16.3445,19.3937,23.0856,17.8538,29.2861,23.4285,43.9039,22.9169,21.5324,56.0642,24.7277,39.0576,30.7186,32.9164,18.6156,30.462,48.9375,27.0117,19.8862,25.5648,34.0711,19.7403,26.3903,24.4846,24.7532,22.0191,37.1615,36.0815,18.2492,270.3164,29.2757,25.679,27.2796,31.0662,47.6059,41.0084,28.0906,34.0288,34.9929,28.4933,41.0805,27.8352,31.6061,31.3986,30.9161,31.9069,84.4473,49.5242,157.0564,23.8951,46.5737,22.9025,19.6155,52.5308,22.3762,24.8767,24.3282,35.3834,116.5693,80.3705,28.0111,159.7715,25.4469,111.6685,67.0879,26.304,26.8507,31.4322,26.7231,27.4218,54.5654,31.9166,34.3066,34.9875,30.1074,31.6898,108.833,92.973,38.8236,28.2768,28.3564,38.9294,32.0123,26.892,34.5911,285.9089,27.497,28.909,34.7853,18.1131,30.5541,23.1004,22.46,25.5263,26.3241,30.9592,26.9335,64.8601,48.5534,23.9387,22.5304,23.2709,28.8414,23.9239,30.2696,24.9837,88.5834,26.3897,30.6637,36.7983,45.6994,24.9486,26.1298,24.0433,38.2842,28.0894,25.7301,23.7763,52.539,25.9835,25.223,24.0677,25.2048,24.1185,23.1234,23.3732,63.2246,40.269,24.069,39.1386,48.0956,56.5816,46.5751,44.0545,69.951,30.4036,33.9752,29.1466,28.3919,53.6467,79.7268,143.4126,35.4244,35.6893,76.2993,100.9104,33.3629,57.388,30.0286,31.8577,35.8369,28.8466,24.2621,24.4858,74.3114,36.0827,43.3642,25.2524,23.2946,43.5035,423.5388,31.1245,74.5015,265.8118,115.8091,29.0735,25.3402,45.762,28.159,24.8362,36.2583,41.6497,22.6191,20.6477,63.4978,23.9236,82.7583,44.8231,20.3805,15.7996,10.1094,26.6346,78.1217,24.085,7.4069,18.4547,27.9446,17.4678,18.4433,84.577,17.5885,21.7618,64.1398,37.8893,30.6033,25.938,17.0167,51.1205,57.7371,30.8191,45.7935,37.0395,70.4077,70.4077,20.6477,63.4978,23.9236,82.7583,44.8231,20.3805,15.7996,10.1094,26.6346,78.1217,24.085,7.4069,18.4547,27.9446,17.4678,18.4433,84.577,17.5885,21.7618,64.1398,37.8893,30.6033,25.938,17.0167,51.1205,57.7371,30.8191,45.7935,37.0395,70.4077
24,25.9683,24.7831,35.7113,23.7731,27.2841,23.7457,16.1203,23.097,27.102,27.8053,18.1721,30.6075,35.7325,223.9676,108.9704,119.1938,19.3652,-5.6365,38.0857,3.0216,23.1626,35.2725,27.969,35.1569,32.1586,24.1346,25.5662,20.5483,23.2753,23.7767,14.2531,14.2531,15.4641,74.777,18.3884,21.6975,10.3498,17.9622,18.3128,22.1853,17.3516,17.3288,37.9651,17.3547,30.4843,20.7399,51.8188,491.0978,18.1211,45.991,16.595,18.0554,16.5846,5.9301,23.1527,17.9876,16.3914,12.4261,16.8364,16.8364,9.6396,28.3191,25.0175,20.3666,71.5838,20.0768,62.6225,56.6856,24.3179,24.7069,29.0836,13.1261,9.1593,24.4013,20.9314,44.8735,89.2279,20.1063,22.7023,22.4414,21.8995,18.4664,27.2675,28.855,31.8865,23.4115,-18.9177,9.166,44.2552,24.9801,24.9801,48.0061,165.5961,47.5941,16.6783,16.9075,44.6176,20.9614,18.0852,19.3857,40.3866,15.3272,15.0591,19.0364,25.0538,24.6517,23.4474,12.9737,21.0967,16.0917,23.0168,13.4111,28.4986,40.8616,12.785,52.0203,105.2781,103.8456,27.4454,46.0183,46.0183,22.6794,34.2757,31.8496,16.4961,36.6922,24.2188,21.1519,18.833,42.6969,20.5645,21.4452,143.9291,20.5524,13.5064,24.4817,22.5159,30.496,23.4284,18.3751,37.35,23.9301,28.8996,54.7643,26.8637,30.3754,25.4446,80.5089,43.0751,16.8877,16.689,16.689,20.8896,33.1408,23.41,23.3053,26.9099,32.5838,25.3614,14.8543,27.6185,37.1116,23.3351,26.1345,29.9769,38.4709,34.2923,28.6791,32.7384,30.9288,26.3629,37.1779,26.1963,25.6905,32.5476,41.0566,31.9147,29.1019,26.1341,71.9865,37.2457,37.2457,24.0153,18.5696,25.8729,22.5436,21.1938,22.7713,28.7569,84.8677,30.1486,25.9201,108.6184,23.4675,44.1578,37.2081,23.4547,27.2267,25.2534,25.1108,25.4894,25.9668,37.1339,30.395,36.5577,29.7422,38.5547,51.8351,72.3182,28.6071,46.7705,32.5744,32.5744,32.8534,26.9986,28.3248,29.1326,24.0436,24.015,25.7185,13.083,23.8573,28.4084,25.3372,27.3697,38.5881,44.7302,23.6693,26.7117,27.4231,22.8635,21.9054,31.7106,35.8832,24.5389,21.853,27.4153,30.5585,24.0633,166.1539,21.9812,141.1312,20.2744,20.2744,23.3765,31.3126,28.6269,29.9464,22.8368,27.577,23.767,24.4595,20.4816,25.8505,26.2196,22.5679,25.7523,29.5925,25.7061,24.613,36.6029,36.2064,40.6601,30.466,27.3007,34.8716,26.1086,29.7035,23.8168,25.3487,35.1037,27.6032,30.3654,30.3654,25.2367,40.8342,78.5271,25.7407,47.7069,21.3256,22.9308,21.0758,27.2641,18.3905,19.3175,20.8307,24.3516,47.0166,26.7645,38.1759,51.3604,26.5983,25.2867,48.8655,136.9805,41.8028,34.3107,17.9915,22.2109,19.8827,27.1624,33.4829,92.4218,16.7709,16.7709,13.7181,19.4105,161.6699,19.6964,15.3426,17.0456,10.2788,14.4275,30.6297,24.5388,3.0455,12.7976,18.5469,9.1451,12.1617,25.8564,15.3346,21.8907,42.5155,25.6303,19.669,28.1201,16.1026,26.5242,25.0404,25.5634,30.7114,19.5469,42.1931,16.7709,16.7709,13.7181,19.4105,161.6699,19.6964,15.3426,17.0456,10.2788,14.4275,30.6297,24.5388,3.0455,12.7976,18.5469,9.1451,12.1617,25.8564,15.3346,21.8907,42.5155,25.6303,19.669,28.1201,16.1026,26.5242,25.0404,25.5634,30.7114,19.5469,19.5469
25,25.2977,33.0921,36.9544,21.5313,27.5215,20.982,23.2236,20.9934,27.5712,46.1954,22.0817,21.1896,32.0262,218.5491,85.2873,64.7972,34.9916,334.5968,7.412,-15.7228,27.9711,33.9098,26.3664,32.3552,29.9511,24.0493,23.1279,19.3245,19.9225,21.6101,13.1408,13.1408,16.7452,14.244,24.9795,19.0356,10.063,9.6844,21.0115,19.5999,14.6716,22.9208,23.7372,13.1305,23.035,13.7937,41.1772,22.6939,11.4452,27.7703,15.3601,32.0474,12.6716,2.3729,18.7365,13.6649,17.9975,13.2181,20.2209,20.2209,5.5868,52.3984,21.0464,18.2561,22.614,18.8227,49.7253,27.5483,3.3466,15.6133,21.7354,12.3427,9.4795,19.2506,14.3908,30.0665,34.8311,17.9236,16.0818,11.7683,18.2086,23.2203,34.9773,24.9158,21.4377,18.4312,-9.2885,12.3266,26.0936,62.0125,62.0125,38.769,60.6643,20.3172,17.8341,29.1031,20.9163,17.4519,20.4247,34.3716,26.9546,10.6346,16.8565,16.5783,21.8413,37.6757,28.2232,131.8942,25.5221,18.9782,21.4153,11.8696,34.0698,29.1816,10.2242,38.3097,21.9835,45.199,15.8025,31.8017,31.8017,110.5277,23.6282,42.4465,17.8826,31.1043,0.5119,10.7848,20.8548,28.0645,16.986,26.5236,249.9789,16.9966,17.6691,24.4818,22.2043,21.5349,24.5533,19.5476,28.4157,24.2642,26.1619,25.9088,22.9153,34.9248,21.4426,21.5859,18.9511,22.6807,14.0355,14.0355,21.242,39.3068,22.4026,16.4701,25.2021,23.1997,32.2427,21.1307,22.4585,48.7953,22.3758,21.7615,26.1045,31.6948,33.0056,29.8991,28.9737,23.2437,21.1694,23.919,24.4459,19.8308,25.082,28.4094,27.3855,26.3161,59.035,41.3034,28.2706,28.2706,23.7449,21.4147,20.0268,22.3754,17.667,22.6563,25.2703,33.4649,24.3255,23.9152,56.6295,23.399,28.0806,27.1602,22.1861,24.7399,23.9698,21.9152,21.7177,26.0873,54.3077,27.1216,27.6011,26.1126,25.8797,53.0245,41.5769,29.663,61.7893,26.8873,26.8873,27.1012,26.5653,25.0743,22.4358,22.4197,22.8711,21.5202,19.1776,23.3566,27.8568,22.0229,22.4042,88.8644,166.0951,20.6107,22.7253,21.2252,18.3997,19.6122,26.3137,25.317,25.1173,20.5848,24.1189,19.4005,22.4448,168.7061,24.2398,26.0767,18.4862,18.4862,21.6735,19.2487,29.7239,24.0145,18.7049,13.1113,26.495,24.4607,30.1153,20.8892,19.8819,17.2465,20.441,18.8242,17.9734,23.8409,34.6093,25.7686,29.2828,42.0412,20.5049,30.7103,23.3456,23.5089,18.9537,23.522,23.7977,23.6611,24.6938,24.6938,29.6634,24.8074,29.8149,30.9617,29.7166,11.7064,16.3545,14.767,16.3197,10.3226,17.3836,1.1708,42.1428,13.4547,17.8672,19.5219,21.7414,23.3204,19.3558,23.0856,43.7563,25.2908,29.8909,14.2138,19.9473,20.2761,23.7767,47.5278,33.8905,20.7094,20.7094,10.6522,21.6613,115.6184,17.7236,13.8915,22.872,11.335,11.4904,31.6921,24.4854,6.9968,11.3353,19.6616,7.6886,11.7908,23.1035,13.0802,20.8815,25.9746,24.534,18.0133,23.0791,11.7197,28.919,23.7978,24.2027,30.0921,21.2763,45.2646,20.7094,20.7094,10.6522,21.6613,115.6184,17.7236,13.8915,22.872,11.335,11.4904,31.6921,24.4854,6.9968,11.3353,19.6616,7.6886,11.7908,23.1035,13.0802,20.8815,25.9746,24.534,18.0133,23.0791,11.7197,28.919,23.7978,24.2027,30.0921,21.2763,21.2763
26,34.8648,108.6855,42.2219,55.9175,27.4781,19.469,20.1986,19.879,25.2752,28.1984,31.7396,15.3195,26.615,240.8244,42.8239,75.5328,28.0566,46.9427,20.6048,-13.667,22.4891,34.0589,26.925,64.5372,29.4744,21.7326,22.9776,18.5948,17.9087,21.0527,13.4135,13.4135,9.7682,17.5692,18.0785,68.8429,10.106,11.0749,17.6713,22.963,13.7309,22.6098,27.5893,13.2622,20.6223,12.3752,39.8377,20.0815,12.4822,21.7409,15.2621,228.4401,12.7206,2.6105,20.7101,8.7502,12.5135,2.8514,13.4666,13.4666,-1.4769,12.8954,23.0076,15.3732,28.7888,42.6502,56.0483,22.9635,-9.6148,-5.3483,17.0511,23.2566,7.9234,17.7731,13.535,15.0874,13.6497,15.681,16.7168,13.4667,10.0269,7.0927,51.072,27.7569,19.1119,15.2194,8.5414,15.3263,18.7409,20.4323,20.4323,34.5774,27.8619,19.547,17.7473,3.6364,13.5016,16.8685,18.7674,30.1568,25.5665,9.3815,12.5658,22.6678,30.4299,172.6808,16.5264,21.7012,14.9764,18.7686,16.5401,11.9808,31.7768,17.094,11.0357,9.0066,24.7872,129.5619,9.0027,23.9101,23.9101,22.6301,14.352,18.6266,13.8619,27.9265,-8.8744,-0.348,18.7566,25.1977,16.44,17.0238,23.7969,12.767,21.9601,19.0626,17.8485,21.0422,20.5753,12.4426,16.1765,31.1231,30.9124,25.5352,26.3369,16.1541,16.5008,19.9756,12.72,17.8052,13.0047,13.0047,18.0458,18.2339,14.4296,6.8122,22.0282,21.9841,31.963,15.5765,42.8519,21.8333,19.0083,19.8692,26.796,20.6579,29.2783,32.0938,30.9105,21.4842,16.8973,23.1192,24.5874,22.9211,87.0511,23.6247,25.7392,49.8691,49.5609,29.8363,25.4303,25.4303,28.3477,19.111,16.7963,21.5107,34.0596,21.6914,24.4147,23.6727,15.5041,20.66,26.3167,22.8059,25.0859,22.1897,20.8456,22.824,20.7024,16.6516,19.9746,26.7114,27.837,23.3055,22.7587,22.0722,21.7588,51.517,35.0807,30.77,57.4677,24.9992,24.9992,25.2756,23.12,20.332,11.5039,20.247,19.0041,32.198,17.8457,20.8166,38.119,18.4689,24.5919,43.6503,24.1519,23.5056,20.2396,16.7294,16.2062,13.037,23.3646,16.3437,16.1121,24.4852,18.2956,18.0148,58.6228,37.2,17.7816,20.6961,13.3234,13.3234,16.3124,-4.6415,23.2028,20.3423,17.7268,14.5128,24.4761,13.5706,32.7182,21.4097,11.9188,11.0306,16.7948,13.6881,20.4562,41.649,44.7625,25.4155,56.9755,93.9052,27.411,23.9139,23.6333,19.8066,19.368,21.9862,46.1508,21.9056,22.1936,22.1936,26.5398,24.4407,27.0892,28.3324,13.8783,13.0154,19.4721,19.0323,24.0037,15.5675,17.4902,-9.7247,22.4706,15.7406,21.0202,17.7285,20.3781,19.2891,8.9174,18.6003,25.7371,28.4198,25.6048,14.2454,23.3939,12.4295,28.6903,34.2513,22.3825,23.9705,23.9705,9.0029,20.3506,45.6094,17.9181,17.2228,20.431,7.943,9.0308,27.2562,19.3535,5.0606,8.7113,18.5344,2.0044,9.0667,21.1391,11.0272,13.5386,21.3669,26.0893,18.0512,25.0942,18.8877,27.1929,26.1343,25.5678,32.9959,24.4203,34.3085,23.9705,23.9705,9.0029,20.3506,45.6094,17.9181,17.2228,20.431,7.943,9.0308,27.2562,19.3535,5.0606,8.7113,18.5344,2.0044,9.0667,21.1391,11.0272,13.5386,21.3669,26.0893,18.0512,25.0942,18.8877,27.1929,26.1343,25.5678,32.9959,24.4203,24.4203
27,24.0271,28.0724,25.3678,20.7181,27.9438,19.1642,23.1007,15.704,22.2121,25.1988,31.0164,17.4692,39.5142,189.7473,48.0333,43.0494,22.7038,-70.349,15.9419,-22.2829,20.8934,40.3021,26.9049,25.6789,30.3432,70.094,24.1474,18.3052,17.9417,20.215,14.4748,14.4748,4.7916,14.7651,14.3816,19.6792,3.2768,11.6265,13.4513,26.0708,14.6343,19.2089,21.1632,13.7837,26.1246,11.9813,37.5966,20.1153,12.1403,20.045,9.8306,16.1511,12.9028,10.7324,21.1167,4.8292,4.55,-19.149,9.8172,9.8172,8.8991,16.4961,8.2931,15.2294,15.9169,36.1645,64.5498,49.8723,-11.9324,-44.8755,17.4821,18.1367,2.2251,16.5947,25.6052,20.1996,6.3433,43.1282,13.8694,18.7881,13.9637,1.0119,24.5955,22.1188,17.8686,17.7241,-18.0237,7.302,36.8536,11.9008,11.9008,32.8962,32.4494,19.0647,15.6695,10.3441,12.3997,17.481,13.8681,16.7975,23.258,9.4769,10.0844,17.3262,9.4741,27.7437,11.3591,20.7688,12.6474,19.1437,11.8592,6.7584,21.0575,13.2892,5.7387,-10.1342,31.5192,18.2228,-0.7611,11.9918,11.9918,20.1649,23.376,16.8021,8.9081,31.5802,15.5512,-19.5868,16.002,35.9501,15.9768,20.2432,23.0219,7.4539,11.7377,16.2646,13.4088,15.1429,14.7681,7.5035,12.435,13.9185,30.6897,22.8212,27.5956,15.896,11.0984,16.6767,13.0404,17.1923,15.7054,15.7054,4.0168,9.5448,14.2216,7.7438,19.6766,20.8047,31.9512,11.6748,20.8178,18.1456,17.3557,113.5206,24.5466,21.9439,30.2249,27.3363,22.6579,18.0146,14.7839,29.8062,22.3562,24.1918,22.6449,24.6403,21.8727,35.9669,20.9334,27.2253,27.5164,27.5164,21.4461,17.1668,18.7547,19.6684,26.6885,20.0953,24.2719,20.386,12.5038,17.0864,18.8395,26.0128,24.6918,25.7079,19.9525,21.9307,16.9669,14.0031,24.0293,21.0922,24.3784,21.8345,19.1152,28.3844,25.3277,51.8377,25.2884,31.5402,26.0639,19.9988,19.9988,21.5685,21.3608,14.922,11.5307,18.4507,23.7138,40.4901,18.7412,17.9802,17.2107,16.4947,21.6356,21.1952,25.2916,21.2254,16.9717,15.2055,13.273,8.8235,18.1966,14.7589,18.5922,18.7846,17.3721,16.3543,13.6669,40.5343,19.3047,20.1398,13.9175,13.9175,17.6346,0.3174,20.0652,19.5527,16.1418,19.7118,17.314,13.2565,34.6343,14.7397,18.5177,15.0804,19.1294,16.1865,29.1579,51.9567,63.7787,21.5914,118.0272,21.9809,20.0124,20.2888,22.5089,11.7352,16.8932,21.655,22.1397,20.1787,18.6349,18.6349,20.0581,26.2701,18.715,28.9053,18.2137,20.7213,17.639,18.9088,28.8219,20.5039,21.6656,3.6128,19.1711,16.2857,16.5766,20.225,5.0168,12.5705,10.8196,23.9817,23.1048,16.4525,20.0929,13.4416,16.2464,1.0126,52.0508,21.0887,20.0273,22.1761,22.1761,14.3362,68.4154,49.4032,15.7093,12.7784,19.1919,7.6258,7.4314,39.1575,9.4851,8.2558,9.9646,17.3438,5.7854,-9.2763,18.2246,4.9351,11.9669,16.0492,30.6926,18.39,25.6083,15.6949,25.539,22.409,25.9775,31.2963,24.9154,35.9829,22.1761,22.1761,14.3362,68.4154,49.4032,15.7093,12.7784,19.1919,7.6258,7.4314,39.1575,9.4851,8.2558,9.9646,17.3438,5.7854,-9.2763,18.2246,4.9351,11.9669,16.0492,30.6926,18.39,25.6083,15.6949,25.539,22.409,25.9775,31.2963,24.9154,24.9154
28,19.4104,26.9151,31.5252,19.3083,30.0858,22.581,15.7842,16.186,21.1421,24.8024,21.7753,14.2492,88.5122,273.4879,1.029,1.1726,12.0142,-66.9805,21.7413,-19.3729,17.8951,34.0459,24.6977,27.6615,279.9198,24.105,21.5953,18.6134,21.1885,17.8325,8.6518,8.6518,7.7023,26.8164,13.9888,16.9205,2.3192,-4.2075,15.1955,28.7707,15.1174,25.6555,20.3194,13.1613,0.2211,16.8438,45.1239,20.4687,7.6349,115.9427,8.4481,21.7758,13.1283,12.3705,15.8784,8.5235,-6.4938,3.2747,19.3577,19.3577,-4.8008,8.167,5.0832,29.4451,13.2633,17.5268,68.2381,19.7471,-14.453,-54.8734,15.5459,11.6161,-28.347,15.2457,13.0459,15.9757,-4.596,15.4504,1.0201,14.7967,12.9151,0.4911,13.3868,28.5369,18.0955,14.707,-25.6462,6.9058,19.2218,13.1965,13.1965,21.2799,23.1923,15.2751,13.6623,13.8923,8.9345,9.2519,16.0853,21.6063,22.5685,-10.9307,6.2584,9.6642,10.5764,23.9918,-4.3796,15.9402,11.196,21.9476,7.4354,1.6242,17.4385,0.5356,-5.7612,-14.5859,132.1172,15.1855,-14.4732,4.7243,4.7243,103.7347,10.4156,13.7916,4.3484,23.0016,8.2074,-28.9463,13.1105,20.474,13.1696,18.2883,20.772,0.1202,9.4644,6.7964,17.1674,8.5133,19.3024,-23.5654,8.4503,17.2289,55.2095,19.2912,22.1948,14.1948,11.1904,17.013,13.9426,15.955,14.5433,14.5433,2.5755,-2.9469,15.3972,-14.6843,15.9339,27.0637,21.5779,15.5769,20.9819,6.5418,10.1169,32.3064,20.7372,22.264,26.2819,23.6802,20.1361,18.243,12.6262,37.1771,21.2157,30.1556,15.8616,21.3146,19.0599,29.451,21.6855,30.5834,19.7282,19.7282,19.0294,12.2648,17.9261,18.4664,15.6496,17.3194,21.3027,15.5361,6.1576,14.8286,12.6803,14.3269,22.9153,25.4399,16.3841,19.5145,14.0598,13.7113,18.1486,19.8695,22.008,17.1483,15.3408,28.8944,24.7592,39.1636,22.9289,18.9415,22.7734,18.72,18.72,19.9278,18.5675,11.2339,100.741,15.4156,21.0396,14.5762,19.8666,18.1743,17.3255,15.1457,16.8674,20.8078,19.8493,17.9593,17.9683,13.2344,6.2833,11.7395,18.5826,13.7761,15.4417,20.0083,14.8154,13.7532,13.563,18.4872,18.0484,18.5799,12.7356,12.7356,18.7249,2.2635,13.2619,18.9666,13.6381,12.9775,14.8585,9.3424,12.0305,26.8782,24.8646,9.1259,24.354,26.5515,22.1822,47.6038,33.4409,18.9515,19.3164,20.8889,24.7999,18.0431,22.2077,3.0069,6.7641,21.2548,24.0375,16.1957,18.2923,18.2923,15.4896,22.9381,8.3513,19.4052,15.3152,15.5892,13.7456,13.5703,21.4703,18.8757,21.2338,4.7972,11.2127,16.3065,8.8717,24.7323,14.3671,7.2989,6.9585,12.3907,20.6483,11.5827,24.2673,13.7243,6.1203,0.6081,21.7082,24.3718,15.1453,15.1616,15.1616,16.6582,21.1189,21.3935,14.8755,8.8751,18.1419,-0.1693,9.175,19.2222,2.3963,6.2269,8.8261,19.2067,4.3823,-1.3412,17.6556,7.8077,21.6846,17.9822,21.009,22.021,20.4038,8.1669,28.9166,23.1097,23.0841,24.7198,25.2204,29.6231,15.1616,15.1616,16.6582,21.1189,21.3935,14.8755,8.8751,18.1419,-0.1693,9.175,19.2222,2.3963,6.2269,8.8261,19.2067,4.3823,-1.3412,17.6556,7.8077,21.6846,17.9822,21.009,22.021,20.4038,8.1669,28.9166,23.1097,23.0841,24.7198,25.2204,25.2204
29,18.4619,25.0238,23.7803,21.2941,23.2606,21.2045,3.0813,14.2365,19.6158,24.7312,-0.5976,17.3716,101.281,229.2215,23.9798,-27.5488,21.1696,-55.1394,17.6401,-36.7811,17.9569,31.7742,23.8107,26.5815,23.3338,22.4371,20.1484,18.4156,18.897,17.3229,-6.4184,-6.4184,3.0113,26.6341,13.0111,15.477,-8.0991,-10.4582,10.4918,23.6892,13.2274,20.1863,17.6605,12.6912,0.6276,12.753,29.3331,28.4844,-10.9227,20.166,1.1695,21.9818,-1.7386,13.9585,15.347,5.4414,-1.0889,-14.9353,8.8566,8.8566,-24.8208,-27.6005,-5.6207,9.5928,13.7288,14.9077,32.8242,17.3652,-22.1596,-66.5565,14.1212,0.5185,-28.0841,31.4325,12.5179,14.102,-5.3102,10.8817,0.3541,10.8625,11.4818,-5.015,3.9232,19.2061,18.9203,19.2274,-16.8039,15.4109,16.4798,29.4019,18.4629,18.1026,22.3347,10.2162,22.7915,41.1734,14.2159,9.0291,16.7182,12.2982,20.7549,-23.2548,2.2379,30.8274,8.8716,92.273,9.8828,16.2601,209.7235,20.5388,506.9067,1.5772,18.2731,6.3839,-18.8571,8.0235,17.0362,16.4581,-26.0654,11.8248,11.7584,6.5959,-0.4974,16.5812,16.6221,25.0373,4.4244,-8.6939,15.2917,16.8787,12.0072,19.9679,17.1257,2.5996,15.6971,9.7031,22.7337,16.007,30.7731,-14.4815,-3.262,22.7189,27.6639,14.3726,31.116,15.1421,6.3001,14.8238,21.6818,33.6744,14.3058,14.297,8.3284,0.6494,17.605,-36.961,15.9815,36.1405,28.1572,16.4697,20.8781,1.8827,31.5064,23.0899,43.7506,25.4843,26.1255,19.0089,23.4213,16.0558,12.4936,25.4222,19.3122,28.3189,21.284,20.3797,20.1276,21.105,25.5866,21.4369,24.478,21.0744,15.0412,29.4015,13.1442,16.0966,20.9291,15.5961,19.3469,16.1505,10.142,25.1407,17.82,19.5699,25.7875,19.4909,15.9513,16.9374,9.9594,14.3422,17.7713,19.7553,20.2469,17.0126,13.6058,29.0831,29.473,30.661,29.8894,26.3637,127.8209,31.1901,18.9083,21.1016,19.7651,8.3825,65.8211,12.9258,19.9522,21.9209,18.1102,36.7746,15.8987,15.7388,24.9028,24.8209,20.2098,20.2371,19.3127,15.8259,11.5056,17.1207,20.0805,14.6983,21.0323,27.5886,15.1972,13.2828,74.1275,18.6858,15.3751,18.7908,19.5499,14.1819,17.1127,11.5419,9.4253,19.3171,11.956,14.0312,6.4831,-8.9531,-5.5746,26.9259,23.1746,14.1701,26.1325,17.9502,46.5009,19.0585,39.9259,21.0288,40.9866,21.0879,15.4198,19.3267,21.3852,8.2823,6.3735,59.8055,20.9315,12.4111,15.2612,14.5437,23.1708,19.7644,21.8964,10.9264,16.6517,12.5265,6.992,14.4783,12.6846,19.2006,18.3619,6.1935,8.267,12.9322,10.7058,15.6764,-0.5662,9.2152,2.4444,13.3218,16.6382,17.2037,22.1497,16.3127,2.9741,7.0352,37.0042,20.7286,6.0568,14.7695,20.0523,45.9395,10.3445,25.3934,11.3846,5.5858,14.5417,5.5817,6.2738,18.2164,-2.2201,-8.5491,8.2988,17.1605,1.9601,1.2949,15.9952,7.9344,8.9716,2.9345,19.8099,22.3542,18.069,5.6377,27.1809,29.8412,28.1894,24.53,23.2157,26.7494,14.7695,20.0523,45.9395,10.3445,25.3934,11.3846,5.5858,14.5417,5.5817,6.2738,18.2164,-2.2201,-8.5491,8.2988,17.1605,1.9601,1.2949,15.9952,7.9344,8.9716,2.9345,19.8099,22.3542,18.069,5.6377,27.1809,29.8412,28.1894,24.53,23.2157,23.2157
30,18.8221,23.9768,22.7698,22.3454,23.4558,107.3549,-19.9452,31.36,19.4221,19.4115,-14.1766,14.866,154.6939,147.0766,13.6975,-14.4168,26.7898,-77.6358,28.6717,-7.1975,27.9785,28.4834,23.4747,45.6956,27.6801,17.7279,20.4231,18.9266,17.4207,17.103,2.5381,2.5381,9.2768,16.9575,14.0957,16.3195,-12.0994,-20.3177,10.3581,14.6316,17.707,17.7456,15.9418,12.6862,-14.501,75.6255,32.3043,16.4228,15.0077,17.6012,-8.6187,20.5686,-3.9298,29.4153,14.7921,2.8897,5.8796,2.563,12.1722,7.7789,-25.0334,-27.3747,-2.8371,9.5731,14.0312,34.695,39.3816,16.3074,-23.7935,-62.3286,13.513,1.3014,-24.941,28.6996,10.3186,16.3416,-14.9489,13.7487,-1.7785,15.7712,9.5611,-7.1335,-6.0541,21.4675,17.5101,17.9649,-27.198,11.8004,7.8428,4.8474,7.07,12.7033,18.8754,9.1003,14.0265,9.0808,12.1552,8.5912,11.4708,-6.6751,18.3014,-17.3566,9.1871,5.3525,8.4415,22.9393,8.9818,15.3792,10.609,22.2655,353.6005,10.4712,21.2625,6.571,-16.1838,4.1729,38.017,16.8932,-31.9481,31.7936,31.7224,11.3484,35.2321,14.0516,16.1819,14.3347,1.4691,-21.534,13.3918,17.5964,20.1915,19.0655,17.734,2.5613,21.8284,2.3402,10.9578,23.719,17.8751,-15.6829,-0.622,18.6978,27.3374,8.7647,28.7751,14.693,9.3527,15.2326,21.7476,15.6108,13.5383,13.6432,0.6246,6.0376,19.2066,-6.032,15.1812,31.8725,18.2746,16.3923,22.0045,1.173,22.3115,24.4911,13.8933,22.0483,21.9387,25.4945,21.6581,16.0957,12.7403,22.1217,18.5308,177.335,26.5349,282.9165,19.8834,20.9684,36.0457,22.0638,22.9127,21.7436,15.5658,18.6267,12.2703,13.797,25.1184,12.1906,19.6385,15.1578,11.0945,27.5549,58.5281,26.3625,24.5919,204.6283,56.1969,16.5504,2.5417,11.857,18.1698,18.9978,19.7035,15.8843,14.2149,27.8197,28.6303,31.8911,23.5895,25.3333,22.4111,22.9086,173.1165,20.2574,17.0319,12.8128,26.1045,13.478,17.6573,21.7701,18.7769,20.7315,17.1373,14.4024,18.1294,17.7389,19.3551,19.6291,12.8708,13.5748,16.6983,12.6433,19.5681,16.4773,20.7217,17.8235,14.9851,14.677,-0.7288,16.8321,15.5652,18.6485,19.4683,11.2005,10.7261,6.6305,15.1429,19.5307,11.3156,8.429,-16.9384,-3.0817,-18.2436,8.255,15.7744,15.0151,17.259,18.5303,24.4705,-4.1899,22.268,18.9076,49.0186,14.2521,16.5663,16.8721,19.4369,12.3648,15.773,25.4728,21.042,12.0254,32.1272,15.4702,20.244,7.744,20.4721,7.2189,17.4083,4.9209,16.6957,12.517,-5.6139,15.6428,10.9186,-5.854,1.9139,12.8112,5.597,20.4785,10.0553,6.8701,7.4128,11.3847,12.0573,16.7731,25.252,9.0935,4.4434,2.4841,29.2501,14.993,-13.2418,6.215,24.0892,24.3605,37.1196,22.1256,13.7386,19.4622,12.8045,11.6624,16.7957,20.7866,-4.2222,-12.0583,11.8137,17.9464,-4.7091,7.5741,15.8826,7.5323,24.8435,-2.6758,20.4583,33.1376,26.2564,17.4768,26.0582,43.6998,25.7228,24.7317,25.22,25.22,6.215,24.0892,24.3605,37.1196,22.1256,13.7386,19.4622,12.8045,11.6624,16.7957,20.7866,-4.2222,-12.0583,11.8137,17.9464,-4.7091,7.5741,15.8826,7.5323,24.8435,-2.6758,20.4583,33.1376,26.2564,17.4768,26.0582,43.6998,25.7228,24.7317,25.22,25.22
31,14.981,24.3987,21.8587,23.5743,24.7523,34.215,-2.6177,19.1312,17.6862,19.8567,-10.6075,21.9625,130.2964,168.4254,60.5121,-2.6066,26.1956,-81.4149,32.2407,4.4021,31.7432,29.9124,23.2497,27.753,23.8566,17.5484,20.1643,19.9004,17.614,16.6372,12.5533,-1.1007,8.532,16.0409,12.8472,16.3549,-8.6212,-23.164,11.0156,17.8362,14.7328,18.3912,14.3243,12.8462,-14.0733,14.8378,25.9783,16.2149,24.3209,16.2292,0.0794,15.1453,-2.1578,25.0297,10.5916,-28.0287,-4.2917,5.7508,8.8318,8.3993,-22.5845,-18.1776,6.899,11.1264,16.5413,28.2342,21.6373,15.6956,-22.7252,-74.1836,11.3203,5.8747,-22.2663,16.8837,9.6539,17.2666,-11.9678,19.7763,-1.0455,18.1272,15.8239,-8.8464,-0.6222,23.0064,17.6446,16.0338,-20.0646,-3.7167,-0.0177,10.6447,6.1264,9.9546,17.5718,13.1048,16.598,3.4501,11.6193,4.4981,17.3676,-10.3119,17.3368,-25.1662,4.5212,8.9807,10.4996,19.184,7.1767,17.3147,10.2987,18.2735,245.9522,6.6026,23.3107,2.8922,-23.9044,1.8551,49.2222,14.846,-34.0706,20.5252,19.9012,12.1717,17.2862,10.8834,12.1166,20.0187,-13.3714,-11.4837,13.0504,17.2988,25.967,19.5407,14.5093,3.4304,14.5365,11.5855,-11.275,-8.0976,-1.5947,-39.1559,-10.1979,14.224,9.834,-16.8797,24.4977,14.9523,9.9435,14.8445,22.2612,14.7648,18.957,11.5916,-20.4726,0.7977,12.9704,-34.9249,13.5532,30.6551,37.1018,15.3534,21.8086,-2.8722,23.4929,16.6511,20.4789,18.8207,17.2756,15.8651,22.3073,16.971,12.7227,19.5216,18.6708,36.1281,19.6103,68.1013,17.808,14.0275,28.9217,17.8901,19.8192,18.0859,12.67,10.8833,10.3327,13.0173,22.1985,14.0843,18.5948,14.369,9.7629,20.1534,19.5035,21.3272,22.1736,49.6067,34.2319,15.9725,8.8419,12.7886,17.454,19.2169,19.613,15.0553,14.9854,26.3667,25.7216,37.7709,19.5914,23.5132,23.9557,21.8612,36.1773,18.1919,17.9745,8.9515,9.5064,13.6431,14.7407,21.2118,18.247,20.7632,17.4434,15.5968,14.0552,21.4264,18.7201,19.6272,2.2168,13.8211,13.1689,15.3006,13.9183,16.5143,19.527,19.1967,11.3226,26.5092,-0.6288,13.0489,15.7444,18.307,19.348,10.1311,11.3896,14.5053,18.5339,19.9198,11.7915,6.6945,-2.1618,-0.7815,-26.4868,14.0505,12.0642,8.0448,12.5221,18.9033,23.2343,16.5515,21.778,17.2626,51.2422,16.3672,16.3485,15.6254,20.2396,12.6868,17.4025,22.686,21.0499,11.4522,25.7789,13.7438,20.6423,18.2427,-0.3891,17.0293,17.7457,6.5456,22.9911,12.3237,2.7247,15.8583,11.8574,3.7842,6.6135,15.8849,1.3651,20.1134,6.8808,11.8734,6.7666,11.1623,10.1167,18.5101,19.9938,10.1018,-0.3291,1.2287,21.9389,12.1628,-27.8814,-0.6784,21.6164,19.8651,12.313,16.5481,11.6687,6.8526,8.6433,8.3341,8.9292,19.118,-12.7086,-17.707,13.6283,20.5565,-6.9364,1.4613,13.1274,10.0716,24.1238,1.7809,19.4727,38.256,32.9372,10.8176,23.3728,37.4883,20.1492,25.1211,21.9072,21.9072,-0.6784,21.6164,19.8651,12.313,16.5481,11.6687,6.8526,8.6433,8.3341,8.9292,19.118,-12.7086,-17.707,13.6283,20.5565,-6.9364,1.4613,13.1274,10.0716,24.1238,1.7809,19.4727,38.256,32.9372,10.8176,23.3728,37.4883,20.1492,25.1211,21.9072,21.9072
32,17.8508,29.3465,18.4416,21.3923,24.1978,48.7684,5.5425,20.4651,32.7344,20.7634,-3.0644,17.3472,143.6752,150.2467,86.3011,-4.6625,20.8076,-77.0368,28.2735,1.6811,42.6252,28.9786,23.4318,24.2727,24.4873,16.855,20.2268,21.3377,17.9976,16.133,13.8421,4.403,0.9939,32.0809,12.3406,17.0559,0.4666,-19.8017,11.3821,14.4356,12.4813,18.3906,13.9419,12.7299,-18.1806,15.0295,22.3796,14.3621,29.3554,14.3808,6.4025,9.7304,8.4083,25.3578,13.4984,-19.2207,1.5365,11.2812,9.2234,9.8577,-20.6482,-6.2901,7.499,11.9692,15.5874,23.075,19.5823,14.4473,-13.6894,-48.3574,14.9068,2.6161,-27.4309,16.5394,12.7247,17.3293,-7.5303,24.3658,1.2036,20.0513,17.9148,-11.1216,-12.1335,21.9271,17.5106,13.9197,-10.6589,7.7856,13.8627,10.3426,6.4387,8.7504,16.5706,12.4295,14.1408,8.7461,12.5862,10.8243,17.3704,3.6224,17.0931,-14.7018,5.6767,12.497,5.2387,12.402,8.7402,17.0169,9.0774,17.6879,385.7985,-1.0031,19.7409,8.8732,-13.2801,-5.7569,21.5026,15.1266,-33.6757,3.1806,34.5524,12.3987,19.0188,10.8958,13.7432,13.5206,-10.0626,5.094,8.2267,17.6996,22.3704,25.0687,14.1189,8.3122,14.6443,12.4552,2.6268,-14.3659,-11.3277,-37.7098,-20.6939,2.5038,11.2733,-30.0895,15.6805,16.2351,11.3136,14.1489,14.347,16.6388,15.2519,12.2004,-23.1131,4.4522,12.76,-44.3517,12.1323,27.7686,29.4473,17.6392,21.114,1.5429,6.4766,13.0551,19.0606,8.6932,15.9633,15.8346,17.4228,17.1929,13.2204,13.9184,18.5134,42.3175,20.8796,40.7573,18.8397,21.0159,29.6301,14.0389,18.4091,17.2234,15.0214,16.0127,10.1462,12.3937,14.7817,12.7904,18.4722,13.5238,8.5128,16.9273,27.0548,14.0244,22.6693,34.4149,19.352,17.6189,5.4349,12.3427,17.3002,19.9426,19.9143,14.6296,15.0544,20.2872,25.8543,27.0167,23.3319,13.5401,22.6129,15.6111,18.3249,16.9508,19.0923,9.2578,8.7287,13.5648,17.2675,18.9703,17.5799,20.5207,17.2936,14.7241,15.2436,17.2712,18.3216,17.9383,-0.3854,13.5637,15.9002,12.4105,15.9766,14.2848,21.1691,16.2391,12.915,16.3016,-1.01,10.0074,15.1789,17.6594,19.0728,8.4092,11.9296,14.7622,18.6303,18.2864,12.5674,7.4137,-3.4505,-0.7406,-7.0282,7.8011,10.9228,4.5422,17.2072,19.5092,18.4714,25.7726,20.7647,15.9535,34.4958,16.5829,16.9002,9.9464,19.7819,15.5657,19.6512,22.2264,21.7281,10.0922,4.8162,1.5897,15.4025,20.1106,-4.9996,19.1752,17.2908,11.0598,20.4213,7.4048,9.1582,15.2428,16.1809,11.789,7.5198,20.7028,7.4629,23.367,13.8588,9.6999,8.6365,2.4889,14.3172,17.8042,21.5644,12.5526,4.0169,2.8065,24.7148,10.8796,-16.7024,3.9699,22.9215,21.2753,13.207,41.3959,12.4372,11.1845,9.2898,3.96,10.6107,19.4297,-1.6858,-24.4158,14.005,23.0969,0.3023,9.2449,5.5491,4.6698,20.9926,3.7376,20.171,35.825,34.8397,10.0773,37.9221,37.9136,20.9477,24.9713,21.1688,21.1688,3.9699,22.9215,21.2753,13.207,41.3959,12.4372,11.1845,9.2898,3.96,10.6107,19.4297,-1.6858,-24.4158,14.005,23.0969,0.3023,9.2449,5.5491,4.6698,20.9926,3.7376,20.171,35.825,34.8397,10.0773,37.9221,37.9136,20.9477,24.9713,21.1688,21.1688
33,43.7237,23.9601,19.9386,20.5627,21.652,24.3196,9.0695,23.0756,36.428,27.7034,10.4617,17.4452,130.2932,150.5676,109.5408,16.2552,17.599,-46.4654,27.7452,-2.874,28.4464,34.1275,24.3175,24.6112,24.849,17.527,20.1329,22.3115,19.1032,16.9136,13.9046,13.0676,8.4319,18.1139,12.9271,18.3802,-12.1624,-17.1903,11.5403,13.08,13.5493,18.4753,13.562,11.221,-26.6526,10.017,12.983,32.1224,28.2642,17.5626,11.7522,13.1233,5.7506,24.2972,12.499,-11.5228,-2.3422,14.7579,17.9709,26.5862,-19.586,-2.5627,7.647,11.9621,13.7304,50.91,15.7,14.0996,-10.7154,-42.3446,15.4216,9.1693,-23.8942,21.2878,23.2998,15.4432,-7.8248,18.6324,13.1963,23.9861,15.1903,-11.086,1.0184,32.509,18.082,17.3754,-19.0489,7.247,12.7822,14.7244,9.5977,8.925,18.4651,19.0717,20.274,9.6314,15.4088,12.7122,15.8212,5.2469,16.729,-18.2451,2.4176,11.2159,10.554,14.4483,14.0733,16.6412,9.4609,18.1555,449.5705,8.7801,15.076,11.2556,-12.7037,-9.5853,11.5794,19.4782,-29.0002,11.7004,77.3418,11.6954,35.1183,13.1537,24.4378,9.7851,2.8276,12.2033,7.7355,18.5151,23.6572,25.5716,14.1223,13.4288,15.0381,15.6602,3.38,-12.9342,8.3004,-29.9207,-2.6383,5.4168,14.4899,-32.014,13.2722,15.5675,12.9576,16.5314,12.2928,15.9724,16.7773,6.2258,-21.2912,7.1463,16.5014,-27.738,11.3117,21.4627,17.9118,17.7613,22.1536,-0.5915,18.3856,4.2748,17.1837,5.4259,20.0258,17.3073,28.5573,17.6164,12.4865,12.2135,18.0217,37.9859,16.7605,23.6364,20.064,25.5537,27.6717,12.9014,13.2995,19.757,14.7168,24.4059,11.04,11.225,11.6609,12.6642,17.5428,13.1588,9.6107,15.4769,18.9206,1.1665,20.3968,21.9558,17.6597,17.9103,10.0096,12.9391,17.5411,21.8438,20.3897,15.861,16.0649,19.2499,26.2231,26.901,19.8915,18.3582,22.9601,14.6706,19.7688,17.3192,19.1964,3.4427,0.0118,13.0814,17.013,18.8092,17.5821,20.6677,20.8676,13.8371,14.7702,15.3623,17.5862,16.07,0.5283,14.5318,15.9731,13.8831,22.7004,15.1821,18.4222,11.4568,16.1483,17.8172,2.4475,11.9959,15.4542,17.2403,19.0513,10.6143,11.1745,14.3952,17.5859,15.0111,15.4631,8.2401,6.234,1.6635,-16.4361,16.2781,6.7973,7.334,13.2395,14.7446,17.4978,13.3114,31.1848,16.8659,43.6747,12.7113,23.6449,11.6552,19.3403,17.6007,20.6227,21.188,20.5756,15.1922,14.9344,-17.1073,13.4071,15.5326,-4.4265,8.6169,18.3369,15.9685,18.5941,12.9071,26.2695,14.9547,-10.4137,14.0941,0.7374,23.6291,11.5763,22.5712,18.4133,9.0097,9.8287,9.8573,16.2599,13.6749,20.8356,11.6063,9.4424,1.5995,30.139,11.8324,-17.9549,6.2715,20.1922,31.0358,16.7234,15.6607,12.7109,13.4425,9.1053,7.1512,11.9878,19.598,0.1732,-27.755,16.1871,27.006,-10.9103,11.7291,10.7599,-0.746,16.2955,5.4606,22.1826,32.752,30.5126,6.9752,23.9741,35.0686,20.7851,27.3346,23.4588,23.4588,6.2715,20.1922,31.0358,16.7234,15.6607,12.7109,13.4425,9.1053,7.1512,11.9878,19.598,0.1732,-27.755,16.1871,27.006,-10.9103,11.7291,10.7599,-0.746,16.2955,5.4606,22.1826,32.752,30.5126,6.9752,23.9741,35.0686,20.7851,27.3346,23.4588,23.4588
34,25.7469,24.8004,19.5986,20.5393,20.7176,27.6321,12.0975,32.9651,24.9808,31.6787,18.1066,3.2435,123.0241,189.0165,96.339,-8.4773,63.1126,-38.5859,23.5502,9.1334,61.6583,36.6284,27.2373,28.9364,28.1664,18.4173,18.5148,22.8765,19.8324,19.036,7.9114,12.9159,2.0714,20.4696,13.3666,22.1396,-5.0083,-3.7111,15.6016,11.2788,18.8056,18.5756,13.8145,11.4455,-17.0209,4.171,11.7738,27.8094,32.8073,19.6775,14.6397,4.6032,0.274,22.6504,14.0999,-2.2492,-5.0024,16.6426,16.8733,28.098,-19.4773,-28.0509,12.2538,17.2018,13.9011,58.513,11.4913,12.5387,0.3428,-29.2773,23.229,13.4934,-7.4863,21.1554,15.2541,17.2939,-6.6098,19.0466,16.4246,29.2847,14.8962,-0.408,43.5422,24.5786,23.7652,20.5323,-14.471,8.8971,5.7234,24.3197,8.6377,16.7277,22.3987,23.278,14.4611,10.8011,18.0075,29.4535,20.4079,7.2014,18.9881,-16.3743,-0.1795,19.1844,39.2918,19.5151,15.4534,278.6624,10.1372,20.9415,81.2529,15.4771,32.1189,14.8794,-15.4888,21.3322,9.1539,23.9892,-19.5815,21.3949,154.8465,19.7135,13.7201,13.563,29.1189,1.4729,10.7368,12.7074,14.7678,18.5875,18.1678,24.4202,14.7211,16.6278,20.8613,17.7962,-7.7318,-13.9102,12.6786,-23.1987,8.9963,15.2684,19.3082,-24.3009,15.8495,16.5564,14.124,22.5299,15.9921,23.9679,19.4506,-5.6364,2.5904,12.2029,15.4314,-7.5891,11.5847,36.3987,16.8772,23.8031,23.0459,-9.3252,20.2916,10.5331,18.6645,4.2729,26.6593,13.0504,28.7826,18.9932,13.5348,-1.3413,17.2725,21.1037,16.9862,66.9366,20.1761,31.6578,16.0229,10.1607,14.4112,23.9902,14.3408,18.8085,4.6569,6.5695,10.8246,10.7736,17.3168,13.387,11.4418,18.6078,22.7581,-4.178,25.9916,15.6136,17.2384,18.186,13.2505,14.3856,16.7055,22.0025,21.528,22.3376,18.5518,22.3718,22.6705,30.5978,23.994,24.1971,22.7671,16.5931,19.6219,18.3482,18.7894,6.6193,8.294,15.2204,21.3382,21.7706,19.4677,21.3982,22.1049,14.5688,26.8059,15.7431,18.0084,15.3233,0.6558,17.7621,17.368,18.1702,26.9108,16.6668,22.2699,4.7413,19.3149,19.3289,13.1081,13.7462,20.8576,17.6874,18.7976,10.5182,17.1058,18.372,22.8776,17.3205,15.1214,12.4512,21.1523,13.5711,5.9405,28.438,9.95,14.317,12.4971,22.987,21.2373,11.6192,40.8829,21.5166,33.5334,14.3546,26.8558,13.9841,20.1459,19.9959,20.9469,20.257,19.9457,16.7859,23.5933,10.6446,18.0393,20.7646,-4.3769,3.9102,19.0234,12.4391,26.8064,18.5102,36.1506,19.7978,-13.9612,18.4078,6.4507,29.2101,15.0662,36.4707,15.7424,13.5092,12.5732,16.6161,23.7843,13.9669,26.6063,11.5301,17.5159,11.0269,31.8307,19.2078,10.5745,2.6705,26.382,20.7321,39.21,16.2723,16.037,13.5102,7.7672,-0.3762,11.8079,23.19,1.0742,-11.7145,20.584,25.5011,-12.6284,16.0967,-0.3283,-6.3415,13.7943,7.6889,24.1685,30.2038,35.7714,11.0371,23.9048,30.7937,18.5274,28.4957,21.6066,21.6066,2.6705,26.382,20.7321,39.21,16.2723,16.037,13.5102,7.7672,-0.3762,11.8079,23.19,1.0742,-11.7145,20.584,25.5011,-12.6284,16.0967,-0.3283,-6.3415,13.7943,7.6889,24.1685,30.2038,35.7714,11.0371,23.9048,30.7937,18.5274,28.4957,21.6066,21.6066
35,19.6624,26.7017,94.9009,22.6695,22.5856,29.9628,23.4639,45.9753,28.3497,43.4364,26.341,0.8093,125.1054,190.9464,137.0306,22.7464,35.2297,-15.195,27.4451,26.6028,42.9709,50.6016,25.6217,47.2315,27.6545,19.6686,19.8606,26.1832,26.5543,23.1385,10.9573,12.7637,-2.5812,23.204,14.0273,29.6944,4.1673,7.1798,25.3289,11.7028,11.3245,16.1094,14.6014,14.1683,1.6515,12.5113,12.7533,31.7522,17.1634,22.476,14.8441,14.9852,10.9304,24.7302,16.2869,-4.3711,-3.2186,39.4772,20.2058,20.94,-25.7727,-19.7307,15.3863,27.7015,29.1476,87.5116,14.2998,20.0767,3.8678,1.7077,25.6308,23.1992,-20.6044,16.7233,17.3496,21.3242,11.5911,30.4779,17.0589,21.7023,33.4245,5.289,11.8785,21.5731,29.9797,15.8354,7.6872,7.9703,-5.76,40.2702,11.2475,27.5004,30.6817,31.1881,8.1982,22.633,15.5737,27.4109,33.9325,27.5248,19.6868,1.3262,3.1742,53.7165,22.4464,23.7916,14.4343,23.0024,13.781,24.495,9.0566,17.4769,60.099,16.1544,-1.2058,15.1322,3.2135,25.795,-29.7552,31.6171,77.1128,40.2585,-33.4205,14.7787,12.8555,-30.1757,24.579,13.1635,11.5341,18.0752,18.0042,27.1417,15.233,16.5551,19.8781,20.1756,-29.1442,-27.7012,4.6288,-7.3941,16.2914,26.8186,22.0669,-29.8714,10.9966,15.4121,17.5735,20.1032,16.7411,25.9386,15.925,-1.1054,5.1065,11.9605,15.5889,5.1361,11.6589,18.0762,22.7785,21.3736,22.1194,-11.3405,19.0161,12.4754,4.72,-27.6095,26.3444,11.6011,22.2791,20.4898,14.0136,-7.7831,16.6347,18.2977,16.2013,20.4751,21.6473,25.6566,9.9347,6.4138,18.975,24.5875,16.6987,14.7628,1.4542,3.9132,-16.0918,11.9464,17.1154,14.4789,11.9462,21.3601,18.2767,6.548,22.9168,19.0673,17.5469,17.8459,13.5976,15.9585,17.21,22.4029,22.0062,20.052,19.8481,22.5961,16.6549,27.6004,22.6181,27.4466,19.4003,13.0558,17.9939,16.5239,16.8288,12.7821,13.1311,14.8687,17.847,21.1125,19.3095,14.3117,20.8748,15.1673,28.141,13.9722,18.2506,6.0477,0.001,20.1091,18.1805,18.7033,28.6296,20.4521,20.0593,-1.2885,23.5683,20.5608,13.1436,13.99,20.7367,17.4855,17.9925,4.502,20.2712,20.3193,20.172,17.8344,15.2332,-17.867,10.5045,18.9701,14.9549,25.33,16.9287,14.1905,15.8736,22.2684,24.1554,18.0236,44.7257,21.1336,32.5651,14.4735,26.0306,16.1837,22.0454,22.2705,26.1431,18.6472,19.6911,21.6975,30.106,27.6291,23.0637,22.3086,18.0335,4.5128,18.2985,18.1642,25.0062,25.6173,31.8776,23.5936,-6.8224,22.4121,16.2241,40.267,41.0482,43.7046,25.9419,18.6138,38.6084,25.4832,39.0681,23.5312,23.2509,15.832,15.6841,21.6447,40.4845,24.048,17.5006,12.051,32.3465,17.4603,78.6559,20.5562,17.139,147.2428,12.7667,1.2671,11.1241,33.2106,7.2885,8.1694,23.8467,39.1008,-7.939,16.1096,7.3812,0.374,15.4506,17.061,26.5615,21.8289,28.8582,10.6376,21.6195,35.556,19.0076,36.508,26.9197,26.9197,12.051,32.3465,17.4603,78.6559,20.5562,17.139,147.2428,12.7667,1.2671,11.1241,33.2106,7.2885,8.1694,23.8467,39.1008,-7.939,16.1096,7.3812,0.374,15.4506,17.061,26.5615,21.8289,28.8582,10.6376,21.6195,35.556,19.0076,36.508,26.9197,26.9197
36,18.399,28.7585,36.6253,18.4592,26.984,32.2528,15.8666,58.6542,35.7113,47.3873,28.2607,-3.9171,141.5622,213.4313,238.4689,114.5947,40.3052,17.0886,18.9357,13.108,34.0597,42.6184,30.252,33.9385,30.4028,21.5065,20.9897,28.0547,22.7194,26.0117,12.8292,17.5287,-9.8769,19.0588,18.714,68.6458,10.1141,9.7681,23.5404,11.986,11.5868,17.1486,14.2314,15.9184,14.1593,5.8156,13.4027,19.774,20.8609,29.0644,21.5167,35.8732,15.3118,25.0195,17.1238,5.2918,5.3835,20.687,22.2892,17.8948,-19.2439,1.1436,9.219,24.0183,21.505,37.4273,14.6468,15.0293,16.2529,5.4724,13.4497,10.8717,7.5513,16.2414,22.4316,21.4086,4.3237,43.6283,18.2562,18.4787,26.9361,13.02,16.8388,19.404,34.973,15.8916,10.0753,6.1806,5.5559,25.058,11.8139,15.358,24.7576,19.4617,21.2519,20.0477,11.9196,16.7483,20.4052,22.9345,27.1497,2.4732,-6.5559,43.3591,35.5953,20.5912,11.8706,23.1334,19.362,21.0143,7.6947,6.3816,17.9734,15.4622,6.0681,16.5494,16.1841,21.5594,-15.3537,31.5754,31.5561,16.2408,11.8746,16.2425,21.7313,-13.3425,25.679,17.9335,14.4085,18.3204,17.0503,24.4877,17.1653,18.3368,18.5818,22.8638,-12.2581,1.0603,6.6105,3.186,18.0037,22.3792,24.4674,-22.7775,16.2706,17.6759,22.5615,22.8899,32.9459,43.0651,17.373,3.1697,10.865,11.3125,20.826,14.6202,22.2441,25.1772,27.1136,24.3307,23.1029,11.6042,14.4802,26.4833,11.0602,17.6456,26.9859,14.4247,24.039,22.99,19.7841,14.225,18.1342,27.5302,22.6657,22.4315,24.2512,38.8286,22.0156,15.8625,21.5999,25.9803,21.254,13.7917,8.5689,9.6381,0.7622,26.2845,19.4273,18.1838,16.8416,23.5559,19.7338,15.0347,19.8332,20.9958,15.4493,21.5212,16.9166,19.1847,18.1,29.8975,27.7507,19.5614,20.2568,24.1656,21.5986,31.4828,22.6531,25.7742,20.8133,12.6838,19.8394,18.7681,19.4968,14.4439,12.7787,16.805,17.3629,22.935,20.0598,15.0,21.2886,18.8035,27.9773,16.9114,20.2202,13.0544,6.9858,20.1349,19.8625,19.4901,15.6223,12.6172,17.8237,11.3478,20.6971,19.8272,14.0697,17.7165,21.3037,18.1847,17.4097,8.2713,25.4722,20.0017,19.5153,20.7432,18.7449,-0.4103,-3.8713,-1.8221,11.1258,22.0305,17.3139,14.226,16.45,22.3344,19.0499,18.6847,33.5536,17.7838,18.7997,15.6739,23.9561,16.7222,21.9128,20.72,22.3399,18.1824,19.1908,19.649,33.5652,22.4589,24.0706,22.9752,2.2802,14.2341,18.5817,17.3749,23.9987,22.7531,27.0544,37.247,-2.1281,23.9077,26.3685,27.992,124.9482,35.1917,31.7459,16.8328,33.2104,21.8124,98.1475,32.8978,28.3219,17.8414,19.3591,17.9156,38.222,20.2721,21.799,13.9354,25.6121,17.2648,20.6644,19.9554,26.6672,34.7687,17.6281,6.6268,9.9233,39.901,7.8044,16.458,28.2338,51.3379,-4.0197,18.4794,33.1323,8.8116,43.0396,45.5266,30.0019,26.2605,33.2769,18.612,25.5602,27.6184,20.3124,34.8724,26.4862,26.4862,13.9354,25.6121,17.2648,20.6644,19.9554,26.6672,34.7687,17.6281,6.6268,9.9233,39.901,7.8044,16.458,28.2338,51.3379,-4.0197,18.4794,33.1323,8.8116,43.0396,45.5266,30.0019,26.2605,33.2769,18.612,25.5602,27.6184,20.3124,34.8724,26.4862,26.4862
37,23.0558,31.1142,28.6849,26.4448,26.7279,26.7379,22.1223,62.2086,35.4751,26.7713,33.224,-6.2282,217.7269,252.4976,256.5163,161.2691,39.3678,34.1722,22.9281,13.932,46.5202,62.8975,27.9833,48.201,42.0557,21.5418,22.4828,23.9606,20.7795,23.0581,12.4899,21.058,5.9355,17.0832,26.3759,21.6819,9.0312,14.0076,19.4459,12.6351,11.6257,18.0659,14.6595,15.6023,14.4623,7.7975,24.3829,29.2479,12.3109,17.0566,18.5748,22.25,12.6152,25.5379,14.8455,7.6577,5.8726,14.0413,19.5912,14.0948,-20.0621,7.707,10.9747,19.1368,21.5278,40.6605,20.6836,15.1959,25.1865,15.0227,13.1314,10.7864,15.6141,14.3893,19.8138,92.1447,-5.6705,19.649,16.636,16.9786,23.6008,19.3951,15.9693,6.2678,31.7591,12.9361,13.351,18.8464,15.2742,52.5291,12.9252,14.3694,24.4123,11.0082,18.4447,19.6857,16.5023,20.8976,24.2535,18.9207,28.1936,3.8474,7.3479,14.9135,77.7014,20.754,10.1286,22.3414,19.3361,33.029,13.2168,8.1951,20.6486,28.5377,11.4419,13.3734,9.4248,25.4929,1.9473,29.3729,32.9269,21.9814,44.784,24.6425,33.9929,9.9734,24.6621,35.9343,71.4932,22.6021,21.3554,42.1295,27.3425,13.3046,26.8636,34.8371,14.5433,7.2685,8.4782,0.2132,18.9797,34.0557,29.0913,1.4886,20.4142,22.8656,19.9371,27.605,68.0805,37.4492,24.4446,13.8183,11.5335,12.2876,24.5226,16.4301,26.2225,30.8279,18.9348,26.0922,32.0478,21.7897,12.2714,33.7738,27.6783,23.09,22.0848,15.3907,19.0965,28.6141,23.1701,16.323,24.9939,55.9548,26.8609,19.93,19.7492,25.321,20.3359,17.9356,21.8814,26.9359,29.8695,29.9168,12.6734,17.8791,10.3017,32.0121,23.6498,27.8731,43.048,23.8455,29.7284,16.1697,26.6375,20.3507,18.8458,33.0426,20.1542,19.3409,22.6592,27.5012,24.6429,24.1976,23.0929,32.556,243.4217,31.5922,21.3175,24.8136,21.0747,22.9183,24.488,22.0214,23.9186,25.5992,19.2976,19.9416,17.1401,20.8279,21.1081,21.4596,21.0553,20.9402,20.4069,25.0761,33.322,20.2947,18.7104,20.9806,20.1177,17.6838,17.567,13.3048,18.905,15.0911,29.7174,26.0651,20.6796,29.0139,21.3378,21.8174,25.9191,19.2884,24.7848,25.4707,24.9812,25.2726,69.1157,5.9997,3.555,-11.6545,5.0635,23.5742,17.3093,14.0662,28.4207,40.3586,33.3425,23.3836,32.2342,18.7202,31.2032,19.0974,25.7731,18.7778,21.8711,21.6859,22.5804,13.186,19.0755,14.9086,31.1407,12.4351,22.0335,22.4026,21.5544,16.8074,17.1727,17.0034,14.2849,20.267,17.6037,21.5657,-10.22,24.4674,27.6965,24.815,31.6903,40.2621,25.6215,11.2231,30.4519,16.5635,19.3426,24.4097,24.8688,16.324,12.9872,17.2465,19.123,18.024,18.6818,10.7925,20.6816,20.1431,85.5467,18.5309,16.7833,22.5708,16.5519,10.8872,11.7164,34.8878,12.5827,17.9938,21.9901,20.5855,0.4372,14.1257,16.8899,12.0629,36.0299,20.4271,35.6185,20.9192,22.6386,15.3193,20.6023,24.2457,22.9005,36.2504,23.1381,23.1381,10.7925,20.6816,20.1431,85.5467,18.5309,16.7833,22.5708,16.5519,10.8872,11.7164,34.8878,12.5827,17.9938,21.9901,20.5855,0.4372,14.1257,16.8899,12.0629,36.0299,20.4271,35.6185,20.9192,22.6386,15.3193,20.6023,24.2457,22.9005,36.2504,23.1381,23.1381
38,19.2135,31.7058,21.2886,24.2306,21.8376,24.8129,23.8811,55.7687,26.6235,25.6922,31.6097,0.5282,352.2351,224.4167,255.6478,8.3668,35.228,23.4873,35.7923,14.6487,110.1075,38.2772,31.2377,32.1631,29.0513,21.7436,22.2269,22.935,24.5827,21.7725,10.3348,16.5896,2.8709,18.2664,18.7741,19.2895,11.808,7.3632,25.7277,16.0052,15.0376,27.5114,16.068,12.8346,12.9047,9.1,25.294,36.8179,12.3017,15.1556,13.8249,19.849,143.0057,16.8235,19.9287,8.7425,-0.4683,20.9916,20.9156,11.0749,-14.5432,11.4064,12.2824,23.9509,15.5106,27.7018,99.0403,86.3826,23.655,16.267,120.2466,40.4056,17.9043,21.9786,29.3544,24.1676,4.7729,23.6091,17.2401,24.6637,24.4985,21.3669,12.7549,21.3105,27.6546,24.3609,14.5243,18.028,17.7002,31.0824,12.8659,13.052,33.7269,17.3994,23.7575,22.9726,19.0106,18.2221,21.9593,10.7953,32.371,3.9038,12.4216,18.6302,21.1572,18.047,11.0139,14.171,10.5266,20.8521,24.5746,13.1776,24.0871,37.3147,10.7963,18.6803,18.1949,27.296,-0.9701,35.1846,38.8284,23.4243,23.7612,18.1252,21.6651,18.6176,28.8281,17.9377,25.346,23.1975,19.6332,24.2578,19.043,13.3199,21.5583,29.9581,17.2962,11.2849,28.8938,18.909,19.0756,25.7081,21.5404,11.713,27.4509,18.733,16.6093,24.6716,37.1199,22.6035,20.6399,12.2274,34.1751,16.5468,30.2969,17.2979,93.2884,21.5071,31.9999,25.1479,25.6419,17.7414,18.6301,27.5703,22.5679,30.4467,27.7161,18.6559,19.635,24.5224,18.1094,24.4987,24.0718,28.6375,61.4135,23.0208,19.2381,22.2441,21.6275,18.6266,30.5642,24.8685,21.6651,21.1185,19.0221,21.5994,17.4354,48.6373,23.8246,24.378,26.1348,22.1878,24.9126,27.0248,26.9157,23.4627,18.2716,26.6305,20.0083,18.3602,21.2035,25.9361,31.2343,25.386,32.2468,33.3806,25.2677,34.7386,31.9476,26.9717,29.7182,23.4944,23.2585,21.4136,26.1571,26.3524,21.2745,35.7642,14.4654,19.1579,26.4359,20.701,22.8874,24.0165,21.9173,23.5685,36.9321,22.1341,23.1719,25.8777,20.9009,16.5838,19.7318,21.1131,20.0779,20.0642,41.4858,25.3321,22.8356,23.3271,23.5058,21.8118,33.6596,21.4094,42.9731,32.9275,29.5924,21.5964,26.8654,17.0846,24.2104,19.6939,28.894,25.5355,19.2219,16.7018,22.0245,36.5353,23.356,20.701,21.8219,36.5615,23.6303,21.875,28.8771,28.1324,36.3342,32.8019,31.4843,36.0603,33.858,53.1752,21.677,15.8504,17.6263,26.8876,32.2688,28.0864,24.002,26.9763,18.4226,25.0718,21.0485,28.6389,7.0859,157.1208,26.5563,27.2592,30.567,26.9013,28.2794,15.9728,59.8478,29.5124,19.9753,25.693,19.8532,180.3695,212.4223,20.0667,192.1867,24.6764,21.7871,25.7557,20.8079,32.4259,51.112,17.9274,16.7844,25.0814,11.554,9.4266,19.9466,25.6925,12.2238,26.1221,20.5886,16.7341,-0.2972,18.5312,25.4661,20.3453,18.3428,17.6658,26.1381,20.2077,17.9061,23.8739,19.6996,28.9337,35.8938,33.2448,21.593,21.593,25.7557,20.8079,32.4259,51.112,17.9274,16.7844,25.0814,11.554,9.4266,19.9466,25.6925,12.2238,26.1221,20.5886,16.7341,-0.2972,18.5312,25.4661,20.3453,18.3428,17.6658,26.1381,20.2077,17.9061,23.8739,19.6996,28.9337,35.8938,33.2448,21.593,21.593
39,25.7475,33.5677,23.9451,33.0311,24.5073,18.6363,17.2259,48.6368,25.2655,31.7867,24.0951,24.8829,807.6924,122.9593,308.1626,16.3295,34.7543,-4.3456,37.4398,22.5041,29.9004,33.9702,31.2349,33.741,29.8674,23.5587,22.5999,21.9188,23.6121,19.1974,13.4282,33.7343,5.0972,13.6439,17.6569,16.885,7.6875,6.503,82.8231,16.2526,15.1613,43.2446,16.2115,18.809,13.3144,10.1301,27.4668,34.4517,11.9876,20.2351,91.306,51.4693,73.9213,18.4428,41.7906,30.5444,9.3054,171.6892,20.989,23.5478,4.2423,11.2875,13.4878,17.7302,27.3068,46.548,21.3694,29.1007,19.5073,16.9226,19.397,21.3906,9.1179,24.1388,9.6471,19.9679,17.9906,22.222,24.8897,24.4713,26.3601,17.9807,17.8618,10.1665,22.6663,15.2393,14.4691,26.2044,19.508,51.7604,13.4597,17.6748,21.0193,11.0069,11.6518,19.8093,21.2478,21.3224,17.5626,9.1897,18.3135,10.1983,14.5945,31.81,43.1442,15.1716,25.4571,16.4416,9.8273,21.1302,15.6956,15.3612,23.6001,30.0563,17.1646,21.3403,21.0163,26.462,9.9472,22.691,60.2763,24.2628,27.7121,15.491,26.8304,19.5419,22.8489,16.698,19.0911,21.4706,18.1172,22.3528,19.7868,14.0609,30.6676,25.2891,23.6714,20.1755,15.9148,26.029,21.4537,32.0733,16.8825,22.8424,13.9434,19.3369,15.0768,27.4707,27.2627,35.4208,25.4995,11.2942,16.8748,16.9496,22.3165,21.5128,59.4461,22.6188,28.9133,26.2306,26.7052,27.7888,21.8861,30.1728,34.4068,36.6673,29.7807,23.3128,20.4737,33.1908,28.2029,44.4289,24.273,77.5015,29.9691,28.8984,23.6221,21.844,34.3345,23.5711,30.3167,24.3872,35.5186,23.1145,21.3685,21.6532,18.89,43.8368,29.6357,25.0022,25.4628,23.1509,23.2491,27.349,29.0778,24.5927,21.5144,30.3853,19.9319,21.2686,22.6383,26.9815,38.3957,31.9487,29.5547,46.194,23.9634,34.3016,34.4514,27.4532,25.4868,30.8937,28.0016,24.1918,26.6068,18.8876,21.9934,23.0934,18.8478,19.8223,22.035,14.7871,18.8935,25.7169,31.636,27.2646,59.4377,21.4877,21.8821,24.6253,22.4785,20.6815,24.014,30.4115,20.4743,21.8184,36.87,25.7089,23.0885,38.4147,26.3239,24.8331,20.1163,19.6872,22.664,20.8631,27.0848,24.2264,18.2656,13.2674,15.5583,17.0788,22.6682,28.489,16.6141,18.6341,86.9313,25.6862,19.5479,15.5882,24.4259,25.1601,29.2372,51.8346,24.8018,23.8272,28.8774,33.1097,27.4572,25.2279,28.5075,41.8726,21.1979,17.3526,24.8105,32.6723,28.0616,24.5769,21.6553,23.0246,28.3708,28.8018,23.8014,29.5593,12.3022,25.8793,19.8625,19.8652,27.6241,41.3861,17.6368,16.8997,26.7998,40.1841,26.1396,66.5657,19.6369,27.4189,53.094,21.7069,106.2964,23.0611,20.8024,19.3047,38.5982,18.3141,636.4863,31.9495,22.4401,20.6747,10.507,12.4429,21.7725,40.4667,17.7212,28.1296,23.5814,19.66,8.2557,18.2394,14.3575,6.6951,18.8641,20.3162,30.2271,41.1464,11.526,23.1429,21.4096,30.4518,48.6731,35.1656,19.9494,19.9494,19.3047,38.5982,18.3141,636.4863,31.9495,22.4401,20.6747,10.507,12.4429,21.7725,40.4667,17.7212,28.1296,23.5814,19.66,8.2557,18.2394,14.3575,6.6951,18.8641,20.3162,30.2271,41.1464,11.526,23.1429,21.4096,30.4518,48.6731,35.1656,19.9494,19.9494
40,31.4123,31.6966,25.8981,34.8009,27.8544,19.0326,20.5944,32.4937,27.9762,17.9159,12.4848,29.1557,419.8669,150.2939,269.54,30.9933,41.7052,12.4677,30.5395,28.5766,34.7691,28.2969,27.4951,33.9565,35.3315,26.2293,23.3174,24.2708,29.6763,30.7553,15.2955,30.3275,10.7612,13.242,17.9929,16.1259,13.2388,6.5693,31.0142,15.5614,21.718,29.1103,15.8847,13.7477,23.0203,9.9057,17.988,17.4102,13.092,13.0409,39.0594,23.2277,23.9794,15.8764,27.228,36.9003,13.4298,28.4072,33.9215,18.2874,12.9608,10.923,14.3677,20.7557,17.2443,56.8949,15.1068,13.3912,17.7014,16.7809,17.7587,30.5167,10.5451,25.8114,6.9899,19.621,8.6813,25.926,23.8829,25.7003,19.0102,27.3749,21.5397,13.0356,41.8993,16.3888,14.1419,25.4846,15.5141,34.6023,14.7411,16.6589,21.3759,9.4823,13.4916,49.7646,21.0439,281.877,16.8727,8.6257,17.6883,13.6731,15.0947,40.3924,42.7291,17.5437,15.4909,19.5469,14.2094,19.8188,10.8748,40.8182,25.6915,39.9534,12.6802,20.5021,21.1122,23.4939,25.077,32.6025,42.4921,21.7299,19.0244,19.5391,22.8322,32.4221,18.1493,18.6812,18.8567,21.0072,16.8249,21.89,18.6993,14.4686,23.5318,30.1464,43.8314,21.8756,18.2914,27.1707,22.947,34.8834,20.2382,30.5724,13.9651,31.511,14.9782,39.4652,23.317,24.0957,29.9514,14.2835,17.3749,18.1042,21.9407,24.701,48.7452,26.0689,21.7537,25.2928,42.5156,28.1304,25.554,28.4754,31.1435,41.8559,34.05,27.7233,22.8303,35.6497,33.2773,41.6164,24.5285,68.1899,37.1617,30.121,25.2193,23.6324,30.3706,70.7706,25.8809,25.9382,30.0427,29.7065,23.7763,25.3497,27.2143,40.8225,32.1094,42.6969,28.4346,29.7505,49.2216,26.432,30.8008,27.1375,21.8813,26.3719,27.8436,23.1921,22.0137,27.7602,43.0697,118.3579,33.4057,32.3479,26.8084,52.1389,26.0621,43.7005,28.6735,50.4174,26.8835,28.2143,27.5968,35.4481,23.9476,34.8036,24.4334,20.8987,22.4819,14.7026,25.441,50.9202,28.8237,33.0095,28.4653,21.9311,22.7349,27.608,22.1539,36.4166,28.4792,26.1235,23.1706,22.8965,58.193,58.3729,28.9162,119.6474,25.829,27.8137,20.8919,36.3664,37.004,29.4272,24.7719,29.4527,28.3097,18.5386,18.2876,20.5159,29.6936,23.4168,16.7085,29.9829,54.6744,28.289,22.8098,26.7178,31.6135,24.5038,31.9402,42.5181,25.065,23.6393,25.3205,27.9145,23.1919,18.5985,24.1074,36.6779,19.0649,25.122,24.8711,30.7906,32.1534,35.897,23.8544,23.2749,25.4265,22.8779,21.5467,25.6775,22.5352,56.4616,14.6881,29.5552,25.2045,25.5391,17.2955,17.8144,22.6153,21.9481,37.2581,51.1555,24.676,24.2328,23.9797,31.1911,39.1761,20.6712,24.5651,16.8485,44.3302,18.1579,105.782,19.1772,17.0005,18.0891,13.0877,8.4841,19.5958,33.3867,23.9712,22.4468,20.8811,16.9918,-2.8849,18.8709,10.5037,13.2124,17.9132,353.6347,28.7905,33.2588,15.0392,26.948,21.279,23.1363,32.4664,30.5609,20.1176,20.1176,16.8485,44.3302,18.1579,105.782,19.1772,17.0005,18.0891,13.0877,8.4841,19.5958,33.3867,23.9712,22.4468,20.8811,16.9918,-2.8849,18.8709,10.5037,13.2124,17.9132,353.6347,28.7905,33.2588,15.0392,26.948,21.279,23.1363,32.4664,30.5609,20.1176,20.1176
41,24.3076,29.4116,23.8612,35.0929,28.2659,17.151,16.0752,53.0267,25.5415,8.6731,22.6873,27.4489,1061.9396,72.2129,230.5516,14.7827,29.6701,11.8082,27.186,15.9747,31.335,29.7371,26.7433,27.2223,28.8484,22.6711,21.4305,22.8452,25.2646,18.3531,15.3546,17.207,11.1514,13.7773,19.627,15.0236,5.9699,5.8361,27.1695,73.3815,21.387,20.7951,9.1744,10.1813,31.4396,16.2394,33.3864,16.6482,13.797,9.7482,35.0744,12.2632,19.0037,6.156,27.6227,20.6452,7.0831,24.333,27.9494,18.7647,17.8488,12.5951,16.5407,22.2905,20.6723,61.6642,16.6598,9.8083,9.2473,14.5128,14.9975,14.0127,11.3484,25.1036,4.9658,20.6953,13.3765,24.9782,19.9119,43.3493,18.5772,15.9545,17.1649,17.9006,23.2701,11.0556,16.1027,25.6133,14.1067,35.245,15.626,13.9005,21.7078,3.6369,7.1374,134.1557,21.0629,26.585,20.1628,17.3825,17.8151,12.3198,17.6774,38.4976,60.2204,23.6408,32.4025,24.2986,16.1108,19.4184,17.1532,34.6656,27.1246,51.5509,12.7053,21.7143,27.2103,63.1298,40.4107,33.1538,36.3707,19.5786,19.8218,18.9622,21.3546,90.7236,21.6522,27.4448,19.9291,21.6916,16.7348,48.4868,20.393,15.4471,21.4777,32.6967,76.0613,27.2991,22.1223,26.3209,29.0341,20.2132,23.0127,28.4119,21.5656,28.5806,11.5963,76.7909,183.8647,27.5471,28.7085,14.4587,18.2511,18.7198,18.9894,23.462,168.6247,29.839,26.6162,30.2783,32.3434,28.2659,26.4065,49.4629,41.1315,32.7629,45.9924,29.5365,33.7178,28.6038,28.1853,33.5705,25.328,30.564,32.1768,60.571,26.2469,27.2405,66.7494,22.9838,37.2221,39.0765,28.0413,58.6091,18.8487,26.3609,25.3809,52.5192,82.2452,46.8703,27.1559,25.5712,38.2258,27.2916,32.2914,26.8571,22.2788,26.5843,26.0479,24.4437,26.1691,32.9066,35.8522,40.7136,33.0559,27.7485,28.546,54.8632,41.2094,49.2155,47.0566,37.9848,29.8008,30.858,29.0964,27.6824,27.2762,33.3891,24.2007,34.6493,46.9537,37.8507,29.5961,46.9918,33.0066,55.8907,32.0216,24.8298,29.1783,27.8424,22.8945,28.9121,18.2226,34.3756,24.6756,23.6738,215.8691,43.6987,28.2161,45.6369,25.0066,35.6333,24.0667,38.2581,40.1289,32.1068,32.8043,33.1859,21.7428,26.2427,21.9953,20.6594,54.053,31.7765,18.6744,36.66,33.8009,29.4016,42.403,28.9199,36.6145,26.6815,69.4731,125.6438,30.663,22.3335,26.2401,37.3463,24.6895,22.5647,27.044,56.9306,38.0782,28.8546,48.0231,34.6294,31.0692,41.5755,24.5335,24.6039,100.7157,25.0197,44.6294,30.9107,18.9818,28.1893,22.3435,26.5676,25.746,30.2701,18.5909,18.2353,41.8613,28.19,46.2886,57.1675,26.5483,25.923,27.3243,56.2005,32.0162,30.3541,22.7958,23.8447,32.2818,18.9681,21.5448,21.177,16.9216,29.798,11.5246,11.2236,20.2467,39.8226,13.0384,15.4025,17.1135,16.052,-4.5773,26.4164,13.0813,29.1425,11.4976,25.8294,28.838,33.1981,12.5693,29.6947,28.1268,25.242,35.0293,25.248,24.6152,24.6152,23.8447,32.2818,18.9681,21.5448,21.177,16.9216,29.798,11.5246,11.2236,20.2467,39.8226,13.0384,15.4025,17.1135,16.052,-4.5773,26.4164,13.0813,29.1425,11.4976,25.8294,28.838,33.1981,12.5693,29.6947,28.1268,25.242,35.0293,25.248,24.6152,24.6152
42,31.2022,26.0586,23.9093,36.2967,22.5359,14.8661,16.2561,39.95,23.143,6.293,22.4415,20.8347,368.023,41.2813,181.1178,24.215,32.3797,10.9596,27.1113,24.9107,33.3272,27.6449,26.8482,28.0114,30.5406,22.1001,20.5285,19.7061,23.984,16.0276,15.1917,19.3338,10.4039,12.2117,22.4467,15.4789,2.0452,7.796,28.5836,24.0783,15.4307,19.2641,12.5332,10.3533,28.4274,16.3004,19.3984,16.1719,13.8493,8.8296,19.6378,14.1118,12.8725,-16.5478,22.5432,17.263,7.0385,22.5874,21.2024,10.8486,39.7862,18.9336,13.0665,21.0413,22.8159,38.4826,17.8274,1.4535,6.3361,10.8479,13.2693,15.7218,473.4735,28.3526,1.665,24.8022,13.9882,20.149,21.2649,13.7686,18.1634,24.013,17.8466,17.9925,26.7396,4.9379,10.8838,24.4622,14.49,16.3988,21.077,14.3677,22.7291,27.6553,15.6359,19.808,27.1396,25.997,16.686,14.944,18.5638,13.4803,18.7838,40.9581,60.4083,30.0128,33.617,25.9919,52.5548,18.6948,9.7506,25.9789,24.9334,57.9679,11.1023,27.7848,24.6038,60.9373,57.494,33.0762,33.9674,27.7794,14.9059,18.5707,26.7453,123.1755,32.7344,17.3757,25.446,21.6728,13.6304,22.6317,21.44,17.6877,23.8569,27.658,35.6541,19.339,22.5424,24.6075,25.2515,27.7887,21.5835,26.5933,35.1334,29.6945,13.3914,71.3575,46.0144,25.0984,28.3049,17.1189,32.4871,22.5066,20.4402,25.2501,30.009,20.8693,11.742,31.9751,147.287,28.5625,26.9472,308.563,47.2143,43.9824,42.681,30.3438,37.0271,26.0091,30.6143,33.027,28.8906,37.6932,31.971,34.032,28.0893,31.112,108.3778,31.5334,41.9079,29.1212,29.5071,54.9212,20.6837,24.7447,24.8993,27.6677,49.7784,96.8971,26.939,24.4638,57.5884,27.7104,30.274,28.0123,23.1865,27.8205,34.7185,26.1487,30.9767,32.2053,28.0108,66.7651,29.1212,29.055,25.5454,65.1816,60.4213,28.2082,32.0404,33.854,27.8948,28.3068,28.0841,29.3698,26.5535,42.3773,28.3862,27.1694,24.2355,20.3732,30.0001,25.6494,26.966,48.9541,32.8207,25.4059,27.2722,24.7074,21.7232,26.3603,23.026,34.9497,24.9689,23.838,72.9015,41.1937,68.1076,85.3976,29.1058,31.3994,32.2093,25.4531,51.9853,24.2821,39.0109,44.3932,28.1385,30.575,27.3235,21.484,24.0778,25.6737,21.4506,32.3692,30.8976,34.5399,41.6583,37.682,42.9378,39.1608,96.4069,146.6164,26.1175,20.6964,25.3022,30.0538,24.7589,27.3411,30.3639,73.3415,35.117,41.6831,45.8603,39.7065,34.9475,39.7511,34.2325,30.3591,26.4628,25.1387,25.6808,27.3427,19.2676,33.4401,19.3104,31.5207,42.5382,41.7281,21.3037,20.8687,28.0972,33.0375,53.2852,58.4707,27.3029,32.2436,42.1073,52.4221,39.2781,33.6874,23.9023,21.6776,18.8727,13.2203,54.4173,19.0976,17.2097,16.8943,11.5552,11.8094,36.0004,25.0993,20.9398,14.4656,17.4031,15.9069,10.0284,29.0583,16.2912,22.0353,11.0885,24.3685,27.462,17.7807,14.347,29.1795,23.781,29.2671,33.3481,22.7883,35.8256,35.8256,21.6776,18.8727,13.2203,54.4173,19.0976,17.2097,16.8943,11.5552,11.8094,36.0004,25.0993,20.9398,14.4656,17.4031,15.9069,10.0284,29.0583,16.2912,22.0353,11.0885,24.3685,27.462,17.7807,14.347,29.1795,23.781,29.2671,33.3481,22.7883,35.8256,35.8256
43,34.6094,26.1303,32.1437,37.8546,21.2849,11.4423,13.9059,35.3936,9.7577,8.9652,20.1458,-0.0755,235.805,48.3857,156.5458,15.9278,26.8884,18.7607,25.1456,22.7321,35.3213,27.7486,26.5631,29.5432,27.7471,19.9269,19.9407,18.0071,26.5267,14.6318,12.4389,14.5021,11.3941,12.9666,19.1804,14.2308,6.9428,9.9658,22.1512,17.6818,13.713,17.389,12.3776,6.4024,23.6376,19.2666,13.5792,14.9169,12.8185,3.2435,19.1478,15.8122,1.8373,-27.2493,21.0182,16.1402,13.278,22.0731,17.4453,-8.9651,20.256,16.9717,12.7592,27.6374,17.7172,43.0601,18.0524,4.4018,9.9985,12.9841,13.0297,19.4765,23.4863,16.6214,-0.9401,22.1211,10.8075,19.9875,23.1738,13.2166,19.4698,23.8783,14.551,18.2397,19.6017,-3.5598,12.6583,25.291,18.3419,32.6097,17.2235,13.7433,22.7953,25.3057,17.397,22.2851,23.9835,18.6314,14.5533,13.7842,19.5282,16.6065,20.0669,33.1961,45.8885,39.4854,19.9009,33.5273,22.6041,19.4975,4.3867,12.9902,31.7994,47.1442,16.8819,25.4975,100.5581,74.0032,31.4548,45.2474,38.6619,36.3813,19.7136,19.1621,17.0163,77.5906,394.6469,18.8651,38.8332,22.1372,-2.5356,20.4245,23.874,20.319,25.6852,29.4704,36.4963,26.8781,26.0961,24.504,26.4664,24.603,41.4656,23.1583,51.319,34.5958,12.4944,63.9872,36.5231,21.5257,27.2758,12.0492,19.8936,22.8833,21.3493,25.3127,19.2598,30.0621,3.1011,24.3683,35.3101,25.8113,26.6968,36.5782,51.3489,46.8283,34.2875,28.1347,34.6337,27.3181,25.4548,28.7868,29.4836,39.7507,35.6706,31.582,24.3222,28.9163,136.8097,23.0734,28.6887,33.3032,29.4446,62.377,21.3017,24.0566,22.3892,31.8126,90.8799,139.6416,27.6686,24.8506,37.1342,25.9679,76.0584,26.0476,26.3412,27.1933,27.6994,26.0723,25.7856,42.6622,29.6859,164.7821,179.5077,30.7602,28.742,76.9406,54.8422,35.5696,31.1936,57.3817,40.0231,27.5313,28.2843,30.1123,30.3725,35.7997,27.23,28.4284,22.2007,37.3578,26.6149,25.0394,42.1155,53.3083,43.5634,26.7048,31.3126,24.7646,21.4184,27.5352,27.7052,124.3082,25.2386,24.7887,35.8802,44.2223,23.9848,36.0641,32.9604,25.8892,23.2627,27.9116,42.2042,24.3141,33.7177,27.205,26.0323,57.1306,49.8998,22.1022,27.5299,27.6673,21.2163,29.3817,31.1828,40.3237,42.6716,44.9624,61.4665,49.7312,71.228,85.6166,25.914,20.107,28.0988,32.2852,25.6924,31.91,34.6242,58.963,32.7595,58.5991,45.4338,60.0548,36.8497,41.2449,31.204,26.8427,31.7789,27.0586,37.1476,29.3455,23.736,28.9035,25.0481,26.0688,23.6113,47.4477,21.5682,29.4678,76.5353,39.2591,56.459,80.7558,32.3376,46.0515,30.8969,68.6772,35.005,33.7706,25.4696,20.583,22.3899,18.4316,86.8371,22.1553,19.522,20.5319,10.3041,8.6012,22.3819,40.2862,17.2807,13.3529,16.9149,15.2762,3.0659,24.3072,10.299,26.6671,19.4154,25.3478,28.0017,7.577,15.6153,27.9553,22.6879,20.0931,25.6337,20.7038,26.0645,26.0645,20.583,22.3899,18.4316,86.8371,22.1553,19.522,20.5319,10.3041,8.6012,22.3819,40.2862,17.2807,13.3529,16.9149,15.2762,3.0659,24.3072,10.299,26.6671,19.4154,25.3478,28.0017,7.577,15.6153,27.9553,22.6879,20.0931,25.6337,20.7038,26.0645,26.0645
44,26.7961,28.2617,27.6144,32.6622,20.2172,10.663,14.2032,24.2698,2.9085,6.2738,20.0026,3.1824,216.804,27.7857,139.5667,16.6931,20.8572,17.8759,21.9619,22.147,35.8455,26.8388,25.1066,27.1571,43.2961,17.7417,18.8311,17.7114,21.2196,13.479,13.3088,10.8455,12.5665,17.2953,17.7515,11.6662,3.0084,11.6995,18.5074,17.7618,12.7671,17.5254,12.7658,5.9884,20.2567,21.3053,14.8226,12.7323,12.6371,2.6968,21.506,19.3707,-14.8365,-25.141,17.855,14.4507,18.1447,21.4705,14.7217,-13.2714,20.9133,36.8485,12.8556,22.3108,18.538,41.635,17.4759,7.4511,3.5908,16.3858,12.9892,16.5172,75.4541,21.6315,-8.8551,19.6679,13.7817,18.0898,22.439,15.8636,24.802,33.868,18.2422,16.9513,18.9253,-4.952,10.9326,39.5494,19.6818,32.0086,9.6412,8.8135,23.5523,23.05,22.8807,20.88,18.4904,16.3348,14.6648,12.4625,18.3035,19.2697,20.9501,52.5893,200.1004,38.9444,17.6027,27.8998,19.9233,19.0812,13.7255,28.8397,31.3608,30.7985,17.5672,28.9748,24.0853,82.1621,43.8708,212.1084,42.5759,42.5489,24.1799,17.6829,29.0845,0.6493,67.8516,30.8695,52.8812,27.3544,3.1609,22.7494,25.4696,17.8757,26.4841,31.8567,44.3344,29.1681,25.7372,23.773,34.3035,31.3705,47.7763,56.951,37.6444,34.3272,17.8647,48.2194,101.5558,19.925,29.8924,7.6553,31.216,23.0471,25.4145,25.5444,25.0314,29.691,12.0652,25.9362,55.8878,23.7833,26.6743,41.4554,52.2287,54.1677,32.3462,27.0887,28.8571,28.1743,28.2888,26.1,26.2454,49.601,34.4622,39.7872,36.3609,26.9395,111.7737,25.57,42.6691,31.6605,26.337,30.0172,22.0253,22.4337,23.1815,28.8911,140.0097,160.434,28.6794,23.3398,28.9969,29.1577,122.7007,25.5485,27.0379,27.0832,25.2454,29.1197,25.9621,36.8948,33.5114,56.7706,112.2887,33.4312,53.7982,114.7321,100.3403,27.9829,27.1114,57.9254,30.1362,26.6339,28.462,34.2097,29.7039,48.1633,21.2758,27.486,22.6953,24.4877,26.2133,29.8676,54.3313,56.98,32.4907,30.5503,32.2505,29.8,21.8583,26.0226,25.613,37.7074,25.6639,25.131,33.3687,117.6664,23.9385,54.4849,38.4644,25.5328,25.5161,27.6122,39.1936,24.1307,28.5999,27.8852,35.4389,38.8582,81.9604,30.9732,35.0822,30.3223,22.7297,22.7434,37.7758,45.0834,42.4418,50.8456,84.9755,72.4702,130.4147,206.7188,26.3209,21.7002,43.0683,32.3518,26.1875,35.977,35.9992,109.1867,37.2384,65.2798,59.2646,70.4331,58.8139,54.75,30.7014,31.189,37.969,36.0628,28.767,29.8463,25.0978,29.5746,25.4281,37.7182,37.3223,36.1857,22.0724,55.5284,39.6313,55.2304,50.0373,120.4888,35.3332,150.0864,63.8193,104.6727,69.4454,30.7801,22.7242,22.5934,82.537,16.9611,69.6944,23.2367,20.162,21.2054,8.3356,11.6211,23.7925,38.4411,10.4368,10.978,19.7165,13.1401,9.6707,22.1252,6.4289,20.2753,24.5694,23.1447,27.2431,15.0927,15.841,23.1377,17.5263,17.9775,27.465,18.6312,25.2101,25.2101,22.5934,82.537,16.9611,69.6944,23.2367,20.162,21.2054,8.3356,11.6211,23.7925,38.4411,10.4368,10.978,19.7165,13.1401,9.6707,22.1252,6.4289,20.2753,24.5694,23.1447,27.2431,15.0927,15.841,23.1377,17.5263,17.9775,27.465,18.6312,25.2101,25.2101
45,26.9431,27.4802,25.0753,35.5765,19.2262,7.1338,25.4159,24.1799,1.8657,13.5541,17.5255,19.1876,181.5952,27.3757,119.1224,21.811,20.8481,20.5227,21.1977,28.0608,38.8129,25.5048,26.2999,26.9568,27.1121,17.6154,18.9242,18.0556,21.1453,12.2769,14.1747,6.6018,13.5189,20.2971,17.5145,12.1923,8.5904,12.6119,20.4755,14.952,14.2667,17.0862,12.6687,14.4601,21.1471,20.6307,15.6664,12.404,12.6918,7.7721,19.8957,14.6142,-21.2665,-13.0268,22.8799,14.8204,10.6668,20.6496,14.6552,-16.0034,31.7304,36.6214,14.1216,18.2076,36.1566,38.3072,17.7361,11.0404,1.3578,17.4797,12.1591,12.0555,67.8176,12.6035,-2.9212,18.1514,16.4573,17.7325,19.7738,15.748,19.4255,33.2434,15.3305,16.6398,18.9451,-8.9916,5.987,68.4186,14.5502,56.7759,13.5987,7.3879,22.9144,21.9305,18.8519,16.7087,22.6855,16.9889,14.9004,13.1411,16.5463,23.3092,22.0944,35.1234,33.3409,45.9734,58.0431,28.3375,19.3877,20.3009,23.6522,25.5515,30.5628,6.8138,25.402,76.1759,23.6963,81.307,72.7265,80.6181,33.3851,32.6458,29.8071,17.5322,17.5472,-1.3032,30.4167,27.7085,50.1717,20.2559,-4.6049,20.951,24.9381,23.8972,35.7756,29.1241,54.9911,29.509,26.7363,28.7181,29.2601,31.1476,39.7715,44.987,29.8684,40.8347,60.2443,70.7404,25.0845,22.7334,24.9925,20.0428,44.2139,22.6446,29.7897,26.395,19.3343,31.3724,16.285,26.1379,30.4688,23.8999,25.2311,42.4546,63.4958,57.0246,35.0256,29.9665,27.2092,28.9702,32.9274,31.9534,26.5709,61.1269,31.8371,36.7227,30.7399,30.6915,118.2947,22.6976,33.1841,29.7781,25.5791,35.2289,22.8967,27.5449,61.6572,29.2406,242.9676,140.9377,29.5013,25.6639,23.0478,32.5645,80.8948,25.8046,26.6292,27.638,29.9767,25.9792,25.3022,32.8029,41.9114,118.7237,30.212,29.6955,47.2648,119.2967,88.2587,28.979,24.9655,54.2625,29.4151,26.5248,52.1159,49.7132,30.0929,95.3647,21.1406,25.8141,16.5141,24.349,25.7816,28.4357,36.8539,246.1157,30.7649,72.6886,38.1331,30.9037,22.2106,26.951,25.6778,31.9536,25.7503,25.2691,26.694,155.046,24.0388,43.6439,36.1485,26.1534,22.7184,26.2144,38.48,76.9428,30.2943,24.8077,27.2363,46.2087,31.2597,35.5877,26.8437,27.6255,22.7692,23.9117,36.0058,53.0391,42.8456,54.7421,69.4765,68.2777,173.3547,92.2465,26.3245,28.9085,32.6609,32.0749,27.538,35.9074,57.2106,166.1337,31.3891,93.3976,63.8787,122.2434,56.7871,60.0997,37.1158,34.6598,42.8337,27.5173,28.2452,38.1352,32.7465,28.3987,28.6538,22.4311,26.4795,32.1153,28.9794,41.7927,36.4035,115.1804,55.417,94.493,38.3867,40.3672,50.7393,75.6572,77.9065,54.9363,22.4936,22.7429,161.9729,37.2548,68.2067,22.319,14.7173,17.1508,10.5523,12.4048,21.906,50.629,7.6634,11.8875,20.7656,13.6171,14.9769,22.7215,15.9445,13.7072,19.6779,22.8786,27.6951,21.5906,14.5536,20.8058,23.8435,23.6928,26.6467,23.1579,34.0461,34.0461,22.7429,161.9729,37.2548,68.2067,22.319,14.7173,17.1508,10.5523,12.4048,21.906,50.629,7.6634,11.8875,20.7656,13.6171,14.9769,22.7215,15.9445,13.7072,19.6779,22.8786,27.6951,21.5906,14.5536,20.8058,23.8435,23.6928,26.6467,23.1579,34.0461,34.0461
46,27.2901,26.8098,25.8806,30.1754,21.4295,7.9948,23.3128,20.9884,18.3236,19.7301,15.7674,16.4168,200.4822,73.6895,138.7948,27.3595,27.1385,25.1018,20.7969,26.5101,34.8304,27.1426,30.5764,30.0099,25.0843,20.3926,19.5151,19.4515,24.617,14.3805,13.7671,14.3373,20.3359,19.5671,17.9069,13.166,7.0444,11.0633,25.6339,13.9634,15.4325,19.6536,13.7011,19.8361,29.6606,27.0797,16.3796,13.1395,13.1772,14.4143,29.8278,14.1925,-24.0014,-7.4623,26.8982,12.5033,15.0096,30.1135,17.118,-11.1583,29.4374,43.6049,18.4538,19.1473,70.558,52.299,16.7536,11.669,-8.4152,20.45,8.2864,14.1081,23.092,15.3933,0.367,19.9474,13.3905,17.1466,19.3198,11.5849,14.6639,29.9334,17.3307,16.5075,20.7753,-10.2326,5.9046,26.3338,16.7231,38.1721,16.1086,18.0207,23.1087,20.6757,30.5729,17.1245,29.2729,17.7156,20.6767,14.1455,15.8585,28.4791,19.6142,31.0175,41.3999,41.2564,22.4977,24.697,15.5359,21.5788,15.4532,24.6886,24.3029,15.9213,23.0737,27.0233,27.017,146.638,39.4704,65.9094,32.7945,30.6915,26.5053,20.1879,4.1684,0.8088,26.0867,20.2343,53.9686,43.9909,1.0543,18.6954,25.5966,20.5801,31.6573,28.1564,79.2347,29.0552,23.5577,80.4656,28.1266,25.0559,44.2988,56.9036,93.4737,48.6496,67.8448,23.9782,30.0262,40.3937,35.9569,16.8262,33.9126,23.625,27.1004,22.1414,22.146,26.1616,-1.7666,27.249,30.1105,26.133,23.8684,35.3926,41.4417,45.521,34.0739,32.2913,30.0967,31.2442,36.0142,50.5205,29.1268,39.9302,31.5721,31.21,36.867,124.3213,145.1966,22.3156,42.6936,27.0796,21.8421,59.341,27.5094,24.2275,24.3562,28.3915,141.1204,137.5985,29.425,26.5145,30.2087,140.1378,62.7709,26.1517,27.1144,27.5467,25.7612,25.2782,37.1099,31.5113,33.2128,215.2671,32.8512,27.6858,51.4401,94.0222,69.8273,36.7562,22.0948,39.5418,29.7778,26.7891,55.9548,46.0314,30.1516,35.2206,22.4075,25.4434,22.292,22.8055,24.5239,24.4132,32.2847,51.7024,32.1544,300.0842,45.4027,28.0305,21.8366,24.0682,31.1581,29.2383,24.898,31.0853,70.1936,78.4662,24.531,96.7699,23.3596,25.6992,22.9661,26.1117,38.4466,28.1361,27.0936,25.7595,28.2573,40.6528,29.2367,106.8155,25.9446,26.3341,22.6456,25.1003,32.6344,45.4571,32.3781,53.902,56.3445,91.9955,54.4218,40.2175,57.1025,27.1642,60.6206,29.3185,26.6789,62.3396,59.3282,172.2965,29.8501,50.0302,60.4227,94.75,40.2867,73.9905,34.2712,40.7763,36.3837,27.7843,26.4226,33.3193,51.5995,29.6333,23.124,26.5295,32.0654,31.3253,130.5793,48.137,84.7076,336.048,54.0048,32.1029,28.0433,55.7951,39.4447,28.2732,56.1546,38.5621,22.5555,21.3792,42.6181,86.9332,69.9759,42.4016,15.4425,17.6644,9.4248,19.6175,694.6577,39.942,11.1374,11.2843,101.4567,21.9472,15.9638,23.7205,18.978,17.4668,25.9206,29.9936,34.4409,20.6464,19.0226,225.5314,311.165,21.3093,27.9195,23.7041,48.1406,48.1406,21.3792,42.6181,86.9332,69.9759,42.4016,15.4425,17.6644,9.4248,19.6175,694.6577,39.942,11.1374,11.2843,101.4567,21.9472,15.9638,23.7205,18.978,17.4668,25.9206,29.9936,34.4409,20.6464,19.0226,225.5314,311.165,21.3093,27.9195,23.7041,48.1406,48.1406
47,79.4797,51.4097,25.1009,27.5079,35.8861,17.118,30.6716,33.3002,57.5098,25.0507,69.7671,48.5468,238.4835,90.0705,173.5648,40.8266,18.9738,33.953,15.0075,26.9622,40.4184,28.0425,35.6888,36.9867,25.682,38.2063,20.3605,25.9048,28.6765,15.6037,14.4383,10.8005,65.9398,20.6702,20.1299,15.3903,13.4131,16.1326,24.6364,14.6324,15.9899,27.9581,19.4434,29.0813,23.151,46.9663,304.2723,112.9778,149.9265,21.2958,24.2343,9.5133,-21.1993,37.7412,56.7064,23.4102,5.5121,25.9084,23.5822,-6.9623,21.1896,43.5739,20.4868,27.9832,33.6984,48.3875,36.776,12.0936,6.1027,35.0751,13.3134,10.4255,19.0186,13.9177,2.7722,27.5627,17.4996,19.9165,19.7595,12.7718,14.9665,28.1612,22.4462,18.3597,19.1243,-13.0278,-11.7533,24.1466,21.3248,50.259,21.6945,30.0709,21.7245,19.3848,16.6657,33.8974,25.6028,16.5681,17.0242,16.8946,14.8811,24.5855,23.8491,29.4116,25.3974,28.3742,14.3221,22.7324,21.81,24.3343,15.5722,24.013,25.4379,18.5685,15.6837,76.7008,42.5429,34.4329,32.3376,70.25,197.8396,30.2316,26.4818,20.0461,-2.0107,12.0181,23.5835,18.4653,41.3968,20.4737,16.3445,19.3937,23.0856,17.8538,29.2861,23.4285,43.9039,22.9169,21.5324,56.0642,24.7277,39.0576,30.7186,32.9164,18.6156,30.462,48.9375,27.0117,19.8862,25.5648,34.0711,19.7403,26.3903,24.4846,24.7532,22.0191,37.1615,36.0815,18.2492,270.3164,29.2757,25.679,27.2796,31.0662,47.6059,41.0084,28.0906,34.0288,34.9929,28.4933,41.0805,27.8352,31.6061,31.3986,30.9161,31.9069,84.4473,49.5242,157.0564,23.8951,46.5737,22.9025,19.6155,52.5308,22.3762,24.8767,24.3282,35.3834,116.5693,80.3705,28.0111,159.7715,25.4469,111.6685,67.0879,26.304,26.8507,31.4322,26.7231,27.4218,54.5654,31.9166,34.3066,34.9875,30.1074,31.6898,108.833,92.973,38.8236,28.2768,28.3564,38.9294,32.0123,26.892,34.5911,285.9089,27.497,28.909,34.7853,18.1131,30.5541,23.1004,22.46,25.5263,26.3241,30.9592,26.9335,64.8601,48.5534,23.9387,22.5304,23.2709,28.8414,23.9239,30.2696,24.9837,88.5834,26.3897,30.6637,36.7983,45.6994,24.9486,26.1298,24.0433,38.2842,28.0894,25.7301,23.7763,52.539,25.9835,25.223,24.0677,25.2048,24.1185,23.1234,23.3732,63.2246,40.269,24.069,39.1386,48.0956,56.5816,46.5751,44.0545,69.951,30.4036,33.9752,29.1466,28.3919,53.6467,79.7268,143.4126,35.4244,35.6893,76.2993,100.9104,33.3629,57.388,30.0286,31.8577,35.8369,28.8466,24.2621,24.4858,74.3114,36.0827,43.3642,25.2524,23.2946,43.5035,423.5388,31.1245,74.5015,265.8118,115.8091,29.0735,25.3402,45.762,28.159,24.8362,36.2583,41.6497,22.6191,20.6477,63.4978,23.9236,82.7583,44.8231,20.3805,15.7996,10.1094,26.6346,78.1217,24.085,7.4069,18.4547,27.9446,17.4678,18.4433,84.577,17.5885,21.7618,64.1398,37.8893,30.6033,25.938,17.0167,51.1205,57.7371,30.8191,45.7935,37.0395,70.4077,70.4077,20.6477,63.4978,23.9236,82.7583,44.8231,20.3805,15.7996,10.1094,26.6346,78.1217,24.085,7.4069,18.4547,27.9446,17.4678,18.4433,84.577,17.5885,21.7618,64.1398,37.8893,30.6033,25.938,17.0167,51.1205,57.7371,30.8191,45.7935,37.0395,70.4077,70.4077
48,24.7831,35.7113,23.7731,27.2841,23.7457,16.1203,23.097,27.102,27.8053,18.1721,30.6075,35.7325,223.9676,108.9704,119.1938,19.3652,-5.6365,38.0857,3.0216,23.1626,35.2725,27.969,35.1569,32.1586,24.1346,25.5662,20.5483,23.2753,23.7767,14.2531,14.2531,15.4641,74.777,18.3884,21.6975,10.3498,17.9622,18.3128,22.1853,17.3516,17.3288,37.9651,17.3547,30.4843,20.7399,51.8188,491.0978,18.1211,45.991,16.595,18.0554,16.5846,5.9301,23.1527,17.9876,16.3914,12.4261,16.8364,16.8364,9.6396,28.3191,25.0175,20.3666,71.5838,20.0768,62.6225,56.6856,24.3179,24.7069,29.0836,13.1261,9.1593,24.4013,20.9314,44.8735,89.2279,20.1063,22.7023,22.4414,21.8995,18.4664,27.2675,28.855,31.8865,23.4115,-18.9177,9.166,44.2552,24.9801,24.9801,48.0061,165.5961,47.5941,16.6783,16.9075,44.6176,20.9614,18.0852,19.3857,40.3866,15.3272,15.0591,19.0364,25.0538,24.6517,23.4474,12.9737,21.0967,16.0917,23.0168,13.4111,28.4986,40.8616,12.785,52.0203,105.2781,103.8456,27.4454,46.0183,46.0183,22.6794,34.2757,31.8496,16.4961,36.6922,24.2188,21.1519,18.833,42.6969,20.5645,21.4452,143.9291,20.5524,13.5064,24.4817,22.5159,30.496,23.4284,18.3751,37.35,23.9301,28.8996,54.7643,26.8637,30.3754,25.4446,80.5089,43.0751,16.8877,16.689,16.689,20.8896,33.1408,23.41,23.3053,26.9099,32.5838,25.3614,14.8543,27.6185,37.1116,23.3351,26.1345,29.9769,38.4709,34.2923,28.6791,32.7384,30.9288,26.3629,37.1779,26.1963,25.6905,32.5476,41.0566,31.9147,29.1019,26.1341,71.9865,37.2457,37.2457,24.0153,18.5696,25.8729,22.5436,21.1938,22.7713,28.7569,84.8677,30.1486,25.9201,108.6184,23.4675,44.1578,37.2081,23.4547,27.2267,25.2534,25.1108,25.4894,25.9668,37.1339,30.395,36.5577,29.7422,38.5547,51.8351,72.3182,28.6071,46.7705,32.5744,32.5744,32.8534,26.9986,28.3248,29.1326,24.0436,24.015,25.7185,13.083,23.8573,28.4084,25.3372,27.3697,38.5881,44.7302,23.6693,26.7117,27.4231,22.8635,21.9054,31.7106,35.8832,24.5389,21.853,27.4153,30.5585,24.0633,166.1539,21.9812,141.1312,20.2744,20.2744,23.3765,31.3126,28.6269,29.9464,22.8368,27.577,23.767,24.4595,20.4816,25.8505,26.2196,22.5679,25.7523,29.5925,25.7061,24.613,36.6029,36.2064,40.6601,30.466,27.3007,34.8716,26.1086,29.7035,23.8168,25.3487,35.1037,27.6032,30.3654,30.3654,25.2367,40.8342,78.5271,25.7407,47.7069,21.3256,22.9308,21.0758,27.2641,18.3905,19.3175,20.8307,24.3516,47.0166,26.7645,38.1759,51.3604,26.5983,25.2867,48.8655,136.9805,41.8028,34.3107,17.9915,22.2109,19.8827,27.1624,33.4829,92.4218,16.7709,16.7709,13.7181,19.4105,161.6699,19.6964,15.3426,17.0456,10.2788,14.4275,30.6297,24.5388,3.0455,12.7976,18.5469,9.1451,12.1617,25.8564,15.3346,21.8907,42.5155,25.6303,19.669,28.1201,16.1026,26.5242,25.0404,25.5634,30.7114,19.5469,42.1931,16.7709,16.7709,13.7181,19.4105,161.6699,19.6964,15.3426,17.0456,10.2788,14.4275,30.6297,24.5388,3.0455,12.7976,18.5469,9.1451,12.1617,25.8564,15.3346,21.8907,42.5155,25.6303,19.669,28.1201,16.1026,26.5242,25.0404,25.5634,30.7114,19.5469,19.5469,19.5469
49,33.0921,36.9544,21.5313,27.5215,20.982,23.2236,20.9934,27.5712,46.1954,22.0817,21.1896,32.0262,218.5491,85.2873,64.7972,34.9916,334.5968,7.412,-15.7228,27.9711,33.9098,26.3664,32.3552,29.9511,24.0493,23.1279,19.3245,19.9225,21.6101,13.1408,13.1408,16.7452,14.244,24.9795,19.0356,10.063,9.6844,21.0115,19.5999,14.6716,22.9208,23.7372,13.1305,23.035,13.7937,41.1772,22.6939,11.4452,27.7703,15.3601,32.0474,12.6716,2.3729,18.7365,13.6649,17.9975,13.2181,20.2209,20.2209,5.5868,52.3984,21.0464,18.2561,22.614,18.8227,49.7253,27.5483,3.3466,15.6133,21.7354,12.3427,9.4795,19.2506,14.3908,30.0665,34.8311,17.9236,16.0818,11.7683,18.2086,23.2203,34.9773,24.9158,21.4377,18.4312,-9.2885,12.3266,26.0936,62.0125,62.0125,38.769,60.6643,20.3172,17.8341,29.1031,20.9163,17.4519,20.4247,34.3716,26.9546,10.6346,16.8565,16.5783,21.8413,37.6757,28.2232,131.8942,25.5221,18.9782,21.4153,11.8696,34.0698,29.1816,10.2242,38.3097,21.9835,45.199,15.8025,31.8017,31.8017,110.5277,23.6282,42.4465,17.8826,31.1043,0.5119,10.7848,20.8548,28.0645,16.986,26.5236,249.9789,16.9966,17.6691,24.4818,22.2043,21.5349,24.5533,19.5476,28.4157,24.2642,26.1619,25.9088,22.9153,34.9248,21.4426,21.5859,18.9511,22.6807,14.0355,14.0355,21.242,39.3068,22.4026,16.4701,25.2021,23.1997,32.2427,21.1307,22.4585,48.7953,22.3758,21.7615,26.1045,31.6948,33.0056,29.8991,28.9737,23.2437,21.1694,23.919,24.4459,19.8308,25.082,28.4094,27.3855,26.3161,59.035,41.3034,28.2706,28.2706,23.7449,21.4147,20.0268,22.3754,17.667,22.6563,25.2703,33.4649,24.3255,23.9152,56.6295,23.399,28.0806,27.1602,22.1861,24.7399,23.9698,21.9152,21.7177,26.0873,54.3077,27.1216,27.6011,26.1126,25.8797,53.0245,41.5769,29.663,61.7893,26.8873,26.8873,27.1012,26.5653,25.0743,22.4358,22.4197,22.8711,21.5202,19.1776,23.3566,27.8568,22.0229,22.4042,88.8644,166.0951,20.6107,22.7253,21.2252,18.3997,19.6122,26.3137,25.317,25.1173,20.5848,24.1189,19.4005,22.4448,168.7061,24.2398,26.0767,18.4862,18.4862,21.6735,19.2487,29.7239,24.0145,18.7049,13.1113,26.495,24.4607,30.1153,20.8892,19.8819,17.2465,20.441,18.8242,17.9734,23.8409,34.6093,25.7686,29.2828,42.0412,20.5049,30.7103,23.3456,23.5089,18.9537,23.522,23.7977,23.6611,24.6938,24.6938,29.6634,24.8074,29.8149,30.9617,29.7166,11.7064,16.3545,14.767,16.3197,10.3226,17.3836,1.1708,42.1428,13.4547,17.8672,19.5219,21.7414,23.3204,19.3558,23.0856,43.7563,25.2908,29.8909,14.2138,19.9473,20.2761,23.7767,47.5278,33.8905,20.7094,20.7094,10.6522,21.6613,115.6184,17.7236,13.8915,22.872,11.335,11.4904,31.6921,24.4854,6.9968,11.3353,19.6616,7.6886,11.7908,23.1035,13.0802,20.8815,25.9746,24.534,18.0133,23.0791,11.7197,28.919,23.7978,24.2027,30.0921,21.2763,45.2646,20.7094,20.7094,10.6522,21.6613,115.6184,17.7236,13.8915,22.872,11.335,11.4904,31.6921,24.4854,6.9968,11.3353,19.6616,7.6886,11.7908,23.1035,13.0802,20.8815,25.9746,24.534,18.0133,23.0791,11.7197,28.919,23.7978,24.2027,30.0921,21.2763,21.2763,21.2763
50,108.6855,42.2219,55.9175,27.4781,19.469,20.1986,19.879,25.2752,28.1984,31.7396,15.3195,26.615,240.8244,42.8239,75.5328,28.0566,46.9427,20.6048,-13.667,22.4891,34.0589,26.925,64.5372,29.4744,21.7326,22.9776,18.5948,17.9087,21.0527,13.4135,13.4135,9.7682,17.5692,18.0785,68.8429,10.106,11.0749,17.6713,22.963,13.7309,22.6098,27.5893,13.2622,20.6223,12.3752,39.8377,20.0815,12.4822,21.7409,15.2621,228.4401,12.7206,2.6105,20.7101,8.7502,12.5135,2.8514,13.4666,13.4666,-1.4769,12.8954,23.0076,15.3732,28.7888,42.6502,56.0483,22.9635,-9.6148,-5.3483,17.0511,23.2566,7.9234,17.7731,13.535,15.0874,13.6497,15.681,16.7168,13.4667,10.0269,7.0927,51.072,27.7569,19.1119,15.2194,8.5414,15.3263,18.7409,20.4323,20.4323,34.5774,27.8619,19.547,17.7473,3.6364,13.5016,16.8685,18.7674,30.1568,25.5665,9.3815,12.5658,22.6678,30.4299,172.6808,16.5264,21.7012,14.9764,18.7686,16.5401,11.9808,31.7768,17.094,11.0357,9.0066,24.7872,129.5619,9.0027,23.9101,23.9101,22.6301,14.352,18.6266,13.8619,27.9265,-8.8744,-0.348,18.7566,25.1977,16.44,17.0238,23.7969,12.767,21.9601,19.0626,17.8485,21.0422,20.5753,12.4426,16.1765,31.1231,30.9124,25.5352,26.3369,16.1541,16.5008,19.9756,12.72,17.8052,13.0047,13.0047,18.0458,18.2339,14.4296,6.8122,22.0282,21.9841,31.963,15.5765,42.8519,21.8333,19.0083,19.8692,26.796,20.6579,29.2783,32.0938,30.9105,21.4842,16.8973,23.1192,24.5874,22.9211,87.0511,23.6247,25.7392,49.8691,49.5609,29.8363,25.4303,25.4303,28.3477,19.111,16.7963,21.5107,34.0596,21.6914,24.4147,23.6727,15.5041,20.66,26.3167,22.8059,25.0859,22.1897,20.8456,22.824,20.7024,16.6516,19.9746,26.7114,27.837,23.3055,22.7587,22.0722,21.7588,51.517,35.0807,30.77,57.4677,24.9992,24.9992,25.2756,23.12,20.332,11.5039,20.247,19.0041,32.198,17.8457,20.8166,38.119,18.4689,24.5919,43.6503,24.1519,23.5056,20.2396,16.7294,16.2062,13.037,23.3646,16.3437,16.1121,24.4852,18.2956,18.0148,58.6228,37.2,17.7816,20.6961,13.3234,13.3234,16.3124,-4.6415,23.2028,20.3423,17.7268,14.5128,24.4761,13.5706,32.7182,21.4097,11.9188,11.0306,16.7948,13.6881,20.4562,41.649,44.7625,25.4155,56.9755,93.9052,27.411,23.9139,23.6333,19.8066,19.368,21.9862,46.1508,21.9056,22.1936,22.1936,26.5398,24.4407,27.0892,28.3324,13.8783,13.0154,19.4721,19.0323,24.0037,15.5675,17.4902,-9.7247,22.4706,15.7406,21.0202,17.7285,20.3781,19.2891,8.9174,18.6003,25.7371,28.4198,25.6048,14.2454,23.3939,12.4295,28.6903,34.2513,22.3825,23.9705,23.9705,9.0029,20.3506,45.6094,17.9181,17.2228,20.431,7.943,9.0308,27.2562,19.3535,5.0606,8.7113,18.5344,2.0044,9.0667,21.1391,11.0272,13.5386,21.3669,26.0893,18.0512,25.0942,18.8877,27.1929,26.1343,25.5678,32.9959,24.4203,34.3085,23.9705,23.9705,9.0029,20.3506,45.6094,17.9181,17.2228,20.431,7.943,9.0308,27.2562,19.3535,5.0606,8.7113,18.5344,2.0044,9.0667,21.1391,11.0272,13.5386,21.3669,26.0893,18.0512,25.0942,18.8877,27.1929,26.1343,25.5678,32.9959,24.4203,24.4203,24.4203
51,28.0724,25.3678,20.7181,27.9438,19.1642,23.1007,15.704,22.2121,25.1988,31.0164,17.4692,39.5142,189.7473,48.0333,43.0494,22.7038,-70.349,15.9419,-22.2829,20.8934,40.3021,26.9049,25.6789,30.3432,70.094,24.1474,18.3052,17.9417,20.215,14.4748,14.4748,4.7916,14.7651,14.3816,19.6792,3.2768,11.6265,13.4513,26.0708,14.6343,19.2089,21.1632,13.7837,26.1246,11.9813,37.5966,20.1153,12.1403,20.045,9.8306,16.1511,12.9028,10.7324,21.1167,4.8292,4.55,-19.149,9.8172,9.8172,8.8991,16.4961,8.2931,15.2294,15.9169,36.1645,64.5498,49.8723,-11.9324,-44.8755,17.4821,18.1367,2.2251,16.5947,25.6052,20.1996,6.3433,43.1282,13.8694,18.7881,13.9637,1.0119,24.5955,22.1188,17.8686,17.7241,-18.0237,7.302,36.8536,11.9008,11.9008,32.8962,32.4494,19.0647,15.6695,10.3441,12.3997,17.481,13.8681,16.7975,23.258,9.4769,10.0844,17.3262,9.4741,27.7437,11.3591,20.7688,12.6474,19.1437,11.8592,6.7584,21.0575,13.2892,5.7387,-10.1342,31.5192,18.2228,-0.7611,11.9918,11.9918,20.1649,23.376,16.8021,8.9081,31.5802,15.5512,-19.5868,16.002,35.9501,15.9768,20.2432,23.0219,7.4539,11.7377,16.2646,13.4088,15.1429,14.7681,7.5035,12.435,13.9185,30.6897,22.8212,27.5956,15.896,11.0984,16.6767,13.0404,17.1923,15.7054,15.7054,4.0168,9.5448,14.2216,7.7438,19.6766,20.8047,31.9512,11.6748,20.8178,18.1456,17.3557,113.5206,24.5466,21.9439,30.2249,27.3363,22.6579,18.0146,14.7839,29.8062,22.3562,24.1918,22.6449,24.6403,21.8727,35.9669,20.9334,27.2253,27.5164,27.5164,21.4461,17.1668,18.7547,19.6684,26.6885,20.0953,24.2719,20.386,12.5038,17.0864,18.8395,26.0128,24.6918,25.7079,19.9525,21.9307,16.9669,14.0031,24.0293,21.0922,24.3784,21.8345,19.1152,28.3844,25.3277,51.8377,25.2884,31.5402,26.0639,19.9988,19.9988,21.5685,21.3608,14.922,11.5307,18.4507,23.7138,40.4901,18.7412,17.9802,17.2107,16.4947,21.6356,21.1952,25.2916,21.2254,16.9717,15.2055,13.273,8.8235,18.1966,14.7589,18.5922,18.7846,17.3721,16.3543,13.6669,40.5343,19.3047,20.1398,13.9175,13.9175,17.6346,0.3174,20.0652,19.5527,16.1418,19.7118,17.314,13.2565,34.6343,14.7397,18.5177,15.0804,19.1294,16.1865,29.1579,51.9567,63.7787,21.5914,118.0272,21.9809,20.0124,20.2888,22.5089,11.7352,16.8932,21.655,22.1397,20.1787,18.6349,18.6349,20.0581,26.2701,18.715,28.9053,18.2137,20.7213,17.639,18.9088,28.8219,20.5039,21.6656,3.6128,19.1711,16.2857,16.5766,20.225,5.0168,12.5705,10.8196,23.9817,23.1048,16.4525,20.0929,13.4416,16.2464,1.0126,52.0508,21.0887,20.0273,22.1761,22.1761,14.3362,68.4154,49.4032,15.7093,12.7784,19.1919,7.6258,7.4314,39.1575,9.4851,8.2558,9.9646,17.3438,5.7854,-9.2763,18.2246,4.9351,11.9669,16.0492,30.6926,18.39,25.6083,15.6949,25.539,22.409,25.9775,31.2963,24.9154,35.9829,22.1761,22.1761,14.3362,68.4154,49.4032,15.7093,12.7784,19.1919,7.6258,7.4314,39.1575,9.4851,8.2558,9.9646,17.3438,5.7854,-9.2763,18.2246,4.9351,11.9669,16.0492,30.6926,18.39,25.6083,15.6949,25.539,22.409,25.9775,31.2963,24.9154,24.9154,24.9154
52,26.9151,31.5252,19.3083,30.0858,22.581,15.7842,16.186,21.1421,24.8024,21.7753,14.2492,88.5122,273.4879,1.029,1.1726,12.0142,-66.9805,21.7413,-19.3729,17.8951,34.0459,24.6977,27.6615,279.9198,24.105,21.5953,18.6134,21.1885,17.8325,8.6518,8.6518,7.7023,26.8164,13.9888,16.9205,2.3192,-4.2075,15.1955,28.7707,15.1174,25.6555,20.3194,13.1613,0.2211,16.8438,45.1239,20.4687,7.6349,115.9427,8.4481,21.7758,13.1283,12.3705,15.8784,8.5235,-6.4938,3.2747,19.3577,19.3577,-4.8008,8.167,5.0832,29.4451,13.2633,17.5268,68.2381,19.7471,-14.453,-54.8734,15.5459,11.6161,-28.347,15.2457,13.0459,15.9757,-4.596,15.4504,1.0201,14.7967,12.9151,0.4911,13.3868,28.5369,18.0955,14.707,-25.6462,6.9058,19.2218,13.1965,13.1965,21.2799,23.1923,15.2751,13.6623,13.8923,8.9345,9.2519,16.0853,21.6063,22.5685,-10.9307,6.2584,9.6642,10.5764,23.9918,-4.3796,15.9402,11.196,21.9476,7.4354,1.6242,17.4385,0.5356,-5.7612,-14.5859,132.1172,15.1855,-14.4732,4.7243,4.7243,103.7347,10.4156,13.7916,4.3484,23.0016,8.2074,-28.9463,13.1105,20.474,13.1696,18.2883,20.772,0.1202,9.4644,6.7964,17.1674,8.5133,19.3024,-23.5654,8.4503,17.2289,55.2095,19.2912,22.1948,14.1948,11.1904,17.013,13.9426,15.955,14.5433,14.5433,2.5755,-2.9469,15.3972,-14.6843,15.9339,27.0637,21.5779,15.5769,20.9819,6.5418,10.1169,32.3064,20.7372,22.264,26.2819,23.6802,20.1361,18.243,12.6262,37.1771,21.2157,30.1556,15.8616,21.3146,19.0599,29.451,21.6855,30.5834,19.7282,19.7282,19.0294,12.2648,17.9261,18.4664,15.6496,17.3194,21.3027,15.5361,6.1576,14.8286,12.6803,14.3269,22.9153,25.4399,16.3841,19.5145,14.0598,13.7113,18.1486,19.8695,22.008,17.1483,15.3408,28.8944,24.7592,39.1636,22.9289,18.9415,22.7734,18.72,18.72,19.9278,18.5675,11.2339,100.741,15.4156,21.0396,14.5762,19.8666,18.1743,17.3255,15.1457,16.8674,20.8078,19.8493,17.9593,17.9683,13.2344,6.2833,11.7395,18.5826,13.7761,15.4417,20.0083,14.8154,13.7532,13.563,18.4872,18.0484,18.5799,12.7356,12.7356,18.7249,2.2635,13.2619,18.9666,13.6381,12.9775,14.8585,9.3424,12.0305,26.8782,24.8646,9.1259,24.354,26.5515,22.1822,47.6038,33.4409,18.9515,19.3164,20.8889,24.7999,18.0431,22.2077,3.0069,6.7641,21.2548,24.0375,16.1957,18.2923,18.2923,15.4896,22.9381,8.3513,19.4052,15.3152,15.5892,13.7456,13.5703,21.4703,18.8757,21.2338,4.7972,11.2127,16.3065,8.8717,24.7323,14.3671,7.2989,6.9585,12.3907,20.6483,11.5827,24.2673,13.7243,6.1203,0.6081,21.7082,24.3718,15.1453,15.1616,15.1616,16.6582,21.1189,21.3935,14.8755,8.8751,18.1419,-0.1693,9.175,19.2222,2.3963,6.2269,8.8261,19.2067,4.3823,-1.3412,17.6556,7.8077,21.6846,17.9822,21.009,22.021,20.4038,8.1669,28.9166,23.1097,23.0841,24.7198,25.2204,29.6231,15.1616,15.1616,16.6582,21.1189,21.3935,14.8755,8.8751,18.1419,-0.1693,9.175,19.2222,2.3963,6.2269,8.8261,19.2067,4.3823,-1.3412,17.6556,7.8077,21.6846,17.9822,21.009,22.021,20.4038,8.1669,28.9166,23.1097,23.0841,24.7198,25.2204,25.2204,25.2204
53,25.0238,23.7803,21.2941,23.2606,21.2045,3.0813,14.2365,19.6158,24.7312,-0.5976,17.3716,101.281,229.2215,23.9798,-27.5488,21.1696,-55.1394,17.6401,-36.7811,17.9569,31.7742,23.8107,26.5815,23.3338,22.4371,20.1484,18.4156,18.897,17.3229,-6.4184,-6.4184,3.0113,26.6341,13.0111,15.477,-8.0991,-10.4582,10.4918,23.6892,13.2274,20.1863,17.6605,12.6912,0.6276,12.753,29.3331,28.4844,-10.9227,20.166,1.1695,21.9818,-1.7386,13.9585,15.347,5.4414,-1.0889,-14.9353,8.8566,8.8566,-24.8208,-27.6005,-5.6207,9.5928,13.7288,14.9077,32.8242,17.3652,-22.1596,-66.5565,14.1212,0.5185,-28.0841,31.4325,12.5179,14.102,-5.3102,10.8817,0.3541,10.8625,11.4818,-5.015,3.9232,19.2061,18.9203,19.2274,-16.8039,15.4109,16.4798,29.4019,18.4629,18.1026,22.3347,10.2162,22.7915,41.1734,14.2159,9.0291,16.7182,12.2982,20.7549,-23.2548,2.2379,30.8274,8.8716,92.273,9.8828,16.2601,209.7235,20.5388,506.9067,1.5772,18.2731,6.3839,-18.8571,8.0235,17.0362,16.4581,-26.0654,11.8248,11.7584,6.5959,-0.4974,16.5812,16.6221,25.0373,4.4244,-8.6939,15.2917,16.8787,12.0072,19.9679,17.1257,2.5996,15.6971,9.7031,22.7337,16.007,30.7731,-14.4815,-3.262,22.7189,27.6639,14.3726,31.116,15.1421,6.3001,14.8238,21.6818,33.6744,14.3058,14.297,8.3284,0.6494,17.605,-36.961,15.9815,36.1405,28.1572,16.4697,20.8781,1.8827,31.5064,23.0899,43.7506,25.4843,26.1255,19.0089,23.4213,16.0558,12.4936,25.4222,19.3122,28.3189,21.284,20.3797,20.1276,21.105,25.5866,21.4369,24.478,21.0744,15.0412,29.4015,13.1442,16.0966,20.9291,15.5961,19.3469,16.1505,10.142,25.1407,17.82,19.5699,25.7875,19.4909,15.9513,16.9374,9.9594,14.3422,17.7713,19.7553,20.2469,17.0126,13.6058,29.0831,29.473,30.661,29.8894,26.3637,127.8209,31.1901,18.9083,21.1016,19.7651,8.3825,65.8211,12.9258,19.9522,21.9209,18.1102,36.7746,15.8987,15.7388,24.9028,24.8209,20.2098,20.2371,19.3127,15.8259,11.5056,17.1207,20.0805,14.6983,21.0323,27.5886,15.1972,13.2828,74.1275,18.6858,15.3751,18.7908,19.5499,14.1819,17.1127,11.5419,9.4253,19.3171,11.956,14.0312,6.4831,-8.9531,-5.5746,26.9259,23.1746,14.1701,26.1325,17.9502,46.5009,19.0585,39.9259,21.0288,40.9866,21.0879,15.4198,19.3267,21.3852,8.2823,6.3735,59.8055,20.9315,12.4111,15.2612,14.5437,23.1708,19.7644,21.8964,10.9264,16.6517,12.5265,6.992,14.4783,12.6846,19.2006,18.3619,6.1935,8.267,12.9322,10.7058,15.6764,-0.5662,9.2152,2.4444,13.3218,16.6382,17.2037,22.1497,16.3127,2.9741,7.0352,37.0042,20.7286,6.0568,14.7695,20.0523,45.9395,10.3445,25.3934,11.3846,5.5858,14.5417,5.5817,6.2738,18.2164,-2.2201,-8.5491,8.2988,17.1605,1.9601,1.2949,15.9952,7.9344,8.9716,2.9345,19.8099,22.3542,18.069,5.6377,27.1809,29.8412,28.1894,24.53,23.2157,26.7494,14.7695,20.0523,45.9395,10.3445,25.3934,11.3846,5.5858,14.5417,5.5817,6.2738,18.2164,-2.2201,-8.5491,8.2988,17.1605,1.9601,1.2949,15.9952,7.9344,8.9716,2.9345,19.8099,22.3542,18.069,5.6377,27.1809,29.8412,28.1894,24.53,23.2157,23.2157,23.2157
54,23.9768,22.7698,22.3454,23.4558,107.3549,-19.9452,31.36,19.4221,19.4115,-14.1766,14.866,154.6939,147.0766,13.6975,-14.4168,26.7898,-77.6358,28.6717,-7.1975,27.9785,28.4834,23.4747,45.6956,27.6801,17.7279,20.4231,18.9266,17.4207,17.103,2.5381,2.5381,9.2768,16.9575,14.0957,16.3195,-12.0994,-20.3177,10.3581,14.6316,17.707,17.7456,15.9418,12.6862,-14.501,75.6255,32.3043,16.4228,15.0077,17.6012,-8.6187,20.5686,-3.9298,29.4153,14.7921,2.8897,5.8796,2.563,12.1722,7.7789,-25.0334,-27.3747,-2.8371,9.5731,14.0312,34.695,39.3816,16.3074,-23.7935,-62.3286,13.513,1.3014,-24.941,28.6996,10.3186,16.3416,-14.9489,13.7487,-1.7785,15.7712,9.5611,-7.1335,-6.0541,21.4675,17.5101,17.9649,-27.198,11.8004,7.8428,4.8474,7.07,12.7033,18.8754,9.1003,14.0265,9.0808,12.1552,8.5912,11.4708,-6.6751,18.3014,-17.3566,9.1871,5.3525,8.4415,22.9393,8.9818,15.3792,10.609,22.2655,353.6005,10.4712,21.2625,6.571,-16.1838,4.1729,38.017,16.8932,-31.9481,31.7936,31.7224,11.3484,35.2321,14.0516,16.1819,14.3347,1.4691,-21.534,13.3918,17.5964,20.1915,19.0655,17.734,2.5613,21.8284,2.3402,10.9578,23.719,17.8751,-15.6829,-0.622,18.6978,27.3374,8.7647,28.7751,14.693,9.3527,15.2326,21.7476,15.6108,13.5383,13.6432,0.6246,6.0376,19.2066,-6.032,15.1812,31.8725,18.2746,16.3923,22.0045,1.173,22.3115,24.4911,13.8933,22.0483,21.9387,25.4945,21.6581,16.0957,12.7403,22.1217,18.5308,177.335,26.5349,282.9165,19.8834,20.9684,36.0457,22.0638,22.9127,21.7436,15.5658,18.6267,12.2703,13.797,25.1184,12.1906,19.6385,15.1578,11.0945,27.5549,58.5281,26.3625,24.5919,204.6283,56.1969,16.5504,2.5417,11.857,18.1698,18.9978,19.7035,15.8843,14.2149,27.8197,28.6303,31.8911,23.5895,25.3333,22.4111,22.9086,173.1165,20.2574,17.0319,12.8128,26.1045,13.478,17.6573,21.7701,18.7769,20.7315,17.1373,14.4024,18.1294,17.7389,19.3551,19.6291,12.8708,13.5748,16.6983,12.6433,19.5681,16.4773,20.7217,17.8235,14.9851,14.677,-0.7288,16.8321,15.5652,18.6485,19.4683,11.2005,10.7261,6.6305,15.1429,19.5307,11.3156,8.429,-16.9384,-3.0817,-18.2436,8.255,15.7744,15.0151,17.259,18.5303,24.4705,-4.1899,22.268,18.9076,49.0186,14.2521,16.5663,16.8721,19.4369,12.3648,15.773,25.4728,21.042,12.0254,32.1272,15.4702,20.244,7.744,20.4721,7.2189,17.4083,4.9209,16.6957,12.517,-5.6139,15.6428,10.9186,-5.854,1.9139,12.8112,5.597,20.4785,10.0553,6.8701,7.4128,11.3847,12.0573,16.7731,25.252,9.0935,4.4434,2.4841,29.2501,14.993,-13.2418,6.215,24.0892,24.3605,37.1196,22.1256,13.7386,19.4622,12.8045,11.6624,16.7957,20.7866,-4.2222,-12.0583,11.8137,17.9464,-4.7091,7.5741,15.8826,7.5323,24.8435,-2.6758,20.4583,33.1376,26.2564,17.4768,26.0582,43.6998,25.7228,24.7317,25.22,25.22,6.215,24.0892,24.3605,37.1196,22.1256,13.7386,19.4622,12.8045,11.6624,16.7957,20.7866,-4.2222,-12.0583,11.8137,17.9464,-4.7091,7.5741,15.8826,7.5323,24.8435,-2.6758,20.4583,33.1376,26.2564,17.4768,26.0582,43.6998,25.7228,24.7317,25.22,25.22,25.22
55,24.3987,21.8587,23.5743,24.7523,34.215,-2.6177,19.1312,17.6862,19.8567,-10.6075,21.9625,130.2964,168.4254,60.5121,-2.6066,26.1956,-81.4149,32.2407,4.4021,31.7432,29.9124,23.2497,27.753,23.8566,17.5484,20.1643,19.9004,17.614,16.6372,12.5533,-1.1007,8.532,16.0409,12.8472,16.3549,-8.6212,-23.164,11.0156,17.8362,14.7328,18.3912,14.3243,12.8462,-14.0733,14.8378,25.9783,16.2149,24.3209,16.2292,0.0794,15.1453,-2.1578,25.0297,10.5916,-28.0287,-4.2917,5.7508,8.8318,8.3993,-22.5845,-18.1776,6.899,11.1264,16.5413,28.2342,21.6373,15.6956,-22.7252,-74.1836,11.3203,5.8747,-22.2663,16.8837,9.6539,17.2666,-11.9678,19.7763,-1.0455,18.1272,15.8239,-8.8464,-0.6222,23.0064,17.6446,16.0338,-20.0646,-3.7167,-0.0177,10.6447,6.1264,9.9546,17.5718,13.1048,16.598,3.4501,11.6193,4.4981,17.3676,-10.3119,17.3368,-25.1662,4.5212,8.9807,10.4996,19.184,7.1767,17.3147,10.2987,18.2735,245.9522,6.6026,23.3107,2.8922,-23.9044,1.8551,49.2222,14.846,-34.0706,20.5252,19.9012,12.1717,17.2862,10.8834,12.1166,20.0187,-13.3714,-11.4837,13.0504,17.2988,25.967,19.5407,14.5093,3.4304,14.5365,11.5855,-11.275,-8.0976,-1.5947,-39.1559,-10.1979,14.224,9.834,-16.8797,24.4977,14.9523,9.9435,14.8445,22.2612,14.7648,18.957,11.5916,-20.4726,0.7977,12.9704,-34.9249,13.5532,30.6551,37.1018,15.3534,21.8086,-2.8722,23.4929,16.6511,20.4789,18.8207,17.2756,15.8651,22.3073,16.971,12.7227,19.5216,18.6708,36.1281,19.6103,68.1013,17.808,14.0275,28.9217,17.8901,19.8192,18.0859,12.67,10.8833,10.3327,13.0173,22.1985,14.0843,18.5948,14.369,9.7629,20.1534,19.5035,21.3272,22.1736,49.6067,34.2319,15.9725,8.8419,12.7886,17.454,19.2169,19.613,15.0553,14.9854,26.3667,25.7216,37.7709,19.5914,23.5132,23.9557,21.8612,36.1773,18.1919,17.9745,8.9515,9.5064,13.6431,14.7407,21.2118,18.247,20.7632,17.4434,15.5968,14.0552,21.4264,18.7201,19.6272,2.2168,13.8211,13.1689,15.3006,13.9183,16.5143,19.527,19.1967,11.3226,26.5092,-0.6288,13.0489,15.7444,18.307,19.348,10.1311,11.3896,14.5053,18.5339,19.9198,11.7915,6.6945,-2.1618,-0.7815,-26.4868,14.0505,12.0642,8.0448,12.5221,18.9033,23.2343,16.5515,21.778,17.2626,51.2422,16.3672,16.3485,15.6254,20.2396,12.6868,17.4025,22.686,21.0499,11.4522,25.7789,13.7438,20.6423,18.2427,-0.3891,17.0293,17.7457,6.5456,22.9911,12.3237,2.7247,15.8583,11.8574,3.7842,6.6135,15.8849,1.3651,20.1134,6.8808,11.8734,6.7666,11.1623,10.1167,18.5101,19.9938,10.1018,-0.3291,1.2287,21.9389,12.1628,-27.8814,-0.6784,21.6164,19.8651,12.313,16.5481,11.6687,6.8526,8.6433,8.3341,8.9292,19.118,-12.7086,-17.707,13.6283,20.5565,-6.9364,1.4613,13.1274,10.0716,24.1238,1.7809,19.4727,38.256,32.9372,10.8176,23.3728,37.4883,20.1492,25.1211,21.9072,21.9072,-0.6784,21.6164,19.8651,12.313,16.5481,11.6687,6.8526,8.6433,8.3341,8.9292,19.118,-12.7086,-17.707,13.6283,20.5565,-6.9364,1.4613,13.1274,10.0716,24.1238,1.7809,19.4727,38.256,32.9372,10.8176,23.3728,37.4883,20.1492,25.1211,21.9072,21.9072,21.9072
56,29.3465,18.4416,21.3923,24.1978,48.7684,5.5425,20.4651,32.7344,20.7634,-3.0644,17.3472,143.6752,150.2467,86.3011,-4.6625,20.8076,-77.0368,28.2735,1.6811,42.6252,28.9786,23.4318,24.2727,24.4873,16.855,20.2268,21.3377,17.9976,16.133,13.8421,4.403,0.9939,32.0809,12.3406,17.0559,0.4666,-19.8017,11.3821,14.4356,12.4813,18.3906,13.9419,12.7299,-18.1806,15.0295,22.3796,14.3621,29.3554,14.3808,6.4025,9.7304,8.4083,25.3578,13.4984,-19.2207,1.5365,11.2812,9.2234,9.8577,-20.6482,-6.2901,7.499,11.9692,15.5874,23.075,19.5823,14.4473,-13.6894,-48.3574,14.9068,2.6161,-27.4309,16.5394,12.7247,17.3293,-7.5303,24.3658,1.2036,20.0513,17.9148,-11.1216,-12.1335,21.9271,17.5106,13.9197,-10.6589,7.7856,13.8627,10.3426,6.4387,8.7504,16.5706,12.4295,14.1408,8.7461,12.5862,10.8243,17.3704,3.6224,17.0931,-14.7018,5.6767,12.497,5.2387,12.402,8.7402,17.0169,9.0774,17.6879,385.7985,-1.0031,19.7409,8.8732,-13.2801,-5.7569,21.5026,15.1266,-33.6757,3.1806,34.5524,12.3987,19.0188,10.8958,13.7432,13.5206,-10.0626,5.094,8.2267,17.6996,22.3704,25.0687,14.1189,8.3122,14.6443,12.4552,2.6268,-14.3659,-11.3277,-37.7098,-20.6939,2.5038,11.2733,-30.0895,15.6805,16.2351,11.3136,14.1489,14.347,16.6388,15.2519,12.2004,-23.1131,4.4522,12.76,-44.3517,12.1323,27.7686,29.4473,17.6392,21.114,1.5429,6.4766,13.0551,19.0606,8.6932,15.9633,15.8346,17.4228,17.1929,13.2204,13.9184,18.5134,42.3175,20.8796,40.7573,18.8397,21.0159,29.6301,14.0389,18.4091,17.2234,15.0214,16.0127,10.1462,12.3937,14.7817,12.7904,18.4722,13.5238,8.5128,16.9273,27.0548,14.0244,22.6693,34.4149,19.352,17.6189,5.4349,12.3427,17.3002,19.9426,19.9143,14.6296,15.0544,20.2872,25.8543,27.0167,23.3319,13.5401,22.6129,15.6111,18.3249,16.9508,19.0923,9.2578,8.7287,13.5648,17.2675,18.9703,17.5799,20.5207,17.2936,14.7241,15.2436,17.2712,18.3216,17.9383,-0.3854,13.5637,15.9002,12.4105,15.9766,14.2848,21.1691,16.2391,12.915,16.3016,-1.01,10.0074,15.1789,17.6594,19.0728,8.4092,11.9296,14.7622,18.6303,18.2864,12.5674,7.4137,-3.4505,-0.7406,-7.0282,7.8011,10.9228,4.5422,17.2072,19.5092,18.4714,25.7726,20.7647,15.9535,34.4958,16.5829,16.9002,9.9464,19.7819,15.5657,19.6512,22.2264,21.7281,10.0922,4.8162,1.5897,15.4025,20.1106,-4.9996,19.1752,17.2908,11.0598,20.4213,7.4048,9.1582,15.2428,16.1809,11.789,7.5198,20.7028,7.4629,23.367,13.8588,9.6999,8.6365,2.4889,14.3172,17.8042,21.5644,12.5526,4.0169,2.8065,24.7148,10.8796,-16.7024,3.9699,22.9215,21.2753,13.207,41.3959,12.4372,11.1845,9.2898,3.96,10.6107,19.4297,-1.6858,-24.4158,14.005,23.0969,0.3023,9.2449,5.5491,4.6698,20.9926,3.7376,20.171,35.825,34.8397,10.0773,37.9221,37.9136,20.9477,24.9713,21.1688,21.1688,3.9699,22.9215,21.2753,13.207,41.3959,12.4372,11.1845,9.2898,3.96,10.6107,19.4297,-1.6858,-24.4158,14.005,23.0969,0.3023,9.2449,5.5491,4.6698,20.9926,3.7376,20.171,35.825,34.8397,10.0773,37.9221,37.9136,20.9477,24.9713,21.1688,21.1688,21.1688
57,23.9601,19.9386,20.5627,21.652,24.3196,9.0695,23.0756,36.428,27.7034,10.4617,17.4452,130.2932,150.5676,109.5408,16.2552,17.599,-46.4654,27.7452,-2.874,28.4464,34.1275,24.3175,24.6112,24.849,17.527,20.1329,22.3115,19.1032,16.9136,13.9046,13.0676,8.4319,18.1139,12.9271,18.3802,-12.1624,-17.1903,11.5403,13.08,13.5493,18.4753,13.562,11.221,-26.6526,10.017,12.983,32.1224,28.2642,17.5626,11.7522,13.1233,5.7506,24.2972,12.499,-11.5228,-2.3422,14.7579,17.9709,26.5862,-19.586,-2.5627,7.647,11.9621,13.7304,50.91,15.7,14.0996,-10.7154,-42.3446,15.4216,9.1693,-23.8942,21.2878,23.2998,15.4432,-7.8248,18.6324,13.1963,23.9861,15.1903,-11.086,1.0184,32.509,18.082,17.3754,-19.0489,7.247,12.7822,14.7244,9.5977,8.925,18.4651,19.0717,20.274,9.6314,15.4088,12.7122,15.8212,5.2469,16.729,-18.2451,2.4176,11.2159,10.554,14.4483,14.0733,16.6412,9.4609,18.1555,449.5705,8.7801,15.076,11.2556,-12.7037,-9.5853,11.5794,19.4782,-29.0002,11.7004,77.3418,11.6954,35.1183,13.1537,24.4378,9.7851,2.8276,12.2033,7.7355,18.5151,23.6572,25.5716,14.1223,13.4288,15.0381,15.6602,3.38,-12.9342,8.3004,-29.9207,-2.6383,5.4168,14.4899,-32.014,13.2722,15.5675,12.9576,16.5314,12.2928,15.9724,16.7773,6.2258,-21.2912,7.1463,16.5014,-27.738,11.3117,21.4627,17.9118,17.7613,22.1536,-0.5915,18.3856,4.2748,17.1837,5.4259,20.0258,17.3073,28.5573,17.6164,12.4865,12.2135,18.0217,37.9859,16.7605,23.6364,20.064,25.5537,27.6717,12.9014,13.2995,19.757,14.7168,24.4059,11.04,11.225,11.6609,12.6642,17.5428,13.1588,9.6107,15.4769,18.9206,1.1665,20.3968,21.9558,17.6597,17.9103,10.0096,12.9391,17.5411,21.8438,20.3897,15.861,16.0649,19.2499,26.2231,26.901,19.8915,18.3582,22.9601,14.6706,19.7688,17.3192,19.1964,3.4427,0.0118,13.0814,17.013,18.8092,17.5821,20.6677,20.8676,13.8371,14.7702,15.3623,17.5862,16.07,0.5283,14.5318,15.9731,13.8831,22.7004,15.1821,18.4222,11.4568,16.1483,17.8172,2.4475,11.9959,15.4542,17.2403,19.0513,10.6143,11.1745,14.3952,17.5859,15.0111,15.4631,8.2401,6.234,1.6635,-16.4361,16.2781,6.7973,7.334,13.2395,14.7446,17.4978,13.3114,31.1848,16.8659,43.6747,12.7113,23.6449,11.6552,19.3403,17.6007,20.6227,21.188,20.5756,15.1922,14.9344,-17.1073,13.4071,15.5326,-4.4265,8.6169,18.3369,15.9685,18.5941,12.9071,26.2695,14.9547,-10.4137,14.0941,0.7374,23.6291,11.5763,22.5712,18.4133,9.0097,9.8287,9.8573,16.2599,13.6749,20.8356,11.6063,9.4424,1.5995,30.139,11.8324,-17.9549,6.2715,20.1922,31.0358,16.7234,15.6607,12.7109,13.4425,9.1053,7.1512,11.9878,19.598,0.1732,-27.755,16.1871,27.006,-10.9103,11.7291,10.7599,-0.746,16.2955,5.4606,22.1826,32.752,30.5126,6.9752,23.9741,35.0686,20.7851,27.3346,23.4588,23.4588,6.2715,20.1922,31.0358,16.7234,15.6607,12.7109,13.4425,9.1053,7.1512,11.9878,19.598,0.1732,-27.755,16.1871,27.006,-10.9103,11.7291,10.7599,-0.746,16.2955,5.4606,22.1826,32.752,30.5126,6.9752,23.9741,35.0686,20.7851,27.3346,23.4588,23.4588,23.4588
58,24.8004,19.5986,20.5393,20.7176,27.6321,12.0975,32.9651,24.9808,31.6787,18.1066,3.2435,123.0241,189.0165,96.339,-8.4773,63.1126,-38.5859,23.5502,9.1334,61.6583,36.6284,27.2373,28.9364,28.1664,18.4173,18.5148,22.8765,19.8324,19.036,7.9114,12.9159,2.0714,20.4696,13.3666,22.1396,-5.0083,-3.7111,15.6016,11.2788,18.8056,18.5756,13.8145,11.4455,-17.0209,4.171,11.7738,27.8094,32.8073,19.6775,14.6397,4.6032,0.274,22.6504,14.0999,-2.2492,-5.0024,16.6426,16.8733,28.098,-19.4773,-28.0509,12.2538,17.2018,13.9011,58.513,11.4913,12.5387,0.3428,-29.2773,23.229,13.4934,-7.4863,21.1554,15.2541,17.2939,-6.6098,19.0466,16.4246,29.2847,14.8962,-0.408,43.5422,24.5786,23.7652,20.5323,-14.471,8.8971,5.7234,24.3197,8.6377,16.7277,22.3987,23.278,14.4611,10.8011,18.0075,29.4535,20.4079,7.2014,18.9881,-16.3743,-0.1795,19.1844,39.2918,19.5151,15.4534,278.6624,10.1372,20.9415,81.2529,15.4771,32.1189,14.8794,-15.4888,21.3322,9.1539,23.9892,-19.5815,21.3949,154.8465,19.7135,13.7201,13.563,29.1189,1.4729,10.7368,12.7074,14.7678,18.5875,18.1678,24.4202,14.7211,16.6278,20.8613,17.7962,-7.7318,-13.9102,12.6786,-23.1987,8.9963,15.2684,19.3082,-24.3009,15.8495,16.5564,14.124,22.5299,15.9921,23.9679,19.4506,-5.6364,2.5904,12.2029,15.4314,-7.5891,11.5847,36.3987,16.8772,23.8031,23.0459,-9.3252,20.2916,10.5331,18.6645,4.2729,26.6593,13.0504,28.7826,18.9932,13.5348,-1.3413,17.2725,21.1037,16.9862,66.9366,20.1761,31.6578,16.0229,10.1607,14.4112,23.9902,14.3408,18.8085,4.6569,6.5695,10.8246,10.7736,17.3168,13.387,11.4418,18.6078,22.7581,-4.178,25.9916,15.6136,17.2384,18.186,13.2505,14.3856,16.7055,22.0025,21.528,22.3376,18.5518,22.3718,22.6705,30.5978,23.994,24.1971,22.7671,16.5931,19.6219,18.3482,18.7894,6.6193,8.294,15.2204,21.3382,21.7706,19.4677,21.3982,22.1049,14.5688,26.8059,15.7431,18.0084,15.3233,0.6558,17.7621,17.368,18.1702,26.9108,16.6668,22.2699,4.7413,19.3149,19.3289,13.1081,13.7462,20.8576,17.6874,18.7976,10.5182,17.1058,18.372,22.8776,17.3205,15.1214,12.4512,21.1523,13.5711,5.9405,28.438,9.95,14.317,12.4971,22.987,21.2373,11.6192,40.8829,21.5166,33.5334,14.3546,26.8558,13.9841,20.1459,19.9959,20.9469,20.257,19.9457,16.7859,23.5933,10.6446,18.0393,20.7646,-4.3769,3.9102,19.0234,12.4391,26.8064,18.5102,36.1506,19.7978,-13.9612,18.4078,6.4507,29.2101,15.0662,36.4707,15.7424,13.5092,12.5732,16.6161,23.7843,13.9669,26.6063,11.5301,17.5159,11.0269,31.8307,19.2078,10.5745,2.6705,26.382,20.7321,39.21,16.2723,16.037,13.5102,7.7672,-0.3762,11.8079,23.19,1.0742,-11.7145,20.584,25.5011,-12.6284,16.0967,-0.3283,-6.3415,13.7943,7.6889,24.1685,30.2038,35.7714,11.0371,23.9048,30.7937,18.5274,28.4957,21.6066,21.6066,2.6705,26.382,20.7321,39.21,16.2723,16.037,13.5102,7.7672,-0.3762,11.8079,23.19,1.0742,-11.7145,20.584,25.5011,-12.6284,16.0967,-0.3283,-6.3415,13.7943,7.6889,24.1685,30.2038,35.7714,11.0371,23.9048,30.7937,18.5274,28.4957,21.6066,21.6066,21.6066
59,26.7017,94.9009,22.6695,22.5856,29.9628,23.4639,45.9753,28.3497,43.4364,26.341,0.8093,125.1054,190.9464,137.0306,22.7464,35.2297,-15.195,27.4451,26.6028,42.9709,50.6016,25.6217,47.2315,27.6545,19.6686,19.8606,26.1832,26.5543,23.1385,10.9573,12.7637,-2.5812,23.204,14.0273,29.6944,4.1673,7.1798,25.3289,11.7028,11.3245,16.1094,14.6014,14.1683,1.6515,12.5113,12.7533,31.7522,17.1634,22.476,14.8441,14.9852,10.9304,24.7302,16.2869,-4.3711,-3.2186,39.4772,20.2058,20.94,-25.7727,-19.7307,15.3863,27.7015,29.1476,87.5116,14.2998,20.0767,3.8678,1.7077,25.6308,23.1992,-20.6044,16.7233,17.3496,21.3242,11.5911,30.4779,17.0589,21.7023,33.4245,5.289,11.8785,21.5731,29.9797,15.8354,7.6872,7.9703,-5.76,40.2702,11.2475,27.5004,30.6817,31.1881,8.1982,22.633,15.5737,27.4109,33.9325,27.5248,19.6868,1.3262,3.1742,53.7165,22.4464,23.7916,14.4343,23.0024,13.781,24.495,9.0566,17.4769,60.099,16.1544,-1.2058,15.1322,3.2135,25.795,-29.7552,31.6171,77.1128,40.2585,-33.4205,14.7787,12.8555,-30.1757,24.579,13.1635,11.5341,18.0752,18.0042,27.1417,15.233,16.5551,19.8781,20.1756,-29.1442,-27.7012,4.6288,-7.3941,16.2914,26.8186,22.0669,-29.8714,10.9966,15.4121,17.5735,20.1032,16.7411,25.9386,15.925,-1.1054,5.1065,11.9605,15.5889,5.1361,11.6589,18.0762,22.7785,21.3736,22.1194,-11.3405,19.0161,12.4754,4.72,-27.6095,26.3444,11.6011,22.2791,20.4898,14.0136,-7.7831,16.6347,18.2977,16.2013,20.4751,21.6473,25.6566,9.9347,6.4138,18.975,24.5875,16.6987,14.7628,1.4542,3.9132,-16.0918,11.9464,17.1154,14.4789,11.9462,21.3601,18.2767,6.548,22.9168,19.0673,17.5469,17.8459,13.5976,15.9585,17.21,22.4029,22.0062,20.052,19.8481,22.5961,16.6549,27.6004,22.6181,27.4466,19.4003,13.0558,17.9939,16.5239,16.8288,12.7821,13.1311,14.8687,17.847,21.1125,19.3095,14.3117,20.8748,15.1673,28.141,13.9722,18.2506,6.0477,0.001,20.1091,18.1805,18.7033,28.6296,20.4521,20.0593,-1.2885,23.5683,20.5608,13.1436,13.99,20.7367,17.4855,17.9925,4.502,20.2712,20.3193,20.172,17.8344,15.2332,-17.867,10.5045,18.9701,14.9549,25.33,16.9287,14.1905,15.8736,22.2684,24.1554,18.0236,44.7257,21.1336,32.5651,14.4735,26.0306,16.1837,22.0454,22.2705,26.1431,18.6472,19.6911,21.6975,30.106,27.6291,23.0637,22.3086,18.0335,4.5128,18.2985,18.1642,25.0062,25.6173,31.8776,23.5936,-6.8224,22.4121,16.2241,40.267,41.0482,43.7046,25.9419,18.6138,38.6084,25.4832,39.0681,23.5312,23.2509,15.832,15.6841,21.6447,40.4845,24.048,17.5006,12.051,32.3465,17.4603,78.6559,20.5562,17.139,147.2428,12.7667,1.2671,11.1241,33.2106,7.2885,8.1694,23.8467,39.1008,-7.939,16.1096,7.3812,0.374,15.4506,17.061,26.5615,21.8289,28.8582,10.6376,21.6195,35.556,19.0076,36.508,26.9197,26.9197,12.051,32.3465,17.4603,78.6559,20.5562,17.139,147.2428,12.7667,1.2671,11.1241,33.2106,7.2885,8.1694,23.8467,39.1008,-7.939,16.1096,7.3812,0.374,15.4506,17.061,26.5615,21.8289,28.8582,10.6376,21.6195,35.556,19.0076,36.508,26.9197,26.9197,26.9197
60,28.7585,36.6253,18.4592,26.984,32.2528,15.8666,58.6542,35.7113,47.3873,28.2607,-3.9171,141.5622,213.4313,238.4689,114.5947,40.3052,17.0886,18.9357,13.108,34.0597,42.6184,30.252,33.9385,30.4028,21.5065,20.9897,28.0547,22.7194,26.0117,12.8292,17.5287,-9.8769,19.0588,18.714,68.6458,10.1141,9.7681,23.5404,11.986,11.5868,17.1486,14.2314,15.9184,14.1593,5.8156,13.4027,19.774,20.8609,29.0644,21.5167,35.8732,15.3118,25.0195,17.1238,5.2918,5.3835,20.687,22.2892,17.8948,-19.2439,1.1436,9.219,24.0183,21.505,37.4273,14.6468,15.0293,16.2529,5.4724,13.4497,10.8717,7.5513,16.2414,22.4316,21.4086,4.3237,43.6283,18.2562,18.4787,26.9361,13.02,16.8388,19.404,34.973,15.8916,10.0753,6.1806,5.5559,25.058,11.8139,15.358,24.7576,19.4617,21.2519,20.0477,11.9196,16.7483,20.4052,22.9345,27.1497,2.4732,-6.5559,43.3591,35.5953,20.5912,11.8706,23.1334,19.362,21.0143,7.6947,6.3816,17.9734,15.4622,6.0681,16.5494,16.1841,21.5594,-15.3537,31.5754,31.5561,16.2408,11.8746,16.2425,21.7313,-13.3425,25.679,17.9335,14.4085,18.3204,17.0503,24.4877,17.1653,18.3368,18.5818,22.8638,-12.2581,1.0603,6.6105,3.186,18.0037,22.3792,24.4674,-22.7775,16.2706,17.6759,22.5615,22.8899,32.9459,43.0651,17.373,3.1697,10.865,11.3125,20.826,14.6202,22.2441,25.1772,27.1136,24.3307,23.1029,11.6042,14.4802,26.4833,11.0602,17.6456,26.9859,14.4247,24.039,22.99,19.7841,14.225,18.1342,27.5302,22.6657,22.4315,24.2512,38.8286,22.0156,15.8625,21.5999,25.9803,21.254,13.7917,8.5689,9.6381,0.7622,26.2845,19.4273,18.1838,16.8416,23.5559,19.7338,15.0347,19.8332,20.9958,15.4493,21.5212,16.9166,19.1847,18.1,29.8975,27.7507,19.5614,20.2568,24.1656,21.5986,31.4828,22.6531,25.7742,20.8133,12.6838,19.8394,18.7681,19.4968,14.4439,12.7787,16.805,17.3629,22.935,20.0598,15.0,21.2886,18.8035,27.9773,16.9114,20.2202,13.0544,6.9858,20.1349,19.8625,19.4901,15.6223,12.6172,17.8237,11.3478,20.6971,19.8272,14.0697,17.7165,21.3037,18.1847,17.4097,8.2713,25.4722,20.0017,19.5153,20.7432,18.7449,-0.4103,-3.8713,-1.8221,11.1258,22.0305,17.3139,14.226,16.45,22.3344,19.0499,18.6847,33.5536,17.7838,18.7997,15.6739,23.9561,16.7222,21.9128,20.72,22.3399,18.1824,19.1908,19.649,33.5652,22.4589,24.0706,22.9752,2.2802,14.2341,18.5817,17.3749,23.9987,22.7531,27.0544,37.247,-2.1281,23.9077,26.3685,27.992,124.9482,35.1917,31.7459,16.8328,33.2104,21.8124,98.1475,32.8978,28.3219,17.8414,19.3591,17.9156,38.222,20.2721,21.799,13.9354,25.6121,17.2648,20.6644,19.9554,26.6672,34.7687,17.6281,6.6268,9.9233,39.901,7.8044,16.458,28.2338,51.3379,-4.0197,18.4794,33.1323,8.8116,43.0396,45.5266,30.0019,26.2605,33.2769,18.612,25.5602,27.6184,20.3124,34.8724,26.4862,26.4862,13.9354,25.6121,17.2648,20.6644,19.9554,26.6672,34.7687,17.6281,6.6268,9.9233,39.901,7.8044,16.458,28.2338,51.3379,-4.0197,18.4794,33.1323,8.8116,43.0396,45.5266,30.0019,26.2605,33.2769,18.612,25.5602,27.6184,20.3124,34.8724,26.4862,26.4862,26.4862
61,31.1142,28.6849,26.4448,26.7279,26.7379,22.1223,62.2086,35.4751,26.7713,33.224,-6.2282,217.7269,252.4976,256.5163,161.2691,39.3678,34.1722,22.9281,13.932,46.5202,62.8975,27.9833,48.201,42.0557,21.5418,22.4828,23.9606,20.7795,23.0581,12.4899,21.058,5.9355,17.0832,26.3759,21.6819,9.0312,14.0076,19.4459,12.6351,11.6257,18.0659,14.6595,15.6023,14.4623,7.7975,24.3829,29.2479,12.3109,17.0566,18.5748,22.25,12.6152,25.5379,14.8455,7.6577,5.8726,14.0413,19.5912,14.0948,-20.0621,7.707,10.9747,19.1368,21.5278,40.6605,20.6836,15.1959,25.1865,15.0227,13.1314,10.7864,15.6141,14.3893,19.8138,92.1447,-5.6705,19.649,16.636,16.9786,23.6008,19.3951,15.9693,6.2678,31.7591,12.9361,13.351,18.8464,15.2742,52.5291,12.9252,14.3694,24.4123,11.0082,18.4447,19.6857,16.5023,20.8976,24.2535,18.9207,28.1936,3.8474,7.3479,14.9135,77.7014,20.754,10.1286,22.3414,19.3361,33.029,13.2168,8.1951,20.6486,28.5377,11.4419,13.3734,9.4248,25.4929,1.9473,29.3729,32.9269,21.9814,44.784,24.6425,33.9929,9.9734,24.6621,35.9343,71.4932,22.6021,21.3554,42.1295,27.3425,13.3046,26.8636,34.8371,14.5433,7.2685,8.4782,0.2132,18.9797,34.0557,29.0913,1.4886,20.4142,22.8656,19.9371,27.605,68.0805,37.4492,24.4446,13.8183,11.5335,12.2876,24.5226,16.4301,26.2225,30.8279,18.9348,26.0922,32.0478,21.7897,12.2714,33.7738,27.6783,23.09,22.0848,15.3907,19.0965,28.6141,23.1701,16.323,24.9939,55.9548,26.8609,19.93,19.7492,25.321,20.3359,17.9356,21.8814,26.9359,29.8695,29.9168,12.6734,17.8791,10.3017,32.0121,23.6498,27.8731,43.048,23.8455,29.7284,16.1697,26.6375,20.3507,18.8458,33.0426,20.1542,19.3409,22.6592,27.5012,24.6429,24.1976,23.0929,32.556,243.4217,31.5922,21.3175,24.8136,21.0747,22.9183,24.488,22.0214,23.9186,25.5992,19.2976,19.9416,17.1401,20.8279,21.1081,21.4596,21.0553,20.9402,20.4069,25.0761,33.322,20.2947,18.7104,20.9806,20.1177,17.6838,17.567,13.3048,18.905,15.0911,29.7174,26.0651,20.6796,29.0139,21.3378,21.8174,25.9191,19.2884,24.7848,25.4707,24.9812,25.2726,69.1157,5.9997,3.555,-11.6545,5.0635,23.5742,17.3093,14.0662,28.4207,40.3586,33.3425,23.3836,32.2342,18.7202,31.2032,19.0974,25.7731,18.7778,21.8711,21.6859,22.5804,13.186,19.0755,14.9086,31.1407,12.4351,22.0335,22.4026,21.5544,16.8074,17.1727,17.0034,14.2849,20.267,17.6037,21.5657,-10.22,24.4674,27.6965,24.815,31.6903,40.2621,25.6215,11.2231,30.4519,16.5635,19.3426,24.4097,24.8688,16.324,12.9872,17.2465,19.123,18.024,18.6818,10.7925,20.6816,20.1431,85.5467,18.5309,16.7833,22.5708,16.5519,10.8872,11.7164,34.8878,12.5827,17.9938,21.9901,20.5855,0.4372,14.1257,16.8899,12.0629,36.0299,20.4271,35.6185,20.9192,22.6386,15.3193,20.6023,24.2457,22.9005,36.2504,23.1381,23.1381,10.7925,20.6816,20.1431,85.5467,18.5309,16.7833,22.5708,16.5519,10.8872,11.7164,34.8878,12.5827,17.9938,21.9901,20.5855,0.4372,14.1257,16.8899,12.0629,36.0299,20.4271,35.6185,20.9192,22.6386,15.3193,20.6023,24.2457,22.9005,36.2504,23.1381,23.1381,23.1381
62,31.7058,21.2886,24.2306,21.8376,24.8129,23.8811,55.7687,26.6235,25.6922,31.6097,0.5282,352.2351,224.4167,255.6478,8.3668,35.228,23.4873,35.7923,14.6487,110.1075,38.2772,31.2377,32.1631,29.0513,21.7436,22.2269,22.935,24.5827,21.7725,10.3348,16.5896,2.8709,18.2664,18.7741,19.2895,11.808,7.3632,25.7277,16.0052,15.0376,27.5114,16.068,12.8346,12.9047,9.1,25.294,36.8179,12.3017,15.1556,13.8249,19.849,143.0057,16.8235,19.9287,8.7425,-0.4683,20.9916,20.9156,11.0749,-14.5432,11.4064,12.2824,23.9509,15.5106,27.7018,99.0403,86.3826,23.655,16.267,120.2466,40.4056,17.9043,21.9786,29.3544,24.1676,4.7729,23.6091,17.2401,24.6637,24.4985,21.3669,12.7549,21.3105,27.6546,24.3609,14.5243,18.028,17.7002,31.0824,12.8659,13.052,33.7269,17.3994,23.7575,22.9726,19.0106,18.2221,21.9593,10.7953,32.371,3.9038,12.4216,18.6302,21.1572,18.047,11.0139,14.171,10.5266,20.8521,24.5746,13.1776,24.0871,37.3147,10.7963,18.6803,18.1949,27.296,-0.9701,35.1846,38.8284,23.4243,23.7612,18.1252,21.6651,18.6176,28.8281,17.9377,25.346,23.1975,19.6332,24.2578,19.043,13.3199,21.5583,29.9581,17.2962,11.2849,28.8938,18.909,19.0756,25.7081,21.5404,11.713,27.4509,18.733,16.6093,24.6716,37.1199,22.6035,20.6399,12.2274,34.1751,16.5468,30.2969,17.2979,93.2884,21.5071,31.9999,25.1479,25.6419,17.7414,18.6301,27.5703,22.5679,30.4467,27.7161,18.6559,19.635,24.5224,18.1094,24.4987,24.0718,28.6375,61.4135,23.0208,19.2381,22.2441,21.6275,18.6266,30.5642,24.8685,21.6651,21.1185,19.0221,21.5994,17.4354,48.6373,23.8246,24.378,26.1348,22.1878,24.9126,27.0248,26.9157,23.4627,18.2716,26.6305,20.0083,18.3602,21.2035,25.9361,31.2343,25.386,32.2468,33.3806,25.2677,34.7386,31.9476,26.9717,29.7182,23.4944,23.2585,21.4136,26.1571,26.3524,21.2745,35.7642,14.4654,19.1579,26.4359,20.701,22.8874,24.0165,21.9173,23.5685,36.9321,22.1341,23.1719,25.8777,20.9009,16.5838,19.7318,21.1131,20.0779,20.0642,41.4858,25.3321,22.8356,23.3271,23.5058,21.8118,33.6596,21.4094,42.9731,32.9275,29.5924,21.5964,26.8654,17.0846,24.2104,19.6939,28.894,25.5355,19.2219,16.7018,22.0245,36.5353,23.356,20.701,21.8219,36.5615,23.6303,21.875,28.8771,28.1324,36.3342,32.8019,31.4843,36.0603,33.858,53.1752,21.677,15.8504,17.6263,26.8876,32.2688,28.0864,24.002,26.9763,18.4226,25.0718,21.0485,28.6389,7.0859,157.1208,26.5563,27.2592,30.567,26.9013,28.2794,15.9728,59.8478,29.5124,19.9753,25.693,19.8532,180.3695,212.4223,20.0667,192.1867,24.6764,21.7871,25.7557,20.8079,32.4259,51.112,17.9274,16.7844,25.0814,11.554,9.4266,19.9466,25.6925,12.2238,26.1221,20.5886,16.7341,-0.2972,18.5312,25.4661,20.3453,18.3428,17.6658,26.1381,20.2077,17.9061,23.8739,19.6996,28.9337,35.8938,33.2448,21.593,21.593,25.7557,20.8079,32.4259,51.112,17.9274,16.7844,25.0814,11.554,9.4266,19.9466,25.6925,12.2238,26.1221,20.5886,16.7341,-0.2972,18.5312,25.4661,20.3453,18.3428,17.6658,26.1381,20.2077,17.9061,23.8739,19.6996,28.9337,35.8938,33.2448,21.593,21.593,21.593
63,33.5677,23.9451,33.0311,24.5073,18.6363,17.2259,48.6368,25.2655,31.7867,24.0951,24.8829,807.6924,122.9593,308.1626,16.3295,34.7543,-4.3456,37.4398,22.5041,29.9004,33.9702,31.2349,33.741,29.8674,23.5587,22.5999,21.9188,23.6121,19.1974,13.4282,33.7343,5.0972,13.6439,17.6569,16.885,7.6875,6.503,82.8231,16.2526,15.1613,43.2446,16.2115,18.809,13.3144,10.1301,27.4668,34.4517,11.9876,20.2351,91.306,51.4693,73.9213,18.4428,41.7906,30.5444,9.3054,171.6892,20.989,23.5478,4.2423,11.2875,13.4878,17.7302,27.3068,46.548,21.3694,29.1007,19.5073,16.9226,19.397,21.3906,9.1179,24.1388,9.6471,19.9679,17.9906,22.222,24.8897,24.4713,26.3601,17.9807,17.8618,10.1665,22.6663,15.2393,14.4691,26.2044,19.508,51.7604,13.4597,17.6748,21.0193,11.0069,11.6518,19.8093,21.2478,21.3224,17.5626,9.1897,18.3135,10.1983,14.5945,31.81,43.1442,15.1716,25.4571,16.4416,9.8273,21.1302,15.6956,15.3612,23.6001,30.0563,17.1646,21.3403,21.0163,26.462,9.9472,22.691,60.2763,24.2628,27.7121,15.491,26.8304,19.5419,22.8489,16.698,19.0911,21.4706,18.1172,22.3528,19.7868,14.0609,30.6676,25.2891,23.6714,20.1755,15.9148,26.029,21.4537,32.0733,16.8825,22.8424,13.9434,19.3369,15.0768,27.4707,27.2627,35.4208,25.4995,11.2942,16.8748,16.9496,22.3165,21.5128,59.4461,22.6188,28.9133,26.2306,26.7052,27.7888,21.8861,30.1728,34.4068,36.6673,29.7807,23.3128,20.4737,33.1908,28.2029,44.4289,24.273,77.5015,29.9691,28.8984,23.6221,21.844,34.3345,23.5711,30.3167,24.3872,35.5186,23.1145,21.3685,21.6532,18.89,43.8368,29.6357,25.0022,25.4628,23.1509,23.2491,27.349,29.0778,24.5927,21.5144,30.3853,19.9319,21.2686,22.6383,26.9815,38.3957,31.9487,29.5547,46.194,23.9634,34.3016,34.4514,27.4532,25.4868,30.8937,28.0016,24.1918,26.6068,18.8876,21.9934,23.0934,18.8478,19.8223,22.035,14.7871,18.8935,25.7169,31.636,27.2646,59.4377,21.4877,21.8821,24.6253,22.4785,20.6815,24.014,30.4115,20.4743,21.8184,36.87,25.7089,23.0885,38.4147,26.3239,24.8331,20.1163,19.6872,22.664,20.8631,27.0848,24.2264,18.2656,13.2674,15.5583,17.0788,22.6682,28.489,16.6141,18.6341,86.9313,25.6862,19.5479,15.5882,24.4259,25.1601,29.2372,51.8346,24.8018,23.8272,28.8774,33.1097,27.4572,25.2279,28.5075,41.8726,21.1979,17.3526,24.8105,32.6723,28.0616,24.5769,21.6553,23.0246,28.3708,28.8018,23.8014,29.5593,12.3022,25.8793,19.8625,19.8652,27.6241,41.3861,17.6368,16.8997,26.7998,40.1841,26.1396,66.5657,19.6369,27.4189,53.094,21.7069,106.2964,23.0611,20.8024,19.3047,38.5982,18.3141,636.4863,31.9495,22.4401,20.6747,10.507,12.4429,21.7725,40.4667,17.7212,28.1296,23.5814,19.66,8.2557,18.2394,14.3575,6.6951,18.8641,20.3162,30.2271,41.1464,11.526,23.1429,21.4096,30.4518,48.6731,35.1656,19.9494,19.9494,19.3047,38.5982,18.3141,636.4863,31.9495,22.4401,20.6747,10.507,12.4429,21.7725,40.4667,17.7212,28.1296,23.5814,19.66,8.2557,18.2394,14.3575,6.6951,18.8641,20.3162,30.2271,41.1464,11.526,23.1429,21.4096,30.4518,48.6731,35.1656,19.9494,19.9494,19.9494
64,31.6966,25.8981,34.8009,27.8544,19.0326,20.5944,32.4937,27.9762,17.9159,12.4848,29.1557,419.8669,150.2939,269.54,30.9933,41.7052,12.4677,30.5395,28.5766,34.7691,28.2969,27.4951,33.9565,35.3315,26.2293,23.3174,24.2708,29.6763,30.7553,15.2955,30.3275,10.7612,13.242,17.9929,16.1259,13.2388,6.5693,31.0142,15.5614,21.718,29.1103,15.8847,13.7477,23.0203,9.9057,17.988,17.4102,13.092,13.0409,39.0594,23.2277,23.9794,15.8764,27.228,36.9003,13.4298,28.4072,33.9215,18.2874,12.9608,10.923,14.3677,20.7557,17.2443,56.8949,15.1068,13.3912,17.7014,16.7809,17.7587,30.5167,10.5451,25.8114,6.9899,19.621,8.6813,25.926,23.8829,25.7003,19.0102,27.3749,21.5397,13.0356,41.8993,16.3888,14.1419,25.4846,15.5141,34.6023,14.7411,16.6589,21.3759,9.4823,13.4916,49.7646,21.0439,281.877,16.8727,8.6257,17.6883,13.6731,15.0947,40.3924,42.7291,17.5437,15.4909,19.5469,14.2094,19.8188,10.8748,40.8182,25.6915,39.9534,12.6802,20.5021,21.1122,23.4939,25.077,32.6025,42.4921,21.7299,19.0244,19.5391,22.8322,32.4221,18.1493,18.6812,18.8567,21.0072,16.8249,21.89,18.6993,14.4686,23.5318,30.1464,43.8314,21.8756,18.2914,27.1707,22.947,34.8834,20.2382,30.5724,13.9651,31.511,14.9782,39.4652,23.317,24.0957,29.9514,14.2835,17.3749,18.1042,21.9407,24.701,48.7452,26.0689,21.7537,25.2928,42.5156,28.1304,25.554,28.4754,31.1435,41.8559,34.05,27.7233,22.8303,35.6497,33.2773,41.6164,24.5285,68.1899,37.1617,30.121,25.2193,23.6324,30.3706,70.7706,25.8809,25.9382,30.0427,29.7065,23.7763,25.3497,27.2143,40.8225,32.1094,42.6969,28.4346,29.7505,49.2216,26.432,30.8008,27.1375,21.8813,26.3719,27.8436,23.1921,22.0137,27.7602,43.0697,118.3579,33.4057,32.3479,26.8084,52.1389,26.0621,43.7005,28.6735,50.4174,26.8835,28.2143,27.5968,35.4481,23.9476,34.8036,24.4334,20.8987,22.4819,14.7026,25.441,50.9202,28.8237,33.0095,28.4653,21.9311,22.7349,27.608,22.1539,36.4166,28.4792,26.1235,23.1706,22.8965,58.193,58.3729,28.9162,119.6474,25.829,27.8137,20.8919,36.3664,37.004,29.4272,24.7719,29.4527,28.3097,18.5386,18.2876,20.5159,29.6936,23.4168,16.7085,29.9829,54.6744,28.289,22.8098,26.7178,31.6135,24.5038,31.9402,42.5181,25.065,23.6393,25.3205,27.9145,23.1919,18.5985,24.1074,36.6779,19.0649,25.122,24.8711,30.7906,32.1534,35.897,23.8544,23.2749,25.4265,22.8779,21.5467,25.6775,22.5352,56.4616,14.6881,29.5552,25.2045,25.5391,17.2955,17.8144,22.6153,21.9481,37.2581,51.1555,24.676,24.2328,23.9797,31.1911,39.1761,20.6712,24.5651,16.8485,44.3302,18.1579,105.782,19.1772,17.0005,18.0891,13.0877,8.4841,19.5958,33.3867,23.9712,22.4468,20.8811,16.9918,-2.8849,18.8709,10.5037,13.2124,17.9132,353.6347,28.7905,33.2588,15.0392,26.948,21.279,23.1363,32.4664,30.5609,20.1176,20.1176,16.8485,44.3302,18.1579,105.782,19.1772,17.0005,18.0891,13.0877,8.4841,19.5958,33.3867,23.9712,22.4468,20.8811,16.9918,-2.8849,18.8709,10.5037,13.2124,17.9132,353.6347,28.7905,33.2588,15.0392,26.948,21.279,23.1363,32.4664,30.5609,20.1176,20.1176,20.1176
65,29.4116,23.8612,35.0929,28.2659,17.151,16.0752,53.0267,25.5415,8.6731,22.6873,27.4489,1061.9396,72.2129,230.5516,14.7827,29.6701,11.8082,27.186,15.9747,31.335,29.7371,26.7433,27.2223,28.8484,22.6711,21.4305,22.8452,25.2646,18.3531,15.3546,17.207,11.1514,13.7773,19.627,15.0236,5.9699,5.8361,27.1695,73.3815,21.387,20.7951,9.1744,10.1813,31.4396,16.2394,33.3864,16.6482,13.797,9.7482,35.0744,12.2632,19.0037,6.156,27.6227,20.6452,7.0831,24.333,27.9494,18.7647,17.8488,12.5951,16.5407,22.2905,20.6723,61.6642,16.6598,9.8083,9.2473,14.5128,14.9975,14.0127,11.3484,25.1036,4.9658,20.6953,13.3765,24.9782,19.9119,43.3493,18.5772,15.9545,17.1649,17.9006,23.2701,11.0556,16.1027,25.6133,14.1067,35.245,15.626,13.9005,21.7078,3.6369,7.1374,134.1557,21.0629,26.585,20.1628,17.3825,17.8151,12.3198,17.6774,38.4976,60.2204,23.6408,32.4025,24.2986,16.1108,19.4184,17.1532,34.6656,27.1246,51.5509,12.7053,21.7143,27.2103,63.1298,40.4107,33.1538,36.3707,19.5786,19.8218,18.9622,21.3546,90.7236,21.6522,27.4448,19.9291,21.6916,16.7348,48.4868,20.393,15.4471,21.4777,32.6967,76.0613,27.2991,22.1223,26.3209,29.0341,20.2132,23.0127,28.4119,21.5656,28.5806,11.5963,76.7909,183.8647,27.5471,28.7085,14.4587,18.2511,18.7198,18.9894,23.462,168.6247,29.839,26.6162,30.2783,32.3434,28.2659,26.4065,49.4629,41.1315,32.7629,45.9924,29.5365,33.7178,28.6038,28.1853,33.5705,25.328,30.564,32.1768,60.571,26.2469,27.2405,66.7494,22.9838,37.2221,39.0765,28.0413,58.6091,18.8487,26.3609,25.3809,52.5192,82.2452,46.8703,27.1559,25.5712,38.2258,27.2916,32.2914,26.8571,22.2788,26.5843,26.0479,24.4437,26.1691,32.9066,35.8522,40.7136,33.0559,27.7485,28.546,54.8632,41.2094,49.2155,47.0566,37.9848,29.8008,30.858,29.0964,27.6824,27.2762,33.3891,24.2007,34.6493,46.9537,37.8507,29.5961,46.9918,33.0066,55.8907,32.0216,24.8298,29.1783,27.8424,22.8945,28.9121,18.2226,34.3756,24.6756,23.6738,215.8691,43.6987,28.2161,45.6369,25.0066,35.6333,24.0667,38.2581,40.1289,32.1068,32.8043,33.1859,21.7428,26.2427,21.9953,20.6594,54.053,31.7765,18.6744,36.66,33.8009,29.4016,42.403,28.9199,36.6145,26.6815,69.4731,125.6438,30.663,22.3335,26.2401,37.3463,24.6895,22.5647,27.044,56.9306,38.0782,28.8546,48.0231,34.6294,31.0692,41.5755,24.5335,24.6039,100.7157,25.0197,44.6294,30.9107,18.9818,28.1893,22.3435,26.5676,25.746,30.2701,18.5909,18.2353,41.8613,28.19,46.2886,57.1675,26.5483,25.923,27.3243,56.2005,32.0162,30.3541,22.7958,23.8447,32.2818,18.9681,21.5448,21.177,16.9216,29.798,11.5246,11.2236,20.2467,39.8226,13.0384,15.4025,17.1135,16.052,-4.5773,26.4164,13.0813,29.1425,11.4976,25.8294,28.838,33.1981,12.5693,29.6947,28.1268,25.242,35.0293,25.248,24.6152,24.6152,23.8447,32.2818,18.9681,21.5448,21.177,16.9216,29.798,11.5246,11.2236,20.2467,39.8226,13.0384,15.4025,17.1135,16.052,-4.5773,26.4164,13.0813,29.1425,11.4976,25.8294,28.838,33.1981,12.5693,29.6947,28.1268,25.242,35.0293,25.248,24.6152,24.6152,24.6152
66,26.0586,23.9093,36.2967,22.5359,14.8661,16.2561,39.95,23.143,6.293,22.4415,20.8347,368.023,41.2813,181.1178,24.215,32.3797,10.9596,27.1113,24.9107,33.3272,27.6449,26.8482,28.0114,30.5406,22.1001,20.5285,19.7061,23.984,16.0276,15.1917,19.3338,10.4039,12.2117,22.4467,15.4789,2.0452,7.796,28.5836,24.0783,15.4307,19.2641,12.5332,10.3533,28.4274,16.3004,19.3984,16.1719,13.8493,8.8296,19.6378,14.1118,12.8725,-16.5478,22.5432,17.263,7.0385,22.5874,21.2024,10.8486,39.7862,18.9336,13.0665,21.0413,22.8159,38.4826,17.8274,1.4535,6.3361,10.8479,13.2693,15.7218,473.4735,28.3526,1.665,24.8022,13.9882,20.149,21.2649,13.7686,18.1634,24.013,17.8466,17.9925,26.7396,4.9379,10.8838,24.4622,14.49,16.3988,21.077,14.3677,22.7291,27.6553,15.6359,19.808,27.1396,25.997,16.686,14.944,18.5638,13.4803,18.7838,40.9581,60.4083,30.0128,33.617,25.9919,52.5548,18.6948,9.7506,25.9789,24.9334,57.9679,11.1023,27.7848,24.6038,60.9373,57.494,33.0762,33.9674,27.7794,14.9059,18.5707,26.7453,123.1755,32.7344,17.3757,25.446,21.6728,13.6304,22.6317,21.44,17.6877,23.8569,27.658,35.6541,19.339,22.5424,24.6075,25.2515,27.7887,21.5835,26.5933,35.1334,29.6945,13.3914,71.3575,46.0144,25.0984,28.3049,17.1189,32.4871,22.5066,20.4402,25.2501,30.009,20.8693,11.742,31.9751,147.287,28.5625,26.9472,308.563,47.2143,43.9824,42.681,30.3438,37.0271,26.0091,30.6143,33.027,28.8906,37.6932,31.971,34.032,28.0893,31.112,108.3778,31.5334,41.9079,29.1212,29.5071,54.9212,20.6837,24.7447,24.8993,27.6677,49.7784,96.8971,26.939,24.4638,57.5884,27.7104,30.274,28.0123,23.1865,27.8205,34.7185,26.1487,30.9767,32.2053,28.0108,66.7651,29.1212,29.055,25.5454,65.1816,60.4213,28.2082,32.0404,33.854,27.8948,28.3068,28.0841,29.3698,26.5535,42.3773,28.3862,27.1694,24.2355,20.3732,30.0001,25.6494,26.966,48.9541,32.8207,25.4059,27.2722,24.7074,21.7232,26.3603,23.026,34.9497,24.9689,23.838,72.9015,41.1937,68.1076,85.3976,29.1058,31.3994,32.2093,25.4531,51.9853,24.2821,39.0109,44.3932,28.1385,30.575,27.3235,21.484,24.0778,25.6737,21.4506,32.3692,30.8976,34.5399,41.6583,37.682,42.9378,39.1608,96.4069,146.6164,26.1175,20.6964,25.3022,30.0538,24.7589,27.3411,30.3639,73.3415,35.117,41.6831,45.8603,39.7065,34.9475,39.7511,34.2325,30.3591,26.4628,25.1387,25.6808,27.3427,19.2676,33.4401,19.3104,31.5207,42.5382,41.7281,21.3037,20.8687,28.0972,33.0375,53.2852,58.4707,27.3029,32.2436,42.1073,52.4221,39.2781,33.6874,23.9023,21.6776,18.8727,13.2203,54.4173,19.0976,17.2097,16.8943,11.5552,11.8094,36.0004,25.0993,20.9398,14.4656,17.4031,15.9069,10.0284,29.0583,16.2912,22.0353,11.0885,24.3685,27.462,17.7807,14.347,29.1795,23.781,29.2671,33.3481,22.7883,35.8256,35.8256,21.6776,18.8727,13.2203,54.4173,19.0976,17.2097,16.8943,11.5552,11.8094,36.0004,25.0993,20.9398,14.4656,17.4031,15.9069,10.0284,29.0583,16.2912,22.0353,11.0885,24.3685,27.462,17.7807,14.347,29.1795,23.781,29.2671,33.3481,22.7883,35.8256,35.8256,35.8256
67,26.1303,32.1437,37.8546,21.2849,11.4423,13.9059,35.3936,9.7577,8.9652,20.1458,-0.0755,235.805,48.3857,156.5458,15.9278,26.8884,18.7607,25.1456,22.7321,35.3213,27.7486,26.5631,29.5432,27.7471,19.9269,19.9407,18.0071,26.5267,14.6318,12.4389,14.5021,11.3941,12.9666,19.1804,14.2308,6.9428,9.9658,22.1512,17.6818,13.713,17.389,12.3776,6.4024,23.6376,19.2666,13.5792,14.9169,12.8185,3.2435,19.1478,15.8122,1.8373,-27.2493,21.0182,16.1402,13.278,22.0731,17.4453,-8.9651,20.256,16.9717,12.7592,27.6374,17.7172,43.0601,18.0524,4.4018,9.9985,12.9841,13.0297,19.4765,23.4863,16.6214,-0.9401,22.1211,10.8075,19.9875,23.1738,13.2166,19.4698,23.8783,14.551,18.2397,19.6017,-3.5598,12.6583,25.291,18.3419,32.6097,17.2235,13.7433,22.7953,25.3057,17.397,22.2851,23.9835,18.6314,14.5533,13.7842,19.5282,16.6065,20.0669,33.1961,45.8885,39.4854,19.9009,33.5273,22.6041,19.4975,4.3867,12.9902,31.7994,47.1442,16.8819,25.4975,100.5581,74.0032,31.4548,45.2474,38.6619,36.3813,19.7136,19.1621,17.0163,77.5906,394.6469,18.8651,38.8332,22.1372,-2.5356,20.4245,23.874,20.319,25.6852,29.4704,36.4963,26.8781,26.0961,24.504,26.4664,24.603,41.4656,23.1583,51.319,34.5958,12.4944,63.9872,36.5231,21.5257,27.2758,12.0492,19.8936,22.8833,21.3493,25.3127,19.2598,30.0621,3.1011,24.3683,35.3101,25.8113,26.6968,36.5782,51.3489,46.8283,34.2875,28.1347,34.6337,27.3181,25.4548,28.7868,29.4836,39.7507,35.6706,31.582,24.3222,28.9163,136.8097,23.0734,28.6887,33.3032,29.4446,62.377,21.3017,24.0566,22.3892,31.8126,90.8799,139.6416,27.6686,24.8506,37.1342,25.9679,76.0584,26.0476,26.3412,27.1933,27.6994,26.0723,25.7856,42.6622,29.6859,164.7821,179.5077,30.7602,28.742,76.9406,54.8422,35.5696,31.1936,57.3817,40.0231,27.5313,28.2843,30.1123,30.3725,35.7997,27.23,28.4284,22.2007,37.3578,26.6149,25.0394,42.1155,53.3083,43.5634,26.7048,31.3126,24.7646,21.4184,27.5352,27.7052,124.3082,25.2386,24.7887,35.8802,44.2223,23.9848,36.0641,32.9604,25.8892,23.2627,27.9116,42.2042,24.3141,33.7177,27.205,26.0323,57.1306,49.8998,22.1022,27.5299,27.6673,21.2163,29.3817,31.1828,40.3237,42.6716,44.9624,61.4665,49.7312,71.228,85.6166,25.914,20.107,28.0988,32.2852,25.6924,31.91,34.6242,58.963,32.7595,58.5991,45.4338,60.0548,36.8497,41.2449,31.204,26.8427,31.7789,27.0586,37.1476,29.3455,23.736,28.9035,25.0481,26.0688,23.6113,47.4477,21.5682,29.4678,76.5353,39.2591,56.459,80.7558,32.3376,46.0515,30.8969,68.6772,35.005,33.7706,25.4696,20.583,22.3899,18.4316,86.8371,22.1553,19.522,20.5319,10.3041,8.6012,22.3819,40.2862,17.2807,13.3529,16.9149,15.2762,3.0659,24.3072,10.299,26.6671,19.4154,25.3478,28.0017,7.577,15.6153,27.9553,22.6879,20.0931,25.6337,20.7038,26.0645,26.0645,20.583,22.3899,18.4316,86.8371,22.1553,19.522,20.5319,10.3041,8.6012,22.3819,40.2862,17.2807,13.3529,16.9149,15.2762,3.0659,24.3072,10.299,26.6671,19.4154,25.3478,28.0017,7.577,15.6153,27.9553,22.6879,20.0931,25.6337,20.7038,26.0645,26.0645,26.0645
68,28.2617,27.6144,32.6622,20.2172,10.663,14.2032,24.2698,2.9085,6.2738,20.0026,3.1824,216.804,27.7857,139.5667,16.6931,20.8572,17.8759,21.9619,22.147,35.8455,26.8388,25.1066,27.1571,43.2961,17.7417,18.8311,17.7114,21.2196,13.479,13.3088,10.8455,12.5665,17.2953,17.7515,11.6662,3.0084,11.6995,18.5074,17.7618,12.7671,17.5254,12.7658,5.9884,20.2567,21.3053,14.8226,12.7323,12.6371,2.6968,21.506,19.3707,-14.8365,-25.141,17.855,14.4507,18.1447,21.4705,14.7217,-13.2714,20.9133,36.8485,12.8556,22.3108,18.538,41.635,17.4759,7.4511,3.5908,16.3858,12.9892,16.5172,75.4541,21.6315,-8.8551,19.6679,13.7817,18.0898,22.439,15.8636,24.802,33.868,18.2422,16.9513,18.9253,-4.952,10.9326,39.5494,19.6818,32.0086,9.6412,8.8135,23.5523,23.05,22.8807,20.88,18.4904,16.3348,14.6648,12.4625,18.3035,19.2697,20.9501,52.5893,200.1004,38.9444,17.6027,27.8998,19.9233,19.0812,13.7255,28.8397,31.3608,30.7985,17.5672,28.9748,24.0853,82.1621,43.8708,212.1084,42.5759,42.5489,24.1799,17.6829,29.0845,0.6493,67.8516,30.8695,52.8812,27.3544,3.1609,22.7494,25.4696,17.8757,26.4841,31.8567,44.3344,29.1681,25.7372,23.773,34.3035,31.3705,47.7763,56.951,37.6444,34.3272,17.8647,48.2194,101.5558,19.925,29.8924,7.6553,31.216,23.0471,25.4145,25.5444,25.0314,29.691,12.0652,25.9362,55.8878,23.7833,26.6743,41.4554,52.2287,54.1677,32.3462,27.0887,28.8571,28.1743,28.2888,26.1,26.2454,49.601,34.4622,39.7872,36.3609,26.9395,111.7737,25.57,42.6691,31.6605,26.337,30.0172,22.0253,22.4337,23.1815,28.8911,140.0097,160.434,28.6794,23.3398,28.9969,29.1577,122.7007,25.5485,27.0379,27.0832,25.2454,29.1197,25.9621,36.8948,33.5114,56.7706,112.2887,33.4312,53.7982,114.7321,100.3403,27.9829,27.1114,57.9254,30.1362,26.6339,28.462,34.2097,29.7039,48.1633,21.2758,27.486,22.6953,24.4877,26.2133,29.8676,54.3313,56.98,32.4907,30.5503,32.2505,29.8,21.8583,26.0226,25.613,37.7074,25.6639,25.131,33.3687,117.6664,23.9385,54.4849,38.4644,25.5328,25.5161,27.6122,39.1936,24.1307,28.5999,27.8852,35.4389,38.8582,81.9604,30.9732,35.0822,30.3223,22.7297,22.7434,37.7758,45.0834,42.4418,50.8456,84.9755,72.4702,130.4147,206.7188,26.3209,21.7002,43.0683,32.3518,26.1875,35.977,35.9992,109.1867,37.2384,65.2798,59.2646,70.4331,58.8139,54.75,30.7014,31.189,37.969,36.0628,28.767,29.8463,25.0978,29.5746,25.4281,37.7182,37.3223,36.1857,22.0724,55.5284,39.6313,55.2304,50.0373,120.4888,35.3332,150.0864,63.8193,104.6727,69.4454,30.7801,22.7242,22.5934,82.537,16.9611,69.6944,23.2367,20.162,21.2054,8.3356,11.6211,23.7925,38.4411,10.4368,10.978,19.7165,13.1401,9.6707,22.1252,6.4289,20.2753,24.5694,23.1447,27.2431,15.0927,15.841,23.1377,17.5263,17.9775,27.465,18.6312,25.2101,25.2101,22.5934,82.537,16.9611,69.6944,23.2367,20.162,21.2054,8.3356,11.6211,23.7925,38.4411,10.4368,10.978,19.7165,13.1401,9.6707,22.1252,6.4289,20.2753,24.5694,23.1447,27.2431,15.0927,15.841,23.1377,17.5263,17.9775,27.465,18.6312,25.2101,25.2101,25.2101
69,27.4802,25.0753,35.5765,19.2262,7.1338,25.4159,24.1799,1.8657,13.5541,17.5255,19.1876,181.5952,27.3757,119.1224,21.811,20.8481,20.5227,21.1977,28.0608,38.8129,25.5048,26.2999,26.9568,27.1121,17.6154,18.9242,18.0556,21.1453,12.2769,14.1747,6.6018,13.5189,20.2971,17.5145,12.1923,8.5904,12.6119,20.4755,14.952,14.2667,17.0862,12.6687,14.4601,21.1471,20.6307,15.6664,12.404,12.6918,7.7721,19.8957,14.6142,-21.2665,-13.0268,22.8799,14.8204,10.6668,20.6496,14.6552,-16.0034,31.7304,36.6214,14.1216,18.2076,36.1566,38.3072,17.7361,11.0404,1.3578,17.4797,12.1591,12.0555,67.8176,12.6035,-2.9212,18.1514,16.4573,17.7325,19.7738,15.748,19.4255,33.2434,15.3305,16.6398,18.9451,-8.9916,5.987,68.4186,14.5502,56.7759,13.5987,7.3879,22.9144,21.9305,18.8519,16.7087,22.6855,16.9889,14.9004,13.1411,16.5463,23.3092,22.0944,35.1234,33.3409,45.9734,58.0431,28.3375,19.3877,20.3009,23.6522,25.5515,30.5628,6.8138,25.402,76.1759,23.6963,81.307,72.7265,80.6181,33.3851,32.6458,29.8071,17.5322,17.5472,-1.3032,30.4167,27.7085,50.1717,20.2559,-4.6049,20.951,24.9381,23.8972,35.7756,29.1241,54.9911,29.509,26.7363,28.7181,29.2601,31.1476,39.7715,44.987,29.8684,40.8347,60.2443,70.7404,25.0845,22.7334,24.9925,20.0428,44.2139,22.6446,29.7897,26.395,19.3343,31.3724,16.285,26.1379,30.4688,23.8999,25.2311,42.4546,63.4958,57.0246,35.0256,29.9665,27.2092,28.9702,32.9274,31.9534,26.5709,61.1269,31.8371,36.7227,30.7399,30.6915,118.2947,22.6976,33.1841,29.7781,25.5791,35.2289,22.8967,27.5449,61.6572,29.2406,242.9676,140.9377,29.5013,25.6639,23.0478,32.5645,80.8948,25.8046,26.6292,27.638,29.9767,25.9792,25.3022,32.8029,41.9114,118.7237,30.212,29.6955,47.2648,119.2967,88.2587,28.979,24.9655,54.2625,29.4151,26.5248,52.1159,49.7132,30.0929,95.3647,21.1406,25.8141,16.5141,24.349,25.7816,28.4357,36.8539,246.1157,30.7649,72.6886,38.1331,30.9037,22.2106,26.951,25.6778,31.9536,25.7503,25.2691,26.694,155.046,24.0388,43.6439,36.1485,26.1534,22.7184,26.2144,38.48,76.9428,30.2943,24.8077,27.2363,46.2087,31.2597,35.5877,26.8437,27.6255,22.7692,23.9117,36.0058,53.0391,42.8456,54.7421,69.4765,68.2777,173.3547,92.2465,26.3245,28.9085,32.6609,32.0749,27.538,35.9074,57.2106,166.1337,31.3891,93.3976,63.8787,122.2434,56.7871,60.0997,37.1158,34.6598,42.8337,27.5173,28.2452,38.1352,32.7465,28.3987,28.6538,22.4311,26.4795,32.1153,28.9794,41.7927,36.4035,115.1804,55.417,94.493,38.3867,40.3672,50.7393,75.6572,77.9065,54.9363,22.4936,22.7429,161.9729,37.2548,68.2067,22.319,14.7173,17.1508,10.5523,12.4048,21.906,50.629,7.6634,11.8875,20.7656,13.6171,14.9769,22.7215,15.9445,13.7072,19.6779,22.8786,27.6951,21.5906,14.5536,20.8058,23.8435,23.6928,26.6467,23.1579,34.0461,34.0461,22.7429,161.9729,37.2548,68.2067,22.319,14.7173,17.1508,10.5523,12.4048,21.906,50.629,7.6634,11.8875,20.7656,13.6171,14.9769,22.7215,15.9445,13.7072,19.6779,22.8786,27.6951,21.5906,14.5536,20.8058,23.8435,23.6928,26.6467,23.1579,34.0461,34.0461,34.0461
70,26.8098,25.8806,30.1754,21.4295,7.9948,23.3128,20.9884,18.3236,19.7301,15.7674,16.4168,200.4822,73.6895,138.7948,27.3595,27.1385,25.1018,20.7969,26.5101,34.8304,27.1426,30.5764,30.0099,25.0843,20.3926,19.5151,19.4515,24.617,14.3805,13.7671,14.3373,20.3359,19.5671,17.9069,13.166,7.0444,11.0633,25.6339,13.9634,15.4325,19.6536,13.7011,19.8361,29.6606,27.0797,16.3796,13.1395,13.1772,14.4143,29.8278,14.1925,-24.0014,-7.4623,26.8982,12.5033,15.0096,30.1135,17.118,-11.1583,29.4374,43.6049,18.4538,19.1473,70.558,52.299,16.7536,11.669,-8.4152,20.45,8.2864,14.1081,23.092,15.3933,0.367,19.9474,13.3905,17.1466,19.3198,11.5849,14.6639,29.9334,17.3307,16.5075,20.7753,-10.2326,5.9046,26.3338,16.7231,38.1721,16.1086,18.0207,23.1087,20.6757,30.5729,17.1245,29.2729,17.7156,20.6767,14.1455,15.8585,28.4791,19.6142,31.0175,41.3999,41.2564,22.4977,24.697,15.5359,21.5788,15.4532,24.6886,24.3029,15.9213,23.0737,27.0233,27.017,146.638,39.4704,65.9094,32.7945,30.6915,26.5053,20.1879,4.1684,0.8088,26.0867,20.2343,53.9686,43.9909,1.0543,18.6954,25.5966,20.5801,31.6573,28.1564,79.2347,29.0552,23.5577,80.4656,28.1266,25.0559,44.2988,56.9036,93.4737,48.6496,67.8448,23.9782,30.0262,40.3937,35.9569,16.8262,33.9126,23.625,27.1004,22.1414,22.146,26.1616,-1.7666,27.249,30.1105,26.133,23.8684,35.3926,41.4417,45.521,34.0739,32.2913,30.0967,31.2442,36.0142,50.5205,29.1268,39.9302,31.5721,31.21,36.867,124.3213,145.1966,22.3156,42.6936,27.0796,21.8421,59.341,27.5094,24.2275,24.3562,28.3915,141.1204,137.5985,29.425,26.5145,30.2087,140.1378,62.7709,26.1517,27.1144,27.5467,25.7612,25.2782,37.1099,31.5113,33.2128,215.2671,32.8512,27.6858,51.4401,94.0222,69.8273,36.7562,22.0948,39.5418,29.7778,26.7891,55.9548,46.0314,30.1516,35.2206,22.4075,25.4434,22.292,22.8055,24.5239,24.4132,32.2847,51.7024,32.1544,300.0842,45.4027,28.0305,21.8366,24.0682,31.1581,29.2383,24.898,31.0853,70.1936,78.4662,24.531,96.7699,23.3596,25.6992,22.9661,26.1117,38.4466,28.1361,27.0936,25.7595,28.2573,40.6528,29.2367,106.8155,25.9446,26.3341,22.6456,25.1003,32.6344,45.4571,32.3781,53.902,56.3445,91.9955,54.4218,40.2175,57.1025,27.1642,60.6206,29.3185,26.6789,62.3396,59.3282,172.2965,29.8501,50.0302,60.4227,94.75,40.2867,73.9905,34.2712,40.7763,36.3837,27.7843,26.4226,33.3193,51.5995,29.6333,23.124,26.5295,32.0654,31.3253,130.5793,48.137,84.7076,336.048,54.0048,32.1029,28.0433,55.7951,39.4447,28.2732,56.1546,38.5621,22.5555,21.3792,42.6181,86.9332,69.9759,42.4016,15.4425,17.6644,9.4248,19.6175,694.6577,39.942,11.1374,11.2843,101.4567,21.9472,15.9638,23.7205,18.978,17.4668,25.9206,29.9936,34.4409,20.6464,19.0226,225.5314,311.165,21.3093,27.9195,23.7041,48.1406,48.1406,21.3792,42.6181,86.9332,69.9759,42.4016,15.4425,17.6644,9.4248,19.6175,694.6577,39.942,11.1374,11.2843,101.4567,21.9472,15.9638,23.7205,18.978,17.4668,25.9206,29.9936,34.4409,20.6464,19.0226,225.5314,311.165,21.3093,27.9195,23.7041,48.1406,48.1406,48.1406
71,51.4097,25.1009,27.5079,35.8861,17.118,30.6716,33.3002,57.5098,25.0507,69.7671,48.5468,238.4835,90.0705,173.5648,40.8266,18.9738,33.953,15.0075,26.9622,40.4184,28.0425,35.6888,36.9867,25.682,38.2063,20.3605,25.9048,28.6765,15.6037,14.4383,10.8005,65.9398,20.6702,20.1299,15.3903,13.4131,16.1326,24.6364,14.6324,15.9899,27.9581,19.4434,29.0813,23.151,46.9663,304.2723,112.9778,149.9265,21.2958,24.2343,9.5133,-21.1993,37.7412,56.7064,23.4102,5.5121,25.9084,23.5822,-6.9623,21.1896,43.5739,20.4868,27.9832,33.6984,48.3875,36.776,12.0936,6.1027,35.0751,13.3134,10.4255,19.0186,13.9177,2.7722,27.5627,17.4996,19.9165,19.7595,12.7718,14.9665,28.1612,22.4462,18.3597,19.1243,-13.0278,-11.7533,24.1466,21.3248,50.259,21.6945,30.0709,21.7245,19.3848,16.6657,33.8974,25.6028,16.5681,17.0242,16.8946,14.8811,24.5855,23.8491,29.4116,25.3974,28.3742,14.3221,22.7324,21.81,24.3343,15.5722,24.013,25.4379,18.5685,15.6837,76.7008,42.5429,34.4329,32.3376,70.25,197.8396,30.2316,26.4818,20.0461,-2.0107,12.0181,23.5835,18.4653,41.3968,20.4737,16.3445,19.3937,23.0856,17.8538,29.2861,23.4285,43.9039,22.9169,21.5324,56.0642,24.7277,39.0576,30.7186,32.9164,18.6156,30.462,48.9375,27.0117,19.8862,25.5648,34.0711,19.7403,26.3903,24.4846,24.7532,22.0191,37.1615,36.0815,18.2492,270.3164,29.2757,25.679,27.2796,31.0662,47.6059,41.0084,28.0906,34.0288,34.9929,28.4933,41.0805,27.8352,31.6061,31.3986,30.9161,31.9069,84.4473,49.5242,157.0564,23.8951,46.5737,22.9025,19.6155,52.5308,22.3762,24.8767,24.3282,35.3834,116.5693,80.3705,28.0111,159.7715,25.4469,111.6685,67.0879,26.304,26.8507,31.4322,26.7231,27.4218,54.5654,31.9166,34.3066,34.9875,30.1074,31.6898,108.833,92.973,38.8236,28.2768,28.3564,38.9294,32.0123,26.892,34.5911,285.9089,27.497,28.909,34.7853,18.1131,30.5541,23.1004,22.46,25.5263,26.3241,30.9592,26.9335,64.8601,48.5534,23.9387,22.5304,23.2709,28.8414,23.9239,30.2696,24.9837,88.5834,26.3897,30.6637,36.7983,45.6994,24.9486,26.1298,24.0433,38.2842,28.0894,25.7301,23.7763,52.539,25.9835,25.223,24.0677,25.2048,24.1185,23.1234,23.3732,63.2246,40.269,24.069,39.1386,48.0956,56.5816,46.5751,44.0545,69.951,30.4036,33.9752,29.1466,28.3919,53.6467,79.7268,143.4126,35.4244,35.6893,76.2993,100.9104,33.3629,57.388,30.0286,31.8577,35.8369,28.8466,24.2621,24.4858,74.3114,36.0827,43.3642,25.2524,23.2946,43.5035,423.5388,31.1245,74.5015,265.8118,115.8091,29.0735,25.3402,45.762,28.159,24.8362,36.2583,41.6497,22.6191,20.6477,63.4978,23.9236,82.7583,44.8231,20.3805,15.7996,10.1094,26.6346,78.1217,24.085,7.4069,18.4547,27.9446,17.4678,18.4433,84.577,17.5885,21.7618,64.1398,37.8893,30.6033,25.938,17.0167,51.1205,57.7371,30.8191,45.7935,37.0395,70.4077,70.4077,20.6477,63.4978,23.9236,82.7583,44.8231,20.3805,15.7996,10.1094,26.6346,78.1217,24.085,7.4069,18.4547,27.9446,17.4678,18.4433,84.577,17.5885,21.7618,64.1398,37.8893,30.6033,25.938,17.0167,51.1205,57.7371,30.8191,45.7935,37.0395,70.4077,70.4077,70.4077
72,35.7113,23.7731,27.2841,23.7457,16.1203,23.097,27.102,27.8053,18.1721,30.6075,35.7325,223.9676,108.9704,119.1938,19.3652,-5.6365,38.0857,3.0216,23.1626,35.2725,27.969,35.1569,32.1586,24.1346,25.5662,20.5483,23.2753,23.7767,14.2531,14.2531,15.4641,74.777,18.3884,21.6975,10.3498,17.9622,18.3128,22.1853,17.3516,17.3288,37.9651,17.3547,30.4843,20.7399,51.8188,491.0978,18.1211,45.991,16.595,18.0554,16.5846,5.9301,23.1527,17.9876,16.3914,12.4261,16.8364,16.8364,9.6396,28.3191,25.0175,20.3666,71.5838,20.0768,62.6225,56.6856,24.3179,24.7069,29.0836,13.1261,9.1593,24.4013,20.9314,44.8735,89.2279,20.1063,22.7023,22.4414,21.8995,18.4664,27.2675,28.855,31.8865,23.4115,-18.9177,9.166,44.2552,24.9801,24.9801,48.0061,165.5961,47.5941,16.6783,16.9075,44.6176,20.9614,18.0852,19.3857,40.3866,15.3272,15.0591,19.0364,25.0538,24.6517,23.4474,12.9737,21.0967,16.0917,23.0168,13.4111,28.4986,40.8616,12.785,52.0203,105.2781,103.8456,27.4454,46.0183,46.0183,22.6794,34.2757,31.8496,16.4961,36.6922,24.2188,21.1519,18.833,42.6969,20.5645,21.4452,143.9291,20.5524,13.5064,24.4817,22.5159,30.496,23.4284,18.3751,37.35,23.9301,28.8996,54.7643,26.8637,30.3754,25.4446,80.5089,43.0751,16.8877,16.689,16.689,20.8896,33.1408,23.41,23.3053,26.9099,32.5838,25.3614,14.8543,27.6185,37.1116,23.3351,26.1345,29.9769,38.4709,34.2923,28.6791,32.7384,30.9288,26.3629,37.1779,26.1963,25.6905,32.5476,41.0566,31.9147,29.1019,26.1341,71.9865,37.2457,37.2457,24.0153,18.5696,25.8729,22.5436,21.1938,22.7713,28.7569,84.8677,30.1486,25.9201,108.6184,23.4675,44.1578,37.2081,23.4547,27.2267,25.2534,25.1108,25.4894,25.9668,37.1339,30.395,36.5577,29.7422,38.5547,51.8351,72.3182,28.6071,46.7705,32.5744,32.5744,32.8534,26.9986,28.3248,29.1326,24.0436,24.015,25.7185,13.083,23.8573,28.4084,25.3372,27.3697,38.5881,44.7302,23.6693,26.7117,27.4231,22.8635,21.9054,31.7106,35.8832,24.5389,21.853,27.4153,30.5585,24.0633,166.1539,21.9812,141.1312,20.2744,20.2744,23.3765,31.3126,28.6269,29.9464,22.8368,27.577,23.767,24.4595,20.4816,25.8505,26.2196,22.5679,25.7523,29.5925,25.7061,24.613,36.6029,36.2064,40.6601,30.466,27.3007,34.8716,26.1086,29.7035,23.8168,25.3487,35.1037,27.6032,30.3654,30.3654,25.2367,40.8342,78.5271,25.7407,47.7069,21.3256,22.9308,21.0758,27.2641,18.3905,19.3175,20.8307,24.3516,47.0166,26.7645,38.1759,51.3604,26.5983,25.2867,48.8655,136.9805,41.8028,34.3107,17.9915,22.2109,19.8827,27.1624,33.4829,92.4218,16.7709,16.7709,13.7181,19.4105,161.6699,19.6964,15.3426,17.0456,10.2788,14.4275,30.6297,24.5388,3.0455,12.7976,18.5469,9.1451,12.1617,25.8564,15.3346,21.8907,42.5155,25.6303,19.669,28.1201,16.1026,26.5242,25.0404,25.5634,30.7114,19.5469,42.1931,16.7709,16.7709,13.7181,19.4105,161.6699,19.6964,15.3426,17.0456,10.2788,14.4275,30.6297,24.5388,3.0455,12.7976,18.5469,9.1451,12.1617,25.8564,15.3346,21.8907,42.5155,25.6303,19.669,28.1201,16.1026,26.5242,25.0404,25.5634,30.7114,19.5469,19.5469,19.5469,19.5469
73,36.9544,21.5313,27.5215,20.982,23.2236,20.9934,27.5712,46.1954,22.0817,21.1896,32.0262,218.5491,85.2873,64.7972,34.9916,334.5968,7.412,-15.7228,27.9711,33.9098,26.3664,32.3552,29.9511,24.0493,23.1279,19.3245,19.9225,21.6101,13.1408,13.1408,16.7452,14.244,24.9795,19.0356,10.063,9.6844,21.0115,19.5999,14.6716,22.9208,23.7372,13.1305,23.035,13.7937,41.1772,22.6939,11.4452,27.7703,15.3601,32.0474,12.6716,2.3729,18.7365,13.6649,17.9975,13.2181,20.2209,20.2209,5.5868,52.3984,21.0464,18.2561,22.614,18.8227,49.7253,27.5483,3.3466,15.6133,21.7354,12.3427,9.4795,19.2506,14.3908,30.0665,34.8311,17.9236,16.0818,11.7683,18.2086,23.2203,34.9773,24.9158,21.4377,18.4312,-9.2885,12.3266,26.0936,62.0125,62.0125,38.769,60.6643,20.3172,17.8341,29.1031,20.9163,17.4519,20.4247,34.3716,26.9546,10.6346,16.8565,16.5783,21.8413,37.6757,28.2232,131.8942,25.5221,18.9782,21.4153,11.8696,34.0698,29.1816,10.2242,38.3097,21.9835,45.199,15.8025,31.8017,31.8017,110.5277,23.6282,42.4465,17.8826,31.1043,0.5119,10.7848,20.8548,28.0645,16.986,26.5236,249.9789,16.9966,17.6691,24.4818,22.2043,21.5349,24.5533,19.5476,28.4157,24.2642,26.1619,25.9088,22.9153,34.9248,21.4426,21.5859,18.9511,22.6807,14.0355,14.0355,21.242,39.3068,22.4026,16.4701,25.2021,23.1997,32.2427,21.1307,22.4585,48.7953,22.3758,21.7615,26.1045,31.6948,33.0056,29.8991,28.9737,23.2437,21.1694,23.919,24.4459,19.8308,25.082,28.4094,27.3855,26.3161,59.035,41.3034,28.2706,28.2706,23.7449,21.4147,20.0268,22.3754,17.667,22.6563,25.2703,33.4649,24.3255,23.9152,56.6295,23.399,28.0806,27.1602,22.1861,24.7399,23.9698,21.9152,21.7177,26.0873,54.3077,27.1216,27.6011,26.1126,25.8797,53.0245,41.5769,29.663,61.7893,26.8873,26.8873,27.1012,26.5653,25.0743,22.4358,22.4197,22.8711,21.5202,19.1776,23.3566,27.8568,22.0229,22.4042,88.8644,166.0951,20.6107,22.7253,21.2252,18.3997,19.6122,26.3137,25.317,25.1173,20.5848,24.1189,19.4005,22.4448,168.7061,24.2398,26.0767,18.4862,18.4862,21.6735,19.2487,29.7239,24.0145,18.7049,13.1113,26.495,24.4607,30.1153,20.8892,19.8819,17.2465,20.441,18.8242,17.9734,23.8409,34.6093,25.7686,29.2828,42.0412,20.5049,30.7103,23.3456,23.5089,18.9537,23.522,23.7977,23.6611,24.6938,24.6938,29.6634,24.8074,29.8149,30.9617,29.7166,11.7064,16.3545,14.767,16.3197,10.3226,17.3836,1.1708,42.1428,13.4547,17.8672,19.5219,21.7414,23.3204,19.3558,23.0856,43.7563,25.2908,29.8909,14.2138,19.9473,20.2761,23.7767,47.5278,33.8905,20.7094,20.7094,10.6522,21.6613,115.6184,17.7236,13.8915,22.872,11.335,11.4904,31.6921,24.4854,6.9968,11.3353,19.6616,7.6886,11.7908,23.1035,13.0802,20.8815,25.9746,24.534,18.0133,23.0791,11.7197,28.919,23.7978,24.2027,30.0921,21.2763,45.2646,20.7094,20.7094,10.6522,21.6613,115.6184,17.7236,13.8915,22.872,11.335,11.4904,31.6921,24.4854,6.9968,11.3353,19.6616,7.6886,11.7908,23.1035,13.0802,20.8815,25.9746,24.534,18.0133,23.0791,11.7197,28.919,23.7978,24.2027,30.0921,21.2763,21.2763,21.2763,21.2763
74,42.2219,55.9175,27.4781,19.469,20.1986,19.879,25.2752,28.1984,31.7396,15.3195,26.615,240.8244,42.8239,75.5328,28.0566,46.9427,20.6048,-13.667,22.4891,34.0589,26.925,64.5372,29.4744,21.7326,22.9776,18.5948,17.9087,21.0527,13.4135,13.4135,9.7682,17.5692,18.0785,68.8429,10.106,11.0749,17.6713,22.963,13.7309,22.6098,27.5893,13.2622,20.6223,12.3752,39.8377,20.0815,12.4822,21.7409,15.2621,228.4401,12.7206,2.6105,20.7101,8.7502,12.5135,2.8514,13.4666,13.4666,-1.4769,12.8954,23.0076,15.3732,28.7888,42.6502,56.0483,22.9635,-9.6148,-5.3483,17.0511,23.2566,7.9234,17.7731,13.535,15.0874,13.6497,15.681,16.7168,13.4667,10.0269,7.0927,51.072,27.7569,19.1119,15.2194,8.5414,15.3263,18.7409,20.4323,20.4323,34.5774,27.8619,19.547,17.7473,3.6364,13.5016,16.8685,18.7674,30.1568,25.5665,9.3815,12.5658,22.6678,30.4299,172.6808,16.5264,21.7012,14.9764,18.7686,16.5401,11.9808,31.7768,17.094,11.0357,9.0066,24.7872,129.5619,9.0027,23.9101,23.9101,22.6301,14.352,18.6266,13.8619,27.9265,-8.8744,-0.348,18.7566,25.1977,16.44,17.0238,23.7969,12.767,21.9601,19.0626,17.8485,21.0422,20.5753,12.4426,16.1765,31.1231,30.9124,25.5352,26.3369,16.1541,16.5008,19.9756,12.72,17.8052,13.0047,13.0047,18.0458,18.2339,14.4296,6.8122,22.0282,21.9841,31.963,15.5765,42.8519,21.8333,19.0083,19.8692,26.796,20.6579,29.2783,32.0938,30.9105,21.4842,16.8973,23.1192,24.5874,22.9211,87.0511,23.6247,25.7392,49.8691,49.5609,29.8363,25.4303,25.4303,28.3477,19.111,16.7963,21.5107,34.0596,21.6914,24.4147,23.6727,15.5041,20.66,26.3167,22.8059,25.0859,22.1897,20.8456,22.824,20.7024,16.6516,19.9746,26.7114,27.837,23.3055,22.7587,22.0722,21.7588,51.517,35.0807,30.77,57.4677,24.9992,24.9992,25.2756,23.12,20.332,11.5039,20.247,19.0041,32.198,17.8457,20.8166,38.119,18.4689,24.5919,43.6503,24.1519,23.5056,20.2396,16.7294,16.2062,13.037,23.3646,16.3437,16.1121,24.4852,18.2956,18.0148,58.6228,37.2,17.7816,20.6961,13.3234,13.3234,16.3124,-4.6415,23.2028,20.3423,17.7268,14.5128,24.4761,13.5706,32.7182,21.4097,11.9188,11.0306,16.7948,13.6881,20.4562,41.649,44.7625,25.4155,56.9755,93.9052,27.411,23.9139,23.6333,19.8066,19.368,21.9862,46.1508,21.9056,22.1936,22.1936,26.5398,24.4407,27.0892,28.3324,13.8783,13.0154,19.4721,19.0323,24.0037,15.5675,17.4902,-9.7247,22.4706,15.7406,21.0202,17.7285,20.3781,19.2891,8.9174,18.6003,25.7371,28.4198,25.6048,14.2454,23.3939,12.4295,28.6903,34.2513,22.3825,23.9705,23.9705,9.0029,20.3506,45.6094,17.9181,17.2228,20.431,7.943,9.0308,27.2562,19.3535,5.0606,8.7113,18.5344,2.0044,9.0667,21.1391,11.0272,13.5386,21.3669,26.0893,18.0512,25.0942,18.8877,27.1929,26.1343,25.5678,32.9959,24.4203,34.3085,23.9705,23.9705,9.0029,20.3506,45.6094,17.9181,17.2228,20.431,7.943,9.0308,27.2562,19.3535,5.0606,8.7113,18.5344,2.0044,9.0667,21.1391,11.0272,13.5386,21.3669,26.0893,18.0512,25.0942,18.8877,27.1929,26.1343,25.5678,32.9959,24.4203,24.4203,24.4203,24.4203
75,25.3678,20.7181,27.9438,19.1642,23.1007,15.704,22.2121,25.1988,31.0164,17.4692,39.5142,189.7473,48.0333,43.0494,22.7038,-70.349,15.9419,-22.2829,20.8934,40.3021,26.9049,25.6789,30.3432,70.094,24.1474,18.3052,17.9417,20.215,14.4748,14.4748,4.7916,14.7651,14.3816,19.6792,3.2768,11.6265,13.4513,26.0708,14.6343,19.2089,21.1632,13.7837,26.1246,11.9813,37.5966,20.1153,12.1403,20.045,9.8306,16.1511,12.9028,10.7324,21.1167,4.8292,4.55,-19.149,9.8172,9.8172,8.8991,16.4961,8.2931,15.2294,15.9169,36.1645,64.5498,49.8723,-11.9324,-44.8755,17.4821,18.1367,2.2251,16.5947,25.6052,20.1996,6.3433,43.1282,13.8694,18.7881,13.9637,1.0119,24.5955,22.1188,17.8686,17.7241,-18.0237,7.302,36.8536,11.9008,11.9008,32.8962,32.4494,19.0647,15.6695,10.3441,12.3997,17.481,13.8681,16.7975,23.258,9.4769,10.0844,17.3262,9.4741,27.7437,11.3591,20.7688,12.6474,19.1437,11.8592,6.7584,21.0575,13.2892,5.7387,-10.1342,31.5192,18.2228,-0.7611,11.9918,11.9918,20.1649,23.376,16.8021,8.9081,31.5802,15.5512,-19.5868,16.002,35.9501,15.9768,20.2432,23.0219,7.4539,11.7377,16.2646,13.4088,15.1429,14.7681,7.5035,12.435,13.9185,30.6897,22.8212,27.5956,15.896,11.0984,16.6767,13.0404,17.1923,15.7054,15.7054,4.0168,9.5448,14.2216,7.7438,19.6766,20.8047,31.9512,11.6748,20.8178,18.1456,17.3557,113.5206,24.5466,21.9439,30.2249,27.3363,22.6579,18.0146,14.7839,29.8062,22.3562,24.1918,22.6449,24.6403,21.8727,35.9669,20.9334,27.2253,27.5164,27.5164,21.4461,17.1668,18.7547,19.6684,26.6885,20.0953,24.2719,20.386,12.5038,17.0864,18.8395,26.0128,24.6918,25.7079,19.9525,21.9307,16.9669,14.0031,24.0293,21.0922,24.3784,21.8345,19.1152,28.3844,25.3277,51.8377,25.2884,31.5402,26.0639,19.9988,19.9988,21.5685,21.3608,14.922,11.5307,18.4507,23.7138,40.4901,18.7412,17.9802,17.2107,16.4947,21.6356,21.1952,25.2916,21.2254,16.9717,15.2055,13.273,8.8235,18.1966,14.7589,18.5922,18.7846,17.3721,16.3543,13.6669,40.5343,19.3047,20.1398,13.9175,13.9175,17.6346,0.3174,20.0652,19.5527,16.1418,19.7118,17.314,13.2565,34.6343,14.7397,18.5177,15.0804,19.1294,16.1865,29.1579,51.9567,63.7787,21.5914,118.0272,21.9809,20.0124,20.2888,22.5089,11.7352,16.8932,21.655,22.1397,20.1787,18.6349,18.6349,20.0581,26.2701,18.715,28.9053,18.2137,20.7213,17.639,18.9088,28.8219,20.5039,21.6656,3.6128,19.1711,16.2857,16.5766,20.225,5.0168,12.5705,10.8196,23.9817,23.1048,16.4525,20.0929,13.4416,16.2464,1.0126,52.0508,21.0887,20.0273,22.1761,22.1761,14.3362,68.4154,49.4032,15.7093,12.7784,19.1919,7.6258,7.4314,39.1575,9.4851,8.2558,9.9646,17.3438,5.7854,-9.2763,18.2246,4.9351,11.9669,16.0492,30.6926,18.39,25.6083,15.6949,25.539,22.409,25.9775,31.2963,24.9154,35.9829,22.1761,22.1761,14.3362,68.4154,49.4032,15.7093,12.7784,19.1919,7.6258,7.4314,39.1575,9.4851,8.2558,9.9646,17.3438,5.7854,-9.2763,18.2246,4.9351,11.9669,16.0492,30.6926,18.39,25.6083,15.6949,25.539,22.409,25.9775,31.2963,24.9154,24.9154,24.9154,24.9154
76,31.5252,19.3083,30.0858,22.581,15.7842,16.186,21.1421,24.8024,21.7753,14.2492,88.5122,273.4879,1.029,1.1726,12.0142,-66.9805,21.7413,-19.3729,17.8951,34.0459,24.6977,27.6615,279.9198,24.105,21.5953,18.6134,21.1885,17.8325,8.6518,8.6518,7.7023,26.8164,13.9888,16.9205,2.3192,-4.2075,15.1955,28.7707,15.1174,25.6555,20.3194,13.1613,0.2211,16.8438,45.1239,20.4687,7.6349,115.9427,8.4481,21.7758,13.1283,12.3705,15.8784,8.5235,-6.4938,3.2747,19.3577,19.3577,-4.8008,8.167,5.0832,29.4451,13.2633,17.5268,68.2381,19.7471,-14.453,-54.8734,15.5459,11.6161,-28.347,15.2457,13.0459,15.9757,-4.596,15.4504,1.0201,14.7967,12.9151,0.4911,13.3868,28.5369,18.0955,14.707,-25.6462,6.9058,19.2218,13.1965,13.1965,21.2799,23.1923,15.2751,13.6623,13.8923,8.9345,9.2519,16.0853,21.6063,22.5685,-10.9307,6.2584,9.6642,10.5764,23.9918,-4.3796,15.9402,11.196,21.9476,7.4354,1.6242,17.4385,0.5356,-5.7612,-14.5859,132.1172,15.1855,-14.4732,4.7243,4.7243,103.7347,10.4156,13.7916,4.3484,23.0016,8.2074,-28.9463,13.1105,20.474,13.1696,18.2883,20.772,0.1202,9.4644,6.7964,17.1674,8.5133,19.3024,-23.5654,8.4503,17.2289,55.2095,19.2912,22.1948,14.1948,11.1904,17.013,13.9426,15.955,14.5433,14.5433,2.5755,-2.9469,15.3972,-14.6843,15.9339,27.0637,21.5779,15.5769,20.9819,6.5418,10.1169,32.3064,20.7372,22.264,26.2819,23.6802,20.1361,18.243,12.6262,37.1771,21.2157,30.1556,15.8616,21.3146,19.0599,29.451,21.6855,30.5834,19.7282,19.7282,19.0294,12.2648,17.9261,18.4664,15.6496,17.3194,21.3027,15.5361,6.1576,14.8286,12.6803,14.3269,22.9153,25.4399,16.3841,19.5145,14.0598,13.7113,18.1486,19.8695,22.008,17.1483,15.3408,28.8944,24.7592,39.1636,22.9289,18.9415,22.7734,18.72,18.72,19.9278,18.5675,11.2339,100.741,15.4156,21.0396,14.5762,19.8666,18.1743,17.3255,15.1457,16.8674,20.8078,19.8493,17.9593,17.9683,13.2344,6.2833,11.7395,18.5826,13.7761,15.4417,20.0083,14.8154,13.7532,13.563,18.4872,18.0484,18.5799,12.7356,12.7356,18.7249,2.2635,13.2619,18.9666,13.6381,12.9775,14.8585,9.3424,12.0305,26.8782,24.8646,9.1259,24.354,26.5515,22.1822,47.6038,33.4409,18.9515,19.3164,20.8889,24.7999,18.0431,22.2077,3.0069,6.7641,21.2548,24.0375,16.1957,18.2923,18.2923,15.4896,22.9381,8.3513,19.4052,15.3152,15.5892,13.7456,13.5703,21.4703,18.8757,21.2338,4.7972,11.2127,16.3065,8.8717,24.7323,14.3671,7.2989,6.9585,12.3907,20.6483,11.5827,24.2673,13.7243,6.1203,0.6081,21.7082,24.3718,15.1453,15.1616,15.1616,16.6582,21.1189,21.3935,14.8755,8.8751,18.1419,-0.1693,9.175,19.2222,2.3963,6.2269,8.8261,19.2067,4.3823,-1.3412,17.6556,7.8077,21.6846,17.9822,21.009,22.021,20.4038,8.1669,28.9166,23.1097,23.0841,24.7198,25.2204,29.6231,15.1616,15.1616,16.6582,21.1189,21.3935,14.8755,8.8751,18.1419,-0.1693,9.175,19.2222,2.3963,6.2269,8.8261,19.2067,4.3823,-1.3412,17.6556,7.8077,21.6846,17.9822,21.009,22.021,20.4038,8.1669,28.9166,23.1097,23.0841,24.7198,25.2204,25.2204,25.2204,25.2204
77,23.7803,21.2941,23.2606,21.2045,3.0813,14.2365,19.6158,24.7312,-0.5976,17.3716,101.281,229.2215,23.9798,-27.5488,21.1696,-55.1394,17.6401,-36.7811,17.9569,31.7742,23.8107,26.5815,23.3338,22.4371,20.1484,18.4156,18.897,17.3229,-6.4184,-6.4184,3.0113,26.6341,13.0111,15.477,-8.0991,-10.4582,10.4918,23.6892,13.2274,20.1863,17.6605,12.6912,0.6276,12.753,29.3331,28.4844,-10.9227,20.166,1.1695,21.9818,-1.7386,13.9585,15.347,5.4414,-1.0889,-14.9353,8.8566,8.8566,-24.8208,-27.6005,-5.6207,9.5928,13.7288,14.9077,32.8242,17.3652,-22.1596,-66.5565,14.1212,0.5185,-28.0841,31.4325,12.5179,14.102,-5.3102,10.8817,0.3541,10.8625,11.4818,-5.015,3.9232,19.2061,18.9203,19.2274,-16.8039,15.4109,16.4798,29.4019,18.4629,18.1026,22.3347,10.2162,22.7915,41.1734,14.2159,9.0291,16.7182,12.2982,20.7549,-23.2548,2.2379,30.8274,8.8716,92.273,9.8828,16.2601,209.7235,20.5388,506.9067,1.5772,18.2731,6.3839,-18.8571,8.0235,17.0362,16.4581,-26.0654,11.8248,11.7584,6.5959,-0.4974,16.5812,16.6221,25.0373,4.4244,-8.6939,15.2917,16.8787,12.0072,19.9679,17.1257,2.5996,15.6971,9.7031,22.7337,16.007,30.7731,-14.4815,-3.262,22.7189,27.6639,14.3726,31.116,15.1421,6.3001,14.8238,21.6818,33.6744,14.3058,14.297,8.3284,0.6494,17.605,-36.961,15.9815,36.1405,28.1572,16.4697,20.8781,1.8827,31.5064,23.0899,43.7506,25.4843,26.1255,19.0089,23.4213,16.0558,12.4936,25.4222,19.3122,28.3189,21.284,20.3797,20.1276,21.105,25.5866,21.4369,24.478,21.0744,15.0412,29.4015,13.1442,16.0966,20.9291,15.5961,19.3469,16.1505,10.142,25.1407,17.82,19.5699,25.7875,19.4909,15.9513,16.9374,9.9594,14.3422,17.7713,19.7553,20.2469,17.0126,13.6058,29.0831,29.473,30.661,29.8894,26.3637,127.8209,31.1901,18.9083,21.1016,19.7651,8.3825,65.8211,12.9258,19.9522,21.9209,18.1102,36.7746,15.8987,15.7388,24.9028,24.8209,20.2098,20.2371,19.3127,15.8259,11.5056,17.1207,20.0805,14.6983,21.0323,27.5886,15.1972,13.2828,74.1275,18.6858,15.3751,18.7908,19.5499,14.1819,17.1127,11.5419,9.4253,19.3171,11.956,14.0312,6.4831,-8.9531,-5.5746,26.9259,23.1746,14.1701,26.1325,17.9502,46.5009,19.0585,39.9259,21.0288,40.9866,21.0879,15.4198,19.3267,21.3852,8.2823,6.3735,59.8055,20.9315,12.4111,15.2612,14.5437,23.1708,19.7644,21.8964,10.9264,16.6517,12.5265,6.992,14.4783,12.6846,19.2006,18.3619,6.1935,8.267,12.9322,10.7058,15.6764,-0.5662,9.2152,2.4444,13.3218,16.6382,17.2037,22.1497,16.3127,2.9741,7.0352,37.0042,20.7286,6.0568,14.7695,20.0523,45.9395,10.3445,25.3934,11.3846,5.5858,14.5417,5.5817,6.2738,18.2164,-2.2201,-8.5491,8.2988,17.1605,1.9601,1.2949,15.9952,7.9344,8.9716,2.9345,19.8099,22.3542,18.069,5.6377,27.1809,29.8412,28.1894,24.53,23.2157,26.7494,14.7695,20.0523,45.9395,10.3445,25.3934,11.3846,5.5858,14.5417,5.5817,6.2738,18.2164,-2.2201,-8.5491,8.2988,17.1605,1.9601,1.2949,15.9952,7.9344,8.9716,2.9345,19.8099,22.3542,18.069,5.6377,27.1809,29.8412,28.1894,24.53,23.2157,23.2157,23.2157,23.2157
78,22.7698,22.3454,23.4558,107.3549,-19.9452,31.36,19.4221,19.4115,-14.1766,14.866,154.6939,147.0766,13.6975,-14.4168,26.7898,-77.6358,28.6717,-7.1975,27.9785,28.4834,23.4747,45.6956,27.6801,17.7279,20.4231,18.9266,17.4207,17.103,2.5381,2.5381,9.2768,16.9575,14.0957,16.3195,-12.0994,-20.3177,10.3581,14.6316,17.707,17.7456,15.9418,12.6862,-14.501,75.6255,32.3043,16.4228,15.0077,17.6012,-8.6187,20.5686,-3.9298,29.4153,14.7921,2.8897,5.8796,2.563,12.1722,7.7789,-25.0334,-27.3747,-2.8371,9.5731,14.0312,34.695,39.3816,16.3074,-23.7935,-62.3286,13.513,1.3014,-24.941,28.6996,10.3186,16.3416,-14.9489,13.7487,-1.7785,15.7712,9.5611,-7.1335,-6.0541,21.4675,17.5101,17.9649,-27.198,11.8004,7.8428,4.8474,7.07,12.7033,18.8754,9.1003,14.0265,9.0808,12.1552,8.5912,11.4708,-6.6751,18.3014,-17.3566,9.1871,5.3525,8.4415,22.9393,8.9818,15.3792,10.609,22.2655,353.6005,10.4712,21.2625,6.571,-16.1838,4.1729,38.017,16.8932,-31.9481,31.7936,31.7224,11.3484,35.2321,14.0516,16.1819,14.3347,1.4691,-21.534,13.3918,17.5964,20.1915,19.0655,17.734,2.5613,21.8284,2.3402,10.9578,23.719,17.8751,-15.6829,-0.622,18.6978,27.3374,8.7647,28.7751,14.693,9.3527,15.2326,21.7476,15.6108,13.5383,13.6432,0.6246,6.0376,19.2066,-6.032,15.1812,31.8725,18.2746,16.3923,22.0045,1.173,22.3115,24.4911,13.8933,22.0483,21.9387,25.4945,21.6581,16.0957,12.7403,22.1217,18.5308,177.335,26.5349,282.9165,19.8834,20.9684,36.0457,22.0638,22.9127,21.7436,15.5658,18.6267,12.2703,13.797,25.1184,12.1906,19.6385,15.1578,11.0945,27.5549,58.5281,26.3625,24.5919,204.6283,56.1969,16.5504,2.5417,11.857,18.1698,18.9978,19.7035,15.8843,14.2149,27.8197,28.6303,31.8911,23.5895,25.3333,22.4111,22.9086,173.1165,20.2574,17.0319,12.8128,26.1045,13.478,17.6573,21.7701,18.7769,20.7315,17.1373,14.4024,18.1294,17.7389,19.3551,19.6291,12.8708,13.5748,16.6983,12.6433,19.5681,16.4773,20.7217,17.8235,14.9851,14.677,-0.7288,16.8321,15.5652,18.6485,19.4683,11.2005,10.7261,6.6305,15.1429,19.5307,11.3156,8.429,-16.9384,-3.0817,-18.2436,8.255,15.7744,15.0151,17.259,18.5303,24.4705,-4.1899,22.268,18.9076,49.0186,14.2521,16.5663,16.8721,19.4369,12.3648,15.773,25.4728,21.042,12.0254,32.1272,15.4702,20.244,7.744,20.4721,7.2189,17.4083,4.9209,16.6957,12.517,-5.6139,15.6428,10.9186,-5.854,1.9139,12.8112,5.597,20.4785,10.0553,6.8701,7.4128,11.3847,12.0573,16.7731,25.252,9.0935,4.4434,2.4841,29.2501,14.993,-13.2418,6.215,24.0892,24.3605,37.1196,22.1256,13.7386,19.4622,12.8045,11.6624,16.7957,20.7866,-4.2222,-12.0583,11.8137,17.9464,-4.7091,7.5741,15.8826,7.5323,24.8435,-2.6758,20.4583,33.1376,26.2564,17.4768,26.0582,43.6998,25.7228,24.7317,25.22,25.22,6.215,24.0892,24.3605,37.1196,22.1256,13.7386,19.4622,12.8045,11.6624,16.7957,20.7866,-4.2222,-12.0583,11.8137,17.9464,-4.7091,7.5741,15.8826,7.5323,24.8435,-2.6758,20.4583,33.1376,26.2564,17.4768,26.0582,43.6998,25.7228,24.7317,25.22,25.22,25.22,25.22
79,21.8587,23.5743,24.7523,34.215,-2.6177,19.1312,17.6862,19.8567,-10.6075,21.9625,130.2964,168.4254,60.5121,-2.6066,26.1956,-81.4149,32.2407,4.4021,31.7432,29.9124,23.2497,27.753,23.8566,17.5484,20.1643,19.9004,17.614,16.6372,12.5533,-1.1007,8.532,16.0409,12.8472,16.3549,-8.6212,-23.164,11.0156,17.8362,14.7328,18.3912,14.3243,12.8462,-14.0733,14.8378,25.9783,16.2149,24.3209,16.2292,0.0794,15.1453,-2.1578,25.0297,10.5916,-28.0287,-4.2917,5.7508,8.8318,8.3993,-22.5845,-18.1776,6.899,11.1264,16.5413,28.2342,21.6373,15.6956,-22.7252,-74.1836,11.3203,5.8747,-22.2663,16.8837,9.6539,17.2666,-11.9678,19.7763,-1.0455,18.1272,15.8239,-8.8464,-0.6222,23.0064,17.6446,16.0338,-20.0646,-3.7167,-0.0177,10.6447,6.1264,9.9546,17.5718,13.1048,16.598,3.4501,11.6193,4.4981,17.3676,-10.3119,17.3368,-25.1662,4.5212,8.9807,10.4996,19.184,7.1767,17.3147,10.2987,18.2735,245.9522,6.6026,23.3107,2.8922,-23.9044,1.8551,49.2222,14.846,-34.0706,20.5252,19.9012,12.1717,17.2862,10.8834,12.1166,20.0187,-13.3714,-11.4837,13.0504,17.2988,25.967,19.5407,14.5093,3.4304,14.5365,11.5855,-11.275,-8.0976,-1.5947,-39.1559,-10.1979,14.224,9.834,-16.8797,24.4977,14.9523,9.9435,14.8445,22.2612,14.7648,18.957,11.5916,-20.4726,0.7977,12.9704,-34.9249,13.5532,30.6551,37.1018,15.3534,21.8086,-2.8722,23.4929,16.6511,20.4789,18.8207,17.2756,15.8651,22.3073,16.971,12.7227,19.5216,18.6708,36.1281,19.6103,68.1013,17.808,14.0275,28.9217,17.8901,19.8192,18.0859,12.67,10.8833,10.3327,13.0173,22.1985,14.0843,18.5948,14.369,9.7629,20.1534,19.5035,21.3272,22.1736,49.6067,34.2319,15.9725,8.8419,12.7886,17.454,19.2169,19.613,15.0553,14.9854,26.3667,25.7216,37.7709,19.5914,23.5132,23.9557,21.8612,36.1773,18.1919,17.9745,8.9515,9.5064,13.6431,14.7407,21.2118,18.247,20.7632,17.4434,15.5968,14.0552,21.4264,18.7201,19.6272,2.2168,13.8211,13.1689,15.3006,13.9183,16.5143,19.527,19.1967,11.3226,26.5092,-0.6288,13.0489,15.7444,18.307,19.348,10.1311,11.3896,14.5053,18.5339,19.9198,11.7915,6.6945,-2.1618,-0.7815,-26.4868,14.0505,12.0642,8.0448,12.5221,18.9033,23.2343,16.5515,21.778,17.2626,51.2422,16.3672,16.3485,15.6254,20.2396,12.6868,17.4025,22.686,21.0499,11.4522,25.7789,13.7438,20.6423,18.2427,-0.3891,17.0293,17.7457,6.5456,22.9911,12.3237,2.7247,15.8583,11.8574,3.7842,6.6135,15.8849,1.3651,20.1134,6.8808,11.8734,6.7666,11.1623,10.1167,18.5101,19.9938,10.1018,-0.3291,1.2287,21.9389,12.1628,-27.8814,-0.6784,21.6164,19.8651,12.313,16.5481,11.6687,6.8526,8.6433,8.3341,8.9292,19.118,-12.7086,-17.707,13.6283,20.5565,-6.9364,1.4613,13.1274,10.0716,24.1238,1.7809,19.4727,38.256,32.9372,10.8176,23.3728,37.4883,20.1492,25.1211,21.9072,21.9072,-0.6784,21.6164,19.8651,12.313,16.5481,11.6687,6.8526,8.6433,8.3341,8.9292,19.118,-12.7086,-17.707,13.6283,20.5565,-6.9364,1.4613,13.1274,10.0716,24.1238,1.7809,19.4727,38.256,32.9372,10.8176,23.3728,37.4883,20.1492,25.1211,21.9072,21.9072,21.9072,21.9072
80,18.4416,21.3923,24.1978,48.7684,5.5425,20.4651,32.7344,20.7634,-3.0644,17.3472,143.6752,150.2467,86.3011,-4.6625,20.8076,-77.0368,28.2735,1.6811,42.6252,28.9786,23.4318,24.2727,24.4873,16.855,20.2268,21.3377,17.9976,16.133,13.8421,4.403,0.9939,32.0809,12.3406,17.0559,0.4666,-19.8017,11.3821,14.4356,12.4813,18.3906,13.9419,12.7299,-18.1806,15.0295,22.3796,14.3621,29.3554,14.3808,6.4025,9.7304,8.4083,25.3578,13.4984,-19.2207,1.5365,11.2812,9.2234,9.8577,-20.6482,-6.2901,7.499,11.9692,15.5874,23.075,19.5823,14.4473,-13.6894,-48.3574,14.9068,2.6161,-27.4309,16.5394,12.7247,17.3293,-7.5303,24.3658,1.2036,20.0513,17.9148,-11.1216,-12.1335,21.9271,17.5106,13.9197,-10.6589,7.7856,13.8627,10.3426,6.4387,8.7504,16.5706,12.4295,14.1408,8.7461,12.5862,10.8243,17.3704,3.6224,17.0931,-14.7018,5.6767,12.497,5.2387,12.402,8.7402,17.0169,9.0774,17.6879,385.7985,-1.0031,19.7409,8.8732,-13.2801,-5.7569,21.5026,15.1266,-33.6757,3.1806,34.5524,12.3987,19.0188,10.8958,13.7432,13.5206,-10.0626,5.094,8.2267,17.6996,22.3704,25.0687,14.1189,8.3122,14.6443,12.4552,2.6268,-14.3659,-11.3277,-37.7098,-20.6939,2.5038,11.2733,-30.0895,15.6805,16.2351,11.3136,14.1489,14.347,16.6388,15.2519,12.2004,-23.1131,4.4522,12.76,-44.3517,12.1323,27.7686,29.4473,17.6392,21.114,1.5429,6.4766,13.0551,19.0606,8.6932,15.9633,15.8346,17.4228,17.1929,13.2204,13.9184,18.5134,42.3175,20.8796,40.7573,18.8397,21.0159,29.6301,14.0389,18.4091,17.2234,15.0214,16.0127,10.1462,12.3937,14.7817,12.7904,18.4722,13.5238,8.5128,16.9273,27.0548,14.0244,22.6693,34.4149,19.352,17.6189,5.4349,12.3427,17.3002,19.9426,19.9143,14.6296,15.0544,20.2872,25.8543,27.0167,23.3319,13.5401,22.6129,15.6111,18.3249,16.9508,19.0923,9.2578,8.7287,13.5648,17.2675,18.9703,17.5799,20.5207,17.2936,14.7241,15.2436,17.2712,18.3216,17.9383,-0.3854,13.5637,15.9002,12.4105,15.9766,14.2848,21.1691,16.2391,12.915,16.3016,-1.01,10.0074,15.1789,17.6594,19.0728,8.4092,11.9296,14.7622,18.6303,18.2864,12.5674,7.4137,-3.4505,-0.7406,-7.0282,7.8011,10.9228,4.5422,17.2072,19.5092,18.4714,25.7726,20.7647,15.9535,34.4958,16.5829,16.9002,9.9464,19.7819,15.5657,19.6512,22.2264,21.7281,10.0922,4.8162,1.5897,15.4025,20.1106,-4.9996,19.1752,17.2908,11.0598,20.4213,7.4048,9.1582,15.2428,16.1809,11.789,7.5198,20.7028,7.4629,23.367,13.8588,9.6999,8.6365,2.4889,14.3172,17.8042,21.5644,12.5526,4.0169,2.8065,24.7148,10.8796,-16.7024,3.9699,22.9215,21.2753,13.207,41.3959,12.4372,11.1845,9.2898,3.96,10.6107,19.4297,-1.6858,-24.4158,14.005,23.0969,0.3023,9.2449,5.5491,4.6698,20.9926,3.7376,20.171,35.825,34.8397,10.0773,37.9221,37.9136,20.9477,24.9713,21.1688,21.1688,3.9699,22.9215,21.2753,13.207,41.3959,12.4372,11.1845,9.2898,3.96,10.6107,19.4297,-1.6858,-24.4158,14.005,23.0969,0.3023,9.2449,5.5491,4.6698,20.9926,3.7376,20.171,35.825,34.8397,10.0773,37.9221,37.9136,20.9477,24.9713,21.1688,21.1688,21.1688,21.1688
81,19.9386,20.5627,21.652,24.3196,9.0695,23.0756,36.428,27.7034,10.4617,17.4452,130.2932,150.5676,109.5408,16.2552,17.599,-46.4654,27.7452,-2.874,28.4464,34.1275,24.3175,24.6112,24.849,17.527,20.1329,22.3115,19.1032,16.9136,13.9046,13.0676,8.4319,18.1139,12.9271,18.3802,-12.1624,-17.1903,11.5403,13.08,13.5493,18.4753,13.562,11.221,-26.6526,10.017,12.983,32.1224,28.2642,17.5626,11.7522,13.1233,5.7506,24.2972,12.499,-11.5228,-2.3422,14.7579,17.9709,26.5862,-19.586,-2.5627,7.647,11.9621,13.7304,50.91,15.7,14.0996,-10.7154,-42.3446,15.4216,9.1693,-23.8942,21.2878,23.2998,15.4432,-7.8248,18.6324,13.1963,23.9861,15.1903,-11.086,1.0184,32.509,18.082,17.3754,-19.0489,7.247,12.7822,14.7244,9.5977,8.925,18.4651,19.0717,20.274,9.6314,15.4088,12.7122,15.8212,5.2469,16.729,-18.2451,2.4176,11.2159,10.554,14.4483,14.0733,16.6412,9.4609,18.1555,449.5705,8.7801,15.076,11.2556,-12.7037,-9.5853,11.5794,19.4782,-29.0002,11.7004,77.3418,11.6954,35.1183,13.1537,24.4378,9.7851,2.8276,12.2033,7.7355,18.5151,23.6572,25.5716,14.1223,13.4288,15.0381,15.6602,3.38,-12.9342,8.3004,-29.9207,-2.6383,5.4168,14.4899,-32.014,13.2722,15.5675,12.9576,16.5314,12.2928,15.9724,16.7773,6.2258,-21.2912,7.1463,16.5014,-27.738,11.3117,21.4627,17.9118,17.7613,22.1536,-0.5915,18.3856,4.2748,17.1837,5.4259,20.0258,17.3073,28.5573,17.6164,12.4865,12.2135,18.0217,37.9859,16.7605,23.6364,20.064,25.5537,27.6717,12.9014,13.2995,19.757,14.7168,24.4059,11.04,11.225,11.6609,12.6642,17.5428,13.1588,9.6107,15.4769,18.9206,1.1665,20.3968,21.9558,17.6597,17.9103,10.0096,12.9391,17.5411,21.8438,20.3897,15.861,16.0649,19.2499,26.2231,26.901,19.8915,18.3582,22.9601,14.6706,19.7688,17.3192,19.1964,3.4427,0.0118,13.0814,17.013,18.8092,17.5821,20.6677,20.8676,13.8371,14.7702,15.3623,17.5862,16.07,0.5283,14.5318,15.9731,13.8831,22.7004,15.1821,18.4222,11.4568,16.1483,17.8172,2.4475,11.9959,15.4542,17.2403,19.0513,10.6143,11.1745,14.3952,17.5859,15.0111,15.4631,8.2401,6.234,1.6635,-16.4361,16.2781,6.7973,7.334,13.2395,14.7446,17.4978,13.3114,31.1848,16.8659,43.6747,12.7113,23.6449,11.6552,19.3403,17.6007,20.6227,21.188,20.5756,15.1922,14.9344,-17.1073,13.4071,15.5326,-4.4265,8.6169,18.3369,15.9685,18.5941,12.9071,26.2695,14.9547,-10.4137,14.0941,0.7374,23.6291,11.5763,22.5712,18.4133,9.0097,9.8287,9.8573,16.2599,13.6749,20.8356,11.6063,9.4424,1.5995,30.139,11.8324,-17.9549,6.2715,20.1922,31.0358,16.7234,15.6607,12.7109,13.4425,9.1053,7.1512,11.9878,19.598,0.1732,-27.755,16.1871,27.006,-10.9103,11.7291,10.7599,-0.746,16.2955,5.4606,22.1826,32.752,30.5126,6.9752,23.9741,35.0686,20.7851,27.3346,23.4588,23.4588,6.2715,20.1922,31.0358,16.7234,15.6607,12.7109,13.4425,9.1053,7.1512,11.9878,19.598,0.1732,-27.755,16.1871,27.006,-10.9103,11.7291,10.7599,-0.746,16.2955,5.4606,22.1826,32.752,30.5126,6.9752,23.9741,35.0686,20.7851,27.3346,23.4588,23.4588,23.4588,23.4588
82,19.5986,20.5393,20.7176,27.6321,12.0975,32.9651,24.9808,31.6787,18.1066,3.2435,123.0241,189.0165,96.339,-8.4773,63.1126,-38.5859,23.5502,9.1334,61.6583,36.6284,27.2373,28.9364,28.1664,18.4173,18.5148,22.8765,19.8324,19.036,7.9114,12.9159,2.0714,20.4696,13.3666,22.1396,-5.0083,-3.7111,15.6016,11.2788,18.8056,18.5756,13.8145,11.4455,-17.0209,4.171,11.7738,27.8094,32.8073,19.6775,14.6397,4.6032,0.274,22.6504,14.0999,-2.2492,-5.0024,16.6426,16.8733,28.098,-19.4773,-28.0509,12.2538,17.2018,13.9011,58.513,11.4913,12.5387,0.3428,-29.2773,23.229,13.4934,-7.4863,21.1554,15.2541,17.2939,-6.6098,19.0466,16.4246,29.2847,14.8962,-0.408,43.5422,24.5786,23.7652,20.5323,-14.471,8.8971,5.7234,24.3197,8.6377,16.7277,22.3987,23.278,14.4611,10.8011,18.0075,29.4535,20.4079,7.2014,18.9881,-16.3743,-0.1795,19.1844,39.2918,19.5151,15.4534,278.6624,10.1372,20.9415,81.2529,15.4771,32.1189,14.8794,-15.4888,21.3322,9.1539,23.9892,-19.5815,21.3949,154.8465,19.7135,13.7201,13.563,29.1189,1.4729,10.7368,12.7074,14.7678,18.5875,18.1678,24.4202,14.7211,16.6278,20.8613,17.7962,-7.7318,-13.9102,12.6786,-23.1987,8.9963,15.2684,19.3082,-24.3009,15.8495,16.5564,14.124,22.5299,15.9921,23.9679,19.4506,-5.6364,2.5904,12.2029,15.4314,-7.5891,11.5847,36.3987,16.8772,23.8031,23.0459,-9.3252,20.2916,10.5331,18.6645,4.2729,26.6593,13.0504,28.7826,18.9932,13.5348,-1.3413,17.2725,21.1037,16.9862,66.9366,20.1761,31.6578,16.0229,10.1607,14.4112,23.9902,14.3408,18.8085,4.6569,6.5695,10.8246,10.7736,17.3168,13.387,11.4418,18.6078,22.7581,-4.178,25.9916,15.6136,17.2384,18.186,13.2505,14.3856,16.7055,22.0025,21.528,22.3376,18.5518,22.3718,22.6705,30.5978,23.994,24.1971,22.7671,16.5931,19.6219,18.3482,18.7894,6.6193,8.294,15.2204,21.3382,21.7706,19.4677,21.3982,22.1049,14.5688,26.8059,15.7431,18.0084,15.3233,0.6558,17.7621,17.368,18.1702,26.9108,16.6668,22.2699,4.7413,19.3149,19.3289,13.1081,13.7462,20.8576,17.6874,18.7976,10.5182,17.1058,18.372,22.8776,17.3205,15.1214,12.4512,21.1523,13.5711,5.9405,28.438,9.95,14.317,12.4971,22.987,21.2373,11.6192,40.8829,21.5166,33.5334,14.3546,26.8558,13.9841,20.1459,19.9959,20.9469,20.257,19.9457,16.7859,23.5933,10.6446,18.0393,20.7646,-4.3769,3.9102,19.0234,12.4391,26.8064,18.5102,36.1506,19.7978,-13.9612,18.4078,6.4507,29.2101,15.0662,36.4707,15.7424,13.5092,12.5732,16.6161,23.7843,13.9669,26.6063,11.5301,17.5159,11.0269,31.8307,19.2078,10.5745,2.6705,26.382,20.7321,39.21,16.2723,16.037,13.5102,7.7672,-0.3762,11.8079,23.19,1.0742,-11.7145,20.584,25.5011,-12.6284,16.0967,-0.3283,-6.3415,13.7943,7.6889,24.1685,30.2038,35.7714,11.0371,23.9048,30.7937,18.5274,28.4957,21.6066,21.6066,2.6705,26.382,20.7321,39.21,16.2723,16.037,13.5102,7.7672,-0.3762,11.8079,23.19,1.0742,-11.7145,20.584,25.5011,-12.6284,16.0967,-0.3283,-6.3415,13.7943,7.6889,24.1685,30.2038,35.7714,11.0371,23.9048,30.7937,18.5274,28.4957,21.6066,21.6066,21.6066,21.6066
83,94.9009,22.6695,22.5856,29.9628,23.4639,45.9753,28.3497,43.4364,26.341,0.8093,125.1054,190.9464,137.0306,22.7464,35.2297,-15.195,27.4451,26.6028,42.9709,50.6016,25.6217,47.2315,27.6545,19.6686,19.8606,26.1832,26.5543,23.1385,10.9573,12.7637,-2.5812,23.204,14.0273,29.6944,4.1673,7.1798,25.3289,11.7028,11.3245,16.1094,14.6014,14.1683,1.6515,12.5113,12.7533,31.7522,17.1634,22.476,14.8441,14.9852,10.9304,24.7302,16.2869,-4.3711,-3.2186,39.4772,20.2058,20.94,-25.7727,-19.7307,15.3863,27.7015,29.1476,87.5116,14.2998,20.0767,3.8678,1.7077,25.6308,23.1992,-20.6044,16.7233,17.3496,21.3242,11.5911,30.4779,17.0589,21.7023,33.4245,5.289,11.8785,21.5731,29.9797,15.8354,7.6872,7.9703,-5.76,40.2702,11.2475,27.5004,30.6817,31.1881,8.1982,22.633,15.5737,27.4109,33.9325,27.5248,19.6868,1.3262,3.1742,53.7165,22.4464,23.7916,14.4343,23.0024,13.781,24.495,9.0566,17.4769,60.099,16.1544,-1.2058,15.1322,3.2135,25.795,-29.7552,31.6171,77.1128,40.2585,-33.4205,14.7787,12.8555,-30.1757,24.579,13.1635,11.5341,18.0752,18.0042,27.1417,15.233,16.5551,19.8781,20.1756,-29.1442,-27.7012,4.6288,-7.3941,16.2914,26.8186,22.0669,-29.8714,10.9966,15.4121,17.5735,20.1032,16.7411,25.9386,15.925,-1.1054,5.1065,11.9605,15.5889,5.1361,11.6589,18.0762,22.7785,21.3736,22.1194,-11.3405,19.0161,12.4754,4.72,-27.6095,26.3444,11.6011,22.2791,20.4898,14.0136,-7.7831,16.6347,18.2977,16.2013,20.4751,21.6473,25.6566,9.9347,6.4138,18.975,24.5875,16.6987,14.7628,1.4542,3.9132,-16.0918,11.9464,17.1154,14.4789,11.9462,21.3601,18.2767,6.548,22.9168,19.0673,17.5469,17.8459,13.5976,15.9585,17.21,22.4029,22.0062,20.052,19.8481,22.5961,16.6549,27.6004,22.6181,27.4466,19.4003,13.0558,17.9939,16.5239,16.8288,12.7821,13.1311,14.8687,17.847,21.1125,19.3095,14.3117,20.8748,15.1673,28.141,13.9722,18.2506,6.0477,0.001,20.1091,18.1805,18.7033,28.6296,20.4521,20.0593,-1.2885,23.5683,20.5608,13.1436,13.99,20.7367,17.4855,17.9925,4.502,20.2712,20.3193,20.172,17.8344,15.2332,-17.867,10.5045,18.9701,14.9549,25.33,16.9287,14.1905,15.8736,22.2684,24.1554,18.0236,44.7257,21.1336,32.5651,14.4735,26.0306,16.1837,22.0454,22.2705,26.1431,18.6472,19.6911,21.6975,30.106,27.6291,23.0637,22.3086,18.0335,4.5128,18.2985,18.1642,25.0062,25.6173,31.8776,23.5936,-6.8224,22.4121,16.2241,40.267,41.0482,43.7046,25.9419,18.6138,38.6084,25.4832,39.0681,23.5312,23.2509,15.832,15.6841,21.6447,40.4845,24.048,17.5006,12.051,32.3465,17.4603,78.6559,20.5562,17.139,147.2428,12.7667,1.2671,11.1241,33.2106,7.2885,8.1694,23.8467,39.1008,-7.939,16.1096,7.3812,0.374,15.4506,17.061,26.5615,21.8289,28.8582,10.6376,21.6195,35.556,19.0076,36.508,26.9197,26.9197,12.051,32.3465,17.4603,78.6559,20.5562,17.139,147.2428,12.7667,1.2671,11.1241,33.2106,7.2885,8.1694,23.8467,39.1008,-7.939,16.1096,7.3812,0.374,15.4506,17.061,26.5615,21.8289,28.8582,10.6376,21.6195,35.556,19.0076,36.508,26.9197,26.9197,26.9197,26.9197
84,36.6253,18.4592,26.984,32.2528,15.8666,58.6542,35.7113,47.3873,28.2607,-3.9171,141.5622,213.4313,238.4689,114.5947,40.3052,17.0886,18.9357,13.108,34.0597,42.6184,30.252,33.9385,30.4028,21.5065,20.9897,28.0547,22.7194,26.0117,12.8292,17.5287,-9.8769,19.0588,18.714,68.6458,10.1141,9.7681,23.5404,11.986,11.5868,17.1486,14.2314,15.9184,14.1593,5.8156,13.4027,19.774,20.8609,29.0644,21.5167,35.8732,15.3118,25.0195,17.1238,5.2918,5.3835,20.687,22.2892,17.8948,-19.2439,1.1436,9.219,24.0183,21.505,37.4273,14.6468,15.0293,16.2529,5.4724,13.4497,10.8717,7.5513,16.2414,22.4316,21.4086,4.3237,43.6283,18.2562,18.4787,26.9361,13.02,16.8388,19.404,34.973,15.8916,10.0753,6.1806,5.5559,25.058,11.8139,15.358,24.7576,19.4617,21.2519,20.0477,11.9196,16.7483,20.4052,22.9345,27.1497,2.4732,-6.5559,43.3591,35.5953,20.5912,11.8706,23.1334,19.362,21.0143,7.6947,6.3816,17.9734,15.4622,6.0681,16.5494,16.1841,21.5594,-15.3537,31.5754,31.5561,16.2408,11.8746,16.2425,21.7313,-13.3425,25.679,17.9335,14.4085,18.3204,17.0503,24.4877,17.1653,18.3368,18.5818,22.8638,-12.2581,1.0603,6.6105,3.186,18.0037,22.3792,24.4674,-22.7775,16.2706,17.6759,22.5615,22.8899,32.9459,43.0651,17.373,3.1697,10.865,11.3125,20.826,14.6202,22.2441,25.1772,27.1136,24.3307,23.1029,11.6042,14.4802,26.4833,11.0602,17.6456,26.9859,14.4247,24.039,22.99,19.7841,14.225,18.1342,27.5302,22.6657,22.4315,24.2512,38.8286,22.0156,15.8625,21.5999,25.9803,21.254,13.7917,8.5689,9.6381,0.7622,26.2845,19.4273,18.1838,16.8416,23.5559,19.7338,15.0347,19.8332,20.9958,15.4493,21.5212,16.9166,19.1847,18.1,29.8975,27.7507,19.5614,20.2568,24.1656,21.5986,31.4828,22.6531,25.7742,20.8133,12.6838,19.8394,18.7681,19.4968,14.4439,12.7787,16.805,17.3629,22.935,20.0598,15.0,21.2886,18.8035,27.9773,16.9114,20.2202,13.0544,6.9858,20.1349,19.8625,19.4901,15.6223,12.6172,17.8237,11.3478,20.6971,19.8272,14.0697,17.7165,21.3037,18.1847,17.4097,8.2713,25.4722,20.0017,19.5153,20.7432,18.7449,-0.4103,-3.8713,-1.8221,11.1258,22.0305,17.3139,14.226,16.45,22.3344,19.0499,18.6847,33.5536,17.7838,18.7997,15.6739,23.9561,16.7222,21.9128,20.72,22.3399,18.1824,19.1908,19.649,33.5652,22.4589,24.0706,22.9752,2.2802,14.2341,18.5817,17.3749,23.9987,22.7531,27.0544,37.247,-2.1281,23.9077,26.3685,27.992,124.9482,35.1917,31.7459,16.8328,33.2104,21.8124,98.1475,32.8978,28.3219,17.8414,19.3591,17.9156,38.222,20.2721,21.799,13.9354,25.6121,17.2648,20.6644,19.9554,26.6672,34.7687,17.6281,6.6268,9.9233,39.901,7.8044,16.458,28.2338,51.3379,-4.0197,18.4794,33.1323,8.8116,43.0396,45.5266,30.0019,26.2605,33.2769,18.612,25.5602,27.6184,20.3124,34.8724,26.4862,26.4862,13.9354,25.6121,17.2648,20.6644,19.9554,26.6672,34.7687,17.6281,6.6268,9.9233,39.901,7.8044,16.458,28.2338,51.3379,-4.0197,18.4794,33.1323,8.8116,43.0396,45.5266,30.0019,26.2605,33.2769,18.612,25.5602,27.6184,20.3124,34.8724,26.4862,26.4862,26.4862,26.4862
85,28.6849,26.4448,26.7279,26.7379,22.1223,62.2086,35.4751,26.7713,33.224,-6.2282,217.7269,252.4976,256.5163,161.2691,39.3678,34.1722,22.9281,13.932,46.5202,62.8975,27.9833,48.201,42.0557,21.5418,22.4828,23.9606,20.7795,23.0581,12.4899,21.058,5.9355,17.0832,26.3759,21.6819,9.0312,14.0076,19.4459,12.6351,11.6257,18.0659,14.6595,15.6023,14.4623,7.7975,24.3829,29.2479,12.3109,17.0566,18.5748,22.25,12.6152,25.5379,14.8455,7.6577,5.8726,14.0413,19.5912,14.0948,-20.0621,7.707,10.9747,19.1368,21.5278,40.6605,20.6836,15.1959,25.1865,15.0227,13.1314,10.7864,15.6141,14.3893,19.8138,92.1447,-5.6705,19.649,16.636,16.9786,23.6008,19.3951,15.9693,6.2678,31.7591,12.9361,13.351,18.8464,15.2742,52.5291,12.9252,14.3694,24.4123,11.0082,18.4447,19.6857,16.5023,20.8976,24.2535,18.9207,28.1936,3.8474,7.3479,14.9135,77.7014,20.754,10.1286,22.3414,19.3361,33.029,13.2168,8.1951,20.6486,28.5377,11.4419,13.3734,9.4248,25.4929,1.9473,29.3729,32.9269,21.9814,44.784,24.6425,33.9929,9.9734,24.6621,35.9343,71.4932,22.6021,21.3554,42.1295,27.3425,13.3046,26.8636,34.8371,14.5433,7.2685,8.4782,0.2132,18.9797,34.0557,29.0913,1.4886,20.4142,22.8656,19.9371,27.605,68.0805,37.4492,24.4446,13.8183,11.5335,12.2876,24.5226,16.4301,26.2225,30.8279,18.9348,26.0922,32.0478,21.7897,12.2714,33.7738,27.6783,23.09,22.0848,15.3907,19.0965,28.6141,23.1701,16.323,24.9939,55.9548,26.8609,19.93,19.7492,25.321,20.3359,17.9356,21.8814,26.9359,29.8695,29.9168,12.6734,17.8791,10.3017,32.0121,23.6498,27.8731,43.048,23.8455,29.7284,16.1697,26.6375,20.3507,18.8458,33.0426,20.1542,19.3409,22.6592,27.5012,24.6429,24.1976,23.0929,32.556,243.4217,31.5922,21.3175,24.8136,21.0747,22.9183,24.488,22.0214,23.9186,25.5992,19.2976,19.9416,17.1401,20.8279,21.1081,21.4596,21.0553,20.9402,20.4069,25.0761,33.322,20.2947,18.7104,20.9806,20.1177,17.6838,17.567,13.3048,18.905,15.0911,29.7174,26.0651,20.6796,29.0139,21.3378,21.8174,25.9191,19.2884,24.7848,25.4707,24.9812,25.2726,69.1157,5.9997,3.555,-11.6545,5.0635,23.5742,17.3093,14.0662,28.4207,40.3586,33.3425,23.3836,32.2342,18.7202,31.2032,19.0974,25.7731,18.7778,21.8711,21.6859,22.5804,13.186,19.0755,14.9086,31.1407,12.4351,22.0335,22.4026,21.5544,16.8074,17.1727,17.0034,14.2849,20.267,17.6037,21.5657,-10.22,24.4674,27.6965,24.815,31.6903,40.2621,25.6215,11.2231,30.4519,16.5635,19.3426,24.4097,24.8688,16.324,12.9872,17.2465,19.123,18.024,18.6818,10.7925,20.6816,20.1431,85.5467,18.5309,16.7833,22.5708,16.5519,10.8872,11.7164,34.8878,12.5827,17.9938,21.9901,20.5855,0.4372,14.1257,16.8899,12.0629,36.0299,20.4271,35.6185,20.9192,22.6386,15.3193,20.6023,24.2457,22.9005,36.2504,23.1381,23.1381,10.7925,20.6816,20.1431,85.5467,18.5309,16.7833,22.5708,16.5519,10.8872,11.7164,34.8878,12.5827,17.9938,21.9901,20.5855,0.4372,14.1257,16.8899,12.0629,36.0299,20.4271,35.6185,20.9192,22.6386,15.3193,20.6023,24.2457,22.9005,36.2504,23.1381,23.1381,23.1381,23.1381
86,21.2886,24.2306,21.8376,24.8129,23.8811,55.7687,26.6235,25.6922,31.6097,0.5282,352.2351,224.4167,255.6478,8.3668,35.228,23.4873,35.7923,14.6487,110.1075,38.2772,31.2377,32.1631,29.0513,21.7436,22.2269,22.935,24.5827,21.7725,10.3348,16.5896,2.8709,18.2664,18.7741,19.2895,11.808,7.3632,25.7277,16.0052,15.0376,27.5114,16.068,12.8346,12.9047,9.1,25.294,36.8179,12.3017,15.1556,13.8249,19.849,143.0057,16.8235,19.9287,8.7425,-0.4683,20.9916,20.9156,11.0749,-14.5432,11.4064,12.2824,23.9509,15.5106,27.7018,99.0403,86.3826,23.655,16.267,120.2466,40.4056,17.9043,21.9786,29.3544,24.1676,4.7729,23.6091,17.2401,24.6637,24.4985,21.3669,12.7549,21.3105,27.6546,24.3609,14.5243,18.028,17.7002,31.0824,12.8659,13.052,33.7269,17.3994,23.7575,22.9726,19.0106,18.2221,21.9593,10.7953,32.371,3.9038,12.4216,18.6302,21.1572,18.047,11.0139,14.171,10.5266,20.8521,24.5746,13.1776,24.0871,37.3147,10.7963,18.6803,18.1949,27.296,-0.9701,35.1846,38.8284,23.4243,23.7612,18.1252,21.6651,18.6176,28.8281,17.9377,25.346,23.1975,19.6332,24.2578,19.043,13.3199,21.5583,29.9581,17.2962,11.2849,28.8938,18.909,19.0756,25.7081,21.5404,11.713,27.4509,18.733,16.6093,24.6716,37.1199,22.6035,20.6399,12.2274,34.1751,16.5468,30.2969,17.2979,93.2884,21.5071,31.9999,25.1479,25.6419,17.7414,18.6301,27.5703,22.5679,30.4467,27.7161,18.6559,19.635,24.5224,18.1094,24.4987,24.0718,28.6375,61.4135,23.0208,19.2381,22.2441,21.6275,18.6266,30.5642,24.8685,21.6651,21.1185,19.0221,21.5994,17.4354,48.6373,23.8246,24.378,26.1348,22.1878,24.9126,27.0248,26.9157,23.4627,18.2716,26.6305,20.0083,18.3602,21.2035,25.9361,31.2343,25.386,32.2468,33.3806,25.2677,34.7386,31.9476,26.9717,29.7182,23.4944,23.2585,21.4136,26.1571,26.3524,21.2745,35.7642,14.4654,19.1579,26.4359,20.701,22.8874,24.0165,21.9173,23.5685,36.9321,22.1341,23.1719,25.8777,20.9009,16.5838,19.7318,21.1131,20.0779,20.0642,41.4858,25.3321,22.8356,23.3271,23.5058,21.8118,33.6596,21.4094,42.9731,32.9275,29.5924,21.5964,26.8654,17.0846,24.2104,19.6939,28.894,25.5355,19.2219,16.7018,22.0245,36.5353,23.356,20.701,21.8219,36.5615,23.6303,21.875,28.8771,28.1324,36.3342,32.8019,31.4843,36.0603,33.858,53.1752,21.677,15.8504,17.6263,26.8876,32.2688,28.0864,24.002,26.9763,18.4226,25.0718,21.0485,28.6389,7.0859,157.1208,26.5563,27.2592,30.567,26.9013,28.2794,15.9728,59.8478,29.5124,19.9753,25.693,19.8532,180.3695,212.4223,20.0667,192.1867,24.6764,21.7871,25.7557,20.8079,32.4259,51.112,17.9274,16.7844,25.0814,11.554,9.4266,19.9466,25.6925,12.2238,26.1221,20.5886,16.7341,-0.2972,18.5312,25.4661,20.3453,18.3428,17.6658,26.1381,20.2077,17.9061,23.8739,19.6996,28.9337,35.8938,33.2448,21.593,21.593,25.7557,20.8079,32.4259,51.112,17.9274,16.7844,25.0814,11.554,9.4266,19.9466,25.6925,12.2238,26.1221,20.5886,16.7341,-0.2972,18.5312,25.4661,20.3453,18.3428,17.6658,26.1381,20.2077,17.9061,23.8739,19.6996,28.9337,35.8938,33.2448,21.593,21.593,21.593,21.593
87,23.9451,33.0311,24.5073,18.6363,17.2259,48.6368,25.2655,31.7867,24.0951,24.8829,807.6924,122.9593,308.1626,16.3295,34.7543,-4.3456,37.4398,22.5041,29.9004,33.9702,31.2349,33.741,29.8674,23.5587,22.5999,21.9188,23.6121,19.1974,13.4282,33.7343,5.0972,13.6439,17.6569,16.885,7.6875,6.503,82.8231,16.2526,15.1613,43.2446,16.2115,18.809,13.3144,10.1301,27.4668,34.4517,11.9876,20.2351,91.306,51.4693,73.9213,18.4428,41.7906,30.5444,9.3054,171.6892,20.989,23.5478,4.2423,11.2875,13.4878,17.7302,27.3068,46.548,21.3694,29.1007,19.5073,16.9226,19.397,21.3906,9.1179,24.1388,9.6471,19.9679,17.9906,22.222,24.8897,24.4713,26.3601,17.9807,17.8618,10.1665,22.6663,15.2393,14.4691,26.2044,19.508,51.7604,13.4597,17.6748,21.0193,11.0069,11.6518,19.8093,21.2478,21.3224,17.5626,9.1897,18.3135,10.1983,14.5945,31.81,43.1442,15.1716,25.4571,16.4416,9.8273,21.1302,15.6956,15.3612,23.6001,30.0563,17.1646,21.3403,21.0163,26.462,9.9472,22.691,60.2763,24.2628,27.7121,15.491,26.8304,19.5419,22.8489,16.698,19.0911,21.4706,18.1172,22.3528,19.7868,14.0609,30.6676,25.2891,23.6714,20.1755,15.9148,26.029,21.4537,32.0733,16.8825,22.8424,13.9434,19.3369,15.0768,27.4707,27.2627,35.4208,25.4995,11.2942,16.8748,16.9496,22.3165,21.5128,59.4461,22.6188,28.9133,26.2306,26.7052,27.7888,21.8861,30.1728,34.4068,36.6673,29.7807,23.3128,20.4737,33.1908,28.2029,44.4289,24.273,77.5015,29.9691,28.8984,23.6221,21.844,34.3345,23.5711,30.3167,24.3872,35.5186,23.1145,21.3685,21.6532,18.89,43.8368,29.6357,25.0022,25.4628,23.1509,23.2491,27.349,29.0778,24.5927,21.5144,30.3853,19.9319,21.2686,22.6383,26.9815,38.3957,31.9487,29.5547,46.194,23.9634,34.3016,34.4514,27.4532,25.4868,30.8937,28.0016,24.1918,26.6068,18.8876,21.9934,23.0934,18.8478,19.8223,22.035,14.7871,18.8935,25.7169,31.636,27.2646,59.4377,21.4877,21.8821,24.6253,22.4785,20.6815,24.014,30.4115,20.4743,21.8184,36.87,25.7089,23.0885,38.4147,26.3239,24.8331,20.1163,19.6872,22.664,20.8631,27.0848,24.2264,18.2656,13.2674,15.5583,17.0788,22.6682,28.489,16.6141,18.6341,86.9313,25.6862,19.5479,15.5882,24.4259,25.1601,29.2372,51.8346,24.8018,23.8272,28.8774,33.1097,27.4572,25.2279,28.5075,41.8726,21.1979,17.3526,24.8105,32.6723,28.0616,24.5769,21.6553,23.0246,28.3708,28.8018,23.8014,29.5593,12.3022,25.8793,19.8625,19.8652,27.6241,41.3861,17.6368,16.8997,26.7998,40.1841,26.1396,66.5657,19.6369,27.4189,53.094,21.7069,106.2964,23.0611,20.8024,19.3047,38.5982,18.3141,636.4863,31.9495,22.4401,20.6747,10.507,12.4429,21.7725,40.4667,17.7212,28.1296,23.5814,19.66,8.2557,18.2394,14.3575,6.6951,18.8641,20.3162,30.2271,41.1464,11.526,23.1429,21.4096,30.4518,48.6731,35.1656,19.9494,19.9494,19.3047,38.5982,18.3141,636.4863,31.9495,22.4401,20.6747,10.507,12.4429,21.7725,40.4667,17.7212,28.1296,23.5814,19.66,8.2557,18.2394,14.3575,6.6951,18.8641,20.3162,30.2271,41.1464,11.526,23.1429,21.4096,30.4518,48.6731,35.1656,19.9494,19.9494,19.9494,19.9494
88,25.8981,34.8009,27.8544,19.0326,20.5944,32.4937,27.9762,17.9159,12.4848,29.1557,419.8669,150.2939,269.54,30.9933,41.7052,12.4677,30.5395,28.5766,34.7691,28.2969,27.4951,33.9565,35.3315,26.2293,23.3174,24.2708,29.6763,30.7553,15.2955,30.3275,10.7612,13.242,17.9929,16.1259,13.2388,6.5693,31.0142,15.5614,21.718,29.1103,15.8847,13.7477,23.0203,9.9057,17.988,17.4102,13.092,13.0409,39.0594,23.2277,23.9794,15.8764,27.228,36.9003,13.4298,28.4072,33.9215,18.2874,12.9608,10.923,14.3677,20.7557,17.2443,56.8949,15.1068,13.3912,17.7014,16.7809,17.7587,30.5167,10.5451,25.8114,6.9899,19.621,8.6813,25.926,23.8829,25.7003,19.0102,27.3749,21.5397,13.0356,41.8993,16.3888,14.1419,25.4846,15.5141,34.6023,14.7411,16.6589,21.3759,9.4823,13.4916,49.7646,21.0439,281.877,16.8727,8.6257,17.6883,13.6731,15.0947,40.3924,42.7291,17.5437,15.4909,19.5469,14.2094,19.8188,10.8748,40.8182,25.6915,39.9534,12.6802,20.5021,21.1122,23.4939,25.077,32.6025,42.4921,21.7299,19.0244,19.5391,22.8322,32.4221,18.1493,18.6812,18.8567,21.0072,16.8249,21.89,18.6993,14.4686,23.5318,30.1464,43.8314,21.8756,18.2914,27.1707,22.947,34.8834,20.2382,30.5724,13.9651,31.511,14.9782,39.4652,23.317,24.0957,29.9514,14.2835,17.3749,18.1042,21.9407,24.701,48.7452,26.0689,21.7537,25.2928,42.5156,28.1304,25.554,28.4754,31.1435,41.8559,34.05,27.7233,22.8303,35.6497,33.2773,41.6164,24.5285,68.1899,37.1617,30.121,25.2193,23.6324,30.3706,70.7706,25.8809,25.9382,30.0427,29.7065,23.7763,25.3497,27.2143,40.8225,32.1094,42.6969,28.4346,29.7505,49.2216,26.432,30.8008,27.1375,21.8813,26.3719,27.8436,23.1921,22.0137,27.7602,43.0697,118.3579,33.4057,32.3479,26.8084,52.1389,26.0621,43.7005,28.6735,50.4174,26.8835,28.2143,27.5968,35.4481,23.9476,34.8036,24.4334,20.8987,22.4819,14.7026,25.441,50.9202,28.8237,33.0095,28.4653,21.9311,22.7349,27.608,22.1539,36.4166,28.4792,26.1235,23.1706,22.8965,58.193,58.3729,28.9162,119.6474,25.829,27.8137,20.8919,36.3664,37.004,29.4272,24.7719,29.4527,28.3097,18.5386,18.2876,20.5159,29.6936,23.4168,16.7085,29.9829,54.6744,28.289,22.8098,26.7178,31.6135,24.5038,31.9402,42.5181,25.065,23.6393,25.3205,27.9145,23.1919,18.5985,24.1074,36.6779,19.0649,25.122,24.8711,30.7906,32.1534,35.897,23.8544,23.2749,25.4265,22.8779,21.5467,25.6775,22.5352,56.4616,14.6881,29.5552,25.2045,25.5391,17.2955,17.8144,22.6153,21.9481,37.2581,51.1555,24.676,24.2328,23.9797,31.1911,39.1761,20.6712,24.5651,16.8485,44.3302,18.1579,105.782,19.1772,17.0005,18.0891,13.0877,8.4841,19.5958,33.3867,23.9712,22.4468,20.8811,16.9918,-2.8849,18.8709,10.5037,13.2124,17.9132,353.6347,28.7905,33.2588,15.0392,26.948,21.279,23.1363,32.4664,30.5609,20.1176,20.1176,16.8485,44.3302,18.1579,105.782,19.1772,17.0005,18.0891,13.0877,8.4841,19.5958,33.3867,23.9712,22.4468,20.8811,16.9918,-2.8849,18.8709,10.5037,13.2124,17.9132,353.6347,28.7905,33.2588,15.0392,26.948,21.279,23.1363,32.4664,30.5609,20.1176,20.1176,20.1176,20.1176
89,23.8612,35.0929,28.2659,17.151,16.0752,53.0267,25.5415,8.6731,22.6873,27.4489,1061.9396,72.2129,230.5516,14.7827,29.6701,11.8082,27.186,15.9747,31.335,29.7371,26.7433,27.2223,28.8484,22.6711,21.4305,22.8452,25.2646,18.3531,15.3546,17.207,11.1514,13.7773,19.627,15.0236,5.9699,5.8361,27.1695,73.3815,21.387,20.7951,9.1744,10.1813,31.4396,16.2394,33.3864,16.6482,13.797,9.7482,35.0744,12.2632,19.0037,6.156,27.6227,20.6452,7.0831,24.333,27.9494,18.7647,17.8488,12.5951,16.5407,22.2905,20.6723,61.6642,16.6598,9.8083,9.2473,14.5128,14.9975,14.0127,11.3484,25.1036,4.9658,20.6953,13.3765,24.9782,19.9119,43.3493,18.5772,15.9545,17.1649,17.9006,23.2701,11.0556,16.1027,25.6133,14.1067,35.245,15.626,13.9005,21.7078,3.6369,7.1374,134.1557,21.0629,26.585,20.1628,17.3825,17.8151,12.3198,17.6774,38.4976,60.2204,23.6408,32.4025,24.2986,16.1108,19.4184,17.1532,34.6656,27.1246,51.5509,12.7053,21.7143,27.2103,63.1298,40.4107,33.1538,36.3707,19.5786,19.8218,18.9622,21.3546,90.7236,21.6522,27.4448,19.9291,21.6916,16.7348,48.4868,20.393,15.4471,21.4777,32.6967,76.0613,27.2991,22.1223,26.3209,29.0341,20.2132,23.0127,28.4119,21.5656,28.5806,11.5963,76.7909,183.8647,27.5471,28.7085,14.4587,18.2511,18.7198,18.9894,23.462,168.6247,29.839,26.6162,30.2783,32.3434,28.2659,26.4065,49.4629,41.1315,32.7629,45.9924,29.5365,33.7178,28.6038,28.1853,33.5705,25.328,30.564,32.1768,60.571,26.2469,27.2405,66.7494,22.9838,37.2221,39.0765,28.0413,58.6091,18.8487,26.3609,25.3809,52.5192,82.2452,46.8703,27.1559,25.5712,38.2258,27.2916,32.2914,26.8571,22.2788,26.5843,26.0479,24.4437,26.1691,32.9066,35.8522,40.7136,33.0559,27.7485,28.546,54.8632,41.2094,49.2155,47.0566,37.9848,29.8008,30.858,29.0964,27.6824,27.2762,33.3891,24.2007,34.6493,46.9537,37.8507,29.5961,46.9918,33.0066,55.8907,32.0216,24.8298,29.1783,27.8424,22.8945,28.9121,18.2226,34.3756,24.6756,23.6738,215.8691,43.6987,28.2161,45.6369,25.0066,35.6333,24.0667,38.2581,40.1289,32.1068,32.8043,33.1859,21.7428,26.2427,21.9953,20.6594,54.053,31.7765,18.6744,36.66,33.8009,29.4016,42.403,28.9199,36.6145,26.6815,69.4731,125.6438,30.663,22.3335,26.2401,37.3463,24.6895,22.5647,27.044,56.9306,38.0782,28.8546,48.0231,34.6294,31.0692,41.5755,24.5335,24.6039,100.7157,25.0197,44.6294,30.9107,18.9818,28.1893,22.3435,26.5676,25.746,30.2701,18.5909,18.2353,41.8613,28.19,46.2886,57.1675,26.5483,25.923,27.3243,56.2005,32.0162,30.3541,22.7958,23.8447,32.2818,18.9681,21.5448,21.177,16.9216,29.798,11.5246,11.2236,20.2467,39.8226,13.0384,15.4025,17.1135,16.052,-4.5773,26.4164,13.0813,29.1425,11.4976,25.8294,28.838,33.1981,12.5693,29.6947,28.1268,25.242,35.0293,25.248,24.6152,24.6152,23.8447,32.2818,18.9681,21.5448,21.177,16.9216,29.798,11.5246,11.2236,20.2467,39.8226,13.0384,15.4025,17.1135,16.052,-4.5773,26.4164,13.0813,29.1425,11.4976,25.8294,28.838,33.1981,12.5693,29.6947,28.1268,25.242,35.0293,25.248,24.6152,24.6152,24.6152,24.6152
90,23.9093,36.2967,22.5359,14.8661,16.2561,39.95,23.143,6.293,22.4415,20.8347,368.023,41.2813,181.1178,24.215,32.3797,10.9596,27.1113,24.9107,33.3272,27.6449,26.8482,28.0114,30.5406,22.1001,20.5285,19.7061,23.984,16.0276,15.1917,19.3338,10.4039,12.2117,22.4467,15.4789,2.0452,7.796,28.5836,24.0783,15.4307,19.2641,12.5332,10.3533,28.4274,16.3004,19.3984,16.1719,13.8493,8.8296,19.6378,14.1118,12.8725,-16.5478,22.5432,17.263,7.0385,22.5874,21.2024,10.8486,39.7862,18.9336,13.0665,21.0413,22.8159,38.4826,17.8274,1.4535,6.3361,10.8479,13.2693,15.7218,473.4735,28.3526,1.665,24.8022,13.9882,20.149,21.2649,13.7686,18.1634,24.013,17.8466,17.9925,26.7396,4.9379,10.8838,24.4622,14.49,16.3988,21.077,14.3677,22.7291,27.6553,15.6359,19.808,27.1396,25.997,16.686,14.944,18.5638,13.4803,18.7838,40.9581,60.4083,30.0128,33.617,25.9919,52.5548,18.6948,9.7506,25.9789,24.9334,57.9679,11.1023,27.7848,24.6038,60.9373,57.494,33.0762,33.9674,27.7794,14.9059,18.5707,26.7453,123.1755,32.7344,17.3757,25.446,21.6728,13.6304,22.6317,21.44,17.6877,23.8569,27.658,35.6541,19.339,22.5424,24.6075,25.2515,27.7887,21.5835,26.5933,35.1334,29.6945,13.3914,71.3575,46.0144,25.0984,28.3049,17.1189,32.4871,22.5066,20.4402,25.2501,30.009,20.8693,11.742,31.9751,147.287,28.5625,26.9472,308.563,47.2143,43.9824,42.681,30.3438,37.0271,26.0091,30.6143,33.027,28.8906,37.6932,31.971,34.032,28.0893,31.112,108.3778,31.5334,41.9079,29.1212,29.5071,54.9212,20.6837,24.7447,24.8993,27.6677,49.7784,96.8971,26.939,24.4638,57.5884,27.7104,30.274,28.0123,23.1865,27.8205,34.7185,26.1487,30.9767,32.2053,28.0108,66.7651,29.1212,29.055,25.5454,65.1816,60.4213,28.2082,32.0404,33.854,27.8948,28.3068,28.0841,29.3698,26.5535,42.3773,28.3862,27.1694,24.2355,20.3732,30.0001,25.6494,26.966,48.9541,32.8207,25.4059,27.2722,24.7074,21.7232,26.3603,23.026,34.9497,24.9689,23.838,72.9015,41.1937,68.1076,85.3976,29.1058,31.3994,32.2093,25.4531,51.9853,24.2821,39.0109,44.3932,28.1385,30.575,27.3235,21.484,24.0778,25.6737,21.4506,32.3692,30.8976,34.5399,41.6583,37.682,42.9378,39.1608,96.4069,146.6164,26.1175,20.6964,25.3022,30.0538,24.7589,27.3411,30.3639,73.3415,35.117,41.6831,45.8603,39.7065,34.9475,39.7511,34.2325,30.3591,26.4628,25.1387,25.6808,27.3427,19.2676,33.4401,19.3104,31.5207,42.5382,41.7281,21.3037,20.8687,28.0972,33.0375,53.2852,58.4707,27.3029,32.2436,42.1073,52.4221,39.2781,33.6874,23.9023,21.6776,18.8727,13.2203,54.4173,19.0976,17.2097,16.8943,11.5552,11.8094,36.0004,25.0993,20.9398,14.4656,17.4031,15.9069,10.0284,29.0583,16.2912,22.0353,11.0885,24.3685,27.462,17.7807,14.347,29.1795,23.781,29.2671,33.3481,22.7883,35.8256,35.8256,21.6776,18.8727,13.2203,54.4173,19.0976,17.2097,16.8943,11.5552,11.8094,36.0004,25.0993,20.9398,14.4656,17.4031,15.9069,10.0284,29.0583,16.2912,22.0353,11.0885,24.3685,27.462,17.7807,14.347,29.1795,23.781,29.2671,33.3481,22.7883,35.8256,35.8256,35.8256,35.8256
91,32.1437,37.8546,21.2849,11.4423,13.9059,35.3936,9.7577,8.9652,20.1458,-0.0755,235.805,48.3857,156.5458,15.9278,26.8884,18.7607,25.1456,22.7321,35.3213,27.7486,26.5631,29.5432,27.7471,19.9269,19.9407,18.0071,26.5267,14.6318,12.4389,14.5021,11.3941,12.9666,19.1804,14.2308,6.9428,9.9658,22.1512,17.6818,13.713,17.389,12.3776,6.4024,23.6376,19.2666,13.5792,14.9169,12.8185,3.2435,19.1478,15.8122,1.8373,-27.2493,21.0182,16.1402,13.278,22.0731,17.4453,-8.9651,20.256,16.9717,12.7592,27.6374,17.7172,43.0601,18.0524,4.4018,9.9985,12.9841,13.0297,19.4765,23.4863,16.6214,-0.9401,22.1211,10.8075,19.9875,23.1738,13.2166,19.4698,23.8783,14.551,18.2397,19.6017,-3.5598,12.6583,25.291,18.3419,32.6097,17.2235,13.7433,22.7953,25.3057,17.397,22.2851,23.9835,18.6314,14.5533,13.7842,19.5282,16.6065,20.0669,33.1961,45.8885,39.4854,19.9009,33.5273,22.6041,19.4975,4.3867,12.9902,31.7994,47.1442,16.8819,25.4975,100.5581,74.0032,31.4548,45.2474,38.6619,36.3813,19.7136,19.1621,17.0163,77.5906,394.6469,18.8651,38.8332,22.1372,-2.5356,20.4245,23.874,20.319,25.6852,29.4704,36.4963,26.8781,26.0961,24.504,26.4664,24.603,41.4656,23.1583,51.319,34.5958,12.4944,63.9872,36.5231,21.5257,27.2758,12.0492,19.8936,22.8833,21.3493,25.3127,19.2598,30.0621,3.1011,24.3683,35.3101,25.8113,26.6968,36.5782,51.3489,46.8283,34.2875,28.1347,34.6337,27.3181,25.4548,28.7868,29.4836,39.7507,35.6706,31.582,24.3222,28.9163,136.8097,23.0734,28.6887,33.3032,29.4446,62.377,21.3017,24.0566,22.3892,31.8126,90.8799,139.6416,27.6686,24.8506,37.1342,25.9679,76.0584,26.0476,26.3412,27.1933,27.6994,26.0723,25.7856,42.6622,29.6859,164.7821,179.5077,30.7602,28.742,76.9406,54.8422,35.5696,31.1936,57.3817,40.0231,27.5313,28.2843,30.1123,30.3725,35.7997,27.23,28.4284,22.2007,37.3578,26.6149,25.0394,42.1155,53.3083,43.5634,26.7048,31.3126,24.7646,21.4184,27.5352,27.7052,124.3082,25.2386,24.7887,35.8802,44.2223,23.9848,36.0641,32.9604,25.8892,23.2627,27.9116,42.2042,24.3141,33.7177,27.205,26.0323,57.1306,49.8998,22.1022,27.5299,27.6673,21.2163,29.3817,31.1828,40.3237,42.6716,44.9624,61.4665,49.7312,71.228,85.6166,25.914,20.107,28.0988,32.2852,25.6924,31.91,34.6242,58.963,32.7595,58.5991,45.4338,60.0548,36.8497,41.2449,31.204,26.8427,31.7789,27.0586,37.1476,29.3455,23.736,28.9035,25.0481,26.0688,23.6113,47.4477,21.5682,29.4678,76.5353,39.2591,56.459,80.7558,32.3376,46.0515,30.8969,68.6772,35.005,33.7706,25.4696,20.583,22.3899,18.4316,86.8371,22.1553,19.522,20.5319,10.3041,8.6012,22.3819,40.2862,17.2807,13.3529,16.9149,15.2762,3.0659,24.3072,10.299,26.6671,19.4154,25.3478,28.0017,7.577,15.6153,27.9553,22.6879,20.0931,25.6337,20.7038,26.0645,26.0645,20.583,22.3899,18.4316,86.8371,22.1553,19.522,20.5319,10.3041,8.6012,22.3819,40.2862,17.2807,13.3529,16.9149,15.2762,3.0659,24.3072,10.299,26.6671,19.4154,25.3478,28.0017,7.577,15.6153,27.9553,22.6879,20.0931,25.6337,20.7038,26.0645,26.0645,26.0645,26.0645
92,27.6144,32.6622,20.2172,10.663,14.2032,24.2698,2.9085,6.2738,20.0026,3.1824,216.804,27.7857,139.5667,16.6931,20.8572,17.8759,21.9619,22.147,35.8455,26.8388,25.1066,27.1571,43.2961,17.7417,18.8311,17.7114,21.2196,13.479,13.3088,10.8455,12.5665,17.2953,17.7515,11.6662,3.0084,11.6995,18.5074,17.7618,12.7671,17.5254,12.7658,5.9884,20.2567,21.3053,14.8226,12.7323,12.6371,2.6968,21.506,19.3707,-14.8365,-25.141,17.855,14.4507,18.1447,21.4705,14.7217,-13.2714,20.9133,36.8485,12.8556,22.3108,18.538,41.635,17.4759,7.4511,3.5908,16.3858,12.9892,16.5172,75.4541,21.6315,-8.8551,19.6679,13.7817,18.0898,22.439,15.8636,24.802,33.868,18.2422,16.9513,18.9253,-4.952,10.9326,39.5494,19.6818,32.0086,9.6412,8.8135,23.5523,23.05,22.8807,20.88,18.4904,16.3348,14.6648,12.4625,18.3035,19.2697,20.9501,52.5893,200.1004,38.9444,17.6027,27.8998,19.9233,19.0812,13.7255,28.8397,31.3608,30.7985,17.5672,28.9748,24.0853,82.1621,43.8708,212.1084,42.5759,42.5489,24.1799,17.6829,29.0845,0.6493,67.8516,30.8695,52.8812,27.3544,3.1609,22.7494,25.4696,17.8757,26.4841,31.8567,44.3344,29.1681,25.7372,23.773,34.3035,31.3705,47.7763,56.951,37.6444,34.3272,17.8647,48.2194,101.5558,19.925,29.8924,7.6553,31.216,23.0471,25.4145,25.5444,25.0314,29.691,12.0652,25.9362,55.8878,23.7833,26.6743,41.4554,52.2287,54.1677,32.3462,27.0887,28.8571,28.1743,28.2888,26.1,26.2454,49.601,34.4622,39.7872,36.3609,26.9395,111.7737,25.57,42.6691,31.6605,26.337,30.0172,22.0253,22.4337,23.1815,28.8911,140.0097,160.434,28.6794,23.3398,28.9969,29.1577,122.7007,25.5485,27.0379,27.0832,25.2454,29.1197,25.9621,36.8948,33.5114,56.7706,112.2887,33.4312,53.7982,114.7321,100.3403,27.9829,27.1114,57.9254,30.1362,26.6339,28.462,34.2097,29.7039,48.1633,21.2758,27.486,22.6953,24.4877,26.2133,29.8676,54.3313,56.98,32.4907,30.5503,32.2505,29.8,21.8583,26.0226,25.613,37.7074,25.6639,25.131,33.3687,117.6664,23.9385,54.4849,38.4644,25.5328,25.5161,27.6122,39.1936,24.1307,28.5999,27.8852,35.4389,38.8582,81.9604,30.9732,35.0822,30.3223,22.7297,22.7434,37.7758,45.0834,42.4418,50.8456,84.9755,72.4702,130.4147,206.7188,26.3209,21.7002,43.0683,32.3518,26.1875,35.977,35.9992,109.1867,37.2384,65.2798,59.2646,70.4331,58.8139,54.75,30.7014,31.189,37.969,36.0628,28.767,29.8463,25.0978,29.5746,25.4281,37.7182,37.3223,36.1857,22.0724,55.5284,39.6313,55.2304,50.0373,120.4888,35.3332,150.0864,63.8193,104.6727,69.4454,30.7801,22.7242,22.5934,82.537,16.9611,69.6944,23.2367,20.162,21.2054,8.3356,11.6211,23.7925,38.4411,10.4368,10.978,19.7165,13.1401,9.6707,22.1252,6.4289,20.2753,24.5694,23.1447,27.2431,15.0927,15.841,23.1377,17.5263,17.9775,27.465,18.6312,25.2101,25.2101,22.5934,82.537,16.9611,69.6944,23.2367,20.162,21.2054,8.3356,11.6211,23.7925,38.4411,10.4368,10.978,19.7165,13.1401,9.6707,22.1252,6.4289,20.2753,24.5694,23.1447,27.2431,15.0927,15.841,23.1377,17.5263,17.9775,27.465,18.6312,25.2101,25.2101,25.2101,25.2101
93,25.0753,35.5765,19.2262,7.1338,25.4159,24.1799,1.8657,13.5541,17.5255,19.1876,181.5952,27.3757,119.1224,21.811,20.8481,20.5227,21.1977,28.0608,38.8129,25.5048,26.2999,26.9568,27.1121,17.6154,18.9242,18.0556,21.1453,12.2769,14.1747,6.6018,13.5189,20.2971,17.5145,12.1923,8.5904,12.6119,20.4755,14.952,14.2667,17.0862,12.6687,14.4601,21.1471,20.6307,15.6664,12.404,12.6918,7.7721,19.8957,14.6142,-21.2665,-13.0268,22.8799,14.8204,10.6668,20.6496,14.6552,-16.0034,31.7304,36.6214,14.1216,18.2076,36.1566,38.3072,17.7361,11.0404,1.3578,17.4797,12.1591,12.0555,67.8176,12.6035,-2.9212,18.1514,16.4573,17.7325,19.7738,15.748,19.4255,33.2434,15.3305,16.6398,18.9451,-8.9916,5.987,68.4186,14.5502,56.7759,13.5987,7.3879,22.9144,21.9305,18.8519,16.7087,22.6855,16.9889,14.9004,13.1411,16.5463,23.3092,22.0944,35.1234,33.3409,45.9734,58.0431,28.3375,19.3877,20.3009,23.6522,25.5515,30.5628,6.8138,25.402,76.1759,23.6963,81.307,72.7265,80.6181,33.3851,32.6458,29.8071,17.5322,17.5472,-1.3032,30.4167,27.7085,50.1717,20.2559,-4.6049,20.951,24.9381,23.8972,35.7756,29.1241,54.9911,29.509,26.7363,28.7181,29.2601,31.1476,39.7715,44.987,29.8684,40.8347,60.2443,70.7404,25.0845,22.7334,24.9925,20.0428,44.2139,22.6446,29.7897,26.395,19.3343,31.3724,16.285,26.1379,30.4688,23.8999,25.2311,42.4546,63.4958,57.0246,35.0256,29.9665,27.2092,28.9702,32.9274,31.9534,26.5709,61.1269,31.8371,36.7227,30.7399,30.6915,118.2947,22.6976,33.1841,29.7781,25.5791,35.2289,22.8967,27.5449,61.6572,29.2406,242.9676,140.9377,29.5013,25.6639,23.0478,32.5645,80.8948,25.8046,26.6292,27.638,29.9767,25.9792,25.3022,32.8029,41.9114,118.7237,30.212,29.6955,47.2648,119.2967,88.2587,28.979,24.9655,54.2625,29.4151,26.5248,52.1159,49.7132,30.0929,95.3647,21.1406,25.8141,16.5141,24.349,25.7816,28.4357,36.8539,246.1157,30.7649,72.6886,38.1331,30.9037,22.2106,26.951,25.6778,31.9536,25.7503,25.2691,26.694,155.046,24.0388,43.6439,36.1485,26.1534,22.7184,26.2144,38.48,76.9428,30.2943,24.8077,27.2363,46.2087,31.2597,35.5877,26.8437,27.6255,22.7692,23.9117,36.0058,53.0391,42.8456,54.7421,69.4765,68.2777,173.3547,92.2465,26.3245,28.9085,32.6609,32.0749,27.538,35.9074,57.2106,166.1337,31.3891,93.3976,63.8787,122.2434,56.7871,60.0997,37.1158,34.6598,42.8337,27.5173,28.2452,38.1352,32.7465,28.3987,28.6538,22.4311,26.4795,32.1153,28.9794,41.7927,36.4035,115.1804,55.417,94.493,38.3867,40.3672,50.7393,75.6572,77.9065,54.9363,22.4936,22.7429,161.9729,37.2548,68.2067,22.319,14.7173,17.1508,10.5523,12.4048,21.906,50.629,7.6634,11.8875,20.7656,13.6171,14.9769,22.7215,15.9445,13.7072,19.6779,22.8786,27.6951,21.5906,14.5536,20.8058,23.8435,23.6928,26.6467,23.1579,34.0461,34.0461,22.7429,161.9729,37.2548,68.2067,22.319,14.7173,17.1508,10.5523,12.4048,21.906,50.629,7.6634,11.8875,20.7656,13.6171,14.9769,22.7215,15.9445,13.7072,19.6779,22.8786,27.6951,21.5906,14.5536,20.8058,23.8435,23.6928,26.6467,23.1579,34.0461,34.0461,34.0461,34.0461
94,25.8806,30.1754,21.4295,7.9948,23.3128,20.9884,18.3236,19.7301,15.7674,16.4168,200.4822,73.6895,138.7948,27.3595,27.1385,25.1018,20.7969,26.5101,34.8304,27.1426,30.5764,30.0099,25.0843,20.3926,19.5151,19.4515,24.617,14.3805,13.7671,14.3373,20.3359,19.5671,17.9069,13.166,7.0444,11.0633,25.6339,13.9634,15.4325,19.6536,13.7011,19.8361,29.6606,27.0797,16.3796,13.1395,13.1772,14.4143,29.8278,14.1925,-24.0014,-7.4623,26.8982,12.5033,15.0096,30.1135,17.118,-11.1583,29.4374,43.6049,18.4538,19.1473,70.558,52.299,16.7536,11.669,-8.4152,20.45,8.2864,14.1081,23.092,15.3933,0.367,19.9474,13.3905,17.1466,19.3198,11.5849,14.6639,29.9334,17.3307,16.5075,20.7753,-10.2326,5.9046,26.3338,16.7231,38.1721,16.1086,18.0207,23.1087,20.6757,30.5729,17.1245,29.2729,17.7156,20.6767,14.1455,15.8585,28.4791,19.6142,31.0175,41.3999,41.2564,22.4977,24.697,15.5359,21.5788,15.4532,24.6886,24.3029,15.9213,23.0737,27.0233,27.017,146.638,39.4704,65.9094,32.7945,30.6915,26.5053,20.1879,4.1684,0.8088,26.0867,20.2343,53.9686,43.9909,1.0543,18.6954,25.5966,20.5801,31.6573,28.1564,79.2347,29.0552,23.5577,80.4656,28.1266,25.0559,44.2988,56.9036,93.4737,48.6496,67.8448,23.9782,30.0262,40.3937,35.9569,16.8262,33.9126,23.625,27.1004,22.1414,22.146,26.1616,-1.7666,27.249,30.1105,26.133,23.8684,35.3926,41.4417,45.521,34.0739,32.2913,30.0967,31.2442,36.0142,50.5205,29.1268,39.9302,31.5721,31.21,36.867,124.3213,145.1966,22.3156,42.6936,27.0796,21.8421,59.341,27.5094,24.2275,24.3562,28.3915,141.1204,137.5985,29.425,26.5145,30.2087,140.1378,62.7709,26.1517,27.1144,27.5467,25.7612,25.2782,37.1099,31.5113,33.2128,215.2671,32.8512,27.6858,51.4401,94.0222,69.8273,36.7562,22.0948,39.5418,29.7778,26.7891,55.9548,46.0314,30.1516,35.2206,22.4075,25.4434,22.292,22.8055,24.5239,24.4132,32.2847,51.7024,32.1544,300.0842,45.4027,28.0305,21.8366,24.0682,31.1581,29.2383,24.898,31.0853,70.1936,78.4662,24.531,96.7699,23.3596,25.6992,22.9661,26.1117,38.4466,28.1361,27.0936,25.7595,28.2573,40.6528,29.2367,106.8155,25.9446,26.3341,22.6456,25.1003,32.6344,45.4571,32.3781,53.902,56.3445,91.9955,54.4218,40.2175,57.1025,27.1642,60.6206,29.3185,26.6789,62.3396,59.3282,172.2965,29.8501,50.0302,60.4227,94.75,40.2867,73.9905,34.2712,40.7763,36.3837,27.7843,26.4226,33.3193,51.5995,29.6333,23.124,26.5295,32.0654,31.3253,130.5793,48.137,84.7076,336.048,54.0048,32.1029,28.0433,55.7951,39.4447,28.2732,56.1546,38.5621,22.5555,21.3792,42.6181,86.9332,69.9759,42.4016,15.4425,17.6644,9.4248,19.6175,694.6577,39.942,11.1374,11.2843,101.4567,21.9472,15.9638,23.7205,18.978,17.4668,25.9206,29.9936,34.4409,20.6464,19.0226,225.5314,311.165,21.3093,27.9195,23.7041,48.1406,48.1406,21.3792,42.6181,86.9332,69.9759,42.4016,15.4425,17.6644,9.4248,19.6175,694.6577,39.942,11.1374,11.2843,101.4567,21.9472,15.9638,23.7205,18.978,17.4668,25.9206,29.9936,34.4409,20.6464,19.0226,225.5314,311.165,21.3093,27.9195,23.7041,48.1406,48.1406,48.1406,48.1406
95,25.1009,27.5079,35.8861,17.118,30.6716,33.3002,57.5098,25.0507,69.7671,48.5468,238.4835,90.0705,173.5648,40.8266,18.9738,33.953,15.0075,26.9622,40.4184,28.0425,35.6888,36.9867,25.682,38.2063,20.3605,25.9048,28.6765,15.6037,14.4383,10.8005,65.9398,20.6702,20.1299,15.3903,13.4131,16.1326,24.6364,14.6324,15.9899,27.9581,19.4434,29.0813,23.151,46.9663,304.2723,112.9778,149.9265,21.2958,24.2343,9.5133,-21.1993,37.7412,56.7064,23.4102,5.5121,25.9084,23.5822,-6.9623,21.1896,43.5739,20.4868,27.9832,33.6984,48.3875,36.776,12.0936,6.1027,35.0751,13.3134,10.4255,19.0186,13.9177,2.7722,27.5627,17.4996,19.9165,19.7595,12.7718,14.9665,28.1612,22.4462,18.3597,19.1243,-13.0278,-11.7533,24.1466,21.3248,50.259,21.6945,30.0709,21.7245,19.3848,16.6657,33.8974,25.6028,16.5681,17.0242,16.8946,14.8811,24.5855,23.8491,29.4116,25.3974,28.3742,14.3221,22.7324,21.81,24.3343,15.5722,24.013,25.4379,18.5685,15.6837,76.7008,42.5429,34.4329,32.3376,70.25,197.8396,30.2316,26.4818,20.0461,-2.0107,12.0181,23.5835,18.4653,41.3968,20.4737,16.3445,19.3937,23.0856,17.8538,29.2861,23.4285,43.9039,22.9169,21.5324,56.0642,24.7277,39.0576,30.7186,32.9164,18.6156,30.462,48.9375,27.0117,19.8862,25.5648,34.0711,19.7403,26.3903,24.4846,24.7532,22.0191,37.1615,36.0815,18.2492,270.3164,29.2757,25.679,27.2796,31.0662,47.6059,41.0084,28.0906,34.0288,34.9929,28.4933,41.0805,27.8352,31.6061,31.3986,30.9161,31.9069,84.4473,49.5242,157.0564,23.8951,46.5737,22.9025,19.6155,52.5308,22.3762,24.8767,24.3282,35.3834,116.5693,80.3705,28.0111,159.7715,25.4469,111.6685,67.0879,26.304,26.8507,31.4322,26.7231,27.4218,54.5654,31.9166,34.3066,34.9875,30.1074,31.6898,108.833,92.973,38.8236,28.2768,28.3564,38.9294,32.0123,26.892,34.5911,285.9089,27.497,28.909,34.7853,18.1131,30.5541,23.1004,22.46,25.5263,26.3241,30.9592,26.9335,64.8601,48.5534,23.9387,22.5304,23.2709,28.8414,23.9239,30.2696,24.9837,88.5834,26.3897,30.6637,36.7983,45.6994,24.9486,26.1298,24.0433,38.2842,28.0894,25.7301,23.7763,52.539,25.9835,25.223,24.0677,25.2048,24.1185,23.1234,23.3732,63.2246,40.269,24.069,39.1386,48.0956,56.5816,46.5751,44.0545,69.951,30.4036,33.9752,29.1466,28.3919,53.6467,79.7268,143.4126,35.4244,35.6893,76.2993,100.9104,33.3629,57.388,30.0286,31.8577,35.8369,28.8466,24.2621,24.4858,74.3114,36.0827,43.3642,25.2524,23.2946,43.5035,423.5388,31.1245,74.5015,265.8118,115.8091,29.0735,25.3402,45.762,28.159,24.8362,36.2583,41.6497,22.6191,20.6477,63.4978,23.9236,82.7583,44.8231,20.3805,15.7996,10.1094,26.6346,78.1217,24.085,7.4069,18.4547,27.9446,17.4678,18.4433,84.577,17.5885,21.7618,64.1398,37.8893,30.6033,25.938,17.0167,51.1205,57.7371,30.8191,45.7935,37.0395,70.4077,70.4077,20.6477,63.4978,23.9236,82.7583,44.8231,20.3805,15.7996,10.1094,26.6346,78.1217,24.085,7.4069,18.4547,27.9446,17.4678,18.4433,84.577,17.5885,21.7618,64.1398,37.8893,30.6033,25.938,17.0167,51.1205,57.7371,30.8191,45.7935,37.0395,70.4077,70.4077,70.4077,70.4077
96,23.7731,27.2841,23.7457,16.1203,23.097,27.102,27.8053,18.1721,30.6075,35.7325,223.9676,108.9704,119.1938,19.3652,-5.6365,38.0857,3.0216,23.1626,35.2725,27.969,35.1569,32.1586,24.1346,25.5662,20.5483,23.2753,23.7767,14.2531,14.2531,15.4641,74.777,18.3884,21.6975,10.3498,17.9622,18.3128,22.1853,17.3516,17.3288,37.9651,17.3547,30.4843,20.7399,51.8188,491.0978,18.1211,45.991,16.595,18.0554,16.5846,5.9301,23.1527,17.9876,16.3914,12.4261,16.8364,16.8364,9.6396,28.3191,25.0175,20.3666,71.5838,20.0768,62.6225,56.6856,24.3179,24.7069,29.0836,13.1261,9.1593,24.4013,20.9314,44.8735,89.2279,20.1063,22.7023,22.4414,21.8995,18.4664,27.2675,28.855,31.8865,23.4115,-18.9177,9.166,44.2552,24.9801,24.9801,48.0061,165.5961,47.5941,16.6783,16.9075,44.6176,20.9614,18.0852,19.3857,40.3866,15.3272,15.0591,19.0364,25.0538,24.6517,23.4474,12.9737,21.0967,16.0917,23.0168,13.4111,28.4986,40.8616,12.785,52.0203,105.2781,103.8456,27.4454,46.0183,46.0183,22.6794,34.2757,31.8496,16.4961,36.6922,24.2188,21.1519,18.833,42.6969,20.5645,21.4452,143.9291,20.5524,13.5064,24.4817,22.5159,30.496,23.4284,18.3751,37.35,23.9301,28.8996,54.7643,26.8637,30.3754,25.4446,80.5089,43.0751,16.8877,16.689,16.689,20.8896,33.1408,23.41,23.3053,26.9099,32.5838,25.3614,14.8543,27.6185,37.1116,23.3351,26.1345,29.9769,38.4709,34.2923,28.6791,32.7384,30.9288,26.3629,37.1779,26.1963,25.6905,32.5476,41.0566,31.9147,29.1019,26.1341,71.9865,37.2457,37.2457,24.0153,18.5696,25.8729,22.5436,21.1938,22.7713,28.7569,84.8677,30.1486,25.9201,108.6184,23.4675,44.1578,37.2081,23.4547,27.2267,25.2534,25.1108,25.4894,25.9668,37.1339,30.395,36.5577,29.7422,38.5547,51.8351,72.3182,28.6071,46.7705,32.5744,32.5744,32.8534,26.9986,28.3248,29.1326,24.0436,24.015,25.7185,13.083,23.8573,28.4084,25.3372,27.3697,38.5881,44.7302,23.6693,26.7117,27.4231,22.8635,21.9054,31.7106,35.8832,24.5389,21.853,27.4153,30.5585,24.0633,166.1539,21.9812,141.1312,20.2744,20.2744,23.3765,31.3126,28.6269,29.9464,22.8368,27.577,23.767,24.4595,20.4816,25.8505,26.2196,22.5679,25.7523,29.5925,25.7061,24.613,36.6029,36.2064,40.6601,30.466,27.3007,34.8716,26.1086,29.7035,23.8168,25.3487,35.1037,27.6032,30.3654,30.3654,25.2367,40.8342,78.5271,25.7407,47.7069,21.3256,22.9308,21.0758,27.2641,18.3905,19.3175,20.8307,24.3516,47.0166,26.7645,38.1759,51.3604,26.5983,25.2867,48.8655,136.9805,41.8028,34.3107,17.9915,22.2109,19.8827,27.1624,33.4829,92.4218,16.7709,16.7709,13.7181,19.4105,161.6699,19.6964,15.3426,17.0456,10.2788,14.4275,30.6297,24.5388,3.0455,12.7976,18.5469,9.1451,12.1617,25.8564,15.3346,21.8907,42.5155,25.6303,19.669,28.1201,16.1026,26.5242,25.0404,25.5634,30.7114,19.5469,42.1931,16.7709,16.7709,13.7181,19.4105,161.6699,19.6964,15.3426,17.0456,10.2788,14.4275,30.6297,24.5388,3.0455,12.7976,18.5469,9.1451,12.1617,25.8564,15.3346,21.8907,42.5155,25.6303,19.669,28.1201,16.1026,26.5242,25.0404,25.5634,30.7114,19.5469,19.5469,19.5469,19.5469,19.5469
97,21.5313,27.5215,20.982,23.2236,20.9934,27.5712,46.1954,22.0817,21.1896,32.0262,218.5491,85.2873,64.7972,34.9916,334.5968,7.412,-15.7228,27.9711,33.9098,26.3664,32.3552,29.9511,24.0493,23.1279,19.3245,19.9225,21.6101,13.1408,13.1408,16.7452,14.244,24.9795,19.0356,10.063,9.6844,21.0115,19.5999,14.6716,22.9208,23.7372,13.1305,23.035,13.7937,41.1772,22.6939,11.4452,27.7703,15.3601,32.0474,12.6716,2.3729,18.7365,13.6649,17.9975,13.2181,20.2209,20.2209,5.5868,52.3984,21.0464,18.2561,22.614,18.8227,49.7253,27.5483,3.3466,15.6133,21.7354,12.3427,9.4795,19.2506,14.3908,30.0665,34.8311,17.9236,16.0818,11.7683,18.2086,23.2203,34.9773,24.9158,21.4377,18.4312,-9.2885,12.3266,26.0936,62.0125,62.0125,38.769,60.6643,20.3172,17.8341,29.1031,20.9163,17.4519,20.4247,34.3716,26.9546,10.6346,16.8565,16.5783,21.8413,37.6757,28.2232,131.8942,25.5221,18.9782,21.4153,11.8696,34.0698,29.1816,10.2242,38.3097,21.9835,45.199,15.8025,31.8017,31.8017,110.5277,23.6282,42.4465,17.8826,31.1043,0.5119,10.7848,20.8548,28.0645,16.986,26.5236,249.9789,16.9966,17.6691,24.4818,22.2043,21.5349,24.5533,19.5476,28.4157,24.2642,26.1619,25.9088,22.9153,34.9248,21.4426,21.5859,18.9511,22.6807,14.0355,14.0355,21.242,39.3068,22.4026,16.4701,25.2021,23.1997,32.2427,21.1307,22.4585,48.7953,22.3758,21.7615,26.1045,31.6948,33.0056,29.8991,28.9737,23.2437,21.1694,23.919,24.4459,19.8308,25.082,28.4094,27.3855,26.3161,59.035,41.3034,28.2706,28.2706,23.7449,21.4147,20.0268,22.3754,17.667,22.6563,25.2703,33.4649,24.3255,23.9152,56.6295,23.399,28.0806,27.1602,22.1861,24.7399,23.9698,21.9152,21.7177,26.0873,54.3077,27.1216,27.6011,26.1126,25.8797,53.0245,41.5769,29.663,61.7893,26.8873,26.8873,27.1012,26.5653,25.0743,22.4358,22.4197,22.8711,21.5202,19.1776,23.3566,27.8568,22.0229,22.4042,88.8644,166.0951,20.6107,22.7253,21.2252,18.3997,19.6122,26.3137,25.317,25.1173,20.5848,24.1189,19.4005,22.4448,168.7061,24.2398,26.0767,18.4862,18.4862,21.6735,19.2487,29.7239,24.0145,18.7049,13.1113,26.495,24.4607,30.1153,20.8892,19.8819,17.2465,20.441,18.8242,17.9734,23.8409,34.6093,25.7686,29.2828,42.0412,20.5049,30.7103,23.3456,23.5089,18.9537,23.522,23.7977,23.6611,24.6938,24.6938,29.6634,24.8074,29.8149,30.9617,29.7166,11.7064,16.3545,14.767,16.3197,10.3226,17.3836,1.1708,42.1428,13.4547,17.8672,19.5219,21.7414,23.3204,19.3558,23.0856,43.7563,25.2908,29.8909,14.2138,19.9473,20.2761,23.7767,47.5278,33.8905,20.7094,20.7094,10.6522,21.6613,115.6184,17.7236,13.8915,22.872,11.335,11.4904,31.6921,24.4854,6.9968,11.3353,19.6616,7.6886,11.7908,23.1035,13.0802,20.8815,25.9746,24.534,18.0133,23.0791,11.7197,28.919,23.7978,24.2027,30.0921,21.2763,45.2646,20.7094,20.7094,10.6522,21.6613,115.6184,17.7236,13.8915,22.872,11.335,11.4904,31.6921,24.4854,6.9968,11.3353,19.6616,7.6886,11.7908,23.1035,13.0802,20.8815,25.9746,24.534,18.0133,23.0791,11.7197,28.919,23.7978,24.2027,30.0921,21.2763,21.2763,21.2763,21.2763,21.2763
98,55.9175,27.4781,19.469,20.1986,19.879,25.2752,28.1984,31.7396,15.3195,26.615,240.8244,42.8239,75.5328,28.0566,46.9427,20.6048,-13.667,22.4891,34.0589,26.925,64.5372,29.4744,21.7326,22.9776,18.5948,17.9087,21.0527,13.4135,13.4135,9.7682,17.5692,18.0785,68.8429,10.106,11.0749,17.6713,22.963,13.7309,22.6098,27.5893,13.2622,20.6223,12.3752,39.8377,20.0815,12.4822,21.7409,15.2621,228.4401,12.7206,2.6105,20.7101,8.7502,12.5135,2.8514,13.4666,13.4666,-1.4769,12.8954,23.0076,15.3732,28.7888,42.6502,56.0483,22.9635,-9.6148,-5.3483,17.0511,23.2566,7.9234,17.7731,13.535,15.0874,13.6497,15.681,16.7168,13.4667,10.0269,7.0927,51.072,27.7569,19.1119,15.2194,8.5414,15.3263,18.7409,20.4323,20.4323,34.5774,27.8619,19.547,17.7473,3.6364,13.5016,16.8685,18.7674,30.1568,25.5665,9.3815,12.5658,22.6678,30.4299,172.6808,16.5264,21.7012,14.9764,18.7686,16.5401,11.9808,31.7768,17.094,11.0357,9.0066,24.7872,129.5619,9.0027,23.9101,23.9101,22.6301,14.352,18.6266,13.8619,27.9265,-8.8744,-0.348,18.7566,25.1977,16.44,17.0238,23.7969,12.767,21.9601,19.0626,17.8485,21.0422,20.5753,12.4426,16.1765,31.1231,30.9124,25.5352,26.3369,16.1541,16.5008,19.9756,12.72,17.8052,13.0047,13.0047,18.0458,18.2339,14.4296,6.8122,22.0282,21.9841,31.963,15.5765,42.8519,21.8333,19.0083,19.8692,26.796,20.6579,29.2783,32.0938,30.9105,21.4842,16.8973,23.1192,24.5874,22.9211,87.0511,23.6247,25.7392,49.8691,49.5609,29.8363,25.4303,25.4303,28.3477,19.111,16.7963,21.5107,34.0596,21.6914,24.4147,23.6727,15.5041,20.66,26.3167,22.8059,25.0859,22.1897,20.8456,22.824,20.7024,16.6516,19.9746,26.7114,27.837,23.3055,22.7587,22.0722,21.7588,51.517,35.0807,30.77,57.4677,24.9992,24.9992,25.2756,23.12,20.332,11.5039,20.247,19.0041,32.198,17.8457,20.8166,38.119,18.4689,24.5919,43.6503,24.1519,23.5056,20.2396,16.7294,16.2062,13.037,23.3646,16.3437,16.1121,24.4852,18.2956,18.0148,58.6228,37.2,17.7816,20.6961,13.3234,13.3234,16.3124,-4.6415,23.2028,20.3423,17.7268,14.5128,24.4761,13.5706,32.7182,21.4097,11.9188,11.0306,16.7948,13.6881,20.4562,41.649,44.7625,25.4155,56.9755,93.9052,27.411,23.9139,23.6333,19.8066,19.368,21.9862,46.1508,21.9056,22.1936,22.1936,26.5398,24.4407,27.0892,28.3324,13.8783,13.0154,19.4721,19.0323,24.0037,15.5675,17.4902,-9.7247,22.4706,15.7406,21.0202,17.7285,20.3781,19.2891,8.9174,18.6003,25.7371,28.4198,25.6048,14.2454,23.3939,12.4295,28.6903,34.2513,22.3825,23.9705,23.9705,9.0029,20.3506,45.6094,17.9181,17.2228,20.431,7.943,9.0308,27.2562,19.3535,5.0606,8.7113,18.5344,2.0044,9.0667,21.1391,11.0272,13.5386,21.3669,26.0893,18.0512,25.0942,18.8877,27.1929,26.1343,25.5678,32.9959,24.4203,34.3085,23.9705,23.9705,9.0029,20.3506,45.6094,17.9181,17.2228,20.431,7.943,9.0308,27.2562,19.3535,5.0606,8.7113,18.5344,2.0044,9.0667,21.1391,11.0272,13.5386,21.3669,26.0893,18.0512,25.0942,18.8877,27.1929,26.1343,25.5678,32.9959,24.4203,24.4203,24.4203,24.4203,24.4203
99,20.7181,27.9438,19.1642,23.1007,15.704,22.2121,25.1988,31.0164,17.4692,39.5142,189.7473,48.0333,43.0494,22.7038,-70.349,15.9419,-22.2829,20.8934,40.3021,26.9049,25.6789,30.3432,70.094,24.1474,18.3052,17.9417,20.215,14.4748,14.4748,4.7916,14.7651,14.3816,19.6792,3.2768,11.6265,13.4513,26.0708,14.6343,19.2089,21.1632,13.7837,26.1246,11.9813,37.5966,20.1153,12.1403,20.045,9.8306,16.1511,12.9028,10.7324,21.1167,4.8292,4.55,-19.149,9.8172,9.8172,8.8991,16.4961,8.2931,15.2294,15.9169,36.1645,64.5498,49.8723,-11.9324,-44.8755,17.4821,18.1367,2.2251,16.5947,25.6052,20.1996,6.3433,43.1282,13.8694,18.7881,13.9637,1.0119,24.5955,22.1188,17.8686,17.7241,-18.0237,7.302,36.8536,11.9008,11.9008,32.8962,32.4494,19.0647,15.6695,10.3441,12.3997,17.481,13.8681,16.7975,23.258,9.4769,10.0844,17.3262,9.4741,27.7437,11.3591,20.7688,12.6474,19.1437,11.8592,6.7584,21.0575,13.2892,5.7387,-10.1342,31.5192,18.2228,-0.7611,11.9918,11.9918,20.1649,23.376,16.8021,8.9081,31.5802,15.5512,-19.5868,16.002,35.9501,15.9768,20.2432,23.0219,7.4539,11.7377,16.2646,13.4088,15.1429,14.7681,7.5035,12.435,13.9185,30.6897,22.8212,27.5956,15.896,11.0984,16.6767,13.0404,17.1923,15.7054,15.7054,4.0168,9.5448,14.2216,7.7438,19.6766,20.8047,31.9512,11.6748,20.8178,18.1456,17.3557,113.5206,24.5466,21.9439,30.2249,27.3363,22.6579,18.0146,14.7839,29.8062,22.3562,24.1918,22.6449,24.6403,21.8727,35.9669,20.9334,27.2253,27.5164,27.5164,21.4461,17.1668,18.7547,19.6684,26.6885,20.0953,24.2719,20.386,12.5038,17.0864,18.8395,26.0128,24.6918,25.7079,19.9525,21.9307,16.9669,14.0031,24.0293,21.0922,24.3784,21.8345,19.1152,28.3844,25.3277,51.8377,25.2884,31.5402,26.0639,19.9988,19.9988,21.5685,21.3608,14.922,11.5307,18.4507,23.7138,40.4901,18.7412,17.9802,17.2107,16.4947,21.6356,21.1952,25.2916,21.2254,16.9717,15.2055,13.273,8.8235,18.1966,14.7589,18.5922,18.7846,17.3721,16.3543,13.6669,40.5343,19.3047,20.1398,13.9175,13.9175,17.6346,0.3174,20.0652,19.5527,16.1418,19.7118,17.314,13.2565,34.6343,14.7397,18.5177,15.0804,19.1294,16.1865,29.1579,51.9567,63.7787,21.5914,118.0272,21.9809,20.0124,20.2888,22.5089,11.7352,16.8932,21.655,22.1397,20.1787,18.6349,18.6349,20.0581,26.2701,18.715,28.9053,18.2137,20.7213,17.639,18.9088,28.8219,20.5039,21.6656,3.6128,19.1711,16.2857,16.5766,20.225,5.0168,12.5705,10.8196,23.9817,23.1048,16.4525,20.0929,13.4416,16.2464,1.0126,52.0508,21.0887,20.0273,22.1761,22.1761,14.3362,68.4154,49.4032,15.7093,12.7784,19.1919,7.6258,7.4314,39.1575,9.4851,8.2558,9.9646,17.3438,5.7854,-9.2763,18.2246,4.9351,11.9669,16.0492,30.6926,18.39,25.6083,15.6949,25.539,22.409,25.9775,31.2963,24.9154,35.9829,22.1761,22.1761,14.3362,68.4154,49.4032,15.7093,12.7784,19.1919,7.6258,7.4314,39.1575,9.4851,8.2558,9.9646,17.3438,5.7854,-9.2763,18.2246,4.9351,11.9669,16.0492,30.6926,18.39,25.6083,15.6949,25.539,22.409,25.9775,31.2963,24.9154,24.9154,24.9154,24.9154,24.9154
100,19.3083,30.0858,22.581,15.7842,16.186,21.1421,24.8024,21.7753,14.2492,88.5122,273.4879,1.029,1.1726,12.0142,-66.9805,21.7413,-19.3729,17.8951,34.0459,24.6977,27.6615,279.9198,24.105,21.5953,18.6134,21.1885,17.8325,8.6518,8.6518,7.7023,26.8164,13.9888,16.9205,2.3192,-4.2075,15.1955,28.7707,15.1174,25.6555,20.3194,13.1613,0.2211,16.8438,45.1239,20.4687,7.6349,115.9427,8.4481,21.7758,13.1283,12.3705,15.8784,8.5235,-6.4938,3.2747,19.3577,19.3577,-4.8008,8.167,5.0832,29.4451,13.2633,17.5268,68.2381,19.7471,-14.453,-54.8734,15.5459,11.6161,-28.347,15.2457,13.0459,15.9757,-4.596,15.4504,1.0201,14.7967,12.9151,0.4911,13.3868,28.5369,18.0955,14.707,-25.6462,6.9058,19.2218,13.1965,13.1965,21.2799,23.1923,15.2751,13.6623,13.8923,8.9345,9.2519,16.0853,21.6063,22.5685,-10.9307,6.2584,9.6642,10.5764,23.9918,-4.3796,15.9402,11.196,21.9476,7.4354,1.6242,17.4385,0.5356,-5.7612,-14.5859,132.1172,15.1855,-14.4732,4.7243,4.7243,103.7347,10.4156,13.7916,4.3484,23.0016,8.2074,-28.9463,13.1105,20.474,13.1696,18.2883,20.772,0.1202,9.4644,6.7964,17.1674,8.5133,19.3024,-23.5654,8.4503,17.2289,55.2095,19.2912,22.1948,14.1948,11.1904,17.013,13.9426,15.955,14.5433,14.5433,2.5755,-2.9469,15.3972,-14.6843,15.9339,27.0637,21.5779,15.5769,20.9819,6.5418,10.1169,32.3064,20.7372,22.264,26.2819,23.6802,20.1361,18.243,12.6262,37.1771,21.2157,30.1556,15.8616,21.3146,19.0599,29.451,21.6855,30.5834,19.7282,19.7282,19.0294,12.2648,17.9261,18.4664,15.6496,17.3194,21.3027,15.5361,6.1576,14.8286,12.6803,14.3269,22.9153,25.4399,16.3841,19.5145,14.0598,13.7113,18.1486,19.8695,22.008,17.1483,15.3408,28.8944,24.7592,39.1636,22.9289,18.9415,22.7734,18.72,18.72,19.9278,18.5675,11.2339,100.741,15.4156,21.0396,14.5762,19.8666,18.1743,17.3255,15.1457,16.8674,20.8078,19.8493,17.9593,17.9683,13.2344,6.2833,11.7395,18.5826,13.7761,15.4417,20.0083,14.8154,13.7532,13.563,18.4872,18.0484,18.5799,12.7356,12.7356,18.7249,2.2635,13.2619,18.9666,13.6381,12.9775,14.8585,9.3424,12.0305,26.8782,24.8646,9.1259,24.354,26.5515,22.1822,47.6038,33.4409,18.9515,19.3164,20.8889,24.7999,18.0431,22.2077,3.0069,6.7641,21.2548,24.0375,16.1957,18.2923,18.2923,15.4896,22.9381,8.3513,19.4052,15.3152,15.5892,13.7456,13.5703,21.4703,18.8757,21.2338,4.7972,11.2127,16.3065,8.8717,24.7323,14.3671,7.2989,6.9585,12.3907,20.6483,11.5827,24.2673,13.7243,6.1203,0.6081,21.7082,24.3718,15.1453,15.1616,15.1616,16.6582,21.1189,21.3935,14.8755,8.8751,18.1419,-0.1693,9.175,19.2222,2.3963,6.2269,8.8261,19.2067,4.3823,-1.3412,17.6556,7.8077,21.6846,17.9822,21.009,22.021,20.4038,8.1669,28.9166,23.1097,23.0841,24.7198,25.2204,29.6231,15.1616,15.1616,16.6582,21.1189,21.3935,14.8755,8.8751,18.1419,-0.1693,9.175,19.2222,2.3963,6.2269,8.8261,19.2067,4.3823,-1.3412,17.6556,7.8077,21.6846,17.9822,21.009,22.021,20.4038,8.1669,28.9166,23.1097,23.0841,24.7198,25.2204,25.2204,25.2204,25.2204,25.2204
101,21.2941,23.2606,21.2045,3.0813,14.2365,19.6158,24.7312,-0.5976,17.3716,101.281,229.2215,23.9798,-27.5488,21.1696,-55.1394,17.6401,-36.7811,17.9569,31.7742,23.8107,26.5815,23.3338,22.4371,20.1484,18.4156,18.897,17.3229,-6.4184,-6.4184,3.0113,26.6341,13.0111,15.477,-8.0991,-10.4582,10.4918,23.6892,13.2274,20.1863,17.6605,12.6912,0.6276,12.753,29.3331,28.4844,-10.9227,20.166,1.1695,21.9818,-1.7386,13.9585,15.347,5.4414,-1.0889,-14.9353,8.8566,8.8566,-24.8208,-27.6005,-5.6207,9.5928,13.7288,14.9077,32.8242,17.3652,-22.1596,-66.5565,14.1212,0.5185,-28.0841,31.4325,12.5179,14.102,-5.3102,10.8817,0.3541,10.8625,11.4818,-5.015,3.9232,19.2061,18.9203,19.2274,-16.8039,15.4109,16.4798,29.4019,18.4629,18.1026,22.3347,10.2162,22.7915,41.1734,14.2159,9.0291,16.7182,12.2982,20.7549,-23.2548,2.2379,30.8274,8.8716,92.273,9.8828,16.2601,209.7235,20.5388,506.9067,1.5772,18.2731,6.3839,-18.8571,8.0235,17.0362,16.4581,-26.0654,11.8248,11.7584,6.5959,-0.4974,16.5812,16.6221,25.0373,4.4244,-8.6939,15.2917,16.8787,12.0072,19.9679,17.1257,2.5996,15.6971,9.7031,22.7337,16.007,30.7731,-14.4815,-3.262,22.7189,27.6639,14.3726,31.116,15.1421,6.3001,14.8238,21.6818,33.6744,14.3058,14.297,8.3284,0.6494,17.605,-36.961,15.9815,36.1405,28.1572,16.4697,20.8781,1.8827,31.5064,23.0899,43.7506,25.4843,26.1255,19.0089,23.4213,16.0558,12.4936,25.4222,19.3122,28.3189,21.284,20.3797,20.1276,21.105,25.5866,21.4369,24.478,21.0744,15.0412,29.4015,13.1442,16.0966,20.9291,15.5961,19.3469,16.1505,10.142,25.1407,17.82,19.5699,25.7875,19.4909,15.9513,16.9374,9.9594,14.3422,17.7713,19.7553,20.2469,17.0126,13.6058,29.0831,29.473,30.661,29.8894,26.3637,127.8209,31.1901,18.9083,21.1016,19.7651,8.3825,65.8211,12.9258,19.9522,21.9209,18.1102,36.7746,15.8987,15.7388,24.9028,24.8209,20.2098,20.2371,19.3127,15.8259,11.5056,17.1207,20.0805,14.6983,21.0323,27.5886,15.1972,13.2828,74.1275,18.6858,15.3751,18.7908,19.5499,14.1819,17.1127,11.5419,9.4253,19.3171,11.956,14.0312,6.4831,-8.9531,-5.5746,26.9259,23.1746,14.1701,26.1325,17.9502,46.5009,19.0585,39.9259,21.0288,40.9866,21.0879,15.4198,19.3267,21.3852,8.2823,6.3735,59.8055,20.9315,12.4111,15.2612,14.5437,23.1708,19.7644,21.8964,10.9264,16.6517,12.5265,6.992,14.4783,12.6846,19.2006,18.3619,6.1935,8.267,12.9322,10.7058,15.6764,-0.5662,9.2152,2.4444,13.3218,16.6382,17.2037,22.1497,16.3127,2.9741,7.0352,37.0042,20.7286,6.0568,14.7695,20.0523,45.9395,10.3445,25.3934,11.3846,5.5858,14.5417,5.5817,6.2738,18.2164,-2.2201,-8.5491,8.2988,17.1605,1.9601,1.2949,15.9952,7.9344,8.9716,2.9345,19.8099,22.3542,18.069,5.6377,27.1809,29.8412,28.1894,24.53,23.2157,26.7494,14.7695,20.0523,45.9395,10.3445,25.3934,11.3846,5.5858,14.5417,5.5817,6.2738,18.2164,-2.2201,-8.5491,8.2988,17.1605,1.9601,1.2949,15.9952,7.9344,8.9716,2.9345,19.8099,22.3542,18.069,5.6377,27.1809,29.8412,28.1894,24.53,23.2157,23.2157,23.2157,23.2157,23.2157
102,22.3454,23.4558,107.3549,-19.9452,31.36,19.4221,19.4115,-14.1766,14.866,154.6939,147.0766,13.6975,-14.4168,26.7898,-77.6358,28.6717,-7.1975,27.9785,28.4834,23.4747,45.6956,27.6801,17.7279,20.4231,18.9266,17.4207,17.103,2.5381,2.5381,9.2768,16.9575,14.0957,16.3195,-12.0994,-20.3177,10.3581,14.6316,17.707,17.7456,15.9418,12.6862,-14.501,75.6255,32.3043,16.4228,15.0077,17.6012,-8.6187,20.5686,-3.9298,29.4153,14.7921,2.8897,5.8796,2.563,12.1722,7.7789,-25.0334,-27.3747,-2.8371,9.5731,14.0312,34.695,39.3816,16.3074,-23.7935,-62.3286,13.513,1.3014,-24.941,28.6996,10.3186,16.3416,-14.9489,13.7487,-1.7785,15.7712,9.5611,-7.1335,-6.0541,21.4675,17.5101,17.9649,-27.198,11.8004,7.8428,4.8474,7.07,12.7033,18.8754,9.1003,14.0265,9.0808,12.1552,8.5912,11.4708,-6.6751,18.3014,-17.3566,9.1871,5.3525,8.4415,22.9393,8.9818,15.3792,10.609,22.2655,353.6005,10.4712,21.2625,6.571,-16.1838,4.1729,38.017,16.8932,-31.9481,31.7936,31.7224,11.3484,35.2321,14.0516,16.1819,14.3347,1.4691,-21.534,13.3918,17.5964,20.1915,19.0655,17.734,2.5613,21.8284,2.3402,10.9578,23.719,17.8751,-15.6829,-0.622,18.6978,27.3374,8.7647,28.7751,14.693,9.3527,15.2326,21.7476,15.6108,13.5383,13.6432,0.6246,6.0376,19.2066,-6.032,15.1812,31.8725,18.2746,16.3923,22.0045,1.173,22.3115,24.4911,13.8933,22.0483,21.9387,25.4945,21.6581,16.0957,12.7403,22.1217,18.5308,177.335,26.5349,282.9165,19.8834,20.9684,36.0457,22.0638,22.9127,21.7436,15.5658,18.6267,12.2703,13.797,25.1184,12.1906,19.6385,15.1578,11.0945,27.5549,58.5281,26.3625,24.5919,204.6283,56.1969,16.5504,2.5417,11.857,18.1698,18.9978,19.7035,15.8843,14.2149,27.8197,28.6303,31.8911,23.5895,25.3333,22.4111,22.9086,173.1165,20.2574,17.0319,12.8128,26.1045,13.478,17.6573,21.7701,18.7769,20.7315,17.1373,14.4024,18.1294,17.7389,19.3551,19.6291,12.8708,13.5748,16.6983,12.6433,19.5681,16.4773,20.7217,17.8235,14.9851,14.677,-0.7288,16.8321,15.5652,18.6485,19.4683,11.2005,10.7261,6.6305,15.1429,19.5307,11.3156,8.429,-16.9384,-3.0817,-18.2436,8.255,15.7744,15.0151,17.259,18.5303,24.4705,-4.1899,22.268,18.9076,49.0186,14.2521,16.5663,16.8721,19.4369,12.3648,15.773,25.4728,21.042,12.0254,32.1272,15.4702,20.244,7.744,20.4721,7.2189,17.4083,4.9209,16.6957,12.517,-5.6139,15.6428,10.9186,-5.854,1.9139,12.8112,5.597,20.4785,10.0553,6.8701,7.4128,11.3847,12.0573,16.7731,25.252,9.0935,4.4434,2.4841,29.2501,14.993,-13.2418,6.215,24.0892,24.3605,37.1196,22.1256,13.7386,19.4622,12.8045,11.6624,16.7957,20.7866,-4.2222,-12.0583,11.8137,17.9464,-4.7091,7.5741,15.8826,7.5323,24.8435,-2.6758,20.4583,33.1376,26.2564,17.4768,26.0582,43.6998,25.7228,24.7317,25.22,25.22,6.215,24.0892,24.3605,37.1196,22.1256,13.7386,19.4622,12.8045,11.6624,16.7957,20.7866,-4.2222,-12.0583,11.8137,17.9464,-4.7091,7.5741,15.8826,7.5323,24.8435,-2.6758,20.4583,33.1376,26.2564,17.4768,26.0582,43.6998,25.7228,24.7317,25.22,25.22,25.22,25.22,25.22
103,23.5743,24.7523,34.215,-2.6177,19.1312,17.6862,19.8567,-10.6075,21.9625,130.2964,168.4254,60.5121,-2.6066,26.1956,-81.4149,32.2407,4.4021,31.7432,29.9124,23.2497,27.753,23.8566,17.5484,20.1643,19.9004,17.614,16.6372,12.5533,-1.1007,8.532,16.0409,12.8472,16.3549,-8.6212,-23.164,11.0156,17.8362,14.7328,18.3912,14.3243,12.8462,-14.0733,14.8378,25.9783,16.2149,24.3209,16.2292,0.0794,15.1453,-2.1578,25.0297,10.5916,-28.0287,-4.2917,5.7508,8.8318,8.3993,-22.5845,-18.1776,6.899,11.1264,16.5413,28.2342,21.6373,15.6956,-22.7252,-74.1836,11.3203,5.8747,-22.2663,16.8837,9.6539,17.2666,-11.9678,19.7763,-1.0455,18.1272,15.8239,-8.8464,-0.6222,23.0064,17.6446,16.0338,-20.0646,-3.7167,-0.0177,10.6447,6.1264,9.9546,17.5718,13.1048,16.598,3.4501,11.6193,4.4981,17.3676,-10.3119,17.3368,-25.1662,4.5212,8.9807,10.4996,19.184,7.1767,17.3147,10.2987,18.2735,245.9522,6.6026,23.3107,2.8922,-23.9044,1.8551,49.2222,14.846,-34.0706,20.5252,19.9012,12.1717,17.2862,10.8834,12.1166,20.0187,-13.3714,-11.4837,13.0504,17.2988,25.967,19.5407,14.5093,3.4304,14.5365,11.5855,-11.275,-8.0976,-1.5947,-39.1559,-10.1979,14.224,9.834,-16.8797,24.4977,14.9523,9.9435,14.8445,22.2612,14.7648,18.957,11.5916,-20.4726,0.7977,12.9704,-34.9249,13.5532,30.6551,37.1018,15.3534,21.8086,-2.8722,23.4929,16.6511,20.4789,18.8207,17.2756,15.8651,22.3073,16.971,12.7227,19.5216,18.6708,36.1281,19.6103,68.1013,17.808,14.0275,28.9217,17.8901,19.8192,18.0859,12.67,10.8833,10.3327,13.0173,22.1985,14.0843,18.5948,14.369,9.7629,20.1534,19.5035,21.3272,22.1736,49.6067,34.2319,15.9725,8.8419,12.7886,17.454,19.2169,19.613,15.0553,14.9854,26.3667,25.7216,37.7709,19.5914,23.5132,23.9557,21.8612,36.1773,18.1919,17.9745,8.9515,9.5064,13.6431,14.7407,21.2118,18.247,20.7632,17.4434,15.5968,14.0552,21.4264,18.7201,19.6272,2.2168,13.8211,13.1689,15.3006,13.9183,16.5143,19.527,19.1967,11.3226,26.5092,-0.6288,13.0489,15.7444,18.307,19.348,10.1311,11.3896,14.5053,18.5339,19.9198,11.7915,6.6945,-2.1618,-0.7815,-26.4868,14.0505,12.0642,8.0448,12.5221,18.9033,23.2343,16.5515,21.778,17.2626,51.2422,16.3672,16.3485,15.6254,20.2396,12.6868,17.4025,22.686,21.0499,11.4522,25.7789,13.7438,20.6423,18.2427,-0.3891,17.0293,17.7457,6.5456,22.9911,12.3237,2.7247,15.8583,11.8574,3.7842,6.6135,15.8849,1.3651,20.1134,6.8808,11.8734,6.7666,11.1623,10.1167,18.5101,19.9938,10.1018,-0.3291,1.2287,21.9389,12.1628,-27.8814,-0.6784,21.6164,19.8651,12.313,16.5481,11.6687,6.8526,8.6433,8.3341,8.9292,19.118,-12.7086,-17.707,13.6283,20.5565,-6.9364,1.4613,13.1274,10.0716,24.1238,1.7809,19.4727,38.256,32.9372,10.8176,23.3728,37.4883,20.1492,25.1211,21.9072,21.9072,-0.6784,21.6164,19.8651,12.313,16.5481,11.6687,6.8526,8.6433,8.3341,8.9292,19.118,-12.7086,-17.707,13.6283,20.5565,-6.9364,1.4613,13.1274,10.0716,24.1238,1.7809,19.4727,38.256,32.9372,10.8176,23.3728,37.4883,20.1492,25.1211,21.9072,21.9072,21.9072,21.9072,21.9072
104,21.3923,24.1978,48.7684,5.5425,20.4651,32.7344,20.7634,-3.0644,17.3472,143.6752,150.2467,86.3011,-4.6625,20.8076,-77.0368,28.2735,1.6811,42.6252,28.9786,23.4318,24.2727,24.4873,16.855,20.2268,21.3377,17.9976,16.133,13.8421,4.403,0.9939,32.0809,12.3406,17.0559,0.4666,-19.8017,11.3821,14.4356,12.4813,18.3906,13.9419,12.7299,-18.1806,15.0295,22.3796,14.3621,29.3554,14.3808,6.4025,9.7304,8.4083,25.3578,13.4984,-19.2207,1.5365,11.2812,9.2234,9.8577,-20.6482,-6.2901,7.499,11.9692,15.5874,23.075,19.5823,14.4473,-13.6894,-48.3574,14.9068,2.6161,-27.4309,16.5394,12.7247,17.3293,-7.5303,24.3658,1.2036,20.0513,17.9148,-11.1216,-12.1335,21.9271,17.5106,13.9197,-10.6589,7.7856,13.8627,10.3426,6.4387,8.7504,16.5706,12.4295,14.1408,8.7461,12.5862,10.8243,17.3704,3.6224,17.0931,-14.7018,5.6767,12.497,5.2387,12.402,8.7402,17.0169,9.0774,17.6879,385.7985,-1.0031,19.7409,8.8732,-13.2801,-5.7569,21.5026,15.1266,-33.6757,3.1806,34.5524,12.3987,19.0188,10.8958,13.7432,13.5206,-10.0626,5.094,8.2267,17.6996,22.3704,25.0687,14.1189,8.3122,14.6443,12.4552,2.6268,-14.3659,-11.3277,-37.7098,-20.6939,2.5038,11.2733,-30.0895,15.6805,16.2351,11.3136,14.1489,14.347,16.6388,15.2519,12.2004,-23.1131,4.4522,12.76,-44.3517,12.1323,27.7686,29.4473,17.6392,21.114,1.5429,6.4766,13.0551,19.0606,8.6932,15.9633,15.8346,17.4228,17.1929,13.2204,13.9184,18.5134,42.3175,20.8796,40.7573,18.8397,21.0159,29.6301,14.0389,18.4091,17.2234,15.0214,16.0127,10.1462,12.3937,14.7817,12.7904,18.4722,13.5238,8.5128,16.9273,27.0548,14.0244,22.6693,34.4149,19.352,17.6189,5.4349,12.3427,17.3002,19.9426,19.9143,14.6296,15.0544,20.2872,25.8543,27.0167,23.3319,13.5401,22.6129,15.6111,18.3249,16.9508,19.0923,9.2578,8.7287,13.5648,17.2675,18.9703,17.5799,20.5207,17.2936,14.7241,15.2436,17.2712,18.3216,17.9383,-0.3854,13.5637,15.9002,12.4105,15.9766,14.2848,21.1691,16.2391,12.915,16.3016,-1.01,10.0074,15.1789,17.6594,19.0728,8.4092,11.9296,14.7622,18.6303,18.2864,12.5674,7.4137,-3.4505,-0.7406,-7.0282,7.8011,10.9228,4.5422,17.2072,19.5092,18.4714,25.7726,20.7647,15.9535,34.4958,16.5829,16.9002,9.9464,19.7819,15.5657,19.6512,22.2264,21.7281,10.0922,4.8162,1.5897,15.4025,20.1106,-4.9996,19.1752,17.2908,11.0598,20.4213,7.4048,9.1582,15.2428,16.1809,11.789,7.5198,20.7028,7.4629,23.367,13.8588,9.6999,8.6365,2.4889,14.3172,17.8042,21.5644,12.5526,4.0169,2.8065,24.7148,10.8796,-16.7024,3.9699,22.9215,21.2753,13.207,41.3959,12.4372,11.1845,9.2898,3.96,10.6107,19.4297,-1.6858,-24.4158,14.005,23.0969,0.3023,9.2449,5.5491,4.6698,20.9926,3.7376,20.171,35.825,34.8397,10.0773,37.9221,37.9136,20.9477,24.9713,21.1688,21.1688,3.9699,22.9215,21.2753,13.207,41.3959,12.4372,11.1845,9.2898,3.96,10.6107,19.4297,-1.6858,-24.4158,14.005,23.0969,0.3023,9.2449,5.5491,4.6698,20.9926,3.7376,20.171,35.825,34.8397,10.0773,37.9221,37.9136,20.9477,24.9713,21.1688,21.1688,21.1688,21.1688,21.1688
105,20.5627,21.652,24.3196,9.0695,23.0756,36.428,27.7034,10.4617,17.4452,130.2932,150.5676,109.5408,16.2552,17.599,-46.4654,27.7452,-2.874,28.4464,34.1275,24.3175,24.6112,24.849,17.527,20.1329,22.3115,19.1032,16.9136,13.9046,13.0676,8.4319,18.1139,12.9271,18.3802,-12.1624,-17.1903,11.5403,13.08,13.5493,18.4753,13.562,11.221,-26.6526,10.017,12.983,32.1224,28.2642,17.5626,11.7522,13.1233,5.7506,24.2972,12.499,-11.5228,-2.3422,14.7579,17.9709,26.5862,-19.586,-2.5627,7.647,11.9621,13.7304,50.91,15.7,14.0996,-10.7154,-42.3446,15.4216,9.1693,-23.8942,21.2878,23.2998,15.4432,-7.8248,18.6324,13.1963,23.9861,15.1903,-11.086,1.0184,32.509,18.082,17.3754,-19.0489,7.247,12.7822,14.7244,9.5977,8.925,18.4651,19.0717,20.274,9.6314,15.4088,12.7122,15.8212,5.2469,16.729,-18.2451,2.4176,11.2159,10.554,14.4483,14.0733,16.6412,9.4609,18.1555,449.5705,8.7801,15.076,11.2556,-12.7037,-9.5853,11.5794,19.4782,-29.0002,11.7004,77.3418,11.6954,35.1183,13.1537,24.4378,9.7851,2.8276,12.2033,7.7355,18.5151,23.6572,25.5716,14.1223,13.4288,15.0381,15.6602,3.38,-12.9342,8.3004,-29.9207,-2.6383,5.4168,14.4899,-32.014,13.2722,15.5675,12.9576,16.5314,12.2928,15.9724,16.7773,6.2258,-21.2912,7.1463,16.5014,-27.738,11.3117,21.4627,17.9118,17.7613,22.1536,-0.5915,18.3856,4.2748,17.1837,5.4259,20.0258,17.3073,28.5573,17.6164,12.4865,12.2135,18.0217,37.9859,16.7605,23.6364,20.064,25.5537,27.6717,12.9014,13.2995,19.757,14.7168,24.4059,11.04,11.225,11.6609,12.6642,17.5428,13.1588,9.6107,15.4769,18.9206,1.1665,20.3968,21.9558,17.6597,17.9103,10.0096,12.9391,17.5411,21.8438,20.3897,15.861,16.0649,19.2499,26.2231,26.901,19.8915,18.3582,22.9601,14.6706,19.7688,17.3192,19.1964,3.4427,0.0118,13.0814,17.013,18.8092,17.5821,20.6677,20.8676,13.8371,14.7702,15.3623,17.5862,16.07,0.5283,14.5318,15.9731,13.8831,22.7004,15.1821,18.4222,11.4568,16.1483,17.8172,2.4475,11.9959,15.4542,17.2403,19.0513,10.6143,11.1745,14.3952,17.5859,15.0111,15.4631,8.2401,6.234,1.6635,-16.4361,16.2781,6.7973,7.334,13.2395,14.7446,17.4978,13.3114,31.1848,16.8659,43.6747,12.7113,23.6449,11.6552,19.3403,17.6007,20.6227,21.188,20.5756,15.1922,14.9344,-17.1073,13.4071,15.5326,-4.4265,8.6169,18.3369,15.9685,18.5941,12.9071,26.2695,14.9547,-10.4137,14.0941,0.7374,23.6291,11.5763,22.5712,18.4133,9.0097,9.8287,9.8573,16.2599,13.6749,20.8356,11.6063,9.4424,1.5995,30.139,11.8324,-17.9549,6.2715,20.1922,31.0358,16.7234,15.6607,12.7109,13.4425,9.1053,7.1512,11.9878,19.598,0.1732,-27.755,16.1871,27.006,-10.9103,11.7291,10.7599,-0.746,16.2955,5.4606,22.1826,32.752,30.5126,6.9752,23.9741,35.0686,20.7851,27.3346,23.4588,23.4588,6.2715,20.1922,31.0358,16.7234,15.6607,12.7109,13.4425,9.1053,7.1512,11.9878,19.598,0.1732,-27.755,16.1871,27.006,-10.9103,11.7291,10.7599,-0.746,16.2955,5.4606,22.1826,32.752,30.5126,6.9752,23.9741,35.0686,20.7851,27.3346,23.4588,23.4588,23.4588,23.4588,23.4588
106,20.5393,20.7176,27.6321,12.0975,32.9651,24.9808,31.6787,18.1066,3.2435,123.0241,189.0165,96.339,-8.4773,63.1126,-38.5859,23.5502,9.1334,61.6583,36.6284,27.2373,28.9364,28.1664,18.4173,18.5148,22.8765,19.8324,19.036,7.9114,12.9159,2.0714,20.4696,13.3666,22.1396,-5.0083,-3.7111,15.6016,11.2788,18.8056,18.5756,13.8145,11.4455,-17.0209,4.171,11.7738,27.8094,32.8073,19.6775,14.6397,4.6032,0.274,22.6504,14.0999,-2.2492,-5.0024,16.6426,16.8733,28.098,-19.4773,-28.0509,12.2538,17.2018,13.9011,58.513,11.4913,12.5387,0.3428,-29.2773,23.229,13.4934,-7.4863,21.1554,15.2541,17.2939,-6.6098,19.0466,16.4246,29.2847,14.8962,-0.408,43.5422,24.5786,23.7652,20.5323,-14.471,8.8971,5.7234,24.3197,8.6377,16.7277,22.3987,23.278,14.4611,10.8011,18.0075,29.4535,20.4079,7.2014,18.9881,-16.3743,-0.1795,19.1844,39.2918,19.5151,15.4534,278.6624,10.1372,20.9415,81.2529,15.4771,32.1189,14.8794,-15.4888,21.3322,9.1539,23.9892,-19.5815,21.3949,154.8465,19.7135,13.7201,13.563,29.1189,1.4729,10.7368,12.7074,14.7678,18.5875,18.1678,24.4202,14.7211,16.6278,20.8613,17.7962,-7.7318,-13.9102,12.6786,-23.1987,8.9963,15.2684,19.3082,-24.3009,15.8495,16.5564,14.124,22.5299,15.9921,23.9679,19.4506,-5.6364,2.5904,12.2029,15.4314,-7.5891,11.5847,36.3987,16.8772,23.8031,23.0459,-9.3252,20.2916,10.5331,18.6645,4.2729,26.6593,13.0504,28.7826,18.9932,13.5348,-1.3413,17.2725,21.1037,16.9862,66.9366,20.1761,31.6578,16.0229,10.1607,14.4112,23.9902,14.3408,18.8085,4.6569,6.5695,10.8246,10.7736,17.3168,13.387,11.4418,18.6078,22.7581,-4.178,25.9916,15.6136,17.2384,18.186,13.2505,14.3856,16.7055,22.0025,21.528,22.3376,18.5518,22.3718,22.6705,30.5978,23.994,24.1971,22.7671,16.5931,19.6219,18.3482,18.7894,6.6193,8.294,15.2204,21.3382,21.7706,19.4677,21.3982,22.1049,14.5688,26.8059,15.7431,18.0084,15.3233,0.6558,17.7621,17.368,18.1702,26.9108,16.6668,22.2699,4.7413,19.3149,19.3289,13.1081,13.7462,20.8576,17.6874,18.7976,10.5182,17.1058,18.372,22.8776,17.3205,15.1214,12.4512,21.1523,13.5711,5.9405,28.438,9.95,14.317,12.4971,22.987,21.2373,11.6192,40.8829,21.5166,33.5334,14.3546,26.8558,13.9841,20.1459,19.9959,20.9469,20.257,19.9457,16.7859,23.5933,10.6446,18.0393,20.7646,-4.3769,3.9102,19.0234,12.4391,26.8064,18.5102,36.1506,19.7978,-13.9612,18.4078,6.4507,29.2101,15.0662,36.4707,15.7424,13.5092,12.5732,16.6161,23.7843,13.9669,26.6063,11.5301,17.5159,11.0269,31.8307,19.2078,10.5745,2.6705,26.382,20.7321,39.21,16.2723,16.037,13.5102,7.7672,-0.3762,11.8079,23.19,1.0742,-11.7145,20.584,25.5011,-12.6284,16.0967,-0.3283,-6.3415,13.7943,7.6889,24.1685,30.2038,35.7714,11.0371,23.9048,30.7937,18.5274,28.4957,21.6066,21.6066,2.6705,26.382,20.7321,39.21,16.2723,16.037,13.5102,7.7672,-0.3762,11.8079,23.19,1.0742,-11.7145,20.584,25.5011,-12.6284,16.0967,-0.3283,-6.3415,13.7943,7.6889,24.1685,30.2038,35.7714,11.0371,23.9048,30.7937,18.5274,28.4957,21.6066,21.6066,21.6066,21.6066,21.6066
107,22.6695,22.5856,29.9628,23.4639,45.9753,28.3497,43.4364,26.341,0.8093,125.1054,190.9464,137.0306,22.7464,35.2297,-15.195,27.4451,26.6028,42.9709,50.6016,25.6217,47.2315,27.6545,19.6686,19.8606,26.1832,26.5543,23.1385,10.9573,12.7637,-2.5812,23.204,14.0273,29.6944,4.1673,7.1798,25.3289,11.7028,11.3245,16.1094,14.6014,14.1683,1.6515,12.5113,12.7533,31.7522,17.1634,22.476,14.8441,14.9852,10.9304,24.7302,16.2869,-4.3711,-3.2186,39.4772,20.2058,20.94,-25.7727,-19.7307,15.3863,27.7015,29.1476,87.5116,14.2998,20.0767,3.8678,1.7077,25.6308,23.1992,-20.6044,16.7233,17.3496,21.3242,11.5911,30.4779,17.0589,21.7023,33.4245,5.289,11.8785,21.5731,29.9797,15.8354,7.6872,7.9703,-5.76,40.2702,11.2475,27.5004,30.6817,31.1881,8.1982,22.633,15.5737,27.4109,33.9325,27.5248,19.6868,1.3262,3.1742,53.7165,22.4464,23.7916,14.4343,23.0024,13.781,24.495,9.0566,17.4769,60.099,16.1544,-1.2058,15.1322,3.2135,25.795,-29.7552,31.6171,77.1128,40.2585,-33.4205,14.7787,12.8555,-30.1757,24.579,13.1635,11.5341,18.0752,18.0042,27.1417,15.233,16.5551,19.8781,20.1756,-29.1442,-27.7012,4.6288,-7.3941,16.2914,26.8186,22.0669,-29.8714,10.9966,15.4121,17.5735,20.1032,16.7411,25.9386,15.925,-1.1054,5.1065,11.9605,15.5889,5.1361,11.6589,18.0762,22.7785,21.3736,22.1194,-11.3405,19.0161,12.4754,4.72,-27.6095,26.3444,11.6011,22.2791,20.4898,14.0136,-7.7831,16.6347,18.2977,16.2013,20.4751,21.6473,25.6566,9.9347,6.4138,18.975,24.5875,16.6987,14.7628,1.4542,3.9132,-16.0918,11.9464,17.1154,14.4789,11.9462,21.3601,18.2767,6.548,22.9168,19.0673,17.5469,17.8459,13.5976,15.9585,17.21,22.4029,22.0062,20.052,19.8481,22.5961,16.6549,27.6004,22.6181,27.4466,19.4003,13.0558,17.9939,16.5239,16.8288,12.7821,13.1311,14.8687,17.847,21.1125,19.3095,14.3117,20.8748,15.1673,28.141,13.9722,18.2506,6.0477,0.001,20.1091,18.1805,18.7033,28.6296,20.4521,20.0593,-1.2885,23.5683,20.5608,13.1436,13.99,20.7367,17.4855,17.9925,4.502,20.2712,20.3193,20.172,17.8344,15.2332,-17.867,10.5045,18.9701,14.9549,25.33,16.9287,14.1905,15.8736,22.2684,24.1554,18.0236,44.7257,21.1336,32.5651,14.4735,26.0306,16.1837,22.0454,22.2705,26.1431,18.6472,19.6911,21.6975,30.106,27.6291,23.0637,22.3086,18.0335,4.5128,18.2985,18.1642,25.0062,25.6173,31.8776,23.5936,-6.8224,22.4121,16.2241,40.267,41.0482,43.7046,25.9419,18.6138,38.6084,25.4832,39.0681,23.5312,23.2509,15.832,15.6841,21.6447,40.4845,24.048,17.5006,12.051,32.3465,17.4603,78.6559,20.5562,17.139,147.2428,12.7667,1.2671,11.1241,33.2106,7.2885,8.1694,23.8467,39.1008,-7.939,16.1096,7.3812,0.374,15.4506,17.061,26.5615,21.8289,28.8582,10.6376,21.6195,35.556,19.0076,36.508,26.9197,26.9197,12.051,32.3465,17.4603,78.6559,20.5562,17.139,147.2428,12.7667,1.2671,11.1241,33.2106,7.2885,8.1694,23.8467,39.1008,-7.939,16.1096,7.3812,0.374,15.4506,17.061,26.5615,21.8289,28.8582,10.6376,21.6195,35.556,19.0076,36.508,26.9197,26.9197,26.9197,26.9197,26.9197
108,18.4592,26.984,32.2528,15.8666,58.6542,35.7113,47.3873,28.2607,-3.9171,141.5622,213.4313,238.4689,114.5947,40.3052,17.0886,18.9357,13.108,34.0597,42.6184,30.252,33.9385,30.4028,21.5065,20.9897,28.0547,22.7194,26.0117,12.8292,17.5287,-9.8769,19.0588,18.714,68.6458,10.1141,9.7681,23.5404,11.986,11.5868,17.1486,14.2314,15.9184,14.1593,5.8156,13.4027,19.774,20.8609,29.0644,21.5167,35.8732,15.3118,25.0195,17.1238,5.2918,5.3835,20.687,22.2892,17.8948,-19.2439,1.1436,9.219,24.0183,21.505,37.4273,14.6468,15.0293,16.2529,5.4724,13.4497,10.8717,7.5513,16.2414,22.4316,21.4086,4.3237,43.6283,18.2562,18.4787,26.9361,13.02,16.8388,19.404,34.973,15.8916,10.0753,6.1806,5.5559,25.058,11.8139,15.358,24.7576,19.4617,21.2519,20.0477,11.9196,16.7483,20.4052,22.9345,27.1497,2.4732,-6.5559,43.3591,35.5953,20.5912,11.8706,23.1334,19.362,21.0143,7.6947,6.3816,17.9734,15.4622,6.0681,16.5494,16.1841,21.5594,-15.3537,31.5754,31.5561,16.2408,11.8746,16.2425,21.7313,-13.3425,25.679,17.9335,14.4085,18.3204,17.0503,24.4877,17.1653,18.3368,18.5818,22.8638,-12.2581,1.0603,6.6105,3.186,18.0037,22.3792,24.4674,-22.7775,16.2706,17.6759,22.5615,22.8899,32.9459,43.0651,17.373,3.1697,10.865,11.3125,20.826,14.6202,22.2441,25.1772,27.1136,24.3307,23.1029,11.6042,14.4802,26.4833,11.0602,17.6456,26.9859,14.4247,24.039,22.99,19.7841,14.225,18.1342,27.5302,22.6657,22.4315,24.2512,38.8286,22.0156,15.8625,21.5999,25.9803,21.254,13.7917,8.5689,9.6381,0.7622,26.2845,19.4273,18.1838,16.8416,23.5559,19.7338,15.0347,19.8332,20.9958,15.4493,21.5212,16.9166,19.1847,18.1,29.8975,27.7507,19.5614,20.2568,24.1656,21.5986,31.4828,22.6531,25.7742,20.8133,12.6838,19.8394,18.7681,19.4968,14.4439,12.7787,16.805,17.3629,22.935,20.0598,15.0,21.2886,18.8035,27.9773,16.9114,20.2202,13.0544,6.9858,20.1349,19.8625,19.4901,15.6223,12.6172,17.8237,11.3478,20.6971,19.8272,14.0697,17.7165,21.3037,18.1847,17.4097,8.2713,25.4722,20.0017,19.5153,20.7432,18.7449,-0.4103,-3.8713,-1.8221,11.1258,22.0305,17.3139,14.226,16.45,22.3344,19.0499,18.6847,33.5536,17.7838,18.7997,15.6739,23.9561,16.7222,21.9128,20.72,22.3399,18.1824,19.1908,19.649,33.5652,22.4589,24.0706,22.9752,2.2802,14.2341,18.5817,17.3749,23.9987,22.7531,27.0544,37.247,-2.1281,23.9077,26.3685,27.992,124.9482,35.1917,31.7459,16.8328,33.2104,21.8124,98.1475,32.8978,28.3219,17.8414,19.3591,17.9156,38.222,20.2721,21.799,13.9354,25.6121,17.2648,20.6644,19.9554,26.6672,34.7687,17.6281,6.6268,9.9233,39.901,7.8044,16.458,28.2338,51.3379,-4.0197,18.4794,33.1323,8.8116,43.0396,45.5266,30.0019,26.2605,33.2769,18.612,25.5602,27.6184,20.3124,34.8724,26.4862,26.4862,13.9354,25.6121,17.2648,20.6644,19.9554,26.6672,34.7687,17.6281,6.6268,9.9233,39.901,7.8044,16.458,28.2338,51.3379,-4.0197,18.4794,33.1323,8.8116,43.0396,45.5266,30.0019,26.2605,33.2769,18.612,25.5602,27.6184,20.3124,34.8724,26.4862,26.4862,26.4862,26.4862,26.4862
109,26.4448,26.7279,26.7379,22.1223,62.2086,35.4751,26.7713,33.224,-6.2282,217.7269,252.4976,256.5163,161.2691,39.3678,34.1722,22.9281,13.932,46.5202,62.8975,27.9833,48.201,42.0557,21.5418,22.4828,23.9606,20.7795,23.0581,12.4899,21.058,5.9355,17.0832,26.3759,21.6819,9.0312,14.0076,19.4459,12.6351,11.6257,18.0659,14.6595,15.6023,14.4623,7.7975,24.3829,29.2479,12.3109,17.0566,18.5748,22.25,12.6152,25.5379,14.8455,7.6577,5.8726,14.0413,19.5912,14.0948,-20.0621,7.707,10.9747,19.1368,21.5278,40.6605,20.6836,15.1959,25.1865,15.0227,13.1314,10.7864,15.6141,14.3893,19.8138,92.1447,-5.6705,19.649,16.636,16.9786,23.6008,19.3951,15.9693,6.2678,31.7591,12.9361,13.351,18.8464,15.2742,52.5291,12.9252,14.3694,24.4123,11.0082,18.4447,19.6857,16.5023,20.8976,24.2535,18.9207,28.1936,3.8474,7.3479,14.9135,77.7014,20.754,10.1286,22.3414,19.3361,33.029,13.2168,8.1951,20.6486,28.5377,11.4419,13.3734,9.4248,25.4929,1.9473,29.3729,32.9269,21.9814,44.784,24.6425,33.9929,9.9734,24.6621,35.9343,71.4932,22.6021,21.3554,42.1295,27.3425,13.3046,26.8636,34.8371,14.5433,7.2685,8.4782,0.2132,18.9797,34.0557,29.0913,1.4886,20.4142,22.8656,19.9371,27.605,68.0805,37.4492,24.4446,13.8183,11.5335,12.2876,24.5226,16.4301,26.2225,30.8279,18.9348,26.0922,32.0478,21.7897,12.2714,33.7738,27.6783,23.09,22.0848,15.3907,19.0965,28.6141,23.1701,16.323,24.9939,55.9548,26.8609,19.93,19.7492,25.321,20.3359,17.9356,21.8814,26.9359,29.8695,29.9168,12.6734,17.8791,10.3017,32.0121,23.6498,27.8731,43.048,23.8455,29.7284,16.1697,26.6375,20.3507,18.8458,33.0426,20.1542,19.3409,22.6592,27.5012,24.6429,24.1976,23.0929,32.556,243.4217,31.5922,21.3175,24.8136,21.0747,22.9183,24.488,22.0214,23.9186,25.5992,19.2976,19.9416,17.1401,20.8279,21.1081,21.4596,21.0553,20.9402,20.4069,25.0761,33.322,20.2947,18.7104,20.9806,20.1177,17.6838,17.567,13.3048,18.905,15.0911,29.7174,26.0651,20.6796,29.0139,21.3378,21.8174,25.9191,19.2884,24.7848,25.4707,24.9812,25.2726,69.1157,5.9997,3.555,-11.6545,5.0635,23.5742,17.3093,14.0662,28.4207,40.3586,33.3425,23.3836,32.2342,18.7202,31.2032,19.0974,25.7731,18.7778,21.8711,21.6859,22.5804,13.186,19.0755,14.9086,31.1407,12.4351,22.0335,22.4026,21.5544,16.8074,17.1727,17.0034,14.2849,20.267,17.6037,21.5657,-10.22,24.4674,27.6965,24.815,31.6903,40.2621,25.6215,11.2231,30.4519,16.5635,19.3426,24.4097,24.8688,16.324,12.9872,17.2465,19.123,18.024,18.6818,10.7925,20.6816,20.1431,85.5467,18.5309,16.7833,22.5708,16.5519,10.8872,11.7164,34.8878,12.5827,17.9938,21.9901,20.5855,0.4372,14.1257,16.8899,12.0629,36.0299,20.4271,35.6185,20.9192,22.6386,15.3193,20.6023,24.2457,22.9005,36.2504,23.1381,23.1381,10.7925,20.6816,20.1431,85.5467,18.5309,16.7833,22.5708,16.5519,10.8872,11.7164,34.8878,12.5827,17.9938,21.9901,20.5855,0.4372,14.1257,16.8899,12.0629,36.0299,20.4271,35.6185,20.9192,22.6386,15.3193,20.6023,24.2457,22.9005,36.2504,23.1381,23.1381,23.1381,23.1381,23.1381
110,24.2306,21.8376,24.8129,23.8811,55.7687,26.6235,25.6922,31.6097,0.5282,352.2351,224.4167,255.6478,8.3668,35.228,23.4873,35.7923,14.6487,110.1075,38.2772,31.2377,32.1631,29.0513,21.7436,22.2269,22.935,24.5827,21.7725,10.3348,16.5896,2.8709,18.2664,18.7741,19.2895,11.808,7.3632,25.7277,16.0052,15.0376,27.5114,16.068,12.8346,12.9047,9.1,25.294,36.8179,12.3017,15.1556,13.8249,19.849,143.0057,16.8235,19.9287,8.7425,-0.4683,20.9916,20.9156,11.0749,-14.5432,11.4064,12.2824,23.9509,15.5106,27.7018,99.0403,86.3826,23.655,16.267,120.2466,40.4056,17.9043,21.9786,29.3544,24.1676,4.7729,23.6091,17.2401,24.6637,24.4985,21.3669,12.7549,21.3105,27.6546,24.3609,14.5243,18.028,17.7002,31.0824,12.8659,13.052,33.7269,17.3994,23.7575,22.9726,19.0106,18.2221,21.9593,10.7953,32.371,3.9038,12.4216,18.6302,21.1572,18.047,11.0139,14.171,10.5266,20.8521,24.5746,13.1776,24.0871,37.3147,10.7963,18.6803,18.1949,27.296,-0.9701,35.1846,38.8284,23.4243,23.7612,18.1252,21.6651,18.6176,28.8281,17.9377,25.346,23.1975,19.6332,24.2578,19.043,13.3199,21.5583,29.9581,17.2962,11.2849,28.8938,18.909,19.0756,25.7081,21.5404,11.713,27.4509,18.733,16.6093,24.6716,37.1199,22.6035,20.6399,12.2274,34.1751,16.5468,30.2969,17.2979,93.2884,21.5071,31.9999,25.1479,25.6419,17.7414,18.6301,27.5703,22.5679,30.4467,27.7161,18.6559,19.635,24.5224,18.1094,24.4987,24.0718,28.6375,61.4135,23.0208,19.2381,22.2441,21.6275,18.6266,30.5642,24.8685,21.6651,21.1185,19.0221,21.5994,17.4354,48.6373,23.8246,24.378,26.1348,22.1878,24.9126,27.0248,26.9157,23.4627,18.2716,26.6305,20.0083,18.3602,21.2035,25.9361,31.2343,25.386,32.2468,33.3806,25.2677,34.7386,31.9476,26.9717,29.7182,23.4944,23.2585,21.4136,26.1571,26.3524,21.2745,35.7642,14.4654,19.1579,26.4359,20.701,22.8874,24.0165,21.9173,23.5685,36.9321,22.1341,23.1719,25.8777,20.9009,16.5838,19.7318,21.1131,20.0779,20.0642,41.4858,25.3321,22.8356,23.3271,23.5058,21.8118,33.6596,21.4094,42.9731,32.9275,29.5924,21.5964,26.8654,17.0846,24.2104,19.6939,28.894,25.5355,19.2219,16.7018,22.0245,36.5353,23.356,20.701,21.8219,36.5615,23.6303,21.875,28.8771,28.1324,36.3342,32.8019,31.4843,36.0603,33.858,53.1752,21.677,15.8504,17.6263,26.8876,32.2688,28.0864,24.002,26.9763,18.4226,25.0718,21.0485,28.6389,7.0859,157.1208,26.5563,27.2592,30.567,26.9013,28.2794,15.9728,59.8478,29.5124,19.9753,25.693,19.8532,180.3695,212.4223,20.0667,192.1867,24.6764,21.7871,25.7557,20.8079,32.4259,51.112,17.9274,16.7844,25.0814,11.554,9.4266,19.9466,25.6925,12.2238,26.1221,20.5886,16.7341,-0.2972,18.5312,25.4661,20.3453,18.3428,17.6658,26.1381,20.2077,17.9061,23.8739,19.6996,28.9337,35.8938,33.2448,21.593,21.593,25.7557,20.8079,32.4259,51.112,17.9274,16.7844,25.0814,11.554,9.4266,19.9466,25.6925,12.2238,26.1221,20.5886,16.7341,-0.2972,18.5312,25.4661,20.3453,18.3428,17.6658,26.1381,20.2077,17.9061,23.8739,19.6996,28.9337,35.8938,33.2448,21.593,21.593,21.593,21.593,21.593
111,33.0311,24.5073,18.6363,17.2259,48.6368,25.2655,31.7867,24.0951,24.8829,807.6924,122.9593,308.1626,16.3295,34.7543,-4.3456,37.4398,22.5041,29.9004,33.9702,31.2349,33.741,29.8674,23.5587,22.5999,21.9188,23.6121,19.1974,13.4282,33.7343,5.0972,13.6439,17.6569,16.885,7.6875,6.503,82.8231,16.2526,15.1613,43.2446,16.2115,18.809,13.3144,10.1301,27.4668,34.4517,11.9876,20.2351,91.306,51.4693,73.9213,18.4428,41.7906,30.5444,9.3054,171.6892,20.989,23.5478,4.2423,11.2875,13.4878,17.7302,27.3068,46.548,21.3694,29.1007,19.5073,16.9226,19.397,21.3906,9.1179,24.1388,9.6471,19.9679,17.9906,22.222,24.8897,24.4713,26.3601,17.9807,17.8618,10.1665,22.6663,15.2393,14.4691,26.2044,19.508,51.7604,13.4597,17.6748,21.0193,11.0069,11.6518,19.8093,21.2478,21.3224,17.5626,9.1897,18.3135,10.1983,14.5945,31.81,43.1442,15.1716,25.4571,16.4416,9.8273,21.1302,15.6956,15.3612,23.6001,30.0563,17.1646,21.3403,21.0163,26.462,9.9472,22.691,60.2763,24.2628,27.7121,15.491,26.8304,19.5419,22.8489,16.698,19.0911,21.4706,18.1172,22.3528,19.7868,14.0609,30.6676,25.2891,23.6714,20.1755,15.9148,26.029,21.4537,32.0733,16.8825,22.8424,13.9434,19.3369,15.0768,27.4707,27.2627,35.4208,25.4995,11.2942,16.8748,16.9496,22.3165,21.5128,59.4461,22.6188,28.9133,26.2306,26.7052,27.7888,21.8861,30.1728,34.4068,36.6673,29.7807,23.3128,20.4737,33.1908,28.2029,44.4289,24.273,77.5015,29.9691,28.8984,23.6221,21.844,34.3345,23.5711,30.3167,24.3872,35.5186,23.1145,21.3685,21.6532,18.89,43.8368,29.6357,25.0022,25.4628,23.1509,23.2491,27.349,29.0778,24.5927,21.5144,30.3853,19.9319,21.2686,22.6383,26.9815,38.3957,31.9487,29.5547,46.194,23.9634,34.3016,34.4514,27.4532,25.4868,30.8937,28.0016,24.1918,26.6068,18.8876,21.9934,23.0934,18.8478,19.8223,22.035,14.7871,18.8935,25.7169,31.636,27.2646,59.4377,21.4877,21.8821,24.6253,22.4785,20.6815,24.014,30.4115,20.4743,21.8184,36.87,25.7089,23.0885,38.4147,26.3239,24.8331,20.1163,19.6872,22.664,20.8631,27.0848,24.2264,18.2656,13.2674,15.5583,17.0788,22.6682,28.489,16.6141,18.6341,86.9313,25.6862,19.5479,15.5882,24.4259,25.1601,29.2372,51.8346,24.8018,23.8272,28.8774,33.1097,27.4572,25.2279,28.5075,41.8726,21.1979,17.3526,24.8105,32.6723,28.0616,24.5769,21.6553,23.0246,28.3708,28.8018,23.8014,29.5593,12.3022,25.8793,19.8625,19.8652,27.6241,41.3861,17.6368,16.8997,26.7998,40.1841,26.1396,66.5657,19.6369,27.4189,53.094,21.7069,106.2964,23.0611,20.8024,19.3047,38.5982,18.3141,636.4863,31.9495,22.4401,20.6747,10.507,12.4429,21.7725,40.4667,17.7212,28.1296,23.5814,19.66,8.2557,18.2394,14.3575,6.6951,18.8641,20.3162,30.2271,41.1464,11.526,23.1429,21.4096,30.4518,48.6731,35.1656,19.9494,19.9494,19.3047,38.5982,18.3141,636.4863,31.9495,22.4401,20.6747,10.507,12.4429,21.7725,40.4667,17.7212,28.1296,23.5814,19.66,8.2557,18.2394,14.3575,6.6951,18.8641,20.3162,30.2271,41.1464,11.526,23.1429,21.4096,30.4518,48.6731,35.1656,19.9494,19.9494,19.9494,19.9494,19.9494
112,34.8009,27.8544,19.0326,20.5944,32.4937,27.9762,17.9159,12.4848,29.1557,419.8669,150.2939,269.54,30.9933,41.7052,12.4677,30.5395,28.5766,34.7691,28.2969,27.4951,33.9565,35.3315,26.2293,23.3174,24.2708,29.6763,30.7553,15.2955,30.3275,10.7612,13.242,17.9929,16.1259,13.2388,6.5693,31.0142,15.5614,21.718,29.1103,15.8847,13.7477,23.0203,9.9057,17.988,17.4102,13.092,13.0409,39.0594,23.2277,23.9794,15.8764,27.228,36.9003,13.4298,28.4072,33.9215,18.2874,12.9608,10.923,14.3677,20.7557,17.2443,56.8949,15.1068,13.3912,17.7014,16.7809,17.7587,30.5167,10.5451,25.8114,6.9899,19.621,8.6813,25.926,23.8829,25.7003,19.0102,27.3749,21.5397,13.0356,41.8993,16.3888,14.1419,25.4846,15.5141,34.6023,14.7411,16.6589,21.3759,9.4823,13.4916,49.7646,21.0439,281.877,16.8727,8.6257,17.6883,13.6731,15.0947,40.3924,42.7291,17.5437,15.4909,19.5469,14.2094,19.8188,10.8748,40.8182,25.6915,39.9534,12.6802,20.5021,21.1122,23.4939,25.077,32.6025,42.4921,21.7299,19.0244,19.5391,22.8322,32.4221,18.1493,18.6812,18.8567,21.0072,16.8249,21.89,18.6993,14.4686,23.5318,30.1464,43.8314,21.8756,18.2914,27.1707,22.947,34.8834,20.2382,30.5724,13.9651,31.511,14.9782,39.4652,23.317,24.0957,29.9514,14.2835,17.3749,18.1042,21.9407,24.701,48.7452,26.0689,21.7537,25.2928,42.5156,28.1304,25.554,28.4754,31.1435,41.8559,34.05,27.7233,22.8303,35.6497,33.2773,41.6164,24.5285,68.1899,37.1617,30.121,25.2193,23.6324,30.3706,70.7706,25.8809,25.9382,30.0427,29.7065,23.7763,25.3497,27.2143,40.8225,32.1094,42.6969,28.4346,29.7505,49.2216,26.432,30.8008,27.1375,21.8813,26.3719,27.8436,23.1921,22.0137,27.7602,43.0697,118.3579,33.4057,32.3479,26.8084,52.1389,26.0621,43.7005,28.6735,50.4174,26.8835,28.2143,27.5968,35.4481,23.9476,34.8036,24.4334,20.8987,22.4819,14.7026,25.441,50.9202,28.8237,33.0095,28.4653,21.9311,22.7349,27.608,22.1539,36.4166,28.4792,26.1235,23.1706,22.8965,58.193,58.3729,28.9162,119.6474,25.829,27.8137,20.8919,36.3664,37.004,29.4272,24.7719,29.4527,28.3097,18.5386,18.2876,20.5159,29.6936,23.4168,16.7085,29.9829,54.6744,28.289,22.8098,26.7178,31.6135,24.5038,31.9402,42.5181,25.065,23.6393,25.3205,27.9145,23.1919,18.5985,24.1074,36.6779,19.0649,25.122,24.8711,30.7906,32.1534,35.897,23.8544,23.2749,25.4265,22.8779,21.5467,25.6775,22.5352,56.4616,14.6881,29.5552,25.2045,25.5391,17.2955,17.8144,22.6153,21.9481,37.2581,51.1555,24.676,24.2328,23.9797,31.1911,39.1761,20.6712,24.5651,16.8485,44.3302,18.1579,105.782,19.1772,17.0005,18.0891,13.0877,8.4841,19.5958,33.3867,23.9712,22.4468,20.8811,16.9918,-2.8849,18.8709,10.5037,13.2124,17.9132,353.6347,28.7905,33.2588,15.0392,26.948,21.279,23.1363,32.4664,30.5609,20.1176,20.1176,16.8485,44.3302,18.1579,105.782,19.1772,17.0005,18.0891,13.0877,8.4841,19.5958,33.3867,23.9712,22.4468,20.8811,16.9918,-2.8849,18.8709,10.5037,13.2124,17.9132,353.6347,28.7905,33.2588,15.0392,26.948,21.279,23.1363,32.4664,30.5609,20.1176,20.1176,20.1176,20.1176,20.1176
113,35.0929,28.2659,17.151,16.0752,53.0267,25.5415,8.6731,22.6873,27.4489,1061.9396,72.2129,230.5516,14.7827,29.6701,11.8082,27.186,15.9747,31.335,29.7371,26.7433,27.2223,28.8484,22.6711,21.4305,22.8452,25.2646,18.3531,15.3546,17.207,11.1514,13.7773,19.627,15.0236,5.9699,5.8361,27.1695,73.3815,21.387,20.7951,9.1744,10.1813,31.4396,16.2394,33.3864,16.6482,13.797,9.7482,35.0744,12.2632,19.0037,6.156,27.6227,20.6452,7.0831,24.333,27.9494,18.7647,17.8488,12.5951,16.5407,22.2905,20.6723,61.6642,16.6598,9.8083,9.2473,14.5128,14.9975,14.0127,11.3484,25.1036,4.9658,20.6953,13.3765,24.9782,19.9119,43.3493,18.5772,15.9545,17.1649,17.9006,23.2701,11.0556,16.1027,25.6133,14.1067,35.245,15.626,13.9005,21.7078,3.6369,7.1374,134.1557,21.0629,26.585,20.1628,17.3825,17.8151,12.3198,17.6774,38.4976,60.2204,23.6408,32.4025,24.2986,16.1108,19.4184,17.1532,34.6656,27.1246,51.5509,12.7053,21.7143,27.2103,63.1298,40.4107,33.1538,36.3707,19.5786,19.8218,18.9622,21.3546,90.7236,21.6522,27.4448,19.9291,21.6916,16.7348,48.4868,20.393,15.4471,21.4777,32.6967,76.0613,27.2991,22.1223,26.3209,29.0341,20.2132,23.0127,28.4119,21.5656,28.5806,11.5963,76.7909,183.8647,27.5471,28.7085,14.4587,18.2511,18.7198,18.9894,23.462,168.6247,29.839,26.6162,30.2783,32.3434,28.2659,26.4065,49.4629,41.1315,32.7629,45.9924,29.5365,33.7178,28.6038,28.1853,33.5705,25.328,30.564,32.1768,60.571,26.2469,27.2405,66.7494,22.9838,37.2221,39.0765,28.0413,58.6091,18.8487,26.3609,25.3809,52.5192,82.2452,46.8703,27.1559,25.5712,38.2258,27.2916,32.2914,26.8571,22.2788,26.5843,26.0479,24.4437,26.1691,32.9066,35.8522,40.7136,33.0559,27.7485,28.546,54.8632,41.2094,49.2155,47.0566,37.9848,29.8008,30.858,29.0964,27.6824,27.2762,33.3891,24.2007,34.6493,46.9537,37.8507,29.5961,46.9918,33.0066,55.8907,32.0216,24.8298,29.1783,27.8424,22.8945,28.9121,18.2226,34.3756,24.6756,23.6738,215.8691,43.6987,28.2161,45.6369,25.0066,35.6333,24.0667,38.2581,40.1289,32.1068,32.8043,33.1859,21.7428,26.2427,21.9953,20.6594,54.053,31.7765,18.6744,36.66,33.8009,29.4016,42.403,28.9199,36.6145,26.6815,69.4731,125.6438,30.663,22.3335,26.2401,37.3463,24.6895,22.5647,27.044,56.9306,38.0782,28.8546,48.0231,34.6294,31.0692,41.5755,24.5335,24.6039,100.7157,25.0197,44.6294,30.9107,18.9818,28.1893,22.3435,26.5676,25.746,30.2701,18.5909,18.2353,41.8613,28.19,46.2886,57.1675,26.5483,25.923,27.3243,56.2005,32.0162,30.3541,22.7958,23.8447,32.2818,18.9681,21.5448,21.177,16.9216,29.798,11.5246,11.2236,20.2467,39.8226,13.0384,15.4025,17.1135,16.052,-4.5773,26.4164,13.0813,29.1425,11.4976,25.8294,28.838,33.1981,12.5693,29.6947,28.1268,25.242,35.0293,25.248,24.6152,24.6152,23.8447,32.2818,18.9681,21.5448,21.177,16.9216,29.798,11.5246,11.2236,20.2467,39.8226,13.0384,15.4025,17.1135,16.052,-4.5773,26.4164,13.0813,29.1425,11.4976,25.8294,28.838,33.1981,12.5693,29.6947,28.1268,25.242,35.0293,25.248,24.6152,24.6152,24.6152,24.6152,24.6152
114,36.2967,22.5359,14.8661,16.2561,39.95,23.143,6.293,22.4415,20.8347,368.023,41.2813,181.1178,24.215,32.3797,10.9596,27.1113,24.9107,33.3272,27.6449,26.8482,28.0114,30.5406,22.1001,20.5285,19.7061,23.984,16.0276,15.1917,19.3338,10.4039,12.2117,22.4467,15.4789,2.0452,7.796,28.5836,24.0783,15.4307,19.2641,12.5332,10.3533,28.4274,16.3004,19.3984,16.1719,13.8493,8.8296,19.6378,14.1118,12.8725,-16.5478,22.5432,17.263,7.0385,22.5874,21.2024,10.8486,39.7862,18.9336,13.0665,21.0413,22.8159,38.4826,17.8274,1.4535,6.3361,10.8479,13.2693,15.7218,473.4735,28.3526,1.665,24.8022,13.9882,20.149,21.2649,13.7686,18.1634,24.013,17.8466,17.9925,26.7396,4.9379,10.8838,24.4622,14.49,16.3988,21.077,14.3677,22.7291,27.6553,15.6359,19.808,27.1396,25.997,16.686,14.944,18.5638,13.4803,18.7838,40.9581,60.4083,30.0128,33.617,25.9919,52.5548,18.6948,9.7506,25.9789,24.9334,57.9679,11.1023,27.7848,24.6038,60.9373,57.494,33.0762,33.9674,27.7794,14.9059,18.5707,26.7453,123.1755,32.7344,17.3757,25.446,21.6728,13.6304,22.6317,21.44,17.6877,23.8569,27.658,35.6541,19.339,22.5424,24.6075,25.2515,27.7887,21.5835,26.5933,35.1334,29.6945,13.3914,71.3575,46.0144,25.0984,28.3049,17.1189,32.4871,22.5066,20.4402,25.2501,30.009,20.8693,11.742,31.9751,147.287,28.5625,26.9472,308.563,47.2143,43.9824,42.681,30.3438,37.0271,26.0091,30.6143,33.027,28.8906,37.6932,31.971,34.032,28.0893,31.112,108.3778,31.5334,41.9079,29.1212,29.5071,54.9212,20.6837,24.7447,24.8993,27.6677,49.7784,96.8971,26.939,24.4638,57.5884,27.7104,30.274,28.0123,23.1865,27.8205,34.7185,26.1487,30.9767,32.2053,28.0108,66.7651,29.1212,29.055,25.5454,65.1816,60.4213,28.2082,32.0404,33.854,27.8948,28.3068,28.0841,29.3698,26.5535,42.3773,28.3862,27.1694,24.2355,20.3732,30.0001,25.6494,26.966,48.9541,32.8207,25.4059,27.2722,24.7074,21.7232,26.3603,23.026,34.9497,24.9689,23.838,72.9015,41.1937,68.1076,85.3976,29.1058,31.3994,32.2093,25.4531,51.9853,24.2821,39.0109,44.3932,28.1385,30.575,27.3235,21.484,24.0778,25.6737,21.4506,32.3692,30.8976,34.5399,41.6583,37.682,42.9378,39.1608,96.4069,146.6164,26.1175,20.6964,25.3022,30.0538,24.7589,27.3411,30.3639,73.3415,35.117,41.6831,45.8603,39.7065,34.9475,39.7511,34.2325,30.3591,26.4628,25.1387,25.6808,27.3427,19.2676,33.4401,19.3104,31.5207,42.5382,41.7281,21.3037,20.8687,28.0972,33.0375,53.2852,58.4707,27.3029,32.2436,42.1073,52.4221,39.2781,33.6874,23.9023,21.6776,18.8727,13.2203,54.4173,19.0976,17.2097,16.8943,11.5552,11.8094,36.0004,25.0993,20.9398,14.4656,17.4031,15.9069,10.0284,29.0583,16.2912,22.0353,11.0885,24.3685,27.462,17.7807,14.347,29.1795,23.781,29.2671,33.3481,22.7883,35.8256,35.8256,21.6776,18.8727,13.2203,54.4173,19.0976,17.2097,16.8943,11.5552,11.8094,36.0004,25.0993,20.9398,14.4656,17.4031,15.9069,10.0284,29.0583,16.2912,22.0353,11.0885,24.3685,27.462,17.7807,14.347,29.1795,23.781,29.2671,33.3481,22.7883,35.8256,35.8256,35.8256,35.8256,35.8256
115,37.8546,21.2849,11.4423,13.9059,35.3936,9.7577,8.9652,20.1458,-0.0755,235.805,48.3857,156.5458,15.9278,26.8884,18.7607,25.1456,22.7321,35.3213,27.7486,26.5631,29.5432,27.7471,19.9269,19.9407,18.0071,26.5267,14.6318,12.4389,14.5021,11.3941,12.9666,19.1804,14.2308,6.9428,9.9658,22.1512,17.6818,13.713,17.389,12.3776,6.4024,23.6376,19.2666,13.5792,14.9169,12.8185,3.2435,19.1478,15.8122,1.8373,-27.2493,21.0182,16.1402,13.278,22.0731,17.4453,-8.9651,20.256,16.9717,12.7592,27.6374,17.7172,43.0601,18.0524,4.4018,9.9985,12.9841,13.0297,19.4765,23.4863,16.6214,-0.9401,22.1211,10.8075,19.9875,23.1738,13.2166,19.4698,23.8783,14.551,18.2397,19.6017,-3.5598,12.6583,25.291,18.3419,32.6097,17.2235,13.7433,22.7953,25.3057,17.397,22.2851,23.9835,18.6314,14.5533,13.7842,19.5282,16.6065,20.0669,33.1961,45.8885,39.4854,19.9009,33.5273,22.6041,19.4975,4.3867,12.9902,31.7994,47.1442,16.8819,25.4975,100.5581,74.0032,31.4548,45.2474,38.6619,36.3813,19.7136,19.1621,17.0163,77.5906,394.6469,18.8651,38.8332,22.1372,-2.5356,20.4245,23.874,20.319,25.6852,29.4704,36.4963,26.8781,26.0961,24.504,26.4664,24.603,41.4656,23.1583,51.319,34.5958,12.4944,63.9872,36.5231,21.5257,27.2758,12.0492,19.8936,22.8833,21.3493,25.3127,19.2598,30.0621,3.1011,24.3683,35.3101,25.8113,26.6968,36.5782,51.3489,46.8283,34.2875,28.1347,34.6337,27.3181,25.4548,28.7868,29.4836,39.7507,35.6706,31.582,24.3222,28.9163,136.8097,23.0734,28.6887,33.3032,29.4446,62.377,21.3017,24.0566,22.3892,31.8126,90.8799,139.6416,27.6686,24.8506,37.1342,25.9679,76.0584,26.0476,26.3412,27.1933,27.6994,26.0723,25.7856,42.6622,29.6859,164.7821,179.5077,30.7602,28.742,76.9406,54.8422,35.5696,31.1936,57.3817,40.0231,27.5313,28.2843,30.1123,30.3725,35.7997,27.23,28.4284,22.2007,37.3578,26.6149,25.0394,42.1155,53.3083,43.5634,26.7048,31.3126,24.7646,21.4184,27.5352,27.7052,124.3082,25.2386,24.7887,35.8802,44.2223,23.9848,36.0641,32.9604,25.8892,23.2627,27.9116,42.2042,24.3141,33.7177,27.205,26.0323,57.1306,49.8998,22.1022,27.5299,27.6673,21.2163,29.3817,31.1828,40.3237,42.6716,44.9624,61.4665,49.7312,71.228,85.6166,25.914,20.107,28.0988,32.2852,25.6924,31.91,34.6242,58.963,32.7595,58.5991,45.4338,60.0548,36.8497,41.2449,31.204,26.8427,31.7789,27.0586,37.1476,29.3455,23.736,28.9035,25.0481,26.0688,23.6113,47.4477,21.5682,29.4678,76.5353,39.2591,56.459,80.7558,32.3376,46.0515,30.8969,68.6772,35.005,33.7706,25.4696,20.583,22.3899,18.4316,86.8371,22.1553,19.522,20.5319,10.3041,8.6012,22.3819,40.2862,17.2807,13.3529,16.9149,15.2762,3.0659,24.3072,10.299,26.6671,19.4154,25.3478,28.0017,7.577,15.6153,27.9553,22.6879,20.0931,25.6337,20.7038,26.0645,26.0645,20.583,22.3899,18.4316,86.8371,22.1553,19.522,20.5319,10.3041,8.6012,22.3819,40.2862,17.2807,13.3529,16.9149,15.2762,3.0659,24.3072,10.299,26.6671,19.4154,25.3478,28.0017,7.577,15.6153,27.9553,22.6879,20.0931,25.6337,20.7038,26.0645,26.0645,26.0645,26.0645,26.0645
116,32.6622,20.2172,10.663,14.2032,24.2698,2.9085,6.2738,20.0026,3.1824,216.804,27.7857,139.5667,16.6931,20.8572,17.8759,21.9619,22.147,35.8455,26.8388,25.1066,27.1571,43.2961,17.7417,18.8311,17.7114,21.2196,13.479,13.3088,10.8455,12.5665,17.2953,17.7515,11.6662,3.0084,11.6995,18.5074,17.7618,12.7671,17.5254,12.7658,5.9884,20.2567,21.3053,14.8226,12.7323,12.6371,2.6968,21.506,19.3707,-14.8365,-25.141,17.855,14.4507,18.1447,21.4705,14.7217,-13.2714,20.9133,36.8485,12.8556,22.3108,18.538,41.635,17.4759,7.4511,3.5908,16.3858,12.9892,16.5172,75.4541,21.6315,-8.8551,19.6679,13.7817,18.0898,22.439,15.8636,24.802,33.868,18.2422,16.9513,18.9253,-4.952,10.9326,39.5494,19.6818,32.0086,9.6412,8.8135,23.5523,23.05,22.8807,20.88,18.4904,16.3348,14.6648,12.4625,18.3035,19.2697,20.9501,52.5893,200.1004,38.9444,17.6027,27.8998,19.9233,19.0812,13.7255,28.8397,31.3608,30.7985,17.5672,28.9748,24.0853,82.1621,43.8708,212.1084,42.5759,42.5489,24.1799,17.6829,29.0845,0.6493,67.8516,30.8695,52.8812,27.3544,3.1609,22.7494,25.4696,17.8757,26.4841,31.8567,44.3344,29.1681,25.7372,23.773,34.3035,31.3705,47.7763,56.951,37.6444,34.3272,17.8647,48.2194,101.5558,19.925,29.8924,7.6553,31.216,23.0471,25.4145,25.5444,25.0314,29.691,12.0652,25.9362,55.8878,23.7833,26.6743,41.4554,52.2287,54.1677,32.3462,27.0887,28.8571,28.1743,28.2888,26.1,26.2454,49.601,34.4622,39.7872,36.3609,26.9395,111.7737,25.57,42.6691,31.6605,26.337,30.0172,22.0253,22.4337,23.1815,28.8911,140.0097,160.434,28.6794,23.3398,28.9969,29.1577,122.7007,25.5485,27.0379,27.0832,25.2454,29.1197,25.9621,36.8948,33.5114,56.7706,112.2887,33.4312,53.7982,114.7321,100.3403,27.9829,27.1114,57.9254,30.1362,26.6339,28.462,34.2097,29.7039,48.1633,21.2758,27.486,22.6953,24.4877,26.2133,29.8676,54.3313,56.98,32.4907,30.5503,32.2505,29.8,21.8583,26.0226,25.613,37.7074,25.6639,25.131,33.3687,117.6664,23.9385,54.4849,38.4644,25.5328,25.5161,27.6122,39.1936,24.1307,28.5999,27.8852,35.4389,38.8582,81.9604,30.9732,35.0822,30.3223,22.7297,22.7434,37.7758,45.0834,42.4418,50.8456,84.9755,72.4702,130.4147,206.7188,26.3209,21.7002,43.0683,32.3518,26.1875,35.977,35.9992,109.1867,37.2384,65.2798,59.2646,70.4331,58.8139,54.75,30.7014,31.189,37.969,36.0628,28.767,29.8463,25.0978,29.5746,25.4281,37.7182,37.3223,36.1857,22.0724,55.5284,39.6313,55.2304,50.0373,120.4888,35.3332,150.0864,63.8193,104.6727,69.4454,30.7801,22.7242,22.5934,82.537,16.9611,69.6944,23.2367,20.162,21.2054,8.3356,11.6211,23.7925,38.4411,10.4368,10.978,19.7165,13.1401,9.6707,22.1252,6.4289,20.2753,24.5694,23.1447,27.2431,15.0927,15.841,23.1377,17.5263,17.9775,27.465,18.6312,25.2101,25.2101,22.5934,82.537,16.9611,69.6944,23.2367,20.162,21.2054,8.3356,11.6211,23.7925,38.4411,10.4368,10.978,19.7165,13.1401,9.6707,22.1252,6.4289,20.2753,24.5694,23.1447,27.2431,15.0927,15.841,23.1377,17.5263,17.9775,27.465,18.6312,25.2101,25.2101,25.2101,25.2101,25.2101
117,35.5765,19.2262,7.1338,25.4159,24.1799,1.8657,13.5541,17.5255,19.1876,181.5952,27.3757,119.1224,21.811,20.8481,20.5227,21.1977,28.0608,38.8129,25.5048,26.2999,26.9568,27.1121,17.6154,18.9242,18.0556,21.1453,12.2769,14.1747,6.6018,13.5189,20.2971,17.5145,12.1923,8.5904,12.6119,20.4755,14.952,14.2667,17.0862,12.6687,14.4601,21.1471,20.6307,15.6664,12.404,12.6918,7.7721,19.8957,14.6142,-21.2665,-13.0268,22.8799,14.8204,10.6668,20.6496,14.6552,-16.0034,31.7304,36.6214,14.1216,18.2076,36.1566,38.3072,17.7361,11.0404,1.3578,17.4797,12.1591,12.0555,67.8176,12.6035,-2.9212,18.1514,16.4573,17.7325,19.7738,15.748,19.4255,33.2434,15.3305,16.6398,18.9451,-8.9916,5.987,68.4186,14.5502,56.7759,13.5987,7.3879,22.9144,21.9305,18.8519,16.7087,22.6855,16.9889,14.9004,13.1411,16.5463,23.3092,22.0944,35.1234,33.3409,45.9734,58.0431,28.3375,19.3877,20.3009,23.6522,25.5515,30.5628,6.8138,25.402,76.1759,23.6963,81.307,72.7265,80.6181,33.3851,32.6458,29.8071,17.5322,17.5472,-1.3032,30.4167,27.7085,50.1717,20.2559,-4.6049,20.951,24.9381,23.8972,35.7756,29.1241,54.9911,29.509,26.7363,28.7181,29.2601,31.1476,39.7715,44.987,29.8684,40.8347,60.2443,70.7404,25.0845,22.7334,24.9925,20.0428,44.2139,22.6446,29.7897,26.395,19.3343,31.3724,16.285,26.1379,30.4688,23.8999,25.2311,42.4546,63.4958,57.0246,35.0256,29.9665,27.2092,28.9702,32.9274,31.9534,26.5709,61.1269,31.8371,36.7227,30.7399,30.6915,118.2947,22.6976,33.1841,29.7781,25.5791,35.2289,22.8967,27.5449,61.6572,29.2406,242.9676,140.9377,29.5013,25.6639,23.0478,32.5645,80.8948,25.8046,26.6292,27.638,29.9767,25.9792,25.3022,32.8029,41.9114,118.7237,30.212,29.6955,47.2648,119.2967,88.2587,28.979,24.9655,54.2625,29.4151,26.5248,52.1159,49.7132,30.0929,95.3647,21.1406,25.8141,16.5141,24.349,25.7816,28.4357,36.8539,246.1157,30.7649,72.6886,38.1331,30.9037,22.2106,26.951,25.6778,31.9536,25.7503,25.2691,26.694,155.046,24.0388,43.6439,36.1485,26.1534,22.7184,26.2144,38.48,76.9428,30.2943,24.8077,27.2363,46.2087,31.2597,35.5877,26.8437,27.6255,22.7692,23.9117,36.0058,53.0391,42.8456,54.7421,69.4765,68.2777,173.3547,92.2465,26.3245,28.9085,32.6609,32.0749,27.538,35.9074,57.2106,166.1337,31.3891,93.3976,63.8787,122.2434,56.7871,60.0997,37.1158,34.6598,42.8337,27.5173,28.2452,38.1352,32.7465,28.3987,28.6538,22.4311,26.4795,32.1153,28.9794,41.7927,36.4035,115.1804,55.417,94.493,38.3867,40.3672,50.7393,75.6572,77.9065,54.9363,22.4936,22.7429,161.9729,37.2548,68.2067,22.319,14.7173,17.1508,10.5523,12.4048,21.906,50.629,7.6634,11.8875,20.7656,13.6171,14.9769,22.7215,15.9445,13.7072,19.6779,22.8786,27.6951,21.5906,14.5536,20.8058,23.8435,23.6928,26.6467,23.1579,34.0461,34.0461,22.7429,161.9729,37.2548,68.2067,22.319,14.7173,17.1508,10.5523,12.4048,21.906,50.629,7.6634,11.8875,20.7656,13.6171,14.9769,22.7215,15.9445,13.7072,19.6779,22.8786,27.6951,21.5906,14.5536,20.8058,23.8435,23.6928,26.6467,23.1579,34.0461,34.0461,34.0461,34.0461,34.0461
118,30.1754,21.4295,7.9948,23.3128,20.9884,18.3236,19.7301,15.7674,16.4168,200.4822,73.6895,138.7948,27.3595,27.1385,25.1018,20.7969,26.5101,34.8304,27.1426,30.5764,30.0099,25.0843,20.3926,19.5151,19.4515,24.617,14.3805,13.7671,14.3373,20.3359,19.5671,17.9069,13.166,7.0444,11.0633,25.6339,13.9634,15.4325,19.6536,13.7011,19.8361,29.6606,27.0797,16.3796,13.1395,13.1772,14.4143,29.8278,14.1925,-24.0014,-7.4623,26.8982,12.5033,15.0096,30.1135,17.118,-11.1583,29.4374,43.6049,18.4538,19.1473,70.558,52.299,16.7536,11.669,-8.4152,20.45,8.2864,14.1081,23.092,15.3933,0.367,19.9474,13.3905,17.1466,19.3198,11.5849,14.6639,29.9334,17.3307,16.5075,20.7753,-10.2326,5.9046,26.3338,16.7231,38.1721,16.1086,18.0207,23.1087,20.6757,30.5729,17.1245,29.2729,17.7156,20.6767,14.1455,15.8585,28.4791,19.6142,31.0175,41.3999,41.2564,22.4977,24.697,15.5359,21.5788,15.4532,24.6886,24.3029,15.9213,23.0737,27.0233,27.017,146.638,39.4704,65.9094,32.7945,30.6915,26.5053,20.1879,4.1684,0.8088,26.0867,20.2343,53.9686,43.9909,1.0543,18.6954,25.5966,20.5801,31.6573,28.1564,79.2347,29.0552,23.5577,80.4656,28.1266,25.0559,44.2988,56.9036,93.4737,48.6496,67.8448,23.9782,30.0262,40.3937,35.9569,16.8262,33.9126,23.625,27.1004,22.1414,22.146,26.1616,-1.7666,27.249,30.1105,26.133,23.8684,35.3926,41.4417,45.521,34.0739,32.2913,30.0967,31.2442,36.0142,50.5205,29.1268,39.9302,31.5721,31.21,36.867,124.3213,145.1966,22.3156,42.6936,27.0796,21.8421,59.341,27.5094,24.2275,24.3562,28.3915,141.1204,137.5985,29.425,26.5145,30.2087,140.1378,62.7709,26.1517,27.1144,27.5467,25.7612,25.2782,37.1099,31.5113,33.2128,215.2671,32.8512,27.6858,51.4401,94.0222,69.8273,36.7562,22.0948,39.5418,29.7778,26.7891,55.9548,46.0314,30.1516,35.2206,22.4075,25.4434,22.292,22.8055,24.5239,24.4132,32.2847,51.7024,32.1544,300.0842,45.4027,28.0305,21.8366,24.0682,31.1581,29.2383,24.898,31.0853,70.1936,78.4662,24.531,96.7699,23.3596,25.6992,22.9661,26.1117,38.4466,28.1361,27.0936,25.7595,28.2573,40.6528,29.2367,106.8155,25.9446,26.3341,22.6456,25.1003,32.6344,45.4571,32.3781,53.902,56.3445,91.9955,54.4218,40.2175,57.1025,27.1642,60.6206,29.3185,26.6789,62.3396,59.3282,172.2965,29.8501,50.0302,60.4227,94.75,40.2867,73.9905,34.2712,40.7763,36.3837,27.7843,26.4226,33.3193,51.5995,29.6333,23.124,26.5295,32.0654,31.3253,130.5793,48.137,84.7076,336.048,54.0048,32.1029,28.0433,55.7951,39.4447,28.2732,56.1546,38.5621,22.5555,21.3792,42.6181,86.9332,69.9759,42.4016,15.4425,17.6644,9.4248,19.6175,694.6577,39.942,11.1374,11.2843,101.4567,21.9472,15.9638,23.7205,18.978,17.4668,25.9206,29.9936,34.4409,20.6464,19.0226,225.5314,311.165,21.3093,27.9195,23.7041,48.1406,48.1406,21.3792,42.6181,86.9332,69.9759,42.4016,15.4425,17.6644,9.4248,19.6175,694.6577,39.942,11.1374,11.2843,101.4567,21.9472,15.9638,23.7205,18.978,17.4668,25.9206,29.9936,34.4409,20.6464,19.0226,225.5314,311.165,21.3093,27.9195,23.7041,48.1406,48.1406,48.1406,48.1406,48.1406
119,27.5079,35.8861,17.118,30.6716,33.3002,57.5098,25.0507,69.7671,48.5468,238.4835,90.0705,173.5648,40.8266,18.9738,33.953,15.0075,26.9622,40.4184,28.0425,35.6888,36.9867,25.682,38.2063,20.3605,25.9048,28.6765,15.6037,14.4383,10.8005,65.9398,20.6702,20.1299,15.3903,13.4131,16.1326,24.6364,14.6324,15.9899,27.9581,19.4434,29.0813,23.151,46.9663,304.2723,112.9778,149.9265,21.2958,24.2343,9.5133,-21.1993,37.7412,56.7064,23.4102,5.5121,25.9084,23.5822,-6.9623,21.1896,43.5739,20.4868,27.9832,33.6984,48.3875,36.776,12.0936,6.1027,35.0751,13.3134,10.4255,19.0186,13.9177,2.7722,27.5627,17.4996,19.9165,19.7595,12.7718,14.9665,28.1612,22.4462,18.3597,19.1243,-13.0278,-11.7533,24.1466,21.3248,50.259,21.6945,30.0709,21.7245,19.3848,16.6657,33.8974,25.6028,16.5681,17.0242,16.8946,14.8811,24.5855,23.8491,29.4116,25.3974,28.3742,14.3221,22.7324,21.81,24.3343,15.5722,24.013,25.4379,18.5685,15.6837,76.7008,42.5429,34.4329,32.3376,70.25,197.8396,30.2316,26.4818,20.0461,-2.0107,12.0181,23.5835,18.4653,41.3968,20.4737,16.3445,19.3937,23.0856,17.8538,29.2861,23.4285,43.9039,22.9169,21.5324,56.0642,24.7277,39.0576,30.7186,32.9164,18.6156,30.462,48.9375,27.0117,19.8862,25.5648,34.0711,19.7403,26.3903,24.4846,24.7532,22.0191,37.1615,36.0815,18.2492,270.3164,29.2757,25.679,27.2796,31.0662,47.6059,41.0084,28.0906,34.0288,34.9929,28.4933,41.0805,27.8352,31.6061,31.3986,30.9161,31.9069,84.4473,49.5242,157.0564,23.8951,46.5737,22.9025,19.6155,52.5308,22.3762,24.8767,24.3282,35.3834,116.5693,80.3705,28.0111,159.7715,25.4469,111.6685,67.0879,26.304,26.8507,31.4322,26.7231,27.4218,54.5654,31.9166,34.3066,34.9875,30.1074,31.6898,108.833,92.973,38.8236,28.2768,28.3564,38.9294,32.0123,26.892,34.5911,285.9089,27.497,28.909,34.7853,18.1131,30.5541,23.1004,22.46,25.5263,26.3241,30.9592,26.9335,64.8601,48.5534,23.9387,22.5304,23.2709,28.8414,23.9239,30.2696,24.9837,88.5834,26.3897,30.6637,36.7983,45.6994,24.9486,26.1298,24.0433,38.2842,28.0894,25.7301,23.7763,52.539,25.9835,25.223,24.0677,25.2048,24.1185,23.1234,23.3732,63.2246,40.269,24.069,39.1386,48.0956,56.5816,46.5751,44.0545,69.951,30.4036,33.9752,29.1466,28.3919,53.6467,79.7268,143.4126,35.4244,35.6893,76.2993,100.9104,33.3629,57.388,30.0286,31.8577,35.8369,28.8466,24.2621,24.4858,74.3114,36.0827,43.3642,25.2524,23.2946,43.5035,423.5388,31.1245,74.5015,265.8118,115.8091,29.0735,25.3402,45.762,28.159,24.8362,36.2583,41.6497,22.6191,20.6477,63.4978,23.9236,82.7583,44.8231,20.3805,15.7996,10.1094,26.6346,78.1217,24.085,7.4069,18.4547,27.9446,17.4678,18.4433,84.577,17.5885,21.7618,64.1398,37.8893,30.6033,25.938,17.0167,51.1205,57.7371,30.8191,45.7935,37.0395,70.4077,70.4077,20.6477,63.4978,23.9236,82.7583,44.8231,20.3805,15.7996,10.1094,26.6346,78.1217,24.085,7.4069,18.4547,27.9446,17.4678,18.4433,84.577,17.5885,21.7618,64.1398,37.8893,30.6033,25.938,17.0167,51.1205,57.7371,30.8191,45.7935,37.0395,70.4077,70.4077,70.4077,70.4077,70.4077
120,27.2841,23.7457,16.1203,23.097,27.102,27.8053,18.1721,30.6075,35.7325,223.9676,108.9704,119.1938,19.3652,-5.6365,38.0857,3.0216,23.1626,35.2725,27.969,35.1569,32.1586,24.1346,25.5662,20.5483,23.2753,23.7767,14.2531,14.2531,15.4641,74.777,18.3884,21.6975,10.3498,17.9622,18.3128,22.1853,17.3516,17.3288,37.9651,17.3547,30.4843,20.7399,51.8188,491.0978,18.1211,45.991,16.595,18.0554,16.5846,5.9301,23.1527,17.9876,16.3914,12.4261,16.8364,16.8364,9.6396,28.3191,25.0175,20.3666,71.5838,20.0768,62.6225,56.6856,24.3179,24.7069,29.0836,13.1261,9.1593,24.4013,20.9314,44.8735,89.2279,20.1063,22.7023,22.4414,21.8995,18.4664,27.2675,28.855,31.8865,23.4115,-18.9177,9.166,44.2552,24.9801,24.9801,48.0061,165.5961,47.5941,16.6783,16.9075,44.6176,20.9614,18.0852,19.3857,40.3866,15.3272,15.0591,19.0364,25.0538,24.6517,23.4474,12.9737,21.0967,16.0917,23.0168,13.4111,28.4986,40.8616,12.785,52.0203,105.2781,103.8456,27.4454,46.0183,46.0183,22.6794,34.2757,31.8496,16.4961,36.6922,24.2188,21.1519,18.833,42.6969,20.5645,21.4452,143.9291,20.5524,13.5064,24.4817,22.5159,30.496,23.4284,18.3751,37.35,23.9301,28.8996,54.7643,26.8637,30.3754,25.4446,80.5089,43.0751,16.8877,16.689,16.689,20.8896,33.1408,23.41,23.3053,26.9099,32.5838,25.3614,14.8543,27.6185,37.1116,23.3351,26.1345,29.9769,38.4709,34.2923,28.6791,32.7384,30.9288,26.3629,37.1779,26.1963,25.6905,32.5476,41.0566,31.9147,29.1019,26.1341,71.9865,37.2457,37.2457,24.0153,18.5696,25.8729,22.5436,21.1938,22.7713,28.7569,84.8677,30.1486,25.9201,108.6184,23.4675,44.1578,37.2081,23.4547,27.2267,25.2534,25.1108,25.4894,25.9668,37.1339,30.395,36.5577,29.7422,38.5547,51.8351,72.3182,28.6071,46.7705,32.5744,32.5744,32.8534,26.9986,28.3248,29.1326,24.0436,24.015,25.7185,13.083,23.8573,28.4084,25.3372,27.3697,38.5881,44.7302,23.6693,26.7117,27.4231,22.8635,21.9054,31.7106,35.8832,24.5389,21.853,27.4153,30.5585,24.0633,166.1539,21.9812,141.1312,20.2744,20.2744,23.3765,31.3126,28.6269,29.9464,22.8368,27.577,23.767,24.4595,20.4816,25.8505,26.2196,22.5679,25.7523,29.5925,25.7061,24.613,36.6029,36.2064,40.6601,30.466,27.3007,34.8716,26.1086,29.7035,23.8168,25.3487,35.1037,27.6032,30.3654,30.3654,25.2367,40.8342,78.5271,25.7407,47.7069,21.3256,22.9308,21.0758,27.2641,18.3905,19.3175,20.8307,24.3516,47.0166,26.7645,38.1759,51.3604,26.5983,25.2867,48.8655,136.9805,41.8028,34.3107,17.9915,22.2109,19.8827,27.1624,33.4829,92.4218,16.7709,16.7709,13.7181,19.4105,161.6699,19.6964,15.3426,17.0456,10.2788,14.4275,30.6297,24.5388,3.0455,12.7976,18.5469,9.1451,12.1617,25.8564,15.3346,21.8907,42.5155,25.6303,19.669,28.1201,16.1026,26.5242,25.0404,25.5634,30.7114,19.5469,42.1931,16.7709,16.7709,13.7181,19.4105,161.6699,19.6964,15.3426,17.0456,10.2788,14.4275,30.6297,24.5388,3.0455,12.7976,18.5469,9.1451,12.1617,25.8564,15.3346,21.8907,42.5155,25.6303,19.669,28.1201,16.1026,26.5242,25.0404,25.5634,30.7114,19.5469,19.5469,19.5469,19.5469,19.5469,19.5469
121,27.5215,20.982,23.2236,20.9934,27.5712,46.1954,22.0817,21.1896,32.0262,218.5491,85.2873,64.7972,34.9916,334.5968,7.412,-15.7228,27.9711,33.9098,26.3664,32.3552,29.9511,24.0493,23.1279,19.3245,19.9225,21.6101,13.1408,13.1408,16.7452,14.244,24.9795,19.0356,10.063,9.6844,21.0115,19.5999,14.6716,22.9208,23.7372,13.1305,23.035,13.7937,41.1772,22.6939,11.4452,27.7703,15.3601,32.0474,12.6716,2.3729,18.7365,13.6649,17.9975,13.2181,20.2209,20.2209,5.5868,52.3984,21.0464,18.2561,22.614,18.8227,49.7253,27.5483,3.3466,15.6133,21.7354,12.3427,9.4795,19.2506,14.3908,30.0665,34.8311,17.9236,16.0818,11.7683,18.2086,23.2203,34.9773,24.9158,21.4377,18.4312,-9.2885,12.3266,26.0936,62.0125,62.0125,38.769,60.6643,20.3172,17.8341,29.1031,20.9163,17.4519,20.4247,34.3716,26.9546,10.6346,16.8565,16.5783,21.8413,37.6757,28.2232,131.8942,25.5221,18.9782,21.4153,11.8696,34.0698,29.1816,10.2242,38.3097,21.9835,45.199,15.8025,31.8017,31.8017,110.5277,23.6282,42.4465,17.8826,31.1043,0.5119,10.7848,20.8548,28.0645,16.986,26.5236,249.9789,16.9966,17.6691,24.4818,22.2043,21.5349,24.5533,19.5476,28.4157,24.2642,26.1619,25.9088,22.9153,34.9248,21.4426,21.5859,18.9511,22.6807,14.0355,14.0355,21.242,39.3068,22.4026,16.4701,25.2021,23.1997,32.2427,21.1307,22.4585,48.7953,22.3758,21.7615,26.1045,31.6948,33.0056,29.8991,28.9737,23.2437,21.1694,23.919,24.4459,19.8308,25.082,28.4094,27.3855,26.3161,59.035,41.3034,28.2706,28.2706,23.7449,21.4147,20.0268,22.3754,17.667,22.6563,25.2703,33.4649,24.3255,23.9152,56.6295,23.399,28.0806,27.1602,22.1861,24.7399,23.9698,21.9152,21.7177,26.0873,54.3077,27.1216,27.6011,26.1126,25.8797,53.0245,41.5769,29.663,61.7893,26.8873,26.8873,27.1012,26.5653,25.0743,22.4358,22.4197,22.8711,21.5202,19.1776,23.3566,27.8568,22.0229,22.4042,88.8644,166.0951,20.6107,22.7253,21.2252,18.3997,19.6122,26.3137,25.317,25.1173,20.5848,24.1189,19.4005,22.4448,168.7061,24.2398,26.0767,18.4862,18.4862,21.6735,19.2487,29.7239,24.0145,18.7049,13.1113,26.495,24.4607,30.1153,20.8892,19.8819,17.2465,20.441,18.8242,17.9734,23.8409,34.6093,25.7686,29.2828,42.0412,20.5049,30.7103,23.3456,23.5089,18.9537,23.522,23.7977,23.6611,24.6938,24.6938,29.6634,24.8074,29.8149,30.9617,29.7166,11.7064,16.3545,14.767,16.3197,10.3226,17.3836,1.1708,42.1428,13.4547,17.8672,19.5219,21.7414,23.3204,19.3558,23.0856,43.7563,25.2908,29.8909,14.2138,19.9473,20.2761,23.7767,47.5278,33.8905,20.7094,20.7094,10.6522,21.6613,115.6184,17.7236,13.8915,22.872,11.335,11.4904,31.6921,24.4854,6.9968,11.3353,19.6616,7.6886,11.7908,23.1035,13.0802,20.8815,25.9746,24.534,18.0133,23.0791,11.7197,28.919,23.7978,24.2027,30.0921,21.2763,45.2646,20.7094,20.7094,10.6522,21.6613,115.6184,17.7236,13.8915,22.872,11.335,11.4904,31.6921,24.4854,6.9968,11.3353,19.6616,7.6886,11.7908,23.1035,13.0802,20.8815,25.9746,24.534,18.0133,23.0791,11.7197,28.919,23.7978,24.2027,30.0921,21.2763,21.2763,21.2763,21.2763,21.2763,21.2763
122,27.4781,19.469,20.1986,19.879,25.2752,28.1984,31.7396,15.3195,26.615,240.8244,42.8239,75.5328,28.0566,46.9427,20.6048,-13.667,22.4891,34.0589,26.925,64.5372,29.4744,21.7326,22.9776,18.5948,17.9087,21.0527,13.4135,13.4135,9.7682,17.5692,18.0785,68.8429,10.106,11.0749,17.6713,22.963,13.7309,22.6098,27.5893,13.2622,20.6223,12.3752,39.8377,20.0815,12.4822,21.7409,15.2621,228.4401,12.7206,2.6105,20.7101,8.7502,12.5135,2.8514,13.4666,13.4666,-1.4769,12.8954,23.0076,15.3732,28.7888,42.6502,56.0483,22.9635,-9.6148,-5.3483,17.0511,23.2566,7.9234,17.7731,13.535,15.0874,13.6497,15.681,16.7168,13.4667,10.0269,7.0927,51.072,27.7569,19.1119,15.2194,8.5414,15.3263,18.7409,20.4323,20.4323,34.5774,27.8619,19.547,17.7473,3.6364,13.5016,16.8685,18.7674,30.1568,25.5665,9.3815,12.5658,22.6678,30.4299,172.6808,16.5264,21.7012,14.9764,18.7686,16.5401,11.9808,31.7768,17.094,11.0357,9.0066,24.7872,129.5619,9.0027,23.9101,23.9101,22.6301,14.352,18.6266,13.8619,27.9265,-8.8744,-0.348,18.7566,25.1977,16.44,17.0238,23.7969,12.767,21.9601,19.0626,17.8485,21.0422,20.5753,12.4426,16.1765,31.1231,30.9124,25.5352,26.3369,16.1541,16.5008,19.9756,12.72,17.8052,13.0047,13.0047,18.0458,18.2339,14.4296,6.8122,22.0282,21.9841,31.963,15.5765,42.8519,21.8333,19.0083,19.8692,26.796,20.6579,29.2783,32.0938,30.9105,21.4842,16.8973,23.1192,24.5874,22.9211,87.0511,23.6247,25.7392,49.8691,49.5609,29.8363,25.4303,25.4303,28.3477,19.111,16.7963,21.5107,34.0596,21.6914,24.4147,23.6727,15.5041,20.66,26.3167,22.8059,25.0859,22.1897,20.8456,22.824,20.7024,16.6516,19.9746,26.7114,27.837,23.3055,22.7587,22.0722,21.7588,51.517,35.0807,30.77,57.4677,24.9992,24.9992,25.2756,23.12,20.332,11.5039,20.247,19.0041,32.198,17.8457,20.8166,38.119,18.4689,24.5919,43.6503,24.1519,23.5056,20.2396,16.7294,16.2062,13.037,23.3646,16.3437,16.1121,24.4852,18.2956,18.0148,58.6228,37.2,17.7816,20.6961,13.3234,13.3234,16.3124,-4.6415,23.2028,20.3423,17.7268,14.5128,24.4761,13.5706,32.7182,21.4097,11.9188,11.0306,16.7948,13.6881,20.4562,41.649,44.7625,25.4155,56.9755,93.9052,27.411,23.9139,23.6333,19.8066,19.368,21.9862,46.1508,21.9056,22.1936,22.1936,26.5398,24.4407,27.0892,28.3324,13.8783,13.0154,19.4721,19.0323,24.0037,15.5675,17.4902,-9.7247,22.4706,15.7406,21.0202,17.7285,20.3781,19.2891,8.9174,18.6003,25.7371,28.4198,25.6048,14.2454,23.3939,12.4295,28.6903,34.2513,22.3825,23.9705,23.9705,9.0029,20.3506,45.6094,17.9181,17.2228,20.431,7.943,9.0308,27.2562,19.3535,5.0606,8.7113,18.5344,2.0044,9.0667,21.1391,11.0272,13.5386,21.3669,26.0893,18.0512,25.0942,18.8877,27.1929,26.1343,25.5678,32.9959,24.4203,34.3085,23.9705,23.9705,9.0029,20.3506,45.6094,17.9181,17.2228,20.431,7.943,9.0308,27.2562,19.3535,5.0606,8.7113,18.5344,2.0044,9.0667,21.1391,11.0272,13.5386,21.3669,26.0893,18.0512,25.0942,18.8877,27.1929,26.1343,25.5678,32.9959,24.4203,24.4203,24.4203,24.4203,24.4203,24.4203
123,27.9438,19.1642,23.1007,15.704,22.2121,25.1988,31.0164,17.4692,39.5142,189.7473,48.0333,43.0494,22.7038,-70.349,15.9419,-22.2829,20.8934,40.3021,26.9049,25.6789,30.3432,70.094,24.1474,18.3052,17.9417,20.215,14.4748,14.4748,4.7916,14.7651,14.3816,19.6792,3.2768,11.6265,13.4513,26.0708,14.6343,19.2089,21.1632,13.7837,26.1246,11.9813,37.5966,20.1153,12.1403,20.045,9.8306,16.1511,12.9028,10.7324,21.1167,4.8292,4.55,-19.149,9.8172,9.8172,8.8991,16.4961,8.2931,15.2294,15.9169,36.1645,64.5498,49.8723,-11.9324,-44.8755,17.4821,18.1367,2.2251,16.5947,25.6052,20.1996,6.3433,43.1282,13.8694,18.7881,13.9637,1.0119,24.5955,22.1188,17.8686,17.7241,-18.0237,7.302,36.8536,11.9008,11.9008,32.8962,32.4494,19.0647,15.6695,10.3441,12.3997,17.481,13.8681,16.7975,23.258,9.4769,10.0844,17.3262,9.4741,27.7437,11.3591,20.7688,12.6474,19.1437,11.8592,6.7584,21.0575,13.2892,5.7387,-10.1342,31.5192,18.2228,-0.7611,11.9918,11.9918,20.1649,23.376,16.8021,8.9081,31.5802,15.5512,-19.5868,16.002,35.9501,15.9768,20.2432,23.0219,7.4539,11.7377,16.2646,13.4088,15.1429,14.7681,7.5035,12.435,13.9185,30.6897,22.8212,27.5956,15.896,11.0984,16.6767,13.0404,17.1923,15.7054,15.7054,4.0168,9.5448,14.2216,7.7438,19.6766,20.8047,31.9512,11.6748,20.8178,18.1456,17.3557,113.5206,24.5466,21.9439,30.2249,27.3363,22.6579,18.0146,14.7839,29.8062,22.3562,24.1918,22.6449,24.6403,21.8727,35.9669,20.9334,27.2253,27.5164,27.5164,21.4461,17.1668,18.7547,19.6684,26.6885,20.0953,24.2719,20.386,12.5038,17.0864,18.8395,26.0128,24.6918,25.7079,19.9525,21.9307,16.9669,14.0031,24.0293,21.0922,24.3784,21.8345,19.1152,28.3844,25.3277,51.8377,25.2884,31.5402,26.0639,19.9988,19.9988,21.5685,21.3608,14.922,11.5307,18.4507,23.7138,40.4901,18.7412,17.9802,17.2107,16.4947,21.6356,21.1952,25.2916,21.2254,16.9717,15.2055,13.273,8.8235,18.1966,14.7589,18.5922,18.7846,17.3721,16.3543,13.6669,40.5343,19.3047,20.1398,13.9175,13.9175,17.6346,0.3174,20.0652,19.5527,16.1418,19.7118,17.314,13.2565,34.6343,14.7397,18.5177,15.0804,19.1294,16.1865,29.1579,51.9567,63.7787,21.5914,118.0272,21.9809,20.0124,20.2888,22.5089,11.7352,16.8932,21.655,22.1397,20.1787,18.6349,18.6349,20.0581,26.2701,18.715,28.9053,18.2137,20.7213,17.639,18.9088,28.8219,20.5039,21.6656,3.6128,19.1711,16.2857,16.5766,20.225,5.0168,12.5705,10.8196,23.9817,23.1048,16.4525,20.0929,13.4416,16.2464,1.0126,52.0508,21.0887,20.0273,22.1761,22.1761,14.3362,68.4154,49.4032,15.7093,12.7784,19.1919,7.6258,7.4314,39.1575,9.4851,8.2558,9.9646,17.3438,5.7854,-9.2763,18.2246,4.9351,11.9669,16.0492,30.6926,18.39,25.6083,15.6949,25.539,22.409,25.9775,31.2963,24.9154,35.9829,22.1761,22.1761,14.3362,68.4154,49.4032,15.7093,12.7784,19.1919,7.6258,7.4314,39.1575,9.4851,8.2558,9.9646,17.3438,5.7854,-9.2763,18.2246,4.9351,11.9669,16.0492,30.6926,18.39,25.6083,15.6949,25.539,22.409,25.9775,31.2963,24.9154,24.9154,24.9154,24.9154,24.9154,24.9154
124,30.0858,22.581,15.7842,16.186,21.1421,24.8024,21.7753,14.2492,88.5122,273.4879,1.029,1.1726,12.0142,-66.9805,21.7413,-19.3729,17.8951,34.0459,24.6977,27.6615,279.9198,24.105,21.5953,18.6134,21.1885,17.8325,8.6518,8.6518,7.7023,26.8164,13.9888,16.9205,2.3192,-4.2075,15.1955,28.7707,15.1174,25.6555,20.3194,13.1613,0.2211,16.8438,45.1239,20.4687,7.6349,115.9427,8.4481,21.7758,13.1283,12.3705,15.8784,8.5235,-6.4938,3.2747,19.3577,19.3577,-4.8008,8.167,5.0832,29.4451,13.2633,17.5268,68.2381,19.7471,-14.453,-54.8734,15.5459,11.6161,-28.347,15.2457,13.0459,15.9757,-4.596,15.4504,1.0201,14.7967,12.9151,0.4911,13.3868,28.5369,18.0955,14.707,-25.6462,6.9058,19.2218,13.1965,13.1965,21.2799,23.1923,15.2751,13.6623,13.8923,8.9345,9.2519,16.0853,21.6063,22.5685,-10.9307,6.2584,9.6642,10.5764,23.9918,-4.3796,15.9402,11.196,21.9476,7.4354,1.6242,17.4385,0.5356,-5.7612,-14.5859,132.1172,15.1855,-14.4732,4.7243,4.7243,103.7347,10.4156,13.7916,4.3484,23.0016,8.2074,-28.9463,13.1105,20.474,13.1696,18.2883,20.772,0.1202,9.4644,6.7964,17.1674,8.5133,19.3024,-23.5654,8.4503,17.2289,55.2095,19.2912,22.1948,14.1948,11.1904,17.013,13.9426,15.955,14.5433,14.5433,2.5755,-2.9469,15.3972,-14.6843,15.9339,27.0637,21.5779,15.5769,20.9819,6.5418,10.1169,32.3064,20.7372,22.264,26.2819,23.6802,20.1361,18.243,12.6262,37.1771,21.2157,30.1556,15.8616,21.3146,19.0599,29.451,21.6855,30.5834,19.7282,19.7282,19.0294,12.2648,17.9261,18.4664,15.6496,17.3194,21.3027,15.5361,6.1576,14.8286,12.6803,14.3269,22.9153,25.4399,16.3841,19.5145,14.0598,13.7113,18.1486,19.8695,22.008,17.1483,15.3408,28.8944,24.7592,39.1636,22.9289,18.9415,22.7734,18.72,18.72,19.9278,18.5675,11.2339,100.741,15.4156,21.0396,14.5762,19.8666,18.1743,17.3255,15.1457,16.8674,20.8078,19.8493,17.9593,17.9683,13.2344,6.2833,11.7395,18.5826,13.7761,15.4417,20.0083,14.8154,13.7532,13.563,18.4872,18.0484,18.5799,12.7356,12.7356,18.7249,2.2635,13.2619,18.9666,13.6381,12.9775,14.8585,9.3424,12.0305,26.8782,24.8646,9.1259,24.354,26.5515,22.1822,47.6038,33.4409,18.9515,19.3164,20.8889,24.7999,18.0431,22.2077,3.0069,6.7641,21.2548,24.0375,16.1957,18.2923,18.2923,15.4896,22.9381,8.3513,19.4052,15.3152,15.5892,13.7456,13.5703,21.4703,18.8757,21.2338,4.7972,11.2127,16.3065,8.8717,24.7323,14.3671,7.2989,6.9585,12.3907,20.6483,11.5827,24.2673,13.7243,6.1203,0.6081,21.7082,24.3718,15.1453,15.1616,15.1616,16.6582,21.1189,21.3935,14.8755,8.8751,18.1419,-0.1693,9.175,19.2222,2.3963,6.2269,8.8261,19.2067,4.3823,-1.3412,17.6556,7.8077,21.6846,17.9822,21.009,22.021,20.4038,8.1669,28.9166,23.1097,23.0841,24.7198,25.2204,29.6231,15.1616,15.1616,16.6582,21.1189,21.3935,14.8755,8.8751,18.1419,-0.1693,9.175,19.2222,2.3963,6.2269,8.8261,19.2067,4.3823,-1.3412,17.6556,7.8077,21.6846,17.9822,21.009,22.021,20.4038,8.1669,28.9166,23.1097,23.0841,24.7198,25.2204,25.2204,25.2204,25.2204,25.2204,25.2204
125,23.2606,21.2045,3.0813,14.2365,19.6158,24.7312,-0.5976,17.3716,101.281,229.2215,23.9798,-27.5488,21.1696,-55.1394,17.6401,-36.7811,17.9569,31.7742,23.8107,26.5815,23.3338,22.4371,20.1484,18.4156,18.897,17.3229,-6.4184,-6.4184,3.0113,26.6341,13.0111,15.477,-8.0991,-10.4582,10.4918,23.6892,13.2274,20.1863,17.6605,12.6912,0.6276,12.753,29.3331,28.4844,-10.9227,20.166,1.1695,21.9818,-1.7386,13.9585,15.347,5.4414,-1.0889,-14.9353,8.8566,8.8566,-24.8208,-27.6005,-5.6207,9.5928,13.7288,14.9077,32.8242,17.3652,-22.1596,-66.5565,14.1212,0.5185,-28.0841,31.4325,12.5179,14.102,-5.3102,10.8817,0.3541,10.8625,11.4818,-5.015,3.9232,19.2061,18.9203,19.2274,-16.8039,15.4109,16.4798,29.4019,18.4629,18.1026,22.3347,10.2162,22.7915,41.1734,14.2159,9.0291,16.7182,12.2982,20.7549,-23.2548,2.2379,30.8274,8.8716,92.273,9.8828,16.2601,209.7235,20.5388,506.9067,1.5772,18.2731,6.3839,-18.8571,8.0235,17.0362,16.4581,-26.0654,11.8248,11.7584,6.5959,-0.4974,16.5812,16.6221,25.0373,4.4244,-8.6939,15.2917,16.8787,12.0072,19.9679,17.1257,2.5996,15.6971,9.7031,22.7337,16.007,30.7731,-14.4815,-3.262,22.7189,27.6639,14.3726,31.116,15.1421,6.3001,14.8238,21.6818,33.6744,14.3058,14.297,8.3284,0.6494,17.605,-36.961,15.9815,36.1405,28.1572,16.4697,20.8781,1.8827,31.5064,23.0899,43.7506,25.4843,26.1255,19.0089,23.4213,16.0558,12.4936,25.4222,19.3122,28.3189,21.284,20.3797,20.1276,21.105,25.5866,21.4369,24.478,21.0744,15.0412,29.4015,13.1442,16.0966,20.9291,15.5961,19.3469,16.1505,10.142,25.1407,17.82,19.5699,25.7875,19.4909,15.9513,16.9374,9.9594,14.3422,17.7713,19.7553,20.2469,17.0126,13.6058,29.0831,29.473,30.661,29.8894,26.3637,127.8209,31.1901,18.9083,21.1016,19.7651,8.3825,65.8211,12.9258,19.9522,21.9209,18.1102,36.7746,15.8987,15.7388,24.9028,24.8209,20.2098,20.2371,19.3127,15.8259,11.5056,17.1207,20.0805,14.6983,21.0323,27.5886,15.1972,13.2828,74.1275,18.6858,15.3751,18.7908,19.5499,14.1819,17.1127,11.5419,9.4253,19.3171,11.956,14.0312,6.4831,-8.9531,-5.5746,26.9259,23.1746,14.1701,26.1325,17.9502,46.5009,19.0585,39.9259,21.0288,40.9866,21.0879,15.4198,19.3267,21.3852,8.2823,6.3735,59.8055,20.9315,12.4111,15.2612,14.5437,23.1708,19.7644,21.8964,10.9264,16.6517,12.5265,6.992,14.4783,12.6846,19.2006,18.3619,6.1935,8.267,12.9322,10.7058,15.6764,-0.5662,9.2152,2.4444,13.3218,16.6382,17.2037,22.1497,16.3127,2.9741,7.0352,37.0042,20.7286,6.0568,14.7695,20.0523,45.9395,10.3445,25.3934,11.3846,5.5858,14.5417,5.5817,6.2738,18.2164,-2.2201,-8.5491,8.2988,17.1605,1.9601,1.2949,15.9952,7.9344,8.9716,2.9345,19.8099,22.3542,18.069,5.6377,27.1809,29.8412,28.1894,24.53,23.2157,26.7494,14.7695,20.0523,45.9395,10.3445,25.3934,11.3846,5.5858,14.5417,5.5817,6.2738,18.2164,-2.2201,-8.5491,8.2988,17.1605,1.9601,1.2949,15.9952,7.9344,8.9716,2.9345,19.8099,22.3542,18.069,5.6377,27.1809,29.8412,28.1894,24.53,23.2157,23.2157,23.2157,23.2157,23.2157,23.2157
126,23.4558,107.3549,-19.9452,31.36,19.4221,19.4115,-14.1766,14.866,154.6939,147.0766,13.6975,-14.4168,26.7898,-77.6358,28.6717,-7.1975,27.9785,28.4834,23.4747,45.6956,27.6801,17.7279,20.4231,18.9266,17.4207,17.103,2.5381,2.5381,9.2768,16.9575,14.0957,16.3195,-12.0994,-20.3177,10.3581,14.6316,17.707,17.7456,15.9418,12.6862,-14.501,75.6255,32.3043,16.4228,15.0077,17.6012,-8.6187,20.5686,-3.9298,29.4153,14.7921,2.8897,5.8796,2.563,12.1722,7.7789,-25.0334,-27.3747,-2.8371,9.5731,14.0312,34.695,39.3816,16.3074,-23.7935,-62.3286,13.513,1.3014,-24.941,28.6996,10.3186,16.3416,-14.9489,13.7487,-1.7785,15.7712,9.5611,-7.1335,-6.0541,21.4675,17.5101,17.9649,-27.198,11.8004,7.8428,4.8474,7.07,12.7033,18.8754,9.1003,14.0265,9.0808,12.1552,8.5912,11.4708,-6.6751,18.3014,-17.3566,9.1871,5.3525,8.4415,22.9393,8.9818,15.3792,10.609,22.2655,353.6005,10.4712,21.2625,6.571,-16.1838,4.1729,38.017,16.8932,-31.9481,31.7936,31.7224,11.3484,35.2321,14.0516,16.1819,14.3347,1.4691,-21.534,13.3918,17.5964,20.1915,19.0655,17.734,2.5613,21.8284,2.3402,10.9578,23.719,17.8751,-15.6829,-0.622,18.6978,27.3374,8.7647,28.7751,14.693,9.3527,15.2326,21.7476,15.6108,13.5383,13.6432,0.6246,6.0376,19.2066,-6.032,15.1812,31.8725,18.2746,16.3923,22.0045,1.173,22.3115,24.4911,13.8933,22.0483,21.9387,25.4945,21.6581,16.0957,12.7403,22.1217,18.5308,177.335,26.5349,282.9165,19.8834,20.9684,36.0457,22.0638,22.9127,21.7436,15.5658,18.6267,12.2703,13.797,25.1184,12.1906,19.6385,15.1578,11.0945,27.5549,58.5281,26.3625,24.5919,204.6283,56.1969,16.5504,2.5417,11.857,18.1698,18.9978,19.7035,15.8843,14.2149,27.8197,28.6303,31.8911,23.5895,25.3333,22.4111,22.9086,173.1165,20.2574,17.0319,12.8128,26.1045,13.478,17.6573,21.7701,18.7769,20.7315,17.1373,14.4024,18.1294,17.7389,19.3551,19.6291,12.8708,13.5748,16.6983,12.6433,19.5681,16.4773,20.7217,17.8235,14.9851,14.677,-0.7288,16.8321,15.5652,18.6485,19.4683,11.2005,10.7261,6.6305,15.1429,19.5307,11.3156,8.429,-16.9384,-3.0817,-18.2436,8.255,15.7744,15.0151,17.259,18.5303,24.4705,-4.1899,22.268,18.9076,49.0186,14.2521,16.5663,16.8721,19.4369,12.3648,15.773,25.4728,21.042,12.0254,32.1272,15.4702,20.244,7.744,20.4721,7.2189,17.4083,4.9209,16.6957,12.517,-5.6139,15.6428,10.9186,-5.854,1.9139,12.8112,5.597,20.4785,10.0553,6.8701,7.4128,11.3847,12.0573,16.7731,25.252,9.0935,4.4434,2.4841,29.2501,14.993,-13.2418,6.215,24.0892,24.3605,37.1196,22.1256,13.7386,19.4622,12.8045,11.6624,16.7957,20.7866,-4.2222,-12.0583,11.8137,17.9464,-4.7091,7.5741,15.8826,7.5323,24.8435,-2.6758,20.4583,33.1376,26.2564,17.4768,26.0582,43.6998,25.7228,24.7317,25.22,25.22,6.215,24.0892,24.3605,37.1196,22.1256,13.7386,19.4622,12.8045,11.6624,16.7957,20.7866,-4.2222,-12.0583,11.8137,17.9464,-4.7091,7.5741,15.8826,7.5323,24.8435,-2.6758,20.4583,33.1376,26.2564,17.4768,26.0582,43.6998,25.7228,24.7317,25.22,25.22,25.22,25.22,25.22,25.22
127,24.7523,34.215,-2.6177,19.1312,17.6862,19.8567,-10.6075,21.9625,130.2964,168.4254,60.5121,-2.6066,26.1956,-81.4149,32.2407,4.4021,31.7432,29.9124,23.2497,27.753,23.8566,17.5484,20.1643,19.9004,17.614,16.6372,12.5533,-1.1007,8.532,16.0409,12.8472,16.3549,-8.6212,-23.164,11.0156,17.8362,14.7328,18.3912,14.3243,12.8462,-14.0733,14.8378,25.9783,16.2149,24.3209,16.2292,0.0794,15.1453,-2.1578,25.0297,10.5916,-28.0287,-4.2917,5.7508,8.8318,8.3993,-22.5845,-18.1776,6.899,11.1264,16.5413,28.2342,21.6373,15.6956,-22.7252,-74.1836,11.3203,5.8747,-22.2663,16.8837,9.6539,17.2666,-11.9678,19.7763,-1.0455,18.1272,15.8239,-8.8464,-0.6222,23.0064,17.6446,16.0338,-20.0646,-3.7167,-0.0177,10.6447,6.1264,9.9546,17.5718,13.1048,16.598,3.4501,11.6193,4.4981,17.3676,-10.3119,17.3368,-25.1662,4.5212,8.9807,10.4996,19.184,7.1767,17.3147,10.2987,18.2735,245.9522,6.6026,23.3107,2.8922,-23.9044,1.8551,49.2222,14.846,-34.0706,20.5252,19.9012,12.1717,17.2862,10.8834,12.1166,20.0187,-13.3714,-11.4837,13.0504,17.2988,25.967,19.5407,14.5093,3.4304,14.5365,11.5855,-11.275,-8.0976,-1.5947,-39.1559,-10.1979,14.224,9.834,-16.8797,24.4977,14.9523,9.9435,14.8445,22.2612,14.7648,18.957,11.5916,-20.4726,0.7977,12.9704,-34.9249,13.5532,30.6551,37.1018,15.3534,21.8086,-2.8722,23.4929,16.6511,20.4789,18.8207,17.2756,15.8651,22.3073,16.971,12.7227,19.5216,18.6708,36.1281,19.6103,68.1013,17.808,14.0275,28.9217,17.8901,19.8192,18.0859,12.67,10.8833,10.3327,13.0173,22.1985,14.0843,18.5948,14.369,9.7629,20.1534,19.5035,21.3272,22.1736,49.6067,34.2319,15.9725,8.8419,12.7886,17.454,19.2169,19.613,15.0553,14.9854,26.3667,25.7216,37.7709,19.5914,23.5132,23.9557,21.8612,36.1773,18.1919,17.9745,8.9515,9.5064,13.6431,14.7407,21.2118,18.247,20.7632,17.4434,15.5968,14.0552,21.4264,18.7201,19.6272,2.2168,13.8211,13.1689,15.3006,13.9183,16.5143,19.527,19.1967,11.3226,26.5092,-0.6288,13.0489,15.7444,18.307,19.348,10.1311,11.3896,14.5053,18.5339,19.9198,11.7915,6.6945,-2.1618,-0.7815,-26.4868,14.0505,12.0642,8.0448,12.5221,18.9033,23.2343,16.5515,21.778,17.2626,51.2422,16.3672,16.3485,15.6254,20.2396,12.6868,17.4025,22.686,21.0499,11.4522,25.7789,13.7438,20.6423,18.2427,-0.3891,17.0293,17.7457,6.5456,22.9911,12.3237,2.7247,15.8583,11.8574,3.7842,6.6135,15.8849,1.3651,20.1134,6.8808,11.8734,6.7666,11.1623,10.1167,18.5101,19.9938,10.1018,-0.3291,1.2287,21.9389,12.1628,-27.8814,-0.6784,21.6164,19.8651,12.313,16.5481,11.6687,6.8526,8.6433,8.3341,8.9292,19.118,-12.7086,-17.707,13.6283,20.5565,-6.9364,1.4613,13.1274,10.0716,24.1238,1.7809,19.4727,38.256,32.9372,10.8176,23.3728,37.4883,20.1492,25.1211,21.9072,21.9072,-0.6784,21.6164,19.8651,12.313,16.5481,11.6687,6.8526,8.6433,8.3341,8.9292,19.118,-12.7086,-17.707,13.6283,20.5565,-6.9364,1.4613,13.1274,10.0716,24.1238,1.7809,19.4727,38.256,32.9372,10.8176,23.3728,37.4883,20.1492,25.1211,21.9072,21.9072,21.9072,21.9072,21.9072,21.9072
128,24.1978,48.7684,5.5425,20.4651,32.7344,20.7634,-3.0644,17.3472,143.6752,150.2467,86.3011,-4.6625,20.8076,-77.0368,28.2735,1.6811,42.6252,28.9786,23.4318,24.2727,24.4873,16.855,20.2268,21.3377,17.9976,16.133,13.8421,4.403,0.9939,32.0809,12.3406,17.0559,0.4666,-19.8017,11.3821,14.4356,12.4813,18.3906,13.9419,12.7299,-18.1806,15.0295,22.3796,14.3621,29.3554,14.3808,6.4025,9.7304,8.4083,25.3578,13.4984,-19.2207,1.5365,11.2812,9.2234,9.8577,-20.6482,-6.2901,7.499,11.9692,15.5874,23.075,19.5823,14.4473,-13.6894,-48.3574,14.9068,2.6161,-27.4309,16.5394,12.7247,17.3293,-7.5303,24.3658,1.2036,20.0513,17.9148,-11.1216,-12.1335,21.9271,17.5106,13.9197,-10.6589,7.7856,13.8627,10.3426,6.4387,8.7504,16.5706,12.4295,14.1408,8.7461,12.5862,10.8243,17.3704,3.6224,17.0931,-14.7018,5.6767,12.497,5.2387,12.402,8.7402,17.0169,9.0774,17.6879,385.7985,-1.0031,19.7409,8.8732,-13.2801,-5.7569,21.5026,15.1266,-33.6757,3.1806,34.5524,12.3987,19.0188,10.8958,13.7432,13.5206,-10.0626,5.094,8.2267,17.6996,22.3704,25.0687,14.1189,8.3122,14.6443,12.4552,2.6268,-14.3659,-11.3277,-37.7098,-20.6939,2.5038,11.2733,-30.0895,15.6805,16.2351,11.3136,14.1489,14.347,16.6388,15.2519,12.2004,-23.1131,4.4522,12.76,-44.3517,12.1323,27.7686,29.4473,17.6392,21.114,1.5429,6.4766,13.0551,19.0606,8.6932,15.9633,15.8346,17.4228,17.1929,13.2204,13.9184,18.5134,42.3175,20.8796,40.7573,18.8397,21.0159,29.6301,14.0389,18.4091,17.2234,15.0214,16.0127,10.1462,12.3937,14.7817,12.7904,18.4722,13.5238,8.5128,16.9273,27.0548,14.0244,22.6693,34.4149,19.352,17.6189,5.4349,12.3427,17.3002,19.9426,19.9143,14.6296,15.0544,20.2872,25.8543,27.0167,23.3319,13.5401,22.6129,15.6111,18.3249,16.9508,19.0923,9.2578,8.7287,13.5648,17.2675,18.9703,17.5799,20.5207,17.2936,14.7241,15.2436,17.2712,18.3216,17.9383,-0.3854,13.5637,15.9002,12.4105,15.9766,14.2848,21.1691,16.2391,12.915,16.3016,-1.01,10.0074,15.1789,17.6594,19.0728,8.4092,11.9296,14.7622,18.6303,18.2864,12.5674,7.4137,-3.4505,-0.7406,-7.0282,7.8011,10.9228,4.5422,17.2072,19.5092,18.4714,25.7726,20.7647,15.9535,34.4958,16.5829,16.9002,9.9464,19.7819,15.5657,19.6512,22.2264,21.7281,10.0922,4.8162,1.5897,15.4025,20.1106,-4.9996,19.1752,17.2908,11.0598,20.4213,7.4048,9.1582,15.2428,16.1809,11.789,7.5198,20.7028,7.4629,23.367,13.8588,9.6999,8.6365,2.4889,14.3172,17.8042,21.5644,12.5526,4.0169,2.8065,24.7148,10.8796,-16.7024,3.9699,22.9215,21.2753,13.207,41.3959,12.4372,11.1845,9.2898,3.96,10.6107,19.4297,-1.6858,-24.4158,14.005,23.0969,0.3023,9.2449,5.5491,4.6698,20.9926,3.7376,20.171,35.825,34.8397,10.0773,37.9221,37.9136,20.9477,24.9713,21.1688,21.1688,3.9699,22.9215,21.2753,13.207,41.3959,12.4372,11.1845,9.2898,3.96,10.6107,19.4297,-1.6858,-24.4158,14.005,23.0969,0.3023,9.2449,5.5491,4.6698,20.9926,3.7376,20.171,35.825,34.8397,10.0773,37.9221,37.9136,20.9477,24.9713,21.1688,21.1688,21.1688,21.1688,21.1688,21.1688
129,21.652,24.3196,9.0695,23.0756,36.428,27.7034,10.4617,17.4452,130.2932,150.5676,109.5408,16.2552,17.599,-46.4654,27.7452,-2.874,28.4464,34.1275,24.3175,24.6112,24.849,17.527,20.1329,22.3115,19.1032,16.9136,13.9046,13.0676,8.4319,18.1139,12.9271,18.3802,-12.1624,-17.1903,11.5403,13.08,13.5493,18.4753,13.562,11.221,-26.6526,10.017,12.983,32.1224,28.2642,17.5626,11.7522,13.1233,5.7506,24.2972,12.499,-11.5228,-2.3422,14.7579,17.9709,26.5862,-19.586,-2.5627,7.647,11.9621,13.7304,50.91,15.7,14.0996,-10.7154,-42.3446,15.4216,9.1693,-23.8942,21.2878,23.2998,15.4432,-7.8248,18.6324,13.1963,23.9861,15.1903,-11.086,1.0184,32.509,18.082,17.3754,-19.0489,7.247,12.7822,14.7244,9.5977,8.925,18.4651,19.0717,20.274,9.6314,15.4088,12.7122,15.8212,5.2469,16.729,-18.2451,2.4176,11.2159,10.554,14.4483,14.0733,16.6412,9.4609,18.1555,449.5705,8.7801,15.076,11.2556,-12.7037,-9.5853,11.5794,19.4782,-29.0002,11.7004,77.3418,11.6954,35.1183,13.1537,24.4378,9.7851,2.8276,12.2033,7.7355,18.5151,23.6572,25.5716,14.1223,13.4288,15.0381,15.6602,3.38,-12.9342,8.3004,-29.9207,-2.6383,5.4168,14.4899,-32.014,13.2722,15.5675,12.9576,16.5314,12.2928,15.9724,16.7773,6.2258,-21.2912,7.1463,16.5014,-27.738,11.3117,21.4627,17.9118,17.7613,22.1536,-0.5915,18.3856,4.2748,17.1837,5.4259,20.0258,17.3073,28.5573,17.6164,12.4865,12.2135,18.0217,37.9859,16.7605,23.6364,20.064,25.5537,27.6717,12.9014,13.2995,19.757,14.7168,24.4059,11.04,11.225,11.6609,12.6642,17.5428,13.1588,9.6107,15.4769,18.9206,1.1665,20.3968,21.9558,17.6597,17.9103,10.0096,12.9391,17.5411,21.8438,20.3897,15.861,16.0649,19.2499,26.2231,26.901,19.8915,18.3582,22.9601,14.6706,19.7688,17.3192,19.1964,3.4427,0.0118,13.0814,17.013,18.8092,17.5821,20.6677,20.8676,13.8371,14.7702,15.3623,17.5862,16.07,0.5283,14.5318,15.9731,13.8831,22.7004,15.1821,18.4222,11.4568,16.1483,17.8172,2.4475,11.9959,15.4542,17.2403,19.0513,10.6143,11.1745,14.3952,17.5859,15.0111,15.4631,8.2401,6.234,1.6635,-16.4361,16.2781,6.7973,7.334,13.2395,14.7446,17.4978,13.3114,31.1848,16.8659,43.6747,12.7113,23.6449,11.6552,19.3403,17.6007,20.6227,21.188,20.5756,15.1922,14.9344,-17.1073,13.4071,15.5326,-4.4265,8.6169,18.3369,15.9685,18.5941,12.9071,26.2695,14.9547,-10.4137,14.0941,0.7374,23.6291,11.5763,22.5712,18.4133,9.0097,9.8287,9.8573,16.2599,13.6749,20.8356,11.6063,9.4424,1.5995,30.139,11.8324,-17.9549,6.2715,20.1922,31.0358,16.7234,15.6607,12.7109,13.4425,9.1053,7.1512,11.9878,19.598,0.1732,-27.755,16.1871,27.006,-10.9103,11.7291,10.7599,-0.746,16.2955,5.4606,22.1826,32.752,30.5126,6.9752,23.9741,35.0686,20.7851,27.3346,23.4588,23.4588,6.2715,20.1922,31.0358,16.7234,15.6607,12.7109,13.4425,9.1053,7.1512,11.9878,19.598,0.1732,-27.755,16.1871,27.006,-10.9103,11.7291,10.7599,-0.746,16.2955,5.4606,22.1826,32.752,30.5126,6.9752,23.9741,35.0686,20.7851,27.3346,23.4588,23.4588,23.4588,23.4588,23.4588,23.4588
130,20.7176,27.6321,12.0975,32.9651,24.9808,31.6787,18.1066,3.2435,123.0241,189.0165,96.339,-8.4773,63.1126,-38.5859,23.5502,9.1334,61.6583,36.6284,27.2373,28.9364,28.1664,18.4173,18.5148,22.8765,19.8324,19.036,7.9114,12.9159,2.0714,20.4696,13.3666,22.1396,-5.0083,-3.7111,15.6016,11.2788,18.8056,18.5756,13.8145,11.4455,-17.0209,4.171,11.7738,27.8094,32.8073,19.6775,14.6397,4.6032,0.274,22.6504,14.0999,-2.2492,-5.0024,16.6426,16.8733,28.098,-19.4773,-28.0509,12.2538,17.2018,13.9011,58.513,11.4913,12.5387,0.3428,-29.2773,23.229,13.4934,-7.4863,21.1554,15.2541,17.2939,-6.6098,19.0466,16.4246,29.2847,14.8962,-0.408,43.5422,24.5786,23.7652,20.5323,-14.471,8.8971,5.7234,24.3197,8.6377,16.7277,22.3987,23.278,14.4611,10.8011,18.0075,29.4535,20.4079,7.2014,18.9881,-16.3743,-0.1795,19.1844,39.2918,19.5151,15.4534,278.6624,10.1372,20.9415,81.2529,15.4771,32.1189,14.8794,-15.4888,21.3322,9.1539,23.9892,-19.5815,21.3949,154.8465,19.7135,13.7201,13.563,29.1189,1.4729,10.7368,12.7074,14.7678,18.5875,18.1678,24.4202,14.7211,16.6278,20.8613,17.7962,-7.7318,-13.9102,12.6786,-23.1987,8.9963,15.2684,19.3082,-24.3009,15.8495,16.5564,14.124,22.5299,15.9921,23.9679,19.4506,-5.6364,2.5904,12.2029,15.4314,-7.5891,11.5847,36.3987,16.8772,23.8031,23.0459,-9.3252,20.2916,10.5331,18.6645,4.2729,26.6593,13.0504,28.7826,18.9932,13.5348,-1.3413,17.2725,21.1037,16.9862,66.9366,20.1761,31.6578,16.0229,10.1607,14.4112,23.9902,14.3408,18.8085,4.6569,6.5695,10.8246,10.7736,17.3168,13.387,11.4418,18.6078,22.7581,-4.178,25.9916,15.6136,17.2384,18.186,13.2505,14.3856,16.7055,22.0025,21.528,22.3376,18.5518,22.3718,22.6705,30.5978,23.994,24.1971,22.7671,16.5931,19.6219,18.3482,18.7894,6.6193,8.294,15.2204,21.3382,21.7706,19.4677,21.3982,22.1049,14.5688,26.8059,15.7431,18.0084,15.3233,0.6558,17.7621,17.368,18.1702,26.9108,16.6668,22.2699,4.7413,19.3149,19.3289,13.1081,13.7462,20.8576,17.6874,18.7976,10.5182,17.1058,18.372,22.8776,17.3205,15.1214,12.4512,21.1523,13.5711,5.9405,28.438,9.95,14.317,12.4971,22.987,21.2373,11.6192,40.8829,21.5166,33.5334,14.3546,26.8558,13.9841,20.1459,19.9959,20.9469,20.257,19.9457,16.7859,23.5933,10.6446,18.0393,20.7646,-4.3769,3.9102,19.0234,12.4391,26.8064,18.5102,36.1506,19.7978,-13.9612,18.4078,6.4507,29.2101,15.0662,36.4707,15.7424,13.5092,12.5732,16.6161,23.7843,13.9669,26.6063,11.5301,17.5159,11.0269,31.8307,19.2078,10.5745,2.6705,26.382,20.7321,39.21,16.2723,16.037,13.5102,7.7672,-0.3762,11.8079,23.19,1.0742,-11.7145,20.584,25.5011,-12.6284,16.0967,-0.3283,-6.3415,13.7943,7.6889,24.1685,30.2038,35.7714,11.0371,23.9048,30.7937,18.5274,28.4957,21.6066,21.6066,2.6705,26.382,20.7321,39.21,16.2723,16.037,13.5102,7.7672,-0.3762,11.8079,23.19,1.0742,-11.7145,20.584,25.5011,-12.6284,16.0967,-0.3283,-6.3415,13.7943,7.6889,24.1685,30.2038,35.7714,11.0371,23.9048,30.7937,18.5274,28.4957,21.6066,21.6066,21.6066,21.6066,21.6066,21.6066
131,22.5856,29.9628,23.4639,45.9753,28.3497,43.4364,26.341,0.8093,125.1054,190.9464,137.0306,22.7464,35.2297,-15.195,27.4451,26.6028,42.9709,50.6016,25.6217,47.2315,27.6545,19.6686,19.8606,26.1832,26.5543,23.1385,10.9573,12.7637,-2.5812,23.204,14.0273,29.6944,4.1673,7.1798,25.3289,11.7028,11.3245,16.1094,14.6014,14.1683,1.6515,12.5113,12.7533,31.7522,17.1634,22.476,14.8441,14.9852,10.9304,24.7302,16.2869,-4.3711,-3.2186,39.4772,20.2058,20.94,-25.7727,-19.7307,15.3863,27.7015,29.1476,87.5116,14.2998,20.0767,3.8678,1.7077,25.6308,23.1992,-20.6044,16.7233,17.3496,21.3242,11.5911,30.4779,17.0589,21.7023,33.4245,5.289,11.8785,21.5731,29.9797,15.8354,7.6872,7.9703,-5.76,40.2702,11.2475,27.5004,30.6817,31.1881,8.1982,22.633,15.5737,27.4109,33.9325,27.5248,19.6868,1.3262,3.1742,53.7165,22.4464,23.7916,14.4343,23.0024,13.781,24.495,9.0566,17.4769,60.099,16.1544,-1.2058,15.1322,3.2135,25.795,-29.7552,31.6171,77.1128,40.2585,-33.4205,14.7787,12.8555,-30.1757,24.579,13.1635,11.5341,18.0752,18.0042,27.1417,15.233,16.5551,19.8781,20.1756,-29.1442,-27.7012,4.6288,-7.3941,16.2914,26.8186,22.0669,-29.8714,10.9966,15.4121,17.5735,20.1032,16.7411,25.9386,15.925,-1.1054,5.1065,11.9605,15.5889,5.1361,11.6589,18.0762,22.7785,21.3736,22.1194,-11.3405,19.0161,12.4754,4.72,-27.6095,26.3444,11.6011,22.2791,20.4898,14.0136,-7.7831,16.6347,18.2977,16.2013,20.4751,21.6473,25.6566,9.9347,6.4138,18.975,24.5875,16.6987,14.7628,1.4542,3.9132,-16.0918,11.9464,17.1154,14.4789,11.9462,21.3601,18.2767,6.548,22.9168,19.0673,17.5469,17.8459,13.5976,15.9585,17.21,22.4029,22.0062,20.052,19.8481,22.5961,16.6549,27.6004,22.6181,27.4466,19.4003,13.0558,17.9939,16.5239,16.8288,12.7821,13.1311,14.8687,17.847,21.1125,19.3095,14.3117,20.8748,15.1673,28.141,13.9722,18.2506,6.0477,0.001,20.1091,18.1805,18.7033,28.6296,20.4521,20.0593,-1.2885,23.5683,20.5608,13.1436,13.99,20.7367,17.4855,17.9925,4.502,20.2712,20.3193,20.172,17.8344,15.2332,-17.867,10.5045,18.9701,14.9549,25.33,16.9287,14.1905,15.8736,22.2684,24.1554,18.0236,44.7257,21.1336,32.5651,14.4735,26.0306,16.1837,22.0454,22.2705,26.1431,18.6472,19.6911,21.6975,30.106,27.6291,23.0637,22.3086,18.0335,4.5128,18.2985,18.1642,25.0062,25.6173,31.8776,23.5936,-6.8224,22.4121,16.2241,40.267,41.0482,43.7046,25.9419,18.6138,38.6084,25.4832,39.0681,23.5312,23.2509,15.832,15.6841,21.6447,40.4845,24.048,17.5006,12.051,32.3465,17.4603,78.6559,20.5562,17.139,147.2428,12.7667,1.2671,11.1241,33.2106,7.2885,8.1694,23.8467,39.1008,-7.939,16.1096,7.3812,0.374,15.4506,17.061,26.5615,21.8289,28.8582,10.6376,21.6195,35.556,19.0076,36.508,26.9197,26.9197,12.051,32.3465,17.4603,78.6559,20.5562,17.139,147.2428,12.7667,1.2671,11.1241,33.2106,7.2885,8.1694,23.8467,39.1008,-7.939,16.1096,7.3812,0.374,15.4506,17.061,26.5615,21.8289,28.8582,10.6376,21.6195,35.556,19.0076,36.508,26.9197,26.9197,26.9197,26.9197,26.9197,26.9197
132,26.984,32.2528,15.8666,58.6542,35.7113,47.3873,28.2607,-3.9171,141.5622,213.4313,238.4689,114.5947,40.3052,17.0886,18.9357,13.108,34.0597,42.6184,30.252,33.9385,30.4028,21.5065,20.9897,28.0547,22.7194,26.0117,12.8292,17.5287,-9.8769,19.0588,18.714,68.6458,10.1141,9.7681,23.5404,11.986,11.5868,17.1486,14.2314,15.9184,14.1593,5.8156,13.4027,19.774,20.8609,29.0644,21.5167,35.8732,15.3118,25.0195,17.1238,5.2918,5.3835,20.687,22.2892,17.8948,-19.2439,1.1436,9.219,24.0183,21.505,37.4273,14.6468,15.0293,16.2529,5.4724,13.4497,10.8717,7.5513,16.2414,22.4316,21.4086,4.3237,43.6283,18.2562,18.4787,26.9361,13.02,16.8388,19.404,34.973,15.8916,10.0753,6.1806,5.5559,25.058,11.8139,15.358,24.7576,19.4617,21.2519,20.0477,11.9196,16.7483,20.4052,22.9345,27.1497,2.4732,-6.5559,43.3591,35.5953,20.5912,11.8706,23.1334,19.362,21.0143,7.6947,6.3816,17.9734,15.4622,6.0681,16.5494,16.1841,21.5594,-15.3537,31.5754,31.5561,16.2408,11.8746,16.2425,21.7313,-13.3425,25.679,17.9335,14.4085,18.3204,17.0503,24.4877,17.1653,18.3368,18.5818,22.8638,-12.2581,1.0603,6.6105,3.186,18.0037,22.3792,24.4674,-22.7775,16.2706,17.6759,22.5615,22.8899,32.9459,43.0651,17.373,3.1697,10.865,11.3125,20.826,14.6202,22.2441,25.1772,27.1136,24.3307,23.1029,11.6042,14.4802,26.4833,11.0602,17.6456,26.9859,14.4247,24.039,22.99,19.7841,14.225,18.1342,27.5302,22.6657,22.4315,24.2512,38.8286,22.0156,15.8625,21.5999,25.9803,21.254,13.7917,8.5689,9.6381,0.7622,26.2845,19.4273,18.1838,16.8416,23.5559,19.7338,15.0347,19.8332,20.9958,15.4493,21.5212,16.9166,19.1847,18.1,29.8975,27.7507,19.5614,20.2568,24.1656,21.5986,31.4828,22.6531,25.7742,20.8133,12.6838,19.8394,18.7681,19.4968,14.4439,12.7787,16.805,17.3629,22.935,20.0598,15.0,21.2886,18.8035,27.9773,16.9114,20.2202,13.0544,6.9858,20.1349,19.8625,19.4901,15.6223,12.6172,17.8237,11.3478,20.6971,19.8272,14.0697,17.7165,21.3037,18.1847,17.4097,8.2713,25.4722,20.0017,19.5153,20.7432,18.7449,-0.4103,-3.8713,-1.8221,11.1258,22.0305,17.3139,14.226,16.45,22.3344,19.0499,18.6847,33.5536,17.7838,18.7997,15.6739,23.9561,16.7222,21.9128,20.72,22.3399,18.1824,19.1908,19.649,33.5652,22.4589,24.0706,22.9752,2.2802,14.2341,18.5817,17.3749,23.9987,22.7531,27.0544,37.247,-2.1281,23.9077,26.3685,27.992,124.9482,35.1917,31.7459,16.8328,33.2104,21.8124,98.1475,32.8978,28.3219,17.8414,19.3591,17.9156,38.222,20.2721,21.799,13.9354,25.6121,17.2648,20.6644,19.9554,26.6672,34.7687,17.6281,6.6268,9.9233,39.901,7.8044,16.458,28.2338,51.3379,-4.0197,18.4794,33.1323,8.8116,43.0396,45.5266,30.0019,26.2605,33.2769,18.612,25.5602,27.6184,20.3124,34.8724,26.4862,26.4862,13.9354,25.6121,17.2648,20.6644,19.9554,26.6672,34.7687,17.6281,6.6268,9.9233,39.901,7.8044,16.458,28.2338,51.3379,-4.0197,18.4794,33.1323,8.8116,43.0396,45.5266,30.0019,26.2605,33.2769,18.612,25.5602,27.6184,20.3124,34.8724,26.4862,26.4862,26.4862,26.4862,26.4862,26.4862
133,26.7279,26.7379,22.1223,62.2086,35.4751,26.7713,33.224,-6.2282,217.7269,252.4976,256.5163,161.2691,39.3678,34.1722,22.9281,13.932,46.5202,62.8975,27.9833,48.201,42.0557,21.5418,22.4828,23.9606,20.7795,23.0581,12.4899,21.058,5.9355,17.0832,26.3759,21.6819,9.0312,14.0076,19.4459,12.6351,11.6257,18.0659,14.6595,15.6023,14.4623,7.7975,24.3829,29.2479,12.3109,17.0566,18.5748,22.25,12.6152,25.5379,14.8455,7.6577,5.8726,14.0413,19.5912,14.0948,-20.0621,7.707,10.9747,19.1368,21.5278,40.6605,20.6836,15.1959,25.1865,15.0227,13.1314,10.7864,15.6141,14.3893,19.8138,92.1447,-5.6705,19.649,16.636,16.9786,23.6008,19.3951,15.9693,6.2678,31.7591,12.9361,13.351,18.8464,15.2742,52.5291,12.9252,14.3694,24.4123,11.0082,18.4447,19.6857,16.5023,20.8976,24.2535,18.9207,28.1936,3.8474,7.3479,14.9135,77.7014,20.754,10.1286,22.3414,19.3361,33.029,13.2168,8.1951,20.6486,28.5377,11.4419,13.3734,9.4248,25.4929,1.9473,29.3729,32.9269,21.9814,44.784,24.6425,33.9929,9.9734,24.6621,35.9343,71.4932,22.6021,21.3554,42.1295,27.3425,13.3046,26.8636,34.8371,14.5433,7.2685,8.4782,0.2132,18.9797,34.0557,29.0913,1.4886,20.4142,22.8656,19.9371,27.605,68.0805,37.4492,24.4446,13.8183,11.5335,12.2876,24.5226,16.4301,26.2225,30.8279,18.9348,26.0922,32.0478,21.7897,12.2714,33.7738,27.6783,23.09,22.0848,15.3907,19.0965,28.6141,23.1701,16.323,24.9939,55.9548,26.8609,19.93,19.7492,25.321,20.3359,17.9356,21.8814,26.9359,29.8695,29.9168,12.6734,17.8791,10.3017,32.0121,23.6498,27.8731,43.048,23.8455,29.7284,16.1697,26.6375,20.3507,18.8458,33.0426,20.1542,19.3409,22.6592,27.5012,24.6429,24.1976,23.0929,32.556,243.4217,31.5922,21.3175,24.8136,21.0747,22.9183,24.488,22.0214,23.9186,25.5992,19.2976,19.9416,17.1401,20.8279,21.1081,21.4596,21.0553,20.9402,20.4069,25.0761,33.322,20.2947,18.7104,20.9806,20.1177,17.6838,17.567,13.3048,18.905,15.0911,29.7174,26.0651,20.6796,29.0139,21.3378,21.8174,25.9191,19.2884,24.7848,25.4707,24.9812,25.2726,69.1157,5.9997,3.555,-11.6545,5.0635,23.5742,17.3093,14.0662,28.4207,40.3586,33.3425,23.3836,32.2342,18.7202,31.2032,19.0974,25.7731,18.7778,21.8711,21.6859,22.5804,13.186,19.0755,14.9086,31.1407,12.4351,22.0335,22.4026,21.5544,16.8074,17.1727,17.0034,14.2849,20.267,17.6037,21.5657,-10.22,24.4674,27.6965,24.815,31.6903,40.2621,25.6215,11.2231,30.4519,16.5635,19.3426,24.4097,24.8688,16.324,12.9872,17.2465,19.123,18.024,18.6818,10.7925,20.6816,20.1431,85.5467,18.5309,16.7833,22.5708,16.5519,10.8872,11.7164,34.8878,12.5827,17.9938,21.9901,20.5855,0.4372,14.1257,16.8899,12.0629,36.0299,20.4271,35.6185,20.9192,22.6386,15.3193,20.6023,24.2457,22.9005,36.2504,23.1381,23.1381,10.7925,20.6816,20.1431,85.5467,18.5309,16.7833,22.5708,16.5519,10.8872,11.7164,34.8878,12.5827,17.9938,21.9901,20.5855,0.4372,14.1257,16.8899,12.0629,36.0299,20.4271,35.6185,20.9192,22.6386,15.3193,20.6023,24.2457,22.9005,36.2504,23.1381,23.1381,23.1381,23.1381,23.1381,23.1381
134,21.8376,24.8129,23.8811,55.7687,26.6235,25.6922,31.6097,0.5282,352.2351,224.4167,255.6478,8.3668,35.228,23.4873,35.7923,14.6487,110.1075,38.2772,31.2377,32.1631,29.0513,21.7436,22.2269,22.935,24.5827,21.7725,10.3348,16.5896,2.8709,18.2664,18.7741,19.2895,11.808,7.3632,25.7277,16.0052,15.0376,27.5114,16.068,12.8346,12.9047,9.1,25.294,36.8179,12.3017,15.1556,13.8249,19.849,143.0057,16.8235,19.9287,8.7425,-0.4683,20.9916,20.9156,11.0749,-14.5432,11.4064,12.2824,23.9509,15.5106,27.7018,99.0403,86.3826,23.655,16.267,120.2466,40.4056,17.9043,21.9786,29.3544,24.1676,4.7729,23.6091,17.2401,24.6637,24.4985,21.3669,12.7549,21.3105,27.6546,24.3609,14.5243,18.028,17.7002,31.0824,12.8659,13.052,33.7269,17.3994,23.7575,22.9726,19.0106,18.2221,21.9593,10.7953,32.371,3.9038,12.4216,18.6302,21.1572,18.047,11.0139,14.171,10.5266,20.8521,24.5746,13.1776,24.0871,37.3147,10.7963,18.6803,18.1949,27.296,-0.9701,35.1846,38.8284,23.4243,23.7612,18.1252,21.6651,18.6176,28.8281,17.9377,25.346,23.1975,19.6332,24.2578,19.043,13.3199,21.5583,29.9581,17.2962,11.2849,28.8938,18.909,19.0756,25.7081,21.5404,11.713,27.4509,18.733,16.6093,24.6716,37.1199,22.6035,20.6399,12.2274,34.1751,16.5468,30.2969,17.2979,93.2884,21.5071,31.9999,25.1479,25.6419,17.7414,18.6301,27.5703,22.5679,30.4467,27.7161,18.6559,19.635,24.5224,18.1094,24.4987,24.0718,28.6375,61.4135,23.0208,19.2381,22.2441,21.6275,18.6266,30.5642,24.8685,21.6651,21.1185,19.0221,21.5994,17.4354,48.6373,23.8246,24.378,26.1348,22.1878,24.9126,27.0248,26.9157,23.4627,18.2716,26.6305,20.0083,18.3602,21.2035,25.9361,31.2343,25.386,32.2468,33.3806,25.2677,34.7386,31.9476,26.9717,29.7182,23.4944,23.2585,21.4136,26.1571,26.3524,21.2745,35.7642,14.4654,19.1579,26.4359,20.701,22.8874,24.0165,21.9173,23.5685,36.9321,22.1341,23.1719,25.8777,20.9009,16.5838,19.7318,21.1131,20.0779,20.0642,41.4858,25.3321,22.8356,23.3271,23.5058,21.8118,33.6596,21.4094,42.9731,32.9275,29.5924,21.5964,26.8654,17.0846,24.2104,19.6939,28.894,25.5355,19.2219,16.7018,22.0245,36.5353,23.356,20.701,21.8219,36.5615,23.6303,21.875,28.8771,28.1324,36.3342,32.8019,31.4843,36.0603,33.858,53.1752,21.677,15.8504,17.6263,26.8876,32.2688,28.0864,24.002,26.9763,18.4226,25.0718,21.0485,28.6389,7.0859,157.1208,26.5563,27.2592,30.567,26.9013,28.2794,15.9728,59.8478,29.5124,19.9753,25.693,19.8532,180.3695,212.4223,20.0667,192.1867,24.6764,21.7871,25.7557,20.8079,32.4259,51.112,17.9274,16.7844,25.0814,11.554,9.4266,19.9466,25.6925,12.2238,26.1221,20.5886,16.7341,-0.2972,18.5312,25.4661,20.3453,18.3428,17.6658,26.1381,20.2077,17.9061,23.8739,19.6996,28.9337,35.8938,33.2448,21.593,21.593,25.7557,20.8079,32.4259,51.112,17.9274,16.7844,25.0814,11.554,9.4266,19.9466,25.6925,12.2238,26.1221,20.5886,16.7341,-0.2972,18.5312,25.4661,20.3453,18.3428,17.6658,26.1381,20.2077,17.9061,23.8739,19.6996,28.9337,35.8938,33.2448,21.593,21.593,21.593,21.593,21.593,21.593
135,24.5073,18.6363,17.2259,48.6368,25.2655,31.7867,24.0951,24.8829,807.6924,122.9593,308.1626,16.3295,34.7543,-4.3456,37.4398,22.5041,29.9004,33.9702,31.2349,33.741,29.8674,23.5587,22.5999,21.9188,23.6121,19.1974,13.4282,33.7343,5.0972,13.6439,17.6569,16.885,7.6875,6.503,82.8231,16.2526,15.1613,43.2446,16.2115,18.809,13.3144,10.1301,27.4668,34.4517,11.9876,20.2351,91.306,51.4693,73.9213,18.4428,41.7906,30.5444,9.3054,171.6892,20.989,23.5478,4.2423,11.2875,13.4878,17.7302,27.3068,46.548,21.3694,29.1007,19.5073,16.9226,19.397,21.3906,9.1179,24.1388,9.6471,19.9679,17.9906,22.222,24.8897,24.4713,26.3601,17.9807,17.8618,10.1665,22.6663,15.2393,14.4691,26.2044,19.508,51.7604,13.4597,17.6748,21.0193,11.0069,11.6518,19.8093,21.2478,21.3224,17.5626,9.1897,18.3135,10.1983,14.5945,31.81,43.1442,15.1716,25.4571,16.4416,9.8273,21.1302,15.6956,15.3612,23.6001,30.0563,17.1646,21.3403,21.0163,26.462,9.9472,22.691,60.2763,24.2628,27.7121,15.491,26.8304,19.5419,22.8489,16.698,19.0911,21.4706,18.1172,22.3528,19.7868,14.0609,30.6676,25.2891,23.6714,20.1755,15.9148,26.029,21.4537,32.0733,16.8825,22.8424,13.9434,19.3369,15.0768,27.4707,27.2627,35.4208,25.4995,11.2942,16.8748,16.9496,22.3165,21.5128,59.4461,22.6188,28.9133,26.2306,26.7052,27.7888,21.8861,30.1728,34.4068,36.6673,29.7807,23.3128,20.4737,33.1908,28.2029,44.4289,24.273,77.5015,29.9691,28.8984,23.6221,21.844,34.3345,23.5711,30.3167,24.3872,35.5186,23.1145,21.3685,21.6532,18.89,43.8368,29.6357,25.0022,25.4628,23.1509,23.2491,27.349,29.0778,24.5927,21.5144,30.3853,19.9319,21.2686,22.6383,26.9815,38.3957,31.9487,29.5547,46.194,23.9634,34.3016,34.4514,27.4532,25.4868,30.8937,28.0016,24.1918,26.6068,18.8876,21.9934,23.0934,18.8478,19.8223,22.035,14.7871,18.8935,25.7169,31.636,27.2646,59.4377,21.4877,21.8821,24.6253,22.4785,20.6815,24.014,30.4115,20.4743,21.8184,36.87,25.7089,23.0885,38.4147,26.3239,24.8331,20.1163,19.6872,22.664,20.8631,27.0848,24.2264,18.2656,13.2674,15.5583,17.0788,22.6682,28.489,16.6141,18.6341,86.9313,25.6862,19.5479,15.5882,24.4259,25.1601,29.2372,51.8346,24.8018,23.8272,28.8774,33.1097,27.4572,25.2279,28.5075,41.8726,21.1979,17.3526,24.8105,32.6723,28.0616,24.5769,21.6553,23.0246,28.3708,28.8018,23.8014,29.5593,12.3022,25.8793,19.8625,19.8652,27.6241,41.3861,17.6368,16.8997,26.7998,40.1841,26.1396,66.5657,19.6369,27.4189,53.094,21.7069,106.2964,23.0611,20.8024,19.3047,38.5982,18.3141,636.4863,31.9495,22.4401,20.6747,10.507,12.4429,21.7725,40.4667,17.7212,28.1296,23.5814,19.66,8.2557,18.2394,14.3575,6.6951,18.8641,20.3162,30.2271,41.1464,11.526,23.1429,21.4096,30.4518,48.6731,35.1656,19.9494,19.9494,19.3047,38.5982,18.3141,636.4863,31.9495,22.4401,20.6747,10.507,12.4429,21.7725,40.4667,17.7212,28.1296,23.5814,19.66,8.2557,18.2394,14.3575,6.6951,18.8641,20.3162,30.2271,41.1464,11.526,23.1429,21.4096,30.4518,48.6731,35.1656,19.9494,19.9494,19.9494,19.9494,19.9494,19.9494
136,27.8544,19.0326,20.5944,32.4937,27.9762,17.9159,12.4848,29.1557,419.8669,150.2939,269.54,30.9933,41.7052,12.4677,30.5395,28.5766,34.7691,28.2969,27.4951,33.9565,35.3315,26.2293,23.3174,24.2708,29.6763,30.7553,15.2955,30.3275,10.7612,13.242,17.9929,16.1259,13.2388,6.5693,31.0142,15.5614,21.718,29.1103,15.8847,13.7477,23.0203,9.9057,17.988,17.4102,13.092,13.0409,39.0594,23.2277,23.9794,15.8764,27.228,36.9003,13.4298,28.4072,33.9215,18.2874,12.9608,10.923,14.3677,20.7557,17.2443,56.8949,15.1068,13.3912,17.7014,16.7809,17.7587,30.5167,10.5451,25.8114,6.9899,19.621,8.6813,25.926,23.8829,25.7003,19.0102,27.3749,21.5397,13.0356,41.8993,16.3888,14.1419,25.4846,15.5141,34.6023,14.7411,16.6589,21.3759,9.4823,13.4916,49.7646,21.0439,281.877,16.8727,8.6257,17.6883,13.6731,15.0947,40.3924,42.7291,17.5437,15.4909,19.5469,14.2094,19.8188,10.8748,40.8182,25.6915,39.9534,12.6802,20.5021,21.1122,23.4939,25.077,32.6025,42.4921,21.7299,19.0244,19.5391,22.8322,32.4221,18.1493,18.6812,18.8567,21.0072,16.8249,21.89,18.6993,14.4686,23.5318,30.1464,43.8314,21.8756,18.2914,27.1707,22.947,34.8834,20.2382,30.5724,13.9651,31.511,14.9782,39.4652,23.317,24.0957,29.9514,14.2835,17.3749,18.1042,21.9407,24.701,48.7452,26.0689,21.7537,25.2928,42.5156,28.1304,25.554,28.4754,31.1435,41.8559,34.05,27.7233,22.8303,35.6497,33.2773,41.6164,24.5285,68.1899,37.1617,30.121,25.2193,23.6324,30.3706,70.7706,25.8809,25.9382,30.0427,29.7065,23.7763,25.3497,27.2143,40.8225,32.1094,42.6969,28.4346,29.7505,49.2216,26.432,30.8008,27.1375,21.8813,26.3719,27.8436,23.1921,22.0137,27.7602,43.0697,118.3579,33.4057,32.3479,26.8084,52.1389,26.0621,43.7005,28.6735,50.4174,26.8835,28.2143,27.5968,35.4481,23.9476,34.8036,24.4334,20.8987,22.4819,14.7026,25.441,50.9202,28.8237,33.0095,28.4653,21.9311,22.7349,27.608,22.1539,36.4166,28.4792,26.1235,23.1706,22.8965,58.193,58.3729,28.9162,119.6474,25.829,27.8137,20.8919,36.3664,37.004,29.4272,24.7719,29.4527,28.3097,18.5386,18.2876,20.5159,29.6936,23.4168,16.7085,29.9829,54.6744,28.289,22.8098,26.7178,31.6135,24.5038,31.9402,42.5181,25.065,23.6393,25.3205,27.9145,23.1919,18.5985,24.1074,36.6779,19.0649,25.122,24.8711,30.7906,32.1534,35.897,23.8544,23.2749,25.4265,22.8779,21.5467,25.6775,22.5352,56.4616,14.6881,29.5552,25.2045,25.5391,17.2955,17.8144,22.6153,21.9481,37.2581,51.1555,24.676,24.2328,23.9797,31.1911,39.1761,20.6712,24.5651,16.8485,44.3302,18.1579,105.782,19.1772,17.0005,18.0891,13.0877,8.4841,19.5958,33.3867,23.9712,22.4468,20.8811,16.9918,-2.8849,18.8709,10.5037,13.2124,17.9132,353.6347,28.7905,33.2588,15.0392,26.948,21.279,23.1363,32.4664,30.5609,20.1176,20.1176,16.8485,44.3302,18.1579,105.782,19.1772,17.0005,18.0891,13.0877,8.4841,19.5958,33.3867,23.9712,22.4468,20.8811,16.9918,-2.8849,18.8709,10.5037,13.2124,17.9132,353.6347,28.7905,33.2588,15.0392,26.948,21.279,23.1363,32.4664,30.5609,20.1176,20.1176,20.1176,20.1176,20.1176,20.1176
137,28.2659,17.151,16.0752,53.0267,25.5415,8.6731,22.6873,27.4489,1061.9396,72.2129,230.5516,14.7827,29.6701,11.8082,27.186,15.9747,31.335,29.7371,26.7433,27.2223,28.8484,22.6711,21.4305,22.8452,25.2646,18.3531,15.3546,17.207,11.1514,13.7773,19.627,15.0236,5.9699,5.8361,27.1695,73.3815,21.387,20.7951,9.1744,10.1813,31.4396,16.2394,33.3864,16.6482,13.797,9.7482,35.0744,12.2632,19.0037,6.156,27.6227,20.6452,7.0831,24.333,27.9494,18.7647,17.8488,12.5951,16.5407,22.2905,20.6723,61.6642,16.6598,9.8083,9.2473,14.5128,14.9975,14.0127,11.3484,25.1036,4.9658,20.6953,13.3765,24.9782,19.9119,43.3493,18.5772,15.9545,17.1649,17.9006,23.2701,11.0556,16.1027,25.6133,14.1067,35.245,15.626,13.9005,21.7078,3.6369,7.1374,134.1557,21.0629,26.585,20.1628,17.3825,17.8151,12.3198,17.6774,38.4976,60.2204,23.6408,32.4025,24.2986,16.1108,19.4184,17.1532,34.6656,27.1246,51.5509,12.7053,21.7143,27.2103,63.1298,40.4107,33.1538,36.3707,19.5786,19.8218,18.9622,21.3546,90.7236,21.6522,27.4448,19.9291,21.6916,16.7348,48.4868,20.393,15.4471,21.4777,32.6967,76.0613,27.2991,22.1223,26.3209,29.0341,20.2132,23.0127,28.4119,21.5656,28.5806,11.5963,76.7909,183.8647,27.5471,28.7085,14.4587,18.2511,18.7198,18.9894,23.462,168.6247,29.839,26.6162,30.2783,32.3434,28.2659,26.4065,49.4629,41.1315,32.7629,45.9924,29.5365,33.7178,28.6038,28.1853,33.5705,25.328,30.564,32.1768,60.571,26.2469,27.2405,66.7494,22.9838,37.2221,39.0765,28.0413,58.6091,18.8487,26.3609,25.3809,52.5192,82.2452,46.8703,27.1559,25.5712,38.2258,27.2916,32.2914,26.8571,22.2788,26.5843,26.0479,24.4437,26.1691,32.9066,35.8522,40.7136,33.0559,27.7485,28.546,54.8632,41.2094,49.2155,47.0566,37.9848,29.8008,30.858,29.0964,27.6824,27.2762,33.3891,24.2007,34.6493,46.9537,37.8507,29.5961,46.9918,33.0066,55.8907,32.0216,24.8298,29.1783,27.8424,22.8945,28.9121,18.2226,34.3756,24.6756,23.6738,215.8691,43.6987,28.2161,45.6369,25.0066,35.6333,24.0667,38.2581,40.1289,32.1068,32.8043,33.1859,21.7428,26.2427,21.9953,20.6594,54.053,31.7765,18.6744,36.66,33.8009,29.4016,42.403,28.9199,36.6145,26.6815,69.4731,125.6438,30.663,22.3335,26.2401,37.3463,24.6895,22.5647,27.044,56.9306,38.0782,28.8546,48.0231,34.6294,31.0692,41.5755,24.5335,24.6039,100.7157,25.0197,44.6294,30.9107,18.9818,28.1893,22.3435,26.5676,25.746,30.2701,18.5909,18.2353,41.8613,28.19,46.2886,57.1675,26.5483,25.923,27.3243,56.2005,32.0162,30.3541,22.7958,23.8447,32.2818,18.9681,21.5448,21.177,16.9216,29.798,11.5246,11.2236,20.2467,39.8226,13.0384,15.4025,17.1135,16.052,-4.5773,26.4164,13.0813,29.1425,11.4976,25.8294,28.838,33.1981,12.5693,29.6947,28.1268,25.242,35.0293,25.248,24.6152,24.6152,23.8447,32.2818,18.9681,21.5448,21.177,16.9216,29.798,11.5246,11.2236,20.2467,39.8226,13.0384,15.4025,17.1135,16.052,-4.5773,26.4164,13.0813,29.1425,11.4976,25.8294,28.838,33.1981,12.5693,29.6947,28.1268,25.242,35.0293,25.248,24.6152,24.6152,24.6152,24.6152,24.6152,24.6152
138,22.5359,14.8661,16.2561,39.95,23.143,6.293,22.4415,20.8347,368.023,41.2813,181.1178,24.215,32.3797,10.9596,27.1113,24.9107,33.3272,27.6449,26.8482,28.0114,30.5406,22.1001,20.5285,19.7061,23.984,16.0276,15.1917,19.3338,10.4039,12.2117,22.4467,15.4789,2.0452,7.796,28.5836,24.0783,15.4307,19.2641,12.5332,10.3533,28.4274,16.3004,19.3984,16.1719,13.8493,8.8296,19.6378,14.1118,12.8725,-16.5478,22.5432,17.263,7.0385,22.5874,21.2024,10.8486,39.7862,18.9336,13.0665,21.0413,22.8159,38.4826,17.8274,1.4535,6.3361,10.8479,13.2693,15.7218,473.4735,28.3526,1.665,24.8022,13.9882,20.149,21.2649,13.7686,18.1634,24.013,17.8466,17.9925,26.7396,4.9379,10.8838,24.4622,14.49,16.3988,21.077,14.3677,22.7291,27.6553,15.6359,19.808,27.1396,25.997,16.686,14.944,18.5638,13.4803,18.7838,40.9581,60.4083,30.0128,33.617,25.9919,52.5548,18.6948,9.7506,25.9789,24.9334,57.9679,11.1023,27.7848,24.6038,60.9373,57.494,33.0762,33.9674,27.7794,14.9059,18.5707,26.7453,123.1755,32.7344,17.3757,25.446,21.6728,13.6304,22.6317,21.44,17.6877,23.8569,27.658,35.6541,19.339,22.5424,24.6075,25.2515,27.7887,21.5835,26.5933,35.1334,29.6945,13.3914,71.3575,46.0144,25.0984,28.3049,17.1189,32.4871,22.5066,20.4402,25.2501,30.009,20.8693,11.742,31.9751,147.287,28.5625,26.9472,308.563,47.2143,43.9824,42.681,30.3438,37.0271,26.0091,30.6143,33.027,28.8906,37.6932,31.971,34.032,28.0893,31.112,108.3778,31.5334,41.9079,29.1212,29.5071,54.9212,20.6837,24.7447,24.8993,27.6677,49.7784,96.8971,26.939,24.4638,57.5884,27.7104,30.274,28.0123,23.1865,27.8205,34.7185,26.1487,30.9767,32.2053,28.0108,66.7651,29.1212,29.055,25.5454,65.1816,60.4213,28.2082,32.0404,33.854,27.8948,28.3068,28.0841,29.3698,26.5535,42.3773,28.3862,27.1694,24.2355,20.3732,30.0001,25.6494,26.966,48.9541,32.8207,25.4059,27.2722,24.7074,21.7232,26.3603,23.026,34.9497,24.9689,23.838,72.9015,41.1937,68.1076,85.3976,29.1058,31.3994,32.2093,25.4531,51.9853,24.2821,39.0109,44.3932,28.1385,30.575,27.3235,21.484,24.0778,25.6737,21.4506,32.3692,30.8976,34.5399,41.6583,37.682,42.9378,39.1608,96.4069,146.6164,26.1175,20.6964,25.3022,30.0538,24.7589,27.3411,30.3639,73.3415,35.117,41.6831,45.8603,39.7065,34.9475,39.7511,34.2325,30.3591,26.4628,25.1387,25.6808,27.3427,19.2676,33.4401,19.3104,31.5207,42.5382,41.7281,21.3037,20.8687,28.0972,33.0375,53.2852,58.4707,27.3029,32.2436,42.1073,52.4221,39.2781,33.6874,23.9023,21.6776,18.8727,13.2203,54.4173,19.0976,17.2097,16.8943,11.5552,11.8094,36.0004,25.0993,20.9398,14.4656,17.4031,15.9069,10.0284,29.0583,16.2912,22.0353,11.0885,24.3685,27.462,17.7807,14.347,29.1795,23.781,29.2671,33.3481,22.7883,35.8256,35.8256,21.6776,18.8727,13.2203,54.4173,19.0976,17.2097,16.8943,11.5552,11.8094,36.0004,25.0993,20.9398,14.4656,17.4031,15.9069,10.0284,29.0583,16.2912,22.0353,11.0885,24.3685,27.462,17.7807,14.347,29.1795,23.781,29.2671,33.3481,22.7883,35.8256,35.8256,35.8256,35.8256,35.8256,35.8256
139,21.2849,11.4423,13.9059,35.3936,9.7577,8.9652,20.1458,-0.0755,235.805,48.3857,156.5458,15.9278,26.8884,18.7607,25.1456,22.7321,35.3213,27.7486,26.5631,29.5432,27.7471,19.9269,19.9407,18.0071,26.5267,14.6318,12.4389,14.5021,11.3941,12.9666,19.1804,14.2308,6.9428,9.9658,22.1512,17.6818,13.713,17.389,12.3776,6.4024,23.6376,19.2666,13.5792,14.9169,12.8185,3.2435,19.1478,15.8122,1.8373,-27.2493,21.0182,16.1402,13.278,22.0731,17.4453,-8.9651,20.256,16.9717,12.7592,27.6374,17.7172,43.0601,18.0524,4.4018,9.9985,12.9841,13.0297,19.4765,23.4863,16.6214,-0.9401,22.1211,10.8075,19.9875,23.1738,13.2166,19.4698,23.8783,14.551,18.2397,19.6017,-3.5598,12.6583,25.291,18.3419,32.6097,17.2235,13.7433,22.7953,25.3057,17.397,22.2851,23.9835,18.6314,14.5533,13.7842,19.5282,16.6065,20.0669,33.1961,45.8885,39.4854,19.9009,33.5273,22.6041,19.4975,4.3867,12.9902,31.7994,47.1442,16.8819,25.4975,100.5581,74.0032,31.4548,45.2474,38.6619,36.3813,19.7136,19.1621,17.0163,77.5906,394.6469,18.8651,38.8332,22.1372,-2.5356,20.4245,23.874,20.319,25.6852,29.4704,36.4963,26.8781,26.0961,24.504,26.4664,24.603,41.4656,23.1583,51.319,34.5958,12.4944,63.9872,36.5231,21.5257,27.2758,12.0492,19.8936,22.8833,21.3493,25.3127,19.2598,30.0621,3.1011,24.3683,35.3101,25.8113,26.6968,36.5782,51.3489,46.8283,34.2875,28.1347,34.6337,27.3181,25.4548,28.7868,29.4836,39.7507,35.6706,31.582,24.3222,28.9163,136.8097,23.0734,28.6887,33.3032,29.4446,62.377,21.3017,24.0566,22.3892,31.8126,90.8799,139.6416,27.6686,24.8506,37.1342,25.9679,76.0584,26.0476,26.3412,27.1933,27.6994,26.0723,25.7856,42.6622,29.6859,164.7821,179.5077,30.7602,28.742,76.9406,54.8422,35.5696,31.1936,57.3817,40.0231,27.5313,28.2843,30.1123,30.3725,35.7997,27.23,28.4284,22.2007,37.3578,26.6149,25.0394,42.1155,53.3083,43.5634,26.7048,31.3126,24.7646,21.4184,27.5352,27.7052,124.3082,25.2386,24.7887,35.8802,44.2223,23.9848,36.0641,32.9604,25.8892,23.2627,27.9116,42.2042,24.3141,33.7177,27.205,26.0323,57.1306,49.8998,22.1022,27.5299,27.6673,21.2163,29.3817,31.1828,40.3237,42.6716,44.9624,61.4665,49.7312,71.228,85.6166,25.914,20.107,28.0988,32.2852,25.6924,31.91,34.6242,58.963,32.7595,58.5991,45.4338,60.0548,36.8497,41.2449,31.204,26.8427,31.7789,27.0586,37.1476,29.3455,23.736,28.9035,25.0481,26.0688,23.6113,47.4477,21.5682,29.4678,76.5353,39.2591,56.459,80.7558,32.3376,46.0515,30.8969,68.6772,35.005,33.7706,25.4696,20.583,22.3899,18.4316,86.8371,22.1553,19.522,20.5319,10.3041,8.6012,22.3819,40.2862,17.2807,13.3529,16.9149,15.2762,3.0659,24.3072,10.299,26.6671,19.4154,25.3478,28.0017,7.577,15.6153,27.9553,22.6879,20.0931,25.6337,20.7038,26.0645,26.0645,20.583,22.3899,18.4316,86.8371,22.1553,19.522,20.5319,10.3041,8.6012,22.3819,40.2862,17.2807,13.3529,16.9149,15.2762,3.0659,24.3072,10.299,26.6671,19.4154,25.3478,28.0017,7.577,15.6153,27.9553,22.6879,20.0931,25.6337,20.7038,26.0645,26.0645,26.0645,26.0645,26.0645,26.0645
140,20.2172,10.663,14.2032,24.2698,2.9085,6.2738,20.0026,3.1824,216.804,27.7857,139.5667,16.6931,20.8572,17.8759,21.9619,22.147,35.8455,26.8388,25.1066,27.1571,43.2961,17.7417,18.8311,17.7114,21.2196,13.479,13.3088,10.8455,12.5665,17.2953,17.7515,11.6662,3.0084,11.6995,18.5074,17.7618,12.7671,17.5254,12.7658,5.9884,20.2567,21.3053,14.8226,12.7323,12.6371,2.6968,21.506,19.3707,-14.8365,-25.141,17.855,14.4507,18.1447,21.4705,14.7217,-13.2714,20.9133,36.8485,12.8556,22.3108,18.538,41.635,17.4759,7.4511,3.5908,16.3858,12.9892,16.5172,75.4541,21.6315,-8.8551,19.6679,13.7817,18.0898,22.439,15.8636,24.802,33.868,18.2422,16.9513,18.9253,-4.952,10.9326,39.5494,19.6818,32.0086,9.6412,8.8135,23.5523,23.05,22.8807,20.88,18.4904,16.3348,14.6648,12.4625,18.3035,19.2697,20.9501,52.5893,200.1004,38.9444,17.6027,27.8998,19.9233,19.0812,13.7255,28.8397,31.3608,30.7985,17.5672,28.9748,24.0853,82.1621,43.8708,212.1084,42.5759,42.5489,24.1799,17.6829,29.0845,0.6493,67.8516,30.8695,52.8812,27.3544,3.1609,22.7494,25.4696,17.8757,26.4841,31.8567,44.3344,29.1681,25.7372,23.773,34.3035,31.3705,47.7763,56.951,37.6444,34.3272,17.8647,48.2194,101.5558,19.925,29.8924,7.6553,31.216,23.0471,25.4145,25.5444,25.0314,29.691,12.0652,25.9362,55.8878,23.7833,26.6743,41.4554,52.2287,54.1677,32.3462,27.0887,28.8571,28.1743,28.2888,26.1,26.2454,49.601,34.4622,39.7872,36.3609,26.9395,111.7737,25.57,42.6691,31.6605,26.337,30.0172,22.0253,22.4337,23.1815,28.8911,140.0097,160.434,28.6794,23.3398,28.9969,29.1577,122.7007,25.5485,27.0379,27.0832,25.2454,29.1197,25.9621,36.8948,33.5114,56.7706,112.2887,33.4312,53.7982,114.7321,100.3403,27.9829,27.1114,57.9254,30.1362,26.6339,28.462,34.2097,29.7039,48.1633,21.2758,27.486,22.6953,24.4877,26.2133,29.8676,54.3313,56.98,32.4907,30.5503,32.2505,29.8,21.8583,26.0226,25.613,37.7074,25.6639,25.131,33.3687,117.6664,23.9385,54.4849,38.4644,25.5328,25.5161,27.6122,39.1936,24.1307,28.5999,27.8852,35.4389,38.8582,81.9604,30.9732,35.0822,30.3223,22.7297,22.7434,37.7758,45.0834,42.4418,50.8456,84.9755,72.4702,130.4147,206.7188,26.3209,21.7002,43.0683,32.3518,26.1875,35.977,35.9992,109.1867,37.2384,65.2798,59.2646,70.4331,58.8139,54.75,30.7014,31.189,37.969,36.0628,28.767,29.8463,25.0978,29.5746,25.4281,37.7182,37.3223,36.1857,22.0724,55.5284,39.6313,55.2304,50.0373,120.4888,35.3332,150.0864,63.8193,104.6727,69.4454,30.7801,22.7242,22.5934,82.537,16.9611,69.6944,23.2367,20.162,21.2054,8.3356,11.6211,23.7925,38.4411,10.4368,10.978,19.7165,13.1401,9.6707,22.1252,6.4289,20.2753,24.5694,23.1447,27.2431,15.0927,15.841,23.1377,17.5263,17.9775,27.465,18.6312,25.2101,25.2101,22.5934,82.537,16.9611,69.6944,23.2367,20.162,21.2054,8.3356,11.6211,23.7925,38.4411,10.4368,10.978,19.7165,13.1401,9.6707,22.1252,6.4289,20.2753,24.5694,23.1447,27.2431,15.0927,15.841,23.1377,17.5263,17.9775,27.465,18.6312,25.2101,25.2101,25.2101,25.2101,25.2101,25.2101
141,19.2262,7.1338,25.4159,24.1799,1.8657,13.5541,17.5255,19.1876,181.5952,27.3757,119.1224,21.811,20.8481,20.5227,21.1977,28.0608,38.8129,25.5048,26.2999,26.9568,27.1121,17.6154,18.9242,18.0556,21.1453,12.2769,14.1747,6.6018,13.5189,20.2971,17.5145,12.1923,8.5904,12.6119,20.4755,14.952,14.2667,17.0862,12.6687,14.4601,21.1471,20.6307,15.6664,12.404,12.6918,7.7721,19.8957,14.6142,-21.2665,-13.0268,22.8799,14.8204,10.6668,20.6496,14.6552,-16.0034,31.7304,36.6214,14.1216,18.2076,36.1566,38.3072,17.7361,11.0404,1.3578,17.4797,12.1591,12.0555,67.8176,12.6035,-2.9212,18.1514,16.4573,17.7325,19.7738,15.748,19.4255,33.2434,15.3305,16.6398,18.9451,-8.9916,5.987,68.4186,14.5502,56.7759,13.5987,7.3879,22.9144,21.9305,18.8519,16.7087,22.6855,16.9889,14.9004,13.1411,16.5463,23.3092,22.0944,35.1234,33.3409,45.9734,58.0431,28.3375,19.3877,20.3009,23.6522,25.5515,30.5628,6.8138,25.402,76.1759,23.6963,81.307,72.7265,80.6181,33.3851,32.6458,29.8071,17.5322,17.5472,-1.3032,30.4167,27.7085,50.1717,20.2559,-4.6049,20.951,24.9381,23.8972,35.7756,29.1241,54.9911,29.509,26.7363,28.7181,29.2601,31.1476,39.7715,44.987,29.8684,40.8347,60.2443,70.7404,25.0845,22.7334,24.9925,20.0428,44.2139,22.6446,29.7897,26.395,19.3343,31.3724,16.285,26.1379,30.4688,23.8999,25.2311,42.4546,63.4958,57.0246,35.0256,29.9665,27.2092,28.9702,32.9274,31.9534,26.5709,61.1269,31.8371,36.7227,30.7399,30.6915,118.2947,22.6976,33.1841,29.7781,25.5791,35.2289,22.8967,27.5449,61.6572,29.2406,242.9676,140.9377,29.5013,25.6639,23.0478,32.5645,80.8948,25.8046,26.6292,27.638,29.9767,25.9792,25.3022,32.8029,41.9114,118.7237,30.212,29.6955,47.2648,119.2967,88.2587,28.979,24.9655,54.2625,29.4151,26.5248,52.1159,49.7132,30.0929,95.3647,21.1406,25.8141,16.5141,24.349,25.7816,28.4357,36.8539,246.1157,30.7649,72.6886,38.1331,30.9037,22.2106,26.951,25.6778,31.9536,25.7503,25.2691,26.694,155.046,24.0388,43.6439,36.1485,26.1534,22.7184,26.2144,38.48,76.9428,30.2943,24.8077,27.2363,46.2087,31.2597,35.5877,26.8437,27.6255,22.7692,23.9117,36.0058,53.0391,42.8456,54.7421,69.4765,68.2777,173.3547,92.2465,26.3245,28.9085,32.6609,32.0749,27.538,35.9074,57.2106,166.1337,31.3891,93.3976,63.8787,122.2434,56.7871,60.0997,37.1158,34.6598,42.8337,27.5173,28.2452,38.1352,32.7465,28.3987,28.6538,22.4311,26.4795,32.1153,28.9794,41.7927,36.4035,115.1804,55.417,94.493,38.3867,40.3672,50.7393,75.6572,77.9065,54.9363,22.4936,22.7429,161.9729,37.2548,68.2067,22.319,14.7173,17.1508,10.5523,12.4048,21.906,50.629,7.6634,11.8875,20.7656,13.6171,14.9769,22.7215,15.9445,13.7072,19.6779,22.8786,27.6951,21.5906,14.5536,20.8058,23.8435,23.6928,26.6467,23.1579,34.0461,34.0461,22.7429,161.9729,37.2548,68.2067,22.319,14.7173,17.1508,10.5523,12.4048,21.906,50.629,7.6634,11.8875,20.7656,13.6171,14.9769,22.7215,15.9445,13.7072,19.6779,22.8786,27.6951,21.5906,14.5536,20.8058,23.8435,23.6928,26.6467,23.1579,34.0461,34.0461,34.0461,34.0461,34.0461,34.0461
142,21.4295,7.9948,23.3128,20.9884,18.3236,19.7301,15.7674,16.4168,200.4822,73.6895,138.7948,27.3595,27.1385,25.1018,20.7969,26.5101,34.8304,27.1426,30.5764,30.0099,25.0843,20.3926,19.5151,19.4515,24.617,14.3805,13.7671,14.3373,20.3359,19.5671,17.9069,13.166,7.0444,11.0633,25.6339,13.9634,15.4325,19.6536,13.7011,19.8361,29.6606,27.0797,16.3796,13.1395,13.1772,14.4143,29.8278,14.1925,-24.0014,-7.4623,26.8982,12.5033,15.0096,30.1135,17.118,-11.1583,29.4374,43.6049,18.4538,19.1473,70.558,52.299,16.7536,11.669,-8.4152,20.45,8.2864,14.1081,23.092,15.3933,0.367,19.9474,13.3905,17.1466,19.3198,11.5849,14.6639,29.9334,17.3307,16.5075,20.7753,-10.2326,5.9046,26.3338,16.7231,38.1721,16.1086,18.0207,23.1087,20.6757,30.5729,17.1245,29.2729,17.7156,20.6767,14.1455,15.8585,28.4791,19.6142,31.0175,41.3999,41.2564,22.4977,24.697,15.5359,21.5788,15.4532,24.6886,24.3029,15.9213,23.0737,27.0233,27.017,146.638,39.4704,65.9094,32.7945,30.6915,26.5053,20.1879,4.1684,0.8088,26.0867,20.2343,53.9686,43.9909,1.0543,18.6954,25.5966,20.5801,31.6573,28.1564,79.2347,29.0552,23.5577,80.4656,28.1266,25.0559,44.2988,56.9036,93.4737,48.6496,67.8448,23.9782,30.0262,40.3937,35.9569,16.8262,33.9126,23.625,27.1004,22.1414,22.146,26.1616,-1.7666,27.249,30.1105,26.133,23.8684,35.3926,41.4417,45.521,34.0739,32.2913,30.0967,31.2442,36.0142,50.5205,29.1268,39.9302,31.5721,31.21,36.867,124.3213,145.1966,22.3156,42.6936,27.0796,21.8421,59.341,27.5094,24.2275,24.3562,28.3915,141.1204,137.5985,29.425,26.5145,30.2087,140.1378,62.7709,26.1517,27.1144,27.5467,25.7612,25.2782,37.1099,31.5113,33.2128,215.2671,32.8512,27.6858,51.4401,94.0222,69.8273,36.7562,22.0948,39.5418,29.7778,26.7891,55.9548,46.0314,30.1516,35.2206,22.4075,25.4434,22.292,22.8055,24.5239,24.4132,32.2847,51.7024,32.1544,300.0842,45.4027,28.0305,21.8366,24.0682,31.1581,29.2383,24.898,31.0853,70.1936,78.4662,24.531,96.7699,23.3596,25.6992,22.9661,26.1117,38.4466,28.1361,27.0936,25.7595,28.2573,40.6528,29.2367,106.8155,25.9446,26.3341,22.6456,25.1003,32.6344,45.4571,32.3781,53.902,56.3445,91.9955,54.4218,40.2175,57.1025,27.1642,60.6206,29.3185,26.6789,62.3396,59.3282,172.2965,29.8501,50.0302,60.4227,94.75,40.2867,73.9905,34.2712,40.7763,36.3837,27.7843,26.4226,33.3193,51.5995,29.6333,23.124,26.5295,32.0654,31.3253,130.5793,48.137,84.7076,336.048,54.0048,32.1029,28.0433,55.7951,39.4447,28.2732,56.1546,38.5621,22.5555,21.3792,42.6181,86.9332,69.9759,42.4016,15.4425,17.6644,9.4248,19.6175,694.6577,39.942,11.1374,11.2843,101.4567,21.9472,15.9638,23.7205,18.978,17.4668,25.9206,29.9936,34.4409,20.6464,19.0226,225.5314,311.165,21.3093,27.9195,23.7041,48.1406,48.1406,21.3792,42.6181,86.9332,69.9759,42.4016,15.4425,17.6644,9.4248,19.6175,694.6577,39.942,11.1374,11.2843,101.4567,21.9472,15.9638,23.7205,18.978,17.4668,25.9206,29.9936,34.4409,20.6464,19.0226,225.5314,311.165,21.3093,27.9195,23.7041,48.1406,48.1406,48.1406,48.1406,48.1406,48.1406
143,35.8861,17.118,30.6716,33.3002,57.5098,25.0507,69.7671,48.5468,238.4835,90.0705,173.5648,40.8266,18.9738,33.953,15.0075,26.9622,40.4184,28.0425,35.6888,36.9867,25.682,38.2063,20.3605,25.9048,28.6765,15.6037,14.4383,10.8005,65.9398,20.6702,20.1299,15.3903,13.4131,16.1326,24.6364,14.6324,15.9899,27.9581,19.4434,29.0813,23.151,46.9663,304.2723,112.9778,149.9265,21.2958,24.2343,9.5133,-21.1993,37.7412,56.7064,23.4102,5.5121,25.9084,23.5822,-6.9623,21.1896,43.5739,20.4868,27.9832,33.6984,48.3875,36.776,12.0936,6.1027,35.0751,13.3134,10.4255,19.0186,13.9177,2.7722,27.5627,17.4996,19.9165,19.7595,12.7718,14.9665,28.1612,22.4462,18.3597,19.1243,-13.0278,-11.7533,24.1466,21.3248,50.259,21.6945,30.0709,21.7245,19.3848,16.6657,33.8974,25.6028,16.5681,17.0242,16.8946,14.8811,24.5855,23.8491,29.4116,25.3974,28.3742,14.3221,22.7324,21.81,24.3343,15.5722,24.013,25.4379,18.5685,15.6837,76.7008,42.5429,34.4329,32.3376,70.25,197.8396,30.2316,26.4818,20.0461,-2.0107,12.0181,23.5835,18.4653,41.3968,20.4737,16.3445,19.3937,23.0856,17.8538,29.2861,23.4285,43.9039,22.9169,21.5324,56.0642,24.7277,39.0576,30.7186,32.9164,18.6156,30.462,48.9375,27.0117,19.8862,25.5648,34.0711,19.7403,26.3903,24.4846,24.7532,22.0191,37.1615,36.0815,18.2492,270.3164,29.2757,25.679,27.2796,31.0662,47.6059,41.0084,28.0906,34.0288,34.9929,28.4933,41.0805,27.8352,31.6061,31.3986,30.9161,31.9069,84.4473,49.5242,157.0564,23.8951,46.5737,22.9025,19.6155,52.5308,22.3762,24.8767,24.3282,35.3834,116.5693,80.3705,28.0111,159.7715,25.4469,111.6685,67.0879,26.304,26.8507,31.4322,26.7231,27.4218,54.5654,31.9166,34.3066,34.9875,30.1074,31.6898,108.833,92.973,38.8236,28.2768,28.3564,38.9294,32.0123,26.892,34.5911,285.9089,27.497,28.909,34.7853,18.1131,30.5541,23.1004,22.46,25.5263,26.3241,30.9592,26.9335,64.8601,48.5534,23.9387,22.5304,23.2709,28.8414,23.9239,30.2696,24.9837,88.5834,26.3897,30.6637,36.7983,45.6994,24.9486,26.1298,24.0433,38.2842,28.0894,25.7301,23.7763,52.539,25.9835,25.223,24.0677,25.2048,24.1185,23.1234,23.3732,63.2246,40.269,24.069,39.1386,48.0956,56.5816,46.5751,44.0545,69.951,30.4036,33.9752,29.1466,28.3919,53.6467,79.7268,143.4126,35.4244,35.6893,76.2993,100.9104,33.3629,57.388,30.0286,31.8577,35.8369,28.8466,24.2621,24.4858,74.3114,36.0827,43.3642,25.2524,23.2946,43.5035,423.5388,31.1245,74.5015,265.8118,115.8091,29.0735,25.3402,45.762,28.159,24.8362,36.2583,41.6497,22.6191,20.6477,63.4978,23.9236,82.7583,44.8231,20.3805,15.7996,10.1094,26.6346,78.1217,24.085,7.4069,18.4547,27.9446,17.4678,18.4433,84.577,17.5885,21.7618,64.1398,37.8893,30.6033,25.938,17.0167,51.1205,57.7371,30.8191,45.7935,37.0395,70.4077,70.4077,20.6477,63.4978,23.9236,82.7583,44.8231,20.3805,15.7996,10.1094,26.6346,78.1217,24.085,7.4069,18.4547,27.9446,17.4678,18.4433,84.577,17.5885,21.7618,64.1398,37.8893,30.6033,25.938,17.0167,51.1205,57.7371,30.8191,45.7935,37.0395,70.4077,70.4077,70.4077,70.4077,70.4077,70.4077
144,23.7457,16.1203,23.097,27.102,27.8053,18.1721,30.6075,35.7325,223.9676,108.9704,119.1938,19.3652,-5.6365,38.0857,3.0216,23.1626,35.2725,27.969,35.1569,32.1586,24.1346,25.5662,20.5483,23.2753,23.7767,14.2531,14.2531,15.4641,74.777,18.3884,21.6975,10.3498,17.9622,18.3128,22.1853,17.3516,17.3288,37.9651,17.3547,30.4843,20.7399,51.8188,491.0978,18.1211,45.991,16.595,18.0554,16.5846,5.9301,23.1527,17.9876,16.3914,12.4261,16.8364,16.8364,9.6396,28.3191,25.0175,20.3666,71.5838,20.0768,62.6225,56.6856,24.3179,24.7069,29.0836,13.1261,9.1593,24.4013,20.9314,44.8735,89.2279,20.1063,22.7023,22.4414,21.8995,18.4664,27.2675,28.855,31.8865,23.4115,-18.9177,9.166,44.2552,24.9801,24.9801,48.0061,165.5961,47.5941,16.6783,16.9075,44.6176,20.9614,18.0852,19.3857,40.3866,15.3272,15.0591,19.0364,25.0538,24.6517,23.4474,12.9737,21.0967,16.0917,23.0168,13.4111,28.4986,40.8616,12.785,52.0203,105.2781,103.8456,27.4454,46.0183,46.0183,22.6794,34.2757,31.8496,16.4961,36.6922,24.2188,21.1519,18.833,42.6969,20.5645,21.4452,143.9291,20.5524,13.5064,24.4817,22.5159,30.496,23.4284,18.3751,37.35,23.9301,28.8996,54.7643,26.8637,30.3754,25.4446,80.5089,43.0751,16.8877,16.689,16.689,20.8896,33.1408,23.41,23.3053,26.9099,32.5838,25.3614,14.8543,27.6185,37.1116,23.3351,26.1345,29.9769,38.4709,34.2923,28.6791,32.7384,30.9288,26.3629,37.1779,26.1963,25.6905,32.5476,41.0566,31.9147,29.1019,26.1341,71.9865,37.2457,37.2457,24.0153,18.5696,25.8729,22.5436,21.1938,22.7713,28.7569,84.8677,30.1486,25.9201,108.6184,23.4675,44.1578,37.2081,23.4547,27.2267,25.2534,25.1108,25.4894,25.9668,37.1339,30.395,36.5577,29.7422,38.5547,51.8351,72.3182,28.6071,46.7705,32.5744,32.5744,32.8534,26.9986,28.3248,29.1326,24.0436,24.015,25.7185,13.083,23.8573,28.4084,25.3372,27.3697,38.5881,44.7302,23.6693,26.7117,27.4231,22.8635,21.9054,31.7106,35.8832,24.5389,21.853,27.4153,30.5585,24.0633,166.1539,21.9812,141.1312,20.2744,20.2744,23.3765,31.3126,28.6269,29.9464,22.8368,27.577,23.767,24.4595,20.4816,25.8505,26.2196,22.5679,25.7523,29.5925,25.7061,24.613,36.6029,36.2064,40.6601,30.466,27.3007,34.8716,26.1086,29.7035,23.8168,25.3487,35.1037,27.6032,30.3654,30.3654,25.2367,40.8342,78.5271,25.7407,47.7069,21.3256,22.9308,21.0758,27.2641,18.3905,19.3175,20.8307,24.3516,47.0166,26.7645,38.1759,51.3604,26.5983,25.2867,48.8655,136.9805,41.8028,34.3107,17.9915,22.2109,19.8827,27.1624,33.4829,92.4218,16.7709,16.7709,13.7181,19.4105,161.6699,19.6964,15.3426,17.0456,10.2788,14.4275,30.6297,24.5388,3.0455,12.7976,18.5469,9.1451,12.1617,25.8564,15.3346,21.8907,42.5155,25.6303,19.669,28.1201,16.1026,26.5242,25.0404,25.5634,30.7114,19.5469,42.1931,16.7709,16.7709,13.7181,19.4105,161.6699,19.6964,15.3426,17.0456,10.2788,14.4275,30.6297,24.5388,3.0455,12.7976,18.5469,9.1451,12.1617,25.8564,15.3346,21.8907,42.5155,25.6303,19.669,28.1201,16.1026,26.5242,25.0404,25.5634,30.7114,19.5469,19.5469,19.5469,19.5469,19.5469,19.5469,19.5469
145,20.982,23.2236,20.9934,27.5712,46.1954,22.0817,21.1896,32.0262,218.5491,85.2873,64.7972,34.9916,334.5968,7.412,-15.7228,27.9711,33.9098,26.3664,32.3552,29.9511,24.0493,23.1279,19.3245,19.9225,21.6101,13.1408,13.1408,16.7452,14.244,24.9795,19.0356,10.063,9.6844,21.0115,19.5999,14.6716,22.9208,23.7372,13.1305,23.035,13.7937,41.1772,22.6939,11.4452,27.7703,15.3601,32.0474,12.6716,2.3729,18.7365,13.6649,17.9975,13.2181,20.2209,20.2209,5.5868,52.3984,21.0464,18.2561,22.614,18.8227,49.7253,27.5483,3.3466,15.6133,21.7354,12.3427,9.4795,19.2506,14.3908,30.0665,34.8311,17.9236,16.0818,11.7683,18.2086,23.2203,34.9773,24.9158,21.4377,18.4312,-9.2885,12.3266,26.0936,62.0125,62.0125,38.769,60.6643,20.3172,17.8341,29.1031,20.9163,17.4519,20.4247,34.3716,26.9546,10.6346,16.8565,16.5783,21.8413,37.6757,28.2232,131.8942,25.5221,18.9782,21.4153,11.8696,34.0698,29.1816,10.2242,38.3097,21.9835,45.199,15.8025,31.8017,31.8017,110.5277,23.6282,42.4465,17.8826,31.1043,0.5119,10.7848,20.8548,28.0645,16.986,26.5236,249.9789,16.9966,17.6691,24.4818,22.2043,21.5349,24.5533,19.5476,28.4157,24.2642,26.1619,25.9088,22.9153,34.9248,21.4426,21.5859,18.9511,22.6807,14.0355,14.0355,21.242,39.3068,22.4026,16.4701,25.2021,23.1997,32.2427,21.1307,22.4585,48.7953,22.3758,21.7615,26.1045,31.6948,33.0056,29.8991,28.9737,23.2437,21.1694,23.919,24.4459,19.8308,25.082,28.4094,27.3855,26.3161,59.035,41.3034,28.2706,28.2706,23.7449,21.4147,20.0268,22.3754,17.667,22.6563,25.2703,33.4649,24.3255,23.9152,56.6295,23.399,28.0806,27.1602,22.1861,24.7399,23.9698,21.9152,21.7177,26.0873,54.3077,27.1216,27.6011,26.1126,25.8797,53.0245,41.5769,29.663,61.7893,26.8873,26.8873,27.1012,26.5653,25.0743,22.4358,22.4197,22.8711,21.5202,19.1776,23.3566,27.8568,22.0229,22.4042,88.8644,166.0951,20.6107,22.7253,21.2252,18.3997,19.6122,26.3137,25.317,25.1173,20.5848,24.1189,19.4005,22.4448,168.7061,24.2398,26.0767,18.4862,18.4862,21.6735,19.2487,29.7239,24.0145,18.7049,13.1113,26.495,24.4607,30.1153,20.8892,19.8819,17.2465,20.441,18.8242,17.9734,23.8409,34.6093,25.7686,29.2828,42.0412,20.5049,30.7103,23.3456,23.5089,18.9537,23.522,23.7977,23.6611,24.6938,24.6938,29.6634,24.8074,29.8149,30.9617,29.7166,11.7064,16.3545,14.767,16.3197,10.3226,17.3836,1.1708,42.1428,13.4547,17.8672,19.5219,21.7414,23.3204,19.3558,23.0856,43.7563,25.2908,29.8909,14.2138,19.9473,20.2761,23.7767,47.5278,33.8905,20.7094,20.7094,10.6522,21.6613,115.6184,17.7236,13.8915,22.872,11.335,11.4904,31.6921,24.4854,6.9968,11.3353,19.6616,7.6886,11.7908,23.1035,13.0802,20.8815,25.9746,24.534,18.0133,23.0791,11.7197,28.919,23.7978,24.2027,30.0921,21.2763,45.2646,20.7094,20.7094,10.6522,21.6613,115.6184,17.7236,13.8915,22.872,11.335,11.4904,31.6921,24.4854,6.9968,11.3353,19.6616,7.6886,11.7908,23.1035,13.0802,20.8815,25.9746,24.534,18.0133,23.0791,11.7197,28.919,23.7978,24.2027,30.0921,21.2763,21.2763,21.2763,21.2763,21.2763,21.2763,21.2763
146,19.469,20.1986,19.879,25.2752,28.1984,31.7396,15.3195,26.615,240.8244,42.8239,75.5328,28.0566,46.9427,20.6048,-13.667,22.4891,34.0589,26.925,64.5372,29.4744,21.7326,22.9776,18.5948,17.9087,21.0527,13.4135,13.4135,9.7682,17.5692,18.0785,68.8429,10.106,11.0749,17.6713,22.963,13.7309,22.6098,27.5893,13.2622,20.6223,12.3752,39.8377,20.0815,12.4822,21.7409,15.2621,228.4401,12.7206,2.6105,20.7101,8.7502,12.5135,2.8514,13.4666,13.4666,-1.4769,12.8954,23.0076,15.3732,28.7888,42.6502,56.0483,22.9635,-9.6148,-5.3483,17.0511,23.2566,7.9234,17.7731,13.535,15.0874,13.6497,15.681,16.7168,13.4667,10.0269,7.0927,51.072,27.7569,19.1119,15.2194,8.5414,15.3263,18.7409,20.4323,20.4323,34.5774,27.8619,19.547,17.7473,3.6364,13.5016,16.8685,18.7674,30.1568,25.5665,9.3815,12.5658,22.6678,30.4299,172.6808,16.5264,21.7012,14.9764,18.7686,16.5401,11.9808,31.7768,17.094,11.0357,9.0066,24.7872,129.5619,9.0027,23.9101,23.9101,22.6301,14.352,18.6266,13.8619,27.9265,-8.8744,-0.348,18.7566,25.1977,16.44,17.0238,23.7969,12.767,21.9601,19.0626,17.8485,21.0422,20.5753,12.4426,16.1765,31.1231,30.9124,25.5352,26.3369,16.1541,16.5008,19.9756,12.72,17.8052,13.0047,13.0047,18.0458,18.2339,14.4296,6.8122,22.0282,21.9841,31.963,15.5765,42.8519,21.8333,19.0083,19.8692,26.796,20.6579,29.2783,32.0938,30.9105,21.4842,16.8973,23.1192,24.5874,22.9211,87.0511,23.6247,25.7392,49.8691,49.5609,29.8363,25.4303,25.4303,28.3477,19.111,16.7963,21.5107,34.0596,21.6914,24.4147,23.6727,15.5041,20.66,26.3167,22.8059,25.0859,22.1897,20.8456,22.824,20.7024,16.6516,19.9746,26.7114,27.837,23.3055,22.7587,22.0722,21.7588,51.517,35.0807,30.77,57.4677,24.9992,24.9992,25.2756,23.12,20.332,11.5039,20.247,19.0041,32.198,17.8457,20.8166,38.119,18.4689,24.5919,43.6503,24.1519,23.5056,20.2396,16.7294,16.2062,13.037,23.3646,16.3437,16.1121,24.4852,18.2956,18.0148,58.6228,37.2,17.7816,20.6961,13.3234,13.3234,16.3124,-4.6415,23.2028,20.3423,17.7268,14.5128,24.4761,13.5706,32.7182,21.4097,11.9188,11.0306,16.7948,13.6881,20.4562,41.649,44.7625,25.4155,56.9755,93.9052,27.411,23.9139,23.6333,19.8066,19.368,21.9862,46.1508,21.9056,22.1936,22.1936,26.5398,24.4407,27.0892,28.3324,13.8783,13.0154,19.4721,19.0323,24.0037,15.5675,17.4902,-9.7247,22.4706,15.7406,21.0202,17.7285,20.3781,19.2891,8.9174,18.6003,25.7371,28.4198,25.6048,14.2454,23.3939,12.4295,28.6903,34.2513,22.3825,23.9705,23.9705,9.0029,20.3506,45.6094,17.9181,17.2228,20.431,7.943,9.0308,27.2562,19.3535,5.0606,8.7113,18.5344,2.0044,9.0667,21.1391,11.0272,13.5386,21.3669,26.0893,18.0512,25.0942,18.8877,27.1929,26.1343,25.5678,32.9959,24.4203,34.3085,23.9705,23.9705,9.0029,20.3506,45.6094,17.9181,17.2228,20.431,7.943,9.0308,27.2562,19.3535,5.0606,8.7113,18.5344,2.0044,9.0667,21.1391,11.0272,13.5386,21.3669,26.0893,18.0512,25.0942,18.8877,27.1929,26.1343,25.5678,32.9959,24.4203,24.4203,24.4203,24.4203,24.4203,24.4203,24.4203
147,19.1642,23.1007,15.704,22.2121,25.1988,31.0164,17.4692,39.5142,189.7473,48.0333,43.0494,22.7038,-70.349,15.9419,-22.2829,20.8934,40.3021,26.9049,25.6789,30.3432,70.094,24.1474,18.3052,17.9417,20.215,14.4748,14.4748,4.7916,14.7651,14.3816,19.6792,3.2768,11.6265,13.4513,26.0708,14.6343,19.2089,21.1632,13.7837,26.1246,11.9813,37.5966,20.1153,12.1403,20.045,9.8306,16.1511,12.9028,10.7324,21.1167,4.8292,4.55,-19.149,9.8172,9.8172,8.8991,16.4961,8.2931,15.2294,15.9169,36.1645,64.5498,49.8723,-11.9324,-44.8755,17.4821,18.1367,2.2251,16.5947,25.6052,20.1996,6.3433,43.1282,13.8694,18.7881,13.9637,1.0119,24.5955,22.1188,17.8686,17.7241,-18.0237,7.302,36.8536,11.9008,11.9008,32.8962,32.4494,19.0647,15.6695,10.3441,12.3997,17.481,13.8681,16.7975,23.258,9.4769,10.0844,17.3262,9.4741,27.7437,11.3591,20.7688,12.6474,19.1437,11.8592,6.7584,21.0575,13.2892,5.7387,-10.1342,31.5192,18.2228,-0.7611,11.9918,11.9918,20.1649,23.376,16.8021,8.9081,31.5802,15.5512,-19.5868,16.002,35.9501,15.9768,20.2432,23.0219,7.4539,11.7377,16.2646,13.4088,15.1429,14.7681,7.5035,12.435,13.9185,30.6897,22.8212,27.5956,15.896,11.0984,16.6767,13.0404,17.1923,15.7054,15.7054,4.0168,9.5448,14.2216,7.7438,19.6766,20.8047,31.9512,11.6748,20.8178,18.1456,17.3557,113.5206,24.5466,21.9439,30.2249,27.3363,22.6579,18.0146,14.7839,29.8062,22.3562,24.1918,22.6449,24.6403,21.8727,35.9669,20.9334,27.2253,27.5164,27.5164,21.4461,17.1668,18.7547,19.6684,26.6885,20.0953,24.2719,20.386,12.5038,17.0864,18.8395,26.0128,24.6918,25.7079,19.9525,21.9307,16.9669,14.0031,24.0293,21.0922,24.3784,21.8345,19.1152,28.3844,25.3277,51.8377,25.2884,31.5402,26.0639,19.9988,19.9988,21.5685,21.3608,14.922,11.5307,18.4507,23.7138,40.4901,18.7412,17.9802,17.2107,16.4947,21.6356,21.1952,25.2916,21.2254,16.9717,15.2055,13.273,8.8235,18.1966,14.7589,18.5922,18.7846,17.3721,16.3543,13.6669,40.5343,19.3047,20.1398,13.9175,13.9175,17.6346,0.3174,20.0652,19.5527,16.1418,19.7118,17.314,13.2565,34.6343,14.7397,18.5177,15.0804,19.1294,16.1865,29.1579,51.9567,63.7787,21.5914,118.0272,21.9809,20.0124,20.2888,22.5089,11.7352,16.8932,21.655,22.1397,20.1787,18.6349,18.6349,20.0581,26.2701,18.715,28.9053,18.2137,20.7213,17.639,18.9088,28.8219,20.5039,21.6656,3.6128,19.1711,16.2857,16.5766,20.225,5.0168,12.5705,10.8196,23.9817,23.1048,16.4525,20.0929,13.4416,16.2464,1.0126,52.0508,21.0887,20.0273,22.1761,22.1761,14.3362,68.4154,49.4032,15.7093,12.7784,19.1919,7.6258,7.4314,39.1575,9.4851,8.2558,9.9646,17.3438,5.7854,-9.2763,18.2246,4.9351,11.9669,16.0492,30.6926,18.39,25.6083,15.6949,25.539,22.409,25.9775,31.2963,24.9154,35.9829,22.1761,22.1761,14.3362,68.4154,49.4032,15.7093,12.7784,19.1919,7.6258,7.4314,39.1575,9.4851,8.2558,9.9646,17.3438,5.7854,-9.2763,18.2246,4.9351,11.9669,16.0492,30.6926,18.39,25.6083,15.6949,25.539,22.409,25.9775,31.2963,24.9154,24.9154,24.9154,24.9154,24.9154,24.9154,24.9154
148,22.581,15.7842,16.186,21.1421,24.8024,21.7753,14.2492,88.5122,273.4879,1.029,1.1726,12.0142,-66.9805,21.7413,-19.3729,17.8951,34.0459,24.6977,27.6615,279.9198,24.105,21.5953,18.6134,21.1885,17.8325,8.6518,8.6518,7.7023,26.8164,13.9888,16.9205,2.3192,-4.2075,15.1955,28.7707,15.1174,25.6555,20.3194,13.1613,0.2211,16.8438,45.1239,20.4687,7.6349,115.9427,8.4481,21.7758,13.1283,12.3705,15.8784,8.5235,-6.4938,3.2747,19.3577,19.3577,-4.8008,8.167,5.0832,29.4451,13.2633,17.5268,68.2381,19.7471,-14.453,-54.8734,15.5459,11.6161,-28.347,15.2457,13.0459,15.9757,-4.596,15.4504,1.0201,14.7967,12.9151,0.4911,13.3868,28.5369,18.0955,14.707,-25.6462,6.9058,19.2218,13.1965,13.1965,21.2799,23.1923,15.2751,13.6623,13.8923,8.9345,9.2519,16.0853,21.6063,22.5685,-10.9307,6.2584,9.6642,10.5764,23.9918,-4.3796,15.9402,11.196,21.9476,7.4354,1.6242,17.4385,0.5356,-5.7612,-14.5859,132.1172,15.1855,-14.4732,4.7243,4.7243,103.7347,10.4156,13.7916,4.3484,23.0016,8.2074,-28.9463,13.1105,20.474,13.1696,18.2883,20.772,0.1202,9.4644,6.7964,17.1674,8.5133,19.3024,-23.5654,8.4503,17.2289,55.2095,19.2912,22.1948,14.1948,11.1904,17.013,13.9426,15.955,14.5433,14.5433,2.5755,-2.9469,15.3972,-14.6843,15.9339,27.0637,21.5779,15.5769,20.9819,6.5418,10.1169,32.3064,20.7372,22.264,26.2819,23.6802,20.1361,18.243,12.6262,37.1771,21.2157,30.1556,15.8616,21.3146,19.0599,29.451,21.6855,30.5834,19.7282,19.7282,19.0294,12.2648,17.9261,18.4664,15.6496,17.3194,21.3027,15.5361,6.1576,14.8286,12.6803,14.3269,22.9153,25.4399,16.3841,19.5145,14.0598,13.7113,18.1486,19.8695,22.008,17.1483,15.3408,28.8944,24.7592,39.1636,22.9289,18.9415,22.7734,18.72,18.72,19.9278,18.5675,11.2339,100.741,15.4156,21.0396,14.5762,19.8666,18.1743,17.3255,15.1457,16.8674,20.8078,19.8493,17.9593,17.9683,13.2344,6.2833,11.7395,18.5826,13.7761,15.4417,20.0083,14.8154,13.7532,13.563,18.4872,18.0484,18.5799,12.7356,12.7356,18.7249,2.2635,13.2619,18.9666,13.6381,12.9775,14.8585,9.3424,12.0305,26.8782,24.8646,9.1259,24.354,26.5515,22.1822,47.6038,33.4409,18.9515,19.3164,20.8889,24.7999,18.0431,22.2077,3.0069,6.7641,21.2548,24.0375,16.1957,18.2923,18.2923,15.4896,22.9381,8.3513,19.4052,15.3152,15.5892,13.7456,13.5703,21.4703,18.8757,21.2338,4.7972,11.2127,16.3065,8.8717,24.7323,14.3671,7.2989,6.9585,12.3907,20.6483,11.5827,24.2673,13.7243,6.1203,0.6081,21.7082,24.3718,15.1453,15.1616,15.1616,16.6582,21.1189,21.3935,14.8755,8.8751,18.1419,-0.1693,9.175,19.2222,2.3963,6.2269,8.8261,19.2067,4.3823,-1.3412,17.6556,7.8077,21.6846,17.9822,21.009,22.021,20.4038,8.1669,28.9166,23.1097,23.0841,24.7198,25.2204,29.6231,15.1616,15.1616,16.6582,21.1189,21.3935,14.8755,8.8751,18.1419,-0.1693,9.175,19.2222,2.3963,6.2269,8.8261,19.2067,4.3823,-1.3412,17.6556,7.8077,21.6846,17.9822,21.009,22.021,20.4038,8.1669,28.9166,23.1097,23.0841,24.7198,25.2204,25.2204,25.2204,25.2204,25.2204,25.2204,25.2204
149,21.2045,3.0813,14.2365,19.6158,24.7312,-0.5976,17.3716,101.281,229.2215,23.9798,-27.5488,21.1696,-55.1394,17.6401,-36.7811,17.9569,31.7742,23.8107,26.5815,23.3338,22.4371,20.1484,18.4156,18.897,17.3229,-6.4184,-6.4184,3.0113,26.6341,13.0111,15.477,-8.0991,-10.4582,10.4918,23.6892,13.2274,20.1863,17.6605,12.6912,0.6276,12.753,29.3331,28.4844,-10.9227,20.166,1.1695,21.9818,-1.7386,13.9585,15.347,5.4414,-1.0889,-14.9353,8.8566,8.8566,-24.8208,-27.6005,-5.6207,9.5928,13.7288,14.9077,32.8242,17.3652,-22.1596,-66.5565,14.1212,0.5185,-28.0841,31.4325,12.5179,14.102,-5.3102,10.8817,0.3541,10.8625,11.4818,-5.015,3.9232,19.2061,18.9203,19.2274,-16.8039,15.4109,16.4798,29.4019,18.4629,18.1026,22.3347,10.2162,22.7915,41.1734,14.2159,9.0291,16.7182,12.2982,20.7549,-23.2548,2.2379,30.8274,8.8716,92.273,9.8828,16.2601,209.7235,20.5388,506.9067,1.5772,18.2731,6.3839,-18.8571,8.0235,17.0362,16.4581,-26.0654,11.8248,11.7584,6.5959,-0.4974,16.5812,16.6221,25.0373,4.4244,-8.6939,15.2917,16.8787,12.0072,19.9679,17.1257,2.5996,15.6971,9.7031,22.7337,16.007,30.7731,-14.4815,-3.262,22.7189,27.6639,14.3726,31.116,15.1421,6.3001,14.8238,21.6818,33.6744,14.3058,14.297,8.3284,0.6494,17.605,-36.961,15.9815,36.1405,28.1572,16.4697,20.8781,1.8827,31.5064,23.0899,43.7506,25.4843,26.1255,19.0089,23.4213,16.0558,12.4936,25.4222,19.3122,28.3189,21.284,20.3797,20.1276,21.105,25.5866,21.4369,24.478,21.0744,15.0412,29.4015,13.1442,16.0966,20.9291,15.5961,19.3469,16.1505,10.142,25.1407,17.82,19.5699,25.7875,19.4909,15.9513,16.9374,9.9594,14.3422,17.7713,19.7553,20.2469,17.0126,13.6058,29.0831,29.473,30.661,29.8894,26.3637,127.8209,31.1901,18.9083,21.1016,19.7651,8.3825,65.8211,12.9258,19.9522,21.9209,18.1102,36.7746,15.8987,15.7388,24.9028,24.8209,20.2098,20.2371,19.3127,15.8259,11.5056,17.1207,20.0805,14.6983,21.0323,27.5886,15.1972,13.2828,74.1275,18.6858,15.3751,18.7908,19.5499,14.1819,17.1127,11.5419,9.4253,19.3171,11.956,14.0312,6.4831,-8.9531,-5.5746,26.9259,23.1746,14.1701,26.1325,17.9502,46.5009,19.0585,39.9259,21.0288,40.9866,21.0879,15.4198,19.3267,21.3852,8.2823,6.3735,59.8055,20.9315,12.4111,15.2612,14.5437,23.1708,19.7644,21.8964,10.9264,16.6517,12.5265,6.992,14.4783,12.6846,19.2006,18.3619,6.1935,8.267,12.9322,10.7058,15.6764,-0.5662,9.2152,2.4444,13.3218,16.6382,17.2037,22.1497,16.3127,2.9741,7.0352,37.0042,20.7286,6.0568,14.7695,20.0523,45.9395,10.3445,25.3934,11.3846,5.5858,14.5417,5.5817,6.2738,18.2164,-2.2201,-8.5491,8.2988,17.1605,1.9601,1.2949,15.9952,7.9344,8.9716,2.9345,19.8099,22.3542,18.069,5.6377,27.1809,29.8412,28.1894,24.53,23.2157,26.7494,14.7695,20.0523,45.9395,10.3445,25.3934,11.3846,5.5858,14.5417,5.5817,6.2738,18.2164,-2.2201,-8.5491,8.2988,17.1605,1.9601,1.2949,15.9952,7.9344,8.9716,2.9345,19.8099,22.3542,18.069,5.6377,27.1809,29.8412,28.1894,24.53,23.2157,23.2157,23.2157,23.2157,23.2157,23.2157,23.2157
150,107.3549,-19.9452,31.36,19.4221,19.4115,-14.1766,14.866,154.6939,147.0766,13.6975,-14.4168,26.7898,-77.6358,28.6717,-7.1975,27.9785,28.4834,23.4747,45.6956,27.6801,17.7279,20.4231,18.9266,17.4207,17.103,2.5381,2.5381,9.2768,16.9575,14.0957,16.3195,-12.0994,-20.3177,10.3581,14.6316,17.707,17.7456,15.9418,12.6862,-14.501,75.6255,32.3043,16.4228,15.0077,17.6012,-8.6187,20.5686,-3.9298,29.4153,14.7921,2.8897,5.8796,2.563,12.1722,7.7789,-25.0334,-27.3747,-2.8371,9.5731,14.0312,34.695,39.3816,16.3074,-23.7935,-62.3286,13.513,1.3014,-24.941,28.6996,10.3186,16.3416,-14.9489,13.7487,-1.7785,15.7712,9.5611,-7.1335,-6.0541,21.4675,17.5101,17.9649,-27.198,11.8004,7.8428,4.8474,7.07,12.7033,18.8754,9.1003,14.0265,9.0808,12.1552,8.5912,11.4708,-6.6751,18.3014,-17.3566,9.1871,5.3525,8.4415,22.9393,8.9818,15.3792,10.609,22.2655,353.6005,10.4712,21.2625,6.571,-16.1838,4.1729,38.017,16.8932,-31.9481,31.7936,31.7224,11.3484,35.2321,14.0516,16.1819,14.3347,1.4691,-21.534,13.3918,17.5964,20.1915,19.0655,17.734,2.5613,21.8284,2.3402,10.9578,23.719,17.8751,-15.6829,-0.622,18.6978,27.3374,8.7647,28.7751,14.693,9.3527,15.2326,21.7476,15.6108,13.5383,13.6432,0.6246,6.0376,19.2066,-6.032,15.1812,31.8725,18.2746,16.3923,22.0045,1.173,22.3115,24.4911,13.8933,22.0483,21.9387,25.4945,21.6581,16.0957,12.7403,22.1217,18.5308,177.335,26.5349,282.9165,19.8834,20.9684,36.0457,22.0638,22.9127,21.7436,15.5658,18.6267,12.2703,13.797,25.1184,12.1906,19.6385,15.1578,11.0945,27.5549,58.5281,26.3625,24.5919,204.6283,56.1969,16.5504,2.5417,11.857,18.1698,18.9978,19.7035,15.8843,14.2149,27.8197,28.6303,31.8911,23.5895,25.3333,22.4111,22.9086,173.1165,20.2574,17.0319,12.8128,26.1045,13.478,17.6573,21.7701,18.7769,20.7315,17.1373,14.4024,18.1294,17.7389,19.3551,19.6291,12.8708,13.5748,16.6983,12.6433,19.5681,16.4773,20.7217,17.8235,14.9851,14.677,-0.7288,16.8321,15.5652,18.6485,19.4683,11.2005,10.7261,6.6305,15.1429,19.5307,11.3156,8.429,-16.9384,-3.0817,-18.2436,8.255,15.7744,15.0151,17.259,18.5303,24.4705,-4.1899,22.268,18.9076,49.0186,14.2521,16.5663,16.8721,19.4369,12.3648,15.773,25.4728,21.042,12.0254,32.1272,15.4702,20.244,7.744,20.4721,7.2189,17.4083,4.9209,16.6957,12.517,-5.6139,15.6428,10.9186,-5.854,1.9139,12.8112,5.597,20.4785,10.0553,6.8701,7.4128,11.3847,12.0573,16.7731,25.252,9.0935,4.4434,2.4841,29.2501,14.993,-13.2418,6.215,24.0892,24.3605,37.1196,22.1256,13.7386,19.4622,12.8045,11.6624,16.7957,20.7866,-4.2222,-12.0583,11.8137,17.9464,-4.7091,7.5741,15.8826,7.5323,24.8435,-2.6758,20.4583,33.1376,26.2564,17.4768,26.0582,43.6998,25.7228,24.7317,25.22,25.22,6.215,24.0892,24.3605,37.1196,22.1256,13.7386,19.4622,12.8045,11.6624,16.7957,20.7866,-4.2222,-12.0583,11.8137,17.9464,-4.7091,7.5741,15.8826,7.5323,24.8435,-2.6758,20.4583,33.1376,26.2564,17.4768,26.0582,43.6998,25.7228,24.7317,25.22,25.22,25.22,25.22,25.22,25.22,25.22
151,34.215,-2.6177,19.1312,17.6862,19.8567,-10.6075,21.9625,130.2964,168.4254,60.5121,-2.6066,26.1956,-81.4149,32.2407,4.4021,31.7432,29.9124,23.2497,27.753,23.8566,17.5484,20.1643,19.9004,17.614,16.6372,12.5533,-1.1007,8.532,16.0409,12.8472,16.3549,-8.6212,-23.164,11.0156,17.8362,14.7328,18.3912,14.3243,12.8462,-14.0733,14.8378,25.9783,16.2149,24.3209,16.2292,0.0794,15.1453,-2.1578,25.0297,10.5916,-28.0287,-4.2917,5.7508,8.8318,8.3993,-22.5845,-18.1776,6.899,11.1264,16.5413,28.2342,21.6373,15.6956,-22.7252,-74.1836,11.3203,5.8747,-22.2663,16.8837,9.6539,17.2666,-11.9678,19.7763,-1.0455,18.1272,15.8239,-8.8464,-0.6222,23.0064,17.6446,16.0338,-20.0646,-3.7167,-0.0177,10.6447,6.1264,9.9546,17.5718,13.1048,16.598,3.4501,11.6193,4.4981,17.3676,-10.3119,17.3368,-25.1662,4.5212,8.9807,10.4996,19.184,7.1767,17.3147,10.2987,18.2735,245.9522,6.6026,23.3107,2.8922,-23.9044,1.8551,49.2222,14.846,-34.0706,20.5252,19.9012,12.1717,17.2862,10.8834,12.1166,20.0187,-13.3714,-11.4837,13.0504,17.2988,25.967,19.5407,14.5093,3.4304,14.5365,11.5855,-11.275,-8.0976,-1.5947,-39.1559,-10.1979,14.224,9.834,-16.8797,24.4977,14.9523,9.9435,14.8445,22.2612,14.7648,18.957,11.5916,-20.4726,0.7977,12.9704,-34.9249,13.5532,30.6551,37.1018,15.3534,21.8086,-2.8722,23.4929,16.6511,20.4789,18.8207,17.2756,15.8651,22.3073,16.971,12.7227,19.5216,18.6708,36.1281,19.6103,68.1013,17.808,14.0275,28.9217,17.8901,19.8192,18.0859,12.67,10.8833,10.3327,13.0173,22.1985,14.0843,18.5948,14.369,9.7629,20.1534,19.5035,21.3272,22.1736,49.6067,34.2319,15.9725,8.8419,12.7886,17.454,19.2169,19.613,15.0553,14.9854,26.3667,25.7216,37.7709,19.5914,23.5132,23.9557,21.8612,36.1773,18.1919,17.9745,8.9515,9.5064,13.6431,14.7407,21.2118,18.247,20.7632,17.4434,15.5968,14.0552,21.4264,18.7201,19.6272,2.2168,13.8211,13.1689,15.3006,13.9183,16.5143,19.527,19.1967,11.3226,26.5092,-0.6288,13.0489,15.7444,18.307,19.348,10.1311,11.3896,14.5053,18.5339,19.9198,11.7915,6.6945,-2.1618,-0.7815,-26.4868,14.0505,12.0642,8.0448,12.5221,18.9033,23.2343,16.5515,21.778,17.2626,51.2422,16.3672,16.3485,15.6254,20.2396,12.6868,17.4025,22.686,21.0499,11.4522,25.7789,13.7438,20.6423,18.2427,-0.3891,17.0293,17.7457,6.5456,22.9911,12.3237,2.7247,15.8583,11.8574,3.7842,6.6135,15.8849,1.3651,20.1134,6.8808,11.8734,6.7666,11.1623,10.1167,18.5101,19.9938,10.1018,-0.3291,1.2287,21.9389,12.1628,-27.8814,-0.6784,21.6164,19.8651,12.313,16.5481,11.6687,6.8526,8.6433,8.3341,8.9292,19.118,-12.7086,-17.707,13.6283,20.5565,-6.9364,1.4613,13.1274,10.0716,24.1238,1.7809,19.4727,38.256,32.9372,10.8176,23.3728,37.4883,20.1492,25.1211,21.9072,21.9072,-0.6784,21.6164,19.8651,12.313,16.5481,11.6687,6.8526,8.6433,8.3341,8.9292,19.118,-12.7086,-17.707,13.6283,20.5565,-6.9364,1.4613,13.1274,10.0716,24.1238,1.7809,19.4727,38.256,32.9372,10.8176,23.3728,37.4883,20.1492,25.1211,21.9072,21.9072,21.9072,21.9072,21.9072,21.9072,21.9072
152,48.7684,5.5425,20.4651,32.7344,20.7634,-3.0644,17.3472,143.6752,150.2467,86.3011,-4.6625,20.8076,-77.0368,28.2735,1.6811,42.6252,28.9786,23.4318,24.2727,24.4873,16.855,20.2268,21.3377,17.9976,16.133,13.8421,4.403,0.9939,32.0809,12.3406,17.0559,0.4666,-19.8017,11.3821,14.4356,12.4813,18.3906,13.9419,12.7299,-18.1806,15.0295,22.3796,14.3621,29.3554,14.3808,6.4025,9.7304,8.4083,25.3578,13.4984,-19.2207,1.5365,11.2812,9.2234,9.8577,-20.6482,-6.2901,7.499,11.9692,15.5874,23.075,19.5823,14.4473,-13.6894,-48.3574,14.9068,2.6161,-27.4309,16.5394,12.7247,17.3293,-7.5303,24.3658,1.2036,20.0513,17.9148,-11.1216,-12.1335,21.9271,17.5106,13.9197,-10.6589,7.7856,13.8627,10.3426,6.4387,8.7504,16.5706,12.4295,14.1408,8.7461,12.5862,10.8243,17.3704,3.6224,17.0931,-14.7018,5.6767,12.497,5.2387,12.402,8.7402,17.0169,9.0774,17.6879,385.7985,-1.0031,19.7409,8.8732,-13.2801,-5.7569,21.5026,15.1266,-33.6757,3.1806,34.5524,12.3987,19.0188,10.8958,13.7432,13.5206,-10.0626,5.094,8.2267,17.6996,22.3704,25.0687,14.1189,8.3122,14.6443,12.4552,2.6268,-14.3659,-11.3277,-37.7098,-20.6939,2.5038,11.2733,-30.0895,15.6805,16.2351,11.3136,14.1489,14.347,16.6388,15.2519,12.2004,-23.1131,4.4522,12.76,-44.3517,12.1323,27.7686,29.4473,17.6392,21.114,1.5429,6.4766,13.0551,19.0606,8.6932,15.9633,15.8346,17.4228,17.1929,13.2204,13.9184,18.5134,42.3175,20.8796,40.7573,18.8397,21.0159,29.6301,14.0389,18.4091,17.2234,15.0214,16.0127,10.1462,12.3937,14.7817,12.7904,18.4722,13.5238,8.5128,16.9273,27.0548,14.0244,22.6693,34.4149,19.352,17.6189,5.4349,12.3427,17.3002,19.9426,19.9143,14.6296,15.0544,20.2872,25.8543,27.0167,23.3319,13.5401,22.6129,15.6111,18.3249,16.9508,19.0923,9.2578,8.7287,13.5648,17.2675,18.9703,17.5799,20.5207,17.2936,14.7241,15.2436,17.2712,18.3216,17.9383,-0.3854,13.5637,15.9002,12.4105,15.9766,14.2848,21.1691,16.2391,12.915,16.3016,-1.01,10.0074,15.1789,17.6594,19.0728,8.4092,11.9296,14.7622,18.6303,18.2864,12.5674,7.4137,-3.4505,-0.7406,-7.0282,7.8011,10.9228,4.5422,17.2072,19.5092,18.4714,25.7726,20.7647,15.9535,34.4958,16.5829,16.9002,9.9464,19.7819,15.5657,19.6512,22.2264,21.7281,10.0922,4.8162,1.5897,15.4025,20.1106,-4.9996,19.1752,17.2908,11.0598,20.4213,7.4048,9.1582,15.2428,16.1809,11.789,7.5198,20.7028,7.4629,23.367,13.8588,9.6999,8.6365,2.4889,14.3172,17.8042,21.5644,12.5526,4.0169,2.8065,24.7148,10.8796,-16.7024,3.9699,22.9215,21.2753,13.207,41.3959,12.4372,11.1845,9.2898,3.96,10.6107,19.4297,-1.6858,-24.4158,14.005,23.0969,0.3023,9.2449,5.5491,4.6698,20.9926,3.7376,20.171,35.825,34.8397,10.0773,37.9221,37.9136,20.9477,24.9713,21.1688,21.1688,3.9699,22.9215,21.2753,13.207,41.3959,12.4372,11.1845,9.2898,3.96,10.6107,19.4297,-1.6858,-24.4158,14.005,23.0969,0.3023,9.2449,5.5491,4.6698,20.9926,3.7376,20.171,35.825,34.8397,10.0773,37.9221,37.9136,20.9477,24.9713,21.1688,21.1688,21.1688,21.1688,21.1688,21.1688,21.1688
153,24.3196,9.0695,23.0756,36.428,27.7034,10.4617,17.4452,130.2932,150.5676,109.5408,16.2552,17.599,-46.4654,27.7452,-2.874,28.4464,34.1275,24.3175,24.6112,24.849,17.527,20.1329,22.3115,19.1032,16.9136,13.9046,13.0676,8.4319,18.1139,12.9271,18.3802,-12.1624,-17.1903,11.5403,13.08,13.5493,18.4753,13.562,11.221,-26.6526,10.017,12.983,32.1224,28.2642,17.5626,11.7522,13.1233,5.7506,24.2972,12.499,-11.5228,-2.3422,14.7579,17.9709,26.5862,-19.586,-2.5627,7.647,11.9621,13.7304,50.91,15.7,14.0996,-10.7154,-42.3446,15.4216,9.1693,-23.8942,21.2878,23.2998,15.4432,-7.8248,18.6324,13.1963,23.9861,15.1903,-11.086,1.0184,32.509,18.082,17.3754,-19.0489,7.247,12.7822,14.7244,9.5977,8.925,18.4651,19.0717,20.274,9.6314,15.4088,12.7122,15.8212,5.2469,16.729,-18.2451,2.4176,11.2159,10.554,14.4483,14.0733,16.6412,9.4609,18.1555,449.5705,8.7801,15.076,11.2556,-12.7037,-9.5853,11.5794,19.4782,-29.0002,11.7004,77.3418,11.6954,35.1183,13.1537,24.4378,9.7851,2.8276,12.2033,7.7355,18.5151,23.6572,25.5716,14.1223,13.4288,15.0381,15.6602,3.38,-12.9342,8.3004,-29.9207,-2.6383,5.4168,14.4899,-32.014,13.2722,15.5675,12.9576,16.5314,12.2928,15.9724,16.7773,6.2258,-21.2912,7.1463,16.5014,-27.738,11.3117,21.4627,17.9118,17.7613,22.1536,-0.5915,18.3856,4.2748,17.1837,5.4259,20.0258,17.3073,28.5573,17.6164,12.4865,12.2135,18.0217,37.9859,16.7605,23.6364,20.064,25.5537,27.6717,12.9014,13.2995,19.757,14.7168,24.4059,11.04,11.225,11.6609,12.6642,17.5428,13.1588,9.6107,15.4769,18.9206,1.1665,20.3968,21.9558,17.6597,17.9103,10.0096,12.9391,17.5411,21.8438,20.3897,15.861,16.0649,19.2499,26.2231,26.901,19.8915,18.3582,22.9601,14.6706,19.7688,17.3192,19.1964,3.4427,0.0118,13.0814,17.013,18.8092,17.5821,20.6677,20.8676,13.8371,14.7702,15.3623,17.5862,16.07,0.5283,14.5318,15.9731,13.8831,22.7004,15.1821,18.4222,11.4568,16.1483,17.8172,2.4475,11.9959,15.4542,17.2403,19.0513,10.6143,11.1745,14.3952,17.5859,15.0111,15.4631,8.2401,6.234,1.6635,-16.4361,16.2781,6.7973,7.334,13.2395,14.7446,17.4978,13.3114,31.1848,16.8659,43.6747,12.7113,23.6449,11.6552,19.3403,17.6007,20.6227,21.188,20.5756,15.1922,14.9344,-17.1073,13.4071,15.5326,-4.4265,8.6169,18.3369,15.9685,18.5941,12.9071,26.2695,14.9547,-10.4137,14.0941,0.7374,23.6291,11.5763,22.5712,18.4133,9.0097,9.8287,9.8573,16.2599,13.6749,20.8356,11.6063,9.4424,1.5995,30.139,11.8324,-17.9549,6.2715,20.1922,31.0358,16.7234,15.6607,12.7109,13.4425,9.1053,7.1512,11.9878,19.598,0.1732,-27.755,16.1871,27.006,-10.9103,11.7291,10.7599,-0.746,16.2955,5.4606,22.1826,32.752,30.5126,6.9752,23.9741,35.0686,20.7851,27.3346,23.4588,23.4588,6.2715,20.1922,31.0358,16.7234,15.6607,12.7109,13.4425,9.1053,7.1512,11.9878,19.598,0.1732,-27.755,16.1871,27.006,-10.9103,11.7291,10.7599,-0.746,16.2955,5.4606,22.1826,32.752,30.5126,6.9752,23.9741,35.0686,20.7851,27.3346,23.4588,23.4588,23.4588,23.4588,23.4588,23.4588,23.4588
154,27.6321,12.0975,32.9651,24.9808,31.6787,18.1066,3.2435,123.0241,189.0165,96.339,-8.4773,63.1126,-38.5859,23.5502,9.1334,61.6583,36.6284,27.2373,28.9364,28.1664,18.4173,18.5148,22.8765,19.8324,19.036,7.9114,12.9159,2.0714,20.4696,13.3666,22.1396,-5.0083,-3.7111,15.6016,11.2788,18.8056,18.5756,13.8145,11.4455,-17.0209,4.171,11.7738,27.8094,32.8073,19.6775,14.6397,4.6032,0.274,22.6504,14.0999,-2.2492,-5.0024,16.6426,16.8733,28.098,-19.4773,-28.0509,12.2538,17.2018,13.9011,58.513,11.4913,12.5387,0.3428,-29.2773,23.229,13.4934,-7.4863,21.1554,15.2541,17.2939,-6.6098,19.0466,16.4246,29.2847,14.8962,-0.408,43.5422,24.5786,23.7652,20.5323,-14.471,8.8971,5.7234,24.3197,8.6377,16.7277,22.3987,23.278,14.4611,10.8011,18.0075,29.4535,20.4079,7.2014,18.9881,-16.3743,-0.1795,19.1844,39.2918,19.5151,15.4534,278.6624,10.1372,20.9415,81.2529,15.4771,32.1189,14.8794,-15.4888,21.3322,9.1539,23.9892,-19.5815,21.3949,154.8465,19.7135,13.7201,13.563,29.1189,1.4729,10.7368,12.7074,14.7678,18.5875,18.1678,24.4202,14.7211,16.6278,20.8613,17.7962,-7.7318,-13.9102,12.6786,-23.1987,8.9963,15.2684,19.3082,-24.3009,15.8495,16.5564,14.124,22.5299,15.9921,23.9679,19.4506,-5.6364,2.5904,12.2029,15.4314,-7.5891,11.5847,36.3987,16.8772,23.8031,23.0459,-9.3252,20.2916,10.5331,18.6645,4.2729,26.6593,13.0504,28.7826,18.9932,13.5348,-1.3413,17.2725,21.1037,16.9862,66.9366,20.1761,31.6578,16.0229,10.1607,14.4112,23.9902,14.3408,18.8085,4.6569,6.5695,10.8246,10.7736,17.3168,13.387,11.4418,18.6078,22.7581,-4.178,25.9916,15.6136,17.2384,18.186,13.2505,14.3856,16.7055,22.0025,21.528,22.3376,18.5518,22.3718,22.6705,30.5978,23.994,24.1971,22.7671,16.5931,19.6219,18.3482,18.7894,6.6193,8.294,15.2204,21.3382,21.7706,19.4677,21.3982,22.1049,14.5688,26.8059,15.7431,18.0084,15.3233,0.6558,17.7621,17.368,18.1702,26.9108,16.6668,22.2699,4.7413,19.3149,19.3289,13.1081,13.7462,20.8576,17.6874,18.7976,10.5182,17.1058,18.372,22.8776,17.3205,15.1214,12.4512,21.1523,13.5711,5.9405,28.438,9.95,14.317,12.4971,22.987,21.2373,11.6192,40.8829,21.5166,33.5334,14.3546,26.8558,13.9841,20.1459,19.9959,20.9469,20.257,19.9457,16.7859,23.5933,10.6446,18.0393,20.7646,-4.3769,3.9102,19.0234,12.4391,26.8064,18.5102,36.1506,19.7978,-13.9612,18.4078,6.4507,29.2101,15.0662,36.4707,15.7424,13.5092,12.5732,16.6161,23.7843,13.9669,26.6063,11.5301,17.5159,11.0269,31.8307,19.2078,10.5745,2.6705,26.382,20.7321,39.21,16.2723,16.037,13.5102,7.7672,-0.3762,11.8079,23.19,1.0742,-11.7145,20.584,25.5011,-12.6284,16.0967,-0.3283,-6.3415,13.7943,7.6889,24.1685,30.2038,35.7714,11.0371,23.9048,30.7937,18.5274,28.4957,21.6066,21.6066,2.6705,26.382,20.7321,39.21,16.2723,16.037,13.5102,7.7672,-0.3762,11.8079,23.19,1.0742,-11.7145,20.584,25.5011,-12.6284,16.0967,-0.3283,-6.3415,13.7943,7.6889,24.1685,30.2038,35.7714,11.0371,23.9048,30.7937,18.5274,28.4957,21.6066,21.6066,21.6066,21.6066,21.6066,21.6066,21.6066
155,29.9628,23.4639,45.9753,28.3497,43.4364,26.341,0.8093,125.1054,190.9464,137.0306,22.7464,35.2297,-15.195,27.4451,26.6028,42.9709,50.6016,25.6217,47.2315,27.6545,19.6686,19.8606,26.1832,26.5543,23.1385,10.9573,12.7637,-2.5812,23.204,14.0273,29.6944,4.1673,7.1798,25.3289,11.7028,11.3245,16.1094,14.6014,14.1683,1.6515,12.5113,12.7533,31.7522,17.1634,22.476,14.8441,14.9852,10.9304,24.7302,16.2869,-4.3711,-3.2186,39.4772,20.2058,20.94,-25.7727,-19.7307,15.3863,27.7015,29.1476,87.5116,14.2998,20.0767,3.8678,1.7077,25.6308,23.1992,-20.6044,16.7233,17.3496,21.3242,11.5911,30.4779,17.0589,21.7023,33.4245,5.289,11.8785,21.5731,29.9797,15.8354,7.6872,7.9703,-5.76,40.2702,11.2475,27.5004,30.6817,31.1881,8.1982,22.633,15.5737,27.4109,33.9325,27.5248,19.6868,1.3262,3.1742,53.7165,22.4464,23.7916,14.4343,23.0024,13.781,24.495,9.0566,17.4769,60.099,16.1544,-1.2058,15.1322,3.2135,25.795,-29.7552,31.6171,77.1128,40.2585,-33.4205,14.7787,12.8555,-30.1757,24.579,13.1635,11.5341,18.0752,18.0042,27.1417,15.233,16.5551,19.8781,20.1756,-29.1442,-27.7012,4.6288,-7.3941,16.2914,26.8186,22.0669,-29.8714,10.9966,15.4121,17.5735,20.1032,16.7411,25.9386,15.925,-1.1054,5.1065,11.9605,15.5889,5.1361,11.6589,18.0762,22.7785,21.3736,22.1194,-11.3405,19.0161,12.4754,4.72,-27.6095,26.3444,11.6011,22.2791,20.4898,14.0136,-7.7831,16.6347,18.2977,16.2013,20.4751,21.6473,25.6566,9.9347,6.4138,18.975,24.5875,16.6987,14.7628,1.4542,3.9132,-16.0918,11.9464,17.1154,14.4789,11.9462,21.3601,18.2767,6.548,22.9168,19.0673,17.5469,17.8459,13.5976,15.9585,17.21,22.4029,22.0062,20.052,19.8481,22.5961,16.6549,27.6004,22.6181,27.4466,19.4003,13.0558,17.9939,16.5239,16.8288,12.7821,13.1311,14.8687,17.847,21.1125,19.3095,14.3117,20.8748,15.1673,28.141,13.9722,18.2506,6.0477,0.001,20.1091,18.1805,18.7033,28.6296,20.4521,20.0593,-1.2885,23.5683,20.5608,13.1436,13.99,20.7367,17.4855,17.9925,4.502,20.2712,20.3193,20.172,17.8344,15.2332,-17.867,10.5045,18.9701,14.9549,25.33,16.9287,14.1905,15.8736,22.2684,24.1554,18.0236,44.7257,21.1336,32.5651,14.4735,26.0306,16.1837,22.0454,22.2705,26.1431,18.6472,19.6911,21.6975,30.106,27.6291,23.0637,22.3086,18.0335,4.5128,18.2985,18.1642,25.0062,25.6173,31.8776,23.5936,-6.8224,22.4121,16.2241,40.267,41.0482,43.7046,25.9419,18.6138,38.6084,25.4832,39.0681,23.5312,23.2509,15.832,15.6841,21.6447,40.4845,24.048,17.5006,12.051,32.3465,17.4603,78.6559,20.5562,17.139,147.2428,12.7667,1.2671,11.1241,33.2106,7.2885,8.1694,23.8467,39.1008,-7.939,16.1096,7.3812,0.374,15.4506,17.061,26.5615,21.8289,28.8582,10.6376,21.6195,35.556,19.0076,36.508,26.9197,26.9197,12.051,32.3465,17.4603,78.6559,20.5562,17.139,147.2428,12.7667,1.2671,11.1241,33.2106,7.2885,8.1694,23.8467,39.1008,-7.939,16.1096,7.3812,0.374,15.4506,17.061,26.5615,21.8289,28.8582,10.6376,21.6195,35.556,19.0076,36.508,26.9197,26.9197,26.9197,26.9197,26.9197,26.9197,26.9197
156,32.2528,15.8666,58.6542,35.7113,47.3873,28.2607,-3.9171,141.5622,213.4313,238.4689,114.5947,40.3052,17.0886,18.9357,13.108,34.0597,42.6184,30.252,33.9385,30.4028,21.5065,20.9897,28.0547,22.7194,26.0117,12.8292,17.5287,-9.8769,19.0588,18.714,68.6458,10.1141,9.7681,23.5404,11.986,11.5868,17.1486,14.2314,15.9184,14.1593,5.8156,13.4027,19.774,20.8609,29.0644,21.5167,35.8732,15.3118,25.0195,17.1238,5.2918,5.3835,20.687,22.2892,17.8948,-19.2439,1.1436,9.219,24.0183,21.505,37.4273,14.6468,15.0293,16.2529,5.4724,13.4497,10.8717,7.5513,16.2414,22.4316,21.4086,4.3237,43.6283,18.2562,18.4787,26.9361,13.02,16.8388,19.404,34.973,15.8916,10.0753,6.1806,5.5559,25.058,11.8139,15.358,24.7576,19.4617,21.2519,20.0477,11.9196,16.7483,20.4052,22.9345,27.1497,2.4732,-6.5559,43.3591,35.5953,20.5912,11.8706,23.1334,19.362,21.0143,7.6947,6.3816,17.9734,15.4622,6.0681,16.5494,16.1841,21.5594,-15.3537,31.5754,31.5561,16.2408,11.8746,16.2425,21.7313,-13.3425,25.679,17.9335,14.4085,18.3204,17.0503,24.4877,17.1653,18.3368,18.5818,22.8638,-12.2581,1.0603,6.6105,3.186,18.0037,22.3792,24.4674,-22.7775,16.2706,17.6759,22.5615,22.8899,32.9459,43.0651,17.373,3.1697,10.865,11.3125,20.826,14.6202,22.2441,25.1772,27.1136,24.3307,23.1029,11.6042,14.4802,26.4833,11.0602,17.6456,26.9859,14.4247,24.039,22.99,19.7841,14.225,18.1342,27.5302,22.6657,22.4315,24.2512,38.8286,22.0156,15.8625,21.5999,25.9803,21.254,13.7917,8.5689,9.6381,0.7622,26.2845,19.4273,18.1838,16.8416,23.5559,19.7338,15.0347,19.8332,20.9958,15.4493,21.5212,16.9166,19.1847,18.1,29.8975,27.7507,19.5614,20.2568,24.1656,21.5986,31.4828,22.6531,25.7742,20.8133,12.6838,19.8394,18.7681,19.4968,14.4439,12.7787,16.805,17.3629,22.935,20.0598,15.0,21.2886,18.8035,27.9773,16.9114,20.2202,13.0544,6.9858,20.1349,19.8625,19.4901,15.6223,12.6172,17.8237,11.3478,20.6971,19.8272,14.0697,17.7165,21.3037,18.1847,17.4097,8.2713,25.4722,20.0017,19.5153,20.7432,18.7449,-0.4103,-3.8713,-1.8221,11.1258,22.0305,17.3139,14.226,16.45,22.3344,19.0499,18.6847,33.5536,17.7838,18.7997,15.6739,23.9561,16.7222,21.9128,20.72,22.3399,18.1824,19.1908,19.649,33.5652,22.4589,24.0706,22.9752,2.2802,14.2341,18.5817,17.3749,23.9987,22.7531,27.0544,37.247,-2.1281,23.9077,26.3685,27.992,124.9482,35.1917,31.7459,16.8328,33.2104,21.8124,98.1475,32.8978,28.3219,17.8414,19.3591,17.9156,38.222,20.2721,21.799,13.9354,25.6121,17.2648,20.6644,19.9554,26.6672,34.7687,17.6281,6.6268,9.9233,39.901,7.8044,16.458,28.2338,51.3379,-4.0197,18.4794,33.1323,8.8116,43.0396,45.5266,30.0019,26.2605,33.2769,18.612,25.5602,27.6184,20.3124,34.8724,26.4862,26.4862,13.9354,25.6121,17.2648,20.6644,19.9554,26.6672,34.7687,17.6281,6.6268,9.9233,39.901,7.8044,16.458,28.2338,51.3379,-4.0197,18.4794,33.1323,8.8116,43.0396,45.5266,30.0019,26.2605,33.2769,18.612,25.5602,27.6184,20.3124,34.8724,26.4862,26.4862,26.4862,26.4862,26.4862,26.4862,26.4862
157,26.7379,22.1223,62.2086,35.4751,26.7713,33.224,-6.2282,217.7269,252.4976,256.5163,161.2691,39.3678,34.1722,22.9281,13.932,46.5202,62.8975,27.9833,48.201,42.0557,21.5418,22.4828,23.9606,20.7795,23.0581,12.4899,21.058,5.9355,17.0832,26.3759,21.6819,9.0312,14.0076,19.4459,12.6351,11.6257,18.0659,14.6595,15.6023,14.4623,7.7975,24.3829,29.2479,12.3109,17.0566,18.5748,22.25,12.6152,25.5379,14.8455,7.6577,5.8726,14.0413,19.5912,14.0948,-20.0621,7.707,10.9747,19.1368,21.5278,40.6605,20.6836,15.1959,25.1865,15.0227,13.1314,10.7864,15.6141,14.3893,19.8138,92.1447,-5.6705,19.649,16.636,16.9786,23.6008,19.3951,15.9693,6.2678,31.7591,12.9361,13.351,18.8464,15.2742,52.5291,12.9252,14.3694,24.4123,11.0082,18.4447,19.6857,16.5023,20.8976,24.2535,18.9207,28.1936,3.8474,7.3479,14.9135,77.7014,20.754,10.1286,22.3414,19.3361,33.029,13.2168,8.1951,20.6486,28.5377,11.4419,13.3734,9.4248,25.4929,1.9473,29.3729,32.9269,21.9814,44.784,24.6425,33.9929,9.9734,24.6621,35.9343,71.4932,22.6021,21.3554,42.1295,27.3425,13.3046,26.8636,34.8371,14.5433,7.2685,8.4782,0.2132,18.9797,34.0557,29.0913,1.4886,20.4142,22.8656,19.9371,27.605,68.0805,37.4492,24.4446,13.8183,11.5335,12.2876,24.5226,16.4301,26.2225,30.8279,18.9348,26.0922,32.0478,21.7897,12.2714,33.7738,27.6783,23.09,22.0848,15.3907,19.0965,28.6141,23.1701,16.323,24.9939,55.9548,26.8609,19.93,19.7492,25.321,20.3359,17.9356,21.8814,26.9359,29.8695,29.9168,12.6734,17.8791,10.3017,32.0121,23.6498,27.8731,43.048,23.8455,29.7284,16.1697,26.6375,20.3507,18.8458,33.0426,20.1542,19.3409,22.6592,27.5012,24.6429,24.1976,23.0929,32.556,243.4217,31.5922,21.3175,24.8136,21.0747,22.9183,24.488,22.0214,23.9186,25.5992,19.2976,19.9416,17.1401,20.8279,21.1081,21.4596,21.0553,20.9402,20.4069,25.0761,33.322,20.2947,18.7104,20.9806,20.1177,17.6838,17.567,13.3048,18.905,15.0911,29.7174,26.0651,20.6796,29.0139,21.3378,21.8174,25.9191,19.2884,24.7848,25.4707,24.9812,25.2726,69.1157,5.9997,3.555,-11.6545,5.0635,23.5742,17.3093,14.0662,28.4207,40.3586,33.3425,23.3836,32.2342,18.7202,31.2032,19.0974,25.7731,18.7778,21.8711,21.6859,22.5804,13.186,19.0755,14.9086,31.1407,12.4351,22.0335,22.4026,21.5544,16.8074,17.1727,17.0034,14.2849,20.267,17.6037,21.5657,-10.22,24.4674,27.6965,24.815,31.6903,40.2621,25.6215,11.2231,30.4519,16.5635,19.3426,24.4097,24.8688,16.324,12.9872,17.2465,19.123,18.024,18.6818,10.7925,20.6816,20.1431,85.5467,18.5309,16.7833,22.5708,16.5519,10.8872,11.7164,34.8878,12.5827,17.9938,21.9901,20.5855,0.4372,14.1257,16.8899,12.0629,36.0299,20.4271,35.6185,20.9192,22.6386,15.3193,20.6023,24.2457,22.9005,36.2504,23.1381,23.1381,10.7925,20.6816,20.1431,85.5467,18.5309,16.7833,22.5708,16.5519,10.8872,11.7164,34.8878,12.5827,17.9938,21.9901,20.5855,0.4372,14.1257,16.8899,12.0629,36.0299,20.4271,35.6185,20.9192,22.6386,15.3193,20.6023,24.2457,22.9005,36.2504,23.1381,23.1381,23.1381,23.1381,23.1381,23.1381,23.1381
158,24.8129,23.8811,55.7687,26.6235,25.6922,31.6097,0.5282,352.2351,224.4167,255.6478,8.3668,35.228,23.4873,35.7923,14.6487,110.1075,38.2772,31.2377,32.1631,29.0513,21.7436,22.2269,22.935,24.5827,21.7725,10.3348,16.5896,2.8709,18.2664,18.7741,19.2895,11.808,7.3632,25.7277,16.0052,15.0376,27.5114,16.068,12.8346,12.9047,9.1,25.294,36.8179,12.3017,15.1556,13.8249,19.849,143.0057,16.8235,19.9287,8.7425,-0.4683,20.9916,20.9156,11.0749,-14.5432,11.4064,12.2824,23.9509,15.5106,27.7018,99.0403,86.3826,23.655,16.267,120.2466,40.4056,17.9043,21.9786,29.3544,24.1676,4.7729,23.6091,17.2401,24.6637,24.4985,21.3669,12.7549,21.3105,27.6546,24.3609,14.5243,18.028,17.7002,31.0824,12.8659,13.052,33.7269,17.3994,23.7575,22.9726,19.0106,18.2221,21.9593,10.7953,32.371,3.9038,12.4216,18.6302,21.1572,18.047,11.0139,14.171,10.5266,20.8521,24.5746,13.1776,24.0871,37.3147,10.7963,18.6803,18.1949,27.296,-0.9701,35.1846,38.8284,23.4243,23.7612,18.1252,21.6651,18.6176,28.8281,17.9377,25.346,23.1975,19.6332,24.2578,19.043,13.3199,21.5583,29.9581,17.2962,11.2849,28.8938,18.909,19.0756,25.7081,21.5404,11.713,27.4509,18.733,16.6093,24.6716,37.1199,22.6035,20.6399,12.2274,34.1751,16.5468,30.2969,17.2979,93.2884,21.5071,31.9999,25.1479,25.6419,17.7414,18.6301,27.5703,22.5679,30.4467,27.7161,18.6559,19.635,24.5224,18.1094,24.4987,24.0718,28.6375,61.4135,23.0208,19.2381,22.2441,21.6275,18.6266,30.5642,24.8685,21.6651,21.1185,19.0221,21.5994,17.4354,48.6373,23.8246,24.378,26.1348,22.1878,24.9126,27.0248,26.9157,23.4627,18.2716,26.6305,20.0083,18.3602,21.2035,25.9361,31.2343,25.386,32.2468,33.3806,25.2677,34.7386,31.9476,26.9717,29.7182,23.4944,23.2585,21.4136,26.1571,26.3524,21.2745,35.7642,14.4654,19.1579,26.4359,20.701,22.8874,24.0165,21.9173,23.5685,36.9321,22.1341,23.1719,25.8777,20.9009,16.5838,19.7318,21.1131,20.0779,20.0642,41.4858,25.3321,22.8356,23.3271,23.5058,21.8118,33.6596,21.4094,42.9731,32.9275,29.5924,21.5964,26.8654,17.0846,24.2104,19.6939,28.894,25.5355,19.2219,16.7018,22.0245,36.5353,23.356,20.701,21.8219,36.5615,23.6303,21.875,28.8771,28.1324,36.3342,32.8019,31.4843,36.0603,33.858,53.1752,21.677,15.8504,17.6263,26.8876,32.2688,28.0864,24.002,26.9763,18.4226,25.0718,21.0485,28.6389,7.0859,157.1208,26.5563,27.2592,30.567,26.9013,28.2794,15.9728,59.8478,29.5124,19.9753,25.693,19.8532,180.3695,212.4223,20.0667,192.1867,24.6764,21.7871,25.7557,20.8079,32.4259,51.112,17.9274,16.7844,25.0814,11.554,9.4266,19.9466,25.6925,12.2238,26.1221,20.5886,16.7341,-0.2972,18.5312,25.4661,20.3453,18.3428,17.6658,26.1381,20.2077,17.9061,23.8739,19.6996,28.9337,35.8938,33.2448,21.593,21.593,25.7557,20.8079,32.4259,51.112,17.9274,16.7844,25.0814,11.554,9.4266,19.9466,25.6925,12.2238,26.1221,20.5886,16.7341,-0.2972,18.5312,25.4661,20.3453,18.3428,17.6658,26.1381,20.2077,17.9061,23.8739,19.6996,28.9337,35.8938,33.2448,21.593,21.593,21.593,21.593,21.593,21.593,21.593
159,18.6363,17.2259,48.6368,25.2655,31.7867,24.0951,24.8829,807.6924,122.9593,308.1626,16.3295,34.7543,-4.3456,37.4398,22.5041,29.9004,33.9702,31.2349,33.741,29.8674,23.5587,22.5999,21.9188,23.6121,19.1974,13.4282,33.7343,5.0972,13.6439,17.6569,16.885,7.6875,6.503,82.8231,16.2526,15.1613,43.2446,16.2115,18.809,13.3144,10.1301,27.4668,34.4517,11.9876,20.2351,91.306,51.4693,73.9213,18.4428,41.7906,30.5444,9.3054,171.6892,20.989,23.5478,4.2423,11.2875,13.4878,17.7302,27.3068,46.548,21.3694,29.1007,19.5073,16.9226,19.397,21.3906,9.1179,24.1388,9.6471,19.9679,17.9906,22.222,24.8897,24.4713,26.3601,17.9807,17.8618,10.1665,22.6663,15.2393,14.4691,26.2044,19.508,51.7604,13.4597,17.6748,21.0193,11.0069,11.6518,19.8093,21.2478,21.3224,17.5626,9.1897,18.3135,10.1983,14.5945,31.81,43.1442,15.1716,25.4571,16.4416,9.8273,21.1302,15.6956,15.3612,23.6001,30.0563,17.1646,21.3403,21.0163,26.462,9.9472,22.691,60.2763,24.2628,27.7121,15.491,26.8304,19.5419,22.8489,16.698,19.0911,21.4706,18.1172,22.3528,19.7868,14.0609,30.6676,25.2891,23.6714,20.1755,15.9148,26.029,21.4537,32.0733,16.8825,22.8424,13.9434,19.3369,15.0768,27.4707,27.2627,35.4208,25.4995,11.2942,16.8748,16.9496,22.3165,21.5128,59.4461,22.6188,28.9133,26.2306,26.7052,27.7888,21.8861,30.1728,34.4068,36.6673,29.7807,23.3128,20.4737,33.1908,28.2029,44.4289,24.273,77.5015,29.9691,28.8984,23.6221,21.844,34.3345,23.5711,30.3167,24.3872,35.5186,23.1145,21.3685,21.6532,18.89,43.8368,29.6357,25.0022,25.4628,23.1509,23.2491,27.349,29.0778,24.5927,21.5144,30.3853,19.9319,21.2686,22.6383,26.9815,38.3957,31.9487,29.5547,46.194,23.9634,34.3016,34.4514,27.4532,25.4868,30.8937,28.0016,24.1918,26.6068,18.8876,21.9934,23.0934,18.8478,19.8223,22.035,14.7871,18.8935,25.7169,31.636,27.2646,59.4377,21.4877,21.8821,24.6253,22.4785,20.6815,24.014,30.4115,20.4743,21.8184,36.87,25.7089,23.0885,38.4147,26.3239,24.8331,20.1163,19.6872,22.664,20.8631,27.0848,24.2264,18.2656,13.2674,15.5583,17.0788,22.6682,28.489,16.6141,18.6341,86.9313,25.6862,19.5479,15.5882,24.4259,25.1601,29.2372,51.8346,24.8018,23.8272,28.8774,33.1097,27.4572,25.2279,28.5075,41.8726,21.1979,17.3526,24.8105,32.6723,28.0616,24.5769,21.6553,23.0246,28.3708,28.8018,23.8014,29.5593,12.3022,25.8793,19.8625,19.8652,27.6241,41.3861,17.6368,16.8997,26.7998,40.1841,26.1396,66.5657,19.6369,27.4189,53.094,21.7069,106.2964,23.0611,20.8024,19.3047,38.5982,18.3141,636.4863,31.9495,22.4401,20.6747,10.507,12.4429,21.7725,40.4667,17.7212,28.1296,23.5814,19.66,8.2557,18.2394,14.3575,6.6951,18.8641,20.3162,30.2271,41.1464,11.526,23.1429,21.4096,30.4518,48.6731,35.1656,19.9494,19.9494,19.3047,38.5982,18.3141,636.4863,31.9495,22.4401,20.6747,10.507,12.4429,21.7725,40.4667,17.7212,28.1296,23.5814,19.66,8.2557,18.2394,14.3575,6.6951,18.8641,20.3162,30.2271,41.1464,11.526,23.1429,21.4096,30.4518,48.6731,35.1656,19.9494,19.9494,19.9494,19.9494,19.9494,19.9494,19.9494
160,19.0326,20.5944,32.4937,27.9762,17.9159,12.4848,29.1557,419.8669,150.2939,269.54,30.9933,41.7052,12.4677,30.5395,28.5766,34.7691,28.2969,27.4951,33.9565,35.3315,26.2293,23.3174,24.2708,29.6763,30.7553,15.2955,30.3275,10.7612,13.242,17.9929,16.1259,13.2388,6.5693,31.0142,15.5614,21.718,29.1103,15.8847,13.7477,23.0203,9.9057,17.988,17.4102,13.092,13.0409,39.0594,23.2277,23.9794,15.8764,27.228,36.9003,13.4298,28.4072,33.9215,18.2874,12.9608,10.923,14.3677,20.7557,17.2443,56.8949,15.1068,13.3912,17.7014,16.7809,17.7587,30.5167,10.5451,25.8114,6.9899,19.621,8.6813,25.926,23.8829,25.7003,19.0102,27.3749,21.5397,13.0356,41.8993,16.3888,14.1419,25.4846,15.5141,34.6023,14.7411,16.6589,21.3759,9.4823,13.4916,49.7646,21.0439,281.877,16.8727,8.6257,17.6883,13.6731,15.0947,40.3924,42.7291,17.5437,15.4909,19.5469,14.2094,19.8188,10.8748,40.8182,25.6915,39.9534,12.6802,20.5021,21.1122,23.4939,25.077,32.6025,42.4921,21.7299,19.0244,19.5391,22.8322,32.4221,18.1493,18.6812,18.8567,21.0072,16.8249,21.89,18.6993,14.4686,23.5318,30.1464,43.8314,21.8756,18.2914,27.1707,22.947,34.8834,20.2382,30.5724,13.9651,31.511,14.9782,39.4652,23.317,24.0957,29.9514,14.2835,17.3749,18.1042,21.9407,24.701,48.7452,26.0689,21.7537,25.2928,42.5156,28.1304,25.554,28.4754,31.1435,41.8559,34.05,27.7233,22.8303,35.6497,33.2773,41.6164,24.5285,68.1899,37.1617,30.121,25.2193,23.6324,30.3706,70.7706,25.8809,25.9382,30.0427,29.7065,23.7763,25.3497,27.2143,40.8225,32.1094,42.6969,28.4346,29.7505,49.2216,26.432,30.8008,27.1375,21.8813,26.3719,27.8436,23.1921,22.0137,27.7602,43.0697,118.3579,33.4057,32.3479,26.8084,52.1389,26.0621,43.7005,28.6735,50.4174,26.8835,28.2143,27.5968,35.4481,23.9476,34.8036,24.4334,20.8987,22.4819,14.7026,25.441,50.9202,28.8237,33.0095,28.4653,21.9311,22.7349,27.608,22.1539,36.4166,28.4792,26.1235,23.1706,22.8965,58.193,58.3729,28.9162,119.6474,25.829,27.8137,20.8919,36.3664,37.004,29.4272,24.7719,29.4527,28.3097,18.5386,18.2876,20.5159,29.6936,23.4168,16.7085,29.9829,54.6744,28.289,22.8098,26.7178,31.6135,24.5038,31.9402,42.5181,25.065,23.6393,25.3205,27.9145,23.1919,18.5985,24.1074,36.6779,19.0649,25.122,24.8711,30.7906,32.1534,35.897,23.8544,23.2749,25.4265,22.8779,21.5467,25.6775,22.5352,56.4616,14.6881,29.5552,25.2045,25.5391,17.2955,17.8144,22.6153,21.9481,37.2581,51.1555,24.676,24.2328,23.9797,31.1911,39.1761,20.6712,24.5651,16.8485,44.3302,18.1579,105.782,19.1772,17.0005,18.0891,13.0877,8.4841,19.5958,33.3867,23.9712,22.4468,20.8811,16.9918,-2.8849,18.8709,10.5037,13.2124,17.9132,353.6347,28.7905,33.2588,15.0392,26.948,21.279,23.1363,32.4664,30.5609,20.1176,20.1176,16.8485,44.3302,18.1579,105.782,19.1772,17.0005,18.0891,13.0877,8.4841,19.5958,33.3867,23.9712,22.4468,20.8811,16.9918,-2.8849,18.8709,10.5037,13.2124,17.9132,353.6347,28.7905,33.2588,15.0392,26.948,21.279,23.1363,32.4664,30.5609,20.1176,20.1176,20.1176,20.1176,20.1176,20.1176,20.1176
161,17.151,16.0752,53.0267,25.5415,8.6731,22.6873,27.4489,1061.9396,72.2129,230.5516,14.7827,29.6701,11.8082,27.186,15.9747,31.335,29.7371,26.7433,27.2223,28.8484,22.6711,21.4305,22.8452,25.2646,18.3531,15.3546,17.207,11.1514,13.7773,19.627,15.0236,5.9699,5.8361,27.1695,73.3815,21.387,20.7951,9.1744,10.1813,31.4396,16.2394,33.3864,16.6482,13.797,9.7482,35.0744,12.2632,19.0037,6.156,27.6227,20.6452,7.0831,24.333,27.9494,18.7647,17.8488,12.5951,16.5407,22.2905,20.6723,61.6642,16.6598,9.8083,9.2473,14.5128,14.9975,14.0127,11.3484,25.1036,4.9658,20.6953,13.3765,24.9782,19.9119,43.3493,18.5772,15.9545,17.1649,17.9006,23.2701,11.0556,16.1027,25.6133,14.1067,35.245,15.626,13.9005,21.7078,3.6369,7.1374,134.1557,21.0629,26.585,20.1628,17.3825,17.8151,12.3198,17.6774,38.4976,60.2204,23.6408,32.4025,24.2986,16.1108,19.4184,17.1532,34.6656,27.1246,51.5509,12.7053,21.7143,27.2103,63.1298,40.4107,33.1538,36.3707,19.5786,19.8218,18.9622,21.3546,90.7236,21.6522,27.4448,19.9291,21.6916,16.7348,48.4868,20.393,15.4471,21.4777,32.6967,76.0613,27.2991,22.1223,26.3209,29.0341,20.2132,23.0127,28.4119,21.5656,28.5806,11.5963,76.7909,183.8647,27.5471,28.7085,14.4587,18.2511,18.7198,18.9894,23.462,168.6247,29.839,26.6162,30.2783,32.3434,28.2659,26.4065,49.4629,41.1315,32.7629,45.9924,29.5365,33.7178,28.6038,28.1853,33.5705,25.328,30.564,32.1768,60.571,26.2469,27.2405,66.7494,22.9838,37.2221,39.0765,28.0413,58.6091,18.8487,26.3609,25.3809,52.5192,82.2452,46.8703,27.1559,25.5712,38.2258,27.2916,32.2914,26.8571,22.2788,26.5843,26.0479,24.4437,26.1691,32.9066,35.8522,40.7136,33.0559,27.7485,28.546,54.8632,41.2094,49.2155,47.0566,37.9848,29.8008,30.858,29.0964,27.6824,27.2762,33.3891,24.2007,34.6493,46.9537,37.8507,29.5961,46.9918,33.0066,55.8907,32.0216,24.8298,29.1783,27.8424,22.8945,28.9121,18.2226,34.3756,24.6756,23.6738,215.8691,43.6987,28.2161,45.6369,25.0066,35.6333,24.0667,38.2581,40.1289,32.1068,32.8043,33.1859,21.7428,26.2427,21.9953,20.6594,54.053,31.7765,18.6744,36.66,33.8009,29.4016,42.403,28.9199,36.6145,26.6815,69.4731,125.6438,30.663,22.3335,26.2401,37.3463,24.6895,22.5647,27.044,56.9306,38.0782,28.8546,48.0231,34.6294,31.0692,41.5755,24.5335,24.6039,100.7157,25.0197,44.6294,30.9107,18.9818,28.1893,22.3435,26.5676,25.746,30.2701,18.5909,18.2353,41.8613,28.19,46.2886,57.1675,26.5483,25.923,27.3243,56.2005,32.0162,30.3541,22.7958,23.8447,32.2818,18.9681,21.5448,21.177,16.9216,29.798,11.5246,11.2236,20.2467,39.8226,13.0384,15.4025,17.1135,16.052,-4.5773,26.4164,13.0813,29.1425,11.4976,25.8294,28.838,33.1981,12.5693,29.6947,28.1268,25.242,35.0293,25.248,24.6152,24.6152,23.8447,32.2818,18.9681,21.5448,21.177,16.9216,29.798,11.5246,11.2236,20.2467,39.8226,13.0384,15.4025,17.1135,16.052,-4.5773,26.4164,13.0813,29.1425,11.4976,25.8294,28.838,33.1981,12.5693,29.6947,28.1268,25.242,35.0293,25.248,24.6152,24.6152,24.6152,24.6152,24.6152,24.6152,24.6152
162,14.8661,16.2561,39.95,23.143,6.293,22.4415,20.8347,368.023,41.2813,181.1178,24.215,32.3797,10.9596,27.1113,24.9107,33.3272,27.6449,26.8482,28.0114,30.5406,22.1001,20.5285,19.7061,23.984,16.0276,15.1917,19.3338,10.4039,12.2117,22.4467,15.4789,2.0452,7.796,28.5836,24.0783,15.4307,19.2641,12.5332,10.3533,28.4274,16.3004,19.3984,16.1719,13.8493,8.8296,19.6378,14.1118,12.8725,-16.5478,22.5432,17.263,7.0385,22.5874,21.2024,10.8486,39.7862,18.9336,13.0665,21.0413,22.8159,38.4826,17.8274,1.4535,6.3361,10.8479,13.2693,15.7218,473.4735,28.3526,1.665,24.8022,13.9882,20.149,21.2649,13.7686,18.1634,24.013,17.8466,17.9925,26.7396,4.9379,10.8838,24.4622,14.49,16.3988,21.077,14.3677,22.7291,27.6553,15.6359,19.808,27.1396,25.997,16.686,14.944,18.5638,13.4803,18.7838,40.9581,60.4083,30.0128,33.617,25.9919,52.5548,18.6948,9.7506,25.9789,24.9334,57.9679,11.1023,27.7848,24.6038,60.9373,57.494,33.0762,33.9674,27.7794,14.9059,18.5707,26.7453,123.1755,32.7344,17.3757,25.446,21.6728,13.6304,22.6317,21.44,17.6877,23.8569,27.658,35.6541,19.339,22.5424,24.6075,25.2515,27.7887,21.5835,26.5933,35.1334,29.6945,13.3914,71.3575,46.0144,25.0984,28.3049,17.1189,32.4871,22.5066,20.4402,25.2501,30.009,20.8693,11.742,31.9751,147.287,28.5625,26.9472,308.563,47.2143,43.9824,42.681,30.3438,37.0271,26.0091,30.6143,33.027,28.8906,37.6932,31.971,34.032,28.0893,31.112,108.3778,31.5334,41.9079,29.1212,29.5071,54.9212,20.6837,24.7447,24.8993,27.6677,49.7784,96.8971,26.939,24.4638,57.5884,27.7104,30.274,28.0123,23.1865,27.8205,34.7185,26.1487,30.9767,32.2053,28.0108,66.7651,29.1212,29.055,25.5454,65.1816,60.4213,28.2082,32.0404,33.854,27.8948,28.3068,28.0841,29.3698,26.5535,42.3773,28.3862,27.1694,24.2355,20.3732,30.0001,25.6494,26.966,48.9541,32.8207,25.4059,27.2722,24.7074,21.7232,26.3603,23.026,34.9497,24.9689,23.838,72.9015,41.1937,68.1076,85.3976,29.1058,31.3994,32.2093,25.4531,51.9853,24.2821,39.0109,44.3932,28.1385,30.575,27.3235,21.484,24.0778,25.6737,21.4506,32.3692,30.8976,34.5399,41.6583,37.682,42.9378,39.1608,96.4069,146.6164,26.1175,20.6964,25.3022,30.0538,24.7589,27.3411,30.3639,73.3415,35.117,41.6831,45.8603,39.7065,34.9475,39.7511,34.2325,30.3591,26.4628,25.1387,25.6808,27.3427,19.2676,33.4401,19.3104,31.5207,42.5382,41.7281,21.3037,20.8687,28.0972,33.0375,53.2852,58.4707,27.3029,32.2436,42.1073,52.4221,39.2781,33.6874,23.9023,21.6776,18.8727,13.2203,54.4173,19.0976,17.2097,16.8943,11.5552,11.8094,36.0004,25.0993,20.9398,14.4656,17.4031,15.9069,10.0284,29.0583,16.2912,22.0353,11.0885,24.3685,27.462,17.7807,14.347,29.1795,23.781,29.2671,33.3481,22.7883,35.8256,35.8256,21.6776,18.8727,13.2203,54.4173,19.0976,17.2097,16.8943,11.5552,11.8094,36.0004,25.0993,20.9398,14.4656,17.4031,15.9069,10.0284,29.0583,16.2912,22.0353,11.0885,24.3685,27.462,17.7807,14.347,29.1795,23.781,29.2671,33.3481,22.7883,35.8256,35.8256,35.8256,35.8256,35.8256,35.8256,35.8256
163,11.4423,13.9059,35.3936,9.7577,8.9652,20.1458,-0.0755,235.805,48.3857,156.5458,15.9278,26.8884,18.7607,25.1456,22.7321,35.3213,27.7486,26.5631,29.5432,27.7471,19.9269,19.9407,18.0071,26.5267,14.6318,12.4389,14.5021,11.3941,12.9666,19.1804,14.2308,6.9428,9.9658,22.1512,17.6818,13.713,17.389,12.3776,6.4024,23.6376,19.2666,13.5792,14.9169,12.8185,3.2435,19.1478,15.8122,1.8373,-27.2493,21.0182,16.1402,13.278,22.0731,17.4453,-8.9651,20.256,16.9717,12.7592,27.6374,17.7172,43.0601,18.0524,4.4018,9.9985,12.9841,13.0297,19.4765,23.4863,16.6214,-0.9401,22.1211,10.8075,19.9875,23.1738,13.2166,19.4698,23.8783,14.551,18.2397,19.6017,-3.5598,12.6583,25.291,18.3419,32.6097,17.2235,13.7433,22.7953,25.3057,17.397,22.2851,23.9835,18.6314,14.5533,13.7842,19.5282,16.6065,20.0669,33.1961,45.8885,39.4854,19.9009,33.5273,22.6041,19.4975,4.3867,12.9902,31.7994,47.1442,16.8819,25.4975,100.5581,74.0032,31.4548,45.2474,38.6619,36.3813,19.7136,19.1621,17.0163,77.5906,394.6469,18.8651,38.8332,22.1372,-2.5356,20.4245,23.874,20.319,25.6852,29.4704,36.4963,26.8781,26.0961,24.504,26.4664,24.603,41.4656,23.1583,51.319,34.5958,12.4944,63.9872,36.5231,21.5257,27.2758,12.0492,19.8936,22.8833,21.3493,25.3127,19.2598,30.0621,3.1011,24.3683,35.3101,25.8113,26.6968,36.5782,51.3489,46.8283,34.2875,28.1347,34.6337,27.3181,25.4548,28.7868,29.4836,39.7507,35.6706,31.582,24.3222,28.9163,136.8097,23.0734,28.6887,33.3032,29.4446,62.377,21.3017,24.0566,22.3892,31.8126,90.8799,139.6416,27.6686,24.8506,37.1342,25.9679,76.0584,26.0476,26.3412,27.1933,27.6994,26.0723,25.7856,42.6622,29.6859,164.7821,179.5077,30.7602,28.742,76.9406,54.8422,35.5696,31.1936,57.3817,40.0231,27.5313,28.2843,30.1123,30.3725,35.7997,27.23,28.4284,22.2007,37.3578,26.6149,25.0394,42.1155,53.3083,43.5634,26.7048,31.3126,24.7646,21.4184,27.5352,27.7052,124.3082,25.2386,24.7887,35.8802,44.2223,23.9848,36.0641,32.9604,25.8892,23.2627,27.9116,42.2042,24.3141,33.7177,27.205,26.0323,57.1306,49.8998,22.1022,27.5299,27.6673,21.2163,29.3817,31.1828,40.3237,42.6716,44.9624,61.4665,49.7312,71.228,85.6166,25.914,20.107,28.0988,32.2852,25.6924,31.91,34.6242,58.963,32.7595,58.5991,45.4338,60.0548,36.8497,41.2449,31.204,26.8427,31.7789,27.0586,37.1476,29.3455,23.736,28.9035,25.0481,26.0688,23.6113,47.4477,21.5682,29.4678,76.5353,39.2591,56.459,80.7558,32.3376,46.0515,30.8969,68.6772,35.005,33.7706,25.4696,20.583,22.3899,18.4316,86.8371,22.1553,19.522,20.5319,10.3041,8.6012,22.3819,40.2862,17.2807,13.3529,16.9149,15.2762,3.0659,24.3072,10.299,26.6671,19.4154,25.3478,28.0017,7.577,15.6153,27.9553,22.6879,20.0931,25.6337,20.7038,26.0645,26.0645,20.583,22.3899,18.4316,86.8371,22.1553,19.522,20.5319,10.3041,8.6012,22.3819,40.2862,17.2807,13.3529,16.9149,15.2762,3.0659,24.3072,10.299,26.6671,19.4154,25.3478,28.0017,7.577,15.6153,27.9553,22.6879,20.0931,25.6337,20.7038,26.0645,26.0645,26.0645,26.0645,26.0645,26.0645,26.0645
164,10.663,14.2032,24.2698,2.9085,6.2738,20.0026,3.1824,216.804,27.7857,139.5667,16.6931,20.8572,17.8759,21.9619,22.147,35.8455,26.8388,25.1066,27.1571,43.2961,17.7417,18.8311,17.7114,21.2196,13.479,13.3088,10.8455,12.5665,17.2953,17.7515,11.6662,3.0084,11.6995,18.5074,17.7618,12.7671,17.5254,12.7658,5.9884,20.2567,21.3053,14.8226,12.7323,12.6371,2.6968,21.506,19.3707,-14.8365,-25.141,17.855,14.4507,18.1447,21.4705,14.7217,-13.2714,20.9133,36.8485,12.8556,22.3108,18.538,41.635,17.4759,7.4511,3.5908,16.3858,12.9892,16.5172,75.4541,21.6315,-8.8551,19.6679,13.7817,18.0898,22.439,15.8636,24.802,33.868,18.2422,16.9513,18.9253,-4.952,10.9326,39.5494,19.6818,32.0086,9.6412,8.8135,23.5523,23.05,22.8807,20.88,18.4904,16.3348,14.6648,12.4625,18.3035,19.2697,20.9501,52.5893,200.1004,38.9444,17.6027,27.8998,19.9233,19.0812,13.7255,28.8397,31.3608,30.7985,17.5672,28.9748,24.0853,82.1621,43.8708,212.1084,42.5759,42.5489,24.1799,17.6829,29.0845,0.6493,67.8516,30.8695,52.8812,27.3544,3.1609,22.7494,25.4696,17.8757,26.4841,31.8567,44.3344,29.1681,25.7372,23.773,34.3035,31.3705,47.7763,56.951,37.6444,34.3272,17.8647,48.2194,101.5558,19.925,29.8924,7.6553,31.216,23.0471,25.4145,25.5444,25.0314,29.691,12.0652,25.9362,55.8878,23.7833,26.6743,41.4554,52.2287,54.1677,32.3462,27.0887,28.8571,28.1743,28.2888,26.1,26.2454,49.601,34.4622,39.7872,36.3609,26.9395,111.7737,25.57,42.6691,31.6605,26.337,30.0172,22.0253,22.4337,23.1815,28.8911,140.0097,160.434,28.6794,23.3398,28.9969,29.1577,122.7007,25.5485,27.0379,27.0832,25.2454,29.1197,25.9621,36.8948,33.5114,56.7706,112.2887,33.4312,53.7982,114.7321,100.3403,27.9829,27.1114,57.9254,30.1362,26.6339,28.462,34.2097,29.7039,48.1633,21.2758,27.486,22.6953,24.4877,26.2133,29.8676,54.3313,56.98,32.4907,30.5503,32.2505,29.8,21.8583,26.0226,25.613,37.7074,25.6639,25.131,33.3687,117.6664,23.9385,54.4849,38.4644,25.5328,25.5161,27.6122,39.1936,24.1307,28.5999,27.8852,35.4389,38.8582,81.9604,30.9732,35.0822,30.3223,22.7297,22.7434,37.7758,45.0834,42.4418,50.8456,84.9755,72.4702,130.4147,206.7188,26.3209,21.7002,43.0683,32.3518,26.1875,35.977,35.9992,109.1867,37.2384,65.2798,59.2646,70.4331,58.8139,54.75,30.7014,31.189,37.969,36.0628,28.767,29.8463,25.0978,29.5746,25.4281,37.7182,37.3223,36.1857,22.0724,55.5284,39.6313,55.2304,50.0373,120.4888,35.3332,150.0864,63.8193,104.6727,69.4454,30.7801,22.7242,22.5934,82.537,16.9611,69.6944,23.2367,20.162,21.2054,8.3356,11.6211,23.7925,38.4411,10.4368,10.978,19.7165,13.1401,9.6707,22.1252,6.4289,20.2753,24.5694,23.1447,27.2431,15.0927,15.841,23.1377,17.5263,17.9775,27.465,18.6312,25.2101,25.2101,22.5934,82.537,16.9611,69.6944,23.2367,20.162,21.2054,8.3356,11.6211,23.7925,38.4411,10.4368,10.978,19.7165,13.1401,9.6707,22.1252,6.4289,20.2753,24.5694,23.1447,27.2431,15.0927,15.841,23.1377,17.5263,17.9775,27.465,18.6312,25.2101,25.2101,25.2101,25.2101,25.2101,25.2101,25.2101
165,7.1338,25.4159,24.1799,1.8657,13.5541,17.5255,19.1876,181.5952,27.3757,119.1224,21.811,20.8481,20.5227,21.1977,28.0608,38.8129,25.5048,26.2999,26.9568,27.1121,17.6154,18.9242,18.0556,21.1453,12.2769,14.1747,6.6018,13.5189,20.2971,17.5145,12.1923,8.5904,12.6119,20.4755,14.952,14.2667,17.0862,12.6687,14.4601,21.1471,20.6307,15.6664,12.404,12.6918,7.7721,19.8957,14.6142,-21.2665,-13.0268,22.8799,14.8204,10.6668,20.6496,14.6552,-16.0034,31.7304,36.6214,14.1216,18.2076,36.1566,38.3072,17.7361,11.0404,1.3578,17.4797,12.1591,12.0555,67.8176,12.6035,-2.9212,18.1514,16.4573,17.7325,19.7738,15.748,19.4255,33.2434,15.3305,16.6398,18.9451,-8.9916,5.987,68.4186,14.5502,56.7759,13.5987,7.3879,22.9144,21.9305,18.8519,16.7087,22.6855,16.9889,14.9004,13.1411,16.5463,23.3092,22.0944,35.1234,33.3409,45.9734,58.0431,28.3375,19.3877,20.3009,23.6522,25.5515,30.5628,6.8138,25.402,76.1759,23.6963,81.307,72.7265,80.6181,33.3851,32.6458,29.8071,17.5322,17.5472,-1.3032,30.4167,27.7085,50.1717,20.2559,-4.6049,20.951,24.9381,23.8972,35.7756,29.1241,54.9911,29.509,26.7363,28.7181,29.2601,31.1476,39.7715,44.987,29.8684,40.8347,60.2443,70.7404,25.0845,22.7334,24.9925,20.0428,44.2139,22.6446,29.7897,26.395,19.3343,31.3724,16.285,26.1379,30.4688,23.8999,25.2311,42.4546,63.4958,57.0246,35.0256,29.9665,27.2092,28.9702,32.9274,31.9534,26.5709,61.1269,31.8371,36.7227,30.7399,30.6915,118.2947,22.6976,33.1841,29.7781,25.5791,35.2289,22.8967,27.5449,61.6572,29.2406,242.9676,140.9377,29.5013,25.6639,23.0478,32.5645,80.8948,25.8046,26.6292,27.638,29.9767,25.9792,25.3022,32.8029,41.9114,118.7237,30.212,29.6955,47.2648,119.2967,88.2587,28.979,24.9655,54.2625,29.4151,26.5248,52.1159,49.7132,30.0929,95.3647,21.1406,25.8141,16.5141,24.349,25.7816,28.4357,36.8539,246.1157,30.7649,72.6886,38.1331,30.9037,22.2106,26.951,25.6778,31.9536,25.7503,25.2691,26.694,155.046,24.0388,43.6439,36.1485,26.1534,22.7184,26.2144,38.48,76.9428,30.2943,24.8077,27.2363,46.2087,31.2597,35.5877,26.8437,27.6255,22.7692,23.9117,36.0058,53.0391,42.8456,54.7421,69.4765,68.2777,173.3547,92.2465,26.3245,28.9085,32.6609,32.0749,27.538,35.9074,57.2106,166.1337,31.3891,93.3976,63.8787,122.2434,56.7871,60.0997,37.1158,34.6598,42.8337,27.5173,28.2452,38.1352,32.7465,28.3987,28.6538,22.4311,26.4795,32.1153,28.9794,41.7927,36.4035,115.1804,55.417,94.493,38.3867,40.3672,50.7393,75.6572,77.9065,54.9363,22.4936,22.7429,161.9729,37.2548,68.2067,22.319,14.7173,17.1508,10.5523,12.4048,21.906,50.629,7.6634,11.8875,20.7656,13.6171,14.9769,22.7215,15.9445,13.7072,19.6779,22.8786,27.6951,21.5906,14.5536,20.8058,23.8435,23.6928,26.6467,23.1579,34.0461,34.0461,22.7429,161.9729,37.2548,68.2067,22.319,14.7173,17.1508,10.5523,12.4048,21.906,50.629,7.6634,11.8875,20.7656,13.6171,14.9769,22.7215,15.9445,13.7072,19.6779,22.8786,27.6951,21.5906,14.5536,20.8058,23.8435,23.6928,26.6467,23.1579,34.0461,34.0461,34.0461,34.0461,34.0461,34.0461,34.0461
166,7.9948,23.3128,20.9884,18.3236,19.7301,15.7674,16.4168,200.4822,73.6895,138.7948,27.3595,27.1385,25.1018,20.7969,26.5101,34.8304,27.1426,30.5764,30.0099,25.0843,20.3926,19.5151,19.4515,24.617,14.3805,13.7671,14.3373,20.3359,19.5671,17.9069,13.166,7.0444,11.0633,25.6339,13.9634,15.4325,19.6536,13.7011,19.8361,29.6606,27.0797,16.3796,13.1395,13.1772,14.4143,29.8278,14.1925,-24.0014,-7.4623,26.8982,12.5033,15.0096,30.1135,17.118,-11.1583,29.4374,43.6049,18.4538,19.1473,70.558,52.299,16.7536,11.669,-8.4152,20.45,8.2864,14.1081,23.092,15.3933,0.367,19.9474,13.3905,17.1466,19.3198,11.5849,14.6639,29.9334,17.3307,16.5075,20.7753,-10.2326,5.9046,26.3338,16.7231,38.1721,16.1086,18.0207,23.1087,20.6757,30.5729,17.1245,29.2729,17.7156,20.6767,14.1455,15.8585,28.4791,19.6142,31.0175,41.3999,41.2564,22.4977,24.697,15.5359,21.5788,15.4532,24.6886,24.3029,15.9213,23.0737,27.0233,27.017,146.638,39.4704,65.9094,32.7945,30.6915,26.5053,20.1879,4.1684,0.8088,26.0867,20.2343,53.9686,43.9909,1.0543,18.6954,25.5966,20.5801,31.6573,28.1564,79.2347,29.0552,23.5577,80.4656,28.1266,25.0559,44.2988,56.9036,93.4737,48.6496,67.8448,23.9782,30.0262,40.3937,35.9569,16.8262,33.9126,23.625,27.1004,22.1414,22.146,26.1616,-1.7666,27.249,30.1105,26.133,23.8684,35.3926,41.4417,45.521,34.0739,32.2913,30.0967,31.2442,36.0142,50.5205,29.1268,39.9302,31.5721,31.21,36.867,124.3213,145.1966,22.3156,42.6936,27.0796,21.8421,59.341,27.5094,24.2275,24.3562,28.3915,141.1204,137.5985,29.425,26.5145,30.2087,140.1378,62.7709,26.1517,27.1144,27.5467,25.7612,25.2782,37.1099,31.5113,33.2128,215.2671,32.8512,27.6858,51.4401,94.0222,69.8273,36.7562,22.0948,39.5418,29.7778,26.7891,55.9548,46.0314,30.1516,35.2206,22.4075,25.4434,22.292,22.8055,24.5239,24.4132,32.2847,51.7024,32.1544,300.0842,45.4027,28.0305,21.8366,24.0682,31.1581,29.2383,24.898,31.0853,70.1936,78.4662,24.531,96.7699,23.3596,25.6992,22.9661,26.1117,38.4466,28.1361,27.0936,25.7595,28.2573,40.6528,29.2367,106.8155,25.9446,26.3341,22.6456,25.1003,32.6344,45.4571,32.3781,53.902,56.3445,91.9955,54.4218,40.2175,57.1025,27.1642,60.6206,29.3185,26.6789,62.3396,59.3282,172.2965,29.8501,50.0302,60.4227,94.75,40.2867,73.9905,34.2712,40.7763,36.3837,27.7843,26.4226,33.3193,51.5995,29.6333,23.124,26.5295,32.0654,31.3253,130.5793,48.137,84.7076,336.048,54.0048,32.1029,28.0433,55.7951,39.4447,28.2732,56.1546,38.5621,22.5555,21.3792,42.6181,86.9332,69.9759,42.4016,15.4425,17.6644,9.4248,19.6175,694.6577,39.942,11.1374,11.2843,101.4567,21.9472,15.9638,23.7205,18.978,17.4668,25.9206,29.9936,34.4409,20.6464,19.0226,225.5314,311.165,21.3093,27.9195,23.7041,48.1406,48.1406,21.3792,42.6181,86.9332,69.9759,42.4016,15.4425,17.6644,9.4248,19.6175,694.6577,39.942,11.1374,11.2843,101.4567,21.9472,15.9638,23.7205,18.978,17.4668,25.9206,29.9936,34.4409,20.6464,19.0226,225.5314,311.165,21.3093,27.9195,23.7041,48.1406,48.1406,48.1406,48.1406,48.1406,48.1406,48.1406
167,17.118,30.6716,33.3002,57.5098,25.0507,69.7671,48.5468,238.4835,90.0705,173.5648,40.8266,18.9738,33.953,15.0075,26.9622,40.4184,28.0425,35.6888,36.9867,25.682,38.2063,20.3605,25.9048,28.6765,15.6037,14.4383,10.8005,65.9398,20.6702,20.1299,15.3903,13.4131,16.1326,24.6364,14.6324,15.9899,27.9581,19.4434,29.0813,23.151,46.9663,304.2723,112.9778,149.9265,21.2958,24.2343,9.5133,-21.1993,37.7412,56.7064,23.4102,5.5121,25.9084,23.5822,-6.9623,21.1896,43.5739,20.4868,27.9832,33.6984,48.3875,36.776,12.0936,6.1027,35.0751,13.3134,10.4255,19.0186,13.9177,2.7722,27.5627,17.4996,19.9165,19.7595,12.7718,14.9665,28.1612,22.4462,18.3597,19.1243,-13.0278,-11.7533,24.1466,21.3248,50.259,21.6945,30.0709,21.7245,19.3848,16.6657,33.8974,25.6028,16.5681,17.0242,16.8946,14.8811,24.5855,23.8491,29.4116,25.3974,28.3742,14.3221,22.7324,21.81,24.3343,15.5722,24.013,25.4379,18.5685,15.6837,76.7008,42.5429,34.4329,32.3376,70.25,197.8396,30.2316,26.4818,20.0461,-2.0107,12.0181,23.5835,18.4653,41.3968,20.4737,16.3445,19.3937,23.0856,17.8538,29.2861,23.4285,43.9039,22.9169,21.5324,56.0642,24.7277,39.0576,30.7186,32.9164,18.6156,30.462,48.9375,27.0117,19.8862,25.5648,34.0711,19.7403,26.3903,24.4846,24.7532,22.0191,37.1615,36.0815,18.2492,270.3164,29.2757,25.679,27.2796,31.0662,47.6059,41.0084,28.0906,34.0288,34.9929,28.4933,41.0805,27.8352,31.6061,31.3986,30.9161,31.9069,84.4473,49.5242,157.0564,23.8951,46.5737,22.9025,19.6155,52.5308,22.3762,24.8767,24.3282,35.3834,116.5693,80.3705,28.0111,159.7715,25.4469,111.6685,67.0879,26.304,26.8507,31.4322,26.7231,27.4218,54.5654,31.9166,34.3066,34.9875,30.1074,31.6898,108.833,92.973,38.8236,28.2768,28.3564,38.9294,32.0123,26.892,34.5911,285.9089,27.497,28.909,34.7853,18.1131,30.5541,23.1004,22.46,25.5263,26.3241,30.9592,26.9335,64.8601,48.5534,23.9387,22.5304,23.2709,28.8414,23.9239,30.2696,24.9837,88.5834,26.3897,30.6637,36.7983,45.6994,24.9486,26.1298,24.0433,38.2842,28.0894,25.7301,23.7763,52.539,25.9835,25.223,24.0677,25.2048,24.1185,23.1234,23.3732,63.2246,40.269,24.069,39.1386,48.0956,56.5816,46.5751,44.0545,69.951,30.4036,33.9752,29.1466,28.3919,53.6467,79.7268,143.4126,35.4244,35.6893,76.2993,100.9104,33.3629,57.388,30.0286,31.8577,35.8369,28.8466,24.2621,24.4858,74.3114,36.0827,43.3642,25.2524,23.2946,43.5035,423.5388,31.1245,74.5015,265.8118,115.8091,29.0735,25.3402,45.762,28.159,24.8362,36.2583,41.6497,22.6191,20.6477,63.4978,23.9236,82.7583,44.8231,20.3805,15.7996,10.1094,26.6346,78.1217,24.085,7.4069,18.4547,27.9446,17.4678,18.4433,84.577,17.5885,21.7618,64.1398,37.8893,30.6033,25.938,17.0167,51.1205,57.7371,30.8191,45.7935,37.0395,70.4077,70.4077,20.6477,63.4978,23.9236,82.7583,44.8231,20.3805,15.7996,10.1094,26.6346,78.1217,24.085,7.4069,18.4547,27.9446,17.4678,18.4433,84.577,17.5885,21.7618,64.1398,37.8893,30.6033,25.938,17.0167,51.1205,57.7371,30.8191,45.7935,37.0395,70.4077,70.4077,70.4077,70.4077,70.4077,70.4077,70.4077
