,2025-01-01,2025-01-02,2025-01-03,2025-01-04,2025-01-05,2025-01-06,2025-01-07,2025-01-08,2025-01-09,2025-01-10,2025-01-11,2025-01-12,2025-01-13,2025-01-14,2025-01-15,2025-01-16,2025-01-17,2025-01-18,2025-01-19,2025-01-20,2025-01-21,2025-01-22,2025-01-23,2025-01-24,2025-01-25,2025-01-26,2025-01-27,2025-01-28,2025-01-29,2025-01-30,2025-01-31,2025-02-01,2025-02-02,2025-02-03,2025-02-04,2025-02-05,2025-02-06,2025-02-07,2025-02-08,2025-02-09,2025-02-10,2025-02-11,2025-02-12,2025-02-13,2025-02-14,2025-02-15,2025-02-16,2025-02-17,2025-02-18,2025-02-19,2025-02-20,2025-02-21,2025-02-22,2025-02-23,2025-02-24,2025-02-25,2025-02-26,2025-02-27,2025-02-28,2025-03-01,2025-03-02,2025-03-03,2025-03-04,2025-03-05,2025-03-06,2025-03-07,2025-03-08,2025-03-09,2025-03-10,2025-03-11,2025-03-12,2025-03-13,2025-03-14,2025-03-15,2025-03-16,2025-03-17,2025-03-18,2025-03-19,2025-03-20,2025-03-21,2025-03-22,2025-03-23,2025-03-24,2025-03-25,2025-03-26,2025-03-27,2025-03-28,2025-03-29,2025-03-30,2025-03-31,2025-04-01,2025-04-02,2025-04-03,2025-04-04,2025-04-05,2025-04-06,2025-04-07,2025-04-08,2025-04-09,2025-04-10,2025-04-11,2025-04-12,2025-04-13,2025-04-14,2025-04-15,2025-04-16,2025-04-17,2025-04-18,2025-04-19,2025-04-20,2025-04-21,2025-04-22,2025-04-23,2025-04-24,2025-04-25,2025-04-26,2025-04-27,2025-04-28,2025-04-29,2025-04-30,2025-05-01,2025-05-02,2025-05-03,2025-05-04,2025-05-05,2025-05-06,2025-05-07,2025-05-08,2025-05-09,2025-05-10,2025-05-11,2025-05-12,2025-05-13,2025-05-14,2025-05-15,2025-05-16,2025-05-17,2025-05-18,2025-05-19,2025-05-20,2025-05-21,2025-05-22,2025-05-23,2025-05-24,2025-05-25,2025-05-26,2025-05-27,2025-05-28,2025-05-29,2025-05-30,2025-05-31,2025-06-01,2025-06-02,2025-06-03,2025-06-04,2025-06-05,2025-06-06,2025-06-07,2025-06-08,2025-06-09,2025-06-10,2025-06-11,2025-06-12,2025-06-13,2025-06-14,2025-06-15,2025-06-16,2025-06-17,2025-06-18,2025-06-19,2025-06-20,2025-06-21,2025-06-22,2025-06-23,2025-06-24,2025-06-25,2025-06-26,2025-06-27,2025-06-28,2025-06-29,2025-06-30,2025-07-01,2025-07-02,2025-07-03,2025-07-04,2025-07-05,2025-07-06,2025-07-07,2025-07-08,2025-07-09,2025-07-10,2025-07-11,2025-07-12,2025-07-13,2025-07-14,2025-07-15,2025-07-16,2025-07-17,2025-07-18,2025-07-19,2025-07-20,2025-07-21,2025-07-22,2025-07-23,2025-07-24,2025-07-25,2025-07-26,2025-07-27,2025-07-28,2025-07-29,2025-07-30,2025-07-31,2025-08-01,2025-08-02,2025-08-03,2025-08-04,2025-08-05,2025-08-06,2025-08-07,2025-08-08,2025-08-09,2025-08-10,2025-08-11,2025-08-12,2025-08-13,2025-08-14,2025-08-15,2025-08-16,2025-08-17,2025-08-18,2025-08-19,2025-08-20,2025-08-21,2025-08-22,2025-08-23,2025-08-24,2025-08-25,2025-08-26,2025-08-27,2025-08-28,2025-08-29,2025-08-30,2025-08-31,2025-09-01,2025-09-02,2025-09-03,2025-09-04,2025-09-05,2025-09-06,2025-09-07,2025-09-08,2025-09-09,2025-09-10,2025-09-11,2025-09-12,2025-09-13,2025-09-14,2025-09-15,2025-09-16,2025-09-17,2025-09-18,2025-09-19,2025-09-20,2025-09-21,2025-09-22,2025-09-23,2025-09-24,2025-09-25,2025-09-26,2025-09-27,2025-09-28,2025-09-29,2025-09-30,2025-10-01,2025-10-02,2025-10-03,2025-10-04,2025-10-05,2025-10-06,2025-10-07,2025-10-08,2025-10-09,2025-10-10,2025-10-11,2025-10-12,2025-10-13,2025-10-14,2025-10-15,2025-10-16,2025-10-17,2025-10-18,2025-10-19,2025-10-20,2025-10-21,2025-10-22,2025-10-23,2025-10-24,2025-10-25,2025-10-26,2025-10-27,2025-10-28,2025-10-29,2025-10-30,2025-10-31,2025-11-01,2025-11-02,2025-11-03,2025-11-04,2025-11-05,2025-11-06,2025-11-07,2025-11-08,2025-11-09,2025-11-10,2025-11-11,2025-11-12,2025-11-13,2025-11-14,2025-11-15,2025-11-16,2025-11-17,2025-11-18,2025-11-19,2025-11-20,2025-11-21,2025-11-22,2025-11-23,2025-11-24,2025-11-25,2025-11-26,2025-11-27,2025-11-28,2025-11-29,2025-11-30,2025-12-01,2025-12-02,2025-12-03,2025-12-04,2025-12-05,2025-12-06,2025-12-07,2025-12-08,2025-12-09,2025-12-10,2025-12-11,2025-12-12,2025-12-13,2025-12-14,2025-12-15,2025-12-16,2025-12-17,2025-12-18,2025-12-19,2025-12-20,2025-12-21,2025-12-22,2025-12-23,2025-12-24,2025-12-25,2025-12-26,2025-12-27,2025-12-28,2025-12-29,2025-12-30,2025-12-31
0,14.4943,4.6275,13.9483,19.4631,10.63,8.9269,11.5677,5.9697,7.4278,5.6612,8.8289,6.3823,8.2519,11.9337,12.0573,10.6127,11.9217,12.9776,6.6865,11.7162,6.2677,10.814,13.1161,2.9395,4.8369,12.7284,13.4351,8.211,7.204,11.3917,7.6043,7.7598,11.2904,12.8597,8.5818,11.7918,12.995,8.959,13.0376,13.6413,5.9624,3.5036,3.5001,11.8471,11.2856,6.8117,11.1323,3.9929,7.1729,7.1337,4.0,13.4129,9.0099,10.1203,5.0924,7.0139,5.1851,11.124,6.5037,6.2969,12.0815,8.8049,2.7401,4.2014,10.1685,10.8421,11.1337,11.0471,10.3612,10.385,9.8931,5.866,15.7822,11.6486,11.7306,9.8231,9.1066,7.8925,11.9383,11.0543,8.4664,5.4295,5.0014,8.1456,14.743,9.7126,8.4503,6.3984,7.4353,13.6895,6.6398,6.5471,11.5348,12.4755,4.8311,13.6875,10.9485,3.9998,9.1141,11.6758,12.7567,9.0553,7.0206,10.1421,9.2602,7.8453,10.1771,10.0004,7.2271,8.4498,8.5945,7.4452,11.9277,8.9945,11.0905,11.5734,12.9402,4.1662,3.9902,5.3215,9.1794,10.6008,9.213,6.1694,14.4403,8.6711,11.1159,7.6921,10.408,9.7678,7.6378,4.6063,8.896,4.0212,6.549,7.2466,6.216,8.7337,5.2375,5.133,10.0052,6.5457,7.8954,7.9991,8.5226,8.0001,9.1822,2.7401,7.4451,5.5373,8.2841,4.7201,5.8129,9.6009,9.3464,7.2995,6.8759,6.4895,5.7566,6.6399,3.5393,5.8955,7.4934,8.1238,6.603,8.2899,7.7117,3.9276,6.1482,8.932,6.0132,5.4565,5.8853,6.2607,5.3819,7.6587,6.8075,8.6064,3.0388,3.5903,7.4498,8.4799,7.7748,7.457,8.8784,8.9401,7.798,8.6873,9.0307,5.5352,6.0557,5.2812,7.4805,10.3299,8.1435,6.8118,8.1788,7.3611,6.0638,7.1315,11.8399,6.4542,8.3094,10.9018,9.4102,8.2136,5.8441,9.3424,5.5309,7.1508,7.0922,6.4069,8.4654,11.5275,8.6033,4.8785,4.4648,5.3957,5.3335,4.6133,5.8585,6.8159,3.9405,4.3415,5.4057,6.1001,6.5413,4.715,6.4504,5.2599,4.3967,4.2699,5.7415,5.4133,5.0711,5.4281,3.6801,4.378,6.9013,7.3877,7.2784,7.3824,6.3411,7.2591,5.5832,8.0291,6.9564,4.7798,4.3503,6.1856,4.3259,3.7973,4.8552,7.9284,6.1928,8.0,7.3328,5.1832,3.4258,6.6935,8.6351,7.6922,4.0001,5.6084,5.4723,4.9174,5.8299,8.71,8.1189,9.7001,8.0465,8.6615,7.981,6.8719,8.1419,9.9811,12.5738,9.7999,7.1523,7.0072,9.7101,8.8696,8.2101,13.2962,8.1442,9.0401,8.2394,4.0,10.7521,9.6652,10.1902,13.2505,10.816,11.835,10.8171,10.7426,9.1641,15.7044,7.8393,9.5204,12.0182,8.4504,5.7895,9.1153,5.3518,6.5949,7.5895,5.7172,3.0,8.5317,8.2524,8.1388,7.5777,8.3041,7.9604,10.5175,13.0574,4.2919,5.9731,11.8386,6.0515,16.7034,12.7399,3.6467,6.9226,8.0265,7.2482,3.4547,6.1878,8.2829,7.5528,7.5002,7.8432,10.6294,7.7408,8.3367,6.8731,8.0,3.4908,11.4769,8.0797,10.2103,5.8558,7.2657,5.967,4.2577,6.1322,7.2507,7.7887,4.1644,4.0001,6.6986,3.3961,7.2808,2.4187,3.7348,7.6747,4.7689,10.2637,4.2293,8.3326,2.3093,9.8591,10.1216,11.921
1,11.2587,2.71,9.2534,15.0145,8.0001,9.6036,8.0303,2.8148,3.8976,4.5651,3.5,3.9738,3.2786,8.8646,10.2696,9.2376,11.6043,10.6337,3.3178,8.3299,4.4257,5.7981,10.4915,2.71,3.0018,9.372,10.8838,6.0377,2.7406,10.1142,3.4433,4.0005,5.7866,10.2601,3.7256,3.0031,4.99,3.9947,5.9851,9.591,4.0,3.4998,2.7102,9.0807,7.9402,2.9962,9.854,2.7302,3.8053,3.5043,4.0001,12.4765,5.4107,6.0942,3.8982,5.7497,2.8998,8.46,4.6123,5.0137,10.0228,8.8872,2.7448,6.0434,15.513,11.4493,10.3802,9.9257,6.8043,10.1889,10.364,4.5585,11.0718,6.8079,6.5605,7.5019,6.2158,5.4335,9.3384,6.9283,6.7226,5.7313,8.0896,8.5872,14.3314,8.3581,7.6373,8.095,7.4515,15.7798,7.6605,6.9019,13.701,17.1647,5.9232,20.1809,13.2445,6.8607,11.1248,13.7286,18.6629,11.7404,13.6672,11.7917,8.3896,12.6985,14.3422,13.178,7.87,10.4503,13.14,7.1751,23.8835,12.5063,15.4247,15.1613,25.5449,11.5112,7.4245,8.4501,16.4451,27.4573,12.6529,15.4676,25.0689,9.4492,10.7898,8.2301,9.7623,10.8276,10.236,7.5557,9.2147,3.5004,8.7596,6.8819,8.0978,9.7186,6.1039,6.7165,13.3539,4.3214,10.6499,16.1566,8.0001,7.3931,8.2065,2.7405,6.857,5.5917,7.4289,3.0448,4.1456,9.0983,8.045,6.6794,8.8217,7.0939,5.2368,3.3879,3.3978,2.9245,4.1209,4.9043,4.9399,4.5533,4.416,6.2311,5.463,7.4505,5.8005,2.8015,3.5762,7.6762,4.9643,6.5429,4.9677,6.3992,2.7001,3.4129,4.572,5.39,6.9649,5.6843,5.6821,6.9326,6.7784,6.1085,4.968,5.5388,4.4402,3.8388,6.244,7.1611,6.2913,6.2384,4.986,6.574,4.8181,4.2244,6.0792,5.2628,6.6962,7.7238,6.936,7.3612,2.7478,5.6342,6.1267,5.3907,3.0107,4.7059,8.2321,8.9716,4.7522,5.1105,2.7109,4.8008,5.1967,4.9925,5.5309,6.3853,5.0965,7.1296,4.7347,5.9146,6.6276,3.6032,8.2778,5.6812,5.7867,2.7002,5.9222,5.8946,6.7353,3.342,3.0013,2.7002,6.5262,7.8188,6.841,6.2067,5.2818,6.0544,4.2392,7.6795,5.5207,8.2512,5.9901,4.7201,2.7001,2.8612,4.5389,4.2534,5.8207,8.749,5.9045,5.3584,3.0763,6.1181,7.6956,6.2267,3.4743,5.7711,3.5023,4.7275,6.8237,7.0179,8.814,8.263,7.6115,7.487,5.1207,4.0,5.2739,7.0008,8.7506,8.22,5.7763,4.0001,8.1332,3.6939,5.6606,9.0436,4.4052,4.4407,4.8011,2.9915,6.9444,5.44,7.1539,9.203,7.7341,10.6653,9.9105,8.13,7.9641,12.1034,3.345,5.1111,9.9044,6.6782,2.8321,6.6472,4.0001,3.9102,4.0438,4.4225,3.0009,6.3359,4.6718,7.0003,7.2605,5.2671,6.2343,8.7746,9.7503,3.0005,3.6529,9.0727,4.0,7.5002,11.053,4.2897,6.7529,8.0421,4.3258,2.0365,6.0291,6.751,3.2887,6.6617,5.0006,5.4348,5.8081,4.0894,4.4449,4.0234,3.0002,8.0431,6.3238,7.5377,5.5866,7.7533,3.7999,3.0001,4.71,7.048,5.8659,2.1139,3.0,6.0047,2.0006,6.8136,2.0001,3.5,6.6719,2.769,7.4113,4.1906,7.074,2.7333,9.0,9.9679,14.526
2,10.5228,2.7101,5.6257,12.3624,5.939,9.3102,6.3926,2.7101,2.7136,3.5316,2.9888,3.844,2.7,8.5984,8.9733,6.0381,8.7898,7.1688,2.7001,7.3506,3.7819,4.0358,10.4555,2.7101,3.5,10.1332,11.2099,4.3169,2.7405,4.4024,3.5032,2.7304,2.7402,9.7165,3.1163,3.4999,3.3891,2.73,3.5025,8.4094,3.4009,3.3751,2.71,9.4807,7.4567,2.73,3.5001,2.7302,3.0017,2.7401,3.0028,10.9596,4.1935,3.0027,2.762,3.581,2.6973,5.0564,3.9658,4.8935,9.0843,6.1927,2.7401,6.6205,11.7133,10.4494,7.3889,5.1686,4.8728,7.4638,7.7237,3.0009,7.5552,5.2336,2.7401,4.7318,3.0011,2.7401,4.745,2.7408,3.5,3.5031,3.7699,8.2417,8.0018,3.2254,2.7401,2.74,4.0,8.7252,3.7342,4.5258,9.033,12.0001,3.6908,13.7111,9.5993,2.7001,5.2607,8.2413,9.5055,3.7041,6.2201,7.6618,7.6428,7.0931,8.1314,4.9976,5.941,6.9764,8.5929,5.4608,13.3988,4.4935,6.6499,12.4306,14.6103,4.1074,2.3259,6.7224,9.2769,10.2698,7.8712,7.7641,13.7866,7.4658,4.0556,5.5184,4.3817,6.9663,5.5507,4.02,6.7345,4.5982,4.0001,3.0849,3.5021,6.6884,5.4283,5.3362,10.6913,2.7407,8.3345,10.957,6.0094,4.7321,5.9677,2.7401,5.276,5.6389,4.7766,2.7099,2.7301,8.0893,7.7007,6.5669,6.0716,6.2723,4.0661,2.7102,2.7,5.5453,3.5,2.9442,6.5243,4.1261,4.5348,4.2272,2.005,6.0162,6.5892,3.2135,3.1506,5.2358,4.1747,5.1862,3.4316,4.7136,2.7001,3.0021,4.3088,5.0009,3.467,3.8233,3.5001,4.889,5.9816,5.9082,2.0001,2.3365,2.0001,1.5029,2.7113,6.1233,2.8289,4.1464,4.9782,5.9061,2.1006,2.7402,2.1639,2.0001,5.5286,4.2528,6.0566,6.425,2.0002,4.4275,4.2111,3.3482,3.1251,3.7721,7.7062,7.2686,5.1996,4.6906,2.0002,4.0948,4.4755,4.5363,3.001,4.6183,4.2419,5.8041,4.8284,5.4929,3.1165,2.0002,6.0202,3.3851,3.9689,2.0002,2.7112,4.6902,5.5945,2.004,2.0002,2.7001,4.8549,4.4793,4.565,3.4083,2.89,3.5025,3.5025,4.1478,2.7001,2.956,2.7003,3.2049,2.7,2.7001,2.71,2.7301,3.9755,4.6323,2.7002,2.7001,2.7001,3.0013,3.9738,2.7002,2.7001,3.5001,2.5001,4.6772,2.8755,3.5435,7.4035,5.8078,5.3582,3.9821,2.7002,3.001,4.0,4.0,7.227,6.3556,3.2344,4.0,4.0001,3.0872,3.0006,8.2761,2.7001,3.3329,3.5001,2.7001,6.7411,2.8211,5.1311,7.9646,6.722,4.0,4.977,4.0792,3.0009,5.6927,2.7001,2.7001,8.58,3.6914,2.7,7.4353,2.7001,3.0005,3.0004,4.0645,2.7002,3.5781,2.7002,6.5563,6.7033,3.1,4.0001,8.3621,7.528,3.0005,5.2379,7.4164,4.0002,9.3733,11.5479,2.7001,5.6027,9.2148,2.7001,3.0011,4.784,6.3183,3.1826,6.3669,5.6138,4.7,6.1905,3.0001,3.0,3.0485,3.0,6.09,7.0155,8.0381,4.906,9.4977,6.2222,3.0,3.5001,5.8682,5.5964,2.0,2.3829,4.7858,2.0,6.0136,2.0,3.259,6.0644,2.0635,6.1026,5.7302,8.9599,2.0008,8.0,5.0,14.2405
3,7.7184,2.7,3.5029,10.9531,2.7,8.1203,6.2804,2.0001,2.6999,2.7,2.7001,2.7,2.4004,6.4506,5.8038,3.881,5.3358,7.0243,2.7,5.2416,3.5027,3.0879,8.8603,3.1292,2.7146,9.1448,11.629,4.8485,2.7301,2.7401,2.715,2.7,2.74,6.1423,2.6821,2.7398,2.7397,2.9839,3.7994,6.0382,2.7,2.6996,2.7099,7.2042,6.2733,2.6999,2.5989,2.7099,3.0001,2.7401,2.74,7.85,2.9459,2.71,2.74,3.0016,2.2301,3.2773,2.7301,3.8381,6.2949,2.9796,2.3551,6.4211,5.8883,5.2128,5.0017,2.7302,3.2052,4.2754,4.1943,2.74,4.9147,2.2906,2.7099,2.1273,2.7399,2.7401,3.0025,2.74,2.0034,2.74,3.0031,3.0029,10.0163,2.3072,2.0041,2.0001,2.0001,3.2297,2.73,2.7401,6.2963,11.0693,2.74,10.559,2.7297,3.0008,5.5796,11.0344,9.2284,2.7,2.7298,2.74,3.001,3.5001,7.9997,2.7301,2.873,6.7068,5.4125,2.7297,11.1099,2.7097,3.9999,3.7584,9.971,2.7097,1.7038,3.0013,4.0,6.5292,2.7399,3.5446,8.7007,3.222,2.7399,3.0015,2.74,2.7411,2.6998,2.6461,6.6394,2.0054,3.191,2.0048,2.7401,3.0009,2.7399,2.71,6.4434,2.556,6.5742,8.0,2.7099,2.7832,4.8722,2.0001,6.0838,3.724,2.7399,1.71,2.71,4.2188,5.3777,4.0148,3.0012,2.9541,2.8231,1.1159,2.0062,4.0002,2.7101,2.7101,2.9456,2.8632,2.6611,2.7099,2.0,4.0,2.8758,1.25,2.0002,3.2387,2.7403,3.5025,2.0001,2.0001,1.6798,2.7298,2.1033,3.3292,2.0006,1.6069,2.0049,3.0825,2.0048,2.0001,2.0,2.0048,1.3365,1.1082,1.2114,2.0001,2.0001,2.74,3.001,3.0906,1.0496,2.0001,2.0,1.0896,2.2347,2.7402,2.8129,2.5656,2.0002,2.0,3.2589,2.0002,2.3551,2.3274,4.2516,4.8223,1.8165,2.0034,0.6906,2.0001,2.7102,2.0001,0.9624,2.0043,2.0029,2.7681,2.0047,2.3992,2.0032,0.26,2.6742,1.5149,2.4568,0.546,2.0001,2.0001,3.1891,0.8173,1.1422,2.0002,2.7002,2.3936,2.1685,2.0002,2.0041,2.0008,1.6022,3.4589,2.0702,2.0046,2.0,0.7748,1.7027,2.0002,2.0001,2.7,2.0003,2.6154,1.2501,2.0002,2.7,2.0037,2.0002,2.0001,2.0042,2.0973,2.0001,2.7002,2.0034,2.25,4.0851,2.7001,2.7001,2.7001,2.2501,2.7001,2.7001,2.7101,5.8237,3.6049,2.2501,2.7001,3.0007,2.7,2.7101,5.001,2.25,2.5001,2.6801,2.0033,3.278,2.5001,3.5,3.8751,9.445,2.7001,2.7103,2.7002,2.7001,4.0001,2.25,2.5,8.3407,2.7104,2.68,5.7659,2.7002,2.2501,3.0004,2.7108,2.6801,4.8858,2.7002,3.9969,5.0822,2.7008,3.5025,6.795,5.6082,2.7,2.7393,2.7002,4.0001,7.5002,8.4534,2.7,3.6485,7.3255,2.7002,2.0,3.3305,6.3512,3.0,5.0006,4.7,2.8725,3.0001,3.0,2.0,3.0,2.0,3.8048,5.4056,5.3333,2.9777,5.3283,2.4881,2.0,2.7094,3.2034,2.7018,2.0001,2.0001,3.0236,2.0,5.0451,2.0,3.0002,5.5067,2.0003,3.4562,3.3885,7.072,2.0,6.0917,3.5,13.4808
4,6.5389,2.0001,2.4436,8.4817,2.7,8.0978,4.9192,1.7246,2.0002,2.0,2.0051,2.2017,2.0002,3.9379,3.6285,2.7099,3.321,2.7001,1.6999,2.6999,2.7,2.74,6.9636,2.7101,2.7098,4.5004,7.2588,2.7299,1.7324,1.9999,2.0002,2.0001,2.0001,4.1491,2.0002,2.0001,2.0,2.0001,2.7401,5.6058,2.006,2.0003,2.0001,4.1287,2.0042,1.7412,2.0001,2.0001,2.73,2.0002,2.0001,4.5535,2.73,2.326,2.0,2.74,2.0615,2.7301,2.74,2.1332,3.9141,2.1235,2.0001,3.7899,5.3462,2.7404,2.74,2.71,2.7298,2.74,2.74,2.71,2.73,2.0002,2.0002,2.0,2.7399,2.7401,2.7401,2.3493,2.0001,2.0001,2.7401,2.7404,6.8315,2.0006,1.8907,1.7325,1.7424,2.0035,2.7101,2.7301,4.0877,3.2276,2.0002,8.2401,2.0006,3.0001,4.0001,9.9907,5.5203,2.1764,2.7298,2.7298,2.7433,5.3597,4.8282,2.0006,2.7298,3.6353,2.74,2.7297,7.5272,2.7097,2.7399,2.0034,6.646,2.7097,2.0001,2.383,3.0017,3.9477,2.7298,2.7298,6.1641,2.74,2.7701,3.0014,2.7398,2.6067,2.4997,2.2499,3.2178,2.0053,4.0,2.3762,1.7402,2.74,2.0043,2.7298,4.9724,2.0053,2.7399,3.5494,2.0043,2.74,2.1209,2.0001,2.74,2.492,2.0002,1.6999,2.0002,2.6694,3.1087,2.0053,2.0001,2.0001,2.0001,1.25,2.0057,2.7299,2.25,2.7,2.3911,2.0001,2.0001,1.7451,1.25,2.0042,2.0002,0.3494,1.702,1.4836,2.0001,2.0001,0.9503,0.68,1.2499,2.0002,2.0001,3.0013,2.0002,1.6555,1.6997,2.71,2.0001,2.0001,1.5121,2.0001,1.2527,0.4779,1.6412,1.7522,2.0,2.0,2.0001,2.0001,2.0,1.0048,1.6998,2.0001,2.0001,2.0001,2.0034,2.0001,2.0002,2.0002,2.0002,1.0644,2.0,2.0,2.759,2.0007,0.345,0.8114,0.0502,0.727,2.0046,2.0001,0.056,0.965,0.5779,1.3383,1.7199,2.0001,1.3628,1.0734,2.0031,0.2615,2.0,0.1618,1.7533,0.1608,1.75,0.056,0.25,1.2237,2.0002,1.1281,1.0032,0.6165,0.6,0.4959,0.6,1.9362,1.2501,1.0037,1.05,0.2509,1.6801,2.0,2.0,2.0001,0.6,2.0001,0.9649,2.0002,2.0001,2.0001,1.2547,1.2501,2.0002,2.0001,2.0,2.0001,2.0001,2.0,2.0038,2.2501,2.5112,2.0043,2.0043,2.7001,2.7001,2.7001,2.7158,2.0184,2.0001,2.0046,2.7001,2.003,2.0002,3.1872,2.25,2.25,2.6801,2.0026,3.0007,2.2501,2.7401,2.7402,6.0959,2.7101,2.7001,2.7001,2.7001,2.7001,2.25,2.25,4.4396,2.7101,2.5,3.0154,2.7001,2.2501,3.0004,2.7001,2.7001,3.764,2.0055,2.7002,2.7002,2.3252,2.6801,5.9878,2.9233,2.3923,2.7002,2.3109,2.7001,3.6317,5.7141,2.7,2.7,4.8296,2.1485,2.0,2.0162,3.3197,2.0001,3.0,2.6581,2.0,2.0,2.0009,2.0,3.0,2.0,2.0011,2.5006,3.0003,2.0001,3.0236,2.0,2.0001,2.0001,2.0,2.6823,2.0,2.0,2.0004,2.0,2.8362,2.0001,2.0001,5.0962,2.0,2.0,2.6884,5.4028,1.7004,6.0854,2.7186,11.2382
5,3.1496,2.0001,2.0002,5.7437,2.0002,5.4347,4.5701,1.0594,2.0001,1.703,2.0001,2.0002,2.0001,2.7,2.1071,2.003,2.6522,2.0044,1.3999,2.5758,2.6999,2.74,5.8822,2.0172,2.0002,2.7301,2.7435,2.0002,1.7301,2.0002,2.0001,1.9649,1.7402,2.4335,1.44,2.0,2.0001,2.0,2.0,2.7441,2.0001,2.0,2.0,2.7401,2.0001,1.7322,2.0002,2.0002,2.7299,2.0,2.0003,2.0206,2.0044,2.0003,2.0001,2.7401,2.0002,2.1226,2.0045,2.0002,2.7401,1.7925,2.0001,2.7401,4.0,2.74,2.74,2.0001,2.2311,2.7301,2.7428,2.71,2.7401,2.7401,2.418,2.7139,2.8251,3.0027,2.7441,2.0003,2.0028,2.0001,3.0023,3.0017,4.1373,2.73,2.0001,2.0001,2.0001,1.993,2.7302,2.74,4.3622,3.0015,2.7399,2.5255,2.7298,9.9908,3.2442,8.1293,2.7299,2.7099,2.6999,2.7298,9.0712,4.0001,2.5926,2.0002,2.7097,2.25,2.9353,2.7099,2.7409,2.7296,2.7399,2.0001,2.7408,2.7099,2.0015,2.744,2.9299,2.6999,2.7297,2.7399,4.4046,2.7403,3.0015,2.7443,2.0039,2.4999,2.0498,2.7097,2.74,3.0016,2.74,2.0047,2.74,2.74,2.7401,3.0016,2.7399,2.7399,2.0048,2.7399,2.0045,2.0,2.0,2.0042,2.7399,2.3484,2.0002,2.0002,2.0001,1.67,2.0001,1.3517,1.3306,2.0002,2.0001,2.0,2.0044,2.0001,2.4998,2.452,2.0007,1.5001,1.0915,1.0046,1.0355,1.767,0.5003,0.8803,0.553,2.0001,2.0002,1.1591,1.5224,1.6999,1.484,1.6404,2.0001,2.74,1.4999,1.0873,1.5028,1.49,1.3301,0.2506,1.0019,1.6594,0.0559,0.2501,2.0,1.1621,0.2509,2.0,2.0,1.8671,1.0024,0.4999,2.0001,1.5738,0.251,2.0001,2.0001,1.7026,0.88,1.2558,0.9555,1.8052,1.7306,1.5983,1.3001,2.0002,0.1017,0.7614,1.6801,1.5678,2.1006,1.924,0.2512,0.7326,0.4,2.0001,1.8273,0.6981,0.2801,0.5242,1.4479,0.07,2.0002,2.0001,2.0002,0.2514,0.54,0.51,1.0036,2.0001,1.1278,0.6,0.26,0.26,0.6,1.2292,1.7031,1.03,1.2501,1.0037,1.4913,2.0001,2.0002,2.0038,2.0,2.0002,0.8859,2.0001,2.0,0.88,2.0002,2.0002,2.0,2.0002,2.0,2.0,2.0001,3.5731,2.0,2.003,2.0002,2.1932,2.3779,2.345,2.7001,2.7,3.6175,2.7001,3.1539,2.004,2.25,2.7001,3.0005,2.0042,2.0027,2.5001,2.7001,2.7001,2.7001,2.0002,2.7101,3.0005,2.7101,3.0,2.7002,2.7001,3.0006,2.7001,2.7001,4.3978,2.7,2.7,6.4808,2.7001,2.7301,2.68,2.7002,2.7765,4.5596,3.0007,3.5003,3.0009,2.0015,2.7002,2.0003,2.0011,2.7001,4.2563,2.7002,2.0002,2.7002,2.25,2.7001,3.0006,3.0011,2.7,2.7,3.0009,2.008,2.0,2.0,3.0,2.0,3.0001,2.0043,2.0,0.7,2.0001,2.0,3.0,2.0001,2.0001,2.0001,2.0511,2.0,2.0004,2.0,2.0001,2.0,2.0,2.0,2.0,2.0001,2.0,2.0,2.0,2.0,2.0,2.001,2.0,2.0,2.0001,3.5,1.33,3.2297,2.0001,8.0134
6,3.1298,2.7,2.6999,5.5932,2.0001,4.7611,3.5001,2.0002,2.0052,2.0001,2.0,2.0,2.6999,2.3698,4.8268,2.2825,2.4843,2.0001,2.0,2.3821,2.74,2.7399,7.3599,2.5598,2.1141,4.3935,2.7298,2.0002,2.0306,2.0001,2.0,2.443,2.0001,2.6194,2.0,2.0001,2.0059,2.0001,2.02,6.2034,2.0002,2.7399,2.0048,2.0,2.0002,1.71,1.843,2.74,2.74,2.0045,2.0001,2.0,2.0002,2.0001,2.0001,2.9733,2.7101,2.2321,2.0047,2.0002,2.0,2.0936,2.7401,2.7404,4.0001,2.7401,2.6967,2.0002,2.7301,4.3976,7.4476,2.71,2.7,2.74,2.5496,2.0035,3.0329,3.0027,2.7441,2.0,2.0001,2.0001,3.0021,3.0017,4.6132,2.74,2.0001,2.0041,2.0,2.0001,2.7301,2.74,3.1766,3.0,2.7299,2.7165,2.7099,8.7558,4.992,9.7291,2.3796,2.6999,2.71,2.7297,6.7325,5.9874,2.6997,2.0001,2.6998,2.0028,2.7099,2.7297,2.7409,2.7297,2.7399,2.0012,2.6998,2.6998,2.7397,3.0009,2.8195,2.0033,2.7298,2.7399,2.7728,2.7399,4.0,3.0,2.7399,2.2939,2.0003,2.7098,2.7398,3.0,2.7398,2.74,2.7399,2.74,2.7401,3.0,2.74,2.2434,2.3285,2.74,2.0043,2.0001,2.0045,2.005,2.0001,2.0055,2.0002,2.0002,2.0001,0.9022,1.2304,1.257,1.6798,2.0001,2.0001,2.0001,2.0001,2.0001,2.0001,2.0001,2.0,0.2508,0.5,0.3648,1.2299,1.0958,0.2595,0.8442,0.25,1.6095,2.0001,0.6698,1.5313,0.951,1.6999,2.0002,2.0,2.0001,1.6829,0.6,1.25,1.0023,1.4301,0.2764,0.6599,1.0308,0.0498,0.25,1.0037,0.7732,0.056,1.2673,1.7217,1.0124,1.0,0.4,0.9853,1.25,0.9503,2.0001,2.0001,1.2501,0.2962,0.2504,0.4,0.8972,1.2531,0.8624,0.6,1.446,0.146,0.5437,1.6801,2.0001,2.0001,1.4827,0.0702,0.4,0.056,2.0,1.6226,0.5913,0.2512,0.26,0.5173,0.1395,1.9787,1.201,2.0001,0.2856,0.6,0.69,1.7001,2.0001,2.0,0.375,0.2501,0.26,0.6,0.67,1.5644,0.85,0.88,1.2501,1.7037,1.703,2.0001,2.0002,2.0,2.0,0.51,1.7284,1.5266,2.0002,2.0002,2.0,2.0001,2.0002,2.0,2.0001,2.0,2.2805,2.0001,2.0,2.0001,2.0003,2.0194,2.3741,2.7001,2.7,3.0005,2.7001,2.5348,2.0035,2.0001,2.0031,2.7001,2.0028,2.0001,2.0034,2.7001,2.7,2.7001,2.0001,2.7001,3.0005,2.7101,2.7105,2.7001,2.7001,3.0109,2.7001,2.7001,3.4913,2.68,2.7,5.3795,2.68,2.7301,2.5,2.7002,3.0,3.2089,2.7506,3.9897,3.9108,2.9479,3.8424,2.0001,2.0008,3.5,3.0005,2.0001,2.7,2.7002,2.5,3.0,3.0001,5.8275,2.7,2.7,6.2155,2.0,2.0,2.0,3.0001,3.0001,3.0001,2.0,2.0,2.0,2.0001,3.0,4.0002,2.0001,2.0,2.0,2.0,2.0,2.0,2.0,2.0001,2.0,2.0001,2.0,2.0003,2.0002,2.0,2.0,2.0,2.0,2.0001,2.0001,1.74,1.7002,2.8797,3.2227,1.1052,6.6099,2.0001,4.0362
7,2.7099,2.6999,2.0002,5.984,2.0001,4.6905,2.9685,2.0001,2.7133,2.0001,2.0,1.7,2.5004,2.2213,4.0262,2.7,2.6998,2.0002,1.7,2.6999,2.7403,2.74,4.6982,2.73,2.5726,3.6951,2.7298,2.0002,2.4711,2.0001,2.0002,2.0061,1.7423,2.4635,2.0001,2.4506,2.0065,2.0001,2.0047,5.1216,2.3812,2.7296,2.0001,2.0001,2.0,2.0001,2.0002,2.73,2.7401,2.0001,2.0001,2.0,2.0,2.0002,2.0001,2.9919,2.7099,2.0043,2.0001,2.6751,1.8061,2.1838,2.7401,4.0,4.0001,2.0001,2.2355,2.0001,2.0039,3.5407,7.8283,2.71,2.71,2.8201,2.0044,2.7398,3.002,2.7405,2.7402,2.0001,2.0033,2.0001,3.0024,3.0017,3.9998,2.7399,2.0001,2.0002,2.0001,2.0001,2.73,2.74,3.0001,2.7401,2.7299,2.7298,2.7096,8.2403,3.0012,8.0002,2.5348,2.4711,2.7099,2.7298,3.9998,5.9796,2.6965,2.0002,2.0025,2.0001,2.6998,2.7297,2.7098,2.7297,2.7399,2.0013,2.1421,2.7298,2.74,3.0009,2.74,2.25,2.7399,2.7398,2.902,2.7399,3.4996,3.0014,2.74,2.2499,2.0001,2.7098,2.863,3.0015,2.7399,2.74,2.74,2.7399,2.7399,2.74,2.74,2.74,2.0042,2.74,2.0041,2.0001,2.0001,2.0039,2.0001,2.0575,2.0001,2.0002,2.0046,0.7076,1.1366,1.7098,1.1744,2.0001,2.0002,2.0,2.0,2.0,2.0001,2.0001,2.0001,0.0606,0.9683,0.4701,1.25,1.7025,0.2596,0.25,0.2501,1.6799,2.0002,1.1301,1.5597,1.6999,1.6999,2.0001,2.0,2.0001,2.0002,1.2499,1.5028,1.782,1.4162,0.2507,0.4998,1.4257,0.0558,0.0559,1.184,1.0499,0.056,0.8497,2.0,1.5738,0.5656,0.3532,0.9909,0.6,1.2532,2.0,1.3007,1.2501,0.062,0.2,0.3942,0.7023,1.5528,0.6,0.5469,0.6,0.0501,0.2514,1.7001,2.0001,2.0001,1.1824,0.056,0.4,0.056,1.4327,1.3721,0.5342,0.2501,0.5006,0.2501,0.056,1.3828,2.0001,0.8673,0.402,0.6,0.69,1.7001,2.0001,2.0001,0.1019,0.2011,0.26,0.6,0.3241,1.1502,0.26,1.0036,1.0036,1.5058,1.703,1.5001,2.0002,2.0002,2.0001,0.3451,1.8793,1.2501,1.5027,2.0,2.0,2.0001,1.6827,2.0001,2.0001,2.0,2.0028,2.0001,2.0001,2.0002,2.0003,2.0049,2.183,2.7001,2.7,3.0005,2.7001,2.4095,2.0041,2.0001,2.0525,2.7001,2.0028,2.0001,2.0027,2.7001,2.7,2.7001,2.0002,2.7001,2.7401,2.7101,2.8298,2.7101,2.7001,3.5002,2.7,2.7,2.9353,2.68,2.7,5.3473,2.68,2.73,2.68,2.7002,3.0,3.0372,2.8056,3.0008,3.1544,2.7003,2.7101,2.0001,2.0008,2.71,3.0005,2.0003,2.7,2.7002,2.2501,3.0001,3.0006,4.44,2.7,3.0,4.9819,2.0,2.0,2.0,3.0001,3.0,3.0006,2.0,2.0,2.0,2.0001,2.9296,10.9775,2.0001,2.0001,2.0,2.0,2.0001,2.0,2.0,2.0001,2.0,2.0,2.0,2.0001,2.0001,2.0,2.0,2.0,2.0,2.0001,2.0,1.91,1.7004,2.7528,3.0,0.7739,4.2231,2.0,3.0
8,2.6999,2.0065,2.0002,4.3519,1.8064,5.0099,2.7101,2.0002,2.713,2.0002,1.7017,1.7,2.6437,2.0432,3.2858,2.6999,2.1071,2.0002,2.0001,2.6999,2.74,2.7401,5.7871,2.73,2.7301,3.2071,2.7101,2.0002,2.0004,2.0001,2.0001,2.0001,1.7424,2.004,2.0001,2.5742,2.0059,2.0,2.0068,5.472,2.0052,2.7297,2.0001,2.0,2.0002,2.0001,2.0,2.73,3.079,2.73,2.0001,2.0,2.0002,2.0002,2.0001,3.4344,2.7,2.436,2.0003,2.7298,2.0001,2.0003,2.7401,4.0,8.0002,2.0038,2.7301,2.0001,2.7399,2.74,7.3957,2.71,2.7,3.5961,2.0045,2.7398,2.7433,2.743,2.7442,2.0033,2.0034,2.0001,3.0022,3.0021,3.0018,2.7401,2.0001,2.0002,2.0001,2.0001,2.73,2.7399,3.0001,2.7401,2.7299,2.7299,2.7098,8.2404,3.0024,8.2412,2.7099,2.0128,2.7099,2.7099,3.1757,5.193,2.7007,2.0002,2.6998,2.0001,2.6997,2.7297,2.7107,2.7296,2.7399,2.0014,2.0016,2.7297,2.7401,3.0013,3.3943,2.25,2.7399,2.7399,2.741,2.7297,3.4999,3.0014,2.7399,2.0961,2.0001,2.6998,3.0025,3.0,2.004,2.3411,2.74,2.7399,2.7401,3.0001,2.7399,2.7399,2.0043,2.7401,2.0052,2.0001,2.0001,2.0041,2.0041,2.0004,2.0002,2.0002,2.0065,2.0001,1.1333,1.4954,2.0,2.0001,2.0001,2.0,2.0001,2.0001,2.0001,2.0001,2.0001,0.6808,0.3487,0.6801,1.2499,1.894,0.2596,0.25,0.5102,1.7028,2.0002,1.6798,1.9996,1.6999,1.6999,1.7026,2.0001,1.0496,1.0016,1.2501,1.6829,1.0018,1.5284,0.1249,0.3029,1.0017,0.0558,0.0559,0.8802,1.0509,0.3501,0.6613,1.6366,1.0502,0.5378,0.3502,0.5237,0.3501,0.2503,1.453,1.253,1.2501,0.056,0.2,0.35,1.4658,1.4508,0.6,0.0709,0.0971,0.0502,0.1805,0.77,2.0001,2.0,1.2315,0.095,0.056,0.056,0.7644,1.03,0.2847,0.2501,0.2512,0.26,0.056,0.8866,2.0001,2.0001,0.2509,0.6,0.69,1.7001,2.0001,0.85,0.5654,0.0856,0.6,0.6,0.3055,1.2033,0.26,0.88,1.0036,1.7037,1.703,1.5001,2.0002,2.0001,2.0001,0.26,1.3359,1.2501,1.5027,2.0001,2.0,2.0001,1.7026,2.0001,2.0001,2.0001,2.0029,2.0,2.0001,2.0003,2.0001,2.0037,2.0923,2.7001,2.7,3.0005,2.7001,2.3454,2.0001,2.0001,2.0035,2.7001,2.0028,2.0001,2.0001,2.7001,2.7001,2.6801,2.0002,2.7001,2.71,2.7101,2.7101,2.7,2.7001,4.2095,2.7,2.7001,2.7101,2.68,2.7,4.5474,2.68,2.7301,2.7,2.7002,3.0001,3.3524,2.7002,2.7003,3.5059,2.7002,2.7107,2.0001,2.0035,2.7137,3.0,2.0002,2.7001,2.7002,2.2501,3.0001,3.0006,3.5007,2.7,3.0008,5.3356,2.0,2.0,2.0,3.0001,3.0001,3.0001,2.0,2.0,2.0,2.0002,2.0348,10.97,2.0001,2.0,1.6367,2.0001,2.0001,2.0,2.0,2.0,2.0,2.0,2.0,2.0003,2.0001,2.0,2.0,2.0,2.0,2.0,2.0,1.91,1.379,2.7368,3.1874,0.7,3.5259,2.0,2.5
9,2.7099,2.0001,2.0002,6.5708,1.5001,5.1354,2.71,2.0002,2.7132,2.0,1.7017,2.0002,2.7041,2.1024,3.5037,2.6999,2.6999,2.0001,2.0002,2.6998,2.7399,2.7401,3.9432,2.73,2.73,4.2387,2.005,2.0004,2.0064,2.0002,2.0049,1.7423,1.7424,2.4366,2.0,2.9705,2.0054,2.0001,2.0047,5.4005,2.4087,2.7296,2.0001,2.0001,1.9947,2.0,2.0,2.73,3.0023,2.73,2.0001,2.0002,2.0001,2.0002,2.0001,3.515,2.7301,2.4567,2.0001,2.5015,1.8388,2.0,2.7401,4.0264,4.0001,2.0034,2.7301,2.0,2.0043,2.7401,7.195,2.73,2.7101,3.9087,2.7401,2.7401,2.74,2.7401,3.5,2.0031,2.0031,2.0,3.5,2.7401,3.0015,2.74,2.0001,2.0041,2.0001,2.0045,2.7299,2.7399,2.74,2.8902,2.73,2.7401,2.71,8.2299,3.0012,9.9903,2.7299,2.7099,2.7099,2.7298,3.5969,4.0001,2.7008,2.0002,2.6998,2.0026,2.71,2.7297,2.7107,2.7296,2.7399,2.0001,2.0294,2.7997,2.0014,3.4028,3.1176,2.6999,2.7399,2.7399,2.7424,2.7298,3.4999,3.0014,2.7296,2.2323,2.0001,2.7097,2.9928,3.0017,2.74,0.7509,2.74,2.7401,2.7399,2.7401,2.7399,2.74,2.0042,2.74,2.0052,2.0,2.0001,2.0055,2.0055,2.4758,2.0002,2.0002,2.005,1.6999,1.1305,1.7099,2.0001,2.0001,2.0002,2.0,2.0,2.0001,2.0001,2.0001,1.2535,0.3005,0.6094,0.2509,1.25,2.0001,0.2868,0.25,0.6902,2.0001,2.0002,1.0477,2.0002,1.6999,0.2603,2.0002,1.7742,1.3372,2.0001,1.0023,1.5025,2.0,1.0536,0.056,0.2501,1.2523,0.0557,0.2501,0.8802,1.0019,0.4,0.4167,1.4307,1.0001,0.6086,0.4662,0.6294,0.3641,0.269,2.0,1.5324,1.2501,0.056,0.2,0.4117,1.8549,2.0001,1.0074,0.1303,0.322,0.0502,0.25,0.6,2.0001,2.0043,1.8543,0.2447,0.063,0.056,0.6,0.9544,0.6,0.2501,0.26,0.4364,0.056,0.8896,0.251,2.0001,0.3,0.6,0.69,1.7001,0.85,0.85,0.5004,0.26,0.26,0.6,0.4113,1.13,0.26,0.88,1.0036,1.7037,1.703,1.5001,2.0,2.0,2.0,0.4398,1.5818,0.6,1.2501,2.0001,2.0001,2.0001,1.7027,2.0001,2.0001,2.0,2.0031,2.0001,2.0001,2.0001,2.0002,2.4462,2.4452,2.7,2.7,3.0005,2.7001,2.6801,2.0001,2.0001,2.0036,2.0031,2.0032,2.0001,2.0001,2.5,2.7001,2.68,2.0002,2.7002,2.7001,2.7101,2.7102,2.0024,2.003,3.8199,2.7001,2.7001,2.7,2.7,2.7,6.9711,2.7001,2.7301,3.708,2.7001,3.0,4.1043,2.711,2.7101,3.8489,2.7002,2.8437,2.0011,2.0035,2.7,2.7107,2.0001,2.7001,2.7002,2.2501,3.0,2.7101,3.6431,2.68,2.8469,4.0665,2.0,2.0,2.0,3.0007,3.0001,3.0008,2.0,2.0,2.0,2.0003,2.2401,12.2586,2.0001,2.0,1.935,2.0,2.0,2.0,2.0,2.0,2.0,2.0,2.0,2.0,2.0001,2.0,2.0,2.0,2.0,2.0001,2.0,1.05,1.3771,2.9269,4.2286,0.71,2.7007,2.0,2.4752
10,2.7101,2.6999,2.7,5.9157,1.5001,5.1599,2.8384,1.7025,2.7101,2.0001,1.7018,2.7,3.7649,2.0002,3.0582,2.7001,5.0331,2.0,2.0002,2.6998,2.7401,2.74,4.0491,2.7301,2.7299,6.5783,2.0001,2.0001,2.0002,2.0001,2.1038,1.7422,2.0,2.7403,2.0001,5.0975,2.0053,2.0,2.0001,6.3998,2.7399,2.7399,2.0,2.1106,2.0002,2.0002,2.0002,2.73,3.0599,2.73,2.0001,2.2953,2.0043,2.0002,2.0,3.6173,2.73,2.73,2.0002,2.2171,2.0001,2.624,2.7402,2.7401,2.74,2.3344,2.73,2.5584,2.654,3.3453,8.4845,2.7401,5.4698,8.0398,4.0,3.3181,4.5219,3.0023,4.0001,2.74,2.74,2.74,7.269,4.0,3.5001,2.74,2.7398,2.9714,2.005,6.604,3.6917,4.8958,3.9202,2.74,4.0,9.9118,2.7098,4.54,4.0,8.2411,2.7407,2.7299,2.7404,4.0001,2.9287,7.7186,7.9545,2.4623,2.7097,2.0002,2.7299,2.74,3.2722,3.001,2.7399,2.0002,2.74,3.9492,2.0001,3.0012,2.7299,2.7099,2.7399,3.0024,4.9372,2.7296,4.0,2.7397,3.6205,2.6797,2.25,2.7098,3.9995,3.0016,2.7401,1.7401,2.7399,2.74,2.7878,4.0,2.7398,3.0015,2.74,3.1074,2.7299,2.0001,2.0045,2.74,2.0001,2.74,2.7297,2.0002,2.0059,1.9999,1.3779,2.0001,2.0002,2.0001,2.0001,2.0001,2.0003,2.0044,2.2499,2.0052,2.0001,1.2622,1.6294,1.0502,1.5025,2.0,1.9198,1.4998,1.8606,2.0002,2.0002,1.7025,2.0002,2.0,2.0001,2.0001,2.0002,2.0001,1.6831,1.683,1.0017,2.0001,1.5934,0.4999,0.25,1.8315,0.5004,0.6003,1.253,2.0,1.2549,1.53,2.0001,2.0001,1.3286,1.0501,1.1287,1.2499,1.0533,1.9738,2.0,2.0001,0.68,1.2093,1.7144,2.0001,2.0001,2.0002,1.7477,1.6011,0.3262,2.0001,1.25,2.0001,2.5,2.25,0.9052,1.5431,1.0575,1.5152,2.0,1.6324,1.3663,2.0,2.0,1.0039,2.0001,2.0001,2.0001,2.0001,2.0001,2.0002,2.0002,2.0001,2.0001,1.8903,2.0,2.0,2.0001,2.0,2.0001,1.683,2.0001,1.7027,2.0002,2.0052,2.0,2.0047,2.68,3.0012,2.0001,2.345,2.0001,2.0001,2.0001,2.4151,2.4649,2.0037,2.0001,2.0001,2.0001,2.68,2.0025,3.0012,2.7,2.7001,2.7302,2.7512,2.7682,2.7,4.0001,2.7001,4.9416,2.2501,2.25,2.9249,2.7001,2.7,2.7101,2.8092,2.7101,3.0006,4.0,2.7001,5.0014,3.4574,4.8464,6.0164,2.0027,2.7102,7.9326,2.7102,2.7001,3.948,2.71,2.7101,8.5329,2.7101,3.0367,4.9946,2.711,4.0001,6.7229,4.0962,2.7103,4.6802,2.7006,5.1222,2.0035,2.1649,2.7,2.8206,2.0003,2.7001,2.7001,2.2501,3.0001,2.7101,2.7,2.68,3.2385,4.5582,2.0001,2.0,2.0038,3.0007,3.0007,3.0001,2.8526,2.0,2.0,3.0001,3.0,15.8822,4.2259,2.0001,2.0,2.0,2.0001,2.0,2.0,2.4154,2.0,2.0,2.0,2.0,2.0001,2.0,2.0,2.0,2.0,2.8839,2.0,1.05,2.0,3.3413,3.8025,1.5479,3.4008,2.0978,2.3049
11,3.7691,2.7099,2.7099,9.6672,2.0035,6.7514,6.3626,2.0002,6.6063,2.0058,2.3248,9.1054,7.5003,3.7796,4.9928,4.3978,10.5489,4.4666,2.6999,5.0854,4.2809,2.74,7.9686,2.7405,2.74,7.2451,3.2275,2.7409,2.7401,4.0031,4.0171,2.7401,3.5001,6.8425,2.74,8.4868,2.7399,2.74,2.7399,8.1471,7.5009,3.2833,2.7399,4.2829,2.0002,2.71,2.73,2.7624,4.6596,2.7399,2.8124,3.0011,2.74,2.7399,2.0056,5.5277,2.74,4.3182,2.0037,2.9549,2.7299,3.6407,4.0,2.7398,2.7401,3.3438,3.6736,2.74,2.74,6.4094,11.1052,10.9044,13.3182,13.6566,9.4934,4.6373,7.3982,4.0,8.403,6.3009,8.2414,6.1571,10.2338,6.2391,6.5458,7.9181,3.4207,5.8436,5.813,10.8427,4.8441,7.7096,8.5051,7.5149,7.8953,17.5146,10.0001,8.0288,3.0013,10.4976,14.8755,8.9281,12.4111,4.0,3.5,2.8805,11.6704,4.5605,2.7098,4.9785,7.223,3.3524,7.2725,3.5,6.055,2.7097,9.109,5.1331,1.9999,3.0015,6.8113,8.4272,7.6104,7.5009,10.07,2.7401,2.7401,3.0015,7.5476,5.5642,2.7013,2.6999,3.0302,3.5,3.3921,2.7401,3.5,5.0001,5.2818,4.0003,2.74,5.676,2.7098,8.4804,2.7099,2.0002,2.0001,2.7399,2.0062,2.7297,2.7098,2.0001,2.4924,2.0001,1.292,1.9936,2.0002,2.0002,2.003,2.0001,2.0066,2.0064,2.6799,2.7001,2.004,1.2529,2.0,1.0501,2.0,2.6441,2.0002,2.0,2.0001,2.0002,2.0002,1.7025,2.0043,2.0002,2.0002,2.0054,2.0021,2.0001,1.25,2.0002,1.5029,2.0001,2.0001,0.7853,0.4995,1.2501,0.2501,1.0041,2.0,2.0022,1.2536,1.6821,2.0,2.0001,2.0001,1.253,2.0,2.0,1.1154,2.0001,2.0003,2.0001,1.2974,2.0,2.0,2.0001,2.0001,2.004,2.4743,2.0005,1.0501,1.8828,1.2527,2.0001,2.8856,2.25,2.0001,2.0001,2.0,1.2384,1.4436,2.0001,2.0001,2.0001,2.0001,0.88,2.0001,2.0,2.6346,2.0002,2.0001,2.0002,2.0002,2.0002,2.0001,2.0001,2.0048,2.0001,2.0001,2.0,2.0001,1.15,1.3502,2.0001,2.0571,2.8727,3.0013,2.0056,2.7,3.0012,2.7002,2.7,2.1694,2.0036,2.0001,2.561,2.7001,2.6292,2.0051,2.2929,2.0001,2.68,2.0026,4.701,3.451,3.6701,7.7588,4.8776,2.71,2.7,3.7757,5.2942,9.6929,4.7005,4.0,4.0002,3.0005,5.3572,5.0001,9.6531,3.1123,10.2052,4.0,2.0002,10.1504,12.5274,11.5001,8.4527,4.1915,2.7109,5.4098,6.2413,5.9116,5.9905,4.5515,5.6493,9.5966,5.2101,6.5306,9.7301,9.3381,13.6794,9.4902,5.1446,4.0,5.8818,2.8949,6.3262,3.2463,3.2715,2.7105,3.0005,3.1996,3.4402,2.7101,2.8605,3.7875,4.0,3.5,3.0009,4.3747,5.9896,3.2813,3.0001,3.0007,4.7916,7.5002,4.0001,4.7101,2.0,3.0,7.9773,3.0001,18.1582,6.543,2.0,2.0009,2.0001,2.0,2.0,2.0,4.408,2.0,4.4086,5.3344,2.0,2.0,3.45,2.0001,2.0,2.0,2.0728,3.0296,1.9917,2.0,7.0536,6.0381,3.4159,4.7925,2.7002,2.6806
12,5.2291,3.3077,6.5755,15.2833,6.644,16.334,7.2697,2.7001,13.765,3.6525,6.9801,14.2052,11.1249,4.9734,5.5607,7.596,13.8762,10.8201,9.6899,13.2417,7.3945,3.0013,11.3876,5.7263,8.2943,11.3388,11.3025,4.0,4.0,11.8876,10.8313,5.4352,8.7924,10.8458,4.9704,9.5106,7.4809,10.2626,6.0634,12.0037,9.201,3.5039,3.0026,10.5423,5.0009,5.376,9.1238,8.2498,8.1708,3.0609,5.5171,7.9416,6.8875,3.5035,6.6409,7.996,5.374,10.3353,6.4279,3.5003,7.5432,9.3512,9.017,3.5,4.4598,11.205,7.6483,8.8119,9.5654,9.7152,10.0842,5.6811,12.0869,14.8857,9.5171,5.1796,10.0516,5.0001,8.2087,7.0166,8.2414,6.2067,9.9338,8.2421,7.0057,7.5034,4.89,6.0845,6.0355,10.6298,5.1728,6.0385,9.2549,6.405,8.2401,17.8916,9.6501,7.8189,3.5,10.9362,15.4237,8.3869,12.4976,5.8247,3.5,3.2936,9.4452,6.7952,3.1793,5.6319,5.985,4.6862,9.7177,5.4041,5.6368,5.6465,8.9767,7.3018,2.74,3.1814,7.6211,8.3547,8.6064,10.5283,6.8932,2.7426,2.74,5.8895,8.6059,7.3276,5.8161,4.756,3.5032,4.0,3.5022,2.7401,4.0001,4.4871,6.1932,4.4342,3.5896,5.7748,2.7098,10.9026,2.74,2.0053,2.0001,1.9999,2.0,4.0402,4.6195,2.6999,3.857,2.8656,0.7196,2.7341,2.3941,2.0892,2.7,2.0027,2.6798,2.5,2.68,2.6999,3.0019,2.0001,2.0038,1.9373,1.6405,5.1915,2.0027,2.2751,2.6443,2.0049,2.0001,1.7027,3.4025,1.7027,1.8411,2.7,2.0004,2.796,1.4999,2.0002,1.0048,3.0028,2.0002,2.0001,1.0029,2.0,1.6297,2.0,2.0049,3.7553,2.0026,2.0002,2.0,2.0001,2.0001,2.0001,2.0,2.0002,2.0,2.0001,2.0031,2.3834,1.6433,2.0002,2.0007,2.0002,2.0038,3.2204,2.7076,3.0012,1.503,2.0002,1.9509,2.0001,4.1538,2.7001,2.0001,2.0042,2.0002,2.0001,2.0001,2.0002,2.0001,2.0001,2.4378,0.7495,2.0001,2.0001,3.0725,2.3099,2.1197,2.0046,2.6947,2.0002,2.0001,2.0046,2.4427,2.7001,2.5938,2.0001,2.0002,1.0489,1.13,2.0001,3.0013,3.0014,3.0013,2.0056,2.7,3.5812,3.2375,4.4917,2.0059,2.0051,2.0033,2.7,3.0013,2.7001,2.5677,2.7001,2.0001,2.7036,2.0035,4.6512,3.1623,3.5766,6.6832,6.3674,3.2029,2.7001,5.0005,5.0015,8.9311,5.0007,5.0001,4.0001,4.0,6.5178,5.3668,8.7001,3.2244,7.5001,3.0006,2.0038,9.1777,10.3591,9.5025,8.2627,5.1304,2.7106,6.8456,5.2204,6.2377,8.3713,5.9194,7.6444,8.7541,8.1433,6.6075,12.382,11.7385,8.467,10.4279,6.2505,3.5696,11.9518,8.1552,11.7404,9.0937,11.4924,4.0,3.117,10.3969,10.4208,2.7001,9.99,8.2,3.0001,6.5354,8.2,8.8041,9.0001,3.5,3.0007,3.8477,6.0719,9.2395,6.3556,8.2579,3.0578,8.8492,6.7483,5.9368,2.0001,9.9636,4.9855,4.958,4.6024,3.0001,2.0,4.3002,10.7144,7.3741,12.8098,9.8877,4.0,3.0001,11.0634,6.9723,3.972,5.5181,5.1094,5.2134,2.0,2.0001,5.8282,9.9299,7.166,5.8325,3.5,2.7007
13,6.4806,4.0375,9.2403,21.8295,8.8348,20.7603,12.2003,3.6649,14.5879,4.0001,8.503,19.4388,13.2081,8.21,8.0,13.4703,12.458,12.5482,9.4161,12.2718,8.9894,2.7408,16.4117,8.2113,8.6614,12.4834,8.6232,5.8833,4.0,9.3464,12.4891,5.5317,9.6769,12.1564,6.3111,13.0038,8.3289,9.5213,5.8788,12.2034,9.8115,3.5037,3.5001,9.2787,5.0008,8.6153,7.8145,9.4141,10.0019,3.0027,3.5484,7.3723,4.6448,3.0043,3.8944,9.1688,5.8772,8.0099,5.2253,4.8914,5.9357,6.886,10.4916,3.7947,7.3544,8.651,8.8251,6.8811,7.3334,11.0721,10.1253,7.4941,11.7098,14.443,7.2172,6.3317,13.1338,5.0001,7.0916,5.1474,6.0928,3.0027,8.88,7.9617,7.8223,7.4084,5.7647,6.3674,5.5858,11.7686,7.922,6.2342,10.0657,7.6067,8.1498,12.3896,7.5341,4.1451,4.0,6.9667,12.6374,5.8479,10.967,8.1857,4.0,6.8543,12.3279,6.9978,8.0673,7.9395,8.8603,8.7711,12.3624,6.7218,7.7565,8.4576,9.3143,8.4635,3.5001,6.1511,7.737,11.079,9.9318,11.7742,10.2774,6.2599,3.0018,8.9581,9.6721,8.125,9.148,7.1487,7.702,2.74,4.8343,3.0012,9.4036,4.5082,5.236,5.2741,6.7699,6.6098,2.7011,10.0036,3.0017,2.6999,2.6223,2.0045,2.74,7.7839,6.0144,2.7099,8.8925,6.6222,2.0001,4.0797,3.5357,2.7099,5.8461,2.7006,2.0048,2.0001,3.2671,6.5478,4.6563,2.8823,3.2591,2.0,2.0,4.9825,5.1035,2.5537,4.0834,2.8774,2.8702,2.7403,3.4803,2.7209,2.0001,2.6999,2.7099,6.5316,1.4936,2.2423,2.0002,5.4286,2.8458,2.0002,2.0,2.0002,2.0001,2.4585,2.6608,4.8675,3.0011,3.0001,3.0019,3.0001,2.0002,3.0022,2.0002,2.0001,2.0002,2.0006,2.2358,3.9392,2.0002,2.0002,3.154,2.71,2.0048,3.8858,4.4658,4.0796,2.0002,2.0002,1.5526,2.2093,5.3957,2.8547,2.2634,3.0013,2.6309,2.0048,2.0001,2.7001,2.004,1.623,3.2001,1.7037,2.5922,2.0001,4.0848,3.0788,3.2192,2.7002,2.7001,2.4121,2.6404,2.7001,3.0014,4.0777,4.6289,2.7001,2.6572,2.0049,2.0001,2.0002,4.1732,3.1208,3.7999,2.7,2.7,4.238,3.1419,4.9965,2.7001,2.7045,2.3912,2.7101,4.541,2.7002,2.7001,2.7001,2.0032,3.5024,2.2501,7.0275,3.9779,3.5884,3.4251,3.5953,5.3136,2.7001,4.9166,5.1443,8.1036,5.2993,4.8114,6.6986,4.0001,5.5729,6.4585,7.8311,4.1621,7.4829,4.0001,2.7003,7.2411,8.5625,7.8677,8.5152,4.8218,2.7001,7.5965,7.2525,5.3479,6.4001,6.8804,7.9632,10.4843,9.6256,5.0872,8.3185,8.4207,7.1274,9.99,5.4028,4.0,12.5902,8.0365,9.357,6.9978,7.6096,5.209,4.0,8.593,6.0218,3.0005,8.9325,6.582,6.6124,5.7022,8.2652,5.9739,9.4284,6.9923,3.6165,8.2562,7.5205,10.2595,4.5468,10.5928,3.0003,8.2844,7.428,4.4653,9.1263,11.8443,4.6352,7.9051,6.4307,3.6601,2.0,7.7874,8.5452,7.6894,11.4188,9.9178,5.7958,3.0001,9.0,6.9561,6.2354,4.7145,4.4139,7.6092,2.0,2.0001,5.6088,13.8118,8.3607,6.146,7.0582,5.1859
14,7.4158,5.437,7.4027,15.4519,5.2898,16.963,9.8267,3.1949,7.2221,3.8021,5.2455,11.6527,9.4584,10.1238,9.3302,10.6801,10.3409,9.5022,6.7989,9.3237,11.4192,3.8003,10.0638,6.7568,6.1685,11.2375,6.9066,6.1108,4.4097,8.0002,8.4323,5.3103,7.5655,10.8554,8.0694,12.8641,4.9589,8.4693,6.277,9.3094,8.0001,3.5041,4.8241,7.1886,3.1767,7.1136,8.3067,8.6332,10.6896,3.7548,3.8598,6.8587,6.45,3.3131,2.9425,10.1015,7.9568,7.7027,3.7384,4.3196,5.6308,5.518,9.5297,5.1263,7.7731,10.7658,8.5842,9.1441,9.7826,9.8063,10.6556,6.7152,12.7812,11.0346,7.6347,5.7841,13.22,5.0001,6.1942,6.7405,9.1549,3.8553,8.3861,6.5906,6.9608,10.0408,6.8288,5.0012,5.4234,10.157,6.8917,7.5959,10.6609,8.0302,7.866,10.7299,6.8376,7.1307,5.3002,5.4175,14.0496,6.7388,10.4703,7.4494,6.5277,5.7508,11.2573,8.913,10.1959,7.5248,9.6968,10.7777,13.6245,7.7653,9.1717,7.5002,6.6357,8.7327,4.6233,5.9559,6.3496,13.4443,7.7311,9.633,11.9762,10.7389,4.0,4.4025,10.1961,8.6922,9.5155,7.5811,7.0155,2.74,4.4339,4.8491,8.2412,5.4556,6.838,8.2401,12.1556,4.2672,2.7098,11.3078,2.7401,3.5027,4.873,2.7398,3.2259,6.7158,6.0708,5.9989,9.0021,5.9675,2.7449,4.0613,4.0146,3.16,6.2713,3.4174,2.2499,2.6996,5.9038,7.3669,5.7815,3.6559,4.1253,3.8491,2.6999,5.7668,4.7789,2.7099,5.2144,2.6999,3.1603,3.2046,4.4427,2.7209,2.7,2.6999,3.22,5.2801,2.0001,3.305,3.0296,6.2303,4.4405,2.0001,2.0001,2.3568,2.7,2.7005,3.1014,6.8748,2.74,2.7296,3.9061,3.9346,2.7001,3.3482,4.9366,2.0002,2.7401,4.437,3.337,5.8386,2.0027,2.0038,4.0381,3.743,3.604,5.663,5.8007,5.8622,2.7772,2.6165,2.0002,2.7,4.6121,3.9139,2.7032,5.5356,4.5417,3.8849,2.7002,3.7719,3.6209,2.829,5.2484,2.8317,4.5095,2.0005,5.9922,5.4319,4.4701,2.7001,3.0014,3.1518,3.309,3.0014,2.7001,3.5025,3.668,2.9523,4.1178,3.0013,3.2735,2.0036,2.4849,4.0457,3.0014,2.7101,3.0013,5.0007,4.3827,6.7157,4.0978,4.1302,2.7001,5.0007,4.538,2.7001,2.7101,3.6021,2.7002,4.5668,2.7002,8.409,4.1414,4.9497,5.3658,4.5483,4.9087,4.0,5.2039,7.2256,8.2317,5.577,4.2611,6.8519,5.3466,7.6856,6.9602,8.0914,6.0568,5.2284,5.7922,3.4467,8.4329,10.8313,8.8646,9.6012,12.0091,3.7547,7.6483,7.2653,5.506,9.1152,7.8375,6.5605,11.8447,6.2346,7.0006,8.1123,9.7927,6.6029,11.6063,6.1662,3.816,8.5675,8.1292,6.7096,7.0711,5.9476,6.7164,8.0154,7.4113,4.3385,3.0006,8.0825,4.8077,3.0006,6.3869,6.2757,4.2081,7.9887,6.8851,3.1852,7.008,8.2023,9.6347,4.1713,6.2068,4.7,3.6091,8.1251,5.4911,4.2289,9.0,5.3573,6.4084,5.3661,5.76,2.0,8.064,7.9068,5.2807,6.1794,7.3121,7.1616,3.0002,6.3596,5.6835,5.3979,4.2631,4.315,5.692,2.0,2.1682,5.1018,9.5308,6.7204,5.7655,6.6329,4.7531
15,7.5875,10.2756,7.4582,15.4249,8.6637,19.3516,10.53,2.7317,4.0793,4.6161,4.4603,11.9121,11.1393,11.5375,11.7881,11.3518,11.7528,8.1618,6.2183,8.1363,12.9339,5.3426,7.3541,5.535,8.132,10.4621,5.4094,4.3141,3.932,8.0003,11.2258,5.8392,8.8807,11.5726,10.1222,15.5631,6.926,9.6179,9.4838,8.6529,8.8308,6.7578,4.0422,9.5113,4.6455,10.1124,10.1938,12.3675,11.6613,6.6848,8.523,7.9891,7.944,4.3377,4.3176,13.4758,10.8111,8.0,6.2781,5.9026,7.8173,5.4897,5.0555,6.0239,8.0001,10.5886,9.3431,10.3847,10.7263,12.1994,6.0286,6.0531,12.5426,9.6139,8.2788,4.4705,11.2227,5.0001,8.0001,7.4447,6.2606,3.0,9.7893,7.7624,5.6119,7.7357,7.0744,5.9116,6.5472,10.2655,8.9773,7.6275,9.9576,8.3008,8.4739,10.9739,5.4269,7.5208,5.3671,5.4814,14.3568,6.7296,9.8368,12.9012,6.8618,6.5828,12.8593,11.022,7.8915,8.2872,9.2524,10.1084,10.5229,9.6468,9.1878,9.1577,4.919,9.9657,4.4225,6.3998,8.8211,9.9273,7.4973,8.8472,10.2714,11.0431,5.7289,8.5985,9.56,9.6864,9.7323,9.152,5.5416,3.5021,6.4994,5.8556,6.67,6.5398,7.002,6.4458,9.4855,5.3639,2.7299,10.3139,3.5024,6.6626,5.8384,2.7399,4.9642,7.2616,6.6583,5.2453,11.8283,9.5873,3.0024,6.3262,6.4023,3.4769,6.0417,5.3193,3.6471,4.8788,6.7107,6.4784,7.9977,6.7244,4.4128,3.5001,2.9644,5.1274,4.5769,3.5027,4.9476,2.7107,4.3158,4.5225,6.5685,4.5932,2.7,4.371,5.0009,6.6315,2.7279,3.8464,5.4627,6.6074,5.5036,3.66,2.0003,3.0016,6.2255,3.7689,4.2898,6.7822,5.8355,3.9902,5.481,3.9512,3.6446,6.7557,5.965,5.9084,4.9274,4.538,6.9262,5.6218,2.7007,5.0968,6.9032,5.6667,4.7822,7.976,7.7082,6.7205,4.6376,4.7879,2.3504,2.9424,5.476,5.2526,3.5026,7.3184,6.4489,4.2063,4.0537,5.3514,5.7699,4.6942,5.6727,3.9476,6.3015,4.5531,6.9766,6.558,7.0439,2.7001,5.1957,4.7174,3.0279,3.7337,3.2831,3.6329,4.8012,3.7309,3.8356,4.8393,4.5706,2.0048,3.5014,3.977,3.6653,3.0014,3.0013,5.0007,6.1422,6.8692,4.7264,5.0007,3.5594,4.0348,5.4414,4.0541,5.1496,2.7002,2.9439,6.8845,4.7568,7.8777,6.3031,5.2124,6.5907,7.6701,5.3605,4.4636,6.4409,10.2518,9.8768,8.7207,7.9243,8.0301,6.6295,11.6863,7.3288,7.8813,8.0414,7.2643,3.811,5.2378,7.5536,9.1404,9.8994,9.183,11.5607,4.492,7.4731,6.955,6.8077,7.1954,7.0466,5.4832,8.2802,7.065,6.0926,7.0086,9.2715,7.4091,11.8885,7.5021,5.5509,9.402,6.6796,6.7124,7.3372,7.0297,7.478,8.0964,7.8003,5.4585,3.0006,7.3273,5.5465,3.0006,6.2097,5.1809,7.4453,8.2503,7.9834,6.0123,6.946,8.1023,9.7206,5.8091,6.2335,4.7,4.587,7.9295,5.3481,3.0001,8.8187,4.7099,6.537,3.5948,6.6703,2.7961,6.7,6.8387,4.9791,9.5576,9.0,8.3095,4.9816,6.3539,7.3747,7.1885,5.8998,6.0736,6.4,2.0001,3.0003,5.7112,10.3153,7.0708,4.99,11.1629,8.6885
16,5.7607,15.2181,7.1433,11.5212,6.7125,17.1388,8.9456,2.8295,2.7001,5.2576,5.2139,10.8752,12.1,13.8595,10.6859,9.8149,12.4622,8.205,7.1527,6.6895,12.3549,4.1624,6.4012,4.777,6.5446,10.5499,4.7859,2.7401,3.6461,6.5257,11.5332,5.391,8.9676,11.413,8.2404,14.8382,4.2657,9.6748,7.9796,6.4631,8.0,11.2032,3.1189,6.0283,3.5,8.7735,10.0643,9.8333,10.6561,3.8405,3.3011,8.2054,6.7091,4.4022,4.2054,9.3958,8.1813,5.1299,5.0658,3.1909,4.4083,2.7403,2.8033,6.4308,8.3187,8.4178,7.0151,9.3125,11.0683,11.6681,3.4357,7.4696,12.5028,8.5947,6.6306,5.0556,10.6341,5.5232,8.4779,8.3861,8.2058,5.9408,10.924,8.6244,4.8626,10.2805,6.9032,6.7932,7.3069,8.9521,9.2508,7.1555,10.8299,7.2568,8.2401,9.6459,4.7307,8.6037,5.8178,6.4382,12.6937,7.0502,10.6799,8.1606,3.5001,8.2477,12.4736,11.806,9.6788,9.1899,11.2746,9.0682,8.8012,9.7111,8.5431,10.2633,2.7109,9.9871,5.8228,5.3633,8.1681,10.0874,8.24,6.6069,9.3213,10.1185,4.0,9.7282,14.1797,8.2936,9.2088,9.2222,6.012,3.482,6.4949,5.0183,8.2401,6.4659,8.0434,5.8367,3.3315,5.1925,2.7299,7.1847,7.6021,6.829,6.1449,2.74,4.814,8.3165,6.3117,5.5062,10.8915,10.5115,2.745,7.961,8.1844,4.5547,4.5404,5.7305,6.9715,5.9069,8.3784,9.6706,6.9644,9.6123,4.8246,5.436,4.2561,6.0641,7.8878,5.4676,6.5861,3.5,4.8218,5.3891,8.3074,5.0013,2.7101,3.6163,6.5891,8.7398,5.0486,8.1842,7.4034,9.9631,8.0003,8.5641,4.9048,6.2482,6.2395,6.9907,7.7864,9.6718,7.0209,6.5788,6.5183,7.7148,6.8612,11.8361,9.4769,11.0168,8.3373,5.6767,8.7056,5.6881,5.3686,6.5709,6.3261,8.1276,6.7977,9.7212,9.0102,8.237,4.7814,5.954,2.7002,4.0622,6.7128,6.3381,5.1998,5.995,5.9923,6.132,5.4921,7.3358,8.0327,7.4118,7.6571,6.7504,7.4269,5.8257,7.6646,6.3137,4.7112,6.1306,6.5963,6.4011,5.6735,6.0263,6.691,5.7041,6.9124,5.7473,6.1988,6.4783,8.3181,2.1129,3.9785,4.485,3.8162,2.7,2.7,7.5591,7.7154,8.6602,7.1016,4.8584,4.4307,7.2835,8.7627,5.0007,7.8267,3.7863,4.2107,7.3846,7.7762,8.9763,10.7584,6.663,6.9082,8.6956,7.6094,4.4304,7.2698,10.3406,9.3668,8.6333,9.5249,7.9666,6.7809,11.6704,7.2817,6.8028,8.6904,8.7485,5.9636,4.7001,5.7187,9.7366,10.2303,7.4945,9.8019,5.7647,7.8364,6.0115,7.3935,7.3916,4.9062,3.6899,8.0,7.0766,4.6918,5.7193,7.5126,7.1608,10.8161,7.2294,4.8732,8.8644,5.606,8.021,7.1248,6.9224,6.9375,7.3514,7.7016,5.0982,3.0005,4.2863,6.2655,3.3511,4.2576,4.3408,4.0001,5.3218,5.76,6.6827,6.7628,6.9797,5.2506,5.0006,5.9543,5.6431,3.5974,5.9307,4.02,3.0,8.0,3.0003,3.5519,2.0773,5.8729,2.8288,5.0629,5.4495,2.7101,6.6065,6.9076,4.0766,4.2875,6.5237,7.5123,5.7378,4.9095,5.8537,4.7405,2.0001,2.961,6.2508,8.082,8.1253,8.6901,14.4543,11.9586
17,5.2214,16.1797,4.7371,10.2605,6.5414,11.9517,7.1846,2.7001,2.7,7.4657,4.2077,8.7672,10.9765,10.1642,7.5851,6.7291,12.6865,7.4531,5.9171,4.6893,11.639,3.3853,4.9479,4.2543,4.9917,8.5305,3.6862,2.73,2.8089,3.905,7.9456,4.8044,7.5302,9.2896,7.3282,12.8543,4.1011,10.8991,8.7108,4.7896,5.4272,7.1112,2.7448,6.8401,2.7299,7.756,8.23,8.7213,10.2291,3.0026,3.0011,8.1443,5.7826,3.3456,3.5693,7.4202,5.3337,3.7906,4.9575,2.7301,2.8117,2.7299,2.7407,6.1866,10.0696,6.7193,6.9555,7.9877,11.394,10.0135,3.1186,5.2316,11.3015,9.1188,6.8537,7.9507,7.45,6.082,9.4089,8.6583,8.9132,8.1723,10.7162,7.6225,3.8289,9.0187,5.4076,5.4817,7.064,6.8573,9.0808,6.9265,10.7953,7.0736,6.3281,9.8186,3.5133,8.8857,6.1466,7.8843,11.5331,6.999,11.496,8.7087,4.1627,7.2921,13.34,12.3718,9.3001,10.1848,11.7738,7.5736,8.5741,13.1124,13.4017,11.2626,6.6358,9.94,5.9192,5.7267,9.3589,12.1106,6.7727,7.977,8.4929,11.7325,4.0,12.4335,16.1496,9.8778,10.0379,9.0585,5.9119,7.3056,7.5537,7.4669,8.2401,7.8233,8.2693,5.5897,3.9436,7.8258,3.2212,8.1874,6.1738,8.401,11.7822,3.0022,3.6801,7.5718,8.8318,6.0508,11.3602,9.8736,7.1776,8.0992,7.2384,4.0011,7.1184,7.379,7.0209,5.9413,9.9474,10.2959,6.0941,13.6814,4.7069,5.3472,3.6463,8.6986,8.2663,6.0142,8.5286,4.2865,5.8338,6.7729,9.3277,5.5163,2.7,7.7835,6.936,8.339,5.9085,10.6182,9.6243,9.7119,9.7871,9.4947,5.4798,6.1472,8.9032,9.7965,11.5301,10.8446,10.0,9.5786,8.2399,9.2532,10.0658,15.045,12.121,11.3887,13.108,8.9956,10.337,7.9775,14.4774,8.1448,9.2119,8.9172,7.8883,10.1776,11.5319,9.6745,6.544,6.9634,2.7101,3.9971,6.4341,7.0147,5.9102,7.9006,6.7865,7.1769,5.4631,6.4057,8.0001,7.7732,8.3541,6.2044,7.8752,6.9512,8.0,7.5103,6.1345,6.6152,8.7598,7.6584,7.9729,7.1998,7.5273,8.0597,8.8917,6.83,7.0951,6.0913,6.8756,2.7,4.6381,5.1126,5.9421,4.7461,5.6384,7.231,8.3548,8.5411,7.4365,8.1742,8.7758,8.8488,8.2045,7.603,7.1672,3.629,5.8035,7.7347,9.99,10.4877,7.7667,8.4216,9.6883,8.6998,6.6477,4.5259,9.1154,8.1882,8.9463,9.2748,8.7402,8.3121,8.2095,10.9958,7.5714,5.3813,8.487,9.4943,6.3032,6.1845,7.328,11.2358,10.6732,6.9217,13.0924,7.2573,7.2852,6.4756,7.7788,6.4811,7.6405,3.4443,5.8582,7.9942,3.4953,4.0,6.7446,6.2953,10.0162,7.246,5.316,9.3376,4.1883,8.0957,7.3213,3.0204,5.7001,6.8351,4.0205,5.2002,3.0005,3.0006,5.5105,3.0011,4.6982,3.8729,3.0006,4.0,6.8428,5.8487,5.276,6.7652,4.3264,3.9051,5.3001,5.5069,3.0,6.4767,3.0,3.0,7.4529,2.0008,2.5711,2.0009,2.5622,3.0001,3.0,3.1672,2.0001,4.9127,5.1717,2.6359,3.8833,3.0314,5.9259,3.2836,3.5,4.3955,4.0812,2.0001,2.0001,6.7098,3.523,5.6879,5.3345,11.7906,11.2544
18,3.5869,11.9765,4.325,10.7437,3.5076,8.0004,4.5433,2.6999,2.7001,9.4087,3.537,8.1548,8.0,10.3346,6.8719,5.7887,11.5572,5.8747,4.8339,3.1308,8.2315,3.5,2.9341,3.4925,4.0002,5.822,3.5027,2.73,2.74,2.8601,4.558,5.4277,6.7875,6.2958,3.5001,8.24,3.5,10.1691,6.5438,2.73,3.4997,4.6629,2.7399,4.6132,2.6998,5.6271,5.3804,5.7473,7.4318,3.0026,3.5029,8.0112,6.1158,2.7399,2.74,3.9012,3.8892,2.7401,6.3836,2.7101,2.7101,2.7301,2.6407,5.6048,7.5015,4.177,3.949,6.7447,10.343,8.9681,2.74,5.6138,11.4064,6.8517,4.7199,7.0737,4.172,5.8561,12.2969,7.7582,9.1842,8.7704,10.5289,8.3029,3.5031,10.1118,6.0063,5.0009,6.0824,6.623,7.4203,6.8302,10.8636,7.4119,3.7406,9.5883,4.8305,7.936,6.2242,8.274,11.0612,8.0209,9.8294,9.9101,7.7569,7.6202,13.9015,9.8574,11.2368,10.1884,11.7422,6.9039,9.178,13.8461,15.6057,4.5472,4.4583,9.7891,3.0015,4.0296,7.9945,11.0396,5.591,8.145,9.3977,10.0242,4.0,12.9708,17.7713,10.4154,9.0724,9.2436,4.9221,5.8585,10.2619,10.9749,7.5747,7.6379,8.828,6.7572,5.5923,9.7283,5.6182,7.7502,9.4257,11.4157,12.7823,4.7222,6.885,12.0243,12.2522,9.2592,11.7426,11.6101,5.9684,8.0003,10.3552,4.8149,9.6742,10.7413,8.8393,7.0872,12.9135,8.7675,8.6574,15.193,8.3082,9.4529,3.5028,7.3555,10.3886,7.5722,10.2183,6.2819,7.7066,7.3053,9.6342,5.62,4.6248,9.9157,8.1194,8.7613,7.1058,10.3314,9.7924,8.5676,10.7501,10.5161,6.777,7.6901,11.3735,9.4613,9.5558,11.0134,10.9398,8.9156,10.4909,10.5073,11.1331,17.782,13.4028,12.8709,15.0906,11.87,14.8057,11.6655,12.3608,9.2637,10.4329,11.3694,8.5265,11.0788,10.5526,9.5062,7.037,9.13,2.7307,6.0988,8.5762,8.377,8.2929,7.9712,7.4928,7.5811,6.3911,8.3108,8.4163,8.2494,10.451,9.5822,8.0001,7.126,7.0301,8.3592,8.0847,8.4088,9.7001,6.9504,7.8448,8.3726,8.0107,7.9699,9.4276,8.9815,9.7101,7.3917,8.211,2.007,7.699,7.8199,4.5852,7.2791,8.7001,9.1924,8.7153,9.6327,7.1946,5.9,11.6957,9.2773,10.9234,7.7419,9.8124,3.014,6.4383,9.4564,8.5804,10.9647,7.8622,8.5951,8.8177,9.0831,8.5611,8.5305,10.0607,8.2217,9.99,9.4216,12.4826,9.7001,10.7861,12.5594,6.9264,6.8042,9.4197,10.1987,9.4958,7.9225,6.5409,11.4142,10.8999,6.0857,4.0,8.8304,7.4195,7.4265,8.0365,9.2889,7.487,4.1468,4.6112,4.4452,3.8872,4.3046,5.3122,7.4573,8.7057,7.3095,5.8962,9.0732,3.7523,7.4167,7.0979,3.0,5.9089,6.9358,3.0007,4.3267,3.001,3.0006,9.2516,4.064,3.0625,2.7,3.1098,3.7365,4.8639,5.8166,4.8004,6.0954,4.0001,4.0004,4.5275,4.7001,2.0,5.8968,4.2333,3.0001,4.3873,2.0001,2.0001,2.0001,2.0001,2.0,2.0,2.762,2.0,3.8613,2.4068,2.0007,3.0001,3.4013,5.3533,2.5742,3.0,3.7816,2.3772,2.0001,2.0,5.1695,4.121,4.0,3.5001,9.0011,4.6077
19,2.6999,8.3007,5.1786,9.6658,4.3756,7.3414,3.5022,2.6999,2.7,13.1861,3.5023,8.7872,6.9657,6.028,5.4405,4.4913,9.4109,4.2718,3.9726,3.0433,5.4229,3.5,2.73,3.333,3.5033,3.2056,2.7101,2.7303,2.7301,2.7,4.0,4.7774,6.2507,7.5748,2.74,6.0358,3.5034,8.662,6.2059,2.7,3.1798,4.6196,2.7399,4.1859,2.6998,5.409,3.9073,4.1329,5.149,3.0026,3.2629,7.4717,6.2705,3.0001,2.74,3.368,3.5694,2.73,6.8853,2.7101,2.7,2.005,2.3607,6.5301,7.5636,4.0174,3.431,7.3001,10.8588,4.7104,2.7401,7.2969,9.6869,4.6219,4.8637,8.1084,3.6985,6.3937,13.7655,8.779,9.1834,9.1286,8.6812,9.5112,4.5735,9.3947,4.8858,5.0009,6.5994,5.8239,6.7011,6.2282,11.2565,8.2616,3.7211,9.7137,4.7807,8.2298,8.2056,9.3578,10.9491,8.1649,9.2602,12.0313,8.307,8.094,12.8874,8.0268,12.1537,9.8592,11.5861,6.7573,7.2675,14.9528,14.039,6.0169,4.3259,9.7333,3.2481,4.2066,7.6408,10.7896,6.4786,6.5058,9.4687,12.1139,5.4914,13.1315,14.4768,8.8205,7.1644,9.1466,4.1516,9.4495,12.0884,11.3144,8.4944,7.7765,9.6407,5.8665,7.4384,12.276,3.448,8.5533,10.5356,12.8664,12.2332,3.1429,6.2276,11.4765,10.6516,10.443,13.847,14.1878,10.057,11.0535,11.2595,6.3527,9.2529,11.1126,7.1921,7.6614,10.7112,7.1171,9.3191,14.7162,8.9917,10.0967,6.5431,9.589,10.1133,8.7494,10.0852,5.9299,10.0858,8.3639,11.831,5.9767,9.2148,12.3607,16.1293,9.6781,9.1793,12.2828,9.7078,12.2988,16.17,16.4248,8.2482,9.7161,12.658,10.9021,12.2584,11.8805,10.031,9.8963,11.0221,9.9967,10.2437,18.0307,16.2903,14.2502,18.8184,11.5315,12.6953,10.9468,12.7803,12.3746,10.7602,13.4196,9.7547,10.9102,11.2121,9.7402,7.9205,7.1585,2.7306,6.8522,7.3225,8.6877,7.7181,8.0,6.898,7.4174,6.3677,7.3602,8.9537,9.0124,10.4844,8.4772,8.2315,6.3267,8.0,8.0,6.334,7.7205,9.7101,7.804,8.0985,8.8097,7.7027,8.6834,11.0843,9.0168,9.8094,5.6771,8.0706,2.0009,5.53,7.9658,5.0527,8.2545,7.9164,7.9244,9.2701,11.004,8.8718,7.6474,9.95,10.4569,9.7301,7.9887,8.6331,4.581,8.2655,9.7635,9.99,12.2668,7.4191,7.8926,7.7306,8.8777,8.3296,9.6382,9.5055,9.9256,9.8364,9.9524,12.7884,9.1403,11.19,14.1809,7.7815,4.8834,10.0419,12.0046,12.3564,4.5413,4.8908,10.3412,12.2776,6.4567,11.032,10.3888,6.6822,8.7171,8.3835,9.7453,7.8932,4.3649,3.7028,3.3541,4.5398,2.7658,4.0788,8.358,8.3675,7.4301,6.134,8.3761,3.3153,5.8882,7.5877,3.0001,5.7204,7.5199,3.0005,3.0005,3.001,3.0008,10.4408,3.7728,2.7,2.7,3.0006,2.9138,3.0009,4.8774,3.5692,4.5851,4.0001,4.2228,3.6184,4.5446,2.0,4.7861,3.3747,6.6215,5.0,2.0001,2.526,2.0,2.0001,2.0,2.0001,3.0,2.0,3.0002,2.2492,2.0,2.9471,3.0003,5.784,2.7009,3.0,3.1305,2.0003,2.0,2.0,4.1677,2.5517,4.1683,2.806,7.3327,3.5515
20,2.7099,7.0741,3.5042,7.7214,3.5001,5.4919,2.79,2.6875,2.7,12.5262,3.0104,7.5006,5.2379,5.1868,4.4113,3.3476,7.7744,2.7001,3.8254,3.3932,4.9652,3.0018,2.74,3.5025,3.504,2.7349,2.7102,2.0002,2.0005,2.7,4.0,3.1359,4.7549,5.6243,2.74,3.7997,3.0014,8.1513,5.3867,2.73,3.0478,4.3217,2.74,3.1993,2.6999,5.1636,3.5046,4.1445,3.504,2.8917,3.0012,8.065,7.6865,2.74,3.0012,2.7402,3.0017,2.7299,5.6684,2.6999,2.4385,2.0001,2.7401,6.4352,12.7217,4.0001,3.6679,6.9306,8.4362,3.5567,2.74,5.4959,8.5727,3.351,3.538,6.7737,3.9602,5.4314,13.73,9.376,7.2406,9.0274,7.5715,9.5466,4.0357,9.9764,5.4685,4.4834,5.4226,4.7216,5.9053,5.7248,10.0798,6.6469,3.0838,8.8849,3.5692,8.6173,8.4403,9.4088,9.5358,7.6474,11.8606,9.7805,9.468,7.969,12.8366,9.6176,13.4854,11.5289,11.7183,6.7223,6.8195,14.9934,14.0063,6.228,3.2187,8.6939,4.1276,5.1734,5.9802,8.7056,3.0026,6.0314,7.5881,12.246,6.5348,11.7769,12.1461,9.1938,7.4425,9.0119,4.5868,10.9971,14.9131,14.6797,11.2669,8.7289,9.003,6.6253,6.8968,11.9824,2.74,8.8234,11.7891,14.7005,9.3937,7.595,6.7797,14.4209,8.3798,10.2176,14.0535,13.3855,10.1755,12.6628,12.4914,8.2379,9.5146,13.2082,9.4341,11.9089,13.7076,10.3387,13.4155,15.9578,11.0449,13.299,8.206,9.7818,11.7996,10.5989,11.8148,7.2329,10.6395,9.3091,14.0481,6.7914,10.6942,14.3791,15.7625,11.9092,11.2662,12.6528,11.9329,16.2323,18.8816,20.3917,9.2737,10.5861,16.7236,12.6051,13.6777,15.5518,14.5817,12.4957,10.8241,11.8163,14.4896,21.5562,22.8177,20.3194,23.9051,15.5724,16.7983,10.706,14.8322,14.8879,12.1406,12.9863,10.8687,16.0682,17.561,15.2291,9.2815,9.1242,5.8445,7.8993,8.5099,9.8353,12.5074,13.0966,12.3476,8.3045,7.8183,8.1276,11.5971,8.0103,16.0385,12.8356,12.6901,9.12,9.893,12.3355,8.063,9.0976,8.2641,8.0592,7.5341,9.0213,8.9017,11.3281,15.0661,10.6954,9.587,7.7025,11.3635,2.6151,7.3723,7.8008,6.163,7.8549,8.7475,10.4126,10.298,15.443,9.9172,6.0212,11.9465,10.1301,12.3348,11.2515,12.7862,9.7037,10.6321,9.99,11.5284,16.8486,8.71,8.7825,8.2429,9.5121,9.7125,9.579,9.4386,11.3705,9.99,10.2872,12.6424,9.4822,11.091,13.5487,9.0074,6.5031,10.0385,11.5429,10.6778,4.7,4.709,11.1409,11.9255,8.1652,7.5732,10.723,7.7616,5.798,9.475,9.2389,11.3245,3.0006,2.7002,2.7001,4.4761,3.8362,3.6885,8.572,7.3628,7.6382,6.7277,6.7276,3.0005,4.701,6.2192,3.0004,7.0493,7.5002,3.0005,3.0005,3.001,3.0006,14.3049,4.0001,2.7,2.7,3.0006,2.7,2.9759,5.0451,3.5265,4.3528,4.1237,4.6126,3.4482,4.6807,2.0,4.0783,3.045,4.827,3.3013,2.0001,2.7816,2.0007,2.0,2.0,2.0,2.145,2.0,2.5654,2.0001,2.0,2.7357,2.9621,5.5383,2.0001,2.0001,3.0001,2.0001,2.0,2.0,3.0724,2.0005,3.9136,3.5,6.8266,3.0535
21,2.7099,12.3742,4.2751,6.4046,3.6574,4.8062,2.71,2.6999,2.7,10.187,2.6999,5.4664,4.7953,5.234,3.8111,2.9435,6.8302,2.7001,3.7143,3.5027,4.3857,2.948,2.73,3.0018,3.7477,3.7729,2.71,2.0,2.2373,2.7001,3.5,3.0293,4.5232,3.7133,2.7398,3.5812,3.0014,6.879,4.8797,2.6999,3.0019,3.7121,2.7397,2.7302,2.2737,4.315,3.5044,4.1023,3.6946,2.7401,3.5001,8.2365,8.8775,2.7399,3.1773,2.7399,4.0073,2.7401,5.0603,2.7101,2.4984,2.0001,2.7401,3.9999,6.4372,3.5,3.5043,6.8917,5.8079,2.743,2.73,6.8611,9.0447,2.74,3.6167,6.558,4.2115,8.1733,15.3758,7.4413,5.3316,10.1467,7.692,10.7644,5.9829,9.0657,5.4586,5.8088,7.3564,6.3547,7.3596,7.7382,12.3694,4.6254,3.8293,8.4572,3.3323,8.7534,9.7807,10.5794,7.4994,7.0814,10.7571,10.3281,9.8484,8.3464,12.662,9.3262,14.83,11.0342,10.5044,8.0988,8.15,15.0613,16.329,7.2254,5.3003,9.1907,4.3984,5.4218,5.9006,10.5128,4.5586,5.0924,10.1692,15.5667,9.5442,17.0213,13.0842,9.4197,7.1516,8.8242,5.4346,13.4031,13.9174,15.9755,14.3472,10.1463,8.7678,7.4666,7.3835,12.1752,2.7401,11.579,13.1653,15.8651,9.2183,9.9037,10.4692,17.0675,9.2318,12.1776,16.1548,14.9266,13.9247,15.5937,18.8585,8.8663,14.1197,14.1872,10.1009,12.7275,10.3197,9.9184,16.2053,16.1839,10.3292,12.8703,9.9238,14.7214,10.9908,10.1755,11.4485,7.2164,11.1798,10.3875,15.5014,4.93,11.9152,14.7778,16.2722,12.4727,14.2613,16.2225,18.1637,20.1106,23.0633,21.8012,11.1012,12.4227,15.5827,12.7796,14.4527,14.4873,12.9728,13.1271,11.8948,11.0787,14.3338,18.5767,20.6336,18.3224,25.3475,18.5725,16.8783,11.1328,15.8411,14.2969,13.2515,11.0405,10.9051,12.6635,13.4682,12.7579,6.9871,9.4359,7.3116,8.2202,7.6617,9.7278,13.2499,12.0316,11.3881,7.3576,7.8817,8.0493,9.7075,9.5953,14.3461,12.0421,9.8308,8.4435,8.9796,12.0585,9.5241,9.384,7.8644,8.0,9.3577,9.9669,8.8739,12.6852,15.1702,9.8506,11.9116,8.6731,12.5956,3.0014,7.9178,8.0781,7.8138,9.5776,9.3747,10.0509,10.2748,16.8326,9.99,6.3437,11.4858,11.621,13.3898,10.8984,14.5431,11.8335,14.1254,9.892,17.602,13.6511,8.2138,9.0923,7.4355,8.9171,10.8457,9.3017,12.8831,12.1837,9.99,9.8261,9.99,9.99,12.3806,10.2675,8.8627,6.5467,9.0443,10.9473,10.1121,5.516,5.206,10.0572,12.379,9.1142,8.6649,10.9619,8.1677,5.048,6.4002,6.3401,10.1495,3.0006,2.7002,2.8252,3.8002,2.7001,4.7504,9.4224,7.9021,6.6667,6.7826,7.143,3.0005,4.352,5.1206,2.7,5.5663,7.4571,3.0005,3.0005,4.7875,2.7002,15.837,3.7072,2.7,3.0009,3.1274,2.7,3.0,5.6467,3.6886,4.1499,3.9241,4.8621,3.2236,4.1529,2.0,3.569,3.0,3.0001,4.2229,2.0001,2.5518,2.0001,2.464,2.0001,2.0001,2.1238,2.0,2.3649,2.0,2.0,2.8976,2.0008,4.4382,2.0001,2.0001,2.6641,2.0,2.0,2.0,3.2026,2.0,4.2378,4.0294,6.8061,3.0206
22,2.6999,10.9872,13.2586,7.866,6.2383,5.7189,2.7407,2.71,2.0041,10.0022,3.8269,4.4341,8.0,8.0306,4.5891,3.5134,8.5376,2.9357,5.7041,3.5028,5.3156,3.0017,2.71,2.7144,3.8396,3.9953,2.7101,2.0675,2.7408,2.7101,4.0,4.0922,6.8733,4.6201,3.9081,4.0022,3.5,5.5479,6.274,2.6999,3.0019,4.5953,3.1093,2.9262,2.3234,6.5268,3.0024,3.5037,3.5627,2.7456,6.7134,7.3161,7.7882,3.4272,3.2668,2.7399,3.5749,2.73,3.2769,2.9914,2.7099,2.0001,2.7399,4.8785,6.1664,3.3098,4.3624,8.0626,5.8752,2.7428,2.74,10.3698,8.4732,2.74,6.0592,6.2514,4.4065,8.008,11.7322,8.7012,4.1617,5.9675,6.3245,11.0301,8.313,8.6864,5.0006,5.2529,9.676,5.6025,6.0916,9.5801,9.7404,3.629,7.251,9.3475,4.0,8.4972,9.3066,11.5054,8.5178,7.2588,10.0285,7.3754,8.5551,8.2767,12.0528,8.3257,10.713,9.1867,9.4891,10.2287,7.934,13.3977,15.3192,8.9234,5.0431,7.7911,4.5747,6.1468,6.1859,10.6769,4.316,6.0484,10.1888,14.7579,11.0915,14.7465,12.9865,10.9147,5.1706,8.6133,5.5301,13.4635,12.2059,12.2939,16.5848,8.4404,7.9825,9.9331,8.5641,12.4441,3.595,12.94,12.3652,13.52,7.6491,11.1983,11.2561,14.2292,6.8166,9.6235,11.6772,13.3473,14.3354,11.927,11.7251,7.579,7.4628,9.7553,6.8258,10.6727,8.2972,8.2033,12.8687,12.7245,7.7274,9.1718,11.1369,11.8054,6.5451,7.7887,8.2916,8.2336,11.5761,10.2349,12.4447,4.1089,11.0702,12.2456,10.9811,12.5515,13.5427,11.6531,13.1916,13.9568,16.3881,11.9136,9.3779,8.4011,11.2335,9.4729,10.3756,13.0319,10.6038,11.9898,10.3207,8.4174,12.4014,13.8093,11.4722,12.5939,19.9484,16.8035,12.4213,8.2523,13.2017,9.3316,9.6154,9.8503,8.4171,12.1201,11.4743,9.9414,6.1966,7.1622,6.5647,6.7794,6.7439,7.578,7.4978,6.7377,7.5907,7.5944,8.5089,7.471,7.1547,9.6019,8.2434,7.5964,8.0,6.5474,6.0424,8.0,8.5332,6.4808,8.2175,7.3976,9.3856,9.4867,7.896,9.8406,11.3955,10.013,12.6195,13.5859,9.6234,3.5424,7.4148,7.6355,6.0547,8.2048,9.9123,8.1563,9.2943,12.2292,7.3816,4.9565,10.9015,10.2665,9.5169,6.7733,6.2548,7.3644,7.2273,7.2244,10.5855,9.8925,7.9683,8.142,7.485,8.6139,10.0929,9.6768,12.2104,10.0789,9.5622,8.5376,9.1415,9.7101,12.4813,5.4753,8.7889,6.7514,9.1195,9.034,8.0553,7.9457,4.71,9.2797,11.0581,9.305,11.6412,11.1668,8.6545,8.8368,6.5883,4.6902,8.2,4.5853,3.6727,3.9506,5.2906,3.5454,3.8571,9.4672,6.3952,5.0725,8.4936,9.1411,3.5654,7.4745,5.8144,3.0004,7.5562,7.7311,3.8524,5.1817,9.7536,4.0001,20.9886,2.7001,2.7,3.5806,3.0006,3.0,3.2004,7.2336,6.3953,5.4372,4.1954,4.7001,4.6681,6.9444,6.1507,5.6765,3.0,4.0003,10.1027,4.7552,7.0222,3.513,4.3331,4.4451,4.1256,5.5841,5.3354,5.0,3.0001,2.0001,5.1453,4.3186,5.9794,2.0589,3.5,5.0047,2.001,2.7011,2.0,4.2938,2.0007,6.5873,7.1937,9.8952,7.131
23,3.5031,19.085,21.9702,15.6359,16.1272,14.032,7.2728,8.2307,4.6239,15.172,8.8455,11.3524,14.644,12.4211,11.0486,16.9728,13.4544,8.8106,13.2424,8.0003,15.1702,15.5852,2.7301,3.4138,10.2992,11.2122,7.9975,4.0455,11.5943,5.5211,5.4604,9.811,9.6602,7.8576,9.6149,8.24,3.406,6.5637,9.5073,3.0619,3.5042,5.3295,8.3281,5.227,2.7298,7.5067,3.0019,3.5036,3.8175,2.7401,9.12,6.1549,8.0,2.8119,3.6431,2.7407,4.8798,2.74,3.5001,4.809,4.8295,2.0001,2.7401,3.9999,7.5314,6.0751,6.601,7.3277,9.2328,4.4672,2.7401,12.6754,10.7999,4.6494,5.0218,6.6994,6.5321,7.2999,10.0417,6.7653,3.6,3.9847,6.0589,11.7568,7.0838,6.7436,3.0016,4.3984,11.8151,5.5814,4.7447,10.2628,12.1606,2.8162,8.0702,11.6534,3.5297,8.1819,9.7237,12.1563,6.92,6.1432,9.0328,6.0528,7.5871,8.0258,11.016,9.3873,9.0826,9.2914,6.5275,9.5268,6.0105,12.697,12.8588,9.6192,3.9073,5.5808,4.0,6.4834,9.7917,9.4337,3.6319,7.6967,10.6486,13.2041,9.4263,11.5455,11.0323,9.2278,5.2136,8.7675,4.646,10.3325,10.2017,9.7981,12.3924,6.7027,6.3998,8.8385,8.3722,10.0664,4.1061,9.2215,10.3811,9.5735,2.8981,8.444,7.4991,12.0973,6.1814,8.2611,8.8703,10.8611,11.333,8.7067,10.4531,6.827,8.3165,7.4866,7.314,8.7297,7.1297,8.6894,10.1342,11.6284,5.7566,5.6822,7.9623,10.3774,6.7597,6.9569,7.6533,7.3401,10.8674,10.4607,11.7325,3.6053,8.118,10.4905,9.0016,9.1504,9.3239,10.4154,10.7799,10.6776,10.7722,10.9306,6.8876,6.6902,8.0842,7.5588,9.1724,12.0291,7.0066,7.6226,9.3243,7.7325,9.2402,10.7664,8.8911,10.984,15.3725,12.7989,8.1446,7.4459,12.1999,5.8177,7.9023,6.7738,6.7678,10.3457,12.0394,8.8722,5.4256,6.4779,5.1085,5.8429,5.1593,7.2261,7.1665,5.4261,6.1936,6.4453,7.967,7.5333,6.0427,7.3459,6.7253,6.0907,6.8331,6.3478,4.0,7.1848,6.83,5.7104,7.0396,7.464,7.5294,8.7838,7.4494,7.8127,9.0554,8.7295,11.2574,9.0395,8.0001,2.7007,7.6565,6.9698,3.7588,6.6447,8.0246,8.4182,8.7734,8.918,5.862,5.0004,7.6678,8.2796,7.6684,4.7074,5.6633,3.9595,6.8525,6.8771,9.5267,8.472,8.0919,7.2226,7.3818,7.1952,5.1971,7.1325,10.1879,9.6589,9.6723,7.3653,8.9879,9.7101,8.9308,6.4692,10.0798,7.2721,8.2101,8.3453,4.4663,9.2012,5.4976,8.2403,14.5254,9.1726,7.308,11.0242,11.4687,7.6611,14.7924,8.3782,10.2858,15.4193,9.4946,7.673,14.6178,8.4883,10.2726,9.5067,7.4244,6.4035,9.4284,10.425,8.9001,10.3559,10.0788,8.1224,12.4375,16.3404,10.9389,9.9653,18.6039,8.7829,21.3834,14.5146,8.1182,9.6662,10.7985,11.9871,5.7613,7.0096,9.743,12.5597,8.2,8.5705,11.6349,8.0,11.6675,9.9074,10.5229,7.4687,16.4027,8.1247,11.2794,4.8054,9.0,8.837,11.4049,10.2366,14.0984,11.5454,5.0855,5.3272,14.498,9.1829,10.4323,4.6201,5.3768,9.0912,7.8789,10.5978,6.4839,9.8818,7.3553,11.8539,12.2603,14.8832,16.5543
24,4.6275,13.9483,19.4631,10.63,8.9269,11.5677,5.9697,7.4278,5.6612,8.8289,6.3823,8.2519,11.9337,12.0573,10.6127,11.9217,12.9776,6.6865,11.7162,6.2677,10.814,13.1161,2.9395,4.8369,12.7284,13.4351,8.211,7.204,11.3917,7.6043,7.7598,11.2904,12.8597,8.5818,11.7918,12.995,8.959,13.0376,13.6413,5.9624,3.5036,3.5001,11.8471,11.2856,6.8117,11.1323,3.9929,7.1729,7.1337,4.0,13.4129,9.0099,10.1203,5.0924,7.0139,5.1851,11.124,6.5037,6.2969,12.0815,8.8049,2.7401,4.2014,10.1685,10.8421,11.1337,11.0471,10.3612,10.385,9.8931,5.866,15.7822,11.6486,11.7306,9.8231,9.1066,7.8925,11.9383,11.0543,8.4664,5.4295,5.0014,8.1456,14.743,9.7126,8.4503,6.3984,7.4353,13.6895,6.6398,6.5471,11.5348,12.4755,4.8311,13.6875,10.9485,3.9998,9.1141,11.6758,12.7567,9.0553,7.0206,10.1421,9.2602,7.8453,10.1771,10.0004,7.2271,8.4498,8.5945,7.4452,11.9277,8.9945,11.0905,11.5734,12.9402,4.1662,3.9902,5.3215,9.1794,10.6008,9.213,6.1694,14.4403,8.6711,11.1159,7.6921,10.408,9.7678,7.6378,4.6063,8.896,4.0212,6.549,7.2466,6.216,8.7337,5.2375,5.133,10.0052,6.5457,7.8954,7.9991,8.5226,8.0001,9.1822,2.7401,7.4451,5.5373,8.2841,4.7201,5.8129,9.6009,9.3464,7.2995,6.8759,6.4895,5.7566,6.6399,3.5393,5.8955,7.4934,8.1238,6.603,8.2899,7.7117,3.9276,6.1482,8.932,6.0132,5.4565,5.8853,6.2607,5.3819,7.6587,6.8075,8.6064,3.0388,3.5903,7.4498,8.4799,7.7748,7.457,8.8784,8.9401,7.798,8.6873,9.0307,5.5352,6.0557,5.2812,7.4805,10.3299,8.1435,6.8118,8.1788,7.3611,6.0638,7.1315,11.8399,6.4542,8.3094,10.9018,9.4102,8.2136,5.8441,9.3424,5.5309,7.1508,7.0922,6.4069,8.4654,11.5275,8.6033,4.8785,4.4648,5.3957,5.3335,4.6133,5.8585,6.8159,3.9405,4.3415,5.4057,6.1001,6.5413,4.715,6.4504,5.2599,4.3967,4.2699,5.7415,5.4133,5.0711,5.4281,3.6801,4.378,6.9013,7.3877,7.2784,7.3824,6.3411,7.2591,5.5832,8.0291,6.9564,4.7798,4.3503,6.1856,4.3259,3.7973,4.8552,7.9284,6.1928,8.0,7.3328,5.1832,3.4258,6.6935,8.6351,7.6922,4.0001,5.6084,5.4723,4.9174,5.8299,8.71,8.1189,9.7001,8.0465,8.6615,7.981,6.8719,8.1419,9.9811,12.5738,9.7999,7.1523,7.0072,9.7101,8.8696,8.2101,13.2962,8.1442,9.0401,8.2394,4.0,10.7521,9.6652,10.1902,13.2505,10.816,11.835,10.8171,10.7426,9.1641,15.7044,7.8393,9.5204,12.0182,8.4504,5.7895,9.1153,5.3518,6.5949,7.5895,5.7172,3.0,8.5317,8.2524,8.1388,7.5777,8.3041,7.9604,10.5175,13.0574,4.2919,5.9731,11.8386,6.0515,16.7034,12.7399,3.6467,6.9226,8.0265,7.2482,3.4547,6.1878,8.2829,7.5528,7.5002,7.8432,10.6294,7.7408,8.3367,6.8731,8.0,3.4908,11.4769,8.0797,10.2103,5.8558,7.2657,5.967,4.2577,6.1322,7.2507,7.7887,4.1644,4.0001,6.6986,3.3961,7.2808,2.4187,3.7348,7.6747,4.7689,10.2637,4.2293,8.3326,2.3093,9.8591,10.1216,11.921,11.921
25,2.71,9.2534,15.0145,8.0001,9.6036,8.0303,2.8148,3.8976,4.5651,3.5,3.9738,3.2786,8.8646,10.2696,9.2376,11.6043,10.6337,3.3178,8.3299,4.4257,5.7981,10.4915,2.71,3.0018,9.372,10.8838,6.0377,2.7406,10.1142,3.4433,4.0005,5.7866,10.2601,3.7256,3.0031,4.99,3.9947,5.9851,9.591,4.0,3.4998,2.7102,9.0807,7.9402,2.9962,9.854,2.7302,3.8053,3.5043,4.0001,12.4765,5.4107,6.0942,3.8982,5.7497,2.8998,8.46,4.6123,5.0137,10.0228,8.8872,2.7448,6.0434,15.513,11.4493,10.3802,9.9257,6.8043,10.1889,10.364,4.5585,11.0718,6.8079,6.5605,7.5019,6.2158,5.4335,9.3384,6.9283,6.7226,5.7313,8.0896,8.5872,14.3314,8.3581,7.6373,8.095,7.4515,15.7798,7.6605,6.9019,13.701,17.1647,5.9232,20.1809,13.2445,6.8607,11.1248,13.7286,18.6629,11.7404,13.6672,11.7917,8.3896,12.6985,14.3422,13.178,7.87,10.4503,13.14,7.1751,23.8835,12.5063,15.4247,15.1613,25.5449,11.5112,7.4245,8.4501,16.4451,27.4573,12.6529,15.4676,25.0689,9.4492,10.7898,8.2301,9.7623,10.8276,10.236,7.5557,9.2147,3.5004,8.7596,6.8819,8.0978,9.7186,6.1039,6.7165,13.3539,4.3214,10.6499,16.1566,8.0001,7.3931,8.2065,2.7405,6.857,5.5917,7.4289,3.0448,4.1456,9.0983,8.045,6.6794,8.8217,7.0939,5.2368,3.3879,3.3978,2.9245,4.1209,4.9043,4.9399,4.5533,4.416,6.2311,5.463,7.4505,5.8005,2.8015,3.5762,7.6762,4.9643,6.5429,4.9677,6.3992,2.7001,3.4129,4.572,5.39,6.9649,5.6843,5.6821,6.9326,6.7784,6.1085,4.968,5.5388,4.4402,3.8388,6.244,7.1611,6.2913,6.2384,4.986,6.574,4.8181,4.2244,6.0792,5.2628,6.6962,7.7238,6.936,7.3612,2.7478,5.6342,6.1267,5.3907,3.0107,4.7059,8.2321,8.9716,4.7522,5.1105,2.7109,4.8008,5.1967,4.9925,5.5309,6.3853,5.0965,7.1296,4.7347,5.9146,6.6276,3.6032,8.2778,5.6812,5.7867,2.7002,5.9222,5.8946,6.7353,3.342,3.0013,2.7002,6.5262,7.8188,6.841,6.2067,5.2818,6.0544,4.2392,7.6795,5.5207,8.2512,5.9901,4.7201,2.7001,2.8612,4.5389,4.2534,5.8207,8.749,5.9045,5.3584,3.0763,6.1181,7.6956,6.2267,3.4743,5.7711,3.5023,4.7275,6.8237,7.0179,8.814,8.263,7.6115,7.487,5.1207,4.0,5.2739,7.0008,8.7506,8.22,5.7763,4.0001,8.1332,3.6939,5.6606,9.0436,4.4052,4.4407,4.8011,2.9915,6.9444,5.44,7.1539,9.203,7.7341,10.6653,9.9105,8.13,7.9641,12.1034,3.345,5.1111,9.9044,6.6782,2.8321,6.6472,4.0001,3.9102,4.0438,4.4225,3.0009,6.3359,4.6718,7.0003,7.2605,5.2671,6.2343,8.7746,9.7503,3.0005,3.6529,9.0727,4.0,7.5002,11.053,4.2897,6.7529,8.0421,4.3258,2.0365,6.0291,6.751,3.2887,6.6617,5.0006,5.4348,5.8081,4.0894,4.4449,4.0234,3.0002,8.0431,6.3238,7.5377,5.5866,7.7533,3.7999,3.0001,4.71,7.048,5.8659,2.1139,3.0,6.0047,2.0006,6.8136,2.0001,3.5,6.6719,2.769,7.4113,4.1906,7.074,2.7333,9.0,9.9679,14.526,14.526
26,2.7101,5.6257,12.3624,5.939,9.3102,6.3926,2.7101,2.7136,3.5316,2.9888,3.844,2.7,8.5984,8.9733,6.0381,8.7898,7.1688,2.7001,7.3506,3.7819,4.0358,10.4555,2.7101,3.5,10.1332,11.2099,4.3169,2.7405,4.4024,3.5032,2.7304,2.7402,9.7165,3.1163,3.4999,3.3891,2.73,3.5025,8.4094,3.4009,3.3751,2.71,9.4807,7.4567,2.73,3.5001,2.7302,3.0017,2.7401,3.0028,10.9596,4.1935,3.0027,2.762,3.581,2.6973,5.0564,3.9658,4.8935,9.0843,6.1927,2.7401,6.6205,11.7133,10.4494,7.3889,5.1686,4.8728,7.4638,7.7237,3.0009,7.5552,5.2336,2.7401,4.7318,3.0011,2.7401,4.745,2.7408,3.5,3.5031,3.7699,8.2417,8.0018,3.2254,2.7401,2.74,4.0,8.7252,3.7342,4.5258,9.033,12.0001,3.6908,13.7111,9.5993,2.7001,5.2607,8.2413,9.5055,3.7041,6.2201,7.6618,7.6428,7.0931,8.1314,4.9976,5.941,6.9764,8.5929,5.4608,13.3988,4.4935,6.6499,12.4306,14.6103,4.1074,2.3259,6.7224,9.2769,10.2698,7.8712,7.7641,13.7866,7.4658,4.0556,5.5184,4.3817,6.9663,5.5507,4.02,6.7345,4.5982,4.0001,3.0849,3.5021,6.6884,5.4283,5.3362,10.6913,2.7407,8.3345,10.957,6.0094,4.7321,5.9677,2.7401,5.276,5.6389,4.7766,2.7099,2.7301,8.0893,7.7007,6.5669,6.0716,6.2723,4.0661,2.7102,2.7,5.5453,3.5,2.9442,6.5243,4.1261,4.5348,4.2272,2.005,6.0162,6.5892,3.2135,3.1506,5.2358,4.1747,5.1862,3.4316,4.7136,2.7001,3.0021,4.3088,5.0009,3.467,3.8233,3.5001,4.889,5.9816,5.9082,2.0001,2.3365,2.0001,1.5029,2.7113,6.1233,2.8289,4.1464,4.9782,5.9061,2.1006,2.7402,2.1639,2.0001,5.5286,4.2528,6.0566,6.425,2.0002,4.4275,4.2111,3.3482,3.1251,3.7721,7.7062,7.2686,5.1996,4.6906,2.0002,4.0948,4.4755,4.5363,3.001,4.6183,4.2419,5.8041,4.8284,5.4929,3.1165,2.0002,6.0202,3.3851,3.9689,2.0002,2.7112,4.6902,5.5945,2.004,2.0002,2.7001,4.8549,4.4793,4.565,3.4083,2.89,3.5025,3.5025,4.1478,2.7001,2.956,2.7003,3.2049,2.7,2.7001,2.71,2.7301,3.9755,4.6323,2.7002,2.7001,2.7001,3.0013,3.9738,2.7002,2.7001,3.5001,2.5001,4.6772,2.8755,3.5435,7.4035,5.8078,5.3582,3.9821,2.7002,3.001,4.0,4.0,7.227,6.3556,3.2344,4.0,4.0001,3.0872,3.0006,8.2761,2.7001,3.3329,3.5001,2.7001,6.7411,2.8211,5.1311,7.9646,6.722,4.0,4.977,4.0792,3.0009,5.6927,2.7001,2.7001,8.58,3.6914,2.7,7.4353,2.7001,3.0005,3.0004,4.0645,2.7002,3.5781,2.7002,6.5563,6.7033,3.1,4.0001,8.3621,7.528,3.0005,5.2379,7.4164,4.0002,9.3733,11.5479,2.7001,5.6027,9.2148,2.7001,3.0011,4.784,6.3183,3.1826,6.3669,5.6138,4.7,6.1905,3.0001,3.0,3.0485,3.0,6.09,7.0155,8.0381,4.906,9.4977,6.2222,3.0,3.5001,5.8682,5.5964,2.0,2.3829,4.7858,2.0,6.0136,2.0,3.259,6.0644,2.0635,6.1026,5.7302,8.9599,2.0008,8.0,5.0,14.2405,14.2405
27,2.7,3.5029,10.9531,2.7,8.1203,6.2804,2.0001,2.6999,2.7,2.7001,2.7,2.4004,6.4506,5.8038,3.881,5.3358,7.0243,2.7,5.2416,3.5027,3.0879,8.8603,3.1292,2.7146,9.1448,11.629,4.8485,2.7301,2.7401,2.715,2.7,2.74,6.1423,2.6821,2.7398,2.7397,2.9839,3.7994,6.0382,2.7,2.6996,2.7099,7.2042,6.2733,2.6999,2.5989,2.7099,3.0001,2.7401,2.74,7.85,2.9459,2.71,2.74,3.0016,2.2301,3.2773,2.7301,3.8381,6.2949,2.9796,2.3551,6.4211,5.8883,5.2128,5.0017,2.7302,3.2052,4.2754,4.1943,2.74,4.9147,2.2906,2.7099,2.1273,2.7399,2.7401,3.0025,2.74,2.0034,2.74,3.0031,3.0029,10.0163,2.3072,2.0041,2.0001,2.0001,3.2297,2.73,2.7401,6.2963,11.0693,2.74,10.559,2.7297,3.0008,5.5796,11.0344,9.2284,2.7,2.7298,2.74,3.001,3.5001,7.9997,2.7301,2.873,6.7068,5.4125,2.7297,11.1099,2.7097,3.9999,3.7584,9.971,2.7097,1.7038,3.0013,4.0,6.5292,2.7399,3.5446,8.7007,3.222,2.7399,3.0015,2.74,2.7411,2.6998,2.6461,6.6394,2.0054,3.191,2.0048,2.7401,3.0009,2.7399,2.71,6.4434,2.556,6.5742,8.0,2.7099,2.7832,4.8722,2.0001,6.0838,3.724,2.7399,1.71,2.71,4.2188,5.3777,4.0148,3.0012,2.9541,2.8231,1.1159,2.0062,4.0002,2.7101,2.7101,2.9456,2.8632,2.6611,2.7099,2.0,4.0,2.8758,1.25,2.0002,3.2387,2.7403,3.5025,2.0001,2.0001,1.6798,2.7298,2.1033,3.3292,2.0006,1.6069,2.0049,3.0825,2.0048,2.0001,2.0,2.0048,1.3365,1.1082,1.2114,2.0001,2.0001,2.74,3.001,3.0906,1.0496,2.0001,2.0,1.0896,2.2347,2.7402,2.8129,2.5656,2.0002,2.0,3.2589,2.0002,2.3551,2.3274,4.2516,4.8223,1.8165,2.0034,0.6906,2.0001,2.7102,2.0001,0.9624,2.0043,2.0029,2.7681,2.0047,2.3992,2.0032,0.26,2.6742,1.5149,2.4568,0.546,2.0001,2.0001,3.1891,0.8173,1.1422,2.0002,2.7002,2.3936,2.1685,2.0002,2.0041,2.0008,1.6022,3.4589,2.0702,2.0046,2.0,0.7748,1.7027,2.0002,2.0001,2.7,2.0003,2.6154,1.2501,2.0002,2.7,2.0037,2.0002,2.0001,2.0042,2.0973,2.0001,2.7002,2.0034,2.25,4.0851,2.7001,2.7001,2.7001,2.2501,2.7001,2.7001,2.7101,5.8237,3.6049,2.2501,2.7001,3.0007,2.7,2.7101,5.001,2.25,2.5001,2.6801,2.0033,3.278,2.5001,3.5,3.8751,9.445,2.7001,2.7103,2.7002,2.7001,4.0001,2.25,2.5,8.3407,2.7104,2.68,5.7659,2.7002,2.2501,3.0004,2.7108,2.6801,4.8858,2.7002,3.9969,5.0822,2.7008,3.5025,6.795,5.6082,2.7,2.7393,2.7002,4.0001,7.5002,8.4534,2.7,3.6485,7.3255,2.7002,2.0,3.3305,6.3512,3.0,5.0006,4.7,2.8725,3.0001,3.0,2.0,3.0,2.0,3.8048,5.4056,5.3333,2.9777,5.3283,2.4881,2.0,2.7094,3.2034,2.7018,2.0001,2.0001,3.0236,2.0,5.0451,2.0,3.0002,5.5067,2.0003,3.4562,3.3885,7.072,2.0,6.0917,3.5,13.4808,13.4808
28,2.0001,2.4436,8.4817,2.7,8.0978,4.9192,1.7246,2.0002,2.0,2.0051,2.2017,2.0002,3.9379,3.6285,2.7099,3.321,2.7001,1.6999,2.6999,2.7,2.74,6.9636,2.7101,2.7098,4.5004,7.2588,2.7299,1.7324,1.9999,2.0002,2.0001,2.0001,4.1491,2.0002,2.0001,2.0,2.0001,2.7401,5.6058,2.006,2.0003,2.0001,4.1287,2.0042,1.7412,2.0001,2.0001,2.73,2.0002,2.0001,4.5535,2.73,2.326,2.0,2.74,2.0615,2.7301,2.74,2.1332,3.9141,2.1235,2.0001,3.7899,5.3462,2.7404,2.74,2.71,2.7298,2.74,2.74,2.71,2.73,2.0002,2.0002,2.0,2.7399,2.7401,2.7401,2.3493,2.0001,2.0001,2.7401,2.7404,6.8315,2.0006,1.8907,1.7325,1.7424,2.0035,2.7101,2.7301,4.0877,3.2276,2.0002,8.2401,2.0006,3.0001,4.0001,9.9907,5.5203,2.1764,2.7298,2.7298,2.7433,5.3597,4.8282,2.0006,2.7298,3.6353,2.74,2.7297,7.5272,2.7097,2.7399,2.0034,6.646,2.7097,2.0001,2.383,3.0017,3.9477,2.7298,2.7298,6.1641,2.74,2.7701,3.0014,2.7398,2.6067,2.4997,2.2499,3.2178,2.0053,4.0,2.3762,1.7402,2.74,2.0043,2.7298,4.9724,2.0053,2.7399,3.5494,2.0043,2.74,2.1209,2.0001,2.74,2.492,2.0002,1.6999,2.0002,2.6694,3.1087,2.0053,2.0001,2.0001,2.0001,1.25,2.0057,2.7299,2.25,2.7,2.3911,2.0001,2.0001,1.7451,1.25,2.0042,2.0002,0.3494,1.702,1.4836,2.0001,2.0001,0.9503,0.68,1.2499,2.0002,2.0001,3.0013,2.0002,1.6555,1.6997,2.71,2.0001,2.0001,1.5121,2.0001,1.2527,0.4779,1.6412,1.7522,2.0,2.0,2.0001,2.0001,2.0,1.0048,1.6998,2.0001,2.0001,2.0001,2.0034,2.0001,2.0002,2.0002,2.0002,1.0644,2.0,2.0,2.759,2.0007,0.345,0.8114,0.0502,0.727,2.0046,2.0001,0.056,0.965,0.5779,1.3383,1.7199,2.0001,1.3628,1.0734,2.0031,0.2615,2.0,0.1618,1.7533,0.1608,1.75,0.056,0.25,1.2237,2.0002,1.1281,1.0032,0.6165,0.6,0.4959,0.6,1.9362,1.2501,1.0037,1.05,0.2509,1.6801,2.0,2.0,2.0001,0.6,2.0001,0.9649,2.0002,2.0001,2.0001,1.2547,1.2501,2.0002,2.0001,2.0,2.0001,2.0001,2.0,2.0038,2.2501,2.5112,2.0043,2.0043,2.7001,2.7001,2.7001,2.7158,2.0184,2.0001,2.0046,2.7001,2.003,2.0002,3.1872,2.25,2.25,2.6801,2.0026,3.0007,2.2501,2.7401,2.7402,6.0959,2.7101,2.7001,2.7001,2.7001,2.7001,2.25,2.25,4.4396,2.7101,2.5,3.0154,2.7001,2.2501,3.0004,2.7001,2.7001,3.764,2.0055,2.7002,2.7002,2.3252,2.6801,5.9878,2.9233,2.3923,2.7002,2.3109,2.7001,3.6317,5.7141,2.7,2.7,4.8296,2.1485,2.0,2.0162,3.3197,2.0001,3.0,2.6581,2.0,2.0,2.0009,2.0,3.0,2.0,2.0011,2.5006,3.0003,2.0001,3.0236,2.0,2.0001,2.0001,2.0,2.6823,2.0,2.0,2.0004,2.0,2.8362,2.0001,2.0001,5.0962,2.0,2.0,2.6884,5.4028,1.7004,6.0854,2.7186,11.2382,11.2382
29,2.0001,2.0002,5.7437,2.0002,5.4347,4.5701,1.0594,2.0001,1.703,2.0001,2.0002,2.0001,2.7,2.1071,2.003,2.6522,2.0044,1.3999,2.5758,2.6999,2.74,5.8822,2.0172,2.0002,2.7301,2.7435,2.0002,1.7301,2.0002,2.0001,1.9649,1.7402,2.4335,1.44,2.0,2.0001,2.0,2.0,2.7441,2.0001,2.0,2.0,2.7401,2.0001,1.7322,2.0002,2.0002,2.7299,2.0,2.0003,2.0206,2.0044,2.0003,2.0001,2.7401,2.0002,2.1226,2.0045,2.0002,2.7401,1.7925,2.0001,2.7401,4.0,2.74,2.74,2.0001,2.2311,2.7301,2.7428,2.71,2.7401,2.7401,2.418,2.7139,2.8251,3.0027,2.7441,2.0003,2.0028,2.0001,3.0023,3.0017,4.1373,2.73,2.0001,2.0001,2.0001,1.993,2.7302,2.74,4.3622,3.0015,2.7399,2.5255,2.7298,9.9908,3.2442,8.1293,2.7299,2.7099,2.6999,2.7298,9.0712,4.0001,2.5926,2.0002,2.7097,2.25,2.9353,2.7099,2.7409,2.7296,2.7399,2.0001,2.7408,2.7099,2.0015,2.744,2.9299,2.6999,2.7297,2.7399,4.4046,2.7403,3.0015,2.7443,2.0039,2.4999,2.0498,2.7097,2.74,3.0016,2.74,2.0047,2.74,2.74,2.7401,3.0016,2.7399,2.7399,2.0048,2.7399,2.0045,2.0,2.0,2.0042,2.7399,2.3484,2.0002,2.0002,2.0001,1.67,2.0001,1.3517,1.3306,2.0002,2.0001,2.0,2.0044,2.0001,2.4998,2.452,2.0007,1.5001,1.0915,1.0046,1.0355,1.767,0.5003,0.8803,0.553,2.0001,2.0002,1.1591,1.5224,1.6999,1.484,1.6404,2.0001,2.74,1.4999,1.0873,1.5028,1.49,1.3301,0.2506,1.0019,1.6594,0.0559,0.2501,2.0,1.1621,0.2509,2.0,2.0,1.8671,1.0024,0.4999,2.0001,1.5738,0.251,2.0001,2.0001,1.7026,0.88,1.2558,0.9555,1.8052,1.7306,1.5983,1.3001,2.0002,0.1017,0.7614,1.6801,1.5678,2.1006,1.924,0.2512,0.7326,0.4,2.0001,1.8273,0.6981,0.2801,0.5242,1.4479,0.07,2.0002,2.0001,2.0002,0.2514,0.54,0.51,1.0036,2.0001,1.1278,0.6,0.26,0.26,0.6,1.2292,1.7031,1.03,1.2501,1.0037,1.4913,2.0001,2.0002,2.0038,2.0,2.0002,0.8859,2.0001,2.0,0.88,2.0002,2.0002,2.0,2.0002,2.0,2.0,2.0001,3.5731,2.0,2.003,2.0002,2.1932,2.3779,2.345,2.7001,2.7,3.6175,2.7001,3.1539,2.004,2.25,2.7001,3.0005,2.0042,2.0027,2.5001,2.7001,2.7001,2.7001,2.0002,2.7101,3.0005,2.7101,3.0,2.7002,2.7001,3.0006,2.7001,2.7001,4.3978,2.7,2.7,6.4808,2.7001,2.7301,2.68,2.7002,2.7765,4.5596,3.0007,3.5003,3.0009,2.0015,2.7002,2.0003,2.0011,2.7001,4.2563,2.7002,2.0002,2.7002,2.25,2.7001,3.0006,3.0011,2.7,2.7,3.0009,2.008,2.0,2.0,3.0,2.0,3.0001,2.0043,2.0,0.7,2.0001,2.0,3.0,2.0001,2.0001,2.0001,2.0511,2.0,2.0004,2.0,2.0001,2.0,2.0,2.0,2.0,2.0001,2.0,2.0,2.0,2.0,2.0,2.001,2.0,2.0,2.0001,3.5,1.33,3.2297,2.0001,8.0134,8.0134
30,2.7,2.6999,5.5932,2.0001,4.7611,3.5001,2.0002,2.0052,2.0001,2.0,2.0,2.6999,2.3698,4.8268,2.2825,2.4843,2.0001,2.0,2.3821,2.74,2.7399,7.3599,2.5598,2.1141,4.3935,2.7298,2.0002,2.0306,2.0001,2.0,2.443,2.0001,2.6194,2.0,2.0001,2.0059,2.0001,2.02,6.2034,2.0002,2.7399,2.0048,2.0,2.0002,1.71,1.843,2.74,2.74,2.0045,2.0001,2.0,2.0002,2.0001,2.0001,2.9733,2.7101,2.2321,2.0047,2.0002,2.0,2.0936,2.7401,2.7404,4.0001,2.7401,2.6967,2.0002,2.7301,4.3976,7.4476,2.71,2.7,2.74,2.5496,2.0035,3.0329,3.0027,2.7441,2.0,2.0001,2.0001,3.0021,3.0017,4.6132,2.74,2.0001,2.0041,2.0,2.0001,2.7301,2.74,3.1766,3.0,2.7299,2.7165,2.7099,8.7558,4.992,9.7291,2.3796,2.6999,2.71,2.7297,6.7325,5.9874,2.6997,2.0001,2.6998,2.0028,2.7099,2.7297,2.7409,2.7297,2.7399,2.0012,2.6998,2.6998,2.7397,3.0009,2.8195,2.0033,2.7298,2.7399,2.7728,2.7399,4.0,3.0,2.7399,2.2939,2.0003,2.7098,2.7398,3.0,2.7398,2.74,2.7399,2.74,2.7401,3.0,2.74,2.2434,2.3285,2.74,2.0043,2.0001,2.0045,2.005,2.0001,2.0055,2.0002,2.0002,2.0001,0.9022,1.2304,1.257,1.6798,2.0001,2.0001,2.0001,2.0001,2.0001,2.0001,2.0001,2.0,0.2508,0.5,0.3648,1.2299,1.0958,0.2595,0.8442,0.25,1.6095,2.0001,0.6698,1.5313,0.951,1.6999,2.0002,2.0,2.0001,1.6829,0.6,1.25,1.0023,1.4301,0.2764,0.6599,1.0308,0.0498,0.25,1.0037,0.7732,0.056,1.2673,1.7217,1.0124,1.0,0.4,0.9853,1.25,0.9503,2.0001,2.0001,1.2501,0.2962,0.2504,0.4,0.8972,1.2531,0.8624,0.6,1.446,0.146,0.5437,1.6801,2.0001,2.0001,1.4827,0.0702,0.4,0.056,2.0,1.6226,0.5913,0.2512,0.26,0.5173,0.1395,1.9787,1.201,2.0001,0.2856,0.6,0.69,1.7001,2.0001,2.0,0.375,0.2501,0.26,0.6,0.67,1.5644,0.85,0.88,1.2501,1.7037,1.703,2.0001,2.0002,2.0,2.0,0.51,1.7284,1.5266,2.0002,2.0002,2.0,2.0001,2.0002,2.0,2.0001,2.0,2.2805,2.0001,2.0,2.0001,2.0003,2.0194,2.3741,2.7001,2.7,3.0005,2.7001,2.5348,2.0035,2.0001,2.0031,2.7001,2.0028,2.0001,2.0034,2.7001,2.7,2.7001,2.0001,2.7001,3.0005,2.7101,2.7105,2.7001,2.7001,3.0109,2.7001,2.7001,3.4913,2.68,2.7,5.3795,2.68,2.7301,2.5,2.7002,3.0,3.2089,2.7506,3.9897,3.9108,2.9479,3.8424,2.0001,2.0008,3.5,3.0005,2.0001,2.7,2.7002,2.5,3.0,3.0001,5.8275,2.7,2.7,6.2155,2.0,2.0,2.0,3.0001,3.0001,3.0001,2.0,2.0,2.0,2.0001,3.0,4.0002,2.0001,2.0,2.0,2.0,2.0,2.0,2.0,2.0001,2.0,2.0001,2.0,2.0003,2.0002,2.0,2.0,2.0,2.0,2.0001,2.0001,1.74,1.7002,2.8797,3.2227,1.1052,6.6099,2.0001,4.0362,4.0362
31,2.6999,2.0002,5.984,2.0001,4.6905,2.9685,2.0001,2.7133,2.0001,2.0,1.7,2.5004,2.2213,4.0262,2.7,2.6998,2.0002,1.7,2.6999,2.7403,2.74,4.6982,2.73,2.5726,3.6951,2.7298,2.0002,2.4711,2.0001,2.0002,2.0061,1.7423,2.4635,2.0001,2.4506,2.0065,2.0001,2.0047,5.1216,2.3812,2.7296,2.0001,2.0001,2.0,2.0001,2.0002,2.73,2.7401,2.0001,2.0001,2.0,2.0,2.0002,2.0001,2.9919,2.7099,2.0043,2.0001,2.6751,1.8061,2.1838,2.7401,4.0,4.0001,2.0001,2.2355,2.0001,2.0039,3.5407,7.8283,2.71,2.71,2.8201,2.0044,2.7398,3.002,2.7405,2.7402,2.0001,2.0033,2.0001,3.0024,3.0017,3.9998,2.7399,2.0001,2.0002,2.0001,2.0001,2.73,2.74,3.0001,2.7401,2.7299,2.7298,2.7096,8.2403,3.0012,8.0002,2.5348,2.4711,2.7099,2.7298,3.9998,5.9796,2.6965,2.0002,2.0025,2.0001,2.6998,2.7297,2.7098,2.7297,2.7399,2.0013,2.1421,2.7298,2.74,3.0009,2.74,2.25,2.7399,2.7398,2.902,2.7399,3.4996,3.0014,2.74,2.2499,2.0001,2.7098,2.863,3.0015,2.7399,2.74,2.74,2.7399,2.7399,2.74,2.74,2.74,2.0042,2.74,2.0041,2.0001,2.0001,2.0039,2.0001,2.0575,2.0001,2.0002,2.0046,0.7076,1.1366,1.7098,1.1744,2.0001,2.0002,2.0,2.0,2.0,2.0001,2.0001,2.0001,0.0606,0.9683,0.4701,1.25,1.7025,0.2596,0.25,0.2501,1.6799,2.0002,1.1301,1.5597,1.6999,1.6999,2.0001,2.0,2.0001,2.0002,1.2499,1.5028,1.782,1.4162,0.2507,0.4998,1.4257,0.0558,0.0559,1.184,1.0499,0.056,0.8497,2.0,1.5738,0.5656,0.3532,0.9909,0.6,1.2532,2.0,1.3007,1.2501,0.062,0.2,0.3942,0.7023,1.5528,0.6,0.5469,0.6,0.0501,0.2514,1.7001,2.0001,2.0001,1.1824,0.056,0.4,0.056,1.4327,1.3721,0.5342,0.2501,0.5006,0.2501,0.056,1.3828,2.0001,0.8673,0.402,0.6,0.69,1.7001,2.0001,2.0001,0.1019,0.2011,0.26,0.6,0.3241,1.1502,0.26,1.0036,1.0036,1.5058,1.703,1.5001,2.0002,2.0002,2.0001,0.3451,1.8793,1.2501,1.5027,2.0,2.0,2.0001,1.6827,2.0001,2.0001,2.0,2.0028,2.0001,2.0001,2.0002,2.0003,2.0049,2.183,2.7001,2.7,3.0005,2.7001,2.4095,2.0041,2.0001,2.0525,2.7001,2.0028,2.0001,2.0027,2.7001,2.7,2.7001,2.0002,2.7001,2.7401,2.7101,2.8298,2.7101,2.7001,3.5002,2.7,2.7,2.9353,2.68,2.7,5.3473,2.68,2.73,2.68,2.7002,3.0,3.0372,2.8056,3.0008,3.1544,2.7003,2.7101,2.0001,2.0008,2.71,3.0005,2.0003,2.7,2.7002,2.2501,3.0001,3.0006,4.44,2.7,3.0,4.9819,2.0,2.0,2.0,3.0001,3.0,3.0006,2.0,2.0,2.0,2.0001,2.9296,10.9775,2.0001,2.0001,2.0,2.0,2.0001,2.0,2.0,2.0001,2.0,2.0,2.0,2.0001,2.0001,2.0,2.0,2.0,2.0,2.0001,2.0,1.91,1.7004,2.7528,3.0,0.7739,4.2231,2.0,3.0,3.0
32,2.0065,2.0002,4.3519,1.8064,5.0099,2.7101,2.0002,2.713,2.0002,1.7017,1.7,2.6437,2.0432,3.2858,2.6999,2.1071,2.0002,2.0001,2.6999,2.74,2.7401,5.7871,2.73,2.7301,3.2071,2.7101,2.0002,2.0004,2.0001,2.0001,2.0001,1.7424,2.004,2.0001,2.5742,2.0059,2.0,2.0068,5.472,2.0052,2.7297,2.0001,2.0,2.0002,2.0001,2.0,2.73,3.079,2.73,2.0001,2.0,2.0002,2.0002,2.0001,3.4344,2.7,2.436,2.0003,2.7298,2.0001,2.0003,2.7401,4.0,8.0002,2.0038,2.7301,2.0001,2.7399,2.74,7.3957,2.71,2.7,3.5961,2.0045,2.7398,2.7433,2.743,2.7442,2.0033,2.0034,2.0001,3.0022,3.0021,3.0018,2.7401,2.0001,2.0002,2.0001,2.0001,2.73,2.7399,3.0001,2.7401,2.7299,2.7299,2.7098,8.2404,3.0024,8.2412,2.7099,2.0128,2.7099,2.7099,3.1757,5.193,2.7007,2.0002,2.6998,2.0001,2.6997,2.7297,2.7107,2.7296,2.7399,2.0014,2.0016,2.7297,2.7401,3.0013,3.3943,2.25,2.7399,2.7399,2.741,2.7297,3.4999,3.0014,2.7399,2.0961,2.0001,2.6998,3.0025,3.0,2.004,2.3411,2.74,2.7399,2.7401,3.0001,2.7399,2.7399,2.0043,2.7401,2.0052,2.0001,2.0001,2.0041,2.0041,2.0004,2.0002,2.0002,2.0065,2.0001,1.1333,1.4954,2.0,2.0001,2.0001,2.0,2.0001,2.0001,2.0001,2.0001,2.0001,0.6808,0.3487,0.6801,1.2499,1.894,0.2596,0.25,0.5102,1.7028,2.0002,1.6798,1.9996,1.6999,1.6999,1.7026,2.0001,1.0496,1.0016,1.2501,1.6829,1.0018,1.5284,0.1249,0.3029,1.0017,0.0558,0.0559,0.8802,1.0509,0.3501,0.6613,1.6366,1.0502,0.5378,0.3502,0.5237,0.3501,0.2503,1.453,1.253,1.2501,0.056,0.2,0.35,1.4658,1.4508,0.6,0.0709,0.0971,0.0502,0.1805,0.77,2.0001,2.0,1.2315,0.095,0.056,0.056,0.7644,1.03,0.2847,0.2501,0.2512,0.26,0.056,0.8866,2.0001,2.0001,0.2509,0.6,0.69,1.7001,2.0001,0.85,0.5654,0.0856,0.6,0.6,0.3055,1.2033,0.26,0.88,1.0036,1.7037,1.703,1.5001,2.0002,2.0001,2.0001,0.26,1.3359,1.2501,1.5027,2.0001,2.0,2.0001,1.7026,2.0001,2.0001,2.0001,2.0029,2.0,2.0001,2.0003,2.0001,2.0037,2.0923,2.7001,2.7,3.0005,2.7001,2.3454,2.0001,2.0001,2.0035,2.7001,2.0028,2.0001,2.0001,2.7001,2.7001,2.6801,2.0002,2.7001,2.71,2.7101,2.7101,2.7,2.7001,4.2095,2.7,2.7001,2.7101,2.68,2.7,4.5474,2.68,2.7301,2.7,2.7002,3.0001,3.3524,2.7002,2.7003,3.5059,2.7002,2.7107,2.0001,2.0035,2.7137,3.0,2.0002,2.7001,2.7002,2.2501,3.0001,3.0006,3.5007,2.7,3.0008,5.3356,2.0,2.0,2.0,3.0001,3.0001,3.0001,2.0,2.0,2.0,2.0002,2.0348,10.97,2.0001,2.0,1.6367,2.0001,2.0001,2.0,2.0,2.0,2.0,2.0,2.0,2.0003,2.0001,2.0,2.0,2.0,2.0,2.0,2.0,1.91,1.379,2.7368,3.1874,0.7,3.5259,2.0,2.5,2.5
33,2.0001,2.0002,6.5708,1.5001,5.1354,2.71,2.0002,2.7132,2.0,1.7017,2.0002,2.7041,2.1024,3.5037,2.6999,2.6999,2.0001,2.0002,2.6998,2.7399,2.7401,3.9432,2.73,2.73,4.2387,2.005,2.0004,2.0064,2.0002,2.0049,1.7423,1.7424,2.4366,2.0,2.9705,2.0054,2.0001,2.0047,5.4005,2.4087,2.7296,2.0001,2.0001,1.9947,2.0,2.0,2.73,3.0023,2.73,2.0001,2.0002,2.0001,2.0002,2.0001,3.515,2.7301,2.4567,2.0001,2.5015,1.8388,2.0,2.7401,4.0264,4.0001,2.0034,2.7301,2.0,2.0043,2.7401,7.195,2.73,2.7101,3.9087,2.7401,2.7401,2.74,2.7401,3.5,2.0031,2.0031,2.0,3.5,2.7401,3.0015,2.74,2.0001,2.0041,2.0001,2.0045,2.7299,2.7399,2.74,2.8902,2.73,2.7401,2.71,8.2299,3.0012,9.9903,2.7299,2.7099,2.7099,2.7298,3.5969,4.0001,2.7008,2.0002,2.6998,2.0026,2.71,2.7297,2.7107,2.7296,2.7399,2.0001,2.0294,2.7997,2.0014,3.4028,3.1176,2.6999,2.7399,2.7399,2.7424,2.7298,3.4999,3.0014,2.7296,2.2323,2.0001,2.7097,2.9928,3.0017,2.74,0.7509,2.74,2.7401,2.7399,2.7401,2.7399,2.74,2.0042,2.74,2.0052,2.0,2.0001,2.0055,2.0055,2.4758,2.0002,2.0002,2.005,1.6999,1.1305,1.7099,2.0001,2.0001,2.0002,2.0,2.0,2.0001,2.0001,2.0001,1.2535,0.3005,0.6094,0.2509,1.25,2.0001,0.2868,0.25,0.6902,2.0001,2.0002,1.0477,2.0002,1.6999,0.2603,2.0002,1.7742,1.3372,2.0001,1.0023,1.5025,2.0,1.0536,0.056,0.2501,1.2523,0.0557,0.2501,0.8802,1.0019,0.4,0.4167,1.4307,1.0001,0.6086,0.4662,0.6294,0.3641,0.269,2.0,1.5324,1.2501,0.056,0.2,0.4117,1.8549,2.0001,1.0074,0.1303,0.322,0.0502,0.25,0.6,2.0001,2.0043,1.8543,0.2447,0.063,0.056,0.6,0.9544,0.6,0.2501,0.26,0.4364,0.056,0.8896,0.251,2.0001,0.3,0.6,0.69,1.7001,0.85,0.85,0.5004,0.26,0.26,0.6,0.4113,1.13,0.26,0.88,1.0036,1.7037,1.703,1.5001,2.0,2.0,2.0,0.4398,1.5818,0.6,1.2501,2.0001,2.0001,2.0001,1.7027,2.0001,2.0001,2.0,2.0031,2.0001,2.0001,2.0001,2.0002,2.4462,2.4452,2.7,2.7,3.0005,2.7001,2.6801,2.0001,2.0001,2.0036,2.0031,2.0032,2.0001,2.0001,2.5,2.7001,2.68,2.0002,2.7002,2.7001,2.7101,2.7102,2.0024,2.003,3.8199,2.7001,2.7001,2.7,2.7,2.7,6.9711,2.7001,2.7301,3.708,2.7001,3.0,4.1043,2.711,2.7101,3.8489,2.7002,2.8437,2.0011,2.0035,2.7,2.7107,2.0001,2.7001,2.7002,2.2501,3.0,2.7101,3.6431,2.68,2.8469,4.0665,2.0,2.0,2.0,3.0007,3.0001,3.0008,2.0,2.0,2.0,2.0003,2.2401,12.2586,2.0001,2.0,1.935,2.0,2.0,2.0,2.0,2.0,2.0,2.0,2.0,2.0,2.0001,2.0,2.0,2.0,2.0,2.0001,2.0,1.05,1.3771,2.9269,4.2286,0.71,2.7007,2.0,2.4752,2.4752
34,2.6999,2.7,5.9157,1.5001,5.1599,2.8384,1.7025,2.7101,2.0001,1.7018,2.7,3.7649,2.0002,3.0582,2.7001,5.0331,2.0,2.0002,2.6998,2.7401,2.74,4.0491,2.7301,2.7299,6.5783,2.0001,2.0001,2.0002,2.0001,2.1038,1.7422,2.0,2.7403,2.0001,5.0975,2.0053,2.0,2.0001,6.3998,2.7399,2.7399,2.0,2.1106,2.0002,2.0002,2.0002,2.73,3.0599,2.73,2.0001,2.2953,2.0043,2.0002,2.0,3.6173,2.73,2.73,2.0002,2.2171,2.0001,2.624,2.7402,2.7401,2.74,2.3344,2.73,2.5584,2.654,3.3453,8.4845,2.7401,5.4698,8.0398,4.0,3.3181,4.5219,3.0023,4.0001,2.74,2.74,2.74,7.269,4.0,3.5001,2.74,2.7398,2.9714,2.005,6.604,3.6917,4.8958,3.9202,2.74,4.0,9.9118,2.7098,4.54,4.0,8.2411,2.7407,2.7299,2.7404,4.0001,2.9287,7.7186,7.9545,2.4623,2.7097,2.0002,2.7299,2.74,3.2722,3.001,2.7399,2.0002,2.74,3.9492,2.0001,3.0012,2.7299,2.7099,2.7399,3.0024,4.9372,2.7296,4.0,2.7397,3.6205,2.6797,2.25,2.7098,3.9995,3.0016,2.7401,1.7401,2.7399,2.74,2.7878,4.0,2.7398,3.0015,2.74,3.1074,2.7299,2.0001,2.0045,2.74,2.0001,2.74,2.7297,2.0002,2.0059,1.9999,1.3779,2.0001,2.0002,2.0001,2.0001,2.0001,2.0003,2.0044,2.2499,2.0052,2.0001,1.2622,1.6294,1.0502,1.5025,2.0,1.9198,1.4998,1.8606,2.0002,2.0002,1.7025,2.0002,2.0,2.0001,2.0001,2.0002,2.0001,1.6831,1.683,1.0017,2.0001,1.5934,0.4999,0.25,1.8315,0.5004,0.6003,1.253,2.0,1.2549,1.53,2.0001,2.0001,1.3286,1.0501,1.1287,1.2499,1.0533,1.9738,2.0,2.0001,0.68,1.2093,1.7144,2.0001,2.0001,2.0002,1.7477,1.6011,0.3262,2.0001,1.25,2.0001,2.5,2.25,0.9052,1.5431,1.0575,1.5152,2.0,1.6324,1.3663,2.0,2.0,1.0039,2.0001,2.0001,2.0001,2.0001,2.0001,2.0002,2.0002,2.0001,2.0001,1.8903,2.0,2.0,2.0001,2.0,2.0001,1.683,2.0001,1.7027,2.0002,2.0052,2.0,2.0047,2.68,3.0012,2.0001,2.345,2.0001,2.0001,2.0001,2.4151,2.4649,2.0037,2.0001,2.0001,2.0001,2.68,2.0025,3.0012,2.7,2.7001,2.7302,2.7512,2.7682,2.7,4.0001,2.7001,4.9416,2.2501,2.25,2.9249,2.7001,2.7,2.7101,2.8092,2.7101,3.0006,4.0,2.7001,5.0014,3.4574,4.8464,6.0164,2.0027,2.7102,7.9326,2.7102,2.7001,3.948,2.71,2.7101,8.5329,2.7101,3.0367,4.9946,2.711,4.0001,6.7229,4.0962,2.7103,4.6802,2.7006,5.1222,2.0035,2.1649,2.7,2.8206,2.0003,2.7001,2.7001,2.2501,3.0001,2.7101,2.7,2.68,3.2385,4.5582,2.0001,2.0,2.0038,3.0007,3.0007,3.0001,2.8526,2.0,2.0,3.0001,3.0,15.8822,4.2259,2.0001,2.0,2.0,2.0001,2.0,2.0,2.4154,2.0,2.0,2.0,2.0,2.0001,2.0,2.0,2.0,2.0,2.8839,2.0,1.05,2.0,3.3413,3.8025,1.5479,3.4008,2.0978,2.3049,2.3049
35,2.7099,2.7099,9.6672,2.0035,6.7514,6.3626,2.0002,6.6063,2.0058,2.3248,9.1054,7.5003,3.7796,4.9928,4.3978,10.5489,4.4666,2.6999,5.0854,4.2809,2.74,7.9686,2.7405,2.74,7.2451,3.2275,2.7409,2.7401,4.0031,4.0171,2.7401,3.5001,6.8425,2.74,8.4868,2.7399,2.74,2.7399,8.1471,7.5009,3.2833,2.7399,4.2829,2.0002,2.71,2.73,2.7624,4.6596,2.7399,2.8124,3.0011,2.74,2.7399,2.0056,5.5277,2.74,4.3182,2.0037,2.9549,2.7299,3.6407,4.0,2.7398,2.7401,3.3438,3.6736,2.74,2.74,6.4094,11.1052,10.9044,13.3182,13.6566,9.4934,4.6373,7.3982,4.0,8.403,6.3009,8.2414,6.1571,10.2338,6.2391,6.5458,7.9181,3.4207,5.8436,5.813,10.8427,4.8441,7.7096,8.5051,7.5149,7.8953,17.5146,10.0001,8.0288,3.0013,10.4976,14.8755,8.9281,12.4111,4.0,3.5,2.8805,11.6704,4.5605,2.7098,4.9785,7.223,3.3524,7.2725,3.5,6.055,2.7097,9.109,5.1331,1.9999,3.0015,6.8113,8.4272,7.6104,7.5009,10.07,2.7401,2.7401,3.0015,7.5476,5.5642,2.7013,2.6999,3.0302,3.5,3.3921,2.7401,3.5,5.0001,5.2818,4.0003,2.74,5.676,2.7098,8.4804,2.7099,2.0002,2.0001,2.7399,2.0062,2.7297,2.7098,2.0001,2.4924,2.0001,1.292,1.9936,2.0002,2.0002,2.003,2.0001,2.0066,2.0064,2.6799,2.7001,2.004,1.2529,2.0,1.0501,2.0,2.6441,2.0002,2.0,2.0001,2.0002,2.0002,1.7025,2.0043,2.0002,2.0002,2.0054,2.0021,2.0001,1.25,2.0002,1.5029,2.0001,2.0001,0.7853,0.4995,1.2501,0.2501,1.0041,2.0,2.0022,1.2536,1.6821,2.0,2.0001,2.0001,1.253,2.0,2.0,1.1154,2.0001,2.0003,2.0001,1.2974,2.0,2.0,2.0001,2.0001,2.004,2.4743,2.0005,1.0501,1.8828,1.2527,2.0001,2.8856,2.25,2.0001,2.0001,2.0,1.2384,1.4436,2.0001,2.0001,2.0001,2.0001,0.88,2.0001,2.0,2.6346,2.0002,2.0001,2.0002,2.0002,2.0002,2.0001,2.0001,2.0048,2.0001,2.0001,2.0,2.0001,1.15,1.3502,2.0001,2.0571,2.8727,3.0013,2.0056,2.7,3.0012,2.7002,2.7,2.1694,2.0036,2.0001,2.561,2.7001,2.6292,2.0051,2.2929,2.0001,2.68,2.0026,4.701,3.451,3.6701,7.7588,4.8776,2.71,2.7,3.7757,5.2942,9.6929,4.7005,4.0,4.0002,3.0005,5.3572,5.0001,9.6531,3.1123,10.2052,4.0,2.0002,10.1504,12.5274,11.5001,8.4527,4.1915,2.7109,5.4098,6.2413,5.9116,5.9905,4.5515,5.6493,9.5966,5.2101,6.5306,9.7301,9.3381,13.6794,9.4902,5.1446,4.0,5.8818,2.8949,6.3262,3.2463,3.2715,2.7105,3.0005,3.1996,3.4402,2.7101,2.8605,3.7875,4.0,3.5,3.0009,4.3747,5.9896,3.2813,3.0001,3.0007,4.7916,7.5002,4.0001,4.7101,2.0,3.0,7.9773,3.0001,18.1582,6.543,2.0,2.0009,2.0001,2.0,2.0,2.0,4.408,2.0,4.4086,5.3344,2.0,2.0,3.45,2.0001,2.0,2.0,2.0728,3.0296,1.9917,2.0,7.0536,6.0381,3.4159,4.7925,2.7002,2.6806,2.6806
36,3.3077,6.5755,15.2833,6.644,16.334,7.2697,2.7001,13.765,3.6525,6.9801,14.2052,11.1249,4.9734,5.5607,7.596,13.8762,10.8201,9.6899,13.2417,7.3945,3.0013,11.3876,5.7263,8.2943,11.3388,11.3025,4.0,4.0,11.8876,10.8313,5.4352,8.7924,10.8458,4.9704,9.5106,7.4809,10.2626,6.0634,12.0037,9.201,3.5039,3.0026,10.5423,5.0009,5.376,9.1238,8.2498,8.1708,3.0609,5.5171,7.9416,6.8875,3.5035,6.6409,7.996,5.374,10.3353,6.4279,3.5003,7.5432,9.3512,9.017,3.5,4.4598,11.205,7.6483,8.8119,9.5654,9.7152,10.0842,5.6811,12.0869,14.8857,9.5171,5.1796,10.0516,5.0001,8.2087,7.0166,8.2414,6.2067,9.9338,8.2421,7.0057,7.5034,4.89,6.0845,6.0355,10.6298,5.1728,6.0385,9.2549,6.405,8.2401,17.8916,9.6501,7.8189,3.5,10.9362,15.4237,8.3869,12.4976,5.8247,3.5,3.2936,9.4452,6.7952,3.1793,5.6319,5.985,4.6862,9.7177,5.4041,5.6368,5.6465,8.9767,7.3018,2.74,3.1814,7.6211,8.3547,8.6064,10.5283,6.8932,2.7426,2.74,5.8895,8.6059,7.3276,5.8161,4.756,3.5032,4.0,3.5022,2.7401,4.0001,4.4871,6.1932,4.4342,3.5896,5.7748,2.7098,10.9026,2.74,2.0053,2.0001,1.9999,2.0,4.0402,4.6195,2.6999,3.857,2.8656,0.7196,2.7341,2.3941,2.0892,2.7,2.0027,2.6798,2.5,2.68,2.6999,3.0019,2.0001,2.0038,1.9373,1.6405,5.1915,2.0027,2.2751,2.6443,2.0049,2.0001,1.7027,3.4025,1.7027,1.8411,2.7,2.0004,2.796,1.4999,2.0002,1.0048,3.0028,2.0002,2.0001,1.0029,2.0,1.6297,2.0,2.0049,3.7553,2.0026,2.0002,2.0,2.0001,2.0001,2.0001,2.0,2.0002,2.0,2.0001,2.0031,2.3834,1.6433,2.0002,2.0007,2.0002,2.0038,3.2204,2.7076,3.0012,1.503,2.0002,1.9509,2.0001,4.1538,2.7001,2.0001,2.0042,2.0002,2.0001,2.0001,2.0002,2.0001,2.0001,2.4378,0.7495,2.0001,2.0001,3.0725,2.3099,2.1197,2.0046,2.6947,2.0002,2.0001,2.0046,2.4427,2.7001,2.5938,2.0001,2.0002,1.0489,1.13,2.0001,3.0013,3.0014,3.0013,2.0056,2.7,3.5812,3.2375,4.4917,2.0059,2.0051,2.0033,2.7,3.0013,2.7001,2.5677,2.7001,2.0001,2.7036,2.0035,4.6512,3.1623,3.5766,6.6832,6.3674,3.2029,2.7001,5.0005,5.0015,8.9311,5.0007,5.0001,4.0001,4.0,6.5178,5.3668,8.7001,3.2244,7.5001,3.0006,2.0038,9.1777,10.3591,9.5025,8.2627,5.1304,2.7106,6.8456,5.2204,6.2377,8.3713,5.9194,7.6444,8.7541,8.1433,6.6075,12.382,11.7385,8.467,10.4279,6.2505,3.5696,11.9518,8.1552,11.7404,9.0937,11.4924,4.0,3.117,10.3969,10.4208,2.7001,9.99,8.2,3.0001,6.5354,8.2,8.8041,9.0001,3.5,3.0007,3.8477,6.0719,9.2395,6.3556,8.2579,3.0578,8.8492,6.7483,5.9368,2.0001,9.9636,4.9855,4.958,4.6024,3.0001,2.0,4.3002,10.7144,7.3741,12.8098,9.8877,4.0,3.0001,11.0634,6.9723,3.972,5.5181,5.1094,5.2134,2.0,2.0001,5.8282,9.9299,7.166,5.8325,3.5,2.7007,2.7007
37,4.0375,9.2403,21.8295,8.8348,20.7603,12.2003,3.6649,14.5879,4.0001,8.503,19.4388,13.2081,8.21,8.0,13.4703,12.458,12.5482,9.4161,12.2718,8.9894,2.7408,16.4117,8.2113,8.6614,12.4834,8.6232,5.8833,4.0,9.3464,12.4891,5.5317,9.6769,12.1564,6.3111,13.0038,8.3289,9.5213,5.8788,12.2034,9.8115,3.5037,3.5001,9.2787,5.0008,8.6153,7.8145,9.4141,10.0019,3.0027,3.5484,7.3723,4.6448,3.0043,3.8944,9.1688,5.8772,8.0099,5.2253,4.8914,5.9357,6.886,10.4916,3.7947,7.3544,8.651,8.8251,6.8811,7.3334,11.0721,10.1253,7.4941,11.7098,14.443,7.2172,6.3317,13.1338,5.0001,7.0916,5.1474,6.0928,3.0027,8.88,7.9617,7.8223,7.4084,5.7647,6.3674,5.5858,11.7686,7.922,6.2342,10.0657,7.6067,8.1498,12.3896,7.5341,4.1451,4.0,6.9667,12.6374,5.8479,10.967,8.1857,4.0,6.8543,12.3279,6.9978,8.0673,7.9395,8.8603,8.7711,12.3624,6.7218,7.7565,8.4576,9.3143,8.4635,3.5001,6.1511,7.737,11.079,9.9318,11.7742,10.2774,6.2599,3.0018,8.9581,9.6721,8.125,9.148,7.1487,7.702,2.74,4.8343,3.0012,9.4036,4.5082,5.236,5.2741,6.7699,6.6098,2.7011,10.0036,3.0017,2.6999,2.6223,2.0045,2.74,7.7839,6.0144,2.7099,8.8925,6.6222,2.0001,4.0797,3.5357,2.7099,5.8461,2.7006,2.0048,2.0001,3.2671,6.5478,4.6563,2.8823,3.2591,2.0,2.0,4.9825,5.1035,2.5537,4.0834,2.8774,2.8702,2.7403,3.4803,2.7209,2.0001,2.6999,2.7099,6.5316,1.4936,2.2423,2.0002,5.4286,2.8458,2.0002,2.0,2.0002,2.0001,2.4585,2.6608,4.8675,3.0011,3.0001,3.0019,3.0001,2.0002,3.0022,2.0002,2.0001,2.0002,2.0006,2.2358,3.9392,2.0002,2.0002,3.154,2.71,2.0048,3.8858,4.4658,4.0796,2.0002,2.0002,1.5526,2.2093,5.3957,2.8547,2.2634,3.0013,2.6309,2.0048,2.0001,2.7001,2.004,1.623,3.2001,1.7037,2.5922,2.0001,4.0848,3.0788,3.2192,2.7002,2.7001,2.4121,2.6404,2.7001,3.0014,4.0777,4.6289,2.7001,2.6572,2.0049,2.0001,2.0002,4.1732,3.1208,3.7999,2.7,2.7,4.238,3.1419,4.9965,2.7001,2.7045,2.3912,2.7101,4.541,2.7002,2.7001,2.7001,2.0032,3.5024,2.2501,7.0275,3.9779,3.5884,3.4251,3.5953,5.3136,2.7001,4.9166,5.1443,8.1036,5.2993,4.8114,6.6986,4.0001,5.5729,6.4585,7.8311,4.1621,7.4829,4.0001,2.7003,7.2411,8.5625,7.8677,8.5152,4.8218,2.7001,7.5965,7.2525,5.3479,6.4001,6.8804,7.9632,10.4843,9.6256,5.0872,8.3185,8.4207,7.1274,9.99,5.4028,4.0,12.5902,8.0365,9.357,6.9978,7.6096,5.209,4.0,8.593,6.0218,3.0005,8.9325,6.582,6.6124,5.7022,8.2652,5.9739,9.4284,6.9923,3.6165,8.2562,7.5205,10.2595,4.5468,10.5928,3.0003,8.2844,7.428,4.4653,9.1263,11.8443,4.6352,7.9051,6.4307,3.6601,2.0,7.7874,8.5452,7.6894,11.4188,9.9178,5.7958,3.0001,9.0,6.9561,6.2354,4.7145,4.4139,7.6092,2.0,2.0001,5.6088,13.8118,8.3607,6.146,7.0582,5.1859,5.1859
38,5.437,7.4027,15.4519,5.2898,16.963,9.8267,3.1949,7.2221,3.8021,5.2455,11.6527,9.4584,10.1238,9.3302,10.6801,10.3409,9.5022,6.7989,9.3237,11.4192,3.8003,10.0638,6.7568,6.1685,11.2375,6.9066,6.1108,4.4097,8.0002,8.4323,5.3103,7.5655,10.8554,8.0694,12.8641,4.9589,8.4693,6.277,9.3094,8.0001,3.5041,4.8241,7.1886,3.1767,7.1136,8.3067,8.6332,10.6896,3.7548,3.8598,6.8587,6.45,3.3131,2.9425,10.1015,7.9568,7.7027,3.7384,4.3196,5.6308,5.518,9.5297,5.1263,7.7731,10.7658,8.5842,9.1441,9.7826,9.8063,10.6556,6.7152,12.7812,11.0346,7.6347,5.7841,13.22,5.0001,6.1942,6.7405,9.1549,3.8553,8.3861,6.5906,6.9608,10.0408,6.8288,5.0012,5.4234,10.157,6.8917,7.5959,10.6609,8.0302,7.866,10.7299,6.8376,7.1307,5.3002,5.4175,14.0496,6.7388,10.4703,7.4494,6.5277,5.7508,11.2573,8.913,10.1959,7.5248,9.6968,10.7777,13.6245,7.7653,9.1717,7.5002,6.6357,8.7327,4.6233,5.9559,6.3496,13.4443,7.7311,9.633,11.9762,10.7389,4.0,4.4025,10.1961,8.6922,9.5155,7.5811,7.0155,2.74,4.4339,4.8491,8.2412,5.4556,6.838,8.2401,12.1556,4.2672,2.7098,11.3078,2.7401,3.5027,4.873,2.7398,3.2259,6.7158,6.0708,5.9989,9.0021,5.9675,2.7449,4.0613,4.0146,3.16,6.2713,3.4174,2.2499,2.6996,5.9038,7.3669,5.7815,3.6559,4.1253,3.8491,2.6999,5.7668,4.7789,2.7099,5.2144,2.6999,3.1603,3.2046,4.4427,2.7209,2.7,2.6999,3.22,5.2801,2.0001,3.305,3.0296,6.2303,4.4405,2.0001,2.0001,2.3568,2.7,2.7005,3.1014,6.8748,2.74,2.7296,3.9061,3.9346,2.7001,3.3482,4.9366,2.0002,2.7401,4.437,3.337,5.8386,2.0027,2.0038,4.0381,3.743,3.604,5.663,5.8007,5.8622,2.7772,2.6165,2.0002,2.7,4.6121,3.9139,2.7032,5.5356,4.5417,3.8849,2.7002,3.7719,3.6209,2.829,5.2484,2.8317,4.5095,2.0005,5.9922,5.4319,4.4701,2.7001,3.0014,3.1518,3.309,3.0014,2.7001,3.5025,3.668,2.9523,4.1178,3.0013,3.2735,2.0036,2.4849,4.0457,3.0014,2.7101,3.0013,5.0007,4.3827,6.7157,4.0978,4.1302,2.7001,5.0007,4.538,2.7001,2.7101,3.6021,2.7002,4.5668,2.7002,8.409,4.1414,4.9497,5.3658,4.5483,4.9087,4.0,5.2039,7.2256,8.2317,5.577,4.2611,6.8519,5.3466,7.6856,6.9602,8.0914,6.0568,5.2284,5.7922,3.4467,8.4329,10.8313,8.8646,9.6012,12.0091,3.7547,7.6483,7.2653,5.506,9.1152,7.8375,6.5605,11.8447,6.2346,7.0006,8.1123,9.7927,6.6029,11.6063,6.1662,3.816,8.5675,8.1292,6.7096,7.0711,5.9476,6.7164,8.0154,7.4113,4.3385,3.0006,8.0825,4.8077,3.0006,6.3869,6.2757,4.2081,7.9887,6.8851,3.1852,7.008,8.2023,9.6347,4.1713,6.2068,4.7,3.6091,8.1251,5.4911,4.2289,9.0,5.3573,6.4084,5.3661,5.76,2.0,8.064,7.9068,5.2807,6.1794,7.3121,7.1616,3.0002,6.3596,5.6835,5.3979,4.2631,4.315,5.692,2.0,2.1682,5.1018,9.5308,6.7204,5.7655,6.6329,4.7531,4.7531
39,10.2756,7.4582,15.4249,8.6637,19.3516,10.53,2.7317,4.0793,4.6161,4.4603,11.9121,11.1393,11.5375,11.7881,11.3518,11.7528,8.1618,6.2183,8.1363,12.9339,5.3426,7.3541,5.535,8.132,10.4621,5.4094,4.3141,3.932,8.0003,11.2258,5.8392,8.8807,11.5726,10.1222,15.5631,6.926,9.6179,9.4838,8.6529,8.8308,6.7578,4.0422,9.5113,4.6455,10.1124,10.1938,12.3675,11.6613,6.6848,8.523,7.9891,7.944,4.3377,4.3176,13.4758,10.8111,8.0,6.2781,5.9026,7.8173,5.4897,5.0555,6.0239,8.0001,10.5886,9.3431,10.3847,10.7263,12.1994,6.0286,6.0531,12.5426,9.6139,8.2788,4.4705,11.2227,5.0001,8.0001,7.4447,6.2606,3.0,9.7893,7.7624,5.6119,7.7357,7.0744,5.9116,6.5472,10.2655,8.9773,7.6275,9.9576,8.3008,8.4739,10.9739,5.4269,7.5208,5.3671,5.4814,14.3568,6.7296,9.8368,12.9012,6.8618,6.5828,12.8593,11.022,7.8915,8.2872,9.2524,10.1084,10.5229,9.6468,9.1878,9.1577,4.919,9.9657,4.4225,6.3998,8.8211,9.9273,7.4973,8.8472,10.2714,11.0431,5.7289,8.5985,9.56,9.6864,9.7323,9.152,5.5416,3.5021,6.4994,5.8556,6.67,6.5398,7.002,6.4458,9.4855,5.3639,2.7299,10.3139,3.5024,6.6626,5.8384,2.7399,4.9642,7.2616,6.6583,5.2453,11.8283,9.5873,3.0024,6.3262,6.4023,3.4769,6.0417,5.3193,3.6471,4.8788,6.7107,6.4784,7.9977,6.7244,4.4128,3.5001,2.9644,5.1274,4.5769,3.5027,4.9476,2.7107,4.3158,4.5225,6.5685,4.5932,2.7,4.371,5.0009,6.6315,2.7279,3.8464,5.4627,6.6074,5.5036,3.66,2.0003,3.0016,6.2255,3.7689,4.2898,6.7822,5.8355,3.9902,5.481,3.9512,3.6446,6.7557,5.965,5.9084,4.9274,4.538,6.9262,5.6218,2.7007,5.0968,6.9032,5.6667,4.7822,7.976,7.7082,6.7205,4.6376,4.7879,2.3504,2.9424,5.476,5.2526,3.5026,7.3184,6.4489,4.2063,4.0537,5.3514,5.7699,4.6942,5.6727,3.9476,6.3015,4.5531,6.9766,6.558,7.0439,2.7001,5.1957,4.7174,3.0279,3.7337,3.2831,3.6329,4.8012,3.7309,3.8356,4.8393,4.5706,2.0048,3.5014,3.977,3.6653,3.0014,3.0013,5.0007,6.1422,6.8692,4.7264,5.0007,3.5594,4.0348,5.4414,4.0541,5.1496,2.7002,2.9439,6.8845,4.7568,7.8777,6.3031,5.2124,6.5907,7.6701,5.3605,4.4636,6.4409,10.2518,9.8768,8.7207,7.9243,8.0301,6.6295,11.6863,7.3288,7.8813,8.0414,7.2643,3.811,5.2378,7.5536,9.1404,9.8994,9.183,11.5607,4.492,7.4731,6.955,6.8077,7.1954,7.0466,5.4832,8.2802,7.065,6.0926,7.0086,9.2715,7.4091,11.8885,7.5021,5.5509,9.402,6.6796,6.7124,7.3372,7.0297,7.478,8.0964,7.8003,5.4585,3.0006,7.3273,5.5465,3.0006,6.2097,5.1809,7.4453,8.2503,7.9834,6.0123,6.946,8.1023,9.7206,5.8091,6.2335,4.7,4.587,7.9295,5.3481,3.0001,8.8187,4.7099,6.537,3.5948,6.6703,2.7961,6.7,6.8387,4.9791,9.5576,9.0,8.3095,4.9816,6.3539,7.3747,7.1885,5.8998,6.0736,6.4,2.0001,3.0003,5.7112,10.3153,7.0708,4.99,11.1629,8.6885,8.6885
40,15.2181,7.1433,11.5212,6.7125,17.1388,8.9456,2.8295,2.7001,5.2576,5.2139,10.8752,12.1,13.8595,10.6859,9.8149,12.4622,8.205,7.1527,6.6895,12.3549,4.1624,6.4012,4.777,6.5446,10.5499,4.7859,2.7401,3.6461,6.5257,11.5332,5.391,8.9676,11.413,8.2404,14.8382,4.2657,9.6748,7.9796,6.4631,8.0,11.2032,3.1189,6.0283,3.5,8.7735,10.0643,9.8333,10.6561,3.8405,3.3011,8.2054,6.7091,4.4022,4.2054,9.3958,8.1813,5.1299,5.0658,3.1909,4.4083,2.7403,2.8033,6.4308,8.3187,8.4178,7.0151,9.3125,11.0683,11.6681,3.4357,7.4696,12.5028,8.5947,6.6306,5.0556,10.6341,5.5232,8.4779,8.3861,8.2058,5.9408,10.924,8.6244,4.8626,10.2805,6.9032,6.7932,7.3069,8.9521,9.2508,7.1555,10.8299,7.2568,8.2401,9.6459,4.7307,8.6037,5.8178,6.4382,12.6937,7.0502,10.6799,8.1606,3.5001,8.2477,12.4736,11.806,9.6788,9.1899,11.2746,9.0682,8.8012,9.7111,8.5431,10.2633,2.7109,9.9871,5.8228,5.3633,8.1681,10.0874,8.24,6.6069,9.3213,10.1185,4.0,9.7282,14.1797,8.2936,9.2088,9.2222,6.012,3.482,6.4949,5.0183,8.2401,6.4659,8.0434,5.8367,3.3315,5.1925,2.7299,7.1847,7.6021,6.829,6.1449,2.74,4.814,8.3165,6.3117,5.5062,10.8915,10.5115,2.745,7.961,8.1844,4.5547,4.5404,5.7305,6.9715,5.9069,8.3784,9.6706,6.9644,9.6123,4.8246,5.436,4.2561,6.0641,7.8878,5.4676,6.5861,3.5,4.8218,5.3891,8.3074,5.0013,2.7101,3.6163,6.5891,8.7398,5.0486,8.1842,7.4034,9.9631,8.0003,8.5641,4.9048,6.2482,6.2395,6.9907,7.7864,9.6718,7.0209,6.5788,6.5183,7.7148,6.8612,11.8361,9.4769,11.0168,8.3373,5.6767,8.7056,5.6881,5.3686,6.5709,6.3261,8.1276,6.7977,9.7212,9.0102,8.237,4.7814,5.954,2.7002,4.0622,6.7128,6.3381,5.1998,5.995,5.9923,6.132,5.4921,7.3358,8.0327,7.4118,7.6571,6.7504,7.4269,5.8257,7.6646,6.3137,4.7112,6.1306,6.5963,6.4011,5.6735,6.0263,6.691,5.7041,6.9124,5.7473,6.1988,6.4783,8.3181,2.1129,3.9785,4.485,3.8162,2.7,2.7,7.5591,7.7154,8.6602,7.1016,4.8584,4.4307,7.2835,8.7627,5.0007,7.8267,3.7863,4.2107,7.3846,7.7762,8.9763,10.7584,6.663,6.9082,8.6956,7.6094,4.4304,7.2698,10.3406,9.3668,8.6333,9.5249,7.9666,6.7809,11.6704,7.2817,6.8028,8.6904,8.7485,5.9636,4.7001,5.7187,9.7366,10.2303,7.4945,9.8019,5.7647,7.8364,6.0115,7.3935,7.3916,4.9062,3.6899,8.0,7.0766,4.6918,5.7193,7.5126,7.1608,10.8161,7.2294,4.8732,8.8644,5.606,8.021,7.1248,6.9224,6.9375,7.3514,7.7016,5.0982,3.0005,4.2863,6.2655,3.3511,4.2576,4.3408,4.0001,5.3218,5.76,6.6827,6.7628,6.9797,5.2506,5.0006,5.9543,5.6431,3.5974,5.9307,4.02,3.0,8.0,3.0003,3.5519,2.0773,5.8729,2.8288,5.0629,5.4495,2.7101,6.6065,6.9076,4.0766,4.2875,6.5237,7.5123,5.7378,4.9095,5.8537,4.7405,2.0001,2.961,6.2508,8.082,8.1253,8.6901,14.4543,11.9586,11.9586
41,16.1797,4.7371,10.2605,6.5414,11.9517,7.1846,2.7001,2.7,7.4657,4.2077,8.7672,10.9765,10.1642,7.5851,6.7291,12.6865,7.4531,5.9171,4.6893,11.639,3.3853,4.9479,4.2543,4.9917,8.5305,3.6862,2.73,2.8089,3.905,7.9456,4.8044,7.5302,9.2896,7.3282,12.8543,4.1011,10.8991,8.7108,4.7896,5.4272,7.1112,2.7448,6.8401,2.7299,7.756,8.23,8.7213,10.2291,3.0026,3.0011,8.1443,5.7826,3.3456,3.5693,7.4202,5.3337,3.7906,4.9575,2.7301,2.8117,2.7299,2.7407,6.1866,10.0696,6.7193,6.9555,7.9877,11.394,10.0135,3.1186,5.2316,11.3015,9.1188,6.8537,7.9507,7.45,6.082,9.4089,8.6583,8.9132,8.1723,10.7162,7.6225,3.8289,9.0187,5.4076,5.4817,7.064,6.8573,9.0808,6.9265,10.7953,7.0736,6.3281,9.8186,3.5133,8.8857,6.1466,7.8843,11.5331,6.999,11.496,8.7087,4.1627,7.2921,13.34,12.3718,9.3001,10.1848,11.7738,7.5736,8.5741,13.1124,13.4017,11.2626,6.6358,9.94,5.9192,5.7267,9.3589,12.1106,6.7727,7.977,8.4929,11.7325,4.0,12.4335,16.1496,9.8778,10.0379,9.0585,5.9119,7.3056,7.5537,7.4669,8.2401,7.8233,8.2693,5.5897,3.9436,7.8258,3.2212,8.1874,6.1738,8.401,11.7822,3.0022,3.6801,7.5718,8.8318,6.0508,11.3602,9.8736,7.1776,8.0992,7.2384,4.0011,7.1184,7.379,7.0209,5.9413,9.9474,10.2959,6.0941,13.6814,4.7069,5.3472,3.6463,8.6986,8.2663,6.0142,8.5286,4.2865,5.8338,6.7729,9.3277,5.5163,2.7,7.7835,6.936,8.339,5.9085,10.6182,9.6243,9.7119,9.7871,9.4947,5.4798,6.1472,8.9032,9.7965,11.5301,10.8446,10.0,9.5786,8.2399,9.2532,10.0658,15.045,12.121,11.3887,13.108,8.9956,10.337,7.9775,14.4774,8.1448,9.2119,8.9172,7.8883,10.1776,11.5319,9.6745,6.544,6.9634,2.7101,3.9971,6.4341,7.0147,5.9102,7.9006,6.7865,7.1769,5.4631,6.4057,8.0001,7.7732,8.3541,6.2044,7.8752,6.9512,8.0,7.5103,6.1345,6.6152,8.7598,7.6584,7.9729,7.1998,7.5273,8.0597,8.8917,6.83,7.0951,6.0913,6.8756,2.7,4.6381,5.1126,5.9421,4.7461,5.6384,7.231,8.3548,8.5411,7.4365,8.1742,8.7758,8.8488,8.2045,7.603,7.1672,3.629,5.8035,7.7347,9.99,10.4877,7.7667,8.4216,9.6883,8.6998,6.6477,4.5259,9.1154,8.1882,8.9463,9.2748,8.7402,8.3121,8.2095,10.9958,7.5714,5.3813,8.487,9.4943,6.3032,6.1845,7.328,11.2358,10.6732,6.9217,13.0924,7.2573,7.2852,6.4756,7.7788,6.4811,7.6405,3.4443,5.8582,7.9942,3.4953,4.0,6.7446,6.2953,10.0162,7.246,5.316,9.3376,4.1883,8.0957,7.3213,3.0204,5.7001,6.8351,4.0205,5.2002,3.0005,3.0006,5.5105,3.0011,4.6982,3.8729,3.0006,4.0,6.8428,5.8487,5.276,6.7652,4.3264,3.9051,5.3001,5.5069,3.0,6.4767,3.0,3.0,7.4529,2.0008,2.5711,2.0009,2.5622,3.0001,3.0,3.1672,2.0001,4.9127,5.1717,2.6359,3.8833,3.0314,5.9259,3.2836,3.5,4.3955,4.0812,2.0001,2.0001,6.7098,3.523,5.6879,5.3345,11.7906,11.2544,11.2544
42,11.9765,4.325,10.7437,3.5076,8.0004,4.5433,2.6999,2.7001,9.4087,3.537,8.1548,8.0,10.3346,6.8719,5.7887,11.5572,5.8747,4.8339,3.1308,8.2315,3.5,2.9341,3.4925,4.0002,5.822,3.5027,2.73,2.74,2.8601,4.558,5.4277,6.7875,6.2958,3.5001,8.24,3.5,10.1691,6.5438,2.73,3.4997,4.6629,2.7399,4.6132,2.6998,5.6271,5.3804,5.7473,7.4318,3.0026,3.5029,8.0112,6.1158,2.7399,2.74,3.9012,3.8892,2.7401,6.3836,2.7101,2.7101,2.7301,2.6407,5.6048,7.5015,4.177,3.949,6.7447,10.343,8.9681,2.74,5.6138,11.4064,6.8517,4.7199,7.0737,4.172,5.8561,12.2969,7.7582,9.1842,8.7704,10.5289,8.3029,3.5031,10.1118,6.0063,5.0009,6.0824,6.623,7.4203,6.8302,10.8636,7.4119,3.7406,9.5883,4.8305,7.936,6.2242,8.274,11.0612,8.0209,9.8294,9.9101,7.7569,7.6202,13.9015,9.8574,11.2368,10.1884,11.7422,6.9039,9.178,13.8461,15.6057,4.5472,4.4583,9.7891,3.0015,4.0296,7.9945,11.0396,5.591,8.145,9.3977,10.0242,4.0,12.9708,17.7713,10.4154,9.0724,9.2436,4.9221,5.8585,10.2619,10.9749,7.5747,7.6379,8.828,6.7572,5.5923,9.7283,5.6182,7.7502,9.4257,11.4157,12.7823,4.7222,6.885,12.0243,12.2522,9.2592,11.7426,11.6101,5.9684,8.0003,10.3552,4.8149,9.6742,10.7413,8.8393,7.0872,12.9135,8.7675,8.6574,15.193,8.3082,9.4529,3.5028,7.3555,10.3886,7.5722,10.2183,6.2819,7.7066,7.3053,9.6342,5.62,4.6248,9.9157,8.1194,8.7613,7.1058,10.3314,9.7924,8.5676,10.7501,10.5161,6.777,7.6901,11.3735,9.4613,9.5558,11.0134,10.9398,8.9156,10.4909,10.5073,11.1331,17.782,13.4028,12.8709,15.0906,11.87,14.8057,11.6655,12.3608,9.2637,10.4329,11.3694,8.5265,11.0788,10.5526,9.5062,7.037,9.13,2.7307,6.0988,8.5762,8.377,8.2929,7.9712,7.4928,7.5811,6.3911,8.3108,8.4163,8.2494,10.451,9.5822,8.0001,7.126,7.0301,8.3592,8.0847,8.4088,9.7001,6.9504,7.8448,8.3726,8.0107,7.9699,9.4276,8.9815,9.7101,7.3917,8.211,2.007,7.699,7.8199,4.5852,7.2791,8.7001,9.1924,8.7153,9.6327,7.1946,5.9,11.6957,9.2773,10.9234,7.7419,9.8124,3.014,6.4383,9.4564,8.5804,10.9647,7.8622,8.5951,8.8177,9.0831,8.5611,8.5305,10.0607,8.2217,9.99,9.4216,12.4826,9.7001,10.7861,12.5594,6.9264,6.8042,9.4197,10.1987,9.4958,7.9225,6.5409,11.4142,10.8999,6.0857,4.0,8.8304,7.4195,7.4265,8.0365,9.2889,7.487,4.1468,4.6112,4.4452,3.8872,4.3046,5.3122,7.4573,8.7057,7.3095,5.8962,9.0732,3.7523,7.4167,7.0979,3.0,5.9089,6.9358,3.0007,4.3267,3.001,3.0006,9.2516,4.064,3.0625,2.7,3.1098,3.7365,4.8639,5.8166,4.8004,6.0954,4.0001,4.0004,4.5275,4.7001,2.0,5.8968,4.2333,3.0001,4.3873,2.0001,2.0001,2.0001,2.0001,2.0,2.0,2.762,2.0,3.8613,2.4068,2.0007,3.0001,3.4013,5.3533,2.5742,3.0,3.7816,2.3772,2.0001,2.0,5.1695,4.121,4.0,3.5001,9.0011,4.6077,4.6077
43,8.3007,5.1786,9.6658,4.3756,7.3414,3.5022,2.6999,2.7,13.1861,3.5023,8.7872,6.9657,6.028,5.4405,4.4913,9.4109,4.2718,3.9726,3.0433,5.4229,3.5,2.73,3.333,3.5033,3.2056,2.7101,2.7303,2.7301,2.7,4.0,4.7774,6.2507,7.5748,2.74,6.0358,3.5034,8.662,6.2059,2.7,3.1798,4.6196,2.7399,4.1859,2.6998,5.409,3.9073,4.1329,5.149,3.0026,3.2629,7.4717,6.2705,3.0001,2.74,3.368,3.5694,2.73,6.8853,2.7101,2.7,2.005,2.3607,6.5301,7.5636,4.0174,3.431,7.3001,10.8588,4.7104,2.7401,7.2969,9.6869,4.6219,4.8637,8.1084,3.6985,6.3937,13.7655,8.779,9.1834,9.1286,8.6812,9.5112,4.5735,9.3947,4.8858,5.0009,6.5994,5.8239,6.7011,6.2282,11.2565,8.2616,3.7211,9.7137,4.7807,8.2298,8.2056,9.3578,10.9491,8.1649,9.2602,12.0313,8.307,8.094,12.8874,8.0268,12.1537,9.8592,11.5861,6.7573,7.2675,14.9528,14.039,6.0169,4.3259,9.7333,3.2481,4.2066,7.6408,10.7896,6.4786,6.5058,9.4687,12.1139,5.4914,13.1315,14.4768,8.8205,7.1644,9.1466,4.1516,9.4495,12.0884,11.3144,8.4944,7.7765,9.6407,5.8665,7.4384,12.276,3.448,8.5533,10.5356,12.8664,12.2332,3.1429,6.2276,11.4765,10.6516,10.443,13.847,14.1878,10.057,11.0535,11.2595,6.3527,9.2529,11.1126,7.1921,7.6614,10.7112,7.1171,9.3191,14.7162,8.9917,10.0967,6.5431,9.589,10.1133,8.7494,10.0852,5.9299,10.0858,8.3639,11.831,5.9767,9.2148,12.3607,16.1293,9.6781,9.1793,12.2828,9.7078,12.2988,16.17,16.4248,8.2482,9.7161,12.658,10.9021,12.2584,11.8805,10.031,9.8963,11.0221,9.9967,10.2437,18.0307,16.2903,14.2502,18.8184,11.5315,12.6953,10.9468,12.7803,12.3746,10.7602,13.4196,9.7547,10.9102,11.2121,9.7402,7.9205,7.1585,2.7306,6.8522,7.3225,8.6877,7.7181,8.0,6.898,7.4174,6.3677,7.3602,8.9537,9.0124,10.4844,8.4772,8.2315,6.3267,8.0,8.0,6.334,7.7205,9.7101,7.804,8.0985,8.8097,7.7027,8.6834,11.0843,9.0168,9.8094,5.6771,8.0706,2.0009,5.53,7.9658,5.0527,8.2545,7.9164,7.9244,9.2701,11.004,8.8718,7.6474,9.95,10.4569,9.7301,7.9887,8.6331,4.581,8.2655,9.7635,9.99,12.2668,7.4191,7.8926,7.7306,8.8777,8.3296,9.6382,9.5055,9.9256,9.8364,9.9524,12.7884,9.1403,11.19,14.1809,7.7815,4.8834,10.0419,12.0046,12.3564,4.5413,4.8908,10.3412,12.2776,6.4567,11.032,10.3888,6.6822,8.7171,8.3835,9.7453,7.8932,4.3649,3.7028,3.3541,4.5398,2.7658,4.0788,8.358,8.3675,7.4301,6.134,8.3761,3.3153,5.8882,7.5877,3.0001,5.7204,7.5199,3.0005,3.0005,3.001,3.0008,10.4408,3.7728,2.7,2.7,3.0006,2.9138,3.0009,4.8774,3.5692,4.5851,4.0001,4.2228,3.6184,4.5446,2.0,4.7861,3.3747,6.6215,5.0,2.0001,2.526,2.0,2.0001,2.0,2.0001,3.0,2.0,3.0002,2.2492,2.0,2.9471,3.0003,5.784,2.7009,3.0,3.1305,2.0003,2.0,2.0,4.1677,2.5517,4.1683,2.806,7.3327,3.5515,3.5515
44,7.0741,3.5042,7.7214,3.5001,5.4919,2.79,2.6875,2.7,12.5262,3.0104,7.5006,5.2379,5.1868,4.4113,3.3476,7.7744,2.7001,3.8254,3.3932,4.9652,3.0018,2.74,3.5025,3.504,2.7349,2.7102,2.0002,2.0005,2.7,4.0,3.1359,4.7549,5.6243,2.74,3.7997,3.0014,8.1513,5.3867,2.73,3.0478,4.3217,2.74,3.1993,2.6999,5.1636,3.5046,4.1445,3.504,2.8917,3.0012,8.065,7.6865,2.74,3.0012,2.7402,3.0017,2.7299,5.6684,2.6999,2.4385,2.0001,2.7401,6.4352,12.7217,4.0001,3.6679,6.9306,8.4362,3.5567,2.74,5.4959,8.5727,3.351,3.538,6.7737,3.9602,5.4314,13.73,9.376,7.2406,9.0274,7.5715,9.5466,4.0357,9.9764,5.4685,4.4834,5.4226,4.7216,5.9053,5.7248,10.0798,6.6469,3.0838,8.8849,3.5692,8.6173,8.4403,9.4088,9.5358,7.6474,11.8606,9.7805,9.468,7.969,12.8366,9.6176,13.4854,11.5289,11.7183,6.7223,6.8195,14.9934,14.0063,6.228,3.2187,8.6939,4.1276,5.1734,5.9802,8.7056,3.0026,6.0314,7.5881,12.246,6.5348,11.7769,12.1461,9.1938,7.4425,9.0119,4.5868,10.9971,14.9131,14.6797,11.2669,8.7289,9.003,6.6253,6.8968,11.9824,2.74,8.8234,11.7891,14.7005,9.3937,7.595,6.7797,14.4209,8.3798,10.2176,14.0535,13.3855,10.1755,12.6628,12.4914,8.2379,9.5146,13.2082,9.4341,11.9089,13.7076,10.3387,13.4155,15.9578,11.0449,13.299,8.206,9.7818,11.7996,10.5989,11.8148,7.2329,10.6395,9.3091,14.0481,6.7914,10.6942,14.3791,15.7625,11.9092,11.2662,12.6528,11.9329,16.2323,18.8816,20.3917,9.2737,10.5861,16.7236,12.6051,13.6777,15.5518,14.5817,12.4957,10.8241,11.8163,14.4896,21.5562,22.8177,20.3194,23.9051,15.5724,16.7983,10.706,14.8322,14.8879,12.1406,12.9863,10.8687,16.0682,17.561,15.2291,9.2815,9.1242,5.8445,7.8993,8.5099,9.8353,12.5074,13.0966,12.3476,8.3045,7.8183,8.1276,11.5971,8.0103,16.0385,12.8356,12.6901,9.12,9.893,12.3355,8.063,9.0976,8.2641,8.0592,7.5341,9.0213,8.9017,11.3281,15.0661,10.6954,9.587,7.7025,11.3635,2.6151,7.3723,7.8008,6.163,7.8549,8.7475,10.4126,10.298,15.443,9.9172,6.0212,11.9465,10.1301,12.3348,11.2515,12.7862,9.7037,10.6321,9.99,11.5284,16.8486,8.71,8.7825,8.2429,9.5121,9.7125,9.579,9.4386,11.3705,9.99,10.2872,12.6424,9.4822,11.091,13.5487,9.0074,6.5031,10.0385,11.5429,10.6778,4.7,4.709,11.1409,11.9255,8.1652,7.5732,10.723,7.7616,5.798,9.475,9.2389,11.3245,3.0006,2.7002,2.7001,4.4761,3.8362,3.6885,8.572,7.3628,7.6382,6.7277,6.7276,3.0005,4.701,6.2192,3.0004,7.0493,7.5002,3.0005,3.0005,3.001,3.0006,14.3049,4.0001,2.7,2.7,3.0006,2.7,2.9759,5.0451,3.5265,4.3528,4.1237,4.6126,3.4482,4.6807,2.0,4.0783,3.045,4.827,3.3013,2.0001,2.7816,2.0007,2.0,2.0,2.0,2.145,2.0,2.5654,2.0001,2.0,2.7357,2.9621,5.5383,2.0001,2.0001,3.0001,2.0001,2.0,2.0,3.0724,2.0005,3.9136,3.5,6.8266,3.0535,3.0535
45,12.3742,4.2751,6.4046,3.6574,4.8062,2.71,2.6999,2.7,10.187,2.6999,5.4664,4.7953,5.234,3.8111,2.9435,6.8302,2.7001,3.7143,3.5027,4.3857,2.948,2.73,3.0018,3.7477,3.7729,2.71,2.0,2.2373,2.7001,3.5,3.0293,4.5232,3.7133,2.7398,3.5812,3.0014,6.879,4.8797,2.6999,3.0019,3.7121,2.7397,2.7302,2.2737,4.315,3.5044,4.1023,3.6946,2.7401,3.5001,8.2365,8.8775,2.7399,3.1773,2.7399,4.0073,2.7401,5.0603,2.7101,2.4984,2.0001,2.7401,3.9999,6.4372,3.5,3.5043,6.8917,5.8079,2.743,2.73,6.8611,9.0447,2.74,3.6167,6.558,4.2115,8.1733,15.3758,7.4413,5.3316,10.1467,7.692,10.7644,5.9829,9.0657,5.4586,5.8088,7.3564,6.3547,7.3596,7.7382,12.3694,4.6254,3.8293,8.4572,3.3323,8.7534,9.7807,10.5794,7.4994,7.0814,10.7571,10.3281,9.8484,8.3464,12.662,9.3262,14.83,11.0342,10.5044,8.0988,8.15,15.0613,16.329,7.2254,5.3003,9.1907,4.3984,5.4218,5.9006,10.5128,4.5586,5.0924,10.1692,15.5667,9.5442,17.0213,13.0842,9.4197,7.1516,8.8242,5.4346,13.4031,13.9174,15.9755,14.3472,10.1463,8.7678,7.4666,7.3835,12.1752,2.7401,11.579,13.1653,15.8651,9.2183,9.9037,10.4692,17.0675,9.2318,12.1776,16.1548,14.9266,13.9247,15.5937,18.8585,8.8663,14.1197,14.1872,10.1009,12.7275,10.3197,9.9184,16.2053,16.1839,10.3292,12.8703,9.9238,14.7214,10.9908,10.1755,11.4485,7.2164,11.1798,10.3875,15.5014,4.93,11.9152,14.7778,16.2722,12.4727,14.2613,16.2225,18.1637,20.1106,23.0633,21.8012,11.1012,12.4227,15.5827,12.7796,14.4527,14.4873,12.9728,13.1271,11.8948,11.0787,14.3338,18.5767,20.6336,18.3224,25.3475,18.5725,16.8783,11.1328,15.8411,14.2969,13.2515,11.0405,10.9051,12.6635,13.4682,12.7579,6.9871,9.4359,7.3116,8.2202,7.6617,9.7278,13.2499,12.0316,11.3881,7.3576,7.8817,8.0493,9.7075,9.5953,14.3461,12.0421,9.8308,8.4435,8.9796,12.0585,9.5241,9.384,7.8644,8.0,9.3577,9.9669,8.8739,12.6852,15.1702,9.8506,11.9116,8.6731,12.5956,3.0014,7.9178,8.0781,7.8138,9.5776,9.3747,10.0509,10.2748,16.8326,9.99,6.3437,11.4858,11.621,13.3898,10.8984,14.5431,11.8335,14.1254,9.892,17.602,13.6511,8.2138,9.0923,7.4355,8.9171,10.8457,9.3017,12.8831,12.1837,9.99,9.8261,9.99,9.99,12.3806,10.2675,8.8627,6.5467,9.0443,10.9473,10.1121,5.516,5.206,10.0572,12.379,9.1142,8.6649,10.9619,8.1677,5.048,6.4002,6.3401,10.1495,3.0006,2.7002,2.8252,3.8002,2.7001,4.7504,9.4224,7.9021,6.6667,6.7826,7.143,3.0005,4.352,5.1206,2.7,5.5663,7.4571,3.0005,3.0005,4.7875,2.7002,15.837,3.7072,2.7,3.0009,3.1274,2.7,3.0,5.6467,3.6886,4.1499,3.9241,4.8621,3.2236,4.1529,2.0,3.569,3.0,3.0001,4.2229,2.0001,2.5518,2.0001,2.464,2.0001,2.0001,2.1238,2.0,2.3649,2.0,2.0,2.8976,2.0008,4.4382,2.0001,2.0001,2.6641,2.0,2.0,2.0,3.2026,2.0,4.2378,4.0294,6.8061,3.0206,3.0206
46,10.9872,13.2586,7.866,6.2383,5.7189,2.7407,2.71,2.0041,10.0022,3.8269,4.4341,8.0,8.0306,4.5891,3.5134,8.5376,2.9357,5.7041,3.5028,5.3156,3.0017,2.71,2.7144,3.8396,3.9953,2.7101,2.0675,2.7408,2.7101,4.0,4.0922,6.8733,4.6201,3.9081,4.0022,3.5,5.5479,6.274,2.6999,3.0019,4.5953,3.1093,2.9262,2.3234,6.5268,3.0024,3.5037,3.5627,2.7456,6.7134,7.3161,7.7882,3.4272,3.2668,2.7399,3.5749,2.73,3.2769,2.9914,2.7099,2.0001,2.7399,4.8785,6.1664,3.3098,4.3624,8.0626,5.8752,2.7428,2.74,10.3698,8.4732,2.74,6.0592,6.2514,4.4065,8.008,11.7322,8.7012,4.1617,5.9675,6.3245,11.0301,8.313,8.6864,5.0006,5.2529,9.676,5.6025,6.0916,9.5801,9.7404,3.629,7.251,9.3475,4.0,8.4972,9.3066,11.5054,8.5178,7.2588,10.0285,7.3754,8.5551,8.2767,12.0528,8.3257,10.713,9.1867,9.4891,10.2287,7.934,13.3977,15.3192,8.9234,5.0431,7.7911,4.5747,6.1468,6.1859,10.6769,4.316,6.0484,10.1888,14.7579,11.0915,14.7465,12.9865,10.9147,5.1706,8.6133,5.5301,13.4635,12.2059,12.2939,16.5848,8.4404,7.9825,9.9331,8.5641,12.4441,3.595,12.94,12.3652,13.52,7.6491,11.1983,11.2561,14.2292,6.8166,9.6235,11.6772,13.3473,14.3354,11.927,11.7251,7.579,7.4628,9.7553,6.8258,10.6727,8.2972,8.2033,12.8687,12.7245,7.7274,9.1718,11.1369,11.8054,6.5451,7.7887,8.2916,8.2336,11.5761,10.2349,12.4447,4.1089,11.0702,12.2456,10.9811,12.5515,13.5427,11.6531,13.1916,13.9568,16.3881,11.9136,9.3779,8.4011,11.2335,9.4729,10.3756,13.0319,10.6038,11.9898,10.3207,8.4174,12.4014,13.8093,11.4722,12.5939,19.9484,16.8035,12.4213,8.2523,13.2017,9.3316,9.6154,9.8503,8.4171,12.1201,11.4743,9.9414,6.1966,7.1622,6.5647,6.7794,6.7439,7.578,7.4978,6.7377,7.5907,7.5944,8.5089,7.471,7.1547,9.6019,8.2434,7.5964,8.0,6.5474,6.0424,8.0,8.5332,6.4808,8.2175,7.3976,9.3856,9.4867,7.896,9.8406,11.3955,10.013,12.6195,13.5859,9.6234,3.5424,7.4148,7.6355,6.0547,8.2048,9.9123,8.1563,9.2943,12.2292,7.3816,4.9565,10.9015,10.2665,9.5169,6.7733,6.2548,7.3644,7.2273,7.2244,10.5855,9.8925,7.9683,8.142,7.485,8.6139,10.0929,9.6768,12.2104,10.0789,9.5622,8.5376,9.1415,9.7101,12.4813,5.4753,8.7889,6.7514,9.1195,9.034,8.0553,7.9457,4.71,9.2797,11.0581,9.305,11.6412,11.1668,8.6545,8.8368,6.5883,4.6902,8.2,4.5853,3.6727,3.9506,5.2906,3.5454,3.8571,9.4672,6.3952,5.0725,8.4936,9.1411,3.5654,7.4745,5.8144,3.0004,7.5562,7.7311,3.8524,5.1817,9.7536,4.0001,20.9886,2.7001,2.7,3.5806,3.0006,3.0,3.2004,7.2336,6.3953,5.4372,4.1954,4.7001,4.6681,6.9444,6.1507,5.6765,3.0,4.0003,10.1027,4.7552,7.0222,3.513,4.3331,4.4451,4.1256,5.5841,5.3354,5.0,3.0001,2.0001,5.1453,4.3186,5.9794,2.0589,3.5,5.0047,2.001,2.7011,2.0,4.2938,2.0007,6.5873,7.1937,9.8952,7.131,7.131
47,19.085,21.9702,15.6359,16.1272,14.032,7.2728,8.2307,4.6239,15.172,8.8455,11.3524,14.644,12.4211,11.0486,16.9728,13.4544,8.8106,13.2424,8.0003,15.1702,15.5852,2.7301,3.4138,10.2992,11.2122,7.9975,4.0455,11.5943,5.5211,5.4604,9.811,9.6602,7.8576,9.6149,8.24,3.406,6.5637,9.5073,3.0619,3.5042,5.3295,8.3281,5.227,2.7298,7.5067,3.0019,3.5036,3.8175,2.7401,9.12,6.1549,8.0,2.8119,3.6431,2.7407,4.8798,2.74,3.5001,4.809,4.8295,2.0001,2.7401,3.9999,7.5314,6.0751,6.601,7.3277,9.2328,4.4672,2.7401,12.6754,10.7999,4.6494,5.0218,6.6994,6.5321,7.2999,10.0417,6.7653,3.6,3.9847,6.0589,11.7568,7.0838,6.7436,3.0016,4.3984,11.8151,5.5814,4.7447,10.2628,12.1606,2.8162,8.0702,11.6534,3.5297,8.1819,9.7237,12.1563,6.92,6.1432,9.0328,6.0528,7.5871,8.0258,11.016,9.3873,9.0826,9.2914,6.5275,9.5268,6.0105,12.697,12.8588,9.6192,3.9073,5.5808,4.0,6.4834,9.7917,9.4337,3.6319,7.6967,10.6486,13.2041,9.4263,11.5455,11.0323,9.2278,5.2136,8.7675,4.646,10.3325,10.2017,9.7981,12.3924,6.7027,6.3998,8.8385,8.3722,10.0664,4.1061,9.2215,10.3811,9.5735,2.8981,8.444,7.4991,12.0973,6.1814,8.2611,8.8703,10.8611,11.333,8.7067,10.4531,6.827,8.3165,7.4866,7.314,8.7297,7.1297,8.6894,10.1342,11.6284,5.7566,5.6822,7.9623,10.3774,6.7597,6.9569,7.6533,7.3401,10.8674,10.4607,11.7325,3.6053,8.118,10.4905,9.0016,9.1504,9.3239,10.4154,10.7799,10.6776,10.7722,10.9306,6.8876,6.6902,8.0842,7.5588,9.1724,12.0291,7.0066,7.6226,9.3243,7.7325,9.2402,10.7664,8.8911,10.984,15.3725,12.7989,8.1446,7.4459,12.1999,5.8177,7.9023,6.7738,6.7678,10.3457,12.0394,8.8722,5.4256,6.4779,5.1085,5.8429,5.1593,7.2261,7.1665,5.4261,6.1936,6.4453,7.967,7.5333,6.0427,7.3459,6.7253,6.0907,6.8331,6.3478,4.0,7.1848,6.83,5.7104,7.0396,7.464,7.5294,8.7838,7.4494,7.8127,9.0554,8.7295,11.2574,9.0395,8.0001,2.7007,7.6565,6.9698,3.7588,6.6447,8.0246,8.4182,8.7734,8.918,5.862,5.0004,7.6678,8.2796,7.6684,4.7074,5.6633,3.9595,6.8525,6.8771,9.5267,8.472,8.0919,7.2226,7.3818,7.1952,5.1971,7.1325,10.1879,9.6589,9.6723,7.3653,8.9879,9.7101,8.9308,6.4692,10.0798,7.2721,8.2101,8.3453,4.4663,9.2012,5.4976,8.2403,14.5254,9.1726,7.308,11.0242,11.4687,7.6611,14.7924,8.3782,10.2858,15.4193,9.4946,7.673,14.6178,8.4883,10.2726,9.5067,7.4244,6.4035,9.4284,10.425,8.9001,10.3559,10.0788,8.1224,12.4375,16.3404,10.9389,9.9653,18.6039,8.7829,21.3834,14.5146,8.1182,9.6662,10.7985,11.9871,5.7613,7.0096,9.743,12.5597,8.2,8.5705,11.6349,8.0,11.6675,9.9074,10.5229,7.4687,16.4027,8.1247,11.2794,4.8054,9.0,8.837,11.4049,10.2366,14.0984,11.5454,5.0855,5.3272,14.498,9.1829,10.4323,4.6201,5.3768,9.0912,7.8789,10.5978,6.4839,9.8818,7.3553,11.8539,12.2603,14.8832,16.5543,16.5543
48,13.9483,19.4631,10.63,8.9269,11.5677,5.9697,7.4278,5.6612,8.8289,6.3823,8.2519,11.9337,12.0573,10.6127,11.9217,12.9776,6.6865,11.7162,6.2677,10.814,13.1161,2.9395,4.8369,12.7284,13.4351,8.211,7.204,11.3917,7.6043,7.7598,11.2904,12.8597,8.5818,11.7918,12.995,8.959,13.0376,13.6413,5.9624,3.5036,3.5001,11.8471,11.2856,6.8117,11.1323,3.9929,7.1729,7.1337,4.0,13.4129,9.0099,10.1203,5.0924,7.0139,5.1851,11.124,6.5037,6.2969,12.0815,8.8049,2.7401,4.2014,10.1685,10.8421,11.1337,11.0471,10.3612,10.385,9.8931,5.866,15.7822,11.6486,11.7306,9.8231,9.1066,7.8925,11.9383,11.0543,8.4664,5.4295,5.0014,8.1456,14.743,9.7126,8.4503,6.3984,7.4353,13.6895,6.6398,6.5471,11.5348,12.4755,4.8311,13.6875,10.9485,3.9998,9.1141,11.6758,12.7567,9.0553,7.0206,10.1421,9.2602,7.8453,10.1771,10.0004,7.2271,8.4498,8.5945,7.4452,11.9277,8.9945,11.0905,11.5734,12.9402,4.1662,3.9902,5.3215,9.1794,10.6008,9.213,6.1694,14.4403,8.6711,11.1159,7.6921,10.408,9.7678,7.6378,4.6063,8.896,4.0212,6.549,7.2466,6.216,8.7337,5.2375,5.133,10.0052,6.5457,7.8954,7.9991,8.5226,8.0001,9.1822,2.7401,7.4451,5.5373,8.2841,4.7201,5.8129,9.6009,9.3464,7.2995,6.8759,6.4895,5.7566,6.6399,3.5393,5.8955,7.4934,8.1238,6.603,8.2899,7.7117,3.9276,6.1482,8.932,6.0132,5.4565,5.8853,6.2607,5.3819,7.6587,6.8075,8.6064,3.0388,3.5903,7.4498,8.4799,7.7748,7.457,8.8784,8.9401,7.798,8.6873,9.0307,5.5352,6.0557,5.2812,7.4805,10.3299,8.1435,6.8118,8.1788,7.3611,6.0638,7.1315,11.8399,6.4542,8.3094,10.9018,9.4102,8.2136,5.8441,9.3424,5.5309,7.1508,7.0922,6.4069,8.4654,11.5275,8.6033,4.8785,4.4648,5.3957,5.3335,4.6133,5.8585,6.8159,3.9405,4.3415,5.4057,6.1001,6.5413,4.715,6.4504,5.2599,4.3967,4.2699,5.7415,5.4133,5.0711,5.4281,3.6801,4.378,6.9013,7.3877,7.2784,7.3824,6.3411,7.2591,5.5832,8.0291,6.9564,4.7798,4.3503,6.1856,4.3259,3.7973,4.8552,7.9284,6.1928,8.0,7.3328,5.1832,3.4258,6.6935,8.6351,7.6922,4.0001,5.6084,5.4723,4.9174,5.8299,8.71,8.1189,9.7001,8.0465,8.6615,7.981,6.8719,8.1419,9.9811,12.5738,9.7999,7.1523,7.0072,9.7101,8.8696,8.2101,13.2962,8.1442,9.0401,8.2394,4.0,10.7521,9.6652,10.1902,13.2505,10.816,11.835,10.8171,10.7426,9.1641,15.7044,7.8393,9.5204,12.0182,8.4504,5.7895,9.1153,5.3518,6.5949,7.5895,5.7172,3.0,8.5317,8.2524,8.1388,7.5777,8.3041,7.9604,10.5175,13.0574,4.2919,5.9731,11.8386,6.0515,16.7034,12.7399,3.6467,6.9226,8.0265,7.2482,3.4547,6.1878,8.2829,7.5528,7.5002,7.8432,10.6294,7.7408,8.3367,6.8731,8.0,3.4908,11.4769,8.0797,10.2103,5.8558,7.2657,5.967,4.2577,6.1322,7.2507,7.7887,4.1644,4.0001,6.6986,3.3961,7.2808,2.4187,3.7348,7.6747,4.7689,10.2637,4.2293,8.3326,2.3093,9.8591,10.1216,11.921,11.921,11.921
49,9.2534,15.0145,8.0001,9.6036,8.0303,2.8148,3.8976,4.5651,3.5,3.9738,3.2786,8.8646,10.2696,9.2376,11.6043,10.6337,3.3178,8.3299,4.4257,5.7981,10.4915,2.71,3.0018,9.372,10.8838,6.0377,2.7406,10.1142,3.4433,4.0005,5.7866,10.2601,3.7256,3.0031,4.99,3.9947,5.9851,9.591,4.0,3.4998,2.7102,9.0807,7.9402,2.9962,9.854,2.7302,3.8053,3.5043,4.0001,12.4765,5.4107,6.0942,3.8982,5.7497,2.8998,8.46,4.6123,5.0137,10.0228,8.8872,2.7448,6.0434,15.513,11.4493,10.3802,9.9257,6.8043,10.1889,10.364,4.5585,11.0718,6.8079,6.5605,7.5019,6.2158,5.4335,9.3384,6.9283,6.7226,5.7313,8.0896,8.5872,14.3314,8.3581,7.6373,8.095,7.4515,15.7798,7.6605,6.9019,13.701,17.1647,5.9232,20.1809,13.2445,6.8607,11.1248,13.7286,18.6629,11.7404,13.6672,11.7917,8.3896,12.6985,14.3422,13.178,7.87,10.4503,13.14,7.1751,23.8835,12.5063,15.4247,15.1613,25.5449,11.5112,7.4245,8.4501,16.4451,27.4573,12.6529,15.4676,25.0689,9.4492,10.7898,8.2301,9.7623,10.8276,10.236,7.5557,9.2147,3.5004,8.7596,6.8819,8.0978,9.7186,6.1039,6.7165,13.3539,4.3214,10.6499,16.1566,8.0001,7.3931,8.2065,2.7405,6.857,5.5917,7.4289,3.0448,4.1456,9.0983,8.045,6.6794,8.8217,7.0939,5.2368,3.3879,3.3978,2.9245,4.1209,4.9043,4.9399,4.5533,4.416,6.2311,5.463,7.4505,5.8005,2.8015,3.5762,7.6762,4.9643,6.5429,4.9677,6.3992,2.7001,3.4129,4.572,5.39,6.9649,5.6843,5.6821,6.9326,6.7784,6.1085,4.968,5.5388,4.4402,3.8388,6.244,7.1611,6.2913,6.2384,4.986,6.574,4.8181,4.2244,6.0792,5.2628,6.6962,7.7238,6.936,7.3612,2.7478,5.6342,6.1267,5.3907,3.0107,4.7059,8.2321,8.9716,4.7522,5.1105,2.7109,4.8008,5.1967,4.9925,5.5309,6.3853,5.0965,7.1296,4.7347,5.9146,6.6276,3.6032,8.2778,5.6812,5.7867,2.7002,5.9222,5.8946,6.7353,3.342,3.0013,2.7002,6.5262,7.8188,6.841,6.2067,5.2818,6.0544,4.2392,7.6795,5.5207,8.2512,5.9901,4.7201,2.7001,2.8612,4.5389,4.2534,5.8207,8.749,5.9045,5.3584,3.0763,6.1181,7.6956,6.2267,3.4743,5.7711,3.5023,4.7275,6.8237,7.0179,8.814,8.263,7.6115,7.487,5.1207,4.0,5.2739,7.0008,8.7506,8.22,5.7763,4.0001,8.1332,3.6939,5.6606,9.0436,4.4052,4.4407,4.8011,2.9915,6.9444,5.44,7.1539,9.203,7.7341,10.6653,9.9105,8.13,7.9641,12.1034,3.345,5.1111,9.9044,6.6782,2.8321,6.6472,4.0001,3.9102,4.0438,4.4225,3.0009,6.3359,4.6718,7.0003,7.2605,5.2671,6.2343,8.7746,9.7503,3.0005,3.6529,9.0727,4.0,7.5002,11.053,4.2897,6.7529,8.0421,4.3258,2.0365,6.0291,6.751,3.2887,6.6617,5.0006,5.4348,5.8081,4.0894,4.4449,4.0234,3.0002,8.0431,6.3238,7.5377,5.5866,7.7533,3.7999,3.0001,4.71,7.048,5.8659,2.1139,3.0,6.0047,2.0006,6.8136,2.0001,3.5,6.6719,2.769,7.4113,4.1906,7.074,2.7333,9.0,9.9679,14.526,14.526,14.526
50,5.6257,12.3624,5.939,9.3102,6.3926,2.7101,2.7136,3.5316,2.9888,3.844,2.7,8.5984,8.9733,6.0381,8.7898,7.1688,2.7001,7.3506,3.7819,4.0358,10.4555,2.7101,3.5,10.1332,11.2099,4.3169,2.7405,4.4024,3.5032,2.7304,2.7402,9.7165,3.1163,3.4999,3.3891,2.73,3.5025,8.4094,3.4009,3.3751,2.71,9.4807,7.4567,2.73,3.5001,2.7302,3.0017,2.7401,3.0028,10.9596,4.1935,3.0027,2.762,3.581,2.6973,5.0564,3.9658,4.8935,9.0843,6.1927,2.7401,6.6205,11.7133,10.4494,7.3889,5.1686,4.8728,7.4638,7.7237,3.0009,7.5552,5.2336,2.7401,4.7318,3.0011,2.7401,4.745,2.7408,3.5,3.5031,3.7699,8.2417,8.0018,3.2254,2.7401,2.74,4.0,8.7252,3.7342,4.5258,9.033,12.0001,3.6908,13.7111,9.5993,2.7001,5.2607,8.2413,9.5055,3.7041,6.2201,7.6618,7.6428,7.0931,8.1314,4.9976,5.941,6.9764,8.5929,5.4608,13.3988,4.4935,6.6499,12.4306,14.6103,4.1074,2.3259,6.7224,9.2769,10.2698,7.8712,7.7641,13.7866,7.4658,4.0556,5.5184,4.3817,6.9663,5.5507,4.02,6.7345,4.5982,4.0001,3.0849,3.5021,6.6884,5.4283,5.3362,10.6913,2.7407,8.3345,10.957,6.0094,4.7321,5.9677,2.7401,5.276,5.6389,4.7766,2.7099,2.7301,8.0893,7.7007,6.5669,6.0716,6.2723,4.0661,2.7102,2.7,5.5453,3.5,2.9442,6.5243,4.1261,4.5348,4.2272,2.005,6.0162,6.5892,3.2135,3.1506,5.2358,4.1747,5.1862,3.4316,4.7136,2.7001,3.0021,4.3088,5.0009,3.467,3.8233,3.5001,4.889,5.9816,5.9082,2.0001,2.3365,2.0001,1.5029,2.7113,6.1233,2.8289,4.1464,4.9782,5.9061,2.1006,2.7402,2.1639,2.0001,5.5286,4.2528,6.0566,6.425,2.0002,4.4275,4.2111,3.3482,3.1251,3.7721,7.7062,7.2686,5.1996,4.6906,2.0002,4.0948,4.4755,4.5363,3.001,4.6183,4.2419,5.8041,4.8284,5.4929,3.1165,2.0002,6.0202,3.3851,3.9689,2.0002,2.7112,4.6902,5.5945,2.004,2.0002,2.7001,4.8549,4.4793,4.565,3.4083,2.89,3.5025,3.5025,4.1478,2.7001,2.956,2.7003,3.2049,2.7,2.7001,2.71,2.7301,3.9755,4.6323,2.7002,2.7001,2.7001,3.0013,3.9738,2.7002,2.7001,3.5001,2.5001,4.6772,2.8755,3.5435,7.4035,5.8078,5.3582,3.9821,2.7002,3.001,4.0,4.0,7.227,6.3556,3.2344,4.0,4.0001,3.0872,3.0006,8.2761,2.7001,3.3329,3.5001,2.7001,6.7411,2.8211,5.1311,7.9646,6.722,4.0,4.977,4.0792,3.0009,5.6927,2.7001,2.7001,8.58,3.6914,2.7,7.4353,2.7001,3.0005,3.0004,4.0645,2.7002,3.5781,2.7002,6.5563,6.7033,3.1,4.0001,8.3621,7.528,3.0005,5.2379,7.4164,4.0002,9.3733,11.5479,2.7001,5.6027,9.2148,2.7001,3.0011,4.784,6.3183,3.1826,6.3669,5.6138,4.7,6.1905,3.0001,3.0,3.0485,3.0,6.09,7.0155,8.0381,4.906,9.4977,6.2222,3.0,3.5001,5.8682,5.5964,2.0,2.3829,4.7858,2.0,6.0136,2.0,3.259,6.0644,2.0635,6.1026,5.7302,8.9599,2.0008,8.0,5.0,14.2405,14.2405,14.2405
51,3.5029,10.9531,2.7,8.1203,6.2804,2.0001,2.6999,2.7,2.7001,2.7,2.4004,6.4506,5.8038,3.881,5.3358,7.0243,2.7,5.2416,3.5027,3.0879,8.8603,3.1292,2.7146,9.1448,11.629,4.8485,2.7301,2.7401,2.715,2.7,2.74,6.1423,2.6821,2.7398,2.7397,2.9839,3.7994,6.0382,2.7,2.6996,2.7099,7.2042,6.2733,2.6999,2.5989,2.7099,3.0001,2.7401,2.74,7.85,2.9459,2.71,2.74,3.0016,2.2301,3.2773,2.7301,3.8381,6.2949,2.9796,2.3551,6.4211,5.8883,5.2128,5.0017,2.7302,3.2052,4.2754,4.1943,2.74,4.9147,2.2906,2.7099,2.1273,2.7399,2.7401,3.0025,2.74,2.0034,2.74,3.0031,3.0029,10.0163,2.3072,2.0041,2.0001,2.0001,3.2297,2.73,2.7401,6.2963,11.0693,2.74,10.559,2.7297,3.0008,5.5796,11.0344,9.2284,2.7,2.7298,2.74,3.001,3.5001,7.9997,2.7301,2.873,6.7068,5.4125,2.7297,11.1099,2.7097,3.9999,3.7584,9.971,2.7097,1.7038,3.0013,4.0,6.5292,2.7399,3.5446,8.7007,3.222,2.7399,3.0015,2.74,2.7411,2.6998,2.6461,6.6394,2.0054,3.191,2.0048,2.7401,3.0009,2.7399,2.71,6.4434,2.556,6.5742,8.0,2.7099,2.7832,4.8722,2.0001,6.0838,3.724,2.7399,1.71,2.71,4.2188,5.3777,4.0148,3.0012,2.9541,2.8231,1.1159,2.0062,4.0002,2.7101,2.7101,2.9456,2.8632,2.6611,2.7099,2.0,4.0,2.8758,1.25,2.0002,3.2387,2.7403,3.5025,2.0001,2.0001,1.6798,2.7298,2.1033,3.3292,2.0006,1.6069,2.0049,3.0825,2.0048,2.0001,2.0,2.0048,1.3365,1.1082,1.2114,2.0001,2.0001,2.74,3.001,3.0906,1.0496,2.0001,2.0,1.0896,2.2347,2.7402,2.8129,2.5656,2.0002,2.0,3.2589,2.0002,2.3551,2.3274,4.2516,4.8223,1.8165,2.0034,0.6906,2.0001,2.7102,2.0001,0.9624,2.0043,2.0029,2.7681,2.0047,2.3992,2.0032,0.26,2.6742,1.5149,2.4568,0.546,2.0001,2.0001,3.1891,0.8173,1.1422,2.0002,2.7002,2.3936,2.1685,2.0002,2.0041,2.0008,1.6022,3.4589,2.0702,2.0046,2.0,0.7748,1.7027,2.0002,2.0001,2.7,2.0003,2.6154,1.2501,2.0002,2.7,2.0037,2.0002,2.0001,2.0042,2.0973,2.0001,2.7002,2.0034,2.25,4.0851,2.7001,2.7001,2.7001,2.2501,2.7001,2.7001,2.7101,5.8237,3.6049,2.2501,2.7001,3.0007,2.7,2.7101,5.001,2.25,2.5001,2.6801,2.0033,3.278,2.5001,3.5,3.8751,9.445,2.7001,2.7103,2.7002,2.7001,4.0001,2.25,2.5,8.3407,2.7104,2.68,5.7659,2.7002,2.2501,3.0004,2.7108,2.6801,4.8858,2.7002,3.9969,5.0822,2.7008,3.5025,6.795,5.6082,2.7,2.7393,2.7002,4.0001,7.5002,8.4534,2.7,3.6485,7.3255,2.7002,2.0,3.3305,6.3512,3.0,5.0006,4.7,2.8725,3.0001,3.0,2.0,3.0,2.0,3.8048,5.4056,5.3333,2.9777,5.3283,2.4881,2.0,2.7094,3.2034,2.7018,2.0001,2.0001,3.0236,2.0,5.0451,2.0,3.0002,5.5067,2.0003,3.4562,3.3885,7.072,2.0,6.0917,3.5,13.4808,13.4808,13.4808
52,2.4436,8.4817,2.7,8.0978,4.9192,1.7246,2.0002,2.0,2.0051,2.2017,2.0002,3.9379,3.6285,2.7099,3.321,2.7001,1.6999,2.6999,2.7,2.74,6.9636,2.7101,2.7098,4.5004,7.2588,2.7299,1.7324,1.9999,2.0002,2.0001,2.0001,4.1491,2.0002,2.0001,2.0,2.0001,2.7401,5.6058,2.006,2.0003,2.0001,4.1287,2.0042,1.7412,2.0001,2.0001,2.73,2.0002,2.0001,4.5535,2.73,2.326,2.0,2.74,2.0615,2.7301,2.74,2.1332,3.9141,2.1235,2.0001,3.7899,5.3462,2.7404,2.74,2.71,2.7298,2.74,2.74,2.71,2.73,2.0002,2.0002,2.0,2.7399,2.7401,2.7401,2.3493,2.0001,2.0001,2.7401,2.7404,6.8315,2.0006,1.8907,1.7325,1.7424,2.0035,2.7101,2.7301,4.0877,3.2276,2.0002,8.2401,2.0006,3.0001,4.0001,9.9907,5.5203,2.1764,2.7298,2.7298,2.7433,5.3597,4.8282,2.0006,2.7298,3.6353,2.74,2.7297,7.5272,2.7097,2.7399,2.0034,6.646,2.7097,2.0001,2.383,3.0017,3.9477,2.7298,2.7298,6.1641,2.74,2.7701,3.0014,2.7398,2.6067,2.4997,2.2499,3.2178,2.0053,4.0,2.3762,1.7402,2.74,2.0043,2.7298,4.9724,2.0053,2.7399,3.5494,2.0043,2.74,2.1209,2.0001,2.74,2.492,2.0002,1.6999,2.0002,2.6694,3.1087,2.0053,2.0001,2.0001,2.0001,1.25,2.0057,2.7299,2.25,2.7,2.3911,2.0001,2.0001,1.7451,1.25,2.0042,2.0002,0.3494,1.702,1.4836,2.0001,2.0001,0.9503,0.68,1.2499,2.0002,2.0001,3.0013,2.0002,1.6555,1.6997,2.71,2.0001,2.0001,1.5121,2.0001,1.2527,0.4779,1.6412,1.7522,2.0,2.0,2.0001,2.0001,2.0,1.0048,1.6998,2.0001,2.0001,2.0001,2.0034,2.0001,2.0002,2.0002,2.0002,1.0644,2.0,2.0,2.759,2.0007,0.345,0.8114,0.0502,0.727,2.0046,2.0001,0.056,0.965,0.5779,1.3383,1.7199,2.0001,1.3628,1.0734,2.0031,0.2615,2.0,0.1618,1.7533,0.1608,1.75,0.056,0.25,1.2237,2.0002,1.1281,1.0032,0.6165,0.6,0.4959,0.6,1.9362,1.2501,1.0037,1.05,0.2509,1.6801,2.0,2.0,2.0001,0.6,2.0001,0.9649,2.0002,2.0001,2.0001,1.2547,1.2501,2.0002,2.0001,2.0,2.0001,2.0001,2.0,2.0038,2.2501,2.5112,2.0043,2.0043,2.7001,2.7001,2.7001,2.7158,2.0184,2.0001,2.0046,2.7001,2.003,2.0002,3.1872,2.25,2.25,2.6801,2.0026,3.0007,2.2501,2.7401,2.7402,6.0959,2.7101,2.7001,2.7001,2.7001,2.7001,2.25,2.25,4.4396,2.7101,2.5,3.0154,2.7001,2.2501,3.0004,2.7001,2.7001,3.764,2.0055,2.7002,2.7002,2.3252,2.6801,5.9878,2.9233,2.3923,2.7002,2.3109,2.7001,3.6317,5.7141,2.7,2.7,4.8296,2.1485,2.0,2.0162,3.3197,2.0001,3.0,2.6581,2.0,2.0,2.0009,2.0,3.0,2.0,2.0011,2.5006,3.0003,2.0001,3.0236,2.0,2.0001,2.0001,2.0,2.6823,2.0,2.0,2.0004,2.0,2.8362,2.0001,2.0001,5.0962,2.0,2.0,2.6884,5.4028,1.7004,6.0854,2.7186,11.2382,11.2382,11.2382
53,2.0002,5.7437,2.0002,5.4347,4.5701,1.0594,2.0001,1.703,2.0001,2.0002,2.0001,2.7,2.1071,2.003,2.6522,2.0044,1.3999,2.5758,2.6999,2.74,5.8822,2.0172,2.0002,2.7301,2.7435,2.0002,1.7301,2.0002,2.0001,1.9649,1.7402,2.4335,1.44,2.0,2.0001,2.0,2.0,2.7441,2.0001,2.0,2.0,2.7401,2.0001,1.7322,2.0002,2.0002,2.7299,2.0,2.0003,2.0206,2.0044,2.0003,2.0001,2.7401,2.0002,2.1226,2.0045,2.0002,2.7401,1.7925,2.0001,2.7401,4.0,2.74,2.74,2.0001,2.2311,2.7301,2.7428,2.71,2.7401,2.7401,2.418,2.7139,2.8251,3.0027,2.7441,2.0003,2.0028,2.0001,3.0023,3.0017,4.1373,2.73,2.0001,2.0001,2.0001,1.993,2.7302,2.74,4.3622,3.0015,2.7399,2.5255,2.7298,9.9908,3.2442,8.1293,2.7299,2.7099,2.6999,2.7298,9.0712,4.0001,2.5926,2.0002,2.7097,2.25,2.9353,2.7099,2.7409,2.7296,2.7399,2.0001,2.7408,2.7099,2.0015,2.744,2.9299,2.6999,2.7297,2.7399,4.4046,2.7403,3.0015,2.7443,2.0039,2.4999,2.0498,2.7097,2.74,3.0016,2.74,2.0047,2.74,2.74,2.7401,3.0016,2.7399,2.7399,2.0048,2.7399,2.0045,2.0,2.0,2.0042,2.7399,2.3484,2.0002,2.0002,2.0001,1.67,2.0001,1.3517,1.3306,2.0002,2.0001,2.0,2.0044,2.0001,2.4998,2.452,2.0007,1.5001,1.0915,1.0046,1.0355,1.767,0.5003,0.8803,0.553,2.0001,2.0002,1.1591,1.5224,1.6999,1.484,1.6404,2.0001,2.74,1.4999,1.0873,1.5028,1.49,1.3301,0.2506,1.0019,1.6594,0.0559,0.2501,2.0,1.1621,0.2509,2.0,2.0,1.8671,1.0024,0.4999,2.0001,1.5738,0.251,2.0001,2.0001,1.7026,0.88,1.2558,0.9555,1.8052,1.7306,1.5983,1.3001,2.0002,0.1017,0.7614,1.6801,1.5678,2.1006,1.924,0.2512,0.7326,0.4,2.0001,1.8273,0.6981,0.2801,0.5242,1.4479,0.07,2.0002,2.0001,2.0002,0.2514,0.54,0.51,1.0036,2.0001,1.1278,0.6,0.26,0.26,0.6,1.2292,1.7031,1.03,1.2501,1.0037,1.4913,2.0001,2.0002,2.0038,2.0,2.0002,0.8859,2.0001,2.0,0.88,2.0002,2.0002,2.0,2.0002,2.0,2.0,2.0001,3.5731,2.0,2.003,2.0002,2.1932,2.3779,2.345,2.7001,2.7,3.6175,2.7001,3.1539,2.004,2.25,2.7001,3.0005,2.0042,2.0027,2.5001,2.7001,2.7001,2.7001,2.0002,2.7101,3.0005,2.7101,3.0,2.7002,2.7001,3.0006,2.7001,2.7001,4.3978,2.7,2.7,6.4808,2.7001,2.7301,2.68,2.7002,2.7765,4.5596,3.0007,3.5003,3.0009,2.0015,2.7002,2.0003,2.0011,2.7001,4.2563,2.7002,2.0002,2.7002,2.25,2.7001,3.0006,3.0011,2.7,2.7,3.0009,2.008,2.0,2.0,3.0,2.0,3.0001,2.0043,2.0,0.7,2.0001,2.0,3.0,2.0001,2.0001,2.0001,2.0511,2.0,2.0004,2.0,2.0001,2.0,2.0,2.0,2.0,2.0001,2.0,2.0,2.0,2.0,2.0,2.001,2.0,2.0,2.0001,3.5,1.33,3.2297,2.0001,8.0134,8.0134,8.0134
54,2.6999,5.5932,2.0001,4.7611,3.5001,2.0002,2.0052,2.0001,2.0,2.0,2.6999,2.3698,4.8268,2.2825,2.4843,2.0001,2.0,2.3821,2.74,2.7399,7.3599,2.5598,2.1141,4.3935,2.7298,2.0002,2.0306,2.0001,2.0,2.443,2.0001,2.6194,2.0,2.0001,2.0059,2.0001,2.02,6.2034,2.0002,2.7399,2.0048,2.0,2.0002,1.71,1.843,2.74,2.74,2.0045,2.0001,2.0,2.0002,2.0001,2.0001,2.9733,2.7101,2.2321,2.0047,2.0002,2.0,2.0936,2.7401,2.7404,4.0001,2.7401,2.6967,2.0002,2.7301,4.3976,7.4476,2.71,2.7,2.74,2.5496,2.0035,3.0329,3.0027,2.7441,2.0,2.0001,2.0001,3.0021,3.0017,4.6132,2.74,2.0001,2.0041,2.0,2.0001,2.7301,2.74,3.1766,3.0,2.7299,2.7165,2.7099,8.7558,4.992,9.7291,2.3796,2.6999,2.71,2.7297,6.7325,5.9874,2.6997,2.0001,2.6998,2.0028,2.7099,2.7297,2.7409,2.7297,2.7399,2.0012,2.6998,2.6998,2.7397,3.0009,2.8195,2.0033,2.7298,2.7399,2.7728,2.7399,4.0,3.0,2.7399,2.2939,2.0003,2.7098,2.7398,3.0,2.7398,2.74,2.7399,2.74,2.7401,3.0,2.74,2.2434,2.3285,2.74,2.0043,2.0001,2.0045,2.005,2.0001,2.0055,2.0002,2.0002,2.0001,0.9022,1.2304,1.257,1.6798,2.0001,2.0001,2.0001,2.0001,2.0001,2.0001,2.0001,2.0,0.2508,0.5,0.3648,1.2299,1.0958,0.2595,0.8442,0.25,1.6095,2.0001,0.6698,1.5313,0.951,1.6999,2.0002,2.0,2.0001,1.6829,0.6,1.25,1.0023,1.4301,0.2764,0.6599,1.0308,0.0498,0.25,1.0037,0.7732,0.056,1.2673,1.7217,1.0124,1.0,0.4,0.9853,1.25,0.9503,2.0001,2.0001,1.2501,0.2962,0.2504,0.4,0.8972,1.2531,0.8624,0.6,1.446,0.146,0.5437,1.6801,2.0001,2.0001,1.4827,0.0702,0.4,0.056,2.0,1.6226,0.5913,0.2512,0.26,0.5173,0.1395,1.9787,1.201,2.0001,0.2856,0.6,0.69,1.7001,2.0001,2.0,0.375,0.2501,0.26,0.6,0.67,1.5644,0.85,0.88,1.2501,1.7037,1.703,2.0001,2.0002,2.0,2.0,0.51,1.7284,1.5266,2.0002,2.0002,2.0,2.0001,2.0002,2.0,2.0001,2.0,2.2805,2.0001,2.0,2.0001,2.0003,2.0194,2.3741,2.7001,2.7,3.0005,2.7001,2.5348,2.0035,2.0001,2.0031,2.7001,2.0028,2.0001,2.0034,2.7001,2.7,2.7001,2.0001,2.7001,3.0005,2.7101,2.7105,2.7001,2.7001,3.0109,2.7001,2.7001,3.4913,2.68,2.7,5.3795,2.68,2.7301,2.5,2.7002,3.0,3.2089,2.7506,3.9897,3.9108,2.9479,3.8424,2.0001,2.0008,3.5,3.0005,2.0001,2.7,2.7002,2.5,3.0,3.0001,5.8275,2.7,2.7,6.2155,2.0,2.0,2.0,3.0001,3.0001,3.0001,2.0,2.0,2.0,2.0001,3.0,4.0002,2.0001,2.0,2.0,2.0,2.0,2.0,2.0,2.0001,2.0,2.0001,2.0,2.0003,2.0002,2.0,2.0,2.0,2.0,2.0001,2.0001,1.74,1.7002,2.8797,3.2227,1.1052,6.6099,2.0001,4.0362,4.0362,4.0362
55,2.0002,5.984,2.0001,4.6905,2.9685,2.0001,2.7133,2.0001,2.0,1.7,2.5004,2.2213,4.0262,2.7,2.6998,2.0002,1.7,2.6999,2.7403,2.74,4.6982,2.73,2.5726,3.6951,2.7298,2.0002,2.4711,2.0001,2.0002,2.0061,1.7423,2.4635,2.0001,2.4506,2.0065,2.0001,2.0047,5.1216,2.3812,2.7296,2.0001,2.0001,2.0,2.0001,2.0002,2.73,2.7401,2.0001,2.0001,2.0,2.0,2.0002,2.0001,2.9919,2.7099,2.0043,2.0001,2.6751,1.8061,2.1838,2.7401,4.0,4.0001,2.0001,2.2355,2.0001,2.0039,3.5407,7.8283,2.71,2.71,2.8201,2.0044,2.7398,3.002,2.7405,2.7402,2.0001,2.0033,2.0001,3.0024,3.0017,3.9998,2.7399,2.0001,2.0002,2.0001,2.0001,2.73,2.74,3.0001,2.7401,2.7299,2.7298,2.7096,8.2403,3.0012,8.0002,2.5348,2.4711,2.7099,2.7298,3.9998,5.9796,2.6965,2.0002,2.0025,2.0001,2.6998,2.7297,2.7098,2.7297,2.7399,2.0013,2.1421,2.7298,2.74,3.0009,2.74,2.25,2.7399,2.7398,2.902,2.7399,3.4996,3.0014,2.74,2.2499,2.0001,2.7098,2.863,3.0015,2.7399,2.74,2.74,2.7399,2.7399,2.74,2.74,2.74,2.0042,2.74,2.0041,2.0001,2.0001,2.0039,2.0001,2.0575,2.0001,2.0002,2.0046,0.7076,1.1366,1.7098,1.1744,2.0001,2.0002,2.0,2.0,2.0,2.0001,2.0001,2.0001,0.0606,0.9683,0.4701,1.25,1.7025,0.2596,0.25,0.2501,1.6799,2.0002,1.1301,1.5597,1.6999,1.6999,2.0001,2.0,2.0001,2.0002,1.2499,1.5028,1.782,1.4162,0.2507,0.4998,1.4257,0.0558,0.0559,1.184,1.0499,0.056,0.8497,2.0,1.5738,0.5656,0.3532,0.9909,0.6,1.2532,2.0,1.3007,1.2501,0.062,0.2,0.3942,0.7023,1.5528,0.6,0.5469,0.6,0.0501,0.2514,1.7001,2.0001,2.0001,1.1824,0.056,0.4,0.056,1.4327,1.3721,0.5342,0.2501,0.5006,0.2501,0.056,1.3828,2.0001,0.8673,0.402,0.6,0.69,1.7001,2.0001,2.0001,0.1019,0.2011,0.26,0.6,0.3241,1.1502,0.26,1.0036,1.0036,1.5058,1.703,1.5001,2.0002,2.0002,2.0001,0.3451,1.8793,1.2501,1.5027,2.0,2.0,2.0001,1.6827,2.0001,2.0001,2.0,2.0028,2.0001,2.0001,2.0002,2.0003,2.0049,2.183,2.7001,2.7,3.0005,2.7001,2.4095,2.0041,2.0001,2.0525,2.7001,2.0028,2.0001,2.0027,2.7001,2.7,2.7001,2.0002,2.7001,2.7401,2.7101,2.8298,2.7101,2.7001,3.5002,2.7,2.7,2.9353,2.68,2.7,5.3473,2.68,2.73,2.68,2.7002,3.0,3.0372,2.8056,3.0008,3.1544,2.7003,2.7101,2.0001,2.0008,2.71,3.0005,2.0003,2.7,2.7002,2.2501,3.0001,3.0006,4.44,2.7,3.0,4.9819,2.0,2.0,2.0,3.0001,3.0,3.0006,2.0,2.0,2.0,2.0001,2.9296,10.9775,2.0001,2.0001,2.0,2.0,2.0001,2.0,2.0,2.0001,2.0,2.0,2.0,2.0001,2.0001,2.0,2.0,2.0,2.0,2.0001,2.0,1.91,1.7004,2.7528,3.0,0.7739,4.2231,2.0,3.0,3.0,3.0
56,2.0002,4.3519,1.8064,5.0099,2.7101,2.0002,2.713,2.0002,1.7017,1.7,2.6437,2.0432,3.2858,2.6999,2.1071,2.0002,2.0001,2.6999,2.74,2.7401,5.7871,2.73,2.7301,3.2071,2.7101,2.0002,2.0004,2.0001,2.0001,2.0001,1.7424,2.004,2.0001,2.5742,2.0059,2.0,2.0068,5.472,2.0052,2.7297,2.0001,2.0,2.0002,2.0001,2.0,2.73,3.079,2.73,2.0001,2.0,2.0002,2.0002,2.0001,3.4344,2.7,2.436,2.0003,2.7298,2.0001,2.0003,2.7401,4.0,8.0002,2.0038,2.7301,2.0001,2.7399,2.74,7.3957,2.71,2.7,3.5961,2.0045,2.7398,2.7433,2.743,2.7442,2.0033,2.0034,2.0001,3.0022,3.0021,3.0018,2.7401,2.0001,2.0002,2.0001,2.0001,2.73,2.7399,3.0001,2.7401,2.7299,2.7299,2.7098,8.2404,3.0024,8.2412,2.7099,2.0128,2.7099,2.7099,3.1757,5.193,2.7007,2.0002,2.6998,2.0001,2.6997,2.7297,2.7107,2.7296,2.7399,2.0014,2.0016,2.7297,2.7401,3.0013,3.3943,2.25,2.7399,2.7399,2.741,2.7297,3.4999,3.0014,2.7399,2.0961,2.0001,2.6998,3.0025,3.0,2.004,2.3411,2.74,2.7399,2.7401,3.0001,2.7399,2.7399,2.0043,2.7401,2.0052,2.0001,2.0001,2.0041,2.0041,2.0004,2.0002,2.0002,2.0065,2.0001,1.1333,1.4954,2.0,2.0001,2.0001,2.0,2.0001,2.0001,2.0001,2.0001,2.0001,0.6808,0.3487,0.6801,1.2499,1.894,0.2596,0.25,0.5102,1.7028,2.0002,1.6798,1.9996,1.6999,1.6999,1.7026,2.0001,1.0496,1.0016,1.2501,1.6829,1.0018,1.5284,0.1249,0.3029,1.0017,0.0558,0.0559,0.8802,1.0509,0.3501,0.6613,1.6366,1.0502,0.5378,0.3502,0.5237,0.3501,0.2503,1.453,1.253,1.2501,0.056,0.2,0.35,1.4658,1.4508,0.6,0.0709,0.0971,0.0502,0.1805,0.77,2.0001,2.0,1.2315,0.095,0.056,0.056,0.7644,1.03,0.2847,0.2501,0.2512,0.26,0.056,0.8866,2.0001,2.0001,0.2509,0.6,0.69,1.7001,2.0001,0.85,0.5654,0.0856,0.6,0.6,0.3055,1.2033,0.26,0.88,1.0036,1.7037,1.703,1.5001,2.0002,2.0001,2.0001,0.26,1.3359,1.2501,1.5027,2.0001,2.0,2.0001,1.7026,2.0001,2.0001,2.0001,2.0029,2.0,2.0001,2.0003,2.0001,2.0037,2.0923,2.7001,2.7,3.0005,2.7001,2.3454,2.0001,2.0001,2.0035,2.7001,2.0028,2.0001,2.0001,2.7001,2.7001,2.6801,2.0002,2.7001,2.71,2.7101,2.7101,2.7,2.7001,4.2095,2.7,2.7001,2.7101,2.68,2.7,4.5474,2.68,2.7301,2.7,2.7002,3.0001,3.3524,2.7002,2.7003,3.5059,2.7002,2.7107,2.0001,2.0035,2.7137,3.0,2.0002,2.7001,2.7002,2.2501,3.0001,3.0006,3.5007,2.7,3.0008,5.3356,2.0,2.0,2.0,3.0001,3.0001,3.0001,2.0,2.0,2.0,2.0002,2.0348,10.97,2.0001,2.0,1.6367,2.0001,2.0001,2.0,2.0,2.0,2.0,2.0,2.0,2.0003,2.0001,2.0,2.0,2.0,2.0,2.0,2.0,1.91,1.379,2.7368,3.1874,0.7,3.5259,2.0,2.5,2.5,2.5
57,2.0002,6.5708,1.5001,5.1354,2.71,2.0002,2.7132,2.0,1.7017,2.0002,2.7041,2.1024,3.5037,2.6999,2.6999,2.0001,2.0002,2.6998,2.7399,2.7401,3.9432,2.73,2.73,4.2387,2.005,2.0004,2.0064,2.0002,2.0049,1.7423,1.7424,2.4366,2.0,2.9705,2.0054,2.0001,2.0047,5.4005,2.4087,2.7296,2.0001,2.0001,1.9947,2.0,2.0,2.73,3.0023,2.73,2.0001,2.0002,2.0001,2.0002,2.0001,3.515,2.7301,2.4567,2.0001,2.5015,1.8388,2.0,2.7401,4.0264,4.0001,2.0034,2.7301,2.0,2.0043,2.7401,7.195,2.73,2.7101,3.9087,2.7401,2.7401,2.74,2.7401,3.5,2.0031,2.0031,2.0,3.5,2.7401,3.0015,2.74,2.0001,2.0041,2.0001,2.0045,2.7299,2.7399,2.74,2.8902,2.73,2.7401,2.71,8.2299,3.0012,9.9903,2.7299,2.7099,2.7099,2.7298,3.5969,4.0001,2.7008,2.0002,2.6998,2.0026,2.71,2.7297,2.7107,2.7296,2.7399,2.0001,2.0294,2.7997,2.0014,3.4028,3.1176,2.6999,2.7399,2.7399,2.7424,2.7298,3.4999,3.0014,2.7296,2.2323,2.0001,2.7097,2.9928,3.0017,2.74,0.7509,2.74,2.7401,2.7399,2.7401,2.7399,2.74,2.0042,2.74,2.0052,2.0,2.0001,2.0055,2.0055,2.4758,2.0002,2.0002,2.005,1.6999,1.1305,1.7099,2.0001,2.0001,2.0002,2.0,2.0,2.0001,2.0001,2.0001,1.2535,0.3005,0.6094,0.2509,1.25,2.0001,0.2868,0.25,0.6902,2.0001,2.0002,1.0477,2.0002,1.6999,0.2603,2.0002,1.7742,1.3372,2.0001,1.0023,1.5025,2.0,1.0536,0.056,0.2501,1.2523,0.0557,0.2501,0.8802,1.0019,0.4,0.4167,1.4307,1.0001,0.6086,0.4662,0.6294,0.3641,0.269,2.0,1.5324,1.2501,0.056,0.2,0.4117,1.8549,2.0001,1.0074,0.1303,0.322,0.0502,0.25,0.6,2.0001,2.0043,1.8543,0.2447,0.063,0.056,0.6,0.9544,0.6,0.2501,0.26,0.4364,0.056,0.8896,0.251,2.0001,0.3,0.6,0.69,1.7001,0.85,0.85,0.5004,0.26,0.26,0.6,0.4113,1.13,0.26,0.88,1.0036,1.7037,1.703,1.5001,2.0,2.0,2.0,0.4398,1.5818,0.6,1.2501,2.0001,2.0001,2.0001,1.7027,2.0001,2.0001,2.0,2.0031,2.0001,2.0001,2.0001,2.0002,2.4462,2.4452,2.7,2.7,3.0005,2.7001,2.6801,2.0001,2.0001,2.0036,2.0031,2.0032,2.0001,2.0001,2.5,2.7001,2.68,2.0002,2.7002,2.7001,2.7101,2.7102,2.0024,2.003,3.8199,2.7001,2.7001,2.7,2.7,2.7,6.9711,2.7001,2.7301,3.708,2.7001,3.0,4.1043,2.711,2.7101,3.8489,2.7002,2.8437,2.0011,2.0035,2.7,2.7107,2.0001,2.7001,2.7002,2.2501,3.0,2.7101,3.6431,2.68,2.8469,4.0665,2.0,2.0,2.0,3.0007,3.0001,3.0008,2.0,2.0,2.0,2.0003,2.2401,12.2586,2.0001,2.0,1.935,2.0,2.0,2.0,2.0,2.0,2.0,2.0,2.0,2.0,2.0001,2.0,2.0,2.0,2.0,2.0001,2.0,1.05,1.3771,2.9269,4.2286,0.71,2.7007,2.0,2.4752,2.4752,2.4752
58,2.7,5.9157,1.5001,5.1599,2.8384,1.7025,2.7101,2.0001,1.7018,2.7,3.7649,2.0002,3.0582,2.7001,5.0331,2.0,2.0002,2.6998,2.7401,2.74,4.0491,2.7301,2.7299,6.5783,2.0001,2.0001,2.0002,2.0001,2.1038,1.7422,2.0,2.7403,2.0001,5.0975,2.0053,2.0,2.0001,6.3998,2.7399,2.7399,2.0,2.1106,2.0002,2.0002,2.0002,2.73,3.0599,2.73,2.0001,2.2953,2.0043,2.0002,2.0,3.6173,2.73,2.73,2.0002,2.2171,2.0001,2.624,2.7402,2.7401,2.74,2.3344,2.73,2.5584,2.654,3.3453,8.4845,2.7401,5.4698,8.0398,4.0,3.3181,4.5219,3.0023,4.0001,2.74,2.74,2.74,7.269,4.0,3.5001,2.74,2.7398,2.9714,2.005,6.604,3.6917,4.8958,3.9202,2.74,4.0,9.9118,2.7098,4.54,4.0,8.2411,2.7407,2.7299,2.7404,4.0001,2.9287,7.7186,7.9545,2.4623,2.7097,2.0002,2.7299,2.74,3.2722,3.001,2.7399,2.0002,2.74,3.9492,2.0001,3.0012,2.7299,2.7099,2.7399,3.0024,4.9372,2.7296,4.0,2.7397,3.6205,2.6797,2.25,2.7098,3.9995,3.0016,2.7401,1.7401,2.7399,2.74,2.7878,4.0,2.7398,3.0015,2.74,3.1074,2.7299,2.0001,2.0045,2.74,2.0001,2.74,2.7297,2.0002,2.0059,1.9999,1.3779,2.0001,2.0002,2.0001,2.0001,2.0001,2.0003,2.0044,2.2499,2.0052,2.0001,1.2622,1.6294,1.0502,1.5025,2.0,1.9198,1.4998,1.8606,2.0002,2.0002,1.7025,2.0002,2.0,2.0001,2.0001,2.0002,2.0001,1.6831,1.683,1.0017,2.0001,1.5934,0.4999,0.25,1.8315,0.5004,0.6003,1.253,2.0,1.2549,1.53,2.0001,2.0001,1.3286,1.0501,1.1287,1.2499,1.0533,1.9738,2.0,2.0001,0.68,1.2093,1.7144,2.0001,2.0001,2.0002,1.7477,1.6011,0.3262,2.0001,1.25,2.0001,2.5,2.25,0.9052,1.5431,1.0575,1.5152,2.0,1.6324,1.3663,2.0,2.0,1.0039,2.0001,2.0001,2.0001,2.0001,2.0001,2.0002,2.0002,2.0001,2.0001,1.8903,2.0,2.0,2.0001,2.0,2.0001,1.683,2.0001,1.7027,2.0002,2.0052,2.0,2.0047,2.68,3.0012,2.0001,2.345,2.0001,2.0001,2.0001,2.4151,2.4649,2.0037,2.0001,2.0001,2.0001,2.68,2.0025,3.0012,2.7,2.7001,2.7302,2.7512,2.7682,2.7,4.0001,2.7001,4.9416,2.2501,2.25,2.9249,2.7001,2.7,2.7101,2.8092,2.7101,3.0006,4.0,2.7001,5.0014,3.4574,4.8464,6.0164,2.0027,2.7102,7.9326,2.7102,2.7001,3.948,2.71,2.7101,8.5329,2.7101,3.0367,4.9946,2.711,4.0001,6.7229,4.0962,2.7103,4.6802,2.7006,5.1222,2.0035,2.1649,2.7,2.8206,2.0003,2.7001,2.7001,2.2501,3.0001,2.7101,2.7,2.68,3.2385,4.5582,2.0001,2.0,2.0038,3.0007,3.0007,3.0001,2.8526,2.0,2.0,3.0001,3.0,15.8822,4.2259,2.0001,2.0,2.0,2.0001,2.0,2.0,2.4154,2.0,2.0,2.0,2.0,2.0001,2.0,2.0,2.0,2.0,2.8839,2.0,1.05,2.0,3.3413,3.8025,1.5479,3.4008,2.0978,2.3049,2.3049,2.3049
59,2.7099,9.6672,2.0035,6.7514,6.3626,2.0002,6.6063,2.0058,2.3248,9.1054,7.5003,3.7796,4.9928,4.3978,10.5489,4.4666,2.6999,5.0854,4.2809,2.74,7.9686,2.7405,2.74,7.2451,3.2275,2.7409,2.7401,4.0031,4.0171,2.7401,3.5001,6.8425,2.74,8.4868,2.7399,2.74,2.7399,8.1471,7.5009,3.2833,2.7399,4.2829,2.0002,2.71,2.73,2.7624,4.6596,2.7399,2.8124,3.0011,2.74,2.7399,2.0056,5.5277,2.74,4.3182,2.0037,2.9549,2.7299,3.6407,4.0,2.7398,2.7401,3.3438,3.6736,2.74,2.74,6.4094,11.1052,10.9044,13.3182,13.6566,9.4934,4.6373,7.3982,4.0,8.403,6.3009,8.2414,6.1571,10.2338,6.2391,6.5458,7.9181,3.4207,5.8436,5.813,10.8427,4.8441,7.7096,8.5051,7.5149,7.8953,17.5146,10.0001,8.0288,3.0013,10.4976,14.8755,8.9281,12.4111,4.0,3.5,2.8805,11.6704,4.5605,2.7098,4.9785,7.223,3.3524,7.2725,3.5,6.055,2.7097,9.109,5.1331,1.9999,3.0015,6.8113,8.4272,7.6104,7.5009,10.07,2.7401,2.7401,3.0015,7.5476,5.5642,2.7013,2.6999,3.0302,3.5,3.3921,2.7401,3.5,5.0001,5.2818,4.0003,2.74,5.676,2.7098,8.4804,2.7099,2.0002,2.0001,2.7399,2.0062,2.7297,2.7098,2.0001,2.4924,2.0001,1.292,1.9936,2.0002,2.0002,2.003,2.0001,2.0066,2.0064,2.6799,2.7001,2.004,1.2529,2.0,1.0501,2.0,2.6441,2.0002,2.0,2.0001,2.0002,2.0002,1.7025,2.0043,2.0002,2.0002,2.0054,2.0021,2.0001,1.25,2.0002,1.5029,2.0001,2.0001,0.7853,0.4995,1.2501,0.2501,1.0041,2.0,2.0022,1.2536,1.6821,2.0,2.0001,2.0001,1.253,2.0,2.0,1.1154,2.0001,2.0003,2.0001,1.2974,2.0,2.0,2.0001,2.0001,2.004,2.4743,2.0005,1.0501,1.8828,1.2527,2.0001,2.8856,2.25,2.0001,2.0001,2.0,1.2384,1.4436,2.0001,2.0001,2.0001,2.0001,0.88,2.0001,2.0,2.6346,2.0002,2.0001,2.0002,2.0002,2.0002,2.0001,2.0001,2.0048,2.0001,2.0001,2.0,2.0001,1.15,1.3502,2.0001,2.0571,2.8727,3.0013,2.0056,2.7,3.0012,2.7002,2.7,2.1694,2.0036,2.0001,2.561,2.7001,2.6292,2.0051,2.2929,2.0001,2.68,2.0026,4.701,3.451,3.6701,7.7588,4.8776,2.71,2.7,3.7757,5.2942,9.6929,4.7005,4.0,4.0002,3.0005,5.3572,5.0001,9.6531,3.1123,10.2052,4.0,2.0002,10.1504,12.5274,11.5001,8.4527,4.1915,2.7109,5.4098,6.2413,5.9116,5.9905,4.5515,5.6493,9.5966,5.2101,6.5306,9.7301,9.3381,13.6794,9.4902,5.1446,4.0,5.8818,2.8949,6.3262,3.2463,3.2715,2.7105,3.0005,3.1996,3.4402,2.7101,2.8605,3.7875,4.0,3.5,3.0009,4.3747,5.9896,3.2813,3.0001,3.0007,4.7916,7.5002,4.0001,4.7101,2.0,3.0,7.9773,3.0001,18.1582,6.543,2.0,2.0009,2.0001,2.0,2.0,2.0,4.408,2.0,4.4086,5.3344,2.0,2.0,3.45,2.0001,2.0,2.0,2.0728,3.0296,1.9917,2.0,7.0536,6.0381,3.4159,4.7925,2.7002,2.6806,2.6806,2.6806
60,6.5755,15.2833,6.644,16.334,7.2697,2.7001,13.765,3.6525,6.9801,14.2052,11.1249,4.9734,5.5607,7.596,13.8762,10.8201,9.6899,13.2417,7.3945,3.0013,11.3876,5.7263,8.2943,11.3388,11.3025,4.0,4.0,11.8876,10.8313,5.4352,8.7924,10.8458,4.9704,9.5106,7.4809,10.2626,6.0634,12.0037,9.201,3.5039,3.0026,10.5423,5.0009,5.376,9.1238,8.2498,8.1708,3.0609,5.5171,7.9416,6.8875,3.5035,6.6409,7.996,5.374,10.3353,6.4279,3.5003,7.5432,9.3512,9.017,3.5,4.4598,11.205,7.6483,8.8119,9.5654,9.7152,10.0842,5.6811,12.0869,14.8857,9.5171,5.1796,10.0516,5.0001,8.2087,7.0166,8.2414,6.2067,9.9338,8.2421,7.0057,7.5034,4.89,6.0845,6.0355,10.6298,5.1728,6.0385,9.2549,6.405,8.2401,17.8916,9.6501,7.8189,3.5,10.9362,15.4237,8.3869,12.4976,5.8247,3.5,3.2936,9.4452,6.7952,3.1793,5.6319,5.985,4.6862,9.7177,5.4041,5.6368,5.6465,8.9767,7.3018,2.74,3.1814,7.6211,8.3547,8.6064,10.5283,6.8932,2.7426,2.74,5.8895,8.6059,7.3276,5.8161,4.756,3.5032,4.0,3.5022,2.7401,4.0001,4.4871,6.1932,4.4342,3.5896,5.7748,2.7098,10.9026,2.74,2.0053,2.0001,1.9999,2.0,4.0402,4.6195,2.6999,3.857,2.8656,0.7196,2.7341,2.3941,2.0892,2.7,2.0027,2.6798,2.5,2.68,2.6999,3.0019,2.0001,2.0038,1.9373,1.6405,5.1915,2.0027,2.2751,2.6443,2.0049,2.0001,1.7027,3.4025,1.7027,1.8411,2.7,2.0004,2.796,1.4999,2.0002,1.0048,3.0028,2.0002,2.0001,1.0029,2.0,1.6297,2.0,2.0049,3.7553,2.0026,2.0002,2.0,2.0001,2.0001,2.0001,2.0,2.0002,2.0,2.0001,2.0031,2.3834,1.6433,2.0002,2.0007,2.0002,2.0038,3.2204,2.7076,3.0012,1.503,2.0002,1.9509,2.0001,4.1538,2.7001,2.0001,2.0042,2.0002,2.0001,2.0001,2.0002,2.0001,2.0001,2.4378,0.7495,2.0001,2.0001,3.0725,2.3099,2.1197,2.0046,2.6947,2.0002,2.0001,2.0046,2.4427,2.7001,2.5938,2.0001,2.0002,1.0489,1.13,2.0001,3.0013,3.0014,3.0013,2.0056,2.7,3.5812,3.2375,4.4917,2.0059,2.0051,2.0033,2.7,3.0013,2.7001,2.5677,2.7001,2.0001,2.7036,2.0035,4.6512,3.1623,3.5766,6.6832,6.3674,3.2029,2.7001,5.0005,5.0015,8.9311,5.0007,5.0001,4.0001,4.0,6.5178,5.3668,8.7001,3.2244,7.5001,3.0006,2.0038,9.1777,10.3591,9.5025,8.2627,5.1304,2.7106,6.8456,5.2204,6.2377,8.3713,5.9194,7.6444,8.7541,8.1433,6.6075,12.382,11.7385,8.467,10.4279,6.2505,3.5696,11.9518,8.1552,11.7404,9.0937,11.4924,4.0,3.117,10.3969,10.4208,2.7001,9.99,8.2,3.0001,6.5354,8.2,8.8041,9.0001,3.5,3.0007,3.8477,6.0719,9.2395,6.3556,8.2579,3.0578,8.8492,6.7483,5.9368,2.0001,9.9636,4.9855,4.958,4.6024,3.0001,2.0,4.3002,10.7144,7.3741,12.8098,9.8877,4.0,3.0001,11.0634,6.9723,3.972,5.5181,5.1094,5.2134,2.0,2.0001,5.8282,9.9299,7.166,5.8325,3.5,2.7007,2.7007,2.7007
61,9.2403,21.8295,8.8348,20.7603,12.2003,3.6649,14.5879,4.0001,8.503,19.4388,13.2081,8.21,8.0,13.4703,12.458,12.5482,9.4161,12.2718,8.9894,2.7408,16.4117,8.2113,8.6614,12.4834,8.6232,5.8833,4.0,9.3464,12.4891,5.5317,9.6769,12.1564,6.3111,13.0038,8.3289,9.5213,5.8788,12.2034,9.8115,3.5037,3.5001,9.2787,5.0008,8.6153,7.8145,9.4141,10.0019,3.0027,3.5484,7.3723,4.6448,3.0043,3.8944,9.1688,5.8772,8.0099,5.2253,4.8914,5.9357,6.886,10.4916,3.7947,7.3544,8.651,8.8251,6.8811,7.3334,11.0721,10.1253,7.4941,11.7098,14.443,7.2172,6.3317,13.1338,5.0001,7.0916,5.1474,6.0928,3.0027,8.88,7.9617,7.8223,7.4084,5.7647,6.3674,5.5858,11.7686,7.922,6.2342,10.0657,7.6067,8.1498,12.3896,7.5341,4.1451,4.0,6.9667,12.6374,5.8479,10.967,8.1857,4.0,6.8543,12.3279,6.9978,8.0673,7.9395,8.8603,8.7711,12.3624,6.7218,7.7565,8.4576,9.3143,8.4635,3.5001,6.1511,7.737,11.079,9.9318,11.7742,10.2774,6.2599,3.0018,8.9581,9.6721,8.125,9.148,7.1487,7.702,2.74,4.8343,3.0012,9.4036,4.5082,5.236,5.2741,6.7699,6.6098,2.7011,10.0036,3.0017,2.6999,2.6223,2.0045,2.74,7.7839,6.0144,2.7099,8.8925,6.6222,2.0001,4.0797,3.5357,2.7099,5.8461,2.7006,2.0048,2.0001,3.2671,6.5478,4.6563,2.8823,3.2591,2.0,2.0,4.9825,5.1035,2.5537,4.0834,2.8774,2.8702,2.7403,3.4803,2.7209,2.0001,2.6999,2.7099,6.5316,1.4936,2.2423,2.0002,5.4286,2.8458,2.0002,2.0,2.0002,2.0001,2.4585,2.6608,4.8675,3.0011,3.0001,3.0019,3.0001,2.0002,3.0022,2.0002,2.0001,2.0002,2.0006,2.2358,3.9392,2.0002,2.0002,3.154,2.71,2.0048,3.8858,4.4658,4.0796,2.0002,2.0002,1.5526,2.2093,5.3957,2.8547,2.2634,3.0013,2.6309,2.0048,2.0001,2.7001,2.004,1.623,3.2001,1.7037,2.5922,2.0001,4.0848,3.0788,3.2192,2.7002,2.7001,2.4121,2.6404,2.7001,3.0014,4.0777,4.6289,2.7001,2.6572,2.0049,2.0001,2.0002,4.1732,3.1208,3.7999,2.7,2.7,4.238,3.1419,4.9965,2.7001,2.7045,2.3912,2.7101,4.541,2.7002,2.7001,2.7001,2.0032,3.5024,2.2501,7.0275,3.9779,3.5884,3.4251,3.5953,5.3136,2.7001,4.9166,5.1443,8.1036,5.2993,4.8114,6.6986,4.0001,5.5729,6.4585,7.8311,4.1621,7.4829,4.0001,2.7003,7.2411,8.5625,7.8677,8.5152,4.8218,2.7001,7.5965,7.2525,5.3479,6.4001,6.8804,7.9632,10.4843,9.6256,5.0872,8.3185,8.4207,7.1274,9.99,5.4028,4.0,12.5902,8.0365,9.357,6.9978,7.6096,5.209,4.0,8.593,6.0218,3.0005,8.9325,6.582,6.6124,5.7022,8.2652,5.9739,9.4284,6.9923,3.6165,8.2562,7.5205,10.2595,4.5468,10.5928,3.0003,8.2844,7.428,4.4653,9.1263,11.8443,4.6352,7.9051,6.4307,3.6601,2.0,7.7874,8.5452,7.6894,11.4188,9.9178,5.7958,3.0001,9.0,6.9561,6.2354,4.7145,4.4139,7.6092,2.0,2.0001,5.6088,13.8118,8.3607,6.146,7.0582,5.1859,5.1859,5.1859
62,7.4027,15.4519,5.2898,16.963,9.8267,3.1949,7.2221,3.8021,5.2455,11.6527,9.4584,10.1238,9.3302,10.6801,10.3409,9.5022,6.7989,9.3237,11.4192,3.8003,10.0638,6.7568,6.1685,11.2375,6.9066,6.1108,4.4097,8.0002,8.4323,5.3103,7.5655,10.8554,8.0694,12.8641,4.9589,8.4693,6.277,9.3094,8.0001,3.5041,4.8241,7.1886,3.1767,7.1136,8.3067,8.6332,10.6896,3.7548,3.8598,6.8587,6.45,3.3131,2.9425,10.1015,7.9568,7.7027,3.7384,4.3196,5.6308,5.518,9.5297,5.1263,7.7731,10.7658,8.5842,9.1441,9.7826,9.8063,10.6556,6.7152,12.7812,11.0346,7.6347,5.7841,13.22,5.0001,6.1942,6.7405,9.1549,3.8553,8.3861,6.5906,6.9608,10.0408,6.8288,5.0012,5.4234,10.157,6.8917,7.5959,10.6609,8.0302,7.866,10.7299,6.8376,7.1307,5.3002,5.4175,14.0496,6.7388,10.4703,7.4494,6.5277,5.7508,11.2573,8.913,10.1959,7.5248,9.6968,10.7777,13.6245,7.7653,9.1717,7.5002,6.6357,8.7327,4.6233,5.9559,6.3496,13.4443,7.7311,9.633,11.9762,10.7389,4.0,4.4025,10.1961,8.6922,9.5155,7.5811,7.0155,2.74,4.4339,4.8491,8.2412,5.4556,6.838,8.2401,12.1556,4.2672,2.7098,11.3078,2.7401,3.5027,4.873,2.7398,3.2259,6.7158,6.0708,5.9989,9.0021,5.9675,2.7449,4.0613,4.0146,3.16,6.2713,3.4174,2.2499,2.6996,5.9038,7.3669,5.7815,3.6559,4.1253,3.8491,2.6999,5.7668,4.7789,2.7099,5.2144,2.6999,3.1603,3.2046,4.4427,2.7209,2.7,2.6999,3.22,5.2801,2.0001,3.305,3.0296,6.2303,4.4405,2.0001,2.0001,2.3568,2.7,2.7005,3.1014,6.8748,2.74,2.7296,3.9061,3.9346,2.7001,3.3482,4.9366,2.0002,2.7401,4.437,3.337,5.8386,2.0027,2.0038,4.0381,3.743,3.604,5.663,5.8007,5.8622,2.7772,2.6165,2.0002,2.7,4.6121,3.9139,2.7032,5.5356,4.5417,3.8849,2.7002,3.7719,3.6209,2.829,5.2484,2.8317,4.5095,2.0005,5.9922,5.4319,4.4701,2.7001,3.0014,3.1518,3.309,3.0014,2.7001,3.5025,3.668,2.9523,4.1178,3.0013,3.2735,2.0036,2.4849,4.0457,3.0014,2.7101,3.0013,5.0007,4.3827,6.7157,4.0978,4.1302,2.7001,5.0007,4.538,2.7001,2.7101,3.6021,2.7002,4.5668,2.7002,8.409,4.1414,4.9497,5.3658,4.5483,4.9087,4.0,5.2039,7.2256,8.2317,5.577,4.2611,6.8519,5.3466,7.6856,6.9602,8.0914,6.0568,5.2284,5.7922,3.4467,8.4329,10.8313,8.8646,9.6012,12.0091,3.7547,7.6483,7.2653,5.506,9.1152,7.8375,6.5605,11.8447,6.2346,7.0006,8.1123,9.7927,6.6029,11.6063,6.1662,3.816,8.5675,8.1292,6.7096,7.0711,5.9476,6.7164,8.0154,7.4113,4.3385,3.0006,8.0825,4.8077,3.0006,6.3869,6.2757,4.2081,7.9887,6.8851,3.1852,7.008,8.2023,9.6347,4.1713,6.2068,4.7,3.6091,8.1251,5.4911,4.2289,9.0,5.3573,6.4084,5.3661,5.76,2.0,8.064,7.9068,5.2807,6.1794,7.3121,7.1616,3.0002,6.3596,5.6835,5.3979,4.2631,4.315,5.692,2.0,2.1682,5.1018,9.5308,6.7204,5.7655,6.6329,4.7531,4.7531,4.7531
63,7.4582,15.4249,8.6637,19.3516,10.53,2.7317,4.0793,4.6161,4.4603,11.9121,11.1393,11.5375,11.7881,11.3518,11.7528,8.1618,6.2183,8.1363,12.9339,5.3426,7.3541,5.535,8.132,10.4621,5.4094,4.3141,3.932,8.0003,11.2258,5.8392,8.8807,11.5726,10.1222,15.5631,6.926,9.6179,9.4838,8.6529,8.8308,6.7578,4.0422,9.5113,4.6455,10.1124,10.1938,12.3675,11.6613,6.6848,8.523,7.9891,7.944,4.3377,4.3176,13.4758,10.8111,8.0,6.2781,5.9026,7.8173,5.4897,5.0555,6.0239,8.0001,10.5886,9.3431,10.3847,10.7263,12.1994,6.0286,6.0531,12.5426,9.6139,8.2788,4.4705,11.2227,5.0001,8.0001,7.4447,6.2606,3.0,9.7893,7.7624,5.6119,7.7357,7.0744,5.9116,6.5472,10.2655,8.9773,7.6275,9.9576,8.3008,8.4739,10.9739,5.4269,7.5208,5.3671,5.4814,14.3568,6.7296,9.8368,12.9012,6.8618,6.5828,12.8593,11.022,7.8915,8.2872,9.2524,10.1084,10.5229,9.6468,9.1878,9.1577,4.919,9.9657,4.4225,6.3998,8.8211,9.9273,7.4973,8.8472,10.2714,11.0431,5.7289,8.5985,9.56,9.6864,9.7323,9.152,5.5416,3.5021,6.4994,5.8556,6.67,6.5398,7.002,6.4458,9.4855,5.3639,2.7299,10.3139,3.5024,6.6626,5.8384,2.7399,4.9642,7.2616,6.6583,5.2453,11.8283,9.5873,3.0024,6.3262,6.4023,3.4769,6.0417,5.3193,3.6471,4.8788,6.7107,6.4784,7.9977,6.7244,4.4128,3.5001,2.9644,5.1274,4.5769,3.5027,4.9476,2.7107,4.3158,4.5225,6.5685,4.5932,2.7,4.371,5.0009,6.6315,2.7279,3.8464,5.4627,6.6074,5.5036,3.66,2.0003,3.0016,6.2255,3.7689,4.2898,6.7822,5.8355,3.9902,5.481,3.9512,3.6446,6.7557,5.965,5.9084,4.9274,4.538,6.9262,5.6218,2.7007,5.0968,6.9032,5.6667,4.7822,7.976,7.7082,6.7205,4.6376,4.7879,2.3504,2.9424,5.476,5.2526,3.5026,7.3184,6.4489,4.2063,4.0537,5.3514,5.7699,4.6942,5.6727,3.9476,6.3015,4.5531,6.9766,6.558,7.0439,2.7001,5.1957,4.7174,3.0279,3.7337,3.2831,3.6329,4.8012,3.7309,3.8356,4.8393,4.5706,2.0048,3.5014,3.977,3.6653,3.0014,3.0013,5.0007,6.1422,6.8692,4.7264,5.0007,3.5594,4.0348,5.4414,4.0541,5.1496,2.7002,2.9439,6.8845,4.7568,7.8777,6.3031,5.2124,6.5907,7.6701,5.3605,4.4636,6.4409,10.2518,9.8768,8.7207,7.9243,8.0301,6.6295,11.6863,7.3288,7.8813,8.0414,7.2643,3.811,5.2378,7.5536,9.1404,9.8994,9.183,11.5607,4.492,7.4731,6.955,6.8077,7.1954,7.0466,5.4832,8.2802,7.065,6.0926,7.0086,9.2715,7.4091,11.8885,7.5021,5.5509,9.402,6.6796,6.7124,7.3372,7.0297,7.478,8.0964,7.8003,5.4585,3.0006,7.3273,5.5465,3.0006,6.2097,5.1809,7.4453,8.2503,7.9834,6.0123,6.946,8.1023,9.7206,5.8091,6.2335,4.7,4.587,7.9295,5.3481,3.0001,8.8187,4.7099,6.537,3.5948,6.6703,2.7961,6.7,6.8387,4.9791,9.5576,9.0,8.3095,4.9816,6.3539,7.3747,7.1885,5.8998,6.0736,6.4,2.0001,3.0003,5.7112,10.3153,7.0708,4.99,11.1629,8.6885,8.6885,8.6885
64,7.1433,11.5212,6.7125,17.1388,8.9456,2.8295,2.7001,5.2576,5.2139,10.8752,12.1,13.8595,10.6859,9.8149,12.4622,8.205,7.1527,6.6895,12.3549,4.1624,6.4012,4.777,6.5446,10.5499,4.7859,2.7401,3.6461,6.5257,11.5332,5.391,8.9676,11.413,8.2404,14.8382,4.2657,9.6748,7.9796,6.4631,8.0,11.2032,3.1189,6.0283,3.5,8.7735,10.0643,9.8333,10.6561,3.8405,3.3011,8.2054,6.7091,4.4022,4.2054,9.3958,8.1813,5.1299,5.0658,3.1909,4.4083,2.7403,2.8033,6.4308,8.3187,8.4178,7.0151,9.3125,11.0683,11.6681,3.4357,7.4696,12.5028,8.5947,6.6306,5.0556,10.6341,5.5232,8.4779,8.3861,8.2058,5.9408,10.924,8.6244,4.8626,10.2805,6.9032,6.7932,7.3069,8.9521,9.2508,7.1555,10.8299,7.2568,8.2401,9.6459,4.7307,8.6037,5.8178,6.4382,12.6937,7.0502,10.6799,8.1606,3.5001,8.2477,12.4736,11.806,9.6788,9.1899,11.2746,9.0682,8.8012,9.7111,8.5431,10.2633,2.7109,9.9871,5.8228,5.3633,8.1681,10.0874,8.24,6.6069,9.3213,10.1185,4.0,9.7282,14.1797,8.2936,9.2088,9.2222,6.012,3.482,6.4949,5.0183,8.2401,6.4659,8.0434,5.8367,3.3315,5.1925,2.7299,7.1847,7.6021,6.829,6.1449,2.74,4.814,8.3165,6.3117,5.5062,10.8915,10.5115,2.745,7.961,8.1844,4.5547,4.5404,5.7305,6.9715,5.9069,8.3784,9.6706,6.9644,9.6123,4.8246,5.436,4.2561,6.0641,7.8878,5.4676,6.5861,3.5,4.8218,5.3891,8.3074,5.0013,2.7101,3.6163,6.5891,8.7398,5.0486,8.1842,7.4034,9.9631,8.0003,8.5641,4.9048,6.2482,6.2395,6.9907,7.7864,9.6718,7.0209,6.5788,6.5183,7.7148,6.8612,11.8361,9.4769,11.0168,8.3373,5.6767,8.7056,5.6881,5.3686,6.5709,6.3261,8.1276,6.7977,9.7212,9.0102,8.237,4.7814,5.954,2.7002,4.0622,6.7128,6.3381,5.1998,5.995,5.9923,6.132,5.4921,7.3358,8.0327,7.4118,7.6571,6.7504,7.4269,5.8257,7.6646,6.3137,4.7112,6.1306,6.5963,6.4011,5.6735,6.0263,6.691,5.7041,6.9124,5.7473,6.1988,6.4783,8.3181,2.1129,3.9785,4.485,3.8162,2.7,2.7,7.5591,7.7154,8.6602,7.1016,4.8584,4.4307,7.2835,8.7627,5.0007,7.8267,3.7863,4.2107,7.3846,7.7762,8.9763,10.7584,6.663,6.9082,8.6956,7.6094,4.4304,7.2698,10.3406,9.3668,8.6333,9.5249,7.9666,6.7809,11.6704,7.2817,6.8028,8.6904,8.7485,5.9636,4.7001,5.7187,9.7366,10.2303,7.4945,9.8019,5.7647,7.8364,6.0115,7.3935,7.3916,4.9062,3.6899,8.0,7.0766,4.6918,5.7193,7.5126,7.1608,10.8161,7.2294,4.8732,8.8644,5.606,8.021,7.1248,6.9224,6.9375,7.3514,7.7016,5.0982,3.0005,4.2863,6.2655,3.3511,4.2576,4.3408,4.0001,5.3218,5.76,6.6827,6.7628,6.9797,5.2506,5.0006,5.9543,5.6431,3.5974,5.9307,4.02,3.0,8.0,3.0003,3.5519,2.0773,5.8729,2.8288,5.0629,5.4495,2.7101,6.6065,6.9076,4.0766,4.2875,6.5237,7.5123,5.7378,4.9095,5.8537,4.7405,2.0001,2.961,6.2508,8.082,8.1253,8.6901,14.4543,11.9586,11.9586,11.9586
65,4.7371,10.2605,6.5414,11.9517,7.1846,2.7001,2.7,7.4657,4.2077,8.7672,10.9765,10.1642,7.5851,6.7291,12.6865,7.4531,5.9171,4.6893,11.639,3.3853,4.9479,4.2543,4.9917,8.5305,3.6862,2.73,2.8089,3.905,7.9456,4.8044,7.5302,9.2896,7.3282,12.8543,4.1011,10.8991,8.7108,4.7896,5.4272,7.1112,2.7448,6.8401,2.7299,7.756,8.23,8.7213,10.2291,3.0026,3.0011,8.1443,5.7826,3.3456,3.5693,7.4202,5.3337,3.7906,4.9575,2.7301,2.8117,2.7299,2.7407,6.1866,10.0696,6.7193,6.9555,7.9877,11.394,10.0135,3.1186,5.2316,11.3015,9.1188,6.8537,7.9507,7.45,6.082,9.4089,8.6583,8.9132,8.1723,10.7162,7.6225,3.8289,9.0187,5.4076,5.4817,7.064,6.8573,9.0808,6.9265,10.7953,7.0736,6.3281,9.8186,3.5133,8.8857,6.1466,7.8843,11.5331,6.999,11.496,8.7087,4.1627,7.2921,13.34,12.3718,9.3001,10.1848,11.7738,7.5736,8.5741,13.1124,13.4017,11.2626,6.6358,9.94,5.9192,5.7267,9.3589,12.1106,6.7727,7.977,8.4929,11.7325,4.0,12.4335,16.1496,9.8778,10.0379,9.0585,5.9119,7.3056,7.5537,7.4669,8.2401,7.8233,8.2693,5.5897,3.9436,7.8258,3.2212,8.1874,6.1738,8.401,11.7822,3.0022,3.6801,7.5718,8.8318,6.0508,11.3602,9.8736,7.1776,8.0992,7.2384,4.0011,7.1184,7.379,7.0209,5.9413,9.9474,10.2959,6.0941,13.6814,4.7069,5.3472,3.6463,8.6986,8.2663,6.0142,8.5286,4.2865,5.8338,6.7729,9.3277,5.5163,2.7,7.7835,6.936,8.339,5.9085,10.6182,9.6243,9.7119,9.7871,9.4947,5.4798,6.1472,8.9032,9.7965,11.5301,10.8446,10.0,9.5786,8.2399,9.2532,10.0658,15.045,12.121,11.3887,13.108,8.9956,10.337,7.9775,14.4774,8.1448,9.2119,8.9172,7.8883,10.1776,11.5319,9.6745,6.544,6.9634,2.7101,3.9971,6.4341,7.0147,5.9102,7.9006,6.7865,7.1769,5.4631,6.4057,8.0001,7.7732,8.3541,6.2044,7.8752,6.9512,8.0,7.5103,6.1345,6.6152,8.7598,7.6584,7.9729,7.1998,7.5273,8.0597,8.8917,6.83,7.0951,6.0913,6.8756,2.7,4.6381,5.1126,5.9421,4.7461,5.6384,7.231,8.3548,8.5411,7.4365,8.1742,8.7758,8.8488,8.2045,7.603,7.1672,3.629,5.8035,7.7347,9.99,10.4877,7.7667,8.4216,9.6883,8.6998,6.6477,4.5259,9.1154,8.1882,8.9463,9.2748,8.7402,8.3121,8.2095,10.9958,7.5714,5.3813,8.487,9.4943,6.3032,6.1845,7.328,11.2358,10.6732,6.9217,13.0924,7.2573,7.2852,6.4756,7.7788,6.4811,7.6405,3.4443,5.8582,7.9942,3.4953,4.0,6.7446,6.2953,10.0162,7.246,5.316,9.3376,4.1883,8.0957,7.3213,3.0204,5.7001,6.8351,4.0205,5.2002,3.0005,3.0006,5.5105,3.0011,4.6982,3.8729,3.0006,4.0,6.8428,5.8487,5.276,6.7652,4.3264,3.9051,5.3001,5.5069,3.0,6.4767,3.0,3.0,7.4529,2.0008,2.5711,2.0009,2.5622,3.0001,3.0,3.1672,2.0001,4.9127,5.1717,2.6359,3.8833,3.0314,5.9259,3.2836,3.5,4.3955,4.0812,2.0001,2.0001,6.7098,3.523,5.6879,5.3345,11.7906,11.2544,11.2544,11.2544
66,4.325,10.7437,3.5076,8.0004,4.5433,2.6999,2.7001,9.4087,3.537,8.1548,8.0,10.3346,6.8719,5.7887,11.5572,5.8747,4.8339,3.1308,8.2315,3.5,2.9341,3.4925,4.0002,5.822,3.5027,2.73,2.74,2.8601,4.558,5.4277,6.7875,6.2958,3.5001,8.24,3.5,10.1691,6.5438,2.73,3.4997,4.6629,2.7399,4.6132,2.6998,5.6271,5.3804,5.7473,7.4318,3.0026,3.5029,8.0112,6.1158,2.7399,2.74,3.9012,3.8892,2.7401,6.3836,2.7101,2.7101,2.7301,2.6407,5.6048,7.5015,4.177,3.949,6.7447,10.343,8.9681,2.74,5.6138,11.4064,6.8517,4.7199,7.0737,4.172,5.8561,12.2969,7.7582,9.1842,8.7704,10.5289,8.3029,3.5031,10.1118,6.0063,5.0009,6.0824,6.623,7.4203,6.8302,10.8636,7.4119,3.7406,9.5883,4.8305,7.936,6.2242,8.274,11.0612,8.0209,9.8294,9.9101,7.7569,7.6202,13.9015,9.8574,11.2368,10.1884,11.7422,6.9039,9.178,13.8461,15.6057,4.5472,4.4583,9.7891,3.0015,4.0296,7.9945,11.0396,5.591,8.145,9.3977,10.0242,4.0,12.9708,17.7713,10.4154,9.0724,9.2436,4.9221,5.8585,10.2619,10.9749,7.5747,7.6379,8.828,6.7572,5.5923,9.7283,5.6182,7.7502,9.4257,11.4157,12.7823,4.7222,6.885,12.0243,12.2522,9.2592,11.7426,11.6101,5.9684,8.0003,10.3552,4.8149,9.6742,10.7413,8.8393,7.0872,12.9135,8.7675,8.6574,15.193,8.3082,9.4529,3.5028,7.3555,10.3886,7.5722,10.2183,6.2819,7.7066,7.3053,9.6342,5.62,4.6248,9.9157,8.1194,8.7613,7.1058,10.3314,9.7924,8.5676,10.7501,10.5161,6.777,7.6901,11.3735,9.4613,9.5558,11.0134,10.9398,8.9156,10.4909,10.5073,11.1331,17.782,13.4028,12.8709,15.0906,11.87,14.8057,11.6655,12.3608,9.2637,10.4329,11.3694,8.5265,11.0788,10.5526,9.5062,7.037,9.13,2.7307,6.0988,8.5762,8.377,8.2929,7.9712,7.4928,7.5811,6.3911,8.3108,8.4163,8.2494,10.451,9.5822,8.0001,7.126,7.0301,8.3592,8.0847,8.4088,9.7001,6.9504,7.8448,8.3726,8.0107,7.9699,9.4276,8.9815,9.7101,7.3917,8.211,2.007,7.699,7.8199,4.5852,7.2791,8.7001,9.1924,8.7153,9.6327,7.1946,5.9,11.6957,9.2773,10.9234,7.7419,9.8124,3.014,6.4383,9.4564,8.5804,10.9647,7.8622,8.5951,8.8177,9.0831,8.5611,8.5305,10.0607,8.2217,9.99,9.4216,12.4826,9.7001,10.7861,12.5594,6.9264,6.8042,9.4197,10.1987,9.4958,7.9225,6.5409,11.4142,10.8999,6.0857,4.0,8.8304,7.4195,7.4265,8.0365,9.2889,7.487,4.1468,4.6112,4.4452,3.8872,4.3046,5.3122,7.4573,8.7057,7.3095,5.8962,9.0732,3.7523,7.4167,7.0979,3.0,5.9089,6.9358,3.0007,4.3267,3.001,3.0006,9.2516,4.064,3.0625,2.7,3.1098,3.7365,4.8639,5.8166,4.8004,6.0954,4.0001,4.0004,4.5275,4.7001,2.0,5.8968,4.2333,3.0001,4.3873,2.0001,2.0001,2.0001,2.0001,2.0,2.0,2.762,2.0,3.8613,2.4068,2.0007,3.0001,3.4013,5.3533,2.5742,3.0,3.7816,2.3772,2.0001,2.0,5.1695,4.121,4.0,3.5001,9.0011,4.6077,4.6077,4.6077
67,5.1786,9.6658,4.3756,7.3414,3.5022,2.6999,2.7,13.1861,3.5023,8.7872,6.9657,6.028,5.4405,4.4913,9.4109,4.2718,3.9726,3.0433,5.4229,3.5,2.73,3.333,3.5033,3.2056,2.7101,2.7303,2.7301,2.7,4.0,4.7774,6.2507,7.5748,2.74,6.0358,3.5034,8.662,6.2059,2.7,3.1798,4.6196,2.7399,4.1859,2.6998,5.409,3.9073,4.1329,5.149,3.0026,3.2629,7.4717,6.2705,3.0001,2.74,3.368,3.5694,2.73,6.8853,2.7101,2.7,2.005,2.3607,6.5301,7.5636,4.0174,3.431,7.3001,10.8588,4.7104,2.7401,7.2969,9.6869,4.6219,4.8637,8.1084,3.6985,6.3937,13.7655,8.779,9.1834,9.1286,8.6812,9.5112,4.5735,9.3947,4.8858,5.0009,6.5994,5.8239,6.7011,6.2282,11.2565,8.2616,3.7211,9.7137,4.7807,8.2298,8.2056,9.3578,10.9491,8.1649,9.2602,12.0313,8.307,8.094,12.8874,8.0268,12.1537,9.8592,11.5861,6.7573,7.2675,14.9528,14.039,6.0169,4.3259,9.7333,3.2481,4.2066,7.6408,10.7896,6.4786,6.5058,9.4687,12.1139,5.4914,13.1315,14.4768,8.8205,7.1644,9.1466,4.1516,9.4495,12.0884,11.3144,8.4944,7.7765,9.6407,5.8665,7.4384,12.276,3.448,8.5533,10.5356,12.8664,12.2332,3.1429,6.2276,11.4765,10.6516,10.443,13.847,14.1878,10.057,11.0535,11.2595,6.3527,9.2529,11.1126,7.1921,7.6614,10.7112,7.1171,9.3191,14.7162,8.9917,10.0967,6.5431,9.589,10.1133,8.7494,10.0852,5.9299,10.0858,8.3639,11.831,5.9767,9.2148,12.3607,16.1293,9.6781,9.1793,12.2828,9.7078,12.2988,16.17,16.4248,8.2482,9.7161,12.658,10.9021,12.2584,11.8805,10.031,9.8963,11.0221,9.9967,10.2437,18.0307,16.2903,14.2502,18.8184,11.5315,12.6953,10.9468,12.7803,12.3746,10.7602,13.4196,9.7547,10.9102,11.2121,9.7402,7.9205,7.1585,2.7306,6.8522,7.3225,8.6877,7.7181,8.0,6.898,7.4174,6.3677,7.3602,8.9537,9.0124,10.4844,8.4772,8.2315,6.3267,8.0,8.0,6.334,7.7205,9.7101,7.804,8.0985,8.8097,7.7027,8.6834,11.0843,9.0168,9.8094,5.6771,8.0706,2.0009,5.53,7.9658,5.0527,8.2545,7.9164,7.9244,9.2701,11.004,8.8718,7.6474,9.95,10.4569,9.7301,7.9887,8.6331,4.581,8.2655,9.7635,9.99,12.2668,7.4191,7.8926,7.7306,8.8777,8.3296,9.6382,9.5055,9.9256,9.8364,9.9524,12.7884,9.1403,11.19,14.1809,7.7815,4.8834,10.0419,12.0046,12.3564,4.5413,4.8908,10.3412,12.2776,6.4567,11.032,10.3888,6.6822,8.7171,8.3835,9.7453,7.8932,4.3649,3.7028,3.3541,4.5398,2.7658,4.0788,8.358,8.3675,7.4301,6.134,8.3761,3.3153,5.8882,7.5877,3.0001,5.7204,7.5199,3.0005,3.0005,3.001,3.0008,10.4408,3.7728,2.7,2.7,3.0006,2.9138,3.0009,4.8774,3.5692,4.5851,4.0001,4.2228,3.6184,4.5446,2.0,4.7861,3.3747,6.6215,5.0,2.0001,2.526,2.0,2.0001,2.0,2.0001,3.0,2.0,3.0002,2.2492,2.0,2.9471,3.0003,5.784,2.7009,3.0,3.1305,2.0003,2.0,2.0,4.1677,2.5517,4.1683,2.806,7.3327,3.5515,3.5515,3.5515
68,3.5042,7.7214,3.5001,5.4919,2.79,2.6875,2.7,12.5262,3.0104,7.5006,5.2379,5.1868,4.4113,3.3476,7.7744,2.7001,3.8254,3.3932,4.9652,3.0018,2.74,3.5025,3.504,2.7349,2.7102,2.0002,2.0005,2.7,4.0,3.1359,4.7549,5.6243,2.74,3.7997,3.0014,8.1513,5.3867,2.73,3.0478,4.3217,2.74,3.1993,2.6999,5.1636,3.5046,4.1445,3.504,2.8917,3.0012,8.065,7.6865,2.74,3.0012,2.7402,3.0017,2.7299,5.6684,2.6999,2.4385,2.0001,2.7401,6.4352,12.7217,4.0001,3.6679,6.9306,8.4362,3.5567,2.74,5.4959,8.5727,3.351,3.538,6.7737,3.9602,5.4314,13.73,9.376,7.2406,9.0274,7.5715,9.5466,4.0357,9.9764,5.4685,4.4834,5.4226,4.7216,5.9053,5.7248,10.0798,6.6469,3.0838,8.8849,3.5692,8.6173,8.4403,9.4088,9.5358,7.6474,11.8606,9.7805,9.468,7.969,12.8366,9.6176,13.4854,11.5289,11.7183,6.7223,6.8195,14.9934,14.0063,6.228,3.2187,8.6939,4.1276,5.1734,5.9802,8.7056,3.0026,6.0314,7.5881,12.246,6.5348,11.7769,12.1461,9.1938,7.4425,9.0119,4.5868,10.9971,14.9131,14.6797,11.2669,8.7289,9.003,6.6253,6.8968,11.9824,2.74,8.8234,11.7891,14.7005,9.3937,7.595,6.7797,14.4209,8.3798,10.2176,14.0535,13.3855,10.1755,12.6628,12.4914,8.2379,9.5146,13.2082,9.4341,11.9089,13.7076,10.3387,13.4155,15.9578,11.0449,13.299,8.206,9.7818,11.7996,10.5989,11.8148,7.2329,10.6395,9.3091,14.0481,6.7914,10.6942,14.3791,15.7625,11.9092,11.2662,12.6528,11.9329,16.2323,18.8816,20.3917,9.2737,10.5861,16.7236,12.6051,13.6777,15.5518,14.5817,12.4957,10.8241,11.8163,14.4896,21.5562,22.8177,20.3194,23.9051,15.5724,16.7983,10.706,14.8322,14.8879,12.1406,12.9863,10.8687,16.0682,17.561,15.2291,9.2815,9.1242,5.8445,7.8993,8.5099,9.8353,12.5074,13.0966,12.3476,8.3045,7.8183,8.1276,11.5971,8.0103,16.0385,12.8356,12.6901,9.12,9.893,12.3355,8.063,9.0976,8.2641,8.0592,7.5341,9.0213,8.9017,11.3281,15.0661,10.6954,9.587,7.7025,11.3635,2.6151,7.3723,7.8008,6.163,7.8549,8.7475,10.4126,10.298,15.443,9.9172,6.0212,11.9465,10.1301,12.3348,11.2515,12.7862,9.7037,10.6321,9.99,11.5284,16.8486,8.71,8.7825,8.2429,9.5121,9.7125,9.579,9.4386,11.3705,9.99,10.2872,12.6424,9.4822,11.091,13.5487,9.0074,6.5031,10.0385,11.5429,10.6778,4.7,4.709,11.1409,11.9255,8.1652,7.5732,10.723,7.7616,5.798,9.475,9.2389,11.3245,3.0006,2.7002,2.7001,4.4761,3.8362,3.6885,8.572,7.3628,7.6382,6.7277,6.7276,3.0005,4.701,6.2192,3.0004,7.0493,7.5002,3.0005,3.0005,3.001,3.0006,14.3049,4.0001,2.7,2.7,3.0006,2.7,2.9759,5.0451,3.5265,4.3528,4.1237,4.6126,3.4482,4.6807,2.0,4.0783,3.045,4.827,3.3013,2.0001,2.7816,2.0007,2.0,2.0,2.0,2.145,2.0,2.5654,2.0001,2.0,2.7357,2.9621,5.5383,2.0001,2.0001,3.0001,2.0001,2.0,2.0,3.0724,2.0005,3.9136,3.5,6.8266,3.0535,3.0535,3.0535
69,4.2751,6.4046,3.6574,4.8062,2.71,2.6999,2.7,10.187,2.6999,5.4664,4.7953,5.234,3.8111,2.9435,6.8302,2.7001,3.7143,3.5027,4.3857,2.948,2.73,3.0018,3.7477,3.7729,2.71,2.0,2.2373,2.7001,3.5,3.0293,4.5232,3.7133,2.7398,3.5812,3.0014,6.879,4.8797,2.6999,3.0019,3.7121,2.7397,2.7302,2.2737,4.315,3.5044,4.1023,3.6946,2.7401,3.5001,8.2365,8.8775,2.7399,3.1773,2.7399,4.0073,2.7401,5.0603,2.7101,2.4984,2.0001,2.7401,3.9999,6.4372,3.5,3.5043,6.8917,5.8079,2.743,2.73,6.8611,9.0447,2.74,3.6167,6.558,4.2115,8.1733,15.3758,7.4413,5.3316,10.1467,7.692,10.7644,5.9829,9.0657,5.4586,5.8088,7.3564,6.3547,7.3596,7.7382,12.3694,4.6254,3.8293,8.4572,3.3323,8.7534,9.7807,10.5794,7.4994,7.0814,10.7571,10.3281,9.8484,8.3464,12.662,9.3262,14.83,11.0342,10.5044,8.0988,8.15,15.0613,16.329,7.2254,5.3003,9.1907,4.3984,5.4218,5.9006,10.5128,4.5586,5.0924,10.1692,15.5667,9.5442,17.0213,13.0842,9.4197,7.1516,8.8242,5.4346,13.4031,13.9174,15.9755,14.3472,10.1463,8.7678,7.4666,7.3835,12.1752,2.7401,11.579,13.1653,15.8651,9.2183,9.9037,10.4692,17.0675,9.2318,12.1776,16.1548,14.9266,13.9247,15.5937,18.8585,8.8663,14.1197,14.1872,10.1009,12.7275,10.3197,9.9184,16.2053,16.1839,10.3292,12.8703,9.9238,14.7214,10.9908,10.1755,11.4485,7.2164,11.1798,10.3875,15.5014,4.93,11.9152,14.7778,16.2722,12.4727,14.2613,16.2225,18.1637,20.1106,23.0633,21.8012,11.1012,12.4227,15.5827,12.7796,14.4527,14.4873,12.9728,13.1271,11.8948,11.0787,14.3338,18.5767,20.6336,18.3224,25.3475,18.5725,16.8783,11.1328,15.8411,14.2969,13.2515,11.0405,10.9051,12.6635,13.4682,12.7579,6.9871,9.4359,7.3116,8.2202,7.6617,9.7278,13.2499,12.0316,11.3881,7.3576,7.8817,8.0493,9.7075,9.5953,14.3461,12.0421,9.8308,8.4435,8.9796,12.0585,9.5241,9.384,7.8644,8.0,9.3577,9.9669,8.8739,12.6852,15.1702,9.8506,11.9116,8.6731,12.5956,3.0014,7.9178,8.0781,7.8138,9.5776,9.3747,10.0509,10.2748,16.8326,9.99,6.3437,11.4858,11.621,13.3898,10.8984,14.5431,11.8335,14.1254,9.892,17.602,13.6511,8.2138,9.0923,7.4355,8.9171,10.8457,9.3017,12.8831,12.1837,9.99,9.8261,9.99,9.99,12.3806,10.2675,8.8627,6.5467,9.0443,10.9473,10.1121,5.516,5.206,10.0572,12.379,9.1142,8.6649,10.9619,8.1677,5.048,6.4002,6.3401,10.1495,3.0006,2.7002,2.8252,3.8002,2.7001,4.7504,9.4224,7.9021,6.6667,6.7826,7.143,3.0005,4.352,5.1206,2.7,5.5663,7.4571,3.0005,3.0005,4.7875,2.7002,15.837,3.7072,2.7,3.0009,3.1274,2.7,3.0,5.6467,3.6886,4.1499,3.9241,4.8621,3.2236,4.1529,2.0,3.569,3.0,3.0001,4.2229,2.0001,2.5518,2.0001,2.464,2.0001,2.0001,2.1238,2.0,2.3649,2.0,2.0,2.8976,2.0008,4.4382,2.0001,2.0001,2.6641,2.0,2.0,2.0,3.2026,2.0,4.2378,4.0294,6.8061,3.0206,3.0206,3.0206
70,13.2586,7.866,6.2383,5.7189,2.7407,2.71,2.0041,10.0022,3.8269,4.4341,8.0,8.0306,4.5891,3.5134,8.5376,2.9357,5.7041,3.5028,5.3156,3.0017,2.71,2.7144,3.8396,3.9953,2.7101,2.0675,2.7408,2.7101,4.0,4.0922,6.8733,4.6201,3.9081,4.0022,3.5,5.5479,6.274,2.6999,3.0019,4.5953,3.1093,2.9262,2.3234,6.5268,3.0024,3.5037,3.5627,2.7456,6.7134,7.3161,7.7882,3.4272,3.2668,2.7399,3.5749,2.73,3.2769,2.9914,2.7099,2.0001,2.7399,4.8785,6.1664,3.3098,4.3624,8.0626,5.8752,2.7428,2.74,10.3698,8.4732,2.74,6.0592,6.2514,4.4065,8.008,11.7322,8.7012,4.1617,5.9675,6.3245,11.0301,8.313,8.6864,5.0006,5.2529,9.676,5.6025,6.0916,9.5801,9.7404,3.629,7.251,9.3475,4.0,8.4972,9.3066,11.5054,8.5178,7.2588,10.0285,7.3754,8.5551,8.2767,12.0528,8.3257,10.713,9.1867,9.4891,10.2287,7.934,13.3977,15.3192,8.9234,5.0431,7.7911,4.5747,6.1468,6.1859,10.6769,4.316,6.0484,10.1888,14.7579,11.0915,14.7465,12.9865,10.9147,5.1706,8.6133,5.5301,13.4635,12.2059,12.2939,16.5848,8.4404,7.9825,9.9331,8.5641,12.4441,3.595,12.94,12.3652,13.52,7.6491,11.1983,11.2561,14.2292,6.8166,9.6235,11.6772,13.3473,14.3354,11.927,11.7251,7.579,7.4628,9.7553,6.8258,10.6727,8.2972,8.2033,12.8687,12.7245,7.7274,9.1718,11.1369,11.8054,6.5451,7.7887,8.2916,8.2336,11.5761,10.2349,12.4447,4.1089,11.0702,12.2456,10.9811,12.5515,13.5427,11.6531,13.1916,13.9568,16.3881,11.9136,9.3779,8.4011,11.2335,9.4729,10.3756,13.0319,10.6038,11.9898,10.3207,8.4174,12.4014,13.8093,11.4722,12.5939,19.9484,16.8035,12.4213,8.2523,13.2017,9.3316,9.6154,9.8503,8.4171,12.1201,11.4743,9.9414,6.1966,7.1622,6.5647,6.7794,6.7439,7.578,7.4978,6.7377,7.5907,7.5944,8.5089,7.471,7.1547,9.6019,8.2434,7.5964,8.0,6.5474,6.0424,8.0,8.5332,6.4808,8.2175,7.3976,9.3856,9.4867,7.896,9.8406,11.3955,10.013,12.6195,13.5859,9.6234,3.5424,7.4148,7.6355,6.0547,8.2048,9.9123,8.1563,9.2943,12.2292,7.3816,4.9565,10.9015,10.2665,9.5169,6.7733,6.2548,7.3644,7.2273,7.2244,10.5855,9.8925,7.9683,8.142,7.485,8.6139,10.0929,9.6768,12.2104,10.0789,9.5622,8.5376,9.1415,9.7101,12.4813,5.4753,8.7889,6.7514,9.1195,9.034,8.0553,7.9457,4.71,9.2797,11.0581,9.305,11.6412,11.1668,8.6545,8.8368,6.5883,4.6902,8.2,4.5853,3.6727,3.9506,5.2906,3.5454,3.8571,9.4672,6.3952,5.0725,8.4936,9.1411,3.5654,7.4745,5.8144,3.0004,7.5562,7.7311,3.8524,5.1817,9.7536,4.0001,20.9886,2.7001,2.7,3.5806,3.0006,3.0,3.2004,7.2336,6.3953,5.4372,4.1954,4.7001,4.6681,6.9444,6.1507,5.6765,3.0,4.0003,10.1027,4.7552,7.0222,3.513,4.3331,4.4451,4.1256,5.5841,5.3354,5.0,3.0001,2.0001,5.1453,4.3186,5.9794,2.0589,3.5,5.0047,2.001,2.7011,2.0,4.2938,2.0007,6.5873,7.1937,9.8952,7.131,7.131,7.131
71,21.9702,15.6359,16.1272,14.032,7.2728,8.2307,4.6239,15.172,8.8455,11.3524,14.644,12.4211,11.0486,16.9728,13.4544,8.8106,13.2424,8.0003,15.1702,15.5852,2.7301,3.4138,10.2992,11.2122,7.9975,4.0455,11.5943,5.5211,5.4604,9.811,9.6602,7.8576,9.6149,8.24,3.406,6.5637,9.5073,3.0619,3.5042,5.3295,8.3281,5.227,2.7298,7.5067,3.0019,3.5036,3.8175,2.7401,9.12,6.1549,8.0,2.8119,3.6431,2.7407,4.8798,2.74,3.5001,4.809,4.8295,2.0001,2.7401,3.9999,7.5314,6.0751,6.601,7.3277,9.2328,4.4672,2.7401,12.6754,10.7999,4.6494,5.0218,6.6994,6.5321,7.2999,10.0417,6.7653,3.6,3.9847,6.0589,11.7568,7.0838,6.7436,3.0016,4.3984,11.8151,5.5814,4.7447,10.2628,12.1606,2.8162,8.0702,11.6534,3.5297,8.1819,9.7237,12.1563,6.92,6.1432,9.0328,6.0528,7.5871,8.0258,11.016,9.3873,9.0826,9.2914,6.5275,9.5268,6.0105,12.697,12.8588,9.6192,3.9073,5.5808,4.0,6.4834,9.7917,9.4337,3.6319,7.6967,10.6486,13.2041,9.4263,11.5455,11.0323,9.2278,5.2136,8.7675,4.646,10.3325,10.2017,9.7981,12.3924,6.7027,6.3998,8.8385,8.3722,10.0664,4.1061,9.2215,10.3811,9.5735,2.8981,8.444,7.4991,12.0973,6.1814,8.2611,8.8703,10.8611,11.333,8.7067,10.4531,6.827,8.3165,7.4866,7.314,8.7297,7.1297,8.6894,10.1342,11.6284,5.7566,5.6822,7.9623,10.3774,6.7597,6.9569,7.6533,7.3401,10.8674,10.4607,11.7325,3.6053,8.118,10.4905,9.0016,9.1504,9.3239,10.4154,10.7799,10.6776,10.7722,10.9306,6.8876,6.6902,8.0842,7.5588,9.1724,12.0291,7.0066,7.6226,9.3243,7.7325,9.2402,10.7664,8.8911,10.984,15.3725,12.7989,8.1446,7.4459,12.1999,5.8177,7.9023,6.7738,6.7678,10.3457,12.0394,8.8722,5.4256,6.4779,5.1085,5.8429,5.1593,7.2261,7.1665,5.4261,6.1936,6.4453,7.967,7.5333,6.0427,7.3459,6.7253,6.0907,6.8331,6.3478,4.0,7.1848,6.83,5.7104,7.0396,7.464,7.5294,8.7838,7.4494,7.8127,9.0554,8.7295,11.2574,9.0395,8.0001,2.7007,7.6565,6.9698,3.7588,6.6447,8.0246,8.4182,8.7734,8.918,5.862,5.0004,7.6678,8.2796,7.6684,4.7074,5.6633,3.9595,6.8525,6.8771,9.5267,8.472,8.0919,7.2226,7.3818,7.1952,5.1971,7.1325,10.1879,9.6589,9.6723,7.3653,8.9879,9.7101,8.9308,6.4692,10.0798,7.2721,8.2101,8.3453,4.4663,9.2012,5.4976,8.2403,14.5254,9.1726,7.308,11.0242,11.4687,7.6611,14.7924,8.3782,10.2858,15.4193,9.4946,7.673,14.6178,8.4883,10.2726,9.5067,7.4244,6.4035,9.4284,10.425,8.9001,10.3559,10.0788,8.1224,12.4375,16.3404,10.9389,9.9653,18.6039,8.7829,21.3834,14.5146,8.1182,9.6662,10.7985,11.9871,5.7613,7.0096,9.743,12.5597,8.2,8.5705,11.6349,8.0,11.6675,9.9074,10.5229,7.4687,16.4027,8.1247,11.2794,4.8054,9.0,8.837,11.4049,10.2366,14.0984,11.5454,5.0855,5.3272,14.498,9.1829,10.4323,4.6201,5.3768,9.0912,7.8789,10.5978,6.4839,9.8818,7.3553,11.8539,12.2603,14.8832,16.5543,16.5543,16.5543
72,19.4631,10.63,8.9269,11.5677,5.9697,7.4278,5.6612,8.8289,6.3823,8.2519,11.9337,12.0573,10.6127,11.9217,12.9776,6.6865,11.7162,6.2677,10.814,13.1161,2.9395,4.8369,12.7284,13.4351,8.211,7.204,11.3917,7.6043,7.7598,11.2904,12.8597,8.5818,11.7918,12.995,8.959,13.0376,13.6413,5.9624,3.5036,3.5001,11.8471,11.2856,6.8117,11.1323,3.9929,7.1729,7.1337,4.0,13.4129,9.0099,10.1203,5.0924,7.0139,5.1851,11.124,6.5037,6.2969,12.0815,8.8049,2.7401,4.2014,10.1685,10.8421,11.1337,11.0471,10.3612,10.385,9.8931,5.866,15.7822,11.6486,11.7306,9.8231,9.1066,7.8925,11.9383,11.0543,8.4664,5.4295,5.0014,8.1456,14.743,9.7126,8.4503,6.3984,7.4353,13.6895,6.6398,6.5471,11.5348,12.4755,4.8311,13.6875,10.9485,3.9998,9.1141,11.6758,12.7567,9.0553,7.0206,10.1421,9.2602,7.8453,10.1771,10.0004,7.2271,8.4498,8.5945,7.4452,11.9277,8.9945,11.0905,11.5734,12.9402,4.1662,3.9902,5.3215,9.1794,10.6008,9.213,6.1694,14.4403,8.6711,11.1159,7.6921,10.408,9.7678,7.6378,4.6063,8.896,4.0212,6.549,7.2466,6.216,8.7337,5.2375,5.133,10.0052,6.5457,7.8954,7.9991,8.5226,8.0001,9.1822,2.7401,7.4451,5.5373,8.2841,4.7201,5.8129,9.6009,9.3464,7.2995,6.8759,6.4895,5.7566,6.6399,3.5393,5.8955,7.4934,8.1238,6.603,8.2899,7.7117,3.9276,6.1482,8.932,6.0132,5.4565,5.8853,6.2607,5.3819,7.6587,6.8075,8.6064,3.0388,3.5903,7.4498,8.4799,7.7748,7.457,8.8784,8.9401,7.798,8.6873,9.0307,5.5352,6.0557,5.2812,7.4805,10.3299,8.1435,6.8118,8.1788,7.3611,6.0638,7.1315,11.8399,6.4542,8.3094,10.9018,9.4102,8.2136,5.8441,9.3424,5.5309,7.1508,7.0922,6.4069,8.4654,11.5275,8.6033,4.8785,4.4648,5.3957,5.3335,4.6133,5.8585,6.8159,3.9405,4.3415,5.4057,6.1001,6.5413,4.715,6.4504,5.2599,4.3967,4.2699,5.7415,5.4133,5.0711,5.4281,3.6801,4.378,6.9013,7.3877,7.2784,7.3824,6.3411,7.2591,5.5832,8.0291,6.9564,4.7798,4.3503,6.1856,4.3259,3.7973,4.8552,7.9284,6.1928,8.0,7.3328,5.1832,3.4258,6.6935,8.6351,7.6922,4.0001,5.6084,5.4723,4.9174,5.8299,8.71,8.1189,9.7001,8.0465,8.6615,7.981,6.8719,8.1419,9.9811,12.5738,9.7999,7.1523,7.0072,9.7101,8.8696,8.2101,13.2962,8.1442,9.0401,8.2394,4.0,10.7521,9.6652,10.1902,13.2505,10.816,11.835,10.8171,10.7426,9.1641,15.7044,7.8393,9.5204,12.0182,8.4504,5.7895,9.1153,5.3518,6.5949,7.5895,5.7172,3.0,8.5317,8.2524,8.1388,7.5777,8.3041,7.9604,10.5175,13.0574,4.2919,5.9731,11.8386,6.0515,16.7034,12.7399,3.6467,6.9226,8.0265,7.2482,3.4547,6.1878,8.2829,7.5528,7.5002,7.8432,10.6294,7.7408,8.3367,6.8731,8.0,3.4908,11.4769,8.0797,10.2103,5.8558,7.2657,5.967,4.2577,6.1322,7.2507,7.7887,4.1644,4.0001,6.6986,3.3961,7.2808,2.4187,3.7348,7.6747,4.7689,10.2637,4.2293,8.3326,2.3093,9.8591,10.1216,11.921,11.921,11.921,11.921
73,15.0145,8.0001,9.6036,8.0303,2.8148,3.8976,4.5651,3.5,3.9738,3.2786,8.8646,10.2696,9.2376,11.6043,10.6337,3.3178,8.3299,4.4257,5.7981,10.4915,2.71,3.0018,9.372,10.8838,6.0377,2.7406,10.1142,3.4433,4.0005,5.7866,10.2601,3.7256,3.0031,4.99,3.9947,5.9851,9.591,4.0,3.4998,2.7102,9.0807,7.9402,2.9962,9.854,2.7302,3.8053,3.5043,4.0001,12.4765,5.4107,6.0942,3.8982,5.7497,2.8998,8.46,4.6123,5.0137,10.0228,8.8872,2.7448,6.0434,15.513,11.4493,10.3802,9.9257,6.8043,10.1889,10.364,4.5585,11.0718,6.8079,6.5605,7.5019,6.2158,5.4335,9.3384,6.9283,6.7226,5.7313,8.0896,8.5872,14.3314,8.3581,7.6373,8.095,7.4515,15.7798,7.6605,6.9019,13.701,17.1647,5.9232,20.1809,13.2445,6.8607,11.1248,13.7286,18.6629,11.7404,13.6672,11.7917,8.3896,12.6985,14.3422,13.178,7.87,10.4503,13.14,7.1751,23.8835,12.5063,15.4247,15.1613,25.5449,11.5112,7.4245,8.4501,16.4451,27.4573,12.6529,15.4676,25.0689,9.4492,10.7898,8.2301,9.7623,10.8276,10.236,7.5557,9.2147,3.5004,8.7596,6.8819,8.0978,9.7186,6.1039,6.7165,13.3539,4.3214,10.6499,16.1566,8.0001,7.3931,8.2065,2.7405,6.857,5.5917,7.4289,3.0448,4.1456,9.0983,8.045,6.6794,8.8217,7.0939,5.2368,3.3879,3.3978,2.9245,4.1209,4.9043,4.9399,4.5533,4.416,6.2311,5.463,7.4505,5.8005,2.8015,3.5762,7.6762,4.9643,6.5429,4.9677,6.3992,2.7001,3.4129,4.572,5.39,6.9649,5.6843,5.6821,6.9326,6.7784,6.1085,4.968,5.5388,4.4402,3.8388,6.244,7.1611,6.2913,6.2384,4.986,6.574,4.8181,4.2244,6.0792,5.2628,6.6962,7.7238,6.936,7.3612,2.7478,5.6342,6.1267,5.3907,3.0107,4.7059,8.2321,8.9716,4.7522,5.1105,2.7109,4.8008,5.1967,4.9925,5.5309,6.3853,5.0965,7.1296,4.7347,5.9146,6.6276,3.6032,8.2778,5.6812,5.7867,2.7002,5.9222,5.8946,6.7353,3.342,3.0013,2.7002,6.5262,7.8188,6.841,6.2067,5.2818,6.0544,4.2392,7.6795,5.5207,8.2512,5.9901,4.7201,2.7001,2.8612,4.5389,4.2534,5.8207,8.749,5.9045,5.3584,3.0763,6.1181,7.6956,6.2267,3.4743,5.7711,3.5023,4.7275,6.8237,7.0179,8.814,8.263,7.6115,7.487,5.1207,4.0,5.2739,7.0008,8.7506,8.22,5.7763,4.0001,8.1332,3.6939,5.6606,9.0436,4.4052,4.4407,4.8011,2.9915,6.9444,5.44,7.1539,9.203,7.7341,10.6653,9.9105,8.13,7.9641,12.1034,3.345,5.1111,9.9044,6.6782,2.8321,6.6472,4.0001,3.9102,4.0438,4.4225,3.0009,6.3359,4.6718,7.0003,7.2605,5.2671,6.2343,8.7746,9.7503,3.0005,3.6529,9.0727,4.0,7.5002,11.053,4.2897,6.7529,8.0421,4.3258,2.0365,6.0291,6.751,3.2887,6.6617,5.0006,5.4348,5.8081,4.0894,4.4449,4.0234,3.0002,8.0431,6.3238,7.5377,5.5866,7.7533,3.7999,3.0001,4.71,7.048,5.8659,2.1139,3.0,6.0047,2.0006,6.8136,2.0001,3.5,6.6719,2.769,7.4113,4.1906,7.074,2.7333,9.0,9.9679,14.526,14.526,14.526,14.526
74,12.3624,5.939,9.3102,6.3926,2.7101,2.7136,3.5316,2.9888,3.844,2.7,8.5984,8.9733,6.0381,8.7898,7.1688,2.7001,7.3506,3.7819,4.0358,10.4555,2.7101,3.5,10.1332,11.2099,4.3169,2.7405,4.4024,3.5032,2.7304,2.7402,9.7165,3.1163,3.4999,3.3891,2.73,3.5025,8.4094,3.4009,3.3751,2.71,9.4807,7.4567,2.73,3.5001,2.7302,3.0017,2.7401,3.0028,10.9596,4.1935,3.0027,2.762,3.581,2.6973,5.0564,3.9658,4.8935,9.0843,6.1927,2.7401,6.6205,11.7133,10.4494,7.3889,5.1686,4.8728,7.4638,7.7237,3.0009,7.5552,5.2336,2.7401,4.7318,3.0011,2.7401,4.745,2.7408,3.5,3.5031,3.7699,8.2417,8.0018,3.2254,2.7401,2.74,4.0,8.7252,3.7342,4.5258,9.033,12.0001,3.6908,13.7111,9.5993,2.7001,5.2607,8.2413,9.5055,3.7041,6.2201,7.6618,7.6428,7.0931,8.1314,4.9976,5.941,6.9764,8.5929,5.4608,13.3988,4.4935,6.6499,12.4306,14.6103,4.1074,2.3259,6.7224,9.2769,10.2698,7.8712,7.7641,13.7866,7.4658,4.0556,5.5184,4.3817,6.9663,5.5507,4.02,6.7345,4.5982,4.0001,3.0849,3.5021,6.6884,5.4283,5.3362,10.6913,2.7407,8.3345,10.957,6.0094,4.7321,5.9677,2.7401,5.276,5.6389,4.7766,2.7099,2.7301,8.0893,7.7007,6.5669,6.0716,6.2723,4.0661,2.7102,2.7,5.5453,3.5,2.9442,6.5243,4.1261,4.5348,4.2272,2.005,6.0162,6.5892,3.2135,3.1506,5.2358,4.1747,5.1862,3.4316,4.7136,2.7001,3.0021,4.3088,5.0009,3.467,3.8233,3.5001,4.889,5.9816,5.9082,2.0001,2.3365,2.0001,1.5029,2.7113,6.1233,2.8289,4.1464,4.9782,5.9061,2.1006,2.7402,2.1639,2.0001,5.5286,4.2528,6.0566,6.425,2.0002,4.4275,4.2111,3.3482,3.1251,3.7721,7.7062,7.2686,5.1996,4.6906,2.0002,4.0948,4.4755,4.5363,3.001,4.6183,4.2419,5.8041,4.8284,5.4929,3.1165,2.0002,6.0202,3.3851,3.9689,2.0002,2.7112,4.6902,5.5945,2.004,2.0002,2.7001,4.8549,4.4793,4.565,3.4083,2.89,3.5025,3.5025,4.1478,2.7001,2.956,2.7003,3.2049,2.7,2.7001,2.71,2.7301,3.9755,4.6323,2.7002,2.7001,2.7001,3.0013,3.9738,2.7002,2.7001,3.5001,2.5001,4.6772,2.8755,3.5435,7.4035,5.8078,5.3582,3.9821,2.7002,3.001,4.0,4.0,7.227,6.3556,3.2344,4.0,4.0001,3.0872,3.0006,8.2761,2.7001,3.3329,3.5001,2.7001,6.7411,2.8211,5.1311,7.9646,6.722,4.0,4.977,4.0792,3.0009,5.6927,2.7001,2.7001,8.58,3.6914,2.7,7.4353,2.7001,3.0005,3.0004,4.0645,2.7002,3.5781,2.7002,6.5563,6.7033,3.1,4.0001,8.3621,7.528,3.0005,5.2379,7.4164,4.0002,9.3733,11.5479,2.7001,5.6027,9.2148,2.7001,3.0011,4.784,6.3183,3.1826,6.3669,5.6138,4.7,6.1905,3.0001,3.0,3.0485,3.0,6.09,7.0155,8.0381,4.906,9.4977,6.2222,3.0,3.5001,5.8682,5.5964,2.0,2.3829,4.7858,2.0,6.0136,2.0,3.259,6.0644,2.0635,6.1026,5.7302,8.9599,2.0008,8.0,5.0,14.2405,14.2405,14.2405,14.2405
75,10.9531,2.7,8.1203,6.2804,2.0001,2.6999,2.7,2.7001,2.7,2.4004,6.4506,5.8038,3.881,5.3358,7.0243,2.7,5.2416,3.5027,3.0879,8.8603,3.1292,2.7146,9.1448,11.629,4.8485,2.7301,2.7401,2.715,2.7,2.74,6.1423,2.6821,2.7398,2.7397,2.9839,3.7994,6.0382,2.7,2.6996,2.7099,7.2042,6.2733,2.6999,2.5989,2.7099,3.0001,2.7401,2.74,7.85,2.9459,2.71,2.74,3.0016,2.2301,3.2773,2.7301,3.8381,6.2949,2.9796,2.3551,6.4211,5.8883,5.2128,5.0017,2.7302,3.2052,4.2754,4.1943,2.74,4.9147,2.2906,2.7099,2.1273,2.7399,2.7401,3.0025,2.74,2.0034,2.74,3.0031,3.0029,10.0163,2.3072,2.0041,2.0001,2.0001,3.2297,2.73,2.7401,6.2963,11.0693,2.74,10.559,2.7297,3.0008,5.5796,11.0344,9.2284,2.7,2.7298,2.74,3.001,3.5001,7.9997,2.7301,2.873,6.7068,5.4125,2.7297,11.1099,2.7097,3.9999,3.7584,9.971,2.7097,1.7038,3.0013,4.0,6.5292,2.7399,3.5446,8.7007,3.222,2.7399,3.0015,2.74,2.7411,2.6998,2.6461,6.6394,2.0054,3.191,2.0048,2.7401,3.0009,2.7399,2.71,6.4434,2.556,6.5742,8.0,2.7099,2.7832,4.8722,2.0001,6.0838,3.724,2.7399,1.71,2.71,4.2188,5.3777,4.0148,3.0012,2.9541,2.8231,1.1159,2.0062,4.0002,2.7101,2.7101,2.9456,2.8632,2.6611,2.7099,2.0,4.0,2.8758,1.25,2.0002,3.2387,2.7403,3.5025,2.0001,2.0001,1.6798,2.7298,2.1033,3.3292,2.0006,1.6069,2.0049,3.0825,2.0048,2.0001,2.0,2.0048,1.3365,1.1082,1.2114,2.0001,2.0001,2.74,3.001,3.0906,1.0496,2.0001,2.0,1.0896,2.2347,2.7402,2.8129,2.5656,2.0002,2.0,3.2589,2.0002,2.3551,2.3274,4.2516,4.8223,1.8165,2.0034,0.6906,2.0001,2.7102,2.0001,0.9624,2.0043,2.0029,2.7681,2.0047,2.3992,2.0032,0.26,2.6742,1.5149,2.4568,0.546,2.0001,2.0001,3.1891,0.8173,1.1422,2.0002,2.7002,2.3936,2.1685,2.0002,2.0041,2.0008,1.6022,3.4589,2.0702,2.0046,2.0,0.7748,1.7027,2.0002,2.0001,2.7,2.0003,2.6154,1.2501,2.0002,2.7,2.0037,2.0002,2.0001,2.0042,2.0973,2.0001,2.7002,2.0034,2.25,4.0851,2.7001,2.7001,2.7001,2.2501,2.7001,2.7001,2.7101,5.8237,3.6049,2.2501,2.7001,3.0007,2.7,2.7101,5.001,2.25,2.5001,2.6801,2.0033,3.278,2.5001,3.5,3.8751,9.445,2.7001,2.7103,2.7002,2.7001,4.0001,2.25,2.5,8.3407,2.7104,2.68,5.7659,2.7002,2.2501,3.0004,2.7108,2.6801,4.8858,2.7002,3.9969,5.0822,2.7008,3.5025,6.795,5.6082,2.7,2.7393,2.7002,4.0001,7.5002,8.4534,2.7,3.6485,7.3255,2.7002,2.0,3.3305,6.3512,3.0,5.0006,4.7,2.8725,3.0001,3.0,2.0,3.0,2.0,3.8048,5.4056,5.3333,2.9777,5.3283,2.4881,2.0,2.7094,3.2034,2.7018,2.0001,2.0001,3.0236,2.0,5.0451,2.0,3.0002,5.5067,2.0003,3.4562,3.3885,7.072,2.0,6.0917,3.5,13.4808,13.4808,13.4808,13.4808
76,8.4817,2.7,8.0978,4.9192,1.7246,2.0002,2.0,2.0051,2.2017,2.0002,3.9379,3.6285,2.7099,3.321,2.7001,1.6999,2.6999,2.7,2.74,6.9636,2.7101,2.7098,4.5004,7.2588,2.7299,1.7324,1.9999,2.0002,2.0001,2.0001,4.1491,2.0002,2.0001,2.0,2.0001,2.7401,5.6058,2.006,2.0003,2.0001,4.1287,2.0042,1.7412,2.0001,2.0001,2.73,2.0002,2.0001,4.5535,2.73,2.326,2.0,2.74,2.0615,2.7301,2.74,2.1332,3.9141,2.1235,2.0001,3.7899,5.3462,2.7404,2.74,2.71,2.7298,2.74,2.74,2.71,2.73,2.0002,2.0002,2.0,2.7399,2.7401,2.7401,2.3493,2.0001,2.0001,2.7401,2.7404,6.8315,2.0006,1.8907,1.7325,1.7424,2.0035,2.7101,2.7301,4.0877,3.2276,2.0002,8.2401,2.0006,3.0001,4.0001,9.9907,5.5203,2.1764,2.7298,2.7298,2.7433,5.3597,4.8282,2.0006,2.7298,3.6353,2.74,2.7297,7.5272,2.7097,2.7399,2.0034,6.646,2.7097,2.0001,2.383,3.0017,3.9477,2.7298,2.7298,6.1641,2.74,2.7701,3.0014,2.7398,2.6067,2.4997,2.2499,3.2178,2.0053,4.0,2.3762,1.7402,2.74,2.0043,2.7298,4.9724,2.0053,2.7399,3.5494,2.0043,2.74,2.1209,2.0001,2.74,2.492,2.0002,1.6999,2.0002,2.6694,3.1087,2.0053,2.0001,2.0001,2.0001,1.25,2.0057,2.7299,2.25,2.7,2.3911,2.0001,2.0001,1.7451,1.25,2.0042,2.0002,0.3494,1.702,1.4836,2.0001,2.0001,0.9503,0.68,1.2499,2.0002,2.0001,3.0013,2.0002,1.6555,1.6997,2.71,2.0001,2.0001,1.5121,2.0001,1.2527,0.4779,1.6412,1.7522,2.0,2.0,2.0001,2.0001,2.0,1.0048,1.6998,2.0001,2.0001,2.0001,2.0034,2.0001,2.0002,2.0002,2.0002,1.0644,2.0,2.0,2.759,2.0007,0.345,0.8114,0.0502,0.727,2.0046,2.0001,0.056,0.965,0.5779,1.3383,1.7199,2.0001,1.3628,1.0734,2.0031,0.2615,2.0,0.1618,1.7533,0.1608,1.75,0.056,0.25,1.2237,2.0002,1.1281,1.0032,0.6165,0.6,0.4959,0.6,1.9362,1.2501,1.0037,1.05,0.2509,1.6801,2.0,2.0,2.0001,0.6,2.0001,0.9649,2.0002,2.0001,2.0001,1.2547,1.2501,2.0002,2.0001,2.0,2.0001,2.0001,2.0,2.0038,2.2501,2.5112,2.0043,2.0043,2.7001,2.7001,2.7001,2.7158,2.0184,2.0001,2.0046,2.7001,2.003,2.0002,3.1872,2.25,2.25,2.6801,2.0026,3.0007,2.2501,2.7401,2.7402,6.0959,2.7101,2.7001,2.7001,2.7001,2.7001,2.25,2.25,4.4396,2.7101,2.5,3.0154,2.7001,2.2501,3.0004,2.7001,2.7001,3.764,2.0055,2.7002,2.7002,2.3252,2.6801,5.9878,2.9233,2.3923,2.7002,2.3109,2.7001,3.6317,5.7141,2.7,2.7,4.8296,2.1485,2.0,2.0162,3.3197,2.0001,3.0,2.6581,2.0,2.0,2.0009,2.0,3.0,2.0,2.0011,2.5006,3.0003,2.0001,3.0236,2.0,2.0001,2.0001,2.0,2.6823,2.0,2.0,2.0004,2.0,2.8362,2.0001,2.0001,5.0962,2.0,2.0,2.6884,5.4028,1.7004,6.0854,2.7186,11.2382,11.2382,11.2382,11.2382
77,5.7437,2.0002,5.4347,4.5701,1.0594,2.0001,1.703,2.0001,2.0002,2.0001,2.7,2.1071,2.003,2.6522,2.0044,1.3999,2.5758,2.6999,2.74,5.8822,2.0172,2.0002,2.7301,2.7435,2.0002,1.7301,2.0002,2.0001,1.9649,1.7402,2.4335,1.44,2.0,2.0001,2.0,2.0,2.7441,2.0001,2.0,2.0,2.7401,2.0001,1.7322,2.0002,2.0002,2.7299,2.0,2.0003,2.0206,2.0044,2.0003,2.0001,2.7401,2.0002,2.1226,2.0045,2.0002,2.7401,1.7925,2.0001,2.7401,4.0,2.74,2.74,2.0001,2.2311,2.7301,2.7428,2.71,2.7401,2.7401,2.418,2.7139,2.8251,3.0027,2.7441,2.0003,2.0028,2.0001,3.0023,3.0017,4.1373,2.73,2.0001,2.0001,2.0001,1.993,2.7302,2.74,4.3622,3.0015,2.7399,2.5255,2.7298,9.9908,3.2442,8.1293,2.7299,2.7099,2.6999,2.7298,9.0712,4.0001,2.5926,2.0002,2.7097,2.25,2.9353,2.7099,2.7409,2.7296,2.7399,2.0001,2.7408,2.7099,2.0015,2.744,2.9299,2.6999,2.7297,2.7399,4.4046,2.7403,3.0015,2.7443,2.0039,2.4999,2.0498,2.7097,2.74,3.0016,2.74,2.0047,2.74,2.74,2.7401,3.0016,2.7399,2.7399,2.0048,2.7399,2.0045,2.0,2.0,2.0042,2.7399,2.3484,2.0002,2.0002,2.0001,1.67,2.0001,1.3517,1.3306,2.0002,2.0001,2.0,2.0044,2.0001,2.4998,2.452,2.0007,1.5001,1.0915,1.0046,1.0355,1.767,0.5003,0.8803,0.553,2.0001,2.0002,1.1591,1.5224,1.6999,1.484,1.6404,2.0001,2.74,1.4999,1.0873,1.5028,1.49,1.3301,0.2506,1.0019,1.6594,0.0559,0.2501,2.0,1.1621,0.2509,2.0,2.0,1.8671,1.0024,0.4999,2.0001,1.5738,0.251,2.0001,2.0001,1.7026,0.88,1.2558,0.9555,1.8052,1.7306,1.5983,1.3001,2.0002,0.1017,0.7614,1.6801,1.5678,2.1006,1.924,0.2512,0.7326,0.4,2.0001,1.8273,0.6981,0.2801,0.5242,1.4479,0.07,2.0002,2.0001,2.0002,0.2514,0.54,0.51,1.0036,2.0001,1.1278,0.6,0.26,0.26,0.6,1.2292,1.7031,1.03,1.2501,1.0037,1.4913,2.0001,2.0002,2.0038,2.0,2.0002,0.8859,2.0001,2.0,0.88,2.0002,2.0002,2.0,2.0002,2.0,2.0,2.0001,3.5731,2.0,2.003,2.0002,2.1932,2.3779,2.345,2.7001,2.7,3.6175,2.7001,3.1539,2.004,2.25,2.7001,3.0005,2.0042,2.0027,2.5001,2.7001,2.7001,2.7001,2.0002,2.7101,3.0005,2.7101,3.0,2.7002,2.7001,3.0006,2.7001,2.7001,4.3978,2.7,2.7,6.4808,2.7001,2.7301,2.68,2.7002,2.7765,4.5596,3.0007,3.5003,3.0009,2.0015,2.7002,2.0003,2.0011,2.7001,4.2563,2.7002,2.0002,2.7002,2.25,2.7001,3.0006,3.0011,2.7,2.7,3.0009,2.008,2.0,2.0,3.0,2.0,3.0001,2.0043,2.0,0.7,2.0001,2.0,3.0,2.0001,2.0001,2.0001,2.0511,2.0,2.0004,2.0,2.0001,2.0,2.0,2.0,2.0,2.0001,2.0,2.0,2.0,2.0,2.0,2.001,2.0,2.0,2.0001,3.5,1.33,3.2297,2.0001,8.0134,8.0134,8.0134,8.0134
78,5.5932,2.0001,4.7611,3.5001,2.0002,2.0052,2.0001,2.0,2.0,2.6999,2.3698,4.8268,2.2825,2.4843,2.0001,2.0,2.3821,2.74,2.7399,7.3599,2.5598,2.1141,4.3935,2.7298,2.0002,2.0306,2.0001,2.0,2.443,2.0001,2.6194,2.0,2.0001,2.0059,2.0001,2.02,6.2034,2.0002,2.7399,2.0048,2.0,2.0002,1.71,1.843,2.74,2.74,2.0045,2.0001,2.0,2.0002,2.0001,2.0001,2.9733,2.7101,2.2321,2.0047,2.0002,2.0,2.0936,2.7401,2.7404,4.0001,2.7401,2.6967,2.0002,2.7301,4.3976,7.4476,2.71,2.7,2.74,2.5496,2.0035,3.0329,3.0027,2.7441,2.0,2.0001,2.0001,3.0021,3.0017,4.6132,2.74,2.0001,2.0041,2.0,2.0001,2.7301,2.74,3.1766,3.0,2.7299,2.7165,2.7099,8.7558,4.992,9.7291,2.3796,2.6999,2.71,2.7297,6.7325,5.9874,2.6997,2.0001,2.6998,2.0028,2.7099,2.7297,2.7409,2.7297,2.7399,2.0012,2.6998,2.6998,2.7397,3.0009,2.8195,2.0033,2.7298,2.7399,2.7728,2.7399,4.0,3.0,2.7399,2.2939,2.0003,2.7098,2.7398,3.0,2.7398,2.74,2.7399,2.74,2.7401,3.0,2.74,2.2434,2.3285,2.74,2.0043,2.0001,2.0045,2.005,2.0001,2.0055,2.0002,2.0002,2.0001,0.9022,1.2304,1.257,1.6798,2.0001,2.0001,2.0001,2.0001,2.0001,2.0001,2.0001,2.0,0.2508,0.5,0.3648,1.2299,1.0958,0.2595,0.8442,0.25,1.6095,2.0001,0.6698,1.5313,0.951,1.6999,2.0002,2.0,2.0001,1.6829,0.6,1.25,1.0023,1.4301,0.2764,0.6599,1.0308,0.0498,0.25,1.0037,0.7732,0.056,1.2673,1.7217,1.0124,1.0,0.4,0.9853,1.25,0.9503,2.0001,2.0001,1.2501,0.2962,0.2504,0.4,0.8972,1.2531,0.8624,0.6,1.446,0.146,0.5437,1.6801,2.0001,2.0001,1.4827,0.0702,0.4,0.056,2.0,1.6226,0.5913,0.2512,0.26,0.5173,0.1395,1.9787,1.201,2.0001,0.2856,0.6,0.69,1.7001,2.0001,2.0,0.375,0.2501,0.26,0.6,0.67,1.5644,0.85,0.88,1.2501,1.7037,1.703,2.0001,2.0002,2.0,2.0,0.51,1.7284,1.5266,2.0002,2.0002,2.0,2.0001,2.0002,2.0,2.0001,2.0,2.2805,2.0001,2.0,2.0001,2.0003,2.0194,2.3741,2.7001,2.7,3.0005,2.7001,2.5348,2.0035,2.0001,2.0031,2.7001,2.0028,2.0001,2.0034,2.7001,2.7,2.7001,2.0001,2.7001,3.0005,2.7101,2.7105,2.7001,2.7001,3.0109,2.7001,2.7001,3.4913,2.68,2.7,5.3795,2.68,2.7301,2.5,2.7002,3.0,3.2089,2.7506,3.9897,3.9108,2.9479,3.8424,2.0001,2.0008,3.5,3.0005,2.0001,2.7,2.7002,2.5,3.0,3.0001,5.8275,2.7,2.7,6.2155,2.0,2.0,2.0,3.0001,3.0001,3.0001,2.0,2.0,2.0,2.0001,3.0,4.0002,2.0001,2.0,2.0,2.0,2.0,2.0,2.0,2.0001,2.0,2.0001,2.0,2.0003,2.0002,2.0,2.0,2.0,2.0,2.0001,2.0001,1.74,1.7002,2.8797,3.2227,1.1052,6.6099,2.0001,4.0362,4.0362,4.0362,4.0362
79,5.984,2.0001,4.6905,2.9685,2.0001,2.7133,2.0001,2.0,1.7,2.5004,2.2213,4.0262,2.7,2.6998,2.0002,1.7,2.6999,2.7403,2.74,4.6982,2.73,2.5726,3.6951,2.7298,2.0002,2.4711,2.0001,2.0002,2.0061,1.7423,2.4635,2.0001,2.4506,2.0065,2.0001,2.0047,5.1216,2.3812,2.7296,2.0001,2.0001,2.0,2.0001,2.0002,2.73,2.7401,2.0001,2.0001,2.0,2.0,2.0002,2.0001,2.9919,2.7099,2.0043,2.0001,2.6751,1.8061,2.1838,2.7401,4.0,4.0001,2.0001,2.2355,2.0001,2.0039,3.5407,7.8283,2.71,2.71,2.8201,2.0044,2.7398,3.002,2.7405,2.7402,2.0001,2.0033,2.0001,3.0024,3.0017,3.9998,2.7399,2.0001,2.0002,2.0001,2.0001,2.73,2.74,3.0001,2.7401,2.7299,2.7298,2.7096,8.2403,3.0012,8.0002,2.5348,2.4711,2.7099,2.7298,3.9998,5.9796,2.6965,2.0002,2.0025,2.0001,2.6998,2.7297,2.7098,2.7297,2.7399,2.0013,2.1421,2.7298,2.74,3.0009,2.74,2.25,2.7399,2.7398,2.902,2.7399,3.4996,3.0014,2.74,2.2499,2.0001,2.7098,2.863,3.0015,2.7399,2.74,2.74,2.7399,2.7399,2.74,2.74,2.74,2.0042,2.74,2.0041,2.0001,2.0001,2.0039,2.0001,2.0575,2.0001,2.0002,2.0046,0.7076,1.1366,1.7098,1.1744,2.0001,2.0002,2.0,2.0,2.0,2.0001,2.0001,2.0001,0.0606,0.9683,0.4701,1.25,1.7025,0.2596,0.25,0.2501,1.6799,2.0002,1.1301,1.5597,1.6999,1.6999,2.0001,2.0,2.0001,2.0002,1.2499,1.5028,1.782,1.4162,0.2507,0.4998,1.4257,0.0558,0.0559,1.184,1.0499,0.056,0.8497,2.0,1.5738,0.5656,0.3532,0.9909,0.6,1.2532,2.0,1.3007,1.2501,0.062,0.2,0.3942,0.7023,1.5528,0.6,0.5469,0.6,0.0501,0.2514,1.7001,2.0001,2.0001,1.1824,0.056,0.4,0.056,1.4327,1.3721,0.5342,0.2501,0.5006,0.2501,0.056,1.3828,2.0001,0.8673,0.402,0.6,0.69,1.7001,2.0001,2.0001,0.1019,0.2011,0.26,0.6,0.3241,1.1502,0.26,1.0036,1.0036,1.5058,1.703,1.5001,2.0002,2.0002,2.0001,0.3451,1.8793,1.2501,1.5027,2.0,2.0,2.0001,1.6827,2.0001,2.0001,2.0,2.0028,2.0001,2.0001,2.0002,2.0003,2.0049,2.183,2.7001,2.7,3.0005,2.7001,2.4095,2.0041,2.0001,2.0525,2.7001,2.0028,2.0001,2.0027,2.7001,2.7,2.7001,2.0002,2.7001,2.7401,2.7101,2.8298,2.7101,2.7001,3.5002,2.7,2.7,2.9353,2.68,2.7,5.3473,2.68,2.73,2.68,2.7002,3.0,3.0372,2.8056,3.0008,3.1544,2.7003,2.7101,2.0001,2.0008,2.71,3.0005,2.0003,2.7,2.7002,2.2501,3.0001,3.0006,4.44,2.7,3.0,4.9819,2.0,2.0,2.0,3.0001,3.0,3.0006,2.0,2.0,2.0,2.0001,2.9296,10.9775,2.0001,2.0001,2.0,2.0,2.0001,2.0,2.0,2.0001,2.0,2.0,2.0,2.0001,2.0001,2.0,2.0,2.0,2.0,2.0001,2.0,1.91,1.7004,2.7528,3.0,0.7739,4.2231,2.0,3.0,3.0,3.0,3.0
80,4.3519,1.8064,5.0099,2.7101,2.0002,2.713,2.0002,1.7017,1.7,2.6437,2.0432,3.2858,2.6999,2.1071,2.0002,2.0001,2.6999,2.74,2.7401,5.7871,2.73,2.7301,3.2071,2.7101,2.0002,2.0004,2.0001,2.0001,2.0001,1.7424,2.004,2.0001,2.5742,2.0059,2.0,2.0068,5.472,2.0052,2.7297,2.0001,2.0,2.0002,2.0001,2.0,2.73,3.079,2.73,2.0001,2.0,2.0002,2.0002,2.0001,3.4344,2.7,2.436,2.0003,2.7298,2.0001,2.0003,2.7401,4.0,8.0002,2.0038,2.7301,2.0001,2.7399,2.74,7.3957,2.71,2.7,3.5961,2.0045,2.7398,2.7433,2.743,2.7442,2.0033,2.0034,2.0001,3.0022,3.0021,3.0018,2.7401,2.0001,2.0002,2.0001,2.0001,2.73,2.7399,3.0001,2.7401,2.7299,2.7299,2.7098,8.2404,3.0024,8.2412,2.7099,2.0128,2.7099,2.7099,3.1757,5.193,2.7007,2.0002,2.6998,2.0001,2.6997,2.7297,2.7107,2.7296,2.7399,2.0014,2.0016,2.7297,2.7401,3.0013,3.3943,2.25,2.7399,2.7399,2.741,2.7297,3.4999,3.0014,2.7399,2.0961,2.0001,2.6998,3.0025,3.0,2.004,2.3411,2.74,2.7399,2.7401,3.0001,2.7399,2.7399,2.0043,2.7401,2.0052,2.0001,2.0001,2.0041,2.0041,2.0004,2.0002,2.0002,2.0065,2.0001,1.1333,1.4954,2.0,2.0001,2.0001,2.0,2.0001,2.0001,2.0001,2.0001,2.0001,0.6808,0.3487,0.6801,1.2499,1.894,0.2596,0.25,0.5102,1.7028,2.0002,1.6798,1.9996,1.6999,1.6999,1.7026,2.0001,1.0496,1.0016,1.2501,1.6829,1.0018,1.5284,0.1249,0.3029,1.0017,0.0558,0.0559,0.8802,1.0509,0.3501,0.6613,1.6366,1.0502,0.5378,0.3502,0.5237,0.3501,0.2503,1.453,1.253,1.2501,0.056,0.2,0.35,1.4658,1.4508,0.6,0.0709,0.0971,0.0502,0.1805,0.77,2.0001,2.0,1.2315,0.095,0.056,0.056,0.7644,1.03,0.2847,0.2501,0.2512,0.26,0.056,0.8866,2.0001,2.0001,0.2509,0.6,0.69,1.7001,2.0001,0.85,0.5654,0.0856,0.6,0.6,0.3055,1.2033,0.26,0.88,1.0036,1.7037,1.703,1.5001,2.0002,2.0001,2.0001,0.26,1.3359,1.2501,1.5027,2.0001,2.0,2.0001,1.7026,2.0001,2.0001,2.0001,2.0029,2.0,2.0001,2.0003,2.0001,2.0037,2.0923,2.7001,2.7,3.0005,2.7001,2.3454,2.0001,2.0001,2.0035,2.7001,2.0028,2.0001,2.0001,2.7001,2.7001,2.6801,2.0002,2.7001,2.71,2.7101,2.7101,2.7,2.7001,4.2095,2.7,2.7001,2.7101,2.68,2.7,4.5474,2.68,2.7301,2.7,2.7002,3.0001,3.3524,2.7002,2.7003,3.5059,2.7002,2.7107,2.0001,2.0035,2.7137,3.0,2.0002,2.7001,2.7002,2.2501,3.0001,3.0006,3.5007,2.7,3.0008,5.3356,2.0,2.0,2.0,3.0001,3.0001,3.0001,2.0,2.0,2.0,2.0002,2.0348,10.97,2.0001,2.0,1.6367,2.0001,2.0001,2.0,2.0,2.0,2.0,2.0,2.0,2.0003,2.0001,2.0,2.0,2.0,2.0,2.0,2.0,1.91,1.379,2.7368,3.1874,0.7,3.5259,2.0,2.5,2.5,2.5,2.5
81,6.5708,1.5001,5.1354,2.71,2.0002,2.7132,2.0,1.7017,2.0002,2.7041,2.1024,3.5037,2.6999,2.6999,2.0001,2.0002,2.6998,2.7399,2.7401,3.9432,2.73,2.73,4.2387,2.005,2.0004,2.0064,2.0002,2.0049,1.7423,1.7424,2.4366,2.0,2.9705,2.0054,2.0001,2.0047,5.4005,2.4087,2.7296,2.0001,2.0001,1.9947,2.0,2.0,2.73,3.0023,2.73,2.0001,2.0002,2.0001,2.0002,2.0001,3.515,2.7301,2.4567,2.0001,2.5015,1.8388,2.0,2.7401,4.0264,4.0001,2.0034,2.7301,2.0,2.0043,2.7401,7.195,2.73,2.7101,3.9087,2.7401,2.7401,2.74,2.7401,3.5,2.0031,2.0031,2.0,3.5,2.7401,3.0015,2.74,2.0001,2.0041,2.0001,2.0045,2.7299,2.7399,2.74,2.8902,2.73,2.7401,2.71,8.2299,3.0012,9.9903,2.7299,2.7099,2.7099,2.7298,3.5969,4.0001,2.7008,2.0002,2.6998,2.0026,2.71,2.7297,2.7107,2.7296,2.7399,2.0001,2.0294,2.7997,2.0014,3.4028,3.1176,2.6999,2.7399,2.7399,2.7424,2.7298,3.4999,3.0014,2.7296,2.2323,2.0001,2.7097,2.9928,3.0017,2.74,0.7509,2.74,2.7401,2.7399,2.7401,2.7399,2.74,2.0042,2.74,2.0052,2.0,2.0001,2.0055,2.0055,2.4758,2.0002,2.0002,2.005,1.6999,1.1305,1.7099,2.0001,2.0001,2.0002,2.0,2.0,2.0001,2.0001,2.0001,1.2535,0.3005,0.6094,0.2509,1.25,2.0001,0.2868,0.25,0.6902,2.0001,2.0002,1.0477,2.0002,1.6999,0.2603,2.0002,1.7742,1.3372,2.0001,1.0023,1.5025,2.0,1.0536,0.056,0.2501,1.2523,0.0557,0.2501,0.8802,1.0019,0.4,0.4167,1.4307,1.0001,0.6086,0.4662,0.6294,0.3641,0.269,2.0,1.5324,1.2501,0.056,0.2,0.4117,1.8549,2.0001,1.0074,0.1303,0.322,0.0502,0.25,0.6,2.0001,2.0043,1.8543,0.2447,0.063,0.056,0.6,0.9544,0.6,0.2501,0.26,0.4364,0.056,0.8896,0.251,2.0001,0.3,0.6,0.69,1.7001,0.85,0.85,0.5004,0.26,0.26,0.6,0.4113,1.13,0.26,0.88,1.0036,1.7037,1.703,1.5001,2.0,2.0,2.0,0.4398,1.5818,0.6,1.2501,2.0001,2.0001,2.0001,1.7027,2.0001,2.0001,2.0,2.0031,2.0001,2.0001,2.0001,2.0002,2.4462,2.4452,2.7,2.7,3.0005,2.7001,2.6801,2.0001,2.0001,2.0036,2.0031,2.0032,2.0001,2.0001,2.5,2.7001,2.68,2.0002,2.7002,2.7001,2.7101,2.7102,2.0024,2.003,3.8199,2.7001,2.7001,2.7,2.7,2.7,6.9711,2.7001,2.7301,3.708,2.7001,3.0,4.1043,2.711,2.7101,3.8489,2.7002,2.8437,2.0011,2.0035,2.7,2.7107,2.0001,2.7001,2.7002,2.2501,3.0,2.7101,3.6431,2.68,2.8469,4.0665,2.0,2.0,2.0,3.0007,3.0001,3.0008,2.0,2.0,2.0,2.0003,2.2401,12.2586,2.0001,2.0,1.935,2.0,2.0,2.0,2.0,2.0,2.0,2.0,2.0,2.0,2.0001,2.0,2.0,2.0,2.0,2.0001,2.0,1.05,1.3771,2.9269,4.2286,0.71,2.7007,2.0,2.4752,2.4752,2.4752,2.4752
82,5.9157,1.5001,5.1599,2.8384,1.7025,2.7101,2.0001,1.7018,2.7,3.7649,2.0002,3.0582,2.7001,5.0331,2.0,2.0002,2.6998,2.7401,2.74,4.0491,2.7301,2.7299,6.5783,2.0001,2.0001,2.0002,2.0001,2.1038,1.7422,2.0,2.7403,2.0001,5.0975,2.0053,2.0,2.0001,6.3998,2.7399,2.7399,2.0,2.1106,2.0002,2.0002,2.0002,2.73,3.0599,2.73,2.0001,2.2953,2.0043,2.0002,2.0,3.6173,2.73,2.73,2.0002,2.2171,2.0001,2.624,2.7402,2.7401,2.74,2.3344,2.73,2.5584,2.654,3.3453,8.4845,2.7401,5.4698,8.0398,4.0,3.3181,4.5219,3.0023,4.0001,2.74,2.74,2.74,7.269,4.0,3.5001,2.74,2.7398,2.9714,2.005,6.604,3.6917,4.8958,3.9202,2.74,4.0,9.9118,2.7098,4.54,4.0,8.2411,2.7407,2.7299,2.7404,4.0001,2.9287,7.7186,7.9545,2.4623,2.7097,2.0002,2.7299,2.74,3.2722,3.001,2.7399,2.0002,2.74,3.9492,2.0001,3.0012,2.7299,2.7099,2.7399,3.0024,4.9372,2.7296,4.0,2.7397,3.6205,2.6797,2.25,2.7098,3.9995,3.0016,2.7401,1.7401,2.7399,2.74,2.7878,4.0,2.7398,3.0015,2.74,3.1074,2.7299,2.0001,2.0045,2.74,2.0001,2.74,2.7297,2.0002,2.0059,1.9999,1.3779,2.0001,2.0002,2.0001,2.0001,2.0001,2.0003,2.0044,2.2499,2.0052,2.0001,1.2622,1.6294,1.0502,1.5025,2.0,1.9198,1.4998,1.8606,2.0002,2.0002,1.7025,2.0002,2.0,2.0001,2.0001,2.0002,2.0001,1.6831,1.683,1.0017,2.0001,1.5934,0.4999,0.25,1.8315,0.5004,0.6003,1.253,2.0,1.2549,1.53,2.0001,2.0001,1.3286,1.0501,1.1287,1.2499,1.0533,1.9738,2.0,2.0001,0.68,1.2093,1.7144,2.0001,2.0001,2.0002,1.7477,1.6011,0.3262,2.0001,1.25,2.0001,2.5,2.25,0.9052,1.5431,1.0575,1.5152,2.0,1.6324,1.3663,2.0,2.0,1.0039,2.0001,2.0001,2.0001,2.0001,2.0001,2.0002,2.0002,2.0001,2.0001,1.8903,2.0,2.0,2.0001,2.0,2.0001,1.683,2.0001,1.7027,2.0002,2.0052,2.0,2.0047,2.68,3.0012,2.0001,2.345,2.0001,2.0001,2.0001,2.4151,2.4649,2.0037,2.0001,2.0001,2.0001,2.68,2.0025,3.0012,2.7,2.7001,2.7302,2.7512,2.7682,2.7,4.0001,2.7001,4.9416,2.2501,2.25,2.9249,2.7001,2.7,2.7101,2.8092,2.7101,3.0006,4.0,2.7001,5.0014,3.4574,4.8464,6.0164,2.0027,2.7102,7.9326,2.7102,2.7001,3.948,2.71,2.7101,8.5329,2.7101,3.0367,4.9946,2.711,4.0001,6.7229,4.0962,2.7103,4.6802,2.7006,5.1222,2.0035,2.1649,2.7,2.8206,2.0003,2.7001,2.7001,2.2501,3.0001,2.7101,2.7,2.68,3.2385,4.5582,2.0001,2.0,2.0038,3.0007,3.0007,3.0001,2.8526,2.0,2.0,3.0001,3.0,15.8822,4.2259,2.0001,2.0,2.0,2.0001,2.0,2.0,2.4154,2.0,2.0,2.0,2.0,2.0001,2.0,2.0,2.0,2.0,2.8839,2.0,1.05,2.0,3.3413,3.8025,1.5479,3.4008,2.0978,2.3049,2.3049,2.3049,2.3049
83,9.6672,2.0035,6.7514,6.3626,2.0002,6.6063,2.0058,2.3248,9.1054,7.5003,3.7796,4.9928,4.3978,10.5489,4.4666,2.6999,5.0854,4.2809,2.74,7.9686,2.7405,2.74,7.2451,3.2275,2.7409,2.7401,4.0031,4.0171,2.7401,3.5001,6.8425,2.74,8.4868,2.7399,2.74,2.7399,8.1471,7.5009,3.2833,2.7399,4.2829,2.0002,2.71,2.73,2.7624,4.6596,2.7399,2.8124,3.0011,2.74,2.7399,2.0056,5.5277,2.74,4.3182,2.0037,2.9549,2.7299,3.6407,4.0,2.7398,2.7401,3.3438,3.6736,2.74,2.74,6.4094,11.1052,10.9044,13.3182,13.6566,9.4934,4.6373,7.3982,4.0,8.403,6.3009,8.2414,6.1571,10.2338,6.2391,6.5458,7.9181,3.4207,5.8436,5.813,10.8427,4.8441,7.7096,8.5051,7.5149,7.8953,17.5146,10.0001,8.0288,3.0013,10.4976,14.8755,8.9281,12.4111,4.0,3.5,2.8805,11.6704,4.5605,2.7098,4.9785,7.223,3.3524,7.2725,3.5,6.055,2.7097,9.109,5.1331,1.9999,3.0015,6.8113,8.4272,7.6104,7.5009,10.07,2.7401,2.7401,3.0015,7.5476,5.5642,2.7013,2.6999,3.0302,3.5,3.3921,2.7401,3.5,5.0001,5.2818,4.0003,2.74,5.676,2.7098,8.4804,2.7099,2.0002,2.0001,2.7399,2.0062,2.7297,2.7098,2.0001,2.4924,2.0001,1.292,1.9936,2.0002,2.0002,2.003,2.0001,2.0066,2.0064,2.6799,2.7001,2.004,1.2529,2.0,1.0501,2.0,2.6441,2.0002,2.0,2.0001,2.0002,2.0002,1.7025,2.0043,2.0002,2.0002,2.0054,2.0021,2.0001,1.25,2.0002,1.5029,2.0001,2.0001,0.7853,0.4995,1.2501,0.2501,1.0041,2.0,2.0022,1.2536,1.6821,2.0,2.0001,2.0001,1.253,2.0,2.0,1.1154,2.0001,2.0003,2.0001,1.2974,2.0,2.0,2.0001,2.0001,2.004,2.4743,2.0005,1.0501,1.8828,1.2527,2.0001,2.8856,2.25,2.0001,2.0001,2.0,1.2384,1.4436,2.0001,2.0001,2.0001,2.0001,0.88,2.0001,2.0,2.6346,2.0002,2.0001,2.0002,2.0002,2.0002,2.0001,2.0001,2.0048,2.0001,2.0001,2.0,2.0001,1.15,1.3502,2.0001,2.0571,2.8727,3.0013,2.0056,2.7,3.0012,2.7002,2.7,2.1694,2.0036,2.0001,2.561,2.7001,2.6292,2.0051,2.2929,2.0001,2.68,2.0026,4.701,3.451,3.6701,7.7588,4.8776,2.71,2.7,3.7757,5.2942,9.6929,4.7005,4.0,4.0002,3.0005,5.3572,5.0001,9.6531,3.1123,10.2052,4.0,2.0002,10.1504,12.5274,11.5001,8.4527,4.1915,2.7109,5.4098,6.2413,5.9116,5.9905,4.5515,5.6493,9.5966,5.2101,6.5306,9.7301,9.3381,13.6794,9.4902,5.1446,4.0,5.8818,2.8949,6.3262,3.2463,3.2715,2.7105,3.0005,3.1996,3.4402,2.7101,2.8605,3.7875,4.0,3.5,3.0009,4.3747,5.9896,3.2813,3.0001,3.0007,4.7916,7.5002,4.0001,4.7101,2.0,3.0,7.9773,3.0001,18.1582,6.543,2.0,2.0009,2.0001,2.0,2.0,2.0,4.408,2.0,4.4086,5.3344,2.0,2.0,3.45,2.0001,2.0,2.0,2.0728,3.0296,1.9917,2.0,7.0536,6.0381,3.4159,4.7925,2.7002,2.6806,2.6806,2.6806,2.6806
84,15.2833,6.644,16.334,7.2697,2.7001,13.765,3.6525,6.9801,14.2052,11.1249,4.9734,5.5607,7.596,13.8762,10.8201,9.6899,13.2417,7.3945,3.0013,11.3876,5.7263,8.2943,11.3388,11.3025,4.0,4.0,11.8876,10.8313,5.4352,8.7924,10.8458,4.9704,9.5106,7.4809,10.2626,6.0634,12.0037,9.201,3.5039,3.0026,10.5423,5.0009,5.376,9.1238,8.2498,8.1708,3.0609,5.5171,7.9416,6.8875,3.5035,6.6409,7.996,5.374,10.3353,6.4279,3.5003,7.5432,9.3512,9.017,3.5,4.4598,11.205,7.6483,8.8119,9.5654,9.7152,10.0842,5.6811,12.0869,14.8857,9.5171,5.1796,10.0516,5.0001,8.2087,7.0166,8.2414,6.2067,9.9338,8.2421,7.0057,7.5034,4.89,6.0845,6.0355,10.6298,5.1728,6.0385,9.2549,6.405,8.2401,17.8916,9.6501,7.8189,3.5,10.9362,15.4237,8.3869,12.4976,5.8247,3.5,3.2936,9.4452,6.7952,3.1793,5.6319,5.985,4.6862,9.7177,5.4041,5.6368,5.6465,8.9767,7.3018,2.74,3.1814,7.6211,8.3547,8.6064,10.5283,6.8932,2.7426,2.74,5.8895,8.6059,7.3276,5.8161,4.756,3.5032,4.0,3.5022,2.7401,4.0001,4.4871,6.1932,4.4342,3.5896,5.7748,2.7098,10.9026,2.74,2.0053,2.0001,1.9999,2.0,4.0402,4.6195,2.6999,3.857,2.8656,0.7196,2.7341,2.3941,2.0892,2.7,2.0027,2.6798,2.5,2.68,2.6999,3.0019,2.0001,2.0038,1.9373,1.6405,5.1915,2.0027,2.2751,2.6443,2.0049,2.0001,1.7027,3.4025,1.7027,1.8411,2.7,2.0004,2.796,1.4999,2.0002,1.0048,3.0028,2.0002,2.0001,1.0029,2.0,1.6297,2.0,2.0049,3.7553,2.0026,2.0002,2.0,2.0001,2.0001,2.0001,2.0,2.0002,2.0,2.0001,2.0031,2.3834,1.6433,2.0002,2.0007,2.0002,2.0038,3.2204,2.7076,3.0012,1.503,2.0002,1.9509,2.0001,4.1538,2.7001,2.0001,2.0042,2.0002,2.0001,2.0001,2.0002,2.0001,2.0001,2.4378,0.7495,2.0001,2.0001,3.0725,2.3099,2.1197,2.0046,2.6947,2.0002,2.0001,2.0046,2.4427,2.7001,2.5938,2.0001,2.0002,1.0489,1.13,2.0001,3.0013,3.0014,3.0013,2.0056,2.7,3.5812,3.2375,4.4917,2.0059,2.0051,2.0033,2.7,3.0013,2.7001,2.5677,2.7001,2.0001,2.7036,2.0035,4.6512,3.1623,3.5766,6.6832,6.3674,3.2029,2.7001,5.0005,5.0015,8.9311,5.0007,5.0001,4.0001,4.0,6.5178,5.3668,8.7001,3.2244,7.5001,3.0006,2.0038,9.1777,10.3591,9.5025,8.2627,5.1304,2.7106,6.8456,5.2204,6.2377,8.3713,5.9194,7.6444,8.7541,8.1433,6.6075,12.382,11.7385,8.467,10.4279,6.2505,3.5696,11.9518,8.1552,11.7404,9.0937,11.4924,4.0,3.117,10.3969,10.4208,2.7001,9.99,8.2,3.0001,6.5354,8.2,8.8041,9.0001,3.5,3.0007,3.8477,6.0719,9.2395,6.3556,8.2579,3.0578,8.8492,6.7483,5.9368,2.0001,9.9636,4.9855,4.958,4.6024,3.0001,2.0,4.3002,10.7144,7.3741,12.8098,9.8877,4.0,3.0001,11.0634,6.9723,3.972,5.5181,5.1094,5.2134,2.0,2.0001,5.8282,9.9299,7.166,5.8325,3.5,2.7007,2.7007,2.7007,2.7007
85,21.8295,8.8348,20.7603,12.2003,3.6649,14.5879,4.0001,8.503,19.4388,13.2081,8.21,8.0,13.4703,12.458,12.5482,9.4161,12.2718,8.9894,2.7408,16.4117,8.2113,8.6614,12.4834,8.6232,5.8833,4.0,9.3464,12.4891,5.5317,9.6769,12.1564,6.3111,13.0038,8.3289,9.5213,5.8788,12.2034,9.8115,3.5037,3.5001,9.2787,5.0008,8.6153,7.8145,9.4141,10.0019,3.0027,3.5484,7.3723,4.6448,3.0043,3.8944,9.1688,5.8772,8.0099,5.2253,4.8914,5.9357,6.886,10.4916,3.7947,7.3544,8.651,8.8251,6.8811,7.3334,11.0721,10.1253,7.4941,11.7098,14.443,7.2172,6.3317,13.1338,5.0001,7.0916,5.1474,6.0928,3.0027,8.88,7.9617,7.8223,7.4084,5.7647,6.3674,5.5858,11.7686,7.922,6.2342,10.0657,7.6067,8.1498,12.3896,7.5341,4.1451,4.0,6.9667,12.6374,5.8479,10.967,8.1857,4.0,6.8543,12.3279,6.9978,8.0673,7.9395,8.8603,8.7711,12.3624,6.7218,7.7565,8.4576,9.3143,8.4635,3.5001,6.1511,7.737,11.079,9.9318,11.7742,10.2774,6.2599,3.0018,8.9581,9.6721,8.125,9.148,7.1487,7.702,2.74,4.8343,3.0012,9.4036,4.5082,5.236,5.2741,6.7699,6.6098,2.7011,10.0036,3.0017,2.6999,2.6223,2.0045,2.74,7.7839,6.0144,2.7099,8.8925,6.6222,2.0001,4.0797,3.5357,2.7099,5.8461,2.7006,2.0048,2.0001,3.2671,6.5478,4.6563,2.8823,3.2591,2.0,2.0,4.9825,5.1035,2.5537,4.0834,2.8774,2.8702,2.7403,3.4803,2.7209,2.0001,2.6999,2.7099,6.5316,1.4936,2.2423,2.0002,5.4286,2.8458,2.0002,2.0,2.0002,2.0001,2.4585,2.6608,4.8675,3.0011,3.0001,3.0019,3.0001,2.0002,3.0022,2.0002,2.0001,2.0002,2.0006,2.2358,3.9392,2.0002,2.0002,3.154,2.71,2.0048,3.8858,4.4658,4.0796,2.0002,2.0002,1.5526,2.2093,5.3957,2.8547,2.2634,3.0013,2.6309,2.0048,2.0001,2.7001,2.004,1.623,3.2001,1.7037,2.5922,2.0001,4.0848,3.0788,3.2192,2.7002,2.7001,2.4121,2.6404,2.7001,3.0014,4.0777,4.6289,2.7001,2.6572,2.0049,2.0001,2.0002,4.1732,3.1208,3.7999,2.7,2.7,4.238,3.1419,4.9965,2.7001,2.7045,2.3912,2.7101,4.541,2.7002,2.7001,2.7001,2.0032,3.5024,2.2501,7.0275,3.9779,3.5884,3.4251,3.5953,5.3136,2.7001,4.9166,5.1443,8.1036,5.2993,4.8114,6.6986,4.0001,5.5729,6.4585,7.8311,4.1621,7.4829,4.0001,2.7003,7.2411,8.5625,7.8677,8.5152,4.8218,2.7001,7.5965,7.2525,5.3479,6.4001,6.8804,7.9632,10.4843,9.6256,5.0872,8.3185,8.4207,7.1274,9.99,5.4028,4.0,12.5902,8.0365,9.357,6.9978,7.6096,5.209,4.0,8.593,6.0218,3.0005,8.9325,6.582,6.6124,5.7022,8.2652,5.9739,9.4284,6.9923,3.6165,8.2562,7.5205,10.2595,4.5468,10.5928,3.0003,8.2844,7.428,4.4653,9.1263,11.8443,4.6352,7.9051,6.4307,3.6601,2.0,7.7874,8.5452,7.6894,11.4188,9.9178,5.7958,3.0001,9.0,6.9561,6.2354,4.7145,4.4139,7.6092,2.0,2.0001,5.6088,13.8118,8.3607,6.146,7.0582,5.1859,5.1859,5.1859,5.1859
86,15.4519,5.2898,16.963,9.8267,3.1949,7.2221,3.8021,5.2455,11.6527,9.4584,10.1238,9.3302,10.6801,10.3409,9.5022,6.7989,9.3237,11.4192,3.8003,10.0638,6.7568,6.1685,11.2375,6.9066,6.1108,4.4097,8.0002,8.4323,5.3103,7.5655,10.8554,8.0694,12.8641,4.9589,8.4693,6.277,9.3094,8.0001,3.5041,4.8241,7.1886,3.1767,7.1136,8.3067,8.6332,10.6896,3.7548,3.8598,6.8587,6.45,3.3131,2.9425,10.1015,7.9568,7.7027,3.7384,4.3196,5.6308,5.518,9.5297,5.1263,7.7731,10.7658,8.5842,9.1441,9.7826,9.8063,10.6556,6.7152,12.7812,11.0346,7.6347,5.7841,13.22,5.0001,6.1942,6.7405,9.1549,3.8553,8.3861,6.5906,6.9608,10.0408,6.8288,5.0012,5.4234,10.157,6.8917,7.5959,10.6609,8.0302,7.866,10.7299,6.8376,7.1307,5.3002,5.4175,14.0496,6.7388,10.4703,7.4494,6.5277,5.7508,11.2573,8.913,10.1959,7.5248,9.6968,10.7777,13.6245,7.7653,9.1717,7.5002,6.6357,8.7327,4.6233,5.9559,6.3496,13.4443,7.7311,9.633,11.9762,10.7389,4.0,4.4025,10.1961,8.6922,9.5155,7.5811,7.0155,2.74,4.4339,4.8491,8.2412,5.4556,6.838,8.2401,12.1556,4.2672,2.7098,11.3078,2.7401,3.5027,4.873,2.7398,3.2259,6.7158,6.0708,5.9989,9.0021,5.9675,2.7449,4.0613,4.0146,3.16,6.2713,3.4174,2.2499,2.6996,5.9038,7.3669,5.7815,3.6559,4.1253,3.8491,2.6999,5.7668,4.7789,2.7099,5.2144,2.6999,3.1603,3.2046,4.4427,2.7209,2.7,2.6999,3.22,5.2801,2.0001,3.305,3.0296,6.2303,4.4405,2.0001,2.0001,2.3568,2.7,2.7005,3.1014,6.8748,2.74,2.7296,3.9061,3.9346,2.7001,3.3482,4.9366,2.0002,2.7401,4.437,3.337,5.8386,2.0027,2.0038,4.0381,3.743,3.604,5.663,5.8007,5.8622,2.7772,2.6165,2.0002,2.7,4.6121,3.9139,2.7032,5.5356,4.5417,3.8849,2.7002,3.7719,3.6209,2.829,5.2484,2.8317,4.5095,2.0005,5.9922,5.4319,4.4701,2.7001,3.0014,3.1518,3.309,3.0014,2.7001,3.5025,3.668,2.9523,4.1178,3.0013,3.2735,2.0036,2.4849,4.0457,3.0014,2.7101,3.0013,5.0007,4.3827,6.7157,4.0978,4.1302,2.7001,5.0007,4.538,2.7001,2.7101,3.6021,2.7002,4.5668,2.7002,8.409,4.1414,4.9497,5.3658,4.5483,4.9087,4.0,5.2039,7.2256,8.2317,5.577,4.2611,6.8519,5.3466,7.6856,6.9602,8.0914,6.0568,5.2284,5.7922,3.4467,8.4329,10.8313,8.8646,9.6012,12.0091,3.7547,7.6483,7.2653,5.506,9.1152,7.8375,6.5605,11.8447,6.2346,7.0006,8.1123,9.7927,6.6029,11.6063,6.1662,3.816,8.5675,8.1292,6.7096,7.0711,5.9476,6.7164,8.0154,7.4113,4.3385,3.0006,8.0825,4.8077,3.0006,6.3869,6.2757,4.2081,7.9887,6.8851,3.1852,7.008,8.2023,9.6347,4.1713,6.2068,4.7,3.6091,8.1251,5.4911,4.2289,9.0,5.3573,6.4084,5.3661,5.76,2.0,8.064,7.9068,5.2807,6.1794,7.3121,7.1616,3.0002,6.3596,5.6835,5.3979,4.2631,4.315,5.692,2.0,2.1682,5.1018,9.5308,6.7204,5.7655,6.6329,4.7531,4.7531,4.7531,4.7531
87,15.4249,8.6637,19.3516,10.53,2.7317,4.0793,4.6161,4.4603,11.9121,11.1393,11.5375,11.7881,11.3518,11.7528,8.1618,6.2183,8.1363,12.9339,5.3426,7.3541,5.535,8.132,10.4621,5.4094,4.3141,3.932,8.0003,11.2258,5.8392,8.8807,11.5726,10.1222,15.5631,6.926,9.6179,9.4838,8.6529,8.8308,6.7578,4.0422,9.5113,4.6455,10.1124,10.1938,12.3675,11.6613,6.6848,8.523,7.9891,7.944,4.3377,4.3176,13.4758,10.8111,8.0,6.2781,5.9026,7.8173,5.4897,5.0555,6.0239,8.0001,10.5886,9.3431,10.3847,10.7263,12.1994,6.0286,6.0531,12.5426,9.6139,8.2788,4.4705,11.2227,5.0001,8.0001,7.4447,6.2606,3.0,9.7893,7.7624,5.6119,7.7357,7.0744,5.9116,6.5472,10.2655,8.9773,7.6275,9.9576,8.3008,8.4739,10.9739,5.4269,7.5208,5.3671,5.4814,14.3568,6.7296,9.8368,12.9012,6.8618,6.5828,12.8593,11.022,7.8915,8.2872,9.2524,10.1084,10.5229,9.6468,9.1878,9.1577,4.919,9.9657,4.4225,6.3998,8.8211,9.9273,7.4973,8.8472,10.2714,11.0431,5.7289,8.5985,9.56,9.6864,9.7323,9.152,5.5416,3.5021,6.4994,5.8556,6.67,6.5398,7.002,6.4458,9.4855,5.3639,2.7299,10.3139,3.5024,6.6626,5.8384,2.7399,4.9642,7.2616,6.6583,5.2453,11.8283,9.5873,3.0024,6.3262,6.4023,3.4769,6.0417,5.3193,3.6471,4.8788,6.7107,6.4784,7.9977,6.7244,4.4128,3.5001,2.9644,5.1274,4.5769,3.5027,4.9476,2.7107,4.3158,4.5225,6.5685,4.5932,2.7,4.371,5.0009,6.6315,2.7279,3.8464,5.4627,6.6074,5.5036,3.66,2.0003,3.0016,6.2255,3.7689,4.2898,6.7822,5.8355,3.9902,5.481,3.9512,3.6446,6.7557,5.965,5.9084,4.9274,4.538,6.9262,5.6218,2.7007,5.0968,6.9032,5.6667,4.7822,7.976,7.7082,6.7205,4.6376,4.7879,2.3504,2.9424,5.476,5.2526,3.5026,7.3184,6.4489,4.2063,4.0537,5.3514,5.7699,4.6942,5.6727,3.9476,6.3015,4.5531,6.9766,6.558,7.0439,2.7001,5.1957,4.7174,3.0279,3.7337,3.2831,3.6329,4.8012,3.7309,3.8356,4.8393,4.5706,2.0048,3.5014,3.977,3.6653,3.0014,3.0013,5.0007,6.1422,6.8692,4.7264,5.0007,3.5594,4.0348,5.4414,4.0541,5.1496,2.7002,2.9439,6.8845,4.7568,7.8777,6.3031,5.2124,6.5907,7.6701,5.3605,4.4636,6.4409,10.2518,9.8768,8.7207,7.9243,8.0301,6.6295,11.6863,7.3288,7.8813,8.0414,7.2643,3.811,5.2378,7.5536,9.1404,9.8994,9.183,11.5607,4.492,7.4731,6.955,6.8077,7.1954,7.0466,5.4832,8.2802,7.065,6.0926,7.0086,9.2715,7.4091,11.8885,7.5021,5.5509,9.402,6.6796,6.7124,7.3372,7.0297,7.478,8.0964,7.8003,5.4585,3.0006,7.3273,5.5465,3.0006,6.2097,5.1809,7.4453,8.2503,7.9834,6.0123,6.946,8.1023,9.7206,5.8091,6.2335,4.7,4.587,7.9295,5.3481,3.0001,8.8187,4.7099,6.537,3.5948,6.6703,2.7961,6.7,6.8387,4.9791,9.5576,9.0,8.3095,4.9816,6.3539,7.3747,7.1885,5.8998,6.0736,6.4,2.0001,3.0003,5.7112,10.3153,7.0708,4.99,11.1629,8.6885,8.6885,8.6885,8.6885
88,11.5212,6.7125,17.1388,8.9456,2.8295,2.7001,5.2576,5.2139,10.8752,12.1,13.8595,10.6859,9.8149,12.4622,8.205,7.1527,6.6895,12.3549,4.1624,6.4012,4.777,6.5446,10.5499,4.7859,2.7401,3.6461,6.5257,11.5332,5.391,8.9676,11.413,8.2404,14.8382,4.2657,9.6748,7.9796,6.4631,8.0,11.2032,3.1189,6.0283,3.5,8.7735,10.0643,9.8333,10.6561,3.8405,3.3011,8.2054,6.7091,4.4022,4.2054,9.3958,8.1813,5.1299,5.0658,3.1909,4.4083,2.7403,2.8033,6.4308,8.3187,8.4178,7.0151,9.3125,11.0683,11.6681,3.4357,7.4696,12.5028,8.5947,6.6306,5.0556,10.6341,5.5232,8.4779,8.3861,8.2058,5.9408,10.924,8.6244,4.8626,10.2805,6.9032,6.7932,7.3069,8.9521,9.2508,7.1555,10.8299,7.2568,8.2401,9.6459,4.7307,8.6037,5.8178,6.4382,12.6937,7.0502,10.6799,8.1606,3.5001,8.2477,12.4736,11.806,9.6788,9.1899,11.2746,9.0682,8.8012,9.7111,8.5431,10.2633,2.7109,9.9871,5.8228,5.3633,8.1681,10.0874,8.24,6.6069,9.3213,10.1185,4.0,9.7282,14.1797,8.2936,9.2088,9.2222,6.012,3.482,6.4949,5.0183,8.2401,6.4659,8.0434,5.8367,3.3315,5.1925,2.7299,7.1847,7.6021,6.829,6.1449,2.74,4.814,8.3165,6.3117,5.5062,10.8915,10.5115,2.745,7.961,8.1844,4.5547,4.5404,5.7305,6.9715,5.9069,8.3784,9.6706,6.9644,9.6123,4.8246,5.436,4.2561,6.0641,7.8878,5.4676,6.5861,3.5,4.8218,5.3891,8.3074,5.0013,2.7101,3.6163,6.5891,8.7398,5.0486,8.1842,7.4034,9.9631,8.0003,8.5641,4.9048,6.2482,6.2395,6.9907,7.7864,9.6718,7.0209,6.5788,6.5183,7.7148,6.8612,11.8361,9.4769,11.0168,8.3373,5.6767,8.7056,5.6881,5.3686,6.5709,6.3261,8.1276,6.7977,9.7212,9.0102,8.237,4.7814,5.954,2.7002,4.0622,6.7128,6.3381,5.1998,5.995,5.9923,6.132,5.4921,7.3358,8.0327,7.4118,7.6571,6.7504,7.4269,5.8257,7.6646,6.3137,4.7112,6.1306,6.5963,6.4011,5.6735,6.0263,6.691,5.7041,6.9124,5.7473,6.1988,6.4783,8.3181,2.1129,3.9785,4.485,3.8162,2.7,2.7,7.5591,7.7154,8.6602,7.1016,4.8584,4.4307,7.2835,8.7627,5.0007,7.8267,3.7863,4.2107,7.3846,7.7762,8.9763,10.7584,6.663,6.9082,8.6956,7.6094,4.4304,7.2698,10.3406,9.3668,8.6333,9.5249,7.9666,6.7809,11.6704,7.2817,6.8028,8.6904,8.7485,5.9636,4.7001,5.7187,9.7366,10.2303,7.4945,9.8019,5.7647,7.8364,6.0115,7.3935,7.3916,4.9062,3.6899,8.0,7.0766,4.6918,5.7193,7.5126,7.1608,10.8161,7.2294,4.8732,8.8644,5.606,8.021,7.1248,6.9224,6.9375,7.3514,7.7016,5.0982,3.0005,4.2863,6.2655,3.3511,4.2576,4.3408,4.0001,5.3218,5.76,6.6827,6.7628,6.9797,5.2506,5.0006,5.9543,5.6431,3.5974,5.9307,4.02,3.0,8.0,3.0003,3.5519,2.0773,5.8729,2.8288,5.0629,5.4495,2.7101,6.6065,6.9076,4.0766,4.2875,6.5237,7.5123,5.7378,4.9095,5.8537,4.7405,2.0001,2.961,6.2508,8.082,8.1253,8.6901,14.4543,11.9586,11.9586,11.9586,11.9586
89,10.2605,6.5414,11.9517,7.1846,2.7001,2.7,7.4657,4.2077,8.7672,10.9765,10.1642,7.5851,6.7291,12.6865,7.4531,5.9171,4.6893,11.639,3.3853,4.9479,4.2543,4.9917,8.5305,3.6862,2.73,2.8089,3.905,7.9456,4.8044,7.5302,9.2896,7.3282,12.8543,4.1011,10.8991,8.7108,4.7896,5.4272,7.1112,2.7448,6.8401,2.7299,7.756,8.23,8.7213,10.2291,3.0026,3.0011,8.1443,5.7826,3.3456,3.5693,7.4202,5.3337,3.7906,4.9575,2.7301,2.8117,2.7299,2.7407,6.1866,10.0696,6.7193,6.9555,7.9877,11.394,10.0135,3.1186,5.2316,11.3015,9.1188,6.8537,7.9507,7.45,6.082,9.4089,8.6583,8.9132,8.1723,10.7162,7.6225,3.8289,9.0187,5.4076,5.4817,7.064,6.8573,9.0808,6.9265,10.7953,7.0736,6.3281,9.8186,3.5133,8.8857,6.1466,7.8843,11.5331,6.999,11.496,8.7087,4.1627,7.2921,13.34,12.3718,9.3001,10.1848,11.7738,7.5736,8.5741,13.1124,13.4017,11.2626,6.6358,9.94,5.9192,5.7267,9.3589,12.1106,6.7727,7.977,8.4929,11.7325,4.0,12.4335,16.1496,9.8778,10.0379,9.0585,5.9119,7.3056,7.5537,7.4669,8.2401,7.8233,8.2693,5.5897,3.9436,7.8258,3.2212,8.1874,6.1738,8.401,11.7822,3.0022,3.6801,7.5718,8.8318,6.0508,11.3602,9.8736,7.1776,8.0992,7.2384,4.0011,7.1184,7.379,7.0209,5.9413,9.9474,10.2959,6.0941,13.6814,4.7069,5.3472,3.6463,8.6986,8.2663,6.0142,8.5286,4.2865,5.8338,6.7729,9.3277,5.5163,2.7,7.7835,6.936,8.339,5.9085,10.6182,9.6243,9.7119,9.7871,9.4947,5.4798,6.1472,8.9032,9.7965,11.5301,10.8446,10.0,9.5786,8.2399,9.2532,10.0658,15.045,12.121,11.3887,13.108,8.9956,10.337,7.9775,14.4774,8.1448,9.2119,8.9172,7.8883,10.1776,11.5319,9.6745,6.544,6.9634,2.7101,3.9971,6.4341,7.0147,5.9102,7.9006,6.7865,7.1769,5.4631,6.4057,8.0001,7.7732,8.3541,6.2044,7.8752,6.9512,8.0,7.5103,6.1345,6.6152,8.7598,7.6584,7.9729,7.1998,7.5273,8.0597,8.8917,6.83,7.0951,6.0913,6.8756,2.7,4.6381,5.1126,5.9421,4.7461,5.6384,7.231,8.3548,8.5411,7.4365,8.1742,8.7758,8.8488,8.2045,7.603,7.1672,3.629,5.8035,7.7347,9.99,10.4877,7.7667,8.4216,9.6883,8.6998,6.6477,4.5259,9.1154,8.1882,8.9463,9.2748,8.7402,8.3121,8.2095,10.9958,7.5714,5.3813,8.487,9.4943,6.3032,6.1845,7.328,11.2358,10.6732,6.9217,13.0924,7.2573,7.2852,6.4756,7.7788,6.4811,7.6405,3.4443,5.8582,7.9942,3.4953,4.0,6.7446,6.2953,10.0162,7.246,5.316,9.3376,4.1883,8.0957,7.3213,3.0204,5.7001,6.8351,4.0205,5.2002,3.0005,3.0006,5.5105,3.0011,4.6982,3.8729,3.0006,4.0,6.8428,5.8487,5.276,6.7652,4.3264,3.9051,5.3001,5.5069,3.0,6.4767,3.0,3.0,7.4529,2.0008,2.5711,2.0009,2.5622,3.0001,3.0,3.1672,2.0001,4.9127,5.1717,2.6359,3.8833,3.0314,5.9259,3.2836,3.5,4.3955,4.0812,2.0001,2.0001,6.7098,3.523,5.6879,5.3345,11.7906,11.2544,11.2544,11.2544,11.2544
90,10.7437,3.5076,8.0004,4.5433,2.6999,2.7001,9.4087,3.537,8.1548,8.0,10.3346,6.8719,5.7887,11.5572,5.8747,4.8339,3.1308,8.2315,3.5,2.9341,3.4925,4.0002,5.822,3.5027,2.73,2.74,2.8601,4.558,5.4277,6.7875,6.2958,3.5001,8.24,3.5,10.1691,6.5438,2.73,3.4997,4.6629,2.7399,4.6132,2.6998,5.6271,5.3804,5.7473,7.4318,3.0026,3.5029,8.0112,6.1158,2.7399,2.74,3.9012,3.8892,2.7401,6.3836,2.7101,2.7101,2.7301,2.6407,5.6048,7.5015,4.177,3.949,6.7447,10.343,8.9681,2.74,5.6138,11.4064,6.8517,4.7199,7.0737,4.172,5.8561,12.2969,7.7582,9.1842,8.7704,10.5289,8.3029,3.5031,10.1118,6.0063,5.0009,6.0824,6.623,7.4203,6.8302,10.8636,7.4119,3.7406,9.5883,4.8305,7.936,6.2242,8.274,11.0612,8.0209,9.8294,9.9101,7.7569,7.6202,13.9015,9.8574,11.2368,10.1884,11.7422,6.9039,9.178,13.8461,15.6057,4.5472,4.4583,9.7891,3.0015,4.0296,7.9945,11.0396,5.591,8.145,9.3977,10.0242,4.0,12.9708,17.7713,10.4154,9.0724,9.2436,4.9221,5.8585,10.2619,10.9749,7.5747,7.6379,8.828,6.7572,5.5923,9.7283,5.6182,7.7502,9.4257,11.4157,12.7823,4.7222,6.885,12.0243,12.2522,9.2592,11.7426,11.6101,5.9684,8.0003,10.3552,4.8149,9.6742,10.7413,8.8393,7.0872,12.9135,8.7675,8.6574,15.193,8.3082,9.4529,3.5028,7.3555,10.3886,7.5722,10.2183,6.2819,7.7066,7.3053,9.6342,5.62,4.6248,9.9157,8.1194,8.7613,7.1058,10.3314,9.7924,8.5676,10.7501,10.5161,6.777,7.6901,11.3735,9.4613,9.5558,11.0134,10.9398,8.9156,10.4909,10.5073,11.1331,17.782,13.4028,12.8709,15.0906,11.87,14.8057,11.6655,12.3608,9.2637,10.4329,11.3694,8.5265,11.0788,10.5526,9.5062,7.037,9.13,2.7307,6.0988,8.5762,8.377,8.2929,7.9712,7.4928,7.5811,6.3911,8.3108,8.4163,8.2494,10.451,9.5822,8.0001,7.126,7.0301,8.3592,8.0847,8.4088,9.7001,6.9504,7.8448,8.3726,8.0107,7.9699,9.4276,8.9815,9.7101,7.3917,8.211,2.007,7.699,7.8199,4.5852,7.2791,8.7001,9.1924,8.7153,9.6327,7.1946,5.9,11.6957,9.2773,10.9234,7.7419,9.8124,3.014,6.4383,9.4564,8.5804,10.9647,7.8622,8.5951,8.8177,9.0831,8.5611,8.5305,10.0607,8.2217,9.99,9.4216,12.4826,9.7001,10.7861,12.5594,6.9264,6.8042,9.4197,10.1987,9.4958,7.9225,6.5409,11.4142,10.8999,6.0857,4.0,8.8304,7.4195,7.4265,8.0365,9.2889,7.487,4.1468,4.6112,4.4452,3.8872,4.3046,5.3122,7.4573,8.7057,7.3095,5.8962,9.0732,3.7523,7.4167,7.0979,3.0,5.9089,6.9358,3.0007,4.3267,3.001,3.0006,9.2516,4.064,3.0625,2.7,3.1098,3.7365,4.8639,5.8166,4.8004,6.0954,4.0001,4.0004,4.5275,4.7001,2.0,5.8968,4.2333,3.0001,4.3873,2.0001,2.0001,2.0001,2.0001,2.0,2.0,2.762,2.0,3.8613,2.4068,2.0007,3.0001,3.4013,5.3533,2.5742,3.0,3.7816,2.3772,2.0001,2.0,5.1695,4.121,4.0,3.5001,9.0011,4.6077,4.6077,4.6077,4.6077
91,9.6658,4.3756,7.3414,3.5022,2.6999,2.7,13.1861,3.5023,8.7872,6.9657,6.028,5.4405,4.4913,9.4109,4.2718,3.9726,3.0433,5.4229,3.5,2.73,3.333,3.5033,3.2056,2.7101,2.7303,2.7301,2.7,4.0,4.7774,6.2507,7.5748,2.74,6.0358,3.5034,8.662,6.2059,2.7,3.1798,4.6196,2.7399,4.1859,2.6998,5.409,3.9073,4.1329,5.149,3.0026,3.2629,7.4717,6.2705,3.0001,2.74,3.368,3.5694,2.73,6.8853,2.7101,2.7,2.005,2.3607,6.5301,7.5636,4.0174,3.431,7.3001,10.8588,4.7104,2.7401,7.2969,9.6869,4.6219,4.8637,8.1084,3.6985,6.3937,13.7655,8.779,9.1834,9.1286,8.6812,9.5112,4.5735,9.3947,4.8858,5.0009,6.5994,5.8239,6.7011,6.2282,11.2565,8.2616,3.7211,9.7137,4.7807,8.2298,8.2056,9.3578,10.9491,8.1649,9.2602,12.0313,8.307,8.094,12.8874,8.0268,12.1537,9.8592,11.5861,6.7573,7.2675,14.9528,14.039,6.0169,4.3259,9.7333,3.2481,4.2066,7.6408,10.7896,6.4786,6.5058,9.4687,12.1139,5.4914,13.1315,14.4768,8.8205,7.1644,9.1466,4.1516,9.4495,12.0884,11.3144,8.4944,7.7765,9.6407,5.8665,7.4384,12.276,3.448,8.5533,10.5356,12.8664,12.2332,3.1429,6.2276,11.4765,10.6516,10.443,13.847,14.1878,10.057,11.0535,11.2595,6.3527,9.2529,11.1126,7.1921,7.6614,10.7112,7.1171,9.3191,14.7162,8.9917,10.0967,6.5431,9.589,10.1133,8.7494,10.0852,5.9299,10.0858,8.3639,11.831,5.9767,9.2148,12.3607,16.1293,9.6781,9.1793,12.2828,9.7078,12.2988,16.17,16.4248,8.2482,9.7161,12.658,10.9021,12.2584,11.8805,10.031,9.8963,11.0221,9.9967,10.2437,18.0307,16.2903,14.2502,18.8184,11.5315,12.6953,10.9468,12.7803,12.3746,10.7602,13.4196,9.7547,10.9102,11.2121,9.7402,7.9205,7.1585,2.7306,6.8522,7.3225,8.6877,7.7181,8.0,6.898,7.4174,6.3677,7.3602,8.9537,9.0124,10.4844,8.4772,8.2315,6.3267,8.0,8.0,6.334,7.7205,9.7101,7.804,8.0985,8.8097,7.7027,8.6834,11.0843,9.0168,9.8094,5.6771,8.0706,2.0009,5.53,7.9658,5.0527,8.2545,7.9164,7.9244,9.2701,11.004,8.8718,7.6474,9.95,10.4569,9.7301,7.9887,8.6331,4.581,8.2655,9.7635,9.99,12.2668,7.4191,7.8926,7.7306,8.8777,8.3296,9.6382,9.5055,9.9256,9.8364,9.9524,12.7884,9.1403,11.19,14.1809,7.7815,4.8834,10.0419,12.0046,12.3564,4.5413,4.8908,10.3412,12.2776,6.4567,11.032,10.3888,6.6822,8.7171,8.3835,9.7453,7.8932,4.3649,3.7028,3.3541,4.5398,2.7658,4.0788,8.358,8.3675,7.4301,6.134,8.3761,3.3153,5.8882,7.5877,3.0001,5.7204,7.5199,3.0005,3.0005,3.001,3.0008,10.4408,3.7728,2.7,2.7,3.0006,2.9138,3.0009,4.8774,3.5692,4.5851,4.0001,4.2228,3.6184,4.5446,2.0,4.7861,3.3747,6.6215,5.0,2.0001,2.526,2.0,2.0001,2.0,2.0001,3.0,2.0,3.0002,2.2492,2.0,2.9471,3.0003,5.784,2.7009,3.0,3.1305,2.0003,2.0,2.0,4.1677,2.5517,4.1683,2.806,7.3327,3.5515,3.5515,3.5515,3.5515
92,7.7214,3.5001,5.4919,2.79,2.6875,2.7,12.5262,3.0104,7.5006,5.2379,5.1868,4.4113,3.3476,7.7744,2.7001,3.8254,3.3932,4.9652,3.0018,2.74,3.5025,3.504,2.7349,2.7102,2.0002,2.0005,2.7,4.0,3.1359,4.7549,5.6243,2.74,3.7997,3.0014,8.1513,5.3867,2.73,3.0478,4.3217,2.74,3.1993,2.6999,5.1636,3.5046,4.1445,3.504,2.8917,3.0012,8.065,7.6865,2.74,3.0012,2.7402,3.0017,2.7299,5.6684,2.6999,2.4385,2.0001,2.7401,6.4352,12.7217,4.0001,3.6679,6.9306,8.4362,3.5567,2.74,5.4959,8.5727,3.351,3.538,6.7737,3.9602,5.4314,13.73,9.376,7.2406,9.0274,7.5715,9.5466,4.0357,9.9764,5.4685,4.4834,5.4226,4.7216,5.9053,5.7248,10.0798,6.6469,3.0838,8.8849,3.5692,8.6173,8.4403,9.4088,9.5358,7.6474,11.8606,9.7805,9.468,7.969,12.8366,9.6176,13.4854,11.5289,11.7183,6.7223,6.8195,14.9934,14.0063,6.228,3.2187,8.6939,4.1276,5.1734,5.9802,8.7056,3.0026,6.0314,7.5881,12.246,6.5348,11.7769,12.1461,9.1938,7.4425,9.0119,4.5868,10.9971,14.9131,14.6797,11.2669,8.7289,9.003,6.6253,6.8968,11.9824,2.74,8.8234,11.7891,14.7005,9.3937,7.595,6.7797,14.4209,8.3798,10.2176,14.0535,13.3855,10.1755,12.6628,12.4914,8.2379,9.5146,13.2082,9.4341,11.9089,13.7076,10.3387,13.4155,15.9578,11.0449,13.299,8.206,9.7818,11.7996,10.5989,11.8148,7.2329,10.6395,9.3091,14.0481,6.7914,10.6942,14.3791,15.7625,11.9092,11.2662,12.6528,11.9329,16.2323,18.8816,20.3917,9.2737,10.5861,16.7236,12.6051,13.6777,15.5518,14.5817,12.4957,10.8241,11.8163,14.4896,21.5562,22.8177,20.3194,23.9051,15.5724,16.7983,10.706,14.8322,14.8879,12.1406,12.9863,10.8687,16.0682,17.561,15.2291,9.2815,9.1242,5.8445,7.8993,8.5099,9.8353,12.5074,13.0966,12.3476,8.3045,7.8183,8.1276,11.5971,8.0103,16.0385,12.8356,12.6901,9.12,9.893,12.3355,8.063,9.0976,8.2641,8.0592,7.5341,9.0213,8.9017,11.3281,15.0661,10.6954,9.587,7.7025,11.3635,2.6151,7.3723,7.8008,6.163,7.8549,8.7475,10.4126,10.298,15.443,9.9172,6.0212,11.9465,10.1301,12.3348,11.2515,12.7862,9.7037,10.6321,9.99,11.5284,16.8486,8.71,8.7825,8.2429,9.5121,9.7125,9.579,9.4386,11.3705,9.99,10.2872,12.6424,9.4822,11.091,13.5487,9.0074,6.5031,10.0385,11.5429,10.6778,4.7,4.709,11.1409,11.9255,8.1652,7.5732,10.723,7.7616,5.798,9.475,9.2389,11.3245,3.0006,2.7002,2.7001,4.4761,3.8362,3.6885,8.572,7.3628,7.6382,6.7277,6.7276,3.0005,4.701,6.2192,3.0004,7.0493,7.5002,3.0005,3.0005,3.001,3.0006,14.3049,4.0001,2.7,2.7,3.0006,2.7,2.9759,5.0451,3.5265,4.3528,4.1237,4.6126,3.4482,4.6807,2.0,4.0783,3.045,4.827,3.3013,2.0001,2.7816,2.0007,2.0,2.0,2.0,2.145,2.0,2.5654,2.0001,2.0,2.7357,2.9621,5.5383,2.0001,2.0001,3.0001,2.0001,2.0,2.0,3.0724,2.0005,3.9136,3.5,6.8266,3.0535,3.0535,3.0535,3.0535
93,6.4046,3.6574,4.8062,2.71,2.6999,2.7,10.187,2.6999,5.4664,4.7953,5.234,3.8111,2.9435,6.8302,2.7001,3.7143,3.5027,4.3857,2.948,2.73,3.0018,3.7477,3.7729,2.71,2.0,2.2373,2.7001,3.5,3.0293,4.5232,3.7133,2.7398,3.5812,3.0014,6.879,4.8797,2.6999,3.0019,3.7121,2.7397,2.7302,2.2737,4.315,3.5044,4.1023,3.6946,2.7401,3.5001,8.2365,8.8775,2.7399,3.1773,2.7399,4.0073,2.7401,5.0603,2.7101,2.4984,2.0001,2.7401,3.9999,6.4372,3.5,3.5043,6.8917,5.8079,2.743,2.73,6.8611,9.0447,2.74,3.6167,6.558,4.2115,8.1733,15.3758,7.4413,5.3316,10.1467,7.692,10.7644,5.9829,9.0657,5.4586,5.8088,7.3564,6.3547,7.3596,7.7382,12.3694,4.6254,3.8293,8.4572,3.3323,8.7534,9.7807,10.5794,7.4994,7.0814,10.7571,10.3281,9.8484,8.3464,12.662,9.3262,14.83,11.0342,10.5044,8.0988,8.15,15.0613,16.329,7.2254,5.3003,9.1907,4.3984,5.4218,5.9006,10.5128,4.5586,5.0924,10.1692,15.5667,9.5442,17.0213,13.0842,9.4197,7.1516,8.8242,5.4346,13.4031,13.9174,15.9755,14.3472,10.1463,8.7678,7.4666,7.3835,12.1752,2.7401,11.579,13.1653,15.8651,9.2183,9.9037,10.4692,17.0675,9.2318,12.1776,16.1548,14.9266,13.9247,15.5937,18.8585,8.8663,14.1197,14.1872,10.1009,12.7275,10.3197,9.9184,16.2053,16.1839,10.3292,12.8703,9.9238,14.7214,10.9908,10.1755,11.4485,7.2164,11.1798,10.3875,15.5014,4.93,11.9152,14.7778,16.2722,12.4727,14.2613,16.2225,18.1637,20.1106,23.0633,21.8012,11.1012,12.4227,15.5827,12.7796,14.4527,14.4873,12.9728,13.1271,11.8948,11.0787,14.3338,18.5767,20.6336,18.3224,25.3475,18.5725,16.8783,11.1328,15.8411,14.2969,13.2515,11.0405,10.9051,12.6635,13.4682,12.7579,6.9871,9.4359,7.3116,8.2202,7.6617,9.7278,13.2499,12.0316,11.3881,7.3576,7.8817,8.0493,9.7075,9.5953,14.3461,12.0421,9.8308,8.4435,8.9796,12.0585,9.5241,9.384,7.8644,8.0,9.3577,9.9669,8.8739,12.6852,15.1702,9.8506,11.9116,8.6731,12.5956,3.0014,7.9178,8.0781,7.8138,9.5776,9.3747,10.0509,10.2748,16.8326,9.99,6.3437,11.4858,11.621,13.3898,10.8984,14.5431,11.8335,14.1254,9.892,17.602,13.6511,8.2138,9.0923,7.4355,8.9171,10.8457,9.3017,12.8831,12.1837,9.99,9.8261,9.99,9.99,12.3806,10.2675,8.8627,6.5467,9.0443,10.9473,10.1121,5.516,5.206,10.0572,12.379,9.1142,8.6649,10.9619,8.1677,5.048,6.4002,6.3401,10.1495,3.0006,2.7002,2.8252,3.8002,2.7001,4.7504,9.4224,7.9021,6.6667,6.7826,7.143,3.0005,4.352,5.1206,2.7,5.5663,7.4571,3.0005,3.0005,4.7875,2.7002,15.837,3.7072,2.7,3.0009,3.1274,2.7,3.0,5.6467,3.6886,4.1499,3.9241,4.8621,3.2236,4.1529,2.0,3.569,3.0,3.0001,4.2229,2.0001,2.5518,2.0001,2.464,2.0001,2.0001,2.1238,2.0,2.3649,2.0,2.0,2.8976,2.0008,4.4382,2.0001,2.0001,2.6641,2.0,2.0,2.0,3.2026,2.0,4.2378,4.0294,6.8061,3.0206,3.0206,3.0206,3.0206
94,7.866,6.2383,5.7189,2.7407,2.71,2.0041,10.0022,3.8269,4.4341,8.0,8.0306,4.5891,3.5134,8.5376,2.9357,5.7041,3.5028,5.3156,3.0017,2.71,2.7144,3.8396,3.9953,2.7101,2.0675,2.7408,2.7101,4.0,4.0922,6.8733,4.6201,3.9081,4.0022,3.5,5.5479,6.274,2.6999,3.0019,4.5953,3.1093,2.9262,2.3234,6.5268,3.0024,3.5037,3.5627,2.7456,6.7134,7.3161,7.7882,3.4272,3.2668,2.7399,3.5749,2.73,3.2769,2.9914,2.7099,2.0001,2.7399,4.8785,6.1664,3.3098,4.3624,8.0626,5.8752,2.7428,2.74,10.3698,8.4732,2.74,6.0592,6.2514,4.4065,8.008,11.7322,8.7012,4.1617,5.9675,6.3245,11.0301,8.313,8.6864,5.0006,5.2529,9.676,5.6025,6.0916,9.5801,9.7404,3.629,7.251,9.3475,4.0,8.4972,9.3066,11.5054,8.5178,7.2588,10.0285,7.3754,8.5551,8.2767,12.0528,8.3257,10.713,9.1867,9.4891,10.2287,7.934,13.3977,15.3192,8.9234,5.0431,7.7911,4.5747,6.1468,6.1859,10.6769,4.316,6.0484,10.1888,14.7579,11.0915,14.7465,12.9865,10.9147,5.1706,8.6133,5.5301,13.4635,12.2059,12.2939,16.5848,8.4404,7.9825,9.9331,8.5641,12.4441,3.595,12.94,12.3652,13.52,7.6491,11.1983,11.2561,14.2292,6.8166,9.6235,11.6772,13.3473,14.3354,11.927,11.7251,7.579,7.4628,9.7553,6.8258,10.6727,8.2972,8.2033,12.8687,12.7245,7.7274,9.1718,11.1369,11.8054,6.5451,7.7887,8.2916,8.2336,11.5761,10.2349,12.4447,4.1089,11.0702,12.2456,10.9811,12.5515,13.5427,11.6531,13.1916,13.9568,16.3881,11.9136,9.3779,8.4011,11.2335,9.4729,10.3756,13.0319,10.6038,11.9898,10.3207,8.4174,12.4014,13.8093,11.4722,12.5939,19.9484,16.8035,12.4213,8.2523,13.2017,9.3316,9.6154,9.8503,8.4171,12.1201,11.4743,9.9414,6.1966,7.1622,6.5647,6.7794,6.7439,7.578,7.4978,6.7377,7.5907,7.5944,8.5089,7.471,7.1547,9.6019,8.2434,7.5964,8.0,6.5474,6.0424,8.0,8.5332,6.4808,8.2175,7.3976,9.3856,9.4867,7.896,9.8406,11.3955,10.013,12.6195,13.5859,9.6234,3.5424,7.4148,7.6355,6.0547,8.2048,9.9123,8.1563,9.2943,12.2292,7.3816,4.9565,10.9015,10.2665,9.5169,6.7733,6.2548,7.3644,7.2273,7.2244,10.5855,9.8925,7.9683,8.142,7.485,8.6139,10.0929,9.6768,12.2104,10.0789,9.5622,8.5376,9.1415,9.7101,12.4813,5.4753,8.7889,6.7514,9.1195,9.034,8.0553,7.9457,4.71,9.2797,11.0581,9.305,11.6412,11.1668,8.6545,8.8368,6.5883,4.6902,8.2,4.5853,3.6727,3.9506,5.2906,3.5454,3.8571,9.4672,6.3952,5.0725,8.4936,9.1411,3.5654,7.4745,5.8144,3.0004,7.5562,7.7311,3.8524,5.1817,9.7536,4.0001,20.9886,2.7001,2.7,3.5806,3.0006,3.0,3.2004,7.2336,6.3953,5.4372,4.1954,4.7001,4.6681,6.9444,6.1507,5.6765,3.0,4.0003,10.1027,4.7552,7.0222,3.513,4.3331,4.4451,4.1256,5.5841,5.3354,5.0,3.0001,2.0001,5.1453,4.3186,5.9794,2.0589,3.5,5.0047,2.001,2.7011,2.0,4.2938,2.0007,6.5873,7.1937,9.8952,7.131,7.131,7.131,7.131
95,15.6359,16.1272,14.032,7.2728,8.2307,4.6239,15.172,8.8455,11.3524,14.644,12.4211,11.0486,16.9728,13.4544,8.8106,13.2424,8.0003,15.1702,15.5852,2.7301,3.4138,10.2992,11.2122,7.9975,4.0455,11.5943,5.5211,5.4604,9.811,9.6602,7.8576,9.6149,8.24,3.406,6.5637,9.5073,3.0619,3.5042,5.3295,8.3281,5.227,2.7298,7.5067,3.0019,3.5036,3.8175,2.7401,9.12,6.1549,8.0,2.8119,3.6431,2.7407,4.8798,2.74,3.5001,4.809,4.8295,2.0001,2.7401,3.9999,7.5314,6.0751,6.601,7.3277,9.2328,4.4672,2.7401,12.6754,10.7999,4.6494,5.0218,6.6994,6.5321,7.2999,10.0417,6.7653,3.6,3.9847,6.0589,11.7568,7.0838,6.7436,3.0016,4.3984,11.8151,5.5814,4.7447,10.2628,12.1606,2.8162,8.0702,11.6534,3.5297,8.1819,9.7237,12.1563,6.92,6.1432,9.0328,6.0528,7.5871,8.0258,11.016,9.3873,9.0826,9.2914,6.5275,9.5268,6.0105,12.697,12.8588,9.6192,3.9073,5.5808,4.0,6.4834,9.7917,9.4337,3.6319,7.6967,10.6486,13.2041,9.4263,11.5455,11.0323,9.2278,5.2136,8.7675,4.646,10.3325,10.2017,9.7981,12.3924,6.7027,6.3998,8.8385,8.3722,10.0664,4.1061,9.2215,10.3811,9.5735,2.8981,8.444,7.4991,12.0973,6.1814,8.2611,8.8703,10.8611,11.333,8.7067,10.4531,6.827,8.3165,7.4866,7.314,8.7297,7.1297,8.6894,10.1342,11.6284,5.7566,5.6822,7.9623,10.3774,6.7597,6.9569,7.6533,7.3401,10.8674,10.4607,11.7325,3.6053,8.118,10.4905,9.0016,9.1504,9.3239,10.4154,10.7799,10.6776,10.7722,10.9306,6.8876,6.6902,8.0842,7.5588,9.1724,12.0291,7.0066,7.6226,9.3243,7.7325,9.2402,10.7664,8.8911,10.984,15.3725,12.7989,8.1446,7.4459,12.1999,5.8177,7.9023,6.7738,6.7678,10.3457,12.0394,8.8722,5.4256,6.4779,5.1085,5.8429,5.1593,7.2261,7.1665,5.4261,6.1936,6.4453,7.967,7.5333,6.0427,7.3459,6.7253,6.0907,6.8331,6.3478,4.0,7.1848,6.83,5.7104,7.0396,7.464,7.5294,8.7838,7.4494,7.8127,9.0554,8.7295,11.2574,9.0395,8.0001,2.7007,7.6565,6.9698,3.7588,6.6447,8.0246,8.4182,8.7734,8.918,5.862,5.0004,7.6678,8.2796,7.6684,4.7074,5.6633,3.9595,6.8525,6.8771,9.5267,8.472,8.0919,7.2226,7.3818,7.1952,5.1971,7.1325,10.1879,9.6589,9.6723,7.3653,8.9879,9.7101,8.9308,6.4692,10.0798,7.2721,8.2101,8.3453,4.4663,9.2012,5.4976,8.2403,14.5254,9.1726,7.308,11.0242,11.4687,7.6611,14.7924,8.3782,10.2858,15.4193,9.4946,7.673,14.6178,8.4883,10.2726,9.5067,7.4244,6.4035,9.4284,10.425,8.9001,10.3559,10.0788,8.1224,12.4375,16.3404,10.9389,9.9653,18.6039,8.7829,21.3834,14.5146,8.1182,9.6662,10.7985,11.9871,5.7613,7.0096,9.743,12.5597,8.2,8.5705,11.6349,8.0,11.6675,9.9074,10.5229,7.4687,16.4027,8.1247,11.2794,4.8054,9.0,8.837,11.4049,10.2366,14.0984,11.5454,5.0855,5.3272,14.498,9.1829,10.4323,4.6201,5.3768,9.0912,7.8789,10.5978,6.4839,9.8818,7.3553,11.8539,12.2603,14.8832,16.5543,16.5543,16.5543,16.5543
96,10.63,8.9269,11.5677,5.9697,7.4278,5.6612,8.8289,6.3823,8.2519,11.9337,12.0573,10.6127,11.9217,12.9776,6.6865,11.7162,6.2677,10.814,13.1161,2.9395,4.8369,12.7284,13.4351,8.211,7.204,11.3917,7.6043,7.7598,11.2904,12.8597,8.5818,11.7918,12.995,8.959,13.0376,13.6413,5.9624,3.5036,3.5001,11.8471,11.2856,6.8117,11.1323,3.9929,7.1729,7.1337,4.0,13.4129,9.0099,10.1203,5.0924,7.0139,5.1851,11.124,6.5037,6.2969,12.0815,8.8049,2.7401,4.2014,10.1685,10.8421,11.1337,11.0471,10.3612,10.385,9.8931,5.866,15.7822,11.6486,11.7306,9.8231,9.1066,7.8925,11.9383,11.0543,8.4664,5.4295,5.0014,8.1456,14.743,9.7126,8.4503,6.3984,7.4353,13.6895,6.6398,6.5471,11.5348,12.4755,4.8311,13.6875,10.9485,3.9998,9.1141,11.6758,12.7567,9.0553,7.0206,10.1421,9.2602,7.8453,10.1771,10.0004,7.2271,8.4498,8.5945,7.4452,11.9277,8.9945,11.0905,11.5734,12.9402,4.1662,3.9902,5.3215,9.1794,10.6008,9.213,6.1694,14.4403,8.6711,11.1159,7.6921,10.408,9.7678,7.6378,4.6063,8.896,4.0212,6.549,7.2466,6.216,8.7337,5.2375,5.133,10.0052,6.5457,7.8954,7.9991,8.5226,8.0001,9.1822,2.7401,7.4451,5.5373,8.2841,4.7201,5.8129,9.6009,9.3464,7.2995,6.8759,6.4895,5.7566,6.6399,3.5393,5.8955,7.4934,8.1238,6.603,8.2899,7.7117,3.9276,6.1482,8.932,6.0132,5.4565,5.8853,6.2607,5.3819,7.6587,6.8075,8.6064,3.0388,3.5903,7.4498,8.4799,7.7748,7.457,8.8784,8.9401,7.798,8.6873,9.0307,5.5352,6.0557,5.2812,7.4805,10.3299,8.1435,6.8118,8.1788,7.3611,6.0638,7.1315,11.8399,6.4542,8.3094,10.9018,9.4102,8.2136,5.8441,9.3424,5.5309,7.1508,7.0922,6.4069,8.4654,11.5275,8.6033,4.8785,4.4648,5.3957,5.3335,4.6133,5.8585,6.8159,3.9405,4.3415,5.4057,6.1001,6.5413,4.715,6.4504,5.2599,4.3967,4.2699,5.7415,5.4133,5.0711,5.4281,3.6801,4.378,6.9013,7.3877,7.2784,7.3824,6.3411,7.2591,5.5832,8.0291,6.9564,4.7798,4.3503,6.1856,4.3259,3.7973,4.8552,7.9284,6.1928,8.0,7.3328,5.1832,3.4258,6.6935,8.6351,7.6922,4.0001,5.6084,5.4723,4.9174,5.8299,8.71,8.1189,9.7001,8.0465,8.6615,7.981,6.8719,8.1419,9.9811,12.5738,9.7999,7.1523,7.0072,9.7101,8.8696,8.2101,13.2962,8.1442,9.0401,8.2394,4.0,10.7521,9.6652,10.1902,13.2505,10.816,11.835,10.8171,10.7426,9.1641,15.7044,7.8393,9.5204,12.0182,8.4504,5.7895,9.1153,5.3518,6.5949,7.5895,5.7172,3.0,8.5317,8.2524,8.1388,7.5777,8.3041,7.9604,10.5175,13.0574,4.2919,5.9731,11.8386,6.0515,16.7034,12.7399,3.6467,6.9226,8.0265,7.2482,3.4547,6.1878,8.2829,7.5528,7.5002,7.8432,10.6294,7.7408,8.3367,6.8731,8.0,3.4908,11.4769,8.0797,10.2103,5.8558,7.2657,5.967,4.2577,6.1322,7.2507,7.7887,4.1644,4.0001,6.6986,3.3961,7.2808,2.4187,3.7348,7.6747,4.7689,10.2637,4.2293,8.3326,2.3093,9.8591,10.1216,11.921,11.921,11.921,11.921,11.921
97,8.0001,9.6036,8.0303,2.8148,3.8976,4.5651,3.5,3.9738,3.2786,8.8646,10.2696,9.2376,11.6043,10.6337,3.3178,8.3299,4.4257,5.7981,10.4915,2.71,3.0018,9.372,10.8838,6.0377,2.7406,10.1142,3.4433,4.0005,5.7866,10.2601,3.7256,3.0031,4.99,3.9947,5.9851,9.591,4.0,3.4998,2.7102,9.0807,7.9402,2.9962,9.854,2.7302,3.8053,3.5043,4.0001,12.4765,5.4107,6.0942,3.8982,5.7497,2.8998,8.46,4.6123,5.0137,10.0228,8.8872,2.7448,6.0434,15.513,11.4493,10.3802,9.9257,6.8043,10.1889,10.364,4.5585,11.0718,6.8079,6.5605,7.5019,6.2158,5.4335,9.3384,6.9283,6.7226,5.7313,8.0896,8.5872,14.3314,8.3581,7.6373,8.095,7.4515,15.7798,7.6605,6.9019,13.701,17.1647,5.9232,20.1809,13.2445,6.8607,11.1248,13.7286,18.6629,11.7404,13.6672,11.7917,8.3896,12.6985,14.3422,13.178,7.87,10.4503,13.14,7.1751,23.8835,12.5063,15.4247,15.1613,25.5449,11.5112,7.4245,8.4501,16.4451,27.4573,12.6529,15.4676,25.0689,9.4492,10.7898,8.2301,9.7623,10.8276,10.236,7.5557,9.2147,3.5004,8.7596,6.8819,8.0978,9.7186,6.1039,6.7165,13.3539,4.3214,10.6499,16.1566,8.0001,7.3931,8.2065,2.7405,6.857,5.5917,7.4289,3.0448,4.1456,9.0983,8.045,6.6794,8.8217,7.0939,5.2368,3.3879,3.3978,2.9245,4.1209,4.9043,4.9399,4.5533,4.416,6.2311,5.463,7.4505,5.8005,2.8015,3.5762,7.6762,4.9643,6.5429,4.9677,6.3992,2.7001,3.4129,4.572,5.39,6.9649,5.6843,5.6821,6.9326,6.7784,6.1085,4.968,5.5388,4.4402,3.8388,6.244,7.1611,6.2913,6.2384,4.986,6.574,4.8181,4.2244,6.0792,5.2628,6.6962,7.7238,6.936,7.3612,2.7478,5.6342,6.1267,5.3907,3.0107,4.7059,8.2321,8.9716,4.7522,5.1105,2.7109,4.8008,5.1967,4.9925,5.5309,6.3853,5.0965,7.1296,4.7347,5.9146,6.6276,3.6032,8.2778,5.6812,5.7867,2.7002,5.9222,5.8946,6.7353,3.342,3.0013,2.7002,6.5262,7.8188,6.841,6.2067,5.2818,6.0544,4.2392,7.6795,5.5207,8.2512,5.9901,4.7201,2.7001,2.8612,4.5389,4.2534,5.8207,8.749,5.9045,5.3584,3.0763,6.1181,7.6956,6.2267,3.4743,5.7711,3.5023,4.7275,6.8237,7.0179,8.814,8.263,7.6115,7.487,5.1207,4.0,5.2739,7.0008,8.7506,8.22,5.7763,4.0001,8.1332,3.6939,5.6606,9.0436,4.4052,4.4407,4.8011,2.9915,6.9444,5.44,7.1539,9.203,7.7341,10.6653,9.9105,8.13,7.9641,12.1034,3.345,5.1111,9.9044,6.6782,2.8321,6.6472,4.0001,3.9102,4.0438,4.4225,3.0009,6.3359,4.6718,7.0003,7.2605,5.2671,6.2343,8.7746,9.7503,3.0005,3.6529,9.0727,4.0,7.5002,11.053,4.2897,6.7529,8.0421,4.3258,2.0365,6.0291,6.751,3.2887,6.6617,5.0006,5.4348,5.8081,4.0894,4.4449,4.0234,3.0002,8.0431,6.3238,7.5377,5.5866,7.7533,3.7999,3.0001,4.71,7.048,5.8659,2.1139,3.0,6.0047,2.0006,6.8136,2.0001,3.5,6.6719,2.769,7.4113,4.1906,7.074,2.7333,9.0,9.9679,14.526,14.526,14.526,14.526,14.526
98,5.939,9.3102,6.3926,2.7101,2.7136,3.5316,2.9888,3.844,2.7,8.5984,8.9733,6.0381,8.7898,7.1688,2.7001,7.3506,3.7819,4.0358,10.4555,2.7101,3.5,10.1332,11.2099,4.3169,2.7405,4.4024,3.5032,2.7304,2.7402,9.7165,3.1163,3.4999,3.3891,2.73,3.5025,8.4094,3.4009,3.3751,2.71,9.4807,7.4567,2.73,3.5001,2.7302,3.0017,2.7401,3.0028,10.9596,4.1935,3.0027,2.762,3.581,2.6973,5.0564,3.9658,4.8935,9.0843,6.1927,2.7401,6.6205,11.7133,10.4494,7.3889,5.1686,4.8728,7.4638,7.7237,3.0009,7.5552,5.2336,2.7401,4.7318,3.0011,2.7401,4.745,2.7408,3.5,3.5031,3.7699,8.2417,8.0018,3.2254,2.7401,2.74,4.0,8.7252,3.7342,4.5258,9.033,12.0001,3.6908,13.7111,9.5993,2.7001,5.2607,8.2413,9.5055,3.7041,6.2201,7.6618,7.6428,7.0931,8.1314,4.9976,5.941,6.9764,8.5929,5.4608,13.3988,4.4935,6.6499,12.4306,14.6103,4.1074,2.3259,6.7224,9.2769,10.2698,7.8712,7.7641,13.7866,7.4658,4.0556,5.5184,4.3817,6.9663,5.5507,4.02,6.7345,4.5982,4.0001,3.0849,3.5021,6.6884,5.4283,5.3362,10.6913,2.7407,8.3345,10.957,6.0094,4.7321,5.9677,2.7401,5.276,5.6389,4.7766,2.7099,2.7301,8.0893,7.7007,6.5669,6.0716,6.2723,4.0661,2.7102,2.7,5.5453,3.5,2.9442,6.5243,4.1261,4.5348,4.2272,2.005,6.0162,6.5892,3.2135,3.1506,5.2358,4.1747,5.1862,3.4316,4.7136,2.7001,3.0021,4.3088,5.0009,3.467,3.8233,3.5001,4.889,5.9816,5.9082,2.0001,2.3365,2.0001,1.5029,2.7113,6.1233,2.8289,4.1464,4.9782,5.9061,2.1006,2.7402,2.1639,2.0001,5.5286,4.2528,6.0566,6.425,2.0002,4.4275,4.2111,3.3482,3.1251,3.7721,7.7062,7.2686,5.1996,4.6906,2.0002,4.0948,4.4755,4.5363,3.001,4.6183,4.2419,5.8041,4.8284,5.4929,3.1165,2.0002,6.0202,3.3851,3.9689,2.0002,2.7112,4.6902,5.5945,2.004,2.0002,2.7001,4.8549,4.4793,4.565,3.4083,2.89,3.5025,3.5025,4.1478,2.7001,2.956,2.7003,3.2049,2.7,2.7001,2.71,2.7301,3.9755,4.6323,2.7002,2.7001,2.7001,3.0013,3.9738,2.7002,2.7001,3.5001,2.5001,4.6772,2.8755,3.5435,7.4035,5.8078,5.3582,3.9821,2.7002,3.001,4.0,4.0,7.227,6.3556,3.2344,4.0,4.0001,3.0872,3.0006,8.2761,2.7001,3.3329,3.5001,2.7001,6.7411,2.8211,5.1311,7.9646,6.722,4.0,4.977,4.0792,3.0009,5.6927,2.7001,2.7001,8.58,3.6914,2.7,7.4353,2.7001,3.0005,3.0004,4.0645,2.7002,3.5781,2.7002,6.5563,6.7033,3.1,4.0001,8.3621,7.528,3.0005,5.2379,7.4164,4.0002,9.3733,11.5479,2.7001,5.6027,9.2148,2.7001,3.0011,4.784,6.3183,3.1826,6.3669,5.6138,4.7,6.1905,3.0001,3.0,3.0485,3.0,6.09,7.0155,8.0381,4.906,9.4977,6.2222,3.0,3.5001,5.8682,5.5964,2.0,2.3829,4.7858,2.0,6.0136,2.0,3.259,6.0644,2.0635,6.1026,5.7302,8.9599,2.0008,8.0,5.0,14.2405,14.2405,14.2405,14.2405,14.2405
99,2.7,8.1203,6.2804,2.0001,2.6999,2.7,2.7001,2.7,2.4004,6.4506,5.8038,3.881,5.3358,7.0243,2.7,5.2416,3.5027,3.0879,8.8603,3.1292,2.7146,9.1448,11.629,4.8485,2.7301,2.7401,2.715,2.7,2.74,6.1423,2.6821,2.7398,2.7397,2.9839,3.7994,6.0382,2.7,2.6996,2.7099,7.2042,6.2733,2.6999,2.5989,2.7099,3.0001,2.7401,2.74,7.85,2.9459,2.71,2.74,3.0016,2.2301,3.2773,2.7301,3.8381,6.2949,2.9796,2.3551,6.4211,5.8883,5.2128,5.0017,2.7302,3.2052,4.2754,4.1943,2.74,4.9147,2.2906,2.7099,2.1273,2.7399,2.7401,3.0025,2.74,2.0034,2.74,3.0031,3.0029,10.0163,2.3072,2.0041,2.0001,2.0001,3.2297,2.73,2.7401,6.2963,11.0693,2.74,10.559,2.7297,3.0008,5.5796,11.0344,9.2284,2.7,2.7298,2.74,3.001,3.5001,7.9997,2.7301,2.873,6.7068,5.4125,2.7297,11.1099,2.7097,3.9999,3.7584,9.971,2.7097,1.7038,3.0013,4.0,6.5292,2.7399,3.5446,8.7007,3.222,2.7399,3.0015,2.74,2.7411,2.6998,2.6461,6.6394,2.0054,3.191,2.0048,2.7401,3.0009,2.7399,2.71,6.4434,2.556,6.5742,8.0,2.7099,2.7832,4.8722,2.0001,6.0838,3.724,2.7399,1.71,2.71,4.2188,5.3777,4.0148,3.0012,2.9541,2.8231,1.1159,2.0062,4.0002,2.7101,2.7101,2.9456,2.8632,2.6611,2.7099,2.0,4.0,2.8758,1.25,2.0002,3.2387,2.7403,3.5025,2.0001,2.0001,1.6798,2.7298,2.1033,3.3292,2.0006,1.6069,2.0049,3.0825,2.0048,2.0001,2.0,2.0048,1.3365,1.1082,1.2114,2.0001,2.0001,2.74,3.001,3.0906,1.0496,2.0001,2.0,1.0896,2.2347,2.7402,2.8129,2.5656,2.0002,2.0,3.2589,2.0002,2.3551,2.3274,4.2516,4.8223,1.8165,2.0034,0.6906,2.0001,2.7102,2.0001,0.9624,2.0043,2.0029,2.7681,2.0047,2.3992,2.0032,0.26,2.6742,1.5149,2.4568,0.546,2.0001,2.0001,3.1891,0.8173,1.1422,2.0002,2.7002,2.3936,2.1685,2.0002,2.0041,2.0008,1.6022,3.4589,2.0702,2.0046,2.0,0.7748,1.7027,2.0002,2.0001,2.7,2.0003,2.6154,1.2501,2.0002,2.7,2.0037,2.0002,2.0001,2.0042,2.0973,2.0001,2.7002,2.0034,2.25,4.0851,2.7001,2.7001,2.7001,2.2501,2.7001,2.7001,2.7101,5.8237,3.6049,2.2501,2.7001,3.0007,2.7,2.7101,5.001,2.25,2.5001,2.6801,2.0033,3.278,2.5001,3.5,3.8751,9.445,2.7001,2.7103,2.7002,2.7001,4.0001,2.25,2.5,8.3407,2.7104,2.68,5.7659,2.7002,2.2501,3.0004,2.7108,2.6801,4.8858,2.7002,3.9969,5.0822,2.7008,3.5025,6.795,5.6082,2.7,2.7393,2.7002,4.0001,7.5002,8.4534,2.7,3.6485,7.3255,2.7002,2.0,3.3305,6.3512,3.0,5.0006,4.7,2.8725,3.0001,3.0,2.0,3.0,2.0,3.8048,5.4056,5.3333,2.9777,5.3283,2.4881,2.0,2.7094,3.2034,2.7018,2.0001,2.0001,3.0236,2.0,5.0451,2.0,3.0002,5.5067,2.0003,3.4562,3.3885,7.072,2.0,6.0917,3.5,13.4808,13.4808,13.4808,13.4808,13.4808
100,2.7,8.0978,4.9192,1.7246,2.0002,2.0,2.0051,2.2017,2.0002,3.9379,3.6285,2.7099,3.321,2.7001,1.6999,2.6999,2.7,2.74,6.9636,2.7101,2.7098,4.5004,7.2588,2.7299,1.7324,1.9999,2.0002,2.0001,2.0001,4.1491,2.0002,2.0001,2.0,2.0001,2.7401,5.6058,2.006,2.0003,2.0001,4.1287,2.0042,1.7412,2.0001,2.0001,2.73,2.0002,2.0001,4.5535,2.73,2.326,2.0,2.74,2.0615,2.7301,2.74,2.1332,3.9141,2.1235,2.0001,3.7899,5.3462,2.7404,2.74,2.71,2.7298,2.74,2.74,2.71,2.73,2.0002,2.0002,2.0,2.7399,2.7401,2.7401,2.3493,2.0001,2.0001,2.7401,2.7404,6.8315,2.0006,1.8907,1.7325,1.7424,2.0035,2.7101,2.7301,4.0877,3.2276,2.0002,8.2401,2.0006,3.0001,4.0001,9.9907,5.5203,2.1764,2.7298,2.7298,2.7433,5.3597,4.8282,2.0006,2.7298,3.6353,2.74,2.7297,7.5272,2.7097,2.7399,2.0034,6.646,2.7097,2.0001,2.383,3.0017,3.9477,2.7298,2.7298,6.1641,2.74,2.7701,3.0014,2.7398,2.6067,2.4997,2.2499,3.2178,2.0053,4.0,2.3762,1.7402,2.74,2.0043,2.7298,4.9724,2.0053,2.7399,3.5494,2.0043,2.74,2.1209,2.0001,2.74,2.492,2.0002,1.6999,2.0002,2.6694,3.1087,2.0053,2.0001,2.0001,2.0001,1.25,2.0057,2.7299,2.25,2.7,2.3911,2.0001,2.0001,1.7451,1.25,2.0042,2.0002,0.3494,1.702,1.4836,2.0001,2.0001,0.9503,0.68,1.2499,2.0002,2.0001,3.0013,2.0002,1.6555,1.6997,2.71,2.0001,2.0001,1.5121,2.0001,1.2527,0.4779,1.6412,1.7522,2.0,2.0,2.0001,2.0001,2.0,1.0048,1.6998,2.0001,2.0001,2.0001,2.0034,2.0001,2.0002,2.0002,2.0002,1.0644,2.0,2.0,2.759,2.0007,0.345,0.8114,0.0502,0.727,2.0046,2.0001,0.056,0.965,0.5779,1.3383,1.7199,2.0001,1.3628,1.0734,2.0031,0.2615,2.0,0.1618,1.7533,0.1608,1.75,0.056,0.25,1.2237,2.0002,1.1281,1.0032,0.6165,0.6,0.4959,0.6,1.9362,1.2501,1.0037,1.05,0.2509,1.6801,2.0,2.0,2.0001,0.6,2.0001,0.9649,2.0002,2.0001,2.0001,1.2547,1.2501,2.0002,2.0001,2.0,2.0001,2.0001,2.0,2.0038,2.2501,2.5112,2.0043,2.0043,2.7001,2.7001,2.7001,2.7158,2.0184,2.0001,2.0046,2.7001,2.003,2.0002,3.1872,2.25,2.25,2.6801,2.0026,3.0007,2.2501,2.7401,2.7402,6.0959,2.7101,2.7001,2.7001,2.7001,2.7001,2.25,2.25,4.4396,2.7101,2.5,3.0154,2.7001,2.2501,3.0004,2.7001,2.7001,3.764,2.0055,2.7002,2.7002,2.3252,2.6801,5.9878,2.9233,2.3923,2.7002,2.3109,2.7001,3.6317,5.7141,2.7,2.7,4.8296,2.1485,2.0,2.0162,3.3197,2.0001,3.0,2.6581,2.0,2.0,2.0009,2.0,3.0,2.0,2.0011,2.5006,3.0003,2.0001,3.0236,2.0,2.0001,2.0001,2.0,2.6823,2.0,2.0,2.0004,2.0,2.8362,2.0001,2.0001,5.0962,2.0,2.0,2.6884,5.4028,1.7004,6.0854,2.7186,11.2382,11.2382,11.2382,11.2382,11.2382
101,2.0002,5.4347,4.5701,1.0594,2.0001,1.703,2.0001,2.0002,2.0001,2.7,2.1071,2.003,2.6522,2.0044,1.3999,2.5758,2.6999,2.74,5.8822,2.0172,2.0002,2.7301,2.7435,2.0002,1.7301,2.0002,2.0001,1.9649,1.7402,2.4335,1.44,2.0,2.0001,2.0,2.0,2.7441,2.0001,2.0,2.0,2.7401,2.0001,1.7322,2.0002,2.0002,2.7299,2.0,2.0003,2.0206,2.0044,2.0003,2.0001,2.7401,2.0002,2.1226,2.0045,2.0002,2.7401,1.7925,2.0001,2.7401,4.0,2.74,2.74,2.0001,2.2311,2.7301,2.7428,2.71,2.7401,2.7401,2.418,2.7139,2.8251,3.0027,2.7441,2.0003,2.0028,2.0001,3.0023,3.0017,4.1373,2.73,2.0001,2.0001,2.0001,1.993,2.7302,2.74,4.3622,3.0015,2.7399,2.5255,2.7298,9.9908,3.2442,8.1293,2.7299,2.7099,2.6999,2.7298,9.0712,4.0001,2.5926,2.0002,2.7097,2.25,2.9353,2.7099,2.7409,2.7296,2.7399,2.0001,2.7408,2.7099,2.0015,2.744,2.9299,2.6999,2.7297,2.7399,4.4046,2.7403,3.0015,2.7443,2.0039,2.4999,2.0498,2.7097,2.74,3.0016,2.74,2.0047,2.74,2.74,2.7401,3.0016,2.7399,2.7399,2.0048,2.7399,2.0045,2.0,2.0,2.0042,2.7399,2.3484,2.0002,2.0002,2.0001,1.67,2.0001,1.3517,1.3306,2.0002,2.0001,2.0,2.0044,2.0001,2.4998,2.452,2.0007,1.5001,1.0915,1.0046,1.0355,1.767,0.5003,0.8803,0.553,2.0001,2.0002,1.1591,1.5224,1.6999,1.484,1.6404,2.0001,2.74,1.4999,1.0873,1.5028,1.49,1.3301,0.2506,1.0019,1.6594,0.0559,0.2501,2.0,1.1621,0.2509,2.0,2.0,1.8671,1.0024,0.4999,2.0001,1.5738,0.251,2.0001,2.0001,1.7026,0.88,1.2558,0.9555,1.8052,1.7306,1.5983,1.3001,2.0002,0.1017,0.7614,1.6801,1.5678,2.1006,1.924,0.2512,0.7326,0.4,2.0001,1.8273,0.6981,0.2801,0.5242,1.4479,0.07,2.0002,2.0001,2.0002,0.2514,0.54,0.51,1.0036,2.0001,1.1278,0.6,0.26,0.26,0.6,1.2292,1.7031,1.03,1.2501,1.0037,1.4913,2.0001,2.0002,2.0038,2.0,2.0002,0.8859,2.0001,2.0,0.88,2.0002,2.0002,2.0,2.0002,2.0,2.0,2.0001,3.5731,2.0,2.003,2.0002,2.1932,2.3779,2.345,2.7001,2.7,3.6175,2.7001,3.1539,2.004,2.25,2.7001,3.0005,2.0042,2.0027,2.5001,2.7001,2.7001,2.7001,2.0002,2.7101,3.0005,2.7101,3.0,2.7002,2.7001,3.0006,2.7001,2.7001,4.3978,2.7,2.7,6.4808,2.7001,2.7301,2.68,2.7002,2.7765,4.5596,3.0007,3.5003,3.0009,2.0015,2.7002,2.0003,2.0011,2.7001,4.2563,2.7002,2.0002,2.7002,2.25,2.7001,3.0006,3.0011,2.7,2.7,3.0009,2.008,2.0,2.0,3.0,2.0,3.0001,2.0043,2.0,0.7,2.0001,2.0,3.0,2.0001,2.0001,2.0001,2.0511,2.0,2.0004,2.0,2.0001,2.0,2.0,2.0,2.0,2.0001,2.0,2.0,2.0,2.0,2.0,2.001,2.0,2.0,2.0001,3.5,1.33,3.2297,2.0001,8.0134,8.0134,8.0134,8.0134,8.0134
102,2.0001,4.7611,3.5001,2.0002,2.0052,2.0001,2.0,2.0,2.6999,2.3698,4.8268,2.2825,2.4843,2.0001,2.0,2.3821,2.74,2.7399,7.3599,2.5598,2.1141,4.3935,2.7298,2.0002,2.0306,2.0001,2.0,2.443,2.0001,2.6194,2.0,2.0001,2.0059,2.0001,2.02,6.2034,2.0002,2.7399,2.0048,2.0,2.0002,1.71,1.843,2.74,2.74,2.0045,2.0001,2.0,2.0002,2.0001,2.0001,2.9733,2.7101,2.2321,2.0047,2.0002,2.0,2.0936,2.7401,2.7404,4.0001,2.7401,2.6967,2.0002,2.7301,4.3976,7.4476,2.71,2.7,2.74,2.5496,2.0035,3.0329,3.0027,2.7441,2.0,2.0001,2.0001,3.0021,3.0017,4.6132,2.74,2.0001,2.0041,2.0,2.0001,2.7301,2.74,3.1766,3.0,2.7299,2.7165,2.7099,8.7558,4.992,9.7291,2.3796,2.6999,2.71,2.7297,6.7325,5.9874,2.6997,2.0001,2.6998,2.0028,2.7099,2.7297,2.7409,2.7297,2.7399,2.0012,2.6998,2.6998,2.7397,3.0009,2.8195,2.0033,2.7298,2.7399,2.7728,2.7399,4.0,3.0,2.7399,2.2939,2.0003,2.7098,2.7398,3.0,2.7398,2.74,2.7399,2.74,2.7401,3.0,2.74,2.2434,2.3285,2.74,2.0043,2.0001,2.0045,2.005,2.0001,2.0055,2.0002,2.0002,2.0001,0.9022,1.2304,1.257,1.6798,2.0001,2.0001,2.0001,2.0001,2.0001,2.0001,2.0001,2.0,0.2508,0.5,0.3648,1.2299,1.0958,0.2595,0.8442,0.25,1.6095,2.0001,0.6698,1.5313,0.951,1.6999,2.0002,2.0,2.0001,1.6829,0.6,1.25,1.0023,1.4301,0.2764,0.6599,1.0308,0.0498,0.25,1.0037,0.7732,0.056,1.2673,1.7217,1.0124,1.0,0.4,0.9853,1.25,0.9503,2.0001,2.0001,1.2501,0.2962,0.2504,0.4,0.8972,1.2531,0.8624,0.6,1.446,0.146,0.5437,1.6801,2.0001,2.0001,1.4827,0.0702,0.4,0.056,2.0,1.6226,0.5913,0.2512,0.26,0.5173,0.1395,1.9787,1.201,2.0001,0.2856,0.6,0.69,1.7001,2.0001,2.0,0.375,0.2501,0.26,0.6,0.67,1.5644,0.85,0.88,1.2501,1.7037,1.703,2.0001,2.0002,2.0,2.0,0.51,1.7284,1.5266,2.0002,2.0002,2.0,2.0001,2.0002,2.0,2.0001,2.0,2.2805,2.0001,2.0,2.0001,2.0003,2.0194,2.3741,2.7001,2.7,3.0005,2.7001,2.5348,2.0035,2.0001,2.0031,2.7001,2.0028,2.0001,2.0034,2.7001,2.7,2.7001,2.0001,2.7001,3.0005,2.7101,2.7105,2.7001,2.7001,3.0109,2.7001,2.7001,3.4913,2.68,2.7,5.3795,2.68,2.7301,2.5,2.7002,3.0,3.2089,2.7506,3.9897,3.9108,2.9479,3.8424,2.0001,2.0008,3.5,3.0005,2.0001,2.7,2.7002,2.5,3.0,3.0001,5.8275,2.7,2.7,6.2155,2.0,2.0,2.0,3.0001,3.0001,3.0001,2.0,2.0,2.0,2.0001,3.0,4.0002,2.0001,2.0,2.0,2.0,2.0,2.0,2.0,2.0001,2.0,2.0001,2.0,2.0003,2.0002,2.0,2.0,2.0,2.0,2.0001,2.0001,1.74,1.7002,2.8797,3.2227,1.1052,6.6099,2.0001,4.0362,4.0362,4.0362,4.0362,4.0362
103,2.0001,4.6905,2.9685,2.0001,2.7133,2.0001,2.0,1.7,2.5004,2.2213,4.0262,2.7,2.6998,2.0002,1.7,2.6999,2.7403,2.74,4.6982,2.73,2.5726,3.6951,2.7298,2.0002,2.4711,2.0001,2.0002,2.0061,1.7423,2.4635,2.0001,2.4506,2.0065,2.0001,2.0047,5.1216,2.3812,2.7296,2.0001,2.0001,2.0,2.0001,2.0002,2.73,2.7401,2.0001,2.0001,2.0,2.0,2.0002,2.0001,2.9919,2.7099,2.0043,2.0001,2.6751,1.8061,2.1838,2.7401,4.0,4.0001,2.0001,2.2355,2.0001,2.0039,3.5407,7.8283,2.71,2.71,2.8201,2.0044,2.7398,3.002,2.7405,2.7402,2.0001,2.0033,2.0001,3.0024,3.0017,3.9998,2.7399,2.0001,2.0002,2.0001,2.0001,2.73,2.74,3.0001,2.7401,2.7299,2.7298,2.7096,8.2403,3.0012,8.0002,2.5348,2.4711,2.7099,2.7298,3.9998,5.9796,2.6965,2.0002,2.0025,2.0001,2.6998,2.7297,2.7098,2.7297,2.7399,2.0013,2.1421,2.7298,2.74,3.0009,2.74,2.25,2.7399,2.7398,2.902,2.7399,3.4996,3.0014,2.74,2.2499,2.0001,2.7098,2.863,3.0015,2.7399,2.74,2.74,2.7399,2.7399,2.74,2.74,2.74,2.0042,2.74,2.0041,2.0001,2.0001,2.0039,2.0001,2.0575,2.0001,2.0002,2.0046,0.7076,1.1366,1.7098,1.1744,2.0001,2.0002,2.0,2.0,2.0,2.0001,2.0001,2.0001,0.0606,0.9683,0.4701,1.25,1.7025,0.2596,0.25,0.2501,1.6799,2.0002,1.1301,1.5597,1.6999,1.6999,2.0001,2.0,2.0001,2.0002,1.2499,1.5028,1.782,1.4162,0.2507,0.4998,1.4257,0.0558,0.0559,1.184,1.0499,0.056,0.8497,2.0,1.5738,0.5656,0.3532,0.9909,0.6,1.2532,2.0,1.3007,1.2501,0.062,0.2,0.3942,0.7023,1.5528,0.6,0.5469,0.6,0.0501,0.2514,1.7001,2.0001,2.0001,1.1824,0.056,0.4,0.056,1.4327,1.3721,0.5342,0.2501,0.5006,0.2501,0.056,1.3828,2.0001,0.8673,0.402,0.6,0.69,1.7001,2.0001,2.0001,0.1019,0.2011,0.26,0.6,0.3241,1.1502,0.26,1.0036,1.0036,1.5058,1.703,1.5001,2.0002,2.0002,2.0001,0.3451,1.8793,1.2501,1.5027,2.0,2.0,2.0001,1.6827,2.0001,2.0001,2.0,2.0028,2.0001,2.0001,2.0002,2.0003,2.0049,2.183,2.7001,2.7,3.0005,2.7001,2.4095,2.0041,2.0001,2.0525,2.7001,2.0028,2.0001,2.0027,2.7001,2.7,2.7001,2.0002,2.7001,2.7401,2.7101,2.8298,2.7101,2.7001,3.5002,2.7,2.7,2.9353,2.68,2.7,5.3473,2.68,2.73,2.68,2.7002,3.0,3.0372,2.8056,3.0008,3.1544,2.7003,2.7101,2.0001,2.0008,2.71,3.0005,2.0003,2.7,2.7002,2.2501,3.0001,3.0006,4.44,2.7,3.0,4.9819,2.0,2.0,2.0,3.0001,3.0,3.0006,2.0,2.0,2.0,2.0001,2.9296,10.9775,2.0001,2.0001,2.0,2.0,2.0001,2.0,2.0,2.0001,2.0,2.0,2.0,2.0001,2.0001,2.0,2.0,2.0,2.0,2.0001,2.0,1.91,1.7004,2.7528,3.0,0.7739,4.2231,2.0,3.0,3.0,3.0,3.0,3.0
104,1.8064,5.0099,2.7101,2.0002,2.713,2.0002,1.7017,1.7,2.6437,2.0432,3.2858,2.6999,2.1071,2.0002,2.0001,2.6999,2.74,2.7401,5.7871,2.73,2.7301,3.2071,2.7101,2.0002,2.0004,2.0001,2.0001,2.0001,1.7424,2.004,2.0001,2.5742,2.0059,2.0,2.0068,5.472,2.0052,2.7297,2.0001,2.0,2.0002,2.0001,2.0,2.73,3.079,2.73,2.0001,2.0,2.0002,2.0002,2.0001,3.4344,2.7,2.436,2.0003,2.7298,2.0001,2.0003,2.7401,4.0,8.0002,2.0038,2.7301,2.0001,2.7399,2.74,7.3957,2.71,2.7,3.5961,2.0045,2.7398,2.7433,2.743,2.7442,2.0033,2.0034,2.0001,3.0022,3.0021,3.0018,2.7401,2.0001,2.0002,2.0001,2.0001,2.73,2.7399,3.0001,2.7401,2.7299,2.7299,2.7098,8.2404,3.0024,8.2412,2.7099,2.0128,2.7099,2.7099,3.1757,5.193,2.7007,2.0002,2.6998,2.0001,2.6997,2.7297,2.7107,2.7296,2.7399,2.0014,2.0016,2.7297,2.7401,3.0013,3.3943,2.25,2.7399,2.7399,2.741,2.7297,3.4999,3.0014,2.7399,2.0961,2.0001,2.6998,3.0025,3.0,2.004,2.3411,2.74,2.7399,2.7401,3.0001,2.7399,2.7399,2.0043,2.7401,2.0052,2.0001,2.0001,2.0041,2.0041,2.0004,2.0002,2.0002,2.0065,2.0001,1.1333,1.4954,2.0,2.0001,2.0001,2.0,2.0001,2.0001,2.0001,2.0001,2.0001,0.6808,0.3487,0.6801,1.2499,1.894,0.2596,0.25,0.5102,1.7028,2.0002,1.6798,1.9996,1.6999,1.6999,1.7026,2.0001,1.0496,1.0016,1.2501,1.6829,1.0018,1.5284,0.1249,0.3029,1.0017,0.0558,0.0559,0.8802,1.0509,0.3501,0.6613,1.6366,1.0502,0.5378,0.3502,0.5237,0.3501,0.2503,1.453,1.253,1.2501,0.056,0.2,0.35,1.4658,1.4508,0.6,0.0709,0.0971,0.0502,0.1805,0.77,2.0001,2.0,1.2315,0.095,0.056,0.056,0.7644,1.03,0.2847,0.2501,0.2512,0.26,0.056,0.8866,2.0001,2.0001,0.2509,0.6,0.69,1.7001,2.0001,0.85,0.5654,0.0856,0.6,0.6,0.3055,1.2033,0.26,0.88,1.0036,1.7037,1.703,1.5001,2.0002,2.0001,2.0001,0.26,1.3359,1.2501,1.5027,2.0001,2.0,2.0001,1.7026,2.0001,2.0001,2.0001,2.0029,2.0,2.0001,2.0003,2.0001,2.0037,2.0923,2.7001,2.7,3.0005,2.7001,2.3454,2.0001,2.0001,2.0035,2.7001,2.0028,2.0001,2.0001,2.7001,2.7001,2.6801,2.0002,2.7001,2.71,2.7101,2.7101,2.7,2.7001,4.2095,2.7,2.7001,2.7101,2.68,2.7,4.5474,2.68,2.7301,2.7,2.7002,3.0001,3.3524,2.7002,2.7003,3.5059,2.7002,2.7107,2.0001,2.0035,2.7137,3.0,2.0002,2.7001,2.7002,2.2501,3.0001,3.0006,3.5007,2.7,3.0008,5.3356,2.0,2.0,2.0,3.0001,3.0001,3.0001,2.0,2.0,2.0,2.0002,2.0348,10.97,2.0001,2.0,1.6367,2.0001,2.0001,2.0,2.0,2.0,2.0,2.0,2.0,2.0003,2.0001,2.0,2.0,2.0,2.0,2.0,2.0,1.91,1.379,2.7368,3.1874,0.7,3.5259,2.0,2.5,2.5,2.5,2.5,2.5
105,1.5001,5.1354,2.71,2.0002,2.7132,2.0,1.7017,2.0002,2.7041,2.1024,3.5037,2.6999,2.6999,2.0001,2.0002,2.6998,2.7399,2.7401,3.9432,2.73,2.73,4.2387,2.005,2.0004,2.0064,2.0002,2.0049,1.7423,1.7424,2.4366,2.0,2.9705,2.0054,2.0001,2.0047,5.4005,2.4087,2.7296,2.0001,2.0001,1.9947,2.0,2.0,2.73,3.0023,2.73,2.0001,2.0002,2.0001,2.0002,2.0001,3.515,2.7301,2.4567,2.0001,2.5015,1.8388,2.0,2.7401,4.0264,4.0001,2.0034,2.7301,2.0,2.0043,2.7401,7.195,2.73,2.7101,3.9087,2.7401,2.7401,2.74,2.7401,3.5,2.0031,2.0031,2.0,3.5,2.7401,3.0015,2.74,2.0001,2.0041,2.0001,2.0045,2.7299,2.7399,2.74,2.8902,2.73,2.7401,2.71,8.2299,3.0012,9.9903,2.7299,2.7099,2.7099,2.7298,3.5969,4.0001,2.7008,2.0002,2.6998,2.0026,2.71,2.7297,2.7107,2.7296,2.7399,2.0001,2.0294,2.7997,2.0014,3.4028,3.1176,2.6999,2.7399,2.7399,2.7424,2.7298,3.4999,3.0014,2.7296,2.2323,2.0001,2.7097,2.9928,3.0017,2.74,0.7509,2.74,2.7401,2.7399,2.7401,2.7399,2.74,2.0042,2.74,2.0052,2.0,2.0001,2.0055,2.0055,2.4758,2.0002,2.0002,2.005,1.6999,1.1305,1.7099,2.0001,2.0001,2.0002,2.0,2.0,2.0001,2.0001,2.0001,1.2535,0.3005,0.6094,0.2509,1.25,2.0001,0.2868,0.25,0.6902,2.0001,2.0002,1.0477,2.0002,1.6999,0.2603,2.0002,1.7742,1.3372,2.0001,1.0023,1.5025,2.0,1.0536,0.056,0.2501,1.2523,0.0557,0.2501,0.8802,1.0019,0.4,0.4167,1.4307,1.0001,0.6086,0.4662,0.6294,0.3641,0.269,2.0,1.5324,1.2501,0.056,0.2,0.4117,1.8549,2.0001,1.0074,0.1303,0.322,0.0502,0.25,0.6,2.0001,2.0043,1.8543,0.2447,0.063,0.056,0.6,0.9544,0.6,0.2501,0.26,0.4364,0.056,0.8896,0.251,2.0001,0.3,0.6,0.69,1.7001,0.85,0.85,0.5004,0.26,0.26,0.6,0.4113,1.13,0.26,0.88,1.0036,1.7037,1.703,1.5001,2.0,2.0,2.0,0.4398,1.5818,0.6,1.2501,2.0001,2.0001,2.0001,1.7027,2.0001,2.0001,2.0,2.0031,2.0001,2.0001,2.0001,2.0002,2.4462,2.4452,2.7,2.7,3.0005,2.7001,2.6801,2.0001,2.0001,2.0036,2.0031,2.0032,2.0001,2.0001,2.5,2.7001,2.68,2.0002,2.7002,2.7001,2.7101,2.7102,2.0024,2.003,3.8199,2.7001,2.7001,2.7,2.7,2.7,6.9711,2.7001,2.7301,3.708,2.7001,3.0,4.1043,2.711,2.7101,3.8489,2.7002,2.8437,2.0011,2.0035,2.7,2.7107,2.0001,2.7001,2.7002,2.2501,3.0,2.7101,3.6431,2.68,2.8469,4.0665,2.0,2.0,2.0,3.0007,3.0001,3.0008,2.0,2.0,2.0,2.0003,2.2401,12.2586,2.0001,2.0,1.935,2.0,2.0,2.0,2.0,2.0,2.0,2.0,2.0,2.0,2.0001,2.0,2.0,2.0,2.0,2.0001,2.0,1.05,1.3771,2.9269,4.2286,0.71,2.7007,2.0,2.4752,2.4752,2.4752,2.4752,2.4752
106,1.5001,5.1599,2.8384,1.7025,2.7101,2.0001,1.7018,2.7,3.7649,2.0002,3.0582,2.7001,5.0331,2.0,2.0002,2.6998,2.7401,2.74,4.0491,2.7301,2.7299,6.5783,2.0001,2.0001,2.0002,2.0001,2.1038,1.7422,2.0,2.7403,2.0001,5.0975,2.0053,2.0,2.0001,6.3998,2.7399,2.7399,2.0,2.1106,2.0002,2.0002,2.0002,2.73,3.0599,2.73,2.0001,2.2953,2.0043,2.0002,2.0,3.6173,2.73,2.73,2.0002,2.2171,2.0001,2.624,2.7402,2.7401,2.74,2.3344,2.73,2.5584,2.654,3.3453,8.4845,2.7401,5.4698,8.0398,4.0,3.3181,4.5219,3.0023,4.0001,2.74,2.74,2.74,7.269,4.0,3.5001,2.74,2.7398,2.9714,2.005,6.604,3.6917,4.8958,3.9202,2.74,4.0,9.9118,2.7098,4.54,4.0,8.2411,2.7407,2.7299,2.7404,4.0001,2.9287,7.7186,7.9545,2.4623,2.7097,2.0002,2.7299,2.74,3.2722,3.001,2.7399,2.0002,2.74,3.9492,2.0001,3.0012,2.7299,2.7099,2.7399,3.0024,4.9372,2.7296,4.0,2.7397,3.6205,2.6797,2.25,2.7098,3.9995,3.0016,2.7401,1.7401,2.7399,2.74,2.7878,4.0,2.7398,3.0015,2.74,3.1074,2.7299,2.0001,2.0045,2.74,2.0001,2.74,2.7297,2.0002,2.0059,1.9999,1.3779,2.0001,2.0002,2.0001,2.0001,2.0001,2.0003,2.0044,2.2499,2.0052,2.0001,1.2622,1.6294,1.0502,1.5025,2.0,1.9198,1.4998,1.8606,2.0002,2.0002,1.7025,2.0002,2.0,2.0001,2.0001,2.0002,2.0001,1.6831,1.683,1.0017,2.0001,1.5934,0.4999,0.25,1.8315,0.5004,0.6003,1.253,2.0,1.2549,1.53,2.0001,2.0001,1.3286,1.0501,1.1287,1.2499,1.0533,1.9738,2.0,2.0001,0.68,1.2093,1.7144,2.0001,2.0001,2.0002,1.7477,1.6011,0.3262,2.0001,1.25,2.0001,2.5,2.25,0.9052,1.5431,1.0575,1.5152,2.0,1.6324,1.3663,2.0,2.0,1.0039,2.0001,2.0001,2.0001,2.0001,2.0001,2.0002,2.0002,2.0001,2.0001,1.8903,2.0,2.0,2.0001,2.0,2.0001,1.683,2.0001,1.7027,2.0002,2.0052,2.0,2.0047,2.68,3.0012,2.0001,2.345,2.0001,2.0001,2.0001,2.4151,2.4649,2.0037,2.0001,2.0001,2.0001,2.68,2.0025,3.0012,2.7,2.7001,2.7302,2.7512,2.7682,2.7,4.0001,2.7001,4.9416,2.2501,2.25,2.9249,2.7001,2.7,2.7101,2.8092,2.7101,3.0006,4.0,2.7001,5.0014,3.4574,4.8464,6.0164,2.0027,2.7102,7.9326,2.7102,2.7001,3.948,2.71,2.7101,8.5329,2.7101,3.0367,4.9946,2.711,4.0001,6.7229,4.0962,2.7103,4.6802,2.7006,5.1222,2.0035,2.1649,2.7,2.8206,2.0003,2.7001,2.7001,2.2501,3.0001,2.7101,2.7,2.68,3.2385,4.5582,2.0001,2.0,2.0038,3.0007,3.0007,3.0001,2.8526,2.0,2.0,3.0001,3.0,15.8822,4.2259,2.0001,2.0,2.0,2.0001,2.0,2.0,2.4154,2.0,2.0,2.0,2.0,2.0001,2.0,2.0,2.0,2.0,2.8839,2.0,1.05,2.0,3.3413,3.8025,1.5479,3.4008,2.0978,2.3049,2.3049,2.3049,2.3049,2.3049
107,2.0035,6.7514,6.3626,2.0002,6.6063,2.0058,2.3248,9.1054,7.5003,3.7796,4.9928,4.3978,10.5489,4.4666,2.6999,5.0854,4.2809,2.74,7.9686,2.7405,2.74,7.2451,3.2275,2.7409,2.7401,4.0031,4.0171,2.7401,3.5001,6.8425,2.74,8.4868,2.7399,2.74,2.7399,8.1471,7.5009,3.2833,2.7399,4.2829,2.0002,2.71,2.73,2.7624,4.6596,2.7399,2.8124,3.0011,2.74,2.7399,2.0056,5.5277,2.74,4.3182,2.0037,2.9549,2.7299,3.6407,4.0,2.7398,2.7401,3.3438,3.6736,2.74,2.74,6.4094,11.1052,10.9044,13.3182,13.6566,9.4934,4.6373,7.3982,4.0,8.403,6.3009,8.2414,6.1571,10.2338,6.2391,6.5458,7.9181,3.4207,5.8436,5.813,10.8427,4.8441,7.7096,8.5051,7.5149,7.8953,17.5146,10.0001,8.0288,3.0013,10.4976,14.8755,8.9281,12.4111,4.0,3.5,2.8805,11.6704,4.5605,2.7098,4.9785,7.223,3.3524,7.2725,3.5,6.055,2.7097,9.109,5.1331,1.9999,3.0015,6.8113,8.4272,7.6104,7.5009,10.07,2.7401,2.7401,3.0015,7.5476,5.5642,2.7013,2.6999,3.0302,3.5,3.3921,2.7401,3.5,5.0001,5.2818,4.0003,2.74,5.676,2.7098,8.4804,2.7099,2.0002,2.0001,2.7399,2.0062,2.7297,2.7098,2.0001,2.4924,2.0001,1.292,1.9936,2.0002,2.0002,2.003,2.0001,2.0066,2.0064,2.6799,2.7001,2.004,1.2529,2.0,1.0501,2.0,2.6441,2.0002,2.0,2.0001,2.0002,2.0002,1.7025,2.0043,2.0002,2.0002,2.0054,2.0021,2.0001,1.25,2.0002,1.5029,2.0001,2.0001,0.7853,0.4995,1.2501,0.2501,1.0041,2.0,2.0022,1.2536,1.6821,2.0,2.0001,2.0001,1.253,2.0,2.0,1.1154,2.0001,2.0003,2.0001,1.2974,2.0,2.0,2.0001,2.0001,2.004,2.4743,2.0005,1.0501,1.8828,1.2527,2.0001,2.8856,2.25,2.0001,2.0001,2.0,1.2384,1.4436,2.0001,2.0001,2.0001,2.0001,0.88,2.0001,2.0,2.6346,2.0002,2.0001,2.0002,2.0002,2.0002,2.0001,2.0001,2.0048,2.0001,2.0001,2.0,2.0001,1.15,1.3502,2.0001,2.0571,2.8727,3.0013,2.0056,2.7,3.0012,2.7002,2.7,2.1694,2.0036,2.0001,2.561,2.7001,2.6292,2.0051,2.2929,2.0001,2.68,2.0026,4.701,3.451,3.6701,7.7588,4.8776,2.71,2.7,3.7757,5.2942,9.6929,4.7005,4.0,4.0002,3.0005,5.3572,5.0001,9.6531,3.1123,10.2052,4.0,2.0002,10.1504,12.5274,11.5001,8.4527,4.1915,2.7109,5.4098,6.2413,5.9116,5.9905,4.5515,5.6493,9.5966,5.2101,6.5306,9.7301,9.3381,13.6794,9.4902,5.1446,4.0,5.8818,2.8949,6.3262,3.2463,3.2715,2.7105,3.0005,3.1996,3.4402,2.7101,2.8605,3.7875,4.0,3.5,3.0009,4.3747,5.9896,3.2813,3.0001,3.0007,4.7916,7.5002,4.0001,4.7101,2.0,3.0,7.9773,3.0001,18.1582,6.543,2.0,2.0009,2.0001,2.0,2.0,2.0,4.408,2.0,4.4086,5.3344,2.0,2.0,3.45,2.0001,2.0,2.0,2.0728,3.0296,1.9917,2.0,7.0536,6.0381,3.4159,4.7925,2.7002,2.6806,2.6806,2.6806,2.6806,2.6806
108,6.644,16.334,7.2697,2.7001,13.765,3.6525,6.9801,14.2052,11.1249,4.9734,5.5607,7.596,13.8762,10.8201,9.6899,13.2417,7.3945,3.0013,11.3876,5.7263,8.2943,11.3388,11.3025,4.0,4.0,11.8876,10.8313,5.4352,8.7924,10.8458,4.9704,9.5106,7.4809,10.2626,6.0634,12.0037,9.201,3.5039,3.0026,10.5423,5.0009,5.376,9.1238,8.2498,8.1708,3.0609,5.5171,7.9416,6.8875,3.5035,6.6409,7.996,5.374,10.3353,6.4279,3.5003,7.5432,9.3512,9.017,3.5,4.4598,11.205,7.6483,8.8119,9.5654,9.7152,10.0842,5.6811,12.0869,14.8857,9.5171,5.1796,10.0516,5.0001,8.2087,7.0166,8.2414,6.2067,9.9338,8.2421,7.0057,7.5034,4.89,6.0845,6.0355,10.6298,5.1728,6.0385,9.2549,6.405,8.2401,17.8916,9.6501,7.8189,3.5,10.9362,15.4237,8.3869,12.4976,5.8247,3.5,3.2936,9.4452,6.7952,3.1793,5.6319,5.985,4.6862,9.7177,5.4041,5.6368,5.6465,8.9767,7.3018,2.74,3.1814,7.6211,8.3547,8.6064,10.5283,6.8932,2.7426,2.74,5.8895,8.6059,7.3276,5.8161,4.756,3.5032,4.0,3.5022,2.7401,4.0001,4.4871,6.1932,4.4342,3.5896,5.7748,2.7098,10.9026,2.74,2.0053,2.0001,1.9999,2.0,4.0402,4.6195,2.6999,3.857,2.8656,0.7196,2.7341,2.3941,2.0892,2.7,2.0027,2.6798,2.5,2.68,2.6999,3.0019,2.0001,2.0038,1.9373,1.6405,5.1915,2.0027,2.2751,2.6443,2.0049,2.0001,1.7027,3.4025,1.7027,1.8411,2.7,2.0004,2.796,1.4999,2.0002,1.0048,3.0028,2.0002,2.0001,1.0029,2.0,1.6297,2.0,2.0049,3.7553,2.0026,2.0002,2.0,2.0001,2.0001,2.0001,2.0,2.0002,2.0,2.0001,2.0031,2.3834,1.6433,2.0002,2.0007,2.0002,2.0038,3.2204,2.7076,3.0012,1.503,2.0002,1.9509,2.0001,4.1538,2.7001,2.0001,2.0042,2.0002,2.0001,2.0001,2.0002,2.0001,2.0001,2.4378,0.7495,2.0001,2.0001,3.0725,2.3099,2.1197,2.0046,2.6947,2.0002,2.0001,2.0046,2.4427,2.7001,2.5938,2.0001,2.0002,1.0489,1.13,2.0001,3.0013,3.0014,3.0013,2.0056,2.7,3.5812,3.2375,4.4917,2.0059,2.0051,2.0033,2.7,3.0013,2.7001,2.5677,2.7001,2.0001,2.7036,2.0035,4.6512,3.1623,3.5766,6.6832,6.3674,3.2029,2.7001,5.0005,5.0015,8.9311,5.0007,5.0001,4.0001,4.0,6.5178,5.3668,8.7001,3.2244,7.5001,3.0006,2.0038,9.1777,10.3591,9.5025,8.2627,5.1304,2.7106,6.8456,5.2204,6.2377,8.3713,5.9194,7.6444,8.7541,8.1433,6.6075,12.382,11.7385,8.467,10.4279,6.2505,3.5696,11.9518,8.1552,11.7404,9.0937,11.4924,4.0,3.117,10.3969,10.4208,2.7001,9.99,8.2,3.0001,6.5354,8.2,8.8041,9.0001,3.5,3.0007,3.8477,6.0719,9.2395,6.3556,8.2579,3.0578,8.8492,6.7483,5.9368,2.0001,9.9636,4.9855,4.958,4.6024,3.0001,2.0,4.3002,10.7144,7.3741,12.8098,9.8877,4.0,3.0001,11.0634,6.9723,3.972,5.5181,5.1094,5.2134,2.0,2.0001,5.8282,9.9299,7.166,5.8325,3.5,2.7007,2.7007,2.7007,2.7007,2.7007
109,8.8348,20.7603,12.2003,3.6649,14.5879,4.0001,8.503,19.4388,13.2081,8.21,8.0,13.4703,12.458,12.5482,9.4161,12.2718,8.9894,2.7408,16.4117,8.2113,8.6614,12.4834,8.6232,5.8833,4.0,9.3464,12.4891,5.5317,9.6769,12.1564,6.3111,13.0038,8.3289,9.5213,5.8788,12.2034,9.8115,3.5037,3.5001,9.2787,5.0008,8.6153,7.8145,9.4141,10.0019,3.0027,3.5484,7.3723,4.6448,3.0043,3.8944,9.1688,5.8772,8.0099,5.2253,4.8914,5.9357,6.886,10.4916,3.7947,7.3544,8.651,8.8251,6.8811,7.3334,11.0721,10.1253,7.4941,11.7098,14.443,7.2172,6.3317,13.1338,5.0001,7.0916,5.1474,6.0928,3.0027,8.88,7.9617,7.8223,7.4084,5.7647,6.3674,5.5858,11.7686,7.922,6.2342,10.0657,7.6067,8.1498,12.3896,7.5341,4.1451,4.0,6.9667,12.6374,5.8479,10.967,8.1857,4.0,6.8543,12.3279,6.9978,8.0673,7.9395,8.8603,8.7711,12.3624,6.7218,7.7565,8.4576,9.3143,8.4635,3.5001,6.1511,7.737,11.079,9.9318,11.7742,10.2774,6.2599,3.0018,8.9581,9.6721,8.125,9.148,7.1487,7.702,2.74,4.8343,3.0012,9.4036,4.5082,5.236,5.2741,6.7699,6.6098,2.7011,10.0036,3.0017,2.6999,2.6223,2.0045,2.74,7.7839,6.0144,2.7099,8.8925,6.6222,2.0001,4.0797,3.5357,2.7099,5.8461,2.7006,2.0048,2.0001,3.2671,6.5478,4.6563,2.8823,3.2591,2.0,2.0,4.9825,5.1035,2.5537,4.0834,2.8774,2.8702,2.7403,3.4803,2.7209,2.0001,2.6999,2.7099,6.5316,1.4936,2.2423,2.0002,5.4286,2.8458,2.0002,2.0,2.0002,2.0001,2.4585,2.6608,4.8675,3.0011,3.0001,3.0019,3.0001,2.0002,3.0022,2.0002,2.0001,2.0002,2.0006,2.2358,3.9392,2.0002,2.0002,3.154,2.71,2.0048,3.8858,4.4658,4.0796,2.0002,2.0002,1.5526,2.2093,5.3957,2.8547,2.2634,3.0013,2.6309,2.0048,2.0001,2.7001,2.004,1.623,3.2001,1.7037,2.5922,2.0001,4.0848,3.0788,3.2192,2.7002,2.7001,2.4121,2.6404,2.7001,3.0014,4.0777,4.6289,2.7001,2.6572,2.0049,2.0001,2.0002,4.1732,3.1208,3.7999,2.7,2.7,4.238,3.1419,4.9965,2.7001,2.7045,2.3912,2.7101,4.541,2.7002,2.7001,2.7001,2.0032,3.5024,2.2501,7.0275,3.9779,3.5884,3.4251,3.5953,5.3136,2.7001,4.9166,5.1443,8.1036,5.2993,4.8114,6.6986,4.0001,5.5729,6.4585,7.8311,4.1621,7.4829,4.0001,2.7003,7.2411,8.5625,7.8677,8.5152,4.8218,2.7001,7.5965,7.2525,5.3479,6.4001,6.8804,7.9632,10.4843,9.6256,5.0872,8.3185,8.4207,7.1274,9.99,5.4028,4.0,12.5902,8.0365,9.357,6.9978,7.6096,5.209,4.0,8.593,6.0218,3.0005,8.9325,6.582,6.6124,5.7022,8.2652,5.9739,9.4284,6.9923,3.6165,8.2562,7.5205,10.2595,4.5468,10.5928,3.0003,8.2844,7.428,4.4653,9.1263,11.8443,4.6352,7.9051,6.4307,3.6601,2.0,7.7874,8.5452,7.6894,11.4188,9.9178,5.7958,3.0001,9.0,6.9561,6.2354,4.7145,4.4139,7.6092,2.0,2.0001,5.6088,13.8118,8.3607,6.146,7.0582,5.1859,5.1859,5.1859,5.1859,5.1859
110,5.2898,16.963,9.8267,3.1949,7.2221,3.8021,5.2455,11.6527,9.4584,10.1238,9.3302,10.6801,10.3409,9.5022,6.7989,9.3237,11.4192,3.8003,10.0638,6.7568,6.1685,11.2375,6.9066,6.1108,4.4097,8.0002,8.4323,5.3103,7.5655,10.8554,8.0694,12.8641,4.9589,8.4693,6.277,9.3094,8.0001,3.5041,4.8241,7.1886,3.1767,7.1136,8.3067,8.6332,10.6896,3.7548,3.8598,6.8587,6.45,3.3131,2.9425,10.1015,7.9568,7.7027,3.7384,4.3196,5.6308,5.518,9.5297,5.1263,7.7731,10.7658,8.5842,9.1441,9.7826,9.8063,10.6556,6.7152,12.7812,11.0346,7.6347,5.7841,13.22,5.0001,6.1942,6.7405,9.1549,3.8553,8.3861,6.5906,6.9608,10.0408,6.8288,5.0012,5.4234,10.157,6.8917,7.5959,10.6609,8.0302,7.866,10.7299,6.8376,7.1307,5.3002,5.4175,14.0496,6.7388,10.4703,7.4494,6.5277,5.7508,11.2573,8.913,10.1959,7.5248,9.6968,10.7777,13.6245,7.7653,9.1717,7.5002,6.6357,8.7327,4.6233,5.9559,6.3496,13.4443,7.7311,9.633,11.9762,10.7389,4.0,4.4025,10.1961,8.6922,9.5155,7.5811,7.0155,2.74,4.4339,4.8491,8.2412,5.4556,6.838,8.2401,12.1556,4.2672,2.7098,11.3078,2.7401,3.5027,4.873,2.7398,3.2259,6.7158,6.0708,5.9989,9.0021,5.9675,2.7449,4.0613,4.0146,3.16,6.2713,3.4174,2.2499,2.6996,5.9038,7.3669,5.7815,3.6559,4.1253,3.8491,2.6999,5.7668,4.7789,2.7099,5.2144,2.6999,3.1603,3.2046,4.4427,2.7209,2.7,2.6999,3.22,5.2801,2.0001,3.305,3.0296,6.2303,4.4405,2.0001,2.0001,2.3568,2.7,2.7005,3.1014,6.8748,2.74,2.7296,3.9061,3.9346,2.7001,3.3482,4.9366,2.0002,2.7401,4.437,3.337,5.8386,2.0027,2.0038,4.0381,3.743,3.604,5.663,5.8007,5.8622,2.7772,2.6165,2.0002,2.7,4.6121,3.9139,2.7032,5.5356,4.5417,3.8849,2.7002,3.7719,3.6209,2.829,5.2484,2.8317,4.5095,2.0005,5.9922,5.4319,4.4701,2.7001,3.0014,3.1518,3.309,3.0014,2.7001,3.5025,3.668,2.9523,4.1178,3.0013,3.2735,2.0036,2.4849,4.0457,3.0014,2.7101,3.0013,5.0007,4.3827,6.7157,4.0978,4.1302,2.7001,5.0007,4.538,2.7001,2.7101,3.6021,2.7002,4.5668,2.7002,8.409,4.1414,4.9497,5.3658,4.5483,4.9087,4.0,5.2039,7.2256,8.2317,5.577,4.2611,6.8519,5.3466,7.6856,6.9602,8.0914,6.0568,5.2284,5.7922,3.4467,8.4329,10.8313,8.8646,9.6012,12.0091,3.7547,7.6483,7.2653,5.506,9.1152,7.8375,6.5605,11.8447,6.2346,7.0006,8.1123,9.7927,6.6029,11.6063,6.1662,3.816,8.5675,8.1292,6.7096,7.0711,5.9476,6.7164,8.0154,7.4113,4.3385,3.0006,8.0825,4.8077,3.0006,6.3869,6.2757,4.2081,7.9887,6.8851,3.1852,7.008,8.2023,9.6347,4.1713,6.2068,4.7,3.6091,8.1251,5.4911,4.2289,9.0,5.3573,6.4084,5.3661,5.76,2.0,8.064,7.9068,5.2807,6.1794,7.3121,7.1616,3.0002,6.3596,5.6835,5.3979,4.2631,4.315,5.692,2.0,2.1682,5.1018,9.5308,6.7204,5.7655,6.6329,4.7531,4.7531,4.7531,4.7531,4.7531
111,8.6637,19.3516,10.53,2.7317,4.0793,4.6161,4.4603,11.9121,11.1393,11.5375,11.7881,11.3518,11.7528,8.1618,6.2183,8.1363,12.9339,5.3426,7.3541,5.535,8.132,10.4621,5.4094,4.3141,3.932,8.0003,11.2258,5.8392,8.8807,11.5726,10.1222,15.5631,6.926,9.6179,9.4838,8.6529,8.8308,6.7578,4.0422,9.5113,4.6455,10.1124,10.1938,12.3675,11.6613,6.6848,8.523,7.9891,7.944,4.3377,4.3176,13.4758,10.8111,8.0,6.2781,5.9026,7.8173,5.4897,5.0555,6.0239,8.0001,10.5886,9.3431,10.3847,10.7263,12.1994,6.0286,6.0531,12.5426,9.6139,8.2788,4.4705,11.2227,5.0001,8.0001,7.4447,6.2606,3.0,9.7893,7.7624,5.6119,7.7357,7.0744,5.9116,6.5472,10.2655,8.9773,7.6275,9.9576,8.3008,8.4739,10.9739,5.4269,7.5208,5.3671,5.4814,14.3568,6.7296,9.8368,12.9012,6.8618,6.5828,12.8593,11.022,7.8915,8.2872,9.2524,10.1084,10.5229,9.6468,9.1878,9.1577,4.919,9.9657,4.4225,6.3998,8.8211,9.9273,7.4973,8.8472,10.2714,11.0431,5.7289,8.5985,9.56,9.6864,9.7323,9.152,5.5416,3.5021,6.4994,5.8556,6.67,6.5398,7.002,6.4458,9.4855,5.3639,2.7299,10.3139,3.5024,6.6626,5.8384,2.7399,4.9642,7.2616,6.6583,5.2453,11.8283,9.5873,3.0024,6.3262,6.4023,3.4769,6.0417,5.3193,3.6471,4.8788,6.7107,6.4784,7.9977,6.7244,4.4128,3.5001,2.9644,5.1274,4.5769,3.5027,4.9476,2.7107,4.3158,4.5225,6.5685,4.5932,2.7,4.371,5.0009,6.6315,2.7279,3.8464,5.4627,6.6074,5.5036,3.66,2.0003,3.0016,6.2255,3.7689,4.2898,6.7822,5.8355,3.9902,5.481,3.9512,3.6446,6.7557,5.965,5.9084,4.9274,4.538,6.9262,5.6218,2.7007,5.0968,6.9032,5.6667,4.7822,7.976,7.7082,6.7205,4.6376,4.7879,2.3504,2.9424,5.476,5.2526,3.5026,7.3184,6.4489,4.2063,4.0537,5.3514,5.7699,4.6942,5.6727,3.9476,6.3015,4.5531,6.9766,6.558,7.0439,2.7001,5.1957,4.7174,3.0279,3.7337,3.2831,3.6329,4.8012,3.7309,3.8356,4.8393,4.5706,2.0048,3.5014,3.977,3.6653,3.0014,3.0013,5.0007,6.1422,6.8692,4.7264,5.0007,3.5594,4.0348,5.4414,4.0541,5.1496,2.7002,2.9439,6.8845,4.7568,7.8777,6.3031,5.2124,6.5907,7.6701,5.3605,4.4636,6.4409,10.2518,9.8768,8.7207,7.9243,8.0301,6.6295,11.6863,7.3288,7.8813,8.0414,7.2643,3.811,5.2378,7.5536,9.1404,9.8994,9.183,11.5607,4.492,7.4731,6.955,6.8077,7.1954,7.0466,5.4832,8.2802,7.065,6.0926,7.0086,9.2715,7.4091,11.8885,7.5021,5.5509,9.402,6.6796,6.7124,7.3372,7.0297,7.478,8.0964,7.8003,5.4585,3.0006,7.3273,5.5465,3.0006,6.2097,5.1809,7.4453,8.2503,7.9834,6.0123,6.946,8.1023,9.7206,5.8091,6.2335,4.7,4.587,7.9295,5.3481,3.0001,8.8187,4.7099,6.537,3.5948,6.6703,2.7961,6.7,6.8387,4.9791,9.5576,9.0,8.3095,4.9816,6.3539,7.3747,7.1885,5.8998,6.0736,6.4,2.0001,3.0003,5.7112,10.3153,7.0708,4.99,11.1629,8.6885,8.6885,8.6885,8.6885,8.6885
112,6.7125,17.1388,8.9456,2.8295,2.7001,5.2576,5.2139,10.8752,12.1,13.8595,10.6859,9.8149,12.4622,8.205,7.1527,6.6895,12.3549,4.1624,6.4012,4.777,6.5446,10.5499,4.7859,2.7401,3.6461,6.5257,11.5332,5.391,8.9676,11.413,8.2404,14.8382,4.2657,9.6748,7.9796,6.4631,8.0,11.2032,3.1189,6.0283,3.5,8.7735,10.0643,9.8333,10.6561,3.8405,3.3011,8.2054,6.7091,4.4022,4.2054,9.3958,8.1813,5.1299,5.0658,3.1909,4.4083,2.7403,2.8033,6.4308,8.3187,8.4178,7.0151,9.3125,11.0683,11.6681,3.4357,7.4696,12.5028,8.5947,6.6306,5.0556,10.6341,5.5232,8.4779,8.3861,8.2058,5.9408,10.924,8.6244,4.8626,10.2805,6.9032,6.7932,7.3069,8.9521,9.2508,7.1555,10.8299,7.2568,8.2401,9.6459,4.7307,8.6037,5.8178,6.4382,12.6937,7.0502,10.6799,8.1606,3.5001,8.2477,12.4736,11.806,9.6788,9.1899,11.2746,9.0682,8.8012,9.7111,8.5431,10.2633,2.7109,9.9871,5.8228,5.3633,8.1681,10.0874,8.24,6.6069,9.3213,10.1185,4.0,9.7282,14.1797,8.2936,9.2088,9.2222,6.012,3.482,6.4949,5.0183,8.2401,6.4659,8.0434,5.8367,3.3315,5.1925,2.7299,7.1847,7.6021,6.829,6.1449,2.74,4.814,8.3165,6.3117,5.5062,10.8915,10.5115,2.745,7.961,8.1844,4.5547,4.5404,5.7305,6.9715,5.9069,8.3784,9.6706,6.9644,9.6123,4.8246,5.436,4.2561,6.0641,7.8878,5.4676,6.5861,3.5,4.8218,5.3891,8.3074,5.0013,2.7101,3.6163,6.5891,8.7398,5.0486,8.1842,7.4034,9.9631,8.0003,8.5641,4.9048,6.2482,6.2395,6.9907,7.7864,9.6718,7.0209,6.5788,6.5183,7.7148,6.8612,11.8361,9.4769,11.0168,8.3373,5.6767,8.7056,5.6881,5.3686,6.5709,6.3261,8.1276,6.7977,9.7212,9.0102,8.237,4.7814,5.954,2.7002,4.0622,6.7128,6.3381,5.1998,5.995,5.9923,6.132,5.4921,7.3358,8.0327,7.4118,7.6571,6.7504,7.4269,5.8257,7.6646,6.3137,4.7112,6.1306,6.5963,6.4011,5.6735,6.0263,6.691,5.7041,6.9124,5.7473,6.1988,6.4783,8.3181,2.1129,3.9785,4.485,3.8162,2.7,2.7,7.5591,7.7154,8.6602,7.1016,4.8584,4.4307,7.2835,8.7627,5.0007,7.8267,3.7863,4.2107,7.3846,7.7762,8.9763,10.7584,6.663,6.9082,8.6956,7.6094,4.4304,7.2698,10.3406,9.3668,8.6333,9.5249,7.9666,6.7809,11.6704,7.2817,6.8028,8.6904,8.7485,5.9636,4.7001,5.7187,9.7366,10.2303,7.4945,9.8019,5.7647,7.8364,6.0115,7.3935,7.3916,4.9062,3.6899,8.0,7.0766,4.6918,5.7193,7.5126,7.1608,10.8161,7.2294,4.8732,8.8644,5.606,8.021,7.1248,6.9224,6.9375,7.3514,7.7016,5.0982,3.0005,4.2863,6.2655,3.3511,4.2576,4.3408,4.0001,5.3218,5.76,6.6827,6.7628,6.9797,5.2506,5.0006,5.9543,5.6431,3.5974,5.9307,4.02,3.0,8.0,3.0003,3.5519,2.0773,5.8729,2.8288,5.0629,5.4495,2.7101,6.6065,6.9076,4.0766,4.2875,6.5237,7.5123,5.7378,4.9095,5.8537,4.7405,2.0001,2.961,6.2508,8.082,8.1253,8.6901,14.4543,11.9586,11.9586,11.9586,11.9586,11.9586
113,6.5414,11.9517,7.1846,2.7001,2.7,7.4657,4.2077,8.7672,10.9765,10.1642,7.5851,6.7291,12.6865,7.4531,5.9171,4.6893,11.639,3.3853,4.9479,4.2543,4.9917,8.5305,3.6862,2.73,2.8089,3.905,7.9456,4.8044,7.5302,9.2896,7.3282,12.8543,4.1011,10.8991,8.7108,4.7896,5.4272,7.1112,2.7448,6.8401,2.7299,7.756,8.23,8.7213,10.2291,3.0026,3.0011,8.1443,5.7826,3.3456,3.5693,7.4202,5.3337,3.7906,4.9575,2.7301,2.8117,2.7299,2.7407,6.1866,10.0696,6.7193,6.9555,7.9877,11.394,10.0135,3.1186,5.2316,11.3015,9.1188,6.8537,7.9507,7.45,6.082,9.4089,8.6583,8.9132,8.1723,10.7162,7.6225,3.8289,9.0187,5.4076,5.4817,7.064,6.8573,9.0808,6.9265,10.7953,7.0736,6.3281,9.8186,3.5133,8.8857,6.1466,7.8843,11.5331,6.999,11.496,8.7087,4.1627,7.2921,13.34,12.3718,9.3001,10.1848,11.7738,7.5736,8.5741,13.1124,13.4017,11.2626,6.6358,9.94,5.9192,5.7267,9.3589,12.1106,6.7727,7.977,8.4929,11.7325,4.0,12.4335,16.1496,9.8778,10.0379,9.0585,5.9119,7.3056,7.5537,7.4669,8.2401,7.8233,8.2693,5.5897,3.9436,7.8258,3.2212,8.1874,6.1738,8.401,11.7822,3.0022,3.6801,7.5718,8.8318,6.0508,11.3602,9.8736,7.1776,8.0992,7.2384,4.0011,7.1184,7.379,7.0209,5.9413,9.9474,10.2959,6.0941,13.6814,4.7069,5.3472,3.6463,8.6986,8.2663,6.0142,8.5286,4.2865,5.8338,6.7729,9.3277,5.5163,2.7,7.7835,6.936,8.339,5.9085,10.6182,9.6243,9.7119,9.7871,9.4947,5.4798,6.1472,8.9032,9.7965,11.5301,10.8446,10.0,9.5786,8.2399,9.2532,10.0658,15.045,12.121,11.3887,13.108,8.9956,10.337,7.9775,14.4774,8.1448,9.2119,8.9172,7.8883,10.1776,11.5319,9.6745,6.544,6.9634,2.7101,3.9971,6.4341,7.0147,5.9102,7.9006,6.7865,7.1769,5.4631,6.4057,8.0001,7.7732,8.3541,6.2044,7.8752,6.9512,8.0,7.5103,6.1345,6.6152,8.7598,7.6584,7.9729,7.1998,7.5273,8.0597,8.8917,6.83,7.0951,6.0913,6.8756,2.7,4.6381,5.1126,5.9421,4.7461,5.6384,7.231,8.3548,8.5411,7.4365,8.1742,8.7758,8.8488,8.2045,7.603,7.1672,3.629,5.8035,7.7347,9.99,10.4877,7.7667,8.4216,9.6883,8.6998,6.6477,4.5259,9.1154,8.1882,8.9463,9.2748,8.7402,8.3121,8.2095,10.9958,7.5714,5.3813,8.487,9.4943,6.3032,6.1845,7.328,11.2358,10.6732,6.9217,13.0924,7.2573,7.2852,6.4756,7.7788,6.4811,7.6405,3.4443,5.8582,7.9942,3.4953,4.0,6.7446,6.2953,10.0162,7.246,5.316,9.3376,4.1883,8.0957,7.3213,3.0204,5.7001,6.8351,4.0205,5.2002,3.0005,3.0006,5.5105,3.0011,4.6982,3.8729,3.0006,4.0,6.8428,5.8487,5.276,6.7652,4.3264,3.9051,5.3001,5.5069,3.0,6.4767,3.0,3.0,7.4529,2.0008,2.5711,2.0009,2.5622,3.0001,3.0,3.1672,2.0001,4.9127,5.1717,2.6359,3.8833,3.0314,5.9259,3.2836,3.5,4.3955,4.0812,2.0001,2.0001,6.7098,3.523,5.6879,5.3345,11.7906,11.2544,11.2544,11.2544,11.2544,11.2544
114,3.5076,8.0004,4.5433,2.6999,2.7001,9.4087,3.537,8.1548,8.0,10.3346,6.8719,5.7887,11.5572,5.8747,4.8339,3.1308,8.2315,3.5,2.9341,3.4925,4.0002,5.822,3.5027,2.73,2.74,2.8601,4.558,5.4277,6.7875,6.2958,3.5001,8.24,3.5,10.1691,6.5438,2.73,3.4997,4.6629,2.7399,4.6132,2.6998,5.6271,5.3804,5.7473,7.4318,3.0026,3.5029,8.0112,6.1158,2.7399,2.74,3.9012,3.8892,2.7401,6.3836,2.7101,2.7101,2.7301,2.6407,5.6048,7.5015,4.177,3.949,6.7447,10.343,8.9681,2.74,5.6138,11.4064,6.8517,4.7199,7.0737,4.172,5.8561,12.2969,7.7582,9.1842,8.7704,10.5289,8.3029,3.5031,10.1118,6.0063,5.0009,6.0824,6.623,7.4203,6.8302,10.8636,7.4119,3.7406,9.5883,4.8305,7.936,6.2242,8.274,11.0612,8.0209,9.8294,9.9101,7.7569,7.6202,13.9015,9.8574,11.2368,10.1884,11.7422,6.9039,9.178,13.8461,15.6057,4.5472,4.4583,9.7891,3.0015,4.0296,7.9945,11.0396,5.591,8.145,9.3977,10.0242,4.0,12.9708,17.7713,10.4154,9.0724,9.2436,4.9221,5.8585,10.2619,10.9749,7.5747,7.6379,8.828,6.7572,5.5923,9.7283,5.6182,7.7502,9.4257,11.4157,12.7823,4.7222,6.885,12.0243,12.2522,9.2592,11.7426,11.6101,5.9684,8.0003,10.3552,4.8149,9.6742,10.7413,8.8393,7.0872,12.9135,8.7675,8.6574,15.193,8.3082,9.4529,3.5028,7.3555,10.3886,7.5722,10.2183,6.2819,7.7066,7.3053,9.6342,5.62,4.6248,9.9157,8.1194,8.7613,7.1058,10.3314,9.7924,8.5676,10.7501,10.5161,6.777,7.6901,11.3735,9.4613,9.5558,11.0134,10.9398,8.9156,10.4909,10.5073,11.1331,17.782,13.4028,12.8709,15.0906,11.87,14.8057,11.6655,12.3608,9.2637,10.4329,11.3694,8.5265,11.0788,10.5526,9.5062,7.037,9.13,2.7307,6.0988,8.5762,8.377,8.2929,7.9712,7.4928,7.5811,6.3911,8.3108,8.4163,8.2494,10.451,9.5822,8.0001,7.126,7.0301,8.3592,8.0847,8.4088,9.7001,6.9504,7.8448,8.3726,8.0107,7.9699,9.4276,8.9815,9.7101,7.3917,8.211,2.007,7.699,7.8199,4.5852,7.2791,8.7001,9.1924,8.7153,9.6327,7.1946,5.9,11.6957,9.2773,10.9234,7.7419,9.8124,3.014,6.4383,9.4564,8.5804,10.9647,7.8622,8.5951,8.8177,9.0831,8.5611,8.5305,10.0607,8.2217,9.99,9.4216,12.4826,9.7001,10.7861,12.5594,6.9264,6.8042,9.4197,10.1987,9.4958,7.9225,6.5409,11.4142,10.8999,6.0857,4.0,8.8304,7.4195,7.4265,8.0365,9.2889,7.487,4.1468,4.6112,4.4452,3.8872,4.3046,5.3122,7.4573,8.7057,7.3095,5.8962,9.0732,3.7523,7.4167,7.0979,3.0,5.9089,6.9358,3.0007,4.3267,3.001,3.0006,9.2516,4.064,3.0625,2.7,3.1098,3.7365,4.8639,5.8166,4.8004,6.0954,4.0001,4.0004,4.5275,4.7001,2.0,5.8968,4.2333,3.0001,4.3873,2.0001,2.0001,2.0001,2.0001,2.0,2.0,2.762,2.0,3.8613,2.4068,2.0007,3.0001,3.4013,5.3533,2.5742,3.0,3.7816,2.3772,2.0001,2.0,5.1695,4.121,4.0,3.5001,9.0011,4.6077,4.6077,4.6077,4.6077,4.6077
115,4.3756,7.3414,3.5022,2.6999,2.7,13.1861,3.5023,8.7872,6.9657,6.028,5.4405,4.4913,9.4109,4.2718,3.9726,3.0433,5.4229,3.5,2.73,3.333,3.5033,3.2056,2.7101,2.7303,2.7301,2.7,4.0,4.7774,6.2507,7.5748,2.74,6.0358,3.5034,8.662,6.2059,2.7,3.1798,4.6196,2.7399,4.1859,2.6998,5.409,3.9073,4.1329,5.149,3.0026,3.2629,7.4717,6.2705,3.0001,2.74,3.368,3.5694,2.73,6.8853,2.7101,2.7,2.005,2.3607,6.5301,7.5636,4.0174,3.431,7.3001,10.8588,4.7104,2.7401,7.2969,9.6869,4.6219,4.8637,8.1084,3.6985,6.3937,13.7655,8.779,9.1834,9.1286,8.6812,9.5112,4.5735,9.3947,4.8858,5.0009,6.5994,5.8239,6.7011,6.2282,11.2565,8.2616,3.7211,9.7137,4.7807,8.2298,8.2056,9.3578,10.9491,8.1649,9.2602,12.0313,8.307,8.094,12.8874,8.0268,12.1537,9.8592,11.5861,6.7573,7.2675,14.9528,14.039,6.0169,4.3259,9.7333,3.2481,4.2066,7.6408,10.7896,6.4786,6.5058,9.4687,12.1139,5.4914,13.1315,14.4768,8.8205,7.1644,9.1466,4.1516,9.4495,12.0884,11.3144,8.4944,7.7765,9.6407,5.8665,7.4384,12.276,3.448,8.5533,10.5356,12.8664,12.2332,3.1429,6.2276,11.4765,10.6516,10.443,13.847,14.1878,10.057,11.0535,11.2595,6.3527,9.2529,11.1126,7.1921,7.6614,10.7112,7.1171,9.3191,14.7162,8.9917,10.0967,6.5431,9.589,10.1133,8.7494,10.0852,5.9299,10.0858,8.3639,11.831,5.9767,9.2148,12.3607,16.1293,9.6781,9.1793,12.2828,9.7078,12.2988,16.17,16.4248,8.2482,9.7161,12.658,10.9021,12.2584,11.8805,10.031,9.8963,11.0221,9.9967,10.2437,18.0307,16.2903,14.2502,18.8184,11.5315,12.6953,10.9468,12.7803,12.3746,10.7602,13.4196,9.7547,10.9102,11.2121,9.7402,7.9205,7.1585,2.7306,6.8522,7.3225,8.6877,7.7181,8.0,6.898,7.4174,6.3677,7.3602,8.9537,9.0124,10.4844,8.4772,8.2315,6.3267,8.0,8.0,6.334,7.7205,9.7101,7.804,8.0985,8.8097,7.7027,8.6834,11.0843,9.0168,9.8094,5.6771,8.0706,2.0009,5.53,7.9658,5.0527,8.2545,7.9164,7.9244,9.2701,11.004,8.8718,7.6474,9.95,10.4569,9.7301,7.9887,8.6331,4.581,8.2655,9.7635,9.99,12.2668,7.4191,7.8926,7.7306,8.8777,8.3296,9.6382,9.5055,9.9256,9.8364,9.9524,12.7884,9.1403,11.19,14.1809,7.7815,4.8834,10.0419,12.0046,12.3564,4.5413,4.8908,10.3412,12.2776,6.4567,11.032,10.3888,6.6822,8.7171,8.3835,9.7453,7.8932,4.3649,3.7028,3.3541,4.5398,2.7658,4.0788,8.358,8.3675,7.4301,6.134,8.3761,3.3153,5.8882,7.5877,3.0001,5.7204,7.5199,3.0005,3.0005,3.001,3.0008,10.4408,3.7728,2.7,2.7,3.0006,2.9138,3.0009,4.8774,3.5692,4.5851,4.0001,4.2228,3.6184,4.5446,2.0,4.7861,3.3747,6.6215,5.0,2.0001,2.526,2.0,2.0001,2.0,2.0001,3.0,2.0,3.0002,2.2492,2.0,2.9471,3.0003,5.784,2.7009,3.0,3.1305,2.0003,2.0,2.0,4.1677,2.5517,4.1683,2.806,7.3327,3.5515,3.5515,3.5515,3.5515,3.5515
116,3.5001,5.4919,2.79,2.6875,2.7,12.5262,3.0104,7.5006,5.2379,5.1868,4.4113,3.3476,7.7744,2.7001,3.8254,3.3932,4.9652,3.0018,2.74,3.5025,3.504,2.7349,2.7102,2.0002,2.0005,2.7,4.0,3.1359,4.7549,5.6243,2.74,3.7997,3.0014,8.1513,5.3867,2.73,3.0478,4.3217,2.74,3.1993,2.6999,5.1636,3.5046,4.1445,3.504,2.8917,3.0012,8.065,7.6865,2.74,3.0012,2.7402,3.0017,2.7299,5.6684,2.6999,2.4385,2.0001,2.7401,6.4352,12.7217,4.0001,3.6679,6.9306,8.4362,3.5567,2.74,5.4959,8.5727,3.351,3.538,6.7737,3.9602,5.4314,13.73,9.376,7.2406,9.0274,7.5715,9.5466,4.0357,9.9764,5.4685,4.4834,5.4226,4.7216,5.9053,5.7248,10.0798,6.6469,3.0838,8.8849,3.5692,8.6173,8.4403,9.4088,9.5358,7.6474,11.8606,9.7805,9.468,7.969,12.8366,9.6176,13.4854,11.5289,11.7183,6.7223,6.8195,14.9934,14.0063,6.228,3.2187,8.6939,4.1276,5.1734,5.9802,8.7056,3.0026,6.0314,7.5881,12.246,6.5348,11.7769,12.1461,9.1938,7.4425,9.0119,4.5868,10.9971,14.9131,14.6797,11.2669,8.7289,9.003,6.6253,6.8968,11.9824,2.74,8.8234,11.7891,14.7005,9.3937,7.595,6.7797,14.4209,8.3798,10.2176,14.0535,13.3855,10.1755,12.6628,12.4914,8.2379,9.5146,13.2082,9.4341,11.9089,13.7076,10.3387,13.4155,15.9578,11.0449,13.299,8.206,9.7818,11.7996,10.5989,11.8148,7.2329,10.6395,9.3091,14.0481,6.7914,10.6942,14.3791,15.7625,11.9092,11.2662,12.6528,11.9329,16.2323,18.8816,20.3917,9.2737,10.5861,16.7236,12.6051,13.6777,15.5518,14.5817,12.4957,10.8241,11.8163,14.4896,21.5562,22.8177,20.3194,23.9051,15.5724,16.7983,10.706,14.8322,14.8879,12.1406,12.9863,10.8687,16.0682,17.561,15.2291,9.2815,9.1242,5.8445,7.8993,8.5099,9.8353,12.5074,13.0966,12.3476,8.3045,7.8183,8.1276,11.5971,8.0103,16.0385,12.8356,12.6901,9.12,9.893,12.3355,8.063,9.0976,8.2641,8.0592,7.5341,9.0213,8.9017,11.3281,15.0661,10.6954,9.587,7.7025,11.3635,2.6151,7.3723,7.8008,6.163,7.8549,8.7475,10.4126,10.298,15.443,9.9172,6.0212,11.9465,10.1301,12.3348,11.2515,12.7862,9.7037,10.6321,9.99,11.5284,16.8486,8.71,8.7825,8.2429,9.5121,9.7125,9.579,9.4386,11.3705,9.99,10.2872,12.6424,9.4822,11.091,13.5487,9.0074,6.5031,10.0385,11.5429,10.6778,4.7,4.709,11.1409,11.9255,8.1652,7.5732,10.723,7.7616,5.798,9.475,9.2389,11.3245,3.0006,2.7002,2.7001,4.4761,3.8362,3.6885,8.572,7.3628,7.6382,6.7277,6.7276,3.0005,4.701,6.2192,3.0004,7.0493,7.5002,3.0005,3.0005,3.001,3.0006,14.3049,4.0001,2.7,2.7,3.0006,2.7,2.9759,5.0451,3.5265,4.3528,4.1237,4.6126,3.4482,4.6807,2.0,4.0783,3.045,4.827,3.3013,2.0001,2.7816,2.0007,2.0,2.0,2.0,2.145,2.0,2.5654,2.0001,2.0,2.7357,2.9621,5.5383,2.0001,2.0001,3.0001,2.0001,2.0,2.0,3.0724,2.0005,3.9136,3.5,6.8266,3.0535,3.0535,3.0535,3.0535,3.0535
117,3.6574,4.8062,2.71,2.6999,2.7,10.187,2.6999,5.4664,4.7953,5.234,3.8111,2.9435,6.8302,2.7001,3.7143,3.5027,4.3857,2.948,2.73,3.0018,3.7477,3.7729,2.71,2.0,2.2373,2.7001,3.5,3.0293,4.5232,3.7133,2.7398,3.5812,3.0014,6.879,4.8797,2.6999,3.0019,3.7121,2.7397,2.7302,2.2737,4.315,3.5044,4.1023,3.6946,2.7401,3.5001,8.2365,8.8775,2.7399,3.1773,2.7399,4.0073,2.7401,5.0603,2.7101,2.4984,2.0001,2.7401,3.9999,6.4372,3.5,3.5043,6.8917,5.8079,2.743,2.73,6.8611,9.0447,2.74,3.6167,6.558,4.2115,8.1733,15.3758,7.4413,5.3316,10.1467,7.692,10.7644,5.9829,9.0657,5.4586,5.8088,7.3564,6.3547,7.3596,7.7382,12.3694,4.6254,3.8293,8.4572,3.3323,8.7534,9.7807,10.5794,7.4994,7.0814,10.7571,10.3281,9.8484,8.3464,12.662,9.3262,14.83,11.0342,10.5044,8.0988,8.15,15.0613,16.329,7.2254,5.3003,9.1907,4.3984,5.4218,5.9006,10.5128,4.5586,5.0924,10.1692,15.5667,9.5442,17.0213,13.0842,9.4197,7.1516,8.8242,5.4346,13.4031,13.9174,15.9755,14.3472,10.1463,8.7678,7.4666,7.3835,12.1752,2.7401,11.579,13.1653,15.8651,9.2183,9.9037,10.4692,17.0675,9.2318,12.1776,16.1548,14.9266,13.9247,15.5937,18.8585,8.8663,14.1197,14.1872,10.1009,12.7275,10.3197,9.9184,16.2053,16.1839,10.3292,12.8703,9.9238,14.7214,10.9908,10.1755,11.4485,7.2164,11.1798,10.3875,15.5014,4.93,11.9152,14.7778,16.2722,12.4727,14.2613,16.2225,18.1637,20.1106,23.0633,21.8012,11.1012,12.4227,15.5827,12.7796,14.4527,14.4873,12.9728,13.1271,11.8948,11.0787,14.3338,18.5767,20.6336,18.3224,25.3475,18.5725,16.8783,11.1328,15.8411,14.2969,13.2515,11.0405,10.9051,12.6635,13.4682,12.7579,6.9871,9.4359,7.3116,8.2202,7.6617,9.7278,13.2499,12.0316,11.3881,7.3576,7.8817,8.0493,9.7075,9.5953,14.3461,12.0421,9.8308,8.4435,8.9796,12.0585,9.5241,9.384,7.8644,8.0,9.3577,9.9669,8.8739,12.6852,15.1702,9.8506,11.9116,8.6731,12.5956,3.0014,7.9178,8.0781,7.8138,9.5776,9.3747,10.0509,10.2748,16.8326,9.99,6.3437,11.4858,11.621,13.3898,10.8984,14.5431,11.8335,14.1254,9.892,17.602,13.6511,8.2138,9.0923,7.4355,8.9171,10.8457,9.3017,12.8831,12.1837,9.99,9.8261,9.99,9.99,12.3806,10.2675,8.8627,6.5467,9.0443,10.9473,10.1121,5.516,5.206,10.0572,12.379,9.1142,8.6649,10.9619,8.1677,5.048,6.4002,6.3401,10.1495,3.0006,2.7002,2.8252,3.8002,2.7001,4.7504,9.4224,7.9021,6.6667,6.7826,7.143,3.0005,4.352,5.1206,2.7,5.5663,7.4571,3.0005,3.0005,4.7875,2.7002,15.837,3.7072,2.7,3.0009,3.1274,2.7,3.0,5.6467,3.6886,4.1499,3.9241,4.8621,3.2236,4.1529,2.0,3.569,3.0,3.0001,4.2229,2.0001,2.5518,2.0001,2.464,2.0001,2.0001,2.1238,2.0,2.3649,2.0,2.0,2.8976,2.0008,4.4382,2.0001,2.0001,2.6641,2.0,2.0,2.0,3.2026,2.0,4.2378,4.0294,6.8061,3.0206,3.0206,3.0206,3.0206,3.0206
118,6.2383,5.7189,2.7407,2.71,2.0041,10.0022,3.8269,4.4341,8.0,8.0306,4.5891,3.5134,8.5376,2.9357,5.7041,3.5028,5.3156,3.0017,2.71,2.7144,3.8396,3.9953,2.7101,2.0675,2.7408,2.7101,4.0,4.0922,6.8733,4.6201,3.9081,4.0022,3.5,5.5479,6.274,2.6999,3.0019,4.5953,3.1093,2.9262,2.3234,6.5268,3.0024,3.5037,3.5627,2.7456,6.7134,7.3161,7.7882,3.4272,3.2668,2.7399,3.5749,2.73,3.2769,2.9914,2.7099,2.0001,2.7399,4.8785,6.1664,3.3098,4.3624,8.0626,5.8752,2.7428,2.74,10.3698,8.4732,2.74,6.0592,6.2514,4.4065,8.008,11.7322,8.7012,4.1617,5.9675,6.3245,11.0301,8.313,8.6864,5.0006,5.2529,9.676,5.6025,6.0916,9.5801,9.7404,3.629,7.251,9.3475,4.0,8.4972,9.3066,11.5054,8.5178,7.2588,10.0285,7.3754,8.5551,8.2767,12.0528,8.3257,10.713,9.1867,9.4891,10.2287,7.934,13.3977,15.3192,8.9234,5.0431,7.7911,4.5747,6.1468,6.1859,10.6769,4.316,6.0484,10.1888,14.7579,11.0915,14.7465,12.9865,10.9147,5.1706,8.6133,5.5301,13.4635,12.2059,12.2939,16.5848,8.4404,7.9825,9.9331,8.5641,12.4441,3.595,12.94,12.3652,13.52,7.6491,11.1983,11.2561,14.2292,6.8166,9.6235,11.6772,13.3473,14.3354,11.927,11.7251,7.579,7.4628,9.7553,6.8258,10.6727,8.2972,8.2033,12.8687,12.7245,7.7274,9.1718,11.1369,11.8054,6.5451,7.7887,8.2916,8.2336,11.5761,10.2349,12.4447,4.1089,11.0702,12.2456,10.9811,12.5515,13.5427,11.6531,13.1916,13.9568,16.3881,11.9136,9.3779,8.4011,11.2335,9.4729,10.3756,13.0319,10.6038,11.9898,10.3207,8.4174,12.4014,13.8093,11.4722,12.5939,19.9484,16.8035,12.4213,8.2523,13.2017,9.3316,9.6154,9.8503,8.4171,12.1201,11.4743,9.9414,6.1966,7.1622,6.5647,6.7794,6.7439,7.578,7.4978,6.7377,7.5907,7.5944,8.5089,7.471,7.1547,9.6019,8.2434,7.5964,8.0,6.5474,6.0424,8.0,8.5332,6.4808,8.2175,7.3976,9.3856,9.4867,7.896,9.8406,11.3955,10.013,12.6195,13.5859,9.6234,3.5424,7.4148,7.6355,6.0547,8.2048,9.9123,8.1563,9.2943,12.2292,7.3816,4.9565,10.9015,10.2665,9.5169,6.7733,6.2548,7.3644,7.2273,7.2244,10.5855,9.8925,7.9683,8.142,7.485,8.6139,10.0929,9.6768,12.2104,10.0789,9.5622,8.5376,9.1415,9.7101,12.4813,5.4753,8.7889,6.7514,9.1195,9.034,8.0553,7.9457,4.71,9.2797,11.0581,9.305,11.6412,11.1668,8.6545,8.8368,6.5883,4.6902,8.2,4.5853,3.6727,3.9506,5.2906,3.5454,3.8571,9.4672,6.3952,5.0725,8.4936,9.1411,3.5654,7.4745,5.8144,3.0004,7.5562,7.7311,3.8524,5.1817,9.7536,4.0001,20.9886,2.7001,2.7,3.5806,3.0006,3.0,3.2004,7.2336,6.3953,5.4372,4.1954,4.7001,4.6681,6.9444,6.1507,5.6765,3.0,4.0003,10.1027,4.7552,7.0222,3.513,4.3331,4.4451,4.1256,5.5841,5.3354,5.0,3.0001,2.0001,5.1453,4.3186,5.9794,2.0589,3.5,5.0047,2.001,2.7011,2.0,4.2938,2.0007,6.5873,7.1937,9.8952,7.131,7.131,7.131,7.131,7.131
119,16.1272,14.032,7.2728,8.2307,4.6239,15.172,8.8455,11.3524,14.644,12.4211,11.0486,16.9728,13.4544,8.8106,13.2424,8.0003,15.1702,15.5852,2.7301,3.4138,10.2992,11.2122,7.9975,4.0455,11.5943,5.5211,5.4604,9.811,9.6602,7.8576,9.6149,8.24,3.406,6.5637,9.5073,3.0619,3.5042,5.3295,8.3281,5.227,2.7298,7.5067,3.0019,3.5036,3.8175,2.7401,9.12,6.1549,8.0,2.8119,3.6431,2.7407,4.8798,2.74,3.5001,4.809,4.8295,2.0001,2.7401,3.9999,7.5314,6.0751,6.601,7.3277,9.2328,4.4672,2.7401,12.6754,10.7999,4.6494,5.0218,6.6994,6.5321,7.2999,10.0417,6.7653,3.6,3.9847,6.0589,11.7568,7.0838,6.7436,3.0016,4.3984,11.8151,5.5814,4.7447,10.2628,12.1606,2.8162,8.0702,11.6534,3.5297,8.1819,9.7237,12.1563,6.92,6.1432,9.0328,6.0528,7.5871,8.0258,11.016,9.3873,9.0826,9.2914,6.5275,9.5268,6.0105,12.697,12.8588,9.6192,3.9073,5.5808,4.0,6.4834,9.7917,9.4337,3.6319,7.6967,10.6486,13.2041,9.4263,11.5455,11.0323,9.2278,5.2136,8.7675,4.646,10.3325,10.2017,9.7981,12.3924,6.7027,6.3998,8.8385,8.3722,10.0664,4.1061,9.2215,10.3811,9.5735,2.8981,8.444,7.4991,12.0973,6.1814,8.2611,8.8703,10.8611,11.333,8.7067,10.4531,6.827,8.3165,7.4866,7.314,8.7297,7.1297,8.6894,10.1342,11.6284,5.7566,5.6822,7.9623,10.3774,6.7597,6.9569,7.6533,7.3401,10.8674,10.4607,11.7325,3.6053,8.118,10.4905,9.0016,9.1504,9.3239,10.4154,10.7799,10.6776,10.7722,10.9306,6.8876,6.6902,8.0842,7.5588,9.1724,12.0291,7.0066,7.6226,9.3243,7.7325,9.2402,10.7664,8.8911,10.984,15.3725,12.7989,8.1446,7.4459,12.1999,5.8177,7.9023,6.7738,6.7678,10.3457,12.0394,8.8722,5.4256,6.4779,5.1085,5.8429,5.1593,7.2261,7.1665,5.4261,6.1936,6.4453,7.967,7.5333,6.0427,7.3459,6.7253,6.0907,6.8331,6.3478,4.0,7.1848,6.83,5.7104,7.0396,7.464,7.5294,8.7838,7.4494,7.8127,9.0554,8.7295,11.2574,9.0395,8.0001,2.7007,7.6565,6.9698,3.7588,6.6447,8.0246,8.4182,8.7734,8.918,5.862,5.0004,7.6678,8.2796,7.6684,4.7074,5.6633,3.9595,6.8525,6.8771,9.5267,8.472,8.0919,7.2226,7.3818,7.1952,5.1971,7.1325,10.1879,9.6589,9.6723,7.3653,8.9879,9.7101,8.9308,6.4692,10.0798,7.2721,8.2101,8.3453,4.4663,9.2012,5.4976,8.2403,14.5254,9.1726,7.308,11.0242,11.4687,7.6611,14.7924,8.3782,10.2858,15.4193,9.4946,7.673,14.6178,8.4883,10.2726,9.5067,7.4244,6.4035,9.4284,10.425,8.9001,10.3559,10.0788,8.1224,12.4375,16.3404,10.9389,9.9653,18.6039,8.7829,21.3834,14.5146,8.1182,9.6662,10.7985,11.9871,5.7613,7.0096,9.743,12.5597,8.2,8.5705,11.6349,8.0,11.6675,9.9074,10.5229,7.4687,16.4027,8.1247,11.2794,4.8054,9.0,8.837,11.4049,10.2366,14.0984,11.5454,5.0855,5.3272,14.498,9.1829,10.4323,4.6201,5.3768,9.0912,7.8789,10.5978,6.4839,9.8818,7.3553,11.8539,12.2603,14.8832,16.5543,16.5543,16.5543,16.5543,16.5543
120,8.9269,11.5677,5.9697,7.4278,5.6612,8.8289,6.3823,8.2519,11.9337,12.0573,10.6127,11.9217,12.9776,6.6865,11.7162,6.2677,10.814,13.1161,2.9395,4.8369,12.7284,13.4351,8.211,7.204,11.3917,7.6043,7.7598,11.2904,12.8597,8.5818,11.7918,12.995,8.959,13.0376,13.6413,5.9624,3.5036,3.5001,11.8471,11.2856,6.8117,11.1323,3.9929,7.1729,7.1337,4.0,13.4129,9.0099,10.1203,5.0924,7.0139,5.1851,11.124,6.5037,6.2969,12.0815,8.8049,2.7401,4.2014,10.1685,10.8421,11.1337,11.0471,10.3612,10.385,9.8931,5.866,15.7822,11.6486,11.7306,9.8231,9.1066,7.8925,11.9383,11.0543,8.4664,5.4295,5.0014,8.1456,14.743,9.7126,8.4503,6.3984,7.4353,13.6895,6.6398,6.5471,11.5348,12.4755,4.8311,13.6875,10.9485,3.9998,9.1141,11.6758,12.7567,9.0553,7.0206,10.1421,9.2602,7.8453,10.1771,10.0004,7.2271,8.4498,8.5945,7.4452,11.9277,8.9945,11.0905,11.5734,12.9402,4.1662,3.9902,5.3215,9.1794,10.6008,9.213,6.1694,14.4403,8.6711,11.1159,7.6921,10.408,9.7678,7.6378,4.6063,8.896,4.0212,6.549,7.2466,6.216,8.7337,5.2375,5.133,10.0052,6.5457,7.8954,7.9991,8.5226,8.0001,9.1822,2.7401,7.4451,5.5373,8.2841,4.7201,5.8129,9.6009,9.3464,7.2995,6.8759,6.4895,5.7566,6.6399,3.5393,5.8955,7.4934,8.1238,6.603,8.2899,7.7117,3.9276,6.1482,8.932,6.0132,5.4565,5.8853,6.2607,5.3819,7.6587,6.8075,8.6064,3.0388,3.5903,7.4498,8.4799,7.7748,7.457,8.8784,8.9401,7.798,8.6873,9.0307,5.5352,6.0557,5.2812,7.4805,10.3299,8.1435,6.8118,8.1788,7.3611,6.0638,7.1315,11.8399,6.4542,8.3094,10.9018,9.4102,8.2136,5.8441,9.3424,5.5309,7.1508,7.0922,6.4069,8.4654,11.5275,8.6033,4.8785,4.4648,5.3957,5.3335,4.6133,5.8585,6.8159,3.9405,4.3415,5.4057,6.1001,6.5413,4.715,6.4504,5.2599,4.3967,4.2699,5.7415,5.4133,5.0711,5.4281,3.6801,4.378,6.9013,7.3877,7.2784,7.3824,6.3411,7.2591,5.5832,8.0291,6.9564,4.7798,4.3503,6.1856,4.3259,3.7973,4.8552,7.9284,6.1928,8.0,7.3328,5.1832,3.4258,6.6935,8.6351,7.6922,4.0001,5.6084,5.4723,4.9174,5.8299,8.71,8.1189,9.7001,8.0465,8.6615,7.981,6.8719,8.1419,9.9811,12.5738,9.7999,7.1523,7.0072,9.7101,8.8696,8.2101,13.2962,8.1442,9.0401,8.2394,4.0,10.7521,9.6652,10.1902,13.2505,10.816,11.835,10.8171,10.7426,9.1641,15.7044,7.8393,9.5204,12.0182,8.4504,5.7895,9.1153,5.3518,6.5949,7.5895,5.7172,3.0,8.5317,8.2524,8.1388,7.5777,8.3041,7.9604,10.5175,13.0574,4.2919,5.9731,11.8386,6.0515,16.7034,12.7399,3.6467,6.9226,8.0265,7.2482,3.4547,6.1878,8.2829,7.5528,7.5002,7.8432,10.6294,7.7408,8.3367,6.8731,8.0,3.4908,11.4769,8.0797,10.2103,5.8558,7.2657,5.967,4.2577,6.1322,7.2507,7.7887,4.1644,4.0001,6.6986,3.3961,7.2808,2.4187,3.7348,7.6747,4.7689,10.2637,4.2293,8.3326,2.3093,9.8591,10.1216,11.921,11.921,11.921,11.921,11.921,11.921
121,9.6036,8.0303,2.8148,3.8976,4.5651,3.5,3.9738,3.2786,8.8646,10.2696,9.2376,11.6043,10.6337,3.3178,8.3299,4.4257,5.7981,10.4915,2.71,3.0018,9.372,10.8838,6.0377,2.7406,10.1142,3.4433,4.0005,5.7866,10.2601,3.7256,3.0031,4.99,3.9947,5.9851,9.591,4.0,3.4998,2.7102,9.0807,7.9402,2.9962,9.854,2.7302,3.8053,3.5043,4.0001,12.4765,5.4107,6.0942,3.8982,5.7497,2.8998,8.46,4.6123,5.0137,10.0228,8.8872,2.7448,6.0434,15.513,11.4493,10.3802,9.9257,6.8043,10.1889,10.364,4.5585,11.0718,6.8079,6.5605,7.5019,6.2158,5.4335,9.3384,6.9283,6.7226,5.7313,8.0896,8.5872,14.3314,8.3581,7.6373,8.095,7.4515,15.7798,7.6605,6.9019,13.701,17.1647,5.9232,20.1809,13.2445,6.8607,11.1248,13.7286,18.6629,11.7404,13.6672,11.7917,8.3896,12.6985,14.3422,13.178,7.87,10.4503,13.14,7.1751,23.8835,12.5063,15.4247,15.1613,25.5449,11.5112,7.4245,8.4501,16.4451,27.4573,12.6529,15.4676,25.0689,9.4492,10.7898,8.2301,9.7623,10.8276,10.236,7.5557,9.2147,3.5004,8.7596,6.8819,8.0978,9.7186,6.1039,6.7165,13.3539,4.3214,10.6499,16.1566,8.0001,7.3931,8.2065,2.7405,6.857,5.5917,7.4289,3.0448,4.1456,9.0983,8.045,6.6794,8.8217,7.0939,5.2368,3.3879,3.3978,2.9245,4.1209,4.9043,4.9399,4.5533,4.416,6.2311,5.463,7.4505,5.8005,2.8015,3.5762,7.6762,4.9643,6.5429,4.9677,6.3992,2.7001,3.4129,4.572,5.39,6.9649,5.6843,5.6821,6.9326,6.7784,6.1085,4.968,5.5388,4.4402,3.8388,6.244,7.1611,6.2913,6.2384,4.986,6.574,4.8181,4.2244,6.0792,5.2628,6.6962,7.7238,6.936,7.3612,2.7478,5.6342,6.1267,5.3907,3.0107,4.7059,8.2321,8.9716,4.7522,5.1105,2.7109,4.8008,5.1967,4.9925,5.5309,6.3853,5.0965,7.1296,4.7347,5.9146,6.6276,3.6032,8.2778,5.6812,5.7867,2.7002,5.9222,5.8946,6.7353,3.342,3.0013,2.7002,6.5262,7.8188,6.841,6.2067,5.2818,6.0544,4.2392,7.6795,5.5207,8.2512,5.9901,4.7201,2.7001,2.8612,4.5389,4.2534,5.8207,8.749,5.9045,5.3584,3.0763,6.1181,7.6956,6.2267,3.4743,5.7711,3.5023,4.7275,6.8237,7.0179,8.814,8.263,7.6115,7.487,5.1207,4.0,5.2739,7.0008,8.7506,8.22,5.7763,4.0001,8.1332,3.6939,5.6606,9.0436,4.4052,4.4407,4.8011,2.9915,6.9444,5.44,7.1539,9.203,7.7341,10.6653,9.9105,8.13,7.9641,12.1034,3.345,5.1111,9.9044,6.6782,2.8321,6.6472,4.0001,3.9102,4.0438,4.4225,3.0009,6.3359,4.6718,7.0003,7.2605,5.2671,6.2343,8.7746,9.7503,3.0005,3.6529,9.0727,4.0,7.5002,11.053,4.2897,6.7529,8.0421,4.3258,2.0365,6.0291,6.751,3.2887,6.6617,5.0006,5.4348,5.8081,4.0894,4.4449,4.0234,3.0002,8.0431,6.3238,7.5377,5.5866,7.7533,3.7999,3.0001,4.71,7.048,5.8659,2.1139,3.0,6.0047,2.0006,6.8136,2.0001,3.5,6.6719,2.769,7.4113,4.1906,7.074,2.7333,9.0,9.9679,14.526,14.526,14.526,14.526,14.526,14.526
122,9.3102,6.3926,2.7101,2.7136,3.5316,2.9888,3.844,2.7,8.5984,8.9733,6.0381,8.7898,7.1688,2.7001,7.3506,3.7819,4.0358,10.4555,2.7101,3.5,10.1332,11.2099,4.3169,2.7405,4.4024,3.5032,2.7304,2.7402,9.7165,3.1163,3.4999,3.3891,2.73,3.5025,8.4094,3.4009,3.3751,2.71,9.4807,7.4567,2.73,3.5001,2.7302,3.0017,2.7401,3.0028,10.9596,4.1935,3.0027,2.762,3.581,2.6973,5.0564,3.9658,4.8935,9.0843,6.1927,2.7401,6.6205,11.7133,10.4494,7.3889,5.1686,4.8728,7.4638,7.7237,3.0009,7.5552,5.2336,2.7401,4.7318,3.0011,2.7401,4.745,2.7408,3.5,3.5031,3.7699,8.2417,8.0018,3.2254,2.7401,2.74,4.0,8.7252,3.7342,4.5258,9.033,12.0001,3.6908,13.7111,9.5993,2.7001,5.2607,8.2413,9.5055,3.7041,6.2201,7.6618,7.6428,7.0931,8.1314,4.9976,5.941,6.9764,8.5929,5.4608,13.3988,4.4935,6.6499,12.4306,14.6103,4.1074,2.3259,6.7224,9.2769,10.2698,7.8712,7.7641,13.7866,7.4658,4.0556,5.5184,4.3817,6.9663,5.5507,4.02,6.7345,4.5982,4.0001,3.0849,3.5021,6.6884,5.4283,5.3362,10.6913,2.7407,8.3345,10.957,6.0094,4.7321,5.9677,2.7401,5.276,5.6389,4.7766,2.7099,2.7301,8.0893,7.7007,6.5669,6.0716,6.2723,4.0661,2.7102,2.7,5.5453,3.5,2.9442,6.5243,4.1261,4.5348,4.2272,2.005,6.0162,6.5892,3.2135,3.1506,5.2358,4.1747,5.1862,3.4316,4.7136,2.7001,3.0021,4.3088,5.0009,3.467,3.8233,3.5001,4.889,5.9816,5.9082,2.0001,2.3365,2.0001,1.5029,2.7113,6.1233,2.8289,4.1464,4.9782,5.9061,2.1006,2.7402,2.1639,2.0001,5.5286,4.2528,6.0566,6.425,2.0002,4.4275,4.2111,3.3482,3.1251,3.7721,7.7062,7.2686,5.1996,4.6906,2.0002,4.0948,4.4755,4.5363,3.001,4.6183,4.2419,5.8041,4.8284,5.4929,3.1165,2.0002,6.0202,3.3851,3.9689,2.0002,2.7112,4.6902,5.5945,2.004,2.0002,2.7001,4.8549,4.4793,4.565,3.4083,2.89,3.5025,3.5025,4.1478,2.7001,2.956,2.7003,3.2049,2.7,2.7001,2.71,2.7301,3.9755,4.6323,2.7002,2.7001,2.7001,3.0013,3.9738,2.7002,2.7001,3.5001,2.5001,4.6772,2.8755,3.5435,7.4035,5.8078,5.3582,3.9821,2.7002,3.001,4.0,4.0,7.227,6.3556,3.2344,4.0,4.0001,3.0872,3.0006,8.2761,2.7001,3.3329,3.5001,2.7001,6.7411,2.8211,5.1311,7.9646,6.722,4.0,4.977,4.0792,3.0009,5.6927,2.7001,2.7001,8.58,3.6914,2.7,7.4353,2.7001,3.0005,3.0004,4.0645,2.7002,3.5781,2.7002,6.5563,6.7033,3.1,4.0001,8.3621,7.528,3.0005,5.2379,7.4164,4.0002,9.3733,11.5479,2.7001,5.6027,9.2148,2.7001,3.0011,4.784,6.3183,3.1826,6.3669,5.6138,4.7,6.1905,3.0001,3.0,3.0485,3.0,6.09,7.0155,8.0381,4.906,9.4977,6.2222,3.0,3.5001,5.8682,5.5964,2.0,2.3829,4.7858,2.0,6.0136,2.0,3.259,6.0644,2.0635,6.1026,5.7302,8.9599,2.0008,8.0,5.0,14.2405,14.2405,14.2405,14.2405,14.2405,14.2405
123,8.1203,6.2804,2.0001,2.6999,2.7,2.7001,2.7,2.4004,6.4506,5.8038,3.881,5.3358,7.0243,2.7,5.2416,3.5027,3.0879,8.8603,3.1292,2.7146,9.1448,11.629,4.8485,2.7301,2.7401,2.715,2.7,2.74,6.1423,2.6821,2.7398,2.7397,2.9839,3.7994,6.0382,2.7,2.6996,2.7099,7.2042,6.2733,2.6999,2.5989,2.7099,3.0001,2.7401,2.74,7.85,2.9459,2.71,2.74,3.0016,2.2301,3.2773,2.7301,3.8381,6.2949,2.9796,2.3551,6.4211,5.8883,5.2128,5.0017,2.7302,3.2052,4.2754,4.1943,2.74,4.9147,2.2906,2.7099,2.1273,2.7399,2.7401,3.0025,2.74,2.0034,2.74,3.0031,3.0029,10.0163,2.3072,2.0041,2.0001,2.0001,3.2297,2.73,2.7401,6.2963,11.0693,2.74,10.559,2.7297,3.0008,5.5796,11.0344,9.2284,2.7,2.7298,2.74,3.001,3.5001,7.9997,2.7301,2.873,6.7068,5.4125,2.7297,11.1099,2.7097,3.9999,3.7584,9.971,2.7097,1.7038,3.0013,4.0,6.5292,2.7399,3.5446,8.7007,3.222,2.7399,3.0015,2.74,2.7411,2.6998,2.6461,6.6394,2.0054,3.191,2.0048,2.7401,3.0009,2.7399,2.71,6.4434,2.556,6.5742,8.0,2.7099,2.7832,4.8722,2.0001,6.0838,3.724,2.7399,1.71,2.71,4.2188,5.3777,4.0148,3.0012,2.9541,2.8231,1.1159,2.0062,4.0002,2.7101,2.7101,2.9456,2.8632,2.6611,2.7099,2.0,4.0,2.8758,1.25,2.0002,3.2387,2.7403,3.5025,2.0001,2.0001,1.6798,2.7298,2.1033,3.3292,2.0006,1.6069,2.0049,3.0825,2.0048,2.0001,2.0,2.0048,1.3365,1.1082,1.2114,2.0001,2.0001,2.74,3.001,3.0906,1.0496,2.0001,2.0,1.0896,2.2347,2.7402,2.8129,2.5656,2.0002,2.0,3.2589,2.0002,2.3551,2.3274,4.2516,4.8223,1.8165,2.0034,0.6906,2.0001,2.7102,2.0001,0.9624,2.0043,2.0029,2.7681,2.0047,2.3992,2.0032,0.26,2.6742,1.5149,2.4568,0.546,2.0001,2.0001,3.1891,0.8173,1.1422,2.0002,2.7002,2.3936,2.1685,2.0002,2.0041,2.0008,1.6022,3.4589,2.0702,2.0046,2.0,0.7748,1.7027,2.0002,2.0001,2.7,2.0003,2.6154,1.2501,2.0002,2.7,2.0037,2.0002,2.0001,2.0042,2.0973,2.0001,2.7002,2.0034,2.25,4.0851,2.7001,2.7001,2.7001,2.2501,2.7001,2.7001,2.7101,5.8237,3.6049,2.2501,2.7001,3.0007,2.7,2.7101,5.001,2.25,2.5001,2.6801,2.0033,3.278,2.5001,3.5,3.8751,9.445,2.7001,2.7103,2.7002,2.7001,4.0001,2.25,2.5,8.3407,2.7104,2.68,5.7659,2.7002,2.2501,3.0004,2.7108,2.6801,4.8858,2.7002,3.9969,5.0822,2.7008,3.5025,6.795,5.6082,2.7,2.7393,2.7002,4.0001,7.5002,8.4534,2.7,3.6485,7.3255,2.7002,2.0,3.3305,6.3512,3.0,5.0006,4.7,2.8725,3.0001,3.0,2.0,3.0,2.0,3.8048,5.4056,5.3333,2.9777,5.3283,2.4881,2.0,2.7094,3.2034,2.7018,2.0001,2.0001,3.0236,2.0,5.0451,2.0,3.0002,5.5067,2.0003,3.4562,3.3885,7.072,2.0,6.0917,3.5,13.4808,13.4808,13.4808,13.4808,13.4808,13.4808
124,8.0978,4.9192,1.7246,2.0002,2.0,2.0051,2.2017,2.0002,3.9379,3.6285,2.7099,3.321,2.7001,1.6999,2.6999,2.7,2.74,6.9636,2.7101,2.7098,4.5004,7.2588,2.7299,1.7324,1.9999,2.0002,2.0001,2.0001,4.1491,2.0002,2.0001,2.0,2.0001,2.7401,5.6058,2.006,2.0003,2.0001,4.1287,2.0042,1.7412,2.0001,2.0001,2.73,2.0002,2.0001,4.5535,2.73,2.326,2.0,2.74,2.0615,2.7301,2.74,2.1332,3.9141,2.1235,2.0001,3.7899,5.3462,2.7404,2.74,2.71,2.7298,2.74,2.74,2.71,2.73,2.0002,2.0002,2.0,2.7399,2.7401,2.7401,2.3493,2.0001,2.0001,2.7401,2.7404,6.8315,2.0006,1.8907,1.7325,1.7424,2.0035,2.7101,2.7301,4.0877,3.2276,2.0002,8.2401,2.0006,3.0001,4.0001,9.9907,5.5203,2.1764,2.7298,2.7298,2.7433,5.3597,4.8282,2.0006,2.7298,3.6353,2.74,2.7297,7.5272,2.7097,2.7399,2.0034,6.646,2.7097,2.0001,2.383,3.0017,3.9477,2.7298,2.7298,6.1641,2.74,2.7701,3.0014,2.7398,2.6067,2.4997,2.2499,3.2178,2.0053,4.0,2.3762,1.7402,2.74,2.0043,2.7298,4.9724,2.0053,2.7399,3.5494,2.0043,2.74,2.1209,2.0001,2.74,2.492,2.0002,1.6999,2.0002,2.6694,3.1087,2.0053,2.0001,2.0001,2.0001,1.25,2.0057,2.7299,2.25,2.7,2.3911,2.0001,2.0001,1.7451,1.25,2.0042,2.0002,0.3494,1.702,1.4836,2.0001,2.0001,0.9503,0.68,1.2499,2.0002,2.0001,3.0013,2.0002,1.6555,1.6997,2.71,2.0001,2.0001,1.5121,2.0001,1.2527,0.4779,1.6412,1.7522,2.0,2.0,2.0001,2.0001,2.0,1.0048,1.6998,2.0001,2.0001,2.0001,2.0034,2.0001,2.0002,2.0002,2.0002,1.0644,2.0,2.0,2.759,2.0007,0.345,0.8114,0.0502,0.727,2.0046,2.0001,0.056,0.965,0.5779,1.3383,1.7199,2.0001,1.3628,1.0734,2.0031,0.2615,2.0,0.1618,1.7533,0.1608,1.75,0.056,0.25,1.2237,2.0002,1.1281,1.0032,0.6165,0.6,0.4959,0.6,1.9362,1.2501,1.0037,1.05,0.2509,1.6801,2.0,2.0,2.0001,0.6,2.0001,0.9649,2.0002,2.0001,2.0001,1.2547,1.2501,2.0002,2.0001,2.0,2.0001,2.0001,2.0,2.0038,2.2501,2.5112,2.0043,2.0043,2.7001,2.7001,2.7001,2.7158,2.0184,2.0001,2.0046,2.7001,2.003,2.0002,3.1872,2.25,2.25,2.6801,2.0026,3.0007,2.2501,2.7401,2.7402,6.0959,2.7101,2.7001,2.7001,2.7001,2.7001,2.25,2.25,4.4396,2.7101,2.5,3.0154,2.7001,2.2501,3.0004,2.7001,2.7001,3.764,2.0055,2.7002,2.7002,2.3252,2.6801,5.9878,2.9233,2.3923,2.7002,2.3109,2.7001,3.6317,5.7141,2.7,2.7,4.8296,2.1485,2.0,2.0162,3.3197,2.0001,3.0,2.6581,2.0,2.0,2.0009,2.0,3.0,2.0,2.0011,2.5006,3.0003,2.0001,3.0236,2.0,2.0001,2.0001,2.0,2.6823,2.0,2.0,2.0004,2.0,2.8362,2.0001,2.0001,5.0962,2.0,2.0,2.6884,5.4028,1.7004,6.0854,2.7186,11.2382,11.2382,11.2382,11.2382,11.2382,11.2382
125,5.4347,4.5701,1.0594,2.0001,1.703,2.0001,2.0002,2.0001,2.7,2.1071,2.003,2.6522,2.0044,1.3999,2.5758,2.6999,2.74,5.8822,2.0172,2.0002,2.7301,2.7435,2.0002,1.7301,2.0002,2.0001,1.9649,1.7402,2.4335,1.44,2.0,2.0001,2.0,2.0,2.7441,2.0001,2.0,2.0,2.7401,2.0001,1.7322,2.0002,2.0002,2.7299,2.0,2.0003,2.0206,2.0044,2.0003,2.0001,2.7401,2.0002,2.1226,2.0045,2.0002,2.7401,1.7925,2.0001,2.7401,4.0,2.74,2.74,2.0001,2.2311,2.7301,2.7428,2.71,2.7401,2.7401,2.418,2.7139,2.8251,3.0027,2.7441,2.0003,2.0028,2.0001,3.0023,3.0017,4.1373,2.73,2.0001,2.0001,2.0001,1.993,2.7302,2.74,4.3622,3.0015,2.7399,2.5255,2.7298,9.9908,3.2442,8.1293,2.7299,2.7099,2.6999,2.7298,9.0712,4.0001,2.5926,2.0002,2.7097,2.25,2.9353,2.7099,2.7409,2.7296,2.7399,2.0001,2.7408,2.7099,2.0015,2.744,2.9299,2.6999,2.7297,2.7399,4.4046,2.7403,3.0015,2.7443,2.0039,2.4999,2.0498,2.7097,2.74,3.0016,2.74,2.0047,2.74,2.74,2.7401,3.0016,2.7399,2.7399,2.0048,2.7399,2.0045,2.0,2.0,2.0042,2.7399,2.3484,2.0002,2.0002,2.0001,1.67,2.0001,1.3517,1.3306,2.0002,2.0001,2.0,2.0044,2.0001,2.4998,2.452,2.0007,1.5001,1.0915,1.0046,1.0355,1.767,0.5003,0.8803,0.553,2.0001,2.0002,1.1591,1.5224,1.6999,1.484,1.6404,2.0001,2.74,1.4999,1.0873,1.5028,1.49,1.3301,0.2506,1.0019,1.6594,0.0559,0.2501,2.0,1.1621,0.2509,2.0,2.0,1.8671,1.0024,0.4999,2.0001,1.5738,0.251,2.0001,2.0001,1.7026,0.88,1.2558,0.9555,1.8052,1.7306,1.5983,1.3001,2.0002,0.1017,0.7614,1.6801,1.5678,2.1006,1.924,0.2512,0.7326,0.4,2.0001,1.8273,0.6981,0.2801,0.5242,1.4479,0.07,2.0002,2.0001,2.0002,0.2514,0.54,0.51,1.0036,2.0001,1.1278,0.6,0.26,0.26,0.6,1.2292,1.7031,1.03,1.2501,1.0037,1.4913,2.0001,2.0002,2.0038,2.0,2.0002,0.8859,2.0001,2.0,0.88,2.0002,2.0002,2.0,2.0002,2.0,2.0,2.0001,3.5731,2.0,2.003,2.0002,2.1932,2.3779,2.345,2.7001,2.7,3.6175,2.7001,3.1539,2.004,2.25,2.7001,3.0005,2.0042,2.0027,2.5001,2.7001,2.7001,2.7001,2.0002,2.7101,3.0005,2.7101,3.0,2.7002,2.7001,3.0006,2.7001,2.7001,4.3978,2.7,2.7,6.4808,2.7001,2.7301,2.68,2.7002,2.7765,4.5596,3.0007,3.5003,3.0009,2.0015,2.7002,2.0003,2.0011,2.7001,4.2563,2.7002,2.0002,2.7002,2.25,2.7001,3.0006,3.0011,2.7,2.7,3.0009,2.008,2.0,2.0,3.0,2.0,3.0001,2.0043,2.0,0.7,2.0001,2.0,3.0,2.0001,2.0001,2.0001,2.0511,2.0,2.0004,2.0,2.0001,2.0,2.0,2.0,2.0,2.0001,2.0,2.0,2.0,2.0,2.0,2.001,2.0,2.0,2.0001,3.5,1.33,3.2297,2.0001,8.0134,8.0134,8.0134,8.0134,8.0134,8.0134
126,4.7611,3.5001,2.0002,2.0052,2.0001,2.0,2.0,2.6999,2.3698,4.8268,2.2825,2.4843,2.0001,2.0,2.3821,2.74,2.7399,7.3599,2.5598,2.1141,4.3935,2.7298,2.0002,2.0306,2.0001,2.0,2.443,2.0001,2.6194,2.0,2.0001,2.0059,2.0001,2.02,6.2034,2.0002,2.7399,2.0048,2.0,2.0002,1.71,1.843,2.74,2.74,2.0045,2.0001,2.0,2.0002,2.0001,2.0001,2.9733,2.7101,2.2321,2.0047,2.0002,2.0,2.0936,2.7401,2.7404,4.0001,2.7401,2.6967,2.0002,2.7301,4.3976,7.4476,2.71,2.7,2.74,2.5496,2.0035,3.0329,3.0027,2.7441,2.0,2.0001,2.0001,3.0021,3.0017,4.6132,2.74,2.0001,2.0041,2.0,2.0001,2.7301,2.74,3.1766,3.0,2.7299,2.7165,2.7099,8.7558,4.992,9.7291,2.3796,2.6999,2.71,2.7297,6.7325,5.9874,2.6997,2.0001,2.6998,2.0028,2.7099,2.7297,2.7409,2.7297,2.7399,2.0012,2.6998,2.6998,2.7397,3.0009,2.8195,2.0033,2.7298,2.7399,2.7728,2.7399,4.0,3.0,2.7399,2.2939,2.0003,2.7098,2.7398,3.0,2.7398,2.74,2.7399,2.74,2.7401,3.0,2.74,2.2434,2.3285,2.74,2.0043,2.0001,2.0045,2.005,2.0001,2.0055,2.0002,2.0002,2.0001,0.9022,1.2304,1.257,1.6798,2.0001,2.0001,2.0001,2.0001,2.0001,2.0001,2.0001,2.0,0.2508,0.5,0.3648,1.2299,1.0958,0.2595,0.8442,0.25,1.6095,2.0001,0.6698,1.5313,0.951,1.6999,2.0002,2.0,2.0001,1.6829,0.6,1.25,1.0023,1.4301,0.2764,0.6599,1.0308,0.0498,0.25,1.0037,0.7732,0.056,1.2673,1.7217,1.0124,1.0,0.4,0.9853,1.25,0.9503,2.0001,2.0001,1.2501,0.2962,0.2504,0.4,0.8972,1.2531,0.8624,0.6,1.446,0.146,0.5437,1.6801,2.0001,2.0001,1.4827,0.0702,0.4,0.056,2.0,1.6226,0.5913,0.2512,0.26,0.5173,0.1395,1.9787,1.201,2.0001,0.2856,0.6,0.69,1.7001,2.0001,2.0,0.375,0.2501,0.26,0.6,0.67,1.5644,0.85,0.88,1.2501,1.7037,1.703,2.0001,2.0002,2.0,2.0,0.51,1.7284,1.5266,2.0002,2.0002,2.0,2.0001,2.0002,2.0,2.0001,2.0,2.2805,2.0001,2.0,2.0001,2.0003,2.0194,2.3741,2.7001,2.7,3.0005,2.7001,2.5348,2.0035,2.0001,2.0031,2.7001,2.0028,2.0001,2.0034,2.7001,2.7,2.7001,2.0001,2.7001,3.0005,2.7101,2.7105,2.7001,2.7001,3.0109,2.7001,2.7001,3.4913,2.68,2.7,5.3795,2.68,2.7301,2.5,2.7002,3.0,3.2089,2.7506,3.9897,3.9108,2.9479,3.8424,2.0001,2.0008,3.5,3.0005,2.0001,2.7,2.7002,2.5,3.0,3.0001,5.8275,2.7,2.7,6.2155,2.0,2.0,2.0,3.0001,3.0001,3.0001,2.0,2.0,2.0,2.0001,3.0,4.0002,2.0001,2.0,2.0,2.0,2.0,2.0,2.0,2.0001,2.0,2.0001,2.0,2.0003,2.0002,2.0,2.0,2.0,2.0,2.0001,2.0001,1.74,1.7002,2.8797,3.2227,1.1052,6.6099,2.0001,4.0362,4.0362,4.0362,4.0362,4.0362,4.0362
127,4.6905,2.9685,2.0001,2.7133,2.0001,2.0,1.7,2.5004,2.2213,4.0262,2.7,2.6998,2.0002,1.7,2.6999,2.7403,2.74,4.6982,2.73,2.5726,3.6951,2.7298,2.0002,2.4711,2.0001,2.0002,2.0061,1.7423,2.4635,2.0001,2.4506,2.0065,2.0001,2.0047,5.1216,2.3812,2.7296,2.0001,2.0001,2.0,2.0001,2.0002,2.73,2.7401,2.0001,2.0001,2.0,2.0,2.0002,2.0001,2.9919,2.7099,2.0043,2.0001,2.6751,1.8061,2.1838,2.7401,4.0,4.0001,2.0001,2.2355,2.0001,2.0039,3.5407,7.8283,2.71,2.71,2.8201,2.0044,2.7398,3.002,2.7405,2.7402,2.0001,2.0033,2.0001,3.0024,3.0017,3.9998,2.7399,2.0001,2.0002,2.0001,2.0001,2.73,2.74,3.0001,2.7401,2.7299,2.7298,2.7096,8.2403,3.0012,8.0002,2.5348,2.4711,2.7099,2.7298,3.9998,5.9796,2.6965,2.0002,2.0025,2.0001,2.6998,2.7297,2.7098,2.7297,2.7399,2.0013,2.1421,2.7298,2.74,3.0009,2.74,2.25,2.7399,2.7398,2.902,2.7399,3.4996,3.0014,2.74,2.2499,2.0001,2.7098,2.863,3.0015,2.7399,2.74,2.74,2.7399,2.7399,2.74,2.74,2.74,2.0042,2.74,2.0041,2.0001,2.0001,2.0039,2.0001,2.0575,2.0001,2.0002,2.0046,0.7076,1.1366,1.7098,1.1744,2.0001,2.0002,2.0,2.0,2.0,2.0001,2.0001,2.0001,0.0606,0.9683,0.4701,1.25,1.7025,0.2596,0.25,0.2501,1.6799,2.0002,1.1301,1.5597,1.6999,1.6999,2.0001,2.0,2.0001,2.0002,1.2499,1.5028,1.782,1.4162,0.2507,0.4998,1.4257,0.0558,0.0559,1.184,1.0499,0.056,0.8497,2.0,1.5738,0.5656,0.3532,0.9909,0.6,1.2532,2.0,1.3007,1.2501,0.062,0.2,0.3942,0.7023,1.5528,0.6,0.5469,0.6,0.0501,0.2514,1.7001,2.0001,2.0001,1.1824,0.056,0.4,0.056,1.4327,1.3721,0.5342,0.2501,0.5006,0.2501,0.056,1.3828,2.0001,0.8673,0.402,0.6,0.69,1.7001,2.0001,2.0001,0.1019,0.2011,0.26,0.6,0.3241,1.1502,0.26,1.0036,1.0036,1.5058,1.703,1.5001,2.0002,2.0002,2.0001,0.3451,1.8793,1.2501,1.5027,2.0,2.0,2.0001,1.6827,2.0001,2.0001,2.0,2.0028,2.0001,2.0001,2.0002,2.0003,2.0049,2.183,2.7001,2.7,3.0005,2.7001,2.4095,2.0041,2.0001,2.0525,2.7001,2.0028,2.0001,2.0027,2.7001,2.7,2.7001,2.0002,2.7001,2.7401,2.7101,2.8298,2.7101,2.7001,3.5002,2.7,2.7,2.9353,2.68,2.7,5.3473,2.68,2.73,2.68,2.7002,3.0,3.0372,2.8056,3.0008,3.1544,2.7003,2.7101,2.0001,2.0008,2.71,3.0005,2.0003,2.7,2.7002,2.2501,3.0001,3.0006,4.44,2.7,3.0,4.9819,2.0,2.0,2.0,3.0001,3.0,3.0006,2.0,2.0,2.0,2.0001,2.9296,10.9775,2.0001,2.0001,2.0,2.0,2.0001,2.0,2.0,2.0001,2.0,2.0,2.0,2.0001,2.0001,2.0,2.0,2.0,2.0,2.0001,2.0,1.91,1.7004,2.7528,3.0,0.7739,4.2231,2.0,3.0,3.0,3.0,3.0,3.0,3.0
128,5.0099,2.7101,2.0002,2.713,2.0002,1.7017,1.7,2.6437,2.0432,3.2858,2.6999,2.1071,2.0002,2.0001,2.6999,2.74,2.7401,5.7871,2.73,2.7301,3.2071,2.7101,2.0002,2.0004,2.0001,2.0001,2.0001,1.7424,2.004,2.0001,2.5742,2.0059,2.0,2.0068,5.472,2.0052,2.7297,2.0001,2.0,2.0002,2.0001,2.0,2.73,3.079,2.73,2.0001,2.0,2.0002,2.0002,2.0001,3.4344,2.7,2.436,2.0003,2.7298,2.0001,2.0003,2.7401,4.0,8.0002,2.0038,2.7301,2.0001,2.7399,2.74,7.3957,2.71,2.7,3.5961,2.0045,2.7398,2.7433,2.743,2.7442,2.0033,2.0034,2.0001,3.0022,3.0021,3.0018,2.7401,2.0001,2.0002,2.0001,2.0001,2.73,2.7399,3.0001,2.7401,2.7299,2.7299,2.7098,8.2404,3.0024,8.2412,2.7099,2.0128,2.7099,2.7099,3.1757,5.193,2.7007,2.0002,2.6998,2.0001,2.6997,2.7297,2.7107,2.7296,2.7399,2.0014,2.0016,2.7297,2.7401,3.0013,3.3943,2.25,2.7399,2.7399,2.741,2.7297,3.4999,3.0014,2.7399,2.0961,2.0001,2.6998,3.0025,3.0,2.004,2.3411,2.74,2.7399,2.7401,3.0001,2.7399,2.7399,2.0043,2.7401,2.0052,2.0001,2.0001,2.0041,2.0041,2.0004,2.0002,2.0002,2.0065,2.0001,1.1333,1.4954,2.0,2.0001,2.0001,2.0,2.0001,2.0001,2.0001,2.0001,2.0001,0.6808,0.3487,0.6801,1.2499,1.894,0.2596,0.25,0.5102,1.7028,2.0002,1.6798,1.9996,1.6999,1.6999,1.7026,2.0001,1.0496,1.0016,1.2501,1.6829,1.0018,1.5284,0.1249,0.3029,1.0017,0.0558,0.0559,0.8802,1.0509,0.3501,0.6613,1.6366,1.0502,0.5378,0.3502,0.5237,0.3501,0.2503,1.453,1.253,1.2501,0.056,0.2,0.35,1.4658,1.4508,0.6,0.0709,0.0971,0.0502,0.1805,0.77,2.0001,2.0,1.2315,0.095,0.056,0.056,0.7644,1.03,0.2847,0.2501,0.2512,0.26,0.056,0.8866,2.0001,2.0001,0.2509,0.6,0.69,1.7001,2.0001,0.85,0.5654,0.0856,0.6,0.6,0.3055,1.2033,0.26,0.88,1.0036,1.7037,1.703,1.5001,2.0002,2.0001,2.0001,0.26,1.3359,1.2501,1.5027,2.0001,2.0,2.0001,1.7026,2.0001,2.0001,2.0001,2.0029,2.0,2.0001,2.0003,2.0001,2.0037,2.0923,2.7001,2.7,3.0005,2.7001,2.3454,2.0001,2.0001,2.0035,2.7001,2.0028,2.0001,2.0001,2.7001,2.7001,2.6801,2.0002,2.7001,2.71,2.7101,2.7101,2.7,2.7001,4.2095,2.7,2.7001,2.7101,2.68,2.7,4.5474,2.68,2.7301,2.7,2.7002,3.0001,3.3524,2.7002,2.7003,3.5059,2.7002,2.7107,2.0001,2.0035,2.7137,3.0,2.0002,2.7001,2.7002,2.2501,3.0001,3.0006,3.5007,2.7,3.0008,5.3356,2.0,2.0,2.0,3.0001,3.0001,3.0001,2.0,2.0,2.0,2.0002,2.0348,10.97,2.0001,2.0,1.6367,2.0001,2.0001,2.0,2.0,2.0,2.0,2.0,2.0,2.0003,2.0001,2.0,2.0,2.0,2.0,2.0,2.0,1.91,1.379,2.7368,3.1874,0.7,3.5259,2.0,2.5,2.5,2.5,2.5,2.5,2.5
129,5.1354,2.71,2.0002,2.7132,2.0,1.7017,2.0002,2.7041,2.1024,3.5037,2.6999,2.6999,2.0001,2.0002,2.6998,2.7399,2.7401,3.9432,2.73,2.73,4.2387,2.005,2.0004,2.0064,2.0002,2.0049,1.7423,1.7424,2.4366,2.0,2.9705,2.0054,2.0001,2.0047,5.4005,2.4087,2.7296,2.0001,2.0001,1.9947,2.0,2.0,2.73,3.0023,2.73,2.0001,2.0002,2.0001,2.0002,2.0001,3.515,2.7301,2.4567,2.0001,2.5015,1.8388,2.0,2.7401,4.0264,4.0001,2.0034,2.7301,2.0,2.0043,2.7401,7.195,2.73,2.7101,3.9087,2.7401,2.7401,2.74,2.7401,3.5,2.0031,2.0031,2.0,3.5,2.7401,3.0015,2.74,2.0001,2.0041,2.0001,2.0045,2.7299,2.7399,2.74,2.8902,2.73,2.7401,2.71,8.2299,3.0012,9.9903,2.7299,2.7099,2.7099,2.7298,3.5969,4.0001,2.7008,2.0002,2.6998,2.0026,2.71,2.7297,2.7107,2.7296,2.7399,2.0001,2.0294,2.7997,2.0014,3.4028,3.1176,2.6999,2.7399,2.7399,2.7424,2.7298,3.4999,3.0014,2.7296,2.2323,2.0001,2.7097,2.9928,3.0017,2.74,0.7509,2.74,2.7401,2.7399,2.7401,2.7399,2.74,2.0042,2.74,2.0052,2.0,2.0001,2.0055,2.0055,2.4758,2.0002,2.0002,2.005,1.6999,1.1305,1.7099,2.0001,2.0001,2.0002,2.0,2.0,2.0001,2.0001,2.0001,1.2535,0.3005,0.6094,0.2509,1.25,2.0001,0.2868,0.25,0.6902,2.0001,2.0002,1.0477,2.0002,1.6999,0.2603,2.0002,1.7742,1.3372,2.0001,1.0023,1.5025,2.0,1.0536,0.056,0.2501,1.2523,0.0557,0.2501,0.8802,1.0019,0.4,0.4167,1.4307,1.0001,0.6086,0.4662,0.6294,0.3641,0.269,2.0,1.5324,1.2501,0.056,0.2,0.4117,1.8549,2.0001,1.0074,0.1303,0.322,0.0502,0.25,0.6,2.0001,2.0043,1.8543,0.2447,0.063,0.056,0.6,0.9544,0.6,0.2501,0.26,0.4364,0.056,0.8896,0.251,2.0001,0.3,0.6,0.69,1.7001,0.85,0.85,0.5004,0.26,0.26,0.6,0.4113,1.13,0.26,0.88,1.0036,1.7037,1.703,1.5001,2.0,2.0,2.0,0.4398,1.5818,0.6,1.2501,2.0001,2.0001,2.0001,1.7027,2.0001,2.0001,2.0,2.0031,2.0001,2.0001,2.0001,2.0002,2.4462,2.4452,2.7,2.7,3.0005,2.7001,2.6801,2.0001,2.0001,2.0036,2.0031,2.0032,2.0001,2.0001,2.5,2.7001,2.68,2.0002,2.7002,2.7001,2.7101,2.7102,2.0024,2.003,3.8199,2.7001,2.7001,2.7,2.7,2.7,6.9711,2.7001,2.7301,3.708,2.7001,3.0,4.1043,2.711,2.7101,3.8489,2.7002,2.8437,2.0011,2.0035,2.7,2.7107,2.0001,2.7001,2.7002,2.2501,3.0,2.7101,3.6431,2.68,2.8469,4.0665,2.0,2.0,2.0,3.0007,3.0001,3.0008,2.0,2.0,2.0,2.0003,2.2401,12.2586,2.0001,2.0,1.935,2.0,2.0,2.0,2.0,2.0,2.0,2.0,2.0,2.0,2.0001,2.0,2.0,2.0,2.0,2.0001,2.0,1.05,1.3771,2.9269,4.2286,0.71,2.7007,2.0,2.4752,2.4752,2.4752,2.4752,2.4752,2.4752
130,5.1599,2.8384,1.7025,2.7101,2.0001,1.7018,2.7,3.7649,2.0002,3.0582,2.7001,5.0331,2.0,2.0002,2.6998,2.7401,2.74,4.0491,2.7301,2.7299,6.5783,2.0001,2.0001,2.0002,2.0001,2.1038,1.7422,2.0,2.7403,2.0001,5.0975,2.0053,2.0,2.0001,6.3998,2.7399,2.7399,2.0,2.1106,2.0002,2.0002,2.0002,2.73,3.0599,2.73,2.0001,2.2953,2.0043,2.0002,2.0,3.6173,2.73,2.73,2.0002,2.2171,2.0001,2.624,2.7402,2.7401,2.74,2.3344,2.73,2.5584,2.654,3.3453,8.4845,2.7401,5.4698,8.0398,4.0,3.3181,4.5219,3.0023,4.0001,2.74,2.74,2.74,7.269,4.0,3.5001,2.74,2.7398,2.9714,2.005,6.604,3.6917,4.8958,3.9202,2.74,4.0,9.9118,2.7098,4.54,4.0,8.2411,2.7407,2.7299,2.7404,4.0001,2.9287,7.7186,7.9545,2.4623,2.7097,2.0002,2.7299,2.74,3.2722,3.001,2.7399,2.0002,2.74,3.9492,2.0001,3.0012,2.7299,2.7099,2.7399,3.0024,4.9372,2.7296,4.0,2.7397,3.6205,2.6797,2.25,2.7098,3.9995,3.0016,2.7401,1.7401,2.7399,2.74,2.7878,4.0,2.7398,3.0015,2.74,3.1074,2.7299,2.0001,2.0045,2.74,2.0001,2.74,2.7297,2.0002,2.0059,1.9999,1.3779,2.0001,2.0002,2.0001,2.0001,2.0001,2.0003,2.0044,2.2499,2.0052,2.0001,1.2622,1.6294,1.0502,1.5025,2.0,1.9198,1.4998,1.8606,2.0002,2.0002,1.7025,2.0002,2.0,2.0001,2.0001,2.0002,2.0001,1.6831,1.683,1.0017,2.0001,1.5934,0.4999,0.25,1.8315,0.5004,0.6003,1.253,2.0,1.2549,1.53,2.0001,2.0001,1.3286,1.0501,1.1287,1.2499,1.0533,1.9738,2.0,2.0001,0.68,1.2093,1.7144,2.0001,2.0001,2.0002,1.7477,1.6011,0.3262,2.0001,1.25,2.0001,2.5,2.25,0.9052,1.5431,1.0575,1.5152,2.0,1.6324,1.3663,2.0,2.0,1.0039,2.0001,2.0001,2.0001,2.0001,2.0001,2.0002,2.0002,2.0001,2.0001,1.8903,2.0,2.0,2.0001,2.0,2.0001,1.683,2.0001,1.7027,2.0002,2.0052,2.0,2.0047,2.68,3.0012,2.0001,2.345,2.0001,2.0001,2.0001,2.4151,2.4649,2.0037,2.0001,2.0001,2.0001,2.68,2.0025,3.0012,2.7,2.7001,2.7302,2.7512,2.7682,2.7,4.0001,2.7001,4.9416,2.2501,2.25,2.9249,2.7001,2.7,2.7101,2.8092,2.7101,3.0006,4.0,2.7001,5.0014,3.4574,4.8464,6.0164,2.0027,2.7102,7.9326,2.7102,2.7001,3.948,2.71,2.7101,8.5329,2.7101,3.0367,4.9946,2.711,4.0001,6.7229,4.0962,2.7103,4.6802,2.7006,5.1222,2.0035,2.1649,2.7,2.8206,2.0003,2.7001,2.7001,2.2501,3.0001,2.7101,2.7,2.68,3.2385,4.5582,2.0001,2.0,2.0038,3.0007,3.0007,3.0001,2.8526,2.0,2.0,3.0001,3.0,15.8822,4.2259,2.0001,2.0,2.0,2.0001,2.0,2.0,2.4154,2.0,2.0,2.0,2.0,2.0001,2.0,2.0,2.0,2.0,2.8839,2.0,1.05,2.0,3.3413,3.8025,1.5479,3.4008,2.0978,2.3049,2.3049,2.3049,2.3049,2.3049,2.3049
131,6.7514,6.3626,2.0002,6.6063,2.0058,2.3248,9.1054,7.5003,3.7796,4.9928,4.3978,10.5489,4.4666,2.6999,5.0854,4.2809,2.74,7.9686,2.7405,2.74,7.2451,3.2275,2.7409,2.7401,4.0031,4.0171,2.7401,3.5001,6.8425,2.74,8.4868,2.7399,2.74,2.7399,8.1471,7.5009,3.2833,2.7399,4.2829,2.0002,2.71,2.73,2.7624,4.6596,2.7399,2.8124,3.0011,2.74,2.7399,2.0056,5.5277,2.74,4.3182,2.0037,2.9549,2.7299,3.6407,4.0,2.7398,2.7401,3.3438,3.6736,2.74,2.74,6.4094,11.1052,10.9044,13.3182,13.6566,9.4934,4.6373,7.3982,4.0,8.403,6.3009,8.2414,6.1571,10.2338,6.2391,6.5458,7.9181,3.4207,5.8436,5.813,10.8427,4.8441,7.7096,8.5051,7.5149,7.8953,17.5146,10.0001,8.0288,3.0013,10.4976,14.8755,8.9281,12.4111,4.0,3.5,2.8805,11.6704,4.5605,2.7098,4.9785,7.223,3.3524,7.2725,3.5,6.055,2.7097,9.109,5.1331,1.9999,3.0015,6.8113,8.4272,7.6104,7.5009,10.07,2.7401,2.7401,3.0015,7.5476,5.5642,2.7013,2.6999,3.0302,3.5,3.3921,2.7401,3.5,5.0001,5.2818,4.0003,2.74,5.676,2.7098,8.4804,2.7099,2.0002,2.0001,2.7399,2.0062,2.7297,2.7098,2.0001,2.4924,2.0001,1.292,1.9936,2.0002,2.0002,2.003,2.0001,2.0066,2.0064,2.6799,2.7001,2.004,1.2529,2.0,1.0501,2.0,2.6441,2.0002,2.0,2.0001,2.0002,2.0002,1.7025,2.0043,2.0002,2.0002,2.0054,2.0021,2.0001,1.25,2.0002,1.5029,2.0001,2.0001,0.7853,0.4995,1.2501,0.2501,1.0041,2.0,2.0022,1.2536,1.6821,2.0,2.0001,2.0001,1.253,2.0,2.0,1.1154,2.0001,2.0003,2.0001,1.2974,2.0,2.0,2.0001,2.0001,2.004,2.4743,2.0005,1.0501,1.8828,1.2527,2.0001,2.8856,2.25,2.0001,2.0001,2.0,1.2384,1.4436,2.0001,2.0001,2.0001,2.0001,0.88,2.0001,2.0,2.6346,2.0002,2.0001,2.0002,2.0002,2.0002,2.0001,2.0001,2.0048,2.0001,2.0001,2.0,2.0001,1.15,1.3502,2.0001,2.0571,2.8727,3.0013,2.0056,2.7,3.0012,2.7002,2.7,2.1694,2.0036,2.0001,2.561,2.7001,2.6292,2.0051,2.2929,2.0001,2.68,2.0026,4.701,3.451,3.6701,7.7588,4.8776,2.71,2.7,3.7757,5.2942,9.6929,4.7005,4.0,4.0002,3.0005,5.3572,5.0001,9.6531,3.1123,10.2052,4.0,2.0002,10.1504,12.5274,11.5001,8.4527,4.1915,2.7109,5.4098,6.2413,5.9116,5.9905,4.5515,5.6493,9.5966,5.2101,6.5306,9.7301,9.3381,13.6794,9.4902,5.1446,4.0,5.8818,2.8949,6.3262,3.2463,3.2715,2.7105,3.0005,3.1996,3.4402,2.7101,2.8605,3.7875,4.0,3.5,3.0009,4.3747,5.9896,3.2813,3.0001,3.0007,4.7916,7.5002,4.0001,4.7101,2.0,3.0,7.9773,3.0001,18.1582,6.543,2.0,2.0009,2.0001,2.0,2.0,2.0,4.408,2.0,4.4086,5.3344,2.0,2.0,3.45,2.0001,2.0,2.0,2.0728,3.0296,1.9917,2.0,7.0536,6.0381,3.4159,4.7925,2.7002,2.6806,2.6806,2.6806,2.6806,2.6806,2.6806
132,16.334,7.2697,2.7001,13.765,3.6525,6.9801,14.2052,11.1249,4.9734,5.5607,7.596,13.8762,10.8201,9.6899,13.2417,7.3945,3.0013,11.3876,5.7263,8.2943,11.3388,11.3025,4.0,4.0,11.8876,10.8313,5.4352,8.7924,10.8458,4.9704,9.5106,7.4809,10.2626,6.0634,12.0037,9.201,3.5039,3.0026,10.5423,5.0009,5.376,9.1238,8.2498,8.1708,3.0609,5.5171,7.9416,6.8875,3.5035,6.6409,7.996,5.374,10.3353,6.4279,3.5003,7.5432,9.3512,9.017,3.5,4.4598,11.205,7.6483,8.8119,9.5654,9.7152,10.0842,5.6811,12.0869,14.8857,9.5171,5.1796,10.0516,5.0001,8.2087,7.0166,8.2414,6.2067,9.9338,8.2421,7.0057,7.5034,4.89,6.0845,6.0355,10.6298,5.1728,6.0385,9.2549,6.405,8.2401,17.8916,9.6501,7.8189,3.5,10.9362,15.4237,8.3869,12.4976,5.8247,3.5,3.2936,9.4452,6.7952,3.1793,5.6319,5.985,4.6862,9.7177,5.4041,5.6368,5.6465,8.9767,7.3018,2.74,3.1814,7.6211,8.3547,8.6064,10.5283,6.8932,2.7426,2.74,5.8895,8.6059,7.3276,5.8161,4.756,3.5032,4.0,3.5022,2.7401,4.0001,4.4871,6.1932,4.4342,3.5896,5.7748,2.7098,10.9026,2.74,2.0053,2.0001,1.9999,2.0,4.0402,4.6195,2.6999,3.857,2.8656,0.7196,2.7341,2.3941,2.0892,2.7,2.0027,2.6798,2.5,2.68,2.6999,3.0019,2.0001,2.0038,1.9373,1.6405,5.1915,2.0027,2.2751,2.6443,2.0049,2.0001,1.7027,3.4025,1.7027,1.8411,2.7,2.0004,2.796,1.4999,2.0002,1.0048,3.0028,2.0002,2.0001,1.0029,2.0,1.6297,2.0,2.0049,3.7553,2.0026,2.0002,2.0,2.0001,2.0001,2.0001,2.0,2.0002,2.0,2.0001,2.0031,2.3834,1.6433,2.0002,2.0007,2.0002,2.0038,3.2204,2.7076,3.0012,1.503,2.0002,1.9509,2.0001,4.1538,2.7001,2.0001,2.0042,2.0002,2.0001,2.0001,2.0002,2.0001,2.0001,2.4378,0.7495,2.0001,2.0001,3.0725,2.3099,2.1197,2.0046,2.6947,2.0002,2.0001,2.0046,2.4427,2.7001,2.5938,2.0001,2.0002,1.0489,1.13,2.0001,3.0013,3.0014,3.0013,2.0056,2.7,3.5812,3.2375,4.4917,2.0059,2.0051,2.0033,2.7,3.0013,2.7001,2.5677,2.7001,2.0001,2.7036,2.0035,4.6512,3.1623,3.5766,6.6832,6.3674,3.2029,2.7001,5.0005,5.0015,8.9311,5.0007,5.0001,4.0001,4.0,6.5178,5.3668,8.7001,3.2244,7.5001,3.0006,2.0038,9.1777,10.3591,9.5025,8.2627,5.1304,2.7106,6.8456,5.2204,6.2377,8.3713,5.9194,7.6444,8.7541,8.1433,6.6075,12.382,11.7385,8.467,10.4279,6.2505,3.5696,11.9518,8.1552,11.7404,9.0937,11.4924,4.0,3.117,10.3969,10.4208,2.7001,9.99,8.2,3.0001,6.5354,8.2,8.8041,9.0001,3.5,3.0007,3.8477,6.0719,9.2395,6.3556,8.2579,3.0578,8.8492,6.7483,5.9368,2.0001,9.9636,4.9855,4.958,4.6024,3.0001,2.0,4.3002,10.7144,7.3741,12.8098,9.8877,4.0,3.0001,11.0634,6.9723,3.972,5.5181,5.1094,5.2134,2.0,2.0001,5.8282,9.9299,7.166,5.8325,3.5,2.7007,2.7007,2.7007,2.7007,2.7007,2.7007
133,20.7603,12.2003,3.6649,14.5879,4.0001,8.503,19.4388,13.2081,8.21,8.0,13.4703,12.458,12.5482,9.4161,12.2718,8.9894,2.7408,16.4117,8.2113,8.6614,12.4834,8.6232,5.8833,4.0,9.3464,12.4891,5.5317,9.6769,12.1564,6.3111,13.0038,8.3289,9.5213,5.8788,12.2034,9.8115,3.5037,3.5001,9.2787,5.0008,8.6153,7.8145,9.4141,10.0019,3.0027,3.5484,7.3723,4.6448,3.0043,3.8944,9.1688,5.8772,8.0099,5.2253,4.8914,5.9357,6.886,10.4916,3.7947,7.3544,8.651,8.8251,6.8811,7.3334,11.0721,10.1253,7.4941,11.7098,14.443,7.2172,6.3317,13.1338,5.0001,7.0916,5.1474,6.0928,3.0027,8.88,7.9617,7.8223,7.4084,5.7647,6.3674,5.5858,11.7686,7.922,6.2342,10.0657,7.6067,8.1498,12.3896,7.5341,4.1451,4.0,6.9667,12.6374,5.8479,10.967,8.1857,4.0,6.8543,12.3279,6.9978,8.0673,7.9395,8.8603,8.7711,12.3624,6.7218,7.7565,8.4576,9.3143,8.4635,3.5001,6.1511,7.737,11.079,9.9318,11.7742,10.2774,6.2599,3.0018,8.9581,9.6721,8.125,9.148,7.1487,7.702,2.74,4.8343,3.0012,9.4036,4.5082,5.236,5.2741,6.7699,6.6098,2.7011,10.0036,3.0017,2.6999,2.6223,2.0045,2.74,7.7839,6.0144,2.7099,8.8925,6.6222,2.0001,4.0797,3.5357,2.7099,5.8461,2.7006,2.0048,2.0001,3.2671,6.5478,4.6563,2.8823,3.2591,2.0,2.0,4.9825,5.1035,2.5537,4.0834,2.8774,2.8702,2.7403,3.4803,2.7209,2.0001,2.6999,2.7099,6.5316,1.4936,2.2423,2.0002,5.4286,2.8458,2.0002,2.0,2.0002,2.0001,2.4585,2.6608,4.8675,3.0011,3.0001,3.0019,3.0001,2.0002,3.0022,2.0002,2.0001,2.0002,2.0006,2.2358,3.9392,2.0002,2.0002,3.154,2.71,2.0048,3.8858,4.4658,4.0796,2.0002,2.0002,1.5526,2.2093,5.3957,2.8547,2.2634,3.0013,2.6309,2.0048,2.0001,2.7001,2.004,1.623,3.2001,1.7037,2.5922,2.0001,4.0848,3.0788,3.2192,2.7002,2.7001,2.4121,2.6404,2.7001,3.0014,4.0777,4.6289,2.7001,2.6572,2.0049,2.0001,2.0002,4.1732,3.1208,3.7999,2.7,2.7,4.238,3.1419,4.9965,2.7001,2.7045,2.3912,2.7101,4.541,2.7002,2.7001,2.7001,2.0032,3.5024,2.2501,7.0275,3.9779,3.5884,3.4251,3.5953,5.3136,2.7001,4.9166,5.1443,8.1036,5.2993,4.8114,6.6986,4.0001,5.5729,6.4585,7.8311,4.1621,7.4829,4.0001,2.7003,7.2411,8.5625,7.8677,8.5152,4.8218,2.7001,7.5965,7.2525,5.3479,6.4001,6.8804,7.9632,10.4843,9.6256,5.0872,8.3185,8.4207,7.1274,9.99,5.4028,4.0,12.5902,8.0365,9.357,6.9978,7.6096,5.209,4.0,8.593,6.0218,3.0005,8.9325,6.582,6.6124,5.7022,8.2652,5.9739,9.4284,6.9923,3.6165,8.2562,7.5205,10.2595,4.5468,10.5928,3.0003,8.2844,7.428,4.4653,9.1263,11.8443,4.6352,7.9051,6.4307,3.6601,2.0,7.7874,8.5452,7.6894,11.4188,9.9178,5.7958,3.0001,9.0,6.9561,6.2354,4.7145,4.4139,7.6092,2.0,2.0001,5.6088,13.8118,8.3607,6.146,7.0582,5.1859,5.1859,5.1859,5.1859,5.1859,5.1859
134,16.963,9.8267,3.1949,7.2221,3.8021,5.2455,11.6527,9.4584,10.1238,9.3302,10.6801,10.3409,9.5022,6.7989,9.3237,11.4192,3.8003,10.0638,6.7568,6.1685,11.2375,6.9066,6.1108,4.4097,8.0002,8.4323,5.3103,7.5655,10.8554,8.0694,12.8641,4.9589,8.4693,6.277,9.3094,8.0001,3.5041,4.8241,7.1886,3.1767,7.1136,8.3067,8.6332,10.6896,3.7548,3.8598,6.8587,6.45,3.3131,2.9425,10.1015,7.9568,7.7027,3.7384,4.3196,5.6308,5.518,9.5297,5.1263,7.7731,10.7658,8.5842,9.1441,9.7826,9.8063,10.6556,6.7152,12.7812,11.0346,7.6347,5.7841,13.22,5.0001,6.1942,6.7405,9.1549,3.8553,8.3861,6.5906,6.9608,10.0408,6.8288,5.0012,5.4234,10.157,6.8917,7.5959,10.6609,8.0302,7.866,10.7299,6.8376,7.1307,5.3002,5.4175,14.0496,6.7388,10.4703,7.4494,6.5277,5.7508,11.2573,8.913,10.1959,7.5248,9.6968,10.7777,13.6245,7.7653,9.1717,7.5002,6.6357,8.7327,4.6233,5.9559,6.3496,13.4443,7.7311,9.633,11.9762,10.7389,4.0,4.4025,10.1961,8.6922,9.5155,7.5811,7.0155,2.74,4.4339,4.8491,8.2412,5.4556,6.838,8.2401,12.1556,4.2672,2.7098,11.3078,2.7401,3.5027,4.873,2.7398,3.2259,6.7158,6.0708,5.9989,9.0021,5.9675,2.7449,4.0613,4.0146,3.16,6.2713,3.4174,2.2499,2.6996,5.9038,7.3669,5.7815,3.6559,4.1253,3.8491,2.6999,5.7668,4.7789,2.7099,5.2144,2.6999,3.1603,3.2046,4.4427,2.7209,2.7,2.6999,3.22,5.2801,2.0001,3.305,3.0296,6.2303,4.4405,2.0001,2.0001,2.3568,2.7,2.7005,3.1014,6.8748,2.74,2.7296,3.9061,3.9346,2.7001,3.3482,4.9366,2.0002,2.7401,4.437,3.337,5.8386,2.0027,2.0038,4.0381,3.743,3.604,5.663,5.8007,5.8622,2.7772,2.6165,2.0002,2.7,4.6121,3.9139,2.7032,5.5356,4.5417,3.8849,2.7002,3.7719,3.6209,2.829,5.2484,2.8317,4.5095,2.0005,5.9922,5.4319,4.4701,2.7001,3.0014,3.1518,3.309,3.0014,2.7001,3.5025,3.668,2.9523,4.1178,3.0013,3.2735,2.0036,2.4849,4.0457,3.0014,2.7101,3.0013,5.0007,4.3827,6.7157,4.0978,4.1302,2.7001,5.0007,4.538,2.7001,2.7101,3.6021,2.7002,4.5668,2.7002,8.409,4.1414,4.9497,5.3658,4.5483,4.9087,4.0,5.2039,7.2256,8.2317,5.577,4.2611,6.8519,5.3466,7.6856,6.9602,8.0914,6.0568,5.2284,5.7922,3.4467,8.4329,10.8313,8.8646,9.6012,12.0091,3.7547,7.6483,7.2653,5.506,9.1152,7.8375,6.5605,11.8447,6.2346,7.0006,8.1123,9.7927,6.6029,11.6063,6.1662,3.816,8.5675,8.1292,6.7096,7.0711,5.9476,6.7164,8.0154,7.4113,4.3385,3.0006,8.0825,4.8077,3.0006,6.3869,6.2757,4.2081,7.9887,6.8851,3.1852,7.008,8.2023,9.6347,4.1713,6.2068,4.7,3.6091,8.1251,5.4911,4.2289,9.0,5.3573,6.4084,5.3661,5.76,2.0,8.064,7.9068,5.2807,6.1794,7.3121,7.1616,3.0002,6.3596,5.6835,5.3979,4.2631,4.315,5.692,2.0,2.1682,5.1018,9.5308,6.7204,5.7655,6.6329,4.7531,4.7531,4.7531,4.7531,4.7531,4.7531
135,19.3516,10.53,2.7317,4.0793,4.6161,4.4603,11.9121,11.1393,11.5375,11.7881,11.3518,11.7528,8.1618,6.2183,8.1363,12.9339,5.3426,7.3541,5.535,8.132,10.4621,5.4094,4.3141,3.932,8.0003,11.2258,5.8392,8.8807,11.5726,10.1222,15.5631,6.926,9.6179,9.4838,8.6529,8.8308,6.7578,4.0422,9.5113,4.6455,10.1124,10.1938,12.3675,11.6613,6.6848,8.523,7.9891,7.944,4.3377,4.3176,13.4758,10.8111,8.0,6.2781,5.9026,7.8173,5.4897,5.0555,6.0239,8.0001,10.5886,9.3431,10.3847,10.7263,12.1994,6.0286,6.0531,12.5426,9.6139,8.2788,4.4705,11.2227,5.0001,8.0001,7.4447,6.2606,3.0,9.7893,7.7624,5.6119,7.7357,7.0744,5.9116,6.5472,10.2655,8.9773,7.6275,9.9576,8.3008,8.4739,10.9739,5.4269,7.5208,5.3671,5.4814,14.3568,6.7296,9.8368,12.9012,6.8618,6.5828,12.8593,11.022,7.8915,8.2872,9.2524,10.1084,10.5229,9.6468,9.1878,9.1577,4.919,9.9657,4.4225,6.3998,8.8211,9.9273,7.4973,8.8472,10.2714,11.0431,5.7289,8.5985,9.56,9.6864,9.7323,9.152,5.5416,3.5021,6.4994,5.8556,6.67,6.5398,7.002,6.4458,9.4855,5.3639,2.7299,10.3139,3.5024,6.6626,5.8384,2.7399,4.9642,7.2616,6.6583,5.2453,11.8283,9.5873,3.0024,6.3262,6.4023,3.4769,6.0417,5.3193,3.6471,4.8788,6.7107,6.4784,7.9977,6.7244,4.4128,3.5001,2.9644,5.1274,4.5769,3.5027,4.9476,2.7107,4.3158,4.5225,6.5685,4.5932,2.7,4.371,5.0009,6.6315,2.7279,3.8464,5.4627,6.6074,5.5036,3.66,2.0003,3.0016,6.2255,3.7689,4.2898,6.7822,5.8355,3.9902,5.481,3.9512,3.6446,6.7557,5.965,5.9084,4.9274,4.538,6.9262,5.6218,2.7007,5.0968,6.9032,5.6667,4.7822,7.976,7.7082,6.7205,4.6376,4.7879,2.3504,2.9424,5.476,5.2526,3.5026,7.3184,6.4489,4.2063,4.0537,5.3514,5.7699,4.6942,5.6727,3.9476,6.3015,4.5531,6.9766,6.558,7.0439,2.7001,5.1957,4.7174,3.0279,3.7337,3.2831,3.6329,4.8012,3.7309,3.8356,4.8393,4.5706,2.0048,3.5014,3.977,3.6653,3.0014,3.0013,5.0007,6.1422,6.8692,4.7264,5.0007,3.5594,4.0348,5.4414,4.0541,5.1496,2.7002,2.9439,6.8845,4.7568,7.8777,6.3031,5.2124,6.5907,7.6701,5.3605,4.4636,6.4409,10.2518,9.8768,8.7207,7.9243,8.0301,6.6295,11.6863,7.3288,7.8813,8.0414,7.2643,3.811,5.2378,7.5536,9.1404,9.8994,9.183,11.5607,4.492,7.4731,6.955,6.8077,7.1954,7.0466,5.4832,8.2802,7.065,6.0926,7.0086,9.2715,7.4091,11.8885,7.5021,5.5509,9.402,6.6796,6.7124,7.3372,7.0297,7.478,8.0964,7.8003,5.4585,3.0006,7.3273,5.5465,3.0006,6.2097,5.1809,7.4453,8.2503,7.9834,6.0123,6.946,8.1023,9.7206,5.8091,6.2335,4.7,4.587,7.9295,5.3481,3.0001,8.8187,4.7099,6.537,3.5948,6.6703,2.7961,6.7,6.8387,4.9791,9.5576,9.0,8.3095,4.9816,6.3539,7.3747,7.1885,5.8998,6.0736,6.4,2.0001,3.0003,5.7112,10.3153,7.0708,4.99,11.1629,8.6885,8.6885,8.6885,8.6885,8.6885,8.6885
136,17.1388,8.9456,2.8295,2.7001,5.2576,5.2139,10.8752,12.1,13.8595,10.6859,9.8149,12.4622,8.205,7.1527,6.6895,12.3549,4.1624,6.4012,4.777,6.5446,10.5499,4.7859,2.7401,3.6461,6.5257,11.5332,5.391,8.9676,11.413,8.2404,14.8382,4.2657,9.6748,7.9796,6.4631,8.0,11.2032,3.1189,6.0283,3.5,8.7735,10.0643,9.8333,10.6561,3.8405,3.3011,8.2054,6.7091,4.4022,4.2054,9.3958,8.1813,5.1299,5.0658,3.1909,4.4083,2.7403,2.8033,6.4308,8.3187,8.4178,7.0151,9.3125,11.0683,11.6681,3.4357,7.4696,12.5028,8.5947,6.6306,5.0556,10.6341,5.5232,8.4779,8.3861,8.2058,5.9408,10.924,8.6244,4.8626,10.2805,6.9032,6.7932,7.3069,8.9521,9.2508,7.1555,10.8299,7.2568,8.2401,9.6459,4.7307,8.6037,5.8178,6.4382,12.6937,7.0502,10.6799,8.1606,3.5001,8.2477,12.4736,11.806,9.6788,9.1899,11.2746,9.0682,8.8012,9.7111,8.5431,10.2633,2.7109,9.9871,5.8228,5.3633,8.1681,10.0874,8.24,6.6069,9.3213,10.1185,4.0,9.7282,14.1797,8.2936,9.2088,9.2222,6.012,3.482,6.4949,5.0183,8.2401,6.4659,8.0434,5.8367,3.3315,5.1925,2.7299,7.1847,7.6021,6.829,6.1449,2.74,4.814,8.3165,6.3117,5.5062,10.8915,10.5115,2.745,7.961,8.1844,4.5547,4.5404,5.7305,6.9715,5.9069,8.3784,9.6706,6.9644,9.6123,4.8246,5.436,4.2561,6.0641,7.8878,5.4676,6.5861,3.5,4.8218,5.3891,8.3074,5.0013,2.7101,3.6163,6.5891,8.7398,5.0486,8.1842,7.4034,9.9631,8.0003,8.5641,4.9048,6.2482,6.2395,6.9907,7.7864,9.6718,7.0209,6.5788,6.5183,7.7148,6.8612,11.8361,9.4769,11.0168,8.3373,5.6767,8.7056,5.6881,5.3686,6.5709,6.3261,8.1276,6.7977,9.7212,9.0102,8.237,4.7814,5.954,2.7002,4.0622,6.7128,6.3381,5.1998,5.995,5.9923,6.132,5.4921,7.3358,8.0327,7.4118,7.6571,6.7504,7.4269,5.8257,7.6646,6.3137,4.7112,6.1306,6.5963,6.4011,5.6735,6.0263,6.691,5.7041,6.9124,5.7473,6.1988,6.4783,8.3181,2.1129,3.9785,4.485,3.8162,2.7,2.7,7.5591,7.7154,8.6602,7.1016,4.8584,4.4307,7.2835,8.7627,5.0007,7.8267,3.7863,4.2107,7.3846,7.7762,8.9763,10.7584,6.663,6.9082,8.6956,7.6094,4.4304,7.2698,10.3406,9.3668,8.6333,9.5249,7.9666,6.7809,11.6704,7.2817,6.8028,8.6904,8.7485,5.9636,4.7001,5.7187,9.7366,10.2303,7.4945,9.8019,5.7647,7.8364,6.0115,7.3935,7.3916,4.9062,3.6899,8.0,7.0766,4.6918,5.7193,7.5126,7.1608,10.8161,7.2294,4.8732,8.8644,5.606,8.021,7.1248,6.9224,6.9375,7.3514,7.7016,5.0982,3.0005,4.2863,6.2655,3.3511,4.2576,4.3408,4.0001,5.3218,5.76,6.6827,6.7628,6.9797,5.2506,5.0006,5.9543,5.6431,3.5974,5.9307,4.02,3.0,8.0,3.0003,3.5519,2.0773,5.8729,2.8288,5.0629,5.4495,2.7101,6.6065,6.9076,4.0766,4.2875,6.5237,7.5123,5.7378,4.9095,5.8537,4.7405,2.0001,2.961,6.2508,8.082,8.1253,8.6901,14.4543,11.9586,11.9586,11.9586,11.9586,11.9586,11.9586
137,11.9517,7.1846,2.7001,2.7,7.4657,4.2077,8.7672,10.9765,10.1642,7.5851,6.7291,12.6865,7.4531,5.9171,4.6893,11.639,3.3853,4.9479,4.2543,4.9917,8.5305,3.6862,2.73,2.8089,3.905,7.9456,4.8044,7.5302,9.2896,7.3282,12.8543,4.1011,10.8991,8.7108,4.7896,5.4272,7.1112,2.7448,6.8401,2.7299,7.756,8.23,8.7213,10.2291,3.0026,3.0011,8.1443,5.7826,3.3456,3.5693,7.4202,5.3337,3.7906,4.9575,2.7301,2.8117,2.7299,2.7407,6.1866,10.0696,6.7193,6.9555,7.9877,11.394,10.0135,3.1186,5.2316,11.3015,9.1188,6.8537,7.9507,7.45,6.082,9.4089,8.6583,8.9132,8.1723,10.7162,7.6225,3.8289,9.0187,5.4076,5.4817,7.064,6.8573,9.0808,6.9265,10.7953,7.0736,6.3281,9.8186,3.5133,8.8857,6.1466,7.8843,11.5331,6.999,11.496,8.7087,4.1627,7.2921,13.34,12.3718,9.3001,10.1848,11.7738,7.5736,8.5741,13.1124,13.4017,11.2626,6.6358,9.94,5.9192,5.7267,9.3589,12.1106,6.7727,7.977,8.4929,11.7325,4.0,12.4335,16.1496,9.8778,10.0379,9.0585,5.9119,7.3056,7.5537,7.4669,8.2401,7.8233,8.2693,5.5897,3.9436,7.8258,3.2212,8.1874,6.1738,8.401,11.7822,3.0022,3.6801,7.5718,8.8318,6.0508,11.3602,9.8736,7.1776,8.0992,7.2384,4.0011,7.1184,7.379,7.0209,5.9413,9.9474,10.2959,6.0941,13.6814,4.7069,5.3472,3.6463,8.6986,8.2663,6.0142,8.5286,4.2865,5.8338,6.7729,9.3277,5.5163,2.7,7.7835,6.936,8.339,5.9085,10.6182,9.6243,9.7119,9.7871,9.4947,5.4798,6.1472,8.9032,9.7965,11.5301,10.8446,10.0,9.5786,8.2399,9.2532,10.0658,15.045,12.121,11.3887,13.108,8.9956,10.337,7.9775,14.4774,8.1448,9.2119,8.9172,7.8883,10.1776,11.5319,9.6745,6.544,6.9634,2.7101,3.9971,6.4341,7.0147,5.9102,7.9006,6.7865,7.1769,5.4631,6.4057,8.0001,7.7732,8.3541,6.2044,7.8752,6.9512,8.0,7.5103,6.1345,6.6152,8.7598,7.6584,7.9729,7.1998,7.5273,8.0597,8.8917,6.83,7.0951,6.0913,6.8756,2.7,4.6381,5.1126,5.9421,4.7461,5.6384,7.231,8.3548,8.5411,7.4365,8.1742,8.7758,8.8488,8.2045,7.603,7.1672,3.629,5.8035,7.7347,9.99,10.4877,7.7667,8.4216,9.6883,8.6998,6.6477,4.5259,9.1154,8.1882,8.9463,9.2748,8.7402,8.3121,8.2095,10.9958,7.5714,5.3813,8.487,9.4943,6.3032,6.1845,7.328,11.2358,10.6732,6.9217,13.0924,7.2573,7.2852,6.4756,7.7788,6.4811,7.6405,3.4443,5.8582,7.9942,3.4953,4.0,6.7446,6.2953,10.0162,7.246,5.316,9.3376,4.1883,8.0957,7.3213,3.0204,5.7001,6.8351,4.0205,5.2002,3.0005,3.0006,5.5105,3.0011,4.6982,3.8729,3.0006,4.0,6.8428,5.8487,5.276,6.7652,4.3264,3.9051,5.3001,5.5069,3.0,6.4767,3.0,3.0,7.4529,2.0008,2.5711,2.0009,2.5622,3.0001,3.0,3.1672,2.0001,4.9127,5.1717,2.6359,3.8833,3.0314,5.9259,3.2836,3.5,4.3955,4.0812,2.0001,2.0001,6.7098,3.523,5.6879,5.3345,11.7906,11.2544,11.2544,11.2544,11.2544,11.2544,11.2544
138,8.0004,4.5433,2.6999,2.7001,9.4087,3.537,8.1548,8.0,10.3346,6.8719,5.7887,11.5572,5.8747,4.8339,3.1308,8.2315,3.5,2.9341,3.4925,4.0002,5.822,3.5027,2.73,2.74,2.8601,4.558,5.4277,6.7875,6.2958,3.5001,8.24,3.5,10.1691,6.5438,2.73,3.4997,4.6629,2.7399,4.6132,2.6998,5.6271,5.3804,5.7473,7.4318,3.0026,3.5029,8.0112,6.1158,2.7399,2.74,3.9012,3.8892,2.7401,6.3836,2.7101,2.7101,2.7301,2.6407,5.6048,7.5015,4.177,3.949,6.7447,10.343,8.9681,2.74,5.6138,11.4064,6.8517,4.7199,7.0737,4.172,5.8561,12.2969,7.7582,9.1842,8.7704,10.5289,8.3029,3.5031,10.1118,6.0063,5.0009,6.0824,6.623,7.4203,6.8302,10.8636,7.4119,3.7406,9.5883,4.8305,7.936,6.2242,8.274,11.0612,8.0209,9.8294,9.9101,7.7569,7.6202,13.9015,9.8574,11.2368,10.1884,11.7422,6.9039,9.178,13.8461,15.6057,4.5472,4.4583,9.7891,3.0015,4.0296,7.9945,11.0396,5.591,8.145,9.3977,10.0242,4.0,12.9708,17.7713,10.4154,9.0724,9.2436,4.9221,5.8585,10.2619,10.9749,7.5747,7.6379,8.828,6.7572,5.5923,9.7283,5.6182,7.7502,9.4257,11.4157,12.7823,4.7222,6.885,12.0243,12.2522,9.2592,11.7426,11.6101,5.9684,8.0003,10.3552,4.8149,9.6742,10.7413,8.8393,7.0872,12.9135,8.7675,8.6574,15.193,8.3082,9.4529,3.5028,7.3555,10.3886,7.5722,10.2183,6.2819,7.7066,7.3053,9.6342,5.62,4.6248,9.9157,8.1194,8.7613,7.1058,10.3314,9.7924,8.5676,10.7501,10.5161,6.777,7.6901,11.3735,9.4613,9.5558,11.0134,10.9398,8.9156,10.4909,10.5073,11.1331,17.782,13.4028,12.8709,15.0906,11.87,14.8057,11.6655,12.3608,9.2637,10.4329,11.3694,8.5265,11.0788,10.5526,9.5062,7.037,9.13,2.7307,6.0988,8.5762,8.377,8.2929,7.9712,7.4928,7.5811,6.3911,8.3108,8.4163,8.2494,10.451,9.5822,8.0001,7.126,7.0301,8.3592,8.0847,8.4088,9.7001,6.9504,7.8448,8.3726,8.0107,7.9699,9.4276,8.9815,9.7101,7.3917,8.211,2.007,7.699,7.8199,4.5852,7.2791,8.7001,9.1924,8.7153,9.6327,7.1946,5.9,11.6957,9.2773,10.9234,7.7419,9.8124,3.014,6.4383,9.4564,8.5804,10.9647,7.8622,8.5951,8.8177,9.0831,8.5611,8.5305,10.0607,8.2217,9.99,9.4216,12.4826,9.7001,10.7861,12.5594,6.9264,6.8042,9.4197,10.1987,9.4958,7.9225,6.5409,11.4142,10.8999,6.0857,4.0,8.8304,7.4195,7.4265,8.0365,9.2889,7.487,4.1468,4.6112,4.4452,3.8872,4.3046,5.3122,7.4573,8.7057,7.3095,5.8962,9.0732,3.7523,7.4167,7.0979,3.0,5.9089,6.9358,3.0007,4.3267,3.001,3.0006,9.2516,4.064,3.0625,2.7,3.1098,3.7365,4.8639,5.8166,4.8004,6.0954,4.0001,4.0004,4.5275,4.7001,2.0,5.8968,4.2333,3.0001,4.3873,2.0001,2.0001,2.0001,2.0001,2.0,2.0,2.762,2.0,3.8613,2.4068,2.0007,3.0001,3.4013,5.3533,2.5742,3.0,3.7816,2.3772,2.0001,2.0,5.1695,4.121,4.0,3.5001,9.0011,4.6077,4.6077,4.6077,4.6077,4.6077,4.6077
139,7.3414,3.5022,2.6999,2.7,13.1861,3.5023,8.7872,6.9657,6.028,5.4405,4.4913,9.4109,4.2718,3.9726,3.0433,5.4229,3.5,2.73,3.333,3.5033,3.2056,2.7101,2.7303,2.7301,2.7,4.0,4.7774,6.2507,7.5748,2.74,6.0358,3.5034,8.662,6.2059,2.7,3.1798,4.6196,2.7399,4.1859,2.6998,5.409,3.9073,4.1329,5.149,3.0026,3.2629,7.4717,6.2705,3.0001,2.74,3.368,3.5694,2.73,6.8853,2.7101,2.7,2.005,2.3607,6.5301,7.5636,4.0174,3.431,7.3001,10.8588,4.7104,2.7401,7.2969,9.6869,4.6219,4.8637,8.1084,3.6985,6.3937,13.7655,8.779,9.1834,9.1286,8.6812,9.5112,4.5735,9.3947,4.8858,5.0009,6.5994,5.8239,6.7011,6.2282,11.2565,8.2616,3.7211,9.7137,4.7807,8.2298,8.2056,9.3578,10.9491,8.1649,9.2602,12.0313,8.307,8.094,12.8874,8.0268,12.1537,9.8592,11.5861,6.7573,7.2675,14.9528,14.039,6.0169,4.3259,9.7333,3.2481,4.2066,7.6408,10.7896,6.4786,6.5058,9.4687,12.1139,5.4914,13.1315,14.4768,8.8205,7.1644,9.1466,4.1516,9.4495,12.0884,11.3144,8.4944,7.7765,9.6407,5.8665,7.4384,12.276,3.448,8.5533,10.5356,12.8664,12.2332,3.1429,6.2276,11.4765,10.6516,10.443,13.847,14.1878,10.057,11.0535,11.2595,6.3527,9.2529,11.1126,7.1921,7.6614,10.7112,7.1171,9.3191,14.7162,8.9917,10.0967,6.5431,9.589,10.1133,8.7494,10.0852,5.9299,10.0858,8.3639,11.831,5.9767,9.2148,12.3607,16.1293,9.6781,9.1793,12.2828,9.7078,12.2988,16.17,16.4248,8.2482,9.7161,12.658,10.9021,12.2584,11.8805,10.031,9.8963,11.0221,9.9967,10.2437,18.0307,16.2903,14.2502,18.8184,11.5315,12.6953,10.9468,12.7803,12.3746,10.7602,13.4196,9.7547,10.9102,11.2121,9.7402,7.9205,7.1585,2.7306,6.8522,7.3225,8.6877,7.7181,8.0,6.898,7.4174,6.3677,7.3602,8.9537,9.0124,10.4844,8.4772,8.2315,6.3267,8.0,8.0,6.334,7.7205,9.7101,7.804,8.0985,8.8097,7.7027,8.6834,11.0843,9.0168,9.8094,5.6771,8.0706,2.0009,5.53,7.9658,5.0527,8.2545,7.9164,7.9244,9.2701,11.004,8.8718,7.6474,9.95,10.4569,9.7301,7.9887,8.6331,4.581,8.2655,9.7635,9.99,12.2668,7.4191,7.8926,7.7306,8.8777,8.3296,9.6382,9.5055,9.9256,9.8364,9.9524,12.7884,9.1403,11.19,14.1809,7.7815,4.8834,10.0419,12.0046,12.3564,4.5413,4.8908,10.3412,12.2776,6.4567,11.032,10.3888,6.6822,8.7171,8.3835,9.7453,7.8932,4.3649,3.7028,3.3541,4.5398,2.7658,4.0788,8.358,8.3675,7.4301,6.134,8.3761,3.3153,5.8882,7.5877,3.0001,5.7204,7.5199,3.0005,3.0005,3.001,3.0008,10.4408,3.7728,2.7,2.7,3.0006,2.9138,3.0009,4.8774,3.5692,4.5851,4.0001,4.2228,3.6184,4.5446,2.0,4.7861,3.3747,6.6215,5.0,2.0001,2.526,2.0,2.0001,2.0,2.0001,3.0,2.0,3.0002,2.2492,2.0,2.9471,3.0003,5.784,2.7009,3.0,3.1305,2.0003,2.0,2.0,4.1677,2.5517,4.1683,2.806,7.3327,3.5515,3.5515,3.5515,3.5515,3.5515,3.5515
140,5.4919,2.79,2.6875,2.7,12.5262,3.0104,7.5006,5.2379,5.1868,4.4113,3.3476,7.7744,2.7001,3.8254,3.3932,4.9652,3.0018,2.74,3.5025,3.504,2.7349,2.7102,2.0002,2.0005,2.7,4.0,3.1359,4.7549,5.6243,2.74,3.7997,3.0014,8.1513,5.3867,2.73,3.0478,4.3217,2.74,3.1993,2.6999,5.1636,3.5046,4.1445,3.504,2.8917,3.0012,8.065,7.6865,2.74,3.0012,2.7402,3.0017,2.7299,5.6684,2.6999,2.4385,2.0001,2.7401,6.4352,12.7217,4.0001,3.6679,6.9306,8.4362,3.5567,2.74,5.4959,8.5727,3.351,3.538,6.7737,3.9602,5.4314,13.73,9.376,7.2406,9.0274,7.5715,9.5466,4.0357,9.9764,5.4685,4.4834,5.4226,4.7216,5.9053,5.7248,10.0798,6.6469,3.0838,8.8849,3.5692,8.6173,8.4403,9.4088,9.5358,7.6474,11.8606,9.7805,9.468,7.969,12.8366,9.6176,13.4854,11.5289,11.7183,6.7223,6.8195,14.9934,14.0063,6.228,3.2187,8.6939,4.1276,5.1734,5.9802,8.7056,3.0026,6.0314,7.5881,12.246,6.5348,11.7769,12.1461,9.1938,7.4425,9.0119,4.5868,10.9971,14.9131,14.6797,11.2669,8.7289,9.003,6.6253,6.8968,11.9824,2.74,8.8234,11.7891,14.7005,9.3937,7.595,6.7797,14.4209,8.3798,10.2176,14.0535,13.3855,10.1755,12.6628,12.4914,8.2379,9.5146,13.2082,9.4341,11.9089,13.7076,10.3387,13.4155,15.9578,11.0449,13.299,8.206,9.7818,11.7996,10.5989,11.8148,7.2329,10.6395,9.3091,14.0481,6.7914,10.6942,14.3791,15.7625,11.9092,11.2662,12.6528,11.9329,16.2323,18.8816,20.3917,9.2737,10.5861,16.7236,12.6051,13.6777,15.5518,14.5817,12.4957,10.8241,11.8163,14.4896,21.5562,22.8177,20.3194,23.9051,15.5724,16.7983,10.706,14.8322,14.8879,12.1406,12.9863,10.8687,16.0682,17.561,15.2291,9.2815,9.1242,5.8445,7.8993,8.5099,9.8353,12.5074,13.0966,12.3476,8.3045,7.8183,8.1276,11.5971,8.0103,16.0385,12.8356,12.6901,9.12,9.893,12.3355,8.063,9.0976,8.2641,8.0592,7.5341,9.0213,8.9017,11.3281,15.0661,10.6954,9.587,7.7025,11.3635,2.6151,7.3723,7.8008,6.163,7.8549,8.7475,10.4126,10.298,15.443,9.9172,6.0212,11.9465,10.1301,12.3348,11.2515,12.7862,9.7037,10.6321,9.99,11.5284,16.8486,8.71,8.7825,8.2429,9.5121,9.7125,9.579,9.4386,11.3705,9.99,10.2872,12.6424,9.4822,11.091,13.5487,9.0074,6.5031,10.0385,11.5429,10.6778,4.7,4.709,11.1409,11.9255,8.1652,7.5732,10.723,7.7616,5.798,9.475,9.2389,11.3245,3.0006,2.7002,2.7001,4.4761,3.8362,3.6885,8.572,7.3628,7.6382,6.7277,6.7276,3.0005,4.701,6.2192,3.0004,7.0493,7.5002,3.0005,3.0005,3.001,3.0006,14.3049,4.0001,2.7,2.7,3.0006,2.7,2.9759,5.0451,3.5265,4.3528,4.1237,4.6126,3.4482,4.6807,2.0,4.0783,3.045,4.827,3.3013,2.0001,2.7816,2.0007,2.0,2.0,2.0,2.145,2.0,2.5654,2.0001,2.0,2.7357,2.9621,5.5383,2.0001,2.0001,3.0001,2.0001,2.0,2.0,3.0724,2.0005,3.9136,3.5,6.8266,3.0535,3.0535,3.0535,3.0535,3.0535,3.0535
141,4.8062,2.71,2.6999,2.7,10.187,2.6999,5.4664,4.7953,5.234,3.8111,2.9435,6.8302,2.7001,3.7143,3.5027,4.3857,2.948,2.73,3.0018,3.7477,3.7729,2.71,2.0,2.2373,2.7001,3.5,3.0293,4.5232,3.7133,2.7398,3.5812,3.0014,6.879,4.8797,2.6999,3.0019,3.7121,2.7397,2.7302,2.2737,4.315,3.5044,4.1023,3.6946,2.7401,3.5001,8.2365,8.8775,2.7399,3.1773,2.7399,4.0073,2.7401,5.0603,2.7101,2.4984,2.0001,2.7401,3.9999,6.4372,3.5,3.5043,6.8917,5.8079,2.743,2.73,6.8611,9.0447,2.74,3.6167,6.558,4.2115,8.1733,15.3758,7.4413,5.3316,10.1467,7.692,10.7644,5.9829,9.0657,5.4586,5.8088,7.3564,6.3547,7.3596,7.7382,12.3694,4.6254,3.8293,8.4572,3.3323,8.7534,9.7807,10.5794,7.4994,7.0814,10.7571,10.3281,9.8484,8.3464,12.662,9.3262,14.83,11.0342,10.5044,8.0988,8.15,15.0613,16.329,7.2254,5.3003,9.1907,4.3984,5.4218,5.9006,10.5128,4.5586,5.0924,10.1692,15.5667,9.5442,17.0213,13.0842,9.4197,7.1516,8.8242,5.4346,13.4031,13.9174,15.9755,14.3472,10.1463,8.7678,7.4666,7.3835,12.1752,2.7401,11.579,13.1653,15.8651,9.2183,9.9037,10.4692,17.0675,9.2318,12.1776,16.1548,14.9266,13.9247,15.5937,18.8585,8.8663,14.1197,14.1872,10.1009,12.7275,10.3197,9.9184,16.2053,16.1839,10.3292,12.8703,9.9238,14.7214,10.9908,10.1755,11.4485,7.2164,11.1798,10.3875,15.5014,4.93,11.9152,14.7778,16.2722,12.4727,14.2613,16.2225,18.1637,20.1106,23.0633,21.8012,11.1012,12.4227,15.5827,12.7796,14.4527,14.4873,12.9728,13.1271,11.8948,11.0787,14.3338,18.5767,20.6336,18.3224,25.3475,18.5725,16.8783,11.1328,15.8411,14.2969,13.2515,11.0405,10.9051,12.6635,13.4682,12.7579,6.9871,9.4359,7.3116,8.2202,7.6617,9.7278,13.2499,12.0316,11.3881,7.3576,7.8817,8.0493,9.7075,9.5953,14.3461,12.0421,9.8308,8.4435,8.9796,12.0585,9.5241,9.384,7.8644,8.0,9.3577,9.9669,8.8739,12.6852,15.1702,9.8506,11.9116,8.6731,12.5956,3.0014,7.9178,8.0781,7.8138,9.5776,9.3747,10.0509,10.2748,16.8326,9.99,6.3437,11.4858,11.621,13.3898,10.8984,14.5431,11.8335,14.1254,9.892,17.602,13.6511,8.2138,9.0923,7.4355,8.9171,10.8457,9.3017,12.8831,12.1837,9.99,9.8261,9.99,9.99,12.3806,10.2675,8.8627,6.5467,9.0443,10.9473,10.1121,5.516,5.206,10.0572,12.379,9.1142,8.6649,10.9619,8.1677,5.048,6.4002,6.3401,10.1495,3.0006,2.7002,2.8252,3.8002,2.7001,4.7504,9.4224,7.9021,6.6667,6.7826,7.143,3.0005,4.352,5.1206,2.7,5.5663,7.4571,3.0005,3.0005,4.7875,2.7002,15.837,3.7072,2.7,3.0009,3.1274,2.7,3.0,5.6467,3.6886,4.1499,3.9241,4.8621,3.2236,4.1529,2.0,3.569,3.0,3.0001,4.2229,2.0001,2.5518,2.0001,2.464,2.0001,2.0001,2.1238,2.0,2.3649,2.0,2.0,2.8976,2.0008,4.4382,2.0001,2.0001,2.6641,2.0,2.0,2.0,3.2026,2.0,4.2378,4.0294,6.8061,3.0206,3.0206,3.0206,3.0206,3.0206,3.0206
142,5.7189,2.7407,2.71,2.0041,10.0022,3.8269,4.4341,8.0,8.0306,4.5891,3.5134,8.5376,2.9357,5.7041,3.5028,5.3156,3.0017,2.71,2.7144,3.8396,3.9953,2.7101,2.0675,2.7408,2.7101,4.0,4.0922,6.8733,4.6201,3.9081,4.0022,3.5,5.5479,6.274,2.6999,3.0019,4.5953,3.1093,2.9262,2.3234,6.5268,3.0024,3.5037,3.5627,2.7456,6.7134,7.3161,7.7882,3.4272,3.2668,2.7399,3.5749,2.73,3.2769,2.9914,2.7099,2.0001,2.7399,4.8785,6.1664,3.3098,4.3624,8.0626,5.8752,2.7428,2.74,10.3698,8.4732,2.74,6.0592,6.2514,4.4065,8.008,11.7322,8.7012,4.1617,5.9675,6.3245,11.0301,8.313,8.6864,5.0006,5.2529,9.676,5.6025,6.0916,9.5801,9.7404,3.629,7.251,9.3475,4.0,8.4972,9.3066,11.5054,8.5178,7.2588,10.0285,7.3754,8.5551,8.2767,12.0528,8.3257,10.713,9.1867,9.4891,10.2287,7.934,13.3977,15.3192,8.9234,5.0431,7.7911,4.5747,6.1468,6.1859,10.6769,4.316,6.0484,10.1888,14.7579,11.0915,14.7465,12.9865,10.9147,5.1706,8.6133,5.5301,13.4635,12.2059,12.2939,16.5848,8.4404,7.9825,9.9331,8.5641,12.4441,3.595,12.94,12.3652,13.52,7.6491,11.1983,11.2561,14.2292,6.8166,9.6235,11.6772,13.3473,14.3354,11.927,11.7251,7.579,7.4628,9.7553,6.8258,10.6727,8.2972,8.2033,12.8687,12.7245,7.7274,9.1718,11.1369,11.8054,6.5451,7.7887,8.2916,8.2336,11.5761,10.2349,12.4447,4.1089,11.0702,12.2456,10.9811,12.5515,13.5427,11.6531,13.1916,13.9568,16.3881,11.9136,9.3779,8.4011,11.2335,9.4729,10.3756,13.0319,10.6038,11.9898,10.3207,8.4174,12.4014,13.8093,11.4722,12.5939,19.9484,16.8035,12.4213,8.2523,13.2017,9.3316,9.6154,9.8503,8.4171,12.1201,11.4743,9.9414,6.1966,7.1622,6.5647,6.7794,6.7439,7.578,7.4978,6.7377,7.5907,7.5944,8.5089,7.471,7.1547,9.6019,8.2434,7.5964,8.0,6.5474,6.0424,8.0,8.5332,6.4808,8.2175,7.3976,9.3856,9.4867,7.896,9.8406,11.3955,10.013,12.6195,13.5859,9.6234,3.5424,7.4148,7.6355,6.0547,8.2048,9.9123,8.1563,9.2943,12.2292,7.3816,4.9565,10.9015,10.2665,9.5169,6.7733,6.2548,7.3644,7.2273,7.2244,10.5855,9.8925,7.9683,8.142,7.485,8.6139,10.0929,9.6768,12.2104,10.0789,9.5622,8.5376,9.1415,9.7101,12.4813,5.4753,8.7889,6.7514,9.1195,9.034,8.0553,7.9457,4.71,9.2797,11.0581,9.305,11.6412,11.1668,8.6545,8.8368,6.5883,4.6902,8.2,4.5853,3.6727,3.9506,5.2906,3.5454,3.8571,9.4672,6.3952,5.0725,8.4936,9.1411,3.5654,7.4745,5.8144,3.0004,7.5562,7.7311,3.8524,5.1817,9.7536,4.0001,20.9886,2.7001,2.7,3.5806,3.0006,3.0,3.2004,7.2336,6.3953,5.4372,4.1954,4.7001,4.6681,6.9444,6.1507,5.6765,3.0,4.0003,10.1027,4.7552,7.0222,3.513,4.3331,4.4451,4.1256,5.5841,5.3354,5.0,3.0001,2.0001,5.1453,4.3186,5.9794,2.0589,3.5,5.0047,2.001,2.7011,2.0,4.2938,2.0007,6.5873,7.1937,9.8952,7.131,7.131,7.131,7.131,7.131,7.131
143,14.032,7.2728,8.2307,4.6239,15.172,8.8455,11.3524,14.644,12.4211,11.0486,16.9728,13.4544,8.8106,13.2424,8.0003,15.1702,15.5852,2.7301,3.4138,10.2992,11.2122,7.9975,4.0455,11.5943,5.5211,5.4604,9.811,9.6602,7.8576,9.6149,8.24,3.406,6.5637,9.5073,3.0619,3.5042,5.3295,8.3281,5.227,2.7298,7.5067,3.0019,3.5036,3.8175,2.7401,9.12,6.1549,8.0,2.8119,3.6431,2.7407,4.8798,2.74,3.5001,4.809,4.8295,2.0001,2.7401,3.9999,7.5314,6.0751,6.601,7.3277,9.2328,4.4672,2.7401,12.6754,10.7999,4.6494,5.0218,6.6994,6.5321,7.2999,10.0417,6.7653,3.6,3.9847,6.0589,11.7568,7.0838,6.7436,3.0016,4.3984,11.8151,5.5814,4.7447,10.2628,12.1606,2.8162,8.0702,11.6534,3.5297,8.1819,9.7237,12.1563,6.92,6.1432,9.0328,6.0528,7.5871,8.0258,11.016,9.3873,9.0826,9.2914,6.5275,9.5268,6.0105,12.697,12.8588,9.6192,3.9073,5.5808,4.0,6.4834,9.7917,9.4337,3.6319,7.6967,10.6486,13.2041,9.4263,11.5455,11.0323,9.2278,5.2136,8.7675,4.646,10.3325,10.2017,9.7981,12.3924,6.7027,6.3998,8.8385,8.3722,10.0664,4.1061,9.2215,10.3811,9.5735,2.8981,8.444,7.4991,12.0973,6.1814,8.2611,8.8703,10.8611,11.333,8.7067,10.4531,6.827,8.3165,7.4866,7.314,8.7297,7.1297,8.6894,10.1342,11.6284,5.7566,5.6822,7.9623,10.3774,6.7597,6.9569,7.6533,7.3401,10.8674,10.4607,11.7325,3.6053,8.118,10.4905,9.0016,9.1504,9.3239,10.4154,10.7799,10.6776,10.7722,10.9306,6.8876,6.6902,8.0842,7.5588,9.1724,12.0291,7.0066,7.6226,9.3243,7.7325,9.2402,10.7664,8.8911,10.984,15.3725,12.7989,8.1446,7.4459,12.1999,5.8177,7.9023,6.7738,6.7678,10.3457,12.0394,8.8722,5.4256,6.4779,5.1085,5.8429,5.1593,7.2261,7.1665,5.4261,6.1936,6.4453,7.967,7.5333,6.0427,7.3459,6.7253,6.0907,6.8331,6.3478,4.0,7.1848,6.83,5.7104,7.0396,7.464,7.5294,8.7838,7.4494,7.8127,9.0554,8.7295,11.2574,9.0395,8.0001,2.7007,7.6565,6.9698,3.7588,6.6447,8.0246,8.4182,8.7734,8.918,5.862,5.0004,7.6678,8.2796,7.6684,4.7074,5.6633,3.9595,6.8525,6.8771,9.5267,8.472,8.0919,7.2226,7.3818,7.1952,5.1971,7.1325,10.1879,9.6589,9.6723,7.3653,8.9879,9.7101,8.9308,6.4692,10.0798,7.2721,8.2101,8.3453,4.4663,9.2012,5.4976,8.2403,14.5254,9.1726,7.308,11.0242,11.4687,7.6611,14.7924,8.3782,10.2858,15.4193,9.4946,7.673,14.6178,8.4883,10.2726,9.5067,7.4244,6.4035,9.4284,10.425,8.9001,10.3559,10.0788,8.1224,12.4375,16.3404,10.9389,9.9653,18.6039,8.7829,21.3834,14.5146,8.1182,9.6662,10.7985,11.9871,5.7613,7.0096,9.743,12.5597,8.2,8.5705,11.6349,8.0,11.6675,9.9074,10.5229,7.4687,16.4027,8.1247,11.2794,4.8054,9.0,8.837,11.4049,10.2366,14.0984,11.5454,5.0855,5.3272,14.498,9.1829,10.4323,4.6201,5.3768,9.0912,7.8789,10.5978,6.4839,9.8818,7.3553,11.8539,12.2603,14.8832,16.5543,16.5543,16.5543,16.5543,16.5543,16.5543
144,11.5677,5.9697,7.4278,5.6612,8.8289,6.3823,8.2519,11.9337,12.0573,10.6127,11.9217,12.9776,6.6865,11.7162,6.2677,10.814,13.1161,2.9395,4.8369,12.7284,13.4351,8.211,7.204,11.3917,7.6043,7.7598,11.2904,12.8597,8.5818,11.7918,12.995,8.959,13.0376,13.6413,5.9624,3.5036,3.5001,11.8471,11.2856,6.8117,11.1323,3.9929,7.1729,7.1337,4.0,13.4129,9.0099,10.1203,5.0924,7.0139,5.1851,11.124,6.5037,6.2969,12.0815,8.8049,2.7401,4.2014,10.1685,10.8421,11.1337,11.0471,10.3612,10.385,9.8931,5.866,15.7822,11.6486,11.7306,9.8231,9.1066,7.8925,11.9383,11.0543,8.4664,5.4295,5.0014,8.1456,14.743,9.7126,8.4503,6.3984,7.4353,13.6895,6.6398,6.5471,11.5348,12.4755,4.8311,13.6875,10.9485,3.9998,9.1141,11.6758,12.7567,9.0553,7.0206,10.1421,9.2602,7.8453,10.1771,10.0004,7.2271,8.4498,8.5945,7.4452,11.9277,8.9945,11.0905,11.5734,12.9402,4.1662,3.9902,5.3215,9.1794,10.6008,9.213,6.1694,14.4403,8.6711,11.1159,7.6921,10.408,9.7678,7.6378,4.6063,8.896,4.0212,6.549,7.2466,6.216,8.7337,5.2375,5.133,10.0052,6.5457,7.8954,7.9991,8.5226,8.0001,9.1822,2.7401,7.4451,5.5373,8.2841,4.7201,5.8129,9.6009,9.3464,7.2995,6.8759,6.4895,5.7566,6.6399,3.5393,5.8955,7.4934,8.1238,6.603,8.2899,7.7117,3.9276,6.1482,8.932,6.0132,5.4565,5.8853,6.2607,5.3819,7.6587,6.8075,8.6064,3.0388,3.5903,7.4498,8.4799,7.7748,7.457,8.8784,8.9401,7.798,8.6873,9.0307,5.5352,6.0557,5.2812,7.4805,10.3299,8.1435,6.8118,8.1788,7.3611,6.0638,7.1315,11.8399,6.4542,8.3094,10.9018,9.4102,8.2136,5.8441,9.3424,5.5309,7.1508,7.0922,6.4069,8.4654,11.5275,8.6033,4.8785,4.4648,5.3957,5.3335,4.6133,5.8585,6.8159,3.9405,4.3415,5.4057,6.1001,6.5413,4.715,6.4504,5.2599,4.3967,4.2699,5.7415,5.4133,5.0711,5.4281,3.6801,4.378,6.9013,7.3877,7.2784,7.3824,6.3411,7.2591,5.5832,8.0291,6.9564,4.7798,4.3503,6.1856,4.3259,3.7973,4.8552,7.9284,6.1928,8.0,7.3328,5.1832,3.4258,6.6935,8.6351,7.6922,4.0001,5.6084,5.4723,4.9174,5.8299,8.71,8.1189,9.7001,8.0465,8.6615,7.981,6.8719,8.1419,9.9811,12.5738,9.7999,7.1523,7.0072,9.7101,8.8696,8.2101,13.2962,8.1442,9.0401,8.2394,4.0,10.7521,9.6652,10.1902,13.2505,10.816,11.835,10.8171,10.7426,9.1641,15.7044,7.8393,9.5204,12.0182,8.4504,5.7895,9.1153,5.3518,6.5949,7.5895,5.7172,3.0,8.5317,8.2524,8.1388,7.5777,8.3041,7.9604,10.5175,13.0574,4.2919,5.9731,11.8386,6.0515,16.7034,12.7399,3.6467,6.9226,8.0265,7.2482,3.4547,6.1878,8.2829,7.5528,7.5002,7.8432,10.6294,7.7408,8.3367,6.8731,8.0,3.4908,11.4769,8.0797,10.2103,5.8558,7.2657,5.967,4.2577,6.1322,7.2507,7.7887,4.1644,4.0001,6.6986,3.3961,7.2808,2.4187,3.7348,7.6747,4.7689,10.2637,4.2293,8.3326,2.3093,9.8591,10.1216,11.921,11.921,11.921,11.921,11.921,11.921,11.921
145,8.0303,2.8148,3.8976,4.5651,3.5,3.9738,3.2786,8.8646,10.2696,9.2376,11.6043,10.6337,3.3178,8.3299,4.4257,5.7981,10.4915,2.71,3.0018,9.372,10.8838,6.0377,2.7406,10.1142,3.4433,4.0005,5.7866,10.2601,3.7256,3.0031,4.99,3.9947,5.9851,9.591,4.0,3.4998,2.7102,9.0807,7.9402,2.9962,9.854,2.7302,3.8053,3.5043,4.0001,12.4765,5.4107,6.0942,3.8982,5.7497,2.8998,8.46,4.6123,5.0137,10.0228,8.8872,2.7448,6.0434,15.513,11.4493,10.3802,9.9257,6.8043,10.1889,10.364,4.5585,11.0718,6.8079,6.5605,7.5019,6.2158,5.4335,9.3384,6.9283,6.7226,5.7313,8.0896,8.5872,14.3314,8.3581,7.6373,8.095,7.4515,15.7798,7.6605,6.9019,13.701,17.1647,5.9232,20.1809,13.2445,6.8607,11.1248,13.7286,18.6629,11.7404,13.6672,11.7917,8.3896,12.6985,14.3422,13.178,7.87,10.4503,13.14,7.1751,23.8835,12.5063,15.4247,15.1613,25.5449,11.5112,7.4245,8.4501,16.4451,27.4573,12.6529,15.4676,25.0689,9.4492,10.7898,8.2301,9.7623,10.8276,10.236,7.5557,9.2147,3.5004,8.7596,6.8819,8.0978,9.7186,6.1039,6.7165,13.3539,4.3214,10.6499,16.1566,8.0001,7.3931,8.2065,2.7405,6.857,5.5917,7.4289,3.0448,4.1456,9.0983,8.045,6.6794,8.8217,7.0939,5.2368,3.3879,3.3978,2.9245,4.1209,4.9043,4.9399,4.5533,4.416,6.2311,5.463,7.4505,5.8005,2.8015,3.5762,7.6762,4.9643,6.5429,4.9677,6.3992,2.7001,3.4129,4.572,5.39,6.9649,5.6843,5.6821,6.9326,6.7784,6.1085,4.968,5.5388,4.4402,3.8388,6.244,7.1611,6.2913,6.2384,4.986,6.574,4.8181,4.2244,6.0792,5.2628,6.6962,7.7238,6.936,7.3612,2.7478,5.6342,6.1267,5.3907,3.0107,4.7059,8.2321,8.9716,4.7522,5.1105,2.7109,4.8008,5.1967,4.9925,5.5309,6.3853,5.0965,7.1296,4.7347,5.9146,6.6276,3.6032,8.2778,5.6812,5.7867,2.7002,5.9222,5.8946,6.7353,3.342,3.0013,2.7002,6.5262,7.8188,6.841,6.2067,5.2818,6.0544,4.2392,7.6795,5.5207,8.2512,5.9901,4.7201,2.7001,2.8612,4.5389,4.2534,5.8207,8.749,5.9045,5.3584,3.0763,6.1181,7.6956,6.2267,3.4743,5.7711,3.5023,4.7275,6.8237,7.0179,8.814,8.263,7.6115,7.487,5.1207,4.0,5.2739,7.0008,8.7506,8.22,5.7763,4.0001,8.1332,3.6939,5.6606,9.0436,4.4052,4.4407,4.8011,2.9915,6.9444,5.44,7.1539,9.203,7.7341,10.6653,9.9105,8.13,7.9641,12.1034,3.345,5.1111,9.9044,6.6782,2.8321,6.6472,4.0001,3.9102,4.0438,4.4225,3.0009,6.3359,4.6718,7.0003,7.2605,5.2671,6.2343,8.7746,9.7503,3.0005,3.6529,9.0727,4.0,7.5002,11.053,4.2897,6.7529,8.0421,4.3258,2.0365,6.0291,6.751,3.2887,6.6617,5.0006,5.4348,5.8081,4.0894,4.4449,4.0234,3.0002,8.0431,6.3238,7.5377,5.5866,7.7533,3.7999,3.0001,4.71,7.048,5.8659,2.1139,3.0,6.0047,2.0006,6.8136,2.0001,3.5,6.6719,2.769,7.4113,4.1906,7.074,2.7333,9.0,9.9679,14.526,14.526,14.526,14.526,14.526,14.526,14.526
146,6.3926,2.7101,2.7136,3.5316,2.9888,3.844,2.7,8.5984,8.9733,6.0381,8.7898,7.1688,2.7001,7.3506,3.7819,4.0358,10.4555,2.7101,3.5,10.1332,11.2099,4.3169,2.7405,4.4024,3.5032,2.7304,2.7402,9.7165,3.1163,3.4999,3.3891,2.73,3.5025,8.4094,3.4009,3.3751,2.71,9.4807,7.4567,2.73,3.5001,2.7302,3.0017,2.7401,3.0028,10.9596,4.1935,3.0027,2.762,3.581,2.6973,5.0564,3.9658,4.8935,9.0843,6.1927,2.7401,6.6205,11.7133,10.4494,7.3889,5.1686,4.8728,7.4638,7.7237,3.0009,7.5552,5.2336,2.7401,4.7318,3.0011,2.7401,4.745,2.7408,3.5,3.5031,3.7699,8.2417,8.0018,3.2254,2.7401,2.74,4.0,8.7252,3.7342,4.5258,9.033,12.0001,3.6908,13.7111,9.5993,2.7001,5.2607,8.2413,9.5055,3.7041,6.2201,7.6618,7.6428,7.0931,8.1314,4.9976,5.941,6.9764,8.5929,5.4608,13.3988,4.4935,6.6499,12.4306,14.6103,4.1074,2.3259,6.7224,9.2769,10.2698,7.8712,7.7641,13.7866,7.4658,4.0556,5.5184,4.3817,6.9663,5.5507,4.02,6.7345,4.5982,4.0001,3.0849,3.5021,6.6884,5.4283,5.3362,10.6913,2.7407,8.3345,10.957,6.0094,4.7321,5.9677,2.7401,5.276,5.6389,4.7766,2.7099,2.7301,8.0893,7.7007,6.5669,6.0716,6.2723,4.0661,2.7102,2.7,5.5453,3.5,2.9442,6.5243,4.1261,4.5348,4.2272,2.005,6.0162,6.5892,3.2135,3.1506,5.2358,4.1747,5.1862,3.4316,4.7136,2.7001,3.0021,4.3088,5.0009,3.467,3.8233,3.5001,4.889,5.9816,5.9082,2.0001,2.3365,2.0001,1.5029,2.7113,6.1233,2.8289,4.1464,4.9782,5.9061,2.1006,2.7402,2.1639,2.0001,5.5286,4.2528,6.0566,6.425,2.0002,4.4275,4.2111,3.3482,3.1251,3.7721,7.7062,7.2686,5.1996,4.6906,2.0002,4.0948,4.4755,4.5363,3.001,4.6183,4.2419,5.8041,4.8284,5.4929,3.1165,2.0002,6.0202,3.3851,3.9689,2.0002,2.7112,4.6902,5.5945,2.004,2.0002,2.7001,4.8549,4.4793,4.565,3.4083,2.89,3.5025,3.5025,4.1478,2.7001,2.956,2.7003,3.2049,2.7,2.7001,2.71,2.7301,3.9755,4.6323,2.7002,2.7001,2.7001,3.0013,3.9738,2.7002,2.7001,3.5001,2.5001,4.6772,2.8755,3.5435,7.4035,5.8078,5.3582,3.9821,2.7002,3.001,4.0,4.0,7.227,6.3556,3.2344,4.0,4.0001,3.0872,3.0006,8.2761,2.7001,3.3329,3.5001,2.7001,6.7411,2.8211,5.1311,7.9646,6.722,4.0,4.977,4.0792,3.0009,5.6927,2.7001,2.7001,8.58,3.6914,2.7,7.4353,2.7001,3.0005,3.0004,4.0645,2.7002,3.5781,2.7002,6.5563,6.7033,3.1,4.0001,8.3621,7.528,3.0005,5.2379,7.4164,4.0002,9.3733,11.5479,2.7001,5.6027,9.2148,2.7001,3.0011,4.784,6.3183,3.1826,6.3669,5.6138,4.7,6.1905,3.0001,3.0,3.0485,3.0,6.09,7.0155,8.0381,4.906,9.4977,6.2222,3.0,3.5001,5.8682,5.5964,2.0,2.3829,4.7858,2.0,6.0136,2.0,3.259,6.0644,2.0635,6.1026,5.7302,8.9599,2.0008,8.0,5.0,14.2405,14.2405,14.2405,14.2405,14.2405,14.2405,14.2405
147,6.2804,2.0001,2.6999,2.7,2.7001,2.7,2.4004,6.4506,5.8038,3.881,5.3358,7.0243,2.7,5.2416,3.5027,3.0879,8.8603,3.1292,2.7146,9.1448,11.629,4.8485,2.7301,2.7401,2.715,2.7,2.74,6.1423,2.6821,2.7398,2.7397,2.9839,3.7994,6.0382,2.7,2.6996,2.7099,7.2042,6.2733,2.6999,2.5989,2.7099,3.0001,2.7401,2.74,7.85,2.9459,2.71,2.74,3.0016,2.2301,3.2773,2.7301,3.8381,6.2949,2.9796,2.3551,6.4211,5.8883,5.2128,5.0017,2.7302,3.2052,4.2754,4.1943,2.74,4.9147,2.2906,2.7099,2.1273,2.7399,2.7401,3.0025,2.74,2.0034,2.74,3.0031,3.0029,10.0163,2.3072,2.0041,2.0001,2.0001,3.2297,2.73,2.7401,6.2963,11.0693,2.74,10.559,2.7297,3.0008,5.5796,11.0344,9.2284,2.7,2.7298,2.74,3.001,3.5001,7.9997,2.7301,2.873,6.7068,5.4125,2.7297,11.1099,2.7097,3.9999,3.7584,9.971,2.7097,1.7038,3.0013,4.0,6.5292,2.7399,3.5446,8.7007,3.222,2.7399,3.0015,2.74,2.7411,2.6998,2.6461,6.6394,2.0054,3.191,2.0048,2.7401,3.0009,2.7399,2.71,6.4434,2.556,6.5742,8.0,2.7099,2.7832,4.8722,2.0001,6.0838,3.724,2.7399,1.71,2.71,4.2188,5.3777,4.0148,3.0012,2.9541,2.8231,1.1159,2.0062,4.0002,2.7101,2.7101,2.9456,2.8632,2.6611,2.7099,2.0,4.0,2.8758,1.25,2.0002,3.2387,2.7403,3.5025,2.0001,2.0001,1.6798,2.7298,2.1033,3.3292,2.0006,1.6069,2.0049,3.0825,2.0048,2.0001,2.0,2.0048,1.3365,1.1082,1.2114,2.0001,2.0001,2.74,3.001,3.0906,1.0496,2.0001,2.0,1.0896,2.2347,2.7402,2.8129,2.5656,2.0002,2.0,3.2589,2.0002,2.3551,2.3274,4.2516,4.8223,1.8165,2.0034,0.6906,2.0001,2.7102,2.0001,0.9624,2.0043,2.0029,2.7681,2.0047,2.3992,2.0032,0.26,2.6742,1.5149,2.4568,0.546,2.0001,2.0001,3.1891,0.8173,1.1422,2.0002,2.7002,2.3936,2.1685,2.0002,2.0041,2.0008,1.6022,3.4589,2.0702,2.0046,2.0,0.7748,1.7027,2.0002,2.0001,2.7,2.0003,2.6154,1.2501,2.0002,2.7,2.0037,2.0002,2.0001,2.0042,2.0973,2.0001,2.7002,2.0034,2.25,4.0851,2.7001,2.7001,2.7001,2.2501,2.7001,2.7001,2.7101,5.8237,3.6049,2.2501,2.7001,3.0007,2.7,2.7101,5.001,2.25,2.5001,2.6801,2.0033,3.278,2.5001,3.5,3.8751,9.445,2.7001,2.7103,2.7002,2.7001,4.0001,2.25,2.5,8.3407,2.7104,2.68,5.7659,2.7002,2.2501,3.0004,2.7108,2.6801,4.8858,2.7002,3.9969,5.0822,2.7008,3.5025,6.795,5.6082,2.7,2.7393,2.7002,4.0001,7.5002,8.4534,2.7,3.6485,7.3255,2.7002,2.0,3.3305,6.3512,3.0,5.0006,4.7,2.8725,3.0001,3.0,2.0,3.0,2.0,3.8048,5.4056,5.3333,2.9777,5.3283,2.4881,2.0,2.7094,3.2034,2.7018,2.0001,2.0001,3.0236,2.0,5.0451,2.0,3.0002,5.5067,2.0003,3.4562,3.3885,7.072,2.0,6.0917,3.5,13.4808,13.4808,13.4808,13.4808,13.4808,13.4808,13.4808
148,4.9192,1.7246,2.0002,2.0,2.0051,2.2017,2.0002,3.9379,3.6285,2.7099,3.321,2.7001,1.6999,2.6999,2.7,2.74,6.9636,2.7101,2.7098,4.5004,7.2588,2.7299,1.7324,1.9999,2.0002,2.0001,2.0001,4.1491,2.0002,2.0001,2.0,2.0001,2.7401,5.6058,2.006,2.0003,2.0001,4.1287,2.0042,1.7412,2.0001,2.0001,2.73,2.0002,2.0001,4.5535,2.73,2.326,2.0,2.74,2.0615,2.7301,2.74,2.1332,3.9141,2.1235,2.0001,3.7899,5.3462,2.7404,2.74,2.71,2.7298,2.74,2.74,2.71,2.73,2.0002,2.0002,2.0,2.7399,2.7401,2.7401,2.3493,2.0001,2.0001,2.7401,2.7404,6.8315,2.0006,1.8907,1.7325,1.7424,2.0035,2.7101,2.7301,4.0877,3.2276,2.0002,8.2401,2.0006,3.0001,4.0001,9.9907,5.5203,2.1764,2.7298,2.7298,2.7433,5.3597,4.8282,2.0006,2.7298,3.6353,2.74,2.7297,7.5272,2.7097,2.7399,2.0034,6.646,2.7097,2.0001,2.383,3.0017,3.9477,2.7298,2.7298,6.1641,2.74,2.7701,3.0014,2.7398,2.6067,2.4997,2.2499,3.2178,2.0053,4.0,2.3762,1.7402,2.74,2.0043,2.7298,4.9724,2.0053,2.7399,3.5494,2.0043,2.74,2.1209,2.0001,2.74,2.492,2.0002,1.6999,2.0002,2.6694,3.1087,2.0053,2.0001,2.0001,2.0001,1.25,2.0057,2.7299,2.25,2.7,2.3911,2.0001,2.0001,1.7451,1.25,2.0042,2.0002,0.3494,1.702,1.4836,2.0001,2.0001,0.9503,0.68,1.2499,2.0002,2.0001,3.0013,2.0002,1.6555,1.6997,2.71,2.0001,2.0001,1.5121,2.0001,1.2527,0.4779,1.6412,1.7522,2.0,2.0,2.0001,2.0001,2.0,1.0048,1.6998,2.0001,2.0001,2.0001,2.0034,2.0001,2.0002,2.0002,2.0002,1.0644,2.0,2.0,2.759,2.0007,0.345,0.8114,0.0502,0.727,2.0046,2.0001,0.056,0.965,0.5779,1.3383,1.7199,2.0001,1.3628,1.0734,2.0031,0.2615,2.0,0.1618,1.7533,0.1608,1.75,0.056,0.25,1.2237,2.0002,1.1281,1.0032,0.6165,0.6,0.4959,0.6,1.9362,1.2501,1.0037,1.05,0.2509,1.6801,2.0,2.0,2.0001,0.6,2.0001,0.9649,2.0002,2.0001,2.0001,1.2547,1.2501,2.0002,2.0001,2.0,2.0001,2.0001,2.0,2.0038,2.2501,2.5112,2.0043,2.0043,2.7001,2.7001,2.7001,2.7158,2.0184,2.0001,2.0046,2.7001,2.003,2.0002,3.1872,2.25,2.25,2.6801,2.0026,3.0007,2.2501,2.7401,2.7402,6.0959,2.7101,2.7001,2.7001,2.7001,2.7001,2.25,2.25,4.4396,2.7101,2.5,3.0154,2.7001,2.2501,3.0004,2.7001,2.7001,3.764,2.0055,2.7002,2.7002,2.3252,2.6801,5.9878,2.9233,2.3923,2.7002,2.3109,2.7001,3.6317,5.7141,2.7,2.7,4.8296,2.1485,2.0,2.0162,3.3197,2.0001,3.0,2.6581,2.0,2.0,2.0009,2.0,3.0,2.0,2.0011,2.5006,3.0003,2.0001,3.0236,2.0,2.0001,2.0001,2.0,2.6823,2.0,2.0,2.0004,2.0,2.8362,2.0001,2.0001,5.0962,2.0,2.0,2.6884,5.4028,1.7004,6.0854,2.7186,11.2382,11.2382,11.2382,11.2382,11.2382,11.2382,11.2382
149,4.5701,1.0594,2.0001,1.703,2.0001,2.0002,2.0001,2.7,2.1071,2.003,2.6522,2.0044,1.3999,2.5758,2.6999,2.74,5.8822,2.0172,2.0002,2.7301,2.7435,2.0002,1.7301,2.0002,2.0001,1.9649,1.7402,2.4335,1.44,2.0,2.0001,2.0,2.0,2.7441,2.0001,2.0,2.0,2.7401,2.0001,1.7322,2.0002,2.0002,2.7299,2.0,2.0003,2.0206,2.0044,2.0003,2.0001,2.7401,2.0002,2.1226,2.0045,2.0002,2.7401,1.7925,2.0001,2.7401,4.0,2.74,2.74,2.0001,2.2311,2.7301,2.7428,2.71,2.7401,2.7401,2.418,2.7139,2.8251,3.0027,2.7441,2.0003,2.0028,2.0001,3.0023,3.0017,4.1373,2.73,2.0001,2.0001,2.0001,1.993,2.7302,2.74,4.3622,3.0015,2.7399,2.5255,2.7298,9.9908,3.2442,8.1293,2.7299,2.7099,2.6999,2.7298,9.0712,4.0001,2.5926,2.0002,2.7097,2.25,2.9353,2.7099,2.7409,2.7296,2.7399,2.0001,2.7408,2.7099,2.0015,2.744,2.9299,2.6999,2.7297,2.7399,4.4046,2.7403,3.0015,2.7443,2.0039,2.4999,2.0498,2.7097,2.74,3.0016,2.74,2.0047,2.74,2.74,2.7401,3.0016,2.7399,2.7399,2.0048,2.7399,2.0045,2.0,2.0,2.0042,2.7399,2.3484,2.0002,2.0002,2.0001,1.67,2.0001,1.3517,1.3306,2.0002,2.0001,2.0,2.0044,2.0001,2.4998,2.452,2.0007,1.5001,1.0915,1.0046,1.0355,1.767,0.5003,0.8803,0.553,2.0001,2.0002,1.1591,1.5224,1.6999,1.484,1.6404,2.0001,2.74,1.4999,1.0873,1.5028,1.49,1.3301,0.2506,1.0019,1.6594,0.0559,0.2501,2.0,1.1621,0.2509,2.0,2.0,1.8671,1.0024,0.4999,2.0001,1.5738,0.251,2.0001,2.0001,1.7026,0.88,1.2558,0.9555,1.8052,1.7306,1.5983,1.3001,2.0002,0.1017,0.7614,1.6801,1.5678,2.1006,1.924,0.2512,0.7326,0.4,2.0001,1.8273,0.6981,0.2801,0.5242,1.4479,0.07,2.0002,2.0001,2.0002,0.2514,0.54,0.51,1.0036,2.0001,1.1278,0.6,0.26,0.26,0.6,1.2292,1.7031,1.03,1.2501,1.0037,1.4913,2.0001,2.0002,2.0038,2.0,2.0002,0.8859,2.0001,2.0,0.88,2.0002,2.0002,2.0,2.0002,2.0,2.0,2.0001,3.5731,2.0,2.003,2.0002,2.1932,2.3779,2.345,2.7001,2.7,3.6175,2.7001,3.1539,2.004,2.25,2.7001,3.0005,2.0042,2.0027,2.5001,2.7001,2.7001,2.7001,2.0002,2.7101,3.0005,2.7101,3.0,2.7002,2.7001,3.0006,2.7001,2.7001,4.3978,2.7,2.7,6.4808,2.7001,2.7301,2.68,2.7002,2.7765,4.5596,3.0007,3.5003,3.0009,2.0015,2.7002,2.0003,2.0011,2.7001,4.2563,2.7002,2.0002,2.7002,2.25,2.7001,3.0006,3.0011,2.7,2.7,3.0009,2.008,2.0,2.0,3.0,2.0,3.0001,2.0043,2.0,0.7,2.0001,2.0,3.0,2.0001,2.0001,2.0001,2.0511,2.0,2.0004,2.0,2.0001,2.0,2.0,2.0,2.0,2.0001,2.0,2.0,2.0,2.0,2.0,2.001,2.0,2.0,2.0001,3.5,1.33,3.2297,2.0001,8.0134,8.0134,8.0134,8.0134,8.0134,8.0134,8.0134
150,3.5001,2.0002,2.0052,2.0001,2.0,2.0,2.6999,2.3698,4.8268,2.2825,2.4843,2.0001,2.0,2.3821,2.74,2.7399,7.3599,2.5598,2.1141,4.3935,2.7298,2.0002,2.0306,2.0001,2.0,2.443,2.0001,2.6194,2.0,2.0001,2.0059,2.0001,2.02,6.2034,2.0002,2.7399,2.0048,2.0,2.0002,1.71,1.843,2.74,2.74,2.0045,2.0001,2.0,2.0002,2.0001,2.0001,2.9733,2.7101,2.2321,2.0047,2.0002,2.0,2.0936,2.7401,2.7404,4.0001,2.7401,2.6967,2.0002,2.7301,4.3976,7.4476,2.71,2.7,2.74,2.5496,2.0035,3.0329,3.0027,2.7441,2.0,2.0001,2.0001,3.0021,3.0017,4.6132,2.74,2.0001,2.0041,2.0,2.0001,2.7301,2.74,3.1766,3.0,2.7299,2.7165,2.7099,8.7558,4.992,9.7291,2.3796,2.6999,2.71,2.7297,6.7325,5.9874,2.6997,2.0001,2.6998,2.0028,2.7099,2.7297,2.7409,2.7297,2.7399,2.0012,2.6998,2.6998,2.7397,3.0009,2.8195,2.0033,2.7298,2.7399,2.7728,2.7399,4.0,3.0,2.7399,2.2939,2.0003,2.7098,2.7398,3.0,2.7398,2.74,2.7399,2.74,2.7401,3.0,2.74,2.2434,2.3285,2.74,2.0043,2.0001,2.0045,2.005,2.0001,2.0055,2.0002,2.0002,2.0001,0.9022,1.2304,1.257,1.6798,2.0001,2.0001,2.0001,2.0001,2.0001,2.0001,2.0001,2.0,0.2508,0.5,0.3648,1.2299,1.0958,0.2595,0.8442,0.25,1.6095,2.0001,0.6698,1.5313,0.951,1.6999,2.0002,2.0,2.0001,1.6829,0.6,1.25,1.0023,1.4301,0.2764,0.6599,1.0308,0.0498,0.25,1.0037,0.7732,0.056,1.2673,1.7217,1.0124,1.0,0.4,0.9853,1.25,0.9503,2.0001,2.0001,1.2501,0.2962,0.2504,0.4,0.8972,1.2531,0.8624,0.6,1.446,0.146,0.5437,1.6801,2.0001,2.0001,1.4827,0.0702,0.4,0.056,2.0,1.6226,0.5913,0.2512,0.26,0.5173,0.1395,1.9787,1.201,2.0001,0.2856,0.6,0.69,1.7001,2.0001,2.0,0.375,0.2501,0.26,0.6,0.67,1.5644,0.85,0.88,1.2501,1.7037,1.703,2.0001,2.0002,2.0,2.0,0.51,1.7284,1.5266,2.0002,2.0002,2.0,2.0001,2.0002,2.0,2.0001,2.0,2.2805,2.0001,2.0,2.0001,2.0003,2.0194,2.3741,2.7001,2.7,3.0005,2.7001,2.5348,2.0035,2.0001,2.0031,2.7001,2.0028,2.0001,2.0034,2.7001,2.7,2.7001,2.0001,2.7001,3.0005,2.7101,2.7105,2.7001,2.7001,3.0109,2.7001,2.7001,3.4913,2.68,2.7,5.3795,2.68,2.7301,2.5,2.7002,3.0,3.2089,2.7506,3.9897,3.9108,2.9479,3.8424,2.0001,2.0008,3.5,3.0005,2.0001,2.7,2.7002,2.5,3.0,3.0001,5.8275,2.7,2.7,6.2155,2.0,2.0,2.0,3.0001,3.0001,3.0001,2.0,2.0,2.0,2.0001,3.0,4.0002,2.0001,2.0,2.0,2.0,2.0,2.0,2.0,2.0001,2.0,2.0001,2.0,2.0003,2.0002,2.0,2.0,2.0,2.0,2.0001,2.0001,1.74,1.7002,2.8797,3.2227,1.1052,6.6099,2.0001,4.0362,4.0362,4.0362,4.0362,4.0362,4.0362,4.0362
151,2.9685,2.0001,2.7133,2.0001,2.0,1.7,2.5004,2.2213,4.0262,2.7,2.6998,2.0002,1.7,2.6999,2.7403,2.74,4.6982,2.73,2.5726,3.6951,2.7298,2.0002,2.4711,2.0001,2.0002,2.0061,1.7423,2.4635,2.0001,2.4506,2.0065,2.0001,2.0047,5.1216,2.3812,2.7296,2.0001,2.0001,2.0,2.0001,2.0002,2.73,2.7401,2.0001,2.0001,2.0,2.0,2.0002,2.0001,2.9919,2.7099,2.0043,2.0001,2.6751,1.8061,2.1838,2.7401,4.0,4.0001,2.0001,2.2355,2.0001,2.0039,3.5407,7.8283,2.71,2.71,2.8201,2.0044,2.7398,3.002,2.7405,2.7402,2.0001,2.0033,2.0001,3.0024,3.0017,3.9998,2.7399,2.0001,2.0002,2.0001,2.0001,2.73,2.74,3.0001,2.7401,2.7299,2.7298,2.7096,8.2403,3.0012,8.0002,2.5348,2.4711,2.7099,2.7298,3.9998,5.9796,2.6965,2.0002,2.0025,2.0001,2.6998,2.7297,2.7098,2.7297,2.7399,2.0013,2.1421,2.7298,2.74,3.0009,2.74,2.25,2.7399,2.7398,2.902,2.7399,3.4996,3.0014,2.74,2.2499,2.0001,2.7098,2.863,3.0015,2.7399,2.74,2.74,2.7399,2.7399,2.74,2.74,2.74,2.0042,2.74,2.0041,2.0001,2.0001,2.0039,2.0001,2.0575,2.0001,2.0002,2.0046,0.7076,1.1366,1.7098,1.1744,2.0001,2.0002,2.0,2.0,2.0,2.0001,2.0001,2.0001,0.0606,0.9683,0.4701,1.25,1.7025,0.2596,0.25,0.2501,1.6799,2.0002,1.1301,1.5597,1.6999,1.6999,2.0001,2.0,2.0001,2.0002,1.2499,1.5028,1.782,1.4162,0.2507,0.4998,1.4257,0.0558,0.0559,1.184,1.0499,0.056,0.8497,2.0,1.5738,0.5656,0.3532,0.9909,0.6,1.2532,2.0,1.3007,1.2501,0.062,0.2,0.3942,0.7023,1.5528,0.6,0.5469,0.6,0.0501,0.2514,1.7001,2.0001,2.0001,1.1824,0.056,0.4,0.056,1.4327,1.3721,0.5342,0.2501,0.5006,0.2501,0.056,1.3828,2.0001,0.8673,0.402,0.6,0.69,1.7001,2.0001,2.0001,0.1019,0.2011,0.26,0.6,0.3241,1.1502,0.26,1.0036,1.0036,1.5058,1.703,1.5001,2.0002,2.0002,2.0001,0.3451,1.8793,1.2501,1.5027,2.0,2.0,2.0001,1.6827,2.0001,2.0001,2.0,2.0028,2.0001,2.0001,2.0002,2.0003,2.0049,2.183,2.7001,2.7,3.0005,2.7001,2.4095,2.0041,2.0001,2.0525,2.7001,2.0028,2.0001,2.0027,2.7001,2.7,2.7001,2.0002,2.7001,2.7401,2.7101,2.8298,2.7101,2.7001,3.5002,2.7,2.7,2.9353,2.68,2.7,5.3473,2.68,2.73,2.68,2.7002,3.0,3.0372,2.8056,3.0008,3.1544,2.7003,2.7101,2.0001,2.0008,2.71,3.0005,2.0003,2.7,2.7002,2.2501,3.0001,3.0006,4.44,2.7,3.0,4.9819,2.0,2.0,2.0,3.0001,3.0,3.0006,2.0,2.0,2.0,2.0001,2.9296,10.9775,2.0001,2.0001,2.0,2.0,2.0001,2.0,2.0,2.0001,2.0,2.0,2.0,2.0001,2.0001,2.0,2.0,2.0,2.0,2.0001,2.0,1.91,1.7004,2.7528,3.0,0.7739,4.2231,2.0,3.0,3.0,3.0,3.0,3.0,3.0,3.0
152,2.7101,2.0002,2.713,2.0002,1.7017,1.7,2.6437,2.0432,3.2858,2.6999,2.1071,2.0002,2.0001,2.6999,2.74,2.7401,5.7871,2.73,2.7301,3.2071,2.7101,2.0002,2.0004,2.0001,2.0001,2.0001,1.7424,2.004,2.0001,2.5742,2.0059,2.0,2.0068,5.472,2.0052,2.7297,2.0001,2.0,2.0002,2.0001,2.0,2.73,3.079,2.73,2.0001,2.0,2.0002,2.0002,2.0001,3.4344,2.7,2.436,2.0003,2.7298,2.0001,2.0003,2.7401,4.0,8.0002,2.0038,2.7301,2.0001,2.7399,2.74,7.3957,2.71,2.7,3.5961,2.0045,2.7398,2.7433,2.743,2.7442,2.0033,2.0034,2.0001,3.0022,3.0021,3.0018,2.7401,2.0001,2.0002,2.0001,2.0001,2.73,2.7399,3.0001,2.7401,2.7299,2.7299,2.7098,8.2404,3.0024,8.2412,2.7099,2.0128,2.7099,2.7099,3.1757,5.193,2.7007,2.0002,2.6998,2.0001,2.6997,2.7297,2.7107,2.7296,2.7399,2.0014,2.0016,2.7297,2.7401,3.0013,3.3943,2.25,2.7399,2.7399,2.741,2.7297,3.4999,3.0014,2.7399,2.0961,2.0001,2.6998,3.0025,3.0,2.004,2.3411,2.74,2.7399,2.7401,3.0001,2.7399,2.7399,2.0043,2.7401,2.0052,2.0001,2.0001,2.0041,2.0041,2.0004,2.0002,2.0002,2.0065,2.0001,1.1333,1.4954,2.0,2.0001,2.0001,2.0,2.0001,2.0001,2.0001,2.0001,2.0001,0.6808,0.3487,0.6801,1.2499,1.894,0.2596,0.25,0.5102,1.7028,2.0002,1.6798,1.9996,1.6999,1.6999,1.7026,2.0001,1.0496,1.0016,1.2501,1.6829,1.0018,1.5284,0.1249,0.3029,1.0017,0.0558,0.0559,0.8802,1.0509,0.3501,0.6613,1.6366,1.0502,0.5378,0.3502,0.5237,0.3501,0.2503,1.453,1.253,1.2501,0.056,0.2,0.35,1.4658,1.4508,0.6,0.0709,0.0971,0.0502,0.1805,0.77,2.0001,2.0,1.2315,0.095,0.056,0.056,0.7644,1.03,0.2847,0.2501,0.2512,0.26,0.056,0.8866,2.0001,2.0001,0.2509,0.6,0.69,1.7001,2.0001,0.85,0.5654,0.0856,0.6,0.6,0.3055,1.2033,0.26,0.88,1.0036,1.7037,1.703,1.5001,2.0002,2.0001,2.0001,0.26,1.3359,1.2501,1.5027,2.0001,2.0,2.0001,1.7026,2.0001,2.0001,2.0001,2.0029,2.0,2.0001,2.0003,2.0001,2.0037,2.0923,2.7001,2.7,3.0005,2.7001,2.3454,2.0001,2.0001,2.0035,2.7001,2.0028,2.0001,2.0001,2.7001,2.7001,2.6801,2.0002,2.7001,2.71,2.7101,2.7101,2.7,2.7001,4.2095,2.7,2.7001,2.7101,2.68,2.7,4.5474,2.68,2.7301,2.7,2.7002,3.0001,3.3524,2.7002,2.7003,3.5059,2.7002,2.7107,2.0001,2.0035,2.7137,3.0,2.0002,2.7001,2.7002,2.2501,3.0001,3.0006,3.5007,2.7,3.0008,5.3356,2.0,2.0,2.0,3.0001,3.0001,3.0001,2.0,2.0,2.0,2.0002,2.0348,10.97,2.0001,2.0,1.6367,2.0001,2.0001,2.0,2.0,2.0,2.0,2.0,2.0,2.0003,2.0001,2.0,2.0,2.0,2.0,2.0,2.0,1.91,1.379,2.7368,3.1874,0.7,3.5259,2.0,2.5,2.5,2.5,2.5,2.5,2.5,2.5
153,2.71,2.0002,2.7132,2.0,1.7017,2.0002,2.7041,2.1024,3.5037,2.6999,2.6999,2.0001,2.0002,2.6998,2.7399,2.7401,3.9432,2.73,2.73,4.2387,2.005,2.0004,2.0064,2.0002,2.0049,1.7423,1.7424,2.4366,2.0,2.9705,2.0054,2.0001,2.0047,5.4005,2.4087,2.7296,2.0001,2.0001,1.9947,2.0,2.0,2.73,3.0023,2.73,2.0001,2.0002,2.0001,2.0002,2.0001,3.515,2.7301,2.4567,2.0001,2.5015,1.8388,2.0,2.7401,4.0264,4.0001,2.0034,2.7301,2.0,2.0043,2.7401,7.195,2.73,2.7101,3.9087,2.7401,2.7401,2.74,2.7401,3.5,2.0031,2.0031,2.0,3.5,2.7401,3.0015,2.74,2.0001,2.0041,2.0001,2.0045,2.7299,2.7399,2.74,2.8902,2.73,2.7401,2.71,8.2299,3.0012,9.9903,2.7299,2.7099,2.7099,2.7298,3.5969,4.0001,2.7008,2.0002,2.6998,2.0026,2.71,2.7297,2.7107,2.7296,2.7399,2.0001,2.0294,2.7997,2.0014,3.4028,3.1176,2.6999,2.7399,2.7399,2.7424,2.7298,3.4999,3.0014,2.7296,2.2323,2.0001,2.7097,2.9928,3.0017,2.74,0.7509,2.74,2.7401,2.7399,2.7401,2.7399,2.74,2.0042,2.74,2.0052,2.0,2.0001,2.0055,2.0055,2.4758,2.0002,2.0002,2.005,1.6999,1.1305,1.7099,2.0001,2.0001,2.0002,2.0,2.0,2.0001,2.0001,2.0001,1.2535,0.3005,0.6094,0.2509,1.25,2.0001,0.2868,0.25,0.6902,2.0001,2.0002,1.0477,2.0002,1.6999,0.2603,2.0002,1.7742,1.3372,2.0001,1.0023,1.5025,2.0,1.0536,0.056,0.2501,1.2523,0.0557,0.2501,0.8802,1.0019,0.4,0.4167,1.4307,1.0001,0.6086,0.4662,0.6294,0.3641,0.269,2.0,1.5324,1.2501,0.056,0.2,0.4117,1.8549,2.0001,1.0074,0.1303,0.322,0.0502,0.25,0.6,2.0001,2.0043,1.8543,0.2447,0.063,0.056,0.6,0.9544,0.6,0.2501,0.26,0.4364,0.056,0.8896,0.251,2.0001,0.3,0.6,0.69,1.7001,0.85,0.85,0.5004,0.26,0.26,0.6,0.4113,1.13,0.26,0.88,1.0036,1.7037,1.703,1.5001,2.0,2.0,2.0,0.4398,1.5818,0.6,1.2501,2.0001,2.0001,2.0001,1.7027,2.0001,2.0001,2.0,2.0031,2.0001,2.0001,2.0001,2.0002,2.4462,2.4452,2.7,2.7,3.0005,2.7001,2.6801,2.0001,2.0001,2.0036,2.0031,2.0032,2.0001,2.0001,2.5,2.7001,2.68,2.0002,2.7002,2.7001,2.7101,2.7102,2.0024,2.003,3.8199,2.7001,2.7001,2.7,2.7,2.7,6.9711,2.7001,2.7301,3.708,2.7001,3.0,4.1043,2.711,2.7101,3.8489,2.7002,2.8437,2.0011,2.0035,2.7,2.7107,2.0001,2.7001,2.7002,2.2501,3.0,2.7101,3.6431,2.68,2.8469,4.0665,2.0,2.0,2.0,3.0007,3.0001,3.0008,2.0,2.0,2.0,2.0003,2.2401,12.2586,2.0001,2.0,1.935,2.0,2.0,2.0,2.0,2.0,2.0,2.0,2.0,2.0,2.0001,2.0,2.0,2.0,2.0,2.0001,2.0,1.05,1.3771,2.9269,4.2286,0.71,2.7007,2.0,2.4752,2.4752,2.4752,2.4752,2.4752,2.4752,2.4752
154,2.8384,1.7025,2.7101,2.0001,1.7018,2.7,3.7649,2.0002,3.0582,2.7001,5.0331,2.0,2.0002,2.6998,2.7401,2.74,4.0491,2.7301,2.7299,6.5783,2.0001,2.0001,2.0002,2.0001,2.1038,1.7422,2.0,2.7403,2.0001,5.0975,2.0053,2.0,2.0001,6.3998,2.7399,2.7399,2.0,2.1106,2.0002,2.0002,2.0002,2.73,3.0599,2.73,2.0001,2.2953,2.0043,2.0002,2.0,3.6173,2.73,2.73,2.0002,2.2171,2.0001,2.624,2.7402,2.7401,2.74,2.3344,2.73,2.5584,2.654,3.3453,8.4845,2.7401,5.4698,8.0398,4.0,3.3181,4.5219,3.0023,4.0001,2.74,2.74,2.74,7.269,4.0,3.5001,2.74,2.7398,2.9714,2.005,6.604,3.6917,4.8958,3.9202,2.74,4.0,9.9118,2.7098,4.54,4.0,8.2411,2.7407,2.7299,2.7404,4.0001,2.9287,7.7186,7.9545,2.4623,2.7097,2.0002,2.7299,2.74,3.2722,3.001,2.7399,2.0002,2.74,3.9492,2.0001,3.0012,2.7299,2.7099,2.7399,3.0024,4.9372,2.7296,4.0,2.7397,3.6205,2.6797,2.25,2.7098,3.9995,3.0016,2.7401,1.7401,2.7399,2.74,2.7878,4.0,2.7398,3.0015,2.74,3.1074,2.7299,2.0001,2.0045,2.74,2.0001,2.74,2.7297,2.0002,2.0059,1.9999,1.3779,2.0001,2.0002,2.0001,2.0001,2.0001,2.0003,2.0044,2.2499,2.0052,2.0001,1.2622,1.6294,1.0502,1.5025,2.0,1.9198,1.4998,1.8606,2.0002,2.0002,1.7025,2.0002,2.0,2.0001,2.0001,2.0002,2.0001,1.6831,1.683,1.0017,2.0001,1.5934,0.4999,0.25,1.8315,0.5004,0.6003,1.253,2.0,1.2549,1.53,2.0001,2.0001,1.3286,1.0501,1.1287,1.2499,1.0533,1.9738,2.0,2.0001,0.68,1.2093,1.7144,2.0001,2.0001,2.0002,1.7477,1.6011,0.3262,2.0001,1.25,2.0001,2.5,2.25,0.9052,1.5431,1.0575,1.5152,2.0,1.6324,1.3663,2.0,2.0,1.0039,2.0001,2.0001,2.0001,2.0001,2.0001,2.0002,2.0002,2.0001,2.0001,1.8903,2.0,2.0,2.0001,2.0,2.0001,1.683,2.0001,1.7027,2.0002,2.0052,2.0,2.0047,2.68,3.0012,2.0001,2.345,2.0001,2.0001,2.0001,2.4151,2.4649,2.0037,2.0001,2.0001,2.0001,2.68,2.0025,3.0012,2.7,2.7001,2.7302,2.7512,2.7682,2.7,4.0001,2.7001,4.9416,2.2501,2.25,2.9249,2.7001,2.7,2.7101,2.8092,2.7101,3.0006,4.0,2.7001,5.0014,3.4574,4.8464,6.0164,2.0027,2.7102,7.9326,2.7102,2.7001,3.948,2.71,2.7101,8.5329,2.7101,3.0367,4.9946,2.711,4.0001,6.7229,4.0962,2.7103,4.6802,2.7006,5.1222,2.0035,2.1649,2.7,2.8206,2.0003,2.7001,2.7001,2.2501,3.0001,2.7101,2.7,2.68,3.2385,4.5582,2.0001,2.0,2.0038,3.0007,3.0007,3.0001,2.8526,2.0,2.0,3.0001,3.0,15.8822,4.2259,2.0001,2.0,2.0,2.0001,2.0,2.0,2.4154,2.0,2.0,2.0,2.0,2.0001,2.0,2.0,2.0,2.0,2.8839,2.0,1.05,2.0,3.3413,3.8025,1.5479,3.4008,2.0978,2.3049,2.3049,2.3049,2.3049,2.3049,2.3049,2.3049
155,6.3626,2.0002,6.6063,2.0058,2.3248,9.1054,7.5003,3.7796,4.9928,4.3978,10.5489,4.4666,2.6999,5.0854,4.2809,2.74,7.9686,2.7405,2.74,7.2451,3.2275,2.7409,2.7401,4.0031,4.0171,2.7401,3.5001,6.8425,2.74,8.4868,2.7399,2.74,2.7399,8.1471,7.5009,3.2833,2.7399,4.2829,2.0002,2.71,2.73,2.7624,4.6596,2.7399,2.8124,3.0011,2.74,2.7399,2.0056,5.5277,2.74,4.3182,2.0037,2.9549,2.7299,3.6407,4.0,2.7398,2.7401,3.3438,3.6736,2.74,2.74,6.4094,11.1052,10.9044,13.3182,13.6566,9.4934,4.6373,7.3982,4.0,8.403,6.3009,8.2414,6.1571,10.2338,6.2391,6.5458,7.9181,3.4207,5.8436,5.813,10.8427,4.8441,7.7096,8.5051,7.5149,7.8953,17.5146,10.0001,8.0288,3.0013,10.4976,14.8755,8.9281,12.4111,4.0,3.5,2.8805,11.6704,4.5605,2.7098,4.9785,7.223,3.3524,7.2725,3.5,6.055,2.7097,9.109,5.1331,1.9999,3.0015,6.8113,8.4272,7.6104,7.5009,10.07,2.7401,2.7401,3.0015,7.5476,5.5642,2.7013,2.6999,3.0302,3.5,3.3921,2.7401,3.5,5.0001,5.2818,4.0003,2.74,5.676,2.7098,8.4804,2.7099,2.0002,2.0001,2.7399,2.0062,2.7297,2.7098,2.0001,2.4924,2.0001,1.292,1.9936,2.0002,2.0002,2.003,2.0001,2.0066,2.0064,2.6799,2.7001,2.004,1.2529,2.0,1.0501,2.0,2.6441,2.0002,2.0,2.0001,2.0002,2.0002,1.7025,2.0043,2.0002,2.0002,2.0054,2.0021,2.0001,1.25,2.0002,1.5029,2.0001,2.0001,0.7853,0.4995,1.2501,0.2501,1.0041,2.0,2.0022,1.2536,1.6821,2.0,2.0001,2.0001,1.253,2.0,2.0,1.1154,2.0001,2.0003,2.0001,1.2974,2.0,2.0,2.0001,2.0001,2.004,2.4743,2.0005,1.0501,1.8828,1.2527,2.0001,2.8856,2.25,2.0001,2.0001,2.0,1.2384,1.4436,2.0001,2.0001,2.0001,2.0001,0.88,2.0001,2.0,2.6346,2.0002,2.0001,2.0002,2.0002,2.0002,2.0001,2.0001,2.0048,2.0001,2.0001,2.0,2.0001,1.15,1.3502,2.0001,2.0571,2.8727,3.0013,2.0056,2.7,3.0012,2.7002,2.7,2.1694,2.0036,2.0001,2.561,2.7001,2.6292,2.0051,2.2929,2.0001,2.68,2.0026,4.701,3.451,3.6701,7.7588,4.8776,2.71,2.7,3.7757,5.2942,9.6929,4.7005,4.0,4.0002,3.0005,5.3572,5.0001,9.6531,3.1123,10.2052,4.0,2.0002,10.1504,12.5274,11.5001,8.4527,4.1915,2.7109,5.4098,6.2413,5.9116,5.9905,4.5515,5.6493,9.5966,5.2101,6.5306,9.7301,9.3381,13.6794,9.4902,5.1446,4.0,5.8818,2.8949,6.3262,3.2463,3.2715,2.7105,3.0005,3.1996,3.4402,2.7101,2.8605,3.7875,4.0,3.5,3.0009,4.3747,5.9896,3.2813,3.0001,3.0007,4.7916,7.5002,4.0001,4.7101,2.0,3.0,7.9773,3.0001,18.1582,6.543,2.0,2.0009,2.0001,2.0,2.0,2.0,4.408,2.0,4.4086,5.3344,2.0,2.0,3.45,2.0001,2.0,2.0,2.0728,3.0296,1.9917,2.0,7.0536,6.0381,3.4159,4.7925,2.7002,2.6806,2.6806,2.6806,2.6806,2.6806,2.6806,2.6806
156,7.2697,2.7001,13.765,3.6525,6.9801,14.2052,11.1249,4.9734,5.5607,7.596,13.8762,10.8201,9.6899,13.2417,7.3945,3.0013,11.3876,5.7263,8.2943,11.3388,11.3025,4.0,4.0,11.8876,10.8313,5.4352,8.7924,10.8458,4.9704,9.5106,7.4809,10.2626,6.0634,12.0037,9.201,3.5039,3.0026,10.5423,5.0009,5.376,9.1238,8.2498,8.1708,3.0609,5.5171,7.9416,6.8875,3.5035,6.6409,7.996,5.374,10.3353,6.4279,3.5003,7.5432,9.3512,9.017,3.5,4.4598,11.205,7.6483,8.8119,9.5654,9.7152,10.0842,5.6811,12.0869,14.8857,9.5171,5.1796,10.0516,5.0001,8.2087,7.0166,8.2414,6.2067,9.9338,8.2421,7.0057,7.5034,4.89,6.0845,6.0355,10.6298,5.1728,6.0385,9.2549,6.405,8.2401,17.8916,9.6501,7.8189,3.5,10.9362,15.4237,8.3869,12.4976,5.8247,3.5,3.2936,9.4452,6.7952,3.1793,5.6319,5.985,4.6862,9.7177,5.4041,5.6368,5.6465,8.9767,7.3018,2.74,3.1814,7.6211,8.3547,8.6064,10.5283,6.8932,2.7426,2.74,5.8895,8.6059,7.3276,5.8161,4.756,3.5032,4.0,3.5022,2.7401,4.0001,4.4871,6.1932,4.4342,3.5896,5.7748,2.7098,10.9026,2.74,2.0053,2.0001,1.9999,2.0,4.0402,4.6195,2.6999,3.857,2.8656,0.7196,2.7341,2.3941,2.0892,2.7,2.0027,2.6798,2.5,2.68,2.6999,3.0019,2.0001,2.0038,1.9373,1.6405,5.1915,2.0027,2.2751,2.6443,2.0049,2.0001,1.7027,3.4025,1.7027,1.8411,2.7,2.0004,2.796,1.4999,2.0002,1.0048,3.0028,2.0002,2.0001,1.0029,2.0,1.6297,2.0,2.0049,3.7553,2.0026,2.0002,2.0,2.0001,2.0001,2.0001,2.0,2.0002,2.0,2.0001,2.0031,2.3834,1.6433,2.0002,2.0007,2.0002,2.0038,3.2204,2.7076,3.0012,1.503,2.0002,1.9509,2.0001,4.1538,2.7001,2.0001,2.0042,2.0002,2.0001,2.0001,2.0002,2.0001,2.0001,2.4378,0.7495,2.0001,2.0001,3.0725,2.3099,2.1197,2.0046,2.6947,2.0002,2.0001,2.0046,2.4427,2.7001,2.5938,2.0001,2.0002,1.0489,1.13,2.0001,3.0013,3.0014,3.0013,2.0056,2.7,3.5812,3.2375,4.4917,2.0059,2.0051,2.0033,2.7,3.0013,2.7001,2.5677,2.7001,2.0001,2.7036,2.0035,4.6512,3.1623,3.5766,6.6832,6.3674,3.2029,2.7001,5.0005,5.0015,8.9311,5.0007,5.0001,4.0001,4.0,6.5178,5.3668,8.7001,3.2244,7.5001,3.0006,2.0038,9.1777,10.3591,9.5025,8.2627,5.1304,2.7106,6.8456,5.2204,6.2377,8.3713,5.9194,7.6444,8.7541,8.1433,6.6075,12.382,11.7385,8.467,10.4279,6.2505,3.5696,11.9518,8.1552,11.7404,9.0937,11.4924,4.0,3.117,10.3969,10.4208,2.7001,9.99,8.2,3.0001,6.5354,8.2,8.8041,9.0001,3.5,3.0007,3.8477,6.0719,9.2395,6.3556,8.2579,3.0578,8.8492,6.7483,5.9368,2.0001,9.9636,4.9855,4.958,4.6024,3.0001,2.0,4.3002,10.7144,7.3741,12.8098,9.8877,4.0,3.0001,11.0634,6.9723,3.972,5.5181,5.1094,5.2134,2.0,2.0001,5.8282,9.9299,7.166,5.8325,3.5,2.7007,2.7007,2.7007,2.7007,2.7007,2.7007,2.7007
157,12.2003,3.6649,14.5879,4.0001,8.503,19.4388,13.2081,8.21,8.0,13.4703,12.458,12.5482,9.4161,12.2718,8.9894,2.7408,16.4117,8.2113,8.6614,12.4834,8.6232,5.8833,4.0,9.3464,12.4891,5.5317,9.6769,12.1564,6.3111,13.0038,8.3289,9.5213,5.8788,12.2034,9.8115,3.5037,3.5001,9.2787,5.0008,8.6153,7.8145,9.4141,10.0019,3.0027,3.5484,7.3723,4.6448,3.0043,3.8944,9.1688,5.8772,8.0099,5.2253,4.8914,5.9357,6.886,10.4916,3.7947,7.3544,8.651,8.8251,6.8811,7.3334,11.0721,10.1253,7.4941,11.7098,14.443,7.2172,6.3317,13.1338,5.0001,7.0916,5.1474,6.0928,3.0027,8.88,7.9617,7.8223,7.4084,5.7647,6.3674,5.5858,11.7686,7.922,6.2342,10.0657,7.6067,8.1498,12.3896,7.5341,4.1451,4.0,6.9667,12.6374,5.8479,10.967,8.1857,4.0,6.8543,12.3279,6.9978,8.0673,7.9395,8.8603,8.7711,12.3624,6.7218,7.7565,8.4576,9.3143,8.4635,3.5001,6.1511,7.737,11.079,9.9318,11.7742,10.2774,6.2599,3.0018,8.9581,9.6721,8.125,9.148,7.1487,7.702,2.74,4.8343,3.0012,9.4036,4.5082,5.236,5.2741,6.7699,6.6098,2.7011,10.0036,3.0017,2.6999,2.6223,2.0045,2.74,7.7839,6.0144,2.7099,8.8925,6.6222,2.0001,4.0797,3.5357,2.7099,5.8461,2.7006,2.0048,2.0001,3.2671,6.5478,4.6563,2.8823,3.2591,2.0,2.0,4.9825,5.1035,2.5537,4.0834,2.8774,2.8702,2.7403,3.4803,2.7209,2.0001,2.6999,2.7099,6.5316,1.4936,2.2423,2.0002,5.4286,2.8458,2.0002,2.0,2.0002,2.0001,2.4585,2.6608,4.8675,3.0011,3.0001,3.0019,3.0001,2.0002,3.0022,2.0002,2.0001,2.0002,2.0006,2.2358,3.9392,2.0002,2.0002,3.154,2.71,2.0048,3.8858,4.4658,4.0796,2.0002,2.0002,1.5526,2.2093,5.3957,2.8547,2.2634,3.0013,2.6309,2.0048,2.0001,2.7001,2.004,1.623,3.2001,1.7037,2.5922,2.0001,4.0848,3.0788,3.2192,2.7002,2.7001,2.4121,2.6404,2.7001,3.0014,4.0777,4.6289,2.7001,2.6572,2.0049,2.0001,2.0002,4.1732,3.1208,3.7999,2.7,2.7,4.238,3.1419,4.9965,2.7001,2.7045,2.3912,2.7101,4.541,2.7002,2.7001,2.7001,2.0032,3.5024,2.2501,7.0275,3.9779,3.5884,3.4251,3.5953,5.3136,2.7001,4.9166,5.1443,8.1036,5.2993,4.8114,6.6986,4.0001,5.5729,6.4585,7.8311,4.1621,7.4829,4.0001,2.7003,7.2411,8.5625,7.8677,8.5152,4.8218,2.7001,7.5965,7.2525,5.3479,6.4001,6.8804,7.9632,10.4843,9.6256,5.0872,8.3185,8.4207,7.1274,9.99,5.4028,4.0,12.5902,8.0365,9.357,6.9978,7.6096,5.209,4.0,8.593,6.0218,3.0005,8.9325,6.582,6.6124,5.7022,8.2652,5.9739,9.4284,6.9923,3.6165,8.2562,7.5205,10.2595,4.5468,10.5928,3.0003,8.2844,7.428,4.4653,9.1263,11.8443,4.6352,7.9051,6.4307,3.6601,2.0,7.7874,8.5452,7.6894,11.4188,9.9178,5.7958,3.0001,9.0,6.9561,6.2354,4.7145,4.4139,7.6092,2.0,2.0001,5.6088,13.8118,8.3607,6.146,7.0582,5.1859,5.1859,5.1859,5.1859,5.1859,5.1859,5.1859
158,9.8267,3.1949,7.2221,3.8021,5.2455,11.6527,9.4584,10.1238,9.3302,10.6801,10.3409,9.5022,6.7989,9.3237,11.4192,3.8003,10.0638,6.7568,6.1685,11.2375,6.9066,6.1108,4.4097,8.0002,8.4323,5.3103,7.5655,10.8554,8.0694,12.8641,4.9589,8.4693,6.277,9.3094,8.0001,3.5041,4.8241,7.1886,3.1767,7.1136,8.3067,8.6332,10.6896,3.7548,3.8598,6.8587,6.45,3.3131,2.9425,10.1015,7.9568,7.7027,3.7384,4.3196,5.6308,5.518,9.5297,5.1263,7.7731,10.7658,8.5842,9.1441,9.7826,9.8063,10.6556,6.7152,12.7812,11.0346,7.6347,5.7841,13.22,5.0001,6.1942,6.7405,9.1549,3.8553,8.3861,6.5906,6.9608,10.0408,6.8288,5.0012,5.4234,10.157,6.8917,7.5959,10.6609,8.0302,7.866,10.7299,6.8376,7.1307,5.3002,5.4175,14.0496,6.7388,10.4703,7.4494,6.5277,5.7508,11.2573,8.913,10.1959,7.5248,9.6968,10.7777,13.6245,7.7653,9.1717,7.5002,6.6357,8.7327,4.6233,5.9559,6.3496,13.4443,7.7311,9.633,11.9762,10.7389,4.0,4.4025,10.1961,8.6922,9.5155,7.5811,7.0155,2.74,4.4339,4.8491,8.2412,5.4556,6.838,8.2401,12.1556,4.2672,2.7098,11.3078,2.7401,3.5027,4.873,2.7398,3.2259,6.7158,6.0708,5.9989,9.0021,5.9675,2.7449,4.0613,4.0146,3.16,6.2713,3.4174,2.2499,2.6996,5.9038,7.3669,5.7815,3.6559,4.1253,3.8491,2.6999,5.7668,4.7789,2.7099,5.2144,2.6999,3.1603,3.2046,4.4427,2.7209,2.7,2.6999,3.22,5.2801,2.0001,3.305,3.0296,6.2303,4.4405,2.0001,2.0001,2.3568,2.7,2.7005,3.1014,6.8748,2.74,2.7296,3.9061,3.9346,2.7001,3.3482,4.9366,2.0002,2.7401,4.437,3.337,5.8386,2.0027,2.0038,4.0381,3.743,3.604,5.663,5.8007,5.8622,2.7772,2.6165,2.0002,2.7,4.6121,3.9139,2.7032,5.5356,4.5417,3.8849,2.7002,3.7719,3.6209,2.829,5.2484,2.8317,4.5095,2.0005,5.9922,5.4319,4.4701,2.7001,3.0014,3.1518,3.309,3.0014,2.7001,3.5025,3.668,2.9523,4.1178,3.0013,3.2735,2.0036,2.4849,4.0457,3.0014,2.7101,3.0013,5.0007,4.3827,6.7157,4.0978,4.1302,2.7001,5.0007,4.538,2.7001,2.7101,3.6021,2.7002,4.5668,2.7002,8.409,4.1414,4.9497,5.3658,4.5483,4.9087,4.0,5.2039,7.2256,8.2317,5.577,4.2611,6.8519,5.3466,7.6856,6.9602,8.0914,6.0568,5.2284,5.7922,3.4467,8.4329,10.8313,8.8646,9.6012,12.0091,3.7547,7.6483,7.2653,5.506,9.1152,7.8375,6.5605,11.8447,6.2346,7.0006,8.1123,9.7927,6.6029,11.6063,6.1662,3.816,8.5675,8.1292,6.7096,7.0711,5.9476,6.7164,8.0154,7.4113,4.3385,3.0006,8.0825,4.8077,3.0006,6.3869,6.2757,4.2081,7.9887,6.8851,3.1852,7.008,8.2023,9.6347,4.1713,6.2068,4.7,3.6091,8.1251,5.4911,4.2289,9.0,5.3573,6.4084,5.3661,5.76,2.0,8.064,7.9068,5.2807,6.1794,7.3121,7.1616,3.0002,6.3596,5.6835,5.3979,4.2631,4.315,5.692,2.0,2.1682,5.1018,9.5308,6.7204,5.7655,6.6329,4.7531,4.7531,4.7531,4.7531,4.7531,4.7531,4.7531
159,10.53,2.7317,4.0793,4.6161,4.4603,11.9121,11.1393,11.5375,11.7881,11.3518,11.7528,8.1618,6.2183,8.1363,12.9339,5.3426,7.3541,5.535,8.132,10.4621,5.4094,4.3141,3.932,8.0003,11.2258,5.8392,8.8807,11.5726,10.1222,15.5631,6.926,9.6179,9.4838,8.6529,8.8308,6.7578,4.0422,9.5113,4.6455,10.1124,10.1938,12.3675,11.6613,6.6848,8.523,7.9891,7.944,4.3377,4.3176,13.4758,10.8111,8.0,6.2781,5.9026,7.8173,5.4897,5.0555,6.0239,8.0001,10.5886,9.3431,10.3847,10.7263,12.1994,6.0286,6.0531,12.5426,9.6139,8.2788,4.4705,11.2227,5.0001,8.0001,7.4447,6.2606,3.0,9.7893,7.7624,5.6119,7.7357,7.0744,5.9116,6.5472,10.2655,8.9773,7.6275,9.9576,8.3008,8.4739,10.9739,5.4269,7.5208,5.3671,5.4814,14.3568,6.7296,9.8368,12.9012,6.8618,6.5828,12.8593,11.022,7.8915,8.2872,9.2524,10.1084,10.5229,9.6468,9.1878,9.1577,4.919,9.9657,4.4225,6.3998,8.8211,9.9273,7.4973,8.8472,10.2714,11.0431,5.7289,8.5985,9.56,9.6864,9.7323,9.152,5.5416,3.5021,6.4994,5.8556,6.67,6.5398,7.002,6.4458,9.4855,5.3639,2.7299,10.3139,3.5024,6.6626,5.8384,2.7399,4.9642,7.2616,6.6583,5.2453,11.8283,9.5873,3.0024,6.3262,6.4023,3.4769,6.0417,5.3193,3.6471,4.8788,6.7107,6.4784,7.9977,6.7244,4.4128,3.5001,2.9644,5.1274,4.5769,3.5027,4.9476,2.7107,4.3158,4.5225,6.5685,4.5932,2.7,4.371,5.0009,6.6315,2.7279,3.8464,5.4627,6.6074,5.5036,3.66,2.0003,3.0016,6.2255,3.7689,4.2898,6.7822,5.8355,3.9902,5.481,3.9512,3.6446,6.7557,5.965,5.9084,4.9274,4.538,6.9262,5.6218,2.7007,5.0968,6.9032,5.6667,4.7822,7.976,7.7082,6.7205,4.6376,4.7879,2.3504,2.9424,5.476,5.2526,3.5026,7.3184,6.4489,4.2063,4.0537,5.3514,5.7699,4.6942,5.6727,3.9476,6.3015,4.5531,6.9766,6.558,7.0439,2.7001,5.1957,4.7174,3.0279,3.7337,3.2831,3.6329,4.8012,3.7309,3.8356,4.8393,4.5706,2.0048,3.5014,3.977,3.6653,3.0014,3.0013,5.0007,6.1422,6.8692,4.7264,5.0007,3.5594,4.0348,5.4414,4.0541,5.1496,2.7002,2.9439,6.8845,4.7568,7.8777,6.3031,5.2124,6.5907,7.6701,5.3605,4.4636,6.4409,10.2518,9.8768,8.7207,7.9243,8.0301,6.6295,11.6863,7.3288,7.8813,8.0414,7.2643,3.811,5.2378,7.5536,9.1404,9.8994,9.183,11.5607,4.492,7.4731,6.955,6.8077,7.1954,7.0466,5.4832,8.2802,7.065,6.0926,7.0086,9.2715,7.4091,11.8885,7.5021,5.5509,9.402,6.6796,6.7124,7.3372,7.0297,7.478,8.0964,7.8003,5.4585,3.0006,7.3273,5.5465,3.0006,6.2097,5.1809,7.4453,8.2503,7.9834,6.0123,6.946,8.1023,9.7206,5.8091,6.2335,4.7,4.587,7.9295,5.3481,3.0001,8.8187,4.7099,6.537,3.5948,6.6703,2.7961,6.7,6.8387,4.9791,9.5576,9.0,8.3095,4.9816,6.3539,7.3747,7.1885,5.8998,6.0736,6.4,2.0001,3.0003,5.7112,10.3153,7.0708,4.99,11.1629,8.6885,8.6885,8.6885,8.6885,8.6885,8.6885,8.6885
160,8.9456,2.8295,2.7001,5.2576,5.2139,10.8752,12.1,13.8595,10.6859,9.8149,12.4622,8.205,7.1527,6.6895,12.3549,4.1624,6.4012,4.777,6.5446,10.5499,4.7859,2.7401,3.6461,6.5257,11.5332,5.391,8.9676,11.413,8.2404,14.8382,4.2657,9.6748,7.9796,6.4631,8.0,11.2032,3.1189,6.0283,3.5,8.7735,10.0643,9.8333,10.6561,3.8405,3.3011,8.2054,6.7091,4.4022,4.2054,9.3958,8.1813,5.1299,5.0658,3.1909,4.4083,2.7403,2.8033,6.4308,8.3187,8.4178,7.0151,9.3125,11.0683,11.6681,3.4357,7.4696,12.5028,8.5947,6.6306,5.0556,10.6341,5.5232,8.4779,8.3861,8.2058,5.9408,10.924,8.6244,4.8626,10.2805,6.9032,6.7932,7.3069,8.9521,9.2508,7.1555,10.8299,7.2568,8.2401,9.6459,4.7307,8.6037,5.8178,6.4382,12.6937,7.0502,10.6799,8.1606,3.5001,8.2477,12.4736,11.806,9.6788,9.1899,11.2746,9.0682,8.8012,9.7111,8.5431,10.2633,2.7109,9.9871,5.8228,5.3633,8.1681,10.0874,8.24,6.6069,9.3213,10.1185,4.0,9.7282,14.1797,8.2936,9.2088,9.2222,6.012,3.482,6.4949,5.0183,8.2401,6.4659,8.0434,5.8367,3.3315,5.1925,2.7299,7.1847,7.6021,6.829,6.1449,2.74,4.814,8.3165,6.3117,5.5062,10.8915,10.5115,2.745,7.961,8.1844,4.5547,4.5404,5.7305,6.9715,5.9069,8.3784,9.6706,6.9644,9.6123,4.8246,5.436,4.2561,6.0641,7.8878,5.4676,6.5861,3.5,4.8218,5.3891,8.3074,5.0013,2.7101,3.6163,6.5891,8.7398,5.0486,8.1842,7.4034,9.9631,8.0003,8.5641,4.9048,6.2482,6.2395,6.9907,7.7864,9.6718,7.0209,6.5788,6.5183,7.7148,6.8612,11.8361,9.4769,11.0168,8.3373,5.6767,8.7056,5.6881,5.3686,6.5709,6.3261,8.1276,6.7977,9.7212,9.0102,8.237,4.7814,5.954,2.7002,4.0622,6.7128,6.3381,5.1998,5.995,5.9923,6.132,5.4921,7.3358,8.0327,7.4118,7.6571,6.7504,7.4269,5.8257,7.6646,6.3137,4.7112,6.1306,6.5963,6.4011,5.6735,6.0263,6.691,5.7041,6.9124,5.7473,6.1988,6.4783,8.3181,2.1129,3.9785,4.485,3.8162,2.7,2.7,7.5591,7.7154,8.6602,7.1016,4.8584,4.4307,7.2835,8.7627,5.0007,7.8267,3.7863,4.2107,7.3846,7.7762,8.9763,10.7584,6.663,6.9082,8.6956,7.6094,4.4304,7.2698,10.3406,9.3668,8.6333,9.5249,7.9666,6.7809,11.6704,7.2817,6.8028,8.6904,8.7485,5.9636,4.7001,5.7187,9.7366,10.2303,7.4945,9.8019,5.7647,7.8364,6.0115,7.3935,7.3916,4.9062,3.6899,8.0,7.0766,4.6918,5.7193,7.5126,7.1608,10.8161,7.2294,4.8732,8.8644,5.606,8.021,7.1248,6.9224,6.9375,7.3514,7.7016,5.0982,3.0005,4.2863,6.2655,3.3511,4.2576,4.3408,4.0001,5.3218,5.76,6.6827,6.7628,6.9797,5.2506,5.0006,5.9543,5.6431,3.5974,5.9307,4.02,3.0,8.0,3.0003,3.5519,2.0773,5.8729,2.8288,5.0629,5.4495,2.7101,6.6065,6.9076,4.0766,4.2875,6.5237,7.5123,5.7378,4.9095,5.8537,4.7405,2.0001,2.961,6.2508,8.082,8.1253,8.6901,14.4543,11.9586,11.9586,11.9586,11.9586,11.9586,11.9586,11.9586
161,7.1846,2.7001,2.7,7.4657,4.2077,8.7672,10.9765,10.1642,7.5851,6.7291,12.6865,7.4531,5.9171,4.6893,11.639,3.3853,4.9479,4.2543,4.9917,8.5305,3.6862,2.73,2.8089,3.905,7.9456,4.8044,7.5302,9.2896,7.3282,12.8543,4.1011,10.8991,8.7108,4.7896,5.4272,7.1112,2.7448,6.8401,2.7299,7.756,8.23,8.7213,10.2291,3.0026,3.0011,8.1443,5.7826,3.3456,3.5693,7.4202,5.3337,3.7906,4.9575,2.7301,2.8117,2.7299,2.7407,6.1866,10.0696,6.7193,6.9555,7.9877,11.394,10.0135,3.1186,5.2316,11.3015,9.1188,6.8537,7.9507,7.45,6.082,9.4089,8.6583,8.9132,8.1723,10.7162,7.6225,3.8289,9.0187,5.4076,5.4817,7.064,6.8573,9.0808,6.9265,10.7953,7.0736,6.3281,9.8186,3.5133,8.8857,6.1466,7.8843,11.5331,6.999,11.496,8.7087,4.1627,7.2921,13.34,12.3718,9.3001,10.1848,11.7738,7.5736,8.5741,13.1124,13.4017,11.2626,6.6358,9.94,5.9192,5.7267,9.3589,12.1106,6.7727,7.977,8.4929,11.7325,4.0,12.4335,16.1496,9.8778,10.0379,9.0585,5.9119,7.3056,7.5537,7.4669,8.2401,7.8233,8.2693,5.5897,3.9436,7.8258,3.2212,8.1874,6.1738,8.401,11.7822,3.0022,3.6801,7.5718,8.8318,6.0508,11.3602,9.8736,7.1776,8.0992,7.2384,4.0011,7.1184,7.379,7.0209,5.9413,9.9474,10.2959,6.0941,13.6814,4.7069,5.3472,3.6463,8.6986,8.2663,6.0142,8.5286,4.2865,5.8338,6.7729,9.3277,5.5163,2.7,7.7835,6.936,8.339,5.9085,10.6182,9.6243,9.7119,9.7871,9.4947,5.4798,6.1472,8.9032,9.7965,11.5301,10.8446,10.0,9.5786,8.2399,9.2532,10.0658,15.045,12.121,11.3887,13.108,8.9956,10.337,7.9775,14.4774,8.1448,9.2119,8.9172,7.8883,10.1776,11.5319,9.6745,6.544,6.9634,2.7101,3.9971,6.4341,7.0147,5.9102,7.9006,6.7865,7.1769,5.4631,6.4057,8.0001,7.7732,8.3541,6.2044,7.8752,6.9512,8.0,7.5103,6.1345,6.6152,8.7598,7.6584,7.9729,7.1998,7.5273,8.0597,8.8917,6.83,7.0951,6.0913,6.8756,2.7,4.6381,5.1126,5.9421,4.7461,5.6384,7.231,8.3548,8.5411,7.4365,8.1742,8.7758,8.8488,8.2045,7.603,7.1672,3.629,5.8035,7.7347,9.99,10.4877,7.7667,8.4216,9.6883,8.6998,6.6477,4.5259,9.1154,8.1882,8.9463,9.2748,8.7402,8.3121,8.2095,10.9958,7.5714,5.3813,8.487,9.4943,6.3032,6.1845,7.328,11.2358,10.6732,6.9217,13.0924,7.2573,7.2852,6.4756,7.7788,6.4811,7.6405,3.4443,5.8582,7.9942,3.4953,4.0,6.7446,6.2953,10.0162,7.246,5.316,9.3376,4.1883,8.0957,7.3213,3.0204,5.7001,6.8351,4.0205,5.2002,3.0005,3.0006,5.5105,3.0011,4.6982,3.8729,3.0006,4.0,6.8428,5.8487,5.276,6.7652,4.3264,3.9051,5.3001,5.5069,3.0,6.4767,3.0,3.0,7.4529,2.0008,2.5711,2.0009,2.5622,3.0001,3.0,3.1672,2.0001,4.9127,5.1717,2.6359,3.8833,3.0314,5.9259,3.2836,3.5,4.3955,4.0812,2.0001,2.0001,6.7098,3.523,5.6879,5.3345,11.7906,11.2544,11.2544,11.2544,11.2544,11.2544,11.2544,11.2544
162,4.5433,2.6999,2.7001,9.4087,3.537,8.1548,8.0,10.3346,6.8719,5.7887,11.5572,5.8747,4.8339,3.1308,8.2315,3.5,2.9341,3.4925,4.0002,5.822,3.5027,2.73,2.74,2.8601,4.558,5.4277,6.7875,6.2958,3.5001,8.24,3.5,10.1691,6.5438,2.73,3.4997,4.6629,2.7399,4.6132,2.6998,5.6271,5.3804,5.7473,7.4318,3.0026,3.5029,8.0112,6.1158,2.7399,2.74,3.9012,3.8892,2.7401,6.3836,2.7101,2.7101,2.7301,2.6407,5.6048,7.5015,4.177,3.949,6.7447,10.343,8.9681,2.74,5.6138,11.4064,6.8517,4.7199,7.0737,4.172,5.8561,12.2969,7.7582,9.1842,8.7704,10.5289,8.3029,3.5031,10.1118,6.0063,5.0009,6.0824,6.623,7.4203,6.8302,10.8636,7.4119,3.7406,9.5883,4.8305,7.936,6.2242,8.274,11.0612,8.0209,9.8294,9.9101,7.7569,7.6202,13.9015,9.8574,11.2368,10.1884,11.7422,6.9039,9.178,13.8461,15.6057,4.5472,4.4583,9.7891,3.0015,4.0296,7.9945,11.0396,5.591,8.145,9.3977,10.0242,4.0,12.9708,17.7713,10.4154,9.0724,9.2436,4.9221,5.8585,10.2619,10.9749,7.5747,7.6379,8.828,6.7572,5.5923,9.7283,5.6182,7.7502,9.4257,11.4157,12.7823,4.7222,6.885,12.0243,12.2522,9.2592,11.7426,11.6101,5.9684,8.0003,10.3552,4.8149,9.6742,10.7413,8.8393,7.0872,12.9135,8.7675,8.6574,15.193,8.3082,9.4529,3.5028,7.3555,10.3886,7.5722,10.2183,6.2819,7.7066,7.3053,9.6342,5.62,4.6248,9.9157,8.1194,8.7613,7.1058,10.3314,9.7924,8.5676,10.7501,10.5161,6.777,7.6901,11.3735,9.4613,9.5558,11.0134,10.9398,8.9156,10.4909,10.5073,11.1331,17.782,13.4028,12.8709,15.0906,11.87,14.8057,11.6655,12.3608,9.2637,10.4329,11.3694,8.5265,11.0788,10.5526,9.5062,7.037,9.13,2.7307,6.0988,8.5762,8.377,8.2929,7.9712,7.4928,7.5811,6.3911,8.3108,8.4163,8.2494,10.451,9.5822,8.0001,7.126,7.0301,8.3592,8.0847,8.4088,9.7001,6.9504,7.8448,8.3726,8.0107,7.9699,9.4276,8.9815,9.7101,7.3917,8.211,2.007,7.699,7.8199,4.5852,7.2791,8.7001,9.1924,8.7153,9.6327,7.1946,5.9,11.6957,9.2773,10.9234,7.7419,9.8124,3.014,6.4383,9.4564,8.5804,10.9647,7.8622,8.5951,8.8177,9.0831,8.5611,8.5305,10.0607,8.2217,9.99,9.4216,12.4826,9.7001,10.7861,12.5594,6.9264,6.8042,9.4197,10.1987,9.4958,7.9225,6.5409,11.4142,10.8999,6.0857,4.0,8.8304,7.4195,7.4265,8.0365,9.2889,7.487,4.1468,4.6112,4.4452,3.8872,4.3046,5.3122,7.4573,8.7057,7.3095,5.8962,9.0732,3.7523,7.4167,7.0979,3.0,5.9089,6.9358,3.0007,4.3267,3.001,3.0006,9.2516,4.064,3.0625,2.7,3.1098,3.7365,4.8639,5.8166,4.8004,6.0954,4.0001,4.0004,4.5275,4.7001,2.0,5.8968,4.2333,3.0001,4.3873,2.0001,2.0001,2.0001,2.0001,2.0,2.0,2.762,2.0,3.8613,2.4068,2.0007,3.0001,3.4013,5.3533,2.5742,3.0,3.7816,2.3772,2.0001,2.0,5.1695,4.121,4.0,3.5001,9.0011,4.6077,4.6077,4.6077,4.6077,4.6077,4.6077,4.6077
163,3.5022,2.6999,2.7,13.1861,3.5023,8.7872,6.9657,6.028,5.4405,4.4913,9.4109,4.2718,3.9726,3.0433,5.4229,3.5,2.73,3.333,3.5033,3.2056,2.7101,2.7303,2.7301,2.7,4.0,4.7774,6.2507,7.5748,2.74,6.0358,3.5034,8.662,6.2059,2.7,3.1798,4.6196,2.7399,4.1859,2.6998,5.409,3.9073,4.1329,5.149,3.0026,3.2629,7.4717,6.2705,3.0001,2.74,3.368,3.5694,2.73,6.8853,2.7101,2.7,2.005,2.3607,6.5301,7.5636,4.0174,3.431,7.3001,10.8588,4.7104,2.7401,7.2969,9.6869,4.6219,4.8637,8.1084,3.6985,6.3937,13.7655,8.779,9.1834,9.1286,8.6812,9.5112,4.5735,9.3947,4.8858,5.0009,6.5994,5.8239,6.7011,6.2282,11.2565,8.2616,3.7211,9.7137,4.7807,8.2298,8.2056,9.3578,10.9491,8.1649,9.2602,12.0313,8.307,8.094,12.8874,8.0268,12.1537,9.8592,11.5861,6.7573,7.2675,14.9528,14.039,6.0169,4.3259,9.7333,3.2481,4.2066,7.6408,10.7896,6.4786,6.5058,9.4687,12.1139,5.4914,13.1315,14.4768,8.8205,7.1644,9.1466,4.1516,9.4495,12.0884,11.3144,8.4944,7.7765,9.6407,5.8665,7.4384,12.276,3.448,8.5533,10.5356,12.8664,12.2332,3.1429,6.2276,11.4765,10.6516,10.443,13.847,14.1878,10.057,11.0535,11.2595,6.3527,9.2529,11.1126,7.1921,7.6614,10.7112,7.1171,9.3191,14.7162,8.9917,10.0967,6.5431,9.589,10.1133,8.7494,10.0852,5.9299,10.0858,8.3639,11.831,5.9767,9.2148,12.3607,16.1293,9.6781,9.1793,12.2828,9.7078,12.2988,16.17,16.4248,8.2482,9.7161,12.658,10.9021,12.2584,11.8805,10.031,9.8963,11.0221,9.9967,10.2437,18.0307,16.2903,14.2502,18.8184,11.5315,12.6953,10.9468,12.7803,12.3746,10.7602,13.4196,9.7547,10.9102,11.2121,9.7402,7.9205,7.1585,2.7306,6.8522,7.3225,8.6877,7.7181,8.0,6.898,7.4174,6.3677,7.3602,8.9537,9.0124,10.4844,8.4772,8.2315,6.3267,8.0,8.0,6.334,7.7205,9.7101,7.804,8.0985,8.8097,7.7027,8.6834,11.0843,9.0168,9.8094,5.6771,8.0706,2.0009,5.53,7.9658,5.0527,8.2545,7.9164,7.9244,9.2701,11.004,8.8718,7.6474,9.95,10.4569,9.7301,7.9887,8.6331,4.581,8.2655,9.7635,9.99,12.2668,7.4191,7.8926,7.7306,8.8777,8.3296,9.6382,9.5055,9.9256,9.8364,9.9524,12.7884,9.1403,11.19,14.1809,7.7815,4.8834,10.0419,12.0046,12.3564,4.5413,4.8908,10.3412,12.2776,6.4567,11.032,10.3888,6.6822,8.7171,8.3835,9.7453,7.8932,4.3649,3.7028,3.3541,4.5398,2.7658,4.0788,8.358,8.3675,7.4301,6.134,8.3761,3.3153,5.8882,7.5877,3.0001,5.7204,7.5199,3.0005,3.0005,3.001,3.0008,10.4408,3.7728,2.7,2.7,3.0006,2.9138,3.0009,4.8774,3.5692,4.5851,4.0001,4.2228,3.6184,4.5446,2.0,4.7861,3.3747,6.6215,5.0,2.0001,2.526,2.0,2.0001,2.0,2.0001,3.0,2.0,3.0002,2.2492,2.0,2.9471,3.0003,5.784,2.7009,3.0,3.1305,2.0003,2.0,2.0,4.1677,2.5517,4.1683,2.806,7.3327,3.5515,3.5515,3.5515,3.5515,3.5515,3.5515,3.5515
164,2.79,2.6875,2.7,12.5262,3.0104,7.5006,5.2379,5.1868,4.4113,3.3476,7.7744,2.7001,3.8254,3.3932,4.9652,3.0018,2.74,3.5025,3.504,2.7349,2.7102,2.0002,2.0005,2.7,4.0,3.1359,4.7549,5.6243,2.74,3.7997,3.0014,8.1513,5.3867,2.73,3.0478,4.3217,2.74,3.1993,2.6999,5.1636,3.5046,4.1445,3.504,2.8917,3.0012,8.065,7.6865,2.74,3.0012,2.7402,3.0017,2.7299,5.6684,2.6999,2.4385,2.0001,2.7401,6.4352,12.7217,4.0001,3.6679,6.9306,8.4362,3.5567,2.74,5.4959,8.5727,3.351,3.538,6.7737,3.9602,5.4314,13.73,9.376,7.2406,9.0274,7.5715,9.5466,4.0357,9.9764,5.4685,4.4834,5.4226,4.7216,5.9053,5.7248,10.0798,6.6469,3.0838,8.8849,3.5692,8.6173,8.4403,9.4088,9.5358,7.6474,11.8606,9.7805,9.468,7.969,12.8366,9.6176,13.4854,11.5289,11.7183,6.7223,6.8195,14.9934,14.0063,6.228,3.2187,8.6939,4.1276,5.1734,5.9802,8.7056,3.0026,6.0314,7.5881,12.246,6.5348,11.7769,12.1461,9.1938,7.4425,9.0119,4.5868,10.9971,14.9131,14.6797,11.2669,8.7289,9.003,6.6253,6.8968,11.9824,2.74,8.8234,11.7891,14.7005,9.3937,7.595,6.7797,14.4209,8.3798,10.2176,14.0535,13.3855,10.1755,12.6628,12.4914,8.2379,9.5146,13.2082,9.4341,11.9089,13.7076,10.3387,13.4155,15.9578,11.0449,13.299,8.206,9.7818,11.7996,10.5989,11.8148,7.2329,10.6395,9.3091,14.0481,6.7914,10.6942,14.3791,15.7625,11.9092,11.2662,12.6528,11.9329,16.2323,18.8816,20.3917,9.2737,10.5861,16.7236,12.6051,13.6777,15.5518,14.5817,12.4957,10.8241,11.8163,14.4896,21.5562,22.8177,20.3194,23.9051,15.5724,16.7983,10.706,14.8322,14.8879,12.1406,12.9863,10.8687,16.0682,17.561,15.2291,9.2815,9.1242,5.8445,7.8993,8.5099,9.8353,12.5074,13.0966,12.3476,8.3045,7.8183,8.1276,11.5971,8.0103,16.0385,12.8356,12.6901,9.12,9.893,12.3355,8.063,9.0976,8.2641,8.0592,7.5341,9.0213,8.9017,11.3281,15.0661,10.6954,9.587,7.7025,11.3635,2.6151,7.3723,7.8008,6.163,7.8549,8.7475,10.4126,10.298,15.443,9.9172,6.0212,11.9465,10.1301,12.3348,11.2515,12.7862,9.7037,10.6321,9.99,11.5284,16.8486,8.71,8.7825,8.2429,9.5121,9.7125,9.579,9.4386,11.3705,9.99,10.2872,12.6424,9.4822,11.091,13.5487,9.0074,6.5031,10.0385,11.5429,10.6778,4.7,4.709,11.1409,11.9255,8.1652,7.5732,10.723,7.7616,5.798,9.475,9.2389,11.3245,3.0006,2.7002,2.7001,4.4761,3.8362,3.6885,8.572,7.3628,7.6382,6.7277,6.7276,3.0005,4.701,6.2192,3.0004,7.0493,7.5002,3.0005,3.0005,3.001,3.0006,14.3049,4.0001,2.7,2.7,3.0006,2.7,2.9759,5.0451,3.5265,4.3528,4.1237,4.6126,3.4482,4.6807,2.0,4.0783,3.045,4.827,3.3013,2.0001,2.7816,2.0007,2.0,2.0,2.0,2.145,2.0,2.5654,2.0001,2.0,2.7357,2.9621,5.5383,2.0001,2.0001,3.0001,2.0001,2.0,2.0,3.0724,2.0005,3.9136,3.5,6.8266,3.0535,3.0535,3.0535,3.0535,3.0535,3.0535,3.0535
165,2.71,2.6999,2.7,10.187,2.6999,5.4664,4.7953,5.234,3.8111,2.9435,6.8302,2.7001,3.7143,3.5027,4.3857,2.948,2.73,3.0018,3.7477,3.7729,2.71,2.0,2.2373,2.7001,3.5,3.0293,4.5232,3.7133,2.7398,3.5812,3.0014,6.879,4.8797,2.6999,3.0019,3.7121,2.7397,2.7302,2.2737,4.315,3.5044,4.1023,3.6946,2.7401,3.5001,8.2365,8.8775,2.7399,3.1773,2.7399,4.0073,2.7401,5.0603,2.7101,2.4984,2.0001,2.7401,3.9999,6.4372,3.5,3.5043,6.8917,5.8079,2.743,2.73,6.8611,9.0447,2.74,3.6167,6.558,4.2115,8.1733,15.3758,7.4413,5.3316,10.1467,7.692,10.7644,5.9829,9.0657,5.4586,5.8088,7.3564,6.3547,7.3596,7.7382,12.3694,4.6254,3.8293,8.4572,3.3323,8.7534,9.7807,10.5794,7.4994,7.0814,10.7571,10.3281,9.8484,8.3464,12.662,9.3262,14.83,11.0342,10.5044,8.0988,8.15,15.0613,16.329,7.2254,5.3003,9.1907,4.3984,5.4218,5.9006,10.5128,4.5586,5.0924,10.1692,15.5667,9.5442,17.0213,13.0842,9.4197,7.1516,8.8242,5.4346,13.4031,13.9174,15.9755,14.3472,10.1463,8.7678,7.4666,7.3835,12.1752,2.7401,11.579,13.1653,15.8651,9.2183,9.9037,10.4692,17.0675,9.2318,12.1776,16.1548,14.9266,13.9247,15.5937,18.8585,8.8663,14.1197,14.1872,10.1009,12.7275,10.3197,9.9184,16.2053,16.1839,10.3292,12.8703,9.9238,14.7214,10.9908,10.1755,11.4485,7.2164,11.1798,10.3875,15.5014,4.93,11.9152,14.7778,16.2722,12.4727,14.2613,16.2225,18.1637,20.1106,23.0633,21.8012,11.1012,12.4227,15.5827,12.7796,14.4527,14.4873,12.9728,13.1271,11.8948,11.0787,14.3338,18.5767,20.6336,18.3224,25.3475,18.5725,16.8783,11.1328,15.8411,14.2969,13.2515,11.0405,10.9051,12.6635,13.4682,12.7579,6.9871,9.4359,7.3116,8.2202,7.6617,9.7278,13.2499,12.0316,11.3881,7.3576,7.8817,8.0493,9.7075,9.5953,14.3461,12.0421,9.8308,8.4435,8.9796,12.0585,9.5241,9.384,7.8644,8.0,9.3577,9.9669,8.8739,12.6852,15.1702,9.8506,11.9116,8.6731,12.5956,3.0014,7.9178,8.0781,7.8138,9.5776,9.3747,10.0509,10.2748,16.8326,9.99,6.3437,11.4858,11.621,13.3898,10.8984,14.5431,11.8335,14.1254,9.892,17.602,13.6511,8.2138,9.0923,7.4355,8.9171,10.8457,9.3017,12.8831,12.1837,9.99,9.8261,9.99,9.99,12.3806,10.2675,8.8627,6.5467,9.0443,10.9473,10.1121,5.516,5.206,10.0572,12.379,9.1142,8.6649,10.9619,8.1677,5.048,6.4002,6.3401,10.1495,3.0006,2.7002,2.8252,3.8002,2.7001,4.7504,9.4224,7.9021,6.6667,6.7826,7.143,3.0005,4.352,5.1206,2.7,5.5663,7.4571,3.0005,3.0005,4.7875,2.7002,15.837,3.7072,2.7,3.0009,3.1274,2.7,3.0,5.6467,3.6886,4.1499,3.9241,4.8621,3.2236,4.1529,2.0,3.569,3.0,3.0001,4.2229,2.0001,2.5518,2.0001,2.464,2.0001,2.0001,2.1238,2.0,2.3649,2.0,2.0,2.8976,2.0008,4.4382,2.0001,2.0001,2.6641,2.0,2.0,2.0,3.2026,2.0,4.2378,4.0294,6.8061,3.0206,3.0206,3.0206,3.0206,3.0206,3.0206,3.0206
166,2.7407,2.71,2.0041,10.0022,3.8269,4.4341,8.0,8.0306,4.5891,3.5134,8.5376,2.9357,5.7041,3.5028,5.3156,3.0017,2.71,2.7144,3.8396,3.9953,2.7101,2.0675,2.7408,2.7101,4.0,4.0922,6.8733,4.6201,3.9081,4.0022,3.5,5.5479,6.274,2.6999,3.0019,4.5953,3.1093,2.9262,2.3234,6.5268,3.0024,3.5037,3.5627,2.7456,6.7134,7.3161,7.7882,3.4272,3.2668,2.7399,3.5749,2.73,3.2769,2.9914,2.7099,2.0001,2.7399,4.8785,6.1664,3.3098,4.3624,8.0626,5.8752,2.7428,2.74,10.3698,8.4732,2.74,6.0592,6.2514,4.4065,8.008,11.7322,8.7012,4.1617,5.9675,6.3245,11.0301,8.313,8.6864,5.0006,5.2529,9.676,5.6025,6.0916,9.5801,9.7404,3.629,7.251,9.3475,4.0,8.4972,9.3066,11.5054,8.5178,7.2588,10.0285,7.3754,8.5551,8.2767,12.0528,8.3257,10.713,9.1867,9.4891,10.2287,7.934,13.3977,15.3192,8.9234,5.0431,7.7911,4.5747,6.1468,6.1859,10.6769,4.316,6.0484,10.1888,14.7579,11.0915,14.7465,12.9865,10.9147,5.1706,8.6133,5.5301,13.4635,12.2059,12.2939,16.5848,8.4404,7.9825,9.9331,8.5641,12.4441,3.595,12.94,12.3652,13.52,7.6491,11.1983,11.2561,14.2292,6.8166,9.6235,11.6772,13.3473,14.3354,11.927,11.7251,7.579,7.4628,9.7553,6.8258,10.6727,8.2972,8.2033,12.8687,12.7245,7.7274,9.1718,11.1369,11.8054,6.5451,7.7887,8.2916,8.2336,11.5761,10.2349,12.4447,4.1089,11.0702,12.2456,10.9811,12.5515,13.5427,11.6531,13.1916,13.9568,16.3881,11.9136,9.3779,8.4011,11.2335,9.4729,10.3756,13.0319,10.6038,11.9898,10.3207,8.4174,12.4014,13.8093,11.4722,12.5939,19.9484,16.8035,12.4213,8.2523,13.2017,9.3316,9.6154,9.8503,8.4171,12.1201,11.4743,9.9414,6.1966,7.1622,6.5647,6.7794,6.7439,7.578,7.4978,6.7377,7.5907,7.5944,8.5089,7.471,7.1547,9.6019,8.2434,7.5964,8.0,6.5474,6.0424,8.0,8.5332,6.4808,8.2175,7.3976,9.3856,9.4867,7.896,9.8406,11.3955,10.013,12.6195,13.5859,9.6234,3.5424,7.4148,7.6355,6.0547,8.2048,9.9123,8.1563,9.2943,12.2292,7.3816,4.9565,10.9015,10.2665,9.5169,6.7733,6.2548,7.3644,7.2273,7.2244,10.5855,9.8925,7.9683,8.142,7.485,8.6139,10.0929,9.6768,12.2104,10.0789,9.5622,8.5376,9.1415,9.7101,12.4813,5.4753,8.7889,6.7514,9.1195,9.034,8.0553,7.9457,4.71,9.2797,11.0581,9.305,11.6412,11.1668,8.6545,8.8368,6.5883,4.6902,8.2,4.5853,3.6727,3.9506,5.2906,3.5454,3.8571,9.4672,6.3952,5.0725,8.4936,9.1411,3.5654,7.4745,5.8144,3.0004,7.5562,7.7311,3.8524,5.1817,9.7536,4.0001,20.9886,2.7001,2.7,3.5806,3.0006,3.0,3.2004,7.2336,6.3953,5.4372,4.1954,4.7001,4.6681,6.9444,6.1507,5.6765,3.0,4.0003,10.1027,4.7552,7.0222,3.513,4.3331,4.4451,4.1256,5.5841,5.3354,5.0,3.0001,2.0001,5.1453,4.3186,5.9794,2.0589,3.5,5.0047,2.001,2.7011,2.0,4.2938,2.0007,6.5873,7.1937,9.8952,7.131,7.131,7.131,7.131,7.131,7.131,7.131
167,7.2728,8.2307,4.6239,15.172,8.8455,11.3524,14.644,12.4211,11.0486,16.9728,13.4544,8.8106,13.2424,8.0003,15.1702,15.5852,2.7301,3.4138,10.2992,11.2122,7.9975,4.0455,11.5943,5.5211,5.4604,9.811,9.6602,7.8576,9.6149,8.24,3.406,6.5637,9.5073,3.0619,3.5042,5.3295,8.3281,5.227,2.7298,7.5067,3.0019,3.5036,3.8175,2.7401,9.12,6.1549,8.0,2.8119,3.6431,2.7407,4.8798,2.74,3.5001,4.809,4.8295,2.0001,2.7401,3.9999,7.5314,6.0751,6.601,7.3277,9.2328,4.4672,2.7401,12.6754,10.7999,4.6494,5.0218,6.6994,6.5321,7.2999,10.0417,6.7653,3.6,3.9847,6.0589,11.7568,7.0838,6.7436,3.0016,4.3984,11.8151,5.5814,4.7447,10.2628,12.1606,2.8162,8.0702,11.6534,3.5297,8.1819,9.7237,12.1563,6.92,6.1432,9.0328,6.0528,7.5871,8.0258,11.016,9.3873,9.0826,9.2914,6.5275,9.5268,6.0105,12.697,12.8588,9.6192,3.9073,5.5808,4.0,6.4834,9.7917,9.4337,3.6319,7.6967,10.6486,13.2041,9.4263,11.5455,11.0323,9.2278,5.2136,8.7675,4.646,10.3325,10.2017,9.7981,12.3924,6.7027,6.3998,8.8385,8.3722,10.0664,4.1061,9.2215,10.3811,9.5735,2.8981,8.444,7.4991,12.0973,6.1814,8.2611,8.8703,10.8611,11.333,8.7067,10.4531,6.827,8.3165,7.4866,7.314,8.7297,7.1297,8.6894,10.1342,11.6284,5.7566,5.6822,7.9623,10.3774,6.7597,6.9569,7.6533,7.3401,10.8674,10.4607,11.7325,3.6053,8.118,10.4905,9.0016,9.1504,9.3239,10.4154,10.7799,10.6776,10.7722,10.9306,6.8876,6.6902,8.0842,7.5588,9.1724,12.0291,7.0066,7.6226,9.3243,7.7325,9.2402,10.7664,8.8911,10.984,15.3725,12.7989,8.1446,7.4459,12.1999,5.8177,7.9023,6.7738,6.7678,10.3457,12.0394,8.8722,5.4256,6.4779,5.1085,5.8429,5.1593,7.2261,7.1665,5.4261,6.1936,6.4453,7.967,7.5333,6.0427,7.3459,6.7253,6.0907,6.8331,6.3478,4.0,7.1848,6.83,5.7104,7.0396,7.464,7.5294,8.7838,7.4494,7.8127,9.0554,8.7295,11.2574,9.0395,8.0001,2.7007,7.6565,6.9698,3.7588,6.6447,8.0246,8.4182,8.7734,8.918,5.862,5.0004,7.6678,8.2796,7.6684,4.7074,5.6633,3.9595,6.8525,6.8771,9.5267,8.472,8.0919,7.2226,7.3818,7.1952,5.1971,7.1325,10.1879,9.6589,9.6723,7.3653,8.9879,9.7101,8.9308,6.4692,10.0798,7.2721,8.2101,8.3453,4.4663,9.2012,5.4976,8.2403,14.5254,9.1726,7.308,11.0242,11.4687,7.6611,14.7924,8.3782,10.2858,15.4193,9.4946,7.673,14.6178,8.4883,10.2726,9.5067,7.4244,6.4035,9.4284,10.425,8.9001,10.3559,10.0788,8.1224,12.4375,16.3404,10.9389,9.9653,18.6039,8.7829,21.3834,14.5146,8.1182,9.6662,10.7985,11.9871,5.7613,7.0096,9.743,12.5597,8.2,8.5705,11.6349,8.0,11.6675,9.9074,10.5229,7.4687,16.4027,8.1247,11.2794,4.8054,9.0,8.837,11.4049,10.2366,14.0984,11.5454,5.0855,5.3272,14.498,9.1829,10.4323,4.6201,5.3768,9.0912,7.8789,10.5978,6.4839,9.8818,7.3553,11.8539,12.2603,14.8832,16.5543,16.5543,16.5543,16.5543,16.5543,16.5543,16.5543
