,2025-01-01,2025-01-02,2025-01-03,2025-01-04,2025-01-05,2025-01-06,2025-01-07,2025-01-08,2025-01-09,2025-01-10,2025-01-11,2025-01-12,2025-01-13,2025-01-14,2025-01-15,2025-01-16,2025-01-17,2025-01-18,2025-01-19,2025-01-20,2025-01-21,2025-01-22,2025-01-23,2025-01-24,2025-01-25,2025-01-26,2025-01-27,2025-01-28,2025-01-29,2025-01-30,2025-01-31,2025-02-01,2025-02-02,2025-02-03,2025-02-04,2025-02-05,2025-02-06,2025-02-07,2025-02-08,2025-02-09,2025-02-10,2025-02-11,2025-02-12,2025-02-13,2025-02-14,2025-02-15,2025-02-16,2025-02-17,2025-02-18,2025-02-19,2025-02-20,2025-02-21,2025-02-22,2025-02-23,2025-02-24,2025-02-25,2025-02-26,2025-02-27,2025-02-28,2025-03-01,2025-03-02,2025-03-03,2025-03-04,2025-03-05,2025-03-06,2025-03-07,2025-03-08,2025-03-09,2025-03-10,2025-03-11,2025-03-12,2025-03-13,2025-03-14,2025-03-15,2025-03-16,2025-03-17,2025-03-18,2025-03-19,2025-03-20,2025-03-21,2025-03-22,2025-03-23,2025-03-24,2025-03-25,2025-03-26,2025-03-27,2025-03-28,2025-03-29,2025-03-30,2025-03-31,2025-04-01,2025-04-02,2025-04-03,2025-04-04,2025-04-05,2025-04-06,2025-04-07,2025-04-08,2025-04-09,2025-04-10,2025-04-11,2025-04-12,2025-04-13,2025-04-14,2025-04-15,2025-04-16,2025-04-17,2025-04-18,2025-04-19,2025-04-20,2025-04-21,2025-04-22,2025-04-23,2025-04-24,2025-04-25,2025-04-26,2025-04-27,2025-04-28,2025-04-29,2025-04-30,2025-05-01,2025-05-02,2025-05-03,2025-05-04,2025-05-05,2025-05-06,2025-05-07,2025-05-08,2025-05-09,2025-05-10,2025-05-11,2025-05-12,2025-05-13,2025-05-14,2025-05-15,2025-05-16,2025-05-17,2025-05-18,2025-05-19,2025-05-20,2025-05-21,2025-05-22,2025-05-23,2025-05-24,2025-05-25,2025-05-26,2025-05-27,2025-05-28,2025-05-29,2025-05-30,2025-05-31,2025-06-01,2025-06-02,2025-06-03,2025-06-04,2025-06-05,2025-06-06,2025-06-07,2025-06-08,2025-06-09,2025-06-10,2025-06-11,2025-06-12,2025-06-13,2025-06-14,2025-06-15,2025-06-16,2025-06-17,2025-06-18,2025-06-19,2025-06-20,2025-06-21,2025-06-22,2025-06-23,2025-06-24,2025-06-25,2025-06-26,2025-06-27,2025-06-28,2025-06-29,2025-06-30,2025-07-01,2025-07-02,2025-07-03,2025-07-04,2025-07-05,2025-07-06,2025-07-07,2025-07-08,2025-07-09,2025-07-10,2025-07-11,2025-07-12,2025-07-13,2025-07-14,2025-07-15,2025-07-16,2025-07-17,2025-07-18,2025-07-19,2025-07-20,2025-07-21,2025-07-22,2025-07-23,2025-07-24,2025-07-25,2025-07-26,2025-07-27,2025-07-28,2025-07-29,2025-07-30,2025-07-31,2025-08-01,2025-08-02,2025-08-03,2025-08-04,2025-08-05,2025-08-06,2025-08-07,2025-08-08,2025-08-09,2025-08-10,2025-08-11,2025-08-12,2025-08-13,2025-08-14,2025-08-15,2025-08-16,2025-08-17,2025-08-18,2025-08-19,2025-08-20,2025-08-21,2025-08-22,2025-08-23,2025-08-24,2025-08-25,2025-08-26,2025-08-27,2025-08-28,2025-08-29,2025-08-30,2025-08-31,2025-09-01,2025-09-02,2025-09-03,2025-09-04,2025-09-05,2025-09-06,2025-09-07,2025-09-08,2025-09-09,2025-09-10,2025-09-11,2025-09-12,2025-09-13,2025-09-14,2025-09-15,2025-09-16,2025-09-17,2025-09-18,2025-09-19,2025-09-20,2025-09-21,2025-09-22,2025-09-23,2025-09-24,2025-09-25,2025-09-26,2025-09-27,2025-09-28,2025-09-29,2025-09-30,2025-10-01,2025-10-02,2025-10-03,2025-10-04,2025-10-05,2025-10-06,2025-10-07,2025-10-08,2025-10-09,2025-10-10,2025-10-11,2025-10-12,2025-10-13,2025-10-14,2025-10-15,2025-10-16,2025-10-17,2025-10-18,2025-10-19,2025-10-20,2025-10-21,2025-10-22,2025-10-23,2025-10-24,2025-10-25,2025-10-26,2025-10-27,2025-10-28,2025-10-29,2025-10-30,2025-10-31,2025-11-01,2025-11-02,2025-11-03,2025-11-04,2025-11-05,2025-11-06,2025-11-07,2025-11-08,2025-11-09,2025-11-10,2025-11-11,2025-11-12,2025-11-13,2025-11-14,2025-11-15,2025-11-16,2025-11-17,2025-11-18,2025-11-19,2025-11-20,2025-11-21,2025-11-22,2025-11-23,2025-11-24,2025-11-25,2025-11-26,2025-11-27,2025-11-28,2025-11-29,2025-11-30,2025-12-01,2025-12-02,2025-12-03,2025-12-04,2025-12-05,2025-12-06,2025-12-07,2025-12-08,2025-12-09,2025-12-10,2025-12-11,2025-12-12,2025-12-13,2025-12-14,2025-12-15,2025-12-16,2025-12-17,2025-12-18,2025-12-19,2025-12-20,2025-12-21,2025-12-22,2025-12-23,2025-12-24,2025-12-25,2025-12-26,2025-12-27,2025-12-28,2025-12-29,2025-12-30,2025-12-31
0,25.9683,25.9683,24.7831,35.7113,23.7731,27.2841,23.7457,16.1203,23.097,27.102,27.8053,18.1721,30.6075,35.7325,223.9676,108.9704,119.1938,19.3652,-5.6365,38.0857,3.0216,23.1626,35.2725,27.969,35.1569,32.1586,24.1346,25.5662,20.5483,23.2753,23.7767,14.2531,14.2531,15.4641,74.777,18.3884,21.6975,10.3498,17.9622,18.3128,22.1853,17.3516,17.3288,37.9651,17.3547,30.4843,20.7399,51.8188,491.0978,18.1211,45.991,16.595,18.0554,16.5846,5.9301,23.1527,17.9876,16.3914,12.4261,16.8364,16.8364,9.6396,28.3191,25.0175,20.3666,71.5838,20.0768,62.6225,56.6856,24.3179,24.7069,29.0836,13.1261,9.1593,24.4013,20.9314,44.8735,89.2279,20.1063,22.7023,22.4414,21.8995,18.4664,27.2675,28.855,31.8865,23.4115,-18.9177,9.166,44.2552,24.9801,24.9801,48.0061,165.5961,47.5941,16.6783,16.9075,44.6176,20.9614,18.0852,19.3857,40.3866,15.3272,15.0591,19.0364,25.0538,24.6517,23.4474,12.9737,21.0967,16.0917,23.0168,13.4111,28.4986,40.8616,12.785,52.0203,105.2781,103.8456,27.4454,46.0183,46.0183,22.6794,34.2757,31.8496,16.4961,36.6922,24.2188,21.1519,18.833,42.6969,20.5645,21.4452,143.9291,20.5524,13.5064,24.4817,22.5159,30.496,23.4284,18.3751,37.35,23.9301,28.8996,54.7643,26.8637,30.3754,25.4446,80.5089,43.0751,16.8877,16.689,16.689,20.8896,33.1408,23.41,23.3053,26.9099,32.5838,25.3614,14.8543,27.6185,37.1116,23.3351,26.1345,29.9769,38.4709,34.2923,28.6791,32.7384,30.9288,26.3629,37.1779,26.1963,25.6905,32.5476,41.0566,31.9147,29.1019,26.1341,71.9865,37.2457,37.2457,24.0153,18.5696,25.8729,22.5436,21.1938,22.7713,28.7569,84.8677,30.1486,25.9201,108.6184,23.4675,44.1578,37.2081,23.4547,27.2267,25.2534,25.1108,25.4894,25.9668,37.1339,30.395,36.5577,29.7422,38.5547,51.8351,72.3182,28.6071,46.7705,32.5744,32.5744,32.8534,26.9986,28.3248,29.1326,24.0436,24.015,25.7185,13.083,23.8573,28.4084,25.3372,27.3697,38.5881,44.7302,23.6693,26.7117,27.4231,22.8635,21.9054,31.7106,35.8832,24.5389,21.853,27.4153,30.5585,24.0633,166.1539,21.9812,141.1312,20.2744,20.2744,23.3765,31.3126,28.6269,29.9464,22.8368,27.577,23.767,24.4595,20.4816,25.8505,26.2196,22.5679,25.7523,29.5925,25.7061,24.613,36.6029,36.2064,40.6601,30.466,27.3007,34.8716,26.1086,29.7035,23.8168,25.3487,35.1037,27.6032,30.3654,30.3654,25.2367,40.8342,78.5271,25.7407,47.7069,21.3256,22.9308,21.0758,27.2641,18.3905,19.3175,20.8307,24.3516,47.0166,26.7645,38.1759,51.3604,26.5983,25.2867,48.8655,136.9805,41.8028,34.3107,17.9915,22.2109,19.8827,27.1624,33.4829,92.4218,16.7709,16.7709,13.7181,19.4105,161.6699,19.6964,15.3426,17.0456,10.2788,14.4275,30.6297,24.5388,3.0455,12.7976,18.5469,9.1451,12.1617,25.8564,15.3346,21.8907,42.5155,25.6303,19.669,28.1201,16.1026,26.5242,25.0404,25.5634,30.7114,19.5469,42.1931,16.7709,16.7709,13.7181,19.4105,161.6699,19.6964,15.3426,17.0456,10.2788,14.4275,30.6297,24.5388,3.0455,12.7976,18.5469,9.1451,12.1617,25.8564,15.3346,21.8907,42.5155,25.6303,19.669,28.1201,16.1026,26.5242,25.0404,25.5634,30.7114,19.5469
1,25.2977,25.2977,33.0921,36.9544,21.5313,27.5215,20.982,23.2236,20.9934,27.5712,46.1954,22.0817,21.1896,32.0262,218.5491,85.2873,64.7972,34.9916,334.5968,7.412,-15.7228,27.9711,33.9098,26.3664,32.3552,29.9511,24.0493,23.1279,19.3245,19.9225,21.6101,13.1408,13.1408,16.7452,14.244,24.9795,19.0356,10.063,9.6844,21.0115,19.5999,14.6716,22.9208,23.7372,13.1305,23.035,13.7937,41.1772,22.6939,11.4452,27.7703,15.3601,32.0474,12.6716,2.3729,18.7365,13.6649,17.9975,13.2181,20.2209,20.2209,5.5868,52.3984,21.0464,18.2561,22.614,18.8227,49.7253,27.5483,3.3466,15.6133,21.7354,12.3427,9.4795,19.2506,14.3908,30.0665,34.8311,17.9236,16.0818,11.7683,18.2086,23.2203,34.9773,24.9158,21.4377,18.4312,-9.2885,12.3266,26.0936,62.0125,62.0125,38.769,60.6643,20.3172,17.8341,29.1031,20.9163,17.4519,20.4247,34.3716,26.9546,10.6346,16.8565,16.5783,21.8413,37.6757,28.2232,131.8942,25.5221,18.9782,21.4153,11.8696,34.0698,29.1816,10.2242,38.3097,21.9835,45.199,15.8025,31.8017,31.8017,110.5277,23.6282,42.4465,17.8826,31.1043,0.5119,10.7848,20.8548,28.0645,16.986,26.5236,249.9789,16.9966,17.6691,24.4818,22.2043,21.5349,24.5533,19.5476,28.4157,24.2642,26.1619,25.9088,22.9153,34.9248,21.4426,21.5859,18.9511,22.6807,14.0355,14.0355,21.242,39.3068,22.4026,16.4701,25.2021,23.1997,32.2427,21.1307,22.4585,48.7953,22.3758,21.7615,26.1045,31.6948,33.0056,29.8991,28.9737,23.2437,21.1694,23.919,24.4459,19.8308,25.082,28.4094,27.3855,26.3161,59.035,41.3034,28.2706,28.2706,23.7449,21.4147,20.0268,22.3754,17.667,22.6563,25.2703,33.4649,24.3255,23.9152,56.6295,23.399,28.0806,27.1602,22.1861,24.7399,23.9698,21.9152,21.7177,26.0873,54.3077,27.1216,27.6011,26.1126,25.8797,53.0245,41.5769,29.663,61.7893,26.8873,26.8873,27.1012,26.5653,25.0743,22.4358,22.4197,22.8711,21.5202,19.1776,23.3566,27.8568,22.0229,22.4042,88.8644,166.0951,20.6107,22.7253,21.2252,18.3997,19.6122,26.3137,25.317,25.1173,20.5848,24.1189,19.4005,22.4448,168.7061,24.2398,26.0767,18.4862,18.4862,21.6735,19.2487,29.7239,24.0145,18.7049,13.1113,26.495,24.4607,30.1153,20.8892,19.8819,17.2465,20.441,18.8242,17.9734,23.8409,34.6093,25.7686,29.2828,42.0412,20.5049,30.7103,23.3456,23.5089,18.9537,23.522,23.7977,23.6611,24.6938,24.6938,29.6634,24.8074,29.8149,30.9617,29.7166,11.7064,16.3545,14.767,16.3197,10.3226,17.3836,1.1708,42.1428,13.4547,17.8672,19.5219,21.7414,23.3204,19.3558,23.0856,43.7563,25.2908,29.8909,14.2138,19.9473,20.2761,23.7767,47.5278,33.8905,20.7094,20.7094,10.6522,21.6613,115.6184,17.7236,13.8915,22.872,11.335,11.4904,31.6921,24.4854,6.9968,11.3353,19.6616,7.6886,11.7908,23.1035,13.0802,20.8815,25.9746,24.534,18.0133,23.0791,11.7197,28.919,23.7978,24.2027,30.0921,21.2763,45.2646,20.7094,20.7094,10.6522,21.6613,115.6184,17.7236,13.8915,22.872,11.335,11.4904,31.6921,24.4854,6.9968,11.3353,19.6616,7.6886,11.7908,23.1035,13.0802,20.8815,25.9746,24.534,18.0133,23.0791,11.7197,28.919,23.7978,24.2027,30.0921,21.2763
2,34.8648,34.8648,108.6855,42.2219,55.9175,27.4781,19.469,20.1986,19.879,25.2752,28.1984,31.7396,15.3195,26.615,240.8244,42.8239,75.5328,28.0566,46.9427,20.6048,-13.667,22.4891,34.0589,26.925,64.5372,29.4744,21.7326,22.9776,18.5948,17.9087,21.0527,13.4135,13.4135,9.7682,17.5692,18.0785,68.8429,10.106,11.0749,17.6713,22.963,13.7309,22.6098,27.5893,13.2622,20.6223,12.3752,39.8377,20.0815,12.4822,21.7409,15.2621,228.4401,12.7206,2.6105,20.7101,8.7502,12.5135,2.8514,13.4666,13.4666,-1.4769,12.8954,23.0076,15.3732,28.7888,42.6502,56.0483,22.9635,-9.6148,-5.3483,17.0511,23.2566,7.9234,17.7731,13.535,15.0874,13.6497,15.681,16.7168,13.4667,10.0269,7.0927,51.072,27.7569,19.1119,15.2194,8.5414,15.3263,18.7409,20.4323,20.4323,34.5774,27.8619,19.547,17.7473,3.6364,13.5016,16.8685,18.7674,30.1568,25.5665,9.3815,12.5658,22.6678,30.4299,172.6808,16.5264,21.7012,14.9764,18.7686,16.5401,11.9808,31.7768,17.094,11.0357,9.0066,24.7872,129.5619,9.0027,23.9101,23.9101,22.6301,14.352,18.6266,13.8619,27.9265,-8.8744,-0.348,18.7566,25.1977,16.44,17.0238,23.7969,12.767,21.9601,19.0626,17.8485,21.0422,20.5753,12.4426,16.1765,31.1231,30.9124,25.5352,26.3369,16.1541,16.5008,19.9756,12.72,17.8052,13.0047,13.0047,18.0458,18.2339,14.4296,6.8122,22.0282,21.9841,31.963,15.5765,42.8519,21.8333,19.0083,19.8692,26.796,20.6579,29.2783,32.0938,30.9105,21.4842,16.8973,23.1192,24.5874,22.9211,87.0511,23.6247,25.7392,49.8691,49.5609,29.8363,25.4303,25.4303,28.3477,19.111,16.7963,21.5107,34.0596,21.6914,24.4147,23.6727,15.5041,20.66,26.3167,22.8059,25.0859,22.1897,20.8456,22.824,20.7024,16.6516,19.9746,26.7114,27.837,23.3055,22.7587,22.0722,21.7588,51.517,35.0807,30.77,57.4677,24.9992,24.9992,25.2756,23.12,20.332,11.5039,20.247,19.0041,32.198,17.8457,20.8166,38.119,18.4689,24.5919,43.6503,24.1519,23.5056,20.2396,16.7294,16.2062,13.037,23.3646,16.3437,16.1121,24.4852,18.2956,18.0148,58.6228,37.2,17.7816,20.6961,13.3234,13.3234,16.3124,-4.6415,23.2028,20.3423,17.7268,14.5128,24.4761,13.5706,32.7182,21.4097,11.9188,11.0306,16.7948,13.6881,20.4562,41.649,44.7625,25.4155,56.9755,93.9052,27.411,23.9139,23.6333,19.8066,19.368,21.9862,46.1508,21.9056,22.1936,22.1936,26.5398,24.4407,27.0892,28.3324,13.8783,13.0154,19.4721,19.0323,24.0037,15.5675,17.4902,-9.7247,22.4706,15.7406,21.0202,17.7285,20.3781,19.2891,8.9174,18.6003,25.7371,28.4198,25.6048,14.2454,23.3939,12.4295,28.6903,34.2513,22.3825,23.9705,23.9705,9.0029,20.3506,45.6094,17.9181,17.2228,20.431,7.943,9.0308,27.2562,19.3535,5.0606,8.7113,18.5344,2.0044,9.0667,21.1391,11.0272,13.5386,21.3669,26.0893,18.0512,25.0942,18.8877,27.1929,26.1343,25.5678,32.9959,24.4203,34.3085,23.9705,23.9705,9.0029,20.3506,45.6094,17.9181,17.2228,20.431,7.943,9.0308,27.2562,19.3535,5.0606,8.7113,18.5344,2.0044,9.0667,21.1391,11.0272,13.5386,21.3669,26.0893,18.0512,25.0942,18.8877,27.1929,26.1343,25.5678,32.9959,24.4203
3,24.0271,24.0271,28.0724,25.3678,20.7181,27.9438,19.1642,23.1007,15.704,22.2121,25.1988,31.0164,17.4692,39.5142,189.7473,48.0333,43.0494,22.7038,-70.349,15.9419,-22.2829,20.8934,40.3021,26.9049,25.6789,30.3432,70.094,24.1474,18.3052,17.9417,20.215,14.4748,14.4748,4.7916,14.7651,14.3816,19.6792,3.2768,11.6265,13.4513,26.0708,14.6343,19.2089,21.1632,13.7837,26.1246,11.9813,37.5966,20.1153,12.1403,20.045,9.8306,16.1511,12.9028,10.7324,21.1167,4.8292,4.55,-19.149,9.8172,9.8172,8.8991,16.4961,8.2931,15.2294,15.9169,36.1645,64.5498,49.8723,-11.9324,-44.8755,17.4821,18.1367,2.2251,16.5947,25.6052,20.1996,6.3433,43.1282,13.8694,18.7881,13.9637,1.0119,24.5955,22.1188,17.8686,17.7241,-18.0237,7.302,36.8536,11.9008,11.9008,32.8962,32.4494,19.0647,15.6695,10.3441,12.3997,17.481,13.8681,16.7975,23.258,9.4769,10.0844,17.3262,9.4741,27.7437,11.3591,20.7688,12.6474,19.1437,11.8592,6.7584,21.0575,13.2892,5.7387,-10.1342,31.5192,18.2228,-0.7611,11.9918,11.9918,20.1649,23.376,16.8021,8.9081,31.5802,15.5512,-19.5868,16.002,35.9501,15.9768,20.2432,23.0219,7.4539,11.7377,16.2646,13.4088,15.1429,14.7681,7.5035,12.435,13.9185,30.6897,22.8212,27.5956,15.896,11.0984,16.6767,13.0404,17.1923,15.7054,15.7054,4.0168,9.5448,14.2216,7.7438,19.6766,20.8047,31.9512,11.6748,20.8178,18.1456,17.3557,113.5206,24.5466,21.9439,30.2249,27.3363,22.6579,18.0146,14.7839,29.8062,22.3562,24.1918,22.6449,24.6403,21.8727,35.9669,20.9334,27.2253,27.5164,27.5164,21.4461,17.1668,18.7547,19.6684,26.6885,20.0953,24.2719,20.386,12.5038,17.0864,18.8395,26.0128,24.6918,25.7079,19.9525,21.9307,16.9669,14.0031,24.0293,21.0922,24.3784,21.8345,19.1152,28.3844,25.3277,51.8377,25.2884,31.5402,26.0639,19.9988,19.9988,21.5685,21.3608,14.922,11.5307,18.4507,23.7138,40.4901,18.7412,17.9802,17.2107,16.4947,21.6356,21.1952,25.2916,21.2254,16.9717,15.2055,13.273,8.8235,18.1966,14.7589,18.5922,18.7846,17.3721,16.3543,13.6669,40.5343,19.3047,20.1398,13.9175,13.9175,17.6346,0.3174,20.0652,19.5527,16.1418,19.7118,17.314,13.2565,34.6343,14.7397,18.5177,15.0804,19.1294,16.1865,29.1579,51.9567,63.7787,21.5914,118.0272,21.9809,20.0124,20.2888,22.5089,11.7352,16.8932,21.655,22.1397,20.1787,18.6349,18.6349,20.0581,26.2701,18.715,28.9053,18.2137,20.7213,17.639,18.9088,28.8219,20.5039,21.6656,3.6128,19.1711,16.2857,16.5766,20.225,5.0168,12.5705,10.8196,23.9817,23.1048,16.4525,20.0929,13.4416,16.2464,1.0126,52.0508,21.0887,20.0273,22.1761,22.1761,14.3362,68.4154,49.4032,15.7093,12.7784,19.1919,7.6258,7.4314,39.1575,9.4851,8.2558,9.9646,17.3438,5.7854,-9.2763,18.2246,4.9351,11.9669,16.0492,30.6926,18.39,25.6083,15.6949,25.539,22.409,25.9775,31.2963,24.9154,35.9829,22.1761,22.1761,14.3362,68.4154,49.4032,15.7093,12.7784,19.1919,7.6258,7.4314,39.1575,9.4851,8.2558,9.9646,17.3438,5.7854,-9.2763,18.2246,4.9351,11.9669,16.0492,30.6926,18.39,25.6083,15.6949,25.539,22.409,25.9775,31.2963,24.9154
4,19.4104,19.4104,26.9151,31.5252,19.3083,30.0858,22.581,15.7842,16.186,21.1421,24.8024,21.7753,14.2492,88.5122,273.4879,1.029,1.1726,12.0142,-66.9805,21.7413,-19.3729,17.8951,34.0459,24.6977,27.6615,279.9198,24.105,21.5953,18.6134,21.1885,17.8325,8.6518,8.6518,7.7023,26.8164,13.9888,16.9205,2.3192,-4.2075,15.1955,28.7707,15.1174,25.6555,20.3194,13.1613,0.2211,16.8438,45.1239,20.4687,7.6349,115.9427,8.4481,21.7758,13.1283,12.3705,15.8784,8.5235,-6.4938,3.2747,19.3577,19.3577,-4.8008,8.167,5.0832,29.4451,13.2633,17.5268,68.2381,19.7471,-14.453,-54.8734,15.5459,11.6161,-28.347,15.2457,13.0459,15.9757,-4.596,15.4504,1.0201,14.7967,12.9151,0.4911,13.3868,28.5369,18.0955,14.707,-25.6462,6.9058,19.2218,13.1965,13.1965,21.2799,23.1923,15.2751,13.6623,13.8923,8.9345,9.2519,16.0853,21.6063,22.5685,-10.9307,6.2584,9.6642,10.5764,23.9918,-4.3796,15.9402,11.196,21.9476,7.4354,1.6242,17.4385,0.5356,-5.7612,-14.5859,132.1172,15.1855,-14.4732,4.7243,4.7243,103.7347,10.4156,13.7916,4.3484,23.0016,8.2074,-28.9463,13.1105,20.474,13.1696,18.2883,20.772,0.1202,9.4644,6.7964,17.1674,8.5133,19.3024,-23.5654,8.4503,17.2289,55.2095,19.2912,22.1948,14.1948,11.1904,17.013,13.9426,15.955,14.5433,14.5433,2.5755,-2.9469,15.3972,-14.6843,15.9339,27.0637,21.5779,15.5769,20.9819,6.5418,10.1169,32.3064,20.7372,22.264,26.2819,23.6802,20.1361,18.243,12.6262,37.1771,21.2157,30.1556,15.8616,21.3146,19.0599,29.451,21.6855,30.5834,19.7282,19.7282,19.0294,12.2648,17.9261,18.4664,15.6496,17.3194,21.3027,15.5361,6.1576,14.8286,12.6803,14.3269,22.9153,25.4399,16.3841,19.5145,14.0598,13.7113,18.1486,19.8695,22.008,17.1483,15.3408,28.8944,24.7592,39.1636,22.9289,18.9415,22.7734,18.72,18.72,19.9278,18.5675,11.2339,100.741,15.4156,21.0396,14.5762,19.8666,18.1743,17.3255,15.1457,16.8674,20.8078,19.8493,17.9593,17.9683,13.2344,6.2833,11.7395,18.5826,13.7761,15.4417,20.0083,14.8154,13.7532,13.563,18.4872,18.0484,18.5799,12.7356,12.7356,18.7249,2.2635,13.2619,18.9666,13.6381,12.9775,14.8585,9.3424,12.0305,26.8782,24.8646,9.1259,24.354,26.5515,22.1822,47.6038,33.4409,18.9515,19.3164,20.8889,24.7999,18.0431,22.2077,3.0069,6.7641,21.2548,24.0375,16.1957,18.2923,18.2923,15.4896,22.9381,8.3513,19.4052,15.3152,15.5892,13.7456,13.5703,21.4703,18.8757,21.2338,4.7972,11.2127,16.3065,8.8717,24.7323,14.3671,7.2989,6.9585,12.3907,20.6483,11.5827,24.2673,13.7243,6.1203,0.6081,21.7082,24.3718,15.1453,15.1616,15.1616,16.6582,21.1189,21.3935,14.8755,8.8751,18.1419,-0.1693,9.175,19.2222,2.3963,6.2269,8.8261,19.2067,4.3823,-1.3412,17.6556,7.8077,21.6846,17.9822,21.009,22.021,20.4038,8.1669,28.9166,23.1097,23.0841,24.7198,25.2204,29.6231,15.1616,15.1616,16.6582,21.1189,21.3935,14.8755,8.8751,18.1419,-0.1693,9.175,19.2222,2.3963,6.2269,8.8261,19.2067,4.3823,-1.3412,17.6556,7.8077,21.6846,17.9822,21.009,22.021,20.4038,8.1669,28.9166,23.1097,23.0841,24.7198,25.2204
5,18.4619,18.4619,25.0238,23.7803,21.2941,23.2606,21.2045,3.0813,14.2365,19.6158,24.7312,-0.5976,17.3716,101.281,229.2215,23.9798,-27.5488,21.1696,-55.1394,17.6401,-36.7811,17.9569,31.7742,23.8107,26.5815,23.3338,22.4371,20.1484,18.4156,18.897,17.3229,-6.4184,-6.4184,3.0113,26.6341,13.0111,15.477,-8.0991,-10.4582,10.4918,23.6892,13.2274,20.1863,17.6605,12.6912,0.6276,12.753,29.3331,28.4844,-10.9227,20.166,1.1695,21.9818,-1.7386,13.9585,15.347,5.4414,-1.0889,-14.9353,8.8566,8.8566,-24.8208,-27.6005,-5.6207,9.5928,13.7288,14.9077,32.8242,17.3652,-22.1596,-66.5565,14.1212,0.5185,-28.0841,31.4325,12.5179,14.102,-5.3102,10.8817,0.3541,10.8625,11.4818,-5.015,3.9232,19.2061,18.9203,19.2274,-16.8039,15.4109,16.4798,29.4019,18.4629,18.1026,22.3347,10.2162,22.7915,41.1734,14.2159,9.0291,16.7182,12.2982,20.7549,-23.2548,2.2379,30.8274,8.8716,92.273,9.8828,16.2601,209.7235,20.5388,506.9067,1.5772,18.2731,6.3839,-18.8571,8.0235,17.0362,16.4581,-26.0654,11.8248,11.7584,6.5959,-0.4974,16.5812,16.6221,25.0373,4.4244,-8.6939,15.2917,16.8787,12.0072,19.9679,17.1257,2.5996,15.6971,9.7031,22.7337,16.007,30.7731,-14.4815,-3.262,22.7189,27.6639,14.3726,31.116,15.1421,6.3001,14.8238,21.6818,33.6744,14.3058,14.297,8.3284,0.6494,17.605,-36.961,15.9815,36.1405,28.1572,16.4697,20.8781,1.8827,31.5064,23.0899,43.7506,25.4843,26.1255,19.0089,23.4213,16.0558,12.4936,25.4222,19.3122,28.3189,21.284,20.3797,20.1276,21.105,25.5866,21.4369,24.478,21.0744,15.0412,29.4015,13.1442,16.0966,20.9291,15.5961,19.3469,16.1505,10.142,25.1407,17.82,19.5699,25.7875,19.4909,15.9513,16.9374,9.9594,14.3422,17.7713,19.7553,20.2469,17.0126,13.6058,29.0831,29.473,30.661,29.8894,26.3637,127.8209,31.1901,18.9083,21.1016,19.7651,8.3825,65.8211,12.9258,19.9522,21.9209,18.1102,36.7746,15.8987,15.7388,24.9028,24.8209,20.2098,20.2371,19.3127,15.8259,11.5056,17.1207,20.0805,14.6983,21.0323,27.5886,15.1972,13.2828,74.1275,18.6858,15.3751,18.7908,19.5499,14.1819,17.1127,11.5419,9.4253,19.3171,11.956,14.0312,6.4831,-8.9531,-5.5746,26.9259,23.1746,14.1701,26.1325,17.9502,46.5009,19.0585,39.9259,21.0288,40.9866,21.0879,15.4198,19.3267,21.3852,8.2823,6.3735,59.8055,20.9315,12.4111,15.2612,14.5437,23.1708,19.7644,21.8964,10.9264,16.6517,12.5265,6.992,14.4783,12.6846,19.2006,18.3619,6.1935,8.267,12.9322,10.7058,15.6764,-0.5662,9.2152,2.4444,13.3218,16.6382,17.2037,22.1497,16.3127,2.9741,7.0352,37.0042,20.7286,6.0568,14.7695,20.0523,45.9395,10.3445,25.3934,11.3846,5.5858,14.5417,5.5817,6.2738,18.2164,-2.2201,-8.5491,8.2988,17.1605,1.9601,1.2949,15.9952,7.9344,8.9716,2.9345,19.8099,22.3542,18.069,5.6377,27.1809,29.8412,28.1894,24.53,23.2157,26.7494,14.7695,20.0523,45.9395,10.3445,25.3934,11.3846,5.5858,14.5417,5.5817,6.2738,18.2164,-2.2201,-8.5491,8.2988,17.1605,1.9601,1.2949,15.9952,7.9344,8.9716,2.9345,19.8099,22.3542,18.069,5.6377,27.1809,29.8412,28.1894,24.53,23.2157
6,25.7486,18.8221,23.9768,22.7698,22.3454,23.4558,107.3549,-19.9452,31.36,19.4221,19.4115,-14.1766,14.866,154.6939,147.0766,13.6975,-14.4168,26.7898,-77.6358,28.6717,-7.1975,27.9785,28.4834,23.4747,45.6956,27.6801,17.7279,20.4231,18.9266,17.4207,17.103,2.5381,2.5381,9.2768,16.9575,14.0957,16.3195,-12.0994,-20.3177,10.3581,14.6316,17.707,17.7456,15.9418,12.6862,-14.501,75.6255,32.3043,16.4228,15.0077,17.6012,-8.6187,20.5686,-3.9298,29.4153,14.7921,2.8897,5.8796,2.563,12.1722,7.7789,-25.0334,-27.3747,-2.8371,9.5731,14.0312,34.695,39.3816,16.3074,-23.7935,-62.3286,13.513,1.3014,-24.941,28.6996,10.3186,16.3416,-14.9489,13.7487,-1.7785,15.7712,9.5611,-7.1335,-6.0541,21.4675,17.5101,17.9649,-27.198,11.8004,7.8428,4.8474,7.07,12.7033,18.8754,9.1003,14.0265,9.0808,12.1552,8.5912,11.4708,-6.6751,18.3014,-17.3566,9.1871,5.3525,8.4415,22.9393,8.9818,15.3792,10.609,22.2655,353.6005,10.4712,21.2625,6.571,-16.1838,4.1729,38.017,16.8932,-31.9481,31.7936,31.7224,11.3484,35.2321,14.0516,16.1819,14.3347,1.4691,-21.534,13.3918,17.5964,20.1915,19.0655,17.734,2.5613,21.8284,2.3402,10.9578,23.719,17.8751,-15.6829,-0.622,18.6978,27.3374,8.7647,28.7751,14.693,9.3527,15.2326,21.7476,15.6108,13.5383,13.6432,0.6246,6.0376,19.2066,-6.032,15.1812,31.8725,18.2746,16.3923,22.0045,1.173,22.3115,24.4911,13.8933,22.0483,21.9387,25.4945,21.6581,16.0957,12.7403,22.1217,18.5308,177.335,26.5349,282.9165,19.8834,20.9684,36.0457,22.0638,22.9127,21.7436,15.5658,18.6267,12.2703,13.797,25.1184,12.1906,19.6385,15.1578,11.0945,27.5549,58.5281,26.3625,24.5919,204.6283,56.1969,16.5504,2.5417,11.857,18.1698,18.9978,19.7035,15.8843,14.2149,27.8197,28.6303,31.8911,23.5895,25.3333,22.4111,22.9086,173.1165,20.2574,17.0319,12.8128,26.1045,13.478,17.6573,21.7701,18.7769,20.7315,17.1373,14.4024,18.1294,17.7389,19.3551,19.6291,12.8708,13.5748,16.6983,12.6433,19.5681,16.4773,20.7217,17.8235,14.9851,14.677,-0.7288,16.8321,15.5652,18.6485,19.4683,11.2005,10.7261,6.6305,15.1429,19.5307,11.3156,8.429,-16.9384,-3.0817,-18.2436,8.255,15.7744,15.0151,17.259,18.5303,24.4705,-4.1899,22.268,18.9076,49.0186,14.2521,16.5663,16.8721,19.4369,12.3648,15.773,25.4728,21.042,12.0254,32.1272,15.4702,20.244,7.744,20.4721,7.2189,17.4083,4.9209,16.6957,12.517,-5.6139,15.6428,10.9186,-5.854,1.9139,12.8112,5.597,20.4785,10.0553,6.8701,7.4128,11.3847,12.0573,16.7731,25.252,9.0935,4.4434,2.4841,29.2501,14.993,-13.2418,6.215,24.0892,24.3605,37.1196,22.1256,13.7386,19.4622,12.8045,11.6624,16.7957,20.7866,-4.2222,-12.0583,11.8137,17.9464,-4.7091,7.5741,15.8826,7.5323,24.8435,-2.6758,20.4583,33.1376,26.2564,17.4768,26.0582,43.6998,25.7228,24.7317,25.22,25.22,6.215,24.0892,24.3605,37.1196,22.1256,13.7386,19.4622,12.8045,11.6624,16.7957,20.7866,-4.2222,-12.0583,11.8137,17.9464,-4.7091,7.5741,15.8826,7.5323,24.8435,-2.6758,20.4583,33.1376,26.2564,17.4768,26.0582,43.6998,25.7228,24.7317,25.22
7,25.9053,14.981,24.3987,21.8587,23.5743,24.7523,34.215,-2.6177,19.1312,17.6862,19.8567,-10.6075,21.9625,130.2964,168.4254,60.5121,-2.6066,26.1956,-81.4149,32.2407,4.4021,31.7432,29.9124,23.2497,27.753,23.8566,17.5484,20.1643,19.9004,17.614,16.6372,12.5533,-1.1007,8.532,16.0409,12.8472,16.3549,-8.6212,-23.164,11.0156,17.8362,14.7328,18.3912,14.3243,12.8462,-14.0733,14.8378,25.9783,16.2149,24.3209,16.2292,0.0794,15.1453,-2.1578,25.0297,10.5916,-28.0287,-4.2917,5.7508,8.8318,8.3993,-22.5845,-18.1776,6.899,11.1264,16.5413,28.2342,21.6373,15.6956,-22.7252,-74.1836,11.3203,5.8747,-22.2663,16.8837,9.6539,17.2666,-11.9678,19.7763,-1.0455,18.1272,15.8239,-8.8464,-0.6222,23.0064,17.6446,16.0338,-20.0646,-3.7167,-0.0177,10.6447,6.1264,9.9546,17.5718,13.1048,16.598,3.4501,11.6193,4.4981,17.3676,-10.3119,17.3368,-25.1662,4.5212,8.9807,10.4996,19.184,7.1767,17.3147,10.2987,18.2735,245.9522,6.6026,23.3107,2.8922,-23.9044,1.8551,49.2222,14.846,-34.0706,20.5252,19.9012,12.1717,17.2862,10.8834,12.1166,20.0187,-13.3714,-11.4837,13.0504,17.2988,25.967,19.5407,14.5093,3.4304,14.5365,11.5855,-11.275,-8.0976,-1.5947,-39.1559,-10.1979,14.224,9.834,-16.8797,24.4977,14.9523,9.9435,14.8445,22.2612,14.7648,18.957,11.5916,-20.4726,0.7977,12.9704,-34.9249,13.5532,30.6551,37.1018,15.3534,21.8086,-2.8722,23.4929,16.6511,20.4789,18.8207,17.2756,15.8651,22.3073,16.971,12.7227,19.5216,18.6708,36.1281,19.6103,68.1013,17.808,14.0275,28.9217,17.8901,19.8192,18.0859,12.67,10.8833,10.3327,13.0173,22.1985,14.0843,18.5948,14.369,9.7629,20.1534,19.5035,21.3272,22.1736,49.6067,34.2319,15.9725,8.8419,12.7886,17.454,19.2169,19.613,15.0553,14.9854,26.3667,25.7216,37.7709,19.5914,23.5132,23.9557,21.8612,36.1773,18.1919,17.9745,8.9515,9.5064,13.6431,14.7407,21.2118,18.247,20.7632,17.4434,15.5968,14.0552,21.4264,18.7201,19.6272,2.2168,13.8211,13.1689,15.3006,13.9183,16.5143,19.527,19.1967,11.3226,26.5092,-0.6288,13.0489,15.7444,18.307,19.348,10.1311,11.3896,14.5053,18.5339,19.9198,11.7915,6.6945,-2.1618,-0.7815,-26.4868,14.0505,12.0642,8.0448,12.5221,18.9033,23.2343,16.5515,21.778,17.2626,51.2422,16.3672,16.3485,15.6254,20.2396,12.6868,17.4025,22.686,21.0499,11.4522,25.7789,13.7438,20.6423,18.2427,-0.3891,17.0293,17.7457,6.5456,22.9911,12.3237,2.7247,15.8583,11.8574,3.7842,6.6135,15.8849,1.3651,20.1134,6.8808,11.8734,6.7666,11.1623,10.1167,18.5101,19.9938,10.1018,-0.3291,1.2287,21.9389,12.1628,-27.8814,-0.6784,21.6164,19.8651,12.313,16.5481,11.6687,6.8526,8.6433,8.3341,8.9292,19.118,-12.7086,-17.707,13.6283,20.5565,-6.9364,1.4613,13.1274,10.0716,24.1238,1.7809,19.4727,38.256,32.9372,10.8176,23.3728,37.4883,20.1492,25.1211,21.9072,21.9072,-0.6784,21.6164,19.8651,12.313,16.5481,11.6687,6.8526,8.6433,8.3341,8.9292,19.118,-12.7086,-17.707,13.6283,20.5565,-6.9364,1.4613,13.1274,10.0716,24.1238,1.7809,19.4727,38.256,32.9372,10.8176,23.3728,37.4883,20.1492,25.1211,21.9072
8,24.9469,17.8508,29.3465,18.4416,21.3923,24.1978,48.7684,5.5425,20.4651,32.7344,20.7634,-3.0644,17.3472,143.6752,150.2467,86.3011,-4.6625,20.8076,-77.0368,28.2735,1.6811,42.6252,28.9786,23.4318,24.2727,24.4873,16.855,20.2268,21.3377,17.9976,16.133,13.8421,4.403,0.9939,32.0809,12.3406,17.0559,0.4666,-19.8017,11.3821,14.4356,12.4813,18.3906,13.9419,12.7299,-18.1806,15.0295,22.3796,14.3621,29.3554,14.3808,6.4025,9.7304,8.4083,25.3578,13.4984,-19.2207,1.5365,11.2812,9.2234,9.8577,-20.6482,-6.2901,7.499,11.9692,15.5874,23.075,19.5823,14.4473,-13.6894,-48.3574,14.9068,2.6161,-27.4309,16.5394,12.7247,17.3293,-7.5303,24.3658,1.2036,20.0513,17.9148,-11.1216,-12.1335,21.9271,17.5106,13.9197,-10.6589,7.7856,13.8627,10.3426,6.4387,8.7504,16.5706,12.4295,14.1408,8.7461,12.5862,10.8243,17.3704,3.6224,17.0931,-14.7018,5.6767,12.497,5.2387,12.402,8.7402,17.0169,9.0774,17.6879,385.7985,-1.0031,19.7409,8.8732,-13.2801,-5.7569,21.5026,15.1266,-33.6757,3.1806,34.5524,12.3987,19.0188,10.8958,13.7432,13.5206,-10.0626,5.094,8.2267,17.6996,22.3704,25.0687,14.1189,8.3122,14.6443,12.4552,2.6268,-14.3659,-11.3277,-37.7098,-20.6939,2.5038,11.2733,-30.0895,15.6805,16.2351,11.3136,14.1489,14.347,16.6388,15.2519,12.2004,-23.1131,4.4522,12.76,-44.3517,12.1323,27.7686,29.4473,17.6392,21.114,1.5429,6.4766,13.0551,19.0606,8.6932,15.9633,15.8346,17.4228,17.1929,13.2204,13.9184,18.5134,42.3175,20.8796,40.7573,18.8397,21.0159,29.6301,14.0389,18.4091,17.2234,15.0214,16.0127,10.1462,12.3937,14.7817,12.7904,18.4722,13.5238,8.5128,16.9273,27.0548,14.0244,22.6693,34.4149,19.352,17.6189,5.4349,12.3427,17.3002,19.9426,19.9143,14.6296,15.0544,20.2872,25.8543,27.0167,23.3319,13.5401,22.6129,15.6111,18.3249,16.9508,19.0923,9.2578,8.7287,13.5648,17.2675,18.9703,17.5799,20.5207,17.2936,14.7241,15.2436,17.2712,18.3216,17.9383,-0.3854,13.5637,15.9002,12.4105,15.9766,14.2848,21.1691,16.2391,12.915,16.3016,-1.01,10.0074,15.1789,17.6594,19.0728,8.4092,11.9296,14.7622,18.6303,18.2864,12.5674,7.4137,-3.4505,-0.7406,-7.0282,7.8011,10.9228,4.5422,17.2072,19.5092,18.4714,25.7726,20.7647,15.9535,34.4958,16.5829,16.9002,9.9464,19.7819,15.5657,19.6512,22.2264,21.7281,10.0922,4.8162,1.5897,15.4025,20.1106,-4.9996,19.1752,17.2908,11.0598,20.4213,7.4048,9.1582,15.2428,16.1809,11.789,7.5198,20.7028,7.4629,23.367,13.8588,9.6999,8.6365,2.4889,14.3172,17.8042,21.5644,12.5526,4.0169,2.8065,24.7148,10.8796,-16.7024,3.9699,22.9215,21.2753,13.207,41.3959,12.4372,11.1845,9.2898,3.96,10.6107,19.4297,-1.6858,-24.4158,14.005,23.0969,0.3023,9.2449,5.5491,4.6698,20.9926,3.7376,20.171,35.825,34.8397,10.0773,37.9221,37.9136,20.9477,24.9713,21.1688,21.1688,3.9699,22.9215,21.2753,13.207,41.3959,12.4372,11.1845,9.2898,3.96,10.6107,19.4297,-1.6858,-24.4158,14.005,23.0969,0.3023,9.2449,5.5491,4.6698,20.9926,3.7376,20.171,35.825,34.8397,10.0773,37.9221,37.9136,20.9477,24.9713,21.1688
9,22.7937,43.7237,23.9601,19.9386,20.5627,21.652,24.3196,9.0695,23.0756,36.428,27.7034,10.4617,17.4452,130.2932,150.5676,109.5408,16.2552,17.599,-46.4654,27.7452,-2.874,28.4464,34.1275,24.3175,24.6112,24.849,17.527,20.1329,22.3115,19.1032,16.9136,13.9046,13.0676,8.4319,18.1139,12.9271,18.3802,-12.1624,-17.1903,11.5403,13.08,13.5493,18.4753,13.562,11.221,-26.6526,10.017,12.983,32.1224,28.2642,17.5626,11.7522,13.1233,5.7506,24.2972,12.499,-11.5228,-2.3422,14.7579,17.9709,26.5862,-19.586,-2.5627,7.647,11.9621,13.7304,50.91,15.7,14.0996,-10.7154,-42.3446,15.4216,9.1693,-23.8942,21.2878,23.2998,15.4432,-7.8248,18.6324,13.1963,23.9861,15.1903,-11.086,1.0184,32.509,18.082,17.3754,-19.0489,7.247,12.7822,14.7244,9.5977,8.925,18.4651,19.0717,20.274,9.6314,15.4088,12.7122,15.8212,5.2469,16.729,-18.2451,2.4176,11.2159,10.554,14.4483,14.0733,16.6412,9.4609,18.1555,449.5705,8.7801,15.076,11.2556,-12.7037,-9.5853,11.5794,19.4782,-29.0002,11.7004,77.3418,11.6954,35.1183,13.1537,24.4378,9.7851,2.8276,12.2033,7.7355,18.5151,23.6572,25.5716,14.1223,13.4288,15.0381,15.6602,3.38,-12.9342,8.3004,-29.9207,-2.6383,5.4168,14.4899,-32.014,13.2722,15.5675,12.9576,16.5314,12.2928,15.9724,16.7773,6.2258,-21.2912,7.1463,16.5014,-27.738,11.3117,21.4627,17.9118,17.7613,22.1536,-0.5915,18.3856,4.2748,17.1837,5.4259,20.0258,17.3073,28.5573,17.6164,12.4865,12.2135,18.0217,37.9859,16.7605,23.6364,20.064,25.5537,27.6717,12.9014,13.2995,19.757,14.7168,24.4059,11.04,11.225,11.6609,12.6642,17.5428,13.1588,9.6107,15.4769,18.9206,1.1665,20.3968,21.9558,17.6597,17.9103,10.0096,12.9391,17.5411,21.8438,20.3897,15.861,16.0649,19.2499,26.2231,26.901,19.8915,18.3582,22.9601,14.6706,19.7688,17.3192,19.1964,3.4427,0.0118,13.0814,17.013,18.8092,17.5821,20.6677,20.8676,13.8371,14.7702,15.3623,17.5862,16.07,0.5283,14.5318,15.9731,13.8831,22.7004,15.1821,18.4222,11.4568,16.1483,17.8172,2.4475,11.9959,15.4542,17.2403,19.0513,10.6143,11.1745,14.3952,17.5859,15.0111,15.4631,8.2401,6.234,1.6635,-16.4361,16.2781,6.7973,7.334,13.2395,14.7446,17.4978,13.3114,31.1848,16.8659,43.6747,12.7113,23.6449,11.6552,19.3403,17.6007,20.6227,21.188,20.5756,15.1922,14.9344,-17.1073,13.4071,15.5326,-4.4265,8.6169,18.3369,15.9685,18.5941,12.9071,26.2695,14.9547,-10.4137,14.0941,0.7374,23.6291,11.5763,22.5712,18.4133,9.0097,9.8287,9.8573,16.2599,13.6749,20.8356,11.6063,9.4424,1.5995,30.139,11.8324,-17.9549,6.2715,20.1922,31.0358,16.7234,15.6607,12.7109,13.4425,9.1053,7.1512,11.9878,19.598,0.1732,-27.755,16.1871,27.006,-10.9103,11.7291,10.7599,-0.746,16.2955,5.4606,22.1826,32.752,30.5126,6.9752,23.9741,35.0686,20.7851,27.3346,23.4588,23.4588,6.2715,20.1922,31.0358,16.7234,15.6607,12.7109,13.4425,9.1053,7.1512,11.9878,19.598,0.1732,-27.755,16.1871,27.006,-10.9103,11.7291,10.7599,-0.746,16.2955,5.4606,22.1826,32.752,30.5126,6.9752,23.9741,35.0686,20.7851,27.3346,23.4588
10,21.5032,25.7469,24.8004,19.5986,20.5393,20.7176,27.6321,12.0975,32.9651,24.9808,31.6787,18.1066,3.2435,123.0241,189.0165,96.339,-8.4773,63.1126,-38.5859,23.5502,9.1334,61.6583,36.6284,27.2373,28.9364,28.1664,18.4173,18.5148,22.8765,19.8324,19.036,7.9114,12.9159,2.0714,20.4696,13.3666,22.1396,-5.0083,-3.7111,15.6016,11.2788,18.8056,18.5756,13.8145,11.4455,-17.0209,4.171,11.7738,27.8094,32.8073,19.6775,14.6397,4.6032,0.274,22.6504,14.0999,-2.2492,-5.0024,16.6426,16.8733,28.098,-19.4773,-28.0509,12.2538,17.2018,13.9011,58.513,11.4913,12.5387,0.3428,-29.2773,23.229,13.4934,-7.4863,21.1554,15.2541,17.2939,-6.6098,19.0466,16.4246,29.2847,14.8962,-0.408,43.5422,24.5786,23.7652,20.5323,-14.471,8.8971,5.7234,24.3197,8.6377,16.7277,22.3987,23.278,14.4611,10.8011,18.0075,29.4535,20.4079,7.2014,18.9881,-16.3743,-0.1795,19.1844,39.2918,19.5151,15.4534,278.6624,10.1372,20.9415,81.2529,15.4771,32.1189,14.8794,-15.4888,21.3322,9.1539,23.9892,-19.5815,21.3949,154.8465,19.7135,13.7201,13.563,29.1189,1.4729,10.7368,12.7074,14.7678,18.5875,18.1678,24.4202,14.7211,16.6278,20.8613,17.7962,-7.7318,-13.9102,12.6786,-23.1987,8.9963,15.2684,19.3082,-24.3009,15.8495,16.5564,14.124,22.5299,15.9921,23.9679,19.4506,-5.6364,2.5904,12.2029,15.4314,-7.5891,11.5847,36.3987,16.8772,23.8031,23.0459,-9.3252,20.2916,10.5331,18.6645,4.2729,26.6593,13.0504,28.7826,18.9932,13.5348,-1.3413,17.2725,21.1037,16.9862,66.9366,20.1761,31.6578,16.0229,10.1607,14.4112,23.9902,14.3408,18.8085,4.6569,6.5695,10.8246,10.7736,17.3168,13.387,11.4418,18.6078,22.7581,-4.178,25.9916,15.6136,17.2384,18.186,13.2505,14.3856,16.7055,22.0025,21.528,22.3376,18.5518,22.3718,22.6705,30.5978,23.994,24.1971,22.7671,16.5931,19.6219,18.3482,18.7894,6.6193,8.294,15.2204,21.3382,21.7706,19.4677,21.3982,22.1049,14.5688,26.8059,15.7431,18.0084,15.3233,0.6558,17.7621,17.368,18.1702,26.9108,16.6668,22.2699,4.7413,19.3149,19.3289,13.1081,13.7462,20.8576,17.6874,18.7976,10.5182,17.1058,18.372,22.8776,17.3205,15.1214,12.4512,21.1523,13.5711,5.9405,28.438,9.95,14.317,12.4971,22.987,21.2373,11.6192,40.8829,21.5166,33.5334,14.3546,26.8558,13.9841,20.1459,19.9959,20.9469,20.257,19.9457,16.7859,23.5933,10.6446,18.0393,20.7646,-4.3769,3.9102,19.0234,12.4391,26.8064,18.5102,36.1506,19.7978,-13.9612,18.4078,6.4507,29.2101,15.0662,36.4707,15.7424,13.5092,12.5732,16.6161,23.7843,13.9669,26.6063,11.5301,17.5159,11.0269,31.8307,19.2078,10.5745,2.6705,26.382,20.7321,39.21,16.2723,16.037,13.5102,7.7672,-0.3762,11.8079,23.19,1.0742,-11.7145,20.584,25.5011,-12.6284,16.0967,-0.3283,-6.3415,13.7943,7.6889,24.1685,30.2038,35.7714,11.0371,23.9048,30.7937,18.5274,28.4957,21.6066,21.6066,2.6705,26.382,20.7321,39.21,16.2723,16.037,13.5102,7.7672,-0.3762,11.8079,23.19,1.0742,-11.7145,20.584,25.5011,-12.6284,16.0967,-0.3283,-6.3415,13.7943,7.6889,24.1685,30.2038,35.7714,11.0371,23.9048,30.7937,18.5274,28.4957,21.6066
11,21.0663,19.6624,26.7017,94.9009,22.6695,22.5856,29.9628,23.4639,45.9753,28.3497,43.4364,26.341,0.8093,125.1054,190.9464,137.0306,22.7464,35.2297,-15.195,27.4451,26.6028,42.9709,50.6016,25.6217,47.2315,27.6545,19.6686,19.8606,26.1832,26.5543,23.1385,10.9573,12.7637,-2.5812,23.204,14.0273,29.6944,4.1673,7.1798,25.3289,11.7028,11.3245,16.1094,14.6014,14.1683,1.6515,12.5113,12.7533,31.7522,17.1634,22.476,14.8441,14.9852,10.9304,24.7302,16.2869,-4.3711,-3.2186,39.4772,20.2058,20.94,-25.7727,-19.7307,15.3863,27.7015,29.1476,87.5116,14.2998,20.0767,3.8678,1.7077,25.6308,23.1992,-20.6044,16.7233,17.3496,21.3242,11.5911,30.4779,17.0589,21.7023,33.4245,5.289,11.8785,21.5731,29.9797,15.8354,7.6872,7.9703,-5.76,40.2702,11.2475,27.5004,30.6817,31.1881,8.1982,22.633,15.5737,27.4109,33.9325,27.5248,19.6868,1.3262,3.1742,53.7165,22.4464,23.7916,14.4343,23.0024,13.781,24.495,9.0566,17.4769,60.099,16.1544,-1.2058,15.1322,3.2135,25.795,-29.7552,31.6171,77.1128,40.2585,-33.4205,14.7787,12.8555,-30.1757,24.579,13.1635,11.5341,18.0752,18.0042,27.1417,15.233,16.5551,19.8781,20.1756,-29.1442,-27.7012,4.6288,-7.3941,16.2914,26.8186,22.0669,-29.8714,10.9966,15.4121,17.5735,20.1032,16.7411,25.9386,15.925,-1.1054,5.1065,11.9605,15.5889,5.1361,11.6589,18.0762,22.7785,21.3736,22.1194,-11.3405,19.0161,12.4754,4.72,-27.6095,26.3444,11.6011,22.2791,20.4898,14.0136,-7.7831,16.6347,18.2977,16.2013,20.4751,21.6473,25.6566,9.9347,6.4138,18.975,24.5875,16.6987,14.7628,1.4542,3.9132,-16.0918,11.9464,17.1154,14.4789,11.9462,21.3601,18.2767,6.548,22.9168,19.0673,17.5469,17.8459,13.5976,15.9585,17.21,22.4029,22.0062,20.052,19.8481,22.5961,16.6549,27.6004,22.6181,27.4466,19.4003,13.0558,17.9939,16.5239,16.8288,12.7821,13.1311,14.8687,17.847,21.1125,19.3095,14.3117,20.8748,15.1673,28.141,13.9722,18.2506,6.0477,0.001,20.1091,18.1805,18.7033,28.6296,20.4521,20.0593,-1.2885,23.5683,20.5608,13.1436,13.99,20.7367,17.4855,17.9925,4.502,20.2712,20.3193,20.172,17.8344,15.2332,-17.867,10.5045,18.9701,14.9549,25.33,16.9287,14.1905,15.8736,22.2684,24.1554,18.0236,44.7257,21.1336,32.5651,14.4735,26.0306,16.1837,22.0454,22.2705,26.1431,18.6472,19.6911,21.6975,30.106,27.6291,23.0637,22.3086,18.0335,4.5128,18.2985,18.1642,25.0062,25.6173,31.8776,23.5936,-6.8224,22.4121,16.2241,40.267,41.0482,43.7046,25.9419,18.6138,38.6084,25.4832,39.0681,23.5312,23.2509,15.832,15.6841,21.6447,40.4845,24.048,17.5006,12.051,32.3465,17.4603,78.6559,20.5562,17.139,147.2428,12.7667,1.2671,11.1241,33.2106,7.2885,8.1694,23.8467,39.1008,-7.939,16.1096,7.3812,0.374,15.4506,17.061,26.5615,21.8289,28.8582,10.6376,21.6195,35.556,19.0076,36.508,26.9197,26.9197,12.051,32.3465,17.4603,78.6559,20.5562,17.139,147.2428,12.7667,1.2671,11.1241,33.2106,7.2885,8.1694,23.8467,39.1008,-7.939,16.1096,7.3812,0.374,15.4506,17.061,26.5615,21.8289,28.8582,10.6376,21.6195,35.556,19.0076,36.508,26.9197
12,22.6134,18.399,28.7585,36.6253,18.4592,26.984,32.2528,15.8666,58.6542,35.7113,47.3873,28.2607,-3.9171,141.5622,213.4313,238.4689,114.5947,40.3052,17.0886,18.9357,13.108,34.0597,42.6184,30.252,33.9385,30.4028,21.5065,20.9897,28.0547,22.7194,26.0117,12.8292,17.5287,-9.8769,19.0588,18.714,68.6458,10.1141,9.7681,23.5404,11.986,11.5868,17.1486,14.2314,15.9184,14.1593,5.8156,13.4027,19.774,20.8609,29.0644,21.5167,35.8732,15.3118,25.0195,17.1238,5.2918,5.3835,20.687,22.2892,17.8948,-19.2439,1.1436,9.219,24.0183,21.505,37.4273,14.6468,15.0293,16.2529,5.4724,13.4497,10.8717,7.5513,16.2414,22.4316,21.4086,4.3237,43.6283,18.2562,18.4787,26.9361,13.02,16.8388,19.404,34.973,15.8916,10.0753,6.1806,5.5559,25.058,11.8139,15.358,24.7576,19.4617,21.2519,20.0477,11.9196,16.7483,20.4052,22.9345,27.1497,2.4732,-6.5559,43.3591,35.5953,20.5912,11.8706,23.1334,19.362,21.0143,7.6947,6.3816,17.9734,15.4622,6.0681,16.5494,16.1841,21.5594,-15.3537,31.5754,31.5561,16.2408,11.8746,16.2425,21.7313,-13.3425,25.679,17.9335,14.4085,18.3204,17.0503,24.4877,17.1653,18.3368,18.5818,22.8638,-12.2581,1.0603,6.6105,3.186,18.0037,22.3792,24.4674,-22.7775,16.2706,17.6759,22.5615,22.8899,32.9459,43.0651,17.373,3.1697,10.865,11.3125,20.826,14.6202,22.2441,25.1772,27.1136,24.3307,23.1029,11.6042,14.4802,26.4833,11.0602,17.6456,26.9859,14.4247,24.039,22.99,19.7841,14.225,18.1342,27.5302,22.6657,22.4315,24.2512,38.8286,22.0156,15.8625,21.5999,25.9803,21.254,13.7917,8.5689,9.6381,0.7622,26.2845,19.4273,18.1838,16.8416,23.5559,19.7338,15.0347,19.8332,20.9958,15.4493,21.5212,16.9166,19.1847,18.1,29.8975,27.7507,19.5614,20.2568,24.1656,21.5986,31.4828,22.6531,25.7742,20.8133,12.6838,19.8394,18.7681,19.4968,14.4439,12.7787,16.805,17.3629,22.935,20.0598,15.0,21.2886,18.8035,27.9773,16.9114,20.2202,13.0544,6.9858,20.1349,19.8625,19.4901,15.6223,12.6172,17.8237,11.3478,20.6971,19.8272,14.0697,17.7165,21.3037,18.1847,17.4097,8.2713,25.4722,20.0017,19.5153,20.7432,18.7449,-0.4103,-3.8713,-1.8221,11.1258,22.0305,17.3139,14.226,16.45,22.3344,19.0499,18.6847,33.5536,17.7838,18.7997,15.6739,23.9561,16.7222,21.9128,20.72,22.3399,18.1824,19.1908,19.649,33.5652,22.4589,24.0706,22.9752,2.2802,14.2341,18.5817,17.3749,23.9987,22.7531,27.0544,37.247,-2.1281,23.9077,26.3685,27.992,124.9482,35.1917,31.7459,16.8328,33.2104,21.8124,98.1475,32.8978,28.3219,17.8414,19.3591,17.9156,38.222,20.2721,21.799,13.9354,25.6121,17.2648,20.6644,19.9554,26.6672,34.7687,17.6281,6.6268,9.9233,39.901,7.8044,16.458,28.2338,51.3379,-4.0197,18.4794,33.1323,8.8116,43.0396,45.5266,30.0019,26.2605,33.2769,18.612,25.5602,27.6184,20.3124,34.8724,26.4862,26.4862,13.9354,25.6121,17.2648,20.6644,19.9554,26.6672,34.7687,17.6281,6.6268,9.9233,39.901,7.8044,16.458,28.2338,51.3379,-4.0197,18.4794,33.1323,8.8116,43.0396,45.5266,30.0019,26.2605,33.2769,18.612,25.5602,27.6184,20.3124,34.8724,26.4862
13,28.6724,23.0558,31.1142,28.6849,26.4448,26.7279,26.7379,22.1223,62.2086,35.4751,26.7713,33.224,-6.2282,217.7269,252.4976,256.5163,161.2691,39.3678,34.1722,22.9281,13.932,46.5202,62.8975,27.9833,48.201,42.0557,21.5418,22.4828,23.9606,20.7795,23.0581,12.4899,21.058,5.9355,17.0832,26.3759,21.6819,9.0312,14.0076,19.4459,12.6351,11.6257,18.0659,14.6595,15.6023,14.4623,7.7975,24.3829,29.2479,12.3109,17.0566,18.5748,22.25,12.6152,25.5379,14.8455,7.6577,5.8726,14.0413,19.5912,14.0948,-20.0621,7.707,10.9747,19.1368,21.5278,40.6605,20.6836,15.1959,25.1865,15.0227,13.1314,10.7864,15.6141,14.3893,19.8138,92.1447,-5.6705,19.649,16.636,16.9786,23.6008,19.3951,15.9693,6.2678,31.7591,12.9361,13.351,18.8464,15.2742,52.5291,12.9252,14.3694,24.4123,11.0082,18.4447,19.6857,16.5023,20.8976,24.2535,18.9207,28.1936,3.8474,7.3479,14.9135,77.7014,20.754,10.1286,22.3414,19.3361,33.029,13.2168,8.1951,20.6486,28.5377,11.4419,13.3734,9.4248,25.4929,1.9473,29.3729,32.9269,21.9814,44.784,24.6425,33.9929,9.9734,24.6621,35.9343,71.4932,22.6021,21.3554,42.1295,27.3425,13.3046,26.8636,34.8371,14.5433,7.2685,8.4782,0.2132,18.9797,34.0557,29.0913,1.4886,20.4142,22.8656,19.9371,27.605,68.0805,37.4492,24.4446,13.8183,11.5335,12.2876,24.5226,16.4301,26.2225,30.8279,18.9348,26.0922,32.0478,21.7897,12.2714,33.7738,27.6783,23.09,22.0848,15.3907,19.0965,28.6141,23.1701,16.323,24.9939,55.9548,26.8609,19.93,19.7492,25.321,20.3359,17.9356,21.8814,26.9359,29.8695,29.9168,12.6734,17.8791,10.3017,32.0121,23.6498,27.8731,43.048,23.8455,29.7284,16.1697,26.6375,20.3507,18.8458,33.0426,20.1542,19.3409,22.6592,27.5012,24.6429,24.1976,23.0929,32.556,243.4217,31.5922,21.3175,24.8136,21.0747,22.9183,24.488,22.0214,23.9186,25.5992,19.2976,19.9416,17.1401,20.8279,21.1081,21.4596,21.0553,20.9402,20.4069,25.0761,33.322,20.2947,18.7104,20.9806,20.1177,17.6838,17.567,13.3048,18.905,15.0911,29.7174,26.0651,20.6796,29.0139,21.3378,21.8174,25.9191,19.2884,24.7848,25.4707,24.9812,25.2726,69.1157,5.9997,3.555,-11.6545,5.0635,23.5742,17.3093,14.0662,28.4207,40.3586,33.3425,23.3836,32.2342,18.7202,31.2032,19.0974,25.7731,18.7778,21.8711,21.6859,22.5804,13.186,19.0755,14.9086,31.1407,12.4351,22.0335,22.4026,21.5544,16.8074,17.1727,17.0034,14.2849,20.267,17.6037,21.5657,-10.22,24.4674,27.6965,24.815,31.6903,40.2621,25.6215,11.2231,30.4519,16.5635,19.3426,24.4097,24.8688,16.324,12.9872,17.2465,19.123,18.024,18.6818,10.7925,20.6816,20.1431,85.5467,18.5309,16.7833,22.5708,16.5519,10.8872,11.7164,34.8878,12.5827,17.9938,21.9901,20.5855,0.4372,14.1257,16.8899,12.0629,36.0299,20.4271,35.6185,20.9192,22.6386,15.3193,20.6023,24.2457,22.9005,36.2504,23.1381,23.1381,10.7925,20.6816,20.1431,85.5467,18.5309,16.7833,22.5708,16.5519,10.8872,11.7164,34.8878,12.5827,17.9938,21.9901,20.5855,0.4372,14.1257,16.8899,12.0629,36.0299,20.4271,35.6185,20.9192,22.6386,15.3193,20.6023,24.2457,22.9005,36.2504,23.1381
14,26.6938,19.2135,31.7058,21.2886,24.2306,21.8376,24.8129,23.8811,55.7687,26.6235,25.6922,31.6097,0.5282,352.2351,224.4167,255.6478,8.3668,35.228,23.4873,35.7923,14.6487,110.1075,38.2772,31.2377,32.1631,29.0513,21.7436,22.2269,22.935,24.5827,21.7725,10.3348,16.5896,2.8709,18.2664,18.7741,19.2895,11.808,7.3632,25.7277,16.0052,15.0376,27.5114,16.068,12.8346,12.9047,9.1,25.294,36.8179,12.3017,15.1556,13.8249,19.849,143.0057,16.8235,19.9287,8.7425,-0.4683,20.9916,20.9156,11.0749,-14.5432,11.4064,12.2824,23.9509,15.5106,27.7018,99.0403,86.3826,23.655,16.267,120.2466,40.4056,17.9043,21.9786,29.3544,24.1676,4.7729,23.6091,17.2401,24.6637,24.4985,21.3669,12.7549,21.3105,27.6546,24.3609,14.5243,18.028,17.7002,31.0824,12.8659,13.052,33.7269,17.3994,23.7575,22.9726,19.0106,18.2221,21.9593,10.7953,32.371,3.9038,12.4216,18.6302,21.1572,18.047,11.0139,14.171,10.5266,20.8521,24.5746,13.1776,24.0871,37.3147,10.7963,18.6803,18.1949,27.296,-0.9701,35.1846,38.8284,23.4243,23.7612,18.1252,21.6651,18.6176,28.8281,17.9377,25.346,23.1975,19.6332,24.2578,19.043,13.3199,21.5583,29.9581,17.2962,11.2849,28.8938,18.909,19.0756,25.7081,21.5404,11.713,27.4509,18.733,16.6093,24.6716,37.1199,22.6035,20.6399,12.2274,34.1751,16.5468,30.2969,17.2979,93.2884,21.5071,31.9999,25.1479,25.6419,17.7414,18.6301,27.5703,22.5679,30.4467,27.7161,18.6559,19.635,24.5224,18.1094,24.4987,24.0718,28.6375,61.4135,23.0208,19.2381,22.2441,21.6275,18.6266,30.5642,24.8685,21.6651,21.1185,19.0221,21.5994,17.4354,48.6373,23.8246,24.378,26.1348,22.1878,24.9126,27.0248,26.9157,23.4627,18.2716,26.6305,20.0083,18.3602,21.2035,25.9361,31.2343,25.386,32.2468,33.3806,25.2677,34.7386,31.9476,26.9717,29.7182,23.4944,23.2585,21.4136,26.1571,26.3524,21.2745,35.7642,14.4654,19.1579,26.4359,20.701,22.8874,24.0165,21.9173,23.5685,36.9321,22.1341,23.1719,25.8777,20.9009,16.5838,19.7318,21.1131,20.0779,20.0642,41.4858,25.3321,22.8356,23.3271,23.5058,21.8118,33.6596,21.4094,42.9731,32.9275,29.5924,21.5964,26.8654,17.0846,24.2104,19.6939,28.894,25.5355,19.2219,16.7018,22.0245,36.5353,23.356,20.701,21.8219,36.5615,23.6303,21.875,28.8771,28.1324,36.3342,32.8019,31.4843,36.0603,33.858,53.1752,21.677,15.8504,17.6263,26.8876,32.2688,28.0864,24.002,26.9763,18.4226,25.0718,21.0485,28.6389,7.0859,157.1208,26.5563,27.2592,30.567,26.9013,28.2794,15.9728,59.8478,29.5124,19.9753,25.693,19.8532,180.3695,212.4223,20.0667,192.1867,24.6764,21.7871,25.7557,20.8079,32.4259,51.112,17.9274,16.7844,25.0814,11.554,9.4266,19.9466,25.6925,12.2238,26.1221,20.5886,16.7341,-0.2972,18.5312,25.4661,20.3453,18.3428,17.6658,26.1381,20.2077,17.9061,23.8739,19.6996,28.9337,35.8938,33.2448,21.593,21.593,25.7557,20.8079,32.4259,51.112,17.9274,16.7844,25.0814,11.554,9.4266,19.9466,25.6925,12.2238,26.1221,20.5886,16.7341,-0.2972,18.5312,25.4661,20.3453,18.3428,17.6658,26.1381,20.2077,17.9061,23.8739,19.6996,28.9337,35.8938,33.2448,21.593
15,24.239,25.7475,33.5677,23.9451,33.0311,24.5073,18.6363,17.2259,48.6368,25.2655,31.7867,24.0951,24.8829,807.6924,122.9593,308.1626,16.3295,34.7543,-4.3456,37.4398,22.5041,29.9004,33.9702,31.2349,33.741,29.8674,23.5587,22.5999,21.9188,23.6121,19.1974,13.4282,33.7343,5.0972,13.6439,17.6569,16.885,7.6875,6.503,82.8231,16.2526,15.1613,43.2446,16.2115,18.809,13.3144,10.1301,27.4668,34.4517,11.9876,20.2351,91.306,51.4693,73.9213,18.4428,41.7906,30.5444,9.3054,171.6892,20.989,23.5478,4.2423,11.2875,13.4878,17.7302,27.3068,46.548,21.3694,29.1007,19.5073,16.9226,19.397,21.3906,9.1179,24.1388,9.6471,19.9679,17.9906,22.222,24.8897,24.4713,26.3601,17.9807,17.8618,10.1665,22.6663,15.2393,14.4691,26.2044,19.508,51.7604,13.4597,17.6748,21.0193,11.0069,11.6518,19.8093,21.2478,21.3224,17.5626,9.1897,18.3135,10.1983,14.5945,31.81,43.1442,15.1716,25.4571,16.4416,9.8273,21.1302,15.6956,15.3612,23.6001,30.0563,17.1646,21.3403,21.0163,26.462,9.9472,22.691,60.2763,24.2628,27.7121,15.491,26.8304,19.5419,22.8489,16.698,19.0911,21.4706,18.1172,22.3528,19.7868,14.0609,30.6676,25.2891,23.6714,20.1755,15.9148,26.029,21.4537,32.0733,16.8825,22.8424,13.9434,19.3369,15.0768,27.4707,27.2627,35.4208,25.4995,11.2942,16.8748,16.9496,22.3165,21.5128,59.4461,22.6188,28.9133,26.2306,26.7052,27.7888,21.8861,30.1728,34.4068,36.6673,29.7807,23.3128,20.4737,33.1908,28.2029,44.4289,24.273,77.5015,29.9691,28.8984,23.6221,21.844,34.3345,23.5711,30.3167,24.3872,35.5186,23.1145,21.3685,21.6532,18.89,43.8368,29.6357,25.0022,25.4628,23.1509,23.2491,27.349,29.0778,24.5927,21.5144,30.3853,19.9319,21.2686,22.6383,26.9815,38.3957,31.9487,29.5547,46.194,23.9634,34.3016,34.4514,27.4532,25.4868,30.8937,28.0016,24.1918,26.6068,18.8876,21.9934,23.0934,18.8478,19.8223,22.035,14.7871,18.8935,25.7169,31.636,27.2646,59.4377,21.4877,21.8821,24.6253,22.4785,20.6815,24.014,30.4115,20.4743,21.8184,36.87,25.7089,23.0885,38.4147,26.3239,24.8331,20.1163,19.6872,22.664,20.8631,27.0848,24.2264,18.2656,13.2674,15.5583,17.0788,22.6682,28.489,16.6141,18.6341,86.9313,25.6862,19.5479,15.5882,24.4259,25.1601,29.2372,51.8346,24.8018,23.8272,28.8774,33.1097,27.4572,25.2279,28.5075,41.8726,21.1979,17.3526,24.8105,32.6723,28.0616,24.5769,21.6553,23.0246,28.3708,28.8018,23.8014,29.5593,12.3022,25.8793,19.8625,19.8652,27.6241,41.3861,17.6368,16.8997,26.7998,40.1841,26.1396,66.5657,19.6369,27.4189,53.094,21.7069,106.2964,23.0611,20.8024,19.3047,38.5982,18.3141,636.4863,31.9495,22.4401,20.6747,10.507,12.4429,21.7725,40.4667,17.7212,28.1296,23.5814,19.66,8.2557,18.2394,14.3575,6.6951,18.8641,20.3162,30.2271,41.1464,11.526,23.1429,21.4096,30.4518,48.6731,35.1656,19.9494,19.9494,19.3047,38.5982,18.3141,636.4863,31.9495,22.4401,20.6747,10.507,12.4429,21.7725,40.4667,17.7212,28.1296,23.5814,19.66,8.2557,18.2394,14.3575,6.6951,18.8641,20.3162,30.2271,41.1464,11.526,23.1429,21.4096,30.4518,48.6731,35.1656,19.9494
16,33.0372,31.4123,31.6966,25.8981,34.8009,27.8544,19.0326,20.5944,32.4937,27.9762,17.9159,12.4848,29.1557,419.8669,150.2939,269.54,30.9933,41.7052,12.4677,30.5395,28.5766,34.7691,28.2969,27.4951,33.9565,35.3315,26.2293,23.3174,24.2708,29.6763,30.7553,15.2955,30.3275,10.7612,13.242,17.9929,16.1259,13.2388,6.5693,31.0142,15.5614,21.718,29.1103,15.8847,13.7477,23.0203,9.9057,17.988,17.4102,13.092,13.0409,39.0594,23.2277,23.9794,15.8764,27.228,36.9003,13.4298,28.4072,33.9215,18.2874,12.9608,10.923,14.3677,20.7557,17.2443,56.8949,15.1068,13.3912,17.7014,16.7809,17.7587,30.5167,10.5451,25.8114,6.9899,19.621,8.6813,25.926,23.8829,25.7003,19.0102,27.3749,21.5397,13.0356,41.8993,16.3888,14.1419,25.4846,15.5141,34.6023,14.7411,16.6589,21.3759,9.4823,13.4916,49.7646,21.0439,281.877,16.8727,8.6257,17.6883,13.6731,15.0947,40.3924,42.7291,17.5437,15.4909,19.5469,14.2094,19.8188,10.8748,40.8182,25.6915,39.9534,12.6802,20.5021,21.1122,23.4939,25.077,32.6025,42.4921,21.7299,19.0244,19.5391,22.8322,32.4221,18.1493,18.6812,18.8567,21.0072,16.8249,21.89,18.6993,14.4686,23.5318,30.1464,43.8314,21.8756,18.2914,27.1707,22.947,34.8834,20.2382,30.5724,13.9651,31.511,14.9782,39.4652,23.317,24.0957,29.9514,14.2835,17.3749,18.1042,21.9407,24.701,48.7452,26.0689,21.7537,25.2928,42.5156,28.1304,25.554,28.4754,31.1435,41.8559,34.05,27.7233,22.8303,35.6497,33.2773,41.6164,24.5285,68.1899,37.1617,30.121,25.2193,23.6324,30.3706,70.7706,25.8809,25.9382,30.0427,29.7065,23.7763,25.3497,27.2143,40.8225,32.1094,42.6969,28.4346,29.7505,49.2216,26.432,30.8008,27.1375,21.8813,26.3719,27.8436,23.1921,22.0137,27.7602,43.0697,118.3579,33.4057,32.3479,26.8084,52.1389,26.0621,43.7005,28.6735,50.4174,26.8835,28.2143,27.5968,35.4481,23.9476,34.8036,24.4334,20.8987,22.4819,14.7026,25.441,50.9202,28.8237,33.0095,28.4653,21.9311,22.7349,27.608,22.1539,36.4166,28.4792,26.1235,23.1706,22.8965,58.193,58.3729,28.9162,119.6474,25.829,27.8137,20.8919,36.3664,37.004,29.4272,24.7719,29.4527,28.3097,18.5386,18.2876,20.5159,29.6936,23.4168,16.7085,29.9829,54.6744,28.289,22.8098,26.7178,31.6135,24.5038,31.9402,42.5181,25.065,23.6393,25.3205,27.9145,23.1919,18.5985,24.1074,36.6779,19.0649,25.122,24.8711,30.7906,32.1534,35.897,23.8544,23.2749,25.4265,22.8779,21.5467,25.6775,22.5352,56.4616,14.6881,29.5552,25.2045,25.5391,17.2955,17.8144,22.6153,21.9481,37.2581,51.1555,24.676,24.2328,23.9797,31.1911,39.1761,20.6712,24.5651,16.8485,44.3302,18.1579,105.782,19.1772,17.0005,18.0891,13.0877,8.4841,19.5958,33.3867,23.9712,22.4468,20.8811,16.9918,-2.8849,18.8709,10.5037,13.2124,17.9132,353.6347,28.7905,33.2588,15.0392,26.948,21.279,23.1363,32.4664,30.5609,20.1176,20.1176,16.8485,44.3302,18.1579,105.782,19.1772,17.0005,18.0891,13.0877,8.4841,19.5958,33.3867,23.9712,22.4468,20.8811,16.9918,-2.8849,18.8709,10.5037,13.2124,17.9132,353.6347,28.7905,33.2588,15.0392,26.948,21.279,23.1363,32.4664,30.5609,20.1176
17,38.6367,24.3076,29.4116,23.8612,35.0929,28.2659,17.151,16.0752,53.0267,25.5415,8.6731,22.6873,27.4489,1061.9396,72.2129,230.5516,14.7827,29.6701,11.8082,27.186,15.9747,31.335,29.7371,26.7433,27.2223,28.8484,22.6711,21.4305,22.8452,25.2646,18.3531,15.3546,17.207,11.1514,13.7773,19.627,15.0236,5.9699,5.8361,27.1695,73.3815,21.387,20.7951,9.1744,10.1813,31.4396,16.2394,33.3864,16.6482,13.797,9.7482,35.0744,12.2632,19.0037,6.156,27.6227,20.6452,7.0831,24.333,27.9494,18.7647,17.8488,12.5951,16.5407,22.2905,20.6723,61.6642,16.6598,9.8083,9.2473,14.5128,14.9975,14.0127,11.3484,25.1036,4.9658,20.6953,13.3765,24.9782,19.9119,43.3493,18.5772,15.9545,17.1649,17.9006,23.2701,11.0556,16.1027,25.6133,14.1067,35.245,15.626,13.9005,21.7078,3.6369,7.1374,134.1557,21.0629,26.585,20.1628,17.3825,17.8151,12.3198,17.6774,38.4976,60.2204,23.6408,32.4025,24.2986,16.1108,19.4184,17.1532,34.6656,27.1246,51.5509,12.7053,21.7143,27.2103,63.1298,40.4107,33.1538,36.3707,19.5786,19.8218,18.9622,21.3546,90.7236,21.6522,27.4448,19.9291,21.6916,16.7348,48.4868,20.393,15.4471,21.4777,32.6967,76.0613,27.2991,22.1223,26.3209,29.0341,20.2132,23.0127,28.4119,21.5656,28.5806,11.5963,76.7909,183.8647,27.5471,28.7085,14.4587,18.2511,18.7198,18.9894,23.462,168.6247,29.839,26.6162,30.2783,32.3434,28.2659,26.4065,49.4629,41.1315,32.7629,45.9924,29.5365,33.7178,28.6038,28.1853,33.5705,25.328,30.564,32.1768,60.571,26.2469,27.2405,66.7494,22.9838,37.2221,39.0765,28.0413,58.6091,18.8487,26.3609,25.3809,52.5192,82.2452,46.8703,27.1559,25.5712,38.2258,27.2916,32.2914,26.8571,22.2788,26.5843,26.0479,24.4437,26.1691,32.9066,35.8522,40.7136,33.0559,27.7485,28.546,54.8632,41.2094,49.2155,47.0566,37.9848,29.8008,30.858,29.0964,27.6824,27.2762,33.3891,24.2007,34.6493,46.9537,37.8507,29.5961,46.9918,33.0066,55.8907,32.0216,24.8298,29.1783,27.8424,22.8945,28.9121,18.2226,34.3756,24.6756,23.6738,215.8691,43.6987,28.2161,45.6369,25.0066,35.6333,24.0667,38.2581,40.1289,32.1068,32.8043,33.1859,21.7428,26.2427,21.9953,20.6594,54.053,31.7765,18.6744,36.66,33.8009,29.4016,42.403,28.9199,36.6145,26.6815,69.4731,125.6438,30.663,22.3335,26.2401,37.3463,24.6895,22.5647,27.044,56.9306,38.0782,28.8546,48.0231,34.6294,31.0692,41.5755,24.5335,24.6039,100.7157,25.0197,44.6294,30.9107,18.9818,28.1893,22.3435,26.5676,25.746,30.2701,18.5909,18.2353,41.8613,28.19,46.2886,57.1675,26.5483,25.923,27.3243,56.2005,32.0162,30.3541,22.7958,23.8447,32.2818,18.9681,21.5448,21.177,16.9216,29.798,11.5246,11.2236,20.2467,39.8226,13.0384,15.4025,17.1135,16.052,-4.5773,26.4164,13.0813,29.1425,11.4976,25.8294,28.838,33.1981,12.5693,29.6947,28.1268,25.242,35.0293,25.248,24.6152,24.6152,23.8447,32.2818,18.9681,21.5448,21.177,16.9216,29.798,11.5246,11.2236,20.2467,39.8226,13.0384,15.4025,17.1135,16.052,-4.5773,26.4164,13.0813,29.1425,11.4976,25.8294,28.838,33.1981,12.5693,29.6947,28.1268,25.242,35.0293,25.248,24.6152
18,25.224,31.2022,26.0586,23.9093,36.2967,22.5359,14.8661,16.2561,39.95,23.143,6.293,22.4415,20.8347,368.023,41.2813,181.1178,24.215,32.3797,10.9596,27.1113,24.9107,33.3272,27.6449,26.8482,28.0114,30.5406,22.1001,20.5285,19.7061,23.984,16.0276,15.1917,19.3338,10.4039,12.2117,22.4467,15.4789,2.0452,7.796,28.5836,24.0783,15.4307,19.2641,12.5332,10.3533,28.4274,16.3004,19.3984,16.1719,13.8493,8.8296,19.6378,14.1118,12.8725,-16.5478,22.5432,17.263,7.0385,22.5874,21.2024,10.8486,39.7862,18.9336,13.0665,21.0413,22.8159,38.4826,17.8274,1.4535,6.3361,10.8479,13.2693,15.7218,473.4735,28.3526,1.665,24.8022,13.9882,20.149,21.2649,13.7686,18.1634,24.013,17.8466,17.9925,26.7396,4.9379,10.8838,24.4622,14.49,16.3988,21.077,14.3677,22.7291,27.6553,15.6359,19.808,27.1396,25.997,16.686,14.944,18.5638,13.4803,18.7838,40.9581,60.4083,30.0128,33.617,25.9919,52.5548,18.6948,9.7506,25.9789,24.9334,57.9679,11.1023,27.7848,24.6038,60.9373,57.494,33.0762,33.9674,27.7794,14.9059,18.5707,26.7453,123.1755,32.7344,17.3757,25.446,21.6728,13.6304,22.6317,21.44,17.6877,23.8569,27.658,35.6541,19.339,22.5424,24.6075,25.2515,27.7887,21.5835,26.5933,35.1334,29.6945,13.3914,71.3575,46.0144,25.0984,28.3049,17.1189,32.4871,22.5066,20.4402,25.2501,30.009,20.8693,11.742,31.9751,147.287,28.5625,26.9472,308.563,47.2143,43.9824,42.681,30.3438,37.0271,26.0091,30.6143,33.027,28.8906,37.6932,31.971,34.032,28.0893,31.112,108.3778,31.5334,41.9079,29.1212,29.5071,54.9212,20.6837,24.7447,24.8993,27.6677,49.7784,96.8971,26.939,24.4638,57.5884,27.7104,30.274,28.0123,23.1865,27.8205,34.7185,26.1487,30.9767,32.2053,28.0108,66.7651,29.1212,29.055,25.5454,65.1816,60.4213,28.2082,32.0404,33.854,27.8948,28.3068,28.0841,29.3698,26.5535,42.3773,28.3862,27.1694,24.2355,20.3732,30.0001,25.6494,26.966,48.9541,32.8207,25.4059,27.2722,24.7074,21.7232,26.3603,23.026,34.9497,24.9689,23.838,72.9015,41.1937,68.1076,85.3976,29.1058,31.3994,32.2093,25.4531,51.9853,24.2821,39.0109,44.3932,28.1385,30.575,27.3235,21.484,24.0778,25.6737,21.4506,32.3692,30.8976,34.5399,41.6583,37.682,42.9378,39.1608,96.4069,146.6164,26.1175,20.6964,25.3022,30.0538,24.7589,27.3411,30.3639,73.3415,35.117,41.6831,45.8603,39.7065,34.9475,39.7511,34.2325,30.3591,26.4628,25.1387,25.6808,27.3427,19.2676,33.4401,19.3104,31.5207,42.5382,41.7281,21.3037,20.8687,28.0972,33.0375,53.2852,58.4707,27.3029,32.2436,42.1073,52.4221,39.2781,33.6874,23.9023,21.6776,18.8727,13.2203,54.4173,19.0976,17.2097,16.8943,11.5552,11.8094,36.0004,25.0993,20.9398,14.4656,17.4031,15.9069,10.0284,29.0583,16.2912,22.0353,11.0885,24.3685,27.462,17.7807,14.347,29.1795,23.781,29.2671,33.3481,22.7883,35.8256,35.8256,21.6776,18.8727,13.2203,54.4173,19.0976,17.2097,16.8943,11.5552,11.8094,36.0004,25.0993,20.9398,14.4656,17.4031,15.9069,10.0284,29.0583,16.2912,22.0353,11.0885,24.3685,27.462,17.7807,14.347,29.1795,23.781,29.2671,33.3481,22.7883,35.8256
19,21.4455,34.6094,26.1303,32.1437,37.8546,21.2849,11.4423,13.9059,35.3936,9.7577,8.9652,20.1458,-0.0755,235.805,48.3857,156.5458,15.9278,26.8884,18.7607,25.1456,22.7321,35.3213,27.7486,26.5631,29.5432,27.7471,19.9269,19.9407,18.0071,26.5267,14.6318,12.4389,14.5021,11.3941,12.9666,19.1804,14.2308,6.9428,9.9658,22.1512,17.6818,13.713,17.389,12.3776,6.4024,23.6376,19.2666,13.5792,14.9169,12.8185,3.2435,19.1478,15.8122,1.8373,-27.2493,21.0182,16.1402,13.278,22.0731,17.4453,-8.9651,20.256,16.9717,12.7592,27.6374,17.7172,43.0601,18.0524,4.4018,9.9985,12.9841,13.0297,19.4765,23.4863,16.6214,-0.9401,22.1211,10.8075,19.9875,23.1738,13.2166,19.4698,23.8783,14.551,18.2397,19.6017,-3.5598,12.6583,25.291,18.3419,32.6097,17.2235,13.7433,22.7953,25.3057,17.397,22.2851,23.9835,18.6314,14.5533,13.7842,19.5282,16.6065,20.0669,33.1961,45.8885,39.4854,19.9009,33.5273,22.6041,19.4975,4.3867,12.9902,31.7994,47.1442,16.8819,25.4975,100.5581,74.0032,31.4548,45.2474,38.6619,36.3813,19.7136,19.1621,17.0163,77.5906,394.6469,18.8651,38.8332,22.1372,-2.5356,20.4245,23.874,20.319,25.6852,29.4704,36.4963,26.8781,26.0961,24.504,26.4664,24.603,41.4656,23.1583,51.319,34.5958,12.4944,63.9872,36.5231,21.5257,27.2758,12.0492,19.8936,22.8833,21.3493,25.3127,19.2598,30.0621,3.1011,24.3683,35.3101,25.8113,26.6968,36.5782,51.3489,46.8283,34.2875,28.1347,34.6337,27.3181,25.4548,28.7868,29.4836,39.7507,35.6706,31.582,24.3222,28.9163,136.8097,23.0734,28.6887,33.3032,29.4446,62.377,21.3017,24.0566,22.3892,31.8126,90.8799,139.6416,27.6686,24.8506,37.1342,25.9679,76.0584,26.0476,26.3412,27.1933,27.6994,26.0723,25.7856,42.6622,29.6859,164.7821,179.5077,30.7602,28.742,76.9406,54.8422,35.5696,31.1936,57.3817,40.0231,27.5313,28.2843,30.1123,30.3725,35.7997,27.23,28.4284,22.2007,37.3578,26.6149,25.0394,42.1155,53.3083,43.5634,26.7048,31.3126,24.7646,21.4184,27.5352,27.7052,124.3082,25.2386,24.7887,35.8802,44.2223,23.9848,36.0641,32.9604,25.8892,23.2627,27.9116,42.2042,24.3141,33.7177,27.205,26.0323,57.1306,49.8998,22.1022,27.5299,27.6673,21.2163,29.3817,31.1828,40.3237,42.6716,44.9624,61.4665,49.7312,71.228,85.6166,25.914,20.107,28.0988,32.2852,25.6924,31.91,34.6242,58.963,32.7595,58.5991,45.4338,60.0548,36.8497,41.2449,31.204,26.8427,31.7789,27.0586,37.1476,29.3455,23.736,28.9035,25.0481,26.0688,23.6113,47.4477,21.5682,29.4678,76.5353,39.2591,56.459,80.7558,32.3376,46.0515,30.8969,68.6772,35.005,33.7706,25.4696,20.583,22.3899,18.4316,86.8371,22.1553,19.522,20.5319,10.3041,8.6012,22.3819,40.2862,17.2807,13.3529,16.9149,15.2762,3.0659,24.3072,10.299,26.6671,19.4154,25.3478,28.0017,7.577,15.6153,27.9553,22.6879,20.0931,25.6337,20.7038,26.0645,26.0645,20.583,22.3899,18.4316,86.8371,22.1553,19.522,20.5319,10.3041,8.6012,22.3819,40.2862,17.2807,13.3529,16.9149,15.2762,3.0659,24.3072,10.299,26.6671,19.4154,25.3478,28.0017,7.577,15.6153,27.9553,22.6879,20.0931,25.6337,20.7038,26.0645
20,18.9115,26.7961,28.2617,27.6144,32.6622,20.2172,10.663,14.2032,24.2698,2.9085,6.2738,20.0026,3.1824,216.804,27.7857,139.5667,16.6931,20.8572,17.8759,21.9619,22.147,35.8455,26.8388,25.1066,27.1571,43.2961,17.7417,18.8311,17.7114,21.2196,13.479,13.3088,10.8455,12.5665,17.2953,17.7515,11.6662,3.0084,11.6995,18.5074,17.7618,12.7671,17.5254,12.7658,5.9884,20.2567,21.3053,14.8226,12.7323,12.6371,2.6968,21.506,19.3707,-14.8365,-25.141,17.855,14.4507,18.1447,21.4705,14.7217,-13.2714,20.9133,36.8485,12.8556,22.3108,18.538,41.635,17.4759,7.4511,3.5908,16.3858,12.9892,16.5172,75.4541,21.6315,-8.8551,19.6679,13.7817,18.0898,22.439,15.8636,24.802,33.868,18.2422,16.9513,18.9253,-4.952,10.9326,39.5494,19.6818,32.0086,9.6412,8.8135,23.5523,23.05,22.8807,20.88,18.4904,16.3348,14.6648,12.4625,18.3035,19.2697,20.9501,52.5893,200.1004,38.9444,17.6027,27.8998,19.9233,19.0812,13.7255,28.8397,31.3608,30.7985,17.5672,28.9748,24.0853,82.1621,43.8708,212.1084,42.5759,42.5489,24.1799,17.6829,29.0845,0.6493,67.8516,30.8695,52.8812,27.3544,3.1609,22.7494,25.4696,17.8757,26.4841,31.8567,44.3344,29.1681,25.7372,23.773,34.3035,31.3705,47.7763,56.951,37.6444,34.3272,17.8647,48.2194,101.5558,19.925,29.8924,7.6553,31.216,23.0471,25.4145,25.5444,25.0314,29.691,12.0652,25.9362,55.8878,23.7833,26.6743,41.4554,52.2287,54.1677,32.3462,27.0887,28.8571,28.1743,28.2888,26.1,26.2454,49.601,34.4622,39.7872,36.3609,26.9395,111.7737,25.57,42.6691,31.6605,26.337,30.0172,22.0253,22.4337,23.1815,28.8911,140.0097,160.434,28.6794,23.3398,28.9969,29.1577,122.7007,25.5485,27.0379,27.0832,25.2454,29.1197,25.9621,36.8948,33.5114,56.7706,112.2887,33.4312,53.7982,114.7321,100.3403,27.9829,27.1114,57.9254,30.1362,26.6339,28.462,34.2097,29.7039,48.1633,21.2758,27.486,22.6953,24.4877,26.2133,29.8676,54.3313,56.98,32.4907,30.5503,32.2505,29.8,21.8583,26.0226,25.613,37.7074,25.6639,25.131,33.3687,117.6664,23.9385,54.4849,38.4644,25.5328,25.5161,27.6122,39.1936,24.1307,28.5999,27.8852,35.4389,38.8582,81.9604,30.9732,35.0822,30.3223,22.7297,22.7434,37.7758,45.0834,42.4418,50.8456,84.9755,72.4702,130.4147,206.7188,26.3209,21.7002,43.0683,32.3518,26.1875,35.977,35.9992,109.1867,37.2384,65.2798,59.2646,70.4331,58.8139,54.75,30.7014,31.189,37.969,36.0628,28.767,29.8463,25.0978,29.5746,25.4281,37.7182,37.3223,36.1857,22.0724,55.5284,39.6313,55.2304,50.0373,120.4888,35.3332,150.0864,63.8193,104.6727,69.4454,30.7801,22.7242,22.5934,82.537,16.9611,69.6944,23.2367,20.162,21.2054,8.3356,11.6211,23.7925,38.4411,10.4368,10.978,19.7165,13.1401,9.6707,22.1252,6.4289,20.2753,24.5694,23.1447,27.2431,15.0927,15.841,23.1377,17.5263,17.9775,27.465,18.6312,25.2101,25.2101,22.5934,82.537,16.9611,69.6944,23.2367,20.162,21.2054,8.3356,11.6211,23.7925,38.4411,10.4368,10.978,19.7165,13.1401,9.6707,22.1252,6.4289,20.2753,24.5694,23.1447,27.2431,15.0927,15.841,23.1377,17.5263,17.9775,27.465,18.6312,25.2101
21,19.7304,26.9431,27.4802,25.0753,35.5765,19.2262,7.1338,25.4159,24.1799,1.8657,13.5541,17.5255,19.1876,181.5952,27.3757,119.1224,21.811,20.8481,20.5227,21.1977,28.0608,38.8129,25.5048,26.2999,26.9568,27.1121,17.6154,18.9242,18.0556,21.1453,12.2769,14.1747,6.6018,13.5189,20.2971,17.5145,12.1923,8.5904,12.6119,20.4755,14.952,14.2667,17.0862,12.6687,14.4601,21.1471,20.6307,15.6664,12.404,12.6918,7.7721,19.8957,14.6142,-21.2665,-13.0268,22.8799,14.8204,10.6668,20.6496,14.6552,-16.0034,31.7304,36.6214,14.1216,18.2076,36.1566,38.3072,17.7361,11.0404,1.3578,17.4797,12.1591,12.0555,67.8176,12.6035,-2.9212,18.1514,16.4573,17.7325,19.7738,15.748,19.4255,33.2434,15.3305,16.6398,18.9451,-8.9916,5.987,68.4186,14.5502,56.7759,13.5987,7.3879,22.9144,21.9305,18.8519,16.7087,22.6855,16.9889,14.9004,13.1411,16.5463,23.3092,22.0944,35.1234,33.3409,45.9734,58.0431,28.3375,19.3877,20.3009,23.6522,25.5515,30.5628,6.8138,25.402,76.1759,23.6963,81.307,72.7265,80.6181,33.3851,32.6458,29.8071,17.5322,17.5472,-1.3032,30.4167,27.7085,50.1717,20.2559,-4.6049,20.951,24.9381,23.8972,35.7756,29.1241,54.9911,29.509,26.7363,28.7181,29.2601,31.1476,39.7715,44.987,29.8684,40.8347,60.2443,70.7404,25.0845,22.7334,24.9925,20.0428,44.2139,22.6446,29.7897,26.395,19.3343,31.3724,16.285,26.1379,30.4688,23.8999,25.2311,42.4546,63.4958,57.0246,35.0256,29.9665,27.2092,28.9702,32.9274,31.9534,26.5709,61.1269,31.8371,36.7227,30.7399,30.6915,118.2947,22.6976,33.1841,29.7781,25.5791,35.2289,22.8967,27.5449,61.6572,29.2406,242.9676,140.9377,29.5013,25.6639,23.0478,32.5645,80.8948,25.8046,26.6292,27.638,29.9767,25.9792,25.3022,32.8029,41.9114,118.7237,30.212,29.6955,47.2648,119.2967,88.2587,28.979,24.9655,54.2625,29.4151,26.5248,52.1159,49.7132,30.0929,95.3647,21.1406,25.8141,16.5141,24.349,25.7816,28.4357,36.8539,246.1157,30.7649,72.6886,38.1331,30.9037,22.2106,26.951,25.6778,31.9536,25.7503,25.2691,26.694,155.046,24.0388,43.6439,36.1485,26.1534,22.7184,26.2144,38.48,76.9428,30.2943,24.8077,27.2363,46.2087,31.2597,35.5877,26.8437,27.6255,22.7692,23.9117,36.0058,53.0391,42.8456,54.7421,69.4765,68.2777,173.3547,92.2465,26.3245,28.9085,32.6609,32.0749,27.538,35.9074,57.2106,166.1337,31.3891,93.3976,63.8787,122.2434,56.7871,60.0997,37.1158,34.6598,42.8337,27.5173,28.2452,38.1352,32.7465,28.3987,28.6538,22.4311,26.4795,32.1153,28.9794,41.7927,36.4035,115.1804,55.417,94.493,38.3867,40.3672,50.7393,75.6572,77.9065,54.9363,22.4936,22.7429,161.9729,37.2548,68.2067,22.319,14.7173,17.1508,10.5523,12.4048,21.906,50.629,7.6634,11.8875,20.7656,13.6171,14.9769,22.7215,15.9445,13.7072,19.6779,22.8786,27.6951,21.5906,14.5536,20.8058,23.8435,23.6928,26.6467,23.1579,34.0461,34.0461,22.7429,161.9729,37.2548,68.2067,22.319,14.7173,17.1508,10.5523,12.4048,21.906,50.629,7.6634,11.8875,20.7656,13.6171,14.9769,22.7215,15.9445,13.7072,19.6779,22.8786,27.6951,21.5906,14.5536,20.8058,23.8435,23.6928,26.6467,23.1579,34.0461
22,20.8232,27.2901,26.8098,25.8806,30.1754,21.4295,7.9948,23.3128,20.9884,18.3236,19.7301,15.7674,16.4168,200.4822,73.6895,138.7948,27.3595,27.1385,25.1018,20.7969,26.5101,34.8304,27.1426,30.5764,30.0099,25.0843,20.3926,19.5151,19.4515,24.617,14.3805,13.7671,14.3373,20.3359,19.5671,17.9069,13.166,7.0444,11.0633,25.6339,13.9634,15.4325,19.6536,13.7011,19.8361,29.6606,27.0797,16.3796,13.1395,13.1772,14.4143,29.8278,14.1925,-24.0014,-7.4623,26.8982,12.5033,15.0096,30.1135,17.118,-11.1583,29.4374,43.6049,18.4538,19.1473,70.558,52.299,16.7536,11.669,-8.4152,20.45,8.2864,14.1081,23.092,15.3933,0.367,19.9474,13.3905,17.1466,19.3198,11.5849,14.6639,29.9334,17.3307,16.5075,20.7753,-10.2326,5.9046,26.3338,16.7231,38.1721,16.1086,18.0207,23.1087,20.6757,30.5729,17.1245,29.2729,17.7156,20.6767,14.1455,15.8585,28.4791,19.6142,31.0175,41.3999,41.2564,22.4977,24.697,15.5359,21.5788,15.4532,24.6886,24.3029,15.9213,23.0737,27.0233,27.017,146.638,39.4704,65.9094,32.7945,30.6915,26.5053,20.1879,4.1684,0.8088,26.0867,20.2343,53.9686,43.9909,1.0543,18.6954,25.5966,20.5801,31.6573,28.1564,79.2347,29.0552,23.5577,80.4656,28.1266,25.0559,44.2988,56.9036,93.4737,48.6496,67.8448,23.9782,30.0262,40.3937,35.9569,16.8262,33.9126,23.625,27.1004,22.1414,22.146,26.1616,-1.7666,27.249,30.1105,26.133,23.8684,35.3926,41.4417,45.521,34.0739,32.2913,30.0967,31.2442,36.0142,50.5205,29.1268,39.9302,31.5721,31.21,36.867,124.3213,145.1966,22.3156,42.6936,27.0796,21.8421,59.341,27.5094,24.2275,24.3562,28.3915,141.1204,137.5985,29.425,26.5145,30.2087,140.1378,62.7709,26.1517,27.1144,27.5467,25.7612,25.2782,37.1099,31.5113,33.2128,215.2671,32.8512,27.6858,51.4401,94.0222,69.8273,36.7562,22.0948,39.5418,29.7778,26.7891,55.9548,46.0314,30.1516,35.2206,22.4075,25.4434,22.292,22.8055,24.5239,24.4132,32.2847,51.7024,32.1544,300.0842,45.4027,28.0305,21.8366,24.0682,31.1581,29.2383,24.898,31.0853,70.1936,78.4662,24.531,96.7699,23.3596,25.6992,22.9661,26.1117,38.4466,28.1361,27.0936,25.7595,28.2573,40.6528,29.2367,106.8155,25.9446,26.3341,22.6456,25.1003,32.6344,45.4571,32.3781,53.902,56.3445,91.9955,54.4218,40.2175,57.1025,27.1642,60.6206,29.3185,26.6789,62.3396,59.3282,172.2965,29.8501,50.0302,60.4227,94.75,40.2867,73.9905,34.2712,40.7763,36.3837,27.7843,26.4226,33.3193,51.5995,29.6333,23.124,26.5295,32.0654,31.3253,130.5793,48.137,84.7076,336.048,54.0048,32.1029,28.0433,55.7951,39.4447,28.2732,56.1546,38.5621,22.5555,21.3792,42.6181,86.9332,69.9759,42.4016,15.4425,17.6644,9.4248,19.6175,694.6577,39.942,11.1374,11.2843,101.4567,21.9472,15.9638,23.7205,18.978,17.4668,25.9206,29.9936,34.4409,20.6464,19.0226,225.5314,311.165,21.3093,27.9195,23.7041,48.1406,48.1406,21.3792,42.6181,86.9332,69.9759,42.4016,15.4425,17.6644,9.4248,19.6175,694.6577,39.942,11.1374,11.2843,101.4567,21.9472,15.9638,23.7205,18.978,17.4668,25.9206,29.9936,34.4409,20.6464,19.0226,225.5314,311.165,21.3093,27.9195,23.7041,48.1406
23,26.7,79.4797,51.4097,25.1009,27.5079,35.8861,17.118,30.6716,33.3002,57.5098,25.0507,69.7671,48.5468,238.4835,90.0705,173.5648,40.8266,18.9738,33.953,15.0075,26.9622,40.4184,28.0425,35.6888,36.9867,25.682,38.2063,20.3605,25.9048,28.6765,15.6037,14.4383,10.8005,65.9398,20.6702,20.1299,15.3903,13.4131,16.1326,24.6364,14.6324,15.9899,27.9581,19.4434,29.0813,23.151,46.9663,304.2723,112.9778,149.9265,21.2958,24.2343,9.5133,-21.1993,37.7412,56.7064,23.4102,5.5121,25.9084,23.5822,-6.9623,21.1896,43.5739,20.4868,27.9832,33.6984,48.3875,36.776,12.0936,6.1027,35.0751,13.3134,10.4255,19.0186,13.9177,2.7722,27.5627,17.4996,19.9165,19.7595,12.7718,14.9665,28.1612,22.4462,18.3597,19.1243,-13.0278,-11.7533,24.1466,21.3248,50.259,21.6945,30.0709,21.7245,19.3848,16.6657,33.8974,25.6028,16.5681,17.0242,16.8946,14.8811,24.5855,23.8491,29.4116,25.3974,28.3742,14.3221,22.7324,21.81,24.3343,15.5722,24.013,25.4379,18.5685,15.6837,76.7008,42.5429,34.4329,32.3376,70.25,197.8396,30.2316,26.4818,20.0461,-2.0107,12.0181,23.5835,18.4653,41.3968,20.4737,16.3445,19.3937,23.0856,17.8538,29.2861,23.4285,43.9039,22.9169,21.5324,56.0642,24.7277,39.0576,30.7186,32.9164,18.6156,30.462,48.9375,27.0117,19.8862,25.5648,34.0711,19.7403,26.3903,24.4846,24.7532,22.0191,37.1615,36.0815,18.2492,270.3164,29.2757,25.679,27.2796,31.0662,47.6059,41.0084,28.0906,34.0288,34.9929,28.4933,41.0805,27.8352,31.6061,31.3986,30.9161,31.9069,84.4473,49.5242,157.0564,23.8951,46.5737,22.9025,19.6155,52.5308,22.3762,24.8767,24.3282,35.3834,116.5693,80.3705,28.0111,159.7715,25.4469,111.6685,67.0879,26.304,26.8507,31.4322,26.7231,27.4218,54.5654,31.9166,34.3066,34.9875,30.1074,31.6898,108.833,92.973,38.8236,28.2768,28.3564,38.9294,32.0123,26.892,34.5911,285.9089,27.497,28.909,34.7853,18.1131,30.5541,23.1004,22.46,25.5263,26.3241,30.9592,26.9335,64.8601,48.5534,23.9387,22.5304,23.2709,28.8414,23.9239,30.2696,24.9837,88.5834,26.3897,30.6637,36.7983,45.6994,24.9486,26.1298,24.0433,38.2842,28.0894,25.7301,23.7763,52.539,25.9835,25.223,24.0677,25.2048,24.1185,23.1234,23.3732,63.2246,40.269,24.069,39.1386,48.0956,56.5816,46.5751,44.0545,69.951,30.4036,33.9752,29.1466,28.3919,53.6467,79.7268,143.4126,35.4244,35.6893,76.2993,100.9104,33.3629,57.388,30.0286,31.8577,35.8369,28.8466,24.2621,24.4858,74.3114,36.0827,43.3642,25.2524,23.2946,43.5035,423.5388,31.1245,74.5015,265.8118,115.8091,29.0735,25.3402,45.762,28.159,24.8362,36.2583,41.6497,22.6191,20.6477,63.4978,23.9236,82.7583,44.8231,20.3805,15.7996,10.1094,26.6346,78.1217,24.085,7.4069,18.4547,27.9446,17.4678,18.4433,84.577,17.5885,21.7618,64.1398,37.8893,30.6033,25.938,17.0167,51.1205,57.7371,30.8191,45.7935,37.0395,70.4077,70.4077,20.6477,63.4978,23.9236,82.7583,44.8231,20.3805,15.7996,10.1094,26.6346,78.1217,24.085,7.4069,18.4547,27.9446,17.4678,18.4433,84.577,17.5885,21.7618,64.1398,37.8893,30.6033,25.938,17.0167,51.1205,57.7371,30.8191,45.7935,37.0395,70.4077
24,24.189773559570312,21.617156982421875,83.69184875488281,28.724151611328125,19.24364471435547,16.442123413085938,22.044517517089844,29.03791046142578,11.319770812988281,12.726448059082031,13.456962585449219,12.827056884765625,19.721664428710938,24.858985900878906,19.801551818847656,24.55517578125,18.302947998046875,25.276588439941406,17.839599609375,21.280731201171875,25.938880920410156,41.745330810546875,18.74150848388672,28.042984008789062,25.325042724609375,29.783554077148438,22.6063232421875,63.63655090332031,25.018226623535156,27.37200164794922,31.775543212890625,23.375091552734375,22.087181091308594,17.86432647705078,28.491165161132812,25.47193145751953,22.74950408935547,24.20458984375,23.292861938476562,25.894088745117188,21.97052764892578,28.804359436035156,90.48716735839844,29.467430114746094,22.22797393798828,7.812675476074219,15.320816040039062,35.907615661621094,23.62432861328125,12.043952941894531,9.993843078613281,20.925277709960938,23.632408142089844,5.9301,23.1527,17.9876,16.3914,12.4261,16.8364,16.8364,9.6396,28.3191,25.0175,20.3666,71.5838,20.0768,62.6225,56.6856,24.3179,24.7069,29.0836,13.1261,9.1593,24.4013,20.9314,44.8735,89.2279,20.1063,22.7023,22.4414,21.8995,18.4664,27.2675,28.855,31.8865,23.4115,-18.9177,9.166,44.2552,24.9801,24.9801,48.0061,165.5961,47.5941,16.6783,16.9075,44.6176,20.9614,18.0852,19.3857,40.3866,15.3272,15.0591,19.0364,25.0538,24.6517,23.4474,12.9737,21.0967,16.0917,23.0168,13.4111,28.4986,40.8616,12.785,52.0203,105.2781,103.8456,27.4454,46.0183,46.0183,22.6794,34.2757,31.8496,16.4961,36.6922,24.2188,21.1519,18.833,42.6969,20.5645,21.4452,143.9291,20.5524,13.5064,24.4817,22.5159,30.496,23.4284,18.3751,37.35,23.9301,28.8996,54.7643,26.8637,30.3754,25.4446,80.5089,43.0751,16.8877,16.689,16.689,20.8896,33.1408,23.41,23.3053,26.9099,32.5838,25.3614,14.8543,27.6185,37.1116,23.3351,26.1345,29.9769,38.4709,34.2923,28.6791,32.7384,30.9288,26.3629,37.1779,26.1963,25.6905,32.5476,41.0566,31.9147,29.1019,26.1341,71.9865,37.2457,37.2457,24.0153,18.5696,25.8729,22.5436,21.1938,22.7713,28.7569,84.8677,30.1486,25.9201,108.6184,23.4675,44.1578,37.2081,23.4547,27.2267,25.2534,25.1108,25.4894,25.9668,37.1339,30.395,36.5577,29.7422,38.5547,51.8351,72.3182,28.6071,46.7705,32.5744,32.5744,32.8534,26.9986,28.3248,29.1326,24.0436,24.015,25.7185,13.083,23.8573,28.4084,25.3372,27.3697,38.5881,44.7302,23.6693,26.7117,27.4231,22.8635,21.9054,31.7106,35.8832,24.5389,21.853,27.4153,30.5585,24.0633,166.1539,21.9812,141.1312,20.2744,20.2744,23.3765,31.3126,28.6269,29.9464,22.8368,27.577,23.767,24.4595,20.4816,25.8505,26.2196,22.5679,25.7523,29.5925,25.7061,24.613,36.6029,36.2064,40.6601,30.466,27.3007,34.8716,26.1086,29.7035,23.8168,25.3487,35.1037,27.6032,30.3654,30.3654,25.2367,40.8342,78.5271,25.7407,47.7069,21.3256,22.9308,21.0758,27.2641,18.3905,19.3175,20.8307,24.3516,47.0166,26.7645,38.1759,51.3604,26.5983,25.2867,48.8655,136.9805,41.8028,34.3107,17.9915,22.2109,19.8827,27.1624,33.4829,92.4218,16.7709,16.7709,13.7181,19.4105,161.6699,19.6964,15.3426,17.0456,10.2788,14.4275,30.6297,24.5388,3.0455,12.7976,18.5469,9.1451,12.1617,25.8564,15.3346,21.8907,42.5155,25.6303,19.669,28.1201,16.1026,26.5242,25.0404,25.5634,30.7114,19.5469,42.1931,16.7709,16.7709,13.7181,19.4105,161.6699,19.6964,15.3426,17.0456,10.2788,14.4275,30.6297,24.5388,3.0455,12.7976,18.5469,9.1451,12.1617,25.8564,15.3346,21.8907,42.5155,25.6303,19.669,28.1201,16.1026,26.5242,25.0404,25.5634,30.7114,19.5469,19.5469
25,22.86699676513672,19.385421752929688,74.89254760742188,27.12683868408203,17.134078979492188,14.168891906738281,16.849411010742188,22.20990753173828,10.1072998046875,10.439979553222656,8.444595336914062,10.445648193359375,16.177589416503906,21.988731384277344,17.737091064453125,24.953323364257812,19.00281524658203,19.6993408203125,11.059288024902344,14.745193481445312,20.616195678710938,22.85686492919922,16.610504150390625,31.683998107910156,22.978416442871094,24.781707763671875,21.1075439453125,42.64202880859375,22.24713134765625,24.28058624267578,36.444664001464844,20.667694091796875,19.277374267578125,15.846275329589844,23.776100158691406,20.226097106933594,22.089492797851562,22.93890380859375,21.254295349121094,22.664039611816406,18.1676025390625,17.248397827148438,53.992156982421875,32.490760803222656,17.534080505371094,6.713386535644531,14.177879333496094,26.377410888671875,18.112655639648438,9.763679504394531,8.420074462890625,18.485763549804688,21.630111694335938,2.3729,18.7365,13.6649,17.9975,13.2181,20.2209,20.2209,5.5868,52.3984,21.0464,18.2561,22.614,18.8227,49.7253,27.5483,3.3466,15.6133,21.7354,12.3427,9.4795,19.2506,14.3908,30.0665,34.8311,17.9236,16.0818,11.7683,18.2086,23.2203,34.9773,24.9158,21.4377,18.4312,-9.2885,12.3266,26.0936,62.0125,62.0125,38.769,60.6643,20.3172,17.8341,29.1031,20.9163,17.4519,20.4247,34.3716,26.9546,10.6346,16.8565,16.5783,21.8413,37.6757,28.2232,131.8942,25.5221,18.9782,21.4153,11.8696,34.0698,29.1816,10.2242,38.3097,21.9835,45.199,15.8025,31.8017,31.8017,110.5277,23.6282,42.4465,17.8826,31.1043,0.5119,10.7848,20.8548,28.0645,16.986,26.5236,249.9789,16.9966,17.6691,24.4818,22.2043,21.5349,24.5533,19.5476,28.4157,24.2642,26.1619,25.9088,22.9153,34.9248,21.4426,21.5859,18.9511,22.6807,14.0355,14.0355,21.242,39.3068,22.4026,16.4701,25.2021,23.1997,32.2427,21.1307,22.4585,48.7953,22.3758,21.7615,26.1045,31.6948,33.0056,29.8991,28.9737,23.2437,21.1694,23.919,24.4459,19.8308,25.082,28.4094,27.3855,26.3161,59.035,41.3034,28.2706,28.2706,23.7449,21.4147,20.0268,22.3754,17.667,22.6563,25.2703,33.4649,24.3255,23.9152,56.6295,23.399,28.0806,27.1602,22.1861,24.7399,23.9698,21.9152,21.7177,26.0873,54.3077,27.1216,27.6011,26.1126,25.8797,53.0245,41.5769,29.663,61.7893,26.8873,26.8873,27.1012,26.5653,25.0743,22.4358,22.4197,22.8711,21.5202,19.1776,23.3566,27.8568,22.0229,22.4042,88.8644,166.0951,20.6107,22.7253,21.2252,18.3997,19.6122,26.3137,25.317,25.1173,20.5848,24.1189,19.4005,22.4448,168.7061,24.2398,26.0767,18.4862,18.4862,21.6735,19.2487,29.7239,24.0145,18.7049,13.1113,26.495,24.4607,30.1153,20.8892,19.8819,17.2465,20.441,18.8242,17.9734,23.8409,34.6093,25.7686,29.2828,42.0412,20.5049,30.7103,23.3456,23.5089,18.9537,23.522,23.7977,23.6611,24.6938,24.6938,29.6634,24.8074,29.8149,30.9617,29.7166,11.7064,16.3545,14.767,16.3197,10.3226,17.3836,1.1708,42.1428,13.4547,17.8672,19.5219,21.7414,23.3204,19.3558,23.0856,43.7563,25.2908,29.8909,14.2138,19.9473,20.2761,23.7767,47.5278,33.8905,20.7094,20.7094,10.6522,21.6613,115.6184,17.7236,13.8915,22.872,11.335,11.4904,31.6921,24.4854,6.9968,11.3353,19.6616,7.6886,11.7908,23.1035,13.0802,20.8815,25.9746,24.534,18.0133,23.0791,11.7197,28.919,23.7978,24.2027,30.0921,21.2763,45.2646,20.7094,20.7094,10.6522,21.6613,115.6184,17.7236,13.8915,22.872,11.335,11.4904,31.6921,24.4854,6.9968,11.3353,19.6616,7.6886,11.7908,23.1035,13.0802,20.8815,25.9746,24.534,18.0133,23.0791,11.7197,28.919,23.7978,24.2027,30.0921,21.2763,21.2763
26,25.090087890625,17.45543670654297,57.749786376953125,26.468666076660156,15.511421203613281,30.08148193359375,17.61206817626953,16.849647521972656,7.472572326660156,8.816169738769531,5.4003143310546875,8.787574768066406,14.792633056640625,20.648208618164062,13.464057922363281,68.59307861328125,17.952247619628906,15.592689514160156,6.783317565917969,12.347274780273438,14.042449951171875,19.705596923828125,13.101692199707031,23.248077392578125,22.721229553222656,21.195755004882812,21.714134216308594,33.44282531738281,23.921897888183594,21.68596649169922,35.67918395996094,20.009307861328125,18.68036651611328,12.796615600585938,32.586761474609375,10.633827209472656,22.17169952392578,27.85645294189453,20.044349670410156,21.078750610351562,17.436431884765625,15.741775512695312,38.32538604736328,26.95024871826172,15.750053405761719,5.2185516357421875,11.076499938964844,24.05638885498047,13.328758239746094,7.715354919433594,6.8533172607421875,18.54523468017578,20.480308532714844,2.6105,20.7101,8.7502,12.5135,2.8514,13.4666,13.4666,-1.4769,12.8954,23.0076,15.3732,28.7888,42.6502,56.0483,22.9635,-9.6148,-5.3483,17.0511,23.2566,7.9234,17.7731,13.535,15.0874,13.6497,15.681,16.7168,13.4667,10.0269,7.0927,51.072,27.7569,19.1119,15.2194,8.5414,15.3263,18.7409,20.4323,20.4323,34.5774,27.8619,19.547,17.7473,3.6364,13.5016,16.8685,18.7674,30.1568,25.5665,9.3815,12.5658,22.6678,30.4299,172.6808,16.5264,21.7012,14.9764,18.7686,16.5401,11.9808,31.7768,17.094,11.0357,9.0066,24.7872,129.5619,9.0027,23.9101,23.9101,22.6301,14.352,18.6266,13.8619,27.9265,-8.8744,-0.348,18.7566,25.1977,16.44,17.0238,23.7969,12.767,21.9601,19.0626,17.8485,21.0422,20.5753,12.4426,16.1765,31.1231,30.9124,25.5352,26.3369,16.1541,16.5008,19.9756,12.72,17.8052,13.0047,13.0047,18.0458,18.2339,14.4296,6.8122,22.0282,21.9841,31.963,15.5765,42.8519,21.8333,19.0083,19.8692,26.796,20.6579,29.2783,32.0938,30.9105,21.4842,16.8973,23.1192,24.5874,22.9211,87.0511,23.6247,25.7392,49.8691,49.5609,29.8363,25.4303,25.4303,28.3477,19.111,16.7963,21.5107,34.0596,21.6914,24.4147,23.6727,15.5041,20.66,26.3167,22.8059,25.0859,22.1897,20.8456,22.824,20.7024,16.6516,19.9746,26.7114,27.837,23.3055,22.7587,22.0722,21.7588,51.517,35.0807,30.77,57.4677,24.9992,24.9992,25.2756,23.12,20.332,11.5039,20.247,19.0041,32.198,17.8457,20.8166,38.119,18.4689,24.5919,43.6503,24.1519,23.5056,20.2396,16.7294,16.2062,13.037,23.3646,16.3437,16.1121,24.4852,18.2956,18.0148,58.6228,37.2,17.7816,20.6961,13.3234,13.3234,16.3124,-4.6415,23.2028,20.3423,17.7268,14.5128,24.4761,13.5706,32.7182,21.4097,11.9188,11.0306,16.7948,13.6881,20.4562,41.649,44.7625,25.4155,56.9755,93.9052,27.411,23.9139,23.6333,19.8066,19.368,21.9862,46.1508,21.9056,22.1936,22.1936,26.5398,24.4407,27.0892,28.3324,13.8783,13.0154,19.4721,19.0323,24.0037,15.5675,17.4902,-9.7247,22.4706,15.7406,21.0202,17.7285,20.3781,19.2891,8.9174,18.6003,25.7371,28.4198,25.6048,14.2454,23.3939,12.4295,28.6903,34.2513,22.3825,23.9705,23.9705,9.0029,20.3506,45.6094,17.9181,17.2228,20.431,7.943,9.0308,27.2562,19.3535,5.0606,8.7113,18.5344,2.0044,9.0667,21.1391,11.0272,13.5386,21.3669,26.0893,18.0512,25.0942,18.8877,27.1929,26.1343,25.5678,32.9959,24.4203,34.3085,23.9705,23.9705,9.0029,20.3506,45.6094,17.9181,17.2228,20.431,7.943,9.0308,27.2562,19.3535,5.0606,8.7113,18.5344,2.0044,9.0667,21.1391,11.0272,13.5386,21.3669,26.0893,18.0512,25.0942,18.8877,27.1929,26.1343,25.5678,32.9959,24.4203,24.4203
27,21.575889587402344,15.567047119140625,55.46990966796875,28.322509765625,14.979034423828125,16.185630798339844,14.600898742675781,14.775321960449219,3.5806198120117188,8.036178588867188,4.742973327636719,17.245513916015625,13.768585205078125,19.77935028076172,12.876968383789062,30.342063903808594,14.51080322265625,9.242149353027344,10.960655212402344,9.419563293457031,10.387306213378906,15.849960327148438,12.1859130859375,20.44171905517578,19.357383728027344,20.157257080078125,19.083831787109375,28.291526794433594,21.125587463378906,20.15802764892578,25.762039184570312,18.51390838623047,17.110061645507812,10.458404541015625,19.58441162109375,9.51971435546875,22.365676879882812,31.74779510498047,19.01251983642578,18.782554626464844,16.116989135742188,14.149696350097656,29.53899383544922,21.665420532226562,13.468879699707031,5.385124206542969,9.681625366210938,19.32164764404297,13.682044982910156,6.354743957519531,-0.03363037109375,18.130752563476562,19.862037658691406,10.7324,21.1167,4.8292,4.55,-19.149,9.8172,9.8172,8.8991,16.4961,8.2931,15.2294,15.9169,36.1645,64.5498,49.8723,-11.9324,-44.8755,17.4821,18.1367,2.2251,16.5947,25.6052,20.1996,6.3433,43.1282,13.8694,18.7881,13.9637,1.0119,24.5955,22.1188,17.8686,17.7241,-18.0237,7.302,36.8536,11.9008,11.9008,32.8962,32.4494,19.0647,15.6695,10.3441,12.3997,17.481,13.8681,16.7975,23.258,9.4769,10.0844,17.3262,9.4741,27.7437,11.3591,20.7688,12.6474,19.1437,11.8592,6.7584,21.0575,13.2892,5.7387,-10.1342,31.5192,18.2228,-0.7611,11.9918,11.9918,20.1649,23.376,16.8021,8.9081,31.5802,15.5512,-19.5868,16.002,35.9501,15.9768,20.2432,23.0219,7.4539,11.7377,16.2646,13.4088,15.1429,14.7681,7.5035,12.435,13.9185,30.6897,22.8212,27.5956,15.896,11.0984,16.6767,13.0404,17.1923,15.7054,15.7054,4.0168,9.5448,14.2216,7.7438,19.6766,20.8047,31.9512,11.6748,20.8178,18.1456,17.3557,113.5206,24.5466,21.9439,30.2249,27.3363,22.6579,18.0146,14.7839,29.8062,22.3562,24.1918,22.6449,24.6403,21.8727,35.9669,20.9334,27.2253,27.5164,27.5164,21.4461,17.1668,18.7547,19.6684,26.6885,20.0953,24.2719,20.386,12.5038,17.0864,18.8395,26.0128,24.6918,25.7079,19.9525,21.9307,16.9669,14.0031,24.0293,21.0922,24.3784,21.8345,19.1152,28.3844,25.3277,51.8377,25.2884,31.5402,26.0639,19.9988,19.9988,21.5685,21.3608,14.922,11.5307,18.4507,23.7138,40.4901,18.7412,17.9802,17.2107,16.4947,21.6356,21.1952,25.2916,21.2254,16.9717,15.2055,13.273,8.8235,18.1966,14.7589,18.5922,18.7846,17.3721,16.3543,13.6669,40.5343,19.3047,20.1398,13.9175,13.9175,17.6346,0.3174,20.0652,19.5527,16.1418,19.7118,17.314,13.2565,34.6343,14.7397,18.5177,15.0804,19.1294,16.1865,29.1579,51.9567,63.7787,21.5914,118.0272,21.9809,20.0124,20.2888,22.5089,11.7352,16.8932,21.655,22.1397,20.1787,18.6349,18.6349,20.0581,26.2701,18.715,28.9053,18.2137,20.7213,17.639,18.9088,28.8219,20.5039,21.6656,3.6128,19.1711,16.2857,16.5766,20.225,5.0168,12.5705,10.8196,23.9817,23.1048,16.4525,20.0929,13.4416,16.2464,1.0126,52.0508,21.0887,20.0273,22.1761,22.1761,14.3362,68.4154,49.4032,15.7093,12.7784,19.1919,7.6258,7.4314,39.1575,9.4851,8.2558,9.9646,17.3438,5.7854,-9.2763,18.2246,4.9351,11.9669,16.0492,30.6926,18.39,25.6083,15.6949,25.539,22.409,25.9775,31.2963,24.9154,35.9829,22.1761,22.1761,14.3362,68.4154,49.4032,15.7093,12.7784,19.1919,7.6258,7.4314,39.1575,9.4851,8.2558,9.9646,17.3438,5.7854,-9.2763,18.2246,4.9351,11.9669,16.0492,30.6926,18.39,25.6083,15.6949,25.539,22.409,25.9775,31.2963,24.9154,24.9154
28,19.898101806640625,14.908424377441406,34.922203063964844,26.38800048828125,15.842071533203125,14.6348876953125,13.741920471191406,45.009033203125,-1.0092391967773438,12.568031311035156,4.040901184082031,9.707969665527344,13.329811096191406,15.670196533203125,11.764701843261719,27.86748504638672,12.472175598144531,5.9146881103515625,7.512992858886719,6.3596343994140625,7.8686370849609375,15.532012939453125,12.31256103515625,13.997085571289062,17.689125061035156,18.903564453125,18.171180725097656,26.66021728515625,21.552383422851562,18.369354248046875,22.9908447265625,15.648300170898438,15.469474792480469,11.110763549804688,19.640914916992188,8.539604187011719,14.802963256835938,31.61395263671875,18.766761779785156,18.251426696777344,14.216285705566406,13.932769775390625,24.564895629882812,21.253707885742188,13.090003967285156,4.507682800292969,12.198677062988281,18.307144165039062,15.991119384765625,6.608894348144531,1.1265945434570312,16.837478637695312,19.433135986328125,12.3705,15.8784,8.5235,-6.4938,3.2747,19.3577,19.3577,-4.8008,8.167,5.0832,29.4451,13.2633,17.5268,68.2381,19.7471,-14.453,-54.8734,15.5459,11.6161,-28.347,15.2457,13.0459,15.9757,-4.596,15.4504,1.0201,14.7967,12.9151,0.4911,13.3868,28.5369,18.0955,14.707,-25.6462,6.9058,19.2218,13.1965,13.1965,21.2799,23.1923,15.2751,13.6623,13.8923,8.9345,9.2519,16.0853,21.6063,22.5685,-10.9307,6.2584,9.6642,10.5764,23.9918,-4.3796,15.9402,11.196,21.9476,7.4354,1.6242,17.4385,0.5356,-5.7612,-14.5859,132.1172,15.1855,-14.4732,4.7243,4.7243,103.7347,10.4156,13.7916,4.3484,23.0016,8.2074,-28.9463,13.1105,20.474,13.1696,18.2883,20.772,0.1202,9.4644,6.7964,17.1674,8.5133,19.3024,-23.5654,8.4503,17.2289,55.2095,19.2912,22.1948,14.1948,11.1904,17.013,13.9426,15.955,14.5433,14.5433,2.5755,-2.9469,15.3972,-14.6843,15.9339,27.0637,21.5779,15.5769,20.9819,6.5418,10.1169,32.3064,20.7372,22.264,26.2819,23.6802,20.1361,18.243,12.6262,37.1771,21.2157,30.1556,15.8616,21.3146,19.0599,29.451,21.6855,30.5834,19.7282,19.7282,19.0294,12.2648,17.9261,18.4664,15.6496,17.3194,21.3027,15.5361,6.1576,14.8286,12.6803,14.3269,22.9153,25.4399,16.3841,19.5145,14.0598,13.7113,18.1486,19.8695,22.008,17.1483,15.3408,28.8944,24.7592,39.1636,22.9289,18.9415,22.7734,18.72,18.72,19.9278,18.5675,11.2339,100.741,15.4156,21.0396,14.5762,19.8666,18.1743,17.3255,15.1457,16.8674,20.8078,19.8493,17.9593,17.9683,13.2344,6.2833,11.7395,18.5826,13.7761,15.4417,20.0083,14.8154,13.7532,13.563,18.4872,18.0484,18.5799,12.7356,12.7356,18.7249,2.2635,13.2619,18.9666,13.6381,12.9775,14.8585,9.3424,12.0305,26.8782,24.8646,9.1259,24.354,26.5515,22.1822,47.6038,33.4409,18.9515,19.3164,20.8889,24.7999,18.0431,22.2077,3.0069,6.7641,21.2548,24.0375,16.1957,18.2923,18.2923,15.4896,22.9381,8.3513,19.4052,15.3152,15.5892,13.7456,13.5703,21.4703,18.8757,21.2338,4.7972,11.2127,16.3065,8.8717,24.7323,14.3671,7.2989,6.9585,12.3907,20.6483,11.5827,24.2673,13.7243,6.1203,0.6081,21.7082,24.3718,15.1453,15.1616,15.1616,16.6582,21.1189,21.3935,14.8755,8.8751,18.1419,-0.1693,9.175,19.2222,2.3963,6.2269,8.8261,19.2067,4.3823,-1.3412,17.6556,7.8077,21.6846,17.9822,21.009,22.021,20.4038,8.1669,28.9166,23.1097,23.0841,24.7198,25.2204,29.6231,15.1616,15.1616,16.6582,21.1189,21.3935,14.8755,8.8751,18.1419,-0.1693,9.175,19.2222,2.3963,6.2269,8.8261,19.2067,4.3823,-1.3412,17.6556,7.8077,21.6846,17.9822,21.009,22.021,20.4038,8.1669,28.9166,23.1097,23.0841,24.7198,25.2204,25.2204
29,18.981552124023438,14.393943786621094,38.848731994628906,25.957679748535156,15.173164367675781,12.929351806640625,12.301353454589844,19.13207244873047,-1.00372314453125,7.285186767578125,4.144752502441406,7.933326721191406,13.449966430664062,13.512115478515625,12.541908264160156,45.892669677734375,12.623725891113281,7.287544250488281,5.2909698486328125,6.340217590332031,3.517730712890625,14.892372131347656,13.046577453613281,11.839988708496094,18.387672424316406,17.9185791015625,16.248313903808594,25.72254180908203,20.336997985839844,17.556625366210938,56.091461181640625,13.303054809570312,17.42901611328125,12.63885498046875,38.604530334472656,11.027290344238281,8.920272827148438,22.47081756591797,18.379531860351562,16.77098846435547,11.857818603515625,12.384689331054688,24.060272216796875,18.643218994140625,11.180915832519531,-0.316619873046875,8.245124816894531,23.039260864257812,25.626983642578125,5.691413879394531,1.3497238159179688,15.808502197265625,19.04821014404297,13.9585,15.347,5.4414,-1.0889,-14.9353,8.8566,8.8566,-24.8208,-27.6005,-5.6207,9.5928,13.7288,14.9077,32.8242,17.3652,-22.1596,-66.5565,14.1212,0.5185,-28.0841,31.4325,12.5179,14.102,-5.3102,10.8817,0.3541,10.8625,11.4818,-5.015,3.9232,19.2061,18.9203,19.2274,-16.8039,15.4109,16.4798,29.4019,18.4629,18.1026,22.3347,10.2162,22.7915,41.1734,14.2159,9.0291,16.7182,12.2982,20.7549,-23.2548,2.2379,30.8274,8.8716,92.273,9.8828,16.2601,209.7235,20.5388,506.9067,1.5772,18.2731,6.3839,-18.8571,8.0235,17.0362,16.4581,-26.0654,11.8248,11.7584,6.5959,-0.4974,16.5812,16.6221,25.0373,4.4244,-8.6939,15.2917,16.8787,12.0072,19.9679,17.1257,2.5996,15.6971,9.7031,22.7337,16.007,30.7731,-14.4815,-3.262,22.7189,27.6639,14.3726,31.116,15.1421,6.3001,14.8238,21.6818,33.6744,14.3058,14.297,8.3284,0.6494,17.605,-36.961,15.9815,36.1405,28.1572,16.4697,20.8781,1.8827,31.5064,23.0899,43.7506,25.4843,26.1255,19.0089,23.4213,16.0558,12.4936,25.4222,19.3122,28.3189,21.284,20.3797,20.1276,21.105,25.5866,21.4369,24.478,21.0744,15.0412,29.4015,13.1442,16.0966,20.9291,15.5961,19.3469,16.1505,10.142,25.1407,17.82,19.5699,25.7875,19.4909,15.9513,16.9374,9.9594,14.3422,17.7713,19.7553,20.2469,17.0126,13.6058,29.0831,29.473,30.661,29.8894,26.3637,127.8209,31.1901,18.9083,21.1016,19.7651,8.3825,65.8211,12.9258,19.9522,21.9209,18.1102,36.7746,15.8987,15.7388,24.9028,24.8209,20.2098,20.2371,19.3127,15.8259,11.5056,17.1207,20.0805,14.6983,21.0323,27.5886,15.1972,13.2828,74.1275,18.6858,15.3751,18.7908,19.5499,14.1819,17.1127,11.5419,9.4253,19.3171,11.956,14.0312,6.4831,-8.9531,-5.5746,26.9259,23.1746,14.1701,26.1325,17.9502,46.5009,19.0585,39.9259,21.0288,40.9866,21.0879,15.4198,19.3267,21.3852,8.2823,6.3735,59.8055,20.9315,12.4111,15.2612,14.5437,23.1708,19.7644,21.8964,10.9264,16.6517,12.5265,6.992,14.4783,12.6846,19.2006,18.3619,6.1935,8.267,12.9322,10.7058,15.6764,-0.5662,9.2152,2.4444,13.3218,16.6382,17.2037,22.1497,16.3127,2.9741,7.0352,37.0042,20.7286,6.0568,14.7695,20.0523,45.9395,10.3445,25.3934,11.3846,5.5858,14.5417,5.5817,6.2738,18.2164,-2.2201,-8.5491,8.2988,17.1605,1.9601,1.2949,15.9952,7.9344,8.9716,2.9345,19.8099,22.3542,18.069,5.6377,27.1809,29.8412,28.1894,24.53,23.2157,26.7494,14.7695,20.0523,45.9395,10.3445,25.3934,11.3846,5.5858,14.5417,5.5817,6.2738,18.2164,-2.2201,-8.5491,8.2988,17.1605,1.9601,1.2949,15.9952,7.9344,8.9716,2.9345,19.8099,22.3542,18.069,5.6377,27.1809,29.8412,28.1894,24.53,23.2157,23.2157
30,18.40874481201172,20.251312255859375,34.94654083251953,25.570335388183594,14.466827392578125,12.186317443847656,11.171524047851562,18.258705139160156,0.4167633056640625,6.552009582519531,4.3957672119140625,7.640342712402344,12.690879821777344,10.90203857421875,8.664962768554688,23.337242126464844,12.214363098144531,12.827438354492188,3.368621826171875,5.264518737792969,3.2730255126953125,14.358184814453125,13.15185546875,8.593971252441406,16.96997833251953,103.94595336914062,15.348121643066406,23.264312744140625,29.75275421142578,16.620765686035156,26.453659057617188,12.552749633789062,14.643569946289062,10.822456359863281,14.815010070800781,9.443313598632812,2.6127700805664062,12.618026733398438,17.382781982421875,15.975502014160156,14.085617065429688,12.1551513671875,23.89020538330078,17.71490478515625,11.713699340820312,-2.9349517822265625,12.533668518066406,28.9195556640625,19.054176330566406,8.375160217285156,3.3124160766601562,17.69812774658203,19.188980102539062,29.4153,14.7921,2.8897,5.8796,2.563,12.1722,7.7789,-25.0334,-27.3747,-2.8371,9.5731,14.0312,34.695,39.3816,16.3074,-23.7935,-62.3286,13.513,1.3014,-24.941,28.6996,10.3186,16.3416,-14.9489,13.7487,-1.7785,15.7712,9.5611,-7.1335,-6.0541,21.4675,17.5101,17.9649,-27.198,11.8004,7.8428,4.8474,7.07,12.7033,18.8754,9.1003,14.0265,9.0808,12.1552,8.5912,11.4708,-6.6751,18.3014,-17.3566,9.1871,5.3525,8.4415,22.9393,8.9818,15.3792,10.609,22.2655,353.6005,10.4712,21.2625,6.571,-16.1838,4.1729,38.017,16.8932,-31.9481,31.7936,31.7224,11.3484,35.2321,14.0516,16.1819,14.3347,1.4691,-21.534,13.3918,17.5964,20.1915,19.0655,17.734,2.5613,21.8284,2.3402,10.9578,23.719,17.8751,-15.6829,-0.622,18.6978,27.3374,8.7647,28.7751,14.693,9.3527,15.2326,21.7476,15.6108,13.5383,13.6432,0.6246,6.0376,19.2066,-6.032,15.1812,31.8725,18.2746,16.3923,22.0045,1.173,22.3115,24.4911,13.8933,22.0483,21.9387,25.4945,21.6581,16.0957,12.7403,22.1217,18.5308,177.335,26.5349,282.9165,19.8834,20.9684,36.0457,22.0638,22.9127,21.7436,15.5658,18.6267,12.2703,13.797,25.1184,12.1906,19.6385,15.1578,11.0945,27.5549,58.5281,26.3625,24.5919,204.6283,56.1969,16.5504,2.5417,11.857,18.1698,18.9978,19.7035,15.8843,14.2149,27.8197,28.6303,31.8911,23.5895,25.3333,22.4111,22.9086,173.1165,20.2574,17.0319,12.8128,26.1045,13.478,17.6573,21.7701,18.7769,20.7315,17.1373,14.4024,18.1294,17.7389,19.3551,19.6291,12.8708,13.5748,16.6983,12.6433,19.5681,16.4773,20.7217,17.8235,14.9851,14.677,-0.7288,16.8321,15.5652,18.6485,19.4683,11.2005,10.7261,6.6305,15.1429,19.5307,11.3156,8.429,-16.9384,-3.0817,-18.2436,8.255,15.7744,15.0151,17.259,18.5303,24.4705,-4.1899,22.268,18.9076,49.0186,14.2521,16.5663,16.8721,19.4369,12.3648,15.773,25.4728,21.042,12.0254,32.1272,15.4702,20.244,7.744,20.4721,7.2189,17.4083,4.9209,16.6957,12.517,-5.6139,15.6428,10.9186,-5.854,1.9139,12.8112,5.597,20.4785,10.0553,6.8701,7.4128,11.3847,12.0573,16.7731,25.252,9.0935,4.4434,2.4841,29.2501,14.993,-13.2418,6.215,24.0892,24.3605,37.1196,22.1256,13.7386,19.4622,12.8045,11.6624,16.7957,20.7866,-4.2222,-12.0583,11.8137,17.9464,-4.7091,7.5741,15.8826,7.5323,24.8435,-2.6758,20.4583,33.1376,26.2564,17.4768,26.0582,43.6998,25.7228,24.7317,25.22,25.22,6.215,24.0892,24.3605,37.1196,22.1256,13.7386,19.4622,12.8045,11.6624,16.7957,20.7866,-4.2222,-12.0583,11.8137,17.9464,-4.7091,7.5741,15.8826,7.5323,24.8435,-2.6758,20.4583,33.1376,26.2564,17.4768,26.0582,43.6998,25.7228,24.7317,25.22,25.22
31,16.526718139648438,17.41656494140625,49.98243713378906,24.788070678710938,14.328292846679688,11.751869201660156,10.862510681152344,15.659988403320312,-1.96917724609375,6.584709167480469,5.2073822021484375,10.000587463378906,12.616645812988281,9.566268920898438,10.597373962402344,21.204498291015625,13.239860534667969,9.990875244140625,-2.7435226440429688,5.35845947265625,-0.03305816650390625,14.233894348144531,11.549819946289062,7.047065734863281,16.98853302001953,48.98486328125,14.072883605957031,20.279998779296875,24.32080078125,15.955459594726562,25.467185974121094,12.175125122070312,13.246315002441406,11.963729858398438,11.27667236328125,11.870254516601562,-2.3961181640625,16.236648559570312,17.291297912597656,14.875274658203125,16.28070068359375,13.101814270019531,22.178482055664062,15.2139892578125,11.083290100097656,-5.304695129394531,12.6988525390625,26.43402099609375,16.425315856933594,6.559814453125,1.7830886840820312,20.188499450683594,18.503280639648438,25.0297,10.5916,-28.0287,-4.2917,5.7508,8.8318,8.3993,-22.5845,-18.1776,6.899,11.1264,16.5413,28.2342,21.6373,15.6956,-22.7252,-74.1836,11.3203,5.8747,-22.2663,16.8837,9.6539,17.2666,-11.9678,19.7763,-1.0455,18.1272,15.8239,-8.8464,-0.6222,23.0064,17.6446,16.0338,-20.0646,-3.7167,-0.0177,10.6447,6.1264,9.9546,17.5718,13.1048,16.598,3.4501,11.6193,4.4981,17.3676,-10.3119,17.3368,-25.1662,4.5212,8.9807,10.4996,19.184,7.1767,17.3147,10.2987,18.2735,245.9522,6.6026,23.3107,2.8922,-23.9044,1.8551,49.2222,14.846,-34.0706,20.5252,19.9012,12.1717,17.2862,10.8834,12.1166,20.0187,-13.3714,-11.4837,13.0504,17.2988,25.967,19.5407,14.5093,3.4304,14.5365,11.5855,-11.275,-8.0976,-1.5947,-39.1559,-10.1979,14.224,9.834,-16.8797,24.4977,14.9523,9.9435,14.8445,22.2612,14.7648,18.957,11.5916,-20.4726,0.7977,12.9704,-34.9249,13.5532,30.6551,37.1018,15.3534,21.8086,-2.8722,23.4929,16.6511,20.4789,18.8207,17.2756,15.8651,22.3073,16.971,12.7227,19.5216,18.6708,36.1281,19.6103,68.1013,17.808,14.0275,28.9217,17.8901,19.8192,18.0859,12.67,10.8833,10.3327,13.0173,22.1985,14.0843,18.5948,14.369,9.7629,20.1534,19.5035,21.3272,22.1736,49.6067,34.2319,15.9725,8.8419,12.7886,17.454,19.2169,19.613,15.0553,14.9854,26.3667,25.7216,37.7709,19.5914,23.5132,23.9557,21.8612,36.1773,18.1919,17.9745,8.9515,9.5064,13.6431,14.7407,21.2118,18.247,20.7632,17.4434,15.5968,14.0552,21.4264,18.7201,19.6272,2.2168,13.8211,13.1689,15.3006,13.9183,16.5143,19.527,19.1967,11.3226,26.5092,-0.6288,13.0489,15.7444,18.307,19.348,10.1311,11.3896,14.5053,18.5339,19.9198,11.7915,6.6945,-2.1618,-0.7815,-26.4868,14.0505,12.0642,8.0448,12.5221,18.9033,23.2343,16.5515,21.778,17.2626,51.2422,16.3672,16.3485,15.6254,20.2396,12.6868,17.4025,22.686,21.0499,11.4522,25.7789,13.7438,20.6423,18.2427,-0.3891,17.0293,17.7457,6.5456,22.9911,12.3237,2.7247,15.8583,11.8574,3.7842,6.6135,15.8849,1.3651,20.1134,6.8808,11.8734,6.7666,11.1623,10.1167,18.5101,19.9938,10.1018,-0.3291,1.2287,21.9389,12.1628,-27.8814,-0.6784,21.6164,19.8651,12.313,16.5481,11.6687,6.8526,8.6433,8.3341,8.9292,19.118,-12.7086,-17.707,13.6283,20.5565,-6.9364,1.4613,13.1274,10.0716,24.1238,1.7809,19.4727,38.256,32.9372,10.8176,23.3728,37.4883,20.1492,25.1211,21.9072,21.9072,-0.6784,21.6164,19.8651,12.313,16.5481,11.6687,6.8526,8.6433,8.3341,8.9292,19.118,-12.7086,-17.707,13.6283,20.5565,-6.9364,1.4613,13.1274,10.0716,24.1238,1.7809,19.4727,38.256,32.9372,10.8176,23.3728,37.4883,20.1492,25.1211,21.9072,21.9072
32,19.151565551757812,19.656005859375,63.88450622558594,26.772598266601562,16.16474151611328,13.420455932617188,12.045310974121094,15.531440734863281,1.8516006469726562,8.391326904296875,8.755203247070312,13.365676879882812,14.39508056640625,10.643028259277344,16.41162109375,17.271865844726562,14.348159790039062,6.994300842285156,-1.6181869506835938,8.242538452148438,-2.53656005859375,15.435409545898438,13.021049499511719,8.931861877441406,16.95208740234375,42.191436767578125,16.203689575195312,20.617942810058594,21.070709228515625,17.448463439941406,24.49968719482422,13.644500732421875,15.089065551757812,12.634773254394531,10.371414184570312,14.346298217773438,2.7050018310546875,20.540512084960938,18.945213317871094,12.636375427246094,17.7889404296875,16.891372680664062,20.50342559814453,17.005897521972656,11.7237548828125,-6.6082763671875,14.03253173828125,24.599319458007812,18.310401916503906,8.515365600585938,5.641563415527344,22.912208557128906,19.045143127441406,25.3578,13.4984,-19.2207,1.5365,11.2812,9.2234,9.8577,-20.6482,-6.2901,7.499,11.9692,15.5874,23.075,19.5823,14.4473,-13.6894,-48.3574,14.9068,2.6161,-27.4309,16.5394,12.7247,17.3293,-7.5303,24.3658,1.2036,20.0513,17.9148,-11.1216,-12.1335,21.9271,17.5106,13.9197,-10.6589,7.7856,13.8627,10.3426,6.4387,8.7504,16.5706,12.4295,14.1408,8.7461,12.5862,10.8243,17.3704,3.6224,17.0931,-14.7018,5.6767,12.497,5.2387,12.402,8.7402,17.0169,9.0774,17.6879,385.7985,-1.0031,19.7409,8.8732,-13.2801,-5.7569,21.5026,15.1266,-33.6757,3.1806,34.5524,12.3987,19.0188,10.8958,13.7432,13.5206,-10.0626,5.094,8.2267,17.6996,22.3704,25.0687,14.1189,8.3122,14.6443,12.4552,2.6268,-14.3659,-11.3277,-37.7098,-20.6939,2.5038,11.2733,-30.0895,15.6805,16.2351,11.3136,14.1489,14.347,16.6388,15.2519,12.2004,-23.1131,4.4522,12.76,-44.3517,12.1323,27.7686,29.4473,17.6392,21.114,1.5429,6.4766,13.0551,19.0606,8.6932,15.9633,15.8346,17.4228,17.1929,13.2204,13.9184,18.5134,42.3175,20.8796,40.7573,18.8397,21.0159,29.6301,14.0389,18.4091,17.2234,15.0214,16.0127,10.1462,12.3937,14.7817,12.7904,18.4722,13.5238,8.5128,16.9273,27.0548,14.0244,22.6693,34.4149,19.352,17.6189,5.4349,12.3427,17.3002,19.9426,19.9143,14.6296,15.0544,20.2872,25.8543,27.0167,23.3319,13.5401,22.6129,15.6111,18.3249,16.9508,19.0923,9.2578,8.7287,13.5648,17.2675,18.9703,17.5799,20.5207,17.2936,14.7241,15.2436,17.2712,18.3216,17.9383,-0.3854,13.5637,15.9002,12.4105,15.9766,14.2848,21.1691,16.2391,12.915,16.3016,-1.01,10.0074,15.1789,17.6594,19.0728,8.4092,11.9296,14.7622,18.6303,18.2864,12.5674,7.4137,-3.4505,-0.7406,-7.0282,7.8011,10.9228,4.5422,17.2072,19.5092,18.4714,25.7726,20.7647,15.9535,34.4958,16.5829,16.9002,9.9464,19.7819,15.5657,19.6512,22.2264,21.7281,10.0922,4.8162,1.5897,15.4025,20.1106,-4.9996,19.1752,17.2908,11.0598,20.4213,7.4048,9.1582,15.2428,16.1809,11.789,7.5198,20.7028,7.4629,23.367,13.8588,9.6999,8.6365,2.4889,14.3172,17.8042,21.5644,12.5526,4.0169,2.8065,24.7148,10.8796,-16.7024,3.9699,22.9215,21.2753,13.207,41.3959,12.4372,11.1845,9.2898,3.96,10.6107,19.4297,-1.6858,-24.4158,14.005,23.0969,0.3023,9.2449,5.5491,4.6698,20.9926,3.7376,20.171,35.825,34.8397,10.0773,37.9221,37.9136,20.9477,24.9713,21.1688,21.1688,3.9699,22.9215,21.2753,13.207,41.3959,12.4372,11.1845,9.2898,3.96,10.6107,19.4297,-1.6858,-24.4158,14.005,23.0969,0.3023,9.2449,5.5491,4.6698,20.9926,3.7376,20.171,35.825,34.8397,10.0773,37.9221,37.9136,20.9477,24.9713,21.1688,21.1688
33,30.03899383544922,22.964096069335938,76.87815856933594,30.149490356445312,18.915771484375,17.002845764160156,14.114654541015625,15.552207946777344,3.3044204711914062,10.796577453613281,12.156272888183594,14.699089050292969,16.329498291015625,12.776763916015625,16.197364807128906,22.61589813232422,15.472511291503906,11.316505432128906,4.362205505371094,12.793128967285156,4.720191955566406,17.93364715576172,16.429031372070312,10.408027648925781,22.738037109375,32.44648742675781,18.62004852294922,21.37702178955078,21.802688598632812,19.887245178222656,26.93016815185547,16.139022827148438,17.30194091796875,15.31939697265625,13.174697875976562,16.500106811523438,2.7795028686523438,19.848556518554688,21.057022094726562,8.285774230957031,19.602569580078125,20.402359008789062,21.681297302246094,18.708587646484375,14.040214538574219,-6.185020446777344,14.983596801757812,27.68328857421875,22.564186096191406,10.922584533691406,9.413276672363281,24.591224670410156,21.560203552246094,24.2972,12.499,-11.5228,-2.3422,14.7579,17.9709,26.5862,-19.586,-2.5627,7.647,11.9621,13.7304,50.91,15.7,14.0996,-10.7154,-42.3446,15.4216,9.1693,-23.8942,21.2878,23.2998,15.4432,-7.8248,18.6324,13.1963,23.9861,15.1903,-11.086,1.0184,32.509,18.082,17.3754,-19.0489,7.247,12.7822,14.7244,9.5977,8.925,18.4651,19.0717,20.274,9.6314,15.4088,12.7122,15.8212,5.2469,16.729,-18.2451,2.4176,11.2159,10.554,14.4483,14.0733,16.6412,9.4609,18.1555,449.5705,8.7801,15.076,11.2556,-12.7037,-9.5853,11.5794,19.4782,-29.0002,11.7004,77.3418,11.6954,35.1183,13.1537,24.4378,9.7851,2.8276,12.2033,7.7355,18.5151,23.6572,25.5716,14.1223,13.4288,15.0381,15.6602,3.38,-12.9342,8.3004,-29.9207,-2.6383,5.4168,14.4899,-32.014,13.2722,15.5675,12.9576,16.5314,12.2928,15.9724,16.7773,6.2258,-21.2912,7.1463,16.5014,-27.738,11.3117,21.4627,17.9118,17.7613,22.1536,-0.5915,18.3856,4.2748,17.1837,5.4259,20.0258,17.3073,28.5573,17.6164,12.4865,12.2135,18.0217,37.9859,16.7605,23.6364,20.064,25.5537,27.6717,12.9014,13.2995,19.757,14.7168,24.4059,11.04,11.225,11.6609,12.6642,17.5428,13.1588,9.6107,15.4769,18.9206,1.1665,20.3968,21.9558,17.6597,17.9103,10.0096,12.9391,17.5411,21.8438,20.3897,15.861,16.0649,19.2499,26.2231,26.901,19.8915,18.3582,22.9601,14.6706,19.7688,17.3192,19.1964,3.4427,0.0118,13.0814,17.013,18.8092,17.5821,20.6677,20.8676,13.8371,14.7702,15.3623,17.5862,16.07,0.5283,14.5318,15.9731,13.8831,22.7004,15.1821,18.4222,11.4568,16.1483,17.8172,2.4475,11.9959,15.4542,17.2403,19.0513,10.6143,11.1745,14.3952,17.5859,15.0111,15.4631,8.2401,6.234,1.6635,-16.4361,16.2781,6.7973,7.334,13.2395,14.7446,17.4978,13.3114,31.1848,16.8659,43.6747,12.7113,23.6449,11.6552,19.3403,17.6007,20.6227,21.188,20.5756,15.1922,14.9344,-17.1073,13.4071,15.5326,-4.4265,8.6169,18.3369,15.9685,18.5941,12.9071,26.2695,14.9547,-10.4137,14.0941,0.7374,23.6291,11.5763,22.5712,18.4133,9.0097,9.8287,9.8573,16.2599,13.6749,20.8356,11.6063,9.4424,1.5995,30.139,11.8324,-17.9549,6.2715,20.1922,31.0358,16.7234,15.6607,12.7109,13.4425,9.1053,7.1512,11.9878,19.598,0.1732,-27.755,16.1871,27.006,-10.9103,11.7291,10.7599,-0.746,16.2955,5.4606,22.1826,32.752,30.5126,6.9752,23.9741,35.0686,20.7851,27.3346,23.4588,23.4588,6.2715,20.1922,31.0358,16.7234,15.6607,12.7109,13.4425,9.1053,7.1512,11.9878,19.598,0.1732,-27.755,16.1871,27.006,-10.9103,11.7291,10.7599,-0.746,16.2955,5.4606,22.1826,32.752,30.5126,6.9752,23.9741,35.0686,20.7851,27.3346,23.4588,23.4588
34,27.80425262451172,28.18315887451172,76.69166564941406,34.05657958984375,20.75652313232422,20.3687744140625,15.587348937988281,17.839599609375,4.1388092041015625,14.162063598632812,17.114181518554688,17.00525665283203,19.898033142089844,16.69709014892578,21.688949584960938,23.512725830078125,22.32128143310547,16.567459106445312,10.451530456542969,15.884681701660156,10.962074279785156,20.790542602539062,17.90032196044922,10.297470092773438,25.03400421142578,46.12085723876953,20.2213134765625,21.570556640625,22.985626220703125,23.809463500976562,27.080825805664062,18.27545166015625,22.823257446289062,18.298362731933594,17.347076416015625,19.73760223388672,11.354606628417969,21.001220703125,23.341629028320312,17.036216735839844,24.340675354003906,24.38030242919922,24.62743377685547,24.693893432617188,16.883743286132812,0.2210235595703125,15.998985290527344,26.75128173828125,21.153549194335938,13.020713806152344,13.179695129394531,27.94847869873047,23.175376892089844,22.6504,14.0999,-2.2492,-5.0024,16.6426,16.8733,28.098,-19.4773,-28.0509,12.2538,17.2018,13.9011,58.513,11.4913,12.5387,0.3428,-29.2773,23.229,13.4934,-7.4863,21.1554,15.2541,17.2939,-6.6098,19.0466,16.4246,29.2847,14.8962,-0.408,43.5422,24.5786,23.7652,20.5323,-14.471,8.8971,5.7234,24.3197,8.6377,16.7277,22.3987,23.278,14.4611,10.8011,18.0075,29.4535,20.4079,7.2014,18.9881,-16.3743,-0.1795,19.1844,39.2918,19.5151,15.4534,278.6624,10.1372,20.9415,81.2529,15.4771,32.1189,14.8794,-15.4888,21.3322,9.1539,23.9892,-19.5815,21.3949,154.8465,19.7135,13.7201,13.563,29.1189,1.4729,10.7368,12.7074,14.7678,18.5875,18.1678,24.4202,14.7211,16.6278,20.8613,17.7962,-7.7318,-13.9102,12.6786,-23.1987,8.9963,15.2684,19.3082,-24.3009,15.8495,16.5564,14.124,22.5299,15.9921,23.9679,19.4506,-5.6364,2.5904,12.2029,15.4314,-7.5891,11.5847,36.3987,16.8772,23.8031,23.0459,-9.3252,20.2916,10.5331,18.6645,4.2729,26.6593,13.0504,28.7826,18.9932,13.5348,-1.3413,17.2725,21.1037,16.9862,66.9366,20.1761,31.6578,16.0229,10.1607,14.4112,23.9902,14.3408,18.8085,4.6569,6.5695,10.8246,10.7736,17.3168,13.387,11.4418,18.6078,22.7581,-4.178,25.9916,15.6136,17.2384,18.186,13.2505,14.3856,16.7055,22.0025,21.528,22.3376,18.5518,22.3718,22.6705,30.5978,23.994,24.1971,22.7671,16.5931,19.6219,18.3482,18.7894,6.6193,8.294,15.2204,21.3382,21.7706,19.4677,21.3982,22.1049,14.5688,26.8059,15.7431,18.0084,15.3233,0.6558,17.7621,17.368,18.1702,26.9108,16.6668,22.2699,4.7413,19.3149,19.3289,13.1081,13.7462,20.8576,17.6874,18.7976,10.5182,17.1058,18.372,22.8776,17.3205,15.1214,12.4512,21.1523,13.5711,5.9405,28.438,9.95,14.317,12.4971,22.987,21.2373,11.6192,40.8829,21.5166,33.5334,14.3546,26.8558,13.9841,20.1459,19.9959,20.9469,20.257,19.9457,16.7859,23.5933,10.6446,18.0393,20.7646,-4.3769,3.9102,19.0234,12.4391,26.8064,18.5102,36.1506,19.7978,-13.9612,18.4078,6.4507,29.2101,15.0662,36.4707,15.7424,13.5092,12.5732,16.6161,23.7843,13.9669,26.6063,11.5301,17.5159,11.0269,31.8307,19.2078,10.5745,2.6705,26.382,20.7321,39.21,16.2723,16.037,13.5102,7.7672,-0.3762,11.8079,23.19,1.0742,-11.7145,20.584,25.5011,-12.6284,16.0967,-0.3283,-6.3415,13.7943,7.6889,24.1685,30.2038,35.7714,11.0371,23.9048,30.7937,18.5274,28.4957,21.6066,21.6066,2.6705,26.382,20.7321,39.21,16.2723,16.037,13.5102,7.7672,-0.3762,11.8079,23.19,1.0742,-11.7145,20.584,25.5011,-12.6284,16.0967,-0.3283,-6.3415,13.7943,7.6889,24.1685,30.2038,35.7714,11.0371,23.9048,30.7937,18.5274,28.4957,21.6066,21.6066
35,26.82659149169922,33.849700927734375,90.01809692382812,38.75072479248047,23.996231079101562,24.01177215576172,17.19036102294922,20.354347229003906,5.510078430175781,19.253036499023438,19.652923583984375,21.830604553222656,22.941383361816406,21.680519104003906,25.433982849121094,26.003097534179688,33.02037048339844,21.509666442871094,18.60285186767578,17.36663055419922,15.55950927734375,21.275588989257812,18.80242919921875,8.5419921875,24.43848419189453,31.337753295898438,21.83226776123047,22.655166625976562,23.520736694335938,24.35009002685547,26.075584411621094,19.49701690673828,25.046791076660156,19.61682891845703,17.74267578125,21.478660583496094,15.808219909667969,23.878555297851562,24.8619384765625,23.922447204589844,24.879928588867188,29.743614196777344,30.339805603027344,25.841102600097656,18.42906951904297,8.155654907226562,17.54137420654297,29.089561462402344,19.821929931640625,13.893699645996094,14.64727783203125,27.025001525878906,25.335800170898438,24.7302,16.2869,-4.3711,-3.2186,39.4772,20.2058,20.94,-25.7727,-19.7307,15.3863,27.7015,29.1476,87.5116,14.2998,20.0767,3.8678,1.7077,25.6308,23.1992,-20.6044,16.7233,17.3496,21.3242,11.5911,30.4779,17.0589,21.7023,33.4245,5.289,11.8785,21.5731,29.9797,15.8354,7.6872,7.9703,-5.76,40.2702,11.2475,27.5004,30.6817,31.1881,8.1982,22.633,15.5737,27.4109,33.9325,27.5248,19.6868,1.3262,3.1742,53.7165,22.4464,23.7916,14.4343,23.0024,13.781,24.495,9.0566,17.4769,60.099,16.1544,-1.2058,15.1322,3.2135,25.795,-29.7552,31.6171,77.1128,40.2585,-33.4205,14.7787,12.8555,-30.1757,24.579,13.1635,11.5341,18.0752,18.0042,27.1417,15.233,16.5551,19.8781,20.1756,-29.1442,-27.7012,4.6288,-7.3941,16.2914,26.8186,22.0669,-29.8714,10.9966,15.4121,17.5735,20.1032,16.7411,25.9386,15.925,-1.1054,5.1065,11.9605,15.5889,5.1361,11.6589,18.0762,22.7785,21.3736,22.1194,-11.3405,19.0161,12.4754,4.72,-27.6095,26.3444,11.6011,22.2791,20.4898,14.0136,-7.7831,16.6347,18.2977,16.2013,20.4751,21.6473,25.6566,9.9347,6.4138,18.975,24.5875,16.6987,14.7628,1.4542,3.9132,-16.0918,11.9464,17.1154,14.4789,11.9462,21.3601,18.2767,6.548,22.9168,19.0673,17.5469,17.8459,13.5976,15.9585,17.21,22.4029,22.0062,20.052,19.8481,22.5961,16.6549,27.6004,22.6181,27.4466,19.4003,13.0558,17.9939,16.5239,16.8288,12.7821,13.1311,14.8687,17.847,21.1125,19.3095,14.3117,20.8748,15.1673,28.141,13.9722,18.2506,6.0477,0.001,20.1091,18.1805,18.7033,28.6296,20.4521,20.0593,-1.2885,23.5683,20.5608,13.1436,13.99,20.7367,17.4855,17.9925,4.502,20.2712,20.3193,20.172,17.8344,15.2332,-17.867,10.5045,18.9701,14.9549,25.33,16.9287,14.1905,15.8736,22.2684,24.1554,18.0236,44.7257,21.1336,32.5651,14.4735,26.0306,16.1837,22.0454,22.2705,26.1431,18.6472,19.6911,21.6975,30.106,27.6291,23.0637,22.3086,18.0335,4.5128,18.2985,18.1642,25.0062,25.6173,31.8776,23.5936,-6.8224,22.4121,16.2241,40.267,41.0482,43.7046,25.9419,18.6138,38.6084,25.4832,39.0681,23.5312,23.2509,15.832,15.6841,21.6447,40.4845,24.048,17.5006,12.051,32.3465,17.4603,78.6559,20.5562,17.139,147.2428,12.7667,1.2671,11.1241,33.2106,7.2885,8.1694,23.8467,39.1008,-7.939,16.1096,7.3812,0.374,15.4506,17.061,26.5615,21.8289,28.8582,10.6376,21.6195,35.556,19.0076,36.508,26.9197,26.9197,12.051,32.3465,17.4603,78.6559,20.5562,17.139,147.2428,12.7667,1.2671,11.1241,33.2106,7.2885,8.1694,23.8467,39.1008,-7.939,16.1096,7.3812,0.374,15.4506,17.061,26.5615,21.8289,28.8582,10.6376,21.6195,35.556,19.0076,36.508,26.9197,26.9197
36,26.482315063476562,40.326255798339844,125.64730834960938,39.14106750488281,24.047706604003906,37.70538330078125,17.724197387695312,24.030258178710938,9.323089599609375,19.56665802001953,17.417205810546875,27.66107177734375,26.265052795410156,19.263038635253906,27.458961486816406,27.01312255859375,23.07477569580078,24.21875762939453,22.021347045898438,19.10381317138672,17.985748291015625,22.704444885253906,21.79296875,17.766433715820312,25.816162109375,31.092857360839844,24.20367431640625,24.822059631347656,23.403305053710938,25.353118896484375,28.154708862304688,21.311721801757812,27.03160858154297,21.118370056152344,21.110267639160156,23.342185974121094,16.68793487548828,25.251251220703125,25.90422821044922,24.583595275878906,25.94469451904297,27.488800048828125,50.03785705566406,27.557281494140625,22.427383422851562,13.704483032226562,27.51654815673828,25.396995544433594,21.272903442382812,14.409965515136719,16.61090087890625,29.18085479736328,26.47821807861328,25.0195,17.1238,5.2918,5.3835,20.687,22.2892,17.8948,-19.2439,1.1436,9.219,24.0183,21.505,37.4273,14.6468,15.0293,16.2529,5.4724,13.4497,10.8717,7.5513,16.2414,22.4316,21.4086,4.3237,43.6283,18.2562,18.4787,26.9361,13.02,16.8388,19.404,34.973,15.8916,10.0753,6.1806,5.5559,25.058,11.8139,15.358,24.7576,19.4617,21.2519,20.0477,11.9196,16.7483,20.4052,22.9345,27.1497,2.4732,-6.5559,43.3591,35.5953,20.5912,11.8706,23.1334,19.362,21.0143,7.6947,6.3816,17.9734,15.4622,6.0681,16.5494,16.1841,21.5594,-15.3537,31.5754,31.5561,16.2408,11.8746,16.2425,21.7313,-13.3425,25.679,17.9335,14.4085,18.3204,17.0503,24.4877,17.1653,18.3368,18.5818,22.8638,-12.2581,1.0603,6.6105,3.186,18.0037,22.3792,24.4674,-22.7775,16.2706,17.6759,22.5615,22.8899,32.9459,43.0651,17.373,3.1697,10.865,11.3125,20.826,14.6202,22.2441,25.1772,27.1136,24.3307,23.1029,11.6042,14.4802,26.4833,11.0602,17.6456,26.9859,14.4247,24.039,22.99,19.7841,14.225,18.1342,27.5302,22.6657,22.4315,24.2512,38.8286,22.0156,15.8625,21.5999,25.9803,21.254,13.7917,8.5689,9.6381,0.7622,26.2845,19.4273,18.1838,16.8416,23.5559,19.7338,15.0347,19.8332,20.9958,15.4493,21.5212,16.9166,19.1847,18.1,29.8975,27.7507,19.5614,20.2568,24.1656,21.5986,31.4828,22.6531,25.7742,20.8133,12.6838,19.8394,18.7681,19.4968,14.4439,12.7787,16.805,17.3629,22.935,20.0598,15.0,21.2886,18.8035,27.9773,16.9114,20.2202,13.0544,6.9858,20.1349,19.8625,19.4901,15.6223,12.6172,17.8237,11.3478,20.6971,19.8272,14.0697,17.7165,21.3037,18.1847,17.4097,8.2713,25.4722,20.0017,19.5153,20.7432,18.7449,-0.4103,-3.8713,-1.8221,11.1258,22.0305,17.3139,14.226,16.45,22.3344,19.0499,18.6847,33.5536,17.7838,18.7997,15.6739,23.9561,16.7222,21.9128,20.72,22.3399,18.1824,19.1908,19.649,33.5652,22.4589,24.0706,22.9752,2.2802,14.2341,18.5817,17.3749,23.9987,22.7531,27.0544,37.247,-2.1281,23.9077,26.3685,27.992,124.9482,35.1917,31.7459,16.8328,33.2104,21.8124,98.1475,32.8978,28.3219,17.8414,19.3591,17.9156,38.222,20.2721,21.799,13.9354,25.6121,17.2648,20.6644,19.9554,26.6672,34.7687,17.6281,6.6268,9.9233,39.901,7.8044,16.458,28.2338,51.3379,-4.0197,18.4794,33.1323,8.8116,43.0396,45.5266,30.0019,26.2605,33.2769,18.612,25.5602,27.6184,20.3124,34.8724,26.4862,26.4862,13.9354,25.6121,17.2648,20.6644,19.9554,26.6672,34.7687,17.6281,6.6268,9.9233,39.901,7.8044,16.458,28.2338,51.3379,-4.0197,18.4794,33.1323,8.8116,43.0396,45.5266,30.0019,26.2605,33.2769,18.612,25.5602,27.6184,20.3124,34.8724,26.4862,26.4862
37,28.60991668701172,44.30665588378906,136.34068298339844,46.071319580078125,24.254776000976562,26.01079559326172,18.848983764648438,20.152442932128906,10.974960327148438,19.27465057373047,17.417625427246094,22.07886505126953,26.89508056640625,19.16706085205078,26.73639678955078,27.249298095703125,23.972930908203125,26.281211853027344,24.343734741210938,18.539634704589844,20.23480987548828,25.502059936523438,24.180007934570312,21.804473876953125,25.22411346435547,32.3138427734375,28.3822021484375,32.02415466308594,25.645362854003906,27.92021942138672,29.58948516845703,23.256195068359375,25.78662109375,21.77440643310547,25.664878845214844,26.14916229248047,16.121994018554688,27.36602783203125,27.039390563964844,22.848968505859375,23.795196533203125,27.241378784179688,29.548744201660156,28.08721160888672,20.69245147705078,16.26160430908203,27.833663940429688,25.187355041503906,24.3966064453125,15.742233276367188,16.81793975830078,26.690505981445312,26.155624389648438,25.5379,14.8455,7.6577,5.8726,14.0413,19.5912,14.0948,-20.0621,7.707,10.9747,19.1368,21.5278,40.6605,20.6836,15.1959,25.1865,15.0227,13.1314,10.7864,15.6141,14.3893,19.8138,92.1447,-5.6705,19.649,16.636,16.9786,23.6008,19.3951,15.9693,6.2678,31.7591,12.9361,13.351,18.8464,15.2742,52.5291,12.9252,14.3694,24.4123,11.0082,18.4447,19.6857,16.5023,20.8976,24.2535,18.9207,28.1936,3.8474,7.3479,14.9135,77.7014,20.754,10.1286,22.3414,19.3361,33.029,13.2168,8.1951,20.6486,28.5377,11.4419,13.3734,9.4248,25.4929,1.9473,29.3729,32.9269,21.9814,44.784,24.6425,33.9929,9.9734,24.6621,35.9343,71.4932,22.6021,21.3554,42.1295,27.3425,13.3046,26.8636,34.8371,14.5433,7.2685,8.4782,0.2132,18.9797,34.0557,29.0913,1.4886,20.4142,22.8656,19.9371,27.605,68.0805,37.4492,24.4446,13.8183,11.5335,12.2876,24.5226,16.4301,26.2225,30.8279,18.9348,26.0922,32.0478,21.7897,12.2714,33.7738,27.6783,23.09,22.0848,15.3907,19.0965,28.6141,23.1701,16.323,24.9939,55.9548,26.8609,19.93,19.7492,25.321,20.3359,17.9356,21.8814,26.9359,29.8695,29.9168,12.6734,17.8791,10.3017,32.0121,23.6498,27.8731,43.048,23.8455,29.7284,16.1697,26.6375,20.3507,18.8458,33.0426,20.1542,19.3409,22.6592,27.5012,24.6429,24.1976,23.0929,32.556,243.4217,31.5922,21.3175,24.8136,21.0747,22.9183,24.488,22.0214,23.9186,25.5992,19.2976,19.9416,17.1401,20.8279,21.1081,21.4596,21.0553,20.9402,20.4069,25.0761,33.322,20.2947,18.7104,20.9806,20.1177,17.6838,17.567,13.3048,18.905,15.0911,29.7174,26.0651,20.6796,29.0139,21.3378,21.8174,25.9191,19.2884,24.7848,25.4707,24.9812,25.2726,69.1157,5.9997,3.555,-11.6545,5.0635,23.5742,17.3093,14.0662,28.4207,40.3586,33.3425,23.3836,32.2342,18.7202,31.2032,19.0974,25.7731,18.7778,21.8711,21.6859,22.5804,13.186,19.0755,14.9086,31.1407,12.4351,22.0335,22.4026,21.5544,16.8074,17.1727,17.0034,14.2849,20.267,17.6037,21.5657,-10.22,24.4674,27.6965,24.815,31.6903,40.2621,25.6215,11.2231,30.4519,16.5635,19.3426,24.4097,24.8688,16.324,12.9872,17.2465,19.123,18.024,18.6818,10.7925,20.6816,20.1431,85.5467,18.5309,16.7833,22.5708,16.5519,10.8872,11.7164,34.8878,12.5827,17.9938,21.9901,20.5855,0.4372,14.1257,16.8899,12.0629,36.0299,20.4271,35.6185,20.9192,22.6386,15.3193,20.6023,24.2457,22.9005,36.2504,23.1381,23.1381,10.7925,20.6816,20.1431,85.5467,18.5309,16.7833,22.5708,16.5519,10.8872,11.7164,34.8878,12.5827,17.9938,21.9901,20.5855,0.4372,14.1257,16.8899,12.0629,36.0299,20.4271,35.6185,20.9192,22.6386,15.3193,20.6023,24.2457,22.9005,36.2504,23.1381,23.1381
38,27.229690551757812,43.910682678222656,142.1551513671875,38.22834014892578,25.560707092285156,24.66254425048828,19.141700744628906,17.924774169921875,9.722526550292969,20.8555908203125,52.43324279785156,23.240524291992188,26.08544921875,19.019142150878906,28.768630981445312,27.522689819335938,25.050552368164062,29.73601531982422,26.823165893554688,18.69823455810547,21.441665649414062,25.148582458496094,27.007003784179688,24.401275634765625,25.522010803222656,34.013275146484375,26.671966552734375,31.564910888671875,26.157875061035156,28.776168823242188,31.900665283203125,29.147987365722656,26.178550720214844,21.604690551757812,27.071388244628906,29.49908447265625,24.94715118408203,26.818809509277344,31.753753662109375,24.08087158203125,25.13732147216797,27.547119140625,31.435714721679688,27.57836151123047,21.171653747558594,20.56102752685547,23.23802947998047,30.84362030029297,28.22716522216797,19.031158447265625,18.63365936279297,25.008766174316406,26.322174072265625,16.8235,19.9287,8.7425,-0.4683,20.9916,20.9156,11.0749,-14.5432,11.4064,12.2824,23.9509,15.5106,27.7018,99.0403,86.3826,23.655,16.267,120.2466,40.4056,17.9043,21.9786,29.3544,24.1676,4.7729,23.6091,17.2401,24.6637,24.4985,21.3669,12.7549,21.3105,27.6546,24.3609,14.5243,18.028,17.7002,31.0824,12.8659,13.052,33.7269,17.3994,23.7575,22.9726,19.0106,18.2221,21.9593,10.7953,32.371,3.9038,12.4216,18.6302,21.1572,18.047,11.0139,14.171,10.5266,20.8521,24.5746,13.1776,24.0871,37.3147,10.7963,18.6803,18.1949,27.296,-0.9701,35.1846,38.8284,23.4243,23.7612,18.1252,21.6651,18.6176,28.8281,17.9377,25.346,23.1975,19.6332,24.2578,19.043,13.3199,21.5583,29.9581,17.2962,11.2849,28.8938,18.909,19.0756,25.7081,21.5404,11.713,27.4509,18.733,16.6093,24.6716,37.1199,22.6035,20.6399,12.2274,34.1751,16.5468,30.2969,17.2979,93.2884,21.5071,31.9999,25.1479,25.6419,17.7414,18.6301,27.5703,22.5679,30.4467,27.7161,18.6559,19.635,24.5224,18.1094,24.4987,24.0718,28.6375,61.4135,23.0208,19.2381,22.2441,21.6275,18.6266,30.5642,24.8685,21.6651,21.1185,19.0221,21.5994,17.4354,48.6373,23.8246,24.378,26.1348,22.1878,24.9126,27.0248,26.9157,23.4627,18.2716,26.6305,20.0083,18.3602,21.2035,25.9361,31.2343,25.386,32.2468,33.3806,25.2677,34.7386,31.9476,26.9717,29.7182,23.4944,23.2585,21.4136,26.1571,26.3524,21.2745,35.7642,14.4654,19.1579,26.4359,20.701,22.8874,24.0165,21.9173,23.5685,36.9321,22.1341,23.1719,25.8777,20.9009,16.5838,19.7318,21.1131,20.0779,20.0642,41.4858,25.3321,22.8356,23.3271,23.5058,21.8118,33.6596,21.4094,42.9731,32.9275,29.5924,21.5964,26.8654,17.0846,24.2104,19.6939,28.894,25.5355,19.2219,16.7018,22.0245,36.5353,23.356,20.701,21.8219,36.5615,23.6303,21.875,28.8771,28.1324,36.3342,32.8019,31.4843,36.0603,33.858,53.1752,21.677,15.8504,17.6263,26.8876,32.2688,28.0864,24.002,26.9763,18.4226,25.0718,21.0485,28.6389,7.0859,157.1208,26.5563,27.2592,30.567,26.9013,28.2794,15.9728,59.8478,29.5124,19.9753,25.693,19.8532,180.3695,212.4223,20.0667,192.1867,24.6764,21.7871,25.7557,20.8079,32.4259,51.112,17.9274,16.7844,25.0814,11.554,9.4266,19.9466,25.6925,12.2238,26.1221,20.5886,16.7341,-0.2972,18.5312,25.4661,20.3453,18.3428,17.6658,26.1381,20.2077,17.9061,23.8739,19.6996,28.9337,35.8938,33.2448,21.593,21.593,25.7557,20.8079,32.4259,51.112,17.9274,16.7844,25.0814,11.554,9.4266,19.9466,25.6925,12.2238,26.1221,20.5886,16.7341,-0.2972,18.5312,25.4661,20.3453,18.3428,17.6658,26.1381,20.2077,17.9061,23.8739,19.6996,28.9337,35.8938,33.2448,21.593,21.593
39,29.51532745361328,42.154327392578125,163.00167846679688,36.71930694580078,25.491065979003906,22.850311279296875,19.186935424804688,21.7117919921875,12.542098999023438,19.1053466796875,25.9815673828125,22.600624084472656,24.56121063232422,20.006027221679688,26.313522338867188,24.353431701660156,24.60394287109375,26.11780548095703,25.88031768798828,18.87487030029297,22.388648986816406,26.6754150390625,25.062850952148438,26.723876953125,25.58702850341797,34.55937957763672,31.62413787841797,34.94634246826172,27.412574768066406,31.108375549316406,29.796165466308594,26.363204956054688,29.207847595214844,22.877914428710938,27.447586059570312,26.770401000976562,23.50342559814453,25.89117431640625,30.574867248535156,24.81707763671875,28.356544494628906,25.6607666015625,32.4073486328125,26.03504180908203,22.90392303466797,21.888694763183594,23.271484375,29.189002990722656,25.283798217773438,20.40271759033203,18.816551208496094,21.982742309570312,26.117332458496094,18.4428,41.7906,30.5444,9.3054,171.6892,20.989,23.5478,4.2423,11.2875,13.4878,17.7302,27.3068,46.548,21.3694,29.1007,19.5073,16.9226,19.397,21.3906,9.1179,24.1388,9.6471,19.9679,17.9906,22.222,24.8897,24.4713,26.3601,17.9807,17.8618,10.1665,22.6663,15.2393,14.4691,26.2044,19.508,51.7604,13.4597,17.6748,21.0193,11.0069,11.6518,19.8093,21.2478,21.3224,17.5626,9.1897,18.3135,10.1983,14.5945,31.81,43.1442,15.1716,25.4571,16.4416,9.8273,21.1302,15.6956,15.3612,23.6001,30.0563,17.1646,21.3403,21.0163,26.462,9.9472,22.691,60.2763,24.2628,27.7121,15.491,26.8304,19.5419,22.8489,16.698,19.0911,21.4706,18.1172,22.3528,19.7868,14.0609,30.6676,25.2891,23.6714,20.1755,15.9148,26.029,21.4537,32.0733,16.8825,22.8424,13.9434,19.3369,15.0768,27.4707,27.2627,35.4208,25.4995,11.2942,16.8748,16.9496,22.3165,21.5128,59.4461,22.6188,28.9133,26.2306,26.7052,27.7888,21.8861,30.1728,34.4068,36.6673,29.7807,23.3128,20.4737,33.1908,28.2029,44.4289,24.273,77.5015,29.9691,28.8984,23.6221,21.844,34.3345,23.5711,30.3167,24.3872,35.5186,23.1145,21.3685,21.6532,18.89,43.8368,29.6357,25.0022,25.4628,23.1509,23.2491,27.349,29.0778,24.5927,21.5144,30.3853,19.9319,21.2686,22.6383,26.9815,38.3957,31.9487,29.5547,46.194,23.9634,34.3016,34.4514,27.4532,25.4868,30.8937,28.0016,24.1918,26.6068,18.8876,21.9934,23.0934,18.8478,19.8223,22.035,14.7871,18.8935,25.7169,31.636,27.2646,59.4377,21.4877,21.8821,24.6253,22.4785,20.6815,24.014,30.4115,20.4743,21.8184,36.87,25.7089,23.0885,38.4147,26.3239,24.8331,20.1163,19.6872,22.664,20.8631,27.0848,24.2264,18.2656,13.2674,15.5583,17.0788,22.6682,28.489,16.6141,18.6341,86.9313,25.6862,19.5479,15.5882,24.4259,25.1601,29.2372,51.8346,24.8018,23.8272,28.8774,33.1097,27.4572,25.2279,28.5075,41.8726,21.1979,17.3526,24.8105,32.6723,28.0616,24.5769,21.6553,23.0246,28.3708,28.8018,23.8014,29.5593,12.3022,25.8793,19.8625,19.8652,27.6241,41.3861,17.6368,16.8997,26.7998,40.1841,26.1396,66.5657,19.6369,27.4189,53.094,21.7069,106.2964,23.0611,20.8024,19.3047,38.5982,18.3141,636.4863,31.9495,22.4401,20.6747,10.507,12.4429,21.7725,40.4667,17.7212,28.1296,23.5814,19.66,8.2557,18.2394,14.3575,6.6951,18.8641,20.3162,30.2271,41.1464,11.526,23.1429,21.4096,30.4518,48.6731,35.1656,19.9494,19.9494,19.3047,38.5982,18.3141,636.4863,31.9495,22.4401,20.6747,10.507,12.4429,21.7725,40.4667,17.7212,28.1296,23.5814,19.66,8.2557,18.2394,14.3575,6.6951,18.8641,20.3162,30.2271,41.1464,11.526,23.1429,21.4096,30.4518,48.6731,35.1656,19.9494,19.9494
40,31.83617401123047,36.70692443847656,156.84922790527344,34.177001953125,27.778350830078125,21.80455780029297,19.121986389160156,18.34247589111328,14.200248718261719,20.337631225585938,24.88860321044922,24.3162841796875,30.857589721679688,20.19342041015625,21.608787536621094,27.135406494140625,25.289596557617188,29.775718688964844,24.491165161132812,19.736465454101562,23.918663024902344,32.1065673828125,25.44324493408203,29.656570434570312,26.93218231201172,31.807952880859375,30.613616943359375,42.108421325683594,27.315574645996094,60.28770446777344,31.657814025878906,30.802093505859375,28.858367919921875,28.545074462890625,30.72716522216797,30.183921813964844,27.737388610839844,29.858680725097656,29.866798400878906,27.650184631347656,28.4429931640625,29.114952087402344,38.48106384277344,25.915809631347656,21.762367248535156,20.741897583007812,22.408401489257812,29.570159912109375,25.044769287109375,20.502296447753906,20.057403564453125,22.463287353515625,26.17681121826172,15.8764,27.228,36.9003,13.4298,28.4072,33.9215,18.2874,12.9608,10.923,14.3677,20.7557,17.2443,56.8949,15.1068,13.3912,17.7014,16.7809,17.7587,30.5167,10.5451,25.8114,6.9899,19.621,8.6813,25.926,23.8829,25.7003,19.0102,27.3749,21.5397,13.0356,41.8993,16.3888,14.1419,25.4846,15.5141,34.6023,14.7411,16.6589,21.3759,9.4823,13.4916,49.7646,21.0439,281.877,16.8727,8.6257,17.6883,13.6731,15.0947,40.3924,42.7291,17.5437,15.4909,19.5469,14.2094,19.8188,10.8748,40.8182,25.6915,39.9534,12.6802,20.5021,21.1122,23.4939,25.077,32.6025,42.4921,21.7299,19.0244,19.5391,22.8322,32.4221,18.1493,18.6812,18.8567,21.0072,16.8249,21.89,18.6993,14.4686,23.5318,30.1464,43.8314,21.8756,18.2914,27.1707,22.947,34.8834,20.2382,30.5724,13.9651,31.511,14.9782,39.4652,23.317,24.0957,29.9514,14.2835,17.3749,18.1042,21.9407,24.701,48.7452,26.0689,21.7537,25.2928,42.5156,28.1304,25.554,28.4754,31.1435,41.8559,34.05,27.7233,22.8303,35.6497,33.2773,41.6164,24.5285,68.1899,37.1617,30.121,25.2193,23.6324,30.3706,70.7706,25.8809,25.9382,30.0427,29.7065,23.7763,25.3497,27.2143,40.8225,32.1094,42.6969,28.4346,29.7505,49.2216,26.432,30.8008,27.1375,21.8813,26.3719,27.8436,23.1921,22.0137,27.7602,43.0697,118.3579,33.4057,32.3479,26.8084,52.1389,26.0621,43.7005,28.6735,50.4174,26.8835,28.2143,27.5968,35.4481,23.9476,34.8036,24.4334,20.8987,22.4819,14.7026,25.441,50.9202,28.8237,33.0095,28.4653,21.9311,22.7349,27.608,22.1539,36.4166,28.4792,26.1235,23.1706,22.8965,58.193,58.3729,28.9162,119.6474,25.829,27.8137,20.8919,36.3664,37.004,29.4272,24.7719,29.4527,28.3097,18.5386,18.2876,20.5159,29.6936,23.4168,16.7085,29.9829,54.6744,28.289,22.8098,26.7178,31.6135,24.5038,31.9402,42.5181,25.065,23.6393,25.3205,27.9145,23.1919,18.5985,24.1074,36.6779,19.0649,25.122,24.8711,30.7906,32.1534,35.897,23.8544,23.2749,25.4265,22.8779,21.5467,25.6775,22.5352,56.4616,14.6881,29.5552,25.2045,25.5391,17.2955,17.8144,22.6153,21.9481,37.2581,51.1555,24.676,24.2328,23.9797,31.1911,39.1761,20.6712,24.5651,16.8485,44.3302,18.1579,105.782,19.1772,17.0005,18.0891,13.0877,8.4841,19.5958,33.3867,23.9712,22.4468,20.8811,16.9918,-2.8849,18.8709,10.5037,13.2124,17.9132,353.6347,28.7905,33.2588,15.0392,26.948,21.279,23.1363,32.4664,30.5609,20.1176,20.1176,16.8485,44.3302,18.1579,105.782,19.1772,17.0005,18.0891,13.0877,8.4841,19.5958,33.3867,23.9712,22.4468,20.8811,16.9918,-2.8849,18.8709,10.5037,13.2124,17.9132,353.6347,28.7905,33.2588,15.0392,26.948,21.279,23.1363,32.4664,30.5609,20.1176,20.1176
41,30.113670349121094,43.085182189941406,146.34837341308594,34.07765197753906,26.91814422607422,21.08966064453125,17.20879364013672,18.448379516601562,12.972137451171875,21.11602783203125,21.61835479736328,24.048988342285156,25.84490203857422,19.862899780273438,22.433685302734375,26.490196228027344,25.735946655273438,30.624649047851562,24.301231384277344,20.449127197265625,26.635452270507812,46.032447814941406,24.548683166503906,30.069358825683594,30.851486206054688,44.304710388183594,30.49652099609375,46.518470764160156,27.989173889160156,40.999671936035156,37.515586853027344,31.12438201904297,30.52538299560547,27.5135498046875,31.577484130859375,31.33983612060547,36.55767059326172,30.567138671875,30.10858917236328,29.227783203125,53.76783752441406,28.661590576171875,42.841461181640625,29.824302673339844,22.003494262695312,18.981056213378906,20.157150268554688,28.688003540039062,26.715110778808594,21.347732543945312,23.37939453125,21.341445922851562,28.131881713867188,6.156,27.6227,20.6452,7.0831,24.333,27.9494,18.7647,17.8488,12.5951,16.5407,22.2905,20.6723,61.6642,16.6598,9.8083,9.2473,14.5128,14.9975,14.0127,11.3484,25.1036,4.9658,20.6953,13.3765,24.9782,19.9119,43.3493,18.5772,15.9545,17.1649,17.9006,23.2701,11.0556,16.1027,25.6133,14.1067,35.245,15.626,13.9005,21.7078,3.6369,7.1374,134.1557,21.0629,26.585,20.1628,17.3825,17.8151,12.3198,17.6774,38.4976,60.2204,23.6408,32.4025,24.2986,16.1108,19.4184,17.1532,34.6656,27.1246,51.5509,12.7053,21.7143,27.2103,63.1298,40.4107,33.1538,36.3707,19.5786,19.8218,18.9622,21.3546,90.7236,21.6522,27.4448,19.9291,21.6916,16.7348,48.4868,20.393,15.4471,21.4777,32.6967,76.0613,27.2991,22.1223,26.3209,29.0341,20.2132,23.0127,28.4119,21.5656,28.5806,11.5963,76.7909,183.8647,27.5471,28.7085,14.4587,18.2511,18.7198,18.9894,23.462,168.6247,29.839,26.6162,30.2783,32.3434,28.2659,26.4065,49.4629,41.1315,32.7629,45.9924,29.5365,33.7178,28.6038,28.1853,33.5705,25.328,30.564,32.1768,60.571,26.2469,27.2405,66.7494,22.9838,37.2221,39.0765,28.0413,58.6091,18.8487,26.3609,25.3809,52.5192,82.2452,46.8703,27.1559,25.5712,38.2258,27.2916,32.2914,26.8571,22.2788,26.5843,26.0479,24.4437,26.1691,32.9066,35.8522,40.7136,33.0559,27.7485,28.546,54.8632,41.2094,49.2155,47.0566,37.9848,29.8008,30.858,29.0964,27.6824,27.2762,33.3891,24.2007,34.6493,46.9537,37.8507,29.5961,46.9918,33.0066,55.8907,32.0216,24.8298,29.1783,27.8424,22.8945,28.9121,18.2226,34.3756,24.6756,23.6738,215.8691,43.6987,28.2161,45.6369,25.0066,35.6333,24.0667,38.2581,40.1289,32.1068,32.8043,33.1859,21.7428,26.2427,21.9953,20.6594,54.053,31.7765,18.6744,36.66,33.8009,29.4016,42.403,28.9199,36.6145,26.6815,69.4731,125.6438,30.663,22.3335,26.2401,37.3463,24.6895,22.5647,27.044,56.9306,38.0782,28.8546,48.0231,34.6294,31.0692,41.5755,24.5335,24.6039,100.7157,25.0197,44.6294,30.9107,18.9818,28.1893,22.3435,26.5676,25.746,30.2701,18.5909,18.2353,41.8613,28.19,46.2886,57.1675,26.5483,25.923,27.3243,56.2005,32.0162,30.3541,22.7958,23.8447,32.2818,18.9681,21.5448,21.177,16.9216,29.798,11.5246,11.2236,20.2467,39.8226,13.0384,15.4025,17.1135,16.052,-4.5773,26.4164,13.0813,29.1425,11.4976,25.8294,28.838,33.1981,12.5693,29.6947,28.1268,25.242,35.0293,25.248,24.6152,24.6152,23.8447,32.2818,18.9681,21.5448,21.177,16.9216,29.798,11.5246,11.2236,20.2467,39.8226,13.0384,15.4025,17.1135,16.052,-4.5773,26.4164,13.0813,29.1425,11.4976,25.8294,28.838,33.1981,12.5693,29.6947,28.1268,25.242,35.0293,25.248,24.6152,24.6152
42,32.529640197753906,39.305503845214844,129.48912048339844,33.183189392089844,26.643836975097656,21.690902709960938,17.96582794189453,16.562965393066406,12.570137023925781,21.130126953125,20.839797973632812,22.432334899902344,26.902236938476562,20.154525756835938,21.44318389892578,32.61113739013672,25.960479736328125,30.550941467285156,25.985191345214844,21.439117431640625,27.148704528808594,47.88871765136719,24.851226806640625,28.344207763671875,32.85803985595703,35.964027404785156,30.913253784179688,64.13592529296875,27.95764923095703,49.36578369140625,34.463539123535156,34.403846740722656,28.949134826660156,27.15589141845703,46.11528015136719,28.842552185058594,30.502906799316406,33.96026611328125,29.9730224609375,34.3143310546875,34.27611541748047,30.61754608154297,49.839019775390625,31.67938995361328,22.26800537109375,18.327529907226562,19.201751708984375,34.3389892578125,23.845741271972656,26.705238342285156,24.964508056640625,21.707618713378906,31.685638427734375,-16.5478,22.5432,17.263,7.0385,22.5874,21.2024,10.8486,39.7862,18.9336,13.0665,21.0413,22.8159,38.4826,17.8274,1.4535,6.3361,10.8479,13.2693,15.7218,473.4735,28.3526,1.665,24.8022,13.9882,20.149,21.2649,13.7686,18.1634,24.013,17.8466,17.9925,26.7396,4.9379,10.8838,24.4622,14.49,16.3988,21.077,14.3677,22.7291,27.6553,15.6359,19.808,27.1396,25.997,16.686,14.944,18.5638,13.4803,18.7838,40.9581,60.4083,30.0128,33.617,25.9919,52.5548,18.6948,9.7506,25.9789,24.9334,57.9679,11.1023,27.7848,24.6038,60.9373,57.494,33.0762,33.9674,27.7794,14.9059,18.5707,26.7453,123.1755,32.7344,17.3757,25.446,21.6728,13.6304,22.6317,21.44,17.6877,23.8569,27.658,35.6541,19.339,22.5424,24.6075,25.2515,27.7887,21.5835,26.5933,35.1334,29.6945,13.3914,71.3575,46.0144,25.0984,28.3049,17.1189,32.4871,22.5066,20.4402,25.2501,30.009,20.8693,11.742,31.9751,147.287,28.5625,26.9472,308.563,47.2143,43.9824,42.681,30.3438,37.0271,26.0091,30.6143,33.027,28.8906,37.6932,31.971,34.032,28.0893,31.112,108.3778,31.5334,41.9079,29.1212,29.5071,54.9212,20.6837,24.7447,24.8993,27.6677,49.7784,96.8971,26.939,24.4638,57.5884,27.7104,30.274,28.0123,23.1865,27.8205,34.7185,26.1487,30.9767,32.2053,28.0108,66.7651,29.1212,29.055,25.5454,65.1816,60.4213,28.2082,32.0404,33.854,27.8948,28.3068,28.0841,29.3698,26.5535,42.3773,28.3862,27.1694,24.2355,20.3732,30.0001,25.6494,26.966,48.9541,32.8207,25.4059,27.2722,24.7074,21.7232,26.3603,23.026,34.9497,24.9689,23.838,72.9015,41.1937,68.1076,85.3976,29.1058,31.3994,32.2093,25.4531,51.9853,24.2821,39.0109,44.3932,28.1385,30.575,27.3235,21.484,24.0778,25.6737,21.4506,32.3692,30.8976,34.5399,41.6583,37.682,42.9378,39.1608,96.4069,146.6164,26.1175,20.6964,25.3022,30.0538,24.7589,27.3411,30.3639,73.3415,35.117,41.6831,45.8603,39.7065,34.9475,39.7511,34.2325,30.3591,26.4628,25.1387,25.6808,27.3427,19.2676,33.4401,19.3104,31.5207,42.5382,41.7281,21.3037,20.8687,28.0972,33.0375,53.2852,58.4707,27.3029,32.2436,42.1073,52.4221,39.2781,33.6874,23.9023,21.6776,18.8727,13.2203,54.4173,19.0976,17.2097,16.8943,11.5552,11.8094,36.0004,25.0993,20.9398,14.4656,17.4031,15.9069,10.0284,29.0583,16.2912,22.0353,11.0885,24.3685,27.462,17.7807,14.347,29.1795,23.781,29.2671,33.3481,22.7883,35.8256,35.8256,21.6776,18.8727,13.2203,54.4173,19.0976,17.2097,16.8943,11.5552,11.8094,36.0004,25.0993,20.9398,14.4656,17.4031,15.9069,10.0284,29.0583,16.2912,22.0353,11.0885,24.3685,27.462,17.7807,14.347,29.1795,23.781,29.2671,33.3481,22.7883,35.8256,35.8256
43,34.168365478515625,39.35484313964844,120.08796691894531,33.991981506347656,28.189735412597656,22.08941650390625,18.68218231201172,17.42554473876953,15.736030578613281,24.226455688476562,20.40473175048828,23.979515075683594,25.024253845214844,20.86743927001953,21.320899963378906,34.369041442871094,29.075294494628906,35.89989471435547,145.9052276611328,23.261863708496094,28.475799560546875,48.42822265625,25.621604919433594,28.711517333984375,33.54967498779297,36.37683868408203,31.546844482421875,83.68388366699219,30.036766052246094,82.6685791015625,33.98216247558594,34.009132385253906,34.71453857421875,28.274429321289062,34.12250518798828,29.057327270507812,31.951980590820312,38.070831298828125,31.608680725097656,42.42633056640625,36.062721252441406,30.523910522460938,54.39610290527344,33.37060546875,24.106155395507812,18.72650146484375,22.259521484375,29.515304565429688,27.192848205566406,24.196182250976562,24.87158966064453,23.20311737060547,30.877944946289062,-27.2493,21.0182,16.1402,13.278,22.0731,17.4453,-8.9651,20.256,16.9717,12.7592,27.6374,17.7172,43.0601,18.0524,4.4018,9.9985,12.9841,13.0297,19.4765,23.4863,16.6214,-0.9401,22.1211,10.8075,19.9875,23.1738,13.2166,19.4698,23.8783,14.551,18.2397,19.6017,-3.5598,12.6583,25.291,18.3419,32.6097,17.2235,13.7433,22.7953,25.3057,17.397,22.2851,23.9835,18.6314,14.5533,13.7842,19.5282,16.6065,20.0669,33.1961,45.8885,39.4854,19.9009,33.5273,22.6041,19.4975,4.3867,12.9902,31.7994,47.1442,16.8819,25.4975,100.5581,74.0032,31.4548,45.2474,38.6619,36.3813,19.7136,19.1621,17.0163,77.5906,394.6469,18.8651,38.8332,22.1372,-2.5356,20.4245,23.874,20.319,25.6852,29.4704,36.4963,26.8781,26.0961,24.504,26.4664,24.603,41.4656,23.1583,51.319,34.5958,12.4944,63.9872,36.5231,21.5257,27.2758,12.0492,19.8936,22.8833,21.3493,25.3127,19.2598,30.0621,3.1011,24.3683,35.3101,25.8113,26.6968,36.5782,51.3489,46.8283,34.2875,28.1347,34.6337,27.3181,25.4548,28.7868,29.4836,39.7507,35.6706,31.582,24.3222,28.9163,136.8097,23.0734,28.6887,33.3032,29.4446,62.377,21.3017,24.0566,22.3892,31.8126,90.8799,139.6416,27.6686,24.8506,37.1342,25.9679,76.0584,26.0476,26.3412,27.1933,27.6994,26.0723,25.7856,42.6622,29.6859,164.7821,179.5077,30.7602,28.742,76.9406,54.8422,35.5696,31.1936,57.3817,40.0231,27.5313,28.2843,30.1123,30.3725,35.7997,27.23,28.4284,22.2007,37.3578,26.6149,25.0394,42.1155,53.3083,43.5634,26.7048,31.3126,24.7646,21.4184,27.5352,27.7052,124.3082,25.2386,24.7887,35.8802,44.2223,23.9848,36.0641,32.9604,25.8892,23.2627,27.9116,42.2042,24.3141,33.7177,27.205,26.0323,57.1306,49.8998,22.1022,27.5299,27.6673,21.2163,29.3817,31.1828,40.3237,42.6716,44.9624,61.4665,49.7312,71.228,85.6166,25.914,20.107,28.0988,32.2852,25.6924,31.91,34.6242,58.963,32.7595,58.5991,45.4338,60.0548,36.8497,41.2449,31.204,26.8427,31.7789,27.0586,37.1476,29.3455,23.736,28.9035,25.0481,26.0688,23.6113,47.4477,21.5682,29.4678,76.5353,39.2591,56.459,80.7558,32.3376,46.0515,30.8969,68.6772,35.005,33.7706,25.4696,20.583,22.3899,18.4316,86.8371,22.1553,19.522,20.5319,10.3041,8.6012,22.3819,40.2862,17.2807,13.3529,16.9149,15.2762,3.0659,24.3072,10.299,26.6671,19.4154,25.3478,28.0017,7.577,15.6153,27.9553,22.6879,20.0931,25.6337,20.7038,26.0645,26.0645,20.583,22.3899,18.4316,86.8371,22.1553,19.522,20.5319,10.3041,8.6012,22.3819,40.2862,17.2807,13.3529,16.9149,15.2762,3.0659,24.3072,10.299,26.6671,19.4154,25.3478,28.0017,7.577,15.6153,27.9553,22.6879,20.0931,25.6337,20.7038,26.0645,26.0645
44,34.481361389160156,37.05601501464844,114.74272155761719,35.30792236328125,28.61841583251953,23.44139862060547,20.945594787597656,18.889602661132812,19.307212829589844,25.015625,21.39415740966797,24.680892944335938,26.827392578125,21.425445556640625,23.06456756591797,35.378936767578125,30.89098358154297,93.2332763671875,63.39335632324219,24.235214233398438,33.66693115234375,46.731781005859375,28.92259979248047,29.6392822265625,33.78057098388672,37.702125549316406,32.60182189941406,96.2110595703125,32.07017517089844,55.78271484375,34.628196716308594,39.855018615722656,41.25697326660156,29.501304626464844,34.58686828613281,30.382278442382812,36.34947204589844,43.265960693359375,38.745941162109375,48.03288269042969,38.2091064453125,35.89892578125,56.80851745605469,33.809425354003906,26.197891235351562,20.0506591796875,26.62317657470703,32.82892608642578,26.323593139648438,26.521713256835938,26.09723663330078,25.05401611328125,32.179481506347656,-25.141,17.855,14.4507,18.1447,21.4705,14.7217,-13.2714,20.9133,36.8485,12.8556,22.3108,18.538,41.635,17.4759,7.4511,3.5908,16.3858,12.9892,16.5172,75.4541,21.6315,-8.8551,19.6679,13.7817,18.0898,22.439,15.8636,24.802,33.868,18.2422,16.9513,18.9253,-4.952,10.9326,39.5494,19.6818,32.0086,9.6412,8.8135,23.5523,23.05,22.8807,20.88,18.4904,16.3348,14.6648,12.4625,18.3035,19.2697,20.9501,52.5893,200.1004,38.9444,17.6027,27.8998,19.9233,19.0812,13.7255,28.8397,31.3608,30.7985,17.5672,28.9748,24.0853,82.1621,43.8708,212.1084,42.5759,42.5489,24.1799,17.6829,29.0845,0.6493,67.8516,30.8695,52.8812,27.3544,3.1609,22.7494,25.4696,17.8757,26.4841,31.8567,44.3344,29.1681,25.7372,23.773,34.3035,31.3705,47.7763,56.951,37.6444,34.3272,17.8647,48.2194,101.5558,19.925,29.8924,7.6553,31.216,23.0471,25.4145,25.5444,25.0314,29.691,12.0652,25.9362,55.8878,23.7833,26.6743,41.4554,52.2287,54.1677,32.3462,27.0887,28.8571,28.1743,28.2888,26.1,26.2454,49.601,34.4622,39.7872,36.3609,26.9395,111.7737,25.57,42.6691,31.6605,26.337,30.0172,22.0253,22.4337,23.1815,28.8911,140.0097,160.434,28.6794,23.3398,28.9969,29.1577,122.7007,25.5485,27.0379,27.0832,25.2454,29.1197,25.9621,36.8948,33.5114,56.7706,112.2887,33.4312,53.7982,114.7321,100.3403,27.9829,27.1114,57.9254,30.1362,26.6339,28.462,34.2097,29.7039,48.1633,21.2758,27.486,22.6953,24.4877,26.2133,29.8676,54.3313,56.98,32.4907,30.5503,32.2505,29.8,21.8583,26.0226,25.613,37.7074,25.6639,25.131,33.3687,117.6664,23.9385,54.4849,38.4644,25.5328,25.5161,27.6122,39.1936,24.1307,28.5999,27.8852,35.4389,38.8582,81.9604,30.9732,35.0822,30.3223,22.7297,22.7434,37.7758,45.0834,42.4418,50.8456,84.9755,72.4702,130.4147,206.7188,26.3209,21.7002,43.0683,32.3518,26.1875,35.977,35.9992,109.1867,37.2384,65.2798,59.2646,70.4331,58.8139,54.75,30.7014,31.189,37.969,36.0628,28.767,29.8463,25.0978,29.5746,25.4281,37.7182,37.3223,36.1857,22.0724,55.5284,39.6313,55.2304,50.0373,120.4888,35.3332,150.0864,63.8193,104.6727,69.4454,30.7801,22.7242,22.5934,82.537,16.9611,69.6944,23.2367,20.162,21.2054,8.3356,11.6211,23.7925,38.4411,10.4368,10.978,19.7165,13.1401,9.6707,22.1252,6.4289,20.2753,24.5694,23.1447,27.2431,15.0927,15.841,23.1377,17.5263,17.9775,27.465,18.6312,25.2101,25.2101,22.5934,82.537,16.9611,69.6944,23.2367,20.162,21.2054,8.3356,11.6211,23.7925,38.4411,10.4368,10.978,19.7165,13.1401,9.6707,22.1252,6.4289,20.2753,24.5694,23.1447,27.2431,15.0927,15.841,23.1377,17.5263,17.9775,27.465,18.6312,25.2101,25.2101
45,35.06239318847656,36.805335998535156,107.06320190429688,35.47308349609375,29.130584716796875,23.479736328125,21.52045440673828,21.301681518554688,18.379165649414062,24.28338623046875,23.094970703125,25.02733612060547,26.867713928222656,21.502365112304688,23.60907745361328,39.38324737548828,31.349319458007812,60.67340087890625,50.71076965332031,26.897125244140625,33.238922119140625,53.055389404296875,31.63562774658203,30.728652954101562,33.69453430175781,37.45005798339844,32.90232849121094,91.94384765625,32.683074951171875,75.26704406738281,36.22444152832031,57.14390563964844,37.69493865966797,30.627037048339844,32.37690734863281,48.42942810058594,34.69701385498047,45.85237121582031,37.175865173339844,59.69744873046875,40.237281799316406,31.703628540039062,57.76513671875,42.035186767578125,25.223831176757812,20.91314697265625,26.139686584472656,34.023597717285156,32.486228942871094,26.44403839111328,26.84618377685547,25.29106903076172,35.767372131347656,-13.0268,22.8799,14.8204,10.6668,20.6496,14.6552,-16.0034,31.7304,36.6214,14.1216,18.2076,36.1566,38.3072,17.7361,11.0404,1.3578,17.4797,12.1591,12.0555,67.8176,12.6035,-2.9212,18.1514,16.4573,17.7325,19.7738,15.748,19.4255,33.2434,15.3305,16.6398,18.9451,-8.9916,5.987,68.4186,14.5502,56.7759,13.5987,7.3879,22.9144,21.9305,18.8519,16.7087,22.6855,16.9889,14.9004,13.1411,16.5463,23.3092,22.0944,35.1234,33.3409,45.9734,58.0431,28.3375,19.3877,20.3009,23.6522,25.5515,30.5628,6.8138,25.402,76.1759,23.6963,81.307,72.7265,80.6181,33.3851,32.6458,29.8071,17.5322,17.5472,-1.3032,30.4167,27.7085,50.1717,20.2559,-4.6049,20.951,24.9381,23.8972,35.7756,29.1241,54.9911,29.509,26.7363,28.7181,29.2601,31.1476,39.7715,44.987,29.8684,40.8347,60.2443,70.7404,25.0845,22.7334,24.9925,20.0428,44.2139,22.6446,29.7897,26.395,19.3343,31.3724,16.285,26.1379,30.4688,23.8999,25.2311,42.4546,63.4958,57.0246,35.0256,29.9665,27.2092,28.9702,32.9274,31.9534,26.5709,61.1269,31.8371,36.7227,30.7399,30.6915,118.2947,22.6976,33.1841,29.7781,25.5791,35.2289,22.8967,27.5449,61.6572,29.2406,242.9676,140.9377,29.5013,25.6639,23.0478,32.5645,80.8948,25.8046,26.6292,27.638,29.9767,25.9792,25.3022,32.8029,41.9114,118.7237,30.212,29.6955,47.2648,119.2967,88.2587,28.979,24.9655,54.2625,29.4151,26.5248,52.1159,49.7132,30.0929,95.3647,21.1406,25.8141,16.5141,24.349,25.7816,28.4357,36.8539,246.1157,30.7649,72.6886,38.1331,30.9037,22.2106,26.951,25.6778,31.9536,25.7503,25.2691,26.694,155.046,24.0388,43.6439,36.1485,26.1534,22.7184,26.2144,38.48,76.9428,30.2943,24.8077,27.2363,46.2087,31.2597,35.5877,26.8437,27.6255,22.7692,23.9117,36.0058,53.0391,42.8456,54.7421,69.4765,68.2777,173.3547,92.2465,26.3245,28.9085,32.6609,32.0749,27.538,35.9074,57.2106,166.1337,31.3891,93.3976,63.8787,122.2434,56.7871,60.0997,37.1158,34.6598,42.8337,27.5173,28.2452,38.1352,32.7465,28.3987,28.6538,22.4311,26.4795,32.1153,28.9794,41.7927,36.4035,115.1804,55.417,94.493,38.3867,40.3672,50.7393,75.6572,77.9065,54.9363,22.4936,22.7429,161.9729,37.2548,68.2067,22.319,14.7173,17.1508,10.5523,12.4048,21.906,50.629,7.6634,11.8875,20.7656,13.6171,14.9769,22.7215,15.9445,13.7072,19.6779,22.8786,27.6951,21.5906,14.5536,20.8058,23.8435,23.6928,26.6467,23.1579,34.0461,34.0461,22.7429,161.9729,37.2548,68.2067,22.319,14.7173,17.1508,10.5523,12.4048,21.906,50.629,7.6634,11.8875,20.7656,13.6171,14.9769,22.7215,15.9445,13.7072,19.6779,22.8786,27.6951,21.5906,14.5536,20.8058,23.8435,23.6928,26.6467,23.1579,34.0461,34.0461
46,32.93751525878906,32.59771728515625,107.21853637695312,33.24676513671875,27.799270629882812,21.620887756347656,19.833335876464844,21.66820526123047,17.34764862060547,21.948410034179688,19.793411254882812,22.269805908203125,24.933349609375,22.674461364746094,23.025779724121094,37.710609436035156,27.445938110351562,54.562042236328125,37.553611755371094,23.650360107421875,29.79694366455078,35.99078369140625,28.83269500732422,28.85565185546875,31.922996520996094,37.071937561035156,29.391494750976562,88.78199768066406,31.208404541015625,105.687744140625,31.69355010986328,38.604522705078125,33.79791259765625,27.066802978515625,29.181167602539062,32.311302185058594,30.418235778808594,44.09198760986328,44.277076721191406,45.654762268066406,35.66767883300781,30.574951171875,49.066558837890625,35.172760009765625,22.33208465576172,18.39508056640625,25.706321716308594,26.263900756835938,46.81474304199219,245.5713653564453,24.911285400390625,24.075599670410156,37.8084716796875,-7.4623,26.8982,12.5033,15.0096,30.1135,17.118,-11.1583,29.4374,43.6049,18.4538,19.1473,70.558,52.299,16.7536,11.669,-8.4152,20.45,8.2864,14.1081,23.092,15.3933,0.367,19.9474,13.3905,17.1466,19.3198,11.5849,14.6639,29.9334,17.3307,16.5075,20.7753,-10.2326,5.9046,26.3338,16.7231,38.1721,16.1086,18.0207,23.1087,20.6757,30.5729,17.1245,29.2729,17.7156,20.6767,14.1455,15.8585,28.4791,19.6142,31.0175,41.3999,41.2564,22.4977,24.697,15.5359,21.5788,15.4532,24.6886,24.3029,15.9213,23.0737,27.0233,27.017,146.638,39.4704,65.9094,32.7945,30.6915,26.5053,20.1879,4.1684,0.8088,26.0867,20.2343,53.9686,43.9909,1.0543,18.6954,25.5966,20.5801,31.6573,28.1564,79.2347,29.0552,23.5577,80.4656,28.1266,25.0559,44.2988,56.9036,93.4737,48.6496,67.8448,23.9782,30.0262,40.3937,35.9569,16.8262,33.9126,23.625,27.1004,22.1414,22.146,26.1616,-1.7666,27.249,30.1105,26.133,23.8684,35.3926,41.4417,45.521,34.0739,32.2913,30.0967,31.2442,36.0142,50.5205,29.1268,39.9302,31.5721,31.21,36.867,124.3213,145.1966,22.3156,42.6936,27.0796,21.8421,59.341,27.5094,24.2275,24.3562,28.3915,141.1204,137.5985,29.425,26.5145,30.2087,140.1378,62.7709,26.1517,27.1144,27.5467,25.7612,25.2782,37.1099,31.5113,33.2128,215.2671,32.8512,27.6858,51.4401,94.0222,69.8273,36.7562,22.0948,39.5418,29.7778,26.7891,55.9548,46.0314,30.1516,35.2206,22.4075,25.4434,22.292,22.8055,24.5239,24.4132,32.2847,51.7024,32.1544,300.0842,45.4027,28.0305,21.8366,24.0682,31.1581,29.2383,24.898,31.0853,70.1936,78.4662,24.531,96.7699,23.3596,25.6992,22.9661,26.1117,38.4466,28.1361,27.0936,25.7595,28.2573,40.6528,29.2367,106.8155,25.9446,26.3341,22.6456,25.1003,32.6344,45.4571,32.3781,53.902,56.3445,91.9955,54.4218,40.2175,57.1025,27.1642,60.6206,29.3185,26.6789,62.3396,59.3282,172.2965,29.8501,50.0302,60.4227,94.75,40.2867,73.9905,34.2712,40.7763,36.3837,27.7843,26.4226,33.3193,51.5995,29.6333,23.124,26.5295,32.0654,31.3253,130.5793,48.137,84.7076,336.048,54.0048,32.1029,28.0433,55.7951,39.4447,28.2732,56.1546,38.5621,22.5555,21.3792,42.6181,86.9332,69.9759,42.4016,15.4425,17.6644,9.4248,19.6175,694.6577,39.942,11.1374,11.2843,101.4567,21.9472,15.9638,23.7205,18.978,17.4668,25.9206,29.9936,34.4409,20.6464,19.0226,225.5314,311.165,21.3093,27.9195,23.7041,48.1406,48.1406,21.3792,42.6181,86.9332,69.9759,42.4016,15.4425,17.6644,9.4248,19.6175,694.6577,39.942,11.1374,11.2843,101.4567,21.9472,15.9638,23.7205,18.978,17.4668,25.9206,29.9936,34.4409,20.6464,19.0226,225.5314,311.165,21.3093,27.9195,23.7041,48.1406,48.1406
47,45.9622802734375,31.492210388183594,114.28192138671875,28.907440185546875,25.098167419433594,17.91252899169922,17.6865234375,17.801116943359375,10.1165771484375,20.828369140625,16.10094451904297,19.7420654296875,20.592880249023438,23.12242889404297,18.101837158203125,28.75330352783203,23.332786560058594,48.146759033203125,29.06037139892578,18.624168395996094,23.738967895507812,30.325973510742188,24.114364624023438,24.924713134765625,29.595977783203125,31.069717407226562,24.21710968017578,65.14936828613281,27.171188354492188,51.96531677246094,30.38623046875,31.500350952148438,27.42760467529297,22.778045654296875,26.856002807617188,27.905738830566406,25.844276428222656,36.01066589355469,33.04127502441406,36.474365234375,31.157760620117188,25.127487182617188,61.89546203613281,32.24982452392578,19.106704711914062,16.6978759765625,34.52562713623047,24.68885040283203,25.35272216796875,79.96307373046875,40.27607727050781,19.60320281982422,41.68113708496094,37.7412,56.7064,23.4102,5.5121,25.9084,23.5822,-6.9623,21.1896,43.5739,20.4868,27.9832,33.6984,48.3875,36.776,12.0936,6.1027,35.0751,13.3134,10.4255,19.0186,13.9177,2.7722,27.5627,17.4996,19.9165,19.7595,12.7718,14.9665,28.1612,22.4462,18.3597,19.1243,-13.0278,-11.7533,24.1466,21.3248,50.259,21.6945,30.0709,21.7245,19.3848,16.6657,33.8974,25.6028,16.5681,17.0242,16.8946,14.8811,24.5855,23.8491,29.4116,25.3974,28.3742,14.3221,22.7324,21.81,24.3343,15.5722,24.013,25.4379,18.5685,15.6837,76.7008,42.5429,34.4329,32.3376,70.25,197.8396,30.2316,26.4818,20.0461,-2.0107,12.0181,23.5835,18.4653,41.3968,20.4737,16.3445,19.3937,23.0856,17.8538,29.2861,23.4285,43.9039,22.9169,21.5324,56.0642,24.7277,39.0576,30.7186,32.9164,18.6156,30.462,48.9375,27.0117,19.8862,25.5648,34.0711,19.7403,26.3903,24.4846,24.7532,22.0191,37.1615,36.0815,18.2492,270.3164,29.2757,25.679,27.2796,31.0662,47.6059,41.0084,28.0906,34.0288,34.9929,28.4933,41.0805,27.8352,31.6061,31.3986,30.9161,31.9069,84.4473,49.5242,157.0564,23.8951,46.5737,22.9025,19.6155,52.5308,22.3762,24.8767,24.3282,35.3834,116.5693,80.3705,28.0111,159.7715,25.4469,111.6685,67.0879,26.304,26.8507,31.4322,26.7231,27.4218,54.5654,31.9166,34.3066,34.9875,30.1074,31.6898,108.833,92.973,38.8236,28.2768,28.3564,38.9294,32.0123,26.892,34.5911,285.9089,27.497,28.909,34.7853,18.1131,30.5541,23.1004,22.46,25.5263,26.3241,30.9592,26.9335,64.8601,48.5534,23.9387,22.5304,23.2709,28.8414,23.9239,30.2696,24.9837,88.5834,26.3897,30.6637,36.7983,45.6994,24.9486,26.1298,24.0433,38.2842,28.0894,25.7301,23.7763,52.539,25.9835,25.223,24.0677,25.2048,24.1185,23.1234,23.3732,63.2246,40.269,24.069,39.1386,48.0956,56.5816,46.5751,44.0545,69.951,30.4036,33.9752,29.1466,28.3919,53.6467,79.7268,143.4126,35.4244,35.6893,76.2993,100.9104,33.3629,57.388,30.0286,31.8577,35.8369,28.8466,24.2621,24.4858,74.3114,36.0827,43.3642,25.2524,23.2946,43.5035,423.5388,31.1245,74.5015,265.8118,115.8091,29.0735,25.3402,45.762,28.159,24.8362,36.2583,41.6497,22.6191,20.6477,63.4978,23.9236,82.7583,44.8231,20.3805,15.7996,10.1094,26.6346,78.1217,24.085,7.4069,18.4547,27.9446,17.4678,18.4433,84.577,17.5885,21.7618,64.1398,37.8893,30.6033,25.938,17.0167,51.1205,57.7371,30.8191,45.7935,37.0395,70.4077,70.4077,20.6477,63.4978,23.9236,82.7583,44.8231,20.3805,15.7996,10.1094,26.6346,78.1217,24.085,7.4069,18.4547,27.9446,17.4678,18.4433,84.577,17.5885,21.7618,64.1398,37.8893,30.6033,25.938,17.0167,51.1205,57.7371,30.8191,45.7935,37.0395,70.4077,70.4077
48,28.10973358154297,26.645469665527344,93.21955871582031,25.993408203125,20.935501098632812,13.501487731933594,13.985954284667969,14.923553466796875,8.957489013671875,32.62281799316406,11.77508544921875,17.2080078125,18.892318725585938,65.32852172851562,16.06714630126953,24.68560791015625,25.252952575683594,36.43665313720703,20.930213928222656,13.684463500976562,20.008956909179688,30.43457794189453,20.38188934326172,20.93476104736328,25.503173828125,30.21484375,20.79613494873047,41.859336853027344,24.500953674316406,43.90888214111328,28.227554321289062,24.742095947265625,27.71106719970703,22.570220947265625,68.42362976074219,23.398155212402344,23.069557189941406,32.12120819091797,28.37554931640625,27.91985321044922,24.052520751953125,22.221717834472656,36.31592559814453,46.054359436035156,14.854637145996094,12.011146545410156,27.043136596679688,20.650230407714844,20.02631378173828,57.64500427246094,22.061973571777344,16.259674072265625,24.557456970214844,23.1527,17.9876,16.3914,12.4261,16.8364,16.8364,9.6396,28.3191,25.0175,20.3666,71.5838,20.0768,62.6225,56.6856,24.3179,24.7069,29.0836,13.1261,9.1593,24.4013,20.9314,44.8735,89.2279,20.1063,22.7023,22.4414,21.8995,18.4664,27.2675,28.855,31.8865,23.4115,-18.9177,9.166,44.2552,24.9801,24.9801,48.0061,165.5961,47.5941,16.6783,16.9075,44.6176,20.9614,18.0852,19.3857,40.3866,15.3272,15.0591,19.0364,25.0538,24.6517,23.4474,12.9737,21.0967,16.0917,23.0168,13.4111,28.4986,40.8616,12.785,52.0203,105.2781,103.8456,27.4454,46.0183,46.0183,22.6794,34.2757,31.8496,16.4961,36.6922,24.2188,21.1519,18.833,42.6969,20.5645,21.4452,143.9291,20.5524,13.5064,24.4817,22.5159,30.496,23.4284,18.3751,37.35,23.9301,28.8996,54.7643,26.8637,30.3754,25.4446,80.5089,43.0751,16.8877,16.689,16.689,20.8896,33.1408,23.41,23.3053,26.9099,32.5838,25.3614,14.8543,27.6185,37.1116,23.3351,26.1345,29.9769,38.4709,34.2923,28.6791,32.7384,30.9288,26.3629,37.1779,26.1963,25.6905,32.5476,41.0566,31.9147,29.1019,26.1341,71.9865,37.2457,37.2457,24.0153,18.5696,25.8729,22.5436,21.1938,22.7713,28.7569,84.8677,30.1486,25.9201,108.6184,23.4675,44.1578,37.2081,23.4547,27.2267,25.2534,25.1108,25.4894,25.9668,37.1339,30.395,36.5577,29.7422,38.5547,51.8351,72.3182,28.6071,46.7705,32.5744,32.5744,32.8534,26.9986,28.3248,29.1326,24.0436,24.015,25.7185,13.083,23.8573,28.4084,25.3372,27.3697,38.5881,44.7302,23.6693,26.7117,27.4231,22.8635,21.9054,31.7106,35.8832,24.5389,21.853,27.4153,30.5585,24.0633,166.1539,21.9812,141.1312,20.2744,20.2744,23.3765,31.3126,28.6269,29.9464,22.8368,27.577,23.767,24.4595,20.4816,25.8505,26.2196,22.5679,25.7523,29.5925,25.7061,24.613,36.6029,36.2064,40.6601,30.466,27.3007,34.8716,26.1086,29.7035,23.8168,25.3487,35.1037,27.6032,30.3654,30.3654,25.2367,40.8342,78.5271,25.7407,47.7069,21.3256,22.9308,21.0758,27.2641,18.3905,19.3175,20.8307,24.3516,47.0166,26.7645,38.1759,51.3604,26.5983,25.2867,48.8655,136.9805,41.8028,34.3107,17.9915,22.2109,19.8827,27.1624,33.4829,92.4218,16.7709,16.7709,13.7181,19.4105,161.6699,19.6964,15.3426,17.0456,10.2788,14.4275,30.6297,24.5388,3.0455,12.7976,18.5469,9.1451,12.1617,25.8564,15.3346,21.8907,42.5155,25.6303,19.669,28.1201,16.1026,26.5242,25.0404,25.5634,30.7114,19.5469,42.1931,16.7709,16.7709,13.7181,19.4105,161.6699,19.6964,15.3426,17.0456,10.2788,14.4275,30.6297,24.5388,3.0455,12.7976,18.5469,9.1451,12.1617,25.8564,15.3346,21.8907,42.5155,25.6303,19.669,28.1201,16.1026,26.5242,25.0404,25.5634,30.7114,19.5469,19.5469,19.5469
49,29.188987731933594,25.573516845703125,70.95997619628906,23.78105926513672,18.860031127929688,11.73492431640625,11.467361450195312,12.190422058105469,7.558479309082031,18.020782470703125,10.671577453613281,14.236015319824219,15.988700866699219,38.2083740234375,19.435997009277344,24.402000427246094,20.533447265625,27.723609924316406,14.279914855957031,13.314476013183594,18.02593231201172,22.175369262695312,16.71057891845703,18.475265502929688,21.950218200683594,25.960289001464844,19.793014526367188,33.705589294433594,22.376564025878906,33.94239807128906,26.694984436035156,22.235694885253906,43.043800354003906,19.851348876953125,77.86112976074219,22.4002685546875,19.620697021484375,29.531700134277344,24.081100463867188,26.17725372314453,20.079010009765625,18.058441162109375,28.25665283203125,28.250289916992188,13.012962341308594,9.633033752441406,20.825706481933594,19.18719482421875,18.2840576171875,39.06464385986328,19.312278747558594,13.627586364746094,22.49755859375,18.7365,13.6649,17.9975,13.2181,20.2209,20.2209,5.5868,52.3984,21.0464,18.2561,22.614,18.8227,49.7253,27.5483,3.3466,15.6133,21.7354,12.3427,9.4795,19.2506,14.3908,30.0665,34.8311,17.9236,16.0818,11.7683,18.2086,23.2203,34.9773,24.9158,21.4377,18.4312,-9.2885,12.3266,26.0936,62.0125,62.0125,38.769,60.6643,20.3172,17.8341,29.1031,20.9163,17.4519,20.4247,34.3716,26.9546,10.6346,16.8565,16.5783,21.8413,37.6757,28.2232,131.8942,25.5221,18.9782,21.4153,11.8696,34.0698,29.1816,10.2242,38.3097,21.9835,45.199,15.8025,31.8017,31.8017,110.5277,23.6282,42.4465,17.8826,31.1043,0.5119,10.7848,20.8548,28.0645,16.986,26.5236,249.9789,16.9966,17.6691,24.4818,22.2043,21.5349,24.5533,19.5476,28.4157,24.2642,26.1619,25.9088,22.9153,34.9248,21.4426,21.5859,18.9511,22.6807,14.0355,14.0355,21.242,39.3068,22.4026,16.4701,25.2021,23.1997,32.2427,21.1307,22.4585,48.7953,22.3758,21.7615,26.1045,31.6948,33.0056,29.8991,28.9737,23.2437,21.1694,23.919,24.4459,19.8308,25.082,28.4094,27.3855,26.3161,59.035,41.3034,28.2706,28.2706,23.7449,21.4147,20.0268,22.3754,17.667,22.6563,25.2703,33.4649,24.3255,23.9152,56.6295,23.399,28.0806,27.1602,22.1861,24.7399,23.9698,21.9152,21.7177,26.0873,54.3077,27.1216,27.6011,26.1126,25.8797,53.0245,41.5769,29.663,61.7893,26.8873,26.8873,27.1012,26.5653,25.0743,22.4358,22.4197,22.8711,21.5202,19.1776,23.3566,27.8568,22.0229,22.4042,88.8644,166.0951,20.6107,22.7253,21.2252,18.3997,19.6122,26.3137,25.317,25.1173,20.5848,24.1189,19.4005,22.4448,168.7061,24.2398,26.0767,18.4862,18.4862,21.6735,19.2487,29.7239,24.0145,18.7049,13.1113,26.495,24.4607,30.1153,20.8892,19.8819,17.2465,20.441,18.8242,17.9734,23.8409,34.6093,25.7686,29.2828,42.0412,20.5049,30.7103,23.3456,23.5089,18.9537,23.522,23.7977,23.6611,24.6938,24.6938,29.6634,24.8074,29.8149,30.9617,29.7166,11.7064,16.3545,14.767,16.3197,10.3226,17.3836,1.1708,42.1428,13.4547,17.8672,19.5219,21.7414,23.3204,19.3558,23.0856,43.7563,25.2908,29.8909,14.2138,19.9473,20.2761,23.7767,47.5278,33.8905,20.7094,20.7094,10.6522,21.6613,115.6184,17.7236,13.8915,22.872,11.335,11.4904,31.6921,24.4854,6.9968,11.3353,19.6616,7.6886,11.7908,23.1035,13.0802,20.8815,25.9746,24.534,18.0133,23.0791,11.7197,28.919,23.7978,24.2027,30.0921,21.2763,45.2646,20.7094,20.7094,10.6522,21.6613,115.6184,17.7236,13.8915,22.872,11.335,11.4904,31.6921,24.4854,6.9968,11.3353,19.6616,7.6886,11.7908,23.1035,13.0802,20.8815,25.9746,24.534,18.0133,23.0791,11.7197,28.919,23.7978,24.2027,30.0921,21.2763,21.2763,21.2763
50,52.03460693359375,24.042373657226562,65.946044921875,23.186241149902344,17.674667358398438,9.629158020019531,10.175834655761719,12.105354309082031,3.2802276611328125,18.940322875976562,13.044654846191406,13.290367126464844,13.573295593261719,27.224685668945312,18.325843811035156,16.634666442871094,15.692939758300781,21.952651977539062,13.24127197265625,14.058731079101562,19.210235595703125,18.39678192138672,12.33740234375,16.114608764648438,20.112831115722656,29.48455810546875,18.170738220214844,26.979576110839844,21.65302276611328,29.576263427734375,23.384422302246094,18.990570068359375,31.06755828857422,18.19390106201172,39.58564758300781,19.18286895751953,17.875778198242188,31.56877899169922,21.26214599609375,23.799285888671875,19.427932739257812,17.89495849609375,24.98761749267578,22.77960205078125,12.950782775878906,7.36688232421875,17.55231475830078,19.084732055664062,16.42412567138672,32.25334930419922,16.386611938476562,15.090553283691406,21.366439819335938,20.7101,8.7502,12.5135,2.8514,13.4666,13.4666,-1.4769,12.8954,23.0076,15.3732,28.7888,42.6502,56.0483,22.9635,-9.6148,-5.3483,17.0511,23.2566,7.9234,17.7731,13.535,15.0874,13.6497,15.681,16.7168,13.4667,10.0269,7.0927,51.072,27.7569,19.1119,15.2194,8.5414,15.3263,18.7409,20.4323,20.4323,34.5774,27.8619,19.547,17.7473,3.6364,13.5016,16.8685,18.7674,30.1568,25.5665,9.3815,12.5658,22.6678,30.4299,172.6808,16.5264,21.7012,14.9764,18.7686,16.5401,11.9808,31.7768,17.094,11.0357,9.0066,24.7872,129.5619,9.0027,23.9101,23.9101,22.6301,14.352,18.6266,13.8619,27.9265,-8.8744,-0.348,18.7566,25.1977,16.44,17.0238,23.7969,12.767,21.9601,19.0626,17.8485,21.0422,20.5753,12.4426,16.1765,31.1231,30.9124,25.5352,26.3369,16.1541,16.5008,19.9756,12.72,17.8052,13.0047,13.0047,18.0458,18.2339,14.4296,6.8122,22.0282,21.9841,31.963,15.5765,42.8519,21.8333,19.0083,19.8692,26.796,20.6579,29.2783,32.0938,30.9105,21.4842,16.8973,23.1192,24.5874,22.9211,87.0511,23.6247,25.7392,49.8691,49.5609,29.8363,25.4303,25.4303,28.3477,19.111,16.7963,21.5107,34.0596,21.6914,24.4147,23.6727,15.5041,20.66,26.3167,22.8059,25.0859,22.1897,20.8456,22.824,20.7024,16.6516,19.9746,26.7114,27.837,23.3055,22.7587,22.0722,21.7588,51.517,35.0807,30.77,57.4677,24.9992,24.9992,25.2756,23.12,20.332,11.5039,20.247,19.0041,32.198,17.8457,20.8166,38.119,18.4689,24.5919,43.6503,24.1519,23.5056,20.2396,16.7294,16.2062,13.037,23.3646,16.3437,16.1121,24.4852,18.2956,18.0148,58.6228,37.2,17.7816,20.6961,13.3234,13.3234,16.3124,-4.6415,23.2028,20.3423,17.7268,14.5128,24.4761,13.5706,32.7182,21.4097,11.9188,11.0306,16.7948,13.6881,20.4562,41.649,44.7625,25.4155,56.9755,93.9052,27.411,23.9139,23.6333,19.8066,19.368,21.9862,46.1508,21.9056,22.1936,22.1936,26.5398,24.4407,27.0892,28.3324,13.8783,13.0154,19.4721,19.0323,24.0037,15.5675,17.4902,-9.7247,22.4706,15.7406,21.0202,17.7285,20.3781,19.2891,8.9174,18.6003,25.7371,28.4198,25.6048,14.2454,23.3939,12.4295,28.6903,34.2513,22.3825,23.9705,23.9705,9.0029,20.3506,45.6094,17.9181,17.2228,20.431,7.943,9.0308,27.2562,19.3535,5.0606,8.7113,18.5344,2.0044,9.0667,21.1391,11.0272,13.5386,21.3669,26.0893,18.0512,25.0942,18.8877,27.1929,26.1343,25.5678,32.9959,24.4203,34.3085,23.9705,23.9705,9.0029,20.3506,45.6094,17.9181,17.2228,20.431,7.943,9.0308,27.2562,19.3535,5.0606,8.7113,18.5344,2.0044,9.0667,21.1391,11.0272,13.5386,21.3669,26.0893,18.0512,25.0942,18.8877,27.1929,26.1343,25.5678,32.9959,24.4203,24.4203,24.4203
51,29.74737548828125,21.86267852783203,51.4952392578125,22.627777099609375,16.781967163085938,6.72357177734375,9.453048706054688,9.4813232421875,-4.954010009765625,13.363487243652344,11.64678955078125,11.05706787109375,13.626251220703125,24.401512145996094,14.219062805175781,14.445068359375,13.670341491699219,18.243011474609375,6.162933349609375,10.447113037109375,13.057342529296875,16.19872283935547,11.025985717773438,14.080810546875,17.91535186767578,23.99224853515625,16.69805145263672,24.21227264404297,20.35315704345703,26.041854858398438,21.89349365234375,19.573471069335938,23.318824768066406,15.9383544921875,36.06952667236328,17.500694274902344,14.002182006835938,37.368919372558594,17.47259521484375,21.075904846191406,17.48125457763672,15.977302551269531,19.49072265625,19.04869842529297,10.840217590332031,6.6860198974609375,14.532562255859375,18.826576232910156,31.421051025390625,29.22309112548828,14.6517333984375,13.745101928710938,20.567344665527344,21.1167,4.8292,4.55,-19.149,9.8172,9.8172,8.8991,16.4961,8.2931,15.2294,15.9169,36.1645,64.5498,49.8723,-11.9324,-44.8755,17.4821,18.1367,2.2251,16.5947,25.6052,20.1996,6.3433,43.1282,13.8694,18.7881,13.9637,1.0119,24.5955,22.1188,17.8686,17.7241,-18.0237,7.302,36.8536,11.9008,11.9008,32.8962,32.4494,19.0647,15.6695,10.3441,12.3997,17.481,13.8681,16.7975,23.258,9.4769,10.0844,17.3262,9.4741,27.7437,11.3591,20.7688,12.6474,19.1437,11.8592,6.7584,21.0575,13.2892,5.7387,-10.1342,31.5192,18.2228,-0.7611,11.9918,11.9918,20.1649,23.376,16.8021,8.9081,31.5802,15.5512,-19.5868,16.002,35.9501,15.9768,20.2432,23.0219,7.4539,11.7377,16.2646,13.4088,15.1429,14.7681,7.5035,12.435,13.9185,30.6897,22.8212,27.5956,15.896,11.0984,16.6767,13.0404,17.1923,15.7054,15.7054,4.0168,9.5448,14.2216,7.7438,19.6766,20.8047,31.9512,11.6748,20.8178,18.1456,17.3557,113.5206,24.5466,21.9439,30.2249,27.3363,22.6579,18.0146,14.7839,29.8062,22.3562,24.1918,22.6449,24.6403,21.8727,35.9669,20.9334,27.2253,27.5164,27.5164,21.4461,17.1668,18.7547,19.6684,26.6885,20.0953,24.2719,20.386,12.5038,17.0864,18.8395,26.0128,24.6918,25.7079,19.9525,21.9307,16.9669,14.0031,24.0293,21.0922,24.3784,21.8345,19.1152,28.3844,25.3277,51.8377,25.2884,31.5402,26.0639,19.9988,19.9988,21.5685,21.3608,14.922,11.5307,18.4507,23.7138,40.4901,18.7412,17.9802,17.2107,16.4947,21.6356,21.1952,25.2916,21.2254,16.9717,15.2055,13.273,8.8235,18.1966,14.7589,18.5922,18.7846,17.3721,16.3543,13.6669,40.5343,19.3047,20.1398,13.9175,13.9175,17.6346,0.3174,20.0652,19.5527,16.1418,19.7118,17.314,13.2565,34.6343,14.7397,18.5177,15.0804,19.1294,16.1865,29.1579,51.9567,63.7787,21.5914,118.0272,21.9809,20.0124,20.2888,22.5089,11.7352,16.8932,21.655,22.1397,20.1787,18.6349,18.6349,20.0581,26.2701,18.715,28.9053,18.2137,20.7213,17.639,18.9088,28.8219,20.5039,21.6656,3.6128,19.1711,16.2857,16.5766,20.225,5.0168,12.5705,10.8196,23.9817,23.1048,16.4525,20.0929,13.4416,16.2464,1.0126,52.0508,21.0887,20.0273,22.1761,22.1761,14.3362,68.4154,49.4032,15.7093,12.7784,19.1919,7.6258,7.4314,39.1575,9.4851,8.2558,9.9646,17.3438,5.7854,-9.2763,18.2246,4.9351,11.9669,16.0492,30.6926,18.39,25.6083,15.6949,25.539,22.409,25.9775,31.2963,24.9154,35.9829,22.1761,22.1761,14.3362,68.4154,49.4032,15.7093,12.7784,19.1919,7.6258,7.4314,39.1575,9.4851,8.2558,9.9646,17.3438,5.7854,-9.2763,18.2246,4.9351,11.9669,16.0492,30.6926,18.39,25.6083,15.6949,25.539,22.409,25.9775,31.2963,24.9154,24.9154,24.9154
52,27.644439697265625,21.30188751220703,35.37303161621094,21.3404541015625,15.411369323730469,6.3472747802734375,9.007057189941406,6.6837158203125,0.7819061279296875,11.26629638671875,8.781318664550781,6.866874694824219,12.393455505371094,19.369888305664062,14.873161315917969,7.915412902832031,8.218917846679688,14.948249816894531,-0.894256591796875,9.548713684082031,13.518142700195312,15.529502868652344,3.0959396362304688,11.226882934570312,17.401283264160156,25.896217346191406,14.80133056640625,20.467849731445312,19.569473266601562,22.669601440429688,20.44677734375,18.84899139404297,21.206314086914062,15.524078369140625,23.65606689453125,15.308158874511719,17.433563232421875,28.33636474609375,13.460258483886719,19.145538330078125,16.456344604492188,13.001083374023438,17.012542724609375,16.22473907470703,9.629264831542969,5.5741119384765625,14.520751953125,17.78656768798828,18.451034545898438,19.66478729248047,13.711318969726562,11.518028259277344,20.087547302246094,15.8784,8.5235,-6.4938,3.2747,19.3577,19.3577,-4.8008,8.167,5.0832,29.4451,13.2633,17.5268,68.2381,19.7471,-14.453,-54.8734,15.5459,11.6161,-28.347,15.2457,13.0459,15.9757,-4.596,15.4504,1.0201,14.7967,12.9151,0.4911,13.3868,28.5369,18.0955,14.707,-25.6462,6.9058,19.2218,13.1965,13.1965,21.2799,23.1923,15.2751,13.6623,13.8923,8.9345,9.2519,16.0853,21.6063,22.5685,-10.9307,6.2584,9.6642,10.5764,23.9918,-4.3796,15.9402,11.196,21.9476,7.4354,1.6242,17.4385,0.5356,-5.7612,-14.5859,132.1172,15.1855,-14.4732,4.7243,4.7243,103.7347,10.4156,13.7916,4.3484,23.0016,8.2074,-28.9463,13.1105,20.474,13.1696,18.2883,20.772,0.1202,9.4644,6.7964,17.1674,8.5133,19.3024,-23.5654,8.4503,17.2289,55.2095,19.2912,22.1948,14.1948,11.1904,17.013,13.9426,15.955,14.5433,14.5433,2.5755,-2.9469,15.3972,-14.6843,15.9339,27.0637,21.5779,15.5769,20.9819,6.5418,10.1169,32.3064,20.7372,22.264,26.2819,23.6802,20.1361,18.243,12.6262,37.1771,21.2157,30.1556,15.8616,21.3146,19.0599,29.451,21.6855,30.5834,19.7282,19.7282,19.0294,12.2648,17.9261,18.4664,15.6496,17.3194,21.3027,15.5361,6.1576,14.8286,12.6803,14.3269,22.9153,25.4399,16.3841,19.5145,14.0598,13.7113,18.1486,19.8695,22.008,17.1483,15.3408,28.8944,24.7592,39.1636,22.9289,18.9415,22.7734,18.72,18.72,19.9278,18.5675,11.2339,100.741,15.4156,21.0396,14.5762,19.8666,18.1743,17.3255,15.1457,16.8674,20.8078,19.8493,17.9593,17.9683,13.2344,6.2833,11.7395,18.5826,13.7761,15.4417,20.0083,14.8154,13.7532,13.563,18.4872,18.0484,18.5799,12.7356,12.7356,18.7249,2.2635,13.2619,18.9666,13.6381,12.9775,14.8585,9.3424,12.0305,26.8782,24.8646,9.1259,24.354,26.5515,22.1822,47.6038,33.4409,18.9515,19.3164,20.8889,24.7999,18.0431,22.2077,3.0069,6.7641,21.2548,24.0375,16.1957,18.2923,18.2923,15.4896,22.9381,8.3513,19.4052,15.3152,15.5892,13.7456,13.5703,21.4703,18.8757,21.2338,4.7972,11.2127,16.3065,8.8717,24.7323,14.3671,7.2989,6.9585,12.3907,20.6483,11.5827,24.2673,13.7243,6.1203,0.6081,21.7082,24.3718,15.1453,15.1616,15.1616,16.6582,21.1189,21.3935,14.8755,8.8751,18.1419,-0.1693,9.175,19.2222,2.3963,6.2269,8.8261,19.2067,4.3823,-1.3412,17.6556,7.8077,21.6846,17.9822,21.009,22.021,20.4038,8.1669,28.9166,23.1097,23.0841,24.7198,25.2204,29.6231,15.1616,15.1616,16.6582,21.1189,21.3935,14.8755,8.8751,18.1419,-0.1693,9.175,19.2222,2.3963,6.2269,8.8261,19.2067,4.3823,-1.3412,17.6556,7.8077,21.6846,17.9822,21.009,22.021,20.4038,8.1669,28.9166,23.1097,23.0841,24.7198,25.2204,25.2204,25.2204
53,24.603858947753906,20.755615234375,21.823074340820312,21.280677795410156,14.718360900878906,1.9667587280273438,8.54840087890625,3.9668731689453125,-5.448387145996094,10.055389404296875,4.4834747314453125,5.5140533447265625,13.735977172851562,17.271873474121094,11.749839782714844,9.643592834472656,8.851356506347656,15.19134521484375,-1.451446533203125,10.991622924804688,14.795791625976562,17.53143310546875,-6.062660217285156,17.583267211914062,16.031036376953125,24.35126495361328,19.71605682373047,20.23912811279297,18.40064239501953,21.854507446289062,21.970932006835938,18.42224884033203,20.501235961914062,15.461845397949219,19.89159393310547,13.703193664550781,17.072586059570312,29.671775817871094,14.147598266601562,20.363739013671875,15.821434020996094,12.840194702148438,16.6143798828125,11.704246520996094,7.480842590332031,4.975120544433594,8.9603271484375,19.14592742919922,14.821037292480469,25.648056030273438,12.603973388671875,10.119552612304688,19.620986938476562,15.347,5.4414,-1.0889,-14.9353,8.8566,8.8566,-24.8208,-27.6005,-5.6207,9.5928,13.7288,14.9077,32.8242,17.3652,-22.1596,-66.5565,14.1212,0.5185,-28.0841,31.4325,12.5179,14.102,-5.3102,10.8817,0.3541,10.8625,11.4818,-5.015,3.9232,19.2061,18.9203,19.2274,-16.8039,15.4109,16.4798,29.4019,18.4629,18.1026,22.3347,10.2162,22.7915,41.1734,14.2159,9.0291,16.7182,12.2982,20.7549,-23.2548,2.2379,30.8274,8.8716,92.273,9.8828,16.2601,209.7235,20.5388,506.9067,1.5772,18.2731,6.3839,-18.8571,8.0235,17.0362,16.4581,-26.0654,11.8248,11.7584,6.5959,-0.4974,16.5812,16.6221,25.0373,4.4244,-8.6939,15.2917,16.8787,12.0072,19.9679,17.1257,2.5996,15.6971,9.7031,22.7337,16.007,30.7731,-14.4815,-3.262,22.7189,27.6639,14.3726,31.116,15.1421,6.3001,14.8238,21.6818,33.6744,14.3058,14.297,8.3284,0.6494,17.605,-36.961,15.9815,36.1405,28.1572,16.4697,20.8781,1.8827,31.5064,23.0899,43.7506,25.4843,26.1255,19.0089,23.4213,16.0558,12.4936,25.4222,19.3122,28.3189,21.284,20.3797,20.1276,21.105,25.5866,21.4369,24.478,21.0744,15.0412,29.4015,13.1442,16.0966,20.9291,15.5961,19.3469,16.1505,10.142,25.1407,17.82,19.5699,25.7875,19.4909,15.9513,16.9374,9.9594,14.3422,17.7713,19.7553,20.2469,17.0126,13.6058,29.0831,29.473,30.661,29.8894,26.3637,127.8209,31.1901,18.9083,21.1016,19.7651,8.3825,65.8211,12.9258,19.9522,21.9209,18.1102,36.7746,15.8987,15.7388,24.9028,24.8209,20.2098,20.2371,19.3127,15.8259,11.5056,17.1207,20.0805,14.6983,21.0323,27.5886,15.1972,13.2828,74.1275,18.6858,15.3751,18.7908,19.5499,14.1819,17.1127,11.5419,9.4253,19.3171,11.956,14.0312,6.4831,-8.9531,-5.5746,26.9259,23.1746,14.1701,26.1325,17.9502,46.5009,19.0585,39.9259,21.0288,40.9866,21.0879,15.4198,19.3267,21.3852,8.2823,6.3735,59.8055,20.9315,12.4111,15.2612,14.5437,23.1708,19.7644,21.8964,10.9264,16.6517,12.5265,6.992,14.4783,12.6846,19.2006,18.3619,6.1935,8.267,12.9322,10.7058,15.6764,-0.5662,9.2152,2.4444,13.3218,16.6382,17.2037,22.1497,16.3127,2.9741,7.0352,37.0042,20.7286,6.0568,14.7695,20.0523,45.9395,10.3445,25.3934,11.3846,5.5858,14.5417,5.5817,6.2738,18.2164,-2.2201,-8.5491,8.2988,17.1605,1.9601,1.2949,15.9952,7.9344,8.9716,2.9345,19.8099,22.3542,18.069,5.6377,27.1809,29.8412,28.1894,24.53,23.2157,26.7494,14.7695,20.0523,45.9395,10.3445,25.3934,11.3846,5.5858,14.5417,5.5817,6.2738,18.2164,-2.2201,-8.5491,8.2988,17.1605,1.9601,1.2949,15.9952,7.9344,8.9716,2.9345,19.8099,22.3542,18.069,5.6377,27.1809,29.8412,28.1894,24.53,23.2157,23.2157,23.2157
54,23.514938354492188,19.93439483642578,23.02173614501953,20.317657470703125,14.224876403808594,-0.42458343505859375,7.7878875732421875,-0.37473297119140625,-1.4841461181640625,9.426979064941406,4.889190673828125,3.7622146606445312,12.704238891601562,14.713783264160156,4.5487060546875,8.423484802246094,7.43682861328125,18.690750122070312,-3.979278564453125,12.736709594726562,12.983909606933594,16.648048400878906,0.8577651977539062,14.722549438476562,15.351318359375,19.561500549316406,16.161712646484375,18.406051635742188,16.413414001464844,21.19775390625,19.30394744873047,16.576858520507812,16.81928253173828,14.60809326171875,15.918647766113281,14.269523620605469,11.422355651855469,23.143096923828125,14.550308227539062,18.464126586914062,14.699867248535156,10.299430847167969,17.010101318359375,3.6633758544921875,11.465675354003906,5.927696228027344,5.9921417236328125,17.883636474609375,21.275611877441406,27.59546661376953,12.690071105957031,13.209495544433594,19.699241638183594,14.7921,2.8897,5.8796,2.563,12.1722,7.7789,-25.0334,-27.3747,-2.8371,9.5731,14.0312,34.695,39.3816,16.3074,-23.7935,-62.3286,13.513,1.3014,-24.941,28.6996,10.3186,16.3416,-14.9489,13.7487,-1.7785,15.7712,9.5611,-7.1335,-6.0541,21.4675,17.5101,17.9649,-27.198,11.8004,7.8428,4.8474,7.07,12.7033,18.8754,9.1003,14.0265,9.0808,12.1552,8.5912,11.4708,-6.6751,18.3014,-17.3566,9.1871,5.3525,8.4415,22.9393,8.9818,15.3792,10.609,22.2655,353.6005,10.4712,21.2625,6.571,-16.1838,4.1729,38.017,16.8932,-31.9481,31.7936,31.7224,11.3484,35.2321,14.0516,16.1819,14.3347,1.4691,-21.534,13.3918,17.5964,20.1915,19.0655,17.734,2.5613,21.8284,2.3402,10.9578,23.719,17.8751,-15.6829,-0.622,18.6978,27.3374,8.7647,28.7751,14.693,9.3527,15.2326,21.7476,15.6108,13.5383,13.6432,0.6246,6.0376,19.2066,-6.032,15.1812,31.8725,18.2746,16.3923,22.0045,1.173,22.3115,24.4911,13.8933,22.0483,21.9387,25.4945,21.6581,16.0957,12.7403,22.1217,18.5308,177.335,26.5349,282.9165,19.8834,20.9684,36.0457,22.0638,22.9127,21.7436,15.5658,18.6267,12.2703,13.797,25.1184,12.1906,19.6385,15.1578,11.0945,27.5549,58.5281,26.3625,24.5919,204.6283,56.1969,16.5504,2.5417,11.857,18.1698,18.9978,19.7035,15.8843,14.2149,27.8197,28.6303,31.8911,23.5895,25.3333,22.4111,22.9086,173.1165,20.2574,17.0319,12.8128,26.1045,13.478,17.6573,21.7701,18.7769,20.7315,17.1373,14.4024,18.1294,17.7389,19.3551,19.6291,12.8708,13.5748,16.6983,12.6433,19.5681,16.4773,20.7217,17.8235,14.9851,14.677,-0.7288,16.8321,15.5652,18.6485,19.4683,11.2005,10.7261,6.6305,15.1429,19.5307,11.3156,8.429,-16.9384,-3.0817,-18.2436,8.255,15.7744,15.0151,17.259,18.5303,24.4705,-4.1899,22.268,18.9076,49.0186,14.2521,16.5663,16.8721,19.4369,12.3648,15.773,25.4728,21.042,12.0254,32.1272,15.4702,20.244,7.744,20.4721,7.2189,17.4083,4.9209,16.6957,12.517,-5.6139,15.6428,10.9186,-5.854,1.9139,12.8112,5.597,20.4785,10.0553,6.8701,7.4128,11.3847,12.0573,16.7731,25.252,9.0935,4.4434,2.4841,29.2501,14.993,-13.2418,6.215,24.0892,24.3605,37.1196,22.1256,13.7386,19.4622,12.8045,11.6624,16.7957,20.7866,-4.2222,-12.0583,11.8137,17.9464,-4.7091,7.5741,15.8826,7.5323,24.8435,-2.6758,20.4583,33.1376,26.2564,17.4768,26.0582,43.6998,25.7228,24.7317,25.22,25.22,6.215,24.0892,24.3605,37.1196,22.1256,13.7386,19.4622,12.8045,11.6624,16.7957,20.7866,-4.2222,-12.0583,11.8137,17.9464,-4.7091,7.5741,15.8826,7.5323,24.8435,-2.6758,20.4583,33.1376,26.2564,17.4768,26.0582,43.6998,25.7228,24.7317,25.22,25.22,25.22
55,22.98615264892578,19.879562377929688,26.631332397460938,20.51244354248047,13.94879150390625,-0.38716888427734375,7.9462738037109375,1.6275558471679688,0.179718017578125,10.741317749023438,4.761039733886719,3.4914627075195312,12.21234130859375,15.678901672363281,1.6066207885742188,7.503959655761719,6.646797180175781,16.50756072998047,-2.7147369384765625,11.02508544921875,11.90228271484375,16.446746826171875,-8.668556213378906,15.498115539550781,15.29034423828125,17.06085205078125,13.856742858886719,16.301727294921875,15.779159545898438,18.308258056640625,18.62085723876953,14.267822265625,17.458839416503906,12.640518188476562,15.540855407714844,14.53460693359375,12.740074157714844,21.54204559326172,14.590660095214844,17.363327026367188,13.398956298828125,8.697303771972656,17.248138427734375,-2.9237899780273438,7.624664306640625,6.996612548828125,6.431976318359375,16.085891723632812,13.398246765136719,23.790802001953125,11.9005126953125,10.845809936523438,18.87696075439453,10.5916,-28.0287,-4.2917,5.7508,8.8318,8.3993,-22.5845,-18.1776,6.899,11.1264,16.5413,28.2342,21.6373,15.6956,-22.7252,-74.1836,11.3203,5.8747,-22.2663,16.8837,9.6539,17.2666,-11.9678,19.7763,-1.0455,18.1272,15.8239,-8.8464,-0.6222,23.0064,17.6446,16.0338,-20.0646,-3.7167,-0.0177,10.6447,6.1264,9.9546,17.5718,13.1048,16.598,3.4501,11.6193,4.4981,17.3676,-10.3119,17.3368,-25.1662,4.5212,8.9807,10.4996,19.184,7.1767,17.3147,10.2987,18.2735,245.9522,6.6026,23.3107,2.8922,-23.9044,1.8551,49.2222,14.846,-34.0706,20.5252,19.9012,12.1717,17.2862,10.8834,12.1166,20.0187,-13.3714,-11.4837,13.0504,17.2988,25.967,19.5407,14.5093,3.4304,14.5365,11.5855,-11.275,-8.0976,-1.5947,-39.1559,-10.1979,14.224,9.834,-16.8797,24.4977,14.9523,9.9435,14.8445,22.2612,14.7648,18.957,11.5916,-20.4726,0.7977,12.9704,-34.9249,13.5532,30.6551,37.1018,15.3534,21.8086,-2.8722,23.4929,16.6511,20.4789,18.8207,17.2756,15.8651,22.3073,16.971,12.7227,19.5216,18.6708,36.1281,19.6103,68.1013,17.808,14.0275,28.9217,17.8901,19.8192,18.0859,12.67,10.8833,10.3327,13.0173,22.1985,14.0843,18.5948,14.369,9.7629,20.1534,19.5035,21.3272,22.1736,49.6067,34.2319,15.9725,8.8419,12.7886,17.454,19.2169,19.613,15.0553,14.9854,26.3667,25.7216,37.7709,19.5914,23.5132,23.9557,21.8612,36.1773,18.1919,17.9745,8.9515,9.5064,13.6431,14.7407,21.2118,18.247,20.7632,17.4434,15.5968,14.0552,21.4264,18.7201,19.6272,2.2168,13.8211,13.1689,15.3006,13.9183,16.5143,19.527,19.1967,11.3226,26.5092,-0.6288,13.0489,15.7444,18.307,19.348,10.1311,11.3896,14.5053,18.5339,19.9198,11.7915,6.6945,-2.1618,-0.7815,-26.4868,14.0505,12.0642,8.0448,12.5221,18.9033,23.2343,16.5515,21.778,17.2626,51.2422,16.3672,16.3485,15.6254,20.2396,12.6868,17.4025,22.686,21.0499,11.4522,25.7789,13.7438,20.6423,18.2427,-0.3891,17.0293,17.7457,6.5456,22.9911,12.3237,2.7247,15.8583,11.8574,3.7842,6.6135,15.8849,1.3651,20.1134,6.8808,11.8734,6.7666,11.1623,10.1167,18.5101,19.9938,10.1018,-0.3291,1.2287,21.9389,12.1628,-27.8814,-0.6784,21.6164,19.8651,12.313,16.5481,11.6687,6.8526,8.6433,8.3341,8.9292,19.118,-12.7086,-17.707,13.6283,20.5565,-6.9364,1.4613,13.1274,10.0716,24.1238,1.7809,19.4727,38.256,32.9372,10.8176,23.3728,37.4883,20.1492,25.1211,21.9072,21.9072,-0.6784,21.6164,19.8651,12.313,16.5481,11.6687,6.8526,8.6433,8.3341,8.9292,19.118,-12.7086,-17.707,13.6283,20.5565,-6.9364,1.4613,13.1274,10.0716,24.1238,1.7809,19.4727,38.256,32.9372,10.8176,23.3728,37.4883,20.1492,25.1211,21.9072,21.9072,21.9072
56,25.593490600585938,26.358856201171875,28.548263549804688,21.913665771484375,15.275093078613281,4.732154846191406,9.589019775390625,5.1495819091796875,4.410888671875,12.328559875488281,6.467742919921875,5.640449523925781,13.653457641601562,17.437408447265625,6.5666046142578125,9.310325622558594,9.731063842773438,22.213348388671875,5.1997833251953125,12.483100891113281,9.684074401855469,15.969467163085938,-11.273963928222656,11.641838073730469,16.85144805908203,18.88318634033203,16.333641052246094,15.8939208984375,17.556106567382812,19.329833984375,18.110122680664062,16.787277221679688,18.156509399414062,14.770797729492188,17.46215057373047,16.964317321777344,12.334869384765625,21.37689208984375,16.780410766601562,17.67816162109375,13.084686279296875,11.368400573730469,19.18999481201172,0.7266921997070312,10.730804443359375,10.125251770019531,8.559356689453125,16.97010040283203,13.675338745117188,16.024185180664062,10.727180480957031,11.948005676269531,19.295799255371094,13.4984,-19.2207,1.5365,11.2812,9.2234,9.8577,-20.6482,-6.2901,7.499,11.9692,15.5874,23.075,19.5823,14.4473,-13.6894,-48.3574,14.9068,2.6161,-27.4309,16.5394,12.7247,17.3293,-7.5303,24.3658,1.2036,20.0513,17.9148,-11.1216,-12.1335,21.9271,17.5106,13.9197,-10.6589,7.7856,13.8627,10.3426,6.4387,8.7504,16.5706,12.4295,14.1408,8.7461,12.5862,10.8243,17.3704,3.6224,17.0931,-14.7018,5.6767,12.497,5.2387,12.402,8.7402,17.0169,9.0774,17.6879,385.7985,-1.0031,19.7409,8.8732,-13.2801,-5.7569,21.5026,15.1266,-33.6757,3.1806,34.5524,12.3987,19.0188,10.8958,13.7432,13.5206,-10.0626,5.094,8.2267,17.6996,22.3704,25.0687,14.1189,8.3122,14.6443,12.4552,2.6268,-14.3659,-11.3277,-37.7098,-20.6939,2.5038,11.2733,-30.0895,15.6805,16.2351,11.3136,14.1489,14.347,16.6388,15.2519,12.2004,-23.1131,4.4522,12.76,-44.3517,12.1323,27.7686,29.4473,17.6392,21.114,1.5429,6.4766,13.0551,19.0606,8.6932,15.9633,15.8346,17.4228,17.1929,13.2204,13.9184,18.5134,42.3175,20.8796,40.7573,18.8397,21.0159,29.6301,14.0389,18.4091,17.2234,15.0214,16.0127,10.1462,12.3937,14.7817,12.7904,18.4722,13.5238,8.5128,16.9273,27.0548,14.0244,22.6693,34.4149,19.352,17.6189,5.4349,12.3427,17.3002,19.9426,19.9143,14.6296,15.0544,20.2872,25.8543,27.0167,23.3319,13.5401,22.6129,15.6111,18.3249,16.9508,19.0923,9.2578,8.7287,13.5648,17.2675,18.9703,17.5799,20.5207,17.2936,14.7241,15.2436,17.2712,18.3216,17.9383,-0.3854,13.5637,15.9002,12.4105,15.9766,14.2848,21.1691,16.2391,12.915,16.3016,-1.01,10.0074,15.1789,17.6594,19.0728,8.4092,11.9296,14.7622,18.6303,18.2864,12.5674,7.4137,-3.4505,-0.7406,-7.0282,7.8011,10.9228,4.5422,17.2072,19.5092,18.4714,25.7726,20.7647,15.9535,34.4958,16.5829,16.9002,9.9464,19.7819,15.5657,19.6512,22.2264,21.7281,10.0922,4.8162,1.5897,15.4025,20.1106,-4.9996,19.1752,17.2908,11.0598,20.4213,7.4048,9.1582,15.2428,16.1809,11.789,7.5198,20.7028,7.4629,23.367,13.8588,9.6999,8.6365,2.4889,14.3172,17.8042,21.5644,12.5526,4.0169,2.8065,24.7148,10.8796,-16.7024,3.9699,22.9215,21.2753,13.207,41.3959,12.4372,11.1845,9.2898,3.96,10.6107,19.4297,-1.6858,-24.4158,14.005,23.0969,0.3023,9.2449,5.5491,4.6698,20.9926,3.7376,20.171,35.825,34.8397,10.0773,37.9221,37.9136,20.9477,24.9713,21.1688,21.1688,3.9699,22.9215,21.2753,13.207,41.3959,12.4372,11.1845,9.2898,3.96,10.6107,19.4297,-1.6858,-24.4158,14.005,23.0969,0.3023,9.2449,5.5491,4.6698,20.9926,3.7376,20.171,35.825,34.8397,10.0773,37.9221,37.9136,20.9477,24.9713,21.1688,21.1688,21.1688
57,26.21741485595703,31.398330688476562,38.33326721191406,25.144134521484375,17.539268493652344,2.640899658203125,11.253387451171875,9.510887145996094,8.663703918457031,13.8994140625,10.035552978515625,11.74591064453125,16.779624938964844,19.526580810546875,10.083114624023438,13.433303833007812,13.213722229003906,39.16283416748047,8.820289611816406,14.855064392089844,12.450607299804688,17.30126953125,-5.737823486328125,17.190406799316406,18.84807586669922,21.735679626464844,21.568870544433594,17.092605590820312,19.919517517089844,20.94359588623047,19.558700561523438,18.315216064453125,20.188644409179688,19.15117645263672,19.91387176513672,18.977088928222656,17.633438110351562,26.70654296875,19.968116760253906,19.23046112060547,17.478118896484375,15.035934448242188,18.43700408935547,1.3091049194335938,13.430831909179688,13.657249450683594,10.548141479492188,19.088844299316406,16.46021270751953,22.16472625732422,13.311454772949219,12.869026184082031,21.724441528320312,12.499,-11.5228,-2.3422,14.7579,17.9709,26.5862,-19.586,-2.5627,7.647,11.9621,13.7304,50.91,15.7,14.0996,-10.7154,-42.3446,15.4216,9.1693,-23.8942,21.2878,23.2998,15.4432,-7.8248,18.6324,13.1963,23.9861,15.1903,-11.086,1.0184,32.509,18.082,17.3754,-19.0489,7.247,12.7822,14.7244,9.5977,8.925,18.4651,19.0717,20.274,9.6314,15.4088,12.7122,15.8212,5.2469,16.729,-18.2451,2.4176,11.2159,10.554,14.4483,14.0733,16.6412,9.4609,18.1555,449.5705,8.7801,15.076,11.2556,-12.7037,-9.5853,11.5794,19.4782,-29.0002,11.7004,77.3418,11.6954,35.1183,13.1537,24.4378,9.7851,2.8276,12.2033,7.7355,18.5151,23.6572,25.5716,14.1223,13.4288,15.0381,15.6602,3.38,-12.9342,8.3004,-29.9207,-2.6383,5.4168,14.4899,-32.014,13.2722,15.5675,12.9576,16.5314,12.2928,15.9724,16.7773,6.2258,-21.2912,7.1463,16.5014,-27.738,11.3117,21.4627,17.9118,17.7613,22.1536,-0.5915,18.3856,4.2748,17.1837,5.4259,20.0258,17.3073,28.5573,17.6164,12.4865,12.2135,18.0217,37.9859,16.7605,23.6364,20.064,25.5537,27.6717,12.9014,13.2995,19.757,14.7168,24.4059,11.04,11.225,11.6609,12.6642,17.5428,13.1588,9.6107,15.4769,18.9206,1.1665,20.3968,21.9558,17.6597,17.9103,10.0096,12.9391,17.5411,21.8438,20.3897,15.861,16.0649,19.2499,26.2231,26.901,19.8915,18.3582,22.9601,14.6706,19.7688,17.3192,19.1964,3.4427,0.0118,13.0814,17.013,18.8092,17.5821,20.6677,20.8676,13.8371,14.7702,15.3623,17.5862,16.07,0.5283,14.5318,15.9731,13.8831,22.7004,15.1821,18.4222,11.4568,16.1483,17.8172,2.4475,11.9959,15.4542,17.2403,19.0513,10.6143,11.1745,14.3952,17.5859,15.0111,15.4631,8.2401,6.234,1.6635,-16.4361,16.2781,6.7973,7.334,13.2395,14.7446,17.4978,13.3114,31.1848,16.8659,43.6747,12.7113,23.6449,11.6552,19.3403,17.6007,20.6227,21.188,20.5756,15.1922,14.9344,-17.1073,13.4071,15.5326,-4.4265,8.6169,18.3369,15.9685,18.5941,12.9071,26.2695,14.9547,-10.4137,14.0941,0.7374,23.6291,11.5763,22.5712,18.4133,9.0097,9.8287,9.8573,16.2599,13.6749,20.8356,11.6063,9.4424,1.5995,30.139,11.8324,-17.9549,6.2715,20.1922,31.0358,16.7234,15.6607,12.7109,13.4425,9.1053,7.1512,11.9878,19.598,0.1732,-27.755,16.1871,27.006,-10.9103,11.7291,10.7599,-0.746,16.2955,5.4606,22.1826,32.752,30.5126,6.9752,23.9741,35.0686,20.7851,27.3346,23.4588,23.4588,6.2715,20.1922,31.0358,16.7234,15.6607,12.7109,13.4425,9.1053,7.1512,11.9878,19.598,0.1732,-27.755,16.1871,27.006,-10.9103,11.7291,10.7599,-0.746,16.2955,5.4606,22.1826,32.752,30.5126,6.9752,23.9741,35.0686,20.7851,27.3346,23.4588,23.4588,23.4588
58,28.6669921875,30.107192993164062,34.325233459472656,27.267356872558594,20.150680541992188,6.4958648681640625,12.949310302734375,12.790779113769531,11.206741333007812,15.047828674316406,15.159797668457031,15.261009216308594,19.569000244140625,20.456932067871094,12.367385864257812,15.589317321777344,15.598922729492188,68.59263610839844,11.202919006347656,18.31212615966797,16.958938598632812,19.40758514404297,2.33880615234375,19.6785888671875,20.9140625,22.214332580566406,21.951461791992188,19.179443359375,21.532638549804688,23.453529357910156,21.24420928955078,21.914268493652344,20.54456329345703,22.5186767578125,20.408599853515625,22.53911590576172,23.30615997314453,32.32428741455078,22.603134155273438,21.95043182373047,20.21723175048828,17.986244201660156,20.95465087890625,11.260200500488281,15.591392517089844,17.646240234375,13.0684814453125,19.85266876220703,25.569740295410156,21.9837646484375,11.385894775390625,15.370353698730469,23.242218017578125,14.0999,-2.2492,-5.0024,16.6426,16.8733,28.098,-19.4773,-28.0509,12.2538,17.2018,13.9011,58.513,11.4913,12.5387,0.3428,-29.2773,23.229,13.4934,-7.4863,21.1554,15.2541,17.2939,-6.6098,19.0466,16.4246,29.2847,14.8962,-0.408,43.5422,24.5786,23.7652,20.5323,-14.471,8.8971,5.7234,24.3197,8.6377,16.7277,22.3987,23.278,14.4611,10.8011,18.0075,29.4535,20.4079,7.2014,18.9881,-16.3743,-0.1795,19.1844,39.2918,19.5151,15.4534,278.6624,10.1372,20.9415,81.2529,15.4771,32.1189,14.8794,-15.4888,21.3322,9.1539,23.9892,-19.5815,21.3949,154.8465,19.7135,13.7201,13.563,29.1189,1.4729,10.7368,12.7074,14.7678,18.5875,18.1678,24.4202,14.7211,16.6278,20.8613,17.7962,-7.7318,-13.9102,12.6786,-23.1987,8.9963,15.2684,19.3082,-24.3009,15.8495,16.5564,14.124,22.5299,15.9921,23.9679,19.4506,-5.6364,2.5904,12.2029,15.4314,-7.5891,11.5847,36.3987,16.8772,23.8031,23.0459,-9.3252,20.2916,10.5331,18.6645,4.2729,26.6593,13.0504,28.7826,18.9932,13.5348,-1.3413,17.2725,21.1037,16.9862,66.9366,20.1761,31.6578,16.0229,10.1607,14.4112,23.9902,14.3408,18.8085,4.6569,6.5695,10.8246,10.7736,17.3168,13.387,11.4418,18.6078,22.7581,-4.178,25.9916,15.6136,17.2384,18.186,13.2505,14.3856,16.7055,22.0025,21.528,22.3376,18.5518,22.3718,22.6705,30.5978,23.994,24.1971,22.7671,16.5931,19.6219,18.3482,18.7894,6.6193,8.294,15.2204,21.3382,21.7706,19.4677,21.3982,22.1049,14.5688,26.8059,15.7431,18.0084,15.3233,0.6558,17.7621,17.368,18.1702,26.9108,16.6668,22.2699,4.7413,19.3149,19.3289,13.1081,13.7462,20.8576,17.6874,18.7976,10.5182,17.1058,18.372,22.8776,17.3205,15.1214,12.4512,21.1523,13.5711,5.9405,28.438,9.95,14.317,12.4971,22.987,21.2373,11.6192,40.8829,21.5166,33.5334,14.3546,26.8558,13.9841,20.1459,19.9959,20.9469,20.257,19.9457,16.7859,23.5933,10.6446,18.0393,20.7646,-4.3769,3.9102,19.0234,12.4391,26.8064,18.5102,36.1506,19.7978,-13.9612,18.4078,6.4507,29.2101,15.0662,36.4707,15.7424,13.5092,12.5732,16.6161,23.7843,13.9669,26.6063,11.5301,17.5159,11.0269,31.8307,19.2078,10.5745,2.6705,26.382,20.7321,39.21,16.2723,16.037,13.5102,7.7672,-0.3762,11.8079,23.19,1.0742,-11.7145,20.584,25.5011,-12.6284,16.0967,-0.3283,-6.3415,13.7943,7.6889,24.1685,30.2038,35.7714,11.0371,23.9048,30.7937,18.5274,28.4957,21.6066,21.6066,2.6705,26.382,20.7321,39.21,16.2723,16.037,13.5102,7.7672,-0.3762,11.8079,23.19,1.0742,-11.7145,20.584,25.5011,-12.6284,16.0967,-0.3283,-6.3415,13.7943,7.6889,24.1685,30.2038,35.7714,11.0371,23.9048,30.7937,18.5274,28.4957,21.6066,21.6066,21.6066
59,29.38702392578125,32.03508758544922,45.951072692871094,27.924362182617188,22.233062744140625,9.798004150390625,14.561904907226562,13.893135070800781,20.29688262939453,20.686843872070312,18.271034240722656,16.884490966796875,18.898513793945312,24.961822509765625,19.732398986816406,16.216880798339844,16.563339233398438,50.21875,17.861831665039062,18.95549774169922,21.735137939453125,21.108474731445312,8.528549194335938,21.063568115234375,22.36382293701172,23.93500518798828,21.67218780517578,20.504562377929688,22.44611358642578,26.034027099609375,20.85572052001953,21.35041046142578,20.26470947265625,24.359634399414062,19.876243591308594,22.27136993408203,24.37438201904297,35.479820251464844,24.130386352539062,24.024154663085938,24.4927978515625,27.245277404785156,23.885414123535156,15.754592895507812,60.567535400390625,20.21363067626953,17.141761779785156,20.47991943359375,40.86503601074219,27.361679077148438,13.910797119140625,15.805496215820312,25.312599182128906,16.2869,-4.3711,-3.2186,39.4772,20.2058,20.94,-25.7727,-19.7307,15.3863,27.7015,29.1476,87.5116,14.2998,20.0767,3.8678,1.7077,25.6308,23.1992,-20.6044,16.7233,17.3496,21.3242,11.5911,30.4779,17.0589,21.7023,33.4245,5.289,11.8785,21.5731,29.9797,15.8354,7.6872,7.9703,-5.76,40.2702,11.2475,27.5004,30.6817,31.1881,8.1982,22.633,15.5737,27.4109,33.9325,27.5248,19.6868,1.3262,3.1742,53.7165,22.4464,23.7916,14.4343,23.0024,13.781,24.495,9.0566,17.4769,60.099,16.1544,-1.2058,15.1322,3.2135,25.795,-29.7552,31.6171,77.1128,40.2585,-33.4205,14.7787,12.8555,-30.1757,24.579,13.1635,11.5341,18.0752,18.0042,27.1417,15.233,16.5551,19.8781,20.1756,-29.1442,-27.7012,4.6288,-7.3941,16.2914,26.8186,22.0669,-29.8714,10.9966,15.4121,17.5735,20.1032,16.7411,25.9386,15.925,-1.1054,5.1065,11.9605,15.5889,5.1361,11.6589,18.0762,22.7785,21.3736,22.1194,-11.3405,19.0161,12.4754,4.72,-27.6095,26.3444,11.6011,22.2791,20.4898,14.0136,-7.7831,16.6347,18.2977,16.2013,20.4751,21.6473,25.6566,9.9347,6.4138,18.975,24.5875,16.6987,14.7628,1.4542,3.9132,-16.0918,11.9464,17.1154,14.4789,11.9462,21.3601,18.2767,6.548,22.9168,19.0673,17.5469,17.8459,13.5976,15.9585,17.21,22.4029,22.0062,20.052,19.8481,22.5961,16.6549,27.6004,22.6181,27.4466,19.4003,13.0558,17.9939,16.5239,16.8288,12.7821,13.1311,14.8687,17.847,21.1125,19.3095,14.3117,20.8748,15.1673,28.141,13.9722,18.2506,6.0477,0.001,20.1091,18.1805,18.7033,28.6296,20.4521,20.0593,-1.2885,23.5683,20.5608,13.1436,13.99,20.7367,17.4855,17.9925,4.502,20.2712,20.3193,20.172,17.8344,15.2332,-17.867,10.5045,18.9701,14.9549,25.33,16.9287,14.1905,15.8736,22.2684,24.1554,18.0236,44.7257,21.1336,32.5651,14.4735,26.0306,16.1837,22.0454,22.2705,26.1431,18.6472,19.6911,21.6975,30.106,27.6291,23.0637,22.3086,18.0335,4.5128,18.2985,18.1642,25.0062,25.6173,31.8776,23.5936,-6.8224,22.4121,16.2241,40.267,41.0482,43.7046,25.9419,18.6138,38.6084,25.4832,39.0681,23.5312,23.2509,15.832,15.6841,21.6447,40.4845,24.048,17.5006,12.051,32.3465,17.4603,78.6559,20.5562,17.139,147.2428,12.7667,1.2671,11.1241,33.2106,7.2885,8.1694,23.8467,39.1008,-7.939,16.1096,7.3812,0.374,15.4506,17.061,26.5615,21.8289,28.8582,10.6376,21.6195,35.556,19.0076,36.508,26.9197,26.9197,12.051,32.3465,17.4603,78.6559,20.5562,17.139,147.2428,12.7667,1.2671,11.1241,33.2106,7.2885,8.1694,23.8467,39.1008,-7.939,16.1096,7.3812,0.374,15.4506,17.061,26.5615,21.8289,28.8582,10.6376,21.6195,35.556,19.0076,36.508,26.9197,26.9197,26.9197
60,30.223609924316406,34.49811553955078,75.36778259277344,29.923538208007812,24.50279998779297,12.185325622558594,16.028854370117188,16.802894592285156,16.822250366210938,19.641326904296875,16.9434814453125,17.751060485839844,19.724891662597656,23.485984802246094,20.22686767578125,16.025657653808594,17.267807006835938,38.99079132080078,17.698501586914062,19.42566680908203,22.343299865722656,27.563621520996094,13.645942687988281,20.739547729492188,24.06720733642578,25.702316284179688,22.019393920898438,23.990676879882812,24.442062377929688,26.589637756347656,21.466514587402344,22.725982666015625,21.85820770263672,21.548904418945312,22.435020446777344,23.035232543945312,25.322471618652344,33.65460968017578,24.843772888183594,26.073829650878906,24.445098876953125,57.61207580566406,27.030250549316406,19.20996856689453,32.08057403564453,23.010818481445312,27.107940673828125,21.517601013183594,25.51519775390625,26.7303466796875,23.131736755371094,18.917015075683594,26.311866760253906,17.1238,5.2918,5.3835,20.687,22.2892,17.8948,-19.2439,1.1436,9.219,24.0183,21.505,37.4273,14.6468,15.0293,16.2529,5.4724,13.4497,10.8717,7.5513,16.2414,22.4316,21.4086,4.3237,43.6283,18.2562,18.4787,26.9361,13.02,16.8388,19.404,34.973,15.8916,10.0753,6.1806,5.5559,25.058,11.8139,15.358,24.7576,19.4617,21.2519,20.0477,11.9196,16.7483,20.4052,22.9345,27.1497,2.4732,-6.5559,43.3591,35.5953,20.5912,11.8706,23.1334,19.362,21.0143,7.6947,6.3816,17.9734,15.4622,6.0681,16.5494,16.1841,21.5594,-15.3537,31.5754,31.5561,16.2408,11.8746,16.2425,21.7313,-13.3425,25.679,17.9335,14.4085,18.3204,17.0503,24.4877,17.1653,18.3368,18.5818,22.8638,-12.2581,1.0603,6.6105,3.186,18.0037,22.3792,24.4674,-22.7775,16.2706,17.6759,22.5615,22.8899,32.9459,43.0651,17.373,3.1697,10.865,11.3125,20.826,14.6202,22.2441,25.1772,27.1136,24.3307,23.1029,11.6042,14.4802,26.4833,11.0602,17.6456,26.9859,14.4247,24.039,22.99,19.7841,14.225,18.1342,27.5302,22.6657,22.4315,24.2512,38.8286,22.0156,15.8625,21.5999,25.9803,21.254,13.7917,8.5689,9.6381,0.7622,26.2845,19.4273,18.1838,16.8416,23.5559,19.7338,15.0347,19.8332,20.9958,15.4493,21.5212,16.9166,19.1847,18.1,29.8975,27.7507,19.5614,20.2568,24.1656,21.5986,31.4828,22.6531,25.7742,20.8133,12.6838,19.8394,18.7681,19.4968,14.4439,12.7787,16.805,17.3629,22.935,20.0598,15.0,21.2886,18.8035,27.9773,16.9114,20.2202,13.0544,6.9858,20.1349,19.8625,19.4901,15.6223,12.6172,17.8237,11.3478,20.6971,19.8272,14.0697,17.7165,21.3037,18.1847,17.4097,8.2713,25.4722,20.0017,19.5153,20.7432,18.7449,-0.4103,-3.8713,-1.8221,11.1258,22.0305,17.3139,14.226,16.45,22.3344,19.0499,18.6847,33.5536,17.7838,18.7997,15.6739,23.9561,16.7222,21.9128,20.72,22.3399,18.1824,19.1908,19.649,33.5652,22.4589,24.0706,22.9752,2.2802,14.2341,18.5817,17.3749,23.9987,22.7531,27.0544,37.247,-2.1281,23.9077,26.3685,27.992,124.9482,35.1917,31.7459,16.8328,33.2104,21.8124,98.1475,32.8978,28.3219,17.8414,19.3591,17.9156,38.222,20.2721,21.799,13.9354,25.6121,17.2648,20.6644,19.9554,26.6672,34.7687,17.6281,6.6268,9.9233,39.901,7.8044,16.458,28.2338,51.3379,-4.0197,18.4794,33.1323,8.8116,43.0396,45.5266,30.0019,26.2605,33.2769,18.612,25.5602,27.6184,20.3124,34.8724,26.4862,26.4862,13.9354,25.6121,17.2648,20.6644,19.9554,26.6672,34.7687,17.6281,6.6268,9.9233,39.901,7.8044,16.458,28.2338,51.3379,-4.0197,18.4794,33.1323,8.8116,43.0396,45.5266,30.0019,26.2605,33.2769,18.612,25.5602,27.6184,20.3124,34.8724,26.4862,26.4862,26.4862
61,32.049659729003906,35.493011474609375,96.31100463867188,29.385711669921875,24.61353302001953,12.981689453125,16.99560546875,16.837142944335938,15.701881408691406,20.650726318359375,16.806137084960938,18.422409057617188,19.098892211914062,24.234466552734375,20.234046936035156,16.488876342773438,22.736587524414062,35.225013732910156,28.145851135253906,23.30866241455078,27.698631286621094,42.06897735595703,16.48912811279297,20.727066040039062,27.099571228027344,25.925071716308594,28.047927856445312,34.46379089355469,29.20404052734375,29.63726043701172,25.76575469970703,23.940040588378906,25.388572692871094,22.670448303222656,26.21599578857422,26.138404846191406,27.09130096435547,33.66766357421875,26.043502807617188,27.306777954101562,26.319351196289062,34.13269805908203,26.131011962890625,20.301719665527344,28.856666564941406,22.294143676757812,20.95165252685547,23.133331298828125,46.36146545410156,26.12640380859375,19.990386962890625,18.72809600830078,25.90843963623047,14.8455,7.6577,5.8726,14.0413,19.5912,14.0948,-20.0621,7.707,10.9747,19.1368,21.5278,40.6605,20.6836,15.1959,25.1865,15.0227,13.1314,10.7864,15.6141,14.3893,19.8138,92.1447,-5.6705,19.649,16.636,16.9786,23.6008,19.3951,15.9693,6.2678,31.7591,12.9361,13.351,18.8464,15.2742,52.5291,12.9252,14.3694,24.4123,11.0082,18.4447,19.6857,16.5023,20.8976,24.2535,18.9207,28.1936,3.8474,7.3479,14.9135,77.7014,20.754,10.1286,22.3414,19.3361,33.029,13.2168,8.1951,20.6486,28.5377,11.4419,13.3734,9.4248,25.4929,1.9473,29.3729,32.9269,21.9814,44.784,24.6425,33.9929,9.9734,24.6621,35.9343,71.4932,22.6021,21.3554,42.1295,27.3425,13.3046,26.8636,34.8371,14.5433,7.2685,8.4782,0.2132,18.9797,34.0557,29.0913,1.4886,20.4142,22.8656,19.9371,27.605,68.0805,37.4492,24.4446,13.8183,11.5335,12.2876,24.5226,16.4301,26.2225,30.8279,18.9348,26.0922,32.0478,21.7897,12.2714,33.7738,27.6783,23.09,22.0848,15.3907,19.0965,28.6141,23.1701,16.323,24.9939,55.9548,26.8609,19.93,19.7492,25.321,20.3359,17.9356,21.8814,26.9359,29.8695,29.9168,12.6734,17.8791,10.3017,32.0121,23.6498,27.8731,43.048,23.8455,29.7284,16.1697,26.6375,20.3507,18.8458,33.0426,20.1542,19.3409,22.6592,27.5012,24.6429,24.1976,23.0929,32.556,243.4217,31.5922,21.3175,24.8136,21.0747,22.9183,24.488,22.0214,23.9186,25.5992,19.2976,19.9416,17.1401,20.8279,21.1081,21.4596,21.0553,20.9402,20.4069,25.0761,33.322,20.2947,18.7104,20.9806,20.1177,17.6838,17.567,13.3048,18.905,15.0911,29.7174,26.0651,20.6796,29.0139,21.3378,21.8174,25.9191,19.2884,24.7848,25.4707,24.9812,25.2726,69.1157,5.9997,3.555,-11.6545,5.0635,23.5742,17.3093,14.0662,28.4207,40.3586,33.3425,23.3836,32.2342,18.7202,31.2032,19.0974,25.7731,18.7778,21.8711,21.6859,22.5804,13.186,19.0755,14.9086,31.1407,12.4351,22.0335,22.4026,21.5544,16.8074,17.1727,17.0034,14.2849,20.267,17.6037,21.5657,-10.22,24.4674,27.6965,24.815,31.6903,40.2621,25.6215,11.2231,30.4519,16.5635,19.3426,24.4097,24.8688,16.324,12.9872,17.2465,19.123,18.024,18.6818,10.7925,20.6816,20.1431,85.5467,18.5309,16.7833,22.5708,16.5519,10.8872,11.7164,34.8878,12.5827,17.9938,21.9901,20.5855,0.4372,14.1257,16.8899,12.0629,36.0299,20.4271,35.6185,20.9192,22.6386,15.3193,20.6023,24.2457,22.9005,36.2504,23.1381,23.1381,10.7925,20.6816,20.1431,85.5467,18.5309,16.7833,22.5708,16.5519,10.8872,11.7164,34.8878,12.5827,17.9938,21.9901,20.5855,0.4372,14.1257,16.8899,12.0629,36.0299,20.4271,35.6185,20.9192,22.6386,15.3193,20.6023,24.2457,22.9005,36.2504,23.1381,23.1381,23.1381
62,32.52253723144531,32.255340576171875,52.302978515625,30.476295471191406,24.589950561523438,14.440788269042969,16.151939392089844,15.448280334472656,17.898284912109375,18.486778259277344,24.67742156982422,18.61144256591797,22.990859985351562,26.57696533203125,17.11280059814453,17.184837341308594,26.578453063964844,37.044471740722656,22.041854858398438,22.443634033203125,26.087570190429688,35.00965881347656,17.93968963623047,23.049598693847656,26.48735809326172,25.692359924316406,26.051254272460938,33.31560516357422,28.295196533203125,35.88935089111328,26.355148315429688,22.95195770263672,25.76232147216797,23.156776428222656,25.41773223876953,27.69843292236328,27.352325439453125,30.534988403320312,30.498130798339844,26.500389099121094,27.444801330566406,33.349449157714844,27.288475036621094,21.1688232421875,26.721946716308594,21.85942840576172,20.271499633789062,27.690513610839844,38.450584411621094,34.0283203125,23.223403930664062,22.096038818359375,25.977462768554688,19.9287,8.7425,-0.4683,20.9916,20.9156,11.0749,-14.5432,11.4064,12.2824,23.9509,15.5106,27.7018,99.0403,86.3826,23.655,16.267,120.2466,40.4056,17.9043,21.9786,29.3544,24.1676,4.7729,23.6091,17.2401,24.6637,24.4985,21.3669,12.7549,21.3105,27.6546,24.3609,14.5243,18.028,17.7002,31.0824,12.8659,13.052,33.7269,17.3994,23.7575,22.9726,19.0106,18.2221,21.9593,10.7953,32.371,3.9038,12.4216,18.6302,21.1572,18.047,11.0139,14.171,10.5266,20.8521,24.5746,13.1776,24.0871,37.3147,10.7963,18.6803,18.1949,27.296,-0.9701,35.1846,38.8284,23.4243,23.7612,18.1252,21.6651,18.6176,28.8281,17.9377,25.346,23.1975,19.6332,24.2578,19.043,13.3199,21.5583,29.9581,17.2962,11.2849,28.8938,18.909,19.0756,25.7081,21.5404,11.713,27.4509,18.733,16.6093,24.6716,37.1199,22.6035,20.6399,12.2274,34.1751,16.5468,30.2969,17.2979,93.2884,21.5071,31.9999,25.1479,25.6419,17.7414,18.6301,27.5703,22.5679,30.4467,27.7161,18.6559,19.635,24.5224,18.1094,24.4987,24.0718,28.6375,61.4135,23.0208,19.2381,22.2441,21.6275,18.6266,30.5642,24.8685,21.6651,21.1185,19.0221,21.5994,17.4354,48.6373,23.8246,24.378,26.1348,22.1878,24.9126,27.0248,26.9157,23.4627,18.2716,26.6305,20.0083,18.3602,21.2035,25.9361,31.2343,25.386,32.2468,33.3806,25.2677,34.7386,31.9476,26.9717,29.7182,23.4944,23.2585,21.4136,26.1571,26.3524,21.2745,35.7642,14.4654,19.1579,26.4359,20.701,22.8874,24.0165,21.9173,23.5685,36.9321,22.1341,23.1719,25.8777,20.9009,16.5838,19.7318,21.1131,20.0779,20.0642,41.4858,25.3321,22.8356,23.3271,23.5058,21.8118,33.6596,21.4094,42.9731,32.9275,29.5924,21.5964,26.8654,17.0846,24.2104,19.6939,28.894,25.5355,19.2219,16.7018,22.0245,36.5353,23.356,20.701,21.8219,36.5615,23.6303,21.875,28.8771,28.1324,36.3342,32.8019,31.4843,36.0603,33.858,53.1752,21.677,15.8504,17.6263,26.8876,32.2688,28.0864,24.002,26.9763,18.4226,25.0718,21.0485,28.6389,7.0859,157.1208,26.5563,27.2592,30.567,26.9013,28.2794,15.9728,59.8478,29.5124,19.9753,25.693,19.8532,180.3695,212.4223,20.0667,192.1867,24.6764,21.7871,25.7557,20.8079,32.4259,51.112,17.9274,16.7844,25.0814,11.554,9.4266,19.9466,25.6925,12.2238,26.1221,20.5886,16.7341,-0.2972,18.5312,25.4661,20.3453,18.3428,17.6658,26.1381,20.2077,17.9061,23.8739,19.6996,28.9337,35.8938,33.2448,21.593,21.593,25.7557,20.8079,32.4259,51.112,17.9274,16.7844,25.0814,11.554,9.4266,19.9466,25.6925,12.2238,26.1221,20.5886,16.7341,-0.2972,18.5312,25.4661,20.3453,18.3428,17.6658,26.1381,20.2077,17.9061,23.8739,19.6996,28.9337,35.8938,33.2448,21.593,21.593,21.593
63,34.34202575683594,31.585060119628906,48.43910217285156,30.68511199951172,23.53540802001953,13.517593383789062,17.880416870117188,40.668609619140625,67.77349853515625,22.257118225097656,20.180198669433594,21.21094512939453,20.125244140625,22.55255126953125,15.966751098632812,22.078033447265625,25.455963134765625,42.80066680908203,27.693359375,25.626670837402344,28.08416748046875,32.64690399169922,19.854774475097656,23.719139099121094,29.906875610351562,27.176231384277344,26.419647216796875,34.59113311767578,29.958816528320312,36.35773468017578,29.306869506835938,24.811187744140625,26.86736297607422,24.80750274658203,28.990966796875,28.053863525390625,28.848251342773438,30.432456970214844,30.96588897705078,29.333511352539062,29.813232421875,30.004745483398438,42.39405059814453,21.24883270263672,24.73999786376953,22.41240692138672,21.04521942138672,32.51152801513672,230.9212188720703,32.14356994628906,20.815040588378906,22.439544677734375,25.694488525390625,41.7906,30.5444,9.3054,171.6892,20.989,23.5478,4.2423,11.2875,13.4878,17.7302,27.3068,46.548,21.3694,29.1007,19.5073,16.9226,19.397,21.3906,9.1179,24.1388,9.6471,19.9679,17.9906,22.222,24.8897,24.4713,26.3601,17.9807,17.8618,10.1665,22.6663,15.2393,14.4691,26.2044,19.508,51.7604,13.4597,17.6748,21.0193,11.0069,11.6518,19.8093,21.2478,21.3224,17.5626,9.1897,18.3135,10.1983,14.5945,31.81,43.1442,15.1716,25.4571,16.4416,9.8273,21.1302,15.6956,15.3612,23.6001,30.0563,17.1646,21.3403,21.0163,26.462,9.9472,22.691,60.2763,24.2628,27.7121,15.491,26.8304,19.5419,22.8489,16.698,19.0911,21.4706,18.1172,22.3528,19.7868,14.0609,30.6676,25.2891,23.6714,20.1755,15.9148,26.029,21.4537,32.0733,16.8825,22.8424,13.9434,19.3369,15.0768,27.4707,27.2627,35.4208,25.4995,11.2942,16.8748,16.9496,22.3165,21.5128,59.4461,22.6188,28.9133,26.2306,26.7052,27.7888,21.8861,30.1728,34.4068,36.6673,29.7807,23.3128,20.4737,33.1908,28.2029,44.4289,24.273,77.5015,29.9691,28.8984,23.6221,21.844,34.3345,23.5711,30.3167,24.3872,35.5186,23.1145,21.3685,21.6532,18.89,43.8368,29.6357,25.0022,25.4628,23.1509,23.2491,27.349,29.0778,24.5927,21.5144,30.3853,19.9319,21.2686,22.6383,26.9815,38.3957,31.9487,29.5547,46.194,23.9634,34.3016,34.4514,27.4532,25.4868,30.8937,28.0016,24.1918,26.6068,18.8876,21.9934,23.0934,18.8478,19.8223,22.035,14.7871,18.8935,25.7169,31.636,27.2646,59.4377,21.4877,21.8821,24.6253,22.4785,20.6815,24.014,30.4115,20.4743,21.8184,36.87,25.7089,23.0885,38.4147,26.3239,24.8331,20.1163,19.6872,22.664,20.8631,27.0848,24.2264,18.2656,13.2674,15.5583,17.0788,22.6682,28.489,16.6141,18.6341,86.9313,25.6862,19.5479,15.5882,24.4259,25.1601,29.2372,51.8346,24.8018,23.8272,28.8774,33.1097,27.4572,25.2279,28.5075,41.8726,21.1979,17.3526,24.8105,32.6723,28.0616,24.5769,21.6553,23.0246,28.3708,28.8018,23.8014,29.5593,12.3022,25.8793,19.8625,19.8652,27.6241,41.3861,17.6368,16.8997,26.7998,40.1841,26.1396,66.5657,19.6369,27.4189,53.094,21.7069,106.2964,23.0611,20.8024,19.3047,38.5982,18.3141,636.4863,31.9495,22.4401,20.6747,10.507,12.4429,21.7725,40.4667,17.7212,28.1296,23.5814,19.66,8.2557,18.2394,14.3575,6.6951,18.8641,20.3162,30.2271,41.1464,11.526,23.1429,21.4096,30.4518,48.6731,35.1656,19.9494,19.9494,19.3047,38.5982,18.3141,636.4863,31.9495,22.4401,20.6747,10.507,12.4429,21.7725,40.4667,17.7212,28.1296,23.5814,19.66,8.2557,18.2394,14.3575,6.6951,18.8641,20.3162,30.2271,41.1464,11.526,23.1429,21.4096,30.4518,48.6731,35.1656,19.9494,19.9494,19.9494
64,33.07469177246094,32.230743408203125,46.63795471191406,29.772850036621094,27.031150817871094,15.318214416503906,16.716018676757812,28.481056213378906,30.373779296875,19.990211486816406,23.467247009277344,21.762733459472656,20.392906188964844,24.66094207763672,15.500450134277344,20.14251708984375,29.577835083007812,41.4244384765625,25.449363708496094,23.84593963623047,29.726455688476562,30.634117126464844,21.448570251464844,25.619163513183594,31.682830810546875,28.30925750732422,28.926239013671875,36.828575134277344,29.03394317626953,37.29896545410156,36.64527893066406,26.64496612548828,29.75605010986328,26.534393310546875,59.528106689453125,27.377052307128906,27.757308959960938,33.39262390136719,30.864608764648438,29.823974609375,28.390853881835938,29.090736389160156,39.658775329589844,23.963233947753906,22.535385131835938,21.728759765625,130.9906005859375,28.912864685058594,92.04945373535156,37.119773864746094,18.941917419433594,24.266586303710938,25.6551513671875,27.228,36.9003,13.4298,28.4072,33.9215,18.2874,12.9608,10.923,14.3677,20.7557,17.2443,56.8949,15.1068,13.3912,17.7014,16.7809,17.7587,30.5167,10.5451,25.8114,6.9899,19.621,8.6813,25.926,23.8829,25.7003,19.0102,27.3749,21.5397,13.0356,41.8993,16.3888,14.1419,25.4846,15.5141,34.6023,14.7411,16.6589,21.3759,9.4823,13.4916,49.7646,21.0439,281.877,16.8727,8.6257,17.6883,13.6731,15.0947,40.3924,42.7291,17.5437,15.4909,19.5469,14.2094,19.8188,10.8748,40.8182,25.6915,39.9534,12.6802,20.5021,21.1122,23.4939,25.077,32.6025,42.4921,21.7299,19.0244,19.5391,22.8322,32.4221,18.1493,18.6812,18.8567,21.0072,16.8249,21.89,18.6993,14.4686,23.5318,30.1464,43.8314,21.8756,18.2914,27.1707,22.947,34.8834,20.2382,30.5724,13.9651,31.511,14.9782,39.4652,23.317,24.0957,29.9514,14.2835,17.3749,18.1042,21.9407,24.701,48.7452,26.0689,21.7537,25.2928,42.5156,28.1304,25.554,28.4754,31.1435,41.8559,34.05,27.7233,22.8303,35.6497,33.2773,41.6164,24.5285,68.1899,37.1617,30.121,25.2193,23.6324,30.3706,70.7706,25.8809,25.9382,30.0427,29.7065,23.7763,25.3497,27.2143,40.8225,32.1094,42.6969,28.4346,29.7505,49.2216,26.432,30.8008,27.1375,21.8813,26.3719,27.8436,23.1921,22.0137,27.7602,43.0697,118.3579,33.4057,32.3479,26.8084,52.1389,26.0621,43.7005,28.6735,50.4174,26.8835,28.2143,27.5968,35.4481,23.9476,34.8036,24.4334,20.8987,22.4819,14.7026,25.441,50.9202,28.8237,33.0095,28.4653,21.9311,22.7349,27.608,22.1539,36.4166,28.4792,26.1235,23.1706,22.8965,58.193,58.3729,28.9162,119.6474,25.829,27.8137,20.8919,36.3664,37.004,29.4272,24.7719,29.4527,28.3097,18.5386,18.2876,20.5159,29.6936,23.4168,16.7085,29.9829,54.6744,28.289,22.8098,26.7178,31.6135,24.5038,31.9402,42.5181,25.065,23.6393,25.3205,27.9145,23.1919,18.5985,24.1074,36.6779,19.0649,25.122,24.8711,30.7906,32.1534,35.897,23.8544,23.2749,25.4265,22.8779,21.5467,25.6775,22.5352,56.4616,14.6881,29.5552,25.2045,25.5391,17.2955,17.8144,22.6153,21.9481,37.2581,51.1555,24.676,24.2328,23.9797,31.1911,39.1761,20.6712,24.5651,16.8485,44.3302,18.1579,105.782,19.1772,17.0005,18.0891,13.0877,8.4841,19.5958,33.3867,23.9712,22.4468,20.8811,16.9918,-2.8849,18.8709,10.5037,13.2124,17.9132,353.6347,28.7905,33.2588,15.0392,26.948,21.279,23.1363,32.4664,30.5609,20.1176,20.1176,16.8485,44.3302,18.1579,105.782,19.1772,17.0005,18.0891,13.0877,8.4841,19.5958,33.3867,23.9712,22.4468,20.8811,16.9918,-2.8849,18.8709,10.5037,13.2124,17.9132,353.6347,28.7905,33.2588,15.0392,26.948,21.279,23.1363,32.4664,30.5609,20.1176,20.1176,20.1176
65,33.140419006347656,31.39349365234375,38.77893829345703,29.344772338867188,23.92034149169922,13.547431945800781,15.543617248535156,28.069053649902344,28.31285858154297,20.82061004638672,18.396339416503906,20.824050903320312,18.5947265625,23.60284423828125,18.508132934570312,26.398536682128906,34.394805908203125,40.05772399902344,32.538475036621094,23.724319458007812,25.380050659179688,82.5318603515625,22.607559204101562,26.405967712402344,29.939781188964844,28.442581176757812,39.34197998046875,37.75157165527344,29.55298614501953,38.93616485595703,33.962158203125,28.19934844970703,38.62078857421875,24.18616485595703,41.292198181152344,30.952606201171875,30.056015014648438,35.49384307861328,33.914466857910156,38.648231506347656,27.788665771484375,28.226593017578125,43.456398010253906,24.23828887939453,25.914039611816406,20.635658264160156,44.27240753173828,29.91870880126953,62.17431640625,35.65031433105469,19.80414581298828,25.912742614746094,27.556243896484375,27.6227,20.6452,7.0831,24.333,27.9494,18.7647,17.8488,12.5951,16.5407,22.2905,20.6723,61.6642,16.6598,9.8083,9.2473,14.5128,14.9975,14.0127,11.3484,25.1036,4.9658,20.6953,13.3765,24.9782,19.9119,43.3493,18.5772,15.9545,17.1649,17.9006,23.2701,11.0556,16.1027,25.6133,14.1067,35.245,15.626,13.9005,21.7078,3.6369,7.1374,134.1557,21.0629,26.585,20.1628,17.3825,17.8151,12.3198,17.6774,38.4976,60.2204,23.6408,32.4025,24.2986,16.1108,19.4184,17.1532,34.6656,27.1246,51.5509,12.7053,21.7143,27.2103,63.1298,40.4107,33.1538,36.3707,19.5786,19.8218,18.9622,21.3546,90.7236,21.6522,27.4448,19.9291,21.6916,16.7348,48.4868,20.393,15.4471,21.4777,32.6967,76.0613,27.2991,22.1223,26.3209,29.0341,20.2132,23.0127,28.4119,21.5656,28.5806,11.5963,76.7909,183.8647,27.5471,28.7085,14.4587,18.2511,18.7198,18.9894,23.462,168.6247,29.839,26.6162,30.2783,32.3434,28.2659,26.4065,49.4629,41.1315,32.7629,45.9924,29.5365,33.7178,28.6038,28.1853,33.5705,25.328,30.564,32.1768,60.571,26.2469,27.2405,66.7494,22.9838,37.2221,39.0765,28.0413,58.6091,18.8487,26.3609,25.3809,52.5192,82.2452,46.8703,27.1559,25.5712,38.2258,27.2916,32.2914,26.8571,22.2788,26.5843,26.0479,24.4437,26.1691,32.9066,35.8522,40.7136,33.0559,27.7485,28.546,54.8632,41.2094,49.2155,47.0566,37.9848,29.8008,30.858,29.0964,27.6824,27.2762,33.3891,24.2007,34.6493,46.9537,37.8507,29.5961,46.9918,33.0066,55.8907,32.0216,24.8298,29.1783,27.8424,22.8945,28.9121,18.2226,34.3756,24.6756,23.6738,215.8691,43.6987,28.2161,45.6369,25.0066,35.6333,24.0667,38.2581,40.1289,32.1068,32.8043,33.1859,21.7428,26.2427,21.9953,20.6594,54.053,31.7765,18.6744,36.66,33.8009,29.4016,42.403,28.9199,36.6145,26.6815,69.4731,125.6438,30.663,22.3335,26.2401,37.3463,24.6895,22.5647,27.044,56.9306,38.0782,28.8546,48.0231,34.6294,31.0692,41.5755,24.5335,24.6039,100.7157,25.0197,44.6294,30.9107,18.9818,28.1893,22.3435,26.5676,25.746,30.2701,18.5909,18.2353,41.8613,28.19,46.2886,57.1675,26.5483,25.923,27.3243,56.2005,32.0162,30.3541,22.7958,23.8447,32.2818,18.9681,21.5448,21.177,16.9216,29.798,11.5246,11.2236,20.2467,39.8226,13.0384,15.4025,17.1135,16.052,-4.5773,26.4164,13.0813,29.1425,11.4976,25.8294,28.838,33.1981,12.5693,29.6947,28.1268,25.242,35.0293,25.248,24.6152,24.6152,23.8447,32.2818,18.9681,21.5448,21.177,16.9216,29.798,11.5246,11.2236,20.2467,39.8226,13.0384,15.4025,17.1135,16.052,-4.5773,26.4164,13.0813,29.1425,11.4976,25.8294,28.838,33.1981,12.5693,29.6947,28.1268,25.242,35.0293,25.248,24.6152,24.6152,24.6152
66,32.472412109375,29.81574249267578,39.33563995361328,29.541587829589844,22.887725830078125,11.973541259765625,15.382133483886719,22.005661010742188,24.42530059814453,22.194381713867188,18.804351806640625,21.406402587890625,15.975791931152344,25.07830047607422,18.18047332763672,27.649620056152344,37.84419250488281,40.97013854980469,28.131935119628906,24.194534301757812,27.659530639648438,45.239097595214844,23.825790405273438,26.973228454589844,28.739181518554688,29.117782592773438,39.78428649902344,37.58911895751953,29.748779296875,39.0303955078125,32.885337829589844,28.97728729248047,37.983680725097656,25.1651611328125,53.98927307128906,32.743324279785156,28.896217346191406,38.656455993652344,32.906028747558594,39.133819580078125,28.195945739746094,33.53479766845703,43.920166015625,25.272140502929688,23.674423217773438,20.34638214111328,40.948204040527344,29.070999145507812,56.74468994140625,42.00933837890625,19.988784790039062,26.250106811523438,31.03406524658203,22.5432,17.263,7.0385,22.5874,21.2024,10.8486,39.7862,18.9336,13.0665,21.0413,22.8159,38.4826,17.8274,1.4535,6.3361,10.8479,13.2693,15.7218,473.4735,28.3526,1.665,24.8022,13.9882,20.149,21.2649,13.7686,18.1634,24.013,17.8466,17.9925,26.7396,4.9379,10.8838,24.4622,14.49,16.3988,21.077,14.3677,22.7291,27.6553,15.6359,19.808,27.1396,25.997,16.686,14.944,18.5638,13.4803,18.7838,40.9581,60.4083,30.0128,33.617,25.9919,52.5548,18.6948,9.7506,25.9789,24.9334,57.9679,11.1023,27.7848,24.6038,60.9373,57.494,33.0762,33.9674,27.7794,14.9059,18.5707,26.7453,123.1755,32.7344,17.3757,25.446,21.6728,13.6304,22.6317,21.44,17.6877,23.8569,27.658,35.6541,19.339,22.5424,24.6075,25.2515,27.7887,21.5835,26.5933,35.1334,29.6945,13.3914,71.3575,46.0144,25.0984,28.3049,17.1189,32.4871,22.5066,20.4402,25.2501,30.009,20.8693,11.742,31.9751,147.287,28.5625,26.9472,308.563,47.2143,43.9824,42.681,30.3438,37.0271,26.0091,30.6143,33.027,28.8906,37.6932,31.971,34.032,28.0893,31.112,108.3778,31.5334,41.9079,29.1212,29.5071,54.9212,20.6837,24.7447,24.8993,27.6677,49.7784,96.8971,26.939,24.4638,57.5884,27.7104,30.274,28.0123,23.1865,27.8205,34.7185,26.1487,30.9767,32.2053,28.0108,66.7651,29.1212,29.055,25.5454,65.1816,60.4213,28.2082,32.0404,33.854,27.8948,28.3068,28.0841,29.3698,26.5535,42.3773,28.3862,27.1694,24.2355,20.3732,30.0001,25.6494,26.966,48.9541,32.8207,25.4059,27.2722,24.7074,21.7232,26.3603,23.026,34.9497,24.9689,23.838,72.9015,41.1937,68.1076,85.3976,29.1058,31.3994,32.2093,25.4531,51.9853,24.2821,39.0109,44.3932,28.1385,30.575,27.3235,21.484,24.0778,25.6737,21.4506,32.3692,30.8976,34.5399,41.6583,37.682,42.9378,39.1608,96.4069,146.6164,26.1175,20.6964,25.3022,30.0538,24.7589,27.3411,30.3639,73.3415,35.117,41.6831,45.8603,39.7065,34.9475,39.7511,34.2325,30.3591,26.4628,25.1387,25.6808,27.3427,19.2676,33.4401,19.3104,31.5207,42.5382,41.7281,21.3037,20.8687,28.0972,33.0375,53.2852,58.4707,27.3029,32.2436,42.1073,52.4221,39.2781,33.6874,23.9023,21.6776,18.8727,13.2203,54.4173,19.0976,17.2097,16.8943,11.5552,11.8094,36.0004,25.0993,20.9398,14.4656,17.4031,15.9069,10.0284,29.0583,16.2912,22.0353,11.0885,24.3685,27.462,17.7807,14.347,29.1795,23.781,29.2671,33.3481,22.7883,35.8256,35.8256,21.6776,18.8727,13.2203,54.4173,19.0976,17.2097,16.8943,11.5552,11.8094,36.0004,25.0993,20.9398,14.4656,17.4031,15.9069,10.0284,29.0583,16.2912,22.0353,11.0885,24.3685,27.462,17.7807,14.347,29.1795,23.781,29.2671,33.3481,22.7883,35.8256,35.8256,35.8256
67,33.20000457763672,25.90142059326172,37.45814514160156,29.94495391845703,22.611251831054688,13.992591857910156,14.837234497070312,22.011581420898438,24.005592346191406,21.039749145507812,20.296630859375,22.74169921875,13.130378723144531,25.572784423828125,19.00646209716797,24.37627410888672,36.26189422607422,41.336891174316406,22.568038940429688,25.445701599121094,27.266845703125,41.98699188232422,25.77410888671875,27.52631378173828,29.57946014404297,28.98102569580078,44.13732147216797,36.916664123535156,30.50244903564453,85.56178283691406,40.903709411621094,30.11009979248047,41.13007354736328,27.2008056640625,40.32550048828125,33.043556213378906,29.723037719726562,46.292724609375,33.97582244873047,40.81634521484375,29.809181213378906,30.221450805664062,53.88023376464844,26.960655212402344,25.84930419921875,20.956153869628906,34.63390350341797,27.325759887695312,64.187744140625,40.63323211669922,20.174766540527344,26.99272918701172,30.232864379882812,21.0182,16.1402,13.278,22.0731,17.4453,-8.9651,20.256,16.9717,12.7592,27.6374,17.7172,43.0601,18.0524,4.4018,9.9985,12.9841,13.0297,19.4765,23.4863,16.6214,-0.9401,22.1211,10.8075,19.9875,23.1738,13.2166,19.4698,23.8783,14.551,18.2397,19.6017,-3.5598,12.6583,25.291,18.3419,32.6097,17.2235,13.7433,22.7953,25.3057,17.397,22.2851,23.9835,18.6314,14.5533,13.7842,19.5282,16.6065,20.0669,33.1961,45.8885,39.4854,19.9009,33.5273,22.6041,19.4975,4.3867,12.9902,31.7994,47.1442,16.8819,25.4975,100.5581,74.0032,31.4548,45.2474,38.6619,36.3813,19.7136,19.1621,17.0163,77.5906,394.6469,18.8651,38.8332,22.1372,-2.5356,20.4245,23.874,20.319,25.6852,29.4704,36.4963,26.8781,26.0961,24.504,26.4664,24.603,41.4656,23.1583,51.319,34.5958,12.4944,63.9872,36.5231,21.5257,27.2758,12.0492,19.8936,22.8833,21.3493,25.3127,19.2598,30.0621,3.1011,24.3683,35.3101,25.8113,26.6968,36.5782,51.3489,46.8283,34.2875,28.1347,34.6337,27.3181,25.4548,28.7868,29.4836,39.7507,35.6706,31.582,24.3222,28.9163,136.8097,23.0734,28.6887,33.3032,29.4446,62.377,21.3017,24.0566,22.3892,31.8126,90.8799,139.6416,27.6686,24.8506,37.1342,25.9679,76.0584,26.0476,26.3412,27.1933,27.6994,26.0723,25.7856,42.6622,29.6859,164.7821,179.5077,30.7602,28.742,76.9406,54.8422,35.5696,31.1936,57.3817,40.0231,27.5313,28.2843,30.1123,30.3725,35.7997,27.23,28.4284,22.2007,37.3578,26.6149,25.0394,42.1155,53.3083,43.5634,26.7048,31.3126,24.7646,21.4184,27.5352,27.7052,124.3082,25.2386,24.7887,35.8802,44.2223,23.9848,36.0641,32.9604,25.8892,23.2627,27.9116,42.2042,24.3141,33.7177,27.205,26.0323,57.1306,49.8998,22.1022,27.5299,27.6673,21.2163,29.3817,31.1828,40.3237,42.6716,44.9624,61.4665,49.7312,71.228,85.6166,25.914,20.107,28.0988,32.2852,25.6924,31.91,34.6242,58.963,32.7595,58.5991,45.4338,60.0548,36.8497,41.2449,31.204,26.8427,31.7789,27.0586,37.1476,29.3455,23.736,28.9035,25.0481,26.0688,23.6113,47.4477,21.5682,29.4678,76.5353,39.2591,56.459,80.7558,32.3376,46.0515,30.8969,68.6772,35.005,33.7706,25.4696,20.583,22.3899,18.4316,86.8371,22.1553,19.522,20.5319,10.3041,8.6012,22.3819,40.2862,17.2807,13.3529,16.9149,15.2762,3.0659,24.3072,10.299,26.6671,19.4154,25.3478,28.0017,7.577,15.6153,27.9553,22.6879,20.0931,25.6337,20.7038,26.0645,26.0645,20.583,22.3899,18.4316,86.8371,22.1553,19.522,20.5319,10.3041,8.6012,22.3819,40.2862,17.2807,13.3529,16.9149,15.2762,3.0659,24.3072,10.299,26.6671,19.4154,25.3478,28.0017,7.577,15.6153,27.9553,22.6879,20.0931,25.6337,20.7038,26.0645,26.0645,26.0645
68,35.54627227783203,24.592193603515625,40.273704528808594,31.360084533691406,23.763633728027344,14.826042175292969,16.00878143310547,23.814834594726562,24.01917266845703,23.698097229003906,21.165481567382812,24.559463500976562,13.480323791503906,30.059722900390625,20.865806579589844,24.48918914794922,32.691322326660156,39.18365478515625,27.25951385498047,27.721939086914062,31.282737731933594,61.70545959472656,27.494873046875,29.24925994873047,31.66278839111328,34.330833435058594,36.30689239501953,37.227195739746094,32.25572967529297,75.87522888183594,44.23767852783203,29.54283905029297,44.42527770996094,28.695358276367188,48.489837646484375,33.347267150878906,32.615196228027344,57.21183776855469,35.72435760498047,46.89849853515625,34.329872131347656,36.376312255859375,69.34100341796875,28.987022399902344,27.042030334472656,23.60834503173828,33.992523193359375,29.278945922851562,58.07768249511719,49.28863525390625,20.00328826904297,27.45867156982422,31.37183380126953,17.855,14.4507,18.1447,21.4705,14.7217,-13.2714,20.9133,36.8485,12.8556,22.3108,18.538,41.635,17.4759,7.4511,3.5908,16.3858,12.9892,16.5172,75.4541,21.6315,-8.8551,19.6679,13.7817,18.0898,22.439,15.8636,24.802,33.868,18.2422,16.9513,18.9253,-4.952,10.9326,39.5494,19.6818,32.0086,9.6412,8.8135,23.5523,23.05,22.8807,20.88,18.4904,16.3348,14.6648,12.4625,18.3035,19.2697,20.9501,52.5893,200.1004,38.9444,17.6027,27.8998,19.9233,19.0812,13.7255,28.8397,31.3608,30.7985,17.5672,28.9748,24.0853,82.1621,43.8708,212.1084,42.5759,42.5489,24.1799,17.6829,29.0845,0.6493,67.8516,30.8695,52.8812,27.3544,3.1609,22.7494,25.4696,17.8757,26.4841,31.8567,44.3344,29.1681,25.7372,23.773,34.3035,31.3705,47.7763,56.951,37.6444,34.3272,17.8647,48.2194,101.5558,19.925,29.8924,7.6553,31.216,23.0471,25.4145,25.5444,25.0314,29.691,12.0652,25.9362,55.8878,23.7833,26.6743,41.4554,52.2287,54.1677,32.3462,27.0887,28.8571,28.1743,28.2888,26.1,26.2454,49.601,34.4622,39.7872,36.3609,26.9395,111.7737,25.57,42.6691,31.6605,26.337,30.0172,22.0253,22.4337,23.1815,28.8911,140.0097,160.434,28.6794,23.3398,28.9969,29.1577,122.7007,25.5485,27.0379,27.0832,25.2454,29.1197,25.9621,36.8948,33.5114,56.7706,112.2887,33.4312,53.7982,114.7321,100.3403,27.9829,27.1114,57.9254,30.1362,26.6339,28.462,34.2097,29.7039,48.1633,21.2758,27.486,22.6953,24.4877,26.2133,29.8676,54.3313,56.98,32.4907,30.5503,32.2505,29.8,21.8583,26.0226,25.613,37.7074,25.6639,25.131,33.3687,117.6664,23.9385,54.4849,38.4644,25.5328,25.5161,27.6122,39.1936,24.1307,28.5999,27.8852,35.4389,38.8582,81.9604,30.9732,35.0822,30.3223,22.7297,22.7434,37.7758,45.0834,42.4418,50.8456,84.9755,72.4702,130.4147,206.7188,26.3209,21.7002,43.0683,32.3518,26.1875,35.977,35.9992,109.1867,37.2384,65.2798,59.2646,70.4331,58.8139,54.75,30.7014,31.189,37.969,36.0628,28.767,29.8463,25.0978,29.5746,25.4281,37.7182,37.3223,36.1857,22.0724,55.5284,39.6313,55.2304,50.0373,120.4888,35.3332,150.0864,63.8193,104.6727,69.4454,30.7801,22.7242,22.5934,82.537,16.9611,69.6944,23.2367,20.162,21.2054,8.3356,11.6211,23.7925,38.4411,10.4368,10.978,19.7165,13.1401,9.6707,22.1252,6.4289,20.2753,24.5694,23.1447,27.2431,15.0927,15.841,23.1377,17.5263,17.9775,27.465,18.6312,25.2101,25.2101,22.5934,82.537,16.9611,69.6944,23.2367,20.162,21.2054,8.3356,11.6211,23.7925,38.4411,10.4368,10.978,19.7165,13.1401,9.6707,22.1252,6.4289,20.2753,24.5694,23.1447,27.2431,15.0927,15.841,23.1377,17.5263,17.9775,27.465,18.6312,25.2101,25.2101,25.2101
69,36.29645538330078,23.728431701660156,40.46965026855469,32.268394470214844,23.56158447265625,17.118743896484375,19.281829833984375,23.513381958007812,23.026535034179688,29.495986938476562,20.32524871826172,24.35051727294922,12.193275451660156,30.05925750732422,21.748336791992188,37.6060791015625,24.584266662597656,36.58155059814453,27.701309204101562,31.488807678222656,32.15643310546875,39.706756591796875,28.581932067871094,29.94677734375,32.54673767089844,33.76842498779297,37.90789031982422,36.72026824951172,33.42974853515625,50.65077209472656,45.17173767089844,28.859664916992188,108.85096740722656,29.551414489746094,45.865631103515625,33.49987030029297,32.69849395751953,55.281890869140625,36.17023468017578,48.91511535644531,32.46154022216797,33.29963684082031,65.45945739746094,28.84539031982422,24.642906188964844,24.629043579101562,31.48352813720703,29.71924591064453,56.010498046875,51.97026062011719,24.11614227294922,27.103546142578125,34.94745635986328,22.8799,14.8204,10.6668,20.6496,14.6552,-16.0034,31.7304,36.6214,14.1216,18.2076,36.1566,38.3072,17.7361,11.0404,1.3578,17.4797,12.1591,12.0555,67.8176,12.6035,-2.9212,18.1514,16.4573,17.7325,19.7738,15.748,19.4255,33.2434,15.3305,16.6398,18.9451,-8.9916,5.987,68.4186,14.5502,56.7759,13.5987,7.3879,22.9144,21.9305,18.8519,16.7087,22.6855,16.9889,14.9004,13.1411,16.5463,23.3092,22.0944,35.1234,33.3409,45.9734,58.0431,28.3375,19.3877,20.3009,23.6522,25.5515,30.5628,6.8138,25.402,76.1759,23.6963,81.307,72.7265,80.6181,33.3851,32.6458,29.8071,17.5322,17.5472,-1.3032,30.4167,27.7085,50.1717,20.2559,-4.6049,20.951,24.9381,23.8972,35.7756,29.1241,54.9911,29.509,26.7363,28.7181,29.2601,31.1476,39.7715,44.987,29.8684,40.8347,60.2443,70.7404,25.0845,22.7334,24.9925,20.0428,44.2139,22.6446,29.7897,26.395,19.3343,31.3724,16.285,26.1379,30.4688,23.8999,25.2311,42.4546,63.4958,57.0246,35.0256,29.9665,27.2092,28.9702,32.9274,31.9534,26.5709,61.1269,31.8371,36.7227,30.7399,30.6915,118.2947,22.6976,33.1841,29.7781,25.5791,35.2289,22.8967,27.5449,61.6572,29.2406,242.9676,140.9377,29.5013,25.6639,23.0478,32.5645,80.8948,25.8046,26.6292,27.638,29.9767,25.9792,25.3022,32.8029,41.9114,118.7237,30.212,29.6955,47.2648,119.2967,88.2587,28.979,24.9655,54.2625,29.4151,26.5248,52.1159,49.7132,30.0929,95.3647,21.1406,25.8141,16.5141,24.349,25.7816,28.4357,36.8539,246.1157,30.7649,72.6886,38.1331,30.9037,22.2106,26.951,25.6778,31.9536,25.7503,25.2691,26.694,155.046,24.0388,43.6439,36.1485,26.1534,22.7184,26.2144,38.48,76.9428,30.2943,24.8077,27.2363,46.2087,31.2597,35.5877,26.8437,27.6255,22.7692,23.9117,36.0058,53.0391,42.8456,54.7421,69.4765,68.2777,173.3547,92.2465,26.3245,28.9085,32.6609,32.0749,27.538,35.9074,57.2106,166.1337,31.3891,93.3976,63.8787,122.2434,56.7871,60.0997,37.1158,34.6598,42.8337,27.5173,28.2452,38.1352,32.7465,28.3987,28.6538,22.4311,26.4795,32.1153,28.9794,41.7927,36.4035,115.1804,55.417,94.493,38.3867,40.3672,50.7393,75.6572,77.9065,54.9363,22.4936,22.7429,161.9729,37.2548,68.2067,22.319,14.7173,17.1508,10.5523,12.4048,21.906,50.629,7.6634,11.8875,20.7656,13.6171,14.9769,22.7215,15.9445,13.7072,19.6779,22.8786,27.6951,21.5906,14.5536,20.8058,23.8435,23.6928,26.6467,23.1579,34.0461,34.0461,22.7429,161.9729,37.2548,68.2067,22.319,14.7173,17.1508,10.5523,12.4048,21.906,50.629,7.6634,11.8875,20.7656,13.6171,14.9769,22.7215,15.9445,13.7072,19.6779,22.8786,27.6951,21.5906,14.5536,20.8058,23.8435,23.6928,26.6467,23.1579,34.0461,34.0461,34.0461
70,34.696922302246094,25.92699432373047,36.860076904296875,31.360137939453125,21.76319122314453,14.191108703613281,19.119476318359375,24.904640197753906,25.4390869140625,40.1561279296875,18.794326782226562,21.842979431152344,8.652229309082031,29.07421112060547,19.44525146484375,25.502532958984375,23.23779296875,33.144508361816406,22.31781005859375,28.94153594970703,28.21965789794922,36.204132080078125,24.9879150390625,26.992767333984375,31.098556518554688,33.6715087890625,42.409690856933594,32.17744445800781,31.120819091796875,41.256683349609375,38.897911071777344,26.517364501953125,54.2705078125,29.067001342773438,60.7591552734375,29.897232055664062,29.71044921875,48.8912353515625,32.37846374511719,46.37237548828125,30.061676025390625,31.25646209716797,43.615943908691406,26.514541625976562,23.17218780517578,49.06330871582031,29.588912963867188,28.131317138671875,59.98065185546875,35.31803894042969,22.684860229492188,91.72871398925781,36.98826599121094,26.8982,12.5033,15.0096,30.1135,17.118,-11.1583,29.4374,43.6049,18.4538,19.1473,70.558,52.299,16.7536,11.669,-8.4152,20.45,8.2864,14.1081,23.092,15.3933,0.367,19.9474,13.3905,17.1466,19.3198,11.5849,14.6639,29.9334,17.3307,16.5075,20.7753,-10.2326,5.9046,26.3338,16.7231,38.1721,16.1086,18.0207,23.1087,20.6757,30.5729,17.1245,29.2729,17.7156,20.6767,14.1455,15.8585,28.4791,19.6142,31.0175,41.3999,41.2564,22.4977,24.697,15.5359,21.5788,15.4532,24.6886,24.3029,15.9213,23.0737,27.0233,27.017,146.638,39.4704,65.9094,32.7945,30.6915,26.5053,20.1879,4.1684,0.8088,26.0867,20.2343,53.9686,43.9909,1.0543,18.6954,25.5966,20.5801,31.6573,28.1564,79.2347,29.0552,23.5577,80.4656,28.1266,25.0559,44.2988,56.9036,93.4737,48.6496,67.8448,23.9782,30.0262,40.3937,35.9569,16.8262,33.9126,23.625,27.1004,22.1414,22.146,26.1616,-1.7666,27.249,30.1105,26.133,23.8684,35.3926,41.4417,45.521,34.0739,32.2913,30.0967,31.2442,36.0142,50.5205,29.1268,39.9302,31.5721,31.21,36.867,124.3213,145.1966,22.3156,42.6936,27.0796,21.8421,59.341,27.5094,24.2275,24.3562,28.3915,141.1204,137.5985,29.425,26.5145,30.2087,140.1378,62.7709,26.1517,27.1144,27.5467,25.7612,25.2782,37.1099,31.5113,33.2128,215.2671,32.8512,27.6858,51.4401,94.0222,69.8273,36.7562,22.0948,39.5418,29.7778,26.7891,55.9548,46.0314,30.1516,35.2206,22.4075,25.4434,22.292,22.8055,24.5239,24.4132,32.2847,51.7024,32.1544,300.0842,45.4027,28.0305,21.8366,24.0682,31.1581,29.2383,24.898,31.0853,70.1936,78.4662,24.531,96.7699,23.3596,25.6992,22.9661,26.1117,38.4466,28.1361,27.0936,25.7595,28.2573,40.6528,29.2367,106.8155,25.9446,26.3341,22.6456,25.1003,32.6344,45.4571,32.3781,53.902,56.3445,91.9955,54.4218,40.2175,57.1025,27.1642,60.6206,29.3185,26.6789,62.3396,59.3282,172.2965,29.8501,50.0302,60.4227,94.75,40.2867,73.9905,34.2712,40.7763,36.3837,27.7843,26.4226,33.3193,51.5995,29.6333,23.124,26.5295,32.0654,31.3253,130.5793,48.137,84.7076,336.048,54.0048,32.1029,28.0433,55.7951,39.4447,28.2732,56.1546,38.5621,22.5555,21.3792,42.6181,86.9332,69.9759,42.4016,15.4425,17.6644,9.4248,19.6175,694.6577,39.942,11.1374,11.2843,101.4567,21.9472,15.9638,23.7205,18.978,17.4668,25.9206,29.9936,34.4409,20.6464,19.0226,225.5314,311.165,21.3093,27.9195,23.7041,48.1406,48.1406,21.3792,42.6181,86.9332,69.9759,42.4016,15.4425,17.6644,9.4248,19.6175,694.6577,39.942,11.1374,11.2843,101.4567,21.9472,15.9638,23.7205,18.978,17.4668,25.9206,29.9936,34.4409,20.6464,19.0226,225.5314,311.165,21.3093,27.9195,23.7041,48.1406,48.1406,48.1406
71,37.045982360839844,34.95945739746094,33.593719482421875,29.312744140625,17.880706787109375,12.199287414550781,18.799095153808594,19.75782012939453,20.724700927734375,26.63031768798828,13.479576110839844,17.803871154785156,3.114410400390625,24.140541076660156,16.152450561523438,18.240142822265625,18.709823608398438,81.87281799316406,16.739517211914062,24.013519287109375,28.525550842285156,25.5247802734375,20.208984375,24.23290252685547,26.271385192871094,45.46045684814453,37.44469451904297,26.57628631591797,28.072906494140625,33.51060485839844,34.18720245361328,26.36835479736328,42.07861328125,24.71636199951172,41.74879455566406,25.10741424560547,24.79876708984375,41.789649963378906,27.963546752929688,47.93132019042969,25.927993774414062,24.58667755126953,33.64289093017578,21.819244384765625,17.26629638671875,25.927886962890625,31.50495147705078,29.881881713867188,62.55619812011719,25.566741943359375,17.381271362304688,42.92478942871094,40.77674865722656,56.7064,23.4102,5.5121,25.9084,23.5822,-6.9623,21.1896,43.5739,20.4868,27.9832,33.6984,48.3875,36.776,12.0936,6.1027,35.0751,13.3134,10.4255,19.0186,13.9177,2.7722,27.5627,17.4996,19.9165,19.7595,12.7718,14.9665,28.1612,22.4462,18.3597,19.1243,-13.0278,-11.7533,24.1466,21.3248,50.259,21.6945,30.0709,21.7245,19.3848,16.6657,33.8974,25.6028,16.5681,17.0242,16.8946,14.8811,24.5855,23.8491,29.4116,25.3974,28.3742,14.3221,22.7324,21.81,24.3343,15.5722,24.013,25.4379,18.5685,15.6837,76.7008,42.5429,34.4329,32.3376,70.25,197.8396,30.2316,26.4818,20.0461,-2.0107,12.0181,23.5835,18.4653,41.3968,20.4737,16.3445,19.3937,23.0856,17.8538,29.2861,23.4285,43.9039,22.9169,21.5324,56.0642,24.7277,39.0576,30.7186,32.9164,18.6156,30.462,48.9375,27.0117,19.8862,25.5648,34.0711,19.7403,26.3903,24.4846,24.7532,22.0191,37.1615,36.0815,18.2492,270.3164,29.2757,25.679,27.2796,31.0662,47.6059,41.0084,28.0906,34.0288,34.9929,28.4933,41.0805,27.8352,31.6061,31.3986,30.9161,31.9069,84.4473,49.5242,157.0564,23.8951,46.5737,22.9025,19.6155,52.5308,22.3762,24.8767,24.3282,35.3834,116.5693,80.3705,28.0111,159.7715,25.4469,111.6685,67.0879,26.304,26.8507,31.4322,26.7231,27.4218,54.5654,31.9166,34.3066,34.9875,30.1074,31.6898,108.833,92.973,38.8236,28.2768,28.3564,38.9294,32.0123,26.892,34.5911,285.9089,27.497,28.909,34.7853,18.1131,30.5541,23.1004,22.46,25.5263,26.3241,30.9592,26.9335,64.8601,48.5534,23.9387,22.5304,23.2709,28.8414,23.9239,30.2696,24.9837,88.5834,26.3897,30.6637,36.7983,45.6994,24.9486,26.1298,24.0433,38.2842,28.0894,25.7301,23.7763,52.539,25.9835,25.223,24.0677,25.2048,24.1185,23.1234,23.3732,63.2246,40.269,24.069,39.1386,48.0956,56.5816,46.5751,44.0545,69.951,30.4036,33.9752,29.1466,28.3919,53.6467,79.7268,143.4126,35.4244,35.6893,76.2993,100.9104,33.3629,57.388,30.0286,31.8577,35.8369,28.8466,24.2621,24.4858,74.3114,36.0827,43.3642,25.2524,23.2946,43.5035,423.5388,31.1245,74.5015,265.8118,115.8091,29.0735,25.3402,45.762,28.159,24.8362,36.2583,41.6497,22.6191,20.6477,63.4978,23.9236,82.7583,44.8231,20.3805,15.7996,10.1094,26.6346,78.1217,24.085,7.4069,18.4547,27.9446,17.4678,18.4433,84.577,17.5885,21.7618,64.1398,37.8893,30.6033,25.938,17.0167,51.1205,57.7371,30.8191,45.7935,37.0395,70.4077,70.4077,20.6477,63.4978,23.9236,82.7583,44.8231,20.3805,15.7996,10.1094,26.6346,78.1217,24.085,7.4069,18.4547,27.9446,17.4678,18.4433,84.577,17.5885,21.7618,64.1398,37.8893,30.6033,25.938,17.0167,51.1205,57.7371,30.8191,45.7935,37.0395,70.4077,70.4077,70.4077
72,31.37677764892578,25.121482849121094,23.59516143798828,26.651634216308594,14.383499145507812,10.971481323242188,16.910934448242188,14.631118774414062,14.604827880859375,18.2772216796875,9.509071350097656,15.108055114746094,-2.387298583984375,26.894363403320312,21.254440307617188,13.136283874511719,13.304153442382812,30.192825317382812,12.998428344726562,19.870872497558594,22.79376983642578,21.82917022705078,18.09326934814453,20.9635009765625,22.522979736328125,27.65276336669922,26.872474670410156,22.818099975585938,23.380126953125,28.272300720214844,28.58361053466797,21.257232666015625,37.33454132080078,24.010757446289062,30.076400756835938,23.10694122314453,22.313209533691406,33.86170196533203,22.745529174804688,34.77552032470703,22.198989868164062,25.23027801513672,29.526634216308594,15.420379638671875,14.89617919921875,19.13884735107422,25.783103942871094,23.078231811523438,83.49809265136719,21.448204040527344,13.528724670410156,31.65771484375,23.70697784423828,17.9876,16.3914,12.4261,16.8364,16.8364,9.6396,28.3191,25.0175,20.3666,71.5838,20.0768,62.6225,56.6856,24.3179,24.7069,29.0836,13.1261,9.1593,24.4013,20.9314,44.8735,89.2279,20.1063,22.7023,22.4414,21.8995,18.4664,27.2675,28.855,31.8865,23.4115,-18.9177,9.166,44.2552,24.9801,24.9801,48.0061,165.5961,47.5941,16.6783,16.9075,44.6176,20.9614,18.0852,19.3857,40.3866,15.3272,15.0591,19.0364,25.0538,24.6517,23.4474,12.9737,21.0967,16.0917,23.0168,13.4111,28.4986,40.8616,12.785,52.0203,105.2781,103.8456,27.4454,46.0183,46.0183,22.6794,34.2757,31.8496,16.4961,36.6922,24.2188,21.1519,18.833,42.6969,20.5645,21.4452,143.9291,20.5524,13.5064,24.4817,22.5159,30.496,23.4284,18.3751,37.35,23.9301,28.8996,54.7643,26.8637,30.3754,25.4446,80.5089,43.0751,16.8877,16.689,16.689,20.8896,33.1408,23.41,23.3053,26.9099,32.5838,25.3614,14.8543,27.6185,37.1116,23.3351,26.1345,29.9769,38.4709,34.2923,28.6791,32.7384,30.9288,26.3629,37.1779,26.1963,25.6905,32.5476,41.0566,31.9147,29.1019,26.1341,71.9865,37.2457,37.2457,24.0153,18.5696,25.8729,22.5436,21.1938,22.7713,28.7569,84.8677,30.1486,25.9201,108.6184,23.4675,44.1578,37.2081,23.4547,27.2267,25.2534,25.1108,25.4894,25.9668,37.1339,30.395,36.5577,29.7422,38.5547,51.8351,72.3182,28.6071,46.7705,32.5744,32.5744,32.8534,26.9986,28.3248,29.1326,24.0436,24.015,25.7185,13.083,23.8573,28.4084,25.3372,27.3697,38.5881,44.7302,23.6693,26.7117,27.4231,22.8635,21.9054,31.7106,35.8832,24.5389,21.853,27.4153,30.5585,24.0633,166.1539,21.9812,141.1312,20.2744,20.2744,23.3765,31.3126,28.6269,29.9464,22.8368,27.577,23.767,24.4595,20.4816,25.8505,26.2196,22.5679,25.7523,29.5925,25.7061,24.613,36.6029,36.2064,40.6601,30.466,27.3007,34.8716,26.1086,29.7035,23.8168,25.3487,35.1037,27.6032,30.3654,30.3654,25.2367,40.8342,78.5271,25.7407,47.7069,21.3256,22.9308,21.0758,27.2641,18.3905,19.3175,20.8307,24.3516,47.0166,26.7645,38.1759,51.3604,26.5983,25.2867,48.8655,136.9805,41.8028,34.3107,17.9915,22.2109,19.8827,27.1624,33.4829,92.4218,16.7709,16.7709,13.7181,19.4105,161.6699,19.6964,15.3426,17.0456,10.2788,14.4275,30.6297,24.5388,3.0455,12.7976,18.5469,9.1451,12.1617,25.8564,15.3346,21.8907,42.5155,25.6303,19.669,28.1201,16.1026,26.5242,25.0404,25.5634,30.7114,19.5469,42.1931,16.7709,16.7709,13.7181,19.4105,161.6699,19.6964,15.3426,17.0456,10.2788,14.4275,30.6297,24.5388,3.0455,12.7976,18.5469,9.1451,12.1617,25.8564,15.3346,21.8907,42.5155,25.6303,19.669,28.1201,16.1026,26.5242,25.0404,25.5634,30.7114,19.5469,19.5469,19.5469,19.5469
73,30.140853881835938,30.34881591796875,25.206985473632812,24.804244995117188,12.741119384765625,7.167442321777344,14.103202819824219,16.482086181640625,11.200675964355469,14.632980346679688,7.9191131591796875,10.319892883300781,-1.324920654296875,17.62262725830078,16.524024963378906,50.55760192871094,10.926338195800781,54.946319580078125,12.122802734375,17.874420166015625,20.224411010742188,21.86658477783203,15.72613525390625,18.509552001953125,19.066673278808594,24.631324768066406,22.938949584960938,20.245147705078125,21.35387420654297,24.025482177734375,24.735687255859375,18.639144897460938,73.90632629394531,19.530853271484375,24.751014709472656,19.96485137939453,18.886428833007812,28.232879638671875,19.41857147216797,27.253463745117188,17.372024536132812,18.62994384765625,25.11762237548828,14.256027221679688,14.405082702636719,15.911636352539062,21.815895080566406,21.52215576171875,63.788482666015625,19.170616149902344,11.617721557617188,25.793846130371094,21.61944580078125,13.6649,17.9975,13.2181,20.2209,20.2209,5.5868,52.3984,21.0464,18.2561,22.614,18.8227,49.7253,27.5483,3.3466,15.6133,21.7354,12.3427,9.4795,19.2506,14.3908,30.0665,34.8311,17.9236,16.0818,11.7683,18.2086,23.2203,34.9773,24.9158,21.4377,18.4312,-9.2885,12.3266,26.0936,62.0125,62.0125,38.769,60.6643,20.3172,17.8341,29.1031,20.9163,17.4519,20.4247,34.3716,26.9546,10.6346,16.8565,16.5783,21.8413,37.6757,28.2232,131.8942,25.5221,18.9782,21.4153,11.8696,34.0698,29.1816,10.2242,38.3097,21.9835,45.199,15.8025,31.8017,31.8017,110.5277,23.6282,42.4465,17.8826,31.1043,0.5119,10.7848,20.8548,28.0645,16.986,26.5236,249.9789,16.9966,17.6691,24.4818,22.2043,21.5349,24.5533,19.5476,28.4157,24.2642,26.1619,25.9088,22.9153,34.9248,21.4426,21.5859,18.9511,22.6807,14.0355,14.0355,21.242,39.3068,22.4026,16.4701,25.2021,23.1997,32.2427,21.1307,22.4585,48.7953,22.3758,21.7615,26.1045,31.6948,33.0056,29.8991,28.9737,23.2437,21.1694,23.919,24.4459,19.8308,25.082,28.4094,27.3855,26.3161,59.035,41.3034,28.2706,28.2706,23.7449,21.4147,20.0268,22.3754,17.667,22.6563,25.2703,33.4649,24.3255,23.9152,56.6295,23.399,28.0806,27.1602,22.1861,24.7399,23.9698,21.9152,21.7177,26.0873,54.3077,27.1216,27.6011,26.1126,25.8797,53.0245,41.5769,29.663,61.7893,26.8873,26.8873,27.1012,26.5653,25.0743,22.4358,22.4197,22.8711,21.5202,19.1776,23.3566,27.8568,22.0229,22.4042,88.8644,166.0951,20.6107,22.7253,21.2252,18.3997,19.6122,26.3137,25.317,25.1173,20.5848,24.1189,19.4005,22.4448,168.7061,24.2398,26.0767,18.4862,18.4862,21.6735,19.2487,29.7239,24.0145,18.7049,13.1113,26.495,24.4607,30.1153,20.8892,19.8819,17.2465,20.441,18.8242,17.9734,23.8409,34.6093,25.7686,29.2828,42.0412,20.5049,30.7103,23.3456,23.5089,18.9537,23.522,23.7977,23.6611,24.6938,24.6938,29.6634,24.8074,29.8149,30.9617,29.7166,11.7064,16.3545,14.767,16.3197,10.3226,17.3836,1.1708,42.1428,13.4547,17.8672,19.5219,21.7414,23.3204,19.3558,23.0856,43.7563,25.2908,29.8909,14.2138,19.9473,20.2761,23.7767,47.5278,33.8905,20.7094,20.7094,10.6522,21.6613,115.6184,17.7236,13.8915,22.872,11.335,11.4904,31.6921,24.4854,6.9968,11.3353,19.6616,7.6886,11.7908,23.1035,13.0802,20.8815,25.9746,24.534,18.0133,23.0791,11.7197,28.919,23.7978,24.2027,30.0921,21.2763,45.2646,20.7094,20.7094,10.6522,21.6613,115.6184,17.7236,13.8915,22.872,11.335,11.4904,31.6921,24.4854,6.9968,11.3353,19.6616,7.6886,11.7908,23.1035,13.0802,20.8815,25.9746,24.534,18.0133,23.0791,11.7197,28.919,23.7978,24.2027,30.0921,21.2763,21.2763,21.2763,21.2763
74,29.718475341796875,24.097633361816406,20.30103302001953,34.37940979003906,11.541542053222656,6.4217071533203125,12.588546752929688,80.76828002929688,9.259735107421875,20.78099822998047,6.1111907958984375,9.666084289550781,3.463836669921875,15.923858642578125,15.354469299316406,20.21106719970703,9.662002563476562,27.48210906982422,10.487167358398438,15.423332214355469,20.315841674804688,18.406455993652344,13.960395812988281,16.768402099609375,16.35100555419922,29.6837158203125,19.82232666015625,18.418556213378906,19.263198852539062,23.130943298339844,22.60009765625,21.28252410888672,32.03941345214844,15.813369750976562,19.475326538085938,17.941253662109375,15.154525756835938,25.790992736816406,18.279151916503906,24.085067749023438,18.285934448242188,15.78887939453125,22.14276885986328,14.2169189453125,13.323715209960938,14.36663818359375,16.345993041992188,21.29278564453125,46.66969299316406,16.26300811767578,9.404106140136719,22.862205505371094,20.483680725097656,8.7502,12.5135,2.8514,13.4666,13.4666,-1.4769,12.8954,23.0076,15.3732,28.7888,42.6502,56.0483,22.9635,-9.6148,-5.3483,17.0511,23.2566,7.9234,17.7731,13.535,15.0874,13.6497,15.681,16.7168,13.4667,10.0269,7.0927,51.072,27.7569,19.1119,15.2194,8.5414,15.3263,18.7409,20.4323,20.4323,34.5774,27.8619,19.547,17.7473,3.6364,13.5016,16.8685,18.7674,30.1568,25.5665,9.3815,12.5658,22.6678,30.4299,172.6808,16.5264,21.7012,14.9764,18.7686,16.5401,11.9808,31.7768,17.094,11.0357,9.0066,24.7872,129.5619,9.0027,23.9101,23.9101,22.6301,14.352,18.6266,13.8619,27.9265,-8.8744,-0.348,18.7566,25.1977,16.44,17.0238,23.7969,12.767,21.9601,19.0626,17.8485,21.0422,20.5753,12.4426,16.1765,31.1231,30.9124,25.5352,26.3369,16.1541,16.5008,19.9756,12.72,17.8052,13.0047,13.0047,18.0458,18.2339,14.4296,6.8122,22.0282,21.9841,31.963,15.5765,42.8519,21.8333,19.0083,19.8692,26.796,20.6579,29.2783,32.0938,30.9105,21.4842,16.8973,23.1192,24.5874,22.9211,87.0511,23.6247,25.7392,49.8691,49.5609,29.8363,25.4303,25.4303,28.3477,19.111,16.7963,21.5107,34.0596,21.6914,24.4147,23.6727,15.5041,20.66,26.3167,22.8059,25.0859,22.1897,20.8456,22.824,20.7024,16.6516,19.9746,26.7114,27.837,23.3055,22.7587,22.0722,21.7588,51.517,35.0807,30.77,57.4677,24.9992,24.9992,25.2756,23.12,20.332,11.5039,20.247,19.0041,32.198,17.8457,20.8166,38.119,18.4689,24.5919,43.6503,24.1519,23.5056,20.2396,16.7294,16.2062,13.037,23.3646,16.3437,16.1121,24.4852,18.2956,18.0148,58.6228,37.2,17.7816,20.6961,13.3234,13.3234,16.3124,-4.6415,23.2028,20.3423,17.7268,14.5128,24.4761,13.5706,32.7182,21.4097,11.9188,11.0306,16.7948,13.6881,20.4562,41.649,44.7625,25.4155,56.9755,93.9052,27.411,23.9139,23.6333,19.8066,19.368,21.9862,46.1508,21.9056,22.1936,22.1936,26.5398,24.4407,27.0892,28.3324,13.8783,13.0154,19.4721,19.0323,24.0037,15.5675,17.4902,-9.7247,22.4706,15.7406,21.0202,17.7285,20.3781,19.2891,8.9174,18.6003,25.7371,28.4198,25.6048,14.2454,23.3939,12.4295,28.6903,34.2513,22.3825,23.9705,23.9705,9.0029,20.3506,45.6094,17.9181,17.2228,20.431,7.943,9.0308,27.2562,19.3535,5.0606,8.7113,18.5344,2.0044,9.0667,21.1391,11.0272,13.5386,21.3669,26.0893,18.0512,25.0942,18.8877,27.1929,26.1343,25.5678,32.9959,24.4203,34.3085,23.9705,23.9705,9.0029,20.3506,45.6094,17.9181,17.2228,20.431,7.943,9.0308,27.2562,19.3535,5.0606,8.7113,18.5344,2.0044,9.0667,21.1391,11.0272,13.5386,21.3669,26.0893,18.0512,25.0942,18.8877,27.1929,26.1343,25.5678,32.9959,24.4203,24.4203,24.4203,24.4203
75,23.92791748046875,22.20409393310547,16.9283447265625,23.167190551757812,11.476982116699219,5.6832275390625,13.5357666015625,22.723976135253906,6.7989654541015625,19.028976440429688,3.6773757934570312,10.186256408691406,-4.624603271484375,14.462310791015625,13.923515319824219,18.069198608398438,6.925971984863281,23.872528076171875,9.292091369628906,13.272499084472656,20.141624450683594,16.145538330078125,11.718116760253906,47.060546875,14.598228454589844,25.783226013183594,18.827301025390625,16.07183074951172,17.00377655029297,25.360511779785156,20.247848510742188,23.576515197753906,28.68480682373047,13.853279113769531,18.070220947265625,16.451316833496094,16.334442138671875,23.151504516601562,16.525405883789062,23.074508666992188,19.441307067871094,15.330772399902344,19.844757080078125,12.826950073242188,14.059356689453125,12.625205993652344,19.498382568359375,19.92613983154297,39.66960144042969,11.262336730957031,6.682464599609375,19.6788330078125,19.797348022460938,4.8292,4.55,-19.149,9.8172,9.8172,8.8991,16.4961,8.2931,15.2294,15.9169,36.1645,64.5498,49.8723,-11.9324,-44.8755,17.4821,18.1367,2.2251,16.5947,25.6052,20.1996,6.3433,43.1282,13.8694,18.7881,13.9637,1.0119,24.5955,22.1188,17.8686,17.7241,-18.0237,7.302,36.8536,11.9008,11.9008,32.8962,32.4494,19.0647,15.6695,10.3441,12.3997,17.481,13.8681,16.7975,23.258,9.4769,10.0844,17.3262,9.4741,27.7437,11.3591,20.7688,12.6474,19.1437,11.8592,6.7584,21.0575,13.2892,5.7387,-10.1342,31.5192,18.2228,-0.7611,11.9918,11.9918,20.1649,23.376,16.8021,8.9081,31.5802,15.5512,-19.5868,16.002,35.9501,15.9768,20.2432,23.0219,7.4539,11.7377,16.2646,13.4088,15.1429,14.7681,7.5035,12.435,13.9185,30.6897,22.8212,27.5956,15.896,11.0984,16.6767,13.0404,17.1923,15.7054,15.7054,4.0168,9.5448,14.2216,7.7438,19.6766,20.8047,31.9512,11.6748,20.8178,18.1456,17.3557,113.5206,24.5466,21.9439,30.2249,27.3363,22.6579,18.0146,14.7839,29.8062,22.3562,24.1918,22.6449,24.6403,21.8727,35.9669,20.9334,27.2253,27.5164,27.5164,21.4461,17.1668,18.7547,19.6684,26.6885,20.0953,24.2719,20.386,12.5038,17.0864,18.8395,26.0128,24.6918,25.7079,19.9525,21.9307,16.9669,14.0031,24.0293,21.0922,24.3784,21.8345,19.1152,28.3844,25.3277,51.8377,25.2884,31.5402,26.0639,19.9988,19.9988,21.5685,21.3608,14.922,11.5307,18.4507,23.7138,40.4901,18.7412,17.9802,17.2107,16.4947,21.6356,21.1952,25.2916,21.2254,16.9717,15.2055,13.273,8.8235,18.1966,14.7589,18.5922,18.7846,17.3721,16.3543,13.6669,40.5343,19.3047,20.1398,13.9175,13.9175,17.6346,0.3174,20.0652,19.5527,16.1418,19.7118,17.314,13.2565,34.6343,14.7397,18.5177,15.0804,19.1294,16.1865,29.1579,51.9567,63.7787,21.5914,118.0272,21.9809,20.0124,20.2888,22.5089,11.7352,16.8932,21.655,22.1397,20.1787,18.6349,18.6349,20.0581,26.2701,18.715,28.9053,18.2137,20.7213,17.639,18.9088,28.8219,20.5039,21.6656,3.6128,19.1711,16.2857,16.5766,20.225,5.0168,12.5705,10.8196,23.9817,23.1048,16.4525,20.0929,13.4416,16.2464,1.0126,52.0508,21.0887,20.0273,22.1761,22.1761,14.3362,68.4154,49.4032,15.7093,12.7784,19.1919,7.6258,7.4314,39.1575,9.4851,8.2558,9.9646,17.3438,5.7854,-9.2763,18.2246,4.9351,11.9669,16.0492,30.6926,18.39,25.6083,15.6949,25.539,22.409,25.9775,31.2963,24.9154,35.9829,22.1761,22.1761,14.3362,68.4154,49.4032,15.7093,12.7784,19.1919,7.6258,7.4314,39.1575,9.4851,8.2558,9.9646,17.3438,5.7854,-9.2763,18.2246,4.9351,11.9669,16.0492,30.6926,18.39,25.6083,15.6949,25.539,22.409,25.9775,31.2963,24.9154,24.9154,24.9154,24.9154
76,25.029571533203125,21.082176208496094,13.749000549316406,22.876937866210938,9.098037719726562,0.7271575927734375,5.023124694824219,21.606964111328125,9.565841674804688,13.3221435546875,-7.6585235595703125,9.110763549804688,-8.268867492675781,12.551895141601562,13.174758911132812,14.180679321289062,1.992706298828125,48.22697448730469,8.76641845703125,10.05523681640625,28.09027862548828,16.34040069580078,10.254806518554688,25.638931274414062,13.359703063964844,23.30315399169922,17.361473083496094,14.923027038574219,15.397026062011719,25.063522338867188,19.087142944335938,15.864540100097656,25.04279327392578,12.841796875,15.861297607421875,15.827522277832031,17.74974822998047,21.59099578857422,12.922782897949219,21.659347534179688,17.378677368164062,17.79949188232422,21.14532470703125,10.363685607910156,12.748420715332031,12.736602783203125,14.559623718261719,17.52886962890625,27.794677734375,8.660133361816406,6.832763671875,19.470703125,19.24358367919922,8.5235,-6.4938,3.2747,19.3577,19.3577,-4.8008,8.167,5.0832,29.4451,13.2633,17.5268,68.2381,19.7471,-14.453,-54.8734,15.5459,11.6161,-28.347,15.2457,13.0459,15.9757,-4.596,15.4504,1.0201,14.7967,12.9151,0.4911,13.3868,28.5369,18.0955,14.707,-25.6462,6.9058,19.2218,13.1965,13.1965,21.2799,23.1923,15.2751,13.6623,13.8923,8.9345,9.2519,16.0853,21.6063,22.5685,-10.9307,6.2584,9.6642,10.5764,23.9918,-4.3796,15.9402,11.196,21.9476,7.4354,1.6242,17.4385,0.5356,-5.7612,-14.5859,132.1172,15.1855,-14.4732,4.7243,4.7243,103.7347,10.4156,13.7916,4.3484,23.0016,8.2074,-28.9463,13.1105,20.474,13.1696,18.2883,20.772,0.1202,9.4644,6.7964,17.1674,8.5133,19.3024,-23.5654,8.4503,17.2289,55.2095,19.2912,22.1948,14.1948,11.1904,17.013,13.9426,15.955,14.5433,14.5433,2.5755,-2.9469,15.3972,-14.6843,15.9339,27.0637,21.5779,15.5769,20.9819,6.5418,10.1169,32.3064,20.7372,22.264,26.2819,23.6802,20.1361,18.243,12.6262,37.1771,21.2157,30.1556,15.8616,21.3146,19.0599,29.451,21.6855,30.5834,19.7282,19.7282,19.0294,12.2648,17.9261,18.4664,15.6496,17.3194,21.3027,15.5361,6.1576,14.8286,12.6803,14.3269,22.9153,25.4399,16.3841,19.5145,14.0598,13.7113,18.1486,19.8695,22.008,17.1483,15.3408,28.8944,24.7592,39.1636,22.9289,18.9415,22.7734,18.72,18.72,19.9278,18.5675,11.2339,100.741,15.4156,21.0396,14.5762,19.8666,18.1743,17.3255,15.1457,16.8674,20.8078,19.8493,17.9593,17.9683,13.2344,6.2833,11.7395,18.5826,13.7761,15.4417,20.0083,14.8154,13.7532,13.563,18.4872,18.0484,18.5799,12.7356,12.7356,18.7249,2.2635,13.2619,18.9666,13.6381,12.9775,14.8585,9.3424,12.0305,26.8782,24.8646,9.1259,24.354,26.5515,22.1822,47.6038,33.4409,18.9515,19.3164,20.8889,24.7999,18.0431,22.2077,3.0069,6.7641,21.2548,24.0375,16.1957,18.2923,18.2923,15.4896,22.9381,8.3513,19.4052,15.3152,15.5892,13.7456,13.5703,21.4703,18.8757,21.2338,4.7972,11.2127,16.3065,8.8717,24.7323,14.3671,7.2989,6.9585,12.3907,20.6483,11.5827,24.2673,13.7243,6.1203,0.6081,21.7082,24.3718,15.1453,15.1616,15.1616,16.6582,21.1189,21.3935,14.8755,8.8751,18.1419,-0.1693,9.175,19.2222,2.3963,6.2269,8.8261,19.2067,4.3823,-1.3412,17.6556,7.8077,21.6846,17.9822,21.009,22.021,20.4038,8.1669,28.9166,23.1097,23.0841,24.7198,25.2204,29.6231,15.1616,15.1616,16.6582,21.1189,21.3935,14.8755,8.8751,18.1419,-0.1693,9.175,19.2222,2.3963,6.2269,8.8261,19.2067,4.3823,-1.3412,17.6556,7.8077,21.6846,17.9822,21.009,22.021,20.4038,8.1669,28.9166,23.1097,23.0841,24.7198,25.2204,25.2204,25.2204,25.2204
77,21.776641845703125,20.723106384277344,18.13751220703125,21.26129913330078,3.7616958618164062,-2.7595672607421875,3.5982666015625,16.189926147460938,5.774406433105469,12.195487976074219,-9.776054382324219,7.918853759765625,-6.840965270996094,10.268013000488281,12.226455688476562,13.446754455566406,-3.7039108276367188,20.253150939941406,9.601127624511719,10.071609497070312,20.453880310058594,21.10761260986328,10.082771301269531,22.07567596435547,12.761642456054688,19.78498077392578,15.50250244140625,18.111167907714844,13.681266784667969,22.68067169189453,18.014320373535156,17.081207275390625,23.842742919921875,12.662956237792969,15.693038940429688,15.788955688476562,17.48455810546875,21.440032958984375,11.902076721191406,19.894081115722656,14.096649169921875,14.518882751464844,18.83979034423828,9.19635009765625,12.433998107910156,13.105705261230469,14.474296569824219,16.57781219482422,23.1412353515625,5.934844970703125,6.454193115234375,20.93035888671875,18.786636352539062,5.4414,-1.0889,-14.9353,8.8566,8.8566,-24.8208,-27.6005,-5.6207,9.5928,13.7288,14.9077,32.8242,17.3652,-22.1596,-66.5565,14.1212,0.5185,-28.0841,31.4325,12.5179,14.102,-5.3102,10.8817,0.3541,10.8625,11.4818,-5.015,3.9232,19.2061,18.9203,19.2274,-16.8039,15.4109,16.4798,29.4019,18.4629,18.1026,22.3347,10.2162,22.7915,41.1734,14.2159,9.0291,16.7182,12.2982,20.7549,-23.2548,2.2379,30.8274,8.8716,92.273,9.8828,16.2601,209.7235,20.5388,506.9067,1.5772,18.2731,6.3839,-18.8571,8.0235,17.0362,16.4581,-26.0654,11.8248,11.7584,6.5959,-0.4974,16.5812,16.6221,25.0373,4.4244,-8.6939,15.2917,16.8787,12.0072,19.9679,17.1257,2.5996,15.6971,9.7031,22.7337,16.007,30.7731,-14.4815,-3.262,22.7189,27.6639,14.3726,31.116,15.1421,6.3001,14.8238,21.6818,33.6744,14.3058,14.297,8.3284,0.6494,17.605,-36.961,15.9815,36.1405,28.1572,16.4697,20.8781,1.8827,31.5064,23.0899,43.7506,25.4843,26.1255,19.0089,23.4213,16.0558,12.4936,25.4222,19.3122,28.3189,21.284,20.3797,20.1276,21.105,25.5866,21.4369,24.478,21.0744,15.0412,29.4015,13.1442,16.0966,20.9291,15.5961,19.3469,16.1505,10.142,25.1407,17.82,19.5699,25.7875,19.4909,15.9513,16.9374,9.9594,14.3422,17.7713,19.7553,20.2469,17.0126,13.6058,29.0831,29.473,30.661,29.8894,26.3637,127.8209,31.1901,18.9083,21.1016,19.7651,8.3825,65.8211,12.9258,19.9522,21.9209,18.1102,36.7746,15.8987,15.7388,24.9028,24.8209,20.2098,20.2371,19.3127,15.8259,11.5056,17.1207,20.0805,14.6983,21.0323,27.5886,15.1972,13.2828,74.1275,18.6858,15.3751,18.7908,19.5499,14.1819,17.1127,11.5419,9.4253,19.3171,11.956,14.0312,6.4831,-8.9531,-5.5746,26.9259,23.1746,14.1701,26.1325,17.9502,46.5009,19.0585,39.9259,21.0288,40.9866,21.0879,15.4198,19.3267,21.3852,8.2823,6.3735,59.8055,20.9315,12.4111,15.2612,14.5437,23.1708,19.7644,21.8964,10.9264,16.6517,12.5265,6.992,14.4783,12.6846,19.2006,18.3619,6.1935,8.267,12.9322,10.7058,15.6764,-0.5662,9.2152,2.4444,13.3218,16.6382,17.2037,22.1497,16.3127,2.9741,7.0352,37.0042,20.7286,6.0568,14.7695,20.0523,45.9395,10.3445,25.3934,11.3846,5.5858,14.5417,5.5817,6.2738,18.2164,-2.2201,-8.5491,8.2988,17.1605,1.9601,1.2949,15.9952,7.9344,8.9716,2.9345,19.8099,22.3542,18.069,5.6377,27.1809,29.8412,28.1894,24.53,23.2157,26.7494,14.7695,20.0523,45.9395,10.3445,25.3934,11.3846,5.5858,14.5417,5.5817,6.2738,18.2164,-2.2201,-8.5491,8.2988,17.1605,1.9601,1.2949,15.9952,7.9344,8.9716,2.9345,19.8099,22.3542,18.069,5.6377,27.1809,29.8412,28.1894,24.53,23.2157,23.2157,23.2157,23.2157
78,21.07038116455078,18.883590698242188,19.056793212890625,27.125396728515625,5.044288635253906,-6.979011535644531,-2.5911788940429688,14.163795471191406,6.336669921875,17.268630981445312,-10.654220581054688,8.865203857421875,-10.961990356445312,8.948387145996094,11.004409790039062,11.204429626464844,-4.9076080322265625,21.663162231445312,8.676101684570312,6.625984191894531,19.214454650878906,14.627670288085938,9.065879821777344,19.242813110351562,11.965766906738281,18.816650390625,14.387664794921875,18.541702270507812,9.986618041992188,22.071868896484375,67.3905029296875,16.087989807128906,20.116104125976562,12.378273010253906,13.816108703613281,15.279029846191406,14.521324157714844,19.319908142089844,14.02496337890625,14.871940612792969,6.799003601074219,15.797943115234375,18.107223510742188,6.293830871582031,10.267120361328125,13.22735595703125,11.791542053222656,15.953155517578125,18.269073486328125,3.5995330810546875,5.911460876464844,21.02606201171875,18.905677795410156,2.8897,5.8796,2.563,12.1722,7.7789,-25.0334,-27.3747,-2.8371,9.5731,14.0312,34.695,39.3816,16.3074,-23.7935,-62.3286,13.513,1.3014,-24.941,28.6996,10.3186,16.3416,-14.9489,13.7487,-1.7785,15.7712,9.5611,-7.1335,-6.0541,21.4675,17.5101,17.9649,-27.198,11.8004,7.8428,4.8474,7.07,12.7033,18.8754,9.1003,14.0265,9.0808,12.1552,8.5912,11.4708,-6.6751,18.3014,-17.3566,9.1871,5.3525,8.4415,22.9393,8.9818,15.3792,10.609,22.2655,353.6005,10.4712,21.2625,6.571,-16.1838,4.1729,38.017,16.8932,-31.9481,31.7936,31.7224,11.3484,35.2321,14.0516,16.1819,14.3347,1.4691,-21.534,13.3918,17.5964,20.1915,19.0655,17.734,2.5613,21.8284,2.3402,10.9578,23.719,17.8751,-15.6829,-0.622,18.6978,27.3374,8.7647,28.7751,14.693,9.3527,15.2326,21.7476,15.6108,13.5383,13.6432,0.6246,6.0376,19.2066,-6.032,15.1812,31.8725,18.2746,16.3923,22.0045,1.173,22.3115,24.4911,13.8933,22.0483,21.9387,25.4945,21.6581,16.0957,12.7403,22.1217,18.5308,177.335,26.5349,282.9165,19.8834,20.9684,36.0457,22.0638,22.9127,21.7436,15.5658,18.6267,12.2703,13.797,25.1184,12.1906,19.6385,15.1578,11.0945,27.5549,58.5281,26.3625,24.5919,204.6283,56.1969,16.5504,2.5417,11.857,18.1698,18.9978,19.7035,15.8843,14.2149,27.8197,28.6303,31.8911,23.5895,25.3333,22.4111,22.9086,173.1165,20.2574,17.0319,12.8128,26.1045,13.478,17.6573,21.7701,18.7769,20.7315,17.1373,14.4024,18.1294,17.7389,19.3551,19.6291,12.8708,13.5748,16.6983,12.6433,19.5681,16.4773,20.7217,17.8235,14.9851,14.677,-0.7288,16.8321,15.5652,18.6485,19.4683,11.2005,10.7261,6.6305,15.1429,19.5307,11.3156,8.429,-16.9384,-3.0817,-18.2436,8.255,15.7744,15.0151,17.259,18.5303,24.4705,-4.1899,22.268,18.9076,49.0186,14.2521,16.5663,16.8721,19.4369,12.3648,15.773,25.4728,21.042,12.0254,32.1272,15.4702,20.244,7.744,20.4721,7.2189,17.4083,4.9209,16.6957,12.517,-5.6139,15.6428,10.9186,-5.854,1.9139,12.8112,5.597,20.4785,10.0553,6.8701,7.4128,11.3847,12.0573,16.7731,25.252,9.0935,4.4434,2.4841,29.2501,14.993,-13.2418,6.215,24.0892,24.3605,37.1196,22.1256,13.7386,19.4622,12.8045,11.6624,16.7957,20.7866,-4.2222,-12.0583,11.8137,17.9464,-4.7091,7.5741,15.8826,7.5323,24.8435,-2.6758,20.4583,33.1376,26.2564,17.4768,26.0582,43.6998,25.7228,24.7317,25.22,25.22,6.215,24.0892,24.3605,37.1196,22.1256,13.7386,19.4622,12.8045,11.6624,16.7957,20.7866,-4.2222,-12.0583,11.8137,17.9464,-4.7091,7.5741,15.8826,7.5323,24.8435,-2.6758,20.4583,33.1376,26.2564,17.4768,26.0582,43.6998,25.7228,24.7317,25.22,25.22,25.22,25.22
79,20.20911407470703,19.400283813476562,20.881179809570312,21.946929931640625,8.03265380859375,-8.938606262207031,-3.73175048828125,11.836372375488281,7.7135467529296875,16.000213623046875,-10.079910278320312,9.980247497558594,-9.801834106445312,10.190086364746094,11.234840393066406,10.760604858398438,-8.171737670898438,19.574844360351562,9.173530578613281,8.949745178222656,13.151809692382812,13.476158142089844,9.182197570800781,16.062103271484375,12.090744018554688,16.24010467529297,13.023994445800781,16.933822631835938,11.455917358398438,21.230728149414062,31.249549865722656,15.85968017578125,16.059417724609375,12.785758972167969,13.474395751953125,15.223678588867188,13.362777709960938,18.904624938964844,14.693412780761719,17.041412353515625,8.223625183105469,15.77398681640625,16.083602905273438,3.583892822265625,10.744873046875,13.930442810058594,11.51190185546875,16.358291625976562,26.684280395507812,-0.0623779296875,6.644134521484375,19.17707061767578,18.13581085205078,-28.0287,-4.2917,5.7508,8.8318,8.3993,-22.5845,-18.1776,6.899,11.1264,16.5413,28.2342,21.6373,15.6956,-22.7252,-74.1836,11.3203,5.8747,-22.2663,16.8837,9.6539,17.2666,-11.9678,19.7763,-1.0455,18.1272,15.8239,-8.8464,-0.6222,23.0064,17.6446,16.0338,-20.0646,-3.7167,-0.0177,10.6447,6.1264,9.9546,17.5718,13.1048,16.598,3.4501,11.6193,4.4981,17.3676,-10.3119,17.3368,-25.1662,4.5212,8.9807,10.4996,19.184,7.1767,17.3147,10.2987,18.2735,245.9522,6.6026,23.3107,2.8922,-23.9044,1.8551,49.2222,14.846,-34.0706,20.5252,19.9012,12.1717,17.2862,10.8834,12.1166,20.0187,-13.3714,-11.4837,13.0504,17.2988,25.967,19.5407,14.5093,3.4304,14.5365,11.5855,-11.275,-8.0976,-1.5947,-39.1559,-10.1979,14.224,9.834,-16.8797,24.4977,14.9523,9.9435,14.8445,22.2612,14.7648,18.957,11.5916,-20.4726,0.7977,12.9704,-34.9249,13.5532,30.6551,37.1018,15.3534,21.8086,-2.8722,23.4929,16.6511,20.4789,18.8207,17.2756,15.8651,22.3073,16.971,12.7227,19.5216,18.6708,36.1281,19.6103,68.1013,17.808,14.0275,28.9217,17.8901,19.8192,18.0859,12.67,10.8833,10.3327,13.0173,22.1985,14.0843,18.5948,14.369,9.7629,20.1534,19.5035,21.3272,22.1736,49.6067,34.2319,15.9725,8.8419,12.7886,17.454,19.2169,19.613,15.0553,14.9854,26.3667,25.7216,37.7709,19.5914,23.5132,23.9557,21.8612,36.1773,18.1919,17.9745,8.9515,9.5064,13.6431,14.7407,21.2118,18.247,20.7632,17.4434,15.5968,14.0552,21.4264,18.7201,19.6272,2.2168,13.8211,13.1689,15.3006,13.9183,16.5143,19.527,19.1967,11.3226,26.5092,-0.6288,13.0489,15.7444,18.307,19.348,10.1311,11.3896,14.5053,18.5339,19.9198,11.7915,6.6945,-2.1618,-0.7815,-26.4868,14.0505,12.0642,8.0448,12.5221,18.9033,23.2343,16.5515,21.778,17.2626,51.2422,16.3672,16.3485,15.6254,20.2396,12.6868,17.4025,22.686,21.0499,11.4522,25.7789,13.7438,20.6423,18.2427,-0.3891,17.0293,17.7457,6.5456,22.9911,12.3237,2.7247,15.8583,11.8574,3.7842,6.6135,15.8849,1.3651,20.1134,6.8808,11.8734,6.7666,11.1623,10.1167,18.5101,19.9938,10.1018,-0.3291,1.2287,21.9389,12.1628,-27.8814,-0.6784,21.6164,19.8651,12.313,16.5481,11.6687,6.8526,8.6433,8.3341,8.9292,19.118,-12.7086,-17.707,13.6283,20.5565,-6.9364,1.4613,13.1274,10.0716,24.1238,1.7809,19.4727,38.256,32.9372,10.8176,23.3728,37.4883,20.1492,25.1211,21.9072,21.9072,-0.6784,21.6164,19.8651,12.313,16.5481,11.6687,6.8526,8.6433,8.3341,8.9292,19.118,-12.7086,-17.707,13.6283,20.5565,-6.9364,1.4613,13.1274,10.0716,24.1238,1.7809,19.4727,38.256,32.9372,10.8176,23.3728,37.4883,20.1492,25.1211,21.9072,21.9072,21.9072,21.9072
80,20.806640625,20.95014190673828,21.625083923339844,22.31798553466797,10.916664123535156,-7.2063140869140625,-4.658134460449219,10.195716857910156,7.690193176269531,15.296981811523438,-10.439750671386719,12.838691711425781,-5.112129211425781,11.870979309082031,12.873802185058594,13.381210327148438,-3.9503707885742188,21.0694580078125,8.780517578125,11.054771423339844,14.185699462890625,14.469596862792969,10.954971313476562,15.345947265625,13.706108093261719,18.94731903076172,13.53240966796875,17.2755126953125,11.619438171386719,20.744483947753906,26.35675811767578,16.53321075439453,19.983177185058594,13.623580932617188,14.658668518066406,16.42168426513672,14.311874389648438,19.18799591064453,17.450881958007812,18.798965454101562,11.435821533203125,20.08043670654297,18.16773223876953,6.5736846923828125,11.353500366210938,15.48614501953125,18.92212677001953,17.949234008789062,31.178497314453125,4.40191650390625,7.033973693847656,22.733909606933594,18.60528564453125,-19.2207,1.5365,11.2812,9.2234,9.8577,-20.6482,-6.2901,7.499,11.9692,15.5874,23.075,19.5823,14.4473,-13.6894,-48.3574,14.9068,2.6161,-27.4309,16.5394,12.7247,17.3293,-7.5303,24.3658,1.2036,20.0513,17.9148,-11.1216,-12.1335,21.9271,17.5106,13.9197,-10.6589,7.7856,13.8627,10.3426,6.4387,8.7504,16.5706,12.4295,14.1408,8.7461,12.5862,10.8243,17.3704,3.6224,17.0931,-14.7018,5.6767,12.497,5.2387,12.402,8.7402,17.0169,9.0774,17.6879,385.7985,-1.0031,19.7409,8.8732,-13.2801,-5.7569,21.5026,15.1266,-33.6757,3.1806,34.5524,12.3987,19.0188,10.8958,13.7432,13.5206,-10.0626,5.094,8.2267,17.6996,22.3704,25.0687,14.1189,8.3122,14.6443,12.4552,2.6268,-14.3659,-11.3277,-37.7098,-20.6939,2.5038,11.2733,-30.0895,15.6805,16.2351,11.3136,14.1489,14.347,16.6388,15.2519,12.2004,-23.1131,4.4522,12.76,-44.3517,12.1323,27.7686,29.4473,17.6392,21.114,1.5429,6.4766,13.0551,19.0606,8.6932,15.9633,15.8346,17.4228,17.1929,13.2204,13.9184,18.5134,42.3175,20.8796,40.7573,18.8397,21.0159,29.6301,14.0389,18.4091,17.2234,15.0214,16.0127,10.1462,12.3937,14.7817,12.7904,18.4722,13.5238,8.5128,16.9273,27.0548,14.0244,22.6693,34.4149,19.352,17.6189,5.4349,12.3427,17.3002,19.9426,19.9143,14.6296,15.0544,20.2872,25.8543,27.0167,23.3319,13.5401,22.6129,15.6111,18.3249,16.9508,19.0923,9.2578,8.7287,13.5648,17.2675,18.9703,17.5799,20.5207,17.2936,14.7241,15.2436,17.2712,18.3216,17.9383,-0.3854,13.5637,15.9002,12.4105,15.9766,14.2848,21.1691,16.2391,12.915,16.3016,-1.01,10.0074,15.1789,17.6594,19.0728,8.4092,11.9296,14.7622,18.6303,18.2864,12.5674,7.4137,-3.4505,-0.7406,-7.0282,7.8011,10.9228,4.5422,17.2072,19.5092,18.4714,25.7726,20.7647,15.9535,34.4958,16.5829,16.9002,9.9464,19.7819,15.5657,19.6512,22.2264,21.7281,10.0922,4.8162,1.5897,15.4025,20.1106,-4.9996,19.1752,17.2908,11.0598,20.4213,7.4048,9.1582,15.2428,16.1809,11.789,7.5198,20.7028,7.4629,23.367,13.8588,9.6999,8.6365,2.4889,14.3172,17.8042,21.5644,12.5526,4.0169,2.8065,24.7148,10.8796,-16.7024,3.9699,22.9215,21.2753,13.207,41.3959,12.4372,11.1845,9.2898,3.96,10.6107,19.4297,-1.6858,-24.4158,14.005,23.0969,0.3023,9.2449,5.5491,4.6698,20.9926,3.7376,20.171,35.825,34.8397,10.0773,37.9221,37.9136,20.9477,24.9713,21.1688,21.1688,3.9699,22.9215,21.2753,13.207,41.3959,12.4372,11.1845,9.2898,3.96,10.6107,19.4297,-1.6858,-24.4158,14.005,23.0969,0.3023,9.2449,5.5491,4.6698,20.9926,3.7376,20.171,35.825,34.8397,10.0773,37.9221,37.9136,20.9477,24.9713,21.1688,21.1688,21.1688,21.1688
81,23.25727081298828,25.28258514404297,24.237823486328125,24.25670623779297,13.922874450683594,-4.1883087158203125,-5.737892150878906,16.298187255859375,14.348052978515625,27.361160278320312,-7.312797546386719,16.882911682128906,-4.384864807128906,16.27685546875,15.337142944335938,16.411460876464844,-1.1352996826171875,19.666473388671875,11.299636840820312,14.710792541503906,16.879547119140625,19.63396453857422,13.91717529296875,13.571685791015625,15.906532287597656,22.37506103515625,15.966545104980469,19.23889923095703,15.361244201660156,21.334274291992188,24.72911834716797,18.550857543945312,21.482452392578125,15.864852905273438,16.70427703857422,17.620681762695312,14.91998291015625,21.279380798339844,20.43701934814453,19.485267639160156,19.614967346191406,21.809967041015625,20.13494873046875,9.928573608398438,14.903938293457031,19.944534301757812,18.407638549804688,20.977767944335938,31.5452880859375,7.625450134277344,6.9281463623046875,22.58318328857422,21.079254150390625,-11.5228,-2.3422,14.7579,17.9709,26.5862,-19.586,-2.5627,7.647,11.9621,13.7304,50.91,15.7,14.0996,-10.7154,-42.3446,15.4216,9.1693,-23.8942,21.2878,23.2998,15.4432,-7.8248,18.6324,13.1963,23.9861,15.1903,-11.086,1.0184,32.509,18.082,17.3754,-19.0489,7.247,12.7822,14.7244,9.5977,8.925,18.4651,19.0717,20.274,9.6314,15.4088,12.7122,15.8212,5.2469,16.729,-18.2451,2.4176,11.2159,10.554,14.4483,14.0733,16.6412,9.4609,18.1555,449.5705,8.7801,15.076,11.2556,-12.7037,-9.5853,11.5794,19.4782,-29.0002,11.7004,77.3418,11.6954,35.1183,13.1537,24.4378,9.7851,2.8276,12.2033,7.7355,18.5151,23.6572,25.5716,14.1223,13.4288,15.0381,15.6602,3.38,-12.9342,8.3004,-29.9207,-2.6383,5.4168,14.4899,-32.014,13.2722,15.5675,12.9576,16.5314,12.2928,15.9724,16.7773,6.2258,-21.2912,7.1463,16.5014,-27.738,11.3117,21.4627,17.9118,17.7613,22.1536,-0.5915,18.3856,4.2748,17.1837,5.4259,20.0258,17.3073,28.5573,17.6164,12.4865,12.2135,18.0217,37.9859,16.7605,23.6364,20.064,25.5537,27.6717,12.9014,13.2995,19.757,14.7168,24.4059,11.04,11.225,11.6609,12.6642,17.5428,13.1588,9.6107,15.4769,18.9206,1.1665,20.3968,21.9558,17.6597,17.9103,10.0096,12.9391,17.5411,21.8438,20.3897,15.861,16.0649,19.2499,26.2231,26.901,19.8915,18.3582,22.9601,14.6706,19.7688,17.3192,19.1964,3.4427,0.0118,13.0814,17.013,18.8092,17.5821,20.6677,20.8676,13.8371,14.7702,15.3623,17.5862,16.07,0.5283,14.5318,15.9731,13.8831,22.7004,15.1821,18.4222,11.4568,16.1483,17.8172,2.4475,11.9959,15.4542,17.2403,19.0513,10.6143,11.1745,14.3952,17.5859,15.0111,15.4631,8.2401,6.234,1.6635,-16.4361,16.2781,6.7973,7.334,13.2395,14.7446,17.4978,13.3114,31.1848,16.8659,43.6747,12.7113,23.6449,11.6552,19.3403,17.6007,20.6227,21.188,20.5756,15.1922,14.9344,-17.1073,13.4071,15.5326,-4.4265,8.6169,18.3369,15.9685,18.5941,12.9071,26.2695,14.9547,-10.4137,14.0941,0.7374,23.6291,11.5763,22.5712,18.4133,9.0097,9.8287,9.8573,16.2599,13.6749,20.8356,11.6063,9.4424,1.5995,30.139,11.8324,-17.9549,6.2715,20.1922,31.0358,16.7234,15.6607,12.7109,13.4425,9.1053,7.1512,11.9878,19.598,0.1732,-27.755,16.1871,27.006,-10.9103,11.7291,10.7599,-0.746,16.2955,5.4606,22.1826,32.752,30.5126,6.9752,23.9741,35.0686,20.7851,27.3346,23.4588,23.4588,6.2715,20.1922,31.0358,16.7234,15.6607,12.7109,13.4425,9.1053,7.1512,11.9878,19.598,0.1732,-27.755,16.1871,27.006,-10.9103,11.7291,10.7599,-0.746,16.2955,5.4606,22.1826,32.752,30.5126,6.9752,23.9741,35.0686,20.7851,27.3346,23.4588,23.4588,23.4588,23.4588
82,24.638755798339844,28.751327514648438,40.380271911621094,27.43669891357422,13.853271484375,2.1269302368164062,-2.158111572265625,14.953704833984375,15.023025512695312,33.17033386230469,0.23069000244140625,20.498146057128906,-1.2124710083007812,19.625648498535156,17.564437866210938,103.82061767578125,0.228546142578125,21.87738800048828,14.77783203125,17.128448486328125,20.11534881591797,22.110000610351562,15.690658569335938,17.308700561523438,17.636703491210938,26.741111755371094,15.243446350097656,21.179061889648438,18.120193481445312,23.116722106933594,24.832489013671875,21.3250732421875,22.473724365234375,17.490066528320312,21.44189453125,19.78509521484375,16.57769012451172,23.612930297851562,22.69062042236328,22.63207244873047,25.68840789794922,29.145416259765625,23.6483154296875,10.790657043457031,15.556846618652344,21.222557067871094,24.676551818847656,23.461143493652344,27.432647705078125,9.44677734375,6.781990051269531,23.479530334472656,22.678741455078125,-2.2492,-5.0024,16.6426,16.8733,28.098,-19.4773,-28.0509,12.2538,17.2018,13.9011,58.513,11.4913,12.5387,0.3428,-29.2773,23.229,13.4934,-7.4863,21.1554,15.2541,17.2939,-6.6098,19.0466,16.4246,29.2847,14.8962,-0.408,43.5422,24.5786,23.7652,20.5323,-14.471,8.8971,5.7234,24.3197,8.6377,16.7277,22.3987,23.278,14.4611,10.8011,18.0075,29.4535,20.4079,7.2014,18.9881,-16.3743,-0.1795,19.1844,39.2918,19.5151,15.4534,278.6624,10.1372,20.9415,81.2529,15.4771,32.1189,14.8794,-15.4888,21.3322,9.1539,23.9892,-19.5815,21.3949,154.8465,19.7135,13.7201,13.563,29.1189,1.4729,10.7368,12.7074,14.7678,18.5875,18.1678,24.4202,14.7211,16.6278,20.8613,17.7962,-7.7318,-13.9102,12.6786,-23.1987,8.9963,15.2684,19.3082,-24.3009,15.8495,16.5564,14.124,22.5299,15.9921,23.9679,19.4506,-5.6364,2.5904,12.2029,15.4314,-7.5891,11.5847,36.3987,16.8772,23.8031,23.0459,-9.3252,20.2916,10.5331,18.6645,4.2729,26.6593,13.0504,28.7826,18.9932,13.5348,-1.3413,17.2725,21.1037,16.9862,66.9366,20.1761,31.6578,16.0229,10.1607,14.4112,23.9902,14.3408,18.8085,4.6569,6.5695,10.8246,10.7736,17.3168,13.387,11.4418,18.6078,22.7581,-4.178,25.9916,15.6136,17.2384,18.186,13.2505,14.3856,16.7055,22.0025,21.528,22.3376,18.5518,22.3718,22.6705,30.5978,23.994,24.1971,22.7671,16.5931,19.6219,18.3482,18.7894,6.6193,8.294,15.2204,21.3382,21.7706,19.4677,21.3982,22.1049,14.5688,26.8059,15.7431,18.0084,15.3233,0.6558,17.7621,17.368,18.1702,26.9108,16.6668,22.2699,4.7413,19.3149,19.3289,13.1081,13.7462,20.8576,17.6874,18.7976,10.5182,17.1058,18.372,22.8776,17.3205,15.1214,12.4512,21.1523,13.5711,5.9405,28.438,9.95,14.317,12.4971,22.987,21.2373,11.6192,40.8829,21.5166,33.5334,14.3546,26.8558,13.9841,20.1459,19.9959,20.9469,20.257,19.9457,16.7859,23.5933,10.6446,18.0393,20.7646,-4.3769,3.9102,19.0234,12.4391,26.8064,18.5102,36.1506,19.7978,-13.9612,18.4078,6.4507,29.2101,15.0662,36.4707,15.7424,13.5092,12.5732,16.6161,23.7843,13.9669,26.6063,11.5301,17.5159,11.0269,31.8307,19.2078,10.5745,2.6705,26.382,20.7321,39.21,16.2723,16.037,13.5102,7.7672,-0.3762,11.8079,23.19,1.0742,-11.7145,20.584,25.5011,-12.6284,16.0967,-0.3283,-6.3415,13.7943,7.6889,24.1685,30.2038,35.7714,11.0371,23.9048,30.7937,18.5274,28.4957,21.6066,21.6066,2.6705,26.382,20.7321,39.21,16.2723,16.037,13.5102,7.7672,-0.3762,11.8079,23.19,1.0742,-11.7145,20.584,25.5011,-12.6284,16.0967,-0.3283,-6.3415,13.7943,7.6889,24.1685,30.2038,35.7714,11.0371,23.9048,30.7937,18.5274,28.4957,21.6066,21.6066,21.6066,21.6066
83,50.12016296386719,33.615882873535156,35.30738830566406,34.18358612060547,15.670188903808594,7.286872863769531,4.6191253662109375,18.763931274414062,19.433311462402344,45.249114990234375,-3.376861572265625,19.942520141601562,6.414764404296875,23.308807373046875,18.658042907714844,35.12867736816406,5.941795349121094,28.41143798828125,14.982467651367188,19.25799560546875,22.47833251953125,25.907989501953125,16.728317260742188,19.0938720703125,19.012962341308594,26.011634826660156,15.458389282226562,23.619178771972656,19.533126831054688,26.5584716796875,24.26744842529297,22.109207153320312,20.652938842773438,19.704376220703125,21.938453674316406,21.020401000976562,19.890548706054688,24.477699279785156,25.574935913085938,24.396194458007812,26.797714233398438,32.82408905029297,24.31658935546875,14.588493347167969,15.772483825683594,26.852378845214844,24.447227478027344,27.534767150878906,37.89026641845703,12.59686279296875,9.121902465820312,23.624244689941406,24.80799102783203,-4.3711,-3.2186,39.4772,20.2058,20.94,-25.7727,-19.7307,15.3863,27.7015,29.1476,87.5116,14.2998,20.0767,3.8678,1.7077,25.6308,23.1992,-20.6044,16.7233,17.3496,21.3242,11.5911,30.4779,17.0589,21.7023,33.4245,5.289,11.8785,21.5731,29.9797,15.8354,7.6872,7.9703,-5.76,40.2702,11.2475,27.5004,30.6817,31.1881,8.1982,22.633,15.5737,27.4109,33.9325,27.5248,19.6868,1.3262,3.1742,53.7165,22.4464,23.7916,14.4343,23.0024,13.781,24.495,9.0566,17.4769,60.099,16.1544,-1.2058,15.1322,3.2135,25.795,-29.7552,31.6171,77.1128,40.2585,-33.4205,14.7787,12.8555,-30.1757,24.579,13.1635,11.5341,18.0752,18.0042,27.1417,15.233,16.5551,19.8781,20.1756,-29.1442,-27.7012,4.6288,-7.3941,16.2914,26.8186,22.0669,-29.8714,10.9966,15.4121,17.5735,20.1032,16.7411,25.9386,15.925,-1.1054,5.1065,11.9605,15.5889,5.1361,11.6589,18.0762,22.7785,21.3736,22.1194,-11.3405,19.0161,12.4754,4.72,-27.6095,26.3444,11.6011,22.2791,20.4898,14.0136,-7.7831,16.6347,18.2977,16.2013,20.4751,21.6473,25.6566,9.9347,6.4138,18.975,24.5875,16.6987,14.7628,1.4542,3.9132,-16.0918,11.9464,17.1154,14.4789,11.9462,21.3601,18.2767,6.548,22.9168,19.0673,17.5469,17.8459,13.5976,15.9585,17.21,22.4029,22.0062,20.052,19.8481,22.5961,16.6549,27.6004,22.6181,27.4466,19.4003,13.0558,17.9939,16.5239,16.8288,12.7821,13.1311,14.8687,17.847,21.1125,19.3095,14.3117,20.8748,15.1673,28.141,13.9722,18.2506,6.0477,0.001,20.1091,18.1805,18.7033,28.6296,20.4521,20.0593,-1.2885,23.5683,20.5608,13.1436,13.99,20.7367,17.4855,17.9925,4.502,20.2712,20.3193,20.172,17.8344,15.2332,-17.867,10.5045,18.9701,14.9549,25.33,16.9287,14.1905,15.8736,22.2684,24.1554,18.0236,44.7257,21.1336,32.5651,14.4735,26.0306,16.1837,22.0454,22.2705,26.1431,18.6472,19.6911,21.6975,30.106,27.6291,23.0637,22.3086,18.0335,4.5128,18.2985,18.1642,25.0062,25.6173,31.8776,23.5936,-6.8224,22.4121,16.2241,40.267,41.0482,43.7046,25.9419,18.6138,38.6084,25.4832,39.0681,23.5312,23.2509,15.832,15.6841,21.6447,40.4845,24.048,17.5006,12.051,32.3465,17.4603,78.6559,20.5562,17.139,147.2428,12.7667,1.2671,11.1241,33.2106,7.2885,8.1694,23.8467,39.1008,-7.939,16.1096,7.3812,0.374,15.4506,17.061,26.5615,21.8289,28.8582,10.6376,21.6195,35.556,19.0076,36.508,26.9197,26.9197,12.051,32.3465,17.4603,78.6559,20.5562,17.139,147.2428,12.7667,1.2671,11.1241,33.2106,7.2885,8.1694,23.8467,39.1008,-7.939,16.1096,7.3812,0.374,15.4506,17.061,26.5615,21.8289,28.8582,10.6376,21.6195,35.556,19.0076,36.508,26.9197,26.9197,26.9197,26.9197
84,36.332298278808594,36.85981750488281,36.20855712890625,31.30059814453125,16.85930633544922,9.982444763183594,10.218910217285156,23.337081909179688,19.85704803466797,31.477821350097656,6.9108734130859375,19.702293395996094,9.310371398925781,21.20195770263672,21.72063446044922,34.43170166015625,10.061782836914062,23.91069793701172,16.97747039794922,21.2750244140625,24.726577758789062,33.267601013183594,21.244468688964844,24.47728729248047,21.888992309570312,31.252212524414062,17.85279083251953,25.59191131591797,21.679779052734375,27.98815155029297,25.287353515625,23.473243713378906,23.42113494873047,18.310195922851562,25.12116241455078,23.00652313232422,21.516403198242188,24.738632202148438,25.534378051757812,25.70404815673828,26.82756805419922,30.658287048339844,27.781341552734375,16.422386169433594,18.17340087890625,32.05720520019531,31.750564575195312,28.32861328125,32.406097412109375,13.320159912109375,12.251205444335938,24.497451782226562,25.886138916015625,5.2918,5.3835,20.687,22.2892,17.8948,-19.2439,1.1436,9.219,24.0183,21.505,37.4273,14.6468,15.0293,16.2529,5.4724,13.4497,10.8717,7.5513,16.2414,22.4316,21.4086,4.3237,43.6283,18.2562,18.4787,26.9361,13.02,16.8388,19.404,34.973,15.8916,10.0753,6.1806,5.5559,25.058,11.8139,15.358,24.7576,19.4617,21.2519,20.0477,11.9196,16.7483,20.4052,22.9345,27.1497,2.4732,-6.5559,43.3591,35.5953,20.5912,11.8706,23.1334,19.362,21.0143,7.6947,6.3816,17.9734,15.4622,6.0681,16.5494,16.1841,21.5594,-15.3537,31.5754,31.5561,16.2408,11.8746,16.2425,21.7313,-13.3425,25.679,17.9335,14.4085,18.3204,17.0503,24.4877,17.1653,18.3368,18.5818,22.8638,-12.2581,1.0603,6.6105,3.186,18.0037,22.3792,24.4674,-22.7775,16.2706,17.6759,22.5615,22.8899,32.9459,43.0651,17.373,3.1697,10.865,11.3125,20.826,14.6202,22.2441,25.1772,27.1136,24.3307,23.1029,11.6042,14.4802,26.4833,11.0602,17.6456,26.9859,14.4247,24.039,22.99,19.7841,14.225,18.1342,27.5302,22.6657,22.4315,24.2512,38.8286,22.0156,15.8625,21.5999,25.9803,21.254,13.7917,8.5689,9.6381,0.7622,26.2845,19.4273,18.1838,16.8416,23.5559,19.7338,15.0347,19.8332,20.9958,15.4493,21.5212,16.9166,19.1847,18.1,29.8975,27.7507,19.5614,20.2568,24.1656,21.5986,31.4828,22.6531,25.7742,20.8133,12.6838,19.8394,18.7681,19.4968,14.4439,12.7787,16.805,17.3629,22.935,20.0598,15.0,21.2886,18.8035,27.9773,16.9114,20.2202,13.0544,6.9858,20.1349,19.8625,19.4901,15.6223,12.6172,17.8237,11.3478,20.6971,19.8272,14.0697,17.7165,21.3037,18.1847,17.4097,8.2713,25.4722,20.0017,19.5153,20.7432,18.7449,-0.4103,-3.8713,-1.8221,11.1258,22.0305,17.3139,14.226,16.45,22.3344,19.0499,18.6847,33.5536,17.7838,18.7997,15.6739,23.9561,16.7222,21.9128,20.72,22.3399,18.1824,19.1908,19.649,33.5652,22.4589,24.0706,22.9752,2.2802,14.2341,18.5817,17.3749,23.9987,22.7531,27.0544,37.247,-2.1281,23.9077,26.3685,27.992,124.9482,35.1917,31.7459,16.8328,33.2104,21.8124,98.1475,32.8978,28.3219,17.8414,19.3591,17.9156,38.222,20.2721,21.799,13.9354,25.6121,17.2648,20.6644,19.9554,26.6672,34.7687,17.6281,6.6268,9.9233,39.901,7.8044,16.458,28.2338,51.3379,-4.0197,18.4794,33.1323,8.8116,43.0396,45.5266,30.0019,26.2605,33.2769,18.612,25.5602,27.6184,20.3124,34.8724,26.4862,26.4862,13.9354,25.6121,17.2648,20.6644,19.9554,26.6672,34.7687,17.6281,6.6268,9.9233,39.901,7.8044,16.458,28.2338,51.3379,-4.0197,18.4794,33.1323,8.8116,43.0396,45.5266,30.0019,26.2605,33.2769,18.612,25.5602,27.6184,20.3124,34.8724,26.4862,26.4862,26.4862,26.4862
85,34.34734344482422,31.183151245117188,33.86311340332031,37.53191375732422,17.20477294921875,12.681144714355469,12.352363586425781,23.62427520751953,21.730384826660156,32.879058837890625,11.30169677734375,19.84911346435547,12.368263244628906,18.893882751464844,23.49634552001953,28.807228088378906,13.5213623046875,24.52423095703125,36.51939392089844,26.317947387695312,27.02398681640625,34.503150939941406,23.883468627929688,27.463722229003906,24.053726196289062,27.919708251953125,20.439224243164062,26.52404022216797,23.632125854492188,32.480865478515625,29.582763671875,23.597610473632812,31.17760467529297,19.122642517089844,24.933181762695312,25.587684631347656,22.826400756835938,25.95586395263672,26.91834259033203,26.628280639648438,24.34326171875,32.85846710205078,28.73883056640625,16.6168212890625,18.931724548339844,24.058868408203125,30.79370880126953,30.23907470703125,37.44841003417969,16.4720458984375,14.672317504882812,23.61248779296875,25.565834045410156,7.6577,5.8726,14.0413,19.5912,14.0948,-20.0621,7.707,10.9747,19.1368,21.5278,40.6605,20.6836,15.1959,25.1865,15.0227,13.1314,10.7864,15.6141,14.3893,19.8138,92.1447,-5.6705,19.649,16.636,16.9786,23.6008,19.3951,15.9693,6.2678,31.7591,12.9361,13.351,18.8464,15.2742,52.5291,12.9252,14.3694,24.4123,11.0082,18.4447,19.6857,16.5023,20.8976,24.2535,18.9207,28.1936,3.8474,7.3479,14.9135,77.7014,20.754,10.1286,22.3414,19.3361,33.029,13.2168,8.1951,20.6486,28.5377,11.4419,13.3734,9.4248,25.4929,1.9473,29.3729,32.9269,21.9814,44.784,24.6425,33.9929,9.9734,24.6621,35.9343,71.4932,22.6021,21.3554,42.1295,27.3425,13.3046,26.8636,34.8371,14.5433,7.2685,8.4782,0.2132,18.9797,34.0557,29.0913,1.4886,20.4142,22.8656,19.9371,27.605,68.0805,37.4492,24.4446,13.8183,11.5335,12.2876,24.5226,16.4301,26.2225,30.8279,18.9348,26.0922,32.0478,21.7897,12.2714,33.7738,27.6783,23.09,22.0848,15.3907,19.0965,28.6141,23.1701,16.323,24.9939,55.9548,26.8609,19.93,19.7492,25.321,20.3359,17.9356,21.8814,26.9359,29.8695,29.9168,12.6734,17.8791,10.3017,32.0121,23.6498,27.8731,43.048,23.8455,29.7284,16.1697,26.6375,20.3507,18.8458,33.0426,20.1542,19.3409,22.6592,27.5012,24.6429,24.1976,23.0929,32.556,243.4217,31.5922,21.3175,24.8136,21.0747,22.9183,24.488,22.0214,23.9186,25.5992,19.2976,19.9416,17.1401,20.8279,21.1081,21.4596,21.0553,20.9402,20.4069,25.0761,33.322,20.2947,18.7104,20.9806,20.1177,17.6838,17.567,13.3048,18.905,15.0911,29.7174,26.0651,20.6796,29.0139,21.3378,21.8174,25.9191,19.2884,24.7848,25.4707,24.9812,25.2726,69.1157,5.9997,3.555,-11.6545,5.0635,23.5742,17.3093,14.0662,28.4207,40.3586,33.3425,23.3836,32.2342,18.7202,31.2032,19.0974,25.7731,18.7778,21.8711,21.6859,22.5804,13.186,19.0755,14.9086,31.1407,12.4351,22.0335,22.4026,21.5544,16.8074,17.1727,17.0034,14.2849,20.267,17.6037,21.5657,-10.22,24.4674,27.6965,24.815,31.6903,40.2621,25.6215,11.2231,30.4519,16.5635,19.3426,24.4097,24.8688,16.324,12.9872,17.2465,19.123,18.024,18.6818,10.7925,20.6816,20.1431,85.5467,18.5309,16.7833,22.5708,16.5519,10.8872,11.7164,34.8878,12.5827,17.9938,21.9901,20.5855,0.4372,14.1257,16.8899,12.0629,36.0299,20.4271,35.6185,20.9192,22.6386,15.3193,20.6023,24.2457,22.9005,36.2504,23.1381,23.1381,10.7925,20.6816,20.1431,85.5467,18.5309,16.7833,22.5708,16.5519,10.8872,11.7164,34.8878,12.5827,17.9938,21.9901,20.5855,0.4372,14.1257,16.8899,12.0629,36.0299,20.4271,35.6185,20.9192,22.6386,15.3193,20.6023,24.2457,22.9005,36.2504,23.1381,23.1381,23.1381,23.1381
86,30.41754913330078,30.29792022705078,33.98175048828125,32.94172668457031,16.934005737304688,11.314369201660156,12.933135986328125,22.07459259033203,21.89476776123047,28.497573852539062,14.056930541992188,22.23346710205078,13.55682373046875,20.2642822265625,25.357383728027344,25.025802612304688,14.493148803710938,23.79302978515625,25.181686401367188,26.093185424804688,24.89642333984375,29.72429656982422,47.12321472167969,27.48296356201172,23.222518920898438,27.138694763183594,23.69879913330078,26.720306396484375,24.048568725585938,33.322113037109375,30.55816650390625,23.68793487548828,32.23899841308594,21.923843383789062,28.98406982421875,25.144203186035156,23.653160095214844,32.44239807128906,30.05316925048828,29.01158905029297,24.757980346679688,29.4002685546875,27.737197875976562,21.742431640625,17.656784057617188,23.411041259765625,32.50750732421875,29.463783264160156,34.79498291015625,16.50519561767578,17.989974975585938,26.276222229003906,25.65460205078125,8.7425,-0.4683,20.9916,20.9156,11.0749,-14.5432,11.4064,12.2824,23.9509,15.5106,27.7018,99.0403,86.3826,23.655,16.267,120.2466,40.4056,17.9043,21.9786,29.3544,24.1676,4.7729,23.6091,17.2401,24.6637,24.4985,21.3669,12.7549,21.3105,27.6546,24.3609,14.5243,18.028,17.7002,31.0824,12.8659,13.052,33.7269,17.3994,23.7575,22.9726,19.0106,18.2221,21.9593,10.7953,32.371,3.9038,12.4216,18.6302,21.1572,18.047,11.0139,14.171,10.5266,20.8521,24.5746,13.1776,24.0871,37.3147,10.7963,18.6803,18.1949,27.296,-0.9701,35.1846,38.8284,23.4243,23.7612,18.1252,21.6651,18.6176,28.8281,17.9377,25.346,23.1975,19.6332,24.2578,19.043,13.3199,21.5583,29.9581,17.2962,11.2849,28.8938,18.909,19.0756,25.7081,21.5404,11.713,27.4509,18.733,16.6093,24.6716,37.1199,22.6035,20.6399,12.2274,34.1751,16.5468,30.2969,17.2979,93.2884,21.5071,31.9999,25.1479,25.6419,17.7414,18.6301,27.5703,22.5679,30.4467,27.7161,18.6559,19.635,24.5224,18.1094,24.4987,24.0718,28.6375,61.4135,23.0208,19.2381,22.2441,21.6275,18.6266,30.5642,24.8685,21.6651,21.1185,19.0221,21.5994,17.4354,48.6373,23.8246,24.378,26.1348,22.1878,24.9126,27.0248,26.9157,23.4627,18.2716,26.6305,20.0083,18.3602,21.2035,25.9361,31.2343,25.386,32.2468,33.3806,25.2677,34.7386,31.9476,26.9717,29.7182,23.4944,23.2585,21.4136,26.1571,26.3524,21.2745,35.7642,14.4654,19.1579,26.4359,20.701,22.8874,24.0165,21.9173,23.5685,36.9321,22.1341,23.1719,25.8777,20.9009,16.5838,19.7318,21.1131,20.0779,20.0642,41.4858,25.3321,22.8356,23.3271,23.5058,21.8118,33.6596,21.4094,42.9731,32.9275,29.5924,21.5964,26.8654,17.0846,24.2104,19.6939,28.894,25.5355,19.2219,16.7018,22.0245,36.5353,23.356,20.701,21.8219,36.5615,23.6303,21.875,28.8771,28.1324,36.3342,32.8019,31.4843,36.0603,33.858,53.1752,21.677,15.8504,17.6263,26.8876,32.2688,28.0864,24.002,26.9763,18.4226,25.0718,21.0485,28.6389,7.0859,157.1208,26.5563,27.2592,30.567,26.9013,28.2794,15.9728,59.8478,29.5124,19.9753,25.693,19.8532,180.3695,212.4223,20.0667,192.1867,24.6764,21.7871,25.7557,20.8079,32.4259,51.112,17.9274,16.7844,25.0814,11.554,9.4266,19.9466,25.6925,12.2238,26.1221,20.5886,16.7341,-0.2972,18.5312,25.4661,20.3453,18.3428,17.6658,26.1381,20.2077,17.9061,23.8739,19.6996,28.9337,35.8938,33.2448,21.593,21.593,25.7557,20.8079,32.4259,51.112,17.9274,16.7844,25.0814,11.554,9.4266,19.9466,25.6925,12.2238,26.1221,20.5886,16.7341,-0.2972,18.5312,25.4661,20.3453,18.3428,17.6658,26.1381,20.2077,17.9061,23.8739,19.6996,28.9337,35.8938,33.2448,21.593,21.593,21.593,21.593
87,30.576705932617188,31.58063507080078,33.582923889160156,33.15528106689453,18.08373260498047,11.137901306152344,13.237968444824219,31.40172576904297,19.57215118408203,33.331932067871094,11.859123229980469,22.822425842285156,13.990058898925781,17.952362060546875,21.298736572265625,22.50255584716797,17.230621337890625,26.49524688720703,23.288124084472656,24.855003356933594,22.97467041015625,34.21373748779297,40.606361389160156,28.144615173339844,26.634536743164062,27.063003540039062,25.925979614257812,26.670211791992188,24.34247589111328,40.260650634765625,32.07476043701172,23.93195343017578,41.96399688720703,25.34160614013672,28.62163543701172,26.14171600341797,23.027503967285156,30.410110473632812,29.48346710205078,32.10816955566406,25.505516052246094,33.446449279785156,27.413543701171875,20.318458557128906,16.93622589111328,22.362953186035156,32.308815002441406,29.84284210205078,29.289207458496094,19.01532745361328,14.488410949707031,25.10546875,25.511070251464844,30.5444,9.3054,171.6892,20.989,23.5478,4.2423,11.2875,13.4878,17.7302,27.3068,46.548,21.3694,29.1007,19.5073,16.9226,19.397,21.3906,9.1179,24.1388,9.6471,19.9679,17.9906,22.222,24.8897,24.4713,26.3601,17.9807,17.8618,10.1665,22.6663,15.2393,14.4691,26.2044,19.508,51.7604,13.4597,17.6748,21.0193,11.0069,11.6518,19.8093,21.2478,21.3224,17.5626,9.1897,18.3135,10.1983,14.5945,31.81,43.1442,15.1716,25.4571,16.4416,9.8273,21.1302,15.6956,15.3612,23.6001,30.0563,17.1646,21.3403,21.0163,26.462,9.9472,22.691,60.2763,24.2628,27.7121,15.491,26.8304,19.5419,22.8489,16.698,19.0911,21.4706,18.1172,22.3528,19.7868,14.0609,30.6676,25.2891,23.6714,20.1755,15.9148,26.029,21.4537,32.0733,16.8825,22.8424,13.9434,19.3369,15.0768,27.4707,27.2627,35.4208,25.4995,11.2942,16.8748,16.9496,22.3165,21.5128,59.4461,22.6188,28.9133,26.2306,26.7052,27.7888,21.8861,30.1728,34.4068,36.6673,29.7807,23.3128,20.4737,33.1908,28.2029,44.4289,24.273,77.5015,29.9691,28.8984,23.6221,21.844,34.3345,23.5711,30.3167,24.3872,35.5186,23.1145,21.3685,21.6532,18.89,43.8368,29.6357,25.0022,25.4628,23.1509,23.2491,27.349,29.0778,24.5927,21.5144,30.3853,19.9319,21.2686,22.6383,26.9815,38.3957,31.9487,29.5547,46.194,23.9634,34.3016,34.4514,27.4532,25.4868,30.8937,28.0016,24.1918,26.6068,18.8876,21.9934,23.0934,18.8478,19.8223,22.035,14.7871,18.8935,25.7169,31.636,27.2646,59.4377,21.4877,21.8821,24.6253,22.4785,20.6815,24.014,30.4115,20.4743,21.8184,36.87,25.7089,23.0885,38.4147,26.3239,24.8331,20.1163,19.6872,22.664,20.8631,27.0848,24.2264,18.2656,13.2674,15.5583,17.0788,22.6682,28.489,16.6141,18.6341,86.9313,25.6862,19.5479,15.5882,24.4259,25.1601,29.2372,51.8346,24.8018,23.8272,28.8774,33.1097,27.4572,25.2279,28.5075,41.8726,21.1979,17.3526,24.8105,32.6723,28.0616,24.5769,21.6553,23.0246,28.3708,28.8018,23.8014,29.5593,12.3022,25.8793,19.8625,19.8652,27.6241,41.3861,17.6368,16.8997,26.7998,40.1841,26.1396,66.5657,19.6369,27.4189,53.094,21.7069,106.2964,23.0611,20.8024,19.3047,38.5982,18.3141,636.4863,31.9495,22.4401,20.6747,10.507,12.4429,21.7725,40.4667,17.7212,28.1296,23.5814,19.66,8.2557,18.2394,14.3575,6.6951,18.8641,20.3162,30.2271,41.1464,11.526,23.1429,21.4096,30.4518,48.6731,35.1656,19.9494,19.9494,19.3047,38.5982,18.3141,636.4863,31.9495,22.4401,20.6747,10.507,12.4429,21.7725,40.4667,17.7212,28.1296,23.5814,19.66,8.2557,18.2394,14.3575,6.6951,18.8641,20.3162,30.2271,41.1464,11.526,23.1429,21.4096,30.4518,48.6731,35.1656,19.9494,19.9494,19.9494,19.9494
88,30.367080688476562,27.136871337890625,35.54259490966797,32.643211364746094,18.94841766357422,11.301551818847656,16.955322265625,22.506179809570312,24.126205444335938,37.32219696044922,12.683891296386719,23.863365173339844,14.329261779785156,17.897491455078125,21.24626922607422,22.303245544433594,16.623870849609375,23.541305541992188,22.326385498046875,27.070785522460938,23.86829376220703,31.85437774658203,38.80718231201172,28.200401306152344,28.982498168945312,27.32476806640625,27.278671264648438,29.445510864257812,27.27337646484375,36.3817138671875,30.09465789794922,24.4598388671875,33.036338806152344,25.29297637939453,28.935462951660156,28.574295043945312,23.272247314453125,31.157867431640625,28.61046600341797,32.954795837402344,25.620582580566406,29.459449768066406,29.520233154296875,20.306236267089844,17.6475830078125,22.331573486328125,26.774917602539062,28.694236755371094,26.760696411132812,21.53765106201172,16.74359130859375,26.99152374267578,25.523330688476562,36.9003,13.4298,28.4072,33.9215,18.2874,12.9608,10.923,14.3677,20.7557,17.2443,56.8949,15.1068,13.3912,17.7014,16.7809,17.7587,30.5167,10.5451,25.8114,6.9899,19.621,8.6813,25.926,23.8829,25.7003,19.0102,27.3749,21.5397,13.0356,41.8993,16.3888,14.1419,25.4846,15.5141,34.6023,14.7411,16.6589,21.3759,9.4823,13.4916,49.7646,21.0439,281.877,16.8727,8.6257,17.6883,13.6731,15.0947,40.3924,42.7291,17.5437,15.4909,19.5469,14.2094,19.8188,10.8748,40.8182,25.6915,39.9534,12.6802,20.5021,21.1122,23.4939,25.077,32.6025,42.4921,21.7299,19.0244,19.5391,22.8322,32.4221,18.1493,18.6812,18.8567,21.0072,16.8249,21.89,18.6993,14.4686,23.5318,30.1464,43.8314,21.8756,18.2914,27.1707,22.947,34.8834,20.2382,30.5724,13.9651,31.511,14.9782,39.4652,23.317,24.0957,29.9514,14.2835,17.3749,18.1042,21.9407,24.701,48.7452,26.0689,21.7537,25.2928,42.5156,28.1304,25.554,28.4754,31.1435,41.8559,34.05,27.7233,22.8303,35.6497,33.2773,41.6164,24.5285,68.1899,37.1617,30.121,25.2193,23.6324,30.3706,70.7706,25.8809,25.9382,30.0427,29.7065,23.7763,25.3497,27.2143,40.8225,32.1094,42.6969,28.4346,29.7505,49.2216,26.432,30.8008,27.1375,21.8813,26.3719,27.8436,23.1921,22.0137,27.7602,43.0697,118.3579,33.4057,32.3479,26.8084,52.1389,26.0621,43.7005,28.6735,50.4174,26.8835,28.2143,27.5968,35.4481,23.9476,34.8036,24.4334,20.8987,22.4819,14.7026,25.441,50.9202,28.8237,33.0095,28.4653,21.9311,22.7349,27.608,22.1539,36.4166,28.4792,26.1235,23.1706,22.8965,58.193,58.3729,28.9162,119.6474,25.829,27.8137,20.8919,36.3664,37.004,29.4272,24.7719,29.4527,28.3097,18.5386,18.2876,20.5159,29.6936,23.4168,16.7085,29.9829,54.6744,28.289,22.8098,26.7178,31.6135,24.5038,31.9402,42.5181,25.065,23.6393,25.3205,27.9145,23.1919,18.5985,24.1074,36.6779,19.0649,25.122,24.8711,30.7906,32.1534,35.897,23.8544,23.2749,25.4265,22.8779,21.5467,25.6775,22.5352,56.4616,14.6881,29.5552,25.2045,25.5391,17.2955,17.8144,22.6153,21.9481,37.2581,51.1555,24.676,24.2328,23.9797,31.1911,39.1761,20.6712,24.5651,16.8485,44.3302,18.1579,105.782,19.1772,17.0005,18.0891,13.0877,8.4841,19.5958,33.3867,23.9712,22.4468,20.8811,16.9918,-2.8849,18.8709,10.5037,13.2124,17.9132,353.6347,28.7905,33.2588,15.0392,26.948,21.279,23.1363,32.4664,30.5609,20.1176,20.1176,16.8485,44.3302,18.1579,105.782,19.1772,17.0005,18.0891,13.0877,8.4841,19.5958,33.3867,23.9712,22.4468,20.8811,16.9918,-2.8849,18.8709,10.5037,13.2124,17.9132,353.6347,28.7905,33.2588,15.0392,26.948,21.279,23.1363,32.4664,30.5609,20.1176,20.1176,20.1176,20.1176
89,29.829055786132812,23.756988525390625,32.917503356933594,30.81755828857422,19.10950469970703,11.363800048828125,20.651161193847656,18.714698791503906,23.504257202148438,40.74011993408203,13.262985229492188,29.923912048339844,14.70880126953125,15.481765747070312,20.852310180664062,29.007720947265625,16.382705688476562,26.160850524902344,22.38238525390625,28.53797149658203,24.94640350341797,29.42662811279297,78.02363586425781,34.817298889160156,28.33367156982422,29.382675170898438,26.35077667236328,28.71393585205078,27.765419006347656,35.677284240722656,32.44567108154297,29.000564575195312,38.902587890625,28.665122985839844,28.26866912841797,30.21025848388672,24.004058837890625,32.05284881591797,28.902084350585938,34.61040496826172,33.57391357421875,30.550941467285156,30.566635131835938,22.653404235839844,17.405075073242188,21.623275756835938,27.06830596923828,26.894760131835938,28.428558349609375,19.330291748046875,22.07164764404297,28.41387176513672,27.50281524658203,20.6452,7.0831,24.333,27.9494,18.7647,17.8488,12.5951,16.5407,22.2905,20.6723,61.6642,16.6598,9.8083,9.2473,14.5128,14.9975,14.0127,11.3484,25.1036,4.9658,20.6953,13.3765,24.9782,19.9119,43.3493,18.5772,15.9545,17.1649,17.9006,23.2701,11.0556,16.1027,25.6133,14.1067,35.245,15.626,13.9005,21.7078,3.6369,7.1374,134.1557,21.0629,26.585,20.1628,17.3825,17.8151,12.3198,17.6774,38.4976,60.2204,23.6408,32.4025,24.2986,16.1108,19.4184,17.1532,34.6656,27.1246,51.5509,12.7053,21.7143,27.2103,63.1298,40.4107,33.1538,36.3707,19.5786,19.8218,18.9622,21.3546,90.7236,21.6522,27.4448,19.9291,21.6916,16.7348,48.4868,20.393,15.4471,21.4777,32.6967,76.0613,27.2991,22.1223,26.3209,29.0341,20.2132,23.0127,28.4119,21.5656,28.5806,11.5963,76.7909,183.8647,27.5471,28.7085,14.4587,18.2511,18.7198,18.9894,23.462,168.6247,29.839,26.6162,30.2783,32.3434,28.2659,26.4065,49.4629,41.1315,32.7629,45.9924,29.5365,33.7178,28.6038,28.1853,33.5705,25.328,30.564,32.1768,60.571,26.2469,27.2405,66.7494,22.9838,37.2221,39.0765,28.0413,58.6091,18.8487,26.3609,25.3809,52.5192,82.2452,46.8703,27.1559,25.5712,38.2258,27.2916,32.2914,26.8571,22.2788,26.5843,26.0479,24.4437,26.1691,32.9066,35.8522,40.7136,33.0559,27.7485,28.546,54.8632,41.2094,49.2155,47.0566,37.9848,29.8008,30.858,29.0964,27.6824,27.2762,33.3891,24.2007,34.6493,46.9537,37.8507,29.5961,46.9918,33.0066,55.8907,32.0216,24.8298,29.1783,27.8424,22.8945,28.9121,18.2226,34.3756,24.6756,23.6738,215.8691,43.6987,28.2161,45.6369,25.0066,35.6333,24.0667,38.2581,40.1289,32.1068,32.8043,33.1859,21.7428,26.2427,21.9953,20.6594,54.053,31.7765,18.6744,36.66,33.8009,29.4016,42.403,28.9199,36.6145,26.6815,69.4731,125.6438,30.663,22.3335,26.2401,37.3463,24.6895,22.5647,27.044,56.9306,38.0782,28.8546,48.0231,34.6294,31.0692,41.5755,24.5335,24.6039,100.7157,25.0197,44.6294,30.9107,18.9818,28.1893,22.3435,26.5676,25.746,30.2701,18.5909,18.2353,41.8613,28.19,46.2886,57.1675,26.5483,25.923,27.3243,56.2005,32.0162,30.3541,22.7958,23.8447,32.2818,18.9681,21.5448,21.177,16.9216,29.798,11.5246,11.2236,20.2467,39.8226,13.0384,15.4025,17.1135,16.052,-4.5773,26.4164,13.0813,29.1425,11.4976,25.8294,28.838,33.1981,12.5693,29.6947,28.1268,25.242,35.0293,25.248,24.6152,24.6152,23.8447,32.2818,18.9681,21.5448,21.177,16.9216,29.798,11.5246,11.2236,20.2467,39.8226,13.0384,15.4025,17.1135,16.052,-4.5773,26.4164,13.0813,29.1425,11.4976,25.8294,28.838,33.1981,12.5693,29.6947,28.1268,25.242,35.0293,25.248,24.6152,24.6152,24.6152,24.6152
90,30.69074249267578,21.81464385986328,33.755767822265625,31.27935028076172,19.182937622070312,12.549102783203125,21.21294403076172,20.98180389404297,21.585594177246094,35.7899169921875,165.7132110595703,21.466346740722656,13.453689575195312,23.316688537597656,21.048301696777344,28.84375762939453,15.317115783691406,26.226287841796875,23.773399353027344,27.303802490234375,24.46807861328125,28.78789520263672,39.78253173828125,121.08242797851562,29.321144104003906,30.83551025390625,26.375244140625,28.4049072265625,30.847976684570312,35.727272033691406,31.238555908203125,27.57758331298828,34.66333770751953,29.70233917236328,29.9149169921875,34.26416778564453,24.872703552246094,36.659751892089844,28.901596069335938,36.681861877441406,28.921043395996094,34.29444122314453,30.557769775390625,22.375328063964844,17.325973510742188,22.565811157226562,26.55182647705078,25.564407348632812,27.494171142578125,21.970321655273438,20.835838317871094,30.22210693359375,31.052520751953125,17.263,7.0385,22.5874,21.2024,10.8486,39.7862,18.9336,13.0665,21.0413,22.8159,38.4826,17.8274,1.4535,6.3361,10.8479,13.2693,15.7218,473.4735,28.3526,1.665,24.8022,13.9882,20.149,21.2649,13.7686,18.1634,24.013,17.8466,17.9925,26.7396,4.9379,10.8838,24.4622,14.49,16.3988,21.077,14.3677,22.7291,27.6553,15.6359,19.808,27.1396,25.997,16.686,14.944,18.5638,13.4803,18.7838,40.9581,60.4083,30.0128,33.617,25.9919,52.5548,18.6948,9.7506,25.9789,24.9334,57.9679,11.1023,27.7848,24.6038,60.9373,57.494,33.0762,33.9674,27.7794,14.9059,18.5707,26.7453,123.1755,32.7344,17.3757,25.446,21.6728,13.6304,22.6317,21.44,17.6877,23.8569,27.658,35.6541,19.339,22.5424,24.6075,25.2515,27.7887,21.5835,26.5933,35.1334,29.6945,13.3914,71.3575,46.0144,25.0984,28.3049,17.1189,32.4871,22.5066,20.4402,25.2501,30.009,20.8693,11.742,31.9751,147.287,28.5625,26.9472,308.563,47.2143,43.9824,42.681,30.3438,37.0271,26.0091,30.6143,33.027,28.8906,37.6932,31.971,34.032,28.0893,31.112,108.3778,31.5334,41.9079,29.1212,29.5071,54.9212,20.6837,24.7447,24.8993,27.6677,49.7784,96.8971,26.939,24.4638,57.5884,27.7104,30.274,28.0123,23.1865,27.8205,34.7185,26.1487,30.9767,32.2053,28.0108,66.7651,29.1212,29.055,25.5454,65.1816,60.4213,28.2082,32.0404,33.854,27.8948,28.3068,28.0841,29.3698,26.5535,42.3773,28.3862,27.1694,24.2355,20.3732,30.0001,25.6494,26.966,48.9541,32.8207,25.4059,27.2722,24.7074,21.7232,26.3603,23.026,34.9497,24.9689,23.838,72.9015,41.1937,68.1076,85.3976,29.1058,31.3994,32.2093,25.4531,51.9853,24.2821,39.0109,44.3932,28.1385,30.575,27.3235,21.484,24.0778,25.6737,21.4506,32.3692,30.8976,34.5399,41.6583,37.682,42.9378,39.1608,96.4069,146.6164,26.1175,20.6964,25.3022,30.0538,24.7589,27.3411,30.3639,73.3415,35.117,41.6831,45.8603,39.7065,34.9475,39.7511,34.2325,30.3591,26.4628,25.1387,25.6808,27.3427,19.2676,33.4401,19.3104,31.5207,42.5382,41.7281,21.3037,20.8687,28.0972,33.0375,53.2852,58.4707,27.3029,32.2436,42.1073,52.4221,39.2781,33.6874,23.9023,21.6776,18.8727,13.2203,54.4173,19.0976,17.2097,16.8943,11.5552,11.8094,36.0004,25.0993,20.9398,14.4656,17.4031,15.9069,10.0284,29.0583,16.2912,22.0353,11.0885,24.3685,27.462,17.7807,14.347,29.1795,23.781,29.2671,33.3481,22.7883,35.8256,35.8256,21.6776,18.8727,13.2203,54.4173,19.0976,17.2097,16.8943,11.5552,11.8094,36.0004,25.0993,20.9398,14.4656,17.4031,15.9069,10.0284,29.0583,16.2912,22.0353,11.0885,24.3685,27.462,17.7807,14.347,29.1795,23.781,29.2671,33.3481,22.7883,35.8256,35.8256,35.8256,35.8256
91,34.658843994140625,23.795822143554688,32.888282775878906,32.34050750732422,19.171676635742188,14.702964782714844,21.903076171875,20.12293243408203,20.73369598388672,37.21490478515625,47.02790832519531,21.196868896484375,14.838638305664062,24.280166625976562,22.0806884765625,32.845306396484375,17.59784698486328,33.896400451660156,29.158843994140625,28.8079833984375,32.18358612060547,27.953460693359375,34.40404510498047,50.9835205078125,28.413406372070312,32.48152160644531,26.90723419189453,29.269683837890625,30.233978271484375,34.066612243652344,36.08747863769531,29.377197265625,42.234840393066406,60.454742431640625,31.544212341308594,30.274612426757812,26.000816345214844,41.2655029296875,30.157203674316406,45.22334289550781,33.78301239013672,37.73051452636719,32.82292938232422,23.08838653564453,17.65192413330078,22.56103515625,27.704994201660156,25.74591827392578,29.240768432617188,21.64427947998047,23.566375732421875,28.906585693359375,30.2430419921875,16.1402,13.278,22.0731,17.4453,-8.9651,20.256,16.9717,12.7592,27.6374,17.7172,43.0601,18.0524,4.4018,9.9985,12.9841,13.0297,19.4765,23.4863,16.6214,-0.9401,22.1211,10.8075,19.9875,23.1738,13.2166,19.4698,23.8783,14.551,18.2397,19.6017,-3.5598,12.6583,25.291,18.3419,32.6097,17.2235,13.7433,22.7953,25.3057,17.397,22.2851,23.9835,18.6314,14.5533,13.7842,19.5282,16.6065,20.0669,33.1961,45.8885,39.4854,19.9009,33.5273,22.6041,19.4975,4.3867,12.9902,31.7994,47.1442,16.8819,25.4975,100.5581,74.0032,31.4548,45.2474,38.6619,36.3813,19.7136,19.1621,17.0163,77.5906,394.6469,18.8651,38.8332,22.1372,-2.5356,20.4245,23.874,20.319,25.6852,29.4704,36.4963,26.8781,26.0961,24.504,26.4664,24.603,41.4656,23.1583,51.319,34.5958,12.4944,63.9872,36.5231,21.5257,27.2758,12.0492,19.8936,22.8833,21.3493,25.3127,19.2598,30.0621,3.1011,24.3683,35.3101,25.8113,26.6968,36.5782,51.3489,46.8283,34.2875,28.1347,34.6337,27.3181,25.4548,28.7868,29.4836,39.7507,35.6706,31.582,24.3222,28.9163,136.8097,23.0734,28.6887,33.3032,29.4446,62.377,21.3017,24.0566,22.3892,31.8126,90.8799,139.6416,27.6686,24.8506,37.1342,25.9679,76.0584,26.0476,26.3412,27.1933,27.6994,26.0723,25.7856,42.6622,29.6859,164.7821,179.5077,30.7602,28.742,76.9406,54.8422,35.5696,31.1936,57.3817,40.0231,27.5313,28.2843,30.1123,30.3725,35.7997,27.23,28.4284,22.2007,37.3578,26.6149,25.0394,42.1155,53.3083,43.5634,26.7048,31.3126,24.7646,21.4184,27.5352,27.7052,124.3082,25.2386,24.7887,35.8802,44.2223,23.9848,36.0641,32.9604,25.8892,23.2627,27.9116,42.2042,24.3141,33.7177,27.205,26.0323,57.1306,49.8998,22.1022,27.5299,27.6673,21.2163,29.3817,31.1828,40.3237,42.6716,44.9624,61.4665,49.7312,71.228,85.6166,25.914,20.107,28.0988,32.2852,25.6924,31.91,34.6242,58.963,32.7595,58.5991,45.4338,60.0548,36.8497,41.2449,31.204,26.8427,31.7789,27.0586,37.1476,29.3455,23.736,28.9035,25.0481,26.0688,23.6113,47.4477,21.5682,29.4678,76.5353,39.2591,56.459,80.7558,32.3376,46.0515,30.8969,68.6772,35.005,33.7706,25.4696,20.583,22.3899,18.4316,86.8371,22.1553,19.522,20.5319,10.3041,8.6012,22.3819,40.2862,17.2807,13.3529,16.9149,15.2762,3.0659,24.3072,10.299,26.6671,19.4154,25.3478,28.0017,7.577,15.6153,27.9553,22.6879,20.0931,25.6337,20.7038,26.0645,26.0645,20.583,22.3899,18.4316,86.8371,22.1553,19.522,20.5319,10.3041,8.6012,22.3819,40.2862,17.2807,13.3529,16.9149,15.2762,3.0659,24.3072,10.299,26.6671,19.4154,25.3478,28.0017,7.577,15.6153,27.9553,22.6879,20.0931,25.6337,20.7038,26.0645,26.0645,26.0645,26.0645
92,35.444984436035156,24.08155059814453,31.836868286132812,33.71086883544922,21.431808471679688,17.6729736328125,23.214019775390625,25.07044219970703,21.337127685546875,38.011474609375,61.95884704589844,22.443077087402344,16.492050170898438,26.357444763183594,24.22229766845703,29.036888122558594,20.04949188232422,36.79242706298828,37.2095947265625,31.512939453125,37.687644958496094,27.624107360839844,33.460975646972656,51.00709533691406,31.241844177246094,33.108917236328125,29.176925659179688,30.506744384765625,31.50720977783203,35.4224853515625,33.983306884765625,30.676307678222656,39.1490478515625,39.691627502441406,35.64404296875,32.147438049316406,28.55567169189453,50.907012939453125,31.7779541015625,51.44242858886719,32.8927001953125,36.74420928955078,34.16706085205078,25.73938751220703,18.901275634765625,24.378555297851562,29.64618682861328,26.450035095214844,31.93798828125,20.977462768554688,24.319923400878906,30.856719970703125,31.554229736328125,14.4507,18.1447,21.4705,14.7217,-13.2714,20.9133,36.8485,12.8556,22.3108,18.538,41.635,17.4759,7.4511,3.5908,16.3858,12.9892,16.5172,75.4541,21.6315,-8.8551,19.6679,13.7817,18.0898,22.439,15.8636,24.802,33.868,18.2422,16.9513,18.9253,-4.952,10.9326,39.5494,19.6818,32.0086,9.6412,8.8135,23.5523,23.05,22.8807,20.88,18.4904,16.3348,14.6648,12.4625,18.3035,19.2697,20.9501,52.5893,200.1004,38.9444,17.6027,27.8998,19.9233,19.0812,13.7255,28.8397,31.3608,30.7985,17.5672,28.9748,24.0853,82.1621,43.8708,212.1084,42.5759,42.5489,24.1799,17.6829,29.0845,0.6493,67.8516,30.8695,52.8812,27.3544,3.1609,22.7494,25.4696,17.8757,26.4841,31.8567,44.3344,29.1681,25.7372,23.773,34.3035,31.3705,47.7763,56.951,37.6444,34.3272,17.8647,48.2194,101.5558,19.925,29.8924,7.6553,31.216,23.0471,25.4145,25.5444,25.0314,29.691,12.0652,25.9362,55.8878,23.7833,26.6743,41.4554,52.2287,54.1677,32.3462,27.0887,28.8571,28.1743,28.2888,26.1,26.2454,49.601,34.4622,39.7872,36.3609,26.9395,111.7737,25.57,42.6691,31.6605,26.337,30.0172,22.0253,22.4337,23.1815,28.8911,140.0097,160.434,28.6794,23.3398,28.9969,29.1577,122.7007,25.5485,27.0379,27.0832,25.2454,29.1197,25.9621,36.8948,33.5114,56.7706,112.2887,33.4312,53.7982,114.7321,100.3403,27.9829,27.1114,57.9254,30.1362,26.6339,28.462,34.2097,29.7039,48.1633,21.2758,27.486,22.6953,24.4877,26.2133,29.8676,54.3313,56.98,32.4907,30.5503,32.2505,29.8,21.8583,26.0226,25.613,37.7074,25.6639,25.131,33.3687,117.6664,23.9385,54.4849,38.4644,25.5328,25.5161,27.6122,39.1936,24.1307,28.5999,27.8852,35.4389,38.8582,81.9604,30.9732,35.0822,30.3223,22.7297,22.7434,37.7758,45.0834,42.4418,50.8456,84.9755,72.4702,130.4147,206.7188,26.3209,21.7002,43.0683,32.3518,26.1875,35.977,35.9992,109.1867,37.2384,65.2798,59.2646,70.4331,58.8139,54.75,30.7014,31.189,37.969,36.0628,28.767,29.8463,25.0978,29.5746,25.4281,37.7182,37.3223,36.1857,22.0724,55.5284,39.6313,55.2304,50.0373,120.4888,35.3332,150.0864,63.8193,104.6727,69.4454,30.7801,22.7242,22.5934,82.537,16.9611,69.6944,23.2367,20.162,21.2054,8.3356,11.6211,23.7925,38.4411,10.4368,10.978,19.7165,13.1401,9.6707,22.1252,6.4289,20.2753,24.5694,23.1447,27.2431,15.0927,15.841,23.1377,17.5263,17.9775,27.465,18.6312,25.2101,25.2101,22.5934,82.537,16.9611,69.6944,23.2367,20.162,21.2054,8.3356,11.6211,23.7925,38.4411,10.4368,10.978,19.7165,13.1401,9.6707,22.1252,6.4289,20.2753,24.5694,23.1447,27.2431,15.0927,15.841,23.1377,17.5263,17.9775,27.465,18.6312,25.2101,25.2101,25.2101,25.2101
93,34.71406555175781,27.840972900390625,32.53950500488281,33.94499969482422,21.996803283691406,19.01422119140625,24.339256286621094,23.3076171875,21.649803161621094,36.51808166503906,52.56858825683594,23.018272399902344,15.757972717285156,26.37774658203125,24.4207763671875,33.28314208984375,23.86962890625,37.5103759765625,38.979286193847656,31.5498046875,37.17522430419922,29.365638732910156,31.982345581054688,46.310211181640625,33.47350311279297,35.66368103027344,30.346206665039062,31.87603759765625,33.657020568847656,35.26902770996094,33.807655334472656,31.329063415527344,37.878807067871094,37.61773681640625,36.0809326171875,31.471824645996094,29.355056762695312,52.01872253417969,32.94524383544922,70.71818542480469,33.355613708496094,35.532203674316406,35.27592468261719,26.779525756835938,20.15198516845703,24.392257690429688,30.432838439941406,28.371490478515625,32.38109588623047,20.02497100830078,22.865737915039062,32.747901916503906,35.14440155029297,14.8204,10.6668,20.6496,14.6552,-16.0034,31.7304,36.6214,14.1216,18.2076,36.1566,38.3072,17.7361,11.0404,1.3578,17.4797,12.1591,12.0555,67.8176,12.6035,-2.9212,18.1514,16.4573,17.7325,19.7738,15.748,19.4255,33.2434,15.3305,16.6398,18.9451,-8.9916,5.987,68.4186,14.5502,56.7759,13.5987,7.3879,22.9144,21.9305,18.8519,16.7087,22.6855,16.9889,14.9004,13.1411,16.5463,23.3092,22.0944,35.1234,33.3409,45.9734,58.0431,28.3375,19.3877,20.3009,23.6522,25.5515,30.5628,6.8138,25.402,76.1759,23.6963,81.307,72.7265,80.6181,33.3851,32.6458,29.8071,17.5322,17.5472,-1.3032,30.4167,27.7085,50.1717,20.2559,-4.6049,20.951,24.9381,23.8972,35.7756,29.1241,54.9911,29.509,26.7363,28.7181,29.2601,31.1476,39.7715,44.987,29.8684,40.8347,60.2443,70.7404,25.0845,22.7334,24.9925,20.0428,44.2139,22.6446,29.7897,26.395,19.3343,31.3724,16.285,26.1379,30.4688,23.8999,25.2311,42.4546,63.4958,57.0246,35.0256,29.9665,27.2092,28.9702,32.9274,31.9534,26.5709,61.1269,31.8371,36.7227,30.7399,30.6915,118.2947,22.6976,33.1841,29.7781,25.5791,35.2289,22.8967,27.5449,61.6572,29.2406,242.9676,140.9377,29.5013,25.6639,23.0478,32.5645,80.8948,25.8046,26.6292,27.638,29.9767,25.9792,25.3022,32.8029,41.9114,118.7237,30.212,29.6955,47.2648,119.2967,88.2587,28.979,24.9655,54.2625,29.4151,26.5248,52.1159,49.7132,30.0929,95.3647,21.1406,25.8141,16.5141,24.349,25.7816,28.4357,36.8539,246.1157,30.7649,72.6886,38.1331,30.9037,22.2106,26.951,25.6778,31.9536,25.7503,25.2691,26.694,155.046,24.0388,43.6439,36.1485,26.1534,22.7184,26.2144,38.48,76.9428,30.2943,24.8077,27.2363,46.2087,31.2597,35.5877,26.8437,27.6255,22.7692,23.9117,36.0058,53.0391,42.8456,54.7421,69.4765,68.2777,173.3547,92.2465,26.3245,28.9085,32.6609,32.0749,27.538,35.9074,57.2106,166.1337,31.3891,93.3976,63.8787,122.2434,56.7871,60.0997,37.1158,34.6598,42.8337,27.5173,28.2452,38.1352,32.7465,28.3987,28.6538,22.4311,26.4795,32.1153,28.9794,41.7927,36.4035,115.1804,55.417,94.493,38.3867,40.3672,50.7393,75.6572,77.9065,54.9363,22.4936,22.7429,161.9729,37.2548,68.2067,22.319,14.7173,17.1508,10.5523,12.4048,21.906,50.629,7.6634,11.8875,20.7656,13.6171,14.9769,22.7215,15.9445,13.7072,19.6779,22.8786,27.6951,21.5906,14.5536,20.8058,23.8435,23.6928,26.6467,23.1579,34.0461,34.0461,22.7429,161.9729,37.2548,68.2067,22.319,14.7173,17.1508,10.5523,12.4048,21.906,50.629,7.6634,11.8875,20.7656,13.6171,14.9769,22.7215,15.9445,13.7072,19.6779,22.8786,27.6951,21.5906,14.5536,20.8058,23.8435,23.6928,26.6467,23.1579,34.0461,34.0461,34.0461,34.0461
94,33.06609344482422,27.383377075195312,31.36176300048828,33.42980194091797,19.782081604003906,16.284164428710938,24.34503173828125,24.08051300048828,19.503143310546875,38.266387939453125,34.77942657470703,19.118133544921875,12.753440856933594,23.939292907714844,22.20648956298828,26.735214233398438,21.35279083251953,33.76782989501953,38.757057189941406,28.481155395507812,37.02599334716797,32.11376190185547,29.31409454345703,39.975181579589844,32.24653625488281,63.827880859375,29.15796661376953,29.964797973632812,29.896392822265625,32.541961669921875,33.473533630371094,28.63544464111328,34.105072021484375,32.24810791015625,28.37152862548828,28.95104217529297,27.128143310546875,58.608551025390625,30.27130126953125,63.052642822265625,29.692848205566406,32.7198486328125,29.86895751953125,24.168441772460938,17.409828186035156,22.83135986328125,30.308982849121094,26.35846710205078,36.27655029296875,17.65349578857422,21.126510620117188,121.67059326171875,37.26367950439453,12.5033,15.0096,30.1135,17.118,-11.1583,29.4374,43.6049,18.4538,19.1473,70.558,52.299,16.7536,11.669,-8.4152,20.45,8.2864,14.1081,23.092,15.3933,0.367,19.9474,13.3905,17.1466,19.3198,11.5849,14.6639,29.9334,17.3307,16.5075,20.7753,-10.2326,5.9046,26.3338,16.7231,38.1721,16.1086,18.0207,23.1087,20.6757,30.5729,17.1245,29.2729,17.7156,20.6767,14.1455,15.8585,28.4791,19.6142,31.0175,41.3999,41.2564,22.4977,24.697,15.5359,21.5788,15.4532,24.6886,24.3029,15.9213,23.0737,27.0233,27.017,146.638,39.4704,65.9094,32.7945,30.6915,26.5053,20.1879,4.1684,0.8088,26.0867,20.2343,53.9686,43.9909,1.0543,18.6954,25.5966,20.5801,31.6573,28.1564,79.2347,29.0552,23.5577,80.4656,28.1266,25.0559,44.2988,56.9036,93.4737,48.6496,67.8448,23.9782,30.0262,40.3937,35.9569,16.8262,33.9126,23.625,27.1004,22.1414,22.146,26.1616,-1.7666,27.249,30.1105,26.133,23.8684,35.3926,41.4417,45.521,34.0739,32.2913,30.0967,31.2442,36.0142,50.5205,29.1268,39.9302,31.5721,31.21,36.867,124.3213,145.1966,22.3156,42.6936,27.0796,21.8421,59.341,27.5094,24.2275,24.3562,28.3915,141.1204,137.5985,29.425,26.5145,30.2087,140.1378,62.7709,26.1517,27.1144,27.5467,25.7612,25.2782,37.1099,31.5113,33.2128,215.2671,32.8512,27.6858,51.4401,94.0222,69.8273,36.7562,22.0948,39.5418,29.7778,26.7891,55.9548,46.0314,30.1516,35.2206,22.4075,25.4434,22.292,22.8055,24.5239,24.4132,32.2847,51.7024,32.1544,300.0842,45.4027,28.0305,21.8366,24.0682,31.1581,29.2383,24.898,31.0853,70.1936,78.4662,24.531,96.7699,23.3596,25.6992,22.9661,26.1117,38.4466,28.1361,27.0936,25.7595,28.2573,40.6528,29.2367,106.8155,25.9446,26.3341,22.6456,25.1003,32.6344,45.4571,32.3781,53.902,56.3445,91.9955,54.4218,40.2175,57.1025,27.1642,60.6206,29.3185,26.6789,62.3396,59.3282,172.2965,29.8501,50.0302,60.4227,94.75,40.2867,73.9905,34.2712,40.7763,36.3837,27.7843,26.4226,33.3193,51.5995,29.6333,23.124,26.5295,32.0654,31.3253,130.5793,48.137,84.7076,336.048,54.0048,32.1029,28.0433,55.7951,39.4447,28.2732,56.1546,38.5621,22.5555,21.3792,42.6181,86.9332,69.9759,42.4016,15.4425,17.6644,9.4248,19.6175,694.6577,39.942,11.1374,11.2843,101.4567,21.9472,15.9638,23.7205,18.978,17.4668,25.9206,29.9936,34.4409,20.6464,19.0226,225.5314,311.165,21.3093,27.9195,23.7041,48.1406,48.1406,21.3792,42.6181,86.9332,69.9759,42.4016,15.4425,17.6644,9.4248,19.6175,694.6577,39.942,11.1374,11.2843,101.4567,21.9472,15.9638,23.7205,18.978,17.4668,25.9206,29.9936,34.4409,20.6464,19.0226,225.5314,311.165,21.3093,27.9195,23.7041,48.1406,48.1406,48.1406,48.1406
95,27.8568115234375,25.529998779296875,25.010360717773438,30.850967407226562,15.914314270019531,13.606025695800781,19.07750701904297,16.233482360839844,17.460914611816406,33.43927764892578,23.602516174316406,15.167366027832031,2.8895339965820312,19.208892822265625,17.604705810546875,23.71501922607422,14.950904846191406,26.49884796142578,30.75079345703125,22.80583953857422,28.28809356689453,24.614883422851562,29.888473510742188,33.19071960449219,30.49633026123047,40.12257385253906,23.405677795410156,69.92134094238281,26.035293579101562,29.761192321777344,29.00489044189453,22.394004821777344,29.876144409179688,25.662269592285156,30.938552856445312,24.23218536376953,23.412498474121094,44.73463439941406,26.678550720214844,62.23878479003906,24.656036376953125,32.096038818359375,24.577552795410156,19.920692443847656,13.752288818359375,17.863601684570312,25.287460327148438,26.71807861328125,34.04864501953125,12.472946166992188,18.379104614257812,51.78216552734375,41.09813690185547,23.4102,5.5121,25.9084,23.5822,-6.9623,21.1896,43.5739,20.4868,27.9832,33.6984,48.3875,36.776,12.0936,6.1027,35.0751,13.3134,10.4255,19.0186,13.9177,2.7722,27.5627,17.4996,19.9165,19.7595,12.7718,14.9665,28.1612,22.4462,18.3597,19.1243,-13.0278,-11.7533,24.1466,21.3248,50.259,21.6945,30.0709,21.7245,19.3848,16.6657,33.8974,25.6028,16.5681,17.0242,16.8946,14.8811,24.5855,23.8491,29.4116,25.3974,28.3742,14.3221,22.7324,21.81,24.3343,15.5722,24.013,25.4379,18.5685,15.6837,76.7008,42.5429,34.4329,32.3376,70.25,197.8396,30.2316,26.4818,20.0461,-2.0107,12.0181,23.5835,18.4653,41.3968,20.4737,16.3445,19.3937,23.0856,17.8538,29.2861,23.4285,43.9039,22.9169,21.5324,56.0642,24.7277,39.0576,30.7186,32.9164,18.6156,30.462,48.9375,27.0117,19.8862,25.5648,34.0711,19.7403,26.3903,24.4846,24.7532,22.0191,37.1615,36.0815,18.2492,270.3164,29.2757,25.679,27.2796,31.0662,47.6059,41.0084,28.0906,34.0288,34.9929,28.4933,41.0805,27.8352,31.6061,31.3986,30.9161,31.9069,84.4473,49.5242,157.0564,23.8951,46.5737,22.9025,19.6155,52.5308,22.3762,24.8767,24.3282,35.3834,116.5693,80.3705,28.0111,159.7715,25.4469,111.6685,67.0879,26.304,26.8507,31.4322,26.7231,27.4218,54.5654,31.9166,34.3066,34.9875,30.1074,31.6898,108.833,92.973,38.8236,28.2768,28.3564,38.9294,32.0123,26.892,34.5911,285.9089,27.497,28.909,34.7853,18.1131,30.5541,23.1004,22.46,25.5263,26.3241,30.9592,26.9335,64.8601,48.5534,23.9387,22.5304,23.2709,28.8414,23.9239,30.2696,24.9837,88.5834,26.3897,30.6637,36.7983,45.6994,24.9486,26.1298,24.0433,38.2842,28.0894,25.7301,23.7763,52.539,25.9835,25.223,24.0677,25.2048,24.1185,23.1234,23.3732,63.2246,40.269,24.069,39.1386,48.0956,56.5816,46.5751,44.0545,69.951,30.4036,33.9752,29.1466,28.3919,53.6467,79.7268,143.4126,35.4244,35.6893,76.2993,100.9104,33.3629,57.388,30.0286,31.8577,35.8369,28.8466,24.2621,24.4858,74.3114,36.0827,43.3642,25.2524,23.2946,43.5035,423.5388,31.1245,74.5015,265.8118,115.8091,29.0735,25.3402,45.762,28.159,24.8362,36.2583,41.6497,22.6191,20.6477,63.4978,23.9236,82.7583,44.8231,20.3805,15.7996,10.1094,26.6346,78.1217,24.085,7.4069,18.4547,27.9446,17.4678,18.4433,84.577,17.5885,21.7618,64.1398,37.8893,30.6033,25.938,17.0167,51.1205,57.7371,30.8191,45.7935,37.0395,70.4077,70.4077,20.6477,63.4978,23.9236,82.7583,44.8231,20.3805,15.7996,10.1094,26.6346,78.1217,24.085,7.4069,18.4547,27.9446,17.4678,18.4433,84.577,17.5885,21.7618,64.1398,37.8893,30.6033,25.938,17.0167,51.1205,57.7371,30.8191,45.7935,37.0395,70.4077,70.4077,70.4077,70.4077
96,24.400955200195312,20.33771514892578,13.239425659179688,27.415321350097656,12.928436279296875,11.365676879882812,14.668685913085938,17.449562072753906,12.985855102539062,35.99614715576172,18.039100646972656,15.382156372070312,5.905220031738281,14.374412536621094,14.135002136230469,18.16907501220703,23.430274963378906,25.814346313476562,28.27594757080078,18.79004669189453,33.46757507324219,18.61041259765625,26.93633270263672,27.865203857421875,27.004295349121094,30.03772735595703,20.518943786621094,58.360107421875,22.39923858642578,29.116958618164062,27.48694610595703,17.18523406982422,24.39386749267578,21.337936401367188,60.29316711425781,20.925384521484375,20.38001251220703,35.53534698486328,22.723487854003906,52.342620849609375,19.384803771972656,32.033843994140625,18.81598663330078,15.501380920410156,10.773635864257812,12.010650634765625,18.63074493408203,18.60663604736328,21.505699157714844,7.535942077636719,15.862739562988281,37.432716369628906,24.051101684570312,16.3914,12.4261,16.8364,16.8364,9.6396,28.3191,25.0175,20.3666,71.5838,20.0768,62.6225,56.6856,24.3179,24.7069,29.0836,13.1261,9.1593,24.4013,20.9314,44.8735,89.2279,20.1063,22.7023,22.4414,21.8995,18.4664,27.2675,28.855,31.8865,23.4115,-18.9177,9.166,44.2552,24.9801,24.9801,48.0061,165.5961,47.5941,16.6783,16.9075,44.6176,20.9614,18.0852,19.3857,40.3866,15.3272,15.0591,19.0364,25.0538,24.6517,23.4474,12.9737,21.0967,16.0917,23.0168,13.4111,28.4986,40.8616,12.785,52.0203,105.2781,103.8456,27.4454,46.0183,46.0183,22.6794,34.2757,31.8496,16.4961,36.6922,24.2188,21.1519,18.833,42.6969,20.5645,21.4452,143.9291,20.5524,13.5064,24.4817,22.5159,30.496,23.4284,18.3751,37.35,23.9301,28.8996,54.7643,26.8637,30.3754,25.4446,80.5089,43.0751,16.8877,16.689,16.689,20.8896,33.1408,23.41,23.3053,26.9099,32.5838,25.3614,14.8543,27.6185,37.1116,23.3351,26.1345,29.9769,38.4709,34.2923,28.6791,32.7384,30.9288,26.3629,37.1779,26.1963,25.6905,32.5476,41.0566,31.9147,29.1019,26.1341,71.9865,37.2457,37.2457,24.0153,18.5696,25.8729,22.5436,21.1938,22.7713,28.7569,84.8677,30.1486,25.9201,108.6184,23.4675,44.1578,37.2081,23.4547,27.2267,25.2534,25.1108,25.4894,25.9668,37.1339,30.395,36.5577,29.7422,38.5547,51.8351,72.3182,28.6071,46.7705,32.5744,32.5744,32.8534,26.9986,28.3248,29.1326,24.0436,24.015,25.7185,13.083,23.8573,28.4084,25.3372,27.3697,38.5881,44.7302,23.6693,26.7117,27.4231,22.8635,21.9054,31.7106,35.8832,24.5389,21.853,27.4153,30.5585,24.0633,166.1539,21.9812,141.1312,20.2744,20.2744,23.3765,31.3126,28.6269,29.9464,22.8368,27.577,23.767,24.4595,20.4816,25.8505,26.2196,22.5679,25.7523,29.5925,25.7061,24.613,36.6029,36.2064,40.6601,30.466,27.3007,34.8716,26.1086,29.7035,23.8168,25.3487,35.1037,27.6032,30.3654,30.3654,25.2367,40.8342,78.5271,25.7407,47.7069,21.3256,22.9308,21.0758,27.2641,18.3905,19.3175,20.8307,24.3516,47.0166,26.7645,38.1759,51.3604,26.5983,25.2867,48.8655,136.9805,41.8028,34.3107,17.9915,22.2109,19.8827,27.1624,33.4829,92.4218,16.7709,16.7709,13.7181,19.4105,161.6699,19.6964,15.3426,17.0456,10.2788,14.4275,30.6297,24.5388,3.0455,12.7976,18.5469,9.1451,12.1617,25.8564,15.3346,21.8907,42.5155,25.6303,19.669,28.1201,16.1026,26.5242,25.0404,25.5634,30.7114,19.5469,42.1931,16.7709,16.7709,13.7181,19.4105,161.6699,19.6964,15.3426,17.0456,10.2788,14.4275,30.6297,24.5388,3.0455,12.7976,18.5469,9.1451,12.1617,25.8564,15.3346,21.8907,42.5155,25.6303,19.669,28.1201,16.1026,26.5242,25.0404,25.5634,30.7114,19.5469,19.5469,19.5469,19.5469,19.5469
97,21.60833740234375,19.826553344726562,121.71223449707031,24.792434692382812,11.294593811035156,10.952713012695312,10.67291259765625,13.257041931152344,12.349029541015625,31.476524353027344,19.5301513671875,13.294235229492188,5.675361633300781,13.507835388183594,11.170524597167969,16.14134979248047,19.281814575195312,18.337448120117188,21.60595703125,17.231185913085938,23.127365112304688,15.703948974609375,23.102401733398438,28.72779083251953,21.332321166992188,36.71308898925781,18.969444274902344,43.7899169921875,20.26934814453125,23.936180114746094,23.650314331054688,17.592369079589844,18.839576721191406,19.43614959716797,27.778518676757812,18.18828582763672,17.163070678710938,28.83979034423828,20.75701904296875,34.539756774902344,15.325225830078125,21.815567016601562,15.494552612304688,15.258232116699219,9.711601257324219,9.733924865722656,16.30889129638672,17.367271423339844,16.868141174316406,6.495002746582031,14.609237670898438,28.048736572265625,21.994468688964844,17.9975,13.2181,20.2209,20.2209,5.5868,52.3984,21.0464,18.2561,22.614,18.8227,49.7253,27.5483,3.3466,15.6133,21.7354,12.3427,9.4795,19.2506,14.3908,30.0665,34.8311,17.9236,16.0818,11.7683,18.2086,23.2203,34.9773,24.9158,21.4377,18.4312,-9.2885,12.3266,26.0936,62.0125,62.0125,38.769,60.6643,20.3172,17.8341,29.1031,20.9163,17.4519,20.4247,34.3716,26.9546,10.6346,16.8565,16.5783,21.8413,37.6757,28.2232,131.8942,25.5221,18.9782,21.4153,11.8696,34.0698,29.1816,10.2242,38.3097,21.9835,45.199,15.8025,31.8017,31.8017,110.5277,23.6282,42.4465,17.8826,31.1043,0.5119,10.7848,20.8548,28.0645,16.986,26.5236,249.9789,16.9966,17.6691,24.4818,22.2043,21.5349,24.5533,19.5476,28.4157,24.2642,26.1619,25.9088,22.9153,34.9248,21.4426,21.5859,18.9511,22.6807,14.0355,14.0355,21.242,39.3068,22.4026,16.4701,25.2021,23.1997,32.2427,21.1307,22.4585,48.7953,22.3758,21.7615,26.1045,31.6948,33.0056,29.8991,28.9737,23.2437,21.1694,23.919,24.4459,19.8308,25.082,28.4094,27.3855,26.3161,59.035,41.3034,28.2706,28.2706,23.7449,21.4147,20.0268,22.3754,17.667,22.6563,25.2703,33.4649,24.3255,23.9152,56.6295,23.399,28.0806,27.1602,22.1861,24.7399,23.9698,21.9152,21.7177,26.0873,54.3077,27.1216,27.6011,26.1126,25.8797,53.0245,41.5769,29.663,61.7893,26.8873,26.8873,27.1012,26.5653,25.0743,22.4358,22.4197,22.8711,21.5202,19.1776,23.3566,27.8568,22.0229,22.4042,88.8644,166.0951,20.6107,22.7253,21.2252,18.3997,19.6122,26.3137,25.317,25.1173,20.5848,24.1189,19.4005,22.4448,168.7061,24.2398,26.0767,18.4862,18.4862,21.6735,19.2487,29.7239,24.0145,18.7049,13.1113,26.495,24.4607,30.1153,20.8892,19.8819,17.2465,20.441,18.8242,17.9734,23.8409,34.6093,25.7686,29.2828,42.0412,20.5049,30.7103,23.3456,23.5089,18.9537,23.522,23.7977,23.6611,24.6938,24.6938,29.6634,24.8074,29.8149,30.9617,29.7166,11.7064,16.3545,14.767,16.3197,10.3226,17.3836,1.1708,42.1428,13.4547,17.8672,19.5219,21.7414,23.3204,19.3558,23.0856,43.7563,25.2908,29.8909,14.2138,19.9473,20.2761,23.7767,47.5278,33.8905,20.7094,20.7094,10.6522,21.6613,115.6184,17.7236,13.8915,22.872,11.335,11.4904,31.6921,24.4854,6.9968,11.3353,19.6616,7.6886,11.7908,23.1035,13.0802,20.8815,25.9746,24.534,18.0133,23.0791,11.7197,28.919,23.7978,24.2027,30.0921,21.2763,45.2646,20.7094,20.7094,10.6522,21.6613,115.6184,17.7236,13.8915,22.872,11.335,11.4904,31.6921,24.4854,6.9968,11.3353,19.6616,7.6886,11.7908,23.1035,13.0802,20.8815,25.9746,24.534,18.0133,23.0791,11.7197,28.919,23.7978,24.2027,30.0921,21.2763,21.2763,21.2763,21.2763,21.2763
98,31.499740600585938,22.27294921875,46.13623809814453,23.467674255371094,10.515388488769531,9.311958312988281,8.21160888671875,8.822418212890625,9.471038818359375,32.698394775390625,18.33863067626953,10.146202087402344,6.157890319824219,12.643302917480469,9.6329345703125,16.052955627441406,9.3548583984375,15.289642333984375,19.329345703125,14.616744995117188,22.112022399902344,13.748550415039062,20.226654052734375,28.54955291748047,19.43798065185547,33.384246826171875,17.852439880371094,30.751502990722656,17.146583557128906,21.77519989013672,24.87134552001953,16.143226623535156,18.976730346679688,16.80963134765625,23.67266845703125,16.934829711914062,14.275505065917969,35.77766418457031,19.41973876953125,29.45233154296875,15.073272705078125,20.21582794189453,14.176010131835938,15.412040710449219,7.8313140869140625,6.697212219238281,14.91009521484375,16.90589141845703,15.149215698242188,4.7961578369140625,11.583992004394531,25.58428955078125,20.809906005859375,12.5135,2.8514,13.4666,13.4666,-1.4769,12.8954,23.0076,15.3732,28.7888,42.6502,56.0483,22.9635,-9.6148,-5.3483,17.0511,23.2566,7.9234,17.7731,13.535,15.0874,13.6497,15.681,16.7168,13.4667,10.0269,7.0927,51.072,27.7569,19.1119,15.2194,8.5414,15.3263,18.7409,20.4323,20.4323,34.5774,27.8619,19.547,17.7473,3.6364,13.5016,16.8685,18.7674,30.1568,25.5665,9.3815,12.5658,22.6678,30.4299,172.6808,16.5264,21.7012,14.9764,18.7686,16.5401,11.9808,31.7768,17.094,11.0357,9.0066,24.7872,129.5619,9.0027,23.9101,23.9101,22.6301,14.352,18.6266,13.8619,27.9265,-8.8744,-0.348,18.7566,25.1977,16.44,17.0238,23.7969,12.767,21.9601,19.0626,17.8485,21.0422,20.5753,12.4426,16.1765,31.1231,30.9124,25.5352,26.3369,16.1541,16.5008,19.9756,12.72,17.8052,13.0047,13.0047,18.0458,18.2339,14.4296,6.8122,22.0282,21.9841,31.963,15.5765,42.8519,21.8333,19.0083,19.8692,26.796,20.6579,29.2783,32.0938,30.9105,21.4842,16.8973,23.1192,24.5874,22.9211,87.0511,23.6247,25.7392,49.8691,49.5609,29.8363,25.4303,25.4303,28.3477,19.111,16.7963,21.5107,34.0596,21.6914,24.4147,23.6727,15.5041,20.66,26.3167,22.8059,25.0859,22.1897,20.8456,22.824,20.7024,16.6516,19.9746,26.7114,27.837,23.3055,22.7587,22.0722,21.7588,51.517,35.0807,30.77,57.4677,24.9992,24.9992,25.2756,23.12,20.332,11.5039,20.247,19.0041,32.198,17.8457,20.8166,38.119,18.4689,24.5919,43.6503,24.1519,23.5056,20.2396,16.7294,16.2062,13.037,23.3646,16.3437,16.1121,24.4852,18.2956,18.0148,58.6228,37.2,17.7816,20.6961,13.3234,13.3234,16.3124,-4.6415,23.2028,20.3423,17.7268,14.5128,24.4761,13.5706,32.7182,21.4097,11.9188,11.0306,16.7948,13.6881,20.4562,41.649,44.7625,25.4155,56.9755,93.9052,27.411,23.9139,23.6333,19.8066,19.368,21.9862,46.1508,21.9056,22.1936,22.1936,26.5398,24.4407,27.0892,28.3324,13.8783,13.0154,19.4721,19.0323,24.0037,15.5675,17.4902,-9.7247,22.4706,15.7406,21.0202,17.7285,20.3781,19.2891,8.9174,18.6003,25.7371,28.4198,25.6048,14.2454,23.3939,12.4295,28.6903,34.2513,22.3825,23.9705,23.9705,9.0029,20.3506,45.6094,17.9181,17.2228,20.431,7.943,9.0308,27.2562,19.3535,5.0606,8.7113,18.5344,2.0044,9.0667,21.1391,11.0272,13.5386,21.3669,26.0893,18.0512,25.0942,18.8877,27.1929,26.1343,25.5678,32.9959,24.4203,34.3085,23.9705,23.9705,9.0029,20.3506,45.6094,17.9181,17.2228,20.431,7.943,9.0308,27.2562,19.3535,5.0606,8.7113,18.5344,2.0044,9.0667,21.1391,11.0272,13.5386,21.3669,26.0893,18.0512,25.0942,18.8877,27.1929,26.1343,25.5678,32.9959,24.4203,24.4203,24.4203,24.4203,24.4203
99,22.650657653808594,22.426101684570312,5.731254577636719,23.19140625,10.281158447265625,7.037132263183594,6.400856018066406,8.310111999511719,7.476493835449219,35.572784423828125,14.838279724121094,10.16705322265625,3.7264251708984375,11.890472412109375,8.731239318847656,11.777778625488281,0.5771102905273438,16.767684936523438,21.325668334960938,12.2860107421875,19.2667236328125,13.657463073730469,16.811546325683594,23.462844848632812,20.440689086914062,23.046142578125,16.541961669921875,24.514991760253906,15.131858825683594,21.59272003173828,21.1971435546875,15.533538818359375,17.116180419921875,16.98584747314453,19.63642120361328,15.456062316894531,14.527763366699219,56.41835021972656,18.522232055664062,23.814674377441406,15.8046875,13.679153442382812,12.91802978515625,14.383346557617188,6.8076019287109375,7.021476745605469,13.848350524902344,16.627899169921875,12.662254333496094,5.171562194824219,9.950973510742188,20.878341674804688,20.129066467285156,4.55,-19.149,9.8172,9.8172,8.8991,16.4961,8.2931,15.2294,15.9169,36.1645,64.5498,49.8723,-11.9324,-44.8755,17.4821,18.1367,2.2251,16.5947,25.6052,20.1996,6.3433,43.1282,13.8694,18.7881,13.9637,1.0119,24.5955,22.1188,17.8686,17.7241,-18.0237,7.302,36.8536,11.9008,11.9008,32.8962,32.4494,19.0647,15.6695,10.3441,12.3997,17.481,13.8681,16.7975,23.258,9.4769,10.0844,17.3262,9.4741,27.7437,11.3591,20.7688,12.6474,19.1437,11.8592,6.7584,21.0575,13.2892,5.7387,-10.1342,31.5192,18.2228,-0.7611,11.9918,11.9918,20.1649,23.376,16.8021,8.9081,31.5802,15.5512,-19.5868,16.002,35.9501,15.9768,20.2432,23.0219,7.4539,11.7377,16.2646,13.4088,15.1429,14.7681,7.5035,12.435,13.9185,30.6897,22.8212,27.5956,15.896,11.0984,16.6767,13.0404,17.1923,15.7054,15.7054,4.0168,9.5448,14.2216,7.7438,19.6766,20.8047,31.9512,11.6748,20.8178,18.1456,17.3557,113.5206,24.5466,21.9439,30.2249,27.3363,22.6579,18.0146,14.7839,29.8062,22.3562,24.1918,22.6449,24.6403,21.8727,35.9669,20.9334,27.2253,27.5164,27.5164,21.4461,17.1668,18.7547,19.6684,26.6885,20.0953,24.2719,20.386,12.5038,17.0864,18.8395,26.0128,24.6918,25.7079,19.9525,21.9307,16.9669,14.0031,24.0293,21.0922,24.3784,21.8345,19.1152,28.3844,25.3277,51.8377,25.2884,31.5402,26.0639,19.9988,19.9988,21.5685,21.3608,14.922,11.5307,18.4507,23.7138,40.4901,18.7412,17.9802,17.2107,16.4947,21.6356,21.1952,25.2916,21.2254,16.9717,15.2055,13.273,8.8235,18.1966,14.7589,18.5922,18.7846,17.3721,16.3543,13.6669,40.5343,19.3047,20.1398,13.9175,13.9175,17.6346,0.3174,20.0652,19.5527,16.1418,19.7118,17.314,13.2565,34.6343,14.7397,18.5177,15.0804,19.1294,16.1865,29.1579,51.9567,63.7787,21.5914,118.0272,21.9809,20.0124,20.2888,22.5089,11.7352,16.8932,21.655,22.1397,20.1787,18.6349,18.6349,20.0581,26.2701,18.715,28.9053,18.2137,20.7213,17.639,18.9088,28.8219,20.5039,21.6656,3.6128,19.1711,16.2857,16.5766,20.225,5.0168,12.5705,10.8196,23.9817,23.1048,16.4525,20.0929,13.4416,16.2464,1.0126,52.0508,21.0887,20.0273,22.1761,22.1761,14.3362,68.4154,49.4032,15.7093,12.7784,19.1919,7.6258,7.4314,39.1575,9.4851,8.2558,9.9646,17.3438,5.7854,-9.2763,18.2246,4.9351,11.9669,16.0492,30.6926,18.39,25.6083,15.6949,25.539,22.409,25.9775,31.2963,24.9154,35.9829,22.1761,22.1761,14.3362,68.4154,49.4032,15.7093,12.7784,19.1919,7.6258,7.4314,39.1575,9.4851,8.2558,9.9646,17.3438,5.7854,-9.2763,18.2246,4.9351,11.9669,16.0492,30.6926,18.39,25.6083,15.6949,25.539,22.409,25.9775,31.2963,24.9154,24.9154,24.9154,24.9154,24.9154
100,20.726913452148438,19.867630004882812,-6.8995819091796875,105.10331726074219,8.086647033691406,7.3177642822265625,7.42657470703125,8.244804382324219,9.617996215820312,37.373992919921875,9.117881774902344,9.629501342773438,3.542694091796875,10.881454467773438,1.482757568359375,13.085273742675781,-3.1996536254882812,10.679649353027344,16.687034606933594,12.870735168457031,17.541481018066406,13.287673950195312,19.037841796875,18.24451446533203,22.989463806152344,21.47985076904297,15.739166259765625,19.58702850341797,14.319953918457031,21.021095275878906,21.706626892089844,16.01226806640625,16.00273895263672,15.103607177734375,18.009605407714844,13.987945556640625,12.103012084960938,28.558486938476562,18.4232177734375,19.0030517578125,15.343025207519531,15.00701904296875,13.024116516113281,11.788749694824219,3.8249969482421875,6.437507629394531,14.772163391113281,16.52288818359375,12.398162841796875,3.8945999145507812,12.455001831054688,19.671661376953125,19.700302124023438,-6.4938,3.2747,19.3577,19.3577,-4.8008,8.167,5.0832,29.4451,13.2633,17.5268,68.2381,19.7471,-14.453,-54.8734,15.5459,11.6161,-28.347,15.2457,13.0459,15.9757,-4.596,15.4504,1.0201,14.7967,12.9151,0.4911,13.3868,28.5369,18.0955,14.707,-25.6462,6.9058,19.2218,13.1965,13.1965,21.2799,23.1923,15.2751,13.6623,13.8923,8.9345,9.2519,16.0853,21.6063,22.5685,-10.9307,6.2584,9.6642,10.5764,23.9918,-4.3796,15.9402,11.196,21.9476,7.4354,1.6242,17.4385,0.5356,-5.7612,-14.5859,132.1172,15.1855,-14.4732,4.7243,4.7243,103.7347,10.4156,13.7916,4.3484,23.0016,8.2074,-28.9463,13.1105,20.474,13.1696,18.2883,20.772,0.1202,9.4644,6.7964,17.1674,8.5133,19.3024,-23.5654,8.4503,17.2289,55.2095,19.2912,22.1948,14.1948,11.1904,17.013,13.9426,15.955,14.5433,14.5433,2.5755,-2.9469,15.3972,-14.6843,15.9339,27.0637,21.5779,15.5769,20.9819,6.5418,10.1169,32.3064,20.7372,22.264,26.2819,23.6802,20.1361,18.243,12.6262,37.1771,21.2157,30.1556,15.8616,21.3146,19.0599,29.451,21.6855,30.5834,19.7282,19.7282,19.0294,12.2648,17.9261,18.4664,15.6496,17.3194,21.3027,15.5361,6.1576,14.8286,12.6803,14.3269,22.9153,25.4399,16.3841,19.5145,14.0598,13.7113,18.1486,19.8695,22.008,17.1483,15.3408,28.8944,24.7592,39.1636,22.9289,18.9415,22.7734,18.72,18.72,19.9278,18.5675,11.2339,100.741,15.4156,21.0396,14.5762,19.8666,18.1743,17.3255,15.1457,16.8674,20.8078,19.8493,17.9593,17.9683,13.2344,6.2833,11.7395,18.5826,13.7761,15.4417,20.0083,14.8154,13.7532,13.563,18.4872,18.0484,18.5799,12.7356,12.7356,18.7249,2.2635,13.2619,18.9666,13.6381,12.9775,14.8585,9.3424,12.0305,26.8782,24.8646,9.1259,24.354,26.5515,22.1822,47.6038,33.4409,18.9515,19.3164,20.8889,24.7999,18.0431,22.2077,3.0069,6.7641,21.2548,24.0375,16.1957,18.2923,18.2923,15.4896,22.9381,8.3513,19.4052,15.3152,15.5892,13.7456,13.5703,21.4703,18.8757,21.2338,4.7972,11.2127,16.3065,8.8717,24.7323,14.3671,7.2989,6.9585,12.3907,20.6483,11.5827,24.2673,13.7243,6.1203,0.6081,21.7082,24.3718,15.1453,15.1616,15.1616,16.6582,21.1189,21.3935,14.8755,8.8751,18.1419,-0.1693,9.175,19.2222,2.3963,6.2269,8.8261,19.2067,4.3823,-1.3412,17.6556,7.8077,21.6846,17.9822,21.009,22.021,20.4038,8.1669,28.9166,23.1097,23.0841,24.7198,25.2204,29.6231,15.1616,15.1616,16.6582,21.1189,21.3935,14.8755,8.8751,18.1419,-0.1693,9.175,19.2222,2.3963,6.2269,8.8261,19.2067,4.3823,-1.3412,17.6556,7.8077,21.6846,17.9822,21.009,22.021,20.4038,8.1669,28.9166,23.1097,23.0841,24.7198,25.2204,25.2204,25.2204,25.2204,25.2204
101,20.738021850585938,12.155097961425781,-10.058937072753906,36.146568298339844,3.2440109252929688,5.493858337402344,5.72344970703125,2.757293701171875,6.335334777832031,27.27613067626953,17.18060302734375,8.857101440429688,6.1413421630859375,13.596092224121094,-3.9287185668945312,76.22416687011719,2.51171875,6.38848876953125,15.329444885253906,14.685493469238281,14.701560974121094,12.849540710449219,20.983154296875,26.987701416015625,19.697898864746094,22.317520141601562,14.708404541015625,18.85163116455078,14.136123657226562,22.110740661621094,20.77051544189453,15.169525146484375,15.803985595703125,15.1973876953125,16.360198974609375,12.898040771484375,12.944725036621094,33.37919616699219,31.10944366455078,21.80182647705078,15.393913269042969,9.33953857421875,13.4305419921875,12.646530151367188,4.831718444824219,5.351936340332031,15.170486450195312,16.10761260986328,10.378524780273438,-0.8884429931640625,8.319107055664062,24.303909301757812,19.23497772216797,-1.0889,-14.9353,8.8566,8.8566,-24.8208,-27.6005,-5.6207,9.5928,13.7288,14.9077,32.8242,17.3652,-22.1596,-66.5565,14.1212,0.5185,-28.0841,31.4325,12.5179,14.102,-5.3102,10.8817,0.3541,10.8625,11.4818,-5.015,3.9232,19.2061,18.9203,19.2274,-16.8039,15.4109,16.4798,29.4019,18.4629,18.1026,22.3347,10.2162,22.7915,41.1734,14.2159,9.0291,16.7182,12.2982,20.7549,-23.2548,2.2379,30.8274,8.8716,92.273,9.8828,16.2601,209.7235,20.5388,506.9067,1.5772,18.2731,6.3839,-18.8571,8.0235,17.0362,16.4581,-26.0654,11.8248,11.7584,6.5959,-0.4974,16.5812,16.6221,25.0373,4.4244,-8.6939,15.2917,16.8787,12.0072,19.9679,17.1257,2.5996,15.6971,9.7031,22.7337,16.007,30.7731,-14.4815,-3.262,22.7189,27.6639,14.3726,31.116,15.1421,6.3001,14.8238,21.6818,33.6744,14.3058,14.297,8.3284,0.6494,17.605,-36.961,15.9815,36.1405,28.1572,16.4697,20.8781,1.8827,31.5064,23.0899,43.7506,25.4843,26.1255,19.0089,23.4213,16.0558,12.4936,25.4222,19.3122,28.3189,21.284,20.3797,20.1276,21.105,25.5866,21.4369,24.478,21.0744,15.0412,29.4015,13.1442,16.0966,20.9291,15.5961,19.3469,16.1505,10.142,25.1407,17.82,19.5699,25.7875,19.4909,15.9513,16.9374,9.9594,14.3422,17.7713,19.7553,20.2469,17.0126,13.6058,29.0831,29.473,30.661,29.8894,26.3637,127.8209,31.1901,18.9083,21.1016,19.7651,8.3825,65.8211,12.9258,19.9522,21.9209,18.1102,36.7746,15.8987,15.7388,24.9028,24.8209,20.2098,20.2371,19.3127,15.8259,11.5056,17.1207,20.0805,14.6983,21.0323,27.5886,15.1972,13.2828,74.1275,18.6858,15.3751,18.7908,19.5499,14.1819,17.1127,11.5419,9.4253,19.3171,11.956,14.0312,6.4831,-8.9531,-5.5746,26.9259,23.1746,14.1701,26.1325,17.9502,46.5009,19.0585,39.9259,21.0288,40.9866,21.0879,15.4198,19.3267,21.3852,8.2823,6.3735,59.8055,20.9315,12.4111,15.2612,14.5437,23.1708,19.7644,21.8964,10.9264,16.6517,12.5265,6.992,14.4783,12.6846,19.2006,18.3619,6.1935,8.267,12.9322,10.7058,15.6764,-0.5662,9.2152,2.4444,13.3218,16.6382,17.2037,22.1497,16.3127,2.9741,7.0352,37.0042,20.7286,6.0568,14.7695,20.0523,45.9395,10.3445,25.3934,11.3846,5.5858,14.5417,5.5817,6.2738,18.2164,-2.2201,-8.5491,8.2988,17.1605,1.9601,1.2949,15.9952,7.9344,8.9716,2.9345,19.8099,22.3542,18.069,5.6377,27.1809,29.8412,28.1894,24.53,23.2157,26.7494,14.7695,20.0523,45.9395,10.3445,25.3934,11.3846,5.5858,14.5417,5.5817,6.2738,18.2164,-2.2201,-8.5491,8.2988,17.1605,1.9601,1.2949,15.9952,7.9344,8.9716,2.9345,19.8099,22.3542,18.069,5.6377,27.1809,29.8412,28.1894,24.53,23.2157,23.2157,23.2157,23.2157,23.2157
102,19.80626678466797,5.9845123291015625,-21.658302307128906,33.52330017089844,4.579414367675781,5.266166687011719,26.143516540527344,-0.01653289794921875,5.408988952636719,26.94139862060547,13.763778686523438,7.910011291503906,5.070220947265625,10.709869384765625,-4.473846435546875,26.48375701904297,1.148773193359375,16.247840881347656,13.855766296386719,10.890922546386719,11.526023864746094,12.349563598632812,21.077804565429688,15.800094604492188,17.989280700683594,25.722251892089844,13.110794067382812,32.08264923095703,12.735366821289062,21.35150909423828,17.303176879882812,14.823394775390625,15.106056213378906,14.970794677734375,15.454734802246094,11.753280639648438,12.817153930664062,33.84075164794922,21.771484375,21.12152862548828,14.197074890136719,11.394691467285156,10.327339172363281,13.601554870605469,6.2635498046875,2.6985855102539062,18.452178955078125,16.352333068847656,10.713211059570312,-3.5398483276367188,12.585716247558594,30.135047912597656,19.344947814941406,5.8796,2.563,12.1722,7.7789,-25.0334,-27.3747,-2.8371,9.5731,14.0312,34.695,39.3816,16.3074,-23.7935,-62.3286,13.513,1.3014,-24.941,28.6996,10.3186,16.3416,-14.9489,13.7487,-1.7785,15.7712,9.5611,-7.1335,-6.0541,21.4675,17.5101,17.9649,-27.198,11.8004,7.8428,4.8474,7.07,12.7033,18.8754,9.1003,14.0265,9.0808,12.1552,8.5912,11.4708,-6.6751,18.3014,-17.3566,9.1871,5.3525,8.4415,22.9393,8.9818,15.3792,10.609,22.2655,353.6005,10.4712,21.2625,6.571,-16.1838,4.1729,38.017,16.8932,-31.9481,31.7936,31.7224,11.3484,35.2321,14.0516,16.1819,14.3347,1.4691,-21.534,13.3918,17.5964,20.1915,19.0655,17.734,2.5613,21.8284,2.3402,10.9578,23.719,17.8751,-15.6829,-0.622,18.6978,27.3374,8.7647,28.7751,14.693,9.3527,15.2326,21.7476,15.6108,13.5383,13.6432,0.6246,6.0376,19.2066,-6.032,15.1812,31.8725,18.2746,16.3923,22.0045,1.173,22.3115,24.4911,13.8933,22.0483,21.9387,25.4945,21.6581,16.0957,12.7403,22.1217,18.5308,177.335,26.5349,282.9165,19.8834,20.9684,36.0457,22.0638,22.9127,21.7436,15.5658,18.6267,12.2703,13.797,25.1184,12.1906,19.6385,15.1578,11.0945,27.5549,58.5281,26.3625,24.5919,204.6283,56.1969,16.5504,2.5417,11.857,18.1698,18.9978,19.7035,15.8843,14.2149,27.8197,28.6303,31.8911,23.5895,25.3333,22.4111,22.9086,173.1165,20.2574,17.0319,12.8128,26.1045,13.478,17.6573,21.7701,18.7769,20.7315,17.1373,14.4024,18.1294,17.7389,19.3551,19.6291,12.8708,13.5748,16.6983,12.6433,19.5681,16.4773,20.7217,17.8235,14.9851,14.677,-0.7288,16.8321,15.5652,18.6485,19.4683,11.2005,10.7261,6.6305,15.1429,19.5307,11.3156,8.429,-16.9384,-3.0817,-18.2436,8.255,15.7744,15.0151,17.259,18.5303,24.4705,-4.1899,22.268,18.9076,49.0186,14.2521,16.5663,16.8721,19.4369,12.3648,15.773,25.4728,21.042,12.0254,32.1272,15.4702,20.244,7.744,20.4721,7.2189,17.4083,4.9209,16.6957,12.517,-5.6139,15.6428,10.9186,-5.854,1.9139,12.8112,5.597,20.4785,10.0553,6.8701,7.4128,11.3847,12.0573,16.7731,25.252,9.0935,4.4434,2.4841,29.2501,14.993,-13.2418,6.215,24.0892,24.3605,37.1196,22.1256,13.7386,19.4622,12.8045,11.6624,16.7957,20.7866,-4.2222,-12.0583,11.8137,17.9464,-4.7091,7.5741,15.8826,7.5323,24.8435,-2.6758,20.4583,33.1376,26.2564,17.4768,26.0582,43.6998,25.7228,24.7317,25.22,25.22,6.215,24.0892,24.3605,37.1196,22.1256,13.7386,19.4622,12.8045,11.6624,16.7957,20.7866,-4.2222,-12.0583,11.8137,17.9464,-4.7091,7.5741,15.8826,7.5323,24.8435,-2.6758,20.4583,33.1376,26.2564,17.4768,26.0582,43.6998,25.7228,24.7317,25.22,25.22,25.22,25.22,25.22
103,21.12859344482422,5.3750762939453125,-27.61206817626953,26.40691375732422,2.9400253295898438,5.680274963378906,10.075119018554688,0.7281494140625,5.230720520019531,21.262489318847656,10.974479675292969,9.662178039550781,0.7341690063476562,11.376609802246094,-8.032211303710938,20.74761962890625,1.5433502197265625,12.21588134765625,13.701850891113281,3.2243728637695312,2.5732421875,14.021820068359375,20.121261596679688,17.660743713378906,16.767059326171875,23.325164794921875,12.3505859375,22.930023193359375,12.776786804199219,20.9794921875,16.106414794921875,14.184715270996094,15.244438171386719,14.269500732421875,16.265045166015625,11.451416015625,10.645240783691406,34.534576416015625,20.709999084472656,13.632820129394531,14.085647583007812,10.842941284179688,9.906814575195312,13.127372741699219,5.786308288574219,1.2956619262695312,20.7548828125,15.337593078613281,9.988357543945312,-6.115684509277344,12.556640625,27.64342498779297,18.59947967529297,-4.2917,5.7508,8.8318,8.3993,-22.5845,-18.1776,6.899,11.1264,16.5413,28.2342,21.6373,15.6956,-22.7252,-74.1836,11.3203,5.8747,-22.2663,16.8837,9.6539,17.2666,-11.9678,19.7763,-1.0455,18.1272,15.8239,-8.8464,-0.6222,23.0064,17.6446,16.0338,-20.0646,-3.7167,-0.0177,10.6447,6.1264,9.9546,17.5718,13.1048,16.598,3.4501,11.6193,4.4981,17.3676,-10.3119,17.3368,-25.1662,4.5212,8.9807,10.4996,19.184,7.1767,17.3147,10.2987,18.2735,245.9522,6.6026,23.3107,2.8922,-23.9044,1.8551,49.2222,14.846,-34.0706,20.5252,19.9012,12.1717,17.2862,10.8834,12.1166,20.0187,-13.3714,-11.4837,13.0504,17.2988,25.967,19.5407,14.5093,3.4304,14.5365,11.5855,-11.275,-8.0976,-1.5947,-39.1559,-10.1979,14.224,9.834,-16.8797,24.4977,14.9523,9.9435,14.8445,22.2612,14.7648,18.957,11.5916,-20.4726,0.7977,12.9704,-34.9249,13.5532,30.6551,37.1018,15.3534,21.8086,-2.8722,23.4929,16.6511,20.4789,18.8207,17.2756,15.8651,22.3073,16.971,12.7227,19.5216,18.6708,36.1281,19.6103,68.1013,17.808,14.0275,28.9217,17.8901,19.8192,18.0859,12.67,10.8833,10.3327,13.0173,22.1985,14.0843,18.5948,14.369,9.7629,20.1534,19.5035,21.3272,22.1736,49.6067,34.2319,15.9725,8.8419,12.7886,17.454,19.2169,19.613,15.0553,14.9854,26.3667,25.7216,37.7709,19.5914,23.5132,23.9557,21.8612,36.1773,18.1919,17.9745,8.9515,9.5064,13.6431,14.7407,21.2118,18.247,20.7632,17.4434,15.5968,14.0552,21.4264,18.7201,19.6272,2.2168,13.8211,13.1689,15.3006,13.9183,16.5143,19.527,19.1967,11.3226,26.5092,-0.6288,13.0489,15.7444,18.307,19.348,10.1311,11.3896,14.5053,18.5339,19.9198,11.7915,6.6945,-2.1618,-0.7815,-26.4868,14.0505,12.0642,8.0448,12.5221,18.9033,23.2343,16.5515,21.778,17.2626,51.2422,16.3672,16.3485,15.6254,20.2396,12.6868,17.4025,22.686,21.0499,11.4522,25.7789,13.7438,20.6423,18.2427,-0.3891,17.0293,17.7457,6.5456,22.9911,12.3237,2.7247,15.8583,11.8574,3.7842,6.6135,15.8849,1.3651,20.1134,6.8808,11.8734,6.7666,11.1623,10.1167,18.5101,19.9938,10.1018,-0.3291,1.2287,21.9389,12.1628,-27.8814,-0.6784,21.6164,19.8651,12.313,16.5481,11.6687,6.8526,8.6433,8.3341,8.9292,19.118,-12.7086,-17.707,13.6283,20.5565,-6.9364,1.4613,13.1274,10.0716,24.1238,1.7809,19.4727,38.256,32.9372,10.8176,23.3728,37.4883,20.1492,25.1211,21.9072,21.9072,-0.6784,21.6164,19.8651,12.313,16.5481,11.6687,6.8526,8.6433,8.3341,8.9292,19.118,-12.7086,-17.707,13.6283,20.5565,-6.9364,1.4613,13.1274,10.0716,24.1238,1.7809,19.4727,38.256,32.9372,10.8176,23.3728,37.4883,20.1492,25.1211,21.9072,21.9072,21.9072,21.9072,21.9072
104,21.60663604736328,8.534866333007812,-22.629337310791016,26.26080322265625,6.114997863769531,7.8982696533203125,11.50732421875,5.413261413574219,7.707366943359375,20.61285400390625,10.069236755371094,12.410224914550781,5.4602203369140625,12.026824951171875,-3.4843902587890625,19.747100830078125,0.9824066162109375,14.370956420898438,14.747337341308594,7.671867370605469,-2.3332138061523438,14.644508361816406,21.57428741455078,16.17174530029297,16.098854064941406,24.361915588378906,13.420356750488281,26.746063232421875,14.314765930175781,22.4876708984375,17.108299255371094,15.45489501953125,15.876991271972656,16.37530517578125,18.037498474121094,13.08575439453125,10.749458312988281,30.19061279296875,21.25476837158203,11.901351928710938,15.669441223144531,14.516265869140625,12.053810119628906,15.476737976074219,6.117530822753906,4.7479705810546875,22.534866333007812,16.900047302246094,10.809646606445312,-7.342864990234375,14.158981323242188,25.652687072753906,19.048187255859375,1.5365,11.2812,9.2234,9.8577,-20.6482,-6.2901,7.499,11.9692,15.5874,23.075,19.5823,14.4473,-13.6894,-48.3574,14.9068,2.6161,-27.4309,16.5394,12.7247,17.3293,-7.5303,24.3658,1.2036,20.0513,17.9148,-11.1216,-12.1335,21.9271,17.5106,13.9197,-10.6589,7.7856,13.8627,10.3426,6.4387,8.7504,16.5706,12.4295,14.1408,8.7461,12.5862,10.8243,17.3704,3.6224,17.0931,-14.7018,5.6767,12.497,5.2387,12.402,8.7402,17.0169,9.0774,17.6879,385.7985,-1.0031,19.7409,8.8732,-13.2801,-5.7569,21.5026,15.1266,-33.6757,3.1806,34.5524,12.3987,19.0188,10.8958,13.7432,13.5206,-10.0626,5.094,8.2267,17.6996,22.3704,25.0687,14.1189,8.3122,14.6443,12.4552,2.6268,-14.3659,-11.3277,-37.7098,-20.6939,2.5038,11.2733,-30.0895,15.6805,16.2351,11.3136,14.1489,14.347,16.6388,15.2519,12.2004,-23.1131,4.4522,12.76,-44.3517,12.1323,27.7686,29.4473,17.6392,21.114,1.5429,6.4766,13.0551,19.0606,8.6932,15.9633,15.8346,17.4228,17.1929,13.2204,13.9184,18.5134,42.3175,20.8796,40.7573,18.8397,21.0159,29.6301,14.0389,18.4091,17.2234,15.0214,16.0127,10.1462,12.3937,14.7817,12.7904,18.4722,13.5238,8.5128,16.9273,27.0548,14.0244,22.6693,34.4149,19.352,17.6189,5.4349,12.3427,17.3002,19.9426,19.9143,14.6296,15.0544,20.2872,25.8543,27.0167,23.3319,13.5401,22.6129,15.6111,18.3249,16.9508,19.0923,9.2578,8.7287,13.5648,17.2675,18.9703,17.5799,20.5207,17.2936,14.7241,15.2436,17.2712,18.3216,17.9383,-0.3854,13.5637,15.9002,12.4105,15.9766,14.2848,21.1691,16.2391,12.915,16.3016,-1.01,10.0074,15.1789,17.6594,19.0728,8.4092,11.9296,14.7622,18.6303,18.2864,12.5674,7.4137,-3.4505,-0.7406,-7.0282,7.8011,10.9228,4.5422,17.2072,19.5092,18.4714,25.7726,20.7647,15.9535,34.4958,16.5829,16.9002,9.9464,19.7819,15.5657,19.6512,22.2264,21.7281,10.0922,4.8162,1.5897,15.4025,20.1106,-4.9996,19.1752,17.2908,11.0598,20.4213,7.4048,9.1582,15.2428,16.1809,11.789,7.5198,20.7028,7.4629,23.367,13.8588,9.6999,8.6365,2.4889,14.3172,17.8042,21.5644,12.5526,4.0169,2.8065,24.7148,10.8796,-16.7024,3.9699,22.9215,21.2753,13.207,41.3959,12.4372,11.1845,9.2898,3.96,10.6107,19.4297,-1.6858,-24.4158,14.005,23.0969,0.3023,9.2449,5.5491,4.6698,20.9926,3.7376,20.171,35.825,34.8397,10.0773,37.9221,37.9136,20.9477,24.9713,21.1688,21.1688,3.9699,22.9215,21.2753,13.207,41.3959,12.4372,11.1845,9.2898,3.96,10.6107,19.4297,-1.6858,-24.4158,14.005,23.0969,0.3023,9.2449,5.5491,4.6698,20.9926,3.7376,20.171,35.825,34.8397,10.0773,37.9221,37.9136,20.9477,24.9713,21.1688,21.1688,21.1688,21.1688,21.1688
105,24.459152221679688,15.367668151855469,-9.327255249023438,26.737258911132812,11.239189147949219,10.967056274414062,11.490692138671875,7.444328308105469,15.313018798828125,21.126434326171875,13.593963623046875,14.538162231445312,8.606986999511719,16.06383514404297,-2.5816268920898438,19.760406494140625,1.9909133911132812,21.75768280029297,17.91210174560547,10.097793579101562,-2.7380828857421875,17.714523315429688,23.41277313232422,18.40935516357422,17.123069763183594,26.51557159423828,15.360664367675781,23.75811767578125,16.576995849609375,24.844642639160156,19.264732360839844,17.88819122314453,17.962997436523438,17.455299377441406,19.184722900390625,16.59002685546875,13.528915405273438,34.66145324707031,22.944412231445312,11.822517395019531,17.8226318359375,18.731658935546875,14.001113891601562,17.387527465820312,9.297325134277344,3.05987548828125,24.3292236328125,19.74866485595703,13.153213500976562,-6.786262512207031,15.0137939453125,29.02722930908203,21.51050567626953,-2.3422,14.7579,17.9709,26.5862,-19.586,-2.5627,7.647,11.9621,13.7304,50.91,15.7,14.0996,-10.7154,-42.3446,15.4216,9.1693,-23.8942,21.2878,23.2998,15.4432,-7.8248,18.6324,13.1963,23.9861,15.1903,-11.086,1.0184,32.509,18.082,17.3754,-19.0489,7.247,12.7822,14.7244,9.5977,8.925,18.4651,19.0717,20.274,9.6314,15.4088,12.7122,15.8212,5.2469,16.729,-18.2451,2.4176,11.2159,10.554,14.4483,14.0733,16.6412,9.4609,18.1555,449.5705,8.7801,15.076,11.2556,-12.7037,-9.5853,11.5794,19.4782,-29.0002,11.7004,77.3418,11.6954,35.1183,13.1537,24.4378,9.7851,2.8276,12.2033,7.7355,18.5151,23.6572,25.5716,14.1223,13.4288,15.0381,15.6602,3.38,-12.9342,8.3004,-29.9207,-2.6383,5.4168,14.4899,-32.014,13.2722,15.5675,12.9576,16.5314,12.2928,15.9724,16.7773,6.2258,-21.2912,7.1463,16.5014,-27.738,11.3117,21.4627,17.9118,17.7613,22.1536,-0.5915,18.3856,4.2748,17.1837,5.4259,20.0258,17.3073,28.5573,17.6164,12.4865,12.2135,18.0217,37.9859,16.7605,23.6364,20.064,25.5537,27.6717,12.9014,13.2995,19.757,14.7168,24.4059,11.04,11.225,11.6609,12.6642,17.5428,13.1588,9.6107,15.4769,18.9206,1.1665,20.3968,21.9558,17.6597,17.9103,10.0096,12.9391,17.5411,21.8438,20.3897,15.861,16.0649,19.2499,26.2231,26.901,19.8915,18.3582,22.9601,14.6706,19.7688,17.3192,19.1964,3.4427,0.0118,13.0814,17.013,18.8092,17.5821,20.6677,20.8676,13.8371,14.7702,15.3623,17.5862,16.07,0.5283,14.5318,15.9731,13.8831,22.7004,15.1821,18.4222,11.4568,16.1483,17.8172,2.4475,11.9959,15.4542,17.2403,19.0513,10.6143,11.1745,14.3952,17.5859,15.0111,15.4631,8.2401,6.234,1.6635,-16.4361,16.2781,6.7973,7.334,13.2395,14.7446,17.4978,13.3114,31.1848,16.8659,43.6747,12.7113,23.6449,11.6552,19.3403,17.6007,20.6227,21.188,20.5756,15.1922,14.9344,-17.1073,13.4071,15.5326,-4.4265,8.6169,18.3369,15.9685,18.5941,12.9071,26.2695,14.9547,-10.4137,14.0941,0.7374,23.6291,11.5763,22.5712,18.4133,9.0097,9.8287,9.8573,16.2599,13.6749,20.8356,11.6063,9.4424,1.5995,30.139,11.8324,-17.9549,6.2715,20.1922,31.0358,16.7234,15.6607,12.7109,13.4425,9.1053,7.1512,11.9878,19.598,0.1732,-27.755,16.1871,27.006,-10.9103,11.7291,10.7599,-0.746,16.2955,5.4606,22.1826,32.752,30.5126,6.9752,23.9741,35.0686,20.7851,27.3346,23.4588,23.4588,6.2715,20.1922,31.0358,16.7234,15.6607,12.7109,13.4425,9.1053,7.1512,11.9878,19.598,0.1732,-27.755,16.1871,27.006,-10.9103,11.7291,10.7599,-0.746,16.2955,5.4606,22.1826,32.752,30.5126,6.9752,23.9741,35.0686,20.7851,27.3346,23.4588,23.4588,23.4588,23.4588,23.4588
106,25.96173095703125,20.507003784179688,-6.466461181640625,28.27704620361328,13.726264953613281,13.881820678710938,10.85174560546875,7.6914825439453125,18.617530822753906,19.462982177734375,22.138290405273438,15.565986633300781,11.453605651855469,16.171653747558594,-0.11768341064453125,14.988937377929688,12.681343078613281,17.264877319335938,18.927139282226562,8.042778015136719,-1.2289199829101562,20.107383728027344,29.35919952392578,24.086654663085938,13.837760925292969,23.836639404296875,15.442375183105469,25.896400451660156,18.825668334960938,25.15294647216797,20.89604949951172,20.0869140625,19.06378936767578,20.13019561767578,19.49175262451172,18.368507385253906,17.413352966308594,33.90373229980469,23.92925262451172,12.345474243164062,20.392845153808594,19.20807647705078,15.385360717773438,21.421661376953125,8.468276977539062,3.6994400024414062,25.063262939453125,21.067169189453125,15.699607849121094,-0.601104736328125,16.01342010498047,27.586341857910156,23.037887573242188,-5.0024,16.6426,16.8733,28.098,-19.4773,-28.0509,12.2538,17.2018,13.9011,58.513,11.4913,12.5387,0.3428,-29.2773,23.229,13.4934,-7.4863,21.1554,15.2541,17.2939,-6.6098,19.0466,16.4246,29.2847,14.8962,-0.408,43.5422,24.5786,23.7652,20.5323,-14.471,8.8971,5.7234,24.3197,8.6377,16.7277,22.3987,23.278,14.4611,10.8011,18.0075,29.4535,20.4079,7.2014,18.9881,-16.3743,-0.1795,19.1844,39.2918,19.5151,15.4534,278.6624,10.1372,20.9415,81.2529,15.4771,32.1189,14.8794,-15.4888,21.3322,9.1539,23.9892,-19.5815,21.3949,154.8465,19.7135,13.7201,13.563,29.1189,1.4729,10.7368,12.7074,14.7678,18.5875,18.1678,24.4202,14.7211,16.6278,20.8613,17.7962,-7.7318,-13.9102,12.6786,-23.1987,8.9963,15.2684,19.3082,-24.3009,15.8495,16.5564,14.124,22.5299,15.9921,23.9679,19.4506,-5.6364,2.5904,12.2029,15.4314,-7.5891,11.5847,36.3987,16.8772,23.8031,23.0459,-9.3252,20.2916,10.5331,18.6645,4.2729,26.6593,13.0504,28.7826,18.9932,13.5348,-1.3413,17.2725,21.1037,16.9862,66.9366,20.1761,31.6578,16.0229,10.1607,14.4112,23.9902,14.3408,18.8085,4.6569,6.5695,10.8246,10.7736,17.3168,13.387,11.4418,18.6078,22.7581,-4.178,25.9916,15.6136,17.2384,18.186,13.2505,14.3856,16.7055,22.0025,21.528,22.3376,18.5518,22.3718,22.6705,30.5978,23.994,24.1971,22.7671,16.5931,19.6219,18.3482,18.7894,6.6193,8.294,15.2204,21.3382,21.7706,19.4677,21.3982,22.1049,14.5688,26.8059,15.7431,18.0084,15.3233,0.6558,17.7621,17.368,18.1702,26.9108,16.6668,22.2699,4.7413,19.3149,19.3289,13.1081,13.7462,20.8576,17.6874,18.7976,10.5182,17.1058,18.372,22.8776,17.3205,15.1214,12.4512,21.1523,13.5711,5.9405,28.438,9.95,14.317,12.4971,22.987,21.2373,11.6192,40.8829,21.5166,33.5334,14.3546,26.8558,13.9841,20.1459,19.9959,20.9469,20.257,19.9457,16.7859,23.5933,10.6446,18.0393,20.7646,-4.3769,3.9102,19.0234,12.4391,26.8064,18.5102,36.1506,19.7978,-13.9612,18.4078,6.4507,29.2101,15.0662,36.4707,15.7424,13.5092,12.5732,16.6161,23.7843,13.9669,26.6063,11.5301,17.5159,11.0269,31.8307,19.2078,10.5745,2.6705,26.382,20.7321,39.21,16.2723,16.037,13.5102,7.7672,-0.3762,11.8079,23.19,1.0742,-11.7145,20.584,25.5011,-12.6284,16.0967,-0.3283,-6.3415,13.7943,7.6889,24.1685,30.2038,35.7714,11.0371,23.9048,30.7937,18.5274,28.4957,21.6066,21.6066,2.6705,26.382,20.7321,39.21,16.2723,16.037,13.5102,7.7672,-0.3762,11.8079,23.19,1.0742,-11.7145,20.584,25.5011,-12.6284,16.0967,-0.3283,-6.3415,13.7943,7.6889,24.1685,30.2038,35.7714,11.0371,23.9048,30.7937,18.5274,28.4957,21.6066,21.6066,21.6066,21.6066,21.6066
107,26.337295532226562,24.726943969726562,-2.2410812377929688,31.623123168945312,15.170684814453125,18.29151153564453,13.726142883300781,12.281173706054688,17.88062286376953,20.368820190429688,17.334510803222656,22.71240234375,12.1964111328125,14.267799377441406,6.190650939941406,16.27165985107422,12.869613647460938,1.8854598999023438,20.33959197998047,1.1093063354492188,-2.14605712890625,20.30957794189453,26.059974670410156,18.210838317871094,11.959938049316406,21.10076904296875,15.16943359375,24.43242645263672,20.31671142578125,24.26178741455078,21.593154907226562,21.11614990234375,17.486358642578125,21.652687072753906,20.997360229492188,19.479820251464844,18.282867431640625,34.034027099609375,23.81444549560547,19.847640991210938,23.12262725830078,23.75921630859375,17.65210723876953,24.418128967285156,9.342178344726562,4.856666564941406,23.209922790527344,23.42626190185547,17.21666717529297,7.462364196777344,17.48639678955078,30.195533752441406,25.118263244628906,-3.2186,39.4772,20.2058,20.94,-25.7727,-19.7307,15.3863,27.7015,29.1476,87.5116,14.2998,20.0767,3.8678,1.7077,25.6308,23.1992,-20.6044,16.7233,17.3496,21.3242,11.5911,30.4779,17.0589,21.7023,33.4245,5.289,11.8785,21.5731,29.9797,15.8354,7.6872,7.9703,-5.76,40.2702,11.2475,27.5004,30.6817,31.1881,8.1982,22.633,15.5737,27.4109,33.9325,27.5248,19.6868,1.3262,3.1742,53.7165,22.4464,23.7916,14.4343,23.0024,13.781,24.495,9.0566,17.4769,60.099,16.1544,-1.2058,15.1322,3.2135,25.795,-29.7552,31.6171,77.1128,40.2585,-33.4205,14.7787,12.8555,-30.1757,24.579,13.1635,11.5341,18.0752,18.0042,27.1417,15.233,16.5551,19.8781,20.1756,-29.1442,-27.7012,4.6288,-7.3941,16.2914,26.8186,22.0669,-29.8714,10.9966,15.4121,17.5735,20.1032,16.7411,25.9386,15.925,-1.1054,5.1065,11.9605,15.5889,5.1361,11.6589,18.0762,22.7785,21.3736,22.1194,-11.3405,19.0161,12.4754,4.72,-27.6095,26.3444,11.6011,22.2791,20.4898,14.0136,-7.7831,16.6347,18.2977,16.2013,20.4751,21.6473,25.6566,9.9347,6.4138,18.975,24.5875,16.6987,14.7628,1.4542,3.9132,-16.0918,11.9464,17.1154,14.4789,11.9462,21.3601,18.2767,6.548,22.9168,19.0673,17.5469,17.8459,13.5976,15.9585,17.21,22.4029,22.0062,20.052,19.8481,22.5961,16.6549,27.6004,22.6181,27.4466,19.4003,13.0558,17.9939,16.5239,16.8288,12.7821,13.1311,14.8687,17.847,21.1125,19.3095,14.3117,20.8748,15.1673,28.141,13.9722,18.2506,6.0477,0.001,20.1091,18.1805,18.7033,28.6296,20.4521,20.0593,-1.2885,23.5683,20.5608,13.1436,13.99,20.7367,17.4855,17.9925,4.502,20.2712,20.3193,20.172,17.8344,15.2332,-17.867,10.5045,18.9701,14.9549,25.33,16.9287,14.1905,15.8736,22.2684,24.1554,18.0236,44.7257,21.1336,32.5651,14.4735,26.0306,16.1837,22.0454,22.2705,26.1431,18.6472,19.6911,21.6975,30.106,27.6291,23.0637,22.3086,18.0335,4.5128,18.2985,18.1642,25.0062,25.6173,31.8776,23.5936,-6.8224,22.4121,16.2241,40.267,41.0482,43.7046,25.9419,18.6138,38.6084,25.4832,39.0681,23.5312,23.2509,15.832,15.6841,21.6447,40.4845,24.048,17.5006,12.051,32.3465,17.4603,78.6559,20.5562,17.139,147.2428,12.7667,1.2671,11.1241,33.2106,7.2885,8.1694,23.8467,39.1008,-7.939,16.1096,7.3812,0.374,15.4506,17.061,26.5615,21.8289,28.8582,10.6376,21.6195,35.556,19.0076,36.508,26.9197,26.9197,12.051,32.3465,17.4603,78.6559,20.5562,17.139,147.2428,12.7667,1.2671,11.1241,33.2106,7.2885,8.1694,23.8467,39.1008,-7.939,16.1096,7.3812,0.374,15.4506,17.061,26.5615,21.8289,28.8582,10.6376,21.6195,35.556,19.0076,36.508,26.9197,26.9197,26.9197,26.9197,26.9197
108,25.070541381835938,26.43769073486328,12.52496337890625,34.15221405029297,17.363479614257812,19.243011474609375,12.414390563964844,14.488105773925781,18.12000274658203,20.616249084472656,23.433578491210938,22.576515197753906,12.543319702148438,19.095863342285156,8.0250244140625,21.12950897216797,15.091102600097656,13.960723876953125,21.26726531982422,6.1439208984375,0.15618133544921875,20.836891174316406,28.894691467285156,23.151412963867188,18.857688903808594,24.029563903808594,17.86321258544922,25.222503662109375,22.647811889648438,26.227279663085938,22.930152893066406,22.11944580078125,19.615638732910156,21.355506896972656,21.714431762695312,21.75438690185547,19.568130493164062,29.58075714111328,24.888832092285156,16.25171661376953,28.755043029785156,26.463912963867188,19.450111389160156,23.82689666748047,11.571586608886719,6.4744110107421875,24.767860412597656,24.191200256347656,21.069000244140625,12.662261962890625,27.3448486328125,26.275863647460938,26.1953125,5.3835,20.687,22.2892,17.8948,-19.2439,1.1436,9.219,24.0183,21.505,37.4273,14.6468,15.0293,16.2529,5.4724,13.4497,10.8717,7.5513,16.2414,22.4316,21.4086,4.3237,43.6283,18.2562,18.4787,26.9361,13.02,16.8388,19.404,34.973,15.8916,10.0753,6.1806,5.5559,25.058,11.8139,15.358,24.7576,19.4617,21.2519,20.0477,11.9196,16.7483,20.4052,22.9345,27.1497,2.4732,-6.5559,43.3591,35.5953,20.5912,11.8706,23.1334,19.362,21.0143,7.6947,6.3816,17.9734,15.4622,6.0681,16.5494,16.1841,21.5594,-15.3537,31.5754,31.5561,16.2408,11.8746,16.2425,21.7313,-13.3425,25.679,17.9335,14.4085,18.3204,17.0503,24.4877,17.1653,18.3368,18.5818,22.8638,-12.2581,1.0603,6.6105,3.186,18.0037,22.3792,24.4674,-22.7775,16.2706,17.6759,22.5615,22.8899,32.9459,43.0651,17.373,3.1697,10.865,11.3125,20.826,14.6202,22.2441,25.1772,27.1136,24.3307,23.1029,11.6042,14.4802,26.4833,11.0602,17.6456,26.9859,14.4247,24.039,22.99,19.7841,14.225,18.1342,27.5302,22.6657,22.4315,24.2512,38.8286,22.0156,15.8625,21.5999,25.9803,21.254,13.7917,8.5689,9.6381,0.7622,26.2845,19.4273,18.1838,16.8416,23.5559,19.7338,15.0347,19.8332,20.9958,15.4493,21.5212,16.9166,19.1847,18.1,29.8975,27.7507,19.5614,20.2568,24.1656,21.5986,31.4828,22.6531,25.7742,20.8133,12.6838,19.8394,18.7681,19.4968,14.4439,12.7787,16.805,17.3629,22.935,20.0598,15.0,21.2886,18.8035,27.9773,16.9114,20.2202,13.0544,6.9858,20.1349,19.8625,19.4901,15.6223,12.6172,17.8237,11.3478,20.6971,19.8272,14.0697,17.7165,21.3037,18.1847,17.4097,8.2713,25.4722,20.0017,19.5153,20.7432,18.7449,-0.4103,-3.8713,-1.8221,11.1258,22.0305,17.3139,14.226,16.45,22.3344,19.0499,18.6847,33.5536,17.7838,18.7997,15.6739,23.9561,16.7222,21.9128,20.72,22.3399,18.1824,19.1908,19.649,33.5652,22.4589,24.0706,22.9752,2.2802,14.2341,18.5817,17.3749,23.9987,22.7531,27.0544,37.247,-2.1281,23.9077,26.3685,27.992,124.9482,35.1917,31.7459,16.8328,33.2104,21.8124,98.1475,32.8978,28.3219,17.8414,19.3591,17.9156,38.222,20.2721,21.799,13.9354,25.6121,17.2648,20.6644,19.9554,26.6672,34.7687,17.6281,6.6268,9.9233,39.901,7.8044,16.458,28.2338,51.3379,-4.0197,18.4794,33.1323,8.8116,43.0396,45.5266,30.0019,26.2605,33.2769,18.612,25.5602,27.6184,20.3124,34.8724,26.4862,26.4862,13.9354,25.6121,17.2648,20.6644,19.9554,26.6672,34.7687,17.6281,6.6268,9.9233,39.901,7.8044,16.458,28.2338,51.3379,-4.0197,18.4794,33.1323,8.8116,43.0396,45.5266,30.0019,26.2605,33.2769,18.612,25.5602,27.6184,20.3124,34.8724,26.4862,26.4862,26.4862,26.4862,26.4862
109,28.675559997558594,28.9122314453125,20.660377502441406,37.158416748046875,19.775314331054688,19.02973175048828,14.619476318359375,14.916633605957031,17.22015380859375,23.107406616210938,20.97803497314453,23.075035095214844,17.76622772216797,19.34722900390625,9.511161804199219,23.271583557128906,15.66973876953125,25.96746063232422,22.347564697265625,15.181640625,8.620933532714844,23.973953247070312,33.36461639404297,27.561546325683594,20.807044982910156,24.48625946044922,21.371421813964844,28.790367126464844,23.711570739746094,99.91102600097656,25.098426818847656,23.76458740234375,23.178634643554688,23.632766723632812,23.838111877441406,39.16736602783203,20.55071258544922,33.01493835449219,24.08582305908203,24.453819274902344,25.914207458496094,26.159088134765625,20.063819885253906,23.221824645996094,13.871406555175781,8.643577575683594,23.552215576171875,23.870338439941406,19.520729064941406,15.572608947753906,27.79736328125,26.005950927734375,25.847007751464844,5.8726,14.0413,19.5912,14.0948,-20.0621,7.707,10.9747,19.1368,21.5278,40.6605,20.6836,15.1959,25.1865,15.0227,13.1314,10.7864,15.6141,14.3893,19.8138,92.1447,-5.6705,19.649,16.636,16.9786,23.6008,19.3951,15.9693,6.2678,31.7591,12.9361,13.351,18.8464,15.2742,52.5291,12.9252,14.3694,24.4123,11.0082,18.4447,19.6857,16.5023,20.8976,24.2535,18.9207,28.1936,3.8474,7.3479,14.9135,77.7014,20.754,10.1286,22.3414,19.3361,33.029,13.2168,8.1951,20.6486,28.5377,11.4419,13.3734,9.4248,25.4929,1.9473,29.3729,32.9269,21.9814,44.784,24.6425,33.9929,9.9734,24.6621,35.9343,71.4932,22.6021,21.3554,42.1295,27.3425,13.3046,26.8636,34.8371,14.5433,7.2685,8.4782,0.2132,18.9797,34.0557,29.0913,1.4886,20.4142,22.8656,19.9371,27.605,68.0805,37.4492,24.4446,13.8183,11.5335,12.2876,24.5226,16.4301,26.2225,30.8279,18.9348,26.0922,32.0478,21.7897,12.2714,33.7738,27.6783,23.09,22.0848,15.3907,19.0965,28.6141,23.1701,16.323,24.9939,55.9548,26.8609,19.93,19.7492,25.321,20.3359,17.9356,21.8814,26.9359,29.8695,29.9168,12.6734,17.8791,10.3017,32.0121,23.6498,27.8731,43.048,23.8455,29.7284,16.1697,26.6375,20.3507,18.8458,33.0426,20.1542,19.3409,22.6592,27.5012,24.6429,24.1976,23.0929,32.556,243.4217,31.5922,21.3175,24.8136,21.0747,22.9183,24.488,22.0214,23.9186,25.5992,19.2976,19.9416,17.1401,20.8279,21.1081,21.4596,21.0553,20.9402,20.4069,25.0761,33.322,20.2947,18.7104,20.9806,20.1177,17.6838,17.567,13.3048,18.905,15.0911,29.7174,26.0651,20.6796,29.0139,21.3378,21.8174,25.9191,19.2884,24.7848,25.4707,24.9812,25.2726,69.1157,5.9997,3.555,-11.6545,5.0635,23.5742,17.3093,14.0662,28.4207,40.3586,33.3425,23.3836,32.2342,18.7202,31.2032,19.0974,25.7731,18.7778,21.8711,21.6859,22.5804,13.186,19.0755,14.9086,31.1407,12.4351,22.0335,22.4026,21.5544,16.8074,17.1727,17.0034,14.2849,20.267,17.6037,21.5657,-10.22,24.4674,27.6965,24.815,31.6903,40.2621,25.6215,11.2231,30.4519,16.5635,19.3426,24.4097,24.8688,16.324,12.9872,17.2465,19.123,18.024,18.6818,10.7925,20.6816,20.1431,85.5467,18.5309,16.7833,22.5708,16.5519,10.8872,11.7164,34.8878,12.5827,17.9938,21.9901,20.5855,0.4372,14.1257,16.8899,12.0629,36.0299,20.4271,35.6185,20.9192,22.6386,15.3193,20.6023,24.2457,22.9005,36.2504,23.1381,23.1381,10.7925,20.6816,20.1431,85.5467,18.5309,16.7833,22.5708,16.5519,10.8872,11.7164,34.8878,12.5827,17.9938,21.9901,20.5855,0.4372,14.1257,16.8899,12.0629,36.0299,20.4271,35.6185,20.9192,22.6386,15.3193,20.6023,24.2457,22.9005,36.2504,23.1381,23.1381,23.1381,23.1381,23.1381
110,28.25787353515625,28.912948608398438,20.96141815185547,30.61895751953125,19.03900909423828,21.319686889648438,15.339309692382812,57.7523193359375,16.027496337890625,49.14524841308594,31.263198852539062,22.96977996826172,17.829017639160156,21.820220947265625,10.137619018554688,19.95124053955078,17.771095275878906,22.58354949951172,23.40216827392578,17.655479431152344,13.581459045410156,23.68975067138672,28.270591735839844,31.54278564453125,24.586585998535156,26.835289001464844,23.475082397460938,27.67749786376953,24.006454467773438,42.022132873535156,25.062049865722656,25.852798461914062,24.14971923828125,23.88848876953125,23.516433715820312,29.346343994140625,21.75745391845703,32.45033264160156,31.161468505859375,29.03449249267578,28.26238250732422,27.397323608398438,74.40072631835938,23.16973114013672,14.281425476074219,9.109207153320312,23.594009399414062,23.319381713867188,20.042144775390625,19.54302978515625,22.957504272460938,31.580291748046875,25.923751831054688,-0.4683,20.9916,20.9156,11.0749,-14.5432,11.4064,12.2824,23.9509,15.5106,27.7018,99.0403,86.3826,23.655,16.267,120.2466,40.4056,17.9043,21.9786,29.3544,24.1676,4.7729,23.6091,17.2401,24.6637,24.4985,21.3669,12.7549,21.3105,27.6546,24.3609,14.5243,18.028,17.7002,31.0824,12.8659,13.052,33.7269,17.3994,23.7575,22.9726,19.0106,18.2221,21.9593,10.7953,32.371,3.9038,12.4216,18.6302,21.1572,18.047,11.0139,14.171,10.5266,20.8521,24.5746,13.1776,24.0871,37.3147,10.7963,18.6803,18.1949,27.296,-0.9701,35.1846,38.8284,23.4243,23.7612,18.1252,21.6651,18.6176,28.8281,17.9377,25.346,23.1975,19.6332,24.2578,19.043,13.3199,21.5583,29.9581,17.2962,11.2849,28.8938,18.909,19.0756,25.7081,21.5404,11.713,27.4509,18.733,16.6093,24.6716,37.1199,22.6035,20.6399,12.2274,34.1751,16.5468,30.2969,17.2979,93.2884,21.5071,31.9999,25.1479,25.6419,17.7414,18.6301,27.5703,22.5679,30.4467,27.7161,18.6559,19.635,24.5224,18.1094,24.4987,24.0718,28.6375,61.4135,23.0208,19.2381,22.2441,21.6275,18.6266,30.5642,24.8685,21.6651,21.1185,19.0221,21.5994,17.4354,48.6373,23.8246,24.378,26.1348,22.1878,24.9126,27.0248,26.9157,23.4627,18.2716,26.6305,20.0083,18.3602,21.2035,25.9361,31.2343,25.386,32.2468,33.3806,25.2677,34.7386,31.9476,26.9717,29.7182,23.4944,23.2585,21.4136,26.1571,26.3524,21.2745,35.7642,14.4654,19.1579,26.4359,20.701,22.8874,24.0165,21.9173,23.5685,36.9321,22.1341,23.1719,25.8777,20.9009,16.5838,19.7318,21.1131,20.0779,20.0642,41.4858,25.3321,22.8356,23.3271,23.5058,21.8118,33.6596,21.4094,42.9731,32.9275,29.5924,21.5964,26.8654,17.0846,24.2104,19.6939,28.894,25.5355,19.2219,16.7018,22.0245,36.5353,23.356,20.701,21.8219,36.5615,23.6303,21.875,28.8771,28.1324,36.3342,32.8019,31.4843,36.0603,33.858,53.1752,21.677,15.8504,17.6263,26.8876,32.2688,28.0864,24.002,26.9763,18.4226,25.0718,21.0485,28.6389,7.0859,157.1208,26.5563,27.2592,30.567,26.9013,28.2794,15.9728,59.8478,29.5124,19.9753,25.693,19.8532,180.3695,212.4223,20.0667,192.1867,24.6764,21.7871,25.7557,20.8079,32.4259,51.112,17.9274,16.7844,25.0814,11.554,9.4266,19.9466,25.6925,12.2238,26.1221,20.5886,16.7341,-0.2972,18.5312,25.4661,20.3453,18.3428,17.6658,26.1381,20.2077,17.9061,23.8739,19.6996,28.9337,35.8938,33.2448,21.593,21.593,25.7557,20.8079,32.4259,51.112,17.9274,16.7844,25.0814,11.554,9.4266,19.9466,25.6925,12.2238,26.1221,20.5886,16.7341,-0.2972,18.5312,25.4661,20.3453,18.3428,17.6658,26.1381,20.2077,17.9061,23.8739,19.6996,28.9337,35.8938,33.2448,21.593,21.593,21.593,21.593,21.593
111,31.773887634277344,26.63054656982422,10.603736877441406,32.421409606933594,24.89411163330078,40.55950164794922,15.829490661621094,42.681175231933594,19.663536071777344,28.337905883789062,26.793472290039062,23.83061981201172,20.708030700683594,18.17047119140625,12.267822265625,16.846290588378906,18.43939971923828,24.560447692871094,23.200347900390625,20.56694793701172,18.87151336669922,25.141883850097656,29.320205688476562,32.52008056640625,32.11872863769531,30.46739959716797,23.9296875,28.902687072753906,25.192794799804688,39.12840270996094,26.644241333007812,25.04852294921875,24.19793701171875,25.43425750732422,25.20953369140625,26.31243133544922,22.465599060058594,33.30662536621094,28.23944091796875,30.20581817626953,29.02147674560547,24.42389678955078,34.56879425048828,28.734603881835938,15.196266174316406,12.009674072265625,30.255027770996094,22.437705993652344,21.688949584960938,20.701316833496094,22.95226287841797,29.957366943359375,25.719772338867188,9.3054,171.6892,20.989,23.5478,4.2423,11.2875,13.4878,17.7302,27.3068,46.548,21.3694,29.1007,19.5073,16.9226,19.397,21.3906,9.1179,24.1388,9.6471,19.9679,17.9906,22.222,24.8897,24.4713,26.3601,17.9807,17.8618,10.1665,22.6663,15.2393,14.4691,26.2044,19.508,51.7604,13.4597,17.6748,21.0193,11.0069,11.6518,19.8093,21.2478,21.3224,17.5626,9.1897,18.3135,10.1983,14.5945,31.81,43.1442,15.1716,25.4571,16.4416,9.8273,21.1302,15.6956,15.3612,23.6001,30.0563,17.1646,21.3403,21.0163,26.462,9.9472,22.691,60.2763,24.2628,27.7121,15.491,26.8304,19.5419,22.8489,16.698,19.0911,21.4706,18.1172,22.3528,19.7868,14.0609,30.6676,25.2891,23.6714,20.1755,15.9148,26.029,21.4537,32.0733,16.8825,22.8424,13.9434,19.3369,15.0768,27.4707,27.2627,35.4208,25.4995,11.2942,16.8748,16.9496,22.3165,21.5128,59.4461,22.6188,28.9133,26.2306,26.7052,27.7888,21.8861,30.1728,34.4068,36.6673,29.7807,23.3128,20.4737,33.1908,28.2029,44.4289,24.273,77.5015,29.9691,28.8984,23.6221,21.844,34.3345,23.5711,30.3167,24.3872,35.5186,23.1145,21.3685,21.6532,18.89,43.8368,29.6357,25.0022,25.4628,23.1509,23.2491,27.349,29.0778,24.5927,21.5144,30.3853,19.9319,21.2686,22.6383,26.9815,38.3957,31.9487,29.5547,46.194,23.9634,34.3016,34.4514,27.4532,25.4868,30.8937,28.0016,24.1918,26.6068,18.8876,21.9934,23.0934,18.8478,19.8223,22.035,14.7871,18.8935,25.7169,31.636,27.2646,59.4377,21.4877,21.8821,24.6253,22.4785,20.6815,24.014,30.4115,20.4743,21.8184,36.87,25.7089,23.0885,38.4147,26.3239,24.8331,20.1163,19.6872,22.664,20.8631,27.0848,24.2264,18.2656,13.2674,15.5583,17.0788,22.6682,28.489,16.6141,18.6341,86.9313,25.6862,19.5479,15.5882,24.4259,25.1601,29.2372,51.8346,24.8018,23.8272,28.8774,33.1097,27.4572,25.2279,28.5075,41.8726,21.1979,17.3526,24.8105,32.6723,28.0616,24.5769,21.6553,23.0246,28.3708,28.8018,23.8014,29.5593,12.3022,25.8793,19.8625,19.8652,27.6241,41.3861,17.6368,16.8997,26.7998,40.1841,26.1396,66.5657,19.6369,27.4189,53.094,21.7069,106.2964,23.0611,20.8024,19.3047,38.5982,18.3141,636.4863,31.9495,22.4401,20.6747,10.507,12.4429,21.7725,40.4667,17.7212,28.1296,23.5814,19.66,8.2557,18.2394,14.3575,6.6951,18.8641,20.3162,30.2271,41.1464,11.526,23.1429,21.4096,30.4518,48.6731,35.1656,19.9494,19.9494,19.3047,38.5982,18.3141,636.4863,31.9495,22.4401,20.6747,10.507,12.4429,21.7725,40.4667,17.7212,28.1296,23.5814,19.66,8.2557,18.2394,14.3575,6.6951,18.8641,20.3162,30.2271,41.1464,11.526,23.1429,21.4096,30.4518,48.6731,35.1656,19.9494,19.9494,19.9494,19.9494,19.9494
112,32.8206787109375,22.703514099121094,15.103385925292969,32.53205871582031,25.199462890625,27.638992309570312,15.26904296875,28.884552001953125,18.50135040283203,25.464599609375,33.96875762939453,21.77532196044922,21.65997314453125,19.027603149414062,14.456016540527344,19.590194702148438,19.62390899658203,22.69231414794922,24.101821899414062,29.055511474609375,23.501930236816406,27.26885223388672,29.389999389648438,36.14398193359375,33.19713592529297,30.79578399658203,26.051292419433594,37.108795166015625,26.262245178222656,34.769630432128906,28.131553649902344,25.44732666015625,24.815467834472656,25.896934509277344,28.167686462402344,28.935691833496094,26.833656311035156,35.48682403564453,26.75890350341797,32.71759033203125,28.176048278808594,24.432716369628906,32.97631072998047,31.86798858642578,14.428848266601562,9.056327819824219,29.043441772460938,22.3529052734375,20.292861938476562,19.627723693847656,22.20050811767578,30.38196563720703,25.648597717285156,13.4298,28.4072,33.9215,18.2874,12.9608,10.923,14.3677,20.7557,17.2443,56.8949,15.1068,13.3912,17.7014,16.7809,17.7587,30.5167,10.5451,25.8114,6.9899,19.621,8.6813,25.926,23.8829,25.7003,19.0102,27.3749,21.5397,13.0356,41.8993,16.3888,14.1419,25.4846,15.5141,34.6023,14.7411,16.6589,21.3759,9.4823,13.4916,49.7646,21.0439,281.877,16.8727,8.6257,17.6883,13.6731,15.0947,40.3924,42.7291,17.5437,15.4909,19.5469,14.2094,19.8188,10.8748,40.8182,25.6915,39.9534,12.6802,20.5021,21.1122,23.4939,25.077,32.6025,42.4921,21.7299,19.0244,19.5391,22.8322,32.4221,18.1493,18.6812,18.8567,21.0072,16.8249,21.89,18.6993,14.4686,23.5318,30.1464,43.8314,21.8756,18.2914,27.1707,22.947,34.8834,20.2382,30.5724,13.9651,31.511,14.9782,39.4652,23.317,24.0957,29.9514,14.2835,17.3749,18.1042,21.9407,24.701,48.7452,26.0689,21.7537,25.2928,42.5156,28.1304,25.554,28.4754,31.1435,41.8559,34.05,27.7233,22.8303,35.6497,33.2773,41.6164,24.5285,68.1899,37.1617,30.121,25.2193,23.6324,30.3706,70.7706,25.8809,25.9382,30.0427,29.7065,23.7763,25.3497,27.2143,40.8225,32.1094,42.6969,28.4346,29.7505,49.2216,26.432,30.8008,27.1375,21.8813,26.3719,27.8436,23.1921,22.0137,27.7602,43.0697,118.3579,33.4057,32.3479,26.8084,52.1389,26.0621,43.7005,28.6735,50.4174,26.8835,28.2143,27.5968,35.4481,23.9476,34.8036,24.4334,20.8987,22.4819,14.7026,25.441,50.9202,28.8237,33.0095,28.4653,21.9311,22.7349,27.608,22.1539,36.4166,28.4792,26.1235,23.1706,22.8965,58.193,58.3729,28.9162,119.6474,25.829,27.8137,20.8919,36.3664,37.004,29.4272,24.7719,29.4527,28.3097,18.5386,18.2876,20.5159,29.6936,23.4168,16.7085,29.9829,54.6744,28.289,22.8098,26.7178,31.6135,24.5038,31.9402,42.5181,25.065,23.6393,25.3205,27.9145,23.1919,18.5985,24.1074,36.6779,19.0649,25.122,24.8711,30.7906,32.1534,35.897,23.8544,23.2749,25.4265,22.8779,21.5467,25.6775,22.5352,56.4616,14.6881,29.5552,25.2045,25.5391,17.2955,17.8144,22.6153,21.9481,37.2581,51.1555,24.676,24.2328,23.9797,31.1911,39.1761,20.6712,24.5651,16.8485,44.3302,18.1579,105.782,19.1772,17.0005,18.0891,13.0877,8.4841,19.5958,33.3867,23.9712,22.4468,20.8811,16.9918,-2.8849,18.8709,10.5037,13.2124,17.9132,353.6347,28.7905,33.2588,15.0392,26.948,21.279,23.1363,32.4664,30.5609,20.1176,20.1176,16.8485,44.3302,18.1579,105.782,19.1772,17.0005,18.0891,13.0877,8.4841,19.5958,33.3867,23.9712,22.4468,20.8811,16.9918,-2.8849,18.8709,10.5037,13.2124,17.9132,353.6347,28.7905,33.2588,15.0392,26.948,21.279,23.1363,32.4664,30.5609,20.1176,20.1176,20.1176,20.1176,20.1176
113,33.719200134277344,25.950538635253906,20.5577392578125,31.56584930419922,21.719406127929688,26.623855590820312,17.473838806152344,24.142860412597656,19.149803161621094,23.183670043945312,32.46477508544922,20.911392211914062,22.26776885986328,17.09808349609375,14.729850769042969,19.438453674316406,20.65887451171875,23.249786376953125,24.555458068847656,41.57292938232422,24.4315185546875,27.411849975585938,28.428817749023438,38.16315460205078,31.492599487304688,43.419273376464844,26.94940185546875,36.37791442871094,27.22258758544922,34.298500061035156,29.795860290527344,33.539405822753906,25.97259521484375,27.504554748535156,30.75025177001953,26.612205505371094,30.307159423828125,47.64422607421875,27.66364288330078,34.049537658691406,29.620590209960938,24.56566619873047,29.766151428222656,29.32451629638672,15.491477966308594,8.48797607421875,29.675827026367188,23.94231414794922,20.718780517578125,17.84825897216797,19.79741668701172,29.318679809570312,27.591064453125,7.0831,24.333,27.9494,18.7647,17.8488,12.5951,16.5407,22.2905,20.6723,61.6642,16.6598,9.8083,9.2473,14.5128,14.9975,14.0127,11.3484,25.1036,4.9658,20.6953,13.3765,24.9782,19.9119,43.3493,18.5772,15.9545,17.1649,17.9006,23.2701,11.0556,16.1027,25.6133,14.1067,35.245,15.626,13.9005,21.7078,3.6369,7.1374,134.1557,21.0629,26.585,20.1628,17.3825,17.8151,12.3198,17.6774,38.4976,60.2204,23.6408,32.4025,24.2986,16.1108,19.4184,17.1532,34.6656,27.1246,51.5509,12.7053,21.7143,27.2103,63.1298,40.4107,33.1538,36.3707,19.5786,19.8218,18.9622,21.3546,90.7236,21.6522,27.4448,19.9291,21.6916,16.7348,48.4868,20.393,15.4471,21.4777,32.6967,76.0613,27.2991,22.1223,26.3209,29.0341,20.2132,23.0127,28.4119,21.5656,28.5806,11.5963,76.7909,183.8647,27.5471,28.7085,14.4587,18.2511,18.7198,18.9894,23.462,168.6247,29.839,26.6162,30.2783,32.3434,28.2659,26.4065,49.4629,41.1315,32.7629,45.9924,29.5365,33.7178,28.6038,28.1853,33.5705,25.328,30.564,32.1768,60.571,26.2469,27.2405,66.7494,22.9838,37.2221,39.0765,28.0413,58.6091,18.8487,26.3609,25.3809,52.5192,82.2452,46.8703,27.1559,25.5712,38.2258,27.2916,32.2914,26.8571,22.2788,26.5843,26.0479,24.4437,26.1691,32.9066,35.8522,40.7136,33.0559,27.7485,28.546,54.8632,41.2094,49.2155,47.0566,37.9848,29.8008,30.858,29.0964,27.6824,27.2762,33.3891,24.2007,34.6493,46.9537,37.8507,29.5961,46.9918,33.0066,55.8907,32.0216,24.8298,29.1783,27.8424,22.8945,28.9121,18.2226,34.3756,24.6756,23.6738,215.8691,43.6987,28.2161,45.6369,25.0066,35.6333,24.0667,38.2581,40.1289,32.1068,32.8043,33.1859,21.7428,26.2427,21.9953,20.6594,54.053,31.7765,18.6744,36.66,33.8009,29.4016,42.403,28.9199,36.6145,26.6815,69.4731,125.6438,30.663,22.3335,26.2401,37.3463,24.6895,22.5647,27.044,56.9306,38.0782,28.8546,48.0231,34.6294,31.0692,41.5755,24.5335,24.6039,100.7157,25.0197,44.6294,30.9107,18.9818,28.1893,22.3435,26.5676,25.746,30.2701,18.5909,18.2353,41.8613,28.19,46.2886,57.1675,26.5483,25.923,27.3243,56.2005,32.0162,30.3541,22.7958,23.8447,32.2818,18.9681,21.5448,21.177,16.9216,29.798,11.5246,11.2236,20.2467,39.8226,13.0384,15.4025,17.1135,16.052,-4.5773,26.4164,13.0813,29.1425,11.4976,25.8294,28.838,33.1981,12.5693,29.6947,28.1268,25.242,35.0293,25.248,24.6152,24.6152,23.8447,32.2818,18.9681,21.5448,21.177,16.9216,29.798,11.5246,11.2236,20.2467,39.8226,13.0384,15.4025,17.1135,16.052,-4.5773,26.4164,13.0813,29.1425,11.4976,25.8294,28.838,33.1981,12.5693,29.6947,28.1268,25.242,35.0293,25.248,24.6152,24.6152,24.6152,24.6152,24.6152
114,34.805824279785156,26.32294464111328,18.569564819335938,30.0467529296875,22.01373291015625,26.02674102783203,17.484725952148438,20.03337860107422,16.44939422607422,22.94361114501953,26.17505645751953,20.411849975585938,21.967247009277344,19.091476440429688,15.457382202148438,31.761924743652344,23.51342010498047,20.43042755126953,25.088104248046875,31.15703582763672,25.263893127441406,27.523399353027344,25.620338439941406,36.27861785888672,31.046249389648438,60.66973876953125,26.63134765625,42.77946472167969,27.930801391601562,31.40087890625,29.37572479248047,27.230567932128906,26.235748291015625,27.389747619628906,30.737258911132812,27.907798767089844,30.02277374267578,60.15333557128906,29.030029296875,36.27091979980469,28.57654571533203,25.217544555664062,30.90423583984375,24.876739501953125,15.661102294921875,12.620437622070312,24.39215850830078,27.704193115234375,20.77861785888672,17.01274871826172,18.80731201171875,34.94548034667969,31.119476318359375,7.0385,22.5874,21.2024,10.8486,39.7862,18.9336,13.0665,21.0413,22.8159,38.4826,17.8274,1.4535,6.3361,10.8479,13.2693,15.7218,473.4735,28.3526,1.665,24.8022,13.9882,20.149,21.2649,13.7686,18.1634,24.013,17.8466,17.9925,26.7396,4.9379,10.8838,24.4622,14.49,16.3988,21.077,14.3677,22.7291,27.6553,15.6359,19.808,27.1396,25.997,16.686,14.944,18.5638,13.4803,18.7838,40.9581,60.4083,30.0128,33.617,25.9919,52.5548,18.6948,9.7506,25.9789,24.9334,57.9679,11.1023,27.7848,24.6038,60.9373,57.494,33.0762,33.9674,27.7794,14.9059,18.5707,26.7453,123.1755,32.7344,17.3757,25.446,21.6728,13.6304,22.6317,21.44,17.6877,23.8569,27.658,35.6541,19.339,22.5424,24.6075,25.2515,27.7887,21.5835,26.5933,35.1334,29.6945,13.3914,71.3575,46.0144,25.0984,28.3049,17.1189,32.4871,22.5066,20.4402,25.2501,30.009,20.8693,11.742,31.9751,147.287,28.5625,26.9472,308.563,47.2143,43.9824,42.681,30.3438,37.0271,26.0091,30.6143,33.027,28.8906,37.6932,31.971,34.032,28.0893,31.112,108.3778,31.5334,41.9079,29.1212,29.5071,54.9212,20.6837,24.7447,24.8993,27.6677,49.7784,96.8971,26.939,24.4638,57.5884,27.7104,30.274,28.0123,23.1865,27.8205,34.7185,26.1487,30.9767,32.2053,28.0108,66.7651,29.1212,29.055,25.5454,65.1816,60.4213,28.2082,32.0404,33.854,27.8948,28.3068,28.0841,29.3698,26.5535,42.3773,28.3862,27.1694,24.2355,20.3732,30.0001,25.6494,26.966,48.9541,32.8207,25.4059,27.2722,24.7074,21.7232,26.3603,23.026,34.9497,24.9689,23.838,72.9015,41.1937,68.1076,85.3976,29.1058,31.3994,32.2093,25.4531,51.9853,24.2821,39.0109,44.3932,28.1385,30.575,27.3235,21.484,24.0778,25.6737,21.4506,32.3692,30.8976,34.5399,41.6583,37.682,42.9378,39.1608,96.4069,146.6164,26.1175,20.6964,25.3022,30.0538,24.7589,27.3411,30.3639,73.3415,35.117,41.6831,45.8603,39.7065,34.9475,39.7511,34.2325,30.3591,26.4628,25.1387,25.6808,27.3427,19.2676,33.4401,19.3104,31.5207,42.5382,41.7281,21.3037,20.8687,28.0972,33.0375,53.2852,58.4707,27.3029,32.2436,42.1073,52.4221,39.2781,33.6874,23.9023,21.6776,18.8727,13.2203,54.4173,19.0976,17.2097,16.8943,11.5552,11.8094,36.0004,25.0993,20.9398,14.4656,17.4031,15.9069,10.0284,29.0583,16.2912,22.0353,11.0885,24.3685,27.462,17.7807,14.347,29.1795,23.781,29.2671,33.3481,22.7883,35.8256,35.8256,21.6776,18.8727,13.2203,54.4173,19.0976,17.2097,16.8943,11.5552,11.8094,36.0004,25.0993,20.9398,14.4656,17.4031,15.9069,10.0284,29.0583,16.2912,22.0353,11.0885,24.3685,27.462,17.7807,14.347,29.1795,23.781,29.2671,33.3481,22.7883,35.8256,35.8256,35.8256,35.8256,35.8256
115,35.93486022949219,27.01812744140625,24.676109313964844,30.049942016601562,21.102638244628906,24.630172729492188,19.441497802734375,15.292427062988281,10.123085021972656,23.18158721923828,23.236236572265625,21.70079803466797,22.775527954101562,20.04863739013672,18.01904296875,23.5906982421875,23.941757202148438,21.89727020263672,25.68828582763672,31.433197021484375,24.6705322265625,28.028160095214844,29.28253936767578,38.81493377685547,30.46466064453125,74.43434143066406,27.400146484375,40.11170196533203,28.89520263671875,32.01377868652344,29.783615112304688,27.049522399902344,27.075347900390625,26.674530029296875,29.721900939941406,27.9959716796875,30.273353576660156,56.351715087890625,31.57903289794922,38.433387756347656,30.094154357910156,26.046035766601562,35.389976501464844,25.941871643066406,15.444648742675781,11.617233276367188,20.7525634765625,26.393417358398438,22.502967834472656,17.677330017089844,21.992088317871094,29.852622985839844,30.38250732421875,13.278,22.0731,17.4453,-8.9651,20.256,16.9717,12.7592,27.6374,17.7172,43.0601,18.0524,4.4018,9.9985,12.9841,13.0297,19.4765,23.4863,16.6214,-0.9401,22.1211,10.8075,19.9875,23.1738,13.2166,19.4698,23.8783,14.551,18.2397,19.6017,-3.5598,12.6583,25.291,18.3419,32.6097,17.2235,13.7433,22.7953,25.3057,17.397,22.2851,23.9835,18.6314,14.5533,13.7842,19.5282,16.6065,20.0669,33.1961,45.8885,39.4854,19.9009,33.5273,22.6041,19.4975,4.3867,12.9902,31.7994,47.1442,16.8819,25.4975,100.5581,74.0032,31.4548,45.2474,38.6619,36.3813,19.7136,19.1621,17.0163,77.5906,394.6469,18.8651,38.8332,22.1372,-2.5356,20.4245,23.874,20.319,25.6852,29.4704,36.4963,26.8781,26.0961,24.504,26.4664,24.603,41.4656,23.1583,51.319,34.5958,12.4944,63.9872,36.5231,21.5257,27.2758,12.0492,19.8936,22.8833,21.3493,25.3127,19.2598,30.0621,3.1011,24.3683,35.3101,25.8113,26.6968,36.5782,51.3489,46.8283,34.2875,28.1347,34.6337,27.3181,25.4548,28.7868,29.4836,39.7507,35.6706,31.582,24.3222,28.9163,136.8097,23.0734,28.6887,33.3032,29.4446,62.377,21.3017,24.0566,22.3892,31.8126,90.8799,139.6416,27.6686,24.8506,37.1342,25.9679,76.0584,26.0476,26.3412,27.1933,27.6994,26.0723,25.7856,42.6622,29.6859,164.7821,179.5077,30.7602,28.742,76.9406,54.8422,35.5696,31.1936,57.3817,40.0231,27.5313,28.2843,30.1123,30.3725,35.7997,27.23,28.4284,22.2007,37.3578,26.6149,25.0394,42.1155,53.3083,43.5634,26.7048,31.3126,24.7646,21.4184,27.5352,27.7052,124.3082,25.2386,24.7887,35.8802,44.2223,23.9848,36.0641,32.9604,25.8892,23.2627,27.9116,42.2042,24.3141,33.7177,27.205,26.0323,57.1306,49.8998,22.1022,27.5299,27.6673,21.2163,29.3817,31.1828,40.3237,42.6716,44.9624,61.4665,49.7312,71.228,85.6166,25.914,20.107,28.0988,32.2852,25.6924,31.91,34.6242,58.963,32.7595,58.5991,45.4338,60.0548,36.8497,41.2449,31.204,26.8427,31.7789,27.0586,37.1476,29.3455,23.736,28.9035,25.0481,26.0688,23.6113,47.4477,21.5682,29.4678,76.5353,39.2591,56.459,80.7558,32.3376,46.0515,30.8969,68.6772,35.005,33.7706,25.4696,20.583,22.3899,18.4316,86.8371,22.1553,19.522,20.5319,10.3041,8.6012,22.3819,40.2862,17.2807,13.3529,16.9149,15.2762,3.0659,24.3072,10.299,26.6671,19.4154,25.3478,28.0017,7.577,15.6153,27.9553,22.6879,20.0931,25.6337,20.7038,26.0645,26.0645,20.583,22.3899,18.4316,86.8371,22.1553,19.522,20.5319,10.3041,8.6012,22.3819,40.2862,17.2807,13.3529,16.9149,15.2762,3.0659,24.3072,10.299,26.6671,19.4154,25.3478,28.0017,7.577,15.6153,27.9553,22.6879,20.0931,25.6337,20.7038,26.0645,26.0645,26.0645,26.0645,26.0645
116,36.610374450683594,29.40491485595703,25.750869750976562,40.61542510986328,21.293289184570312,24.73041534423828,21.909767150878906,9.904159545898438,8.857551574707031,25.315155029296875,25.04230499267578,25.496498107910156,29.70514678955078,24.286766052246094,20.930686950683594,24.693992614746094,27.201942443847656,25.480224609375,29.231849670410156,35.377174377441406,37.944305419921875,30.737892150878906,30.735244750976562,41.915870666503906,31.515090942382812,73.70420837402344,28.771835327148438,38.64899444580078,31.868942260742188,44.706878662109375,31.426193237304688,28.31291961669922,30.209503173828125,28.411514282226562,32.42057800292969,33.630592346191406,29.7623291015625,77.47389221191406,34.848785400390625,47.508026123046875,32.01678466796875,28.45630645751953,71.65989685058594,46.763092041015625,18.249679565429688,16.0025634765625,23.449508666992188,27.914939880371094,24.557159423828125,18.670303344726562,26.10138702392578,33.546966552734375,31.538612365722656,18.1447,21.4705,14.7217,-13.2714,20.9133,36.8485,12.8556,22.3108,18.538,41.635,17.4759,7.4511,3.5908,16.3858,12.9892,16.5172,75.4541,21.6315,-8.8551,19.6679,13.7817,18.0898,22.439,15.8636,24.802,33.868,18.2422,16.9513,18.9253,-4.952,10.9326,39.5494,19.6818,32.0086,9.6412,8.8135,23.5523,23.05,22.8807,20.88,18.4904,16.3348,14.6648,12.4625,18.3035,19.2697,20.9501,52.5893,200.1004,38.9444,17.6027,27.8998,19.9233,19.0812,13.7255,28.8397,31.3608,30.7985,17.5672,28.9748,24.0853,82.1621,43.8708,212.1084,42.5759,42.5489,24.1799,17.6829,29.0845,0.6493,67.8516,30.8695,52.8812,27.3544,3.1609,22.7494,25.4696,17.8757,26.4841,31.8567,44.3344,29.1681,25.7372,23.773,34.3035,31.3705,47.7763,56.951,37.6444,34.3272,17.8647,48.2194,101.5558,19.925,29.8924,7.6553,31.216,23.0471,25.4145,25.5444,25.0314,29.691,12.0652,25.9362,55.8878,23.7833,26.6743,41.4554,52.2287,54.1677,32.3462,27.0887,28.8571,28.1743,28.2888,26.1,26.2454,49.601,34.4622,39.7872,36.3609,26.9395,111.7737,25.57,42.6691,31.6605,26.337,30.0172,22.0253,22.4337,23.1815,28.8911,140.0097,160.434,28.6794,23.3398,28.9969,29.1577,122.7007,25.5485,27.0379,27.0832,25.2454,29.1197,25.9621,36.8948,33.5114,56.7706,112.2887,33.4312,53.7982,114.7321,100.3403,27.9829,27.1114,57.9254,30.1362,26.6339,28.462,34.2097,29.7039,48.1633,21.2758,27.486,22.6953,24.4877,26.2133,29.8676,54.3313,56.98,32.4907,30.5503,32.2505,29.8,21.8583,26.0226,25.613,37.7074,25.6639,25.131,33.3687,117.6664,23.9385,54.4849,38.4644,25.5328,25.5161,27.6122,39.1936,24.1307,28.5999,27.8852,35.4389,38.8582,81.9604,30.9732,35.0822,30.3223,22.7297,22.7434,37.7758,45.0834,42.4418,50.8456,84.9755,72.4702,130.4147,206.7188,26.3209,21.7002,43.0683,32.3518,26.1875,35.977,35.9992,109.1867,37.2384,65.2798,59.2646,70.4331,58.8139,54.75,30.7014,31.189,37.969,36.0628,28.767,29.8463,25.0978,29.5746,25.4281,37.7182,37.3223,36.1857,22.0724,55.5284,39.6313,55.2304,50.0373,120.4888,35.3332,150.0864,63.8193,104.6727,69.4454,30.7801,22.7242,22.5934,82.537,16.9611,69.6944,23.2367,20.162,21.2054,8.3356,11.6211,23.7925,38.4411,10.4368,10.978,19.7165,13.1401,9.6707,22.1252,6.4289,20.2753,24.5694,23.1447,27.2431,15.0927,15.841,23.1377,17.5263,17.9775,27.465,18.6312,25.2101,25.2101,22.5934,82.537,16.9611,69.6944,23.2367,20.162,21.2054,8.3356,11.6211,23.7925,38.4411,10.4368,10.978,19.7165,13.1401,9.6707,22.1252,6.4289,20.2753,24.5694,23.1447,27.2431,15.0927,15.841,23.1377,17.5263,17.9775,27.465,18.6312,25.2101,25.2101,25.2101,25.2101,25.2101
117,38.043304443359375,29.438018798828125,32.8896484375,34.46150207519531,19.85223388671875,25.43889617919922,22.392257690429688,7.694007873535156,7.183738708496094,26.657310485839844,22.098251342773438,24.595413208007812,41.20367431640625,24.410247802734375,23.171417236328125,27.12481689453125,43.879493713378906,28.626548767089844,27.66356658935547,40.767486572265625,37.11626434326172,30.024688720703125,33.182838439941406,47.18159484863281,34.02735900878906,78.50250244140625,31.411407470703125,37.64311981201172,31.88098907470703,45.66197967529297,32.02202606201172,26.944297790527344,45.418251037597656,29.24798583984375,31.999717712402344,32.523460388183594,30.48175811767578,96.07026672363281,36.985862731933594,47.88804626464844,35.486412048339844,30.89404296875,45.11957550048828,77.033447265625,19.38166046142578,18.93144989013672,25.61615753173828,31.42418670654297,23.666831970214844,19.615684509277344,25.59648895263672,34.50128936767578,35.10392761230469,10.6668,20.6496,14.6552,-16.0034,31.7304,36.6214,14.1216,18.2076,36.1566,38.3072,17.7361,11.0404,1.3578,17.4797,12.1591,12.0555,67.8176,12.6035,-2.9212,18.1514,16.4573,17.7325,19.7738,15.748,19.4255,33.2434,15.3305,16.6398,18.9451,-8.9916,5.987,68.4186,14.5502,56.7759,13.5987,7.3879,22.9144,21.9305,18.8519,16.7087,22.6855,16.9889,14.9004,13.1411,16.5463,23.3092,22.0944,35.1234,33.3409,45.9734,58.0431,28.3375,19.3877,20.3009,23.6522,25.5515,30.5628,6.8138,25.402,76.1759,23.6963,81.307,72.7265,80.6181,33.3851,32.6458,29.8071,17.5322,17.5472,-1.3032,30.4167,27.7085,50.1717,20.2559,-4.6049,20.951,24.9381,23.8972,35.7756,29.1241,54.9911,29.509,26.7363,28.7181,29.2601,31.1476,39.7715,44.987,29.8684,40.8347,60.2443,70.7404,25.0845,22.7334,24.9925,20.0428,44.2139,22.6446,29.7897,26.395,19.3343,31.3724,16.285,26.1379,30.4688,23.8999,25.2311,42.4546,63.4958,57.0246,35.0256,29.9665,27.2092,28.9702,32.9274,31.9534,26.5709,61.1269,31.8371,36.7227,30.7399,30.6915,118.2947,22.6976,33.1841,29.7781,25.5791,35.2289,22.8967,27.5449,61.6572,29.2406,242.9676,140.9377,29.5013,25.6639,23.0478,32.5645,80.8948,25.8046,26.6292,27.638,29.9767,25.9792,25.3022,32.8029,41.9114,118.7237,30.212,29.6955,47.2648,119.2967,88.2587,28.979,24.9655,54.2625,29.4151,26.5248,52.1159,49.7132,30.0929,95.3647,21.1406,25.8141,16.5141,24.349,25.7816,28.4357,36.8539,246.1157,30.7649,72.6886,38.1331,30.9037,22.2106,26.951,25.6778,31.9536,25.7503,25.2691,26.694,155.046,24.0388,43.6439,36.1485,26.1534,22.7184,26.2144,38.48,76.9428,30.2943,24.8077,27.2363,46.2087,31.2597,35.5877,26.8437,27.6255,22.7692,23.9117,36.0058,53.0391,42.8456,54.7421,69.4765,68.2777,173.3547,92.2465,26.3245,28.9085,32.6609,32.0749,27.538,35.9074,57.2106,166.1337,31.3891,93.3976,63.8787,122.2434,56.7871,60.0997,37.1158,34.6598,42.8337,27.5173,28.2452,38.1352,32.7465,28.3987,28.6538,22.4311,26.4795,32.1153,28.9794,41.7927,36.4035,115.1804,55.417,94.493,38.3867,40.3672,50.7393,75.6572,77.9065,54.9363,22.4936,22.7429,161.9729,37.2548,68.2067,22.319,14.7173,17.1508,10.5523,12.4048,21.906,50.629,7.6634,11.8875,20.7656,13.6171,14.9769,22.7215,15.9445,13.7072,19.6779,22.8786,27.6951,21.5906,14.5536,20.8058,23.8435,23.6928,26.6467,23.1579,34.0461,34.0461,22.7429,161.9729,37.2548,68.2067,22.319,14.7173,17.1508,10.5523,12.4048,21.906,50.629,7.6634,11.8875,20.7656,13.6171,14.9769,22.7215,15.9445,13.7072,19.6779,22.8786,27.6951,21.5906,14.5536,20.8058,23.8435,23.6928,26.6467,23.1579,34.0461,34.0461,34.0461,34.0461,34.0461
118,34.560577392578125,26.21031951904297,27.97442626953125,33.650856018066406,19.74622344970703,25.38611602783203,23.10466766357422,3.949188232421875,5.414222717285156,24.925369262695312,20.24309539794922,20.707427978515625,27.99456787109375,25.68921661376953,23.085098266601562,21.11547088623047,28.45960235595703,25.908401489257812,32.472129821777344,47.50559997558594,40.1417236328125,30.683853149414062,29.18694305419922,38.661415100097656,38.18427276611328,84.64540100097656,28.340538024902344,37.09425354003906,29.154708862304688,44.757781982421875,29.830543518066406,25.658409118652344,120.71678161621094,26.52545928955078,30.715408325195312,30.03960418701172,28.28601837158203,59.468048095703125,43.398536682128906,40.86265563964844,31.683074951171875,62.617919921875,47.120697021484375,43.311805725097656,19.60882568359375,17.23480987548828,23.29625701904297,34.052764892578125,20.782180786132812,17.081153869628906,25.073226928710938,26.73383331298828,37.21791076660156,15.0096,30.1135,17.118,-11.1583,29.4374,43.6049,18.4538,19.1473,70.558,52.299,16.7536,11.669,-8.4152,20.45,8.2864,14.1081,23.092,15.3933,0.367,19.9474,13.3905,17.1466,19.3198,11.5849,14.6639,29.9334,17.3307,16.5075,20.7753,-10.2326,5.9046,26.3338,16.7231,38.1721,16.1086,18.0207,23.1087,20.6757,30.5729,17.1245,29.2729,17.7156,20.6767,14.1455,15.8585,28.4791,19.6142,31.0175,41.3999,41.2564,22.4977,24.697,15.5359,21.5788,15.4532,24.6886,24.3029,15.9213,23.0737,27.0233,27.017,146.638,39.4704,65.9094,32.7945,30.6915,26.5053,20.1879,4.1684,0.8088,26.0867,20.2343,53.9686,43.9909,1.0543,18.6954,25.5966,20.5801,31.6573,28.1564,79.2347,29.0552,23.5577,80.4656,28.1266,25.0559,44.2988,56.9036,93.4737,48.6496,67.8448,23.9782,30.0262,40.3937,35.9569,16.8262,33.9126,23.625,27.1004,22.1414,22.146,26.1616,-1.7666,27.249,30.1105,26.133,23.8684,35.3926,41.4417,45.521,34.0739,32.2913,30.0967,31.2442,36.0142,50.5205,29.1268,39.9302,31.5721,31.21,36.867,124.3213,145.1966,22.3156,42.6936,27.0796,21.8421,59.341,27.5094,24.2275,24.3562,28.3915,141.1204,137.5985,29.425,26.5145,30.2087,140.1378,62.7709,26.1517,27.1144,27.5467,25.7612,25.2782,37.1099,31.5113,33.2128,215.2671,32.8512,27.6858,51.4401,94.0222,69.8273,36.7562,22.0948,39.5418,29.7778,26.7891,55.9548,46.0314,30.1516,35.2206,22.4075,25.4434,22.292,22.8055,24.5239,24.4132,32.2847,51.7024,32.1544,300.0842,45.4027,28.0305,21.8366,24.0682,31.1581,29.2383,24.898,31.0853,70.1936,78.4662,24.531,96.7699,23.3596,25.6992,22.9661,26.1117,38.4466,28.1361,27.0936,25.7595,28.2573,40.6528,29.2367,106.8155,25.9446,26.3341,22.6456,25.1003,32.6344,45.4571,32.3781,53.902,56.3445,91.9955,54.4218,40.2175,57.1025,27.1642,60.6206,29.3185,26.6789,62.3396,59.3282,172.2965,29.8501,50.0302,60.4227,94.75,40.2867,73.9905,34.2712,40.7763,36.3837,27.7843,26.4226,33.3193,51.5995,29.6333,23.124,26.5295,32.0654,31.3253,130.5793,48.137,84.7076,336.048,54.0048,32.1029,28.0433,55.7951,39.4447,28.2732,56.1546,38.5621,22.5555,21.3792,42.6181,86.9332,69.9759,42.4016,15.4425,17.6644,9.4248,19.6175,694.6577,39.942,11.1374,11.2843,101.4567,21.9472,15.9638,23.7205,18.978,17.4668,25.9206,29.9936,34.4409,20.6464,19.0226,225.5314,311.165,21.3093,27.9195,23.7041,48.1406,48.1406,21.3792,42.6181,86.9332,69.9759,42.4016,15.4425,17.6644,9.4248,19.6175,694.6577,39.942,11.1374,11.2843,101.4567,21.9472,15.9638,23.7205,18.978,17.4668,25.9206,29.9936,34.4409,20.6464,19.0226,225.5314,311.165,21.3093,27.9195,23.7041,48.1406,48.1406,48.1406,48.1406,48.1406
119,29.175979614257812,39.12053680419922,29.03282928466797,27.475448608398438,14.69793701171875,21.5228271484375,25.655776977539062,-0.92425537109375,2.1656265258789062,26.65229034423828,15.70843505859375,16.46282196044922,22.825233459472656,17.895950317382812,18.227821350097656,20.356544494628906,40.370025634765625,21.532379150390625,21.81243896484375,33.83802032470703,29.016456604003906,26.661582946777344,28.18628692626953,36.36561584472656,28.322349548339844,86.83358764648438,24.478477478027344,28.941360473632812,25.831024169921875,57.15496826171875,25.7061767578125,24.613975524902344,55.49308776855469,24.341323852539062,25.724166870117188,33.340248107910156,23.67547607421875,50.16102600097656,38.68224334716797,32.43231201171875,25.340843200683594,160.5563507080078,37.295745849609375,44.86011505126953,18.41376495361328,14.310646057128906,21.166107177734375,38.390830993652344,17.907211303710938,15.534072875976562,34.04917907714844,25.332008361816406,41.05220031738281,5.5121,25.9084,23.5822,-6.9623,21.1896,43.5739,20.4868,27.9832,33.6984,48.3875,36.776,12.0936,6.1027,35.0751,13.3134,10.4255,19.0186,13.9177,2.7722,27.5627,17.4996,19.9165,19.7595,12.7718,14.9665,28.1612,22.4462,18.3597,19.1243,-13.0278,-11.7533,24.1466,21.3248,50.259,21.6945,30.0709,21.7245,19.3848,16.6657,33.8974,25.6028,16.5681,17.0242,16.8946,14.8811,24.5855,23.8491,29.4116,25.3974,28.3742,14.3221,22.7324,21.81,24.3343,15.5722,24.013,25.4379,18.5685,15.6837,76.7008,42.5429,34.4329,32.3376,70.25,197.8396,30.2316,26.4818,20.0461,-2.0107,12.0181,23.5835,18.4653,41.3968,20.4737,16.3445,19.3937,23.0856,17.8538,29.2861,23.4285,43.9039,22.9169,21.5324,56.0642,24.7277,39.0576,30.7186,32.9164,18.6156,30.462,48.9375,27.0117,19.8862,25.5648,34.0711,19.7403,26.3903,24.4846,24.7532,22.0191,37.1615,36.0815,18.2492,270.3164,29.2757,25.679,27.2796,31.0662,47.6059,41.0084,28.0906,34.0288,34.9929,28.4933,41.0805,27.8352,31.6061,31.3986,30.9161,31.9069,84.4473,49.5242,157.0564,23.8951,46.5737,22.9025,19.6155,52.5308,22.3762,24.8767,24.3282,35.3834,116.5693,80.3705,28.0111,159.7715,25.4469,111.6685,67.0879,26.304,26.8507,31.4322,26.7231,27.4218,54.5654,31.9166,34.3066,34.9875,30.1074,31.6898,108.833,92.973,38.8236,28.2768,28.3564,38.9294,32.0123,26.892,34.5911,285.9089,27.497,28.909,34.7853,18.1131,30.5541,23.1004,22.46,25.5263,26.3241,30.9592,26.9335,64.8601,48.5534,23.9387,22.5304,23.2709,28.8414,23.9239,30.2696,24.9837,88.5834,26.3897,30.6637,36.7983,45.6994,24.9486,26.1298,24.0433,38.2842,28.0894,25.7301,23.7763,52.539,25.9835,25.223,24.0677,25.2048,24.1185,23.1234,23.3732,63.2246,40.269,24.069,39.1386,48.0956,56.5816,46.5751,44.0545,69.951,30.4036,33.9752,29.1466,28.3919,53.6467,79.7268,143.4126,35.4244,35.6893,76.2993,100.9104,33.3629,57.388,30.0286,31.8577,35.8369,28.8466,24.2621,24.4858,74.3114,36.0827,43.3642,25.2524,23.2946,43.5035,423.5388,31.1245,74.5015,265.8118,115.8091,29.0735,25.3402,45.762,28.159,24.8362,36.2583,41.6497,22.6191,20.6477,63.4978,23.9236,82.7583,44.8231,20.3805,15.7996,10.1094,26.6346,78.1217,24.085,7.4069,18.4547,27.9446,17.4678,18.4433,84.577,17.5885,21.7618,64.1398,37.8893,30.6033,25.938,17.0167,51.1205,57.7371,30.8191,45.7935,37.0395,70.4077,70.4077,20.6477,63.4978,23.9236,82.7583,44.8231,20.3805,15.7996,10.1094,26.6346,78.1217,24.085,7.4069,18.4547,27.9446,17.4678,18.4433,84.577,17.5885,21.7618,64.1398,37.8893,30.6033,25.938,17.0167,51.1205,57.7371,30.8191,45.7935,37.0395,70.4077,70.4077,70.4077,70.4077,70.4077
120,26.432891845703125,26.276016235351562,26.54558563232422,27.90131378173828,13.177230834960938,17.810623168945312,26.60028076171875,2.7239303588867188,4.889862060546875,30.231590270996094,14.623100280761719,14.196418762207031,25.66301727294922,14.422088623046875,12.162712097167969,14.482292175292969,47.314422607421875,20.192840576171875,18.212074279785156,27.12018585205078,23.297515869140625,18.50585174560547,22.095748901367188,30.070045471191406,24.366806030273438,59.350830078125,20.422958374023438,24.31890869140625,22.123130798339844,40.985145568847656,22.748390197753906,20.35589599609375,38.384132385253906,19.081298828125,19.16144561767578,23.957366943359375,21.386573791503906,37.280029296875,30.282012939453125,25.158462524414062,19.682998657226562,50.03364562988281,24.08208465576172,23.98859405517578,12.373954772949219,9.747703552246094,19.803443908691406,28.656776428222656,13.335556030273438,10.723464965820312,26.70061492919922,21.159767150878906,23.96668243408203,12.4261,16.8364,16.8364,9.6396,28.3191,25.0175,20.3666,71.5838,20.0768,62.6225,56.6856,24.3179,24.7069,29.0836,13.1261,9.1593,24.4013,20.9314,44.8735,89.2279,20.1063,22.7023,22.4414,21.8995,18.4664,27.2675,28.855,31.8865,23.4115,-18.9177,9.166,44.2552,24.9801,24.9801,48.0061,165.5961,47.5941,16.6783,16.9075,44.6176,20.9614,18.0852,19.3857,40.3866,15.3272,15.0591,19.0364,25.0538,24.6517,23.4474,12.9737,21.0967,16.0917,23.0168,13.4111,28.4986,40.8616,12.785,52.0203,105.2781,103.8456,27.4454,46.0183,46.0183,22.6794,34.2757,31.8496,16.4961,36.6922,24.2188,21.1519,18.833,42.6969,20.5645,21.4452,143.9291,20.5524,13.5064,24.4817,22.5159,30.496,23.4284,18.3751,37.35,23.9301,28.8996,54.7643,26.8637,30.3754,25.4446,80.5089,43.0751,16.8877,16.689,16.689,20.8896,33.1408,23.41,23.3053,26.9099,32.5838,25.3614,14.8543,27.6185,37.1116,23.3351,26.1345,29.9769,38.4709,34.2923,28.6791,32.7384,30.9288,26.3629,37.1779,26.1963,25.6905,32.5476,41.0566,31.9147,29.1019,26.1341,71.9865,37.2457,37.2457,24.0153,18.5696,25.8729,22.5436,21.1938,22.7713,28.7569,84.8677,30.1486,25.9201,108.6184,23.4675,44.1578,37.2081,23.4547,27.2267,25.2534,25.1108,25.4894,25.9668,37.1339,30.395,36.5577,29.7422,38.5547,51.8351,72.3182,28.6071,46.7705,32.5744,32.5744,32.8534,26.9986,28.3248,29.1326,24.0436,24.015,25.7185,13.083,23.8573,28.4084,25.3372,27.3697,38.5881,44.7302,23.6693,26.7117,27.4231,22.8635,21.9054,31.7106,35.8832,24.5389,21.853,27.4153,30.5585,24.0633,166.1539,21.9812,141.1312,20.2744,20.2744,23.3765,31.3126,28.6269,29.9464,22.8368,27.577,23.767,24.4595,20.4816,25.8505,26.2196,22.5679,25.7523,29.5925,25.7061,24.613,36.6029,36.2064,40.6601,30.466,27.3007,34.8716,26.1086,29.7035,23.8168,25.3487,35.1037,27.6032,30.3654,30.3654,25.2367,40.8342,78.5271,25.7407,47.7069,21.3256,22.9308,21.0758,27.2641,18.3905,19.3175,20.8307,24.3516,47.0166,26.7645,38.1759,51.3604,26.5983,25.2867,48.8655,136.9805,41.8028,34.3107,17.9915,22.2109,19.8827,27.1624,33.4829,92.4218,16.7709,16.7709,13.7181,19.4105,161.6699,19.6964,15.3426,17.0456,10.2788,14.4275,30.6297,24.5388,3.0455,12.7976,18.5469,9.1451,12.1617,25.8564,15.3346,21.8907,42.5155,25.6303,19.669,28.1201,16.1026,26.5242,25.0404,25.5634,30.7114,19.5469,42.1931,16.7709,16.7709,13.7181,19.4105,161.6699,19.6964,15.3426,17.0456,10.2788,14.4275,30.6297,24.5388,3.0455,12.7976,18.5469,9.1451,12.1617,25.8564,15.3346,21.8907,42.5155,25.6303,19.669,28.1201,16.1026,26.5242,25.0404,25.5634,30.7114,19.5469,19.5469,19.5469,19.5469,19.5469,19.5469
121,24.714706420898438,22.006607055664062,9.459060668945312,23.12596893310547,12.075279235839844,14.45068359375,22.88385009765625,1.396240234375,3.1616592407226562,21.606101989746094,11.945999145507812,14.3486328125,19.011802673339844,17.273887634277344,10.464958190917969,17.4898681640625,22.2674560546875,22.794845581054688,14.919944763183594,21.324615478515625,19.076332092285156,15.390167236328125,23.047698974609375,26.748878479003906,21.801734924316406,44.81037139892578,17.965538024902344,22.035316467285156,19.55236053466797,38.68220520019531,21.412376403808594,19.03264617919922,28.034576416015625,17.094894409179688,17.0218505859375,17.352088928222656,18.816558837890625,39.21967315673828,25.134925842285156,24.379898071289062,17.644180297851562,40.34635925292969,20.894935607910156,18.4302978515625,9.954383850097656,8.152923583984375,17.164817810058594,28.510093688964844,11.30535888671875,8.300605773925781,20.46729278564453,19.904281616210938,21.894615173339844,13.2181,20.2209,20.2209,5.5868,52.3984,21.0464,18.2561,22.614,18.8227,49.7253,27.5483,3.3466,15.6133,21.7354,12.3427,9.4795,19.2506,14.3908,30.0665,34.8311,17.9236,16.0818,11.7683,18.2086,23.2203,34.9773,24.9158,21.4377,18.4312,-9.2885,12.3266,26.0936,62.0125,62.0125,38.769,60.6643,20.3172,17.8341,29.1031,20.9163,17.4519,20.4247,34.3716,26.9546,10.6346,16.8565,16.5783,21.8413,37.6757,28.2232,131.8942,25.5221,18.9782,21.4153,11.8696,34.0698,29.1816,10.2242,38.3097,21.9835,45.199,15.8025,31.8017,31.8017,110.5277,23.6282,42.4465,17.8826,31.1043,0.5119,10.7848,20.8548,28.0645,16.986,26.5236,249.9789,16.9966,17.6691,24.4818,22.2043,21.5349,24.5533,19.5476,28.4157,24.2642,26.1619,25.9088,22.9153,34.9248,21.4426,21.5859,18.9511,22.6807,14.0355,14.0355,21.242,39.3068,22.4026,16.4701,25.2021,23.1997,32.2427,21.1307,22.4585,48.7953,22.3758,21.7615,26.1045,31.6948,33.0056,29.8991,28.9737,23.2437,21.1694,23.919,24.4459,19.8308,25.082,28.4094,27.3855,26.3161,59.035,41.3034,28.2706,28.2706,23.7449,21.4147,20.0268,22.3754,17.667,22.6563,25.2703,33.4649,24.3255,23.9152,56.6295,23.399,28.0806,27.1602,22.1861,24.7399,23.9698,21.9152,21.7177,26.0873,54.3077,27.1216,27.6011,26.1126,25.8797,53.0245,41.5769,29.663,61.7893,26.8873,26.8873,27.1012,26.5653,25.0743,22.4358,22.4197,22.8711,21.5202,19.1776,23.3566,27.8568,22.0229,22.4042,88.8644,166.0951,20.6107,22.7253,21.2252,18.3997,19.6122,26.3137,25.317,25.1173,20.5848,24.1189,19.4005,22.4448,168.7061,24.2398,26.0767,18.4862,18.4862,21.6735,19.2487,29.7239,24.0145,18.7049,13.1113,26.495,24.4607,30.1153,20.8892,19.8819,17.2465,20.441,18.8242,17.9734,23.8409,34.6093,25.7686,29.2828,42.0412,20.5049,30.7103,23.3456,23.5089,18.9537,23.522,23.7977,23.6611,24.6938,24.6938,29.6634,24.8074,29.8149,30.9617,29.7166,11.7064,16.3545,14.767,16.3197,10.3226,17.3836,1.1708,42.1428,13.4547,17.8672,19.5219,21.7414,23.3204,19.3558,23.0856,43.7563,25.2908,29.8909,14.2138,19.9473,20.2761,23.7767,47.5278,33.8905,20.7094,20.7094,10.6522,21.6613,115.6184,17.7236,13.8915,22.872,11.335,11.4904,31.6921,24.4854,6.9968,11.3353,19.6616,7.6886,11.7908,23.1035,13.0802,20.8815,25.9746,24.534,18.0133,23.0791,11.7197,28.919,23.7978,24.2027,30.0921,21.2763,45.2646,20.7094,20.7094,10.6522,21.6613,115.6184,17.7236,13.8915,22.872,11.335,11.4904,31.6921,24.4854,6.9968,11.3353,19.6616,7.6886,11.7908,23.1035,13.0802,20.8815,25.9746,24.534,18.0133,23.0791,11.7197,28.919,23.7978,24.2027,30.0921,21.2763,21.2763,21.2763,21.2763,21.2763,21.2763
122,23.421119689941406,17.475624084472656,9.396591186523438,24.36328887939453,9.087432861328125,15.041801452636719,23.142440795898438,0.8861618041992188,0.5214385986328125,18.682022094726562,10.792549133300781,8.682807922363281,15.407089233398438,8.618568420410156,7.661842346191406,14.374717712402344,19.82062530517578,15.888893127441406,13.588493347167969,18.587303161621094,18.36072540283203,13.688247680664062,22.642120361328125,21.30052947998047,20.57373809814453,36.26697540283203,21.984291076660156,21.534141540527344,18.06975555419922,36.70118713378906,19.379180908203125,17.306373596191406,23.447174072265625,17.382774353027344,14.348335266113281,15.669471740722656,16.762222290039062,53.65943908691406,30.35576629638672,22.173782348632812,16.223670959472656,27.28093719482422,18.978782653808594,13.83135986328125,7.878501892089844,6.273895263671875,17.27399444580078,24.042579650878906,11.44158935546875,6.181037902832031,17.225120544433594,19.687225341796875,20.71416473388672,2.8514,13.4666,13.4666,-1.4769,12.8954,23.0076,15.3732,28.7888,42.6502,56.0483,22.9635,-9.6148,-5.3483,17.0511,23.2566,7.9234,17.7731,13.535,15.0874,13.6497,15.681,16.7168,13.4667,10.0269,7.0927,51.072,27.7569,19.1119,15.2194,8.5414,15.3263,18.7409,20.4323,20.4323,34.5774,27.8619,19.547,17.7473,3.6364,13.5016,16.8685,18.7674,30.1568,25.5665,9.3815,12.5658,22.6678,30.4299,172.6808,16.5264,21.7012,14.9764,18.7686,16.5401,11.9808,31.7768,17.094,11.0357,9.0066,24.7872,129.5619,9.0027,23.9101,23.9101,22.6301,14.352,18.6266,13.8619,27.9265,-8.8744,-0.348,18.7566,25.1977,16.44,17.0238,23.7969,12.767,21.9601,19.0626,17.8485,21.0422,20.5753,12.4426,16.1765,31.1231,30.9124,25.5352,26.3369,16.1541,16.5008,19.9756,12.72,17.8052,13.0047,13.0047,18.0458,18.2339,14.4296,6.8122,22.0282,21.9841,31.963,15.5765,42.8519,21.8333,19.0083,19.8692,26.796,20.6579,29.2783,32.0938,30.9105,21.4842,16.8973,23.1192,24.5874,22.9211,87.0511,23.6247,25.7392,49.8691,49.5609,29.8363,25.4303,25.4303,28.3477,19.111,16.7963,21.5107,34.0596,21.6914,24.4147,23.6727,15.5041,20.66,26.3167,22.8059,25.0859,22.1897,20.8456,22.824,20.7024,16.6516,19.9746,26.7114,27.837,23.3055,22.7587,22.0722,21.7588,51.517,35.0807,30.77,57.4677,24.9992,24.9992,25.2756,23.12,20.332,11.5039,20.247,19.0041,32.198,17.8457,20.8166,38.119,18.4689,24.5919,43.6503,24.1519,23.5056,20.2396,16.7294,16.2062,13.037,23.3646,16.3437,16.1121,24.4852,18.2956,18.0148,58.6228,37.2,17.7816,20.6961,13.3234,13.3234,16.3124,-4.6415,23.2028,20.3423,17.7268,14.5128,24.4761,13.5706,32.7182,21.4097,11.9188,11.0306,16.7948,13.6881,20.4562,41.649,44.7625,25.4155,56.9755,93.9052,27.411,23.9139,23.6333,19.8066,19.368,21.9862,46.1508,21.9056,22.1936,22.1936,26.5398,24.4407,27.0892,28.3324,13.8783,13.0154,19.4721,19.0323,24.0037,15.5675,17.4902,-9.7247,22.4706,15.7406,21.0202,17.7285,20.3781,19.2891,8.9174,18.6003,25.7371,28.4198,25.6048,14.2454,23.3939,12.4295,28.6903,34.2513,22.3825,23.9705,23.9705,9.0029,20.3506,45.6094,17.9181,17.2228,20.431,7.943,9.0308,27.2562,19.3535,5.0606,8.7113,18.5344,2.0044,9.0667,21.1391,11.0272,13.5386,21.3669,26.0893,18.0512,25.0942,18.8877,27.1929,26.1343,25.5678,32.9959,24.4203,34.3085,23.9705,23.9705,9.0029,20.3506,45.6094,17.9181,17.2228,20.431,7.943,9.0308,27.2562,19.3535,5.0606,8.7113,18.5344,2.0044,9.0667,21.1391,11.0272,13.5386,21.3669,26.0893,18.0512,25.0942,18.8877,27.1929,26.1343,25.5678,32.9959,24.4203,24.4203,24.4203,24.4203,24.4203,24.4203
123,23.08679962158203,16.197463989257812,7.794464111328125,38.33125305175781,6.470664978027344,15.111541748046875,21.63892364501953,3.014007568359375,2.8987808227539062,25.074127197265625,13.968040466308594,5.9150390625,19.848045349121094,9.400482177734375,5.773345947265625,16.273101806640625,19.18407440185547,12.764785766601562,12.224327087402344,14.014984130859375,17.34461212158203,13.495613098144531,22.38323974609375,19.901939392089844,18.552459716796875,31.732398986816406,19.75616455078125,21.340087890625,18.867721557617188,34.77674865722656,18.06067657470703,15.56634521484375,18.425796508789062,15.230789184570312,13.327926635742188,15.842514038085938,16.304779052734375,31.64769744873047,23.049057006835938,21.84986114501953,16.76665496826172,20.953598022460938,17.356605529785156,14.117179870605469,6.4442901611328125,-0.575531005859375,16.839927673339844,23.48992919921875,9.630058288574219,5.424232482910156,14.19635009765625,19.407920837402344,20.060867309570312,-19.149,9.8172,9.8172,8.8991,16.4961,8.2931,15.2294,15.9169,36.1645,64.5498,49.8723,-11.9324,-44.8755,17.4821,18.1367,2.2251,16.5947,25.6052,20.1996,6.3433,43.1282,13.8694,18.7881,13.9637,1.0119,24.5955,22.1188,17.8686,17.7241,-18.0237,7.302,36.8536,11.9008,11.9008,32.8962,32.4494,19.0647,15.6695,10.3441,12.3997,17.481,13.8681,16.7975,23.258,9.4769,10.0844,17.3262,9.4741,27.7437,11.3591,20.7688,12.6474,19.1437,11.8592,6.7584,21.0575,13.2892,5.7387,-10.1342,31.5192,18.2228,-0.7611,11.9918,11.9918,20.1649,23.376,16.8021,8.9081,31.5802,15.5512,-19.5868,16.002,35.9501,15.9768,20.2432,23.0219,7.4539,11.7377,16.2646,13.4088,15.1429,14.7681,7.5035,12.435,13.9185,30.6897,22.8212,27.5956,15.896,11.0984,16.6767,13.0404,17.1923,15.7054,15.7054,4.0168,9.5448,14.2216,7.7438,19.6766,20.8047,31.9512,11.6748,20.8178,18.1456,17.3557,113.5206,24.5466,21.9439,30.2249,27.3363,22.6579,18.0146,14.7839,29.8062,22.3562,24.1918,22.6449,24.6403,21.8727,35.9669,20.9334,27.2253,27.5164,27.5164,21.4461,17.1668,18.7547,19.6684,26.6885,20.0953,24.2719,20.386,12.5038,17.0864,18.8395,26.0128,24.6918,25.7079,19.9525,21.9307,16.9669,14.0031,24.0293,21.0922,24.3784,21.8345,19.1152,28.3844,25.3277,51.8377,25.2884,31.5402,26.0639,19.9988,19.9988,21.5685,21.3608,14.922,11.5307,18.4507,23.7138,40.4901,18.7412,17.9802,17.2107,16.4947,21.6356,21.1952,25.2916,21.2254,16.9717,15.2055,13.273,8.8235,18.1966,14.7589,18.5922,18.7846,17.3721,16.3543,13.6669,40.5343,19.3047,20.1398,13.9175,13.9175,17.6346,0.3174,20.0652,19.5527,16.1418,19.7118,17.314,13.2565,34.6343,14.7397,18.5177,15.0804,19.1294,16.1865,29.1579,51.9567,63.7787,21.5914,118.0272,21.9809,20.0124,20.2888,22.5089,11.7352,16.8932,21.655,22.1397,20.1787,18.6349,18.6349,20.0581,26.2701,18.715,28.9053,18.2137,20.7213,17.639,18.9088,28.8219,20.5039,21.6656,3.6128,19.1711,16.2857,16.5766,20.225,5.0168,12.5705,10.8196,23.9817,23.1048,16.4525,20.0929,13.4416,16.2464,1.0126,52.0508,21.0887,20.0273,22.1761,22.1761,14.3362,68.4154,49.4032,15.7093,12.7784,19.1919,7.6258,7.4314,39.1575,9.4851,8.2558,9.9646,17.3438,5.7854,-9.2763,18.2246,4.9351,11.9669,16.0492,30.6926,18.39,25.6083,15.6949,25.539,22.409,25.9775,31.2963,24.9154,35.9829,22.1761,22.1761,14.3362,68.4154,49.4032,15.7093,12.7784,19.1919,7.6258,7.4314,39.1575,9.4851,8.2558,9.9646,17.3438,5.7854,-9.2763,18.2246,4.9351,11.9669,16.0492,30.6926,18.39,25.6083,15.6949,25.539,22.409,25.9775,31.2963,24.9154,24.9154,24.9154,24.9154,24.9154,24.9154
124,23.51982879638672,14.346405029296875,9.874191284179688,21.70416259765625,6.673133850097656,16.211585998535156,24.07122802734375,2.6502685546875,-1.6264114379882812,14.977439880371094,10.219345092773438,4.467620849609375,15.119606018066406,9.9027099609375,4.19293212890625,15.792755126953125,52.61796569824219,11.576248168945312,10.966537475585938,11.284439086914062,14.98150634765625,12.774040222167969,19.197532653808594,19.66571807861328,17.377471923828125,30.616897583007812,16.066390991210938,17.558616638183594,16.714561462402344,30.431602478027344,16.766464233398438,14.977020263671875,17.219818115234375,15.311698913574219,12.411117553710938,13.367301940917969,17.685516357421875,30.3787841796875,22.651214599609375,18.439559936523438,16.894363403320312,14.672172546386719,12.479446411132812,16.190322875976562,6.608734130859375,0.7838363647460938,15.298149108886719,20.580062866210938,8.048904418945312,4.531349182128906,14.21734619140625,18.55249786376953,19.596542358398438,3.2747,19.3577,19.3577,-4.8008,8.167,5.0832,29.4451,13.2633,17.5268,68.2381,19.7471,-14.453,-54.8734,15.5459,11.6161,-28.347,15.2457,13.0459,15.9757,-4.596,15.4504,1.0201,14.7967,12.9151,0.4911,13.3868,28.5369,18.0955,14.707,-25.6462,6.9058,19.2218,13.1965,13.1965,21.2799,23.1923,15.2751,13.6623,13.8923,8.9345,9.2519,16.0853,21.6063,22.5685,-10.9307,6.2584,9.6642,10.5764,23.9918,-4.3796,15.9402,11.196,21.9476,7.4354,1.6242,17.4385,0.5356,-5.7612,-14.5859,132.1172,15.1855,-14.4732,4.7243,4.7243,103.7347,10.4156,13.7916,4.3484,23.0016,8.2074,-28.9463,13.1105,20.474,13.1696,18.2883,20.772,0.1202,9.4644,6.7964,17.1674,8.5133,19.3024,-23.5654,8.4503,17.2289,55.2095,19.2912,22.1948,14.1948,11.1904,17.013,13.9426,15.955,14.5433,14.5433,2.5755,-2.9469,15.3972,-14.6843,15.9339,27.0637,21.5779,15.5769,20.9819,6.5418,10.1169,32.3064,20.7372,22.264,26.2819,23.6802,20.1361,18.243,12.6262,37.1771,21.2157,30.1556,15.8616,21.3146,19.0599,29.451,21.6855,30.5834,19.7282,19.7282,19.0294,12.2648,17.9261,18.4664,15.6496,17.3194,21.3027,15.5361,6.1576,14.8286,12.6803,14.3269,22.9153,25.4399,16.3841,19.5145,14.0598,13.7113,18.1486,19.8695,22.008,17.1483,15.3408,28.8944,24.7592,39.1636,22.9289,18.9415,22.7734,18.72,18.72,19.9278,18.5675,11.2339,100.741,15.4156,21.0396,14.5762,19.8666,18.1743,17.3255,15.1457,16.8674,20.8078,19.8493,17.9593,17.9683,13.2344,6.2833,11.7395,18.5826,13.7761,15.4417,20.0083,14.8154,13.7532,13.563,18.4872,18.0484,18.5799,12.7356,12.7356,18.7249,2.2635,13.2619,18.9666,13.6381,12.9775,14.8585,9.3424,12.0305,26.8782,24.8646,9.1259,24.354,26.5515,22.1822,47.6038,33.4409,18.9515,19.3164,20.8889,24.7999,18.0431,22.2077,3.0069,6.7641,21.2548,24.0375,16.1957,18.2923,18.2923,15.4896,22.9381,8.3513,19.4052,15.3152,15.5892,13.7456,13.5703,21.4703,18.8757,21.2338,4.7972,11.2127,16.3065,8.8717,24.7323,14.3671,7.2989,6.9585,12.3907,20.6483,11.5827,24.2673,13.7243,6.1203,0.6081,21.7082,24.3718,15.1453,15.1616,15.1616,16.6582,21.1189,21.3935,14.8755,8.8751,18.1419,-0.1693,9.175,19.2222,2.3963,6.2269,8.8261,19.2067,4.3823,-1.3412,17.6556,7.8077,21.6846,17.9822,21.009,22.021,20.4038,8.1669,28.9166,23.1097,23.0841,24.7198,25.2204,29.6231,15.1616,15.1616,16.6582,21.1189,21.3935,14.8755,8.8751,18.1419,-0.1693,9.175,19.2222,2.3963,6.2269,8.8261,19.2067,4.3823,-1.3412,17.6556,7.8077,21.6846,17.9822,21.009,22.021,20.4038,8.1669,28.9166,23.1097,23.0841,24.7198,25.2204,25.2204,25.2204,25.2204,25.2204,25.2204
125,21.42523956298828,14.735397338867188,9.348114013671875,20.745582580566406,4.975868225097656,14.389778137207031,19.024818420410156,3.2010650634765625,-8.597457885742188,12.91973876953125,9.435523986816406,2.0491104125976562,13.473518371582031,19.037139892578125,2.5635910034179688,12.230133056640625,20.23094940185547,12.20703125,10.273529052734375,12.3148193359375,17.278030395507812,12.5888671875,20.3135986328125,19.568801879882812,16.142837524414062,26.326255798339844,16.872451782226562,18.584854125976562,16.29132080078125,29.965225219726562,16.573638916015625,20.679183959960938,20.12187957763672,17.43360137939453,14.174636840820312,13.860786437988281,18.29047393798828,28.231910705566406,20.110061645507812,14.76519775390625,15.697189331054688,14.109405517578125,9.540573120117188,26.00145721435547,5.431114196777344,0.7339324951171875,14.296165466308594,19.36200714111328,6.256103515625,3.8851852416992188,8.682792663574219,19.970108032226562,19.15979766845703,-14.9353,8.8566,8.8566,-24.8208,-27.6005,-5.6207,9.5928,13.7288,14.9077,32.8242,17.3652,-22.1596,-66.5565,14.1212,0.5185,-28.0841,31.4325,12.5179,14.102,-5.3102,10.8817,0.3541,10.8625,11.4818,-5.015,3.9232,19.2061,18.9203,19.2274,-16.8039,15.4109,16.4798,29.4019,18.4629,18.1026,22.3347,10.2162,22.7915,41.1734,14.2159,9.0291,16.7182,12.2982,20.7549,-23.2548,2.2379,30.8274,8.8716,92.273,9.8828,16.2601,209.7235,20.5388,506.9067,1.5772,18.2731,6.3839,-18.8571,8.0235,17.0362,16.4581,-26.0654,11.8248,11.7584,6.5959,-0.4974,16.5812,16.6221,25.0373,4.4244,-8.6939,15.2917,16.8787,12.0072,19.9679,17.1257,2.5996,15.6971,9.7031,22.7337,16.007,30.7731,-14.4815,-3.262,22.7189,27.6639,14.3726,31.116,15.1421,6.3001,14.8238,21.6818,33.6744,14.3058,14.297,8.3284,0.6494,17.605,-36.961,15.9815,36.1405,28.1572,16.4697,20.8781,1.8827,31.5064,23.0899,43.7506,25.4843,26.1255,19.0089,23.4213,16.0558,12.4936,25.4222,19.3122,28.3189,21.284,20.3797,20.1276,21.105,25.5866,21.4369,24.478,21.0744,15.0412,29.4015,13.1442,16.0966,20.9291,15.5961,19.3469,16.1505,10.142,25.1407,17.82,19.5699,25.7875,19.4909,15.9513,16.9374,9.9594,14.3422,17.7713,19.7553,20.2469,17.0126,13.6058,29.0831,29.473,30.661,29.8894,26.3637,127.8209,31.1901,18.9083,21.1016,19.7651,8.3825,65.8211,12.9258,19.9522,21.9209,18.1102,36.7746,15.8987,15.7388,24.9028,24.8209,20.2098,20.2371,19.3127,15.8259,11.5056,17.1207,20.0805,14.6983,21.0323,27.5886,15.1972,13.2828,74.1275,18.6858,15.3751,18.7908,19.5499,14.1819,17.1127,11.5419,9.4253,19.3171,11.956,14.0312,6.4831,-8.9531,-5.5746,26.9259,23.1746,14.1701,26.1325,17.9502,46.5009,19.0585,39.9259,21.0288,40.9866,21.0879,15.4198,19.3267,21.3852,8.2823,6.3735,59.8055,20.9315,12.4111,15.2612,14.5437,23.1708,19.7644,21.8964,10.9264,16.6517,12.5265,6.992,14.4783,12.6846,19.2006,18.3619,6.1935,8.267,12.9322,10.7058,15.6764,-0.5662,9.2152,2.4444,13.3218,16.6382,17.2037,22.1497,16.3127,2.9741,7.0352,37.0042,20.7286,6.0568,14.7695,20.0523,45.9395,10.3445,25.3934,11.3846,5.5858,14.5417,5.5817,6.2738,18.2164,-2.2201,-8.5491,8.2988,17.1605,1.9601,1.2949,15.9952,7.9344,8.9716,2.9345,19.8099,22.3542,18.069,5.6377,27.1809,29.8412,28.1894,24.53,23.2157,26.7494,14.7695,20.0523,45.9395,10.3445,25.3934,11.3846,5.5858,14.5417,5.5817,6.2738,18.2164,-2.2201,-8.5491,8.2988,17.1605,1.9601,1.2949,15.9952,7.9344,8.9716,2.9345,19.8099,22.3542,18.069,5.6377,27.1809,29.8412,28.1894,24.53,23.2157,23.2157,23.2157,23.2157,23.2157,23.2157
126,20.554214477539062,14.931526184082031,13.585372924804688,16.672866821289062,6.167488098144531,10.932243347167969,18.05048370361328,9.896217346191406,-10.97650146484375,11.764617919921875,7.205329895019531,0.01493072509765625,9.007438659667969,9.588821411132812,3.9242172241210938,12.22674560546875,25.308929443359375,10.155258178710938,12.237991333007812,13.920516967773438,15.385162353515625,11.87939453125,16.65106964111328,17.815162658691406,14.914634704589844,25.448455810546875,17.518089294433594,19.25909423828125,15.576454162597656,27.074844360351562,14.986373901367188,16.375656127929688,18.41217803955078,14.209144592285156,13.837295532226562,11.034576416015625,15.130584716796875,22.105758666992188,19.83515167236328,11.260238647460938,12.797119140625,17.360992431640625,9.868560791015625,19.078811645507812,8.356704711914062,2.4480209350585938,15.959823608398438,18.20012664794922,9.977500915527344,4.948356628417969,5.62713623046875,18.73529815673828,19.281150817871094,2.563,12.1722,7.7789,-25.0334,-27.3747,-2.8371,9.5731,14.0312,34.695,39.3816,16.3074,-23.7935,-62.3286,13.513,1.3014,-24.941,28.6996,10.3186,16.3416,-14.9489,13.7487,-1.7785,15.7712,9.5611,-7.1335,-6.0541,21.4675,17.5101,17.9649,-27.198,11.8004,7.8428,4.8474,7.07,12.7033,18.8754,9.1003,14.0265,9.0808,12.1552,8.5912,11.4708,-6.6751,18.3014,-17.3566,9.1871,5.3525,8.4415,22.9393,8.9818,15.3792,10.609,22.2655,353.6005,10.4712,21.2625,6.571,-16.1838,4.1729,38.017,16.8932,-31.9481,31.7936,31.7224,11.3484,35.2321,14.0516,16.1819,14.3347,1.4691,-21.534,13.3918,17.5964,20.1915,19.0655,17.734,2.5613,21.8284,2.3402,10.9578,23.719,17.8751,-15.6829,-0.622,18.6978,27.3374,8.7647,28.7751,14.693,9.3527,15.2326,21.7476,15.6108,13.5383,13.6432,0.6246,6.0376,19.2066,-6.032,15.1812,31.8725,18.2746,16.3923,22.0045,1.173,22.3115,24.4911,13.8933,22.0483,21.9387,25.4945,21.6581,16.0957,12.7403,22.1217,18.5308,177.335,26.5349,282.9165,19.8834,20.9684,36.0457,22.0638,22.9127,21.7436,15.5658,18.6267,12.2703,13.797,25.1184,12.1906,19.6385,15.1578,11.0945,27.5549,58.5281,26.3625,24.5919,204.6283,56.1969,16.5504,2.5417,11.857,18.1698,18.9978,19.7035,15.8843,14.2149,27.8197,28.6303,31.8911,23.5895,25.3333,22.4111,22.9086,173.1165,20.2574,17.0319,12.8128,26.1045,13.478,17.6573,21.7701,18.7769,20.7315,17.1373,14.4024,18.1294,17.7389,19.3551,19.6291,12.8708,13.5748,16.6983,12.6433,19.5681,16.4773,20.7217,17.8235,14.9851,14.677,-0.7288,16.8321,15.5652,18.6485,19.4683,11.2005,10.7261,6.6305,15.1429,19.5307,11.3156,8.429,-16.9384,-3.0817,-18.2436,8.255,15.7744,15.0151,17.259,18.5303,24.4705,-4.1899,22.268,18.9076,49.0186,14.2521,16.5663,16.8721,19.4369,12.3648,15.773,25.4728,21.042,12.0254,32.1272,15.4702,20.244,7.744,20.4721,7.2189,17.4083,4.9209,16.6957,12.517,-5.6139,15.6428,10.9186,-5.854,1.9139,12.8112,5.597,20.4785,10.0553,6.8701,7.4128,11.3847,12.0573,16.7731,25.252,9.0935,4.4434,2.4841,29.2501,14.993,-13.2418,6.215,24.0892,24.3605,37.1196,22.1256,13.7386,19.4622,12.8045,11.6624,16.7957,20.7866,-4.2222,-12.0583,11.8137,17.9464,-4.7091,7.5741,15.8826,7.5323,24.8435,-2.6758,20.4583,33.1376,26.2564,17.4768,26.0582,43.6998,25.7228,24.7317,25.22,25.22,6.215,24.0892,24.3605,37.1196,22.1256,13.7386,19.4622,12.8045,11.6624,16.7957,20.7866,-4.2222,-12.0583,11.8137,17.9464,-4.7091,7.5741,15.8826,7.5323,24.8435,-2.6758,20.4583,33.1376,26.2564,17.4768,26.0582,43.6998,25.7228,24.7317,25.22,25.22,25.22,25.22,25.22,25.22
127,20.627731323242188,17.60492706298828,16.993507385253906,16.353561401367188,6.8924713134765625,12.498870849609375,15.8096923828125,10.084304809570312,-10.657310485839844,10.935935974121094,7.254585266113281,-0.781097412109375,5.685585021972656,7.0116729736328125,2.9427337646484375,11.244415283203125,27.379684448242188,8.6298828125,14.681358337402344,3.4530181884765625,14.259559631347656,11.116340637207031,21.737831115722656,16.209259033203125,14.605705261230469,22.42414093017578,16.53179931640625,17.982696533203125,15.266387939453125,30.664344787597656,14.960075378417969,16.09111785888672,12.398902893066406,14.433441162109375,13.976585388183594,10.650283813476562,13.225143432617188,19.708358764648438,19.244583129882812,13.839401245117188,12.152259826660156,19.432327270507812,6.687507629394531,16.66468048095703,6.39385986328125,1.1826171875,18.460952758789062,16.896263122558594,6.5254669189453125,6.3369598388671875,6.12158203125,17.004737854003906,18.566848754882812,5.7508,8.8318,8.3993,-22.5845,-18.1776,6.899,11.1264,16.5413,28.2342,21.6373,15.6956,-22.7252,-74.1836,11.3203,5.8747,-22.2663,16.8837,9.6539,17.2666,-11.9678,19.7763,-1.0455,18.1272,15.8239,-8.8464,-0.6222,23.0064,17.6446,16.0338,-20.0646,-3.7167,-0.0177,10.6447,6.1264,9.9546,17.5718,13.1048,16.598,3.4501,11.6193,4.4981,17.3676,-10.3119,17.3368,-25.1662,4.5212,8.9807,10.4996,19.184,7.1767,17.3147,10.2987,18.2735,245.9522,6.6026,23.3107,2.8922,-23.9044,1.8551,49.2222,14.846,-34.0706,20.5252,19.9012,12.1717,17.2862,10.8834,12.1166,20.0187,-13.3714,-11.4837,13.0504,17.2988,25.967,19.5407,14.5093,3.4304,14.5365,11.5855,-11.275,-8.0976,-1.5947,-39.1559,-10.1979,14.224,9.834,-16.8797,24.4977,14.9523,9.9435,14.8445,22.2612,14.7648,18.957,11.5916,-20.4726,0.7977,12.9704,-34.9249,13.5532,30.6551,37.1018,15.3534,21.8086,-2.8722,23.4929,16.6511,20.4789,18.8207,17.2756,15.8651,22.3073,16.971,12.7227,19.5216,18.6708,36.1281,19.6103,68.1013,17.808,14.0275,28.9217,17.8901,19.8192,18.0859,12.67,10.8833,10.3327,13.0173,22.1985,14.0843,18.5948,14.369,9.7629,20.1534,19.5035,21.3272,22.1736,49.6067,34.2319,15.9725,8.8419,12.7886,17.454,19.2169,19.613,15.0553,14.9854,26.3667,25.7216,37.7709,19.5914,23.5132,23.9557,21.8612,36.1773,18.1919,17.9745,8.9515,9.5064,13.6431,14.7407,21.2118,18.247,20.7632,17.4434,15.5968,14.0552,21.4264,18.7201,19.6272,2.2168,13.8211,13.1689,15.3006,13.9183,16.5143,19.527,19.1967,11.3226,26.5092,-0.6288,13.0489,15.7444,18.307,19.348,10.1311,11.3896,14.5053,18.5339,19.9198,11.7915,6.6945,-2.1618,-0.7815,-26.4868,14.0505,12.0642,8.0448,12.5221,18.9033,23.2343,16.5515,21.778,17.2626,51.2422,16.3672,16.3485,15.6254,20.2396,12.6868,17.4025,22.686,21.0499,11.4522,25.7789,13.7438,20.6423,18.2427,-0.3891,17.0293,17.7457,6.5456,22.9911,12.3237,2.7247,15.8583,11.8574,3.7842,6.6135,15.8849,1.3651,20.1134,6.8808,11.8734,6.7666,11.1623,10.1167,18.5101,19.9938,10.1018,-0.3291,1.2287,21.9389,12.1628,-27.8814,-0.6784,21.6164,19.8651,12.313,16.5481,11.6687,6.8526,8.6433,8.3341,8.9292,19.118,-12.7086,-17.707,13.6283,20.5565,-6.9364,1.4613,13.1274,10.0716,24.1238,1.7809,19.4727,38.256,32.9372,10.8176,23.3728,37.4883,20.1492,25.1211,21.9072,21.9072,-0.6784,21.6164,19.8651,12.313,16.5481,11.6687,6.8526,8.6433,8.3341,8.9292,19.118,-12.7086,-17.707,13.6283,20.5565,-6.9364,1.4613,13.1274,10.0716,24.1238,1.7809,19.4727,38.256,32.9372,10.8176,23.3728,37.4883,20.1492,25.1211,21.9072,21.9072,21.9072,21.9072,21.9072,21.9072
128,22.03607177734375,18.54944610595703,19.500640869140625,17.248374938964844,6.233245849609375,12.306709289550781,16.105743408203125,13.909767150878906,-8.643753051757812,12.597061157226562,9.358146667480469,-0.33022308349609375,11.174072265625,9.382240295410156,4.772987365722656,12.528541564941406,21.50695037841797,10.366844177246094,15.2603759765625,0.8746337890625,12.757369995117188,12.483940124511719,21.767738342285156,14.130973815917969,15.828750610351562,20.063674926757812,15.897918701171875,16.95886993408203,16.816322326660156,27.123924255371094,16.803329467773438,17.1783447265625,8.555076599121094,14.60662841796875,15.578422546386719,11.743141174316406,16.238075256347656,20.366622924804688,20.300506591796875,16.338035583496094,15.342689514160156,17.469650268554688,10.056312561035156,18.448837280273438,8.227592468261719,5.2582244873046875,21.423080444335938,17.543190002441406,9.531181335449219,9.041175842285156,8.32373046875,18.133636474609375,19.03376007080078,11.2812,9.2234,9.8577,-20.6482,-6.2901,7.499,11.9692,15.5874,23.075,19.5823,14.4473,-13.6894,-48.3574,14.9068,2.6161,-27.4309,16.5394,12.7247,17.3293,-7.5303,24.3658,1.2036,20.0513,17.9148,-11.1216,-12.1335,21.9271,17.5106,13.9197,-10.6589,7.7856,13.8627,10.3426,6.4387,8.7504,16.5706,12.4295,14.1408,8.7461,12.5862,10.8243,17.3704,3.6224,17.0931,-14.7018,5.6767,12.497,5.2387,12.402,8.7402,17.0169,9.0774,17.6879,385.7985,-1.0031,19.7409,8.8732,-13.2801,-5.7569,21.5026,15.1266,-33.6757,3.1806,34.5524,12.3987,19.0188,10.8958,13.7432,13.5206,-10.0626,5.094,8.2267,17.6996,22.3704,25.0687,14.1189,8.3122,14.6443,12.4552,2.6268,-14.3659,-11.3277,-37.7098,-20.6939,2.5038,11.2733,-30.0895,15.6805,16.2351,11.3136,14.1489,14.347,16.6388,15.2519,12.2004,-23.1131,4.4522,12.76,-44.3517,12.1323,27.7686,29.4473,17.6392,21.114,1.5429,6.4766,13.0551,19.0606,8.6932,15.9633,15.8346,17.4228,17.1929,13.2204,13.9184,18.5134,42.3175,20.8796,40.7573,18.8397,21.0159,29.6301,14.0389,18.4091,17.2234,15.0214,16.0127,10.1462,12.3937,14.7817,12.7904,18.4722,13.5238,8.5128,16.9273,27.0548,14.0244,22.6693,34.4149,19.352,17.6189,5.4349,12.3427,17.3002,19.9426,19.9143,14.6296,15.0544,20.2872,25.8543,27.0167,23.3319,13.5401,22.6129,15.6111,18.3249,16.9508,19.0923,9.2578,8.7287,13.5648,17.2675,18.9703,17.5799,20.5207,17.2936,14.7241,15.2436,17.2712,18.3216,17.9383,-0.3854,13.5637,15.9002,12.4105,15.9766,14.2848,21.1691,16.2391,12.915,16.3016,-1.01,10.0074,15.1789,17.6594,19.0728,8.4092,11.9296,14.7622,18.6303,18.2864,12.5674,7.4137,-3.4505,-0.7406,-7.0282,7.8011,10.9228,4.5422,17.2072,19.5092,18.4714,25.7726,20.7647,15.9535,34.4958,16.5829,16.9002,9.9464,19.7819,15.5657,19.6512,22.2264,21.7281,10.0922,4.8162,1.5897,15.4025,20.1106,-4.9996,19.1752,17.2908,11.0598,20.4213,7.4048,9.1582,15.2428,16.1809,11.789,7.5198,20.7028,7.4629,23.367,13.8588,9.6999,8.6365,2.4889,14.3172,17.8042,21.5644,12.5526,4.0169,2.8065,24.7148,10.8796,-16.7024,3.9699,22.9215,21.2753,13.207,41.3959,12.4372,11.1845,9.2898,3.96,10.6107,19.4297,-1.6858,-24.4158,14.005,23.0969,0.3023,9.2449,5.5491,4.6698,20.9926,3.7376,20.171,35.825,34.8397,10.0773,37.9221,37.9136,20.9477,24.9713,21.1688,21.1688,3.9699,22.9215,21.2753,13.207,41.3959,12.4372,11.1845,9.2898,3.96,10.6107,19.4297,-1.6858,-24.4158,14.005,23.0969,0.3023,9.2449,5.5491,4.6698,20.9926,3.7376,20.171,35.825,34.8397,10.0773,37.9221,37.9136,20.9477,24.9713,21.1688,21.1688,21.1688,21.1688,21.1688,21.1688
129,23.764633178710938,20.719558715820312,22.50049591064453,19.583831787109375,10.95654296875,14.715225219726562,14.660682678222656,16.25665283203125,-5.90948486328125,13.6556396484375,15.380805969238281,1.7509841918945312,13.124221801757812,11.373664855957031,6.453132629394531,14.671318054199219,17.811607360839844,12.964141845703125,18.416275024414062,2.6250152587890625,14.499382019042969,12.697517395019531,20.693557739257812,14.216514587402344,18.185585021972656,19.711830139160156,16.8280029296875,14.69110107421875,19.167198181152344,31.7435302734375,19.441253662109375,19.78643035888672,11.365203857421875,15.046340942382812,17.924713134765625,14.452011108398438,17.161849975585938,21.44921875,22.269744873046875,15.932083129882812,8.819297790527344,14.819923400878906,13.061355590820312,22.709793090820312,11.028251647949219,8.868453979492188,22.94371795654297,20.093154907226562,12.467453002929688,13.056015014648438,10.629348754882812,20.190078735351562,21.54975128173828,14.7579,17.9709,26.5862,-19.586,-2.5627,7.647,11.9621,13.7304,50.91,15.7,14.0996,-10.7154,-42.3446,15.4216,9.1693,-23.8942,21.2878,23.2998,15.4432,-7.8248,18.6324,13.1963,23.9861,15.1903,-11.086,1.0184,32.509,18.082,17.3754,-19.0489,7.247,12.7822,14.7244,9.5977,8.925,18.4651,19.0717,20.274,9.6314,15.4088,12.7122,15.8212,5.2469,16.729,-18.2451,2.4176,11.2159,10.554,14.4483,14.0733,16.6412,9.4609,18.1555,449.5705,8.7801,15.076,11.2556,-12.7037,-9.5853,11.5794,19.4782,-29.0002,11.7004,77.3418,11.6954,35.1183,13.1537,24.4378,9.7851,2.8276,12.2033,7.7355,18.5151,23.6572,25.5716,14.1223,13.4288,15.0381,15.6602,3.38,-12.9342,8.3004,-29.9207,-2.6383,5.4168,14.4899,-32.014,13.2722,15.5675,12.9576,16.5314,12.2928,15.9724,16.7773,6.2258,-21.2912,7.1463,16.5014,-27.738,11.3117,21.4627,17.9118,17.7613,22.1536,-0.5915,18.3856,4.2748,17.1837,5.4259,20.0258,17.3073,28.5573,17.6164,12.4865,12.2135,18.0217,37.9859,16.7605,23.6364,20.064,25.5537,27.6717,12.9014,13.2995,19.757,14.7168,24.4059,11.04,11.225,11.6609,12.6642,17.5428,13.1588,9.6107,15.4769,18.9206,1.1665,20.3968,21.9558,17.6597,17.9103,10.0096,12.9391,17.5411,21.8438,20.3897,15.861,16.0649,19.2499,26.2231,26.901,19.8915,18.3582,22.9601,14.6706,19.7688,17.3192,19.1964,3.4427,0.0118,13.0814,17.013,18.8092,17.5821,20.6677,20.8676,13.8371,14.7702,15.3623,17.5862,16.07,0.5283,14.5318,15.9731,13.8831,22.7004,15.1821,18.4222,11.4568,16.1483,17.8172,2.4475,11.9959,15.4542,17.2403,19.0513,10.6143,11.1745,14.3952,17.5859,15.0111,15.4631,8.2401,6.234,1.6635,-16.4361,16.2781,6.7973,7.334,13.2395,14.7446,17.4978,13.3114,31.1848,16.8659,43.6747,12.7113,23.6449,11.6552,19.3403,17.6007,20.6227,21.188,20.5756,15.1922,14.9344,-17.1073,13.4071,15.5326,-4.4265,8.6169,18.3369,15.9685,18.5941,12.9071,26.2695,14.9547,-10.4137,14.0941,0.7374,23.6291,11.5763,22.5712,18.4133,9.0097,9.8287,9.8573,16.2599,13.6749,20.8356,11.6063,9.4424,1.5995,30.139,11.8324,-17.9549,6.2715,20.1922,31.0358,16.7234,15.6607,12.7109,13.4425,9.1053,7.1512,11.9878,19.598,0.1732,-27.755,16.1871,27.006,-10.9103,11.7291,10.7599,-0.746,16.2955,5.4606,22.1826,32.752,30.5126,6.9752,23.9741,35.0686,20.7851,27.3346,23.4588,23.4588,6.2715,20.1922,31.0358,16.7234,15.6607,12.7109,13.4425,9.1053,7.1512,11.9878,19.598,0.1732,-27.755,16.1871,27.006,-10.9103,11.7291,10.7599,-0.746,16.2955,5.4606,22.1826,32.752,30.5126,6.9752,23.9741,35.0686,20.7851,27.3346,23.4588,23.4588,23.4588,23.4588,23.4588,23.4588
130,24.94416046142578,17.727996826171875,23.982017517089844,21.940216064453125,10.450843811035156,15.384658813476562,15.069557189941406,19.804290771484375,-4.644783020019531,16.164588928222656,15.197006225585938,6.328590393066406,12.513641357421875,13.289230346679688,7.532295227050781,17.819297790527344,16.57062530517578,14.341751098632812,18.316497802734375,2.7431869506835938,16.993850708007812,10.039169311523438,20.98883819580078,14.738571166992188,20.024612426757812,20.17841339111328,18.115264892578125,14.014045715332031,20.550498962402344,31.76434326171875,20.858428955078125,21.341873168945312,11.455291748046875,14.058746337890625,19.715499877929688,17.174537658691406,18.51923370361328,23.330238342285156,23.738182067871094,16.076217651367188,8.145454406738281,20.000213623046875,19.717140197753906,21.435562133789062,13.010551452636719,12.299606323242188,26.150741577148438,21.478492736816406,14.611740112304688,17.0439453125,13.089157104492188,21.14246368408203,23.14562225341797,16.6426,16.8733,28.098,-19.4773,-28.0509,12.2538,17.2018,13.9011,58.513,11.4913,12.5387,0.3428,-29.2773,23.229,13.4934,-7.4863,21.1554,15.2541,17.2939,-6.6098,19.0466,16.4246,29.2847,14.8962,-0.408,43.5422,24.5786,23.7652,20.5323,-14.471,8.8971,5.7234,24.3197,8.6377,16.7277,22.3987,23.278,14.4611,10.8011,18.0075,29.4535,20.4079,7.2014,18.9881,-16.3743,-0.1795,19.1844,39.2918,19.5151,15.4534,278.6624,10.1372,20.9415,81.2529,15.4771,32.1189,14.8794,-15.4888,21.3322,9.1539,23.9892,-19.5815,21.3949,154.8465,19.7135,13.7201,13.563,29.1189,1.4729,10.7368,12.7074,14.7678,18.5875,18.1678,24.4202,14.7211,16.6278,20.8613,17.7962,-7.7318,-13.9102,12.6786,-23.1987,8.9963,15.2684,19.3082,-24.3009,15.8495,16.5564,14.124,22.5299,15.9921,23.9679,19.4506,-5.6364,2.5904,12.2029,15.4314,-7.5891,11.5847,36.3987,16.8772,23.8031,23.0459,-9.3252,20.2916,10.5331,18.6645,4.2729,26.6593,13.0504,28.7826,18.9932,13.5348,-1.3413,17.2725,21.1037,16.9862,66.9366,20.1761,31.6578,16.0229,10.1607,14.4112,23.9902,14.3408,18.8085,4.6569,6.5695,10.8246,10.7736,17.3168,13.387,11.4418,18.6078,22.7581,-4.178,25.9916,15.6136,17.2384,18.186,13.2505,14.3856,16.7055,22.0025,21.528,22.3376,18.5518,22.3718,22.6705,30.5978,23.994,24.1971,22.7671,16.5931,19.6219,18.3482,18.7894,6.6193,8.294,15.2204,21.3382,21.7706,19.4677,21.3982,22.1049,14.5688,26.8059,15.7431,18.0084,15.3233,0.6558,17.7621,17.368,18.1702,26.9108,16.6668,22.2699,4.7413,19.3149,19.3289,13.1081,13.7462,20.8576,17.6874,18.7976,10.5182,17.1058,18.372,22.8776,17.3205,15.1214,12.4512,21.1523,13.5711,5.9405,28.438,9.95,14.317,12.4971,22.987,21.2373,11.6192,40.8829,21.5166,33.5334,14.3546,26.8558,13.9841,20.1459,19.9959,20.9469,20.257,19.9457,16.7859,23.5933,10.6446,18.0393,20.7646,-4.3769,3.9102,19.0234,12.4391,26.8064,18.5102,36.1506,19.7978,-13.9612,18.4078,6.4507,29.2101,15.0662,36.4707,15.7424,13.5092,12.5732,16.6161,23.7843,13.9669,26.6063,11.5301,17.5159,11.0269,31.8307,19.2078,10.5745,2.6705,26.382,20.7321,39.21,16.2723,16.037,13.5102,7.7672,-0.3762,11.8079,23.19,1.0742,-11.7145,20.584,25.5011,-12.6284,16.0967,-0.3283,-6.3415,13.7943,7.6889,24.1685,30.2038,35.7714,11.0371,23.9048,30.7937,18.5274,28.4957,21.6066,21.6066,2.6705,26.382,20.7321,39.21,16.2723,16.037,13.5102,7.7672,-0.3762,11.8079,23.19,1.0742,-11.7145,20.584,25.5011,-12.6284,16.0967,-0.3283,-6.3415,13.7943,7.6889,24.1685,30.2038,35.7714,11.0371,23.9048,30.7937,18.5274,28.4957,21.6066,21.6066,21.6066,21.6066,21.6066,21.6066
131,26.633056640625,16.810409545898438,26.50342559814453,23.338104248046875,9.969184875488281,17.13005828857422,15.736175537109375,21.316925048828125,-5.9174652099609375,18.82994842529297,17.026390075683594,8.867950439453125,9.593902587890625,17.8447265625,8.936920166015625,19.968223571777344,15.74859619140625,16.717605590820312,19.19792938232422,-0.24167633056640625,16.69226837158203,11.486152648925781,23.426856994628906,4.947364807128906,21.397804260253906,19.915306091308594,9.951911926269531,16.96044921875,21.679786682128906,33.74219512939453,21.21656036376953,20.224342346191406,12.270095825195312,11.944053649902344,20.426498413085938,8.784294128417969,20.612884521484375,22.924636840820312,24.2247314453125,16.474937438964844,9.819129943847656,20.28387451171875,18.95307159423828,20.052566528320312,13.785270690917969,13.809883117675781,25.473098754882812,23.250350952148438,59.49174499511719,19.474136352539062,17.382286071777344,21.770584106445312,25.29266357421875,39.4772,20.2058,20.94,-25.7727,-19.7307,15.3863,27.7015,29.1476,87.5116,14.2998,20.0767,3.8678,1.7077,25.6308,23.1992,-20.6044,16.7233,17.3496,21.3242,11.5911,30.4779,17.0589,21.7023,33.4245,5.289,11.8785,21.5731,29.9797,15.8354,7.6872,7.9703,-5.76,40.2702,11.2475,27.5004,30.6817,31.1881,8.1982,22.633,15.5737,27.4109,33.9325,27.5248,19.6868,1.3262,3.1742,53.7165,22.4464,23.7916,14.4343,23.0024,13.781,24.495,9.0566,17.4769,60.099,16.1544,-1.2058,15.1322,3.2135,25.795,-29.7552,31.6171,77.1128,40.2585,-33.4205,14.7787,12.8555,-30.1757,24.579,13.1635,11.5341,18.0752,18.0042,27.1417,15.233,16.5551,19.8781,20.1756,-29.1442,-27.7012,4.6288,-7.3941,16.2914,26.8186,22.0669,-29.8714,10.9966,15.4121,17.5735,20.1032,16.7411,25.9386,15.925,-1.1054,5.1065,11.9605,15.5889,5.1361,11.6589,18.0762,22.7785,21.3736,22.1194,-11.3405,19.0161,12.4754,4.72,-27.6095,26.3444,11.6011,22.2791,20.4898,14.0136,-7.7831,16.6347,18.2977,16.2013,20.4751,21.6473,25.6566,9.9347,6.4138,18.975,24.5875,16.6987,14.7628,1.4542,3.9132,-16.0918,11.9464,17.1154,14.4789,11.9462,21.3601,18.2767,6.548,22.9168,19.0673,17.5469,17.8459,13.5976,15.9585,17.21,22.4029,22.0062,20.052,19.8481,22.5961,16.6549,27.6004,22.6181,27.4466,19.4003,13.0558,17.9939,16.5239,16.8288,12.7821,13.1311,14.8687,17.847,21.1125,19.3095,14.3117,20.8748,15.1673,28.141,13.9722,18.2506,6.0477,0.001,20.1091,18.1805,18.7033,28.6296,20.4521,20.0593,-1.2885,23.5683,20.5608,13.1436,13.99,20.7367,17.4855,17.9925,4.502,20.2712,20.3193,20.172,17.8344,15.2332,-17.867,10.5045,18.9701,14.9549,25.33,16.9287,14.1905,15.8736,22.2684,24.1554,18.0236,44.7257,21.1336,32.5651,14.4735,26.0306,16.1837,22.0454,22.2705,26.1431,18.6472,19.6911,21.6975,30.106,27.6291,23.0637,22.3086,18.0335,4.5128,18.2985,18.1642,25.0062,25.6173,31.8776,23.5936,-6.8224,22.4121,16.2241,40.267,41.0482,43.7046,25.9419,18.6138,38.6084,25.4832,39.0681,23.5312,23.2509,15.832,15.6841,21.6447,40.4845,24.048,17.5006,12.051,32.3465,17.4603,78.6559,20.5562,17.139,147.2428,12.7667,1.2671,11.1241,33.2106,7.2885,8.1694,23.8467,39.1008,-7.939,16.1096,7.3812,0.374,15.4506,17.061,26.5615,21.8289,28.8582,10.6376,21.6195,35.556,19.0076,36.508,26.9197,26.9197,12.051,32.3465,17.4603,78.6559,20.5562,17.139,147.2428,12.7667,1.2671,11.1241,33.2106,7.2885,8.1694,23.8467,39.1008,-7.939,16.1096,7.3812,0.374,15.4506,17.061,26.5615,21.8289,28.8582,10.6376,21.6195,35.556,19.0076,36.508,26.9197,26.9197,26.9197,26.9197,26.9197,26.9197
132,29.17517852783203,15.218765258789062,24.49671173095703,25.19976043701172,7.781791687011719,17.37726593017578,16.4697265625,23.356399536132812,-3.7849884033203125,18.992446899414062,19.659286499023438,13.390815734863281,13.596382141113281,19.545364379882812,6.721435546875,20.40833282470703,19.947509765625,18.220596313476562,19.372940063476562,9.212760925292969,20.19359588623047,13.605995178222656,25.78559112548828,18.998031616210938,22.6895751953125,23.47998809814453,14.538597106933594,21.212631225585938,22.812164306640625,35.16339874267578,22.856529235839844,21.140151977539062,13.400314331054688,16.39710235595703,21.283050537109375,13.916473388671875,21.98834991455078,24.77166748046875,24.57843780517578,20.684890747070312,11.786331176757812,21.06725311279297,24.5828857421875,21.617202758789062,14.192222595214844,16.080360412597656,27.5926513671875,24.151473999023438,31.256629943847656,22.76506805419922,27.585769653320312,22.849266052246094,26.38506317138672,20.687,22.2892,17.8948,-19.2439,1.1436,9.219,24.0183,21.505,37.4273,14.6468,15.0293,16.2529,5.4724,13.4497,10.8717,7.5513,16.2414,22.4316,21.4086,4.3237,43.6283,18.2562,18.4787,26.9361,13.02,16.8388,19.404,34.973,15.8916,10.0753,6.1806,5.5559,25.058,11.8139,15.358,24.7576,19.4617,21.2519,20.0477,11.9196,16.7483,20.4052,22.9345,27.1497,2.4732,-6.5559,43.3591,35.5953,20.5912,11.8706,23.1334,19.362,21.0143,7.6947,6.3816,17.9734,15.4622,6.0681,16.5494,16.1841,21.5594,-15.3537,31.5754,31.5561,16.2408,11.8746,16.2425,21.7313,-13.3425,25.679,17.9335,14.4085,18.3204,17.0503,24.4877,17.1653,18.3368,18.5818,22.8638,-12.2581,1.0603,6.6105,3.186,18.0037,22.3792,24.4674,-22.7775,16.2706,17.6759,22.5615,22.8899,32.9459,43.0651,17.373,3.1697,10.865,11.3125,20.826,14.6202,22.2441,25.1772,27.1136,24.3307,23.1029,11.6042,14.4802,26.4833,11.0602,17.6456,26.9859,14.4247,24.039,22.99,19.7841,14.225,18.1342,27.5302,22.6657,22.4315,24.2512,38.8286,22.0156,15.8625,21.5999,25.9803,21.254,13.7917,8.5689,9.6381,0.7622,26.2845,19.4273,18.1838,16.8416,23.5559,19.7338,15.0347,19.8332,20.9958,15.4493,21.5212,16.9166,19.1847,18.1,29.8975,27.7507,19.5614,20.2568,24.1656,21.5986,31.4828,22.6531,25.7742,20.8133,12.6838,19.8394,18.7681,19.4968,14.4439,12.7787,16.805,17.3629,22.935,20.0598,15.0,21.2886,18.8035,27.9773,16.9114,20.2202,13.0544,6.9858,20.1349,19.8625,19.4901,15.6223,12.6172,17.8237,11.3478,20.6971,19.8272,14.0697,17.7165,21.3037,18.1847,17.4097,8.2713,25.4722,20.0017,19.5153,20.7432,18.7449,-0.4103,-3.8713,-1.8221,11.1258,22.0305,17.3139,14.226,16.45,22.3344,19.0499,18.6847,33.5536,17.7838,18.7997,15.6739,23.9561,16.7222,21.9128,20.72,22.3399,18.1824,19.1908,19.649,33.5652,22.4589,24.0706,22.9752,2.2802,14.2341,18.5817,17.3749,23.9987,22.7531,27.0544,37.247,-2.1281,23.9077,26.3685,27.992,124.9482,35.1917,31.7459,16.8328,33.2104,21.8124,98.1475,32.8978,28.3219,17.8414,19.3591,17.9156,38.222,20.2721,21.799,13.9354,25.6121,17.2648,20.6644,19.9554,26.6672,34.7687,17.6281,6.6268,9.9233,39.901,7.8044,16.458,28.2338,51.3379,-4.0197,18.4794,33.1323,8.8116,43.0396,45.5266,30.0019,26.2605,33.2769,18.612,25.5602,27.6184,20.3124,34.8724,26.4862,26.4862,13.9354,25.6121,17.2648,20.6644,19.9554,26.6672,34.7687,17.6281,6.6268,9.9233,39.901,7.8044,16.458,28.2338,51.3379,-4.0197,18.4794,33.1323,8.8116,43.0396,45.5266,30.0019,26.2605,33.2769,18.612,25.5602,27.6184,20.3124,34.8724,26.4862,26.4862,26.4862,26.4862,26.4862,26.4862
133,30.416839599609375,13.992576599121094,25.92310333251953,25.021080017089844,12.948310852050781,18.862464904785156,20.689117431640625,24.66210174560547,-3.7453765869140625,18.829627990722656,19.950584411621094,17.0474853515625,17.908660888671875,20.244125366210938,11.883094787597656,25.183006286621094,18.755393981933594,21.757919311523438,21.523056030273438,14.177886962890625,22.82630157470703,17.785659790039062,23.988998413085938,23.101715087890625,26.285995483398438,26.11358642578125,18.29913330078125,22.86833953857422,25.30547332763672,31.694236755371094,25.323272705078125,24.058326721191406,18.992645263671875,18.75994110107422,25.008514404296875,15.066680908203125,27.38880157470703,28.75792694091797,25.68987274169922,22.81304168701172,10.091873168945312,17.12921905517578,22.16197967529297,24.636207580566406,15.841316223144531,16.070350646972656,24.90563201904297,23.742034912109375,28.230865478515625,21.898880004882812,21.697593688964844,24.606842041015625,26.10736083984375,14.0413,19.5912,14.0948,-20.0621,7.707,10.9747,19.1368,21.5278,40.6605,20.6836,15.1959,25.1865,15.0227,13.1314,10.7864,15.6141,14.3893,19.8138,92.1447,-5.6705,19.649,16.636,16.9786,23.6008,19.3951,15.9693,6.2678,31.7591,12.9361,13.351,18.8464,15.2742,52.5291,12.9252,14.3694,24.4123,11.0082,18.4447,19.6857,16.5023,20.8976,24.2535,18.9207,28.1936,3.8474,7.3479,14.9135,77.7014,20.754,10.1286,22.3414,19.3361,33.029,13.2168,8.1951,20.6486,28.5377,11.4419,13.3734,9.4248,25.4929,1.9473,29.3729,32.9269,21.9814,44.784,24.6425,33.9929,9.9734,24.6621,35.9343,71.4932,22.6021,21.3554,42.1295,27.3425,13.3046,26.8636,34.8371,14.5433,7.2685,8.4782,0.2132,18.9797,34.0557,29.0913,1.4886,20.4142,22.8656,19.9371,27.605,68.0805,37.4492,24.4446,13.8183,11.5335,12.2876,24.5226,16.4301,26.2225,30.8279,18.9348,26.0922,32.0478,21.7897,12.2714,33.7738,27.6783,23.09,22.0848,15.3907,19.0965,28.6141,23.1701,16.323,24.9939,55.9548,26.8609,19.93,19.7492,25.321,20.3359,17.9356,21.8814,26.9359,29.8695,29.9168,12.6734,17.8791,10.3017,32.0121,23.6498,27.8731,43.048,23.8455,29.7284,16.1697,26.6375,20.3507,18.8458,33.0426,20.1542,19.3409,22.6592,27.5012,24.6429,24.1976,23.0929,32.556,243.4217,31.5922,21.3175,24.8136,21.0747,22.9183,24.488,22.0214,23.9186,25.5992,19.2976,19.9416,17.1401,20.8279,21.1081,21.4596,21.0553,20.9402,20.4069,25.0761,33.322,20.2947,18.7104,20.9806,20.1177,17.6838,17.567,13.3048,18.905,15.0911,29.7174,26.0651,20.6796,29.0139,21.3378,21.8174,25.9191,19.2884,24.7848,25.4707,24.9812,25.2726,69.1157,5.9997,3.555,-11.6545,5.0635,23.5742,17.3093,14.0662,28.4207,40.3586,33.3425,23.3836,32.2342,18.7202,31.2032,19.0974,25.7731,18.7778,21.8711,21.6859,22.5804,13.186,19.0755,14.9086,31.1407,12.4351,22.0335,22.4026,21.5544,16.8074,17.1727,17.0034,14.2849,20.267,17.6037,21.5657,-10.22,24.4674,27.6965,24.815,31.6903,40.2621,25.6215,11.2231,30.4519,16.5635,19.3426,24.4097,24.8688,16.324,12.9872,17.2465,19.123,18.024,18.6818,10.7925,20.6816,20.1431,85.5467,18.5309,16.7833,22.5708,16.5519,10.8872,11.7164,34.8878,12.5827,17.9938,21.9901,20.5855,0.4372,14.1257,16.8899,12.0629,36.0299,20.4271,35.6185,20.9192,22.6386,15.3193,20.6023,24.2457,22.9005,36.2504,23.1381,23.1381,10.7925,20.6816,20.1431,85.5467,18.5309,16.7833,22.5708,16.5519,10.8872,11.7164,34.8878,12.5827,17.9938,21.9901,20.5855,0.4372,14.1257,16.8899,12.0629,36.0299,20.4271,35.6185,20.9192,22.6386,15.3193,20.6023,24.2457,22.9005,36.2504,23.1381,23.1381,23.1381,23.1381,23.1381,23.1381
134,29.367294311523438,15.501998901367188,30.178604125976562,25.947044372558594,12.820404052734375,20.019638061523438,21.756919860839844,19.58898162841797,-2.0405120849609375,40.949066162109375,23.769287109375,18.593482971191406,19.40570831298828,21.876625061035156,14.511390686035156,22.54144287109375,20.016036987304688,20.30902862548828,21.955482482910156,17.496009826660156,26.708038330078125,18.68657684326172,28.776931762695312,27.240310668945312,27.04590606689453,28.473922729492188,21.744529724121094,28.19580078125,25.713104248046875,33.40503692626953,26.81934356689453,24.220924377441406,24.965957641601562,21.388458251953125,28.514183044433594,19.74242401123047,26.119796752929688,30.22979736328125,30.75389862060547,27.268417358398438,15.673011779785156,20.061317443847656,86.73014831542969,28.44329833984375,18.73332977294922,17.879417419433594,23.482391357421875,23.812599182128906,26.184791564941406,21.530563354492188,20.771392822265625,29.282493591308594,26.25994110107422,20.9916,20.9156,11.0749,-14.5432,11.4064,12.2824,23.9509,15.5106,27.7018,99.0403,86.3826,23.655,16.267,120.2466,40.4056,17.9043,21.9786,29.3544,24.1676,4.7729,23.6091,17.2401,24.6637,24.4985,21.3669,12.7549,21.3105,27.6546,24.3609,14.5243,18.028,17.7002,31.0824,12.8659,13.052,33.7269,17.3994,23.7575,22.9726,19.0106,18.2221,21.9593,10.7953,32.371,3.9038,12.4216,18.6302,21.1572,18.047,11.0139,14.171,10.5266,20.8521,24.5746,13.1776,24.0871,37.3147,10.7963,18.6803,18.1949,27.296,-0.9701,35.1846,38.8284,23.4243,23.7612,18.1252,21.6651,18.6176,28.8281,17.9377,25.346,23.1975,19.6332,24.2578,19.043,13.3199,21.5583,29.9581,17.2962,11.2849,28.8938,18.909,19.0756,25.7081,21.5404,11.713,27.4509,18.733,16.6093,24.6716,37.1199,22.6035,20.6399,12.2274,34.1751,16.5468,30.2969,17.2979,93.2884,21.5071,31.9999,25.1479,25.6419,17.7414,18.6301,27.5703,22.5679,30.4467,27.7161,18.6559,19.635,24.5224,18.1094,24.4987,24.0718,28.6375,61.4135,23.0208,19.2381,22.2441,21.6275,18.6266,30.5642,24.8685,21.6651,21.1185,19.0221,21.5994,17.4354,48.6373,23.8246,24.378,26.1348,22.1878,24.9126,27.0248,26.9157,23.4627,18.2716,26.6305,20.0083,18.3602,21.2035,25.9361,31.2343,25.386,32.2468,33.3806,25.2677,34.7386,31.9476,26.9717,29.7182,23.4944,23.2585,21.4136,26.1571,26.3524,21.2745,35.7642,14.4654,19.1579,26.4359,20.701,22.8874,24.0165,21.9173,23.5685,36.9321,22.1341,23.1719,25.8777,20.9009,16.5838,19.7318,21.1131,20.0779,20.0642,41.4858,25.3321,22.8356,23.3271,23.5058,21.8118,33.6596,21.4094,42.9731,32.9275,29.5924,21.5964,26.8654,17.0846,24.2104,19.6939,28.894,25.5355,19.2219,16.7018,22.0245,36.5353,23.356,20.701,21.8219,36.5615,23.6303,21.875,28.8771,28.1324,36.3342,32.8019,31.4843,36.0603,33.858,53.1752,21.677,15.8504,17.6263,26.8876,32.2688,28.0864,24.002,26.9763,18.4226,25.0718,21.0485,28.6389,7.0859,157.1208,26.5563,27.2592,30.567,26.9013,28.2794,15.9728,59.8478,29.5124,19.9753,25.693,19.8532,180.3695,212.4223,20.0667,192.1867,24.6764,21.7871,25.7557,20.8079,32.4259,51.112,17.9274,16.7844,25.0814,11.554,9.4266,19.9466,25.6925,12.2238,26.1221,20.5886,16.7341,-0.2972,18.5312,25.4661,20.3453,18.3428,17.6658,26.1381,20.2077,17.9061,23.8739,19.6996,28.9337,35.8938,33.2448,21.593,21.593,25.7557,20.8079,32.4259,51.112,17.9274,16.7844,25.0814,11.554,9.4266,19.9466,25.6925,12.2238,26.1221,20.5886,16.7341,-0.2972,18.5312,25.4661,20.3453,18.3428,17.6658,26.1381,20.2077,17.9061,23.8739,19.6996,28.9337,35.8938,33.2448,21.593,21.593,21.593,21.593,21.593,21.593
135,30.16826629638672,24.369888305664062,32.63525390625,26.163284301757812,13.266677856445312,19.175735473632812,23.472854614257812,18.37677001953125,3.92718505859375,26.592041015625,17.469253540039062,18.187294006347656,20.83502197265625,20.574668884277344,16.065658569335938,22.664329528808594,23.344398498535156,19.284805297851562,21.454185485839844,21.28093719482422,22.375320434570312,19.032928466796875,28.48431396484375,31.297584533691406,26.91803741455078,32.52942657470703,23.05377197265625,28.877487182617188,26.389984130859375,34.54888916015625,27.302581787109375,22.417953491210938,23.71485137939453,22.65239715576172,25.044464111328125,19.7481689453125,48.01329040527344,41.77412414550781,30.303787231445312,27.42583465576172,18.160301208496094,25.708786010742188,45.95250701904297,25.49700164794922,20.168113708496094,18.207847595214844,20.4556884765625,23.31988525390625,24.140426635742188,22.55071258544922,22.010452270507812,34.24549102783203,26.07568359375,171.6892,20.989,23.5478,4.2423,11.2875,13.4878,17.7302,27.3068,46.548,21.3694,29.1007,19.5073,16.9226,19.397,21.3906,9.1179,24.1388,9.6471,19.9679,17.9906,22.222,24.8897,24.4713,26.3601,17.9807,17.8618,10.1665,22.6663,15.2393,14.4691,26.2044,19.508,51.7604,13.4597,17.6748,21.0193,11.0069,11.6518,19.8093,21.2478,21.3224,17.5626,9.1897,18.3135,10.1983,14.5945,31.81,43.1442,15.1716,25.4571,16.4416,9.8273,21.1302,15.6956,15.3612,23.6001,30.0563,17.1646,21.3403,21.0163,26.462,9.9472,22.691,60.2763,24.2628,27.7121,15.491,26.8304,19.5419,22.8489,16.698,19.0911,21.4706,18.1172,22.3528,19.7868,14.0609,30.6676,25.2891,23.6714,20.1755,15.9148,26.029,21.4537,32.0733,16.8825,22.8424,13.9434,19.3369,15.0768,27.4707,27.2627,35.4208,25.4995,11.2942,16.8748,16.9496,22.3165,21.5128,59.4461,22.6188,28.9133,26.2306,26.7052,27.7888,21.8861,30.1728,34.4068,36.6673,29.7807,23.3128,20.4737,33.1908,28.2029,44.4289,24.273,77.5015,29.9691,28.8984,23.6221,21.844,34.3345,23.5711,30.3167,24.3872,35.5186,23.1145,21.3685,21.6532,18.89,43.8368,29.6357,25.0022,25.4628,23.1509,23.2491,27.349,29.0778,24.5927,21.5144,30.3853,19.9319,21.2686,22.6383,26.9815,38.3957,31.9487,29.5547,46.194,23.9634,34.3016,34.4514,27.4532,25.4868,30.8937,28.0016,24.1918,26.6068,18.8876,21.9934,23.0934,18.8478,19.8223,22.035,14.7871,18.8935,25.7169,31.636,27.2646,59.4377,21.4877,21.8821,24.6253,22.4785,20.6815,24.014,30.4115,20.4743,21.8184,36.87,25.7089,23.0885,38.4147,26.3239,24.8331,20.1163,19.6872,22.664,20.8631,27.0848,24.2264,18.2656,13.2674,15.5583,17.0788,22.6682,28.489,16.6141,18.6341,86.9313,25.6862,19.5479,15.5882,24.4259,25.1601,29.2372,51.8346,24.8018,23.8272,28.8774,33.1097,27.4572,25.2279,28.5075,41.8726,21.1979,17.3526,24.8105,32.6723,28.0616,24.5769,21.6553,23.0246,28.3708,28.8018,23.8014,29.5593,12.3022,25.8793,19.8625,19.8652,27.6241,41.3861,17.6368,16.8997,26.7998,40.1841,26.1396,66.5657,19.6369,27.4189,53.094,21.7069,106.2964,23.0611,20.8024,19.3047,38.5982,18.3141,636.4863,31.9495,22.4401,20.6747,10.507,12.4429,21.7725,40.4667,17.7212,28.1296,23.5814,19.66,8.2557,18.2394,14.3575,6.6951,18.8641,20.3162,30.2271,41.1464,11.526,23.1429,21.4096,30.4518,48.6731,35.1656,19.9494,19.9494,19.3047,38.5982,18.3141,636.4863,31.9495,22.4401,20.6747,10.507,12.4429,21.7725,40.4667,17.7212,28.1296,23.5814,19.66,8.2557,18.2394,14.3575,6.6951,18.8641,20.3162,30.2271,41.1464,11.526,23.1429,21.4096,30.4518,48.6731,35.1656,19.9494,19.9494,19.9494,19.9494,19.9494,19.9494
136,31.322433471679688,27.53722381591797,31.372154235839844,27.78748321533203,15.503517150878906,19.319740295410156,21.087051391601562,17.088821411132812,8.35089111328125,22.14581298828125,16.682235717773438,21.86823272705078,20.712677001953125,31.44977569580078,17.324691772460938,22.43670654296875,23.73163604736328,20.885520935058594,21.606063842773438,23.117996215820312,23.150863647460938,20.252464294433594,26.638832092285156,34.394927978515625,27.556671142578125,49.75013732910156,26.686325073242188,29.29761505126953,26.930068969726562,40.81163787841797,28.40313720703125,22.57568359375,27.12464141845703,23.876930236816406,25.489097595214844,22.51972198486328,41.57563018798828,41.406524658203125,29.770065307617188,32.366722106933594,22.647743225097656,23.577232360839844,38.961936950683594,25.384864807128906,20.230239868164062,19.09154510498047,20.91667938232422,23.518898010253906,22.16185760498047,21.813232421875,132.00552368164062,30.76105499267578,26.12934112548828,28.4072,33.9215,18.2874,12.9608,10.923,14.3677,20.7557,17.2443,56.8949,15.1068,13.3912,17.7014,16.7809,17.7587,30.5167,10.5451,25.8114,6.9899,19.621,8.6813,25.926,23.8829,25.7003,19.0102,27.3749,21.5397,13.0356,41.8993,16.3888,14.1419,25.4846,15.5141,34.6023,14.7411,16.6589,21.3759,9.4823,13.4916,49.7646,21.0439,281.877,16.8727,8.6257,17.6883,13.6731,15.0947,40.3924,42.7291,17.5437,15.4909,19.5469,14.2094,19.8188,10.8748,40.8182,25.6915,39.9534,12.6802,20.5021,21.1122,23.4939,25.077,32.6025,42.4921,21.7299,19.0244,19.5391,22.8322,32.4221,18.1493,18.6812,18.8567,21.0072,16.8249,21.89,18.6993,14.4686,23.5318,30.1464,43.8314,21.8756,18.2914,27.1707,22.947,34.8834,20.2382,30.5724,13.9651,31.511,14.9782,39.4652,23.317,24.0957,29.9514,14.2835,17.3749,18.1042,21.9407,24.701,48.7452,26.0689,21.7537,25.2928,42.5156,28.1304,25.554,28.4754,31.1435,41.8559,34.05,27.7233,22.8303,35.6497,33.2773,41.6164,24.5285,68.1899,37.1617,30.121,25.2193,23.6324,30.3706,70.7706,25.8809,25.9382,30.0427,29.7065,23.7763,25.3497,27.2143,40.8225,32.1094,42.6969,28.4346,29.7505,49.2216,26.432,30.8008,27.1375,21.8813,26.3719,27.8436,23.1921,22.0137,27.7602,43.0697,118.3579,33.4057,32.3479,26.8084,52.1389,26.0621,43.7005,28.6735,50.4174,26.8835,28.2143,27.5968,35.4481,23.9476,34.8036,24.4334,20.8987,22.4819,14.7026,25.441,50.9202,28.8237,33.0095,28.4653,21.9311,22.7349,27.608,22.1539,36.4166,28.4792,26.1235,23.1706,22.8965,58.193,58.3729,28.9162,119.6474,25.829,27.8137,20.8919,36.3664,37.004,29.4272,24.7719,29.4527,28.3097,18.5386,18.2876,20.5159,29.6936,23.4168,16.7085,29.9829,54.6744,28.289,22.8098,26.7178,31.6135,24.5038,31.9402,42.5181,25.065,23.6393,25.3205,27.9145,23.1919,18.5985,24.1074,36.6779,19.0649,25.122,24.8711,30.7906,32.1534,35.897,23.8544,23.2749,25.4265,22.8779,21.5467,25.6775,22.5352,56.4616,14.6881,29.5552,25.2045,25.5391,17.2955,17.8144,22.6153,21.9481,37.2581,51.1555,24.676,24.2328,23.9797,31.1911,39.1761,20.6712,24.5651,16.8485,44.3302,18.1579,105.782,19.1772,17.0005,18.0891,13.0877,8.4841,19.5958,33.3867,23.9712,22.4468,20.8811,16.9918,-2.8849,18.8709,10.5037,13.2124,17.9132,353.6347,28.7905,33.2588,15.0392,26.948,21.279,23.1363,32.4664,30.5609,20.1176,20.1176,16.8485,44.3302,18.1579,105.782,19.1772,17.0005,18.0891,13.0877,8.4841,19.5958,33.3867,23.9712,22.4468,20.8811,16.9918,-2.8849,18.8709,10.5037,13.2124,17.9132,353.6347,28.7905,33.2588,15.0392,26.948,21.279,23.1363,32.4664,30.5609,20.1176,20.1176,20.1176,20.1176,20.1176,20.1176
137,31.872665405273438,28.64153289794922,30.519668579101562,26.352989196777344,16.054824829101562,38.249107360839844,26.16083526611328,13.105987548828125,11.170112609863281,18.90406036376953,14.904762268066406,19.053482055664062,20.934791564941406,61.28346252441406,18.866661071777344,22.492088317871094,26.381759643554688,21.492385864257812,21.1602783203125,25.266502380371094,24.79723358154297,20.525039672851562,28.096206665039062,32.999061584472656,27.938262939453125,38.441619873046875,27.009750366210938,29.47669219970703,28.394088745117188,43.746673583984375,29.365493774414062,29.655357360839844,29.034912109375,24.54590606689453,26.24864959716797,25.806427001953125,36.131065368652344,70.78239440917969,30.92198944091797,35.21192169189453,22.343765258789062,27.466354370117188,34.604148864746094,27.105819702148438,21.19226837158203,22.772666931152344,19.789756774902344,25.725364685058594,25.635055541992188,20.873130798339844,45.324119567871094,31.87108612060547,28.140586853027344,24.333,27.9494,18.7647,17.8488,12.5951,16.5407,22.2905,20.6723,61.6642,16.6598,9.8083,9.2473,14.5128,14.9975,14.0127,11.3484,25.1036,4.9658,20.6953,13.3765,24.9782,19.9119,43.3493,18.5772,15.9545,17.1649,17.9006,23.2701,11.0556,16.1027,25.6133,14.1067,35.245,15.626,13.9005,21.7078,3.6369,7.1374,134.1557,21.0629,26.585,20.1628,17.3825,17.8151,12.3198,17.6774,38.4976,60.2204,23.6408,32.4025,24.2986,16.1108,19.4184,17.1532,34.6656,27.1246,51.5509,12.7053,21.7143,27.2103,63.1298,40.4107,33.1538,36.3707,19.5786,19.8218,18.9622,21.3546,90.7236,21.6522,27.4448,19.9291,21.6916,16.7348,48.4868,20.393,15.4471,21.4777,32.6967,76.0613,27.2991,22.1223,26.3209,29.0341,20.2132,23.0127,28.4119,21.5656,28.5806,11.5963,76.7909,183.8647,27.5471,28.7085,14.4587,18.2511,18.7198,18.9894,23.462,168.6247,29.839,26.6162,30.2783,32.3434,28.2659,26.4065,49.4629,41.1315,32.7629,45.9924,29.5365,33.7178,28.6038,28.1853,33.5705,25.328,30.564,32.1768,60.571,26.2469,27.2405,66.7494,22.9838,37.2221,39.0765,28.0413,58.6091,18.8487,26.3609,25.3809,52.5192,82.2452,46.8703,27.1559,25.5712,38.2258,27.2916,32.2914,26.8571,22.2788,26.5843,26.0479,24.4437,26.1691,32.9066,35.8522,40.7136,33.0559,27.7485,28.546,54.8632,41.2094,49.2155,47.0566,37.9848,29.8008,30.858,29.0964,27.6824,27.2762,33.3891,24.2007,34.6493,46.9537,37.8507,29.5961,46.9918,33.0066,55.8907,32.0216,24.8298,29.1783,27.8424,22.8945,28.9121,18.2226,34.3756,24.6756,23.6738,215.8691,43.6987,28.2161,45.6369,25.0066,35.6333,24.0667,38.2581,40.1289,32.1068,32.8043,33.1859,21.7428,26.2427,21.9953,20.6594,54.053,31.7765,18.6744,36.66,33.8009,29.4016,42.403,28.9199,36.6145,26.6815,69.4731,125.6438,30.663,22.3335,26.2401,37.3463,24.6895,22.5647,27.044,56.9306,38.0782,28.8546,48.0231,34.6294,31.0692,41.5755,24.5335,24.6039,100.7157,25.0197,44.6294,30.9107,18.9818,28.1893,22.3435,26.5676,25.746,30.2701,18.5909,18.2353,41.8613,28.19,46.2886,57.1675,26.5483,25.923,27.3243,56.2005,32.0162,30.3541,22.7958,23.8447,32.2818,18.9681,21.5448,21.177,16.9216,29.798,11.5246,11.2236,20.2467,39.8226,13.0384,15.4025,17.1135,16.052,-4.5773,26.4164,13.0813,29.1425,11.4976,25.8294,28.838,33.1981,12.5693,29.6947,28.1268,25.242,35.0293,25.248,24.6152,24.6152,23.8447,32.2818,18.9681,21.5448,21.177,16.9216,29.798,11.5246,11.2236,20.2467,39.8226,13.0384,15.4025,17.1135,16.052,-4.5773,26.4164,13.0813,29.1425,11.4976,25.8294,28.838,33.1981,12.5693,29.6947,28.1268,25.242,35.0293,25.248,24.6152,24.6152,24.6152,24.6152,24.6152,24.6152
138,30.063720703125,26.81122589111328,30.64812469482422,26.339263916015625,16.203384399414062,25.60295867919922,22.246864318847656,4.660942077636719,19.35009765625,15.085037231445312,13.284996032714844,21.83728790283203,20.36919403076172,30.70977020263672,19.692642211914062,21.38201141357422,25.135894775390625,21.32196807861328,20.571975708007812,23.68634796142578,30.222503662109375,21.31847381591797,23.189613342285156,35.708396911621094,29.29041290283203,40.01792907714844,27.091766357421875,29.281105041503906,30.31432342529297,48.48466491699219,29.054656982421875,25.15599822998047,32.72966003417969,24.633270263671875,28.865577697753906,27.83794403076172,33.62078094482422,82.739013671875,32.49897766113281,35.56975555419922,22.794113159179688,27.87311553955078,39.455787658691406,24.09136962890625,26.61394500732422,24.3375244140625,20.065086364746094,29.548805236816406,23.30706787109375,20.678512573242188,42.03288269042969,31.172195434570312,31.72412872314453,22.5874,21.2024,10.8486,39.7862,18.9336,13.0665,21.0413,22.8159,38.4826,17.8274,1.4535,6.3361,10.8479,13.2693,15.7218,473.4735,28.3526,1.665,24.8022,13.9882,20.149,21.2649,13.7686,18.1634,24.013,17.8466,17.9925,26.7396,4.9379,10.8838,24.4622,14.49,16.3988,21.077,14.3677,22.7291,27.6553,15.6359,19.808,27.1396,25.997,16.686,14.944,18.5638,13.4803,18.7838,40.9581,60.4083,30.0128,33.617,25.9919,52.5548,18.6948,9.7506,25.9789,24.9334,57.9679,11.1023,27.7848,24.6038,60.9373,57.494,33.0762,33.9674,27.7794,14.9059,18.5707,26.7453,123.1755,32.7344,17.3757,25.446,21.6728,13.6304,22.6317,21.44,17.6877,23.8569,27.658,35.6541,19.339,22.5424,24.6075,25.2515,27.7887,21.5835,26.5933,35.1334,29.6945,13.3914,71.3575,46.0144,25.0984,28.3049,17.1189,32.4871,22.5066,20.4402,25.2501,30.009,20.8693,11.742,31.9751,147.287,28.5625,26.9472,308.563,47.2143,43.9824,42.681,30.3438,37.0271,26.0091,30.6143,33.027,28.8906,37.6932,31.971,34.032,28.0893,31.112,108.3778,31.5334,41.9079,29.1212,29.5071,54.9212,20.6837,24.7447,24.8993,27.6677,49.7784,96.8971,26.939,24.4638,57.5884,27.7104,30.274,28.0123,23.1865,27.8205,34.7185,26.1487,30.9767,32.2053,28.0108,66.7651,29.1212,29.055,25.5454,65.1816,60.4213,28.2082,32.0404,33.854,27.8948,28.3068,28.0841,29.3698,26.5535,42.3773,28.3862,27.1694,24.2355,20.3732,30.0001,25.6494,26.966,48.9541,32.8207,25.4059,27.2722,24.7074,21.7232,26.3603,23.026,34.9497,24.9689,23.838,72.9015,41.1937,68.1076,85.3976,29.1058,31.3994,32.2093,25.4531,51.9853,24.2821,39.0109,44.3932,28.1385,30.575,27.3235,21.484,24.0778,25.6737,21.4506,32.3692,30.8976,34.5399,41.6583,37.682,42.9378,39.1608,96.4069,146.6164,26.1175,20.6964,25.3022,30.0538,24.7589,27.3411,30.3639,73.3415,35.117,41.6831,45.8603,39.7065,34.9475,39.7511,34.2325,30.3591,26.4628,25.1387,25.6808,27.3427,19.2676,33.4401,19.3104,31.5207,42.5382,41.7281,21.3037,20.8687,28.0972,33.0375,53.2852,58.4707,27.3029,32.2436,42.1073,52.4221,39.2781,33.6874,23.9023,21.6776,18.8727,13.2203,54.4173,19.0976,17.2097,16.8943,11.5552,11.8094,36.0004,25.0993,20.9398,14.4656,17.4031,15.9069,10.0284,29.0583,16.2912,22.0353,11.0885,24.3685,27.462,17.7807,14.347,29.1795,23.781,29.2671,33.3481,22.7883,35.8256,35.8256,21.6776,18.8727,13.2203,54.4173,19.0976,17.2097,16.8943,11.5552,11.8094,36.0004,25.0993,20.9398,14.4656,17.4031,15.9069,10.0284,29.0583,16.2912,22.0353,11.0885,24.3685,27.462,17.7807,14.347,29.1795,23.781,29.2671,33.3481,22.7883,35.8256,35.8256,35.8256,35.8256,35.8256,35.8256
139,30.1156005859375,21.347923278808594,30.54206085205078,27.061119079589844,17.112503051757812,24.26665496826172,21.49225616455078,-0.2857208251953125,16.253952026367188,16.24608612060547,12.422378540039062,23.14055633544922,22.719009399414062,30.250320434570312,21.201858520507812,22.41338348388672,51.96922302246094,22.57721710205078,15.242919921875,26.664306640625,37.236480712890625,20.736846923828125,20.62640380859375,38.25444030761719,30.326797485351562,36.88489532470703,26.95838165283203,29.724884033203125,30.08416748046875,56.03813171386719,30.14545440673828,31.432891845703125,33.180145263671875,25.837661743164062,27.069900512695312,38.142433166503906,33.334320068359375,68.99002075195312,34.86627960205078,37.65362548828125,25.41765594482422,37.52964782714844,35.050559997558594,27.5966796875,24.03693389892578,24.357498168945312,21.564002990722656,28.755996704101562,25.565933227539062,21.371978759765625,35.86045837402344,29.583648681640625,30.955520629882812,22.0731,17.4453,-8.9651,20.256,16.9717,12.7592,27.6374,17.7172,43.0601,18.0524,4.4018,9.9985,12.9841,13.0297,19.4765,23.4863,16.6214,-0.9401,22.1211,10.8075,19.9875,23.1738,13.2166,19.4698,23.8783,14.551,18.2397,19.6017,-3.5598,12.6583,25.291,18.3419,32.6097,17.2235,13.7433,22.7953,25.3057,17.397,22.2851,23.9835,18.6314,14.5533,13.7842,19.5282,16.6065,20.0669,33.1961,45.8885,39.4854,19.9009,33.5273,22.6041,19.4975,4.3867,12.9902,31.7994,47.1442,16.8819,25.4975,100.5581,74.0032,31.4548,45.2474,38.6619,36.3813,19.7136,19.1621,17.0163,77.5906,394.6469,18.8651,38.8332,22.1372,-2.5356,20.4245,23.874,20.319,25.6852,29.4704,36.4963,26.8781,26.0961,24.504,26.4664,24.603,41.4656,23.1583,51.319,34.5958,12.4944,63.9872,36.5231,21.5257,27.2758,12.0492,19.8936,22.8833,21.3493,25.3127,19.2598,30.0621,3.1011,24.3683,35.3101,25.8113,26.6968,36.5782,51.3489,46.8283,34.2875,28.1347,34.6337,27.3181,25.4548,28.7868,29.4836,39.7507,35.6706,31.582,24.3222,28.9163,136.8097,23.0734,28.6887,33.3032,29.4446,62.377,21.3017,24.0566,22.3892,31.8126,90.8799,139.6416,27.6686,24.8506,37.1342,25.9679,76.0584,26.0476,26.3412,27.1933,27.6994,26.0723,25.7856,42.6622,29.6859,164.7821,179.5077,30.7602,28.742,76.9406,54.8422,35.5696,31.1936,57.3817,40.0231,27.5313,28.2843,30.1123,30.3725,35.7997,27.23,28.4284,22.2007,37.3578,26.6149,25.0394,42.1155,53.3083,43.5634,26.7048,31.3126,24.7646,21.4184,27.5352,27.7052,124.3082,25.2386,24.7887,35.8802,44.2223,23.9848,36.0641,32.9604,25.8892,23.2627,27.9116,42.2042,24.3141,33.7177,27.205,26.0323,57.1306,49.8998,22.1022,27.5299,27.6673,21.2163,29.3817,31.1828,40.3237,42.6716,44.9624,61.4665,49.7312,71.228,85.6166,25.914,20.107,28.0988,32.2852,25.6924,31.91,34.6242,58.963,32.7595,58.5991,45.4338,60.0548,36.8497,41.2449,31.204,26.8427,31.7789,27.0586,37.1476,29.3455,23.736,28.9035,25.0481,26.0688,23.6113,47.4477,21.5682,29.4678,76.5353,39.2591,56.459,80.7558,32.3376,46.0515,30.8969,68.6772,35.005,33.7706,25.4696,20.583,22.3899,18.4316,86.8371,22.1553,19.522,20.5319,10.3041,8.6012,22.3819,40.2862,17.2807,13.3529,16.9149,15.2762,3.0659,24.3072,10.299,26.6671,19.4154,25.3478,28.0017,7.577,15.6153,27.9553,22.6879,20.0931,25.6337,20.7038,26.0645,26.0645,20.583,22.3899,18.4316,86.8371,22.1553,19.522,20.5319,10.3041,8.6012,22.3819,40.2862,17.2807,13.3529,16.9149,15.2762,3.0659,24.3072,10.299,26.6671,19.4154,25.3478,28.0017,7.577,15.6153,27.9553,22.6879,20.0931,25.6337,20.7038,26.0645,26.0645,26.0645,26.0645,26.0645,26.0645
140,31.573150634765625,22.37433624267578,31.39715576171875,27.229354858398438,19.638442993164062,24.89751434326172,23.547142028808594,0.550537109375,19.15302276611328,18.457550048828125,11.438720703125,28.567062377929688,25.378143310546875,28.678489685058594,23.518356323242188,24.041351318359375,35.55646514892578,24.047500610351562,18.029891967773438,29.83470916748047,36.08241271972656,20.884681701660156,23.989700317382812,43.034812927246094,31.660987854003906,37.99219512939453,29.142417907714844,32.439430236816406,31.805503845214844,70.87002563476562,32.16206359863281,29.561248779296875,38.39007568359375,27.953414916992188,29.72661590576172,36.03636169433594,37.538002014160156,108.91860961914062,38.00645446777344,43.75273132324219,28.03209686279297,45.014869689941406,44.97062683105469,26.830215454101562,26.25879669189453,25.648712158203125,23.5499267578125,30.294898986816406,26.773841857910156,24.078094482421875,35.37791442871094,31.458267211914062,32.312461853027344,21.4705,14.7217,-13.2714,20.9133,36.8485,12.8556,22.3108,18.538,41.635,17.4759,7.4511,3.5908,16.3858,12.9892,16.5172,75.4541,21.6315,-8.8551,19.6679,13.7817,18.0898,22.439,15.8636,24.802,33.868,18.2422,16.9513,18.9253,-4.952,10.9326,39.5494,19.6818,32.0086,9.6412,8.8135,23.5523,23.05,22.8807,20.88,18.4904,16.3348,14.6648,12.4625,18.3035,19.2697,20.9501,52.5893,200.1004,38.9444,17.6027,27.8998,19.9233,19.0812,13.7255,28.8397,31.3608,30.7985,17.5672,28.9748,24.0853,82.1621,43.8708,212.1084,42.5759,42.5489,24.1799,17.6829,29.0845,0.6493,67.8516,30.8695,52.8812,27.3544,3.1609,22.7494,25.4696,17.8757,26.4841,31.8567,44.3344,29.1681,25.7372,23.773,34.3035,31.3705,47.7763,56.951,37.6444,34.3272,17.8647,48.2194,101.5558,19.925,29.8924,7.6553,31.216,23.0471,25.4145,25.5444,25.0314,29.691,12.0652,25.9362,55.8878,23.7833,26.6743,41.4554,52.2287,54.1677,32.3462,27.0887,28.8571,28.1743,28.2888,26.1,26.2454,49.601,34.4622,39.7872,36.3609,26.9395,111.7737,25.57,42.6691,31.6605,26.337,30.0172,22.0253,22.4337,23.1815,28.8911,140.0097,160.434,28.6794,23.3398,28.9969,29.1577,122.7007,25.5485,27.0379,27.0832,25.2454,29.1197,25.9621,36.8948,33.5114,56.7706,112.2887,33.4312,53.7982,114.7321,100.3403,27.9829,27.1114,57.9254,30.1362,26.6339,28.462,34.2097,29.7039,48.1633,21.2758,27.486,22.6953,24.4877,26.2133,29.8676,54.3313,56.98,32.4907,30.5503,32.2505,29.8,21.8583,26.0226,25.613,37.7074,25.6639,25.131,33.3687,117.6664,23.9385,54.4849,38.4644,25.5328,25.5161,27.6122,39.1936,24.1307,28.5999,27.8852,35.4389,38.8582,81.9604,30.9732,35.0822,30.3223,22.7297,22.7434,37.7758,45.0834,42.4418,50.8456,84.9755,72.4702,130.4147,206.7188,26.3209,21.7002,43.0683,32.3518,26.1875,35.977,35.9992,109.1867,37.2384,65.2798,59.2646,70.4331,58.8139,54.75,30.7014,31.189,37.969,36.0628,28.767,29.8463,25.0978,29.5746,25.4281,37.7182,37.3223,36.1857,22.0724,55.5284,39.6313,55.2304,50.0373,120.4888,35.3332,150.0864,63.8193,104.6727,69.4454,30.7801,22.7242,22.5934,82.537,16.9611,69.6944,23.2367,20.162,21.2054,8.3356,11.6211,23.7925,38.4411,10.4368,10.978,19.7165,13.1401,9.6707,22.1252,6.4289,20.2753,24.5694,23.1447,27.2431,15.0927,15.841,23.1377,17.5263,17.9775,27.465,18.6312,25.2101,25.2101,22.5934,82.537,16.9611,69.6944,23.2367,20.162,21.2054,8.3356,11.6211,23.7925,38.4411,10.4368,10.978,19.7165,13.1401,9.6707,22.1252,6.4289,20.2753,24.5694,23.1447,27.2431,15.0927,15.841,23.1377,17.5263,17.9775,27.465,18.6312,25.2101,25.2101,25.2101,25.2101,25.2101,25.2101
141,31.38658905029297,27.989364624023438,31.204612731933594,28.138473510742188,21.070030212402344,24.22736358642578,24.47589111328125,4.521507263183594,23.674461364746094,21.33721160888672,13.473190307617188,29.966751098632812,24.195823669433594,27.919418334960938,25.164642333984375,25.50928497314453,33.095916748046875,25.11406707763672,15.58441162109375,31.239715576171875,34.57402038574219,25.462249755859375,26.103317260742188,46.056129455566406,32.597747802734375,36.77483367919922,43.061370849609375,34.990020751953125,32.777061462402344,77.45606994628906,40.95562744140625,30.960289001464844,40.21232604980469,29.63866424560547,29.687286376953125,40.20825958251953,37.68296813964844,75.94966125488281,46.04695129394531,47.30766296386719,31.637901306152344,47.262481689453125,44.99303436279297,32.767967224121094,26.508285522460938,26.279808044433594,23.746421813964844,34.207069396972656,24.701187133789062,25.21550750732422,33.00506591796875,32.20703887939453,35.9293212890625,20.6496,14.6552,-16.0034,31.7304,36.6214,14.1216,18.2076,36.1566,38.3072,17.7361,11.0404,1.3578,17.4797,12.1591,12.0555,67.8176,12.6035,-2.9212,18.1514,16.4573,17.7325,19.7738,15.748,19.4255,33.2434,15.3305,16.6398,18.9451,-8.9916,5.987,68.4186,14.5502,56.7759,13.5987,7.3879,22.9144,21.9305,18.8519,16.7087,22.6855,16.9889,14.9004,13.1411,16.5463,23.3092,22.0944,35.1234,33.3409,45.9734,58.0431,28.3375,19.3877,20.3009,23.6522,25.5515,30.5628,6.8138,25.402,76.1759,23.6963,81.307,72.7265,80.6181,33.3851,32.6458,29.8071,17.5322,17.5472,-1.3032,30.4167,27.7085,50.1717,20.2559,-4.6049,20.951,24.9381,23.8972,35.7756,29.1241,54.9911,29.509,26.7363,28.7181,29.2601,31.1476,39.7715,44.987,29.8684,40.8347,60.2443,70.7404,25.0845,22.7334,24.9925,20.0428,44.2139,22.6446,29.7897,26.395,19.3343,31.3724,16.285,26.1379,30.4688,23.8999,25.2311,42.4546,63.4958,57.0246,35.0256,29.9665,27.2092,28.9702,32.9274,31.9534,26.5709,61.1269,31.8371,36.7227,30.7399,30.6915,118.2947,22.6976,33.1841,29.7781,25.5791,35.2289,22.8967,27.5449,61.6572,29.2406,242.9676,140.9377,29.5013,25.6639,23.0478,32.5645,80.8948,25.8046,26.6292,27.638,29.9767,25.9792,25.3022,32.8029,41.9114,118.7237,30.212,29.6955,47.2648,119.2967,88.2587,28.979,24.9655,54.2625,29.4151,26.5248,52.1159,49.7132,30.0929,95.3647,21.1406,25.8141,16.5141,24.349,25.7816,28.4357,36.8539,246.1157,30.7649,72.6886,38.1331,30.9037,22.2106,26.951,25.6778,31.9536,25.7503,25.2691,26.694,155.046,24.0388,43.6439,36.1485,26.1534,22.7184,26.2144,38.48,76.9428,30.2943,24.8077,27.2363,46.2087,31.2597,35.5877,26.8437,27.6255,22.7692,23.9117,36.0058,53.0391,42.8456,54.7421,69.4765,68.2777,173.3547,92.2465,26.3245,28.9085,32.6609,32.0749,27.538,35.9074,57.2106,166.1337,31.3891,93.3976,63.8787,122.2434,56.7871,60.0997,37.1158,34.6598,42.8337,27.5173,28.2452,38.1352,32.7465,28.3987,28.6538,22.4311,26.4795,32.1153,28.9794,41.7927,36.4035,115.1804,55.417,94.493,38.3867,40.3672,50.7393,75.6572,77.9065,54.9363,22.4936,22.7429,161.9729,37.2548,68.2067,22.319,14.7173,17.1508,10.5523,12.4048,21.906,50.629,7.6634,11.8875,20.7656,13.6171,14.9769,22.7215,15.9445,13.7072,19.6779,22.8786,27.6951,21.5906,14.5536,20.8058,23.8435,23.6928,26.6467,23.1579,34.0461,34.0461,22.7429,161.9729,37.2548,68.2067,22.319,14.7173,17.1508,10.5523,12.4048,21.906,50.629,7.6634,11.8875,20.7656,13.6171,14.9769,22.7215,15.9445,13.7072,19.6779,22.8786,27.6951,21.5906,14.5536,20.8058,23.8435,23.6928,26.6467,23.1579,34.0461,34.0461,34.0461,34.0461,34.0461,34.0461
142,29.700363159179688,25.4422607421875,29.19690704345703,26.1480712890625,21.316627502441406,20.935203552246094,22.939651489257812,4.721580505371094,21.884910583496094,20.089767456054688,11.890754699707031,27.21656036376953,22.45361328125,23.405662536621094,22.226295471191406,23.820938110351562,31.79791259765625,23.298240661621094,14.102981567382812,28.515228271484375,52.20991516113281,22.35993194580078,18.128578186035156,40.46209716796875,30.671234130859375,32.04967498779297,31.20606231689453,68.66517639160156,34.17448425292969,69.52346801757812,41.44293975830078,27.6805419921875,36.09857940673828,28.960479736328125,27.24945068359375,36.29740905761719,35.140960693359375,56.15565490722656,45.89054870605469,50.32600402832031,36.017555236816406,44.03437805175781,40.125999450683594,47.15431213378906,245.59642028808594,24.34771728515625,22.662460327148438,36.463836669921875,23.283920288085938,49.710968017578125,31.276084899902344,30.536231994628906,38.0582275390625,30.1135,17.118,-11.1583,29.4374,43.6049,18.4538,19.1473,70.558,52.299,16.7536,11.669,-8.4152,20.45,8.2864,14.1081,23.092,15.3933,0.367,19.9474,13.3905,17.1466,19.3198,11.5849,14.6639,29.9334,17.3307,16.5075,20.7753,-10.2326,5.9046,26.3338,16.7231,38.1721,16.1086,18.0207,23.1087,20.6757,30.5729,17.1245,29.2729,17.7156,20.6767,14.1455,15.8585,28.4791,19.6142,31.0175,41.3999,41.2564,22.4977,24.697,15.5359,21.5788,15.4532,24.6886,24.3029,15.9213,23.0737,27.0233,27.017,146.638,39.4704,65.9094,32.7945,30.6915,26.5053,20.1879,4.1684,0.8088,26.0867,20.2343,53.9686,43.9909,1.0543,18.6954,25.5966,20.5801,31.6573,28.1564,79.2347,29.0552,23.5577,80.4656,28.1266,25.0559,44.2988,56.9036,93.4737,48.6496,67.8448,23.9782,30.0262,40.3937,35.9569,16.8262,33.9126,23.625,27.1004,22.1414,22.146,26.1616,-1.7666,27.249,30.1105,26.133,23.8684,35.3926,41.4417,45.521,34.0739,32.2913,30.0967,31.2442,36.0142,50.5205,29.1268,39.9302,31.5721,31.21,36.867,124.3213,145.1966,22.3156,42.6936,27.0796,21.8421,59.341,27.5094,24.2275,24.3562,28.3915,141.1204,137.5985,29.425,26.5145,30.2087,140.1378,62.7709,26.1517,27.1144,27.5467,25.7612,25.2782,37.1099,31.5113,33.2128,215.2671,32.8512,27.6858,51.4401,94.0222,69.8273,36.7562,22.0948,39.5418,29.7778,26.7891,55.9548,46.0314,30.1516,35.2206,22.4075,25.4434,22.292,22.8055,24.5239,24.4132,32.2847,51.7024,32.1544,300.0842,45.4027,28.0305,21.8366,24.0682,31.1581,29.2383,24.898,31.0853,70.1936,78.4662,24.531,96.7699,23.3596,25.6992,22.9661,26.1117,38.4466,28.1361,27.0936,25.7595,28.2573,40.6528,29.2367,106.8155,25.9446,26.3341,22.6456,25.1003,32.6344,45.4571,32.3781,53.902,56.3445,91.9955,54.4218,40.2175,57.1025,27.1642,60.6206,29.3185,26.6789,62.3396,59.3282,172.2965,29.8501,50.0302,60.4227,94.75,40.2867,73.9905,34.2712,40.7763,36.3837,27.7843,26.4226,33.3193,51.5995,29.6333,23.124,26.5295,32.0654,31.3253,130.5793,48.137,84.7076,336.048,54.0048,32.1029,28.0433,55.7951,39.4447,28.2732,56.1546,38.5621,22.5555,21.3792,42.6181,86.9332,69.9759,42.4016,15.4425,17.6644,9.4248,19.6175,694.6577,39.942,11.1374,11.2843,101.4567,21.9472,15.9638,23.7205,18.978,17.4668,25.9206,29.9936,34.4409,20.6464,19.0226,225.5314,311.165,21.3093,27.9195,23.7041,48.1406,48.1406,21.3792,42.6181,86.9332,69.9759,42.4016,15.4425,17.6644,9.4248,19.6175,694.6577,39.942,11.1374,11.2843,101.4567,21.9472,15.9638,23.7205,18.978,17.4668,25.9206,29.9936,34.4409,20.6464,19.0226,225.5314,311.165,21.3093,27.9195,23.7041,48.1406,48.1406,48.1406,48.1406,48.1406,48.1406
143,30.628387451171875,32.159934997558594,22.584442138671875,29.148773193359375,32.841957092285156,16.747604370117188,113.18363952636719,16.66265106201172,16.14812469482422,16.09027099609375,8.81597900390625,22.73552703857422,20.16839599609375,25.076194763183594,19.302780151367188,20.610145568847656,31.445709228515625,19.2879638671875,14.858749389648438,22.35144805908203,27.203712463378906,19.260360717773438,20.141624450683594,35.18793487548828,27.786819458007812,26.63951873779297,27.193222045898438,62.58494567871094,36.63623809814453,64.59471130371094,32.122589111328125,23.631446838378906,33.350555419921875,23.864501953125,24.089004516601562,27.349449157714844,41.57776641845703,46.52759552001953,49.190887451171875,42.86932373046875,41.87263488769531,28.390090942382812,30.58600616455078,25.9576416015625,79.70552062988281,39.87835693359375,18.30524444580078,40.45225524902344,17.46723175048828,26.436973571777344,33.285194396972656,32.552093505859375,41.9141845703125,25.9084,23.5822,-6.9623,21.1896,43.5739,20.4868,27.9832,33.6984,48.3875,36.776,12.0936,6.1027,35.0751,13.3134,10.4255,19.0186,13.9177,2.7722,27.5627,17.4996,19.9165,19.7595,12.7718,14.9665,28.1612,22.4462,18.3597,19.1243,-13.0278,-11.7533,24.1466,21.3248,50.259,21.6945,30.0709,21.7245,19.3848,16.6657,33.8974,25.6028,16.5681,17.0242,16.8946,14.8811,24.5855,23.8491,29.4116,25.3974,28.3742,14.3221,22.7324,21.81,24.3343,15.5722,24.013,25.4379,18.5685,15.6837,76.7008,42.5429,34.4329,32.3376,70.25,197.8396,30.2316,26.4818,20.0461,-2.0107,12.0181,23.5835,18.4653,41.3968,20.4737,16.3445,19.3937,23.0856,17.8538,29.2861,23.4285,43.9039,22.9169,21.5324,56.0642,24.7277,39.0576,30.7186,32.9164,18.6156,30.462,48.9375,27.0117,19.8862,25.5648,34.0711,19.7403,26.3903,24.4846,24.7532,22.0191,37.1615,36.0815,18.2492,270.3164,29.2757,25.679,27.2796,31.0662,47.6059,41.0084,28.0906,34.0288,34.9929,28.4933,41.0805,27.8352,31.6061,31.3986,30.9161,31.9069,84.4473,49.5242,157.0564,23.8951,46.5737,22.9025,19.6155,52.5308,22.3762,24.8767,24.3282,35.3834,116.5693,80.3705,28.0111,159.7715,25.4469,111.6685,67.0879,26.304,26.8507,31.4322,26.7231,27.4218,54.5654,31.9166,34.3066,34.9875,30.1074,31.6898,108.833,92.973,38.8236,28.2768,28.3564,38.9294,32.0123,26.892,34.5911,285.9089,27.497,28.909,34.7853,18.1131,30.5541,23.1004,22.46,25.5263,26.3241,30.9592,26.9335,64.8601,48.5534,23.9387,22.5304,23.2709,28.8414,23.9239,30.2696,24.9837,88.5834,26.3897,30.6637,36.7983,45.6994,24.9486,26.1298,24.0433,38.2842,28.0894,25.7301,23.7763,52.539,25.9835,25.223,24.0677,25.2048,24.1185,23.1234,23.3732,63.2246,40.269,24.069,39.1386,48.0956,56.5816,46.5751,44.0545,69.951,30.4036,33.9752,29.1466,28.3919,53.6467,79.7268,143.4126,35.4244,35.6893,76.2993,100.9104,33.3629,57.388,30.0286,31.8577,35.8369,28.8466,24.2621,24.4858,74.3114,36.0827,43.3642,25.2524,23.2946,43.5035,423.5388,31.1245,74.5015,265.8118,115.8091,29.0735,25.3402,45.762,28.159,24.8362,36.2583,41.6497,22.6191,20.6477,63.4978,23.9236,82.7583,44.8231,20.3805,15.7996,10.1094,26.6346,78.1217,24.085,7.4069,18.4547,27.9446,17.4678,18.4433,84.577,17.5885,21.7618,64.1398,37.8893,30.6033,25.938,17.0167,51.1205,57.7371,30.8191,45.7935,37.0395,70.4077,70.4077,20.6477,63.4978,23.9236,82.7583,44.8231,20.3805,15.7996,10.1094,26.6346,78.1217,24.085,7.4069,18.4547,27.9446,17.4678,18.4433,84.577,17.5885,21.7618,64.1398,37.8893,30.6033,25.938,17.0167,51.1205,57.7371,30.8191,45.7935,37.0395,70.4077,70.4077,70.4077,70.4077,70.4077,70.4077
144,24.676414489746094,27.21906280517578,15.11126708984375,22.70134735107422,36.19152069091797,15.243988037109375,189.53981018066406,12.33721923828125,15.276260375976562,15.428199768066406,19.450523376464844,19.190284729003906,18.20867919921875,27.71977996826172,15.271598815917969,17.67456817626953,49.434173583984375,15.200996398925781,14.526008605957031,19.171340942382812,26.539588928222656,17.22259521484375,16.26050567626953,29.11986541748047,23.038429260253906,27.70220184326172,22.848464965820312,41.3138427734375,25.800079345703125,54.43672180175781,26.51885986328125,22.397186279296875,24.26439666748047,21.621932983398438,19.151565551757812,22.441009521484375,29.40808868408203,36.801597595214844,31.155113220214844,36.91539764404297,24.343528747558594,22.635391235351562,21.02130889892578,20.49529266357422,57.586456298828125,21.737159729003906,14.946128845214844,21.871261596679688,15.1500244140625,20.168182373046875,27.453704833984375,25.65772247314453,24.87316131591797,16.8364,16.8364,9.6396,28.3191,25.0175,20.3666,71.5838,20.0768,62.6225,56.6856,24.3179,24.7069,29.0836,13.1261,9.1593,24.4013,20.9314,44.8735,89.2279,20.1063,22.7023,22.4414,21.8995,18.4664,27.2675,28.855,31.8865,23.4115,-18.9177,9.166,44.2552,24.9801,24.9801,48.0061,165.5961,47.5941,16.6783,16.9075,44.6176,20.9614,18.0852,19.3857,40.3866,15.3272,15.0591,19.0364,25.0538,24.6517,23.4474,12.9737,21.0967,16.0917,23.0168,13.4111,28.4986,40.8616,12.785,52.0203,105.2781,103.8456,27.4454,46.0183,46.0183,22.6794,34.2757,31.8496,16.4961,36.6922,24.2188,21.1519,18.833,42.6969,20.5645,21.4452,143.9291,20.5524,13.5064,24.4817,22.5159,30.496,23.4284,18.3751,37.35,23.9301,28.8996,54.7643,26.8637,30.3754,25.4446,80.5089,43.0751,16.8877,16.689,16.689,20.8896,33.1408,23.41,23.3053,26.9099,32.5838,25.3614,14.8543,27.6185,37.1116,23.3351,26.1345,29.9769,38.4709,34.2923,28.6791,32.7384,30.9288,26.3629,37.1779,26.1963,25.6905,32.5476,41.0566,31.9147,29.1019,26.1341,71.9865,37.2457,37.2457,24.0153,18.5696,25.8729,22.5436,21.1938,22.7713,28.7569,84.8677,30.1486,25.9201,108.6184,23.4675,44.1578,37.2081,23.4547,27.2267,25.2534,25.1108,25.4894,25.9668,37.1339,30.395,36.5577,29.7422,38.5547,51.8351,72.3182,28.6071,46.7705,32.5744,32.5744,32.8534,26.9986,28.3248,29.1326,24.0436,24.015,25.7185,13.083,23.8573,28.4084,25.3372,27.3697,38.5881,44.7302,23.6693,26.7117,27.4231,22.8635,21.9054,31.7106,35.8832,24.5389,21.853,27.4153,30.5585,24.0633,166.1539,21.9812,141.1312,20.2744,20.2744,23.3765,31.3126,28.6269,29.9464,22.8368,27.577,23.767,24.4595,20.4816,25.8505,26.2196,22.5679,25.7523,29.5925,25.7061,24.613,36.6029,36.2064,40.6601,30.466,27.3007,34.8716,26.1086,29.7035,23.8168,25.3487,35.1037,27.6032,30.3654,30.3654,25.2367,40.8342,78.5271,25.7407,47.7069,21.3256,22.9308,21.0758,27.2641,18.3905,19.3175,20.8307,24.3516,47.0166,26.7645,38.1759,51.3604,26.5983,25.2867,48.8655,136.9805,41.8028,34.3107,17.9915,22.2109,19.8827,27.1624,33.4829,92.4218,16.7709,16.7709,13.7181,19.4105,161.6699,19.6964,15.3426,17.0456,10.2788,14.4275,30.6297,24.5388,3.0455,12.7976,18.5469,9.1451,12.1617,25.8564,15.3346,21.8907,42.5155,25.6303,19.669,28.1201,16.1026,26.5242,25.0404,25.5634,30.7114,19.5469,42.1931,16.7709,16.7709,13.7181,19.4105,161.6699,19.6964,15.3426,17.0456,10.2788,14.4275,30.6297,24.5388,3.0455,12.7976,18.5469,9.1451,12.1617,25.8564,15.3346,21.8907,42.5155,25.6303,19.669,28.1201,16.1026,26.5242,25.0404,25.5634,30.7114,19.5469,19.5469,19.5469,19.5469,19.5469,19.5469,19.5469
145,22.589141845703125,25.810089111328125,6.874732971191406,21.293319702148438,17.98047637939453,13.725379943847656,59.97369384765625,11.0413818359375,22.309585571289062,8.332893371582031,16.453025817871094,19.96581268310547,29.508514404296875,20.389694213867188,12.924507141113281,16.091224670410156,32.402496337890625,13.710960388183594,16.054290771484375,18.110260009765625,25.694976806640625,16.502662658691406,17.57270050048828,26.879173278808594,19.840614318847656,23.943702697753906,21.733978271484375,31.969818115234375,24.253326416015625,42.02195739746094,23.271644592285156,21.69866180419922,20.30333709716797,19.60162353515625,17.5509033203125,21.87445831298828,23.32990264892578,31.101730346679688,27.021087646484375,29.01813507080078,14.948005676269531,18.37555694580078,19.72864532470703,18.996559143066406,39.34178924560547,19.05498504638672,12.349357604980469,20.259552001953125,14.756523132324219,16.99890899658203,23.91741943359375,24.270362854003906,22.885818481445312,20.2209,20.2209,5.5868,52.3984,21.0464,18.2561,22.614,18.8227,49.7253,27.5483,3.3466,15.6133,21.7354,12.3427,9.4795,19.2506,14.3908,30.0665,34.8311,17.9236,16.0818,11.7683,18.2086,23.2203,34.9773,24.9158,21.4377,18.4312,-9.2885,12.3266,26.0936,62.0125,62.0125,38.769,60.6643,20.3172,17.8341,29.1031,20.9163,17.4519,20.4247,34.3716,26.9546,10.6346,16.8565,16.5783,21.8413,37.6757,28.2232,131.8942,25.5221,18.9782,21.4153,11.8696,34.0698,29.1816,10.2242,38.3097,21.9835,45.199,15.8025,31.8017,31.8017,110.5277,23.6282,42.4465,17.8826,31.1043,0.5119,10.7848,20.8548,28.0645,16.986,26.5236,249.9789,16.9966,17.6691,24.4818,22.2043,21.5349,24.5533,19.5476,28.4157,24.2642,26.1619,25.9088,22.9153,34.9248,21.4426,21.5859,18.9511,22.6807,14.0355,14.0355,21.242,39.3068,22.4026,16.4701,25.2021,23.1997,32.2427,21.1307,22.4585,48.7953,22.3758,21.7615,26.1045,31.6948,33.0056,29.8991,28.9737,23.2437,21.1694,23.919,24.4459,19.8308,25.082,28.4094,27.3855,26.3161,59.035,41.3034,28.2706,28.2706,23.7449,21.4147,20.0268,22.3754,17.667,22.6563,25.2703,33.4649,24.3255,23.9152,56.6295,23.399,28.0806,27.1602,22.1861,24.7399,23.9698,21.9152,21.7177,26.0873,54.3077,27.1216,27.6011,26.1126,25.8797,53.0245,41.5769,29.663,61.7893,26.8873,26.8873,27.1012,26.5653,25.0743,22.4358,22.4197,22.8711,21.5202,19.1776,23.3566,27.8568,22.0229,22.4042,88.8644,166.0951,20.6107,22.7253,21.2252,18.3997,19.6122,26.3137,25.317,25.1173,20.5848,24.1189,19.4005,22.4448,168.7061,24.2398,26.0767,18.4862,18.4862,21.6735,19.2487,29.7239,24.0145,18.7049,13.1113,26.495,24.4607,30.1153,20.8892,19.8819,17.2465,20.441,18.8242,17.9734,23.8409,34.6093,25.7686,29.2828,42.0412,20.5049,30.7103,23.3456,23.5089,18.9537,23.522,23.7977,23.6611,24.6938,24.6938,29.6634,24.8074,29.8149,30.9617,29.7166,11.7064,16.3545,14.767,16.3197,10.3226,17.3836,1.1708,42.1428,13.4547,17.8672,19.5219,21.7414,23.3204,19.3558,23.0856,43.7563,25.2908,29.8909,14.2138,19.9473,20.2761,23.7767,47.5278,33.8905,20.7094,20.7094,10.6522,21.6613,115.6184,17.7236,13.8915,22.872,11.335,11.4904,31.6921,24.4854,6.9968,11.3353,19.6616,7.6886,11.7908,23.1035,13.0802,20.8815,25.9746,24.534,18.0133,23.0791,11.7197,28.919,23.7978,24.2027,30.0921,21.2763,45.2646,20.7094,20.7094,10.6522,21.6613,115.6184,17.7236,13.8915,22.872,11.335,11.4904,31.6921,24.4854,6.9968,11.3353,19.6616,7.6886,11.7908,23.1035,13.0802,20.8815,25.9746,24.534,18.0133,23.0791,11.7197,28.919,23.7978,24.2027,30.0921,21.2763,21.2763,21.2763,21.2763,21.2763,21.2763,21.2763
146,20.668052673339844,23.02911376953125,5.218376159667969,19.80022430419922,16.601364135742188,12.131752014160156,46.30873107910156,11.124443054199219,10.354393005371094,2.0992507934570312,11.828704833984375,24.688751220703125,17.74139404296875,15.679931640625,14.127647399902344,13.734718322753906,61.468109130859375,11.589202880859375,13.161140441894531,16.06482696533203,19.270034790039062,14.851295471191406,14.718093872070312,24.409378051757812,19.552322387695312,21.877418518066406,20.087799072265625,27.029678344726562,23.145401000976562,36.17320251464844,20.13085174560547,24.541351318359375,16.99797821044922,16.684234619140625,14.906173706054688,20.62738800048828,19.412567138671875,29.649032592773438,23.372703552246094,21.25006103515625,7.904762268066406,13.330726623535156,14.570648193359375,17.136322021484375,32.547996520996094,16.164398193359375,13.847671508789062,19.022613525390625,13.694290161132812,15.265754699707031,18.327102661132812,24.205978393554688,21.796058654785156,13.4666,13.4666,-1.4769,12.8954,23.0076,15.3732,28.7888,42.6502,56.0483,22.9635,-9.6148,-5.3483,17.0511,23.2566,7.9234,17.7731,13.535,15.0874,13.6497,15.681,16.7168,13.4667,10.0269,7.0927,51.072,27.7569,19.1119,15.2194,8.5414,15.3263,18.7409,20.4323,20.4323,34.5774,27.8619,19.547,17.7473,3.6364,13.5016,16.8685,18.7674,30.1568,25.5665,9.3815,12.5658,22.6678,30.4299,172.6808,16.5264,21.7012,14.9764,18.7686,16.5401,11.9808,31.7768,17.094,11.0357,9.0066,24.7872,129.5619,9.0027,23.9101,23.9101,22.6301,14.352,18.6266,13.8619,27.9265,-8.8744,-0.348,18.7566,25.1977,16.44,17.0238,23.7969,12.767,21.9601,19.0626,17.8485,21.0422,20.5753,12.4426,16.1765,31.1231,30.9124,25.5352,26.3369,16.1541,16.5008,19.9756,12.72,17.8052,13.0047,13.0047,18.0458,18.2339,14.4296,6.8122,22.0282,21.9841,31.963,15.5765,42.8519,21.8333,19.0083,19.8692,26.796,20.6579,29.2783,32.0938,30.9105,21.4842,16.8973,23.1192,24.5874,22.9211,87.0511,23.6247,25.7392,49.8691,49.5609,29.8363,25.4303,25.4303,28.3477,19.111,16.7963,21.5107,34.0596,21.6914,24.4147,23.6727,15.5041,20.66,26.3167,22.8059,25.0859,22.1897,20.8456,22.824,20.7024,16.6516,19.9746,26.7114,27.837,23.3055,22.7587,22.0722,21.7588,51.517,35.0807,30.77,57.4677,24.9992,24.9992,25.2756,23.12,20.332,11.5039,20.247,19.0041,32.198,17.8457,20.8166,38.119,18.4689,24.5919,43.6503,24.1519,23.5056,20.2396,16.7294,16.2062,13.037,23.3646,16.3437,16.1121,24.4852,18.2956,18.0148,58.6228,37.2,17.7816,20.6961,13.3234,13.3234,16.3124,-4.6415,23.2028,20.3423,17.7268,14.5128,24.4761,13.5706,32.7182,21.4097,11.9188,11.0306,16.7948,13.6881,20.4562,41.649,44.7625,25.4155,56.9755,93.9052,27.411,23.9139,23.6333,19.8066,19.368,21.9862,46.1508,21.9056,22.1936,22.1936,26.5398,24.4407,27.0892,28.3324,13.8783,13.0154,19.4721,19.0323,24.0037,15.5675,17.4902,-9.7247,22.4706,15.7406,21.0202,17.7285,20.3781,19.2891,8.9174,18.6003,25.7371,28.4198,25.6048,14.2454,23.3939,12.4295,28.6903,34.2513,22.3825,23.9705,23.9705,9.0029,20.3506,45.6094,17.9181,17.2228,20.431,7.943,9.0308,27.2562,19.3535,5.0606,8.7113,18.5344,2.0044,9.0667,21.1391,11.0272,13.5386,21.3669,26.0893,18.0512,25.0942,18.8877,27.1929,26.1343,25.5678,32.9959,24.4203,34.3085,23.9705,23.9705,9.0029,20.3506,45.6094,17.9181,17.2228,20.431,7.943,9.0308,27.2562,19.3535,5.0606,8.7113,18.5344,2.0044,9.0667,21.1391,11.0272,13.5386,21.3669,26.0893,18.0512,25.0942,18.8877,27.1929,26.1343,25.5678,32.9959,24.4203,24.4203,24.4203,24.4203,24.4203,24.4203,24.4203
147,19.81207275390625,26.40369415283203,0.37157440185546875,18.96251678466797,13.422744750976562,11.159835815429688,30.92662811279297,10.763877868652344,9.431968688964844,-1.107391357421875,11.958030700683594,16.873756408691406,13.138908386230469,12.799842834472656,11.926200866699219,11.322853088378906,28.0628662109375,9.341163635253906,13.438720703125,12.608016967773438,17.421180725097656,9.471282958984375,13.003410339355469,23.39112091064453,19.374717712402344,21.699424743652344,18.383270263671875,24.098312377929688,20.417816162109375,30.542579650878906,17.10277557373047,18.003250122070312,14.437591552734375,15.393386840820312,14.160430908203125,17.33441162109375,18.372703552246094,26.4217529296875,21.337005615234375,20.057090759277344,9.226959228515625,12.862556457519531,9.766578674316406,32.25237274169922,29.344810485839844,14.533439636230469,12.547462463378906,17.3492431640625,14.4141845703125,13.750350952148438,21.526565551757812,23.004196166992188,21.06243133544922,9.8172,9.8172,8.8991,16.4961,8.2931,15.2294,15.9169,36.1645,64.5498,49.8723,-11.9324,-44.8755,17.4821,18.1367,2.2251,16.5947,25.6052,20.1996,6.3433,43.1282,13.8694,18.7881,13.9637,1.0119,24.5955,22.1188,17.8686,17.7241,-18.0237,7.302,36.8536,11.9008,11.9008,32.8962,32.4494,19.0647,15.6695,10.3441,12.3997,17.481,13.8681,16.7975,23.258,9.4769,10.0844,17.3262,9.4741,27.7437,11.3591,20.7688,12.6474,19.1437,11.8592,6.7584,21.0575,13.2892,5.7387,-10.1342,31.5192,18.2228,-0.7611,11.9918,11.9918,20.1649,23.376,16.8021,8.9081,31.5802,15.5512,-19.5868,16.002,35.9501,15.9768,20.2432,23.0219,7.4539,11.7377,16.2646,13.4088,15.1429,14.7681,7.5035,12.435,13.9185,30.6897,22.8212,27.5956,15.896,11.0984,16.6767,13.0404,17.1923,15.7054,15.7054,4.0168,9.5448,14.2216,7.7438,19.6766,20.8047,31.9512,11.6748,20.8178,18.1456,17.3557,113.5206,24.5466,21.9439,30.2249,27.3363,22.6579,18.0146,14.7839,29.8062,22.3562,24.1918,22.6449,24.6403,21.8727,35.9669,20.9334,27.2253,27.5164,27.5164,21.4461,17.1668,18.7547,19.6684,26.6885,20.0953,24.2719,20.386,12.5038,17.0864,18.8395,26.0128,24.6918,25.7079,19.9525,21.9307,16.9669,14.0031,24.0293,21.0922,24.3784,21.8345,19.1152,28.3844,25.3277,51.8377,25.2884,31.5402,26.0639,19.9988,19.9988,21.5685,21.3608,14.922,11.5307,18.4507,23.7138,40.4901,18.7412,17.9802,17.2107,16.4947,21.6356,21.1952,25.2916,21.2254,16.9717,15.2055,13.273,8.8235,18.1966,14.7589,18.5922,18.7846,17.3721,16.3543,13.6669,40.5343,19.3047,20.1398,13.9175,13.9175,17.6346,0.3174,20.0652,19.5527,16.1418,19.7118,17.314,13.2565,34.6343,14.7397,18.5177,15.0804,19.1294,16.1865,29.1579,51.9567,63.7787,21.5914,118.0272,21.9809,20.0124,20.2888,22.5089,11.7352,16.8932,21.655,22.1397,20.1787,18.6349,18.6349,20.0581,26.2701,18.715,28.9053,18.2137,20.7213,17.639,18.9088,28.8219,20.5039,21.6656,3.6128,19.1711,16.2857,16.5766,20.225,5.0168,12.5705,10.8196,23.9817,23.1048,16.4525,20.0929,13.4416,16.2464,1.0126,52.0508,21.0887,20.0273,22.1761,22.1761,14.3362,68.4154,49.4032,15.7093,12.7784,19.1919,7.6258,7.4314,39.1575,9.4851,8.2558,9.9646,17.3438,5.7854,-9.2763,18.2246,4.9351,11.9669,16.0492,30.6926,18.39,25.6083,15.6949,25.539,22.409,25.9775,31.2963,24.9154,35.9829,22.1761,22.1761,14.3362,68.4154,49.4032,15.7093,12.7784,19.1919,7.6258,7.4314,39.1575,9.4851,8.2558,9.9646,17.3438,5.7854,-9.2763,18.2246,4.9351,11.9669,16.0492,30.6926,18.39,25.6083,15.6949,25.539,22.409,25.9775,31.2963,24.9154,24.9154,24.9154,24.9154,24.9154,24.9154,24.9154
148,20.42432403564453,42.54338836669922,0.21417236328125,17.517745971679688,16.077651977539062,10.930656433105469,25.134857177734375,9.543983459472656,5.2151641845703125,-3.666046142578125,10.448158264160156,12.539352416992188,11.939979553222656,11.071624755859375,9.240684509277344,9.276206970214844,22.018814086914062,7.073539733886719,12.885246276855469,13.616973876953125,15.613800048828125,7.6803741455078125,13.975112915039062,21.942779541015625,21.104293823242188,18.547042846679688,17.60254669189453,22.110198974609375,19.27422332763672,28.20343017578125,15.240821838378906,17.509666442871094,13.253440856933594,13.892311096191406,13.368568420410156,16.03619384765625,20.949913024902344,27.05316162109375,19.280838012695312,17.918663024902344,8.658332824707031,11.083755493164062,7.5318450927734375,19.399940490722656,19.974884033203125,13.565826416015625,10.35723876953125,14.256401062011719,13.354103088378906,13.950912475585938,16.721084594726562,20.538673400878906,20.667930603027344,19.3577,19.3577,-4.8008,8.167,5.0832,29.4451,13.2633,17.5268,68.2381,19.7471,-14.453,-54.8734,15.5459,11.6161,-28.347,15.2457,13.0459,15.9757,-4.596,15.4504,1.0201,14.7967,12.9151,0.4911,13.3868,28.5369,18.0955,14.707,-25.6462,6.9058,19.2218,13.1965,13.1965,21.2799,23.1923,15.2751,13.6623,13.8923,8.9345,9.2519,16.0853,21.6063,22.5685,-10.9307,6.2584,9.6642,10.5764,23.9918,-4.3796,15.9402,11.196,21.9476,7.4354,1.6242,17.4385,0.5356,-5.7612,-14.5859,132.1172,15.1855,-14.4732,4.7243,4.7243,103.7347,10.4156,13.7916,4.3484,23.0016,8.2074,-28.9463,13.1105,20.474,13.1696,18.2883,20.772,0.1202,9.4644,6.7964,17.1674,8.5133,19.3024,-23.5654,8.4503,17.2289,55.2095,19.2912,22.1948,14.1948,11.1904,17.013,13.9426,15.955,14.5433,14.5433,2.5755,-2.9469,15.3972,-14.6843,15.9339,27.0637,21.5779,15.5769,20.9819,6.5418,10.1169,32.3064,20.7372,22.264,26.2819,23.6802,20.1361,18.243,12.6262,37.1771,21.2157,30.1556,15.8616,21.3146,19.0599,29.451,21.6855,30.5834,19.7282,19.7282,19.0294,12.2648,17.9261,18.4664,15.6496,17.3194,21.3027,15.5361,6.1576,14.8286,12.6803,14.3269,22.9153,25.4399,16.3841,19.5145,14.0598,13.7113,18.1486,19.8695,22.008,17.1483,15.3408,28.8944,24.7592,39.1636,22.9289,18.9415,22.7734,18.72,18.72,19.9278,18.5675,11.2339,100.741,15.4156,21.0396,14.5762,19.8666,18.1743,17.3255,15.1457,16.8674,20.8078,19.8493,17.9593,17.9683,13.2344,6.2833,11.7395,18.5826,13.7761,15.4417,20.0083,14.8154,13.7532,13.563,18.4872,18.0484,18.5799,12.7356,12.7356,18.7249,2.2635,13.2619,18.9666,13.6381,12.9775,14.8585,9.3424,12.0305,26.8782,24.8646,9.1259,24.354,26.5515,22.1822,47.6038,33.4409,18.9515,19.3164,20.8889,24.7999,18.0431,22.2077,3.0069,6.7641,21.2548,24.0375,16.1957,18.2923,18.2923,15.4896,22.9381,8.3513,19.4052,15.3152,15.5892,13.7456,13.5703,21.4703,18.8757,21.2338,4.7972,11.2127,16.3065,8.8717,24.7323,14.3671,7.2989,6.9585,12.3907,20.6483,11.5827,24.2673,13.7243,6.1203,0.6081,21.7082,24.3718,15.1453,15.1616,15.1616,16.6582,21.1189,21.3935,14.8755,8.8751,18.1419,-0.1693,9.175,19.2222,2.3963,6.2269,8.8261,19.2067,4.3823,-1.3412,17.6556,7.8077,21.6846,17.9822,21.009,22.021,20.4038,8.1669,28.9166,23.1097,23.0841,24.7198,25.2204,29.6231,15.1616,15.1616,16.6582,21.1189,21.3935,14.8755,8.8751,18.1419,-0.1693,9.175,19.2222,2.3963,6.2269,8.8261,19.2067,4.3823,-1.3412,17.6556,7.8077,21.6846,17.9822,21.009,22.021,20.4038,8.1669,28.9166,23.1097,23.0841,24.7198,25.2204,25.2204,25.2204,25.2204,25.2204,25.2204,25.2204
149,19.875991821289062,50.53981018066406,-6.4756317138671875,16.96929168701172,16.26038360595703,9.805549621582031,22.123260498046875,9.369949340820312,-7.274391174316406,-7.071922302246094,9.824150085449219,8.219833374023438,16.1123046875,10.981857299804688,15.374794006347656,173.0854034423828,16.968345642089844,10.47503662109375,13.504379272460938,16.526473999023438,15.439933776855469,8.865196228027344,13.825080871582031,20.801666259765625,20.905502319335938,19.51708221435547,16.52203369140625,23.078811645507812,18.959365844726562,29.277000427246094,13.876129150390625,15.4503173828125,13.268379211425781,13.367172241210938,13.510421752929688,11.892593383789062,17.835121154785156,22.602210998535156,17.51268768310547,18.028221130371094,8.477455139160156,9.114852905273438,8.375267028808594,15.540931701660156,26.204383850097656,12.532325744628906,9.06964111328125,13.586921691894531,13.023605346679688,14.326240539550781,16.59906768798828,19.52635955810547,20.25304412841797,8.8566,8.8566,-24.8208,-27.6005,-5.6207,9.5928,13.7288,14.9077,32.8242,17.3652,-22.1596,-66.5565,14.1212,0.5185,-28.0841,31.4325,12.5179,14.102,-5.3102,10.8817,0.3541,10.8625,11.4818,-5.015,3.9232,19.2061,18.9203,19.2274,-16.8039,15.4109,16.4798,29.4019,18.4629,18.1026,22.3347,10.2162,22.7915,41.1734,14.2159,9.0291,16.7182,12.2982,20.7549,-23.2548,2.2379,30.8274,8.8716,92.273,9.8828,16.2601,209.7235,20.5388,506.9067,1.5772,18.2731,6.3839,-18.8571,8.0235,17.0362,16.4581,-26.0654,11.8248,11.7584,6.5959,-0.4974,16.5812,16.6221,25.0373,4.4244,-8.6939,15.2917,16.8787,12.0072,19.9679,17.1257,2.5996,15.6971,9.7031,22.7337,16.007,30.7731,-14.4815,-3.262,22.7189,27.6639,14.3726,31.116,15.1421,6.3001,14.8238,21.6818,33.6744,14.3058,14.297,8.3284,0.6494,17.605,-36.961,15.9815,36.1405,28.1572,16.4697,20.8781,1.8827,31.5064,23.0899,43.7506,25.4843,26.1255,19.0089,23.4213,16.0558,12.4936,25.4222,19.3122,28.3189,21.284,20.3797,20.1276,21.105,25.5866,21.4369,24.478,21.0744,15.0412,29.4015,13.1442,16.0966,20.9291,15.5961,19.3469,16.1505,10.142,25.1407,17.82,19.5699,25.7875,19.4909,15.9513,16.9374,9.9594,14.3422,17.7713,19.7553,20.2469,17.0126,13.6058,29.0831,29.473,30.661,29.8894,26.3637,127.8209,31.1901,18.9083,21.1016,19.7651,8.3825,65.8211,12.9258,19.9522,21.9209,18.1102,36.7746,15.8987,15.7388,24.9028,24.8209,20.2098,20.2371,19.3127,15.8259,11.5056,17.1207,20.0805,14.6983,21.0323,27.5886,15.1972,13.2828,74.1275,18.6858,15.3751,18.7908,19.5499,14.1819,17.1127,11.5419,9.4253,19.3171,11.956,14.0312,6.4831,-8.9531,-5.5746,26.9259,23.1746,14.1701,26.1325,17.9502,46.5009,19.0585,39.9259,21.0288,40.9866,21.0879,15.4198,19.3267,21.3852,8.2823,6.3735,59.8055,20.9315,12.4111,15.2612,14.5437,23.1708,19.7644,21.8964,10.9264,16.6517,12.5265,6.992,14.4783,12.6846,19.2006,18.3619,6.1935,8.267,12.9322,10.7058,15.6764,-0.5662,9.2152,2.4444,13.3218,16.6382,17.2037,22.1497,16.3127,2.9741,7.0352,37.0042,20.7286,6.0568,14.7695,20.0523,45.9395,10.3445,25.3934,11.3846,5.5858,14.5417,5.5817,6.2738,18.2164,-2.2201,-8.5491,8.2988,17.1605,1.9601,1.2949,15.9952,7.9344,8.9716,2.9345,19.8099,22.3542,18.069,5.6377,27.1809,29.8412,28.1894,24.53,23.2157,26.7494,14.7695,20.0523,45.9395,10.3445,25.3934,11.3846,5.5858,14.5417,5.5817,6.2738,18.2164,-2.2201,-8.5491,8.2988,17.1605,1.9601,1.2949,15.9952,7.9344,8.9716,2.9345,19.8099,22.3542,18.069,5.6377,27.1809,29.8412,28.1894,24.53,23.2157,23.2157,23.2157,23.2157,23.2157,23.2157,23.2157
150,47.93580627441406,70.95928955078125,1.3233261108398438,16.284713745117188,13.139892578125,10.598342895507812,18.867088317871094,8.862693786621094,-10.557853698730469,-8.266471862792969,9.842010498046875,3.0232086181640625,8.243621826171875,10.067840576171875,7.430427551269531,152.08151245117188,15.767448425292969,10.071434020996094,12.679214477539062,12.296134948730469,14.445381164550781,5.5831298828125,13.625320434570312,18.44341278076172,69.60945129394531,17.74932861328125,14.367103576660156,23.243675231933594,18.12628173828125,25.829071044921875,14.189811706542969,15.253044128417969,12.080978393554688,12.434608459472656,12.047233581542969,3.0918121337890625,17.335731506347656,19.250930786132812,16.906227111816406,17.5538330078125,4.7056121826171875,9.343406677246094,8.76934814453125,22.245269775390625,28.114585876464844,12.371337890625,12.1322021484375,10.188117980957031,10.937110900878906,14.384063720703125,14.193412780761719,18.925537109375,20.364891052246094,12.1722,7.7789,-25.0334,-27.3747,-2.8371,9.5731,14.0312,34.695,39.3816,16.3074,-23.7935,-62.3286,13.513,1.3014,-24.941,28.6996,10.3186,16.3416,-14.9489,13.7487,-1.7785,15.7712,9.5611,-7.1335,-6.0541,21.4675,17.5101,17.9649,-27.198,11.8004,7.8428,4.8474,7.07,12.7033,18.8754,9.1003,14.0265,9.0808,12.1552,8.5912,11.4708,-6.6751,18.3014,-17.3566,9.1871,5.3525,8.4415,22.9393,8.9818,15.3792,10.609,22.2655,353.6005,10.4712,21.2625,6.571,-16.1838,4.1729,38.017,16.8932,-31.9481,31.7936,31.7224,11.3484,35.2321,14.0516,16.1819,14.3347,1.4691,-21.534,13.3918,17.5964,20.1915,19.0655,17.734,2.5613,21.8284,2.3402,10.9578,23.719,17.8751,-15.6829,-0.622,18.6978,27.3374,8.7647,28.7751,14.693,9.3527,15.2326,21.7476,15.6108,13.5383,13.6432,0.6246,6.0376,19.2066,-6.032,15.1812,31.8725,18.2746,16.3923,22.0045,1.173,22.3115,24.4911,13.8933,22.0483,21.9387,25.4945,21.6581,16.0957,12.7403,22.1217,18.5308,177.335,26.5349,282.9165,19.8834,20.9684,36.0457,22.0638,22.9127,21.7436,15.5658,18.6267,12.2703,13.797,25.1184,12.1906,19.6385,15.1578,11.0945,27.5549,58.5281,26.3625,24.5919,204.6283,56.1969,16.5504,2.5417,11.857,18.1698,18.9978,19.7035,15.8843,14.2149,27.8197,28.6303,31.8911,23.5895,25.3333,22.4111,22.9086,173.1165,20.2574,17.0319,12.8128,26.1045,13.478,17.6573,21.7701,18.7769,20.7315,17.1373,14.4024,18.1294,17.7389,19.3551,19.6291,12.8708,13.5748,16.6983,12.6433,19.5681,16.4773,20.7217,17.8235,14.9851,14.677,-0.7288,16.8321,15.5652,18.6485,19.4683,11.2005,10.7261,6.6305,15.1429,19.5307,11.3156,8.429,-16.9384,-3.0817,-18.2436,8.255,15.7744,15.0151,17.259,18.5303,24.4705,-4.1899,22.268,18.9076,49.0186,14.2521,16.5663,16.8721,19.4369,12.3648,15.773,25.4728,21.042,12.0254,32.1272,15.4702,20.244,7.744,20.4721,7.2189,17.4083,4.9209,16.6957,12.517,-5.6139,15.6428,10.9186,-5.854,1.9139,12.8112,5.597,20.4785,10.0553,6.8701,7.4128,11.3847,12.0573,16.7731,25.252,9.0935,4.4434,2.4841,29.2501,14.993,-13.2418,6.215,24.0892,24.3605,37.1196,22.1256,13.7386,19.4622,12.8045,11.6624,16.7957,20.7866,-4.2222,-12.0583,11.8137,17.9464,-4.7091,7.5741,15.8826,7.5323,24.8435,-2.6758,20.4583,33.1376,26.2564,17.4768,26.0582,43.6998,25.7228,24.7317,25.22,25.22,6.215,24.0892,24.3605,37.1196,22.1256,13.7386,19.4622,12.8045,11.6624,16.7957,20.7866,-4.2222,-12.0583,11.8137,17.9464,-4.7091,7.5741,15.8826,7.5323,24.8435,-2.6758,20.4583,33.1376,26.2564,17.4768,26.0582,43.6998,25.7228,24.7317,25.22,25.22,25.22,25.22,25.22,25.22,25.22
151,29.104690551757812,68.36492919921875,5.55108642578125,16.417373657226562,13.372840881347656,9.660003662109375,24.128746032714844,7.911720275878906,-9.662086486816406,-8.851448059082031,10.726737976074219,3.5161361694335938,9.583816528320312,9.740104675292969,7.921173095703125,133.04380798339844,13.518165588378906,9.178382873535156,13.287689208984375,5.3043060302734375,13.80328369140625,-2.00250244140625,13.068588256835938,15.84881591796875,32.48683166503906,16.849822998046875,13.207443237304688,21.962120056152344,18.198631286621094,23.27001953125,12.512504577636719,14.692108154296875,11.877479553222656,10.902214050292969,11.406532287597656,5.014060974121094,18.218429565429688,18.66229248046875,15.894805908203125,17.102386474609375,6.585121154785156,9.004867553710938,6.660858154296875,14.478408813476562,24.327003479003906,12.016006469726562,9.942253112792969,7.201972961425781,11.629219055175781,15.059356689453125,13.871879577636719,19.378387451171875,19.620277404785156,8.8318,8.3993,-22.5845,-18.1776,6.899,11.1264,16.5413,28.2342,21.6373,15.6956,-22.7252,-74.1836,11.3203,5.8747,-22.2663,16.8837,9.6539,17.2666,-11.9678,19.7763,-1.0455,18.1272,15.8239,-8.8464,-0.6222,23.0064,17.6446,16.0338,-20.0646,-3.7167,-0.0177,10.6447,6.1264,9.9546,17.5718,13.1048,16.598,3.4501,11.6193,4.4981,17.3676,-10.3119,17.3368,-25.1662,4.5212,8.9807,10.4996,19.184,7.1767,17.3147,10.2987,18.2735,245.9522,6.6026,23.3107,2.8922,-23.9044,1.8551,49.2222,14.846,-34.0706,20.5252,19.9012,12.1717,17.2862,10.8834,12.1166,20.0187,-13.3714,-11.4837,13.0504,17.2988,25.967,19.5407,14.5093,3.4304,14.5365,11.5855,-11.275,-8.0976,-1.5947,-39.1559,-10.1979,14.224,9.834,-16.8797,24.4977,14.9523,9.9435,14.8445,22.2612,14.7648,18.957,11.5916,-20.4726,0.7977,12.9704,-34.9249,13.5532,30.6551,37.1018,15.3534,21.8086,-2.8722,23.4929,16.6511,20.4789,18.8207,17.2756,15.8651,22.3073,16.971,12.7227,19.5216,18.6708,36.1281,19.6103,68.1013,17.808,14.0275,28.9217,17.8901,19.8192,18.0859,12.67,10.8833,10.3327,13.0173,22.1985,14.0843,18.5948,14.369,9.7629,20.1534,19.5035,21.3272,22.1736,49.6067,34.2319,15.9725,8.8419,12.7886,17.454,19.2169,19.613,15.0553,14.9854,26.3667,25.7216,37.7709,19.5914,23.5132,23.9557,21.8612,36.1773,18.1919,17.9745,8.9515,9.5064,13.6431,14.7407,21.2118,18.247,20.7632,17.4434,15.5968,14.0552,21.4264,18.7201,19.6272,2.2168,13.8211,13.1689,15.3006,13.9183,16.5143,19.527,19.1967,11.3226,26.5092,-0.6288,13.0489,15.7444,18.307,19.348,10.1311,11.3896,14.5053,18.5339,19.9198,11.7915,6.6945,-2.1618,-0.7815,-26.4868,14.0505,12.0642,8.0448,12.5221,18.9033,23.2343,16.5515,21.778,17.2626,51.2422,16.3672,16.3485,15.6254,20.2396,12.6868,17.4025,22.686,21.0499,11.4522,25.7789,13.7438,20.6423,18.2427,-0.3891,17.0293,17.7457,6.5456,22.9911,12.3237,2.7247,15.8583,11.8574,3.7842,6.6135,15.8849,1.3651,20.1134,6.8808,11.8734,6.7666,11.1623,10.1167,18.5101,19.9938,10.1018,-0.3291,1.2287,21.9389,12.1628,-27.8814,-0.6784,21.6164,19.8651,12.313,16.5481,11.6687,6.8526,8.6433,8.3341,8.9292,19.118,-12.7086,-17.707,13.6283,20.5565,-6.9364,1.4613,13.1274,10.0716,24.1238,1.7809,19.4727,38.256,32.9372,10.8176,23.3728,37.4883,20.1492,25.1211,21.9072,21.9072,-0.6784,21.6164,19.8651,12.313,16.5481,11.6687,6.8526,8.6433,8.3341,8.9292,19.118,-12.7086,-17.707,13.6283,20.5565,-6.9364,1.4613,13.1274,10.0716,24.1238,1.7809,19.4727,38.256,32.9372,10.8176,23.3728,37.4883,20.1492,25.1211,21.9072,21.9072,21.9072,21.9072,21.9072,21.9072,21.9072
152,35.34870910644531,77.17718505859375,7.00640869140625,18.25391387939453,19.542640686035156,10.220466613769531,24.63439178466797,10.445655822753906,-4.062034606933594,-4.0687408447265625,13.259246826171875,1.1841888427734375,10.874282836914062,12.126487731933594,9.775466918945312,178.48658752441406,15.107414245605469,11.311676025390625,16.819869995117188,2.7567062377929688,14.887763977050781,-3.0507888793945312,15.688446044921875,16.947166442871094,34.92231750488281,18.52489471435547,14.763618469238281,21.82538604736328,19.4752197265625,25.072120666503906,13.678276062011719,16.245521545410156,13.166259765625,12.568557739257812,12.124664306640625,6.0383758544921875,19.737449645996094,18.75707244873047,16.192665100097656,18.253997802734375,9.9974365234375,10.906272888183594,10.178199768066406,14.794174194335938,16.567062377929688,10.673439025878906,11.287933349609375,8.678215026855469,11.925430297851562,16.605262756347656,20.951583862304688,20.834808349609375,20.119583129882812,9.2234,9.8577,-20.6482,-6.2901,7.499,11.9692,15.5874,23.075,19.5823,14.4473,-13.6894,-48.3574,14.9068,2.6161,-27.4309,16.5394,12.7247,17.3293,-7.5303,24.3658,1.2036,20.0513,17.9148,-11.1216,-12.1335,21.9271,17.5106,13.9197,-10.6589,7.7856,13.8627,10.3426,6.4387,8.7504,16.5706,12.4295,14.1408,8.7461,12.5862,10.8243,17.3704,3.6224,17.0931,-14.7018,5.6767,12.497,5.2387,12.402,8.7402,17.0169,9.0774,17.6879,385.7985,-1.0031,19.7409,8.8732,-13.2801,-5.7569,21.5026,15.1266,-33.6757,3.1806,34.5524,12.3987,19.0188,10.8958,13.7432,13.5206,-10.0626,5.094,8.2267,17.6996,22.3704,25.0687,14.1189,8.3122,14.6443,12.4552,2.6268,-14.3659,-11.3277,-37.7098,-20.6939,2.5038,11.2733,-30.0895,15.6805,16.2351,11.3136,14.1489,14.347,16.6388,15.2519,12.2004,-23.1131,4.4522,12.76,-44.3517,12.1323,27.7686,29.4473,17.6392,21.114,1.5429,6.4766,13.0551,19.0606,8.6932,15.9633,15.8346,17.4228,17.1929,13.2204,13.9184,18.5134,42.3175,20.8796,40.7573,18.8397,21.0159,29.6301,14.0389,18.4091,17.2234,15.0214,16.0127,10.1462,12.3937,14.7817,12.7904,18.4722,13.5238,8.5128,16.9273,27.0548,14.0244,22.6693,34.4149,19.352,17.6189,5.4349,12.3427,17.3002,19.9426,19.9143,14.6296,15.0544,20.2872,25.8543,27.0167,23.3319,13.5401,22.6129,15.6111,18.3249,16.9508,19.0923,9.2578,8.7287,13.5648,17.2675,18.9703,17.5799,20.5207,17.2936,14.7241,15.2436,17.2712,18.3216,17.9383,-0.3854,13.5637,15.9002,12.4105,15.9766,14.2848,21.1691,16.2391,12.915,16.3016,-1.01,10.0074,15.1789,17.6594,19.0728,8.4092,11.9296,14.7622,18.6303,18.2864,12.5674,7.4137,-3.4505,-0.7406,-7.0282,7.8011,10.9228,4.5422,17.2072,19.5092,18.4714,25.7726,20.7647,15.9535,34.4958,16.5829,16.9002,9.9464,19.7819,15.5657,19.6512,22.2264,21.7281,10.0922,4.8162,1.5897,15.4025,20.1106,-4.9996,19.1752,17.2908,11.0598,20.4213,7.4048,9.1582,15.2428,16.1809,11.789,7.5198,20.7028,7.4629,23.367,13.8588,9.6999,8.6365,2.4889,14.3172,17.8042,21.5644,12.5526,4.0169,2.8065,24.7148,10.8796,-16.7024,3.9699,22.9215,21.2753,13.207,41.3959,12.4372,11.1845,9.2898,3.96,10.6107,19.4297,-1.6858,-24.4158,14.005,23.0969,0.3023,9.2449,5.5491,4.6698,20.9926,3.7376,20.171,35.825,34.8397,10.0773,37.9221,37.9136,20.9477,24.9713,21.1688,21.1688,3.9699,22.9215,21.2753,13.207,41.3959,12.4372,11.1845,9.2898,3.96,10.6107,19.4297,-1.6858,-24.4158,14.005,23.0969,0.3023,9.2449,5.5491,4.6698,20.9926,3.7376,20.171,35.825,34.8397,10.0773,37.9221,37.9136,20.9477,24.9713,21.1688,21.1688,21.1688,21.1688,21.1688,21.1688,21.1688
153,28.84197235107422,76.50498962402344,8.479454040527344,20.25946044921875,17.484146118164062,13.675682067871094,26.814308166503906,12.15570068359375,0.02672576904296875,-0.8678436279296875,15.071052551269531,7.705162048339844,14.749641418457031,16.570960998535156,12.053749084472656,210.7431182861328,18.74150848388672,17.372634887695312,19.734512329101562,10.109504699707031,17.629714965820312,-1.3170547485351562,18.238067626953125,19.713768005371094,32.7291259765625,18.57044219970703,16.570663452148438,23.0548095703125,22.27393341064453,25.20165252685547,13.708404541015625,20.030868530273438,15.505134582519531,15.778724670410156,14.726463317871094,10.8817138671875,20.448776245117188,24.49748992919922,19.360733032226562,20.467445373535156,12.782768249511719,13.61810302734375,10.947052001953125,17.392005920410156,23.02722930908203,13.408958435058594,12.110664367675781,11.081687927246094,15.617668151855469,21.104019165039062,20.652442932128906,24.03277587890625,22.579818725585938,17.9709,26.5862,-19.586,-2.5627,7.647,11.9621,13.7304,50.91,15.7,14.0996,-10.7154,-42.3446,15.4216,9.1693,-23.8942,21.2878,23.2998,15.4432,-7.8248,18.6324,13.1963,23.9861,15.1903,-11.086,1.0184,32.509,18.082,17.3754,-19.0489,7.247,12.7822,14.7244,9.5977,8.925,18.4651,19.0717,20.274,9.6314,15.4088,12.7122,15.8212,5.2469,16.729,-18.2451,2.4176,11.2159,10.554,14.4483,14.0733,16.6412,9.4609,18.1555,449.5705,8.7801,15.076,11.2556,-12.7037,-9.5853,11.5794,19.4782,-29.0002,11.7004,77.3418,11.6954,35.1183,13.1537,24.4378,9.7851,2.8276,12.2033,7.7355,18.5151,23.6572,25.5716,14.1223,13.4288,15.0381,15.6602,3.38,-12.9342,8.3004,-29.9207,-2.6383,5.4168,14.4899,-32.014,13.2722,15.5675,12.9576,16.5314,12.2928,15.9724,16.7773,6.2258,-21.2912,7.1463,16.5014,-27.738,11.3117,21.4627,17.9118,17.7613,22.1536,-0.5915,18.3856,4.2748,17.1837,5.4259,20.0258,17.3073,28.5573,17.6164,12.4865,12.2135,18.0217,37.9859,16.7605,23.6364,20.064,25.5537,27.6717,12.9014,13.2995,19.757,14.7168,24.4059,11.04,11.225,11.6609,12.6642,17.5428,13.1588,9.6107,15.4769,18.9206,1.1665,20.3968,21.9558,17.6597,17.9103,10.0096,12.9391,17.5411,21.8438,20.3897,15.861,16.0649,19.2499,26.2231,26.901,19.8915,18.3582,22.9601,14.6706,19.7688,17.3192,19.1964,3.4427,0.0118,13.0814,17.013,18.8092,17.5821,20.6677,20.8676,13.8371,14.7702,15.3623,17.5862,16.07,0.5283,14.5318,15.9731,13.8831,22.7004,15.1821,18.4222,11.4568,16.1483,17.8172,2.4475,11.9959,15.4542,17.2403,19.0513,10.6143,11.1745,14.3952,17.5859,15.0111,15.4631,8.2401,6.234,1.6635,-16.4361,16.2781,6.7973,7.334,13.2395,14.7446,17.4978,13.3114,31.1848,16.8659,43.6747,12.7113,23.6449,11.6552,19.3403,17.6007,20.6227,21.188,20.5756,15.1922,14.9344,-17.1073,13.4071,15.5326,-4.4265,8.6169,18.3369,15.9685,18.5941,12.9071,26.2695,14.9547,-10.4137,14.0941,0.7374,23.6291,11.5763,22.5712,18.4133,9.0097,9.8287,9.8573,16.2599,13.6749,20.8356,11.6063,9.4424,1.5995,30.139,11.8324,-17.9549,6.2715,20.1922,31.0358,16.7234,15.6607,12.7109,13.4425,9.1053,7.1512,11.9878,19.598,0.1732,-27.755,16.1871,27.006,-10.9103,11.7291,10.7599,-0.746,16.2955,5.4606,22.1826,32.752,30.5126,6.9752,23.9741,35.0686,20.7851,27.3346,23.4588,23.4588,6.2715,20.1922,31.0358,16.7234,15.6607,12.7109,13.4425,9.1053,7.1512,11.9878,19.598,0.1732,-27.755,16.1871,27.006,-10.9103,11.7291,10.7599,-0.746,16.2955,5.4606,22.1826,32.752,30.5126,6.9752,23.9741,35.0686,20.7851,27.3346,23.4588,23.4588,23.4588,23.4588,23.4588,23.4588,23.4588
154,30.830245971679688,77.05020141601562,14.060508728027344,21.46025848388672,19.075607299804688,16.50756072998047,23.558578491210938,14.244476318359375,-5.5498809814453125,5.201255798339844,17.01213836669922,23.792564392089844,19.431190490722656,18.417633056640625,16.212615966796875,100.89508056640625,21.628028869628906,21.155899047851562,21.291465759277344,13.576301574707031,18.834938049316406,7.523323059082031,22.1448974609375,24.227012634277344,28.361061096191406,20.666648864746094,17.77050018310547,26.55359649658203,24.189727783203125,27.48645782470703,15.809959411621094,21.833953857421875,18.488265991210938,18.746788024902344,16.57928466796875,17.684654235839844,24.40203094482422,27.329734802246094,22.022308349609375,22.56768798828125,17.048904418945312,15.752449035644531,18.400588989257812,26.815895080566406,22.599807739257812,11.741523742675781,14.508903503417969,12.116127014160156,16.15129852294922,22.045814514160156,26.816909790039062,26.619041442871094,24.151832580566406,16.8733,28.098,-19.4773,-28.0509,12.2538,17.2018,13.9011,58.513,11.4913,12.5387,0.3428,-29.2773,23.229,13.4934,-7.4863,21.1554,15.2541,17.2939,-6.6098,19.0466,16.4246,29.2847,14.8962,-0.408,43.5422,24.5786,23.7652,20.5323,-14.471,8.8971,5.7234,24.3197,8.6377,16.7277,22.3987,23.278,14.4611,10.8011,18.0075,29.4535,20.4079,7.2014,18.9881,-16.3743,-0.1795,19.1844,39.2918,19.5151,15.4534,278.6624,10.1372,20.9415,81.2529,15.4771,32.1189,14.8794,-15.4888,21.3322,9.1539,23.9892,-19.5815,21.3949,154.8465,19.7135,13.7201,13.563,29.1189,1.4729,10.7368,12.7074,14.7678,18.5875,18.1678,24.4202,14.7211,16.6278,20.8613,17.7962,-7.7318,-13.9102,12.6786,-23.1987,8.9963,15.2684,19.3082,-24.3009,15.8495,16.5564,14.124,22.5299,15.9921,23.9679,19.4506,-5.6364,2.5904,12.2029,15.4314,-7.5891,11.5847,36.3987,16.8772,23.8031,23.0459,-9.3252,20.2916,10.5331,18.6645,4.2729,26.6593,13.0504,28.7826,18.9932,13.5348,-1.3413,17.2725,21.1037,16.9862,66.9366,20.1761,31.6578,16.0229,10.1607,14.4112,23.9902,14.3408,18.8085,4.6569,6.5695,10.8246,10.7736,17.3168,13.387,11.4418,18.6078,22.7581,-4.178,25.9916,15.6136,17.2384,18.186,13.2505,14.3856,16.7055,22.0025,21.528,22.3376,18.5518,22.3718,22.6705,30.5978,23.994,24.1971,22.7671,16.5931,19.6219,18.3482,18.7894,6.6193,8.294,15.2204,21.3382,21.7706,19.4677,21.3982,22.1049,14.5688,26.8059,15.7431,18.0084,15.3233,0.6558,17.7621,17.368,18.1702,26.9108,16.6668,22.2699,4.7413,19.3149,19.3289,13.1081,13.7462,20.8576,17.6874,18.7976,10.5182,17.1058,18.372,22.8776,17.3205,15.1214,12.4512,21.1523,13.5711,5.9405,28.438,9.95,14.317,12.4971,22.987,21.2373,11.6192,40.8829,21.5166,33.5334,14.3546,26.8558,13.9841,20.1459,19.9959,20.9469,20.257,19.9457,16.7859,23.5933,10.6446,18.0393,20.7646,-4.3769,3.9102,19.0234,12.4391,26.8064,18.5102,36.1506,19.7978,-13.9612,18.4078,6.4507,29.2101,15.0662,36.4707,15.7424,13.5092,12.5732,16.6161,23.7843,13.9669,26.6063,11.5301,17.5159,11.0269,31.8307,19.2078,10.5745,2.6705,26.382,20.7321,39.21,16.2723,16.037,13.5102,7.7672,-0.3762,11.8079,23.19,1.0742,-11.7145,20.584,25.5011,-12.6284,16.0967,-0.3283,-6.3415,13.7943,7.6889,24.1685,30.2038,35.7714,11.0371,23.9048,30.7937,18.5274,28.4957,21.6066,21.6066,2.6705,26.382,20.7321,39.21,16.2723,16.037,13.5102,7.7672,-0.3762,11.8079,23.19,1.0742,-11.7145,20.584,25.5011,-12.6284,16.0967,-0.3283,-6.3415,13.7943,7.6889,24.1685,30.2038,35.7714,11.0371,23.9048,30.7937,18.5274,28.4957,21.6066,21.6066,21.6066,21.6066,21.6066,21.6066,21.6066
155,31.219383239746094,78.83505249023438,21.361648559570312,22.797683715820312,21.14380645751953,15.941452026367188,28.083755493164062,15.467193603515625,-3.2518310546875,7.583747863769531,19.068756103515625,16.953773498535156,25.968124389648438,19.6158447265625,29.176185607910156,61.61167907714844,24.637794494628906,17.489044189453125,23.149681091308594,13.50677490234375,19.684608459472656,10.357330322265625,22.34569549560547,26.2403564453125,26.37281036376953,22.67017364501953,19.011268615722656,26.637252807617188,25.247116088867188,27.595252990722656,18.3779296875,22.79137420654297,20.721763610839844,21.707199096679688,15.330787658691406,17.27752685546875,26.54833984375,28.89519500732422,24.247093200683594,23.246978759765625,19.88831329345703,25.49565887451172,21.123497009277344,42.159423828125,28.13599395751953,14.156776428222656,14.979782104492188,14.945228576660156,16.395164489746094,28.015296936035156,26.657981872558594,30.5770263671875,26.264801025390625,20.2058,20.94,-25.7727,-19.7307,15.3863,27.7015,29.1476,87.5116,14.2998,20.0767,3.8678,1.7077,25.6308,23.1992,-20.6044,16.7233,17.3496,21.3242,11.5911,30.4779,17.0589,21.7023,33.4245,5.289,11.8785,21.5731,29.9797,15.8354,7.6872,7.9703,-5.76,40.2702,11.2475,27.5004,30.6817,31.1881,8.1982,22.633,15.5737,27.4109,33.9325,27.5248,19.6868,1.3262,3.1742,53.7165,22.4464,23.7916,14.4343,23.0024,13.781,24.495,9.0566,17.4769,60.099,16.1544,-1.2058,15.1322,3.2135,25.795,-29.7552,31.6171,77.1128,40.2585,-33.4205,14.7787,12.8555,-30.1757,24.579,13.1635,11.5341,18.0752,18.0042,27.1417,15.233,16.5551,19.8781,20.1756,-29.1442,-27.7012,4.6288,-7.3941,16.2914,26.8186,22.0669,-29.8714,10.9966,15.4121,17.5735,20.1032,16.7411,25.9386,15.925,-1.1054,5.1065,11.9605,15.5889,5.1361,11.6589,18.0762,22.7785,21.3736,22.1194,-11.3405,19.0161,12.4754,4.72,-27.6095,26.3444,11.6011,22.2791,20.4898,14.0136,-7.7831,16.6347,18.2977,16.2013,20.4751,21.6473,25.6566,9.9347,6.4138,18.975,24.5875,16.6987,14.7628,1.4542,3.9132,-16.0918,11.9464,17.1154,14.4789,11.9462,21.3601,18.2767,6.548,22.9168,19.0673,17.5469,17.8459,13.5976,15.9585,17.21,22.4029,22.0062,20.052,19.8481,22.5961,16.6549,27.6004,22.6181,27.4466,19.4003,13.0558,17.9939,16.5239,16.8288,12.7821,13.1311,14.8687,17.847,21.1125,19.3095,14.3117,20.8748,15.1673,28.141,13.9722,18.2506,6.0477,0.001,20.1091,18.1805,18.7033,28.6296,20.4521,20.0593,-1.2885,23.5683,20.5608,13.1436,13.99,20.7367,17.4855,17.9925,4.502,20.2712,20.3193,20.172,17.8344,15.2332,-17.867,10.5045,18.9701,14.9549,25.33,16.9287,14.1905,15.8736,22.2684,24.1554,18.0236,44.7257,21.1336,32.5651,14.4735,26.0306,16.1837,22.0454,22.2705,26.1431,18.6472,19.6911,21.6975,30.106,27.6291,23.0637,22.3086,18.0335,4.5128,18.2985,18.1642,25.0062,25.6173,31.8776,23.5936,-6.8224,22.4121,16.2241,40.267,41.0482,43.7046,25.9419,18.6138,38.6084,25.4832,39.0681,23.5312,23.2509,15.832,15.6841,21.6447,40.4845,24.048,17.5006,12.051,32.3465,17.4603,78.6559,20.5562,17.139,147.2428,12.7667,1.2671,11.1241,33.2106,7.2885,8.1694,23.8467,39.1008,-7.939,16.1096,7.3812,0.374,15.4506,17.061,26.5615,21.8289,28.8582,10.6376,21.6195,35.556,19.0076,36.508,26.9197,26.9197,12.051,32.3465,17.4603,78.6559,20.5562,17.139,147.2428,12.7667,1.2671,11.1241,33.2106,7.2885,8.1694,23.8467,39.1008,-7.939,16.1096,7.3812,0.374,15.4506,17.061,26.5615,21.8289,28.8582,10.6376,21.6195,35.556,19.0076,36.508,26.9197,26.9197,26.9197,26.9197,26.9197,26.9197,26.9197
156,32.513648986816406,86.79335021972656,19.343910217285156,24.045944213867188,21.081878662109375,16.42230987548828,23.570693969726562,16.38506317138672,4.0894317626953125,13.780731201171875,19.939735412597656,19.755165100097656,24.1307373046875,19.11907958984375,29.65912628173828,48.64314270019531,21.81580352783203,20.910621643066406,23.364776611328125,15.147315979003906,21.06529998779297,14.017349243164062,24.48119354248047,28.216537475585938,28.88581085205078,25.448959350585938,24.895606994628906,26.320968627929688,28.81945037841797,29.420318603515625,19.92882537841797,23.42798614501953,22.056930541992188,22.27887725830078,17.452003479003906,13.765762329101562,27.702407836914062,32.0589599609375,25.00994873046875,24.57708740234375,22.5626220703125,26.192794799804688,24.368606567382812,26.67070770263672,27.615699768066406,23.349639892578125,17.94123077392578,17.188003540039062,18.697021484375,33.010643005371094,33.80171203613281,31.296974182128906,27.315780639648438,22.2892,17.8948,-19.2439,1.1436,9.219,24.0183,21.505,37.4273,14.6468,15.0293,16.2529,5.4724,13.4497,10.8717,7.5513,16.2414,22.4316,21.4086,4.3237,43.6283,18.2562,18.4787,26.9361,13.02,16.8388,19.404,34.973,15.8916,10.0753,6.1806,5.5559,25.058,11.8139,15.358,24.7576,19.4617,21.2519,20.0477,11.9196,16.7483,20.4052,22.9345,27.1497,2.4732,-6.5559,43.3591,35.5953,20.5912,11.8706,23.1334,19.362,21.0143,7.6947,6.3816,17.9734,15.4622,6.0681,16.5494,16.1841,21.5594,-15.3537,31.5754,31.5561,16.2408,11.8746,16.2425,21.7313,-13.3425,25.679,17.9335,14.4085,18.3204,17.0503,24.4877,17.1653,18.3368,18.5818,22.8638,-12.2581,1.0603,6.6105,3.186,18.0037,22.3792,24.4674,-22.7775,16.2706,17.6759,22.5615,22.8899,32.9459,43.0651,17.373,3.1697,10.865,11.3125,20.826,14.6202,22.2441,25.1772,27.1136,24.3307,23.1029,11.6042,14.4802,26.4833,11.0602,17.6456,26.9859,14.4247,24.039,22.99,19.7841,14.225,18.1342,27.5302,22.6657,22.4315,24.2512,38.8286,22.0156,15.8625,21.5999,25.9803,21.254,13.7917,8.5689,9.6381,0.7622,26.2845,19.4273,18.1838,16.8416,23.5559,19.7338,15.0347,19.8332,20.9958,15.4493,21.5212,16.9166,19.1847,18.1,29.8975,27.7507,19.5614,20.2568,24.1656,21.5986,31.4828,22.6531,25.7742,20.8133,12.6838,19.8394,18.7681,19.4968,14.4439,12.7787,16.805,17.3629,22.935,20.0598,15.0,21.2886,18.8035,27.9773,16.9114,20.2202,13.0544,6.9858,20.1349,19.8625,19.4901,15.6223,12.6172,17.8237,11.3478,20.6971,19.8272,14.0697,17.7165,21.3037,18.1847,17.4097,8.2713,25.4722,20.0017,19.5153,20.7432,18.7449,-0.4103,-3.8713,-1.8221,11.1258,22.0305,17.3139,14.226,16.45,22.3344,19.0499,18.6847,33.5536,17.7838,18.7997,15.6739,23.9561,16.7222,21.9128,20.72,22.3399,18.1824,19.1908,19.649,33.5652,22.4589,24.0706,22.9752,2.2802,14.2341,18.5817,17.3749,23.9987,22.7531,27.0544,37.247,-2.1281,23.9077,26.3685,27.992,124.9482,35.1917,31.7459,16.8328,33.2104,21.8124,98.1475,32.8978,28.3219,17.8414,19.3591,17.9156,38.222,20.2721,21.799,13.9354,25.6121,17.2648,20.6644,19.9554,26.6672,34.7687,17.6281,6.6268,9.9233,39.901,7.8044,16.458,28.2338,51.3379,-4.0197,18.4794,33.1323,8.8116,43.0396,45.5266,30.0019,26.2605,33.2769,18.612,25.5602,27.6184,20.3124,34.8724,26.4862,26.4862,13.9354,25.6121,17.2648,20.6644,19.9554,26.6672,34.7687,17.6281,6.6268,9.9233,39.901,7.8044,16.458,28.2338,51.3379,-4.0197,18.4794,33.1323,8.8116,43.0396,45.5266,30.0019,26.2605,33.2769,18.612,25.5602,27.6184,20.3124,34.8724,26.4862,26.4862,26.4862,26.4862,26.4862,26.4862,26.4862
157,32.51127624511719,115.46792602539062,20.90997314453125,25.205459594726562,21.05866241455078,17.82477569580078,26.112518310546875,15.846656799316406,8.210762023925781,18.14740753173828,43.99751281738281,19.471176147460938,33.87012481689453,22.66473388671875,22.63446807861328,47.48484802246094,25.847702026367188,25.747947692871094,29.642913818359375,17.066940307617188,23.876541137695312,16.34648895263672,26.02947998046875,27.712966918945312,40.64262390136719,25.96007537841797,29.163414001464844,28.634429931640625,28.94611358642578,29.885696411132812,25.06273651123047,24.81780242919922,23.544876098632812,26.182296752929688,21.5054931640625,16.236785888671875,34.652000427246094,34.14697265625,24.488243103027344,25.23858642578125,24.053001403808594,27.51299285888672,24.819435119628906,47.406524658203125,26.85401153564453,20.27275848388672,18.070945739746094,16.771820068359375,19.611068725585938,25.237472534179688,32.87449645996094,33.142906188964844,26.929183959960938,19.5912,14.0948,-20.0621,7.707,10.9747,19.1368,21.5278,40.6605,20.6836,15.1959,25.1865,15.0227,13.1314,10.7864,15.6141,14.3893,19.8138,92.1447,-5.6705,19.649,16.636,16.9786,23.6008,19.3951,15.9693,6.2678,31.7591,12.9361,13.351,18.8464,15.2742,52.5291,12.9252,14.3694,24.4123,11.0082,18.4447,19.6857,16.5023,20.8976,24.2535,18.9207,28.1936,3.8474,7.3479,14.9135,77.7014,20.754,10.1286,22.3414,19.3361,33.029,13.2168,8.1951,20.6486,28.5377,11.4419,13.3734,9.4248,25.4929,1.9473,29.3729,32.9269,21.9814,44.784,24.6425,33.9929,9.9734,24.6621,35.9343,71.4932,22.6021,21.3554,42.1295,27.3425,13.3046,26.8636,34.8371,14.5433,7.2685,8.4782,0.2132,18.9797,34.0557,29.0913,1.4886,20.4142,22.8656,19.9371,27.605,68.0805,37.4492,24.4446,13.8183,11.5335,12.2876,24.5226,16.4301,26.2225,30.8279,18.9348,26.0922,32.0478,21.7897,12.2714,33.7738,27.6783,23.09,22.0848,15.3907,19.0965,28.6141,23.1701,16.323,24.9939,55.9548,26.8609,19.93,19.7492,25.321,20.3359,17.9356,21.8814,26.9359,29.8695,29.9168,12.6734,17.8791,10.3017,32.0121,23.6498,27.8731,43.048,23.8455,29.7284,16.1697,26.6375,20.3507,18.8458,33.0426,20.1542,19.3409,22.6592,27.5012,24.6429,24.1976,23.0929,32.556,243.4217,31.5922,21.3175,24.8136,21.0747,22.9183,24.488,22.0214,23.9186,25.5992,19.2976,19.9416,17.1401,20.8279,21.1081,21.4596,21.0553,20.9402,20.4069,25.0761,33.322,20.2947,18.7104,20.9806,20.1177,17.6838,17.567,13.3048,18.905,15.0911,29.7174,26.0651,20.6796,29.0139,21.3378,21.8174,25.9191,19.2884,24.7848,25.4707,24.9812,25.2726,69.1157,5.9997,3.555,-11.6545,5.0635,23.5742,17.3093,14.0662,28.4207,40.3586,33.3425,23.3836,32.2342,18.7202,31.2032,19.0974,25.7731,18.7778,21.8711,21.6859,22.5804,13.186,19.0755,14.9086,31.1407,12.4351,22.0335,22.4026,21.5544,16.8074,17.1727,17.0034,14.2849,20.267,17.6037,21.5657,-10.22,24.4674,27.6965,24.815,31.6903,40.2621,25.6215,11.2231,30.4519,16.5635,19.3426,24.4097,24.8688,16.324,12.9872,17.2465,19.123,18.024,18.6818,10.7925,20.6816,20.1431,85.5467,18.5309,16.7833,22.5708,16.5519,10.8872,11.7164,34.8878,12.5827,17.9938,21.9901,20.5855,0.4372,14.1257,16.8899,12.0629,36.0299,20.4271,35.6185,20.9192,22.6386,15.3193,20.6023,24.2457,22.9005,36.2504,23.1381,23.1381,10.7925,20.6816,20.1431,85.5467,18.5309,16.7833,22.5708,16.5519,10.8872,11.7164,34.8878,12.5827,17.9938,21.9901,20.5855,0.4372,14.1257,16.8899,12.0629,36.0299,20.4271,35.6185,20.9192,22.6386,15.3193,20.6023,24.2457,22.9005,36.2504,23.1381,23.1381,23.1381,23.1381,23.1381,23.1381,23.1381
158,32.357994079589844,166.5221405029297,21.41326141357422,25.519775390625,20.854293823242188,18.721145629882812,25.1522216796875,16.84947967529297,11.809890747070312,17.843284606933594,25.46966552734375,18.962112426757812,28.36890411376953,22.643798828125,22.649932861328125,46.41106414794922,25.187278747558594,22.989479064941406,24.748390197753906,23.95709991455078,24.13799285888672,24.148963928222656,25.753616333007812,29.9212646484375,34.34532165527344,30.021278381347656,35.69450378417969,30.575584411621094,29.335060119628906,34.47405242919922,26.589317321777344,25.234451293945312,25.416343688964844,30.992584228515625,23.03179168701172,22.928848266601562,34.906578063964844,37.33216857910156,37.04829406738281,28.396888732910156,68.84788513183594,38.08800506591797,23.441680908203125,39.804290771484375,34.99322509765625,23.524429321289062,21.48565673828125,22.311447143554688,17.94457244873047,24.396461486816406,34.56687927246094,32.45060729980469,27.01690673828125,20.9156,11.0749,-14.5432,11.4064,12.2824,23.9509,15.5106,27.7018,99.0403,86.3826,23.655,16.267,120.2466,40.4056,17.9043,21.9786,29.3544,24.1676,4.7729,23.6091,17.2401,24.6637,24.4985,21.3669,12.7549,21.3105,27.6546,24.3609,14.5243,18.028,17.7002,31.0824,12.8659,13.052,33.7269,17.3994,23.7575,22.9726,19.0106,18.2221,21.9593,10.7953,32.371,3.9038,12.4216,18.6302,21.1572,18.047,11.0139,14.171,10.5266,20.8521,24.5746,13.1776,24.0871,37.3147,10.7963,18.6803,18.1949,27.296,-0.9701,35.1846,38.8284,23.4243,23.7612,18.1252,21.6651,18.6176,28.8281,17.9377,25.346,23.1975,19.6332,24.2578,19.043,13.3199,21.5583,29.9581,17.2962,11.2849,28.8938,18.909,19.0756,25.7081,21.5404,11.713,27.4509,18.733,16.6093,24.6716,37.1199,22.6035,20.6399,12.2274,34.1751,16.5468,30.2969,17.2979,93.2884,21.5071,31.9999,25.1479,25.6419,17.7414,18.6301,27.5703,22.5679,30.4467,27.7161,18.6559,19.635,24.5224,18.1094,24.4987,24.0718,28.6375,61.4135,23.0208,19.2381,22.2441,21.6275,18.6266,30.5642,24.8685,21.6651,21.1185,19.0221,21.5994,17.4354,48.6373,23.8246,24.378,26.1348,22.1878,24.9126,27.0248,26.9157,23.4627,18.2716,26.6305,20.0083,18.3602,21.2035,25.9361,31.2343,25.386,32.2468,33.3806,25.2677,34.7386,31.9476,26.9717,29.7182,23.4944,23.2585,21.4136,26.1571,26.3524,21.2745,35.7642,14.4654,19.1579,26.4359,20.701,22.8874,24.0165,21.9173,23.5685,36.9321,22.1341,23.1719,25.8777,20.9009,16.5838,19.7318,21.1131,20.0779,20.0642,41.4858,25.3321,22.8356,23.3271,23.5058,21.8118,33.6596,21.4094,42.9731,32.9275,29.5924,21.5964,26.8654,17.0846,24.2104,19.6939,28.894,25.5355,19.2219,16.7018,22.0245,36.5353,23.356,20.701,21.8219,36.5615,23.6303,21.875,28.8771,28.1324,36.3342,32.8019,31.4843,36.0603,33.858,53.1752,21.677,15.8504,17.6263,26.8876,32.2688,28.0864,24.002,26.9763,18.4226,25.0718,21.0485,28.6389,7.0859,157.1208,26.5563,27.2592,30.567,26.9013,28.2794,15.9728,59.8478,29.5124,19.9753,25.693,19.8532,180.3695,212.4223,20.0667,192.1867,24.6764,21.7871,25.7557,20.8079,32.4259,51.112,17.9274,16.7844,25.0814,11.554,9.4266,19.9466,25.6925,12.2238,26.1221,20.5886,16.7341,-0.2972,18.5312,25.4661,20.3453,18.3428,17.6658,26.1381,20.2077,17.9061,23.8739,19.6996,28.9337,35.8938,33.2448,21.593,21.593,25.7557,20.8079,32.4259,51.112,17.9274,16.7844,25.0814,11.554,9.4266,19.9466,25.6925,12.2238,26.1221,20.5886,16.7341,-0.2972,18.5312,25.4661,20.3453,18.3428,17.6658,26.1381,20.2077,17.9061,23.8739,19.6996,28.9337,35.8938,33.2448,21.593,21.593,21.593,21.593,21.593,21.593,21.593
159,30.10193634033203,329.859619140625,24.559463500976562,25.93915557861328,20.504798889160156,19.484130859375,28.928665161132812,24.439613342285156,12.682891845703125,17.13896942138672,23.445724487304688,19.917266845703125,34.90699005126953,24.998992919921875,26.3477783203125,38.348419189453125,26.947410583496094,24.59515380859375,23.871353149414062,20.581130981445312,24.19256591796875,20.02165985107422,26.19622039794922,30.66631317138672,49.93125915527344,30.080886840820312,35.920616149902344,31.809791564941406,29.853302001953125,36.65782928466797,25.11345672607422,24.60064697265625,25.94573211669922,30.70893096923828,23.12530517578125,22.08942413330078,31.588226318359375,36.326210021972656,36.30760955810547,28.228652954101562,35.1094970703125,29.42119598388672,23.52466583251953,232.27491760253906,32.97637939453125,21.16033935546875,21.785018920898438,21.439498901367188,17.429931640625,23.546600341796875,34.295616149902344,32.93778991699219,26.76160430908203,20.989,23.5478,4.2423,11.2875,13.4878,17.7302,27.3068,46.548,21.3694,29.1007,19.5073,16.9226,19.397,21.3906,9.1179,24.1388,9.6471,19.9679,17.9906,22.222,24.8897,24.4713,26.3601,17.9807,17.8618,10.1665,22.6663,15.2393,14.4691,26.2044,19.508,51.7604,13.4597,17.6748,21.0193,11.0069,11.6518,19.8093,21.2478,21.3224,17.5626,9.1897,18.3135,10.1983,14.5945,31.81,43.1442,15.1716,25.4571,16.4416,9.8273,21.1302,15.6956,15.3612,23.6001,30.0563,17.1646,21.3403,21.0163,26.462,9.9472,22.691,60.2763,24.2628,27.7121,15.491,26.8304,19.5419,22.8489,16.698,19.0911,21.4706,18.1172,22.3528,19.7868,14.0609,30.6676,25.2891,23.6714,20.1755,15.9148,26.029,21.4537,32.0733,16.8825,22.8424,13.9434,19.3369,15.0768,27.4707,27.2627,35.4208,25.4995,11.2942,16.8748,16.9496,22.3165,21.5128,59.4461,22.6188,28.9133,26.2306,26.7052,27.7888,21.8861,30.1728,34.4068,36.6673,29.7807,23.3128,20.4737,33.1908,28.2029,44.4289,24.273,77.5015,29.9691,28.8984,23.6221,21.844,34.3345,23.5711,30.3167,24.3872,35.5186,23.1145,21.3685,21.6532,18.89,43.8368,29.6357,25.0022,25.4628,23.1509,23.2491,27.349,29.0778,24.5927,21.5144,30.3853,19.9319,21.2686,22.6383,26.9815,38.3957,31.9487,29.5547,46.194,23.9634,34.3016,34.4514,27.4532,25.4868,30.8937,28.0016,24.1918,26.6068,18.8876,21.9934,23.0934,18.8478,19.8223,22.035,14.7871,18.8935,25.7169,31.636,27.2646,59.4377,21.4877,21.8821,24.6253,22.4785,20.6815,24.014,30.4115,20.4743,21.8184,36.87,25.7089,23.0885,38.4147,26.3239,24.8331,20.1163,19.6872,22.664,20.8631,27.0848,24.2264,18.2656,13.2674,15.5583,17.0788,22.6682,28.489,16.6141,18.6341,86.9313,25.6862,19.5479,15.5882,24.4259,25.1601,29.2372,51.8346,24.8018,23.8272,28.8774,33.1097,27.4572,25.2279,28.5075,41.8726,21.1979,17.3526,24.8105,32.6723,28.0616,24.5769,21.6553,23.0246,28.3708,28.8018,23.8014,29.5593,12.3022,25.8793,19.8625,19.8652,27.6241,41.3861,17.6368,16.8997,26.7998,40.1841,26.1396,66.5657,19.6369,27.4189,53.094,21.7069,106.2964,23.0611,20.8024,19.3047,38.5982,18.3141,636.4863,31.9495,22.4401,20.6747,10.507,12.4429,21.7725,40.4667,17.7212,28.1296,23.5814,19.66,8.2557,18.2394,14.3575,6.6951,18.8641,20.3162,30.2271,41.1464,11.526,23.1429,21.4096,30.4518,48.6731,35.1656,19.9494,19.9494,19.3047,38.5982,18.3141,636.4863,31.9495,22.4401,20.6747,10.507,12.4429,21.7725,40.4667,17.7212,28.1296,23.5814,19.66,8.2557,18.2394,14.3575,6.6951,18.8641,20.3162,30.2271,41.1464,11.526,23.1429,21.4096,30.4518,48.6731,35.1656,19.9494,19.9494,19.9494,19.9494,19.9494,19.9494,19.9494
160,28.46990966796875,239.2790069580078,27.092041015625,26.066246032714844,20.62665557861328,21.749839782714844,28.22174835205078,20.714691162109375,14.056785583496094,17.19054412841797,22.044654846191406,21.683372497558594,30.535926818847656,24.59479522705078,29.949951171875,40.20747375488281,25.76811981201172,23.78650665283203,23.570785522460938,21.616546630859375,29.18492889404297,20.278793334960938,25.99749755859375,32.71885681152344,47.664398193359375,28.865631103515625,36.23566436767578,33.25366973876953,30.386749267578125,35.71996307373047,30.62322235107422,26.69995880126953,27.59874725341797,38.70561218261719,29.286537170410156,23.624053955078125,31.767723083496094,39.01428985595703,35.82905578613281,29.942237854003906,44.35475158691406,28.543792724609375,27.92639923095703,93.52865600585938,38.187721252441406,19.316864013671875,23.64849853515625,20.953506469726562,18.17816162109375,23.32520294189453,28.565353393554688,31.4586181640625,26.743453979492188,33.9215,18.2874,12.9608,10.923,14.3677,20.7557,17.2443,56.8949,15.1068,13.3912,17.7014,16.7809,17.7587,30.5167,10.5451,25.8114,6.9899,19.621,8.6813,25.926,23.8829,25.7003,19.0102,27.3749,21.5397,13.0356,41.8993,16.3888,14.1419,25.4846,15.5141,34.6023,14.7411,16.6589,21.3759,9.4823,13.4916,49.7646,21.0439,281.877,16.8727,8.6257,17.6883,13.6731,15.0947,40.3924,42.7291,17.5437,15.4909,19.5469,14.2094,19.8188,10.8748,40.8182,25.6915,39.9534,12.6802,20.5021,21.1122,23.4939,25.077,32.6025,42.4921,21.7299,19.0244,19.5391,22.8322,32.4221,18.1493,18.6812,18.8567,21.0072,16.8249,21.89,18.6993,14.4686,23.5318,30.1464,43.8314,21.8756,18.2914,27.1707,22.947,34.8834,20.2382,30.5724,13.9651,31.511,14.9782,39.4652,23.317,24.0957,29.9514,14.2835,17.3749,18.1042,21.9407,24.701,48.7452,26.0689,21.7537,25.2928,42.5156,28.1304,25.554,28.4754,31.1435,41.8559,34.05,27.7233,22.8303,35.6497,33.2773,41.6164,24.5285,68.1899,37.1617,30.121,25.2193,23.6324,30.3706,70.7706,25.8809,25.9382,30.0427,29.7065,23.7763,25.3497,27.2143,40.8225,32.1094,42.6969,28.4346,29.7505,49.2216,26.432,30.8008,27.1375,21.8813,26.3719,27.8436,23.1921,22.0137,27.7602,43.0697,118.3579,33.4057,32.3479,26.8084,52.1389,26.0621,43.7005,28.6735,50.4174,26.8835,28.2143,27.5968,35.4481,23.9476,34.8036,24.4334,20.8987,22.4819,14.7026,25.441,50.9202,28.8237,33.0095,28.4653,21.9311,22.7349,27.608,22.1539,36.4166,28.4792,26.1235,23.1706,22.8965,58.193,58.3729,28.9162,119.6474,25.829,27.8137,20.8919,36.3664,37.004,29.4272,24.7719,29.4527,28.3097,18.5386,18.2876,20.5159,29.6936,23.4168,16.7085,29.9829,54.6744,28.289,22.8098,26.7178,31.6135,24.5038,31.9402,42.5181,25.065,23.6393,25.3205,27.9145,23.1919,18.5985,24.1074,36.6779,19.0649,25.122,24.8711,30.7906,32.1534,35.897,23.8544,23.2749,25.4265,22.8779,21.5467,25.6775,22.5352,56.4616,14.6881,29.5552,25.2045,25.5391,17.2955,17.8144,22.6153,21.9481,37.2581,51.1555,24.676,24.2328,23.9797,31.1911,39.1761,20.6712,24.5651,16.8485,44.3302,18.1579,105.782,19.1772,17.0005,18.0891,13.0877,8.4841,19.5958,33.3867,23.9712,22.4468,20.8811,16.9918,-2.8849,18.8709,10.5037,13.2124,17.9132,353.6347,28.7905,33.2588,15.0392,26.948,21.279,23.1363,32.4664,30.5609,20.1176,20.1176,16.8485,44.3302,18.1579,105.782,19.1772,17.0005,18.0891,13.0877,8.4841,19.5958,33.3867,23.9712,22.4468,20.8811,16.9918,-2.8849,18.8709,10.5037,13.2124,17.9132,353.6347,28.7905,33.2588,15.0392,26.948,21.279,23.1363,32.4664,30.5609,20.1176,20.1176,20.1176,20.1176,20.1176,20.1176,20.1176
161,28.18865203857422,455.59954833984375,23.669769287109375,25.922943115234375,20.473976135253906,21.374343872070312,25.370773315429688,21.464859008789062,15.296501159667969,14.648735046386719,21.611770629882812,21.433914184570312,31.381179809570312,23.008567810058594,30.45641326904297,38.600440979003906,39.32142639160156,23.668907165527344,32.03321075439453,23.40038299560547,29.15899658203125,21.225326538085938,27.85028076171875,37.690513610839844,37.98876190185547,32.497337341308594,40.662200927734375,34.41253662109375,32.60022735595703,41.185821533203125,29.28558349609375,28.645774841308594,28.266639709472656,92.39146423339844,31.1932373046875,26.112953186035156,32.302696228027344,38.533485412597656,43.33372497558594,30.31402587890625,34.30787658691406,33.845970153808594,37.008018493652344,63.218170166015625,36.67579650878906,20.128074645996094,25.292343139648438,23.85504913330078,17.611923217773438,22.431976318359375,28.821945190429688,29.778045654296875,28.644912719726562,27.9494,18.7647,17.8488,12.5951,16.5407,22.2905,20.6723,61.6642,16.6598,9.8083,9.2473,14.5128,14.9975,14.0127,11.3484,25.1036,4.9658,20.6953,13.3765,24.9782,19.9119,43.3493,18.5772,15.9545,17.1649,17.9006,23.2701,11.0556,16.1027,25.6133,14.1067,35.245,15.626,13.9005,21.7078,3.6369,7.1374,134.1557,21.0629,26.585,20.1628,17.3825,17.8151,12.3198,17.6774,38.4976,60.2204,23.6408,32.4025,24.2986,16.1108,19.4184,17.1532,34.6656,27.1246,51.5509,12.7053,21.7143,27.2103,63.1298,40.4107,33.1538,36.3707,19.5786,19.8218,18.9622,21.3546,90.7236,21.6522,27.4448,19.9291,21.6916,16.7348,48.4868,20.393,15.4471,21.4777,32.6967,76.0613,27.2991,22.1223,26.3209,29.0341,20.2132,23.0127,28.4119,21.5656,28.5806,11.5963,76.7909,183.8647,27.5471,28.7085,14.4587,18.2511,18.7198,18.9894,23.462,168.6247,29.839,26.6162,30.2783,32.3434,28.2659,26.4065,49.4629,41.1315,32.7629,45.9924,29.5365,33.7178,28.6038,28.1853,33.5705,25.328,30.564,32.1768,60.571,26.2469,27.2405,66.7494,22.9838,37.2221,39.0765,28.0413,58.6091,18.8487,26.3609,25.3809,52.5192,82.2452,46.8703,27.1559,25.5712,38.2258,27.2916,32.2914,26.8571,22.2788,26.5843,26.0479,24.4437,26.1691,32.9066,35.8522,40.7136,33.0559,27.7485,28.546,54.8632,41.2094,49.2155,47.0566,37.9848,29.8008,30.858,29.0964,27.6824,27.2762,33.3891,24.2007,34.6493,46.9537,37.8507,29.5961,46.9918,33.0066,55.8907,32.0216,24.8298,29.1783,27.8424,22.8945,28.9121,18.2226,34.3756,24.6756,23.6738,215.8691,43.6987,28.2161,45.6369,25.0066,35.6333,24.0667,38.2581,40.1289,32.1068,32.8043,33.1859,21.7428,26.2427,21.9953,20.6594,54.053,31.7765,18.6744,36.66,33.8009,29.4016,42.403,28.9199,36.6145,26.6815,69.4731,125.6438,30.663,22.3335,26.2401,37.3463,24.6895,22.5647,27.044,56.9306,38.0782,28.8546,48.0231,34.6294,31.0692,41.5755,24.5335,24.6039,100.7157,25.0197,44.6294,30.9107,18.9818,28.1893,22.3435,26.5676,25.746,30.2701,18.5909,18.2353,41.8613,28.19,46.2886,57.1675,26.5483,25.923,27.3243,56.2005,32.0162,30.3541,22.7958,23.8447,32.2818,18.9681,21.5448,21.177,16.9216,29.798,11.5246,11.2236,20.2467,39.8226,13.0384,15.4025,17.1135,16.052,-4.5773,26.4164,13.0813,29.1425,11.4976,25.8294,28.838,33.1981,12.5693,29.6947,28.1268,25.242,35.0293,25.248,24.6152,24.6152,23.8447,32.2818,18.9681,21.5448,21.177,16.9216,29.798,11.5246,11.2236,20.2467,39.8226,13.0384,15.4025,17.1135,16.052,-4.5773,26.4164,13.0813,29.1425,11.4976,25.8294,28.838,33.1981,12.5693,29.6947,28.1268,25.242,35.0293,25.248,24.6152,24.6152,24.6152,24.6152,24.6152,24.6152,24.6152
162,26.36235809326172,260.9049072265625,26.595932006835938,25.42041778564453,20.455474853515625,19.562286376953125,27.27344512939453,19.90929412841797,16.771446228027344,13.481285095214844,22.692848205566406,22.492530822753906,24.89470672607422,25.179962158203125,32.35054016113281,29.709442138671875,42.73350524902344,25.045074462890625,24.587852478027344,24.02399444580078,30.72362518310547,26.089073181152344,28.37029266357422,37.48082733154297,37.24602508544922,34.48976135253906,32.8350830078125,35.317481994628906,32.6990966796875,48.283599853515625,30.28752899169922,29.353477478027344,27.59917449951172,56.65625,27.530014038085938,28.547500610351562,33.68273162841797,36.471031188964844,49.95068359375,33.85882568359375,34.983306884765625,30.819000244140625,38.10078430175781,58.16828918457031,42.99311065673828,20.484764099121094,25.647003173828125,23.16900634765625,17.532562255859375,23.34265899658203,28.50818634033203,28.541900634765625,32.148582458496094,21.2024,10.8486,39.7862,18.9336,13.0665,21.0413,22.8159,38.4826,17.8274,1.4535,6.3361,10.8479,13.2693,15.7218,473.4735,28.3526,1.665,24.8022,13.9882,20.149,21.2649,13.7686,18.1634,24.013,17.8466,17.9925,26.7396,4.9379,10.8838,24.4622,14.49,16.3988,21.077,14.3677,22.7291,27.6553,15.6359,19.808,27.1396,25.997,16.686,14.944,18.5638,13.4803,18.7838,40.9581,60.4083,30.0128,33.617,25.9919,52.5548,18.6948,9.7506,25.9789,24.9334,57.9679,11.1023,27.7848,24.6038,60.9373,57.494,33.0762,33.9674,27.7794,14.9059,18.5707,26.7453,123.1755,32.7344,17.3757,25.446,21.6728,13.6304,22.6317,21.44,17.6877,23.8569,27.658,35.6541,19.339,22.5424,24.6075,25.2515,27.7887,21.5835,26.5933,35.1334,29.6945,13.3914,71.3575,46.0144,25.0984,28.3049,17.1189,32.4871,22.5066,20.4402,25.2501,30.009,20.8693,11.742,31.9751,147.287,28.5625,26.9472,308.563,47.2143,43.9824,42.681,30.3438,37.0271,26.0091,30.6143,33.027,28.8906,37.6932,31.971,34.032,28.0893,31.112,108.3778,31.5334,41.9079,29.1212,29.5071,54.9212,20.6837,24.7447,24.8993,27.6677,49.7784,96.8971,26.939,24.4638,57.5884,27.7104,30.274,28.0123,23.1865,27.8205,34.7185,26.1487,30.9767,32.2053,28.0108,66.7651,29.1212,29.055,25.5454,65.1816,60.4213,28.2082,32.0404,33.854,27.8948,28.3068,28.0841,29.3698,26.5535,42.3773,28.3862,27.1694,24.2355,20.3732,30.0001,25.6494,26.966,48.9541,32.8207,25.4059,27.2722,24.7074,21.7232,26.3603,23.026,34.9497,24.9689,23.838,72.9015,41.1937,68.1076,85.3976,29.1058,31.3994,32.2093,25.4531,51.9853,24.2821,39.0109,44.3932,28.1385,30.575,27.3235,21.484,24.0778,25.6737,21.4506,32.3692,30.8976,34.5399,41.6583,37.682,42.9378,39.1608,96.4069,146.6164,26.1175,20.6964,25.3022,30.0538,24.7589,27.3411,30.3639,73.3415,35.117,41.6831,45.8603,39.7065,34.9475,39.7511,34.2325,30.3591,26.4628,25.1387,25.6808,27.3427,19.2676,33.4401,19.3104,31.5207,42.5382,41.7281,21.3037,20.8687,28.0972,33.0375,53.2852,58.4707,27.3029,32.2436,42.1073,52.4221,39.2781,33.6874,23.9023,21.6776,18.8727,13.2203,54.4173,19.0976,17.2097,16.8943,11.5552,11.8094,36.0004,25.0993,20.9398,14.4656,17.4031,15.9069,10.0284,29.0583,16.2912,22.0353,11.0885,24.3685,27.462,17.7807,14.347,29.1795,23.781,29.2671,33.3481,22.7883,35.8256,35.8256,21.6776,18.8727,13.2203,54.4173,19.0976,17.2097,16.8943,11.5552,11.8094,36.0004,25.0993,20.9398,14.4656,17.4031,15.9069,10.0284,29.0583,16.2912,22.0353,11.0885,24.3685,27.462,17.7807,14.347,29.1795,23.781,29.2671,33.3481,22.7883,35.8256,35.8256,35.8256,35.8256,35.8256,35.8256,35.8256
163,26.11811065673828,210.2456512451172,26.660072326660156,25.959152221679688,21.489906311035156,19.23675537109375,28.83667755126953,21.32843017578125,18.158485412597656,15.137649536132812,22.44654083251953,21.925872802734375,30.2220458984375,25.110206604003906,31.419540405273438,20.518653869628906,47.27854919433594,22.36846923828125,24.87458038330078,25.84949493408203,32.0140380859375,23.98517608642578,27.637046813964844,36.02839660644531,37.91905975341797,32.071861267089844,34.87206268310547,51.20628356933594,37.59965515136719,48.9033203125,31.657302856445312,28.91559600830078,28.45880889892578,44.828025817871094,28.83514404296875,36.280479431152344,37.162078857421875,35.98516082763672,48.91984558105469,34.3585205078125,33.70610809326172,47.46583557128906,45.66938018798828,65.41738891601562,41.74412536621094,20.388473510742188,26.296043395996094,24.464691162109375,17.939407348632812,23.400680541992188,29.54572296142578,28.384307861328125,31.334426879882812,17.4453,-8.9651,20.256,16.9717,12.7592,27.6374,17.7172,43.0601,18.0524,4.4018,9.9985,12.9841,13.0297,19.4765,23.4863,16.6214,-0.9401,22.1211,10.8075,19.9875,23.1738,13.2166,19.4698,23.8783,14.551,18.2397,19.6017,-3.5598,12.6583,25.291,18.3419,32.6097,17.2235,13.7433,22.7953,25.3057,17.397,22.2851,23.9835,18.6314,14.5533,13.7842,19.5282,16.6065,20.0669,33.1961,45.8885,39.4854,19.9009,33.5273,22.6041,19.4975,4.3867,12.9902,31.7994,47.1442,16.8819,25.4975,100.5581,74.0032,31.4548,45.2474,38.6619,36.3813,19.7136,19.1621,17.0163,77.5906,394.6469,18.8651,38.8332,22.1372,-2.5356,20.4245,23.874,20.319,25.6852,29.4704,36.4963,26.8781,26.0961,24.504,26.4664,24.603,41.4656,23.1583,51.319,34.5958,12.4944,63.9872,36.5231,21.5257,27.2758,12.0492,19.8936,22.8833,21.3493,25.3127,19.2598,30.0621,3.1011,24.3683,35.3101,25.8113,26.6968,36.5782,51.3489,46.8283,34.2875,28.1347,34.6337,27.3181,25.4548,28.7868,29.4836,39.7507,35.6706,31.582,24.3222,28.9163,136.8097,23.0734,28.6887,33.3032,29.4446,62.377,21.3017,24.0566,22.3892,31.8126,90.8799,139.6416,27.6686,24.8506,37.1342,25.9679,76.0584,26.0476,26.3412,27.1933,27.6994,26.0723,25.7856,42.6622,29.6859,164.7821,179.5077,30.7602,28.742,76.9406,54.8422,35.5696,31.1936,57.3817,40.0231,27.5313,28.2843,30.1123,30.3725,35.7997,27.23,28.4284,22.2007,37.3578,26.6149,25.0394,42.1155,53.3083,43.5634,26.7048,31.3126,24.7646,21.4184,27.5352,27.7052,124.3082,25.2386,24.7887,35.8802,44.2223,23.9848,36.0641,32.9604,25.8892,23.2627,27.9116,42.2042,24.3141,33.7177,27.205,26.0323,57.1306,49.8998,22.1022,27.5299,27.6673,21.2163,29.3817,31.1828,40.3237,42.6716,44.9624,61.4665,49.7312,71.228,85.6166,25.914,20.107,28.0988,32.2852,25.6924,31.91,34.6242,58.963,32.7595,58.5991,45.4338,60.0548,36.8497,41.2449,31.204,26.8427,31.7789,27.0586,37.1476,29.3455,23.736,28.9035,25.0481,26.0688,23.6113,47.4477,21.5682,29.4678,76.5353,39.2591,56.459,80.7558,32.3376,46.0515,30.8969,68.6772,35.005,33.7706,25.4696,20.583,22.3899,18.4316,86.8371,22.1553,19.522,20.5319,10.3041,8.6012,22.3819,40.2862,17.2807,13.3529,16.9149,15.2762,3.0659,24.3072,10.299,26.6671,19.4154,25.3478,28.0017,7.577,15.6153,27.9553,22.6879,20.0931,25.6337,20.7038,26.0645,26.0645,20.583,22.3899,18.4316,86.8371,22.1553,19.522,20.5319,10.3041,8.6012,22.3819,40.2862,17.2807,13.3529,16.9149,15.2762,3.0659,24.3072,10.299,26.6671,19.4154,25.3478,28.0017,7.577,15.6153,27.9553,22.6879,20.0931,25.6337,20.7038,26.0645,26.0645,26.0645,26.0645,26.0645,26.0645,26.0645
164,26.176742553710938,178.2354278564453,27.9210205078125,27.464401245117188,25.271949768066406,20.379440307617188,34.21803283691406,21.9619140625,27.331993103027344,15.409278869628906,25.51573944091797,24.554786682128906,31.89989471435547,25.408782958984375,38.97509002685547,22.48998260498047,55.23954772949219,27.986907958984375,26.77198028564453,27.80268096923828,34.81610870361328,29.533287048339844,29.41851806640625,36.530967712402344,42.212974548339844,38.12548065185547,34.865074157714844,71.66441345214844,38.1444091796875,65.27122497558594,35.04780578613281,30.869422912597656,31.375289916992188,40.748619079589844,30.335403442382812,50.36334228515625,40.67854309082031,34.68780517578125,66.9075927734375,36.030906677246094,34.31452941894531,39.27796173095703,59.94671630859375,59.441314697265625,50.21685791015625,20.30889129638672,26.61949920654297,26.580596923828125,18.97900390625,25.037254333496094,31.071945190429688,28.977874755859375,32.472747802734375,14.7217,-13.2714,20.9133,36.8485,12.8556,22.3108,18.538,41.635,17.4759,7.4511,3.5908,16.3858,12.9892,16.5172,75.4541,21.6315,-8.8551,19.6679,13.7817,18.0898,22.439,15.8636,24.802,33.868,18.2422,16.9513,18.9253,-4.952,10.9326,39.5494,19.6818,32.0086,9.6412,8.8135,23.5523,23.05,22.8807,20.88,18.4904,16.3348,14.6648,12.4625,18.3035,19.2697,20.9501,52.5893,200.1004,38.9444,17.6027,27.8998,19.9233,19.0812,13.7255,28.8397,31.3608,30.7985,17.5672,28.9748,24.0853,82.1621,43.8708,212.1084,42.5759,42.5489,24.1799,17.6829,29.0845,0.6493,67.8516,30.8695,52.8812,27.3544,3.1609,22.7494,25.4696,17.8757,26.4841,31.8567,44.3344,29.1681,25.7372,23.773,34.3035,31.3705,47.7763,56.951,37.6444,34.3272,17.8647,48.2194,101.5558,19.925,29.8924,7.6553,31.216,23.0471,25.4145,25.5444,25.0314,29.691,12.0652,25.9362,55.8878,23.7833,26.6743,41.4554,52.2287,54.1677,32.3462,27.0887,28.8571,28.1743,28.2888,26.1,26.2454,49.601,34.4622,39.7872,36.3609,26.9395,111.7737,25.57,42.6691,31.6605,26.337,30.0172,22.0253,22.4337,23.1815,28.8911,140.0097,160.434,28.6794,23.3398,28.9969,29.1577,122.7007,25.5485,27.0379,27.0832,25.2454,29.1197,25.9621,36.8948,33.5114,56.7706,112.2887,33.4312,53.7982,114.7321,100.3403,27.9829,27.1114,57.9254,30.1362,26.6339,28.462,34.2097,29.7039,48.1633,21.2758,27.486,22.6953,24.4877,26.2133,29.8676,54.3313,56.98,32.4907,30.5503,32.2505,29.8,21.8583,26.0226,25.613,37.7074,25.6639,25.131,33.3687,117.6664,23.9385,54.4849,38.4644,25.5328,25.5161,27.6122,39.1936,24.1307,28.5999,27.8852,35.4389,38.8582,81.9604,30.9732,35.0822,30.3223,22.7297,22.7434,37.7758,45.0834,42.4418,50.8456,84.9755,72.4702,130.4147,206.7188,26.3209,21.7002,43.0683,32.3518,26.1875,35.977,35.9992,109.1867,37.2384,65.2798,59.2646,70.4331,58.8139,54.75,30.7014,31.189,37.969,36.0628,28.767,29.8463,25.0978,29.5746,25.4281,37.7182,37.3223,36.1857,22.0724,55.5284,39.6313,55.2304,50.0373,120.4888,35.3332,150.0864,63.8193,104.6727,69.4454,30.7801,22.7242,22.5934,82.537,16.9611,69.6944,23.2367,20.162,21.2054,8.3356,11.6211,23.7925,38.4411,10.4368,10.978,19.7165,13.1401,9.6707,22.1252,6.4289,20.2753,24.5694,23.1447,27.2431,15.0927,15.841,23.1377,17.5263,17.9775,27.465,18.6312,25.2101,25.2101,22.5934,82.537,16.9611,69.6944,23.2367,20.162,21.2054,8.3356,11.6211,23.7925,38.4411,10.4368,10.978,19.7165,13.1401,9.6707,22.1252,6.4289,20.2753,24.5694,23.1447,27.2431,15.0927,15.841,23.1377,17.5263,17.9775,27.465,18.6312,25.2101,25.2101,25.2101,25.2101,25.2101,25.2101,25.2101
165,25.700965881347656,157.57928466796875,29.26031494140625,28.18829345703125,26.97760772705078,21.5269775390625,32.450523376464844,24.891372680664062,29.45836639404297,14.614845275878906,25.81684112548828,24.302658081054688,41.99211120605469,27.233856201171875,34.91912841796875,31.227005004882812,56.58843994140625,25.471206665039062,27.64165496826172,29.67481231689453,37.68214416503906,35.745765686035156,30.412139892578125,37.3099365234375,47.064178466796875,36.573020935058594,35.43810272216797,64.02761840820312,38.020843505859375,64.24635314941406,40.84154510498047,31.11083221435547,32.889564514160156,37.1329345703125,30.813369750976562,37.55914306640625,45.21051788330078,34.23896789550781,89.76911926269531,38.24993896484375,35.94921875,38.73900604248047,54.11488342285156,57.37371826171875,52.98893737792969,24.299179077148438,26.28888702392578,27.850128173828125,20.225738525390625,24.94786834716797,32.040802001953125,31.05158233642578,36.0123291015625,14.6552,-16.0034,31.7304,36.6214,14.1216,18.2076,36.1566,38.3072,17.7361,11.0404,1.3578,17.4797,12.1591,12.0555,67.8176,12.6035,-2.9212,18.1514,16.4573,17.7325,19.7738,15.748,19.4255,33.2434,15.3305,16.6398,18.9451,-8.9916,5.987,68.4186,14.5502,56.7759,13.5987,7.3879,22.9144,21.9305,18.8519,16.7087,22.6855,16.9889,14.9004,13.1411,16.5463,23.3092,22.0944,35.1234,33.3409,45.9734,58.0431,28.3375,19.3877,20.3009,23.6522,25.5515,30.5628,6.8138,25.402,76.1759,23.6963,81.307,72.7265,80.6181,33.3851,32.6458,29.8071,17.5322,17.5472,-1.3032,30.4167,27.7085,50.1717,20.2559,-4.6049,20.951,24.9381,23.8972,35.7756,29.1241,54.9911,29.509,26.7363,28.7181,29.2601,31.1476,39.7715,44.987,29.8684,40.8347,60.2443,70.7404,25.0845,22.7334,24.9925,20.0428,44.2139,22.6446,29.7897,26.395,19.3343,31.3724,16.285,26.1379,30.4688,23.8999,25.2311,42.4546,63.4958,57.0246,35.0256,29.9665,27.2092,28.9702,32.9274,31.9534,26.5709,61.1269,31.8371,36.7227,30.7399,30.6915,118.2947,22.6976,33.1841,29.7781,25.5791,35.2289,22.8967,27.5449,61.6572,29.2406,242.9676,140.9377,29.5013,25.6639,23.0478,32.5645,80.8948,25.8046,26.6292,27.638,29.9767,25.9792,25.3022,32.8029,41.9114,118.7237,30.212,29.6955,47.2648,119.2967,88.2587,28.979,24.9655,54.2625,29.4151,26.5248,52.1159,49.7132,30.0929,95.3647,21.1406,25.8141,16.5141,24.349,25.7816,28.4357,36.8539,246.1157,30.7649,72.6886,38.1331,30.9037,22.2106,26.951,25.6778,31.9536,25.7503,25.2691,26.694,155.046,24.0388,43.6439,36.1485,26.1534,22.7184,26.2144,38.48,76.9428,30.2943,24.8077,27.2363,46.2087,31.2597,35.5877,26.8437,27.6255,22.7692,23.9117,36.0058,53.0391,42.8456,54.7421,69.4765,68.2777,173.3547,92.2465,26.3245,28.9085,32.6609,32.0749,27.538,35.9074,57.2106,166.1337,31.3891,93.3976,63.8787,122.2434,56.7871,60.0997,37.1158,34.6598,42.8337,27.5173,28.2452,38.1352,32.7465,28.3987,28.6538,22.4311,26.4795,32.1153,28.9794,41.7927,36.4035,115.1804,55.417,94.493,38.3867,40.3672,50.7393,75.6572,77.9065,54.9363,22.4936,22.7429,161.9729,37.2548,68.2067,22.319,14.7173,17.1508,10.5523,12.4048,21.906,50.629,7.6634,11.8875,20.7656,13.6171,14.9769,22.7215,15.9445,13.7072,19.6779,22.8786,27.6951,21.5906,14.5536,20.8058,23.8435,23.6928,26.6467,23.1579,34.0461,34.0461,22.7429,161.9729,37.2548,68.2067,22.319,14.7173,17.1508,10.5523,12.4048,21.906,50.629,7.6634,11.8875,20.7656,13.6171,14.9769,22.7215,15.9445,13.7072,19.6779,22.8786,27.6951,21.5906,14.5536,20.8058,23.8435,23.6928,26.6467,23.1579,34.0461,34.0461,34.0461,34.0461,34.0461,34.0461,34.0461
166,23.88140869140625,158.4178009033203,27.046226501464844,25.839630126953125,25.17333221435547,19.50342559814453,34.457359313964844,24.631324768066406,29.8016357421875,8.516830444335938,23.96215057373047,22.46044158935547,34.680419921875,27.321929931640625,30.79393768310547,25.039520263671875,79.19343566894531,18.306678771972656,24.238571166992188,26.333709716796875,37.071998596191406,31.467552185058594,28.512557983398438,34.48216247558594,41.49073028564453,37.54640197753906,32.415069580078125,54.73881530761719,34.708106994628906,56.90052795410156,37.956703186035156,28.50921630859375,29.473114013671875,46.555458068847656,28.14580535888672,33.417945861816406,40.93225860595703,41.60216522216797,95.29322814941406,34.51092529296875,32.94215393066406,50.91410827636719,36.446807861328125,61.26185607910156,36.29521942138672,22.867225646972656,91.23263549804688,24.488632202148438,17.3817138671875,23.32750701904297,31.766311645507812,28.7325439453125,38.01844787597656,17.118,-11.1583,29.4374,43.6049,18.4538,19.1473,70.558,52.299,16.7536,11.669,-8.4152,20.45,8.2864,14.1081,23.092,15.3933,0.367,19.9474,13.3905,17.1466,19.3198,11.5849,14.6639,29.9334,17.3307,16.5075,20.7753,-10.2326,5.9046,26.3338,16.7231,38.1721,16.1086,18.0207,23.1087,20.6757,30.5729,17.1245,29.2729,17.7156,20.6767,14.1455,15.8585,28.4791,19.6142,31.0175,41.3999,41.2564,22.4977,24.697,15.5359,21.5788,15.4532,24.6886,24.3029,15.9213,23.0737,27.0233,27.017,146.638,39.4704,65.9094,32.7945,30.6915,26.5053,20.1879,4.1684,0.8088,26.0867,20.2343,53.9686,43.9909,1.0543,18.6954,25.5966,20.5801,31.6573,28.1564,79.2347,29.0552,23.5577,80.4656,28.1266,25.0559,44.2988,56.9036,93.4737,48.6496,67.8448,23.9782,30.0262,40.3937,35.9569,16.8262,33.9126,23.625,27.1004,22.1414,22.146,26.1616,-1.7666,27.249,30.1105,26.133,23.8684,35.3926,41.4417,45.521,34.0739,32.2913,30.0967,31.2442,36.0142,50.5205,29.1268,39.9302,31.5721,31.21,36.867,124.3213,145.1966,22.3156,42.6936,27.0796,21.8421,59.341,27.5094,24.2275,24.3562,28.3915,141.1204,137.5985,29.425,26.5145,30.2087,140.1378,62.7709,26.1517,27.1144,27.5467,25.7612,25.2782,37.1099,31.5113,33.2128,215.2671,32.8512,27.6858,51.4401,94.0222,69.8273,36.7562,22.0948,39.5418,29.7778,26.7891,55.9548,46.0314,30.1516,35.2206,22.4075,25.4434,22.292,22.8055,24.5239,24.4132,32.2847,51.7024,32.1544,300.0842,45.4027,28.0305,21.8366,24.0682,31.1581,29.2383,24.898,31.0853,70.1936,78.4662,24.531,96.7699,23.3596,25.6992,22.9661,26.1117,38.4466,28.1361,27.0936,25.7595,28.2573,40.6528,29.2367,106.8155,25.9446,26.3341,22.6456,25.1003,32.6344,45.4571,32.3781,53.902,56.3445,91.9955,54.4218,40.2175,57.1025,27.1642,60.6206,29.3185,26.6789,62.3396,59.3282,172.2965,29.8501,50.0302,60.4227,94.75,40.2867,73.9905,34.2712,40.7763,36.3837,27.7843,26.4226,33.3193,51.5995,29.6333,23.124,26.5295,32.0654,31.3253,130.5793,48.137,84.7076,336.048,54.0048,32.1029,28.0433,55.7951,39.4447,28.2732,56.1546,38.5621,22.5555,21.3792,42.6181,86.9332,69.9759,42.4016,15.4425,17.6644,9.4248,19.6175,694.6577,39.942,11.1374,11.2843,101.4567,21.9472,15.9638,23.7205,18.978,17.4668,25.9206,29.9936,34.4409,20.6464,19.0226,225.5314,311.165,21.3093,27.9195,23.7041,48.1406,48.1406,21.3792,42.6181,86.9332,69.9759,42.4016,15.4425,17.6644,9.4248,19.6175,694.6577,39.942,11.1374,11.2843,101.4567,21.9472,15.9638,23.7205,18.978,17.4668,25.9206,29.9936,34.4409,20.6464,19.0226,225.5314,311.165,21.3093,27.9195,23.7041,48.1406,48.1406,48.1406,48.1406,48.1406,48.1406,48.1406
167,21.52600860595703,164.7665557861328,22.612709045410156,21.78363800048828,20.174514770507812,15.861953735351562,55.79457092285156,30.56987762451172,26.861953735351562,7.70318603515625,21.698936462402344,20.00873565673828,35.306861877441406,22.186561584472656,25.780006408691406,22.838966369628906,40.949989318847656,10.670425415039062,19.980567932128906,21.54267120361328,28.074615478515625,24.802200317382812,104.63008117675781,28.338119506835938,33.09510040283203,35.339935302734375,30.96319580078125,49.4622802734375,30.113914489746094,41.178314208984375,113.22492980957031,23.646453857421875,23.5107421875,50.08171081542969,23.337448120117188,26.720420837402344,34.532958984375,43.23295593261719,85.2371826171875,28.92821502685547,29.767868041992188,45.553436279296875,28.08161163330078,63.8203125,26.471511840820312,17.6826171875,42.12543487548828,19.514488220214844,13.542610168457031,18.26020050048828,26.425308227539062,29.013442993164062,41.838478088378906,23.5822,-6.9623,21.1896,43.5739,20.4868,27.9832,33.6984,48.3875,36.776,12.0936,6.1027,35.0751,13.3134,10.4255,19.0186,13.9177,2.7722,27.5627,17.4996,19.9165,19.7595,12.7718,14.9665,28.1612,22.4462,18.3597,19.1243,-13.0278,-11.7533,24.1466,21.3248,50.259,21.6945,30.0709,21.7245,19.3848,16.6657,33.8974,25.6028,16.5681,17.0242,16.8946,14.8811,24.5855,23.8491,29.4116,25.3974,28.3742,14.3221,22.7324,21.81,24.3343,15.5722,24.013,25.4379,18.5685,15.6837,76.7008,42.5429,34.4329,32.3376,70.25,197.8396,30.2316,26.4818,20.0461,-2.0107,12.0181,23.5835,18.4653,41.3968,20.4737,16.3445,19.3937,23.0856,17.8538,29.2861,23.4285,43.9039,22.9169,21.5324,56.0642,24.7277,39.0576,30.7186,32.9164,18.6156,30.462,48.9375,27.0117,19.8862,25.5648,34.0711,19.7403,26.3903,24.4846,24.7532,22.0191,37.1615,36.0815,18.2492,270.3164,29.2757,25.679,27.2796,31.0662,47.6059,41.0084,28.0906,34.0288,34.9929,28.4933,41.0805,27.8352,31.6061,31.3986,30.9161,31.9069,84.4473,49.5242,157.0564,23.8951,46.5737,22.9025,19.6155,52.5308,22.3762,24.8767,24.3282,35.3834,116.5693,80.3705,28.0111,159.7715,25.4469,111.6685,67.0879,26.304,26.8507,31.4322,26.7231,27.4218,54.5654,31.9166,34.3066,34.9875,30.1074,31.6898,108.833,92.973,38.8236,28.2768,28.3564,38.9294,32.0123,26.892,34.5911,285.9089,27.497,28.909,34.7853,18.1131,30.5541,23.1004,22.46,25.5263,26.3241,30.9592,26.9335,64.8601,48.5534,23.9387,22.5304,23.2709,28.8414,23.9239,30.2696,24.9837,88.5834,26.3897,30.6637,36.7983,45.6994,24.9486,26.1298,24.0433,38.2842,28.0894,25.7301,23.7763,52.539,25.9835,25.223,24.0677,25.2048,24.1185,23.1234,23.3732,63.2246,40.269,24.069,39.1386,48.0956,56.5816,46.5751,44.0545,69.951,30.4036,33.9752,29.1466,28.3919,53.6467,79.7268,143.4126,35.4244,35.6893,76.2993,100.9104,33.3629,57.388,30.0286,31.8577,35.8369,28.8466,24.2621,24.4858,74.3114,36.0827,43.3642,25.2524,23.2946,43.5035,423.5388,31.1245,74.5015,265.8118,115.8091,29.0735,25.3402,45.762,28.159,24.8362,36.2583,41.6497,22.6191,20.6477,63.4978,23.9236,82.7583,44.8231,20.3805,15.7996,10.1094,26.6346,78.1217,24.085,7.4069,18.4547,27.9446,17.4678,18.4433,84.577,17.5885,21.7618,64.1398,37.8893,30.6033,25.938,17.0167,51.1205,57.7371,30.8191,45.7935,37.0395,70.4077,70.4077,20.6477,63.4978,23.9236,82.7583,44.8231,20.3805,15.7996,10.1094,26.6346,78.1217,24.085,7.4069,18.4547,27.9446,17.4678,18.4433,84.577,17.5885,21.7618,64.1398,37.8893,30.6033,25.938,17.0167,51.1205,57.7371,30.8191,45.7935,37.0395,70.4077,70.4077,70.4077,70.4077,70.4077,70.4077,70.4077
